ISO-10303-21;
HEADER;
FILE_DESCRIPTION(('CATIA V5 STEP Exchange'),'2;1');

FILE_NAME('F:\\CAD_work\\Robot Gripper Mechanism\\v2\\hvataljka v2.stp','2026-04-11T23:01:28+00:00',('none'),('none'),'CATIA Version 5 Release 21 GA (IN-10)','CATIA V5 STEP AP203','none');

FILE_SCHEMA(('CONFIG_CONTROL_DESIGN'));

ENDSEC;
/* file written by CATIA V5R21 */
DATA;
#5=PRODUCT('hvataljka v2','','',(#2)) ;
#56=PRODUCT('poluga-1','','',(#2)) ;
#696=PRODUCT('poluga-2','','',(#2)) ;
#1066=PRODUCT('prst','','',(#2)) ;
#2695=PRODUCT('vodilica','','',(#2)) ;
#4862=PRODUCT('postolje s motorom','','',(#2)) ;
#6169=PRODUCT('navojno vreteno','','',(#2)) ;
#1=APPLICATION_CONTEXT('configuration controlled 3D design of mechanical parts and assemblies') ;
#17=PRODUCT_DEFINITION('',' ',#6,#3) ;
#19=SECURITY_CLASSIFICATION(' ',' ',#18) ;
#18=SECURITY_CLASSIFICATION_LEVEL('unclassified') ;
#63=CARTESIAN_POINT('Axis2P3D Location',(0.,0.,-2.5)) ;
#68=CARTESIAN_POINT('Axis2P3D Location',(-70.,0.,-2.5)) ;
#72=CARTESIAN_POINT('Vertex',(-72.5,3.06151588456E-016,-2.5)) ;
#74=CARTESIAN_POINT('Vertex',(-67.5,-6.12303176911E-016,-2.5)) ;
#77=CARTESIAN_POINT('Axis2P3D Location',(-70.,0.,-2.5)) ;
#87=CARTESIAN_POINT('Axis2P3D Location',(0.,0.,2.5)) ;
#92=CARTESIAN_POINT('Axis2P3D Location',(-70.,0.,2.5)) ;
#96=CARTESIAN_POINT('Vertex',(-67.5,0.,2.5)) ;
#98=CARTESIAN_POINT('Vertex',(-72.5,3.06151588456E-016,2.5)) ;
#101=CARTESIAN_POINT('Axis2P3D Location',(-70.,0.,2.5)) ;
#111=CARTESIAN_POINT('Axis2P3D Location',(-70.,0.,2.)) ;
#116=CARTESIAN_POINT('Axis2P3D Location',(-70.,0.,-1.)) ;
#120=CARTESIAN_POINT('Vertex',(-72.5,3.06151588456E-016,-1.)) ;
#122=CARTESIAN_POINT('Vertex',(-67.5,0.,-1.)) ;
#125=CARTESIAN_POINT('Line Origine',(-67.5,-6.12303176911E-016,0.)) ;
#129=CARTESIAN_POINT('Vertex',(-67.5,0.,1.)) ;
#132=CARTESIAN_POINT('Axis2P3D Location',(-70.,0.,1.)) ;
#136=CARTESIAN_POINT('Vertex',(-72.5,3.06151588456E-016,1.)) ;
#139=CARTESIAN_POINT('Line Origine',(-72.5,3.06151588456E-016,0.)) ;
#151=CARTESIAN_POINT('Axis2P3D Location',(-70.,0.,-1.)) ;
#156=CARTESIAN_POINT('Axis2P3D Location',(-70.,0.,1.)) ;
#168=CARTESIAN_POINT('Axis2P3D Location',(0.,0.,0.)) ;
#173=CARTESIAN_POINT('Line Origine',(5.,0.,0.)) ;
#177=CARTESIAN_POINT('Vertex',(5.,-1.22460635382E-015,-1.)) ;
#179=CARTESIAN_POINT('Vertex',(5.,-1.22460635382E-015,1.)) ;
#182=CARTESIAN_POINT('Axis2P3D Location',(0.,0.,-1.)) ;
#186=CARTESIAN_POINT('Vertex',(1.53075794228E-015,5.,-1.)) ;
#189=CARTESIAN_POINT('Axis2P3D Location',(0.,0.,-1.)) ;
#193=CARTESIAN_POINT('Vertex',(-5.,6.12303176911E-016,-1.)) ;
#196=CARTESIAN_POINT('Line Origine',(-5.,6.12303176911E-016,0.)) ;
#200=CARTESIAN_POINT('Vertex',(-5.,6.12303176911E-016,1.)) ;
#203=CARTESIAN_POINT('Axis2P3D Location',(0.,0.,1.)) ;
#207=CARTESIAN_POINT('Vertex',(1.53075794228E-015,5.,1.)) ;
#210=CARTESIAN_POINT('Axis2P3D Location',(0.,0.,1.)) ;
#224=CARTESIAN_POINT('Axis2P3D Location',(0.,0.,-1.)) ;
#228=CARTESIAN_POINT('Vertex',(0.,-5.,-1.)) ;
#231=CARTESIAN_POINT('Axis2P3D Location',(0.,0.,-1.)) ;
#236=CARTESIAN_POINT('Axis2P3D Location',(0.,0.,1.)) ;
#240=CARTESIAN_POINT('Vertex',(0.,-5.,1.)) ;
#243=CARTESIAN_POINT('Axis2P3D Location',(0.,0.,1.)) ;
#257=CARTESIAN_POINT('Axis2P3D Location',(0.,0.,2.)) ;
#262=CARTESIAN_POINT('Axis2P3D Location',(0.,0.,-3.)) ;
#266=CARTESIAN_POINT('Vertex',(0.,-5.,-3.)) ;
#268=CARTESIAN_POINT('Vertex',(1.53075794228E-015,5.,-3.)) ;
#271=CARTESIAN_POINT('Line Origine',(1.53075794228E-015,5.,0.)) ;
#276=CARTESIAN_POINT('Line Origine',(-9.18454765367E-016,-5.,0.)) ;
#289=CARTESIAN_POINT('Axis2P3D Location',(0.,0.,-1.)) ;
#294=CARTESIAN_POINT('Line Origine',(-35.,5.,-1.)) ;
#298=CARTESIAN_POINT('Vertex',(-70.,5.,-1.)) ;
#301=CARTESIAN_POINT('Axis2P3D Location',(-70.,0.,-1.)) ;
#305=CARTESIAN_POINT('Vertex',(-70.,-5.,-1.)) ;
#308=CARTESIAN_POINT('Line Origine',(-35.,-5.,-1.)) ;
#325=CARTESIAN_POINT('Axis2P3D Location',(0.,0.,1.)) ;
#330=CARTESIAN_POINT('Line Origine',(-35.,-5.,1.)) ;
#334=CARTESIAN_POINT('Vertex',(-70.,-5.,1.)) ;
#337=CARTESIAN_POINT('Axis2P3D Location',(-70.,0.,1.)) ;
#341=CARTESIAN_POINT('Vertex',(-70.,5.,1.)) ;
#344=CARTESIAN_POINT('Line Origine',(-35.,5.,1.)) ;
#361=CARTESIAN_POINT('Line Origine',(-9.18454765367E-016,-5.,0.)) ;
#365=CARTESIAN_POINT('Vertex',(0.,-5.,3.)) ;
#368=CARTESIAN_POINT('Line Origine',(1.53075794228E-015,5.,0.)) ;
#372=CARTESIAN_POINT('Vertex',(1.53075794228E-015,5.,3.)) ;
#375=CARTESIAN_POINT('Axis2P3D Location',(0.,0.,3.)) ;
#388=CARTESIAN_POINT('Axis2P3D Location',(0.,-5.,0.)) ;
#393=CARTESIAN_POINT('Line Origine',(-35.,-5.,-3.)) ;
#397=CARTESIAN_POINT('Vertex',(-70.,-5.,-3.)) ;
#400=CARTESIAN_POINT('Line Origine',(-70.,-5.,-2.)) ;
#412=CARTESIAN_POINT('Axis2P3D Location',(-70.,5.,0.)) ;
#417=CARTESIAN_POINT('Line Origine',(-35.,5.,-3.)) ;
#421=CARTESIAN_POINT('Vertex',(-70.,5.,-3.)) ;
#424=CARTESIAN_POINT('Line Origine',(-70.,5.,-2.)) ;
#436=CARTESIAN_POINT('Axis2P3D Location',(0.,0.,-3.)) ;
#441=CARTESIAN_POINT('Axis2P3D Location',(-70.,0.,-3.)) ;
#452=CARTESIAN_POINT('Axis2P3D Location',(-70.,0.,-3.)) ;
#456=CARTESIAN_POINT('Vertex',(-67.5,0.,-3.)) ;
#458=CARTESIAN_POINT('Vertex',(-72.5,3.06151588456E-016,-3.)) ;
#461=CARTESIAN_POINT('Axis2P3D Location',(-70.,0.,-3.)) ;
#470=CARTESIAN_POINT('Axis2P3D Location',(0.,0.,-3.)) ;
#474=CARTESIAN_POINT('Vertex',(2.5,0.,-3.)) ;
#476=CARTESIAN_POINT('Vertex',(-2.5,3.06151588456E-016,-3.)) ;
#479=CARTESIAN_POINT('Axis2P3D Location',(0.,0.,-3.)) ;
#489=CARTESIAN_POINT('Axis2P3D Location',(-70.,0.,2.)) ;
#501=CARTESIAN_POINT('Line Origine',(-70.,5.,2.)) ;
#505=CARTESIAN_POINT('Vertex',(-70.,5.,3.)) ;
#508=CARTESIAN_POINT('Line Origine',(-35.,5.,3.)) ;
#520=CARTESIAN_POINT('Line Origine',(-70.,-5.,0.)) ;
#524=CARTESIAN_POINT('Vertex',(-70.,-5.,3.)) ;
#527=CARTESIAN_POINT('Axis2P3D Location',(-70.,0.,3.)) ;
#539=CARTESIAN_POINT('Line Origine',(-35.,-5.,3.)) ;
#551=CARTESIAN_POINT('Axis2P3D Location',(0.,0.,3.)) ;
#562=CARTESIAN_POINT('Axis2P3D Location',(-70.,0.,3.)) ;
#566=CARTESIAN_POINT('Vertex',(-72.5,3.06151588456E-016,3.)) ;
#568=CARTESIAN_POINT('Vertex',(-67.5,0.,3.)) ;
#571=CARTESIAN_POINT('Axis2P3D Location',(-70.,0.,3.)) ;
#580=CARTESIAN_POINT('Axis2P3D Location',(0.,0.,3.)) ;
#584=CARTESIAN_POINT('Vertex',(-2.5,3.06151588456E-016,3.)) ;
#586=CARTESIAN_POINT('Vertex',(2.5,0.,3.)) ;
#589=CARTESIAN_POINT('Axis2P3D Location',(0.,0.,3.)) ;
#599=CARTESIAN_POINT('Line Origine',(-67.5,-6.12303176911E-016,0.)) ;
#604=CARTESIAN_POINT('Line Origine',(-72.5,3.06151588456E-016,0.)) ;
#623=CARTESIAN_POINT('Axis2P3D Location',(0.,0.,2.)) ;
#628=CARTESIAN_POINT('Line Origine',(2.5,-6.12303176911E-016,0.)) ;
#633=CARTESIAN_POINT('Line Origine',(-2.5,3.06151588456E-016,0.)) ;
#652=CARTESIAN_POINT('Line Origine',(-72.5,3.06151588456E-016,0.)) ;
#657=CARTESIAN_POINT('Line Origine',(-67.5,-6.12303176911E-016,0.)) ;
#686=CARTESIAN_POINT('NONE',(0.,0.,0.)) ;
#687=CARTESIAN_POINT('NONE',(-50.7435169197,157.72634887,23.4393501282)) ;
#703=CARTESIAN_POINT('Axis2P3D Location',(-70.,0.,0.)) ;
#708=CARTESIAN_POINT('Line Origine',(-70.,5.,0.)) ;
#712=CARTESIAN_POINT('Vertex',(-70.,5.,-1.)) ;
#714=CARTESIAN_POINT('Vertex',(-70.,5.,1.)) ;
#717=CARTESIAN_POINT('Axis2P3D Location',(-70.,0.,-1.)) ;
#721=CARTESIAN_POINT('Vertex',(-70.,-5.,-1.)) ;
#724=CARTESIAN_POINT('Line Origine',(-70.,-5.,0.)) ;
#728=CARTESIAN_POINT('Vertex',(-70.,-5.,1.)) ;
#731=CARTESIAN_POINT('Axis2P3D Location',(-70.,0.,1.)) ;
#743=CARTESIAN_POINT('Axis2P3D Location',(0.,-5.,0.)) ;
#748=CARTESIAN_POINT('Line Origine',(-35.,-5.,-1.)) ;
#752=CARTESIAN_POINT('Vertex',(0.,-5.,-1.)) ;
#755=CARTESIAN_POINT('Line Origine',(0.,-5.,0.)) ;
#759=CARTESIAN_POINT('Vertex',(0.,-5.,1.)) ;
#762=CARTESIAN_POINT('Line Origine',(-35.,-5.,1.)) ;
#774=CARTESIAN_POINT('Axis2P3D Location',(0.,0.,0.)) ;
#779=CARTESIAN_POINT('Axis2P3D Location',(0.,0.,-1.)) ;
#783=CARTESIAN_POINT('Vertex',(1.53075794228E-015,5.,-1.)) ;
#786=CARTESIAN_POINT('Line Origine',(1.53075794228E-015,5.,0.)) ;
#790=CARTESIAN_POINT('Vertex',(1.53075794228E-015,5.,1.)) ;
#793=CARTESIAN_POINT('Axis2P3D Location',(0.,0.,1.)) ;
#805=CARTESIAN_POINT('Axis2P3D Location',(-70.,5.,0.)) ;
#810=CARTESIAN_POINT('Line Origine',(-35.,5.,-1.)) ;
#815=CARTESIAN_POINT('Line Origine',(-35.,5.,1.)) ;
#827=CARTESIAN_POINT('Axis2P3D Location',(-70.,0.,0.)) ;
#832=CARTESIAN_POINT('Axis2P3D Location',(-70.,0.,1.)) ;
#836=CARTESIAN_POINT('Vertex',(-72.5,3.06151588456E-016,1.)) ;
#838=CARTESIAN_POINT('Vertex',(-67.5,0.,1.)) ;
#841=CARTESIAN_POINT('Line Origine',(-67.5,-6.12303176911E-016,0.)) ;
#845=CARTESIAN_POINT('Vertex',(-67.5,0.,-1.)) ;
#848=CARTESIAN_POINT('Axis2P3D Location',(-70.,0.,-1.)) ;
#852=CARTESIAN_POINT('Vertex',(-72.5,3.06151588456E-016,-1.)) ;
#855=CARTESIAN_POINT('Line Origine',(-72.5,3.06151588456E-016,0.)) ;
#867=CARTESIAN_POINT('Axis2P3D Location',(-70.,0.,1.)) ;
#872=CARTESIAN_POINT('Axis2P3D Location',(-70.,0.,-1.)) ;
#884=CARTESIAN_POINT('Axis2P3D Location',(0.,0.,0.)) ;
#889=CARTESIAN_POINT('Axis2P3D Location',(0.,0.,1.)) ;
#893=CARTESIAN_POINT('Vertex',(-2.5,3.06151588456E-016,1.)) ;
#895=CARTESIAN_POINT('Vertex',(2.5,0.,1.)) ;
#898=CARTESIAN_POINT('Line Origine',(2.5,-6.12303176911E-016,0.)) ;
#902=CARTESIAN_POINT('Vertex',(2.5,0.,-1.)) ;
#905=CARTESIAN_POINT('Axis2P3D Location',(0.,0.,-1.)) ;
#909=CARTESIAN_POINT('Vertex',(-2.5,3.06151588456E-016,-1.)) ;
#912=CARTESIAN_POINT('Line Origine',(-2.5,3.06151588456E-016,0.)) ;
#924=CARTESIAN_POINT('Axis2P3D Location',(0.,0.,1.)) ;
#929=CARTESIAN_POINT('Axis2P3D Location',(0.,0.,-1.)) ;
#941=CARTESIAN_POINT('Axis2P3D Location',(-50.,0.,0.)) ;
#946=CARTESIAN_POINT('Axis2P3D Location',(-50.,0.,1.)) ;
#950=CARTESIAN_POINT('Vertex',(-52.5,3.06151588456E-016,1.)) ;
#952=CARTESIAN_POINT('Vertex',(-47.5,0.,1.)) ;
#955=CARTESIAN_POINT('Line Origine',(-47.5,-6.12303176911E-016,0.)) ;
#959=CARTESIAN_POINT('Vertex',(-47.5,0.,-1.)) ;
#962=CARTESIAN_POINT('Axis2P3D Location',(-50.,0.,-1.)) ;
#966=CARTESIAN_POINT('Vertex',(-52.5,3.06151588456E-016,-1.)) ;
#969=CARTESIAN_POINT('Line Origine',(-52.5,3.06151588456E-016,0.)) ;
#981=CARTESIAN_POINT('Axis2P3D Location',(-50.,0.,1.)) ;
#986=CARTESIAN_POINT('Axis2P3D Location',(-50.,0.,-1.)) ;
#998=CARTESIAN_POINT('Axis2P3D Location',(0.,0.,-1.)) ;
#1022=CARTESIAN_POINT('Axis2P3D Location',(0.,0.,1.)) ;
#1056=CARTESIAN_POINT('NONE',(0.,0.,0.)) ;
#1057=CARTESIAN_POINT('NONE',(-0.743516921984,142.886276219,23.4393501282)) ;
#1073=CARTESIAN_POINT('Axis2P3D Location',(0.,0.,-2.5)) ;
#1078=CARTESIAN_POINT('Axis2P3D Location',(-85.,5.,-2.5)) ;
#1082=CARTESIAN_POINT('Vertex',(-87.5,5.,-2.5)) ;
#1084=CARTESIAN_POINT('Vertex',(-82.5,4.99999999999,-2.5)) ;
#1087=CARTESIAN_POINT('Axis2P3D Location',(-85.,5.,-2.5)) ;
#1097=CARTESIAN_POINT('Axis2P3D Location',(0.,0.,2.5)) ;
#1102=CARTESIAN_POINT('Axis2P3D Location',(-85.,5.,2.5)) ;
#1106=CARTESIAN_POINT('Vertex',(-82.5,5.,2.5)) ;
#1108=CARTESIAN_POINT('Vertex',(-87.5,5.,2.5)) ;
#1111=CARTESIAN_POINT('Axis2P3D Location',(-85.,5.,2.5)) ;
#1121=CARTESIAN_POINT('Axis2P3D Location',(-85.,5.,2.)) ;
#1126=CARTESIAN_POINT('Axis2P3D Location',(-85.,5.,-1.)) ;
#1130=CARTESIAN_POINT('Vertex',(-87.5,5.,-1.)) ;
#1132=CARTESIAN_POINT('Vertex',(-82.5,5.,-1.)) ;
#1135=CARTESIAN_POINT('Line Origine',(-82.5,4.99999999999,0.)) ;
#1139=CARTESIAN_POINT('Vertex',(-82.5,5.,1.)) ;
#1142=CARTESIAN_POINT('Axis2P3D Location',(-85.,5.,1.)) ;
#1146=CARTESIAN_POINT('Vertex',(-87.5,5.,1.)) ;
#1149=CARTESIAN_POINT('Line Origine',(-87.5,5.,0.)) ;
#1161=CARTESIAN_POINT('Axis2P3D Location',(-85.,5.,-1.)) ;
#1166=CARTESIAN_POINT('Axis2P3D Location',(-85.,5.,1.)) ;
#1178=CARTESIAN_POINT('Axis2P3D Location',(-85.,-25.,-2.5)) ;
#1182=CARTESIAN_POINT('Vertex',(-87.5,-25.,-2.5)) ;
#1184=CARTESIAN_POINT('Vertex',(-82.5,-25.,-2.5)) ;
#1187=CARTESIAN_POINT('Axis2P3D Location',(-85.,-25.,-2.5)) ;
#1197=CARTESIAN_POINT('Axis2P3D Location',(-85.,-25.,2.5)) ;
#1201=CARTESIAN_POINT('Vertex',(-82.5,-25.,2.5)) ;
#1203=CARTESIAN_POINT('Vertex',(-87.5,-25.,2.5)) ;
#1206=CARTESIAN_POINT('Axis2P3D Location',(-85.,-25.,2.5)) ;
#1216=CARTESIAN_POINT('Axis2P3D Location',(-85.,-25.,2.)) ;
#1221=CARTESIAN_POINT('Axis2P3D Location',(-85.,-25.,-1.)) ;
#1225=CARTESIAN_POINT('Vertex',(-87.5,-25.,-1.)) ;
#1227=CARTESIAN_POINT('Vertex',(-82.5,-25.,-1.)) ;
#1230=CARTESIAN_POINT('Line Origine',(-82.5,-25.,0.)) ;
#1234=CARTESIAN_POINT('Vertex',(-82.5,-25.,1.)) ;
#1237=CARTESIAN_POINT('Axis2P3D Location',(-85.,-25.,1.)) ;
#1241=CARTESIAN_POINT('Vertex',(-87.5,-25.,1.)) ;
#1244=CARTESIAN_POINT('Line Origine',(-87.5,-25.,0.)) ;
#1256=CARTESIAN_POINT('Axis2P3D Location',(-85.,-25.,-1.)) ;
#1261=CARTESIAN_POINT('Axis2P3D Location',(-85.,-25.,1.)) ;
#1273=CARTESIAN_POINT('Axis2P3D Location',(-85.,5.,2.)) ;
#1278=CARTESIAN_POINT('Axis2P3D Location',(-85.,5.,3.)) ;
#1282=CARTESIAN_POINT('Vertex',(-85.,10.,3.)) ;
#1284=CARTESIAN_POINT('Vertex',(-80.,5.,3.)) ;
#1287=CARTESIAN_POINT('Line Origine',(-80.,5.,2.)) ;
#1291=CARTESIAN_POINT('Vertex',(-80.,5.,1.)) ;
#1294=CARTESIAN_POINT('Axis2P3D Location',(-85.,5.,1.)) ;
#1298=CARTESIAN_POINT('Vertex',(-85.,10.,1.)) ;
#1301=CARTESIAN_POINT('Line Origine',(-85.,10.,2.)) ;
#1313=CARTESIAN_POINT('Axis2P3D Location',(0.,0.,3.)) ;
#1318=CARTESIAN_POINT('Axis2P3D Location',(-65.,-65.,3.)) ;
#1322=CARTESIAN_POINT('Vertex',(-65.,-60.,3.)) ;
#1324=CARTESIAN_POINT('Vertex',(-60.,-65.,3.)) ;
#1327=CARTESIAN_POINT('Line Origine',(-60.,-70.,3.)) ;
#1331=CARTESIAN_POINT('Vertex',(-60.,-75.,3.)) ;
#1334=CARTESIAN_POINT('Axis2P3D Location',(-55.,-75.,3.)) ;
#1338=CARTESIAN_POINT('Vertex',(-55.,-80.,3.)) ;
#1341=CARTESIAN_POINT('Axis2P3D Location',(-55.,-75.,3.)) ;
#1345=CARTESIAN_POINT('Vertex',(-50.,-75.,3.)) ;
#1348=CARTESIAN_POINT('Line Origine',(-50.,-65.,3.)) ;
#1352=CARTESIAN_POINT('Vertex',(-50.,-55.,3.)) ;
#1355=CARTESIAN_POINT('Axis2P3D Location',(-55.,-55.,3.)) ;
#1359=CARTESIAN_POINT('Vertex',(-55.,-50.,3.)) ;
#1362=CARTESIAN_POINT('Line Origine',(-65.,-50.,3.)) ;
#1366=CARTESIAN_POINT('Vertex',(-75.,-50.,3.)) ;
#1369=CARTESIAN_POINT('Axis2P3D Location',(-75.,-45.,3.)) ;
#1373=CARTESIAN_POINT('Vertex',(-80.,-45.,3.)) ;
#1376=CARTESIAN_POINT('Line Origine',(-80.,-20.,3.)) ;
#1381=CARTESIAN_POINT('Axis2P3D Location',(-85.,5.,3.)) ;
#1385=CARTESIAN_POINT('Vertex',(-90.,5.,3.)) ;
#1388=CARTESIAN_POINT('Line Origine',(-90.,-25.,3.)) ;
#1392=CARTESIAN_POINT('Vertex',(-90.,-55.,3.)) ;
#1395=CARTESIAN_POINT('Axis2P3D Location',(-85.,-55.,3.)) ;
#1399=CARTESIAN_POINT('Vertex',(-85.,-60.,3.)) ;
#1402=CARTESIAN_POINT('Line Origine',(-75.,-60.,3.)) ;
#1423=CARTESIAN_POINT('Axis2P3D Location',(-85.,5.,3.)) ;
#1427=CARTESIAN_POINT('Vertex',(-87.5,5.,3.)) ;
#1429=CARTESIAN_POINT('Vertex',(-82.5,5.,3.)) ;
#1432=CARTESIAN_POINT('Axis2P3D Location',(-85.,5.,3.)) ;
#1441=CARTESIAN_POINT('Axis2P3D Location',(-85.,-25.,3.)) ;
#1445=CARTESIAN_POINT('Vertex',(-87.5,-25.,3.)) ;
#1447=CARTESIAN_POINT('Vertex',(-82.5,-25.,3.)) ;
#1450=CARTESIAN_POINT('Axis2P3D Location',(-85.,-25.,3.)) ;
#1460=CARTESIAN_POINT('Axis2P3D Location',(-80.,-50.,0.)) ;
#1465=CARTESIAN_POINT('Line Origine',(-80.,-20.,1.)) ;
#1469=CARTESIAN_POINT('Vertex',(-80.,-45.,1.)) ;
#1472=CARTESIAN_POINT('Line Origine',(-80.,-45.,2.)) ;
#1484=CARTESIAN_POINT('Axis2P3D Location',(0.,0.,1.)) ;
#1489=CARTESIAN_POINT('Line Origine',(-75.,-60.,1.)) ;
#1493=CARTESIAN_POINT('Vertex',(-85.,-60.,1.)) ;
#1495=CARTESIAN_POINT('Vertex',(-65.,-60.,1.)) ;
#1498=CARTESIAN_POINT('Axis2P3D Location',(-85.,-55.,1.)) ;
#1502=CARTESIAN_POINT('Vertex',(-90.,-55.,1.)) ;
#1505=CARTESIAN_POINT('Line Origine',(-90.,-25.,1.)) ;
#1509=CARTESIAN_POINT('Vertex',(-90.,5.,1.)) ;
#1512=CARTESIAN_POINT('Axis2P3D Location',(-85.,5.,1.)) ;
#1517=CARTESIAN_POINT('Axis2P3D Location',(-75.,-45.,1.)) ;
#1521=CARTESIAN_POINT('Vertex',(-75.,-50.,1.)) ;
#1524=CARTESIAN_POINT('Line Origine',(-65.,-50.,1.)) ;
#1528=CARTESIAN_POINT('Vertex',(-55.,-50.,1.)) ;
#1531=CARTESIAN_POINT('Axis2P3D Location',(-55.,-55.,1.)) ;
#1535=CARTESIAN_POINT('Vertex',(-50.,-55.,1.)) ;
#1538=CARTESIAN_POINT('Line Origine',(-50.,-65.,1.)) ;
#1542=CARTESIAN_POINT('Vertex',(-50.,-75.,1.)) ;
#1545=CARTESIAN_POINT('Axis2P3D Location',(-55.,-75.,1.)) ;
#1549=CARTESIAN_POINT('Vertex',(-55.,-80.,1.)) ;
#1552=CARTESIAN_POINT('Axis2P3D Location',(-55.,-75.,1.)) ;
#1556=CARTESIAN_POINT('Vertex',(-60.,-75.,1.)) ;
#1559=CARTESIAN_POINT('Line Origine',(-60.,-70.,1.)) ;
#1563=CARTESIAN_POINT('Vertex',(-60.,-65.,1.)) ;
#1566=CARTESIAN_POINT('Axis2P3D Location',(-65.,-65.,1.)) ;
#1596=CARTESIAN_POINT('Axis2P3D Location',(-85.,5.,2.)) ;
#1601=CARTESIAN_POINT('Line Origine',(-90.,5.,2.)) ;
#1613=CARTESIAN_POINT('Axis2P3D Location',(-65.,-65.,2.)) ;
#1618=CARTESIAN_POINT('Line Origine',(-60.,-65.,2.)) ;
#1623=CARTESIAN_POINT('Line Origine',(-65.,-60.,2.)) ;
#1635=CARTESIAN_POINT('Axis2P3D Location',(-60.,-60.,0.)) ;
#1640=CARTESIAN_POINT('Line Origine',(-60.,-75.,2.)) ;
#1652=CARTESIAN_POINT('Axis2P3D Location',(-55.,-75.,2.)) ;
#1657=CARTESIAN_POINT('Line Origine',(-55.,-80.,2.)) ;
#1669=CARTESIAN_POINT('Axis2P3D Location',(-55.,-75.,2.)) ;
#1674=CARTESIAN_POINT('Line Origine',(-50.,-75.,2.)) ;
#1686=CARTESIAN_POINT('Axis2P3D Location',(-50.,-80.,0.)) ;
#1691=CARTESIAN_POINT('Line Origine',(-50.,-55.,2.)) ;
#1703=CARTESIAN_POINT('Axis2P3D Location',(-55.,-55.,2.)) ;
#1708=CARTESIAN_POINT('Line Origine',(-55.,-50.,2.)) ;
#1720=CARTESIAN_POINT('Axis2P3D Location',(-50.,-50.,0.)) ;
#1725=CARTESIAN_POINT('Line Origine',(-75.,-50.,2.)) ;
#1737=CARTESIAN_POINT('Axis2P3D Location',(-75.,-45.,2.)) ;
#1749=CARTESIAN_POINT('Axis2P3D Location',(-90.,10.,0.)) ;
#1754=CARTESIAN_POINT('Line Origine',(-90.,-55.,2.)) ;
#1766=CARTESIAN_POINT('Axis2P3D Location',(-85.,-55.,2.)) ;
#1771=CARTESIAN_POINT('Line Origine',(-85.,-60.,2.)) ;
#1783=CARTESIAN_POINT('Axis2P3D Location',(-90.,-60.,0.)) ;
#1795=CARTESIAN_POINT('Line Origine',(-87.5,5.,0.)) ;
#1800=CARTESIAN_POINT('Line Origine',(-82.5,5.,0.)) ;
#1819=CARTESIAN_POINT('Line Origine',(-87.5,-25.,0.)) ;
#1824=CARTESIAN_POINT('Line Origine',(-82.5,-25.,0.)) ;
#1843=CARTESIAN_POINT('Axis2P3D Location',(-85.,5.,-2.)) ;
#1848=CARTESIAN_POINT('Axis2P3D Location',(-85.,5.,-3.)) ;
#1852=CARTESIAN_POINT('Vertex',(-80.,5.,-3.)) ;
#1854=CARTESIAN_POINT('Vertex',(-85.,10.,-3.)) ;
#1857=CARTESIAN_POINT('Line Origine',(-85.,10.,-2.)) ;
#1861=CARTESIAN_POINT('Vertex',(-85.,10.,-1.)) ;
#1864=CARTESIAN_POINT('Axis2P3D Location',(-85.,5.,-1.)) ;
#1868=CARTESIAN_POINT('Vertex',(-80.,5.,-1.)) ;
#1871=CARTESIAN_POINT('Line Origine',(-80.,5.,-2.)) ;
#1883=CARTESIAN_POINT('Axis2P3D Location',(0.,0.,-3.)) ;
#1888=CARTESIAN_POINT('Line Origine',(-75.,-60.,-3.)) ;
#1892=CARTESIAN_POINT('Vertex',(-85.,-60.,-3.)) ;
#1894=CARTESIAN_POINT('Vertex',(-65.,-60.,-3.)) ;
#1897=CARTESIAN_POINT('Axis2P3D Location',(-85.,-55.,-3.)) ;
#1901=CARTESIAN_POINT('Vertex',(-90.,-55.,-3.)) ;
#1904=CARTESIAN_POINT('Line Origine',(-90.,-25.,-3.)) ;
#1908=CARTESIAN_POINT('Vertex',(-90.,5.,-3.)) ;
#1911=CARTESIAN_POINT('Axis2P3D Location',(-85.,5.,-3.)) ;
#1916=CARTESIAN_POINT('Line Origine',(-80.,-20.,-3.)) ;
#1920=CARTESIAN_POINT('Vertex',(-80.,-45.,-3.)) ;
#1923=CARTESIAN_POINT('Axis2P3D Location',(-75.,-45.,-3.)) ;
#1927=CARTESIAN_POINT('Vertex',(-75.,-50.,-3.)) ;
#1930=CARTESIAN_POINT('Line Origine',(-65.,-50.,-3.)) ;
#1934=CARTESIAN_POINT('Vertex',(-55.,-50.,-3.)) ;
#1937=CARTESIAN_POINT('Axis2P3D Location',(-55.,-55.,-3.)) ;
#1941=CARTESIAN_POINT('Vertex',(-50.,-55.,-3.)) ;
#1944=CARTESIAN_POINT('Line Origine',(-50.,-65.,-3.)) ;
#1948=CARTESIAN_POINT('Vertex',(-50.,-75.,-3.)) ;
#1951=CARTESIAN_POINT('Axis2P3D Location',(-55.,-75.,-3.)) ;
#1955=CARTESIAN_POINT('Vertex',(-55.,-80.,-3.)) ;
#1958=CARTESIAN_POINT('Axis2P3D Location',(-55.,-75.,-3.)) ;
#1962=CARTESIAN_POINT('Vertex',(-60.,-75.,-3.)) ;
#1965=CARTESIAN_POINT('Line Origine',(-60.,-70.,-3.)) ;
#1969=CARTESIAN_POINT('Vertex',(-60.,-65.,-3.)) ;
#1972=CARTESIAN_POINT('Axis2P3D Location',(-65.,-65.,-3.)) ;
#1993=CARTESIAN_POINT('Axis2P3D Location',(-85.,5.,-3.)) ;
#1997=CARTESIAN_POINT('Vertex',(-82.5,5.,-3.)) ;
#1999=CARTESIAN_POINT('Vertex',(-87.5,5.,-3.)) ;
#2002=CARTESIAN_POINT('Axis2P3D Location',(-85.,5.,-3.)) ;
#2011=CARTESIAN_POINT('Axis2P3D Location',(-85.,-25.,-3.)) ;
#2015=CARTESIAN_POINT('Vertex',(-82.5,-25.,-3.)) ;
#2017=CARTESIAN_POINT('Vertex',(-87.5,-25.,-3.)) ;
#2020=CARTESIAN_POINT('Axis2P3D Location',(-85.,-25.,-3.)) ;
#2030=CARTESIAN_POINT('Axis2P3D Location',(-85.,5.,-2.)) ;
#2035=CARTESIAN_POINT('Line Origine',(-90.,5.,-2.)) ;
#2039=CARTESIAN_POINT('Vertex',(-90.,5.,-1.)) ;
#2042=CARTESIAN_POINT('Axis2P3D Location',(-85.,5.,-1.)) ;
#2054=CARTESIAN_POINT('Axis2P3D Location',(0.,0.,-1.)) ;
#2059=CARTESIAN_POINT('Axis2P3D Location',(-65.,-65.,-1.)) ;
#2063=CARTESIAN_POINT('Vertex',(-65.,-60.,-1.)) ;
#2065=CARTESIAN_POINT('Vertex',(-60.,-65.,-1.)) ;
#2068=CARTESIAN_POINT('Line Origine',(-60.,-70.,-1.)) ;
#2072=CARTESIAN_POINT('Vertex',(-60.,-75.,-1.)) ;
#2075=CARTESIAN_POINT('Axis2P3D Location',(-55.,-75.,-1.)) ;
#2079=CARTESIAN_POINT('Vertex',(-55.,-80.,-1.)) ;
#2082=CARTESIAN_POINT('Axis2P3D Location',(-55.,-75.,-1.)) ;
#2086=CARTESIAN_POINT('Vertex',(-50.,-75.,-1.)) ;
#2089=CARTESIAN_POINT('Line Origine',(-50.,-65.,-1.)) ;
#2093=CARTESIAN_POINT('Vertex',(-50.,-55.,-1.)) ;
#2096=CARTESIAN_POINT('Axis2P3D Location',(-55.,-55.,-1.)) ;
#2100=CARTESIAN_POINT('Vertex',(-55.,-50.,-1.)) ;
#2103=CARTESIAN_POINT('Line Origine',(-65.,-50.,-1.)) ;
#2107=CARTESIAN_POINT('Vertex',(-75.,-50.,-1.)) ;
#2110=CARTESIAN_POINT('Axis2P3D Location',(-75.,-45.,-1.)) ;
#2114=CARTESIAN_POINT('Vertex',(-80.,-45.,-1.)) ;
#2117=CARTESIAN_POINT('Line Origine',(-80.,-20.,-1.)) ;
#2122=CARTESIAN_POINT('Line Origine',(-90.,-25.,-1.)) ;
#2126=CARTESIAN_POINT('Vertex',(-90.,-55.,-1.)) ;
#2129=CARTESIAN_POINT('Axis2P3D Location',(-85.,-55.,-1.)) ;
#2133=CARTESIAN_POINT('Vertex',(-85.,-60.,-1.)) ;
#2136=CARTESIAN_POINT('Line Origine',(-75.,-60.,-1.)) ;
#2166=CARTESIAN_POINT('Line Origine',(-80.,-45.,-2.)) ;
#2178=CARTESIAN_POINT('Axis2P3D Location',(-65.,-65.,-2.)) ;
#2183=CARTESIAN_POINT('Line Origine',(-65.,-60.,-2.)) ;
#2188=CARTESIAN_POINT('Line Origine',(-60.,-65.,-2.)) ;
#2200=CARTESIAN_POINT('Line Origine',(-60.,-75.,-2.)) ;
#2212=CARTESIAN_POINT('Axis2P3D Location',(-55.,-75.,-2.)) ;
#2217=CARTESIAN_POINT('Line Origine',(-55.,-80.,-2.)) ;
#2229=CARTESIAN_POINT('Axis2P3D Location',(-55.,-75.,-2.)) ;
#2234=CARTESIAN_POINT('Line Origine',(-50.,-75.,-2.)) ;
#2246=CARTESIAN_POINT('Line Origine',(-50.,-55.,-2.)) ;
#2258=CARTESIAN_POINT('Axis2P3D Location',(-55.,-55.,-2.)) ;
#2263=CARTESIAN_POINT('Line Origine',(-55.,-50.,-2.)) ;
#2275=CARTESIAN_POINT('Line Origine',(-75.,-50.,-2.)) ;
#2287=CARTESIAN_POINT('Axis2P3D Location',(-75.,-45.,-2.)) ;
#2299=CARTESIAN_POINT('Line Origine',(-90.,-55.,-2.)) ;
#2311=CARTESIAN_POINT('Axis2P3D Location',(-85.,-55.,-2.)) ;
#2316=CARTESIAN_POINT('Line Origine',(-85.,-60.,-2.)) ;
#2335=CARTESIAN_POINT('Line Origine',(-82.5,5.,0.)) ;
#2340=CARTESIAN_POINT('Line Origine',(-87.5,5.,0.)) ;
#2359=CARTESIAN_POINT('Line Origine',(-82.5,-25.,0.)) ;
#2364=CARTESIAN_POINT('Line Origine',(-87.5,-25.,0.)) ;
#2387=CARTESIAN_POINT('Axis2P3D Location',(-50.,-55.,0.)) ;
#2392=CARTESIAN_POINT('Line Origine',(-50.,-45.,-8.881784197E-016)) ;
#2396=CARTESIAN_POINT('Vertex',(-50.,-45.,-6.)) ;
#2398=CARTESIAN_POINT('Vertex',(-50.,-45.,6.)) ;
#2401=CARTESIAN_POINT('Line Origine',(-50.,-65.,-6.)) ;
#2405=CARTESIAN_POINT('Vertex',(-50.,-85.,-6.)) ;
#2408=CARTESIAN_POINT('Line Origine',(-50.,-85.,6.2172489379E-015)) ;
#2412=CARTESIAN_POINT('Vertex',(-50.,-85.,6.)) ;
#2415=CARTESIAN_POINT('Line Origine',(-50.,-65.,6.)) ;
#2426=CARTESIAN_POINT('Line Origine',(-50.,-65.,-1.)) ;
#2430=CARTESIAN_POINT('Vertex',(-50.,-75.,-1.)) ;
#2432=CARTESIAN_POINT('Vertex',(-50.,-55.,-1.)) ;
#2435=CARTESIAN_POINT('Line Origine',(-50.,-55.,0.)) ;
#2439=CARTESIAN_POINT('Vertex',(-50.,-55.,1.)) ;
#2442=CARTESIAN_POINT('Line Origine',(-50.,-65.,1.)) ;
#2446=CARTESIAN_POINT('Vertex',(-50.,-75.,1.)) ;
#2449=CARTESIAN_POINT('Line Origine',(-50.,-75.,0.)) ;
#2461=CARTESIAN_POINT('Axis2P3D Location',(-46.,0.,0.)) ;
#2466=CARTESIAN_POINT('Line Origine',(-46.,-65.,6.)) ;
#2470=CARTESIAN_POINT('Vertex',(-46.,-45.,6.)) ;
#2472=CARTESIAN_POINT('Vertex',(-46.,-85.,6.)) ;
#2475=CARTESIAN_POINT('Line Origine',(-46.,-85.,6.2172489379E-015)) ;
#2479=CARTESIAN_POINT('Vertex',(-46.,-85.,-6.)) ;
#2482=CARTESIAN_POINT('Line Origine',(-46.,-65.,-6.)) ;
#2486=CARTESIAN_POINT('Vertex',(-46.,-45.,-6.)) ;
#2489=CARTESIAN_POINT('Line Origine',(-46.,-45.,-8.881784197E-016)) ;
#2501=CARTESIAN_POINT('Axis2P3D Location',(-50.,-45.,6.)) ;
#2506=CARTESIAN_POINT('Line Origine',(-48.,-45.,-6.)) ;
#2511=CARTESIAN_POINT('Line Origine',(-48.,-45.,6.)) ;
#2523=CARTESIAN_POINT('Axis2P3D Location',(-50.,-45.,-6.)) ;
#2528=CARTESIAN_POINT('Line Origine',(-48.,-85.,-6.)) ;
#2540=CARTESIAN_POINT('Axis2P3D Location',(-50.,-85.,-6.)) ;
#2545=CARTESIAN_POINT('Line Origine',(-48.,-85.,6.)) ;
#2557=CARTESIAN_POINT('Axis2P3D Location',(-50.,-85.,6.)) ;
#2569=CARTESIAN_POINT('Axis2P3D Location',(-55.,-55.,0.)) ;
#2574=CARTESIAN_POINT('Axis2P3D Location',(-55.,-55.,-1.)) ;
#2578=CARTESIAN_POINT('Vertex',(-60.,-55.,-1.)) ;
#2581=CARTESIAN_POINT('Line Origine',(-60.,-55.,0.)) ;
#2585=CARTESIAN_POINT('Vertex',(-60.,-55.,1.)) ;
#2588=CARTESIAN_POINT('Axis2P3D Location',(-55.,-55.,1.)) ;
#2600=CARTESIAN_POINT('Axis2P3D Location',(0.,0.,-1.)) ;
#2605=CARTESIAN_POINT('Axis2P3D Location',(-55.,-75.,-1.)) ;
#2609=CARTESIAN_POINT('Vertex',(-60.,-75.,-1.)) ;
#2612=CARTESIAN_POINT('Line Origine',(-60.,-65.,-1.)) ;
#2624=CARTESIAN_POINT('Axis2P3D Location',(-60.,-75.,0.)) ;
#2629=CARTESIAN_POINT('Line Origine',(-60.,-75.,0.)) ;
#2633=CARTESIAN_POINT('Vertex',(-60.,-75.,1.)) ;
#2636=CARTESIAN_POINT('Line Origine',(-60.,-65.,1.)) ;
#2648=CARTESIAN_POINT('Axis2P3D Location',(0.,0.,1.)) ;
#2653=CARTESIAN_POINT('Axis2P3D Location',(-55.,-75.,1.)) ;
#2665=CARTESIAN_POINT('Axis2P3D Location',(-55.,-75.,0.)) ;
#2685=CARTESIAN_POINT('NONE',(0.,0.,0.)) ;
#2686=CARTESIAN_POINT('NONE',(60.256483083,72.1291473263,23.4393501282)) ;
#2702=CARTESIAN_POINT('Axis2P3D Location',(0.,0.,-2.5)) ;
#2707=CARTESIAN_POINT('Axis2P3D Location',(-15.,15.,-2.5)) ;
#2711=CARTESIAN_POINT('Vertex',(-12.5,15.,-2.5)) ;
#2713=CARTESIAN_POINT('Vertex',(-17.5,15.,-2.5)) ;
#2716=CARTESIAN_POINT('Axis2P3D Location',(-15.,15.,-2.5)) ;
#2726=CARTESIAN_POINT('Axis2P3D Location',(0.,0.,2.5)) ;
#2731=CARTESIAN_POINT('Axis2P3D Location',(-15.,15.,2.5)) ;
#2735=CARTESIAN_POINT('Vertex',(-17.5,15.,2.5)) ;
#2737=CARTESIAN_POINT('Vertex',(-12.5,15.,2.5)) ;
#2740=CARTESIAN_POINT('Axis2P3D Location',(-15.,15.,2.5)) ;
#2750=CARTESIAN_POINT('Axis2P3D Location',(-15.,15.,0.)) ;
#2755=CARTESIAN_POINT('Axis2P3D Location',(-15.,15.,-1.)) ;
#2759=CARTESIAN_POINT('Vertex',(-12.5,15.,-1.)) ;
#2761=CARTESIAN_POINT('Vertex',(-17.5,15.,-1.)) ;
#2764=CARTESIAN_POINT('Line Origine',(-17.5,15.,0.)) ;
#2768=CARTESIAN_POINT('Vertex',(-17.5,15.,1.)) ;
#2771=CARTESIAN_POINT('Axis2P3D Location',(-15.,15.,1.)) ;
#2775=CARTESIAN_POINT('Vertex',(-12.5,15.,1.)) ;
#2778=CARTESIAN_POINT('Line Origine',(-12.5,15.,0.)) ;
#2790=CARTESIAN_POINT('Axis2P3D Location',(-15.,15.,-1.)) ;
#2795=CARTESIAN_POINT('Axis2P3D Location',(-15.,15.,1.)) ;
#2807=CARTESIAN_POINT('Axis2P3D Location',(15.,-15.,-2.5)) ;
#2811=CARTESIAN_POINT('Vertex',(17.5,-15.,-2.5)) ;
#2813=CARTESIAN_POINT('Vertex',(12.5,-15.,-2.5)) ;
#2816=CARTESIAN_POINT('Axis2P3D Location',(15.,-15.,-2.5)) ;
#2826=CARTESIAN_POINT('Axis2P3D Location',(15.,-15.,2.5)) ;
#2830=CARTESIAN_POINT('Vertex',(12.5,-15.,2.5)) ;
#2832=CARTESIAN_POINT('Vertex',(17.5,-15.,2.5)) ;
#2835=CARTESIAN_POINT('Axis2P3D Location',(15.,-15.,2.5)) ;
#2845=CARTESIAN_POINT('Axis2P3D Location',(15.,-15.,2.)) ;
#2850=CARTESIAN_POINT('Axis2P3D Location',(15.,-15.,-1.)) ;
#2854=CARTESIAN_POINT('Vertex',(17.5,-15.,-1.)) ;
#2856=CARTESIAN_POINT('Vertex',(12.5,-15.,-1.)) ;
#2859=CARTESIAN_POINT('Line Origine',(12.5,-15.,18.)) ;
#2863=CARTESIAN_POINT('Vertex',(12.5,-15.,1.)) ;
#2866=CARTESIAN_POINT('Axis2P3D Location',(15.,-15.,1.)) ;
#2870=CARTESIAN_POINT('Vertex',(17.5,-15.,1.)) ;
#2873=CARTESIAN_POINT('Line Origine',(17.5,-15.,18.)) ;
#2885=CARTESIAN_POINT('Axis2P3D Location',(15.,-15.,-1.)) ;
#2890=CARTESIAN_POINT('Axis2P3D Location',(15.,-15.,1.)) ;
#2902=CARTESIAN_POINT('Axis2P3D Location',(15.,15.,-2.5)) ;
#2906=CARTESIAN_POINT('Vertex',(17.5,15.,-2.5)) ;
#2908=CARTESIAN_POINT('Vertex',(12.5,15.,-2.5)) ;
#2911=CARTESIAN_POINT('Axis2P3D Location',(15.,15.,-2.5)) ;
#2921=CARTESIAN_POINT('Axis2P3D Location',(15.,15.,2.5)) ;
#2925=CARTESIAN_POINT('Vertex',(12.5,15.,2.5)) ;
#2927=CARTESIAN_POINT('Vertex',(17.5,15.,2.5)) ;
#2930=CARTESIAN_POINT('Axis2P3D Location',(15.,15.,2.5)) ;
#2940=CARTESIAN_POINT('Axis2P3D Location',(15.,15.,2.)) ;
#2945=CARTESIAN_POINT('Axis2P3D Location',(15.,15.,-1.)) ;
#2949=CARTESIAN_POINT('Vertex',(17.5,15.,-1.)) ;
#2951=CARTESIAN_POINT('Vertex',(12.5,15.,-1.)) ;
#2954=CARTESIAN_POINT('Line Origine',(12.5,15.,18.)) ;
#2958=CARTESIAN_POINT('Vertex',(12.5,15.,1.)) ;
#2961=CARTESIAN_POINT('Axis2P3D Location',(15.,15.,1.)) ;
#2965=CARTESIAN_POINT('Vertex',(17.5,15.,1.)) ;
#2968=CARTESIAN_POINT('Line Origine',(17.5,15.,18.)) ;
#2980=CARTESIAN_POINT('Axis2P3D Location',(15.,15.,-1.)) ;
#2985=CARTESIAN_POINT('Axis2P3D Location',(15.,15.,1.)) ;
#2997=CARTESIAN_POINT('Axis2P3D Location',(-15.,-15.,-2.5)) ;
#3001=CARTESIAN_POINT('Vertex',(-12.5,-15.,-2.5)) ;
#3003=CARTESIAN_POINT('Vertex',(-17.5,-15.,-2.5)) ;
#3006=CARTESIAN_POINT('Axis2P3D Location',(-15.,-15.,-2.5)) ;
#3016=CARTESIAN_POINT('Axis2P3D Location',(-15.,-15.,2.5)) ;
#3020=CARTESIAN_POINT('Vertex',(-17.5,-15.,2.5)) ;
#3022=CARTESIAN_POINT('Vertex',(-12.5,-15.,2.5)) ;
#3025=CARTESIAN_POINT('Axis2P3D Location',(-15.,-15.,2.5)) ;
#3035=CARTESIAN_POINT('Axis2P3D Location',(-15.,-15.,0.)) ;
#3040=CARTESIAN_POINT('Axis2P3D Location',(-15.,-15.,-1.)) ;
#3044=CARTESIAN_POINT('Vertex',(-12.5,-15.,-1.)) ;
#3046=CARTESIAN_POINT('Vertex',(-17.5,-15.,-1.)) ;
#3049=CARTESIAN_POINT('Line Origine',(-17.5,-15.,0.)) ;
#3053=CARTESIAN_POINT('Vertex',(-17.5,-15.,1.)) ;
#3056=CARTESIAN_POINT('Axis2P3D Location',(-15.,-15.,1.)) ;
#3060=CARTESIAN_POINT('Vertex',(-12.5,-15.,1.)) ;
#3063=CARTESIAN_POINT('Line Origine',(-12.5,-15.,0.)) ;
#3075=CARTESIAN_POINT('Axis2P3D Location',(-15.,-15.,-1.)) ;
#3080=CARTESIAN_POINT('Axis2P3D Location',(-15.,-15.,1.)) ;
#3092=CARTESIAN_POINT('Axis2P3D Location',(0.,-19.9,0.)) ;
#3097=CARTESIAN_POINT('Line Origine',(-3.79422820633,-3.5527136788E-015,2.07279631616)) ;
#3101=CARTESIAN_POINT('Vertex',(-3.79422820633,20.,2.07279631616)) ;
#3103=CARTESIAN_POINT('Vertex',(-3.79422820633,-20.,2.07279631616)) ;
#3106=CARTESIAN_POINT('Axis2P3D Location',(0.,20.,0.)) ;
#3110=CARTESIAN_POINT('Vertex',(3.79422820633,20.,-2.07279631616)) ;
#3113=CARTESIAN_POINT('Line Origine',(3.79422820633,-3.5527136788E-015,-2.07279631616)) ;
#3117=CARTESIAN_POINT('Vertex',(3.79422820633,-20.,-2.07279631616)) ;
#3120=CARTESIAN_POINT('Axis2P3D Location',(0.,-20.,0.)) ;
#3132=CARTESIAN_POINT('Axis2P3D Location',(0.,-20.,0.)) ;
#3137=CARTESIAN_POINT('Line Origine',(-2.5,-20.,-10.3412291828)) ;
#3141=CARTESIAN_POINT('Vertex',(-2.5,-20.,-9.68245836552)) ;
#3143=CARTESIAN_POINT('Vertex',(-2.5,-20.,-11.)) ;
#3146=CARTESIAN_POINT('Line Origine',(-3.75,-20.,-11.)) ;
#3150=CARTESIAN_POINT('Vertex',(-5.,-20.,-11.)) ;
#3153=CARTESIAN_POINT('Line Origine',(-5.,-20.,-12.)) ;
#3157=CARTESIAN_POINT('Vertex',(-5.,-20.,-13.)) ;
#3160=CARTESIAN_POINT('Line Origine',(-3.75,-20.,-13.)) ;
#3164=CARTESIAN_POINT('Vertex',(-2.5,-20.,-13.)) ;
#3167=CARTESIAN_POINT('Line Origine',(-2.5,-20.,-14.)) ;
#3171=CARTESIAN_POINT('Vertex',(-2.5,-20.,-15.)) ;
#3174=CARTESIAN_POINT('Line Origine',(-3.75,-20.,-15.)) ;
#3178=CARTESIAN_POINT('Vertex',(-5.,-20.,-15.)) ;
#3181=CARTESIAN_POINT('Line Origine',(-5.,-20.,-16.)) ;
#3185=CARTESIAN_POINT('Vertex',(-5.,-20.,-17.)) ;
#3188=CARTESIAN_POINT('Line Origine',(6.2172489379E-015,-20.,-17.)) ;
#3192=CARTESIAN_POINT('Vertex',(5.,-20.,-17.)) ;
#3195=CARTESIAN_POINT('Line Origine',(5.,-20.,-16.)) ;
#3199=CARTESIAN_POINT('Vertex',(5.,-20.,-15.)) ;
#3202=CARTESIAN_POINT('Line Origine',(3.75,-20.,-15.)) ;
#3206=CARTESIAN_POINT('Vertex',(2.5,-20.,-15.)) ;
#3209=CARTESIAN_POINT('Line Origine',(2.5,-20.,-14.)) ;
#3213=CARTESIAN_POINT('Vertex',(2.5,-20.,-13.)) ;
#3216=CARTESIAN_POINT('Line Origine',(3.75,-20.,-13.)) ;
#3220=CARTESIAN_POINT('Vertex',(5.,-20.,-13.)) ;
#3223=CARTESIAN_POINT('Line Origine',(5.,-20.,-12.)) ;
#3227=CARTESIAN_POINT('Vertex',(5.,-20.,-11.)) ;
#3230=CARTESIAN_POINT('Line Origine',(3.75,-20.,-11.)) ;
#3234=CARTESIAN_POINT('Vertex',(2.5,-20.,-11.)) ;
#3237=CARTESIAN_POINT('Line Origine',(2.5,-20.,-10.3412291828)) ;
#3241=CARTESIAN_POINT('Vertex',(2.5,-20.,-9.68245836552)) ;
#3244=CARTESIAN_POINT('Axis2P3D Location',(0.,-20.,0.)) ;
#3248=CARTESIAN_POINT('Vertex',(9.53939201417,-20.,-3.)) ;
#3251=CARTESIAN_POINT('Line Origine',(12.2696960071,-20.,-3.)) ;
#3255=CARTESIAN_POINT('Vertex',(15.,-20.,-3.)) ;
#3258=CARTESIAN_POINT('Line Origine',(15.,-20.,-2.)) ;
#3262=CARTESIAN_POINT('Vertex',(15.,-20.,-1.)) ;
#3265=CARTESIAN_POINT('Line Origine',(12.4749371855,-20.,-1.)) ;
#3269=CARTESIAN_POINT('Vertex',(9.94987437107,-20.,-1.)) ;
#3272=CARTESIAN_POINT('Axis2P3D Location',(0.,-20.,0.)) ;
#3276=CARTESIAN_POINT('Vertex',(10.,-20.,1.22460635382E-015)) ;
#3279=CARTESIAN_POINT('Axis2P3D Location',(0.,-20.,0.)) ;
#3283=CARTESIAN_POINT('Vertex',(9.94987437107,-20.,1.)) ;
#3286=CARTESIAN_POINT('Line Origine',(12.4749371855,-20.,1.)) ;
#3290=CARTESIAN_POINT('Vertex',(15.,-20.,1.)) ;
#3293=CARTESIAN_POINT('Line Origine',(15.,-20.,2.)) ;
#3297=CARTESIAN_POINT('Vertex',(15.,-20.,3.)) ;
#3300=CARTESIAN_POINT('Line Origine',(12.2696960071,-20.,3.)) ;
#3304=CARTESIAN_POINT('Vertex',(9.53939201417,-20.,3.)) ;
#3307=CARTESIAN_POINT('Axis2P3D Location',(0.,-20.,0.)) ;
#3311=CARTESIAN_POINT('Vertex',(-9.53939201417,-20.,3.)) ;
#3314=CARTESIAN_POINT('Line Origine',(-12.2696960071,-20.,3.)) ;
#3318=CARTESIAN_POINT('Vertex',(-15.,-20.,3.)) ;
#3321=CARTESIAN_POINT('Line Origine',(-15.,-20.,2.)) ;
#3325=CARTESIAN_POINT('Vertex',(-15.,-20.,1.)) ;
#3328=CARTESIAN_POINT('Line Origine',(-12.4749371855,-20.,1.)) ;
#3332=CARTESIAN_POINT('Vertex',(-9.94987437107,-20.,1.)) ;
#3335=CARTESIAN_POINT('Axis2P3D Location',(0.,-20.,0.)) ;
#3339=CARTESIAN_POINT('Vertex',(-10.,-20.,0.)) ;
#3342=CARTESIAN_POINT('Axis2P3D Location',(0.,-20.,0.)) ;
#3346=CARTESIAN_POINT('Vertex',(-9.94987437107,-20.,-1.)) ;
#3349=CARTESIAN_POINT('Line Origine',(-12.4749371855,-20.,-1.)) ;
#3353=CARTESIAN_POINT('Vertex',(-15.,-20.,-1.)) ;
#3356=CARTESIAN_POINT('Line Origine',(-15.,-20.,-2.)) ;
#3360=CARTESIAN_POINT('Vertex',(-15.,-20.,-3.)) ;
#3363=CARTESIAN_POINT('Line Origine',(-12.2696960071,-20.,-3.)) ;
#3367=CARTESIAN_POINT('Vertex',(-9.53939201417,-20.,-3.)) ;
#3370=CARTESIAN_POINT('Axis2P3D Location',(0.,-20.,0.)) ;
#3411=CARTESIAN_POINT('Axis2P3D Location',(-1.11022302463E-016,-20.,-8.881784197E-016)) ;
#3421=CARTESIAN_POINT('Axis2P3D Location',(0.,20.,0.)) ;
#3433=CARTESIAN_POINT('Axis2P3D Location',(0.,20.,0.)) ;
#3438=CARTESIAN_POINT('Axis2P3D Location',(0.,20.,0.)) ;
#3442=CARTESIAN_POINT('Vertex',(-2.5,20.,-9.68245836552)) ;
#3444=CARTESIAN_POINT('Vertex',(-9.53939201417,20.,-3.)) ;
#3447=CARTESIAN_POINT('Line Origine',(-12.2696960071,20.,-3.)) ;
#3451=CARTESIAN_POINT('Vertex',(-15.,20.,-3.)) ;
#3454=CARTESIAN_POINT('Line Origine',(-15.,20.,-2.)) ;
#3458=CARTESIAN_POINT('Vertex',(-15.,20.,-1.)) ;
#3461=CARTESIAN_POINT('Line Origine',(-12.4749371855,20.,-1.)) ;
#3465=CARTESIAN_POINT('Vertex',(-9.94987437107,20.,-1.)) ;
#3468=CARTESIAN_POINT('Axis2P3D Location',(0.,20.,0.)) ;
#3472=CARTESIAN_POINT('Vertex',(-10.,20.,0.)) ;
#3475=CARTESIAN_POINT('Axis2P3D Location',(0.,20.,0.)) ;
#3479=CARTESIAN_POINT('Vertex',(-9.94987437107,20.,1.)) ;
#3482=CARTESIAN_POINT('Line Origine',(-12.4749371855,20.,1.)) ;
#3486=CARTESIAN_POINT('Vertex',(-15.,20.,1.)) ;
#3489=CARTESIAN_POINT('Line Origine',(-15.,20.,2.)) ;
#3493=CARTESIAN_POINT('Vertex',(-15.,20.,3.)) ;
#3496=CARTESIAN_POINT('Line Origine',(-12.2696960071,20.,3.)) ;
#3500=CARTESIAN_POINT('Vertex',(-9.53939201417,20.,3.)) ;
#3503=CARTESIAN_POINT('Axis2P3D Location',(0.,20.,0.)) ;
#3507=CARTESIAN_POINT('Vertex',(9.53939201417,20.,3.)) ;
#3510=CARTESIAN_POINT('Line Origine',(12.2696960071,20.,3.)) ;
#3514=CARTESIAN_POINT('Vertex',(15.,20.,3.)) ;
#3517=CARTESIAN_POINT('Line Origine',(15.,20.,2.)) ;
#3521=CARTESIAN_POINT('Vertex',(15.,20.,1.)) ;
#3524=CARTESIAN_POINT('Line Origine',(12.4749371855,20.,1.)) ;
#3528=CARTESIAN_POINT('Vertex',(9.94987437107,20.,1.)) ;
#3531=CARTESIAN_POINT('Axis2P3D Location',(0.,20.,0.)) ;
#3535=CARTESIAN_POINT('Vertex',(10.,20.,1.22460635382E-015)) ;
#3538=CARTESIAN_POINT('Axis2P3D Location',(0.,20.,0.)) ;
#3542=CARTESIAN_POINT('Vertex',(9.94987437107,20.,-1.)) ;
#3545=CARTESIAN_POINT('Line Origine',(12.4749371855,20.,-1.)) ;
#3549=CARTESIAN_POINT('Vertex',(15.,20.,-1.)) ;
#3552=CARTESIAN_POINT('Line Origine',(15.,20.,-2.)) ;
#3556=CARTESIAN_POINT('Vertex',(15.,20.,-3.)) ;
#3559=CARTESIAN_POINT('Line Origine',(12.2696960071,20.,-3.)) ;
#3563=CARTESIAN_POINT('Vertex',(9.53939201417,20.,-3.)) ;
#3566=CARTESIAN_POINT('Axis2P3D Location',(0.,20.,0.)) ;
#3570=CARTESIAN_POINT('Vertex',(2.5,20.,-9.68245836552)) ;
#3573=CARTESIAN_POINT('Line Origine',(2.5,20.,-10.3412291828)) ;
#3577=CARTESIAN_POINT('Vertex',(2.5,20.,-11.)) ;
#3580=CARTESIAN_POINT('Line Origine',(3.75,20.,-11.)) ;
#3584=CARTESIAN_POINT('Vertex',(5.,20.,-11.)) ;
#3587=CARTESIAN_POINT('Line Origine',(5.,20.,-12.)) ;
#3591=CARTESIAN_POINT('Vertex',(5.,20.,-13.)) ;
#3594=CARTESIAN_POINT('Line Origine',(3.75,20.,-13.)) ;
#3598=CARTESIAN_POINT('Vertex',(2.5,20.,-13.)) ;
#3601=CARTESIAN_POINT('Line Origine',(2.5,20.,-14.)) ;
#3605=CARTESIAN_POINT('Vertex',(2.5,20.,-15.)) ;
#3608=CARTESIAN_POINT('Line Origine',(3.75,20.,-15.)) ;
#3612=CARTESIAN_POINT('Vertex',(5.,20.,-15.)) ;
#3615=CARTESIAN_POINT('Line Origine',(5.,20.,-16.)) ;
#3619=CARTESIAN_POINT('Vertex',(5.,20.,-17.)) ;
#3622=CARTESIAN_POINT('Line Origine',(6.2172489379E-015,20.,-17.)) ;
#3626=CARTESIAN_POINT('Vertex',(-5.,20.,-17.)) ;
#3629=CARTESIAN_POINT('Line Origine',(-5.,20.,-16.)) ;
#3633=CARTESIAN_POINT('Vertex',(-5.,20.,-15.)) ;
#3636=CARTESIAN_POINT('Line Origine',(-3.75,20.,-15.)) ;
#3640=CARTESIAN_POINT('Vertex',(-2.5,20.,-15.)) ;
#3643=CARTESIAN_POINT('Line Origine',(-2.5,20.,-14.)) ;
#3647=CARTESIAN_POINT('Vertex',(-2.5,20.,-13.)) ;
#3650=CARTESIAN_POINT('Line Origine',(-3.75,20.,-13.)) ;
#3654=CARTESIAN_POINT('Vertex',(-5.,20.,-13.)) ;
#3657=CARTESIAN_POINT('Line Origine',(-5.,20.,-12.)) ;
#3661=CARTESIAN_POINT('Vertex',(-5.,20.,-11.)) ;
#3664=CARTESIAN_POINT('Line Origine',(-3.75,20.,-11.)) ;
#3668=CARTESIAN_POINT('Vertex',(-2.5,20.,-11.)) ;
#3671=CARTESIAN_POINT('Line Origine',(-2.5,20.,-10.3412291828)) ;
#3717=CARTESIAN_POINT('Axis2P3D Location',(0.,0.,0.)) ;
#3722=CARTESIAN_POINT('Line Origine',(-9.53939201417,0.,-3.)) ;
#3727=CARTESIAN_POINT('Line Origine',(-2.5,0.,-9.68245836552)) ;
#3739=CARTESIAN_POINT('Axis2P3D Location',(0.,0.,-3.)) ;
#3744=CARTESIAN_POINT('Axis2P3D Location',(-15.,15.,-3.)) ;
#3748=CARTESIAN_POINT('Vertex',(-20.,15.,-3.)) ;
#3751=CARTESIAN_POINT('Axis2P3D Location',(-15.,-15.,-3.)) ;
#3755=CARTESIAN_POINT('Vertex',(-20.,-15.,-3.)) ;
#3758=CARTESIAN_POINT('Line Origine',(-20.,3.5527136788E-015,-3.)) ;
#3771=CARTESIAN_POINT('Axis2P3D Location',(-15.,15.,-3.)) ;
#3775=CARTESIAN_POINT('Vertex',(-12.5,15.,-3.)) ;
#3777=CARTESIAN_POINT('Vertex',(-17.5,15.,-3.)) ;
#3780=CARTESIAN_POINT('Axis2P3D Location',(-15.,15.,-3.)) ;
#3789=CARTESIAN_POINT('Axis2P3D Location',(-15.,-15.,-3.)) ;
#3793=CARTESIAN_POINT('Vertex',(-12.5,-15.,-3.)) ;
#3795=CARTESIAN_POINT('Vertex',(-17.5,-15.,-3.)) ;
#3798=CARTESIAN_POINT('Axis2P3D Location',(-15.,-15.,-3.)) ;
#3808=CARTESIAN_POINT('Axis2P3D Location',(-15.,-15.,0.)) ;
#3813=CARTESIAN_POINT('Axis2P3D Location',(-15.,-15.,-1.)) ;
#3817=CARTESIAN_POINT('Vertex',(-20.,-15.,-1.)) ;
#3820=CARTESIAN_POINT('Line Origine',(-20.,-15.,0.)) ;
#3832=CARTESIAN_POINT('Axis2P3D Location',(0.,0.,-1.)) ;
#3837=CARTESIAN_POINT('Line Origine',(-20.,3.5527136788E-015,-1.)) ;
#3841=CARTESIAN_POINT('Vertex',(-20.,15.,-1.)) ;
#3844=CARTESIAN_POINT('Line Origine',(-9.94987437107,0.,-1.)) ;
#3849=CARTESIAN_POINT('Axis2P3D Location',(-15.,15.,-1.)) ;
#3871=CARTESIAN_POINT('Line Origine',(-10.,0.,-2.44921270764E-015)) ;
#3883=CARTESIAN_POINT('Line Origine',(-9.94987437107,0.,1.)) ;
#3895=CARTESIAN_POINT('Axis2P3D Location',(0.,0.,1.)) ;
#3900=CARTESIAN_POINT('Axis2P3D Location',(-15.,15.,1.)) ;
#3904=CARTESIAN_POINT('Vertex',(-20.,15.,1.)) ;
#3907=CARTESIAN_POINT('Axis2P3D Location',(-15.,-15.,1.)) ;
#3911=CARTESIAN_POINT('Vertex',(-20.,-15.,1.)) ;
#3914=CARTESIAN_POINT('Line Origine',(-20.,3.5527136788E-015,1.)) ;
#3936=CARTESIAN_POINT('Axis2P3D Location',(-15.,-15.,0.)) ;
#3941=CARTESIAN_POINT('Axis2P3D Location',(-15.,-15.,3.)) ;
#3945=CARTESIAN_POINT('Vertex',(-20.,-15.,3.)) ;
#3948=CARTESIAN_POINT('Line Origine',(-20.,-15.,0.)) ;
#3960=CARTESIAN_POINT('Axis2P3D Location',(0.,0.,3.)) ;
#3965=CARTESIAN_POINT('Line Origine',(-20.,3.5527136788E-015,3.)) ;
#3969=CARTESIAN_POINT('Vertex',(-20.,15.,3.)) ;
#3972=CARTESIAN_POINT('Line Origine',(-9.53939201417,0.,3.)) ;
#3977=CARTESIAN_POINT('Axis2P3D Location',(-15.,15.,3.)) ;
#3990=CARTESIAN_POINT('Axis2P3D Location',(-15.,15.,3.)) ;
#3994=CARTESIAN_POINT('Vertex',(-17.5,15.,3.)) ;
#3996=CARTESIAN_POINT('Vertex',(-12.5,15.,3.)) ;
#3999=CARTESIAN_POINT('Axis2P3D Location',(-15.,15.,3.)) ;
#4008=CARTESIAN_POINT('Axis2P3D Location',(-15.,-15.,3.)) ;
#4012=CARTESIAN_POINT('Vertex',(-17.5,-15.,3.)) ;
#4014=CARTESIAN_POINT('Vertex',(-12.5,-15.,3.)) ;
#4017=CARTESIAN_POINT('Axis2P3D Location',(-15.,-15.,3.)) ;
#4027=CARTESIAN_POINT('Line Origine',(9.53939201417,0.,3.)) ;
#4039=CARTESIAN_POINT('Axis2P3D Location',(15.,-15.,3.)) ;
#4043=CARTESIAN_POINT('Vertex',(20.,-15.,3.)) ;
#4046=CARTESIAN_POINT('Line Origine',(20.,0.,3.)) ;
#4050=CARTESIAN_POINT('Vertex',(20.,15.,3.)) ;
#4053=CARTESIAN_POINT('Axis2P3D Location',(15.,15.,3.)) ;
#4066=CARTESIAN_POINT('Axis2P3D Location',(15.,15.,3.)) ;
#4070=CARTESIAN_POINT('Vertex',(17.5,15.,3.)) ;
#4072=CARTESIAN_POINT('Vertex',(12.5,15.,3.)) ;
#4075=CARTESIAN_POINT('Axis2P3D Location',(15.,15.,3.)) ;
#4084=CARTESIAN_POINT('Axis2P3D Location',(15.,-15.,3.)) ;
#4088=CARTESIAN_POINT('Vertex',(17.5,-15.,3.)) ;
#4090=CARTESIAN_POINT('Vertex',(12.5,-15.,3.)) ;
#4093=CARTESIAN_POINT('Axis2P3D Location',(15.,-15.,3.)) ;
#4103=CARTESIAN_POINT('Axis2P3D Location',(15.,-15.,0.)) ;
#4108=CARTESIAN_POINT('Axis2P3D Location',(15.,-15.,1.)) ;
#4112=CARTESIAN_POINT('Vertex',(20.,-15.,1.)) ;
#4115=CARTESIAN_POINT('Line Origine',(20.,-15.,0.)) ;
#4127=CARTESIAN_POINT('Axis2P3D Location',(15.,15.,1.)) ;
#4131=CARTESIAN_POINT('Vertex',(20.,15.,1.)) ;
#4134=CARTESIAN_POINT('Line Origine',(20.,0.,1.)) ;
#4139=CARTESIAN_POINT('Line Origine',(9.94987437107,0.,1.)) ;
#4161=CARTESIAN_POINT('Line Origine',(10.,0.,1.22460635382E-015)) ;
#4173=CARTESIAN_POINT('Line Origine',(9.94987437107,0.,-1.)) ;
#4185=CARTESIAN_POINT('Axis2P3D Location',(15.,-15.,-1.)) ;
#4189=CARTESIAN_POINT('Vertex',(20.,-15.,-1.)) ;
#4192=CARTESIAN_POINT('Line Origine',(20.,0.,-1.)) ;
#4196=CARTESIAN_POINT('Vertex',(20.,15.,-1.)) ;
#4199=CARTESIAN_POINT('Axis2P3D Location',(15.,15.,-1.)) ;
#4221=CARTESIAN_POINT('Axis2P3D Location',(15.,-15.,0.)) ;
#4226=CARTESIAN_POINT('Axis2P3D Location',(15.,-15.,-3.)) ;
#4230=CARTESIAN_POINT('Vertex',(20.,-15.,-3.)) ;
#4233=CARTESIAN_POINT('Line Origine',(20.,-15.,0.)) ;
#4245=CARTESIAN_POINT('Axis2P3D Location',(15.,15.,-3.)) ;
#4249=CARTESIAN_POINT('Vertex',(20.,15.,-3.)) ;
#4252=CARTESIAN_POINT('Line Origine',(20.,0.,-3.)) ;
#4257=CARTESIAN_POINT('Line Origine',(9.53939201417,0.,-3.)) ;
#4270=CARTESIAN_POINT('Axis2P3D Location',(15.,15.,-3.)) ;
#4274=CARTESIAN_POINT('Vertex',(12.5,15.,-3.)) ;
#4276=CARTESIAN_POINT('Vertex',(17.5,15.,-3.)) ;
#4279=CARTESIAN_POINT('Axis2P3D Location',(15.,15.,-3.)) ;
#4288=CARTESIAN_POINT('Axis2P3D Location',(15.,-15.,-3.)) ;
#4292=CARTESIAN_POINT('Vertex',(12.5,-15.,-3.)) ;
#4294=CARTESIAN_POINT('Vertex',(17.5,-15.,-3.)) ;
#4297=CARTESIAN_POINT('Axis2P3D Location',(15.,-15.,-3.)) ;
#4307=CARTESIAN_POINT('Line Origine',(2.5,0.,-9.68245836552)) ;
#4319=CARTESIAN_POINT('Axis2P3D Location',(2.5,-20.,-13.)) ;
#4324=CARTESIAN_POINT('Line Origine',(2.5,0.,-11.)) ;
#4336=CARTESIAN_POINT('Axis2P3D Location',(-2.5,-20.,-11.)) ;
#4341=CARTESIAN_POINT('Line Origine',(5.,0.,-11.)) ;
#4353=CARTESIAN_POINT('Axis2P3D Location',(5.,-20.,-15.)) ;
#4358=CARTESIAN_POINT('Line Origine',(5.,0.,-13.)) ;
#4370=CARTESIAN_POINT('Axis2P3D Location',(-5.,-20.,-13.)) ;
#4375=CARTESIAN_POINT('Line Origine',(2.5,0.,-13.)) ;
#4387=CARTESIAN_POINT('Line Origine',(2.5,0.,-15.)) ;
#4399=CARTESIAN_POINT('Axis2P3D Location',(-2.5,-20.,-15.)) ;
#4404=CARTESIAN_POINT('Line Origine',(5.,0.,-15.)) ;
#4416=CARTESIAN_POINT('Line Origine',(5.,0.,-17.)) ;
#4428=CARTESIAN_POINT('Axis2P3D Location',(-5.,-20.,-17.)) ;
#4433=CARTESIAN_POINT('Line Origine',(-5.,0.,-17.)) ;
#4445=CARTESIAN_POINT('Axis2P3D Location',(-5.,-20.,-11.)) ;
#4450=CARTESIAN_POINT('Line Origine',(-5.,0.,-15.)) ;
#4462=CARTESIAN_POINT('Line Origine',(-2.5,0.,-15.)) ;
#4474=CARTESIAN_POINT('Axis2P3D Location',(-2.5,-20.,-8.29331684113)) ;
#4479=CARTESIAN_POINT('Line Origine',(-2.5,0.,-13.)) ;
#4491=CARTESIAN_POINT('Line Origine',(-5.,0.,-13.)) ;
#4503=CARTESIAN_POINT('Line Origine',(-5.,0.,-11.)) ;
#4515=CARTESIAN_POINT('Line Origine',(-2.5,0.,-11.)) ;
#4534=CARTESIAN_POINT('Axis2P3D Location',(-15.,15.,0.)) ;
#4539=CARTESIAN_POINT('Line Origine',(-20.,15.,0.)) ;
#4551=CARTESIAN_POINT('Axis2P3D Location',(-15.,15.,0.)) ;
#4556=CARTESIAN_POINT('Line Origine',(-20.,15.,0.)) ;
#4568=CARTESIAN_POINT('Axis2P3D Location',(15.,15.,0.)) ;
#4573=CARTESIAN_POINT('Line Origine',(20.,15.,0.)) ;
#4585=CARTESIAN_POINT('Axis2P3D Location',(15.,15.,0.)) ;
#4590=CARTESIAN_POINT('Line Origine',(20.,15.,0.)) ;
#4602=CARTESIAN_POINT('Axis2P3D Location',(-20.,-20.,0.)) ;
#4614=CARTESIAN_POINT('Axis2P3D Location',(-15.,15.,2.)) ;
#4619=CARTESIAN_POINT('Line Origine',(-12.5,15.,0.)) ;
#4624=CARTESIAN_POINT('Line Origine',(-17.5,15.,0.)) ;
#4643=CARTESIAN_POINT('Axis2P3D Location',(-15.,-15.,2.)) ;
#4648=CARTESIAN_POINT('Line Origine',(-12.5,-15.,0.)) ;
#4653=CARTESIAN_POINT('Line Origine',(-17.5,-15.,0.)) ;
#4679=CARTESIAN_POINT('Line Origine',(-17.5,15.,0.)) ;
#4684=CARTESIAN_POINT('Line Origine',(-12.5,15.,0.)) ;
#4703=CARTESIAN_POINT('Line Origine',(-17.5,-15.,0.)) ;
#4708=CARTESIAN_POINT('Line Origine',(-12.5,-15.,0.)) ;
#4727=CARTESIAN_POINT('Axis2P3D Location',(20.,20.,0.)) ;
#4739=CARTESIAN_POINT('Line Origine',(17.5,15.,18.)) ;
#4744=CARTESIAN_POINT('Line Origine',(12.5,15.,18.)) ;
#4763=CARTESIAN_POINT('Line Origine',(17.5,-15.,18.)) ;
#4768=CARTESIAN_POINT('Line Origine',(12.5,-15.,18.)) ;
#4794=CARTESIAN_POINT('Line Origine',(12.5,15.,18.)) ;
#4799=CARTESIAN_POINT('Line Origine',(17.5,15.,18.)) ;
#4818=CARTESIAN_POINT('Line Origine',(12.5,-15.,18.)) ;
#4823=CARTESIAN_POINT('Line Origine',(17.5,-15.,18.)) ;
#4852=CARTESIAN_POINT('NONE',(0.,0.,0.)) ;
#4853=CARTESIAN_POINT('NONE',(14.256483078,127.88627622,23.4393501282)) ;
#4869=CARTESIAN_POINT('Axis2P3D Location',(0.,0.,16.)) ;
#4874=CARTESIAN_POINT('Axis2P3D Location',(-65.,75.,16.)) ;
#4878=CARTESIAN_POINT('Vertex',(-62.5,75.,16.)) ;
#4880=CARTESIAN_POINT('Vertex',(-67.5,75.,16.)) ;
#4883=CARTESIAN_POINT('Axis2P3D Location',(-65.,75.,16.)) ;
#4893=CARTESIAN_POINT('Axis2P3D Location',(-65.,75.,8.)) ;
#4898=CARTESIAN_POINT('Line Origine',(-67.5,75.,8.)) ;
#4902=CARTESIAN_POINT('Vertex',(-67.5,75.,10.)) ;
#4905=CARTESIAN_POINT('Line Origine',(-62.5,75.,8.)) ;
#4909=CARTESIAN_POINT('Vertex',(-62.5,75.,10.)) ;
#4912=CARTESIAN_POINT('Axis2P3D Location',(-65.,75.,10.)) ;
#4924=CARTESIAN_POINT('Axis2P3D Location',(-65.,75.,10.)) ;
#4936=CARTESIAN_POINT('Axis2P3D Location',(0.,0.,10.)) ;
#4941=CARTESIAN_POINT('Axis2P3D Location',(-65.,75.,10.)) ;
#4945=CARTESIAN_POINT('Vertex',(-57.5,75.,10.)) ;
#4947=CARTESIAN_POINT('Vertex',(-72.5,75.,10.)) ;
#4950=CARTESIAN_POINT('Axis2P3D Location',(-65.,75.,10.)) ;
#4964=CARTESIAN_POINT('Axis2P3D Location',(-65.,75.,5.)) ;
#4969=CARTESIAN_POINT('Line Origine',(-57.5,75.,5.)) ;
#4973=CARTESIAN_POINT('Vertex',(-57.5,75.,0.)) ;
#4976=CARTESIAN_POINT('Axis2P3D Location',(-65.,75.,0.)) ;
#4980=CARTESIAN_POINT('Vertex',(-72.5,75.,0.)) ;
#4983=CARTESIAN_POINT('Line Origine',(-72.5,75.,5.)) ;
#4995=CARTESIAN_POINT('Axis2P3D Location',(-65.,75.,0.)) ;
#5007=CARTESIAN_POINT('Axis2P3D Location',(65.,75.,-1.)) ;
#5012=CARTESIAN_POINT('Axis2P3D Location',(65.,75.,-2.)) ;
#5016=CARTESIAN_POINT('Vertex',(78.17897643,67.8365804076,-2.)) ;
#5018=CARTESIAN_POINT('Vertex',(77.5465608986,83.2209372712,-2.)) ;
#5021=CARTESIAN_POINT('Line Origine',(77.5465608986,83.2209372712,-1.)) ;
#5025=CARTESIAN_POINT('Vertex',(77.5465608986,83.2209372712,0.)) ;
#5028=CARTESIAN_POINT('Axis2P3D Location',(65.,75.,0.)) ;
#5032=CARTESIAN_POINT('Vertex',(78.17897643,67.8365804076,0.)) ;
#5035=CARTESIAN_POINT('Line Origine',(78.17897643,67.8365804076,-1.)) ;
#5047=CARTESIAN_POINT('Axis2P3D Location',(77.5465608986,83.2209372712,0.)) ;
#5052=CARTESIAN_POINT('Line Origine',(68.7732804493,96.6104686356,-2.)) ;
#5056=CARTESIAN_POINT('Vertex',(60.,110.,-2.)) ;
#5059=CARTESIAN_POINT('Line Origine',(60.,110.,-1.)) ;
#5063=CARTESIAN_POINT('Vertex',(60.,110.,0.)) ;
#5066=CARTESIAN_POINT('Line Origine',(68.7732804493,96.6104686356,0.)) ;
#5078=CARTESIAN_POINT('Axis2P3D Location',(-77.5465608986,83.2209372712,0.)) ;
#5083=CARTESIAN_POINT('Line Origine',(-68.7732804493,96.6104686356,-2.)) ;
#5087=CARTESIAN_POINT('Vertex',(-60.,110.,-2.)) ;
#5089=CARTESIAN_POINT('Vertex',(-77.5465608986,83.2209372712,-2.)) ;
#5092=CARTESIAN_POINT('Line Origine',(-77.5465608986,83.2209372712,-1.)) ;
#5096=CARTESIAN_POINT('Vertex',(-77.5465608986,83.2209372712,0.)) ;
#5099=CARTESIAN_POINT('Line Origine',(-68.7732804493,96.6104686356,0.)) ;
#5103=CARTESIAN_POINT('Vertex',(-60.,110.,0.)) ;
#5106=CARTESIAN_POINT('Line Origine',(-60.,110.,-1.)) ;
#5118=CARTESIAN_POINT('Axis2P3D Location',(-65.,75.,-1.)) ;
#5123=CARTESIAN_POINT('Axis2P3D Location',(-65.,75.,-2.)) ;
#5127=CARTESIAN_POINT('Vertex',(-78.17897643,67.8365804076,-2.)) ;
#5130=CARTESIAN_POINT('Line Origine',(-78.17897643,67.8365804076,-1.)) ;
#5134=CARTESIAN_POINT('Vertex',(-78.17897643,67.8365804076,0.)) ;
#5137=CARTESIAN_POINT('Axis2P3D Location',(-65.,75.,0.)) ;
#5149=CARTESIAN_POINT('Axis2P3D Location',(-2.5,-30.,0.)) ;
#5154=CARTESIAN_POINT('Line Origine',(-2.5,70.,-1.)) ;
#5158=CARTESIAN_POINT('Vertex',(-2.5,70.,0.)) ;
#5160=CARTESIAN_POINT('Vertex',(-2.5,70.,-2.)) ;
#5163=CARTESIAN_POINT('Line Origine',(-2.5,20.,0.)) ;
#5167=CARTESIAN_POINT('Vertex',(-2.5,-30.,0.)) ;
#5170=CARTESIAN_POINT('Line Origine',(-2.5,-30.,-1.)) ;
#5174=CARTESIAN_POINT('Vertex',(-2.5,-30.,-2.)) ;
#5177=CARTESIAN_POINT('Line Origine',(-2.5,20.,-2.)) ;
#5189=CARTESIAN_POINT('Axis2P3D Location',(-2.5,70.,0.)) ;
#5194=CARTESIAN_POINT('Line Origine',(2.5,70.,-1.)) ;
#5198=CARTESIAN_POINT('Vertex',(2.5,70.,0.)) ;
#5200=CARTESIAN_POINT('Vertex',(2.5,70.,-2.)) ;
#5203=CARTESIAN_POINT('Line Origine',(-4.4408920985E-016,70.,0.)) ;
#5208=CARTESIAN_POINT('Line Origine',(-4.4408920985E-016,70.,-2.)) ;
#5220=CARTESIAN_POINT('Axis2P3D Location',(2.5,70.,0.)) ;
#5225=CARTESIAN_POINT('Line Origine',(2.5,-30.,-1.)) ;
#5229=CARTESIAN_POINT('Vertex',(2.5,-30.,0.)) ;
#5231=CARTESIAN_POINT('Vertex',(2.5,-30.,-2.)) ;
#5234=CARTESIAN_POINT('Line Origine',(2.5,20.,0.)) ;
#5239=CARTESIAN_POINT('Line Origine',(2.5,20.,-2.)) ;
#5251=CARTESIAN_POINT('Axis2P3D Location',(65.,75.,5.)) ;
#5256=CARTESIAN_POINT('Line Origine',(57.5,75.,5.)) ;
#5260=CARTESIAN_POINT('Vertex',(57.5,75.,0.)) ;
#5262=CARTESIAN_POINT('Vertex',(57.5,75.,10.)) ;
#5265=CARTESIAN_POINT('Axis2P3D Location',(65.,75.,0.)) ;
#5269=CARTESIAN_POINT('Vertex',(72.5,75.,0.)) ;
#5272=CARTESIAN_POINT('Line Origine',(72.5,75.,5.)) ;
#5276=CARTESIAN_POINT('Vertex',(72.5,75.,10.)) ;
#5279=CARTESIAN_POINT('Axis2P3D Location',(65.,75.,10.)) ;
#5291=CARTESIAN_POINT('Axis2P3D Location',(65.,75.,0.)) ;
#5296=CARTESIAN_POINT('Axis2P3D Location',(65.,75.,10.)) ;
#5312=CARTESIAN_POINT('Axis2P3D Location',(65.,75.,10.)) ;
#5316=CARTESIAN_POINT('Vertex',(62.5,75.,10.)) ;
#5318=CARTESIAN_POINT('Vertex',(67.5,75.,10.)) ;
#5321=CARTESIAN_POINT('Axis2P3D Location',(65.,75.,10.)) ;
#5331=CARTESIAN_POINT('Axis2P3D Location',(65.,75.,8.)) ;
#5336=CARTESIAN_POINT('Line Origine',(67.5,75.,8.)) ;
#5340=CARTESIAN_POINT('Vertex',(67.5,75.,16.)) ;
#5343=CARTESIAN_POINT('Axis2P3D Location',(65.,75.,16.)) ;
#5347=CARTESIAN_POINT('Vertex',(62.5,75.,16.)) ;
#5350=CARTESIAN_POINT('Line Origine',(62.5,75.,8.)) ;
#5362=CARTESIAN_POINT('Axis2P3D Location',(65.,75.,16.)) ;
#5379=CARTESIAN_POINT('Axis2P3D Location',(-25.,-30.,0.)) ;
#5384=CARTESIAN_POINT('Line Origine',(22.026863031,-30.,-1.)) ;
#5388=CARTESIAN_POINT('Vertex',(22.026863031,-30.,0.)) ;
#5390=CARTESIAN_POINT('Vertex',(22.026863031,-30.,-2.)) ;
#5393=CARTESIAN_POINT('Line Origine',(12.2634315155,-30.,0.)) ;
#5398=CARTESIAN_POINT('Line Origine',(12.2634315155,-30.,-2.)) ;
#5410=CARTESIAN_POINT('Axis2P3D Location',(25.,-30.,0.)) ;
#5415=CARTESIAN_POINT('Line Origine',(26.4198551743,-27.3878065308,-1.)) ;
#5419=CARTESIAN_POINT('Vertex',(26.4198551743,-27.3878065308,0.)) ;
#5421=CARTESIAN_POINT('Vertex',(26.4198551743,-27.3878065308,-2.)) ;
#5424=CARTESIAN_POINT('Line Origine',(52.2994158022,20.2243869384,-2.)) ;
#5429=CARTESIAN_POINT('Line Origine',(52.2994158022,20.2243869384,0.)) ;
#5441=CARTESIAN_POINT('Axis2P3D Location',(22.026863031,-25.,-1.)) ;
#5446=CARTESIAN_POINT('Axis2P3D Location',(22.026863031,-25.,-2.)) ;
#5451=CARTESIAN_POINT('Axis2P3D Location',(22.026863031,-25.,0.)) ;
#5463=CARTESIAN_POINT('Axis2P3D Location',(-78.17897643,67.8365804076,0.)) ;
#5468=CARTESIAN_POINT('Line Origine',(-26.4198551743,-27.3878065308,-1.)) ;
#5472=CARTESIAN_POINT('Vertex',(-26.4198551743,-27.3878065308,0.)) ;
#5474=CARTESIAN_POINT('Vertex',(-26.4198551743,-27.3878065308,-2.)) ;
#5477=CARTESIAN_POINT('Line Origine',(-52.2994158022,20.2243869384,0.)) ;
#5482=CARTESIAN_POINT('Line Origine',(-52.2994158022,20.2243869384,-2.)) ;
#5494=CARTESIAN_POINT('Line Origine',(-22.026863031,-30.,-1.)) ;
#5498=CARTESIAN_POINT('Vertex',(-22.026863031,-30.,0.)) ;
#5500=CARTESIAN_POINT('Vertex',(-22.026863031,-30.,-2.)) ;
#5503=CARTESIAN_POINT('Line Origine',(-12.2634315155,-30.,-2.)) ;
#5508=CARTESIAN_POINT('Line Origine',(-12.2634315155,-30.,0.)) ;
#5520=CARTESIAN_POINT('Axis2P3D Location',(0.,0.,0.)) ;
#5525=CARTESIAN_POINT('Line Origine',(0.,110.,0.)) ;
#5530=CARTESIAN_POINT('Axis2P3D Location',(-22.026863031,-25.,0.)) ;
#5560=CARTESIAN_POINT('Axis2P3D Location',(0.,0.,-2.)) ;
#5565=CARTESIAN_POINT('Axis2P3D Location',(-22.026863031,-25.,-2.)) ;
#5570=CARTESIAN_POINT('Line Origine',(-60.,111.,-2.)) ;
#5574=CARTESIAN_POINT('Vertex',(-60.,112.,-2.)) ;
#5577=CARTESIAN_POINT('Line Origine',(-1.42108547152E-014,112.,-2.)) ;
#5581=CARTESIAN_POINT('Vertex',(60.,112.,-2.)) ;
#5584=CARTESIAN_POINT('Line Origine',(60.,111.,-2.)) ;
#5608=CARTESIAN_POINT('Axis2P3D Location',(-22.026863031,-25.,-1.)) ;
#5620=CARTESIAN_POINT('Axis2P3D Location',(60.,110.,-2.)) ;
#5625=CARTESIAN_POINT('Line Origine',(60.,110.,16.5)) ;
#5629=CARTESIAN_POINT('Vertex',(60.,110.,33.)) ;
#5632=CARTESIAN_POINT('Line Origine',(60.,112.,15.5)) ;
#5636=CARTESIAN_POINT('Vertex',(60.,112.,33.)) ;
#5639=CARTESIAN_POINT('Line Origine',(60.,111.,33.)) ;
#5652=CARTESIAN_POINT('Axis2P3D Location',(55.,111.,33.)) ;
#5657=CARTESIAN_POINT('Axis2P3D Location',(55.,110.,33.)) ;
#5661=CARTESIAN_POINT('Vertex',(55.,110.,38.)) ;
#5664=CARTESIAN_POINT('Axis2P3D Location',(55.,112.,33.)) ;
#5668=CARTESIAN_POINT('Vertex',(55.,112.,38.)) ;
#5671=CARTESIAN_POINT('Line Origine',(55.,111.,38.)) ;
#5683=CARTESIAN_POINT('Axis2P3D Location',(-60.,112.,-2.)) ;
#5688=CARTESIAN_POINT('Line Origine',(-60.,112.,15.5)) ;
#5692=CARTESIAN_POINT('Vertex',(-60.,112.,33.)) ;
#5695=CARTESIAN_POINT('Line Origine',(-60.,110.,16.5)) ;
#5699=CARTESIAN_POINT('Vertex',(-60.,110.,33.)) ;
#5702=CARTESIAN_POINT('Line Origine',(-60.,111.,33.)) ;
#5715=CARTESIAN_POINT('Axis2P3D Location',(0.,0.,38.)) ;
#5720=CARTESIAN_POINT('Line Origine',(-55.,111.,38.)) ;
#5724=CARTESIAN_POINT('Vertex',(-55.,110.,38.)) ;
#5726=CARTESIAN_POINT('Vertex',(-55.,112.,38.)) ;
#5729=CARTESIAN_POINT('Line Origine',(-7.1054273576E-015,110.,38.)) ;
#5734=CARTESIAN_POINT('Line Origine',(0.,112.,38.)) ;
#5746=CARTESIAN_POINT('Axis2P3D Location',(60.,112.,-2.)) ;
#5751=CARTESIAN_POINT('Axis2P3D Location',(-55.,112.,33.)) ;
#5765=CARTESIAN_POINT('Axis2P3D Location',(-60.,110.,0.)) ;
#5770=CARTESIAN_POINT('Axis2P3D Location',(-55.,110.,33.)) ;
#5784=CARTESIAN_POINT('Axis2P3D Location',(-55.,111.,33.)) ;
#5800=CARTESIAN_POINT('Axis2P3D Location',(-40.,95.,20.)) ;
#5805=CARTESIAN_POINT('Axis2P3D Location',(-40.,80.,20.)) ;
#5809=CARTESIAN_POINT('Vertex',(-50.,80.,20.)) ;
#5811=CARTESIAN_POINT('Vertex',(-40.,80.,30.)) ;
#5814=CARTESIAN_POINT('Line Origine',(-40.,95.,30.)) ;
#5818=CARTESIAN_POINT('Vertex',(-40.,110.,30.)) ;
#5821=CARTESIAN_POINT('Axis2P3D Location',(-40.,110.,20.)) ;
#5825=CARTESIAN_POINT('Vertex',(-50.,110.,20.)) ;
#5828=CARTESIAN_POINT('Line Origine',(-50.,95.,20.)) ;
#5840=CARTESIAN_POINT('Axis2P3D Location',(-50.,110.,0.)) ;
#5845=CARTESIAN_POINT('Line Origine',(-50.,80.,15.)) ;
#5849=CARTESIAN_POINT('Vertex',(-50.,80.,10.)) ;
#5852=CARTESIAN_POINT('Line Origine',(-50.,110.,15.)) ;
#5856=CARTESIAN_POINT('Vertex',(-50.,110.,10.)) ;
#5859=CARTESIAN_POINT('Line Origine',(-50.,95.,10.)) ;
#5871=CARTESIAN_POINT('Axis2P3D Location',(-40.,95.,10.)) ;
#5876=CARTESIAN_POINT('Axis2P3D Location',(-40.,80.,10.)) ;
#5880=CARTESIAN_POINT('Vertex',(-40.,80.,0.)) ;
#5883=CARTESIAN_POINT('Axis2P3D Location',(-40.,110.,10.)) ;
#5887=CARTESIAN_POINT('Vertex',(-40.,110.,0.)) ;
#5890=CARTESIAN_POINT('Line Origine',(-40.,95.,0.)) ;
#5902=CARTESIAN_POINT('Axis2P3D Location',(0.,0.,30.)) ;
#5907=CARTESIAN_POINT('Line Origine',(-20.,110.,30.)) ;
#5911=CARTESIAN_POINT('Vertex',(8.881784197E-016,110.,30.)) ;
#5914=CARTESIAN_POINT('Line Origine',(-20.,80.,30.)) ;
#5918=CARTESIAN_POINT('Vertex',(0.,80.,30.)) ;
#5921=CARTESIAN_POINT('Line Origine',(1.7763568394E-015,95.,30.)) ;
#5933=CARTESIAN_POINT('Axis2P3D Location',(1.7763568394E-015,95.,20.)) ;
#5938=CARTESIAN_POINT('Axis2P3D Location',(1.7763568394E-015,110.,20.)) ;
#5942=CARTESIAN_POINT('Vertex',(10.,110.,20.)) ;
#5945=CARTESIAN_POINT('Axis2P3D Location',(1.7763568394E-015,80.,20.)) ;
#5949=CARTESIAN_POINT('Vertex',(10.,80.,20.)) ;
#5952=CARTESIAN_POINT('Line Origine',(10.,95.,20.)) ;
#5964=CARTESIAN_POINT('Axis2P3D Location',(0.,0.,0.)) ;
#5969=CARTESIAN_POINT('Line Origine',(1.7763568394E-015,95.,0.)) ;
#5973=CARTESIAN_POINT('Vertex',(0.,80.,0.)) ;
#5975=CARTESIAN_POINT('Vertex',(8.881784197E-016,110.,0.)) ;
#5978=CARTESIAN_POINT('Line Origine',(-20.,80.,0.)) ;
#5983=CARTESIAN_POINT('Line Origine',(-20.,110.,0.)) ;
#5995=CARTESIAN_POINT('Axis2P3D Location',(10.,80.,0.)) ;
#6000=CARTESIAN_POINT('Line Origine',(10.,110.,15.)) ;
#6004=CARTESIAN_POINT('Vertex',(10.,110.,10.)) ;
#6007=CARTESIAN_POINT('Line Origine',(10.,80.,15.)) ;
#6011=CARTESIAN_POINT('Vertex',(10.,80.,10.)) ;
#6014=CARTESIAN_POINT('Line Origine',(10.,95.,10.)) ;
#6026=CARTESIAN_POINT('Axis2P3D Location',(-50.,110.,0.)) ;
#6031=CARTESIAN_POINT('Axis2P3D Location',(0.,110.,10.)) ;
#6047=CARTESIAN_POINT('Axis2P3D Location',(1.7763568394E-015,95.,10.)) ;
#6052=CARTESIAN_POINT('Axis2P3D Location',(1.7763568394E-015,80.,10.)) ;
#6064=CARTESIAN_POINT('Axis2P3D Location',(10.,80.,0.)) ;
#6079=CARTESIAN_POINT('Axis2P3D Location',(0.,80.,13.)) ;
#6083=CARTESIAN_POINT('Vertex',(-5.,80.,13.)) ;
#6085=CARTESIAN_POINT('Vertex',(5.,80.,13.)) ;
#6088=CARTESIAN_POINT('Axis2P3D Location',(0.,80.,13.)) ;
#6098=CARTESIAN_POINT('Axis2P3D Location',(0.,85.,13.)) ;
#6103=CARTESIAN_POINT('Line Origine',(5.,85.,13.)) ;
#6107=CARTESIAN_POINT('Vertex',(5.,90.,13.)) ;
#6110=CARTESIAN_POINT('Line Origine',(-5.,85.,13.)) ;
#6114=CARTESIAN_POINT('Vertex',(-5.,90.,13.)) ;
#6117=CARTESIAN_POINT('Axis2P3D Location',(0.,90.,13.)) ;
#6129=CARTESIAN_POINT('Axis2P3D Location',(0.,90.,13.)) ;
#6141=CARTESIAN_POINT('Axis2P3D Location',(0.,90.,0.)) ;
#6159=CARTESIAN_POINT('NONE',(0.,0.,0.)) ;
#6160=CARTESIAN_POINT('NONE',(14.256483078,82.726348877,10.4393501282)) ;
#6176=CARTESIAN_POINT('Axis2P3D Location',(0.,0.,0.)) ;
#6181=CARTESIAN_POINT('Axis2P3D Location',(0.,0.,0.)) ;
#6185=CARTESIAN_POINT('Vertex',(0.,-5.,6.12303176911E-016)) ;
#6187=CARTESIAN_POINT('Vertex',(0.,5.,0.)) ;
#6190=CARTESIAN_POINT('Axis2P3D Location',(0.,0.,0.)) ;
#6200=CARTESIAN_POINT('Axis2P3D Location',(60.,0.,0.)) ;
#6205=CARTESIAN_POINT('Line Origine',(60.,5.,0.)) ;
#6209=CARTESIAN_POINT('Vertex',(119.,5.,-5.66549845232E-015)) ;
#6212=CARTESIAN_POINT('Line Origine',(60.,-5.,6.12303176911E-016)) ;
#6216=CARTESIAN_POINT('Vertex',(119.,-5.,6.12303176911E-016)) ;
#6219=CARTESIAN_POINT('Axis2P3D Location',(119.,0.,0.)) ;
#6231=CARTESIAN_POINT('Axis2P3D Location',(119.,0.,0.)) ;
#6243=CARTESIAN_POINT('Axis2P3D Location',(120.,0.,0.)) ;
#6248=CARTESIAN_POINT('Axis2P3D Location',(120.,1.70930016567E-016,-1.28197512426E-016)) ;
#6252=CARTESIAN_POINT('Vertex',(120.,-4.,-3.1910686497E-015)) ;
#6254=CARTESIAN_POINT('Vertex',(120.,4.,-1.10788259548E-015)) ;
#6257=CARTESIAN_POINT('Axis2P3D Location',(120.,1.70930016567E-016,-1.28197512426E-016)) ;
#6267=CARTESIAN_POINT('Axis2P3D Location',(124.,-4.4408920985E-016,-1.5886626544E-015)) ;
#6272=CARTESIAN_POINT('Line Origine',(119.5,-4.5,-5.76888805915E-016)) ;
#6277=CARTESIAN_POINT('Line Origine',(119.5,4.5,-3.79653557733E-015)) ;
#6289=CARTESIAN_POINT('Axis2P3D Location',(124.,1.99840144433E-015,1.7763568394E-015)) ;
#6311=CARTESIAN_POINT('NONE',(0.,0.,0.)) ;
#6312=CARTESIAN_POINT('NONE',(14.256483078,172.726348877,23.4393501282)) ;
#6326=CARTESIAN_POINT('NONE',(0.,0.,0.)) ;
#6327=CARTESIAN_POINT('NONE',(-0.743516921986,112.886276219,23.4393501282)) ;
#6341=CARTESIAN_POINT('NONE',(0.,0.,0.)) ;
#6342=CARTESIAN_POINT('NONE',(79.2564830744,157.72634887,23.4393501282)) ;
#6356=CARTESIAN_POINT('NONE',(0.,0.,0.)) ;
#6357=CARTESIAN_POINT('NONE',(29.2564830778,142.886276219,23.4393501282)) ;
#6371=CARTESIAN_POINT('NONE',(0.,0.,0.)) ;
#6372=CARTESIAN_POINT('NONE',(29.2564830778,112.886276219,23.4393501282)) ;
#6386=CARTESIAN_POINT('NONE',(0.,0.,0.)) ;
#6387=CARTESIAN_POINT('NONE',(-31.743516927,72.1291473263,23.4393501282)) ;
#64=DIRECTION('Axis2P3D Direction',(0.,0.,1.)) ;
#65=DIRECTION('Axis2P3D XDirection',(1.,0.,0.)) ;
#69=DIRECTION('Axis2P3D Direction',(0.,0.,1.)) ;
#78=DIRECTION('Axis2P3D Direction',(0.,0.,1.)) ;
#88=DIRECTION('Axis2P3D Direction',(0.,0.,1.)) ;
#89=DIRECTION('Axis2P3D XDirection',(1.,0.,0.)) ;
#93=DIRECTION('Axis2P3D Direction',(0.,0.,1.)) ;
#102=DIRECTION('Axis2P3D Direction',(0.,0.,1.)) ;
#112=DIRECTION('Axis2P3D Direction',(0.,0.,1.)) ;
#113=DIRECTION('Axis2P3D XDirection',(1.,0.,0.)) ;
#117=DIRECTION('Axis2P3D Direction',(0.,0.,1.)) ;
#126=DIRECTION('Vector Direction',(0.,0.,1.)) ;
#133=DIRECTION('Axis2P3D Direction',(0.,0.,1.)) ;
#140=DIRECTION('Vector Direction',(0.,0.,1.)) ;
#152=DIRECTION('Axis2P3D Direction',(0.,0.,1.)) ;
#157=DIRECTION('Axis2P3D Direction',(0.,0.,1.)) ;
#169=DIRECTION('Axis2P3D Direction',(0.,0.,1.)) ;
#170=DIRECTION('Axis2P3D XDirection',(1.,0.,0.)) ;
#174=DIRECTION('Vector Direction',(0.,0.,1.)) ;
#183=DIRECTION('Axis2P3D Direction',(0.,0.,1.)) ;
#190=DIRECTION('Axis2P3D Direction',(0.,0.,1.)) ;
#197=DIRECTION('Vector Direction',(0.,0.,1.)) ;
#204=DIRECTION('Axis2P3D Direction',(0.,0.,1.)) ;
#211=DIRECTION('Axis2P3D Direction',(0.,0.,1.)) ;
#225=DIRECTION('Axis2P3D Direction',(0.,0.,1.)) ;
#232=DIRECTION('Axis2P3D Direction',(0.,0.,1.)) ;
#237=DIRECTION('Axis2P3D Direction',(0.,0.,1.)) ;
#244=DIRECTION('Axis2P3D Direction',(0.,0.,1.)) ;
#258=DIRECTION('Axis2P3D Direction',(0.,0.,1.)) ;
#259=DIRECTION('Axis2P3D XDirection',(-1.83690953073E-016,-1.,-0.)) ;
#263=DIRECTION('Axis2P3D Direction',(0.,0.,1.)) ;
#272=DIRECTION('Vector Direction',(0.,0.,1.)) ;
#277=DIRECTION('Vector Direction',(0.,0.,1.)) ;
#290=DIRECTION('Axis2P3D Direction',(0.,0.,1.)) ;
#291=DIRECTION('Axis2P3D XDirection',(1.,0.,0.)) ;
#295=DIRECTION('Vector Direction',(1.,0.,0.)) ;
#302=DIRECTION('Axis2P3D Direction',(0.,0.,1.)) ;
#309=DIRECTION('Vector Direction',(-1.,0.,0.)) ;
#326=DIRECTION('Axis2P3D Direction',(0.,0.,1.)) ;
#327=DIRECTION('Axis2P3D XDirection',(1.,0.,0.)) ;
#331=DIRECTION('Vector Direction',(-1.,0.,0.)) ;
#338=DIRECTION('Axis2P3D Direction',(0.,0.,1.)) ;
#345=DIRECTION('Vector Direction',(1.,0.,0.)) ;
#362=DIRECTION('Vector Direction',(0.,0.,1.)) ;
#369=DIRECTION('Vector Direction',(0.,0.,1.)) ;
#376=DIRECTION('Axis2P3D Direction',(0.,0.,1.)) ;
#389=DIRECTION('Axis2P3D Direction',(0.,1.,-0.)) ;
#390=DIRECTION('Axis2P3D XDirection',(-1.,0.,0.)) ;
#394=DIRECTION('Vector Direction',(-1.,0.,0.)) ;
#401=DIRECTION('Vector Direction',(0.,0.,-1.)) ;
#413=DIRECTION('Axis2P3D Direction',(0.,-1.,0.)) ;
#414=DIRECTION('Axis2P3D XDirection',(1.,0.,0.)) ;
#418=DIRECTION('Vector Direction',(1.,0.,0.)) ;
#425=DIRECTION('Vector Direction',(0.,0.,-1.)) ;
#437=DIRECTION('Axis2P3D Direction',(0.,0.,1.)) ;
#438=DIRECTION('Axis2P3D XDirection',(1.,0.,0.)) ;
#442=DIRECTION('Axis2P3D Direction',(0.,0.,1.)) ;
#453=DIRECTION('Axis2P3D Direction',(0.,0.,1.)) ;
#462=DIRECTION('Axis2P3D Direction',(0.,0.,1.)) ;
#471=DIRECTION('Axis2P3D Direction',(0.,0.,1.)) ;
#480=DIRECTION('Axis2P3D Direction',(0.,0.,1.)) ;
#490=DIRECTION('Axis2P3D Direction',(0.,0.,1.)) ;
#491=DIRECTION('Axis2P3D XDirection',(6.12303176911E-017,1.,0.)) ;
#502=DIRECTION('Vector Direction',(0.,0.,1.)) ;
#509=DIRECTION('Vector Direction',(1.,0.,0.)) ;
#521=DIRECTION('Vector Direction',(0.,0.,1.)) ;
#528=DIRECTION('Axis2P3D Direction',(0.,0.,1.)) ;
#540=DIRECTION('Vector Direction',(-1.,0.,0.)) ;
#552=DIRECTION('Axis2P3D Direction',(0.,0.,1.)) ;
#553=DIRECTION('Axis2P3D XDirection',(1.,0.,0.)) ;
#563=DIRECTION('Axis2P3D Direction',(0.,0.,1.)) ;
#572=DIRECTION('Axis2P3D Direction',(0.,0.,1.)) ;
#581=DIRECTION('Axis2P3D Direction',(0.,0.,1.)) ;
#590=DIRECTION('Axis2P3D Direction',(0.,0.,1.)) ;
#600=DIRECTION('Vector Direction',(0.,0.,1.)) ;
#605=DIRECTION('Vector Direction',(0.,0.,1.)) ;
#624=DIRECTION('Axis2P3D Direction',(0.,0.,1.)) ;
#625=DIRECTION('Axis2P3D XDirection',(1.,0.,0.)) ;
#629=DIRECTION('Vector Direction',(0.,0.,1.)) ;
#634=DIRECTION('Vector Direction',(0.,0.,1.)) ;
#653=DIRECTION('Vector Direction',(0.,0.,1.)) ;
#658=DIRECTION('Vector Direction',(0.,0.,1.)) ;
#688=DIRECTION('NONE',(1.,0.,0.)) ;
#689=DIRECTION('NONE',(0.,0.,1.)) ;
#690=DIRECTION('NONE',(-0.469387755132,0.882992149078,-2.55536377686E-017)) ;
#691=DIRECTION('NONE',(1.53438474519E-020,2.89479810318E-017,1.)) ;
#704=DIRECTION('Axis2P3D Direction',(0.,0.,1.)) ;
#705=DIRECTION('Axis2P3D XDirection',(6.12303176911E-017,1.,0.)) ;
#709=DIRECTION('Vector Direction',(0.,0.,1.)) ;
#718=DIRECTION('Axis2P3D Direction',(0.,0.,1.)) ;
#725=DIRECTION('Vector Direction',(0.,0.,1.)) ;
#732=DIRECTION('Axis2P3D Direction',(0.,0.,1.)) ;
#744=DIRECTION('Axis2P3D Direction',(0.,1.,-0.)) ;
#745=DIRECTION('Axis2P3D XDirection',(-1.,0.,0.)) ;
#749=DIRECTION('Vector Direction',(-1.,0.,0.)) ;
#756=DIRECTION('Vector Direction',(0.,0.,1.)) ;
#763=DIRECTION('Vector Direction',(-1.,0.,0.)) ;
#775=DIRECTION('Axis2P3D Direction',(0.,0.,1.)) ;
#776=DIRECTION('Axis2P3D XDirection',(-1.83690953073E-016,-1.,-0.)) ;
#780=DIRECTION('Axis2P3D Direction',(0.,0.,1.)) ;
#787=DIRECTION('Vector Direction',(0.,0.,1.)) ;
#794=DIRECTION('Axis2P3D Direction',(0.,0.,1.)) ;
#806=DIRECTION('Axis2P3D Direction',(0.,-1.,0.)) ;
#807=DIRECTION('Axis2P3D XDirection',(1.,0.,0.)) ;
#811=DIRECTION('Vector Direction',(1.,0.,0.)) ;
#816=DIRECTION('Vector Direction',(1.,0.,0.)) ;
#828=DIRECTION('Axis2P3D Direction',(0.,0.,1.)) ;
#829=DIRECTION('Axis2P3D XDirection',(1.,0.,0.)) ;
#833=DIRECTION('Axis2P3D Direction',(0.,0.,1.)) ;
#842=DIRECTION('Vector Direction',(0.,0.,1.)) ;
#849=DIRECTION('Axis2P3D Direction',(0.,0.,1.)) ;
#856=DIRECTION('Vector Direction',(0.,0.,1.)) ;
#868=DIRECTION('Axis2P3D Direction',(0.,0.,1.)) ;
#873=DIRECTION('Axis2P3D Direction',(0.,0.,1.)) ;
#885=DIRECTION('Axis2P3D Direction',(0.,0.,1.)) ;
#886=DIRECTION('Axis2P3D XDirection',(1.,0.,0.)) ;
#890=DIRECTION('Axis2P3D Direction',(0.,0.,1.)) ;
#899=DIRECTION('Vector Direction',(0.,0.,1.)) ;
#906=DIRECTION('Axis2P3D Direction',(0.,0.,1.)) ;
#913=DIRECTION('Vector Direction',(0.,0.,1.)) ;
#925=DIRECTION('Axis2P3D Direction',(0.,0.,1.)) ;
#930=DIRECTION('Axis2P3D Direction',(0.,0.,1.)) ;
#942=DIRECTION('Axis2P3D Direction',(0.,0.,1.)) ;
#943=DIRECTION('Axis2P3D XDirection',(1.,0.,0.)) ;
#947=DIRECTION('Axis2P3D Direction',(0.,0.,1.)) ;
#956=DIRECTION('Vector Direction',(0.,0.,1.)) ;
#963=DIRECTION('Axis2P3D Direction',(0.,0.,1.)) ;
#970=DIRECTION('Vector Direction',(0.,0.,1.)) ;
#982=DIRECTION('Axis2P3D Direction',(0.,0.,1.)) ;
#987=DIRECTION('Axis2P3D Direction',(0.,0.,1.)) ;
#999=DIRECTION('Axis2P3D Direction',(0.,0.,1.)) ;
#1000=DIRECTION('Axis2P3D XDirection',(1.,0.,0.)) ;
#1023=DIRECTION('Axis2P3D Direction',(0.,0.,1.)) ;
#1024=DIRECTION('Axis2P3D XDirection',(1.,0.,0.)) ;
#1058=DIRECTION('NONE',(1.,0.,0.)) ;
#1059=DIRECTION('NONE',(0.,0.,1.)) ;
#1060=DIRECTION('NONE',(0.342857142784,0.939387555614,6.07654051813E-017)) ;
#1061=DIRECTION('NONE',(5.14091902878E-017,-8.34494909025E-017,1.)) ;
#1074=DIRECTION('Axis2P3D Direction',(0.,0.,1.)) ;
#1075=DIRECTION('Axis2P3D XDirection',(1.,0.,0.)) ;
#1079=DIRECTION('Axis2P3D Direction',(0.,0.,1.)) ;
#1088=DIRECTION('Axis2P3D Direction',(0.,0.,1.)) ;
#1098=DIRECTION('Axis2P3D Direction',(0.,0.,1.)) ;
#1099=DIRECTION('Axis2P3D XDirection',(1.,0.,0.)) ;
#1103=DIRECTION('Axis2P3D Direction',(0.,0.,1.)) ;
#1112=DIRECTION('Axis2P3D Direction',(0.,0.,1.)) ;
#1122=DIRECTION('Axis2P3D Direction',(0.,0.,1.)) ;
#1123=DIRECTION('Axis2P3D XDirection',(1.,0.,0.)) ;
#1127=DIRECTION('Axis2P3D Direction',(0.,0.,1.)) ;
#1136=DIRECTION('Vector Direction',(0.,0.,1.)) ;
#1143=DIRECTION('Axis2P3D Direction',(0.,0.,1.)) ;
#1150=DIRECTION('Vector Direction',(0.,0.,1.)) ;
#1162=DIRECTION('Axis2P3D Direction',(0.,0.,1.)) ;
#1167=DIRECTION('Axis2P3D Direction',(0.,0.,1.)) ;
#1179=DIRECTION('Axis2P3D Direction',(0.,0.,1.)) ;
#1188=DIRECTION('Axis2P3D Direction',(0.,0.,1.)) ;
#1198=DIRECTION('Axis2P3D Direction',(0.,0.,1.)) ;
#1207=DIRECTION('Axis2P3D Direction',(0.,0.,1.)) ;
#1217=DIRECTION('Axis2P3D Direction',(0.,0.,1.)) ;
#1218=DIRECTION('Axis2P3D XDirection',(1.,0.,0.)) ;
#1222=DIRECTION('Axis2P3D Direction',(0.,0.,1.)) ;
#1231=DIRECTION('Vector Direction',(0.,0.,1.)) ;
#1238=DIRECTION('Axis2P3D Direction',(0.,0.,1.)) ;
#1245=DIRECTION('Vector Direction',(0.,0.,1.)) ;
#1257=DIRECTION('Axis2P3D Direction',(0.,0.,1.)) ;
#1262=DIRECTION('Axis2P3D Direction',(0.,0.,1.)) ;
#1274=DIRECTION('Axis2P3D Direction',(0.,-0.,1.)) ;
#1275=DIRECTION('Axis2P3D XDirection',(1.,-1.83690953073E-016,-0.)) ;
#1279=DIRECTION('Axis2P3D Direction',(0.,-0.,1.)) ;
#1288=DIRECTION('Vector Direction',(0.,0.,1.)) ;
#1295=DIRECTION('Axis2P3D Direction',(0.,-0.,1.)) ;
#1302=DIRECTION('Vector Direction',(0.,0.,1.)) ;
#1314=DIRECTION('Axis2P3D Direction',(0.,0.,1.)) ;
#1315=DIRECTION('Axis2P3D XDirection',(1.,0.,0.)) ;
#1319=DIRECTION('Axis2P3D Direction',(0.,0.,1.)) ;
#1328=DIRECTION('Vector Direction',(0.,-1.,0.)) ;
#1335=DIRECTION('Axis2P3D Direction',(0.,0.,1.)) ;
#1342=DIRECTION('Axis2P3D Direction',(0.,0.,1.)) ;
#1349=DIRECTION('Vector Direction',(0.,1.,0.)) ;
#1356=DIRECTION('Axis2P3D Direction',(0.,0.,1.)) ;
#1363=DIRECTION('Vector Direction',(-1.,0.,0.)) ;
#1370=DIRECTION('Axis2P3D Direction',(0.,0.,1.)) ;
#1377=DIRECTION('Vector Direction',(0.,1.,0.)) ;
#1382=DIRECTION('Axis2P3D Direction',(0.,0.,1.)) ;
#1389=DIRECTION('Vector Direction',(0.,-1.,0.)) ;
#1396=DIRECTION('Axis2P3D Direction',(0.,0.,1.)) ;
#1403=DIRECTION('Vector Direction',(1.,0.,0.)) ;
#1424=DIRECTION('Axis2P3D Direction',(0.,0.,1.)) ;
#1433=DIRECTION('Axis2P3D Direction',(0.,0.,1.)) ;
#1442=DIRECTION('Axis2P3D Direction',(0.,0.,1.)) ;
#1451=DIRECTION('Axis2P3D Direction',(0.,0.,1.)) ;
#1461=DIRECTION('Axis2P3D Direction',(1.,0.,0.)) ;
#1462=DIRECTION('Axis2P3D XDirection',(0.,1.,0.)) ;
#1466=DIRECTION('Vector Direction',(0.,1.,0.)) ;
#1473=DIRECTION('Vector Direction',(0.,0.,1.)) ;
#1485=DIRECTION('Axis2P3D Direction',(0.,0.,1.)) ;
#1486=DIRECTION('Axis2P3D XDirection',(1.,0.,0.)) ;
#1490=DIRECTION('Vector Direction',(1.,0.,0.)) ;
#1499=DIRECTION('Axis2P3D Direction',(0.,0.,1.)) ;
#1506=DIRECTION('Vector Direction',(0.,-1.,0.)) ;
#1513=DIRECTION('Axis2P3D Direction',(0.,0.,1.)) ;
#1518=DIRECTION('Axis2P3D Direction',(0.,0.,1.)) ;
#1525=DIRECTION('Vector Direction',(-1.,0.,0.)) ;
#1532=DIRECTION('Axis2P3D Direction',(0.,0.,1.)) ;
#1539=DIRECTION('Vector Direction',(0.,1.,0.)) ;
#1546=DIRECTION('Axis2P3D Direction',(0.,0.,1.)) ;
#1553=DIRECTION('Axis2P3D Direction',(0.,0.,1.)) ;
#1560=DIRECTION('Vector Direction',(0.,-1.,0.)) ;
#1567=DIRECTION('Axis2P3D Direction',(0.,0.,1.)) ;
#1597=DIRECTION('Axis2P3D Direction',(0.,0.,1.)) ;
#1598=DIRECTION('Axis2P3D XDirection',(1.83690953073E-016,1.,-0.)) ;
#1602=DIRECTION('Vector Direction',(0.,0.,1.)) ;
#1614=DIRECTION('Axis2P3D Direction',(0.,0.,1.)) ;
#1615=DIRECTION('Axis2P3D XDirection',(1.,0.,0.)) ;
#1619=DIRECTION('Vector Direction',(0.,0.,1.)) ;
#1624=DIRECTION('Vector Direction',(0.,0.,1.)) ;
#1636=DIRECTION('Axis2P3D Direction',(-1.,0.,0.)) ;
#1637=DIRECTION('Axis2P3D XDirection',(0.,-1.,0.)) ;
#1641=DIRECTION('Vector Direction',(0.,0.,1.)) ;
#1653=DIRECTION('Axis2P3D Direction',(0.,0.,1.)) ;
#1654=DIRECTION('Axis2P3D XDirection',(-1.,1.83690953073E-016,0.)) ;
#1658=DIRECTION('Vector Direction',(0.,0.,1.)) ;
#1670=DIRECTION('Axis2P3D Direction',(0.,0.,1.)) ;
#1671=DIRECTION('Axis2P3D XDirection',(-1.83690953073E-016,-1.,-0.)) ;
#1675=DIRECTION('Vector Direction',(0.,0.,1.)) ;
#1687=DIRECTION('Axis2P3D Direction',(1.,0.,0.)) ;
#1688=DIRECTION('Axis2P3D XDirection',(0.,1.,0.)) ;
#1692=DIRECTION('Vector Direction',(0.,0.,1.)) ;
#1704=DIRECTION('Axis2P3D Direction',(0.,-0.,1.)) ;
#1705=DIRECTION('Axis2P3D XDirection',(1.,-1.83690953073E-016,-0.)) ;
#1709=DIRECTION('Vector Direction',(0.,0.,1.)) ;
#1721=DIRECTION('Axis2P3D Direction',(0.,1.,-0.)) ;
#1722=DIRECTION('Axis2P3D XDirection',(-1.,0.,0.)) ;
#1726=DIRECTION('Vector Direction',(0.,0.,1.)) ;
#1738=DIRECTION('Axis2P3D Direction',(0.,0.,1.)) ;
#1739=DIRECTION('Axis2P3D XDirection',(-1.,0.,0.)) ;
#1750=DIRECTION('Axis2P3D Direction',(-1.,0.,0.)) ;
#1751=DIRECTION('Axis2P3D XDirection',(0.,-1.,0.)) ;
#1755=DIRECTION('Vector Direction',(0.,0.,1.)) ;
#1767=DIRECTION('Axis2P3D Direction',(0.,0.,1.)) ;
#1768=DIRECTION('Axis2P3D XDirection',(-1.,1.83690953073E-016,0.)) ;
#1772=DIRECTION('Vector Direction',(0.,0.,1.)) ;
#1784=DIRECTION('Axis2P3D Direction',(0.,-1.,0.)) ;
#1785=DIRECTION('Axis2P3D XDirection',(1.,0.,0.)) ;
#1796=DIRECTION('Vector Direction',(0.,0.,1.)) ;
#1801=DIRECTION('Vector Direction',(0.,0.,1.)) ;
#1820=DIRECTION('Vector Direction',(0.,0.,1.)) ;
#1825=DIRECTION('Vector Direction',(0.,0.,1.)) ;
#1844=DIRECTION('Axis2P3D Direction',(0.,0.,-1.)) ;
#1845=DIRECTION('Axis2P3D XDirection',(-1.83690953073E-016,1.,-0.)) ;
#1849=DIRECTION('Axis2P3D Direction',(0.,0.,-1.)) ;
#1858=DIRECTION('Vector Direction',(0.,0.,-1.)) ;
#1865=DIRECTION('Axis2P3D Direction',(0.,0.,-1.)) ;
#1872=DIRECTION('Vector Direction',(0.,0.,-1.)) ;
#1884=DIRECTION('Axis2P3D Direction',(0.,0.,1.)) ;
#1885=DIRECTION('Axis2P3D XDirection',(1.,0.,0.)) ;
#1889=DIRECTION('Vector Direction',(1.,0.,0.)) ;
#1898=DIRECTION('Axis2P3D Direction',(0.,0.,1.)) ;
#1905=DIRECTION('Vector Direction',(0.,-1.,0.)) ;
#1912=DIRECTION('Axis2P3D Direction',(0.,0.,1.)) ;
#1917=DIRECTION('Vector Direction',(0.,1.,0.)) ;
#1924=DIRECTION('Axis2P3D Direction',(0.,0.,1.)) ;
#1931=DIRECTION('Vector Direction',(-1.,0.,0.)) ;
#1938=DIRECTION('Axis2P3D Direction',(0.,0.,1.)) ;
#1945=DIRECTION('Vector Direction',(0.,1.,0.)) ;
#1952=DIRECTION('Axis2P3D Direction',(0.,0.,1.)) ;
#1959=DIRECTION('Axis2P3D Direction',(0.,0.,1.)) ;
#1966=DIRECTION('Vector Direction',(0.,-1.,0.)) ;
#1973=DIRECTION('Axis2P3D Direction',(0.,0.,1.)) ;
#1994=DIRECTION('Axis2P3D Direction',(0.,0.,1.)) ;
#2003=DIRECTION('Axis2P3D Direction',(0.,0.,1.)) ;
#2012=DIRECTION('Axis2P3D Direction',(0.,0.,1.)) ;
#2021=DIRECTION('Axis2P3D Direction',(0.,0.,1.)) ;
#2031=DIRECTION('Axis2P3D Direction',(0.,0.,-1.)) ;
#2032=DIRECTION('Axis2P3D XDirection',(-1.,-1.83690953073E-016,-0.)) ;
#2036=DIRECTION('Vector Direction',(0.,0.,-1.)) ;
#2043=DIRECTION('Axis2P3D Direction',(0.,0.,-1.)) ;
#2055=DIRECTION('Axis2P3D Direction',(0.,0.,1.)) ;
#2056=DIRECTION('Axis2P3D XDirection',(1.,0.,0.)) ;
#2060=DIRECTION('Axis2P3D Direction',(0.,0.,1.)) ;
#2069=DIRECTION('Vector Direction',(0.,-1.,0.)) ;
#2076=DIRECTION('Axis2P3D Direction',(0.,0.,1.)) ;
#2083=DIRECTION('Axis2P3D Direction',(0.,0.,1.)) ;
#2090=DIRECTION('Vector Direction',(0.,1.,0.)) ;
#2097=DIRECTION('Axis2P3D Direction',(0.,0.,1.)) ;
#2104=DIRECTION('Vector Direction',(-1.,0.,0.)) ;
#2111=DIRECTION('Axis2P3D Direction',(0.,0.,1.)) ;
#2118=DIRECTION('Vector Direction',(0.,1.,0.)) ;
#2123=DIRECTION('Vector Direction',(0.,-1.,0.)) ;
#2130=DIRECTION('Axis2P3D Direction',(0.,0.,1.)) ;
#2137=DIRECTION('Vector Direction',(1.,0.,0.)) ;
#2167=DIRECTION('Vector Direction',(0.,0.,-1.)) ;
#2179=DIRECTION('Axis2P3D Direction',(0.,0.,-1.)) ;
#2180=DIRECTION('Axis2P3D XDirection',(0.,1.,0.)) ;
#2184=DIRECTION('Vector Direction',(0.,0.,-1.)) ;
#2189=DIRECTION('Vector Direction',(0.,0.,-1.)) ;
#2201=DIRECTION('Vector Direction',(0.,0.,-1.)) ;
#2213=DIRECTION('Axis2P3D Direction',(0.,0.,-1.)) ;
#2214=DIRECTION('Axis2P3D XDirection',(1.83690953073E-016,-1.,-0.)) ;
#2218=DIRECTION('Vector Direction',(0.,0.,-1.)) ;
#2230=DIRECTION('Axis2P3D Direction',(0.,0.,-1.)) ;
#2231=DIRECTION('Axis2P3D XDirection',(1.,1.83690953073E-016,0.)) ;
#2235=DIRECTION('Vector Direction',(0.,0.,-1.)) ;
#2247=DIRECTION('Vector Direction',(0.,0.,-1.)) ;
#2259=DIRECTION('Axis2P3D Direction',(0.,0.,-1.)) ;
#2260=DIRECTION('Axis2P3D XDirection',(-1.83690953073E-016,1.,-0.)) ;
#2264=DIRECTION('Vector Direction',(0.,0.,-1.)) ;
#2276=DIRECTION('Vector Direction',(0.,0.,-1.)) ;
#2288=DIRECTION('Axis2P3D Direction',(0.,0.,-1.)) ;
#2289=DIRECTION('Axis2P3D XDirection',(0.,-1.,0.)) ;
#2300=DIRECTION('Vector Direction',(0.,0.,-1.)) ;
#2312=DIRECTION('Axis2P3D Direction',(0.,0.,-1.)) ;
#2313=DIRECTION('Axis2P3D XDirection',(1.83690953073E-016,-1.,-0.)) ;
#2317=DIRECTION('Vector Direction',(0.,0.,-1.)) ;
#2336=DIRECTION('Vector Direction',(0.,0.,1.)) ;
#2341=DIRECTION('Vector Direction',(0.,0.,1.)) ;
#2360=DIRECTION('Vector Direction',(0.,0.,1.)) ;
#2365=DIRECTION('Vector Direction',(0.,0.,1.)) ;
#2388=DIRECTION('Axis2P3D Direction',(-1.,0.,0.)) ;
#2389=DIRECTION('Axis2P3D XDirection',(0.,-1.,0.)) ;
#2393=DIRECTION('Vector Direction',(0.,0.,-1.)) ;
#2402=DIRECTION('Vector Direction',(0.,-1.,0.)) ;
#2409=DIRECTION('Vector Direction',(0.,0.,1.)) ;
#2416=DIRECTION('Vector Direction',(0.,1.,0.)) ;
#2427=DIRECTION('Vector Direction',(0.,-1.,0.)) ;
#2436=DIRECTION('Vector Direction',(0.,0.,1.)) ;
#2443=DIRECTION('Vector Direction',(0.,-1.,0.)) ;
#2450=DIRECTION('Vector Direction',(0.,0.,1.)) ;
#2462=DIRECTION('Axis2P3D Direction',(1.,-0.,0.)) ;
#2463=DIRECTION('Axis2P3D XDirection',(0.,1.,-0.)) ;
#2467=DIRECTION('Vector Direction',(0.,1.,0.)) ;
#2476=DIRECTION('Vector Direction',(0.,0.,1.)) ;
#2483=DIRECTION('Vector Direction',(0.,-1.,0.)) ;
#2490=DIRECTION('Vector Direction',(0.,0.,-1.)) ;
#2502=DIRECTION('Axis2P3D Direction',(0.,-1.,0.)) ;
#2503=DIRECTION('Axis2P3D XDirection',(0.,0.,-1.)) ;
#2507=DIRECTION('Vector Direction',(1.,0.,0.)) ;
#2512=DIRECTION('Vector Direction',(1.,0.,0.)) ;
#2524=DIRECTION('Axis2P3D Direction',(-0.,0.,1.)) ;
#2525=DIRECTION('Axis2P3D XDirection',(0.,-1.,0.)) ;
#2529=DIRECTION('Vector Direction',(1.,0.,0.)) ;
#2541=DIRECTION('Axis2P3D Direction',(0.,1.,0.)) ;
#2542=DIRECTION('Axis2P3D XDirection',(0.,0.,1.)) ;
#2546=DIRECTION('Vector Direction',(1.,0.,0.)) ;
#2558=DIRECTION('Axis2P3D Direction',(0.,0.,-1.)) ;
#2559=DIRECTION('Axis2P3D XDirection',(0.,1.,0.)) ;
#2570=DIRECTION('Axis2P3D Direction',(0.,0.,1.)) ;
#2571=DIRECTION('Axis2P3D XDirection',(1.,0.,0.)) ;
#2575=DIRECTION('Axis2P3D Direction',(0.,0.,1.)) ;
#2582=DIRECTION('Vector Direction',(0.,0.,1.)) ;
#2589=DIRECTION('Axis2P3D Direction',(0.,0.,1.)) ;
#2601=DIRECTION('Axis2P3D Direction',(0.,0.,1.)) ;
#2602=DIRECTION('Axis2P3D XDirection',(1.,0.,0.)) ;
#2606=DIRECTION('Axis2P3D Direction',(0.,0.,1.)) ;
#2613=DIRECTION('Vector Direction',(0.,1.,0.)) ;
#2625=DIRECTION('Axis2P3D Direction',(1.,0.,0.)) ;
#2626=DIRECTION('Axis2P3D XDirection',(0.,1.,0.)) ;
#2630=DIRECTION('Vector Direction',(0.,0.,1.)) ;
#2637=DIRECTION('Vector Direction',(0.,1.,0.)) ;
#2649=DIRECTION('Axis2P3D Direction',(0.,0.,1.)) ;
#2650=DIRECTION('Axis2P3D XDirection',(1.,0.,0.)) ;
#2654=DIRECTION('Axis2P3D Direction',(0.,0.,1.)) ;
#2666=DIRECTION('Axis2P3D Direction',(0.,0.,1.)) ;
#2667=DIRECTION('Axis2P3D XDirection',(-1.,1.22460635382E-016,0.)) ;
#2687=DIRECTION('NONE',(1.,0.,0.)) ;
#2688=DIRECTION('NONE',(0.,0.,1.)) ;
#2689=DIRECTION('NONE',(1.,-6.1564081025E-014,-5.05615245727E-018)) ;
#2690=DIRECTION('NONE',(5.05615245726E-018,-7.90048938078E-017,1.)) ;
#2703=DIRECTION('Axis2P3D Direction',(0.,0.,1.)) ;
#2704=DIRECTION('Axis2P3D XDirection',(1.,0.,0.)) ;
#2708=DIRECTION('Axis2P3D Direction',(0.,0.,1.)) ;
#2717=DIRECTION('Axis2P3D Direction',(0.,0.,1.)) ;
#2727=DIRECTION('Axis2P3D Direction',(0.,0.,1.)) ;
#2728=DIRECTION('Axis2P3D XDirection',(1.,0.,0.)) ;
#2732=DIRECTION('Axis2P3D Direction',(0.,0.,1.)) ;
#2741=DIRECTION('Axis2P3D Direction',(0.,0.,1.)) ;
#2751=DIRECTION('Axis2P3D Direction',(0.,0.,1.)) ;
#2752=DIRECTION('Axis2P3D XDirection',(-1.,1.22460635382E-016,0.)) ;
#2756=DIRECTION('Axis2P3D Direction',(0.,0.,1.)) ;
#2765=DIRECTION('Vector Direction',(0.,0.,1.)) ;
#2772=DIRECTION('Axis2P3D Direction',(0.,0.,1.)) ;
#2779=DIRECTION('Vector Direction',(0.,0.,1.)) ;
#2791=DIRECTION('Axis2P3D Direction',(0.,0.,1.)) ;
#2796=DIRECTION('Axis2P3D Direction',(0.,0.,1.)) ;
#2808=DIRECTION('Axis2P3D Direction',(0.,0.,1.)) ;
#2817=DIRECTION('Axis2P3D Direction',(0.,0.,1.)) ;
#2827=DIRECTION('Axis2P3D Direction',(0.,0.,1.)) ;
#2836=DIRECTION('Axis2P3D Direction',(0.,0.,1.)) ;
#2846=DIRECTION('Axis2P3D Direction',(0.,0.,1.)) ;
#2847=DIRECTION('Axis2P3D XDirection',(-1.,1.22460635382E-016,0.)) ;
#2851=DIRECTION('Axis2P3D Direction',(0.,0.,1.)) ;
#2860=DIRECTION('Vector Direction',(0.,0.,1.)) ;
#2867=DIRECTION('Axis2P3D Direction',(0.,0.,1.)) ;
#2874=DIRECTION('Vector Direction',(0.,0.,1.)) ;
#2886=DIRECTION('Axis2P3D Direction',(0.,0.,1.)) ;
#2891=DIRECTION('Axis2P3D Direction',(0.,0.,1.)) ;
#2903=DIRECTION('Axis2P3D Direction',(0.,0.,1.)) ;
#2912=DIRECTION('Axis2P3D Direction',(0.,0.,1.)) ;
#2922=DIRECTION('Axis2P3D Direction',(0.,0.,1.)) ;
#2931=DIRECTION('Axis2P3D Direction',(0.,0.,1.)) ;
#2941=DIRECTION('Axis2P3D Direction',(0.,0.,1.)) ;
#2942=DIRECTION('Axis2P3D XDirection',(-1.,4.49754708302E-014,0.)) ;
#2946=DIRECTION('Axis2P3D Direction',(0.,0.,1.)) ;
#2955=DIRECTION('Vector Direction',(0.,0.,1.)) ;
#2962=DIRECTION('Axis2P3D Direction',(0.,0.,1.)) ;
#2969=DIRECTION('Vector Direction',(0.,0.,1.)) ;
#2981=DIRECTION('Axis2P3D Direction',(0.,0.,1.)) ;
#2986=DIRECTION('Axis2P3D Direction',(0.,0.,1.)) ;
#2998=DIRECTION('Axis2P3D Direction',(0.,0.,1.)) ;
#3007=DIRECTION('Axis2P3D Direction',(0.,0.,1.)) ;
#3017=DIRECTION('Axis2P3D Direction',(0.,0.,1.)) ;
#3026=DIRECTION('Axis2P3D Direction',(0.,0.,1.)) ;
#3036=DIRECTION('Axis2P3D Direction',(0.,0.,1.)) ;
#3037=DIRECTION('Axis2P3D XDirection',(-1.,1.22460635382E-016,0.)) ;
#3041=DIRECTION('Axis2P3D Direction',(0.,0.,1.)) ;
#3050=DIRECTION('Vector Direction',(0.,0.,1.)) ;
#3057=DIRECTION('Axis2P3D Direction',(0.,0.,1.)) ;
#3064=DIRECTION('Vector Direction',(0.,0.,1.)) ;
#3076=DIRECTION('Axis2P3D Direction',(0.,0.,1.)) ;
#3081=DIRECTION('Axis2P3D Direction',(0.,0.,1.)) ;
#3093=DIRECTION('Axis2P3D Direction',(-0.,1.,0.)) ;
#3094=DIRECTION('Axis2P3D XDirection',(0.87758256189,0.,-0.479425538604)) ;
#3098=DIRECTION('Vector Direction',(0.,1.,0.)) ;
#3107=DIRECTION('Axis2P3D Direction',(-0.,1.,0.)) ;
#3114=DIRECTION('Vector Direction',(0.,1.,0.)) ;
#3121=DIRECTION('Axis2P3D Direction',(-0.,1.,0.)) ;
#3133=DIRECTION('Axis2P3D Direction',(0.,1.,0.)) ;
#3134=DIRECTION('Axis2P3D XDirection',(-1.,0.,0.)) ;
#3138=DIRECTION('Vector Direction',(0.,0.,-1.)) ;
#3147=DIRECTION('Vector Direction',(-1.,0.,0.)) ;
#3154=DIRECTION('Vector Direction',(0.,0.,-1.)) ;
#3161=DIRECTION('Vector Direction',(1.,0.,0.)) ;
#3168=DIRECTION('Vector Direction',(0.,0.,-1.)) ;
#3175=DIRECTION('Vector Direction',(-1.,0.,0.)) ;
#3182=DIRECTION('Vector Direction',(0.,0.,-1.)) ;
#3189=DIRECTION('Vector Direction',(1.,0.,0.)) ;
#3196=DIRECTION('Vector Direction',(0.,0.,-1.)) ;
#3203=DIRECTION('Vector Direction',(1.,0.,0.)) ;
#3210=DIRECTION('Vector Direction',(0.,0.,-1.)) ;
#3217=DIRECTION('Vector Direction',(-1.,0.,0.)) ;
#3224=DIRECTION('Vector Direction',(0.,0.,-1.)) ;
#3231=DIRECTION('Vector Direction',(1.,0.,0.)) ;
#3238=DIRECTION('Vector Direction',(0.,0.,-1.)) ;
#3245=DIRECTION('Axis2P3D Direction',(0.,1.,0.)) ;
#3252=DIRECTION('Vector Direction',(-1.,0.,0.)) ;
#3259=DIRECTION('Vector Direction',(0.,0.,-1.)) ;
#3266=DIRECTION('Vector Direction',(-1.,0.,0.)) ;
#3273=DIRECTION('Axis2P3D Direction',(0.,1.,0.)) ;
#3280=DIRECTION('Axis2P3D Direction',(0.,1.,0.)) ;
#3287=DIRECTION('Vector Direction',(-1.,0.,0.)) ;
#3294=DIRECTION('Vector Direction',(0.,0.,1.)) ;
#3301=DIRECTION('Vector Direction',(-1.,0.,0.)) ;
#3308=DIRECTION('Axis2P3D Direction',(0.,1.,0.)) ;
#3315=DIRECTION('Vector Direction',(-1.,0.,0.)) ;
#3322=DIRECTION('Vector Direction',(0.,0.,1.)) ;
#3329=DIRECTION('Vector Direction',(-1.,0.,0.)) ;
#3336=DIRECTION('Axis2P3D Direction',(0.,1.,0.)) ;
#3343=DIRECTION('Axis2P3D Direction',(0.,1.,0.)) ;
#3350=DIRECTION('Vector Direction',(-1.,0.,0.)) ;
#3357=DIRECTION('Vector Direction',(0.,0.,-1.)) ;
#3364=DIRECTION('Vector Direction',(-1.,0.,0.)) ;
#3371=DIRECTION('Axis2P3D Direction',(0.,1.,0.)) ;
#3412=DIRECTION('Axis2P3D Direction',(0.,1.,0.)) ;
#3422=DIRECTION('Axis2P3D Direction',(-0.,1.,0.)) ;
#3434=DIRECTION('Axis2P3D Direction',(0.,1.,0.)) ;
#3435=DIRECTION('Axis2P3D XDirection',(-1.,0.,0.)) ;
#3439=DIRECTION('Axis2P3D Direction',(0.,1.,0.)) ;
#3448=DIRECTION('Vector Direction',(1.,0.,0.)) ;
#3455=DIRECTION('Vector Direction',(0.,0.,-1.)) ;
#3462=DIRECTION('Vector Direction',(1.,0.,0.)) ;
#3469=DIRECTION('Axis2P3D Direction',(0.,1.,0.)) ;
#3476=DIRECTION('Axis2P3D Direction',(0.,1.,0.)) ;
#3483=DIRECTION('Vector Direction',(1.,0.,0.)) ;
#3490=DIRECTION('Vector Direction',(0.,0.,1.)) ;
#3497=DIRECTION('Vector Direction',(1.,0.,0.)) ;
#3504=DIRECTION('Axis2P3D Direction',(0.,1.,0.)) ;
#3511=DIRECTION('Vector Direction',(1.,0.,0.)) ;
#3518=DIRECTION('Vector Direction',(0.,0.,1.)) ;
#3525=DIRECTION('Vector Direction',(1.,0.,0.)) ;
#3532=DIRECTION('Axis2P3D Direction',(0.,1.,0.)) ;
#3539=DIRECTION('Axis2P3D Direction',(0.,1.,0.)) ;
#3546=DIRECTION('Vector Direction',(1.,0.,0.)) ;
#3553=DIRECTION('Vector Direction',(0.,0.,-1.)) ;
#3560=DIRECTION('Vector Direction',(1.,0.,0.)) ;
#3567=DIRECTION('Axis2P3D Direction',(0.,1.,0.)) ;
#3574=DIRECTION('Vector Direction',(0.,0.,-1.)) ;
#3581=DIRECTION('Vector Direction',(1.,0.,0.)) ;
#3588=DIRECTION('Vector Direction',(0.,0.,-1.)) ;
#3595=DIRECTION('Vector Direction',(-1.,0.,0.)) ;
#3602=DIRECTION('Vector Direction',(0.,0.,-1.)) ;
#3609=DIRECTION('Vector Direction',(1.,0.,0.)) ;
#3616=DIRECTION('Vector Direction',(0.,0.,-1.)) ;
#3623=DIRECTION('Vector Direction',(1.,0.,0.)) ;
#3630=DIRECTION('Vector Direction',(0.,0.,-1.)) ;
#3637=DIRECTION('Vector Direction',(-1.,0.,0.)) ;
#3644=DIRECTION('Vector Direction',(0.,0.,-1.)) ;
#3651=DIRECTION('Vector Direction',(1.,0.,0.)) ;
#3658=DIRECTION('Vector Direction',(0.,0.,-1.)) ;
#3665=DIRECTION('Vector Direction',(-1.,0.,0.)) ;
#3672=DIRECTION('Vector Direction',(0.,0.,-1.)) ;
#3718=DIRECTION('Axis2P3D Direction',(0.,1.,0.)) ;
#3719=DIRECTION('Axis2P3D XDirection',(-1.,0.,0.)) ;
#3723=DIRECTION('Vector Direction',(0.,1.,0.)) ;
#3728=DIRECTION('Vector Direction',(0.,1.,0.)) ;
#3740=DIRECTION('Axis2P3D Direction',(0.,0.,1.)) ;
#3741=DIRECTION('Axis2P3D XDirection',(1.,0.,0.)) ;
#3745=DIRECTION('Axis2P3D Direction',(0.,0.,1.)) ;
#3752=DIRECTION('Axis2P3D Direction',(0.,0.,1.)) ;
#3759=DIRECTION('Vector Direction',(0.,1.,0.)) ;
#3772=DIRECTION('Axis2P3D Direction',(0.,0.,1.)) ;
#3781=DIRECTION('Axis2P3D Direction',(0.,0.,1.)) ;
#3790=DIRECTION('Axis2P3D Direction',(0.,0.,1.)) ;
#3799=DIRECTION('Axis2P3D Direction',(0.,0.,1.)) ;
#3809=DIRECTION('Axis2P3D Direction',(0.,0.,-1.)) ;
#3810=DIRECTION('Axis2P3D XDirection',(1.83690953073E-016,-1.,-0.)) ;
#3814=DIRECTION('Axis2P3D Direction',(0.,0.,-1.)) ;
#3821=DIRECTION('Vector Direction',(0.,0.,-1.)) ;
#3833=DIRECTION('Axis2P3D Direction',(0.,0.,1.)) ;
#3834=DIRECTION('Axis2P3D XDirection',(1.,0.,0.)) ;
#3838=DIRECTION('Vector Direction',(0.,1.,0.)) ;
#3845=DIRECTION('Vector Direction',(0.,1.,0.)) ;
#3850=DIRECTION('Axis2P3D Direction',(0.,0.,1.)) ;
#3872=DIRECTION('Vector Direction',(0.,1.,0.)) ;
#3884=DIRECTION('Vector Direction',(0.,1.,0.)) ;
#3896=DIRECTION('Axis2P3D Direction',(0.,0.,1.)) ;
#3897=DIRECTION('Axis2P3D XDirection',(1.,0.,0.)) ;
#3901=DIRECTION('Axis2P3D Direction',(0.,0.,1.)) ;
#3908=DIRECTION('Axis2P3D Direction',(0.,0.,1.)) ;
#3915=DIRECTION('Vector Direction',(0.,1.,0.)) ;
#3937=DIRECTION('Axis2P3D Direction',(0.,0.,1.)) ;
#3938=DIRECTION('Axis2P3D XDirection',(-1.,1.83690953073E-016,0.)) ;
#3942=DIRECTION('Axis2P3D Direction',(0.,0.,1.)) ;
#3949=DIRECTION('Vector Direction',(0.,0.,1.)) ;
#3961=DIRECTION('Axis2P3D Direction',(0.,0.,1.)) ;
#3962=DIRECTION('Axis2P3D XDirection',(1.,0.,0.)) ;
#3966=DIRECTION('Vector Direction',(0.,1.,0.)) ;
#3973=DIRECTION('Vector Direction',(0.,1.,0.)) ;
#3978=DIRECTION('Axis2P3D Direction',(0.,0.,1.)) ;
#3991=DIRECTION('Axis2P3D Direction',(0.,0.,1.)) ;
#4000=DIRECTION('Axis2P3D Direction',(0.,0.,1.)) ;
#4009=DIRECTION('Axis2P3D Direction',(0.,0.,1.)) ;
#4018=DIRECTION('Axis2P3D Direction',(0.,0.,1.)) ;
#4028=DIRECTION('Vector Direction',(0.,1.,0.)) ;
#4040=DIRECTION('Axis2P3D Direction',(0.,0.,1.)) ;
#4047=DIRECTION('Vector Direction',(0.,-1.,0.)) ;
#4054=DIRECTION('Axis2P3D Direction',(0.,0.,1.)) ;
#4067=DIRECTION('Axis2P3D Direction',(0.,0.,1.)) ;
#4076=DIRECTION('Axis2P3D Direction',(0.,0.,1.)) ;
#4085=DIRECTION('Axis2P3D Direction',(0.,0.,1.)) ;
#4094=DIRECTION('Axis2P3D Direction',(0.,0.,1.)) ;
#4104=DIRECTION('Axis2P3D Direction',(0.,0.,1.)) ;
#4105=DIRECTION('Axis2P3D XDirection',(-1.83690953073E-016,-1.,-0.)) ;
#4109=DIRECTION('Axis2P3D Direction',(0.,0.,1.)) ;
#4116=DIRECTION('Vector Direction',(0.,0.,1.)) ;
#4128=DIRECTION('Axis2P3D Direction',(0.,0.,1.)) ;
#4135=DIRECTION('Vector Direction',(0.,-1.,0.)) ;
#4140=DIRECTION('Vector Direction',(0.,1.,0.)) ;
#4162=DIRECTION('Vector Direction',(0.,1.,0.)) ;
#4174=DIRECTION('Vector Direction',(0.,1.,0.)) ;
#4186=DIRECTION('Axis2P3D Direction',(0.,0.,1.)) ;
#4193=DIRECTION('Vector Direction',(0.,-1.,0.)) ;
#4200=DIRECTION('Axis2P3D Direction',(0.,0.,1.)) ;
#4222=DIRECTION('Axis2P3D Direction',(0.,0.,-1.)) ;
#4223=DIRECTION('Axis2P3D XDirection',(1.,1.83690953073E-016,0.)) ;
#4227=DIRECTION('Axis2P3D Direction',(0.,0.,-1.)) ;
#4234=DIRECTION('Vector Direction',(0.,0.,-1.)) ;
#4246=DIRECTION('Axis2P3D Direction',(0.,0.,1.)) ;
#4253=DIRECTION('Vector Direction',(0.,-1.,0.)) ;
#4258=DIRECTION('Vector Direction',(0.,1.,0.)) ;
#4271=DIRECTION('Axis2P3D Direction',(0.,0.,1.)) ;
#4280=DIRECTION('Axis2P3D Direction',(0.,0.,1.)) ;
#4289=DIRECTION('Axis2P3D Direction',(0.,0.,1.)) ;
#4298=DIRECTION('Axis2P3D Direction',(0.,0.,1.)) ;
#4308=DIRECTION('Vector Direction',(0.,1.,0.)) ;
#4320=DIRECTION('Axis2P3D Direction',(1.,-0.,0.)) ;
#4321=DIRECTION('Axis2P3D XDirection',(0.,0.,-1.)) ;
#4325=DIRECTION('Vector Direction',(0.,1.,0.)) ;
#4337=DIRECTION('Axis2P3D Direction',(0.,0.,-1.)) ;
#4338=DIRECTION('Axis2P3D XDirection',(-1.,0.,0.)) ;
#4342=DIRECTION('Vector Direction',(0.,1.,0.)) ;
#4354=DIRECTION('Axis2P3D Direction',(1.,-0.,0.)) ;
#4355=DIRECTION('Axis2P3D XDirection',(0.,0.,-1.)) ;
#4359=DIRECTION('Vector Direction',(0.,1.,0.)) ;
#4371=DIRECTION('Axis2P3D Direction',(0.,0.,1.)) ;
#4372=DIRECTION('Axis2P3D XDirection',(1.,0.,0.)) ;
#4376=DIRECTION('Vector Direction',(0.,1.,0.)) ;
#4388=DIRECTION('Vector Direction',(0.,1.,0.)) ;
#4400=DIRECTION('Axis2P3D Direction',(0.,0.,-1.)) ;
#4401=DIRECTION('Axis2P3D XDirection',(-1.,0.,0.)) ;
#4405=DIRECTION('Vector Direction',(0.,1.,0.)) ;
#4417=DIRECTION('Vector Direction',(0.,1.,0.)) ;
#4429=DIRECTION('Axis2P3D Direction',(0.,0.,1.)) ;
#4430=DIRECTION('Axis2P3D XDirection',(1.,0.,0.)) ;
#4434=DIRECTION('Vector Direction',(0.,1.,0.)) ;
#4446=DIRECTION('Axis2P3D Direction',(1.,-0.,0.)) ;
#4447=DIRECTION('Axis2P3D XDirection',(0.,0.,-1.)) ;
#4451=DIRECTION('Vector Direction',(0.,1.,0.)) ;
#4463=DIRECTION('Vector Direction',(0.,1.,0.)) ;
#4475=DIRECTION('Axis2P3D Direction',(1.,-0.,0.)) ;
#4476=DIRECTION('Axis2P3D XDirection',(0.,0.,-1.)) ;
#4480=DIRECTION('Vector Direction',(0.,1.,0.)) ;
#4492=DIRECTION('Vector Direction',(0.,1.,0.)) ;
#4504=DIRECTION('Vector Direction',(0.,1.,0.)) ;
#4516=DIRECTION('Vector Direction',(0.,1.,0.)) ;
#4535=DIRECTION('Axis2P3D Direction',(0.,0.,-1.)) ;
#4536=DIRECTION('Axis2P3D XDirection',(-1.,-1.83690953073E-016,-0.)) ;
#4540=DIRECTION('Vector Direction',(0.,0.,-1.)) ;
#4552=DIRECTION('Axis2P3D Direction',(0.,0.,1.)) ;
#4553=DIRECTION('Axis2P3D XDirection',(1.83690953073E-016,1.,-0.)) ;
#4557=DIRECTION('Vector Direction',(0.,0.,1.)) ;
#4569=DIRECTION('Axis2P3D Direction',(0.,-0.,1.)) ;
#4570=DIRECTION('Axis2P3D XDirection',(1.,-1.83690953073E-016,-0.)) ;
#4574=DIRECTION('Vector Direction',(0.,0.,1.)) ;
#4586=DIRECTION('Axis2P3D Direction',(0.,0.,-1.)) ;
#4587=DIRECTION('Axis2P3D XDirection',(-1.83690953073E-016,1.,-0.)) ;
#4591=DIRECTION('Vector Direction',(0.,0.,-1.)) ;
#4603=DIRECTION('Axis2P3D Direction',(1.,0.,0.)) ;
#4604=DIRECTION('Axis2P3D XDirection',(0.,1.,0.)) ;
#4615=DIRECTION('Axis2P3D Direction',(0.,0.,1.)) ;
#4616=DIRECTION('Axis2P3D XDirection',(1.,0.,0.)) ;
#4620=DIRECTION('Vector Direction',(0.,0.,1.)) ;
#4625=DIRECTION('Vector Direction',(0.,0.,1.)) ;
#4644=DIRECTION('Axis2P3D Direction',(0.,0.,1.)) ;
#4645=DIRECTION('Axis2P3D XDirection',(1.,0.,0.)) ;
#4649=DIRECTION('Vector Direction',(0.,0.,1.)) ;
#4654=DIRECTION('Vector Direction',(0.,0.,1.)) ;
#4680=DIRECTION('Vector Direction',(0.,0.,1.)) ;
#4685=DIRECTION('Vector Direction',(0.,0.,1.)) ;
#4704=DIRECTION('Vector Direction',(0.,0.,1.)) ;
#4709=DIRECTION('Vector Direction',(0.,0.,1.)) ;
#4728=DIRECTION('Axis2P3D Direction',(-1.,0.,0.)) ;
#4729=DIRECTION('Axis2P3D XDirection',(0.,-1.,0.)) ;
#4740=DIRECTION('Vector Direction',(0.,0.,1.)) ;
#4745=DIRECTION('Vector Direction',(0.,0.,1.)) ;
#4764=DIRECTION('Vector Direction',(0.,0.,1.)) ;
#4769=DIRECTION('Vector Direction',(0.,0.,1.)) ;
#4795=DIRECTION('Vector Direction',(0.,0.,1.)) ;
#4800=DIRECTION('Vector Direction',(0.,0.,1.)) ;
#4819=DIRECTION('Vector Direction',(0.,0.,1.)) ;
#4824=DIRECTION('Vector Direction',(0.,0.,1.)) ;
#4854=DIRECTION('NONE',(1.,0.,0.)) ;
#4855=DIRECTION('NONE',(0.,0.,1.)) ;
#4856=DIRECTION('NONE',(1.,-4.32158323467E-018,-3.3033789939E-017)) ;
#4857=DIRECTION('NONE',(3.3033789939E-017,-1.50503192813E-016,1.)) ;
#4870=DIRECTION('Axis2P3D Direction',(0.,0.,1.)) ;
#4871=DIRECTION('Axis2P3D XDirection',(1.,0.,0.)) ;
#4875=DIRECTION('Axis2P3D Direction',(0.,0.,1.)) ;
#4884=DIRECTION('Axis2P3D Direction',(0.,0.,1.)) ;
#4894=DIRECTION('Axis2P3D Direction',(0.,0.,1.)) ;
#4895=DIRECTION('Axis2P3D XDirection',(1.,0.,0.)) ;
#4899=DIRECTION('Vector Direction',(0.,0.,1.)) ;
#4906=DIRECTION('Vector Direction',(0.,0.,1.)) ;
#4913=DIRECTION('Axis2P3D Direction',(0.,0.,1.)) ;
#4925=DIRECTION('Axis2P3D Direction',(0.,0.,1.)) ;
#4937=DIRECTION('Axis2P3D Direction',(0.,0.,1.)) ;
#4938=DIRECTION('Axis2P3D XDirection',(1.,0.,0.)) ;
#4942=DIRECTION('Axis2P3D Direction',(0.,0.,1.)) ;
#4951=DIRECTION('Axis2P3D Direction',(0.,0.,1.)) ;
#4965=DIRECTION('Axis2P3D Direction',(0.,0.,1.)) ;
#4966=DIRECTION('Axis2P3D XDirection',(1.,0.,0.)) ;
#4970=DIRECTION('Vector Direction',(0.,0.,1.)) ;
#4977=DIRECTION('Axis2P3D Direction',(0.,0.,1.)) ;
#4984=DIRECTION('Vector Direction',(0.,0.,1.)) ;
#4996=DIRECTION('Axis2P3D Direction',(0.,0.,1.)) ;
#5008=DIRECTION('Axis2P3D Direction',(0.,0.,1.)) ;
#5009=DIRECTION('Axis2P3D XDirection',(0.878598428669,-0.47756130616,0.)) ;
#5013=DIRECTION('Axis2P3D Direction',(0.,0.,1.)) ;
#5022=DIRECTION('Vector Direction',(0.,0.,1.)) ;
#5029=DIRECTION('Axis2P3D Direction',(0.,0.,1.)) ;
#5036=DIRECTION('Vector Direction',(0.,0.,1.)) ;
#5048=DIRECTION('Axis2P3D Direction',(-0.836437393241,-0.548062484749,-0.)) ;
#5049=DIRECTION('Axis2P3D XDirection',(-0.548062484749,0.836437393241,0.)) ;
#5053=DIRECTION('Vector Direction',(-0.548062484749,0.836437393241,0.)) ;
#5060=DIRECTION('Vector Direction',(0.,0.,-1.)) ;
#5067=DIRECTION('Vector Direction',(-0.548062484749,0.836437393241,0.)) ;
#5079=DIRECTION('Axis2P3D Direction',(-0.836437393241,0.548062484749,0.)) ;
#5080=DIRECTION('Axis2P3D XDirection',(0.548062484749,0.836437393241,0.)) ;
#5084=DIRECTION('Vector Direction',(0.548062484749,0.836437393241,0.)) ;
#5093=DIRECTION('Vector Direction',(0.,0.,-1.)) ;
#5100=DIRECTION('Vector Direction',(0.548062484749,0.836437393241,0.)) ;
#5107=DIRECTION('Vector Direction',(0.,0.,-1.)) ;
#5119=DIRECTION('Axis2P3D Direction',(0.,0.,1.)) ;
#5120=DIRECTION('Axis2P3D XDirection',(-0.836437393241,0.548062484749,0.)) ;
#5124=DIRECTION('Axis2P3D Direction',(0.,0.,1.)) ;
#5131=DIRECTION('Vector Direction',(0.,0.,1.)) ;
#5138=DIRECTION('Axis2P3D Direction',(0.,0.,1.)) ;
#5150=DIRECTION('Axis2P3D Direction',(-1.,0.,0.)) ;
#5151=DIRECTION('Axis2P3D XDirection',(0.,1.,0.)) ;
#5155=DIRECTION('Vector Direction',(0.,0.,-1.)) ;
#5164=DIRECTION('Vector Direction',(0.,1.,0.)) ;
#5171=DIRECTION('Vector Direction',(0.,0.,-1.)) ;
#5178=DIRECTION('Vector Direction',(0.,1.,0.)) ;
#5190=DIRECTION('Axis2P3D Direction',(-0.,1.,0.)) ;
#5191=DIRECTION('Axis2P3D XDirection',(1.,0.,0.)) ;
#5195=DIRECTION('Vector Direction',(0.,0.,-1.)) ;
#5204=DIRECTION('Vector Direction',(1.,0.,0.)) ;
#5209=DIRECTION('Vector Direction',(1.,0.,0.)) ;
#5221=DIRECTION('Axis2P3D Direction',(1.,0.,0.)) ;
#5222=DIRECTION('Axis2P3D XDirection',(0.,-1.,0.)) ;
#5226=DIRECTION('Vector Direction',(0.,0.,-1.)) ;
#5235=DIRECTION('Vector Direction',(0.,-1.,0.)) ;
#5240=DIRECTION('Vector Direction',(0.,-1.,0.)) ;
#5252=DIRECTION('Axis2P3D Direction',(0.,0.,1.)) ;
#5253=DIRECTION('Axis2P3D XDirection',(-1.,5.66549845232E-016,0.)) ;
#5257=DIRECTION('Vector Direction',(0.,0.,1.)) ;
#5266=DIRECTION('Axis2P3D Direction',(0.,0.,1.)) ;
#5273=DIRECTION('Vector Direction',(0.,0.,1.)) ;
#5280=DIRECTION('Axis2P3D Direction',(0.,0.,1.)) ;
#5292=DIRECTION('Axis2P3D Direction',(0.,0.,1.)) ;
#5297=DIRECTION('Axis2P3D Direction',(0.,0.,1.)) ;
#5313=DIRECTION('Axis2P3D Direction',(0.,0.,1.)) ;
#5322=DIRECTION('Axis2P3D Direction',(0.,0.,1.)) ;
#5332=DIRECTION('Axis2P3D Direction',(0.,0.,1.)) ;
#5333=DIRECTION('Axis2P3D XDirection',(-1.,1.22460635382E-016,0.)) ;
#5337=DIRECTION('Vector Direction',(0.,0.,1.)) ;
#5344=DIRECTION('Axis2P3D Direction',(0.,0.,1.)) ;
#5351=DIRECTION('Vector Direction',(0.,0.,1.)) ;
#5363=DIRECTION('Axis2P3D Direction',(0.,0.,1.)) ;
#5380=DIRECTION('Axis2P3D Direction',(-0.,1.,0.)) ;
#5381=DIRECTION('Axis2P3D XDirection',(1.,0.,0.)) ;
#5385=DIRECTION('Vector Direction',(0.,0.,-1.)) ;
#5394=DIRECTION('Vector Direction',(1.,0.,0.)) ;
#5399=DIRECTION('Vector Direction',(1.,0.,0.)) ;
#5411=DIRECTION('Axis2P3D Direction',(-0.878598428669,0.47756130616,0.)) ;
#5412=DIRECTION('Axis2P3D XDirection',(0.47756130616,0.878598428669,0.)) ;
#5416=DIRECTION('Vector Direction',(0.,0.,-1.)) ;
#5425=DIRECTION('Vector Direction',(0.47756130616,0.878598428669,0.)) ;
#5430=DIRECTION('Vector Direction',(0.47756130616,0.878598428669,0.)) ;
#5442=DIRECTION('Axis2P3D Direction',(0.,0.,-1.)) ;
#5443=DIRECTION('Axis2P3D XDirection',(0.878598428669,-0.47756130616,0.)) ;
#5447=DIRECTION('Axis2P3D Direction',(0.,0.,-1.)) ;
#5452=DIRECTION('Axis2P3D Direction',(0.,0.,-1.)) ;
#5464=DIRECTION('Axis2P3D Direction',(0.878598428669,0.47756130616,0.)) ;
#5465=DIRECTION('Axis2P3D XDirection',(0.47756130616,-0.878598428669,0.)) ;
#5469=DIRECTION('Vector Direction',(0.,0.,-1.)) ;
#5478=DIRECTION('Vector Direction',(0.47756130616,-0.878598428669,0.)) ;
#5483=DIRECTION('Vector Direction',(0.47756130616,-0.878598428669,0.)) ;
#5495=DIRECTION('Vector Direction',(0.,0.,-1.)) ;
#5504=DIRECTION('Vector Direction',(1.,0.,0.)) ;
#5509=DIRECTION('Vector Direction',(1.,0.,0.)) ;
#5521=DIRECTION('Axis2P3D Direction',(0.,0.,1.)) ;
#5522=DIRECTION('Axis2P3D XDirection',(1.,0.,0.)) ;
#5526=DIRECTION('Vector Direction',(1.,0.,0.)) ;
#5531=DIRECTION('Axis2P3D Direction',(0.,0.,1.)) ;
#5561=DIRECTION('Axis2P3D Direction',(0.,0.,1.)) ;
#5562=DIRECTION('Axis2P3D XDirection',(1.,0.,0.)) ;
#5566=DIRECTION('Axis2P3D Direction',(0.,0.,1.)) ;
#5571=DIRECTION('Vector Direction',(0.,-1.,0.)) ;
#5578=DIRECTION('Vector Direction',(-1.,0.,0.)) ;
#5585=DIRECTION('Vector Direction',(0.,1.,0.)) ;
#5609=DIRECTION('Axis2P3D Direction',(-0.,0.,-1.)) ;
#5610=DIRECTION('Axis2P3D XDirection',(0.,-1.,0.)) ;
#5621=DIRECTION('Axis2P3D Direction',(1.,0.,0.)) ;
#5622=DIRECTION('Axis2P3D XDirection',(0.,1.,0.)) ;
#5626=DIRECTION('Vector Direction',(0.,0.,1.)) ;
#5633=DIRECTION('Vector Direction',(0.,0.,1.)) ;
#5640=DIRECTION('Vector Direction',(0.,1.,0.)) ;
#5653=DIRECTION('Axis2P3D Direction',(0.,1.,0.)) ;
#5654=DIRECTION('Axis2P3D XDirection',(0.,0.,1.)) ;
#5658=DIRECTION('Axis2P3D Direction',(0.,1.,0.)) ;
#5665=DIRECTION('Axis2P3D Direction',(0.,1.,0.)) ;
#5672=DIRECTION('Vector Direction',(0.,1.,0.)) ;
#5684=DIRECTION('Axis2P3D Direction',(-1.,0.,0.)) ;
#5685=DIRECTION('Axis2P3D XDirection',(0.,-1.,0.)) ;
#5689=DIRECTION('Vector Direction',(0.,0.,1.)) ;
#5696=DIRECTION('Vector Direction',(0.,0.,1.)) ;
#5703=DIRECTION('Vector Direction',(0.,-1.,0.)) ;
#5716=DIRECTION('Axis2P3D Direction',(0.,0.,-1.)) ;
#5717=DIRECTION('Axis2P3D XDirection',(1.,0.,0.)) ;
#5721=DIRECTION('Vector Direction',(0.,-1.,0.)) ;
#5730=DIRECTION('Vector Direction',(1.,0.,0.)) ;
#5735=DIRECTION('Vector Direction',(-1.,0.,0.)) ;
#5747=DIRECTION('Axis2P3D Direction',(-0.,1.,0.)) ;
#5748=DIRECTION('Axis2P3D XDirection',(-1.,-0.,0.)) ;
#5752=DIRECTION('Axis2P3D Direction',(-0.,1.,0.)) ;
#5766=DIRECTION('Axis2P3D Direction',(-0.,1.,0.)) ;
#5767=DIRECTION('Axis2P3D XDirection',(1.,0.,0.)) ;
#5771=DIRECTION('Axis2P3D Direction',(-0.,1.,0.)) ;
#5785=DIRECTION('Axis2P3D Direction',(0.,-1.,0.)) ;
#5786=DIRECTION('Axis2P3D XDirection',(0.,0.,1.)) ;
#5801=DIRECTION('Axis2P3D Direction',(0.,-1.,0.)) ;
#5802=DIRECTION('Axis2P3D XDirection',(1.83690953073E-016,0.,1.)) ;
#5806=DIRECTION('Axis2P3D Direction',(0.,-1.,0.)) ;
#5815=DIRECTION('Vector Direction',(0.,-1.,0.)) ;
#5822=DIRECTION('Axis2P3D Direction',(0.,-1.,0.)) ;
#5829=DIRECTION('Vector Direction',(0.,-1.,0.)) ;
#5841=DIRECTION('Axis2P3D Direction',(-1.,0.,0.)) ;
#5842=DIRECTION('Axis2P3D XDirection',(0.,-1.,0.)) ;
#5846=DIRECTION('Vector Direction',(0.,0.,1.)) ;
#5853=DIRECTION('Vector Direction',(0.,0.,1.)) ;
#5860=DIRECTION('Vector Direction',(0.,-1.,0.)) ;
#5872=DIRECTION('Axis2P3D Direction',(0.,-1.,0.)) ;
#5873=DIRECTION('Axis2P3D XDirection',(-1.,-0.,1.83690953073E-016)) ;
#5877=DIRECTION('Axis2P3D Direction',(0.,-1.,0.)) ;
#5884=DIRECTION('Axis2P3D Direction',(0.,-1.,0.)) ;
#5891=DIRECTION('Vector Direction',(0.,-1.,0.)) ;
#5903=DIRECTION('Axis2P3D Direction',(0.,0.,1.)) ;
#5904=DIRECTION('Axis2P3D XDirection',(1.,0.,0.)) ;
#5908=DIRECTION('Vector Direction',(1.,0.,0.)) ;
#5915=DIRECTION('Vector Direction',(-1.,0.,0.)) ;
#5922=DIRECTION('Vector Direction',(0.,1.,0.)) ;
#5934=DIRECTION('Axis2P3D Direction',(-0.,1.,0.)) ;
#5935=DIRECTION('Axis2P3D XDirection',(-1.83690953073E-016,-0.,1.)) ;
#5939=DIRECTION('Axis2P3D Direction',(-0.,1.,0.)) ;
#5946=DIRECTION('Axis2P3D Direction',(-0.,1.,0.)) ;
#5953=DIRECTION('Vector Direction',(0.,1.,0.)) ;
#5965=DIRECTION('Axis2P3D Direction',(0.,0.,1.)) ;
#5966=DIRECTION('Axis2P3D XDirection',(1.,0.,0.)) ;
#5970=DIRECTION('Vector Direction',(0.,1.,0.)) ;
#5979=DIRECTION('Vector Direction',(-1.,0.,0.)) ;
#5984=DIRECTION('Vector Direction',(1.,0.,0.)) ;
#5996=DIRECTION('Axis2P3D Direction',(1.,0.,0.)) ;
#5997=DIRECTION('Axis2P3D XDirection',(0.,1.,0.)) ;
#6001=DIRECTION('Vector Direction',(0.,0.,1.)) ;
#6008=DIRECTION('Vector Direction',(0.,0.,1.)) ;
#6015=DIRECTION('Vector Direction',(0.,1.,0.)) ;
#6027=DIRECTION('Axis2P3D Direction',(0.,-1.,0.)) ;
#6028=DIRECTION('Axis2P3D XDirection',(1.,0.,0.)) ;
#6032=DIRECTION('Axis2P3D Direction',(0.,-1.,0.)) ;
#6048=DIRECTION('Axis2P3D Direction',(0.,1.,0.)) ;
#6049=DIRECTION('Axis2P3D XDirection',(1.,-0.,1.83690953073E-016)) ;
#6053=DIRECTION('Axis2P3D Direction',(0.,1.,0.)) ;
#6065=DIRECTION('Axis2P3D Direction',(0.,1.,-0.)) ;
#6066=DIRECTION('Axis2P3D XDirection',(-1.,0.,0.)) ;
#6080=DIRECTION('Axis2P3D Direction',(0.,1.,-0.)) ;
#6089=DIRECTION('Axis2P3D Direction',(0.,1.,-0.)) ;
#6099=DIRECTION('Axis2P3D Direction',(-0.,-1.,0.)) ;
#6100=DIRECTION('Axis2P3D XDirection',(1.,0.,0.)) ;
#6104=DIRECTION('Vector Direction',(0.,-1.,0.)) ;
#6111=DIRECTION('Vector Direction',(0.,-1.,0.)) ;
#6118=DIRECTION('Axis2P3D Direction',(-0.,-1.,0.)) ;
#6130=DIRECTION('Axis2P3D Direction',(-0.,-1.,0.)) ;
#6142=DIRECTION('Axis2P3D Direction',(-0.,-1.,0.)) ;
#6143=DIRECTION('Axis2P3D XDirection',(1.,-0.,0.)) ;
#6161=DIRECTION('NONE',(1.,0.,0.)) ;
#6162=DIRECTION('NONE',(0.,0.,1.)) ;
#6163=DIRECTION('NONE',(1.,0.,0.)) ;
#6164=DIRECTION('NONE',(0.,0.,1.)) ;
#6177=DIRECTION('Axis2P3D Direction',(1.,0.,0.)) ;
#6178=DIRECTION('Axis2P3D XDirection',(0.,1.,0.)) ;
#6182=DIRECTION('Axis2P3D Direction',(1.,0.,0.)) ;
#6191=DIRECTION('Axis2P3D Direction',(1.,0.,0.)) ;
#6201=DIRECTION('Axis2P3D Direction',(1.,0.,0.)) ;
#6202=DIRECTION('Axis2P3D XDirection',(0.,1.,0.)) ;
#6206=DIRECTION('Vector Direction',(1.,0.,0.)) ;
#6213=DIRECTION('Vector Direction',(1.,0.,0.)) ;
#6220=DIRECTION('Axis2P3D Direction',(1.,0.,0.)) ;
#6232=DIRECTION('Axis2P3D Direction',(1.,0.,0.)) ;
#6244=DIRECTION('Axis2P3D Direction',(1.,0.,0.)) ;
#6245=DIRECTION('Axis2P3D XDirection',(0.,1.,0.)) ;
#6249=DIRECTION('Axis2P3D Direction',(1.,0.,0.)) ;
#6258=DIRECTION('Axis2P3D Direction',(1.,0.,0.)) ;
#6268=DIRECTION('Axis2P3D Direction',(-1.,-0.,3.15891697424E-016)) ;
#6269=DIRECTION('Axis2P3D XDirection',(2.63417803193E-016,-0.5,0.866025403784)) ;
#6273=DIRECTION('Vector Direction',(-0.707106781187,-0.707106781187,-9.06493303674E-017)) ;
#6278=DIRECTION('Vector Direction',(-0.707106781187,0.707106781187,-5.61677067973E-016)) ;
#6290=DIRECTION('Axis2P3D Direction',(-1.,-4.4408920985E-016,-4.4408920985E-016)) ;
#6291=DIRECTION('Axis2P3D XDirection',(-3.9512670479E-016,1.,8.881784197E-017)) ;
#6313=DIRECTION('NONE',(1.,0.,0.)) ;
#6314=DIRECTION('NONE',(0.,0.,1.)) ;
#6315=DIRECTION('NONE',(-1.3064276949E-018,-1.,-5.10416474835E-017)) ;
#6316=DIRECTION('NONE',(-4.31837593462E-010,-5.10416474829E-017,1.)) ;
#6328=DIRECTION('NONE',(1.,0.,0.)) ;
#6329=DIRECTION('NONE',(0.,0.,1.)) ;
#6330=DIRECTION('NONE',(0.342857142784,0.939387555614,2.17424457924E-017)) ;
#6331=DIRECTION('NONE',(3.07195253411E-017,-3.43573366345E-017,1.)) ;
#6343=DIRECTION('NONE',(1.,0.,0.)) ;
#6344=DIRECTION('NONE',(0.,0.,1.)) ;
#6345=DIRECTION('NONE',(0.469387755132,0.882992149078,4.27474834756E-017)) ;
#6346=DIRECTION('NONE',(5.24690514054E-021,-4.84148656965E-017,1.)) ;
#6358=DIRECTION('NONE',(1.,0.,0.)) ;
#6359=DIRECTION('NONE',(0.,0.,1.)) ;
#6360=DIRECTION('NONE',(-0.342857142784,0.939387555614,6.26367227237E-017)) ;
#6361=DIRECTION('NONE',(4.78173491336E-017,-4.92259054827E-017,1.)) ;
#6373=DIRECTION('NONE',(1.,0.,0.)) ;
#6374=DIRECTION('NONE',(0.,0.,1.)) ;
#6375=DIRECTION('NONE',(-0.342857142784,0.939387555614,3.21671315884E-017)) ;
#6376=DIRECTION('NONE',(-2.54380103127E-019,-3.43355066085E-017,1.)) ;
#6388=DIRECTION('NONE',(1.,0.,0.)) ;
#6389=DIRECTION('NONE',(0.,0.,1.)) ;
#6390=DIRECTION('NONE',(-1.,1.58761382216E-013,3.06311947983E-017)) ;
#6391=DIRECTION('NONE',(-3.06311947983E-017,4.87501113349E-017,-1.)) ;
#66=AXIS2_PLACEMENT_3D('Plane Axis2P3D',#63,#64,#65) ;
#70=AXIS2_PLACEMENT_3D('Circle Axis2P3D',#68,#69,$) ;
#79=AXIS2_PLACEMENT_3D('Circle Axis2P3D',#77,#78,$) ;
#90=AXIS2_PLACEMENT_3D('Plane Axis2P3D',#87,#88,#89) ;
#94=AXIS2_PLACEMENT_3D('Circle Axis2P3D',#92,#93,$) ;
#103=AXIS2_PLACEMENT_3D('Circle Axis2P3D',#101,#102,$) ;
#114=AXIS2_PLACEMENT_3D('Cylinder Axis2P3D',#111,#112,#113) ;
#118=AXIS2_PLACEMENT_3D('Circle Axis2P3D',#116,#117,$) ;
#134=AXIS2_PLACEMENT_3D('Circle Axis2P3D',#132,#133,$) ;
#153=AXIS2_PLACEMENT_3D('Circle Axis2P3D',#151,#152,$) ;
#158=AXIS2_PLACEMENT_3D('Circle Axis2P3D',#156,#157,$) ;
#171=AXIS2_PLACEMENT_3D('Cylinder Axis2P3D',#168,#169,#170) ;
#184=AXIS2_PLACEMENT_3D('Circle Axis2P3D',#182,#183,$) ;
#191=AXIS2_PLACEMENT_3D('Circle Axis2P3D',#189,#190,$) ;
#205=AXIS2_PLACEMENT_3D('Circle Axis2P3D',#203,#204,$) ;
#212=AXIS2_PLACEMENT_3D('Circle Axis2P3D',#210,#211,$) ;
#226=AXIS2_PLACEMENT_3D('Circle Axis2P3D',#224,#225,$) ;
#233=AXIS2_PLACEMENT_3D('Circle Axis2P3D',#231,#232,$) ;
#238=AXIS2_PLACEMENT_3D('Circle Axis2P3D',#236,#237,$) ;
#245=AXIS2_PLACEMENT_3D('Circle Axis2P3D',#243,#244,$) ;
#260=AXIS2_PLACEMENT_3D('Cylinder Axis2P3D',#257,#258,#259) ;
#264=AXIS2_PLACEMENT_3D('Circle Axis2P3D',#262,#263,$) ;
#292=AXIS2_PLACEMENT_3D('Plane Axis2P3D',#289,#290,#291) ;
#303=AXIS2_PLACEMENT_3D('Circle Axis2P3D',#301,#302,$) ;
#328=AXIS2_PLACEMENT_3D('Plane Axis2P3D',#325,#326,#327) ;
#339=AXIS2_PLACEMENT_3D('Circle Axis2P3D',#337,#338,$) ;
#377=AXIS2_PLACEMENT_3D('Circle Axis2P3D',#375,#376,$) ;
#391=AXIS2_PLACEMENT_3D('Plane Axis2P3D',#388,#389,#390) ;
#415=AXIS2_PLACEMENT_3D('Plane Axis2P3D',#412,#413,#414) ;
#439=AXIS2_PLACEMENT_3D('Plane Axis2P3D',#436,#437,#438) ;
#443=AXIS2_PLACEMENT_3D('Circle Axis2P3D',#441,#442,$) ;
#454=AXIS2_PLACEMENT_3D('Circle Axis2P3D',#452,#453,$) ;
#463=AXIS2_PLACEMENT_3D('Circle Axis2P3D',#461,#462,$) ;
#472=AXIS2_PLACEMENT_3D('Circle Axis2P3D',#470,#471,$) ;
#481=AXIS2_PLACEMENT_3D('Circle Axis2P3D',#479,#480,$) ;
#492=AXIS2_PLACEMENT_3D('Cylinder Axis2P3D',#489,#490,#491) ;
#529=AXIS2_PLACEMENT_3D('Circle Axis2P3D',#527,#528,$) ;
#554=AXIS2_PLACEMENT_3D('Plane Axis2P3D',#551,#552,#553) ;
#564=AXIS2_PLACEMENT_3D('Circle Axis2P3D',#562,#563,$) ;
#573=AXIS2_PLACEMENT_3D('Circle Axis2P3D',#571,#572,$) ;
#582=AXIS2_PLACEMENT_3D('Circle Axis2P3D',#580,#581,$) ;
#591=AXIS2_PLACEMENT_3D('Circle Axis2P3D',#589,#590,$) ;
#626=AXIS2_PLACEMENT_3D('Cylinder Axis2P3D',#623,#624,#625) ;
#684=AXIS2_PLACEMENT_3D(' ',#687,#691,#690) ;
#685=AXIS2_PLACEMENT_3D(' ',#686,#689,#688) ;
#706=AXIS2_PLACEMENT_3D('Cylinder Axis2P3D',#703,#704,#705) ;
#719=AXIS2_PLACEMENT_3D('Circle Axis2P3D',#717,#718,$) ;
#733=AXIS2_PLACEMENT_3D('Circle Axis2P3D',#731,#732,$) ;
#746=AXIS2_PLACEMENT_3D('Plane Axis2P3D',#743,#744,#745) ;
#777=AXIS2_PLACEMENT_3D('Cylinder Axis2P3D',#774,#775,#776) ;
#781=AXIS2_PLACEMENT_3D('Circle Axis2P3D',#779,#780,$) ;
#795=AXIS2_PLACEMENT_3D('Circle Axis2P3D',#793,#794,$) ;
#808=AXIS2_PLACEMENT_3D('Plane Axis2P3D',#805,#806,#807) ;
#830=AXIS2_PLACEMENT_3D('Cylinder Axis2P3D',#827,#828,#829) ;
#834=AXIS2_PLACEMENT_3D('Circle Axis2P3D',#832,#833,$) ;
#850=AXIS2_PLACEMENT_3D('Circle Axis2P3D',#848,#849,$) ;
#869=AXIS2_PLACEMENT_3D('Circle Axis2P3D',#867,#868,$) ;
#874=AXIS2_PLACEMENT_3D('Circle Axis2P3D',#872,#873,$) ;
#887=AXIS2_PLACEMENT_3D('Cylinder Axis2P3D',#884,#885,#886) ;
#891=AXIS2_PLACEMENT_3D('Circle Axis2P3D',#889,#890,$) ;
#907=AXIS2_PLACEMENT_3D('Circle Axis2P3D',#905,#906,$) ;
#926=AXIS2_PLACEMENT_3D('Circle Axis2P3D',#924,#925,$) ;
#931=AXIS2_PLACEMENT_3D('Circle Axis2P3D',#929,#930,$) ;
#944=AXIS2_PLACEMENT_3D('Cylinder Axis2P3D',#941,#942,#943) ;
#948=AXIS2_PLACEMENT_3D('Circle Axis2P3D',#946,#947,$) ;
#964=AXIS2_PLACEMENT_3D('Circle Axis2P3D',#962,#963,$) ;
#983=AXIS2_PLACEMENT_3D('Circle Axis2P3D',#981,#982,$) ;
#988=AXIS2_PLACEMENT_3D('Circle Axis2P3D',#986,#987,$) ;
#1001=AXIS2_PLACEMENT_3D('Plane Axis2P3D',#998,#999,#1000) ;
#1025=AXIS2_PLACEMENT_3D('Plane Axis2P3D',#1022,#1023,#1024) ;
#1054=AXIS2_PLACEMENT_3D(' ',#1057,#1061,#1060) ;
#1055=AXIS2_PLACEMENT_3D(' ',#1056,#1059,#1058) ;
#1076=AXIS2_PLACEMENT_3D('Plane Axis2P3D',#1073,#1074,#1075) ;
#1080=AXIS2_PLACEMENT_3D('Circle Axis2P3D',#1078,#1079,$) ;
#1089=AXIS2_PLACEMENT_3D('Circle Axis2P3D',#1087,#1088,$) ;
#1100=AXIS2_PLACEMENT_3D('Plane Axis2P3D',#1097,#1098,#1099) ;
#1104=AXIS2_PLACEMENT_3D('Circle Axis2P3D',#1102,#1103,$) ;
#1113=AXIS2_PLACEMENT_3D('Circle Axis2P3D',#1111,#1112,$) ;
#1124=AXIS2_PLACEMENT_3D('Cylinder Axis2P3D',#1121,#1122,#1123) ;
#1128=AXIS2_PLACEMENT_3D('Circle Axis2P3D',#1126,#1127,$) ;
#1144=AXIS2_PLACEMENT_3D('Circle Axis2P3D',#1142,#1143,$) ;
#1163=AXIS2_PLACEMENT_3D('Circle Axis2P3D',#1161,#1162,$) ;
#1168=AXIS2_PLACEMENT_3D('Circle Axis2P3D',#1166,#1167,$) ;
#1180=AXIS2_PLACEMENT_3D('Circle Axis2P3D',#1178,#1179,$) ;
#1189=AXIS2_PLACEMENT_3D('Circle Axis2P3D',#1187,#1188,$) ;
#1199=AXIS2_PLACEMENT_3D('Circle Axis2P3D',#1197,#1198,$) ;
#1208=AXIS2_PLACEMENT_3D('Circle Axis2P3D',#1206,#1207,$) ;
#1219=AXIS2_PLACEMENT_3D('Cylinder Axis2P3D',#1216,#1217,#1218) ;
#1223=AXIS2_PLACEMENT_3D('Circle Axis2P3D',#1221,#1222,$) ;
#1239=AXIS2_PLACEMENT_3D('Circle Axis2P3D',#1237,#1238,$) ;
#1258=AXIS2_PLACEMENT_3D('Circle Axis2P3D',#1256,#1257,$) ;
#1263=AXIS2_PLACEMENT_3D('Circle Axis2P3D',#1261,#1262,$) ;
#1276=AXIS2_PLACEMENT_3D('Cylinder Axis2P3D',#1273,#1274,#1275) ;
#1280=AXIS2_PLACEMENT_3D('Circle Axis2P3D',#1278,#1279,$) ;
#1296=AXIS2_PLACEMENT_3D('Circle Axis2P3D',#1294,#1295,$) ;
#1316=AXIS2_PLACEMENT_3D('Plane Axis2P3D',#1313,#1314,#1315) ;
#1320=AXIS2_PLACEMENT_3D('Circle Axis2P3D',#1318,#1319,$) ;
#1336=AXIS2_PLACEMENT_3D('Circle Axis2P3D',#1334,#1335,$) ;
#1343=AXIS2_PLACEMENT_3D('Circle Axis2P3D',#1341,#1342,$) ;
#1357=AXIS2_PLACEMENT_3D('Circle Axis2P3D',#1355,#1356,$) ;
#1371=AXIS2_PLACEMENT_3D('Circle Axis2P3D',#1369,#1370,$) ;
#1383=AXIS2_PLACEMENT_3D('Circle Axis2P3D',#1381,#1382,$) ;
#1397=AXIS2_PLACEMENT_3D('Circle Axis2P3D',#1395,#1396,$) ;
#1425=AXIS2_PLACEMENT_3D('Circle Axis2P3D',#1423,#1424,$) ;
#1434=AXIS2_PLACEMENT_3D('Circle Axis2P3D',#1432,#1433,$) ;
#1443=AXIS2_PLACEMENT_3D('Circle Axis2P3D',#1441,#1442,$) ;
#1452=AXIS2_PLACEMENT_3D('Circle Axis2P3D',#1450,#1451,$) ;
#1463=AXIS2_PLACEMENT_3D('Plane Axis2P3D',#1460,#1461,#1462) ;
#1487=AXIS2_PLACEMENT_3D('Plane Axis2P3D',#1484,#1485,#1486) ;
#1500=AXIS2_PLACEMENT_3D('Circle Axis2P3D',#1498,#1499,$) ;
#1514=AXIS2_PLACEMENT_3D('Circle Axis2P3D',#1512,#1513,$) ;
#1519=AXIS2_PLACEMENT_3D('Circle Axis2P3D',#1517,#1518,$) ;
#1533=AXIS2_PLACEMENT_3D('Circle Axis2P3D',#1531,#1532,$) ;
#1547=AXIS2_PLACEMENT_3D('Circle Axis2P3D',#1545,#1546,$) ;
#1554=AXIS2_PLACEMENT_3D('Circle Axis2P3D',#1552,#1553,$) ;
#1568=AXIS2_PLACEMENT_3D('Circle Axis2P3D',#1566,#1567,$) ;
#1599=AXIS2_PLACEMENT_3D('Cylinder Axis2P3D',#1596,#1597,#1598) ;
#1616=AXIS2_PLACEMENT_3D('Cylinder Axis2P3D',#1613,#1614,#1615) ;
#1638=AXIS2_PLACEMENT_3D('Plane Axis2P3D',#1635,#1636,#1637) ;
#1655=AXIS2_PLACEMENT_3D('Cylinder Axis2P3D',#1652,#1653,#1654) ;
#1672=AXIS2_PLACEMENT_3D('Cylinder Axis2P3D',#1669,#1670,#1671) ;
#1689=AXIS2_PLACEMENT_3D('Plane Axis2P3D',#1686,#1687,#1688) ;
#1706=AXIS2_PLACEMENT_3D('Cylinder Axis2P3D',#1703,#1704,#1705) ;
#1723=AXIS2_PLACEMENT_3D('Plane Axis2P3D',#1720,#1721,#1722) ;
#1740=AXIS2_PLACEMENT_3D('Cylinder Axis2P3D',#1737,#1738,#1739) ;
#1752=AXIS2_PLACEMENT_3D('Plane Axis2P3D',#1749,#1750,#1751) ;
#1769=AXIS2_PLACEMENT_3D('Cylinder Axis2P3D',#1766,#1767,#1768) ;
#1786=AXIS2_PLACEMENT_3D('Plane Axis2P3D',#1783,#1784,#1785) ;
#1846=AXIS2_PLACEMENT_3D('Cylinder Axis2P3D',#1843,#1844,#1845) ;
#1850=AXIS2_PLACEMENT_3D('Circle Axis2P3D',#1848,#1849,$) ;
#1866=AXIS2_PLACEMENT_3D('Circle Axis2P3D',#1864,#1865,$) ;
#1886=AXIS2_PLACEMENT_3D('Plane Axis2P3D',#1883,#1884,#1885) ;
#1899=AXIS2_PLACEMENT_3D('Circle Axis2P3D',#1897,#1898,$) ;
#1913=AXIS2_PLACEMENT_3D('Circle Axis2P3D',#1911,#1912,$) ;
#1925=AXIS2_PLACEMENT_3D('Circle Axis2P3D',#1923,#1924,$) ;
#1939=AXIS2_PLACEMENT_3D('Circle Axis2P3D',#1937,#1938,$) ;
#1953=AXIS2_PLACEMENT_3D('Circle Axis2P3D',#1951,#1952,$) ;
#1960=AXIS2_PLACEMENT_3D('Circle Axis2P3D',#1958,#1959,$) ;
#1974=AXIS2_PLACEMENT_3D('Circle Axis2P3D',#1972,#1973,$) ;
#1995=AXIS2_PLACEMENT_3D('Circle Axis2P3D',#1993,#1994,$) ;
#2004=AXIS2_PLACEMENT_3D('Circle Axis2P3D',#2002,#2003,$) ;
#2013=AXIS2_PLACEMENT_3D('Circle Axis2P3D',#2011,#2012,$) ;
#2022=AXIS2_PLACEMENT_3D('Circle Axis2P3D',#2020,#2021,$) ;
#2033=AXIS2_PLACEMENT_3D('Cylinder Axis2P3D',#2030,#2031,#2032) ;
#2044=AXIS2_PLACEMENT_3D('Circle Axis2P3D',#2042,#2043,$) ;
#2057=AXIS2_PLACEMENT_3D('Plane Axis2P3D',#2054,#2055,#2056) ;
#2061=AXIS2_PLACEMENT_3D('Circle Axis2P3D',#2059,#2060,$) ;
#2077=AXIS2_PLACEMENT_3D('Circle Axis2P3D',#2075,#2076,$) ;
#2084=AXIS2_PLACEMENT_3D('Circle Axis2P3D',#2082,#2083,$) ;
#2098=AXIS2_PLACEMENT_3D('Circle Axis2P3D',#2096,#2097,$) ;
#2112=AXIS2_PLACEMENT_3D('Circle Axis2P3D',#2110,#2111,$) ;
#2131=AXIS2_PLACEMENT_3D('Circle Axis2P3D',#2129,#2130,$) ;
#2181=AXIS2_PLACEMENT_3D('Cylinder Axis2P3D',#2178,#2179,#2180) ;
#2215=AXIS2_PLACEMENT_3D('Cylinder Axis2P3D',#2212,#2213,#2214) ;
#2232=AXIS2_PLACEMENT_3D('Cylinder Axis2P3D',#2229,#2230,#2231) ;
#2261=AXIS2_PLACEMENT_3D('Cylinder Axis2P3D',#2258,#2259,#2260) ;
#2290=AXIS2_PLACEMENT_3D('Cylinder Axis2P3D',#2287,#2288,#2289) ;
#2314=AXIS2_PLACEMENT_3D('Cylinder Axis2P3D',#2311,#2312,#2313) ;
#2390=AXIS2_PLACEMENT_3D('Plane Axis2P3D',#2387,#2388,#2389) ;
#2464=AXIS2_PLACEMENT_3D('Plane Axis2P3D',#2461,#2462,#2463) ;
#2504=AXIS2_PLACEMENT_3D('Plane Axis2P3D',#2501,#2502,#2503) ;
#2526=AXIS2_PLACEMENT_3D('Plane Axis2P3D',#2523,#2524,#2525) ;
#2543=AXIS2_PLACEMENT_3D('Plane Axis2P3D',#2540,#2541,#2542) ;
#2560=AXIS2_PLACEMENT_3D('Plane Axis2P3D',#2557,#2558,#2559) ;
#2572=AXIS2_PLACEMENT_3D('Cylinder Axis2P3D',#2569,#2570,#2571) ;
#2576=AXIS2_PLACEMENT_3D('Circle Axis2P3D',#2574,#2575,$) ;
#2590=AXIS2_PLACEMENT_3D('Circle Axis2P3D',#2588,#2589,$) ;
#2603=AXIS2_PLACEMENT_3D('Plane Axis2P3D',#2600,#2601,#2602) ;
#2607=AXIS2_PLACEMENT_3D('Circle Axis2P3D',#2605,#2606,$) ;
#2627=AXIS2_PLACEMENT_3D('Plane Axis2P3D',#2624,#2625,#2626) ;
#2651=AXIS2_PLACEMENT_3D('Plane Axis2P3D',#2648,#2649,#2650) ;
#2655=AXIS2_PLACEMENT_3D('Circle Axis2P3D',#2653,#2654,$) ;
#2668=AXIS2_PLACEMENT_3D('Cylinder Axis2P3D',#2665,#2666,#2667) ;
#2683=AXIS2_PLACEMENT_3D(' ',#2686,#2690,#2689) ;
#2684=AXIS2_PLACEMENT_3D(' ',#2685,#2688,#2687) ;
#2705=AXIS2_PLACEMENT_3D('Plane Axis2P3D',#2702,#2703,#2704) ;
#2709=AXIS2_PLACEMENT_3D('Circle Axis2P3D',#2707,#2708,$) ;
#2718=AXIS2_PLACEMENT_3D('Circle Axis2P3D',#2716,#2717,$) ;
#2729=AXIS2_PLACEMENT_3D('Plane Axis2P3D',#2726,#2727,#2728) ;
#2733=AXIS2_PLACEMENT_3D('Circle Axis2P3D',#2731,#2732,$) ;
#2742=AXIS2_PLACEMENT_3D('Circle Axis2P3D',#2740,#2741,$) ;
#2753=AXIS2_PLACEMENT_3D('Cylinder Axis2P3D',#2750,#2751,#2752) ;
#2757=AXIS2_PLACEMENT_3D('Circle Axis2P3D',#2755,#2756,$) ;
#2773=AXIS2_PLACEMENT_3D('Circle Axis2P3D',#2771,#2772,$) ;
#2792=AXIS2_PLACEMENT_3D('Circle Axis2P3D',#2790,#2791,$) ;
#2797=AXIS2_PLACEMENT_3D('Circle Axis2P3D',#2795,#2796,$) ;
#2809=AXIS2_PLACEMENT_3D('Circle Axis2P3D',#2807,#2808,$) ;
#2818=AXIS2_PLACEMENT_3D('Circle Axis2P3D',#2816,#2817,$) ;
#2828=AXIS2_PLACEMENT_3D('Circle Axis2P3D',#2826,#2827,$) ;
#2837=AXIS2_PLACEMENT_3D('Circle Axis2P3D',#2835,#2836,$) ;
#2848=AXIS2_PLACEMENT_3D('Cylinder Axis2P3D',#2845,#2846,#2847) ;
#2852=AXIS2_PLACEMENT_3D('Circle Axis2P3D',#2850,#2851,$) ;
#2868=AXIS2_PLACEMENT_3D('Circle Axis2P3D',#2866,#2867,$) ;
#2887=AXIS2_PLACEMENT_3D('Circle Axis2P3D',#2885,#2886,$) ;
#2892=AXIS2_PLACEMENT_3D('Circle Axis2P3D',#2890,#2891,$) ;
#2904=AXIS2_PLACEMENT_3D('Circle Axis2P3D',#2902,#2903,$) ;
#2913=AXIS2_PLACEMENT_3D('Circle Axis2P3D',#2911,#2912,$) ;
#2923=AXIS2_PLACEMENT_3D('Circle Axis2P3D',#2921,#2922,$) ;
#2932=AXIS2_PLACEMENT_3D('Circle Axis2P3D',#2930,#2931,$) ;
#2943=AXIS2_PLACEMENT_3D('Cylinder Axis2P3D',#2940,#2941,#2942) ;
#2947=AXIS2_PLACEMENT_3D('Circle Axis2P3D',#2945,#2946,$) ;
#2963=AXIS2_PLACEMENT_3D('Circle Axis2P3D',#2961,#2962,$) ;
#2982=AXIS2_PLACEMENT_3D('Circle Axis2P3D',#2980,#2981,$) ;
#2987=AXIS2_PLACEMENT_3D('Circle Axis2P3D',#2985,#2986,$) ;
#2999=AXIS2_PLACEMENT_3D('Circle Axis2P3D',#2997,#2998,$) ;
#3008=AXIS2_PLACEMENT_3D('Circle Axis2P3D',#3006,#3007,$) ;
#3018=AXIS2_PLACEMENT_3D('Circle Axis2P3D',#3016,#3017,$) ;
#3027=AXIS2_PLACEMENT_3D('Circle Axis2P3D',#3025,#3026,$) ;
#3038=AXIS2_PLACEMENT_3D('Cylinder Axis2P3D',#3035,#3036,#3037) ;
#3042=AXIS2_PLACEMENT_3D('Circle Axis2P3D',#3040,#3041,$) ;
#3058=AXIS2_PLACEMENT_3D('Circle Axis2P3D',#3056,#3057,$) ;
#3077=AXIS2_PLACEMENT_3D('Circle Axis2P3D',#3075,#3076,$) ;
#3082=AXIS2_PLACEMENT_3D('Circle Axis2P3D',#3080,#3081,$) ;
#3095=AXIS2_PLACEMENT_3D('Cylinder Axis2P3D',#3092,#3093,#3094) ;
#3108=AXIS2_PLACEMENT_3D('Circle Axis2P3D',#3106,#3107,$) ;
#3122=AXIS2_PLACEMENT_3D('Circle Axis2P3D',#3120,#3121,$) ;
#3135=AXIS2_PLACEMENT_3D('Plane Axis2P3D',#3132,#3133,#3134) ;
#3246=AXIS2_PLACEMENT_3D('Circle Axis2P3D',#3244,#3245,$) ;
#3274=AXIS2_PLACEMENT_3D('Circle Axis2P3D',#3272,#3273,$) ;
#3281=AXIS2_PLACEMENT_3D('Circle Axis2P3D',#3279,#3280,$) ;
#3309=AXIS2_PLACEMENT_3D('Circle Axis2P3D',#3307,#3308,$) ;
#3337=AXIS2_PLACEMENT_3D('Circle Axis2P3D',#3335,#3336,$) ;
#3344=AXIS2_PLACEMENT_3D('Circle Axis2P3D',#3342,#3343,$) ;
#3372=AXIS2_PLACEMENT_3D('Circle Axis2P3D',#3370,#3371,$) ;
#3413=AXIS2_PLACEMENT_3D('Circle Axis2P3D',#3411,#3412,$) ;
#3423=AXIS2_PLACEMENT_3D('Circle Axis2P3D',#3421,#3422,$) ;
#3436=AXIS2_PLACEMENT_3D('Plane Axis2P3D',#3433,#3434,#3435) ;
#3440=AXIS2_PLACEMENT_3D('Circle Axis2P3D',#3438,#3439,$) ;
#3470=AXIS2_PLACEMENT_3D('Circle Axis2P3D',#3468,#3469,$) ;
#3477=AXIS2_PLACEMENT_3D('Circle Axis2P3D',#3475,#3476,$) ;
#3505=AXIS2_PLACEMENT_3D('Circle Axis2P3D',#3503,#3504,$) ;
#3533=AXIS2_PLACEMENT_3D('Circle Axis2P3D',#3531,#3532,$) ;
#3540=AXIS2_PLACEMENT_3D('Circle Axis2P3D',#3538,#3539,$) ;
#3568=AXIS2_PLACEMENT_3D('Circle Axis2P3D',#3566,#3567,$) ;
#3720=AXIS2_PLACEMENT_3D('Cylinder Axis2P3D',#3717,#3718,#3719) ;
#3742=AXIS2_PLACEMENT_3D('Plane Axis2P3D',#3739,#3740,#3741) ;
#3746=AXIS2_PLACEMENT_3D('Circle Axis2P3D',#3744,#3745,$) ;
#3753=AXIS2_PLACEMENT_3D('Circle Axis2P3D',#3751,#3752,$) ;
#3773=AXIS2_PLACEMENT_3D('Circle Axis2P3D',#3771,#3772,$) ;
#3782=AXIS2_PLACEMENT_3D('Circle Axis2P3D',#3780,#3781,$) ;
#3791=AXIS2_PLACEMENT_3D('Circle Axis2P3D',#3789,#3790,$) ;
#3800=AXIS2_PLACEMENT_3D('Circle Axis2P3D',#3798,#3799,$) ;
#3811=AXIS2_PLACEMENT_3D('Cylinder Axis2P3D',#3808,#3809,#3810) ;
#3815=AXIS2_PLACEMENT_3D('Circle Axis2P3D',#3813,#3814,$) ;
#3835=AXIS2_PLACEMENT_3D('Plane Axis2P3D',#3832,#3833,#3834) ;
#3851=AXIS2_PLACEMENT_3D('Circle Axis2P3D',#3849,#3850,$) ;
#3898=AXIS2_PLACEMENT_3D('Plane Axis2P3D',#3895,#3896,#3897) ;
#3902=AXIS2_PLACEMENT_3D('Circle Axis2P3D',#3900,#3901,$) ;
#3909=AXIS2_PLACEMENT_3D('Circle Axis2P3D',#3907,#3908,$) ;
#3939=AXIS2_PLACEMENT_3D('Cylinder Axis2P3D',#3936,#3937,#3938) ;
#3943=AXIS2_PLACEMENT_3D('Circle Axis2P3D',#3941,#3942,$) ;
#3963=AXIS2_PLACEMENT_3D('Plane Axis2P3D',#3960,#3961,#3962) ;
#3979=AXIS2_PLACEMENT_3D('Circle Axis2P3D',#3977,#3978,$) ;
#3992=AXIS2_PLACEMENT_3D('Circle Axis2P3D',#3990,#3991,$) ;
#4001=AXIS2_PLACEMENT_3D('Circle Axis2P3D',#3999,#4000,$) ;
#4010=AXIS2_PLACEMENT_3D('Circle Axis2P3D',#4008,#4009,$) ;
#4019=AXIS2_PLACEMENT_3D('Circle Axis2P3D',#4017,#4018,$) ;
#4041=AXIS2_PLACEMENT_3D('Circle Axis2P3D',#4039,#4040,$) ;
#4055=AXIS2_PLACEMENT_3D('Circle Axis2P3D',#4053,#4054,$) ;
#4068=AXIS2_PLACEMENT_3D('Circle Axis2P3D',#4066,#4067,$) ;
#4077=AXIS2_PLACEMENT_3D('Circle Axis2P3D',#4075,#4076,$) ;
#4086=AXIS2_PLACEMENT_3D('Circle Axis2P3D',#4084,#4085,$) ;
#4095=AXIS2_PLACEMENT_3D('Circle Axis2P3D',#4093,#4094,$) ;
#4106=AXIS2_PLACEMENT_3D('Cylinder Axis2P3D',#4103,#4104,#4105) ;
#4110=AXIS2_PLACEMENT_3D('Circle Axis2P3D',#4108,#4109,$) ;
#4129=AXIS2_PLACEMENT_3D('Circle Axis2P3D',#4127,#4128,$) ;
#4187=AXIS2_PLACEMENT_3D('Circle Axis2P3D',#4185,#4186,$) ;
#4201=AXIS2_PLACEMENT_3D('Circle Axis2P3D',#4199,#4200,$) ;
#4224=AXIS2_PLACEMENT_3D('Cylinder Axis2P3D',#4221,#4222,#4223) ;
#4228=AXIS2_PLACEMENT_3D('Circle Axis2P3D',#4226,#4227,$) ;
#4247=AXIS2_PLACEMENT_3D('Circle Axis2P3D',#4245,#4246,$) ;
#4272=AXIS2_PLACEMENT_3D('Circle Axis2P3D',#4270,#4271,$) ;
#4281=AXIS2_PLACEMENT_3D('Circle Axis2P3D',#4279,#4280,$) ;
#4290=AXIS2_PLACEMENT_3D('Circle Axis2P3D',#4288,#4289,$) ;
#4299=AXIS2_PLACEMENT_3D('Circle Axis2P3D',#4297,#4298,$) ;
#4322=AXIS2_PLACEMENT_3D('Plane Axis2P3D',#4319,#4320,#4321) ;
#4339=AXIS2_PLACEMENT_3D('Plane Axis2P3D',#4336,#4337,#4338) ;
#4356=AXIS2_PLACEMENT_3D('Plane Axis2P3D',#4353,#4354,#4355) ;
#4373=AXIS2_PLACEMENT_3D('Plane Axis2P3D',#4370,#4371,#4372) ;
#4402=AXIS2_PLACEMENT_3D('Plane Axis2P3D',#4399,#4400,#4401) ;
#4431=AXIS2_PLACEMENT_3D('Plane Axis2P3D',#4428,#4429,#4430) ;
#4448=AXIS2_PLACEMENT_3D('Plane Axis2P3D',#4445,#4446,#4447) ;
#4477=AXIS2_PLACEMENT_3D('Plane Axis2P3D',#4474,#4475,#4476) ;
#4537=AXIS2_PLACEMENT_3D('Cylinder Axis2P3D',#4534,#4535,#4536) ;
#4554=AXIS2_PLACEMENT_3D('Cylinder Axis2P3D',#4551,#4552,#4553) ;
#4571=AXIS2_PLACEMENT_3D('Cylinder Axis2P3D',#4568,#4569,#4570) ;
#4588=AXIS2_PLACEMENT_3D('Cylinder Axis2P3D',#4585,#4586,#4587) ;
#4605=AXIS2_PLACEMENT_3D('Plane Axis2P3D',#4602,#4603,#4604) ;
#4617=AXIS2_PLACEMENT_3D('Cylinder Axis2P3D',#4614,#4615,#4616) ;
#4646=AXIS2_PLACEMENT_3D('Cylinder Axis2P3D',#4643,#4644,#4645) ;
#4730=AXIS2_PLACEMENT_3D('Plane Axis2P3D',#4727,#4728,#4729) ;
#4850=AXIS2_PLACEMENT_3D(' ',#4853,#4857,#4856) ;
#4851=AXIS2_PLACEMENT_3D(' ',#4852,#4855,#4854) ;
#4872=AXIS2_PLACEMENT_3D('Plane Axis2P3D',#4869,#4870,#4871) ;
#4876=AXIS2_PLACEMENT_3D('Circle Axis2P3D',#4874,#4875,$) ;
#4885=AXIS2_PLACEMENT_3D('Circle Axis2P3D',#4883,#4884,$) ;
#4896=AXIS2_PLACEMENT_3D('Cylinder Axis2P3D',#4893,#4894,#4895) ;
#4914=AXIS2_PLACEMENT_3D('Circle Axis2P3D',#4912,#4913,$) ;
#4926=AXIS2_PLACEMENT_3D('Circle Axis2P3D',#4924,#4925,$) ;
#4939=AXIS2_PLACEMENT_3D('Plane Axis2P3D',#4936,#4937,#4938) ;
#4943=AXIS2_PLACEMENT_3D('Circle Axis2P3D',#4941,#4942,$) ;
#4952=AXIS2_PLACEMENT_3D('Circle Axis2P3D',#4950,#4951,$) ;
#4967=AXIS2_PLACEMENT_3D('Cylinder Axis2P3D',#4964,#4965,#4966) ;
#4978=AXIS2_PLACEMENT_3D('Circle Axis2P3D',#4976,#4977,$) ;
#4997=AXIS2_PLACEMENT_3D('Circle Axis2P3D',#4995,#4996,$) ;
#5010=AXIS2_PLACEMENT_3D('Cylinder Axis2P3D',#5007,#5008,#5009) ;
#5014=AXIS2_PLACEMENT_3D('Circle Axis2P3D',#5012,#5013,$) ;
#5030=AXIS2_PLACEMENT_3D('Circle Axis2P3D',#5028,#5029,$) ;
#5050=AXIS2_PLACEMENT_3D('Plane Axis2P3D',#5047,#5048,#5049) ;
#5081=AXIS2_PLACEMENT_3D('Plane Axis2P3D',#5078,#5079,#5080) ;
#5121=AXIS2_PLACEMENT_3D('Cylinder Axis2P3D',#5118,#5119,#5120) ;
#5125=AXIS2_PLACEMENT_3D('Circle Axis2P3D',#5123,#5124,$) ;
#5139=AXIS2_PLACEMENT_3D('Circle Axis2P3D',#5137,#5138,$) ;
#5152=AXIS2_PLACEMENT_3D('Plane Axis2P3D',#5149,#5150,#5151) ;
#5192=AXIS2_PLACEMENT_3D('Plane Axis2P3D',#5189,#5190,#5191) ;
#5223=AXIS2_PLACEMENT_3D('Plane Axis2P3D',#5220,#5221,#5222) ;
#5254=AXIS2_PLACEMENT_3D('Cylinder Axis2P3D',#5251,#5252,#5253) ;
#5267=AXIS2_PLACEMENT_3D('Circle Axis2P3D',#5265,#5266,$) ;
#5281=AXIS2_PLACEMENT_3D('Circle Axis2P3D',#5279,#5280,$) ;
#5293=AXIS2_PLACEMENT_3D('Circle Axis2P3D',#5291,#5292,$) ;
#5298=AXIS2_PLACEMENT_3D('Circle Axis2P3D',#5296,#5297,$) ;
#5314=AXIS2_PLACEMENT_3D('Circle Axis2P3D',#5312,#5313,$) ;
#5323=AXIS2_PLACEMENT_3D('Circle Axis2P3D',#5321,#5322,$) ;
#5334=AXIS2_PLACEMENT_3D('Cylinder Axis2P3D',#5331,#5332,#5333) ;
#5345=AXIS2_PLACEMENT_3D('Circle Axis2P3D',#5343,#5344,$) ;
#5364=AXIS2_PLACEMENT_3D('Circle Axis2P3D',#5362,#5363,$) ;
#5382=AXIS2_PLACEMENT_3D('Plane Axis2P3D',#5379,#5380,#5381) ;
#5413=AXIS2_PLACEMENT_3D('Plane Axis2P3D',#5410,#5411,#5412) ;
#5444=AXIS2_PLACEMENT_3D('Cylinder Axis2P3D',#5441,#5442,#5443) ;
#5448=AXIS2_PLACEMENT_3D('Circle Axis2P3D',#5446,#5447,$) ;
#5453=AXIS2_PLACEMENT_3D('Circle Axis2P3D',#5451,#5452,$) ;
#5466=AXIS2_PLACEMENT_3D('Plane Axis2P3D',#5463,#5464,#5465) ;
#5523=AXIS2_PLACEMENT_3D('Plane Axis2P3D',#5520,#5521,#5522) ;
#5532=AXIS2_PLACEMENT_3D('Circle Axis2P3D',#5530,#5531,$) ;
#5563=AXIS2_PLACEMENT_3D('Plane Axis2P3D',#5560,#5561,#5562) ;
#5567=AXIS2_PLACEMENT_3D('Circle Axis2P3D',#5565,#5566,$) ;
#5611=AXIS2_PLACEMENT_3D('Cylinder Axis2P3D',#5608,#5609,#5610) ;
#5623=AXIS2_PLACEMENT_3D('Plane Axis2P3D',#5620,#5621,#5622) ;
#5655=AXIS2_PLACEMENT_3D('Cylinder Axis2P3D',#5652,#5653,#5654) ;
#5659=AXIS2_PLACEMENT_3D('Circle Axis2P3D',#5657,#5658,$) ;
#5666=AXIS2_PLACEMENT_3D('Circle Axis2P3D',#5664,#5665,$) ;
#5686=AXIS2_PLACEMENT_3D('Plane Axis2P3D',#5683,#5684,#5685) ;
#5718=AXIS2_PLACEMENT_3D('Plane Axis2P3D',#5715,#5716,#5717) ;
#5749=AXIS2_PLACEMENT_3D('Plane Axis2P3D',#5746,#5747,#5748) ;
#5753=AXIS2_PLACEMENT_3D('Circle Axis2P3D',#5751,#5752,$) ;
#5768=AXIS2_PLACEMENT_3D('Plane Axis2P3D',#5765,#5766,#5767) ;
#5772=AXIS2_PLACEMENT_3D('Circle Axis2P3D',#5770,#5771,$) ;
#5787=AXIS2_PLACEMENT_3D('Cylinder Axis2P3D',#5784,#5785,#5786) ;
#5803=AXIS2_PLACEMENT_3D('Cylinder Axis2P3D',#5800,#5801,#5802) ;
#5807=AXIS2_PLACEMENT_3D('Circle Axis2P3D',#5805,#5806,$) ;
#5823=AXIS2_PLACEMENT_3D('Circle Axis2P3D',#5821,#5822,$) ;
#5843=AXIS2_PLACEMENT_3D('Plane Axis2P3D',#5840,#5841,#5842) ;
#5874=AXIS2_PLACEMENT_3D('Cylinder Axis2P3D',#5871,#5872,#5873) ;
#5878=AXIS2_PLACEMENT_3D('Circle Axis2P3D',#5876,#5877,$) ;
#5885=AXIS2_PLACEMENT_3D('Circle Axis2P3D',#5883,#5884,$) ;
#5905=AXIS2_PLACEMENT_3D('Plane Axis2P3D',#5902,#5903,#5904) ;
#5936=AXIS2_PLACEMENT_3D('Cylinder Axis2P3D',#5933,#5934,#5935) ;
#5940=AXIS2_PLACEMENT_3D('Circle Axis2P3D',#5938,#5939,$) ;
#5947=AXIS2_PLACEMENT_3D('Circle Axis2P3D',#5945,#5946,$) ;
#5967=AXIS2_PLACEMENT_3D('Plane Axis2P3D',#5964,#5965,#5966) ;
#5998=AXIS2_PLACEMENT_3D('Plane Axis2P3D',#5995,#5996,#5997) ;
#6029=AXIS2_PLACEMENT_3D('Plane Axis2P3D',#6026,#6027,#6028) ;
#6033=AXIS2_PLACEMENT_3D('Circle Axis2P3D',#6031,#6032,$) ;
#6050=AXIS2_PLACEMENT_3D('Cylinder Axis2P3D',#6047,#6048,#6049) ;
#6054=AXIS2_PLACEMENT_3D('Circle Axis2P3D',#6052,#6053,$) ;
#6067=AXIS2_PLACEMENT_3D('Plane Axis2P3D',#6064,#6065,#6066) ;
#6081=AXIS2_PLACEMENT_3D('Circle Axis2P3D',#6079,#6080,$) ;
#6090=AXIS2_PLACEMENT_3D('Circle Axis2P3D',#6088,#6089,$) ;
#6101=AXIS2_PLACEMENT_3D('Cylinder Axis2P3D',#6098,#6099,#6100) ;
#6119=AXIS2_PLACEMENT_3D('Circle Axis2P3D',#6117,#6118,$) ;
#6131=AXIS2_PLACEMENT_3D('Circle Axis2P3D',#6129,#6130,$) ;
#6144=AXIS2_PLACEMENT_3D('Plane Axis2P3D',#6141,#6142,#6143) ;
#6157=AXIS2_PLACEMENT_3D(' ',#6160,#6164,#6163) ;
#6158=AXIS2_PLACEMENT_3D(' ',#6159,#6162,#6161) ;
#6179=AXIS2_PLACEMENT_3D('Plane Axis2P3D',#6176,#6177,#6178) ;
#6183=AXIS2_PLACEMENT_3D('Circle Axis2P3D',#6181,#6182,$) ;
#6192=AXIS2_PLACEMENT_3D('Circle Axis2P3D',#6190,#6191,$) ;
#6203=AXIS2_PLACEMENT_3D('Cylinder Axis2P3D',#6200,#6201,#6202) ;
#6221=AXIS2_PLACEMENT_3D('Circle Axis2P3D',#6219,#6220,$) ;
#6233=AXIS2_PLACEMENT_3D('Circle Axis2P3D',#6231,#6232,$) ;
#6246=AXIS2_PLACEMENT_3D('Plane Axis2P3D',#6243,#6244,#6245) ;
#6250=AXIS2_PLACEMENT_3D('Circle Axis2P3D',#6248,#6249,$) ;
#6259=AXIS2_PLACEMENT_3D('Circle Axis2P3D',#6257,#6258,$) ;
#6270=AXIS2_PLACEMENT_3D('Cone Axis2P3D',#6267,#6268,#6269) ;
#6292=AXIS2_PLACEMENT_3D('Cone Axis2P3D',#6289,#6290,#6291) ;
#6309=AXIS2_PLACEMENT_3D(' ',#6312,#6316,#6315) ;
#6310=AXIS2_PLACEMENT_3D(' ',#6311,#6314,#6313) ;
#6324=AXIS2_PLACEMENT_3D(' ',#6327,#6331,#6330) ;
#6325=AXIS2_PLACEMENT_3D(' ',#6326,#6329,#6328) ;
#6339=AXIS2_PLACEMENT_3D(' ',#6342,#6346,#6345) ;
#6340=AXIS2_PLACEMENT_3D(' ',#6341,#6344,#6343) ;
#6354=AXIS2_PLACEMENT_3D(' ',#6357,#6361,#6360) ;
#6355=AXIS2_PLACEMENT_3D(' ',#6356,#6359,#6358) ;
#6369=AXIS2_PLACEMENT_3D(' ',#6372,#6376,#6375) ;
#6370=AXIS2_PLACEMENT_3D(' ',#6371,#6374,#6373) ;
#6384=AXIS2_PLACEMENT_3D(' ',#6387,#6391,#6390) ;
#6385=AXIS2_PLACEMENT_3D(' ',#6386,#6389,#6388) ;
#45=PRODUCT_DEFINITION_SHAPE(' ',' ',#17) ;
#61=PRODUCT_DEFINITION_SHAPE(' ',' ',#58) ;
#680=PRODUCT_DEFINITION_SHAPE(' ',' ',#679) ;
#701=PRODUCT_DEFINITION_SHAPE(' ',' ',#698) ;
#1050=PRODUCT_DEFINITION_SHAPE(' ',' ',#1049) ;
#1071=PRODUCT_DEFINITION_SHAPE(' ',' ',#1068) ;
#2679=PRODUCT_DEFINITION_SHAPE(' ',' ',#2678) ;
#2700=PRODUCT_DEFINITION_SHAPE(' ',' ',#2697) ;
#4846=PRODUCT_DEFINITION_SHAPE(' ',' ',#4845) ;
#4867=PRODUCT_DEFINITION_SHAPE(' ',' ',#4864) ;
#6153=PRODUCT_DEFINITION_SHAPE(' ',' ',#6152) ;
#6174=PRODUCT_DEFINITION_SHAPE(' ',' ',#6171) ;
#6305=PRODUCT_DEFINITION_SHAPE(' ',' ',#6304) ;
#6320=PRODUCT_DEFINITION_SHAPE(' ',' ',#6319) ;
#6335=PRODUCT_DEFINITION_SHAPE(' ',' ',#6334) ;
#6350=PRODUCT_DEFINITION_SHAPE(' ',' ',#6349) ;
#6365=PRODUCT_DEFINITION_SHAPE(' ',' ',#6364) ;
#6380=PRODUCT_DEFINITION_SHAPE(' ',' ',#6379) ;
#34=APPROVAL_PERSON_ORGANIZATION(#28,#24,#22) ;
#28=PERSON_AND_ORGANIZATION(#25,#26) ;
#25=PERSON(' ',' ',' ',$,$,$) ;
#26=ORGANIZATION(' ',' ',' ') ;
#24=APPROVAL(#23,' ') ;
#23=APPROVAL_STATUS('not_yet_approved') ;
#22=APPROVAL_ROLE('APPROVER') ;
#13=DATE_AND_TIME(#11,#12) ;
#12=LOCAL_TIME(1,1,27.,#10) ;
#10=COORDINATED_UNIVERSAL_TIME_OFFSET(0,0,.AHEAD.) ;
#83=ORIENTED_EDGE('',*,*,#76,.F.) ;
#84=ORIENTED_EDGE('',*,*,#81,.F.) ;
#107=ORIENTED_EDGE('',*,*,#100,.T.) ;
#108=ORIENTED_EDGE('',*,*,#105,.T.) ;
#145=ORIENTED_EDGE('',*,*,#124,.T.) ;
#146=ORIENTED_EDGE('',*,*,#131,.T.) ;
#147=ORIENTED_EDGE('',*,*,#138,.F.) ;
#148=ORIENTED_EDGE('',*,*,#143,.F.) ;
#162=ORIENTED_EDGE('',*,*,#155,.T.) ;
#163=ORIENTED_EDGE('',*,*,#143,.T.) ;
#164=ORIENTED_EDGE('',*,*,#160,.F.) ;
#165=ORIENTED_EDGE('',*,*,#131,.F.) ;
#216=ORIENTED_EDGE('',*,*,#181,.F.) ;
#217=ORIENTED_EDGE('',*,*,#188,.T.) ;
#218=ORIENTED_EDGE('',*,*,#195,.T.) ;
#219=ORIENTED_EDGE('',*,*,#202,.T.) ;
#220=ORIENTED_EDGE('',*,*,#209,.F.) ;
#221=ORIENTED_EDGE('',*,*,#214,.F.) ;
#249=ORIENTED_EDGE('',*,*,#202,.F.) ;
#250=ORIENTED_EDGE('',*,*,#230,.T.) ;
#251=ORIENTED_EDGE('',*,*,#235,.T.) ;
#252=ORIENTED_EDGE('',*,*,#181,.T.) ;
#253=ORIENTED_EDGE('',*,*,#242,.F.) ;
#254=ORIENTED_EDGE('',*,*,#247,.F.) ;
#282=ORIENTED_EDGE('',*,*,#270,.T.) ;
#283=ORIENTED_EDGE('',*,*,#275,.F.) ;
#284=ORIENTED_EDGE('',*,*,#188,.F.) ;
#285=ORIENTED_EDGE('',*,*,#235,.F.) ;
#286=ORIENTED_EDGE('',*,*,#280,.T.) ;
#314=ORIENTED_EDGE('',*,*,#300,.T.) ;
#315=ORIENTED_EDGE('',*,*,#307,.T.) ;
#316=ORIENTED_EDGE('',*,*,#312,.T.) ;
#317=ORIENTED_EDGE('',*,*,#230,.F.) ;
#318=ORIENTED_EDGE('',*,*,#195,.F.) ;
#321=ORIENTED_EDGE('',*,*,#124,.F.) ;
#322=ORIENTED_EDGE('',*,*,#155,.F.) ;
#350=ORIENTED_EDGE('',*,*,#209,.T.) ;
#351=ORIENTED_EDGE('',*,*,#247,.T.) ;
#352=ORIENTED_EDGE('',*,*,#336,.F.) ;
#353=ORIENTED_EDGE('',*,*,#343,.F.) ;
#354=ORIENTED_EDGE('',*,*,#348,.F.) ;
#357=ORIENTED_EDGE('',*,*,#160,.T.) ;
#358=ORIENTED_EDGE('',*,*,#138,.T.) ;
#381=ORIENTED_EDGE('',*,*,#367,.F.) ;
#382=ORIENTED_EDGE('',*,*,#242,.T.) ;
#383=ORIENTED_EDGE('',*,*,#214,.T.) ;
#384=ORIENTED_EDGE('',*,*,#374,.T.) ;
#385=ORIENTED_EDGE('',*,*,#379,.F.) ;
#406=ORIENTED_EDGE('',*,*,#399,.T.) ;
#407=ORIENTED_EDGE('',*,*,#280,.F.) ;
#408=ORIENTED_EDGE('',*,*,#312,.F.) ;
#409=ORIENTED_EDGE('',*,*,#404,.T.) ;
#430=ORIENTED_EDGE('',*,*,#423,.T.) ;
#431=ORIENTED_EDGE('',*,*,#428,.F.) ;
#432=ORIENTED_EDGE('',*,*,#300,.F.) ;
#433=ORIENTED_EDGE('',*,*,#275,.T.) ;
#447=ORIENTED_EDGE('',*,*,#423,.F.) ;
#448=ORIENTED_EDGE('',*,*,#270,.F.) ;
#449=ORIENTED_EDGE('',*,*,#399,.F.) ;
#450=ORIENTED_EDGE('',*,*,#445,.F.) ;
#467=ORIENTED_EDGE('',*,*,#460,.T.) ;
#468=ORIENTED_EDGE('',*,*,#465,.T.) ;
#485=ORIENTED_EDGE('',*,*,#478,.T.) ;
#486=ORIENTED_EDGE('',*,*,#483,.T.) ;
#495=ORIENTED_EDGE('',*,*,#445,.T.) ;
#496=ORIENTED_EDGE('',*,*,#404,.F.) ;
#497=ORIENTED_EDGE('',*,*,#307,.F.) ;
#498=ORIENTED_EDGE('',*,*,#428,.T.) ;
#514=ORIENTED_EDGE('',*,*,#374,.F.) ;
#515=ORIENTED_EDGE('',*,*,#348,.T.) ;
#516=ORIENTED_EDGE('',*,*,#507,.T.) ;
#517=ORIENTED_EDGE('',*,*,#512,.F.) ;
#533=ORIENTED_EDGE('',*,*,#507,.F.) ;
#534=ORIENTED_EDGE('',*,*,#343,.T.) ;
#535=ORIENTED_EDGE('',*,*,#526,.T.) ;
#536=ORIENTED_EDGE('',*,*,#531,.F.) ;
#545=ORIENTED_EDGE('',*,*,#526,.F.) ;
#546=ORIENTED_EDGE('',*,*,#336,.T.) ;
#547=ORIENTED_EDGE('',*,*,#367,.T.) ;
#548=ORIENTED_EDGE('',*,*,#543,.F.) ;
#557=ORIENTED_EDGE('',*,*,#531,.T.) ;
#558=ORIENTED_EDGE('',*,*,#543,.T.) ;
#559=ORIENTED_EDGE('',*,*,#379,.T.) ;
#560=ORIENTED_EDGE('',*,*,#512,.T.) ;
#577=ORIENTED_EDGE('',*,*,#570,.F.) ;
#578=ORIENTED_EDGE('',*,*,#575,.F.) ;
#595=ORIENTED_EDGE('',*,*,#588,.F.) ;
#596=ORIENTED_EDGE('',*,*,#593,.F.) ;
#610=ORIENTED_EDGE('',*,*,#76,.T.) ;
#611=ORIENTED_EDGE('',*,*,#603,.T.) ;
#612=ORIENTED_EDGE('',*,*,#465,.F.) ;
#613=ORIENTED_EDGE('',*,*,#608,.F.) ;
#617=ORIENTED_EDGE('',*,*,#81,.T.) ;
#618=ORIENTED_EDGE('',*,*,#608,.T.) ;
#619=ORIENTED_EDGE('',*,*,#460,.F.) ;
#620=ORIENTED_EDGE('',*,*,#603,.F.) ;
#639=ORIENTED_EDGE('',*,*,#588,.T.) ;
#640=ORIENTED_EDGE('',*,*,#632,.T.) ;
#641=ORIENTED_EDGE('',*,*,#483,.F.) ;
#642=ORIENTED_EDGE('',*,*,#637,.T.) ;
#646=ORIENTED_EDGE('',*,*,#593,.T.) ;
#647=ORIENTED_EDGE('',*,*,#637,.F.) ;
#648=ORIENTED_EDGE('',*,*,#478,.F.) ;
#649=ORIENTED_EDGE('',*,*,#632,.F.) ;
#663=ORIENTED_EDGE('',*,*,#105,.F.) ;
#664=ORIENTED_EDGE('',*,*,#656,.T.) ;
#665=ORIENTED_EDGE('',*,*,#570,.T.) ;
#666=ORIENTED_EDGE('',*,*,#661,.F.) ;
#670=ORIENTED_EDGE('',*,*,#100,.F.) ;
#671=ORIENTED_EDGE('',*,*,#661,.T.) ;
#672=ORIENTED_EDGE('',*,*,#575,.T.) ;
#673=ORIENTED_EDGE('',*,*,#656,.F.) ;
#737=ORIENTED_EDGE('',*,*,#716,.F.) ;
#738=ORIENTED_EDGE('',*,*,#723,.T.) ;
#739=ORIENTED_EDGE('',*,*,#730,.T.) ;
#740=ORIENTED_EDGE('',*,*,#735,.F.) ;
#768=ORIENTED_EDGE('',*,*,#730,.F.) ;
#769=ORIENTED_EDGE('',*,*,#754,.T.) ;
#770=ORIENTED_EDGE('',*,*,#761,.T.) ;
#771=ORIENTED_EDGE('',*,*,#766,.F.) ;
#799=ORIENTED_EDGE('',*,*,#761,.F.) ;
#800=ORIENTED_EDGE('',*,*,#785,.T.) ;
#801=ORIENTED_EDGE('',*,*,#792,.T.) ;
#802=ORIENTED_EDGE('',*,*,#797,.F.) ;
#821=ORIENTED_EDGE('',*,*,#792,.F.) ;
#822=ORIENTED_EDGE('',*,*,#814,.T.) ;
#823=ORIENTED_EDGE('',*,*,#716,.T.) ;
#824=ORIENTED_EDGE('',*,*,#819,.F.) ;
#861=ORIENTED_EDGE('',*,*,#840,.T.) ;
#862=ORIENTED_EDGE('',*,*,#847,.F.) ;
#863=ORIENTED_EDGE('',*,*,#854,.F.) ;
#864=ORIENTED_EDGE('',*,*,#859,.T.) ;
#878=ORIENTED_EDGE('',*,*,#871,.T.) ;
#879=ORIENTED_EDGE('',*,*,#859,.F.) ;
#880=ORIENTED_EDGE('',*,*,#876,.F.) ;
#881=ORIENTED_EDGE('',*,*,#847,.T.) ;
#918=ORIENTED_EDGE('',*,*,#897,.T.) ;
#919=ORIENTED_EDGE('',*,*,#904,.F.) ;
#920=ORIENTED_EDGE('',*,*,#911,.F.) ;
#921=ORIENTED_EDGE('',*,*,#916,.T.) ;
#935=ORIENTED_EDGE('',*,*,#928,.T.) ;
#936=ORIENTED_EDGE('',*,*,#916,.F.) ;
#937=ORIENTED_EDGE('',*,*,#933,.F.) ;
#938=ORIENTED_EDGE('',*,*,#904,.T.) ;
#975=ORIENTED_EDGE('',*,*,#954,.T.) ;
#976=ORIENTED_EDGE('',*,*,#961,.F.) ;
#977=ORIENTED_EDGE('',*,*,#968,.F.) ;
#978=ORIENTED_EDGE('',*,*,#973,.T.) ;
#992=ORIENTED_EDGE('',*,*,#985,.T.) ;
#993=ORIENTED_EDGE('',*,*,#973,.F.) ;
#994=ORIENTED_EDGE('',*,*,#990,.F.) ;
#995=ORIENTED_EDGE('',*,*,#961,.T.) ;
#1004=ORIENTED_EDGE('',*,*,#814,.F.) ;
#1005=ORIENTED_EDGE('',*,*,#785,.F.) ;
#1006=ORIENTED_EDGE('',*,*,#754,.F.) ;
#1007=ORIENTED_EDGE('',*,*,#723,.F.) ;
#1010=ORIENTED_EDGE('',*,*,#876,.T.) ;
#1011=ORIENTED_EDGE('',*,*,#854,.T.) ;
#1014=ORIENTED_EDGE('',*,*,#933,.T.) ;
#1015=ORIENTED_EDGE('',*,*,#911,.T.) ;
#1018=ORIENTED_EDGE('',*,*,#990,.T.) ;
#1019=ORIENTED_EDGE('',*,*,#968,.T.) ;
#1028=ORIENTED_EDGE('',*,*,#735,.T.) ;
#1029=ORIENTED_EDGE('',*,*,#766,.T.) ;
#1030=ORIENTED_EDGE('',*,*,#797,.T.) ;
#1031=ORIENTED_EDGE('',*,*,#819,.T.) ;
#1034=ORIENTED_EDGE('',*,*,#840,.F.) ;
#1035=ORIENTED_EDGE('',*,*,#871,.F.) ;
#1038=ORIENTED_EDGE('',*,*,#897,.F.) ;
#1039=ORIENTED_EDGE('',*,*,#928,.F.) ;
#1042=ORIENTED_EDGE('',*,*,#954,.F.) ;
#1043=ORIENTED_EDGE('',*,*,#985,.F.) ;
#1093=ORIENTED_EDGE('',*,*,#1086,.F.) ;
#1094=ORIENTED_EDGE('',*,*,#1091,.F.) ;
#1117=ORIENTED_EDGE('',*,*,#1110,.T.) ;
#1118=ORIENTED_EDGE('',*,*,#1115,.T.) ;
#1155=ORIENTED_EDGE('',*,*,#1134,.T.) ;
#1156=ORIENTED_EDGE('',*,*,#1141,.T.) ;
#1157=ORIENTED_EDGE('',*,*,#1148,.F.) ;
#1158=ORIENTED_EDGE('',*,*,#1153,.F.) ;
#1172=ORIENTED_EDGE('',*,*,#1165,.T.) ;
#1173=ORIENTED_EDGE('',*,*,#1153,.T.) ;
#1174=ORIENTED_EDGE('',*,*,#1170,.F.) ;
#1175=ORIENTED_EDGE('',*,*,#1141,.F.) ;
#1193=ORIENTED_EDGE('',*,*,#1186,.F.) ;
#1194=ORIENTED_EDGE('',*,*,#1191,.F.) ;
#1212=ORIENTED_EDGE('',*,*,#1205,.T.) ;
#1213=ORIENTED_EDGE('',*,*,#1210,.T.) ;
#1250=ORIENTED_EDGE('',*,*,#1229,.T.) ;
#1251=ORIENTED_EDGE('',*,*,#1236,.T.) ;
#1252=ORIENTED_EDGE('',*,*,#1243,.F.) ;
#1253=ORIENTED_EDGE('',*,*,#1248,.F.) ;
#1267=ORIENTED_EDGE('',*,*,#1260,.T.) ;
#1268=ORIENTED_EDGE('',*,*,#1248,.T.) ;
#1269=ORIENTED_EDGE('',*,*,#1265,.F.) ;
#1270=ORIENTED_EDGE('',*,*,#1236,.F.) ;
#1307=ORIENTED_EDGE('',*,*,#1286,.T.) ;
#1308=ORIENTED_EDGE('',*,*,#1293,.F.) ;
#1309=ORIENTED_EDGE('',*,*,#1300,.T.) ;
#1310=ORIENTED_EDGE('',*,*,#1305,.T.) ;
#1408=ORIENTED_EDGE('',*,*,#1326,.T.) ;
#1409=ORIENTED_EDGE('',*,*,#1333,.T.) ;
#1410=ORIENTED_EDGE('',*,*,#1340,.F.) ;
#1411=ORIENTED_EDGE('',*,*,#1347,.F.) ;
#1412=ORIENTED_EDGE('',*,*,#1354,.T.) ;
#1413=ORIENTED_EDGE('',*,*,#1361,.F.) ;
#1414=ORIENTED_EDGE('',*,*,#1368,.T.) ;
#1415=ORIENTED_EDGE('',*,*,#1375,.T.) ;
#1416=ORIENTED_EDGE('',*,*,#1380,.T.) ;
#1417=ORIENTED_EDGE('',*,*,#1286,.F.) ;
#1418=ORIENTED_EDGE('',*,*,#1387,.F.) ;
#1419=ORIENTED_EDGE('',*,*,#1394,.T.) ;
#1420=ORIENTED_EDGE('',*,*,#1401,.F.) ;
#1421=ORIENTED_EDGE('',*,*,#1406,.T.) ;
#1438=ORIENTED_EDGE('',*,*,#1431,.F.) ;
#1439=ORIENTED_EDGE('',*,*,#1436,.F.) ;
#1456=ORIENTED_EDGE('',*,*,#1449,.F.) ;
#1457=ORIENTED_EDGE('',*,*,#1454,.F.) ;
#1478=ORIENTED_EDGE('',*,*,#1471,.T.) ;
#1479=ORIENTED_EDGE('',*,*,#1293,.T.) ;
#1480=ORIENTED_EDGE('',*,*,#1380,.F.) ;
#1481=ORIENTED_EDGE('',*,*,#1476,.T.) ;
#1572=ORIENTED_EDGE('',*,*,#1497,.F.) ;
#1573=ORIENTED_EDGE('',*,*,#1504,.F.) ;
#1574=ORIENTED_EDGE('',*,*,#1511,.F.) ;
#1575=ORIENTED_EDGE('',*,*,#1516,.F.) ;
#1576=ORIENTED_EDGE('',*,*,#1300,.F.) ;
#1577=ORIENTED_EDGE('',*,*,#1471,.F.) ;
#1578=ORIENTED_EDGE('',*,*,#1523,.T.) ;
#1579=ORIENTED_EDGE('',*,*,#1530,.F.) ;
#1580=ORIENTED_EDGE('',*,*,#1537,.F.) ;
#1581=ORIENTED_EDGE('',*,*,#1544,.F.) ;
#1582=ORIENTED_EDGE('',*,*,#1551,.F.) ;
#1583=ORIENTED_EDGE('',*,*,#1558,.F.) ;
#1584=ORIENTED_EDGE('',*,*,#1565,.F.) ;
#1585=ORIENTED_EDGE('',*,*,#1570,.T.) ;
#1588=ORIENTED_EDGE('',*,*,#1170,.T.) ;
#1589=ORIENTED_EDGE('',*,*,#1148,.T.) ;
#1592=ORIENTED_EDGE('',*,*,#1265,.T.) ;
#1593=ORIENTED_EDGE('',*,*,#1243,.T.) ;
#1607=ORIENTED_EDGE('',*,*,#1387,.T.) ;
#1608=ORIENTED_EDGE('',*,*,#1305,.F.) ;
#1609=ORIENTED_EDGE('',*,*,#1516,.T.) ;
#1610=ORIENTED_EDGE('',*,*,#1605,.T.) ;
#1629=ORIENTED_EDGE('',*,*,#1622,.F.) ;
#1630=ORIENTED_EDGE('',*,*,#1326,.F.) ;
#1631=ORIENTED_EDGE('',*,*,#1627,.T.) ;
#1632=ORIENTED_EDGE('',*,*,#1570,.F.) ;
#1646=ORIENTED_EDGE('',*,*,#1565,.T.) ;
#1647=ORIENTED_EDGE('',*,*,#1644,.T.) ;
#1648=ORIENTED_EDGE('',*,*,#1333,.F.) ;
#1649=ORIENTED_EDGE('',*,*,#1622,.T.) ;
#1663=ORIENTED_EDGE('',*,*,#1340,.T.) ;
#1664=ORIENTED_EDGE('',*,*,#1644,.F.) ;
#1665=ORIENTED_EDGE('',*,*,#1558,.T.) ;
#1666=ORIENTED_EDGE('',*,*,#1661,.T.) ;
#1680=ORIENTED_EDGE('',*,*,#1347,.T.) ;
#1681=ORIENTED_EDGE('',*,*,#1661,.F.) ;
#1682=ORIENTED_EDGE('',*,*,#1551,.T.) ;
#1683=ORIENTED_EDGE('',*,*,#1678,.T.) ;
#1697=ORIENTED_EDGE('',*,*,#1544,.T.) ;
#1698=ORIENTED_EDGE('',*,*,#1695,.T.) ;
#1699=ORIENTED_EDGE('',*,*,#1354,.F.) ;
#1700=ORIENTED_EDGE('',*,*,#1678,.F.) ;
#1714=ORIENTED_EDGE('',*,*,#1361,.T.) ;
#1715=ORIENTED_EDGE('',*,*,#1695,.F.) ;
#1716=ORIENTED_EDGE('',*,*,#1537,.T.) ;
#1717=ORIENTED_EDGE('',*,*,#1712,.T.) ;
#1731=ORIENTED_EDGE('',*,*,#1530,.T.) ;
#1732=ORIENTED_EDGE('',*,*,#1729,.F.) ;
#1733=ORIENTED_EDGE('',*,*,#1368,.F.) ;
#1734=ORIENTED_EDGE('',*,*,#1712,.F.) ;
#1743=ORIENTED_EDGE('',*,*,#1476,.F.) ;
#1744=ORIENTED_EDGE('',*,*,#1375,.F.) ;
#1745=ORIENTED_EDGE('',*,*,#1729,.T.) ;
#1746=ORIENTED_EDGE('',*,*,#1523,.F.) ;
#1760=ORIENTED_EDGE('',*,*,#1394,.F.) ;
#1761=ORIENTED_EDGE('',*,*,#1605,.F.) ;
#1762=ORIENTED_EDGE('',*,*,#1511,.T.) ;
#1763=ORIENTED_EDGE('',*,*,#1758,.T.) ;
#1777=ORIENTED_EDGE('',*,*,#1401,.T.) ;
#1778=ORIENTED_EDGE('',*,*,#1758,.F.) ;
#1779=ORIENTED_EDGE('',*,*,#1504,.T.) ;
#1780=ORIENTED_EDGE('',*,*,#1775,.T.) ;
#1789=ORIENTED_EDGE('',*,*,#1406,.F.) ;
#1790=ORIENTED_EDGE('',*,*,#1775,.F.) ;
#1791=ORIENTED_EDGE('',*,*,#1497,.T.) ;
#1792=ORIENTED_EDGE('',*,*,#1627,.F.) ;
#1806=ORIENTED_EDGE('',*,*,#1115,.F.) ;
#1807=ORIENTED_EDGE('',*,*,#1799,.T.) ;
#1808=ORIENTED_EDGE('',*,*,#1431,.T.) ;
#1809=ORIENTED_EDGE('',*,*,#1804,.F.) ;
#1813=ORIENTED_EDGE('',*,*,#1110,.F.) ;
#1814=ORIENTED_EDGE('',*,*,#1804,.T.) ;
#1815=ORIENTED_EDGE('',*,*,#1436,.T.) ;
#1816=ORIENTED_EDGE('',*,*,#1799,.F.) ;
#1830=ORIENTED_EDGE('',*,*,#1210,.F.) ;
#1831=ORIENTED_EDGE('',*,*,#1823,.T.) ;
#1832=ORIENTED_EDGE('',*,*,#1449,.T.) ;
#1833=ORIENTED_EDGE('',*,*,#1828,.F.) ;
#1837=ORIENTED_EDGE('',*,*,#1205,.F.) ;
#1838=ORIENTED_EDGE('',*,*,#1828,.T.) ;
#1839=ORIENTED_EDGE('',*,*,#1454,.T.) ;
#1840=ORIENTED_EDGE('',*,*,#1823,.F.) ;
#1877=ORIENTED_EDGE('',*,*,#1856,.T.) ;
#1878=ORIENTED_EDGE('',*,*,#1863,.F.) ;
#1879=ORIENTED_EDGE('',*,*,#1870,.T.) ;
#1880=ORIENTED_EDGE('',*,*,#1875,.T.) ;
#1978=ORIENTED_EDGE('',*,*,#1896,.F.) ;
#1979=ORIENTED_EDGE('',*,*,#1903,.F.) ;
#1980=ORIENTED_EDGE('',*,*,#1910,.F.) ;
#1981=ORIENTED_EDGE('',*,*,#1915,.F.) ;
#1982=ORIENTED_EDGE('',*,*,#1856,.F.) ;
#1983=ORIENTED_EDGE('',*,*,#1922,.F.) ;
#1984=ORIENTED_EDGE('',*,*,#1929,.T.) ;
#1985=ORIENTED_EDGE('',*,*,#1936,.F.) ;
#1986=ORIENTED_EDGE('',*,*,#1943,.F.) ;
#1987=ORIENTED_EDGE('',*,*,#1950,.F.) ;
#1988=ORIENTED_EDGE('',*,*,#1957,.F.) ;
#1989=ORIENTED_EDGE('',*,*,#1964,.F.) ;
#1990=ORIENTED_EDGE('',*,*,#1971,.F.) ;
#1991=ORIENTED_EDGE('',*,*,#1976,.T.) ;
#2008=ORIENTED_EDGE('',*,*,#2001,.T.) ;
#2009=ORIENTED_EDGE('',*,*,#2006,.T.) ;
#2026=ORIENTED_EDGE('',*,*,#2019,.T.) ;
#2027=ORIENTED_EDGE('',*,*,#2024,.T.) ;
#2048=ORIENTED_EDGE('',*,*,#1915,.T.) ;
#2049=ORIENTED_EDGE('',*,*,#2041,.F.) ;
#2050=ORIENTED_EDGE('',*,*,#2046,.T.) ;
#2051=ORIENTED_EDGE('',*,*,#1863,.T.) ;
#2142=ORIENTED_EDGE('',*,*,#2067,.T.) ;
#2143=ORIENTED_EDGE('',*,*,#2074,.T.) ;
#2144=ORIENTED_EDGE('',*,*,#2081,.F.) ;
#2145=ORIENTED_EDGE('',*,*,#2088,.F.) ;
#2146=ORIENTED_EDGE('',*,*,#2095,.T.) ;
#2147=ORIENTED_EDGE('',*,*,#2102,.F.) ;
#2148=ORIENTED_EDGE('',*,*,#2109,.T.) ;
#2149=ORIENTED_EDGE('',*,*,#2116,.T.) ;
#2150=ORIENTED_EDGE('',*,*,#2121,.T.) ;
#2151=ORIENTED_EDGE('',*,*,#1870,.F.) ;
#2152=ORIENTED_EDGE('',*,*,#2046,.F.) ;
#2153=ORIENTED_EDGE('',*,*,#2128,.T.) ;
#2154=ORIENTED_EDGE('',*,*,#2135,.F.) ;
#2155=ORIENTED_EDGE('',*,*,#2140,.T.) ;
#2158=ORIENTED_EDGE('',*,*,#1134,.F.) ;
#2159=ORIENTED_EDGE('',*,*,#1165,.F.) ;
#2162=ORIENTED_EDGE('',*,*,#1229,.F.) ;
#2163=ORIENTED_EDGE('',*,*,#1260,.F.) ;
#2172=ORIENTED_EDGE('',*,*,#1922,.T.) ;
#2173=ORIENTED_EDGE('',*,*,#1875,.F.) ;
#2174=ORIENTED_EDGE('',*,*,#2121,.F.) ;
#2175=ORIENTED_EDGE('',*,*,#2170,.F.) ;
#2194=ORIENTED_EDGE('',*,*,#2187,.F.) ;
#2195=ORIENTED_EDGE('',*,*,#1976,.F.) ;
#2196=ORIENTED_EDGE('',*,*,#2192,.T.) ;
#2197=ORIENTED_EDGE('',*,*,#2067,.F.) ;
#2206=ORIENTED_EDGE('',*,*,#1971,.T.) ;
#2207=ORIENTED_EDGE('',*,*,#2204,.F.) ;
#2208=ORIENTED_EDGE('',*,*,#2074,.F.) ;
#2209=ORIENTED_EDGE('',*,*,#2192,.F.) ;
#2223=ORIENTED_EDGE('',*,*,#1964,.T.) ;
#2224=ORIENTED_EDGE('',*,*,#2221,.F.) ;
#2225=ORIENTED_EDGE('',*,*,#2081,.T.) ;
#2226=ORIENTED_EDGE('',*,*,#2204,.T.) ;
#2240=ORIENTED_EDGE('',*,*,#1957,.T.) ;
#2241=ORIENTED_EDGE('',*,*,#2238,.F.) ;
#2242=ORIENTED_EDGE('',*,*,#2088,.T.) ;
#2243=ORIENTED_EDGE('',*,*,#2221,.T.) ;
#2252=ORIENTED_EDGE('',*,*,#1950,.T.) ;
#2253=ORIENTED_EDGE('',*,*,#2250,.F.) ;
#2254=ORIENTED_EDGE('',*,*,#2095,.F.) ;
#2255=ORIENTED_EDGE('',*,*,#2238,.T.) ;
#2269=ORIENTED_EDGE('',*,*,#1943,.T.) ;
#2270=ORIENTED_EDGE('',*,*,#2267,.F.) ;
#2271=ORIENTED_EDGE('',*,*,#2102,.T.) ;
#2272=ORIENTED_EDGE('',*,*,#2250,.T.) ;
#2281=ORIENTED_EDGE('',*,*,#1936,.T.) ;
#2282=ORIENTED_EDGE('',*,*,#2279,.T.) ;
#2283=ORIENTED_EDGE('',*,*,#2109,.F.) ;
#2284=ORIENTED_EDGE('',*,*,#2267,.T.) ;
#2293=ORIENTED_EDGE('',*,*,#2279,.F.) ;
#2294=ORIENTED_EDGE('',*,*,#1929,.F.) ;
#2295=ORIENTED_EDGE('',*,*,#2170,.T.) ;
#2296=ORIENTED_EDGE('',*,*,#2116,.F.) ;
#2305=ORIENTED_EDGE('',*,*,#2128,.F.) ;
#2306=ORIENTED_EDGE('',*,*,#2041,.T.) ;
#2307=ORIENTED_EDGE('',*,*,#1910,.T.) ;
#2308=ORIENTED_EDGE('',*,*,#2303,.F.) ;
#2322=ORIENTED_EDGE('',*,*,#1903,.T.) ;
#2323=ORIENTED_EDGE('',*,*,#2320,.F.) ;
#2324=ORIENTED_EDGE('',*,*,#2135,.T.) ;
#2325=ORIENTED_EDGE('',*,*,#2303,.T.) ;
#2329=ORIENTED_EDGE('',*,*,#2140,.F.) ;
#2330=ORIENTED_EDGE('',*,*,#2320,.T.) ;
#2331=ORIENTED_EDGE('',*,*,#1896,.T.) ;
#2332=ORIENTED_EDGE('',*,*,#2187,.T.) ;
#2346=ORIENTED_EDGE('',*,*,#1086,.T.) ;
#2347=ORIENTED_EDGE('',*,*,#2339,.T.) ;
#2348=ORIENTED_EDGE('',*,*,#2006,.F.) ;
#2349=ORIENTED_EDGE('',*,*,#2344,.F.) ;
#2353=ORIENTED_EDGE('',*,*,#1091,.T.) ;
#2354=ORIENTED_EDGE('',*,*,#2344,.T.) ;
#2355=ORIENTED_EDGE('',*,*,#2001,.F.) ;
#2356=ORIENTED_EDGE('',*,*,#2339,.F.) ;
#2370=ORIENTED_EDGE('',*,*,#1186,.T.) ;
#2371=ORIENTED_EDGE('',*,*,#2363,.T.) ;
#2372=ORIENTED_EDGE('',*,*,#2024,.F.) ;
#2373=ORIENTED_EDGE('',*,*,#2368,.F.) ;
#2377=ORIENTED_EDGE('',*,*,#1191,.T.) ;
#2378=ORIENTED_EDGE('',*,*,#2368,.T.) ;
#2379=ORIENTED_EDGE('',*,*,#2019,.F.) ;
#2380=ORIENTED_EDGE('',*,*,#2363,.F.) ;
#2421=ORIENTED_EDGE('',*,*,#2400,.F.) ;
#2422=ORIENTED_EDGE('',*,*,#2407,.F.) ;
#2423=ORIENTED_EDGE('',*,*,#2414,.F.) ;
#2424=ORIENTED_EDGE('',*,*,#2419,.F.) ;
#2455=ORIENTED_EDGE('',*,*,#2434,.T.) ;
#2456=ORIENTED_EDGE('',*,*,#2441,.T.) ;
#2457=ORIENTED_EDGE('',*,*,#2448,.F.) ;
#2458=ORIENTED_EDGE('',*,*,#2453,.F.) ;
#2495=ORIENTED_EDGE('',*,*,#2474,.T.) ;
#2496=ORIENTED_EDGE('',*,*,#2481,.T.) ;
#2497=ORIENTED_EDGE('',*,*,#2488,.T.) ;
#2498=ORIENTED_EDGE('',*,*,#2493,.T.) ;
#2517=ORIENTED_EDGE('',*,*,#2510,.F.) ;
#2518=ORIENTED_EDGE('',*,*,#2400,.T.) ;
#2519=ORIENTED_EDGE('',*,*,#2515,.T.) ;
#2520=ORIENTED_EDGE('',*,*,#2493,.F.) ;
#2534=ORIENTED_EDGE('',*,*,#2532,.F.) ;
#2535=ORIENTED_EDGE('',*,*,#2407,.T.) ;
#2536=ORIENTED_EDGE('',*,*,#2510,.T.) ;
#2537=ORIENTED_EDGE('',*,*,#2488,.F.) ;
#2551=ORIENTED_EDGE('',*,*,#2549,.F.) ;
#2552=ORIENTED_EDGE('',*,*,#2414,.T.) ;
#2553=ORIENTED_EDGE('',*,*,#2532,.T.) ;
#2554=ORIENTED_EDGE('',*,*,#2481,.F.) ;
#2563=ORIENTED_EDGE('',*,*,#2515,.F.) ;
#2564=ORIENTED_EDGE('',*,*,#2419,.T.) ;
#2565=ORIENTED_EDGE('',*,*,#2549,.T.) ;
#2566=ORIENTED_EDGE('',*,*,#2474,.F.) ;
#2594=ORIENTED_EDGE('',*,*,#2441,.F.) ;
#2595=ORIENTED_EDGE('',*,*,#2580,.T.) ;
#2596=ORIENTED_EDGE('',*,*,#2587,.T.) ;
#2597=ORIENTED_EDGE('',*,*,#2592,.F.) ;
#2618=ORIENTED_EDGE('',*,*,#2434,.F.) ;
#2619=ORIENTED_EDGE('',*,*,#2611,.F.) ;
#2620=ORIENTED_EDGE('',*,*,#2616,.F.) ;
#2621=ORIENTED_EDGE('',*,*,#2580,.F.) ;
#2642=ORIENTED_EDGE('',*,*,#2587,.F.) ;
#2643=ORIENTED_EDGE('',*,*,#2616,.T.) ;
#2644=ORIENTED_EDGE('',*,*,#2635,.T.) ;
#2645=ORIENTED_EDGE('',*,*,#2640,.F.) ;
#2659=ORIENTED_EDGE('',*,*,#2592,.T.) ;
#2660=ORIENTED_EDGE('',*,*,#2640,.T.) ;
#2661=ORIENTED_EDGE('',*,*,#2657,.T.) ;
#2662=ORIENTED_EDGE('',*,*,#2448,.T.) ;
#2671=ORIENTED_EDGE('',*,*,#2635,.F.) ;
#2672=ORIENTED_EDGE('',*,*,#2611,.T.) ;
#2673=ORIENTED_EDGE('',*,*,#2453,.T.) ;
#2674=ORIENTED_EDGE('',*,*,#2657,.F.) ;
#2722=ORIENTED_EDGE('',*,*,#2715,.F.) ;
#2723=ORIENTED_EDGE('',*,*,#2720,.F.) ;
#2746=ORIENTED_EDGE('',*,*,#2739,.T.) ;
#2747=ORIENTED_EDGE('',*,*,#2744,.T.) ;
#2784=ORIENTED_EDGE('',*,*,#2763,.T.) ;
#2785=ORIENTED_EDGE('',*,*,#2770,.T.) ;
#2786=ORIENTED_EDGE('',*,*,#2777,.F.) ;
#2787=ORIENTED_EDGE('',*,*,#2782,.F.) ;
#2801=ORIENTED_EDGE('',*,*,#2794,.T.) ;
#2802=ORIENTED_EDGE('',*,*,#2782,.T.) ;
#2803=ORIENTED_EDGE('',*,*,#2799,.F.) ;
#2804=ORIENTED_EDGE('',*,*,#2770,.F.) ;
#2822=ORIENTED_EDGE('',*,*,#2815,.F.) ;
#2823=ORIENTED_EDGE('',*,*,#2820,.F.) ;
#2841=ORIENTED_EDGE('',*,*,#2834,.T.) ;
#2842=ORIENTED_EDGE('',*,*,#2839,.T.) ;
#2879=ORIENTED_EDGE('',*,*,#2858,.T.) ;
#2880=ORIENTED_EDGE('',*,*,#2865,.T.) ;
#2881=ORIENTED_EDGE('',*,*,#2872,.F.) ;
#2882=ORIENTED_EDGE('',*,*,#2877,.F.) ;
#2896=ORIENTED_EDGE('',*,*,#2889,.T.) ;
#2897=ORIENTED_EDGE('',*,*,#2877,.T.) ;
#2898=ORIENTED_EDGE('',*,*,#2894,.F.) ;
#2899=ORIENTED_EDGE('',*,*,#2865,.F.) ;
#2917=ORIENTED_EDGE('',*,*,#2910,.F.) ;
#2918=ORIENTED_EDGE('',*,*,#2915,.F.) ;
#2936=ORIENTED_EDGE('',*,*,#2929,.T.) ;
#2937=ORIENTED_EDGE('',*,*,#2934,.T.) ;
#2974=ORIENTED_EDGE('',*,*,#2953,.T.) ;
#2975=ORIENTED_EDGE('',*,*,#2960,.T.) ;
#2976=ORIENTED_EDGE('',*,*,#2967,.F.) ;
#2977=ORIENTED_EDGE('',*,*,#2972,.F.) ;
#2991=ORIENTED_EDGE('',*,*,#2984,.T.) ;
#2992=ORIENTED_EDGE('',*,*,#2972,.T.) ;
#2993=ORIENTED_EDGE('',*,*,#2989,.F.) ;
#2994=ORIENTED_EDGE('',*,*,#2960,.F.) ;
#3012=ORIENTED_EDGE('',*,*,#3005,.F.) ;
#3013=ORIENTED_EDGE('',*,*,#3010,.F.) ;
#3031=ORIENTED_EDGE('',*,*,#3024,.T.) ;
#3032=ORIENTED_EDGE('',*,*,#3029,.T.) ;
#3069=ORIENTED_EDGE('',*,*,#3048,.T.) ;
#3070=ORIENTED_EDGE('',*,*,#3055,.T.) ;
#3071=ORIENTED_EDGE('',*,*,#3062,.F.) ;
#3072=ORIENTED_EDGE('',*,*,#3067,.F.) ;
#3086=ORIENTED_EDGE('',*,*,#3079,.T.) ;
#3087=ORIENTED_EDGE('',*,*,#3067,.T.) ;
#3088=ORIENTED_EDGE('',*,*,#3084,.F.) ;
#3089=ORIENTED_EDGE('',*,*,#3055,.F.) ;
#3126=ORIENTED_EDGE('',*,*,#3105,.F.) ;
#3127=ORIENTED_EDGE('',*,*,#3112,.T.) ;
#3128=ORIENTED_EDGE('',*,*,#3119,.T.) ;
#3129=ORIENTED_EDGE('',*,*,#3124,.F.) ;
#3376=ORIENTED_EDGE('',*,*,#3145,.T.) ;
#3377=ORIENTED_EDGE('',*,*,#3152,.T.) ;
#3378=ORIENTED_EDGE('',*,*,#3159,.T.) ;
#3379=ORIENTED_EDGE('',*,*,#3166,.T.) ;
#3380=ORIENTED_EDGE('',*,*,#3173,.T.) ;
#3381=ORIENTED_EDGE('',*,*,#3180,.T.) ;
#3382=ORIENTED_EDGE('',*,*,#3187,.T.) ;
#3383=ORIENTED_EDGE('',*,*,#3194,.T.) ;
#3384=ORIENTED_EDGE('',*,*,#3201,.T.) ;
#3385=ORIENTED_EDGE('',*,*,#3208,.T.) ;
#3386=ORIENTED_EDGE('',*,*,#3215,.T.) ;
#3387=ORIENTED_EDGE('',*,*,#3222,.T.) ;
#3388=ORIENTED_EDGE('',*,*,#3229,.T.) ;
#3389=ORIENTED_EDGE('',*,*,#3236,.T.) ;
#3390=ORIENTED_EDGE('',*,*,#3243,.T.) ;
#3391=ORIENTED_EDGE('',*,*,#3250,.F.) ;
#3392=ORIENTED_EDGE('',*,*,#3257,.T.) ;
#3393=ORIENTED_EDGE('',*,*,#3264,.F.) ;
#3394=ORIENTED_EDGE('',*,*,#3271,.F.) ;
#3395=ORIENTED_EDGE('',*,*,#3278,.F.) ;
#3396=ORIENTED_EDGE('',*,*,#3285,.F.) ;
#3397=ORIENTED_EDGE('',*,*,#3292,.T.) ;
#3398=ORIENTED_EDGE('',*,*,#3299,.T.) ;
#3399=ORIENTED_EDGE('',*,*,#3306,.F.) ;
#3400=ORIENTED_EDGE('',*,*,#3313,.F.) ;
#3401=ORIENTED_EDGE('',*,*,#3320,.F.) ;
#3402=ORIENTED_EDGE('',*,*,#3327,.F.) ;
#3403=ORIENTED_EDGE('',*,*,#3334,.T.) ;
#3404=ORIENTED_EDGE('',*,*,#3341,.F.) ;
#3405=ORIENTED_EDGE('',*,*,#3348,.F.) ;
#3406=ORIENTED_EDGE('',*,*,#3355,.F.) ;
#3407=ORIENTED_EDGE('',*,*,#3362,.T.) ;
#3408=ORIENTED_EDGE('',*,*,#3369,.T.) ;
#3409=ORIENTED_EDGE('',*,*,#3374,.F.) ;
#3417=ORIENTED_EDGE('',*,*,#3124,.T.) ;
#3418=ORIENTED_EDGE('',*,*,#3415,.T.) ;
#3427=ORIENTED_EDGE('',*,*,#3119,.F.) ;
#3428=ORIENTED_EDGE('',*,*,#3425,.T.) ;
#3429=ORIENTED_EDGE('',*,*,#3105,.T.) ;
#3430=ORIENTED_EDGE('',*,*,#3415,.F.) ;
#3677=ORIENTED_EDGE('',*,*,#3446,.T.) ;
#3678=ORIENTED_EDGE('',*,*,#3453,.T.) ;
#3679=ORIENTED_EDGE('',*,*,#3460,.F.) ;
#3680=ORIENTED_EDGE('',*,*,#3467,.F.) ;
#3681=ORIENTED_EDGE('',*,*,#3474,.T.) ;
#3682=ORIENTED_EDGE('',*,*,#3481,.T.) ;
#3683=ORIENTED_EDGE('',*,*,#3488,.T.) ;
#3684=ORIENTED_EDGE('',*,*,#3495,.T.) ;
#3685=ORIENTED_EDGE('',*,*,#3502,.F.) ;
#3686=ORIENTED_EDGE('',*,*,#3509,.T.) ;
#3687=ORIENTED_EDGE('',*,*,#3516,.F.) ;
#3688=ORIENTED_EDGE('',*,*,#3523,.F.) ;
#3689=ORIENTED_EDGE('',*,*,#3530,.T.) ;
#3690=ORIENTED_EDGE('',*,*,#3537,.T.) ;
#3691=ORIENTED_EDGE('',*,*,#3544,.T.) ;
#3692=ORIENTED_EDGE('',*,*,#3551,.F.) ;
#3693=ORIENTED_EDGE('',*,*,#3558,.T.) ;
#3694=ORIENTED_EDGE('',*,*,#3565,.T.) ;
#3695=ORIENTED_EDGE('',*,*,#3572,.T.) ;
#3696=ORIENTED_EDGE('',*,*,#3579,.F.) ;
#3697=ORIENTED_EDGE('',*,*,#3586,.F.) ;
#3698=ORIENTED_EDGE('',*,*,#3593,.F.) ;
#3699=ORIENTED_EDGE('',*,*,#3600,.F.) ;
#3700=ORIENTED_EDGE('',*,*,#3607,.F.) ;
#3701=ORIENTED_EDGE('',*,*,#3614,.F.) ;
#3702=ORIENTED_EDGE('',*,*,#3621,.F.) ;
#3703=ORIENTED_EDGE('',*,*,#3628,.F.) ;
#3704=ORIENTED_EDGE('',*,*,#3635,.F.) ;
#3705=ORIENTED_EDGE('',*,*,#3642,.F.) ;
#3706=ORIENTED_EDGE('',*,*,#3649,.F.) ;
#3707=ORIENTED_EDGE('',*,*,#3656,.F.) ;
#3708=ORIENTED_EDGE('',*,*,#3663,.F.) ;
#3709=ORIENTED_EDGE('',*,*,#3670,.F.) ;
#3710=ORIENTED_EDGE('',*,*,#3675,.F.) ;
#3713=ORIENTED_EDGE('',*,*,#3112,.F.) ;
#3714=ORIENTED_EDGE('',*,*,#3425,.F.) ;
#3733=ORIENTED_EDGE('',*,*,#3374,.T.) ;
#3734=ORIENTED_EDGE('',*,*,#3726,.T.) ;
#3735=ORIENTED_EDGE('',*,*,#3446,.F.) ;
#3736=ORIENTED_EDGE('',*,*,#3731,.F.) ;
#3764=ORIENTED_EDGE('',*,*,#3750,.F.) ;
#3765=ORIENTED_EDGE('',*,*,#3453,.F.) ;
#3766=ORIENTED_EDGE('',*,*,#3726,.F.) ;
#3767=ORIENTED_EDGE('',*,*,#3369,.F.) ;
#3768=ORIENTED_EDGE('',*,*,#3757,.F.) ;
#3769=ORIENTED_EDGE('',*,*,#3762,.F.) ;
#3786=ORIENTED_EDGE('',*,*,#3779,.T.) ;
#3787=ORIENTED_EDGE('',*,*,#3784,.T.) ;
#3804=ORIENTED_EDGE('',*,*,#3797,.T.) ;
#3805=ORIENTED_EDGE('',*,*,#3802,.T.) ;
#3826=ORIENTED_EDGE('',*,*,#3757,.T.) ;
#3827=ORIENTED_EDGE('',*,*,#3362,.F.) ;
#3828=ORIENTED_EDGE('',*,*,#3819,.T.) ;
#3829=ORIENTED_EDGE('',*,*,#3824,.T.) ;
#3855=ORIENTED_EDGE('',*,*,#3843,.T.) ;
#3856=ORIENTED_EDGE('',*,*,#3819,.F.) ;
#3857=ORIENTED_EDGE('',*,*,#3355,.T.) ;
#3858=ORIENTED_EDGE('',*,*,#3848,.T.) ;
#3859=ORIENTED_EDGE('',*,*,#3467,.T.) ;
#3860=ORIENTED_EDGE('',*,*,#3853,.F.) ;
#3863=ORIENTED_EDGE('',*,*,#2794,.F.) ;
#3864=ORIENTED_EDGE('',*,*,#2763,.F.) ;
#3867=ORIENTED_EDGE('',*,*,#3079,.F.) ;
#3868=ORIENTED_EDGE('',*,*,#3048,.F.) ;
#3877=ORIENTED_EDGE('',*,*,#3348,.T.) ;
#3878=ORIENTED_EDGE('',*,*,#3875,.T.) ;
#3879=ORIENTED_EDGE('',*,*,#3474,.F.) ;
#3880=ORIENTED_EDGE('',*,*,#3848,.F.) ;
#3889=ORIENTED_EDGE('',*,*,#3481,.F.) ;
#3890=ORIENTED_EDGE('',*,*,#3875,.F.) ;
#3891=ORIENTED_EDGE('',*,*,#3341,.T.) ;
#3892=ORIENTED_EDGE('',*,*,#3887,.T.) ;
#3920=ORIENTED_EDGE('',*,*,#3906,.F.) ;
#3921=ORIENTED_EDGE('',*,*,#3488,.F.) ;
#3922=ORIENTED_EDGE('',*,*,#3887,.F.) ;
#3923=ORIENTED_EDGE('',*,*,#3334,.F.) ;
#3924=ORIENTED_EDGE('',*,*,#3913,.F.) ;
#3925=ORIENTED_EDGE('',*,*,#3918,.F.) ;
#3928=ORIENTED_EDGE('',*,*,#2777,.T.) ;
#3929=ORIENTED_EDGE('',*,*,#2799,.T.) ;
#3932=ORIENTED_EDGE('',*,*,#3062,.T.) ;
#3933=ORIENTED_EDGE('',*,*,#3084,.T.) ;
#3954=ORIENTED_EDGE('',*,*,#3947,.T.) ;
#3955=ORIENTED_EDGE('',*,*,#3952,.F.) ;
#3956=ORIENTED_EDGE('',*,*,#3913,.T.) ;
#3957=ORIENTED_EDGE('',*,*,#3327,.T.) ;
#3983=ORIENTED_EDGE('',*,*,#3971,.T.) ;
#3984=ORIENTED_EDGE('',*,*,#3947,.F.) ;
#3985=ORIENTED_EDGE('',*,*,#3320,.T.) ;
#3986=ORIENTED_EDGE('',*,*,#3976,.T.) ;
#3987=ORIENTED_EDGE('',*,*,#3502,.T.) ;
#3988=ORIENTED_EDGE('',*,*,#3981,.F.) ;
#4005=ORIENTED_EDGE('',*,*,#3998,.F.) ;
#4006=ORIENTED_EDGE('',*,*,#4003,.F.) ;
#4023=ORIENTED_EDGE('',*,*,#4016,.F.) ;
#4024=ORIENTED_EDGE('',*,*,#4021,.F.) ;
#4033=ORIENTED_EDGE('',*,*,#3313,.T.) ;
#4034=ORIENTED_EDGE('',*,*,#4031,.T.) ;
#4035=ORIENTED_EDGE('',*,*,#3509,.F.) ;
#4036=ORIENTED_EDGE('',*,*,#3976,.F.) ;
#4059=ORIENTED_EDGE('',*,*,#3516,.T.) ;
#4060=ORIENTED_EDGE('',*,*,#4031,.F.) ;
#4061=ORIENTED_EDGE('',*,*,#3306,.T.) ;
#4062=ORIENTED_EDGE('',*,*,#4045,.F.) ;
#4063=ORIENTED_EDGE('',*,*,#4052,.T.) ;
#4064=ORIENTED_EDGE('',*,*,#4057,.F.) ;
#4081=ORIENTED_EDGE('',*,*,#4074,.F.) ;
#4082=ORIENTED_EDGE('',*,*,#4079,.F.) ;
#4099=ORIENTED_EDGE('',*,*,#4092,.F.) ;
#4100=ORIENTED_EDGE('',*,*,#4097,.F.) ;
#4121=ORIENTED_EDGE('',*,*,#4045,.T.) ;
#4122=ORIENTED_EDGE('',*,*,#3299,.F.) ;
#4123=ORIENTED_EDGE('',*,*,#4114,.T.) ;
#4124=ORIENTED_EDGE('',*,*,#4119,.T.) ;
#4145=ORIENTED_EDGE('',*,*,#4133,.F.) ;
#4146=ORIENTED_EDGE('',*,*,#4138,.F.) ;
#4147=ORIENTED_EDGE('',*,*,#4114,.F.) ;
#4148=ORIENTED_EDGE('',*,*,#3292,.F.) ;
#4149=ORIENTED_EDGE('',*,*,#4143,.T.) ;
#4150=ORIENTED_EDGE('',*,*,#3530,.F.) ;
#4153=ORIENTED_EDGE('',*,*,#2989,.T.) ;
#4154=ORIENTED_EDGE('',*,*,#2967,.T.) ;
#4157=ORIENTED_EDGE('',*,*,#2894,.T.) ;
#4158=ORIENTED_EDGE('',*,*,#2872,.T.) ;
#4167=ORIENTED_EDGE('',*,*,#3285,.T.) ;
#4168=ORIENTED_EDGE('',*,*,#4165,.T.) ;
#4169=ORIENTED_EDGE('',*,*,#3537,.F.) ;
#4170=ORIENTED_EDGE('',*,*,#4143,.F.) ;
#4179=ORIENTED_EDGE('',*,*,#3544,.F.) ;
#4180=ORIENTED_EDGE('',*,*,#4165,.F.) ;
#4181=ORIENTED_EDGE('',*,*,#3278,.T.) ;
#4182=ORIENTED_EDGE('',*,*,#4177,.T.) ;
#4205=ORIENTED_EDGE('',*,*,#3551,.T.) ;
#4206=ORIENTED_EDGE('',*,*,#4177,.F.) ;
#4207=ORIENTED_EDGE('',*,*,#3271,.T.) ;
#4208=ORIENTED_EDGE('',*,*,#4191,.F.) ;
#4209=ORIENTED_EDGE('',*,*,#4198,.T.) ;
#4210=ORIENTED_EDGE('',*,*,#4203,.F.) ;
#4213=ORIENTED_EDGE('',*,*,#2953,.F.) ;
#4214=ORIENTED_EDGE('',*,*,#2984,.F.) ;
#4217=ORIENTED_EDGE('',*,*,#2858,.F.) ;
#4218=ORIENTED_EDGE('',*,*,#2889,.F.) ;
#4239=ORIENTED_EDGE('',*,*,#4232,.T.) ;
#4240=ORIENTED_EDGE('',*,*,#4237,.F.) ;
#4241=ORIENTED_EDGE('',*,*,#4191,.T.) ;
#4242=ORIENTED_EDGE('',*,*,#3264,.T.) ;
#4263=ORIENTED_EDGE('',*,*,#4251,.F.) ;
#4264=ORIENTED_EDGE('',*,*,#4256,.F.) ;
#4265=ORIENTED_EDGE('',*,*,#4232,.F.) ;
#4266=ORIENTED_EDGE('',*,*,#3257,.F.) ;
#4267=ORIENTED_EDGE('',*,*,#4261,.T.) ;
#4268=ORIENTED_EDGE('',*,*,#3565,.F.) ;
#4285=ORIENTED_EDGE('',*,*,#4278,.T.) ;
#4286=ORIENTED_EDGE('',*,*,#4283,.T.) ;
#4303=ORIENTED_EDGE('',*,*,#4296,.T.) ;
#4304=ORIENTED_EDGE('',*,*,#4301,.T.) ;
#4313=ORIENTED_EDGE('',*,*,#3572,.F.) ;
#4314=ORIENTED_EDGE('',*,*,#4261,.F.) ;
#4315=ORIENTED_EDGE('',*,*,#3250,.T.) ;
#4316=ORIENTED_EDGE('',*,*,#4311,.T.) ;
#4330=ORIENTED_EDGE('',*,*,#3243,.F.) ;
#4331=ORIENTED_EDGE('',*,*,#4328,.T.) ;
#4332=ORIENTED_EDGE('',*,*,#3579,.T.) ;
#4333=ORIENTED_EDGE('',*,*,#4311,.F.) ;
#4347=ORIENTED_EDGE('',*,*,#3586,.T.) ;
#4348=ORIENTED_EDGE('',*,*,#4328,.F.) ;
#4349=ORIENTED_EDGE('',*,*,#3236,.F.) ;
#4350=ORIENTED_EDGE('',*,*,#4345,.T.) ;
#4364=ORIENTED_EDGE('',*,*,#3593,.T.) ;
#4365=ORIENTED_EDGE('',*,*,#4345,.F.) ;
#4366=ORIENTED_EDGE('',*,*,#3229,.F.) ;
#4367=ORIENTED_EDGE('',*,*,#4362,.T.) ;
#4381=ORIENTED_EDGE('',*,*,#3600,.T.) ;
#4382=ORIENTED_EDGE('',*,*,#4362,.F.) ;
#4383=ORIENTED_EDGE('',*,*,#3222,.F.) ;
#4384=ORIENTED_EDGE('',*,*,#4379,.T.) ;
#4393=ORIENTED_EDGE('',*,*,#3607,.T.) ;
#4394=ORIENTED_EDGE('',*,*,#4379,.F.) ;
#4395=ORIENTED_EDGE('',*,*,#3215,.F.) ;
#4396=ORIENTED_EDGE('',*,*,#4391,.T.) ;
#4410=ORIENTED_EDGE('',*,*,#3614,.T.) ;
#4411=ORIENTED_EDGE('',*,*,#4391,.F.) ;
#4412=ORIENTED_EDGE('',*,*,#3208,.F.) ;
#4413=ORIENTED_EDGE('',*,*,#4408,.T.) ;
#4422=ORIENTED_EDGE('',*,*,#3621,.T.) ;
#4423=ORIENTED_EDGE('',*,*,#4408,.F.) ;
#4424=ORIENTED_EDGE('',*,*,#3201,.F.) ;
#4425=ORIENTED_EDGE('',*,*,#4420,.T.) ;
#4439=ORIENTED_EDGE('',*,*,#3628,.T.) ;
#4440=ORIENTED_EDGE('',*,*,#4420,.F.) ;
#4441=ORIENTED_EDGE('',*,*,#3194,.F.) ;
#4442=ORIENTED_EDGE('',*,*,#4437,.T.) ;
#4456=ORIENTED_EDGE('',*,*,#3635,.T.) ;
#4457=ORIENTED_EDGE('',*,*,#4437,.F.) ;
#4458=ORIENTED_EDGE('',*,*,#3187,.F.) ;
#4459=ORIENTED_EDGE('',*,*,#4454,.T.) ;
#4468=ORIENTED_EDGE('',*,*,#3642,.T.) ;
#4469=ORIENTED_EDGE('',*,*,#4454,.F.) ;
#4470=ORIENTED_EDGE('',*,*,#3180,.F.) ;
#4471=ORIENTED_EDGE('',*,*,#4466,.T.) ;
#4485=ORIENTED_EDGE('',*,*,#3649,.T.) ;
#4486=ORIENTED_EDGE('',*,*,#4466,.F.) ;
#4487=ORIENTED_EDGE('',*,*,#3173,.F.) ;
#4488=ORIENTED_EDGE('',*,*,#4483,.T.) ;
#4497=ORIENTED_EDGE('',*,*,#3656,.T.) ;
#4498=ORIENTED_EDGE('',*,*,#4483,.F.) ;
#4499=ORIENTED_EDGE('',*,*,#3166,.F.) ;
#4500=ORIENTED_EDGE('',*,*,#4495,.T.) ;
#4509=ORIENTED_EDGE('',*,*,#3663,.T.) ;
#4510=ORIENTED_EDGE('',*,*,#4495,.F.) ;
#4511=ORIENTED_EDGE('',*,*,#3159,.F.) ;
#4512=ORIENTED_EDGE('',*,*,#4507,.T.) ;
#4521=ORIENTED_EDGE('',*,*,#3670,.T.) ;
#4522=ORIENTED_EDGE('',*,*,#4507,.F.) ;
#4523=ORIENTED_EDGE('',*,*,#3152,.F.) ;
#4524=ORIENTED_EDGE('',*,*,#4519,.T.) ;
#4528=ORIENTED_EDGE('',*,*,#3731,.T.) ;
#4529=ORIENTED_EDGE('',*,*,#3675,.T.) ;
#4530=ORIENTED_EDGE('',*,*,#4519,.F.) ;
#4531=ORIENTED_EDGE('',*,*,#3145,.F.) ;
#4545=ORIENTED_EDGE('',*,*,#3750,.T.) ;
#4546=ORIENTED_EDGE('',*,*,#4543,.F.) ;
#4547=ORIENTED_EDGE('',*,*,#3853,.T.) ;
#4548=ORIENTED_EDGE('',*,*,#3460,.T.) ;
#4562=ORIENTED_EDGE('',*,*,#3981,.T.) ;
#4563=ORIENTED_EDGE('',*,*,#3495,.F.) ;
#4564=ORIENTED_EDGE('',*,*,#3906,.T.) ;
#4565=ORIENTED_EDGE('',*,*,#4560,.T.) ;
#4579=ORIENTED_EDGE('',*,*,#4057,.T.) ;
#4580=ORIENTED_EDGE('',*,*,#4577,.F.) ;
#4581=ORIENTED_EDGE('',*,*,#4133,.T.) ;
#4582=ORIENTED_EDGE('',*,*,#3523,.T.) ;
#4596=ORIENTED_EDGE('',*,*,#4251,.T.) ;
#4597=ORIENTED_EDGE('',*,*,#3558,.F.) ;
#4598=ORIENTED_EDGE('',*,*,#4203,.T.) ;
#4599=ORIENTED_EDGE('',*,*,#4594,.T.) ;
#4608=ORIENTED_EDGE('',*,*,#4543,.T.) ;
#4609=ORIENTED_EDGE('',*,*,#3762,.T.) ;
#4610=ORIENTED_EDGE('',*,*,#3824,.F.) ;
#4611=ORIENTED_EDGE('',*,*,#3843,.F.) ;
#4630=ORIENTED_EDGE('',*,*,#2720,.T.) ;
#4631=ORIENTED_EDGE('',*,*,#4623,.T.) ;
#4632=ORIENTED_EDGE('',*,*,#3784,.F.) ;
#4633=ORIENTED_EDGE('',*,*,#4628,.F.) ;
#4637=ORIENTED_EDGE('',*,*,#2715,.T.) ;
#4638=ORIENTED_EDGE('',*,*,#4628,.T.) ;
#4639=ORIENTED_EDGE('',*,*,#3779,.F.) ;
#4640=ORIENTED_EDGE('',*,*,#4623,.F.) ;
#4659=ORIENTED_EDGE('',*,*,#3010,.T.) ;
#4660=ORIENTED_EDGE('',*,*,#4652,.T.) ;
#4661=ORIENTED_EDGE('',*,*,#3802,.F.) ;
#4662=ORIENTED_EDGE('',*,*,#4657,.F.) ;
#4666=ORIENTED_EDGE('',*,*,#3005,.T.) ;
#4667=ORIENTED_EDGE('',*,*,#4657,.T.) ;
#4668=ORIENTED_EDGE('',*,*,#3797,.F.) ;
#4669=ORIENTED_EDGE('',*,*,#4652,.F.) ;
#4673=ORIENTED_EDGE('',*,*,#4560,.F.) ;
#4674=ORIENTED_EDGE('',*,*,#3918,.T.) ;
#4675=ORIENTED_EDGE('',*,*,#3952,.T.) ;
#4676=ORIENTED_EDGE('',*,*,#3971,.F.) ;
#4690=ORIENTED_EDGE('',*,*,#2739,.F.) ;
#4691=ORIENTED_EDGE('',*,*,#4683,.T.) ;
#4692=ORIENTED_EDGE('',*,*,#3998,.T.) ;
#4693=ORIENTED_EDGE('',*,*,#4688,.F.) ;
#4697=ORIENTED_EDGE('',*,*,#2744,.F.) ;
#4698=ORIENTED_EDGE('',*,*,#4688,.T.) ;
#4699=ORIENTED_EDGE('',*,*,#4003,.T.) ;
#4700=ORIENTED_EDGE('',*,*,#4683,.F.) ;
#4714=ORIENTED_EDGE('',*,*,#3024,.F.) ;
#4715=ORIENTED_EDGE('',*,*,#4707,.T.) ;
#4716=ORIENTED_EDGE('',*,*,#4016,.T.) ;
#4717=ORIENTED_EDGE('',*,*,#4712,.F.) ;
#4721=ORIENTED_EDGE('',*,*,#3029,.F.) ;
#4722=ORIENTED_EDGE('',*,*,#4712,.T.) ;
#4723=ORIENTED_EDGE('',*,*,#4021,.T.) ;
#4724=ORIENTED_EDGE('',*,*,#4707,.F.) ;
#4733=ORIENTED_EDGE('',*,*,#4577,.T.) ;
#4734=ORIENTED_EDGE('',*,*,#4052,.F.) ;
#4735=ORIENTED_EDGE('',*,*,#4119,.F.) ;
#4736=ORIENTED_EDGE('',*,*,#4138,.T.) ;
#4750=ORIENTED_EDGE('',*,*,#2934,.F.) ;
#4751=ORIENTED_EDGE('',*,*,#4743,.T.) ;
#4752=ORIENTED_EDGE('',*,*,#4074,.T.) ;
#4753=ORIENTED_EDGE('',*,*,#4748,.F.) ;
#4757=ORIENTED_EDGE('',*,*,#2929,.F.) ;
#4758=ORIENTED_EDGE('',*,*,#4748,.T.) ;
#4759=ORIENTED_EDGE('',*,*,#4079,.T.) ;
#4760=ORIENTED_EDGE('',*,*,#4743,.F.) ;
#4774=ORIENTED_EDGE('',*,*,#2839,.F.) ;
#4775=ORIENTED_EDGE('',*,*,#4767,.T.) ;
#4776=ORIENTED_EDGE('',*,*,#4092,.T.) ;
#4777=ORIENTED_EDGE('',*,*,#4772,.F.) ;
#4781=ORIENTED_EDGE('',*,*,#2834,.F.) ;
#4782=ORIENTED_EDGE('',*,*,#4772,.T.) ;
#4783=ORIENTED_EDGE('',*,*,#4097,.T.) ;
#4784=ORIENTED_EDGE('',*,*,#4767,.F.) ;
#4788=ORIENTED_EDGE('',*,*,#4594,.F.) ;
#4789=ORIENTED_EDGE('',*,*,#4198,.F.) ;
#4790=ORIENTED_EDGE('',*,*,#4237,.T.) ;
#4791=ORIENTED_EDGE('',*,*,#4256,.T.) ;
#4805=ORIENTED_EDGE('',*,*,#2910,.T.) ;
#4806=ORIENTED_EDGE('',*,*,#4798,.T.) ;
#4807=ORIENTED_EDGE('',*,*,#4283,.F.) ;
#4808=ORIENTED_EDGE('',*,*,#4803,.F.) ;
#4812=ORIENTED_EDGE('',*,*,#2915,.T.) ;
#4813=ORIENTED_EDGE('',*,*,#4803,.T.) ;
#4814=ORIENTED_EDGE('',*,*,#4278,.F.) ;
#4815=ORIENTED_EDGE('',*,*,#4798,.F.) ;
#4829=ORIENTED_EDGE('',*,*,#2815,.T.) ;
#4830=ORIENTED_EDGE('',*,*,#4822,.T.) ;
#4831=ORIENTED_EDGE('',*,*,#4301,.F.) ;
#4832=ORIENTED_EDGE('',*,*,#4827,.F.) ;
#4836=ORIENTED_EDGE('',*,*,#2820,.T.) ;
#4837=ORIENTED_EDGE('',*,*,#4827,.T.) ;
#4838=ORIENTED_EDGE('',*,*,#4296,.F.) ;
#4839=ORIENTED_EDGE('',*,*,#4822,.F.) ;
#4889=ORIENTED_EDGE('',*,*,#4882,.T.) ;
#4890=ORIENTED_EDGE('',*,*,#4887,.T.) ;
#4918=ORIENTED_EDGE('',*,*,#4904,.T.) ;
#4919=ORIENTED_EDGE('',*,*,#4882,.F.) ;
#4920=ORIENTED_EDGE('',*,*,#4911,.F.) ;
#4921=ORIENTED_EDGE('',*,*,#4916,.T.) ;
#4930=ORIENTED_EDGE('',*,*,#4911,.T.) ;
#4931=ORIENTED_EDGE('',*,*,#4887,.F.) ;
#4932=ORIENTED_EDGE('',*,*,#4904,.F.) ;
#4933=ORIENTED_EDGE('',*,*,#4928,.T.) ;
#4956=ORIENTED_EDGE('',*,*,#4949,.T.) ;
#4957=ORIENTED_EDGE('',*,*,#4954,.T.) ;
#4960=ORIENTED_EDGE('',*,*,#4916,.F.) ;
#4961=ORIENTED_EDGE('',*,*,#4928,.F.) ;
#4989=ORIENTED_EDGE('',*,*,#4975,.F.) ;
#4990=ORIENTED_EDGE('',*,*,#4982,.T.) ;
#4991=ORIENTED_EDGE('',*,*,#4987,.T.) ;
#4992=ORIENTED_EDGE('',*,*,#4949,.F.) ;
#5001=ORIENTED_EDGE('',*,*,#4987,.F.) ;
#5002=ORIENTED_EDGE('',*,*,#4999,.T.) ;
#5003=ORIENTED_EDGE('',*,*,#4975,.T.) ;
#5004=ORIENTED_EDGE('',*,*,#4954,.F.) ;
#5041=ORIENTED_EDGE('',*,*,#5020,.T.) ;
#5042=ORIENTED_EDGE('',*,*,#5027,.F.) ;
#5043=ORIENTED_EDGE('',*,*,#5034,.F.) ;
#5044=ORIENTED_EDGE('',*,*,#5039,.T.) ;
#5072=ORIENTED_EDGE('',*,*,#5058,.T.) ;
#5073=ORIENTED_EDGE('',*,*,#5065,.F.) ;
#5074=ORIENTED_EDGE('',*,*,#5070,.F.) ;
#5075=ORIENTED_EDGE('',*,*,#5027,.T.) ;
#5112=ORIENTED_EDGE('',*,*,#5091,.T.) ;
#5113=ORIENTED_EDGE('',*,*,#5098,.F.) ;
#5114=ORIENTED_EDGE('',*,*,#5105,.F.) ;
#5115=ORIENTED_EDGE('',*,*,#5110,.T.) ;
#5143=ORIENTED_EDGE('',*,*,#5129,.T.) ;
#5144=ORIENTED_EDGE('',*,*,#5136,.F.) ;
#5145=ORIENTED_EDGE('',*,*,#5141,.F.) ;
#5146=ORIENTED_EDGE('',*,*,#5098,.T.) ;
#5183=ORIENTED_EDGE('',*,*,#5162,.F.) ;
#5184=ORIENTED_EDGE('',*,*,#5169,.T.) ;
#5185=ORIENTED_EDGE('',*,*,#5176,.T.) ;
#5186=ORIENTED_EDGE('',*,*,#5181,.F.) ;
#5214=ORIENTED_EDGE('',*,*,#5202,.F.) ;
#5215=ORIENTED_EDGE('',*,*,#5207,.T.) ;
#5216=ORIENTED_EDGE('',*,*,#5162,.T.) ;
#5217=ORIENTED_EDGE('',*,*,#5212,.F.) ;
#5245=ORIENTED_EDGE('',*,*,#5233,.F.) ;
#5246=ORIENTED_EDGE('',*,*,#5238,.T.) ;
#5247=ORIENTED_EDGE('',*,*,#5202,.T.) ;
#5248=ORIENTED_EDGE('',*,*,#5243,.F.) ;
#5285=ORIENTED_EDGE('',*,*,#5264,.F.) ;
#5286=ORIENTED_EDGE('',*,*,#5271,.T.) ;
#5287=ORIENTED_EDGE('',*,*,#5278,.T.) ;
#5288=ORIENTED_EDGE('',*,*,#5283,.F.) ;
#5302=ORIENTED_EDGE('',*,*,#5278,.F.) ;
#5303=ORIENTED_EDGE('',*,*,#5295,.T.) ;
#5304=ORIENTED_EDGE('',*,*,#5264,.T.) ;
#5305=ORIENTED_EDGE('',*,*,#5300,.F.) ;
#5309=ORIENTED_EDGE('',*,*,#5283,.T.) ;
#5310=ORIENTED_EDGE('',*,*,#5300,.T.) ;
#5327=ORIENTED_EDGE('',*,*,#5320,.F.) ;
#5328=ORIENTED_EDGE('',*,*,#5325,.F.) ;
#5356=ORIENTED_EDGE('',*,*,#5342,.T.) ;
#5357=ORIENTED_EDGE('',*,*,#5349,.F.) ;
#5358=ORIENTED_EDGE('',*,*,#5354,.F.) ;
#5359=ORIENTED_EDGE('',*,*,#5320,.T.) ;
#5368=ORIENTED_EDGE('',*,*,#5354,.T.) ;
#5369=ORIENTED_EDGE('',*,*,#5366,.F.) ;
#5370=ORIENTED_EDGE('',*,*,#5342,.F.) ;
#5371=ORIENTED_EDGE('',*,*,#5325,.T.) ;
#5375=ORIENTED_EDGE('',*,*,#5349,.T.) ;
#5376=ORIENTED_EDGE('',*,*,#5366,.T.) ;
#5404=ORIENTED_EDGE('',*,*,#5392,.F.) ;
#5405=ORIENTED_EDGE('',*,*,#5397,.F.) ;
#5406=ORIENTED_EDGE('',*,*,#5233,.T.) ;
#5407=ORIENTED_EDGE('',*,*,#5402,.T.) ;
#5435=ORIENTED_EDGE('',*,*,#5423,.T.) ;
#5436=ORIENTED_EDGE('',*,*,#5428,.T.) ;
#5437=ORIENTED_EDGE('',*,*,#5039,.F.) ;
#5438=ORIENTED_EDGE('',*,*,#5433,.F.) ;
#5457=ORIENTED_EDGE('',*,*,#5450,.T.) ;
#5458=ORIENTED_EDGE('',*,*,#5423,.F.) ;
#5459=ORIENTED_EDGE('',*,*,#5455,.T.) ;
#5460=ORIENTED_EDGE('',*,*,#5392,.T.) ;
#5488=ORIENTED_EDGE('',*,*,#5476,.F.) ;
#5489=ORIENTED_EDGE('',*,*,#5481,.F.) ;
#5490=ORIENTED_EDGE('',*,*,#5136,.T.) ;
#5491=ORIENTED_EDGE('',*,*,#5486,.T.) ;
#5514=ORIENTED_EDGE('',*,*,#5502,.T.) ;
#5515=ORIENTED_EDGE('',*,*,#5507,.T.) ;
#5516=ORIENTED_EDGE('',*,*,#5176,.F.) ;
#5517=ORIENTED_EDGE('',*,*,#5512,.F.) ;
#5536=ORIENTED_EDGE('',*,*,#5512,.T.) ;
#5537=ORIENTED_EDGE('',*,*,#5169,.F.) ;
#5538=ORIENTED_EDGE('',*,*,#5207,.F.) ;
#5539=ORIENTED_EDGE('',*,*,#5238,.F.) ;
#5540=ORIENTED_EDGE('',*,*,#5397,.T.) ;
#5541=ORIENTED_EDGE('',*,*,#5455,.F.) ;
#5542=ORIENTED_EDGE('',*,*,#5433,.T.) ;
#5543=ORIENTED_EDGE('',*,*,#5034,.T.) ;
#5544=ORIENTED_EDGE('',*,*,#5070,.T.) ;
#5545=ORIENTED_EDGE('',*,*,#5529,.T.) ;
#5546=ORIENTED_EDGE('',*,*,#5105,.T.) ;
#5547=ORIENTED_EDGE('',*,*,#5141,.T.) ;
#5548=ORIENTED_EDGE('',*,*,#5481,.T.) ;
#5549=ORIENTED_EDGE('',*,*,#5534,.F.) ;
#5552=ORIENTED_EDGE('',*,*,#4982,.F.) ;
#5553=ORIENTED_EDGE('',*,*,#4999,.F.) ;
#5556=ORIENTED_EDGE('',*,*,#5271,.F.) ;
#5557=ORIENTED_EDGE('',*,*,#5295,.F.) ;
#5590=ORIENTED_EDGE('',*,*,#5569,.F.) ;
#5591=ORIENTED_EDGE('',*,*,#5486,.F.) ;
#5592=ORIENTED_EDGE('',*,*,#5129,.F.) ;
#5593=ORIENTED_EDGE('',*,*,#5091,.F.) ;
#5594=ORIENTED_EDGE('',*,*,#5576,.T.) ;
#5595=ORIENTED_EDGE('',*,*,#5583,.T.) ;
#5596=ORIENTED_EDGE('',*,*,#5588,.T.) ;
#5597=ORIENTED_EDGE('',*,*,#5058,.F.) ;
#5598=ORIENTED_EDGE('',*,*,#5020,.F.) ;
#5599=ORIENTED_EDGE('',*,*,#5428,.F.) ;
#5600=ORIENTED_EDGE('',*,*,#5450,.F.) ;
#5601=ORIENTED_EDGE('',*,*,#5402,.F.) ;
#5602=ORIENTED_EDGE('',*,*,#5243,.T.) ;
#5603=ORIENTED_EDGE('',*,*,#5212,.T.) ;
#5604=ORIENTED_EDGE('',*,*,#5181,.T.) ;
#5605=ORIENTED_EDGE('',*,*,#5507,.F.) ;
#5614=ORIENTED_EDGE('',*,*,#5569,.T.) ;
#5615=ORIENTED_EDGE('',*,*,#5502,.F.) ;
#5616=ORIENTED_EDGE('',*,*,#5534,.T.) ;
#5617=ORIENTED_EDGE('',*,*,#5476,.T.) ;
#5645=ORIENTED_EDGE('',*,*,#5631,.F.) ;
#5646=ORIENTED_EDGE('',*,*,#5065,.T.) ;
#5647=ORIENTED_EDGE('',*,*,#5588,.F.) ;
#5648=ORIENTED_EDGE('',*,*,#5638,.T.) ;
#5649=ORIENTED_EDGE('',*,*,#5643,.T.) ;
#5677=ORIENTED_EDGE('',*,*,#5663,.T.) ;
#5678=ORIENTED_EDGE('',*,*,#5643,.F.) ;
#5679=ORIENTED_EDGE('',*,*,#5670,.T.) ;
#5680=ORIENTED_EDGE('',*,*,#5675,.T.) ;
#5708=ORIENTED_EDGE('',*,*,#5694,.F.) ;
#5709=ORIENTED_EDGE('',*,*,#5576,.F.) ;
#5710=ORIENTED_EDGE('',*,*,#5110,.F.) ;
#5711=ORIENTED_EDGE('',*,*,#5701,.T.) ;
#5712=ORIENTED_EDGE('',*,*,#5706,.T.) ;
#5740=ORIENTED_EDGE('',*,*,#5728,.F.) ;
#5741=ORIENTED_EDGE('',*,*,#5733,.F.) ;
#5742=ORIENTED_EDGE('',*,*,#5675,.F.) ;
#5743=ORIENTED_EDGE('',*,*,#5738,.F.) ;
#5757=ORIENTED_EDGE('',*,*,#5738,.T.) ;
#5758=ORIENTED_EDGE('',*,*,#5670,.F.) ;
#5759=ORIENTED_EDGE('',*,*,#5638,.F.) ;
#5760=ORIENTED_EDGE('',*,*,#5583,.F.) ;
#5761=ORIENTED_EDGE('',*,*,#5694,.T.) ;
#5762=ORIENTED_EDGE('',*,*,#5755,.F.) ;
#5776=ORIENTED_EDGE('',*,*,#5774,.F.) ;
#5777=ORIENTED_EDGE('',*,*,#5701,.F.) ;
#5778=ORIENTED_EDGE('',*,*,#5529,.F.) ;
#5779=ORIENTED_EDGE('',*,*,#5631,.T.) ;
#5780=ORIENTED_EDGE('',*,*,#5663,.F.) ;
#5781=ORIENTED_EDGE('',*,*,#5733,.T.) ;
#5790=ORIENTED_EDGE('',*,*,#5755,.T.) ;
#5791=ORIENTED_EDGE('',*,*,#5706,.F.) ;
#5792=ORIENTED_EDGE('',*,*,#5774,.T.) ;
#5793=ORIENTED_EDGE('',*,*,#5728,.T.) ;
#5834=ORIENTED_EDGE('',*,*,#5813,.T.) ;
#5835=ORIENTED_EDGE('',*,*,#5820,.F.) ;
#5836=ORIENTED_EDGE('',*,*,#5827,.T.) ;
#5837=ORIENTED_EDGE('',*,*,#5832,.T.) ;
#5865=ORIENTED_EDGE('',*,*,#5851,.T.) ;
#5866=ORIENTED_EDGE('',*,*,#5832,.F.) ;
#5867=ORIENTED_EDGE('',*,*,#5858,.F.) ;
#5868=ORIENTED_EDGE('',*,*,#5863,.T.) ;
#5896=ORIENTED_EDGE('',*,*,#5882,.T.) ;
#5897=ORIENTED_EDGE('',*,*,#5863,.F.) ;
#5898=ORIENTED_EDGE('',*,*,#5889,.T.) ;
#5899=ORIENTED_EDGE('',*,*,#5894,.T.) ;
#5927=ORIENTED_EDGE('',*,*,#5913,.T.) ;
#5928=ORIENTED_EDGE('',*,*,#5820,.T.) ;
#5929=ORIENTED_EDGE('',*,*,#5920,.T.) ;
#5930=ORIENTED_EDGE('',*,*,#5925,.T.) ;
#5958=ORIENTED_EDGE('',*,*,#5944,.T.) ;
#5959=ORIENTED_EDGE('',*,*,#5925,.F.) ;
#5960=ORIENTED_EDGE('',*,*,#5951,.T.) ;
#5961=ORIENTED_EDGE('',*,*,#5956,.T.) ;
#5989=ORIENTED_EDGE('',*,*,#5977,.F.) ;
#5990=ORIENTED_EDGE('',*,*,#5982,.F.) ;
#5991=ORIENTED_EDGE('',*,*,#5894,.F.) ;
#5992=ORIENTED_EDGE('',*,*,#5987,.F.) ;
#6020=ORIENTED_EDGE('',*,*,#6006,.T.) ;
#6021=ORIENTED_EDGE('',*,*,#5956,.F.) ;
#6022=ORIENTED_EDGE('',*,*,#6013,.F.) ;
#6023=ORIENTED_EDGE('',*,*,#6018,.T.) ;
#6037=ORIENTED_EDGE('',*,*,#6035,.F.) ;
#6038=ORIENTED_EDGE('',*,*,#5987,.T.) ;
#6039=ORIENTED_EDGE('',*,*,#5889,.F.) ;
#6040=ORIENTED_EDGE('',*,*,#5858,.T.) ;
#6041=ORIENTED_EDGE('',*,*,#5827,.F.) ;
#6042=ORIENTED_EDGE('',*,*,#5913,.F.) ;
#6043=ORIENTED_EDGE('',*,*,#5944,.F.) ;
#6044=ORIENTED_EDGE('',*,*,#6006,.F.) ;
#6058=ORIENTED_EDGE('',*,*,#6035,.T.) ;
#6059=ORIENTED_EDGE('',*,*,#6018,.F.) ;
#6060=ORIENTED_EDGE('',*,*,#6056,.T.) ;
#6061=ORIENTED_EDGE('',*,*,#5977,.T.) ;
#6070=ORIENTED_EDGE('',*,*,#6056,.F.) ;
#6071=ORIENTED_EDGE('',*,*,#6013,.T.) ;
#6072=ORIENTED_EDGE('',*,*,#5951,.F.) ;
#6073=ORIENTED_EDGE('',*,*,#5920,.F.) ;
#6074=ORIENTED_EDGE('',*,*,#5813,.F.) ;
#6075=ORIENTED_EDGE('',*,*,#5851,.F.) ;
#6076=ORIENTED_EDGE('',*,*,#5882,.F.) ;
#6077=ORIENTED_EDGE('',*,*,#5982,.T.) ;
#6094=ORIENTED_EDGE('',*,*,#6087,.F.) ;
#6095=ORIENTED_EDGE('',*,*,#6092,.F.) ;
#6123=ORIENTED_EDGE('',*,*,#6109,.F.) ;
#6124=ORIENTED_EDGE('',*,*,#6092,.T.) ;
#6125=ORIENTED_EDGE('',*,*,#6116,.T.) ;
#6126=ORIENTED_EDGE('',*,*,#6121,.F.) ;
#6135=ORIENTED_EDGE('',*,*,#6116,.F.) ;
#6136=ORIENTED_EDGE('',*,*,#6087,.T.) ;
#6137=ORIENTED_EDGE('',*,*,#6109,.T.) ;
#6138=ORIENTED_EDGE('',*,*,#6133,.F.) ;
#6147=ORIENTED_EDGE('',*,*,#6121,.T.) ;
#6148=ORIENTED_EDGE('',*,*,#6133,.T.) ;
#6196=ORIENTED_EDGE('',*,*,#6189,.F.) ;
#6197=ORIENTED_EDGE('',*,*,#6194,.F.) ;
#6225=ORIENTED_EDGE('',*,*,#6211,.F.) ;
#6226=ORIENTED_EDGE('',*,*,#6194,.T.) ;
#6227=ORIENTED_EDGE('',*,*,#6218,.T.) ;
#6228=ORIENTED_EDGE('',*,*,#6223,.F.) ;
#6237=ORIENTED_EDGE('',*,*,#6218,.F.) ;
#6238=ORIENTED_EDGE('',*,*,#6189,.T.) ;
#6239=ORIENTED_EDGE('',*,*,#6211,.T.) ;
#6240=ORIENTED_EDGE('',*,*,#6235,.F.) ;
#6263=ORIENTED_EDGE('',*,*,#6256,.T.) ;
#6264=ORIENTED_EDGE('',*,*,#6261,.T.) ;
#6283=ORIENTED_EDGE('',*,*,#6276,.T.) ;
#6284=ORIENTED_EDGE('',*,*,#6235,.T.) ;
#6285=ORIENTED_EDGE('',*,*,#6281,.F.) ;
#6286=ORIENTED_EDGE('',*,*,#6256,.F.) ;
#6295=ORIENTED_EDGE('',*,*,#6281,.T.) ;
#6296=ORIENTED_EDGE('',*,*,#6223,.T.) ;
#6297=ORIENTED_EDGE('',*,*,#6276,.F.) ;
#6298=ORIENTED_EDGE('',*,*,#6261,.F.) ;
#323=FACE_BOUND('',#320,.T.) ;
#359=FACE_BOUND('',#356,.T.) ;
#469=FACE_BOUND('',#466,.T.) ;
#487=FACE_BOUND('',#484,.T.) ;
#579=FACE_BOUND('',#576,.T.) ;
#597=FACE_BOUND('',#594,.T.) ;
#1012=FACE_BOUND('',#1009,.T.) ;
#1016=FACE_BOUND('',#1013,.T.) ;
#1020=FACE_BOUND('',#1017,.T.) ;
#1036=FACE_BOUND('',#1033,.T.) ;
#1040=FACE_BOUND('',#1037,.T.) ;
#1044=FACE_BOUND('',#1041,.T.) ;
#1440=FACE_BOUND('',#1437,.T.) ;
#1458=FACE_BOUND('',#1455,.T.) ;
#1590=FACE_BOUND('',#1587,.T.) ;
#1594=FACE_BOUND('',#1591,.T.) ;
#2010=FACE_BOUND('',#2007,.T.) ;
#2028=FACE_BOUND('',#2025,.T.) ;
#2160=FACE_BOUND('',#2157,.T.) ;
#2164=FACE_BOUND('',#2161,.T.) ;
#2459=FACE_BOUND('',#2454,.T.) ;
#3419=FACE_BOUND('',#3416,.T.) ;
#3715=FACE_BOUND('',#3712,.T.) ;
#3788=FACE_BOUND('',#3785,.T.) ;
#3806=FACE_BOUND('',#3803,.T.) ;
#3865=FACE_BOUND('',#3862,.T.) ;
#3869=FACE_BOUND('',#3866,.T.) ;
#3930=FACE_BOUND('',#3927,.T.) ;
#3934=FACE_BOUND('',#3931,.T.) ;
#4007=FACE_BOUND('',#4004,.T.) ;
#4025=FACE_BOUND('',#4022,.T.) ;
#4083=FACE_BOUND('',#4080,.T.) ;
#4101=FACE_BOUND('',#4098,.T.) ;
#4155=FACE_BOUND('',#4152,.T.) ;
#4159=FACE_BOUND('',#4156,.T.) ;
#4215=FACE_BOUND('',#4212,.T.) ;
#4219=FACE_BOUND('',#4216,.T.) ;
#4287=FACE_BOUND('',#4284,.T.) ;
#4305=FACE_BOUND('',#4302,.T.) ;
#4962=FACE_BOUND('',#4959,.T.) ;
#5329=FACE_BOUND('',#5326,.T.) ;
#5554=FACE_BOUND('',#5551,.T.) ;
#5558=FACE_BOUND('',#5555,.T.) ;
#6096=FACE_BOUND('',#6093,.T.) ;
#62=CLOSED_SHELL('Closed Shell',(#86,#110,#150,#167,#223,#256,#288,#324,#360,#387,#411,#435,#488,#500,#519,#538,#550,#598,#615,#622,#644,#651,#668,#675)) ;
#702=CLOSED_SHELL('Closed Shell',(#742,#773,#804,#826,#866,#883,#923,#940,#980,#997,#1021,#1045)) ;
#1072=CLOSED_SHELL('Closed Shell',(#1096,#1120,#1160,#1177,#1196,#1215,#1255,#1272,#1312,#1459,#1483,#1595,#1612,#1634,#1651,#1668,#1685,#1702,#1719,#1736,#1748,#1765,#1782,#1794,#1811,#1818,#1835,#1842,#1882,#2029,#2053,#2165,#2177,#2199,#2211,#2228,#2245,#2257,#2274,#2286,#2298,#2310,#2327,#2334,#2351,#2358,#2375,#2382)) ;
#2386=CLOSED_SHELL('Closed Shell',(#2460,#2500,#2522,#2539,#2556,#2568,#2599,#2623,#2647,#2664,#2676)) ;
#2701=CLOSED_SHELL('Closed Shell',(#2725,#2749,#2789,#2806,#2825,#2844,#2884,#2901,#2920,#2939,#2979,#2996,#3015,#3034,#3074,#3091,#3131,#3420,#3432,#3716,#3738,#3807,#3831,#3870,#3882,#3894,#3935,#3959,#4026,#4038,#4102,#4126,#4160,#4172,#4184,#4220,#4244,#4306,#4318,#4335,#4352,#4369,#4386,#4398,#4415,#4427,#4444,#4461,#4473,#4490,#4502,#4514,#4526,#4533,#4550,#4567,#4584,#4601,#4613,#4635,#4642,#4664,#4671,#4678,#4695,#4702,#4719,#4726,#4738,#4755,#4762,#4779,#4786,#4793,#4810,#4817,#4834,#4841)) ;
#4868=CLOSED_SHELL('Closed Shell',(#4892,#4923,#4935,#4963,#4994,#5006,#5046,#5077,#5117,#5148,#5188,#5219,#5250,#5290,#5307,#5330,#5361,#5373,#5378,#5409,#5440,#5462,#5493,#5519,#5559,#5607,#5619,#5651,#5682,#5714,#5745,#5764,#5783,#5795)) ;
#5799=CLOSED_SHELL('Closed Shell',(#5839,#5870,#5901,#5932,#5963,#5994,#6025,#6046,#6063,#6097,#6128,#6140,#6150)) ;
#6175=CLOSED_SHELL('Closed Shell',(#6199,#6230,#6242,#6266,#6288,#6300)) ;
#683=ITEM_DEFINED_TRANSFORMATION(' ',' ',#685,#684) ;
#1053=ITEM_DEFINED_TRANSFORMATION(' ',' ',#1055,#1054) ;
#2682=ITEM_DEFINED_TRANSFORMATION(' ',' ',#2684,#2683) ;
#4849=ITEM_DEFINED_TRANSFORMATION(' ',' ',#4851,#4850) ;
#6156=ITEM_DEFINED_TRANSFORMATION(' ',' ',#6158,#6157) ;
#6308=ITEM_DEFINED_TRANSFORMATION(' ',' ',#6310,#6309) ;
#6323=ITEM_DEFINED_TRANSFORMATION(' ',' ',#6325,#6324) ;
#6338=ITEM_DEFINED_TRANSFORMATION(' ',' ',#6340,#6339) ;
#6353=ITEM_DEFINED_TRANSFORMATION(' ',' ',#6355,#6354) ;
#6368=ITEM_DEFINED_TRANSFORMATION(' ',' ',#6370,#6369) ;
#6383=ITEM_DEFINED_TRANSFORMATION(' ',' ',#6385,#6384) ;
#127=VECTOR('Line Direction',#126,1.) ;
#141=VECTOR('Line Direction',#140,1.) ;
#175=VECTOR('Line Direction',#174,1.) ;
#198=VECTOR('Line Direction',#197,1.) ;
#273=VECTOR('Line Direction',#272,1.) ;
#278=VECTOR('Line Direction',#277,1.) ;
#296=VECTOR('Line Direction',#295,1.) ;
#310=VECTOR('Line Direction',#309,1.) ;
#332=VECTOR('Line Direction',#331,1.) ;
#346=VECTOR('Line Direction',#345,1.) ;
#363=VECTOR('Line Direction',#362,1.) ;
#370=VECTOR('Line Direction',#369,1.) ;
#395=VECTOR('Line Direction',#394,1.) ;
#402=VECTOR('Line Direction',#401,1.) ;
#419=VECTOR('Line Direction',#418,1.) ;
#426=VECTOR('Line Direction',#425,1.) ;
#503=VECTOR('Line Direction',#502,1.) ;
#510=VECTOR('Line Direction',#509,1.) ;
#522=VECTOR('Line Direction',#521,1.) ;
#541=VECTOR('Line Direction',#540,1.) ;
#601=VECTOR('Line Direction',#600,1.) ;
#606=VECTOR('Line Direction',#605,1.) ;
#630=VECTOR('Line Direction',#629,1.) ;
#635=VECTOR('Line Direction',#634,1.) ;
#654=VECTOR('Line Direction',#653,1.) ;
#659=VECTOR('Line Direction',#658,1.) ;
#710=VECTOR('Line Direction',#709,1.) ;
#726=VECTOR('Line Direction',#725,1.) ;
#750=VECTOR('Line Direction',#749,1.) ;
#757=VECTOR('Line Direction',#756,1.) ;
#764=VECTOR('Line Direction',#763,1.) ;
#788=VECTOR('Line Direction',#787,1.) ;
#812=VECTOR('Line Direction',#811,1.) ;
#817=VECTOR('Line Direction',#816,1.) ;
#843=VECTOR('Line Direction',#842,1.) ;
#857=VECTOR('Line Direction',#856,1.) ;
#900=VECTOR('Line Direction',#899,1.) ;
#914=VECTOR('Line Direction',#913,1.) ;
#957=VECTOR('Line Direction',#956,1.) ;
#971=VECTOR('Line Direction',#970,1.) ;
#1137=VECTOR('Line Direction',#1136,1.) ;
#1151=VECTOR('Line Direction',#1150,1.) ;
#1232=VECTOR('Line Direction',#1231,1.) ;
#1246=VECTOR('Line Direction',#1245,1.) ;
#1289=VECTOR('Line Direction',#1288,1.) ;
#1303=VECTOR('Line Direction',#1302,1.) ;
#1329=VECTOR('Line Direction',#1328,1.) ;
#1350=VECTOR('Line Direction',#1349,1.) ;
#1364=VECTOR('Line Direction',#1363,1.) ;
#1378=VECTOR('Line Direction',#1377,1.) ;
#1390=VECTOR('Line Direction',#1389,1.) ;
#1404=VECTOR('Line Direction',#1403,1.) ;
#1467=VECTOR('Line Direction',#1466,1.) ;
#1474=VECTOR('Line Direction',#1473,1.) ;
#1491=VECTOR('Line Direction',#1490,1.) ;
#1507=VECTOR('Line Direction',#1506,1.) ;
#1526=VECTOR('Line Direction',#1525,1.) ;
#1540=VECTOR('Line Direction',#1539,1.) ;
#1561=VECTOR('Line Direction',#1560,1.) ;
#1603=VECTOR('Line Direction',#1602,1.) ;
#1620=VECTOR('Line Direction',#1619,1.) ;
#1625=VECTOR('Line Direction',#1624,1.) ;
#1642=VECTOR('Line Direction',#1641,1.) ;
#1659=VECTOR('Line Direction',#1658,1.) ;
#1676=VECTOR('Line Direction',#1675,1.) ;
#1693=VECTOR('Line Direction',#1692,1.) ;
#1710=VECTOR('Line Direction',#1709,1.) ;
#1727=VECTOR('Line Direction',#1726,1.) ;
#1756=VECTOR('Line Direction',#1755,1.) ;
#1773=VECTOR('Line Direction',#1772,1.) ;
#1797=VECTOR('Line Direction',#1796,1.) ;
#1802=VECTOR('Line Direction',#1801,1.) ;
#1821=VECTOR('Line Direction',#1820,1.) ;
#1826=VECTOR('Line Direction',#1825,1.) ;
#1859=VECTOR('Line Direction',#1858,1.) ;
#1873=VECTOR('Line Direction',#1872,1.) ;
#1890=VECTOR('Line Direction',#1889,1.) ;
#1906=VECTOR('Line Direction',#1905,1.) ;
#1918=VECTOR('Line Direction',#1917,1.) ;
#1932=VECTOR('Line Direction',#1931,1.) ;
#1946=VECTOR('Line Direction',#1945,1.) ;
#1967=VECTOR('Line Direction',#1966,1.) ;
#2037=VECTOR('Line Direction',#2036,1.) ;
#2070=VECTOR('Line Direction',#2069,1.) ;
#2091=VECTOR('Line Direction',#2090,1.) ;
#2105=VECTOR('Line Direction',#2104,1.) ;
#2119=VECTOR('Line Direction',#2118,1.) ;
#2124=VECTOR('Line Direction',#2123,1.) ;
#2138=VECTOR('Line Direction',#2137,1.) ;
#2168=VECTOR('Line Direction',#2167,1.) ;
#2185=VECTOR('Line Direction',#2184,1.) ;
#2190=VECTOR('Line Direction',#2189,1.) ;
#2202=VECTOR('Line Direction',#2201,1.) ;
#2219=VECTOR('Line Direction',#2218,1.) ;
#2236=VECTOR('Line Direction',#2235,1.) ;
#2248=VECTOR('Line Direction',#2247,1.) ;
#2265=VECTOR('Line Direction',#2264,1.) ;
#2277=VECTOR('Line Direction',#2276,1.) ;
#2301=VECTOR('Line Direction',#2300,1.) ;
#2318=VECTOR('Line Direction',#2317,1.) ;
#2337=VECTOR('Line Direction',#2336,1.) ;
#2342=VECTOR('Line Direction',#2341,1.) ;
#2361=VECTOR('Line Direction',#2360,1.) ;
#2366=VECTOR('Line Direction',#2365,1.) ;
#2394=VECTOR('Line Direction',#2393,1.) ;
#2403=VECTOR('Line Direction',#2402,1.) ;
#2410=VECTOR('Line Direction',#2409,1.) ;
#2417=VECTOR('Line Direction',#2416,1.) ;
#2428=VECTOR('Line Direction',#2427,1.) ;
#2437=VECTOR('Line Direction',#2436,1.) ;
#2444=VECTOR('Line Direction',#2443,1.) ;
#2451=VECTOR('Line Direction',#2450,1.) ;
#2468=VECTOR('Line Direction',#2467,1.) ;
#2477=VECTOR('Line Direction',#2476,1.) ;
#2484=VECTOR('Line Direction',#2483,1.) ;
#2491=VECTOR('Line Direction',#2490,1.) ;
#2508=VECTOR('Line Direction',#2507,1.) ;
#2513=VECTOR('Line Direction',#2512,1.) ;
#2530=VECTOR('Line Direction',#2529,1.) ;
#2547=VECTOR('Line Direction',#2546,1.) ;
#2583=VECTOR('Line Direction',#2582,1.) ;
#2614=VECTOR('Line Direction',#2613,1.) ;
#2631=VECTOR('Line Direction',#2630,1.) ;
#2638=VECTOR('Line Direction',#2637,1.) ;
#2766=VECTOR('Line Direction',#2765,1.) ;
#2780=VECTOR('Line Direction',#2779,1.) ;
#2861=VECTOR('Line Direction',#2860,1.) ;
#2875=VECTOR('Line Direction',#2874,1.) ;
#2956=VECTOR('Line Direction',#2955,1.) ;
#2970=VECTOR('Line Direction',#2969,1.) ;
#3051=VECTOR('Line Direction',#3050,1.) ;
#3065=VECTOR('Line Direction',#3064,1.) ;
#3099=VECTOR('Line Direction',#3098,1.) ;
#3115=VECTOR('Line Direction',#3114,1.) ;
#3139=VECTOR('Line Direction',#3138,1.) ;
#3148=VECTOR('Line Direction',#3147,1.) ;
#3155=VECTOR('Line Direction',#3154,1.) ;
#3162=VECTOR('Line Direction',#3161,1.) ;
#3169=VECTOR('Line Direction',#3168,1.) ;
#3176=VECTOR('Line Direction',#3175,1.) ;
#3183=VECTOR('Line Direction',#3182,1.) ;
#3190=VECTOR('Line Direction',#3189,1.) ;
#3197=VECTOR('Line Direction',#3196,1.) ;
#3204=VECTOR('Line Direction',#3203,1.) ;
#3211=VECTOR('Line Direction',#3210,1.) ;
#3218=VECTOR('Line Direction',#3217,1.) ;
#3225=VECTOR('Line Direction',#3224,1.) ;
#3232=VECTOR('Line Direction',#3231,1.) ;
#3239=VECTOR('Line Direction',#3238,1.) ;
#3253=VECTOR('Line Direction',#3252,1.) ;
#3260=VECTOR('Line Direction',#3259,1.) ;
#3267=VECTOR('Line Direction',#3266,1.) ;
#3288=VECTOR('Line Direction',#3287,1.) ;
#3295=VECTOR('Line Direction',#3294,1.) ;
#3302=VECTOR('Line Direction',#3301,1.) ;
#3316=VECTOR('Line Direction',#3315,1.) ;
#3323=VECTOR('Line Direction',#3322,1.) ;
#3330=VECTOR('Line Direction',#3329,1.) ;
#3351=VECTOR('Line Direction',#3350,1.) ;
#3358=VECTOR('Line Direction',#3357,1.) ;
#3365=VECTOR('Line Direction',#3364,1.) ;
#3449=VECTOR('Line Direction',#3448,1.) ;
#3456=VECTOR('Line Direction',#3455,1.) ;
#3463=VECTOR('Line Direction',#3462,1.) ;
#3484=VECTOR('Line Direction',#3483,1.) ;
#3491=VECTOR('Line Direction',#3490,1.) ;
#3498=VECTOR('Line Direction',#3497,1.) ;
#3512=VECTOR('Line Direction',#3511,1.) ;
#3519=VECTOR('Line Direction',#3518,1.) ;
#3526=VECTOR('Line Direction',#3525,1.) ;
#3547=VECTOR('Line Direction',#3546,1.) ;
#3554=VECTOR('Line Direction',#3553,1.) ;
#3561=VECTOR('Line Direction',#3560,1.) ;
#3575=VECTOR('Line Direction',#3574,1.) ;
#3582=VECTOR('Line Direction',#3581,1.) ;
#3589=VECTOR('Line Direction',#3588,1.) ;
#3596=VECTOR('Line Direction',#3595,1.) ;
#3603=VECTOR('Line Direction',#3602,1.) ;
#3610=VECTOR('Line Direction',#3609,1.) ;
#3617=VECTOR('Line Direction',#3616,1.) ;
#3624=VECTOR('Line Direction',#3623,1.) ;
#3631=VECTOR('Line Direction',#3630,1.) ;
#3638=VECTOR('Line Direction',#3637,1.) ;
#3645=VECTOR('Line Direction',#3644,1.) ;
#3652=VECTOR('Line Direction',#3651,1.) ;
#3659=VECTOR('Line Direction',#3658,1.) ;
#3666=VECTOR('Line Direction',#3665,1.) ;
#3673=VECTOR('Line Direction',#3672,1.) ;
#3724=VECTOR('Line Direction',#3723,1.) ;
#3729=VECTOR('Line Direction',#3728,1.) ;
#3760=VECTOR('Line Direction',#3759,1.) ;
#3822=VECTOR('Line Direction',#3821,1.) ;
#3839=VECTOR('Line Direction',#3838,1.) ;
#3846=VECTOR('Line Direction',#3845,1.) ;
#3873=VECTOR('Line Direction',#3872,1.) ;
#3885=VECTOR('Line Direction',#3884,1.) ;
#3916=VECTOR('Line Direction',#3915,1.) ;
#3950=VECTOR('Line Direction',#3949,1.) ;
#3967=VECTOR('Line Direction',#3966,1.) ;
#3974=VECTOR('Line Direction',#3973,1.) ;
#4029=VECTOR('Line Direction',#4028,1.) ;
#4048=VECTOR('Line Direction',#4047,1.) ;
#4117=VECTOR('Line Direction',#4116,1.) ;
#4136=VECTOR('Line Direction',#4135,1.) ;
#4141=VECTOR('Line Direction',#4140,1.) ;
#4163=VECTOR('Line Direction',#4162,1.) ;
#4175=VECTOR('Line Direction',#4174,1.) ;
#4194=VECTOR('Line Direction',#4193,1.) ;
#4235=VECTOR('Line Direction',#4234,1.) ;
#4254=VECTOR('Line Direction',#4253,1.) ;
#4259=VECTOR('Line Direction',#4258,1.) ;
#4309=VECTOR('Line Direction',#4308,1.) ;
#4326=VECTOR('Line Direction',#4325,1.) ;
#4343=VECTOR('Line Direction',#4342,1.) ;
#4360=VECTOR('Line Direction',#4359,1.) ;
#4377=VECTOR('Line Direction',#4376,1.) ;
#4389=VECTOR('Line Direction',#4388,1.) ;
#4406=VECTOR('Line Direction',#4405,1.) ;
#4418=VECTOR('Line Direction',#4417,1.) ;
#4435=VECTOR('Line Direction',#4434,1.) ;
#4452=VECTOR('Line Direction',#4451,1.) ;
#4464=VECTOR('Line Direction',#4463,1.) ;
#4481=VECTOR('Line Direction',#4480,1.) ;
#4493=VECTOR('Line Direction',#4492,1.) ;
#4505=VECTOR('Line Direction',#4504,1.) ;
#4517=VECTOR('Line Direction',#4516,1.) ;
#4541=VECTOR('Line Direction',#4540,1.) ;
#4558=VECTOR('Line Direction',#4557,1.) ;
#4575=VECTOR('Line Direction',#4574,1.) ;
#4592=VECTOR('Line Direction',#4591,1.) ;
#4621=VECTOR('Line Direction',#4620,1.) ;
#4626=VECTOR('Line Direction',#4625,1.) ;
#4650=VECTOR('Line Direction',#4649,1.) ;
#4655=VECTOR('Line Direction',#4654,1.) ;
#4681=VECTOR('Line Direction',#4680,1.) ;
#4686=VECTOR('Line Direction',#4685,1.) ;
#4705=VECTOR('Line Direction',#4704,1.) ;
#4710=VECTOR('Line Direction',#4709,1.) ;
#4741=VECTOR('Line Direction',#4740,1.) ;
#4746=VECTOR('Line Direction',#4745,1.) ;
#4765=VECTOR('Line Direction',#4764,1.) ;
#4770=VECTOR('Line Direction',#4769,1.) ;
#4796=VECTOR('Line Direction',#4795,1.) ;
#4801=VECTOR('Line Direction',#4800,1.) ;
#4820=VECTOR('Line Direction',#4819,1.) ;
#4825=VECTOR('Line Direction',#4824,1.) ;
#4900=VECTOR('Line Direction',#4899,1.) ;
#4907=VECTOR('Line Direction',#4906,1.) ;
#4971=VECTOR('Line Direction',#4970,1.) ;
#4985=VECTOR('Line Direction',#4984,1.) ;
#5023=VECTOR('Line Direction',#5022,1.) ;
#5037=VECTOR('Line Direction',#5036,1.) ;
#5054=VECTOR('Line Direction',#5053,1.) ;
#5061=VECTOR('Line Direction',#5060,1.) ;
#5068=VECTOR('Line Direction',#5067,1.) ;
#5085=VECTOR('Line Direction',#5084,1.) ;
#5094=VECTOR('Line Direction',#5093,1.) ;
#5101=VECTOR('Line Direction',#5100,1.) ;
#5108=VECTOR('Line Direction',#5107,1.) ;
#5132=VECTOR('Line Direction',#5131,1.) ;
#5156=VECTOR('Line Direction',#5155,1.) ;
#5165=VECTOR('Line Direction',#5164,1.) ;
#5172=VECTOR('Line Direction',#5171,1.) ;
#5179=VECTOR('Line Direction',#5178,1.) ;
#5196=VECTOR('Line Direction',#5195,1.) ;
#5205=VECTOR('Line Direction',#5204,1.) ;
#5210=VECTOR('Line Direction',#5209,1.) ;
#5227=VECTOR('Line Direction',#5226,1.) ;
#5236=VECTOR('Line Direction',#5235,1.) ;
#5241=VECTOR('Line Direction',#5240,1.) ;
#5258=VECTOR('Line Direction',#5257,1.) ;
#5274=VECTOR('Line Direction',#5273,1.) ;
#5338=VECTOR('Line Direction',#5337,1.) ;
#5352=VECTOR('Line Direction',#5351,1.) ;
#5386=VECTOR('Line Direction',#5385,1.) ;
#5395=VECTOR('Line Direction',#5394,1.) ;
#5400=VECTOR('Line Direction',#5399,1.) ;
#5417=VECTOR('Line Direction',#5416,1.) ;
#5426=VECTOR('Line Direction',#5425,1.) ;
#5431=VECTOR('Line Direction',#5430,1.) ;
#5470=VECTOR('Line Direction',#5469,1.) ;
#5479=VECTOR('Line Direction',#5478,1.) ;
#5484=VECTOR('Line Direction',#5483,1.) ;
#5496=VECTOR('Line Direction',#5495,1.) ;
#5505=VECTOR('Line Direction',#5504,1.) ;
#5510=VECTOR('Line Direction',#5509,1.) ;
#5527=VECTOR('Line Direction',#5526,1.) ;
#5572=VECTOR('Line Direction',#5571,1.) ;
#5579=VECTOR('Line Direction',#5578,1.) ;
#5586=VECTOR('Line Direction',#5585,1.) ;
#5627=VECTOR('Line Direction',#5626,1.) ;
#5634=VECTOR('Line Direction',#5633,1.) ;
#5641=VECTOR('Line Direction',#5640,1.) ;
#5673=VECTOR('Line Direction',#5672,1.) ;
#5690=VECTOR('Line Direction',#5689,1.) ;
#5697=VECTOR('Line Direction',#5696,1.) ;
#5704=VECTOR('Line Direction',#5703,1.) ;
#5722=VECTOR('Line Direction',#5721,1.) ;
#5731=VECTOR('Line Direction',#5730,1.) ;
#5736=VECTOR('Line Direction',#5735,1.) ;
#5816=VECTOR('Line Direction',#5815,1.) ;
#5830=VECTOR('Line Direction',#5829,1.) ;
#5847=VECTOR('Line Direction',#5846,1.) ;
#5854=VECTOR('Line Direction',#5853,1.) ;
#5861=VECTOR('Line Direction',#5860,1.) ;
#5892=VECTOR('Line Direction',#5891,1.) ;
#5909=VECTOR('Line Direction',#5908,1.) ;
#5916=VECTOR('Line Direction',#5915,1.) ;
#5923=VECTOR('Line Direction',#5922,1.) ;
#5954=VECTOR('Line Direction',#5953,1.) ;
#5971=VECTOR('Line Direction',#5970,1.) ;
#5980=VECTOR('Line Direction',#5979,1.) ;
#5985=VECTOR('Line Direction',#5984,1.) ;
#6002=VECTOR('Line Direction',#6001,1.) ;
#6009=VECTOR('Line Direction',#6008,1.) ;
#6016=VECTOR('Line Direction',#6015,1.) ;
#6105=VECTOR('Line Direction',#6104,1.) ;
#6112=VECTOR('Line Direction',#6111,1.) ;
#6207=VECTOR('Line Direction',#6206,1.) ;
#6214=VECTOR('Line Direction',#6213,1.) ;
#6274=VECTOR('Line Direction',#6273,1.) ;
#6279=VECTOR('Line Direction',#6278,1.) ;
#677=ADVANCED_BREP_SHAPE_REPRESENTATION('NONE',(#676),#53) ;
#1047=ADVANCED_BREP_SHAPE_REPRESENTATION('NONE',(#1046),#693) ;
#2384=ADVANCED_BREP_SHAPE_REPRESENTATION('NONE',(#2383,#2677),#1063) ;
#4843=ADVANCED_BREP_SHAPE_REPRESENTATION('NONE',(#4842),#2692) ;
#5797=ADVANCED_BREP_SHAPE_REPRESENTATION('NONE',(#5796,#6151),#4859) ;
#6302=ADVANCED_BREP_SHAPE_REPRESENTATION('NONE',(#6301),#6166) ;
#44=SHAPE_REPRESENTATION(' ',(#684,#1054,#2683,#4850,#6157,#6309,#6324,#6339,#6354,#6369,#6384),#51) ;
#54=SHAPE_REPRESENTATION(' ',(#685,#6340),#53) ;
#694=SHAPE_REPRESENTATION(' ',(#1055,#6325,#6355,#6370),#693) ;
#1064=SHAPE_REPRESENTATION(' ',(#2684,#6385),#1063) ;
#2693=SHAPE_REPRESENTATION(' ',(#4851),#2692) ;
#4860=SHAPE_REPRESENTATION(' ',(#6158),#4859) ;
#6167=SHAPE_REPRESENTATION(' ',(#6310),#6166) ;
#86=ADVANCED_FACE('PartBody',(#85),#67,.F.) ;
#110=ADVANCED_FACE('PartBody',(#109),#91,.T.) ;
#150=ADVANCED_FACE('PartBody',(#149),#115,.T.) ;
#167=ADVANCED_FACE('PartBody',(#166),#115,.T.) ;
#223=ADVANCED_FACE('PartBody',(#222),#172,.T.) ;
#256=ADVANCED_FACE('PartBody',(#255),#172,.T.) ;
#288=ADVANCED_FACE('PartBody',(#287),#261,.T.) ;
#324=ADVANCED_FACE('PartBody',(#319,#323),#293,.T.) ;
#360=ADVANCED_FACE('PartBody',(#355,#359),#329,.F.) ;
#387=ADVANCED_FACE('PartBody',(#386),#261,.T.) ;
#411=ADVANCED_FACE('PartBody',(#410),#392,.F.) ;
#435=ADVANCED_FACE('PartBody',(#434),#416,.F.) ;
#488=ADVANCED_FACE('PartBody',(#451,#469,#487),#440,.F.) ;
#500=ADVANCED_FACE('PartBody',(#499),#493,.T.) ;
#519=ADVANCED_FACE('PartBody',(#518),#416,.F.) ;
#538=ADVANCED_FACE('PartBody',(#537),#493,.T.) ;
#550=ADVANCED_FACE('PartBody',(#549),#392,.F.) ;
#598=ADVANCED_FACE('PartBody',(#561,#579,#597),#555,.T.) ;
#615=ADVANCED_FACE('PartBody',(#614),#115,.F.) ;
#622=ADVANCED_FACE('PartBody',(#621),#115,.F.) ;
#644=ADVANCED_FACE('PartBody',(#643),#627,.F.) ;
#651=ADVANCED_FACE('PartBody',(#650),#627,.F.) ;
#668=ADVANCED_FACE('PartBody',(#667),#115,.F.) ;
#675=ADVANCED_FACE('PartBody',(#674),#115,.F.) ;
#742=ADVANCED_FACE('PartBody',(#741),#707,.T.) ;
#773=ADVANCED_FACE('PartBody',(#772),#747,.F.) ;
#804=ADVANCED_FACE('PartBody',(#803),#778,.T.) ;
#826=ADVANCED_FACE('PartBody',(#825),#809,.F.) ;
#866=ADVANCED_FACE('PartBody',(#865),#831,.F.) ;
#883=ADVANCED_FACE('PartBody',(#882),#831,.F.) ;
#923=ADVANCED_FACE('PartBody',(#922),#888,.F.) ;
#940=ADVANCED_FACE('PartBody',(#939),#888,.F.) ;
#980=ADVANCED_FACE('PartBody',(#979),#945,.F.) ;
#997=ADVANCED_FACE('PartBody',(#996),#945,.F.) ;
#1021=ADVANCED_FACE('PartBody',(#1008,#1012,#1016,#1020),#1002,.F.) ;
#1045=ADVANCED_FACE('PartBody',(#1032,#1036,#1040,#1044),#1026,.T.) ;
#1096=ADVANCED_FACE('PartBody',(#1095),#1077,.F.) ;
#1120=ADVANCED_FACE('PartBody',(#1119),#1101,.T.) ;
#1160=ADVANCED_FACE('PartBody',(#1159),#1125,.T.) ;
#1177=ADVANCED_FACE('PartBody',(#1176),#1125,.T.) ;
#1196=ADVANCED_FACE('PartBody',(#1195),#1077,.F.) ;
#1215=ADVANCED_FACE('PartBody',(#1214),#1101,.T.) ;
#1255=ADVANCED_FACE('PartBody',(#1254),#1220,.T.) ;
#1272=ADVANCED_FACE('PartBody',(#1271),#1220,.T.) ;
#1312=ADVANCED_FACE('PartBody',(#1311),#1277,.T.) ;
#1459=ADVANCED_FACE('PartBody',(#1422,#1440,#1458),#1317,.T.) ;
#1483=ADVANCED_FACE('PartBody',(#1482),#1464,.T.) ;
#1595=ADVANCED_FACE('PartBody',(#1586,#1590,#1594),#1488,.F.) ;
#1612=ADVANCED_FACE('PartBody',(#1611),#1600,.T.) ;
#1634=ADVANCED_FACE('PartBody',(#1633),#1617,.F.) ;
#1651=ADVANCED_FACE('PartBody',(#1650),#1639,.T.) ;
#1668=ADVANCED_FACE('PartBody',(#1667),#1656,.T.) ;
#1685=ADVANCED_FACE('PartBody',(#1684),#1673,.T.) ;
#1702=ADVANCED_FACE('PartBody',(#1701),#1690,.T.) ;
#1719=ADVANCED_FACE('PartBody',(#1718),#1707,.T.) ;
#1736=ADVANCED_FACE('PartBody',(#1735),#1724,.T.) ;
#1748=ADVANCED_FACE('PartBody',(#1747),#1741,.F.) ;
#1765=ADVANCED_FACE('PartBody',(#1764),#1753,.T.) ;
#1782=ADVANCED_FACE('PartBody',(#1781),#1770,.T.) ;
#1794=ADVANCED_FACE('PartBody',(#1793),#1787,.T.) ;
#1811=ADVANCED_FACE('PartBody',(#1810),#1125,.F.) ;
#1818=ADVANCED_FACE('PartBody',(#1817),#1125,.F.) ;
#1835=ADVANCED_FACE('PartBody',(#1834),#1220,.F.) ;
#1842=ADVANCED_FACE('PartBody',(#1841),#1220,.F.) ;
#1882=ADVANCED_FACE('PartBody',(#1881),#1847,.T.) ;
#2029=ADVANCED_FACE('PartBody',(#1992,#2010,#2028),#1887,.F.) ;
#2053=ADVANCED_FACE('PartBody',(#2052),#2034,.T.) ;
#2165=ADVANCED_FACE('PartBody',(#2156,#2160,#2164),#2058,.T.) ;
#2177=ADVANCED_FACE('PartBody',(#2176),#1464,.T.) ;
#2199=ADVANCED_FACE('PartBody',(#2198),#2182,.F.) ;
#2211=ADVANCED_FACE('PartBody',(#2210),#1639,.T.) ;
#2228=ADVANCED_FACE('PartBody',(#2227),#2216,.T.) ;
#2245=ADVANCED_FACE('PartBody',(#2244),#2233,.T.) ;
#2257=ADVANCED_FACE('PartBody',(#2256),#1690,.T.) ;
#2274=ADVANCED_FACE('PartBody',(#2273),#2262,.T.) ;
#2286=ADVANCED_FACE('PartBody',(#2285),#1724,.T.) ;
#2298=ADVANCED_FACE('PartBody',(#2297),#2291,.F.) ;
#2310=ADVANCED_FACE('PartBody',(#2309),#1753,.T.) ;
#2327=ADVANCED_FACE('PartBody',(#2326),#2315,.T.) ;
#2334=ADVANCED_FACE('PartBody',(#2333),#1787,.T.) ;
#2351=ADVANCED_FACE('PartBody',(#2350),#1125,.F.) ;
#2358=ADVANCED_FACE('PartBody',(#2357),#1125,.F.) ;
#2375=ADVANCED_FACE('PartBody',(#2374),#1220,.F.) ;
#2382=ADVANCED_FACE('PartBody',(#2381),#1220,.F.) ;
#2460=ADVANCED_FACE('Body.2',(#2425,#2459),#2391,.T.) ;
#2500=ADVANCED_FACE('Body.2',(#2499),#2465,.T.) ;
#2522=ADVANCED_FACE('Body.2',(#2521),#2505,.F.) ;
#2539=ADVANCED_FACE('Body.2',(#2538),#2527,.F.) ;
#2556=ADVANCED_FACE('Body.2',(#2555),#2544,.F.) ;
#2568=ADVANCED_FACE('Body.2',(#2567),#2561,.F.) ;
#2599=ADVANCED_FACE('Body.2',(#2598),#2573,.T.) ;
#2623=ADVANCED_FACE('Body.2',(#2622),#2604,.F.) ;
#2647=ADVANCED_FACE('Body.2',(#2646),#2628,.F.) ;
#2664=ADVANCED_FACE('Body.2',(#2663),#2652,.T.) ;
#2676=ADVANCED_FACE('Body.2',(#2675),#2669,.T.) ;
#2725=ADVANCED_FACE('PartBody',(#2724),#2706,.F.) ;
#2749=ADVANCED_FACE('PartBody',(#2748),#2730,.T.) ;
#2789=ADVANCED_FACE('PartBody',(#2788),#2754,.T.) ;
#2806=ADVANCED_FACE('PartBody',(#2805),#2754,.T.) ;
#2825=ADVANCED_FACE('PartBody',(#2824),#2706,.F.) ;
#2844=ADVANCED_FACE('PartBody',(#2843),#2730,.T.) ;
#2884=ADVANCED_FACE('PartBody',(#2883),#2849,.T.) ;
#2901=ADVANCED_FACE('PartBody',(#2900),#2849,.T.) ;
#2920=ADVANCED_FACE('PartBody',(#2919),#2706,.F.) ;
#2939=ADVANCED_FACE('PartBody',(#2938),#2730,.T.) ;
#2979=ADVANCED_FACE('PartBody',(#2978),#2944,.T.) ;
#2996=ADVANCED_FACE('PartBody',(#2995),#2944,.T.) ;
#3015=ADVANCED_FACE('PartBody',(#3014),#2706,.F.) ;
#3034=ADVANCED_FACE('PartBody',(#3033),#2730,.T.) ;
#3074=ADVANCED_FACE('PartBody',(#3073),#3039,.T.) ;
#3091=ADVANCED_FACE('PartBody',(#3090),#3039,.T.) ;
#3131=ADVANCED_FACE('PartBody',(#3130),#3096,.F.) ;
#3420=ADVANCED_FACE('PartBody',(#3410,#3419),#3136,.F.) ;
#3432=ADVANCED_FACE('PartBody',(#3431),#3096,.F.) ;
#3716=ADVANCED_FACE('PartBody',(#3711,#3715),#3437,.T.) ;
#3738=ADVANCED_FACE('PartBody',(#3737),#3721,.T.) ;
#3807=ADVANCED_FACE('PartBody',(#3770,#3788,#3806),#3743,.F.) ;
#3831=ADVANCED_FACE('PartBody',(#3830),#3812,.T.) ;
#3870=ADVANCED_FACE('PartBody',(#3861,#3865,#3869),#3836,.T.) ;
#3882=ADVANCED_FACE('PartBody',(#3881),#3721,.T.) ;
#3894=ADVANCED_FACE('PartBody',(#3893),#3721,.T.) ;
#3935=ADVANCED_FACE('PartBody',(#3926,#3930,#3934),#3899,.F.) ;
#3959=ADVANCED_FACE('PartBody',(#3958),#3940,.T.) ;
#4026=ADVANCED_FACE('PartBody',(#3989,#4007,#4025),#3964,.T.) ;
#4038=ADVANCED_FACE('PartBody',(#4037),#3721,.T.) ;
#4102=ADVANCED_FACE('PartBody',(#4065,#4083,#4101),#3964,.T.) ;
#4126=ADVANCED_FACE('PartBody',(#4125),#4107,.T.) ;
#4160=ADVANCED_FACE('PartBody',(#4151,#4155,#4159),#3899,.F.) ;
#4172=ADVANCED_FACE('PartBody',(#4171),#3721,.T.) ;
#4184=ADVANCED_FACE('PartBody',(#4183),#3721,.T.) ;
#4220=ADVANCED_FACE('PartBody',(#4211,#4215,#4219),#3836,.T.) ;
#4244=ADVANCED_FACE('PartBody',(#4243),#4225,.T.) ;
#4306=ADVANCED_FACE('PartBody',(#4269,#4287,#4305),#3743,.F.) ;
#4318=ADVANCED_FACE('PartBody',(#4317),#3721,.T.) ;
#4335=ADVANCED_FACE('PartBody',(#4334),#4323,.T.) ;
#4352=ADVANCED_FACE('PartBody',(#4351),#4340,.F.) ;
#4369=ADVANCED_FACE('PartBody',(#4368),#4357,.T.) ;
#4386=ADVANCED_FACE('PartBody',(#4385),#4374,.F.) ;
#4398=ADVANCED_FACE('PartBody',(#4397),#4323,.T.) ;
#4415=ADVANCED_FACE('PartBody',(#4414),#4403,.F.) ;
#4427=ADVANCED_FACE('PartBody',(#4426),#4357,.T.) ;
#4444=ADVANCED_FACE('PartBody',(#4443),#4432,.F.) ;
#4461=ADVANCED_FACE('PartBody',(#4460),#4449,.F.) ;
#4473=ADVANCED_FACE('PartBody',(#4472),#4403,.F.) ;
#4490=ADVANCED_FACE('PartBody',(#4489),#4478,.F.) ;
#4502=ADVANCED_FACE('PartBody',(#4501),#4374,.F.) ;
#4514=ADVANCED_FACE('PartBody',(#4513),#4449,.F.) ;
#4526=ADVANCED_FACE('PartBody',(#4525),#4340,.F.) ;
#4533=ADVANCED_FACE('PartBody',(#4532),#4478,.F.) ;
#4550=ADVANCED_FACE('PartBody',(#4549),#4538,.T.) ;
#4567=ADVANCED_FACE('PartBody',(#4566),#4555,.T.) ;
#4584=ADVANCED_FACE('PartBody',(#4583),#4572,.T.) ;
#4601=ADVANCED_FACE('PartBody',(#4600),#4589,.T.) ;
#4613=ADVANCED_FACE('PartBody',(#4612),#4606,.F.) ;
#4635=ADVANCED_FACE('PartBody',(#4634),#4618,.F.) ;
#4642=ADVANCED_FACE('PartBody',(#4641),#4618,.F.) ;
#4664=ADVANCED_FACE('PartBody',(#4663),#4647,.F.) ;
#4671=ADVANCED_FACE('PartBody',(#4670),#4647,.F.) ;
#4678=ADVANCED_FACE('PartBody',(#4677),#4606,.F.) ;
#4695=ADVANCED_FACE('PartBody',(#4694),#4618,.F.) ;
#4702=ADVANCED_FACE('PartBody',(#4701),#4618,.F.) ;
#4719=ADVANCED_FACE('PartBody',(#4718),#4647,.F.) ;
#4726=ADVANCED_FACE('PartBody',(#4725),#4647,.F.) ;
#4738=ADVANCED_FACE('PartBody',(#4737),#4731,.F.) ;
#4755=ADVANCED_FACE('PartBody',(#4754),#2944,.F.) ;
#4762=ADVANCED_FACE('PartBody',(#4761),#2944,.F.) ;
#4779=ADVANCED_FACE('PartBody',(#4778),#2849,.F.) ;
#4786=ADVANCED_FACE('PartBody',(#4785),#2849,.F.) ;
#4793=ADVANCED_FACE('PartBody',(#4792),#4731,.F.) ;
#4810=ADVANCED_FACE('PartBody',(#4809),#2944,.F.) ;
#4817=ADVANCED_FACE('PartBody',(#4816),#2944,.F.) ;
#4834=ADVANCED_FACE('PartBody',(#4833),#2849,.F.) ;
#4841=ADVANCED_FACE('PartBody',(#4840),#2849,.F.) ;
#4892=ADVANCED_FACE('PartBody',(#4891),#4873,.T.) ;
#4923=ADVANCED_FACE('PartBody',(#4922),#4897,.T.) ;
#4935=ADVANCED_FACE('PartBody',(#4934),#4897,.T.) ;
#4963=ADVANCED_FACE('PartBody',(#4958,#4962),#4940,.T.) ;
#4994=ADVANCED_FACE('PartBody',(#4993),#4968,.T.) ;
#5006=ADVANCED_FACE('PartBody',(#5005),#4968,.T.) ;
#5046=ADVANCED_FACE('PartBody',(#5045),#5011,.T.) ;
#5077=ADVANCED_FACE('PartBody',(#5076),#5051,.F.) ;
#5117=ADVANCED_FACE('PartBody',(#5116),#5082,.T.) ;
#5148=ADVANCED_FACE('PartBody',(#5147),#5122,.T.) ;
#5188=ADVANCED_FACE('PartBody',(#5187),#5153,.F.) ;
#5219=ADVANCED_FACE('PartBody',(#5218),#5193,.F.) ;
#5250=ADVANCED_FACE('PartBody',(#5249),#5224,.F.) ;
#5290=ADVANCED_FACE('PartBody',(#5289),#5255,.T.) ;
#5307=ADVANCED_FACE('PartBody',(#5306),#5255,.T.) ;
#5330=ADVANCED_FACE('PartBody',(#5311,#5329),#4940,.T.) ;
#5361=ADVANCED_FACE('PartBody',(#5360),#5335,.T.) ;
#5373=ADVANCED_FACE('PartBody',(#5372),#5335,.T.) ;
#5378=ADVANCED_FACE('PartBody',(#5377),#4873,.T.) ;
#5409=ADVANCED_FACE('PartBody',(#5408),#5383,.F.) ;
#5440=ADVANCED_FACE('PartBody',(#5439),#5414,.F.) ;
#5462=ADVANCED_FACE('PartBody',(#5461),#5445,.T.) ;
#5493=ADVANCED_FACE('PartBody',(#5492),#5467,.F.) ;
#5519=ADVANCED_FACE('PartBody',(#5518),#5383,.F.) ;
#5559=ADVANCED_FACE('PartBody',(#5550,#5554,#5558),#5524,.T.) ;
#5607=ADVANCED_FACE('PartBody',(#5606),#5564,.F.) ;
#5619=ADVANCED_FACE('PartBody',(#5618),#5612,.T.) ;
#5651=ADVANCED_FACE('PartBody',(#5650),#5624,.T.) ;
#5682=ADVANCED_FACE('PartBody',(#5681),#5656,.T.) ;
#5714=ADVANCED_FACE('PartBody',(#5713),#5687,.T.) ;
#5745=ADVANCED_FACE('PartBody',(#5744),#5719,.F.) ;
#5764=ADVANCED_FACE('PartBody',(#5763),#5750,.T.) ;
#5783=ADVANCED_FACE('PartBody',(#5782),#5769,.F.) ;
#5795=ADVANCED_FACE('PartBody',(#5794),#5788,.T.) ;
#5839=ADVANCED_FACE('Body.3',(#5838),#5804,.T.) ;
#5870=ADVANCED_FACE('Body.3',(#5869),#5844,.T.) ;
#5901=ADVANCED_FACE('Body.3',(#5900),#5875,.T.) ;
#5932=ADVANCED_FACE('Body.3',(#5931),#5906,.T.) ;
#5963=ADVANCED_FACE('Body.3',(#5962),#5937,.T.) ;
#5994=ADVANCED_FACE('Body.3',(#5993),#5968,.F.) ;
#6025=ADVANCED_FACE('Body.3',(#6024),#5999,.T.) ;
#6046=ADVANCED_FACE('Body.3',(#6045),#6030,.F.) ;
#6063=ADVANCED_FACE('Body.3',(#6062),#6051,.T.) ;
#6097=ADVANCED_FACE('Body.3',(#6078,#6096),#6068,.F.) ;
#6128=ADVANCED_FACE('Body.3',(#6127),#6102,.F.) ;
#6140=ADVANCED_FACE('Body.3',(#6139),#6102,.F.) ;
#6150=ADVANCED_FACE('Body.3',(#6149),#6145,.T.) ;
#6199=ADVANCED_FACE('PartBody',(#6198),#6180,.F.) ;
#6230=ADVANCED_FACE('PartBody',(#6229),#6204,.T.) ;
#6242=ADVANCED_FACE('PartBody',(#6241),#6204,.T.) ;
#6266=ADVANCED_FACE('PartBody',(#6265),#6247,.T.) ;
#6288=ADVANCED_FACE('PartBody',(#6287),#6271,.T.) ;
#6300=ADVANCED_FACE('PartBody',(#6299),#6293,.T.) ;
#4=APPLICATION_PROTOCOL_DEFINITION('international standard','config_control_design',1994,#1) ;
#35=APPROVAL_DATE_TIME(#13,#24) ;
#676=MANIFOLD_SOLID_BREP('PartBody',#62) ;
#1046=MANIFOLD_SOLID_BREP('PartBody',#702) ;
#2383=MANIFOLD_SOLID_BREP('PartBody',#1072) ;
#2677=MANIFOLD_SOLID_BREP('Body.2',#2386) ;
#4842=MANIFOLD_SOLID_BREP('PartBody',#2701) ;
#5796=MANIFOLD_SOLID_BREP('PartBody',#4868) ;
#6151=MANIFOLD_SOLID_BREP('Body.3',#5799) ;
#6301=MANIFOLD_SOLID_BREP('PartBody',#6175) ;
#11=CALENDAR_DATE(2026,12,4) ;
#33=CC_DESIGN_APPROVAL(#24,(#19,#6,#17)) ;
#21=CC_DESIGN_DATE_AND_TIME_ASSIGNMENT(#13,#20,(#19)) ;
#32=CC_DESIGN_DATE_AND_TIME_ASSIGNMENT(#13,#31,(#17)) ;
#20=DATE_TIME_ROLE('classification_date') ;
#31=DATE_TIME_ROLE('creation_date') ;
#30=CC_DESIGN_PERSON_AND_ORGANIZATION_ASSIGNMENT(#28,#29,(#19)) ;
#36=CC_DESIGN_PERSON_AND_ORGANIZATION_ASSIGNMENT(#28,#37,(#6)) ;
#38=CC_DESIGN_PERSON_AND_ORGANIZATION_ASSIGNMENT(#28,#39,(#6,#17)) ;
#40=CC_DESIGN_PERSON_AND_ORGANIZATION_ASSIGNMENT(#28,#41,(#5)) ;
#29=PERSON_AND_ORGANIZATION_ROLE('classification_officer') ;
#37=PERSON_AND_ORGANIZATION_ROLE('design_supplier') ;
#39=PERSON_AND_ORGANIZATION_ROLE('creator') ;
#41=PERSON_AND_ORGANIZATION_ROLE('design_owner') ;
#42=CC_DESIGN_SECURITY_CLASSIFICATION(#19,(#6,#679,#1049,#2678,#4845,#6152,#6304,#6319,#6334,#6349,#6364,#6379)) ;
#60=DOCUMENT('1','poluga-1.CATPart','CATPart document',#59) ;
#700=DOCUMENT('2','poluga-2.CATPart','CATPart document',#699) ;
#1070=DOCUMENT('3','prst.CATPart','CATPart document',#1069) ;
#2699=DOCUMENT('4','vodilica.CATPart','CATPart document',#2698) ;
#4866=DOCUMENT('5','postolje s motorom.CATPart','CATPart document',#4865) ;
#6173=DOCUMENT('6','navojno vreteno.CATPart','CATPart document',#6172) ;
#59=DOCUMENT_TYPE('') ;
#699=DOCUMENT_TYPE('') ;
#1069=DOCUMENT_TYPE('') ;
#2698=DOCUMENT_TYPE('') ;
#4865=DOCUMENT_TYPE('') ;
#6172=DOCUMENT_TYPE('') ;
#71=CIRCLE('generated circle',#70,2.5) ;
#80=CIRCLE('generated circle',#79,2.5) ;
#95=CIRCLE('generated circle',#94,2.5) ;
#104=CIRCLE('generated circle',#103,2.5) ;
#119=CIRCLE('generated circle',#118,2.5) ;
#135=CIRCLE('generated circle',#134,2.5) ;
#154=CIRCLE('generated circle',#153,2.5) ;
#159=CIRCLE('generated circle',#158,2.5) ;
#185=CIRCLE('generated circle',#184,5.) ;
#192=CIRCLE('generated circle',#191,5.) ;
#206=CIRCLE('generated circle',#205,5.) ;
#213=CIRCLE('generated circle',#212,5.) ;
#227=CIRCLE('generated circle',#226,5.) ;
#234=CIRCLE('generated circle',#233,5.) ;
#239=CIRCLE('generated circle',#238,5.) ;
#246=CIRCLE('generated circle',#245,5.) ;
#265=CIRCLE('generated circle',#264,5.) ;
#304=CIRCLE('generated circle',#303,5.) ;
#340=CIRCLE('generated circle',#339,5.) ;
#378=CIRCLE('generated circle',#377,5.) ;
#444=CIRCLE('generated circle',#443,5.) ;
#455=CIRCLE('generated circle',#454,2.5) ;
#464=CIRCLE('generated circle',#463,2.5) ;
#473=CIRCLE('generated circle',#472,2.5) ;
#482=CIRCLE('generated circle',#481,2.5) ;
#530=CIRCLE('generated circle',#529,5.) ;
#565=CIRCLE('generated circle',#564,2.5) ;
#574=CIRCLE('generated circle',#573,2.5) ;
#583=CIRCLE('generated circle',#582,2.5) ;
#592=CIRCLE('generated circle',#591,2.5) ;
#720=CIRCLE('generated circle',#719,5.) ;
#734=CIRCLE('generated circle',#733,5.) ;
#782=CIRCLE('generated circle',#781,5.) ;
#796=CIRCLE('generated circle',#795,5.) ;
#835=CIRCLE('generated circle',#834,2.5) ;
#851=CIRCLE('generated circle',#850,2.5) ;
#870=CIRCLE('generated circle',#869,2.5) ;
#875=CIRCLE('generated circle',#874,2.5) ;
#892=CIRCLE('generated circle',#891,2.5) ;
#908=CIRCLE('generated circle',#907,2.5) ;
#927=CIRCLE('generated circle',#926,2.5) ;
#932=CIRCLE('generated circle',#931,2.5) ;
#949=CIRCLE('generated circle',#948,2.5) ;
#965=CIRCLE('generated circle',#964,2.5) ;
#984=CIRCLE('generated circle',#983,2.5) ;
#989=CIRCLE('generated circle',#988,2.5) ;
#1081=CIRCLE('generated circle',#1080,2.5) ;
#1090=CIRCLE('generated circle',#1089,2.5) ;
#1105=CIRCLE('generated circle',#1104,2.5) ;
#1114=CIRCLE('generated circle',#1113,2.5) ;
#1129=CIRCLE('generated circle',#1128,2.5) ;
#1145=CIRCLE('generated circle',#1144,2.5) ;
#1164=CIRCLE('generated circle',#1163,2.5) ;
#1169=CIRCLE('generated circle',#1168,2.5) ;
#1181=CIRCLE('generated circle',#1180,2.5) ;
#1190=CIRCLE('generated circle',#1189,2.5) ;
#1200=CIRCLE('generated circle',#1199,2.5) ;
#1209=CIRCLE('generated circle',#1208,2.5) ;
#1224=CIRCLE('generated circle',#1223,2.5) ;
#1240=CIRCLE('generated circle',#1239,2.5) ;
#1259=CIRCLE('generated circle',#1258,2.5) ;
#1264=CIRCLE('generated circle',#1263,2.5) ;
#1281=CIRCLE('generated circle',#1280,5.) ;
#1297=CIRCLE('generated circle',#1296,5.) ;
#1321=CIRCLE('generated circle',#1320,5.) ;
#1337=CIRCLE('generated circle',#1336,5.) ;
#1344=CIRCLE('generated circle',#1343,5.) ;
#1358=CIRCLE('generated circle',#1357,5.) ;
#1372=CIRCLE('generated circle',#1371,5.) ;
#1384=CIRCLE('generated circle',#1383,5.) ;
#1398=CIRCLE('generated circle',#1397,5.) ;
#1426=CIRCLE('generated circle',#1425,2.5) ;
#1435=CIRCLE('generated circle',#1434,2.5) ;
#1444=CIRCLE('generated circle',#1443,2.5) ;
#1453=CIRCLE('generated circle',#1452,2.5) ;
#1501=CIRCLE('generated circle',#1500,5.) ;
#1515=CIRCLE('generated circle',#1514,5.) ;
#1520=CIRCLE('generated circle',#1519,5.) ;
#1534=CIRCLE('generated circle',#1533,5.) ;
#1548=CIRCLE('generated circle',#1547,5.) ;
#1555=CIRCLE('generated circle',#1554,5.) ;
#1569=CIRCLE('generated circle',#1568,5.) ;
#1851=CIRCLE('generated circle',#1850,5.) ;
#1867=CIRCLE('generated circle',#1866,5.) ;
#1900=CIRCLE('generated circle',#1899,5.) ;
#1914=CIRCLE('generated circle',#1913,5.) ;
#1926=CIRCLE('generated circle',#1925,5.) ;
#1940=CIRCLE('generated circle',#1939,5.) ;
#1954=CIRCLE('generated circle',#1953,5.) ;
#1961=CIRCLE('generated circle',#1960,5.) ;
#1975=CIRCLE('generated circle',#1974,5.) ;
#1996=CIRCLE('generated circle',#1995,2.5) ;
#2005=CIRCLE('generated circle',#2004,2.5) ;
#2014=CIRCLE('generated circle',#2013,2.5) ;
#2023=CIRCLE('generated circle',#2022,2.5) ;
#2045=CIRCLE('generated circle',#2044,5.) ;
#2062=CIRCLE('generated circle',#2061,5.) ;
#2078=CIRCLE('generated circle',#2077,5.) ;
#2085=CIRCLE('generated circle',#2084,5.) ;
#2099=CIRCLE('generated circle',#2098,5.) ;
#2113=CIRCLE('generated circle',#2112,5.) ;
#2132=CIRCLE('generated circle',#2131,5.) ;
#2577=CIRCLE('generated circle',#2576,5.) ;
#2591=CIRCLE('generated circle',#2590,5.) ;
#2608=CIRCLE('generated circle',#2607,5.) ;
#2656=CIRCLE('generated circle',#2655,5.) ;
#2710=CIRCLE('generated circle',#2709,2.5) ;
#2719=CIRCLE('generated circle',#2718,2.5) ;
#2734=CIRCLE('generated circle',#2733,2.5) ;
#2743=CIRCLE('generated circle',#2742,2.5) ;
#2758=CIRCLE('generated circle',#2757,2.5) ;
#2774=CIRCLE('generated circle',#2773,2.5) ;
#2793=CIRCLE('generated circle',#2792,2.5) ;
#2798=CIRCLE('generated circle',#2797,2.5) ;
#2810=CIRCLE('generated circle',#2809,2.5) ;
#2819=CIRCLE('generated circle',#2818,2.5) ;
#2829=CIRCLE('generated circle',#2828,2.5) ;
#2838=CIRCLE('generated circle',#2837,2.5) ;
#2853=CIRCLE('generated circle',#2852,2.5) ;
#2869=CIRCLE('generated circle',#2868,2.5) ;
#2888=CIRCLE('generated circle',#2887,2.5) ;
#2893=CIRCLE('generated circle',#2892,2.5) ;
#2905=CIRCLE('generated circle',#2904,2.5) ;
#2914=CIRCLE('generated circle',#2913,2.5) ;
#2924=CIRCLE('generated circle',#2923,2.5) ;
#2933=CIRCLE('generated circle',#2932,2.5) ;
#2948=CIRCLE('generated circle',#2947,2.5) ;
#2964=CIRCLE('generated circle',#2963,2.5) ;
#2983=CIRCLE('generated circle',#2982,2.5) ;
#2988=CIRCLE('generated circle',#2987,2.5) ;
#3000=CIRCLE('generated circle',#2999,2.5) ;
#3009=CIRCLE('generated circle',#3008,2.5) ;
#3019=CIRCLE('generated circle',#3018,2.5) ;
#3028=CIRCLE('generated circle',#3027,2.5) ;
#3043=CIRCLE('generated circle',#3042,2.5) ;
#3059=CIRCLE('generated circle',#3058,2.5) ;
#3078=CIRCLE('generated circle',#3077,2.5) ;
#3083=CIRCLE('generated circle',#3082,2.5) ;
#3109=CIRCLE('generated circle',#3108,4.3235) ;
#3123=CIRCLE('generated circle',#3122,4.3235) ;
#3247=CIRCLE('generated circle',#3246,10.) ;
#3275=CIRCLE('generated circle',#3274,10.) ;
#3282=CIRCLE('generated circle',#3281,10.) ;
#3310=CIRCLE('generated circle',#3309,10.) ;
#3338=CIRCLE('generated circle',#3337,10.) ;
#3345=CIRCLE('generated circle',#3344,10.) ;
#3373=CIRCLE('generated circle',#3372,10.) ;
#3414=CIRCLE('generated circle',#3413,4.3235) ;
#3424=CIRCLE('generated circle',#3423,4.3235) ;
#3441=CIRCLE('generated circle',#3440,10.) ;
#3471=CIRCLE('generated circle',#3470,10.) ;
#3478=CIRCLE('generated circle',#3477,10.) ;
#3506=CIRCLE('generated circle',#3505,10.) ;
#3534=CIRCLE('generated circle',#3533,10.) ;
#3541=CIRCLE('generated circle',#3540,10.) ;
#3569=CIRCLE('generated circle',#3568,10.) ;
#3747=CIRCLE('generated circle',#3746,5.) ;
#3754=CIRCLE('generated circle',#3753,5.) ;
#3774=CIRCLE('generated circle',#3773,2.5) ;
#3783=CIRCLE('generated circle',#3782,2.5) ;
#3792=CIRCLE('generated circle',#3791,2.5) ;
#3801=CIRCLE('generated circle',#3800,2.5) ;
#3816=CIRCLE('generated circle',#3815,5.) ;
#3852=CIRCLE('generated circle',#3851,5.) ;
#3903=CIRCLE('generated circle',#3902,5.) ;
#3910=CIRCLE('generated circle',#3909,5.) ;
#3944=CIRCLE('generated circle',#3943,5.) ;
#3980=CIRCLE('generated circle',#3979,5.) ;
#3993=CIRCLE('generated circle',#3992,2.5) ;
#4002=CIRCLE('generated circle',#4001,2.5) ;
#4011=CIRCLE('generated circle',#4010,2.5) ;
#4020=CIRCLE('generated circle',#4019,2.5) ;
#4042=CIRCLE('generated circle',#4041,5.) ;
#4056=CIRCLE('generated circle',#4055,5.) ;
#4069=CIRCLE('generated circle',#4068,2.5) ;
#4078=CIRCLE('generated circle',#4077,2.5) ;
#4087=CIRCLE('generated circle',#4086,2.5) ;
#4096=CIRCLE('generated circle',#4095,2.5) ;
#4111=CIRCLE('generated circle',#4110,5.) ;
#4130=CIRCLE('generated circle',#4129,5.) ;
#4188=CIRCLE('generated circle',#4187,5.) ;
#4202=CIRCLE('generated circle',#4201,5.) ;
#4229=CIRCLE('generated circle',#4228,5.) ;
#4248=CIRCLE('generated circle',#4247,5.) ;
#4273=CIRCLE('generated circle',#4272,2.5) ;
#4282=CIRCLE('generated circle',#4281,2.5) ;
#4291=CIRCLE('generated circle',#4290,2.5) ;
#4300=CIRCLE('generated circle',#4299,2.5) ;
#4877=CIRCLE('generated circle',#4876,2.5) ;
#4886=CIRCLE('generated circle',#4885,2.5) ;
#4915=CIRCLE('generated circle',#4914,2.5) ;
#4927=CIRCLE('generated circle',#4926,2.5) ;
#4944=CIRCLE('generated circle',#4943,7.5) ;
#4953=CIRCLE('generated circle',#4952,7.5) ;
#4979=CIRCLE('generated circle',#4978,7.5) ;
#4998=CIRCLE('generated circle',#4997,7.5) ;
#5015=CIRCLE('generated circle',#5014,15.) ;
#5031=CIRCLE('generated circle',#5030,15.) ;
#5126=CIRCLE('generated circle',#5125,15.) ;
#5140=CIRCLE('generated circle',#5139,15.) ;
#5268=CIRCLE('generated circle',#5267,7.5) ;
#5282=CIRCLE('generated circle',#5281,7.5) ;
#5294=CIRCLE('generated circle',#5293,7.5) ;
#5299=CIRCLE('generated circle',#5298,7.5) ;
#5315=CIRCLE('generated circle',#5314,2.5) ;
#5324=CIRCLE('generated circle',#5323,2.5) ;
#5346=CIRCLE('generated circle',#5345,2.5) ;
#5365=CIRCLE('generated circle',#5364,2.5) ;
#5449=CIRCLE('generated circle',#5448,5.) ;
#5454=CIRCLE('generated circle',#5453,5.) ;
#5533=CIRCLE('generated circle',#5532,5.) ;
#5568=CIRCLE('generated circle',#5567,5.) ;
#5660=CIRCLE('generated circle',#5659,5.) ;
#5667=CIRCLE('generated circle',#5666,5.) ;
#5754=CIRCLE('generated circle',#5753,5.) ;
#5773=CIRCLE('generated circle',#5772,5.) ;
#5808=CIRCLE('generated circle',#5807,10.) ;
#5824=CIRCLE('generated circle',#5823,10.) ;
#5879=CIRCLE('generated circle',#5878,10.) ;
#5886=CIRCLE('generated circle',#5885,10.) ;
#5941=CIRCLE('generated circle',#5940,10.) ;
#5948=CIRCLE('generated circle',#5947,10.) ;
#6034=CIRCLE('generated circle',#6033,10.) ;
#6055=CIRCLE('generated circle',#6054,10.) ;
#6082=CIRCLE('generated circle',#6081,5.) ;
#6091=CIRCLE('generated circle',#6090,5.) ;
#6120=CIRCLE('generated circle',#6119,5.) ;
#6132=CIRCLE('generated circle',#6131,5.) ;
#6184=CIRCLE('generated circle',#6183,5.) ;
#6193=CIRCLE('generated circle',#6192,5.) ;
#6222=CIRCLE('generated circle',#6221,5.) ;
#6234=CIRCLE('generated circle',#6233,5.) ;
#6251=CIRCLE('generated circle',#6250,4.) ;
#6260=CIRCLE('generated circle',#6259,4.) ;
#6271=CONICAL_SURFACE('Cone',#6270,0.,0.785398163397) ;
#6293=CONICAL_SURFACE('Cone',#6292,0.,0.785398163397) ;
#681=CONTEXT_DEPENDENT_SHAPE_REPRESENTATION(#682,#680) ;
#1051=CONTEXT_DEPENDENT_SHAPE_REPRESENTATION(#1052,#1050) ;
#2680=CONTEXT_DEPENDENT_SHAPE_REPRESENTATION(#2681,#2679) ;
#4847=CONTEXT_DEPENDENT_SHAPE_REPRESENTATION(#4848,#4846) ;
#6154=CONTEXT_DEPENDENT_SHAPE_REPRESENTATION(#6155,#6153) ;
#6306=CONTEXT_DEPENDENT_SHAPE_REPRESENTATION(#6307,#6305) ;
#6321=CONTEXT_DEPENDENT_SHAPE_REPRESENTATION(#6322,#6320) ;
#6336=CONTEXT_DEPENDENT_SHAPE_REPRESENTATION(#6337,#6335) ;
#6351=CONTEXT_DEPENDENT_SHAPE_REPRESENTATION(#6352,#6350) ;
#6366=CONTEXT_DEPENDENT_SHAPE_REPRESENTATION(#6367,#6365) ;
#6381=CONTEXT_DEPENDENT_SHAPE_REPRESENTATION(#6382,#6380) ;
#678=SHAPE_REPRESENTATION_RELATIONSHIP(' ',' ',#54,#677) ;
#1048=SHAPE_REPRESENTATION_RELATIONSHIP(' ',' ',#694,#1047) ;
#2385=SHAPE_REPRESENTATION_RELATIONSHIP(' ',' ',#1064,#2384) ;
#4844=SHAPE_REPRESENTATION_RELATIONSHIP(' ',' ',#2693,#4843) ;
#5798=SHAPE_REPRESENTATION_RELATIONSHIP(' ',' ',#4860,#5797) ;
#6303=SHAPE_REPRESENTATION_RELATIONSHIP(' ',' ',#6167,#6302) ;
#115=CYLINDRICAL_SURFACE('generated cylinder',#114,2.5) ;
#172=CYLINDRICAL_SURFACE('generated cylinder',#171,5.) ;
#261=CYLINDRICAL_SURFACE('generated cylinder',#260,5.) ;
#493=CYLINDRICAL_SURFACE('generated cylinder',#492,5.) ;
#627=CYLINDRICAL_SURFACE('generated cylinder',#626,2.5) ;
#707=CYLINDRICAL_SURFACE('generated cylinder',#706,5.) ;
#778=CYLINDRICAL_SURFACE('generated cylinder',#777,5.) ;
#831=CYLINDRICAL_SURFACE('generated cylinder',#830,2.5) ;
#888=CYLINDRICAL_SURFACE('generated cylinder',#887,2.5) ;
#945=CYLINDRICAL_SURFACE('generated cylinder',#944,2.5) ;
#1125=CYLINDRICAL_SURFACE('generated cylinder',#1124,2.5) ;
#1220=CYLINDRICAL_SURFACE('generated cylinder',#1219,2.5) ;
#1277=CYLINDRICAL_SURFACE('generated cylinder',#1276,5.) ;
#1600=CYLINDRICAL_SURFACE('generated cylinder',#1599,5.) ;
#1617=CYLINDRICAL_SURFACE('generated cylinder',#1616,5.) ;
#1656=CYLINDRICAL_SURFACE('generated cylinder',#1655,5.) ;
#1673=CYLINDRICAL_SURFACE('generated cylinder',#1672,5.) ;
#1707=CYLINDRICAL_SURFACE('generated cylinder',#1706,5.) ;
#1741=CYLINDRICAL_SURFACE('generated cylinder',#1740,5.) ;
#1770=CYLINDRICAL_SURFACE('generated cylinder',#1769,5.) ;
#1847=CYLINDRICAL_SURFACE('generated cylinder',#1846,5.) ;
#2034=CYLINDRICAL_SURFACE('generated cylinder',#2033,5.) ;
#2182=CYLINDRICAL_SURFACE('generated cylinder',#2181,5.) ;
#2216=CYLINDRICAL_SURFACE('generated cylinder',#2215,5.) ;
#2233=CYLINDRICAL_SURFACE('generated cylinder',#2232,5.) ;
#2262=CYLINDRICAL_SURFACE('generated cylinder',#2261,5.) ;
#2291=CYLINDRICAL_SURFACE('generated cylinder',#2290,5.) ;
#2315=CYLINDRICAL_SURFACE('generated cylinder',#2314,5.) ;
#2573=CYLINDRICAL_SURFACE('generated cylinder',#2572,5.) ;
#2669=CYLINDRICAL_SURFACE('generated cylinder',#2668,5.) ;
#2754=CYLINDRICAL_SURFACE('generated cylinder',#2753,2.5) ;
#2849=CYLINDRICAL_SURFACE('generated cylinder',#2848,2.5) ;
#2944=CYLINDRICAL_SURFACE('generated cylinder',#2943,2.5) ;
#3039=CYLINDRICAL_SURFACE('generated cylinder',#3038,2.5) ;
#3096=CYLINDRICAL_SURFACE('generated cylinder',#3095,4.3235) ;
#3721=CYLINDRICAL_SURFACE('generated cylinder',#3720,10.) ;
#3812=CYLINDRICAL_SURFACE('generated cylinder',#3811,5.) ;
#3940=CYLINDRICAL_SURFACE('generated cylinder',#3939,5.) ;
#4107=CYLINDRICAL_SURFACE('generated cylinder',#4106,5.) ;
#4225=CYLINDRICAL_SURFACE('generated cylinder',#4224,5.) ;
#4538=CYLINDRICAL_SURFACE('generated cylinder',#4537,5.) ;
#4555=CYLINDRICAL_SURFACE('generated cylinder',#4554,5.) ;
#4572=CYLINDRICAL_SURFACE('generated cylinder',#4571,5.) ;
#4589=CYLINDRICAL_SURFACE('generated cylinder',#4588,5.) ;
#4618=CYLINDRICAL_SURFACE('generated cylinder',#4617,2.5) ;
#4647=CYLINDRICAL_SURFACE('generated cylinder',#4646,2.5) ;
#4897=CYLINDRICAL_SURFACE('generated cylinder',#4896,2.5) ;
#4968=CYLINDRICAL_SURFACE('generated cylinder',#4967,7.5) ;
#5011=CYLINDRICAL_SURFACE('generated cylinder',#5010,15.) ;
#5122=CYLINDRICAL_SURFACE('generated cylinder',#5121,15.) ;
#5255=CYLINDRICAL_SURFACE('generated cylinder',#5254,7.5) ;
#5335=CYLINDRICAL_SURFACE('generated cylinder',#5334,2.5) ;
#5445=CYLINDRICAL_SURFACE('generated cylinder',#5444,5.) ;
#5612=CYLINDRICAL_SURFACE('generated cylinder',#5611,5.) ;
#5656=CYLINDRICAL_SURFACE('generated cylinder',#5655,5.) ;
#5788=CYLINDRICAL_SURFACE('generated cylinder',#5787,5.) ;
#5804=CYLINDRICAL_SURFACE('generated cylinder',#5803,10.) ;
#5875=CYLINDRICAL_SURFACE('generated cylinder',#5874,10.) ;
#5937=CYLINDRICAL_SURFACE('generated cylinder',#5936,10.) ;
#6051=CYLINDRICAL_SURFACE('generated cylinder',#6050,10.) ;
#6102=CYLINDRICAL_SURFACE('generated cylinder',#6101,5.) ;
#6204=CYLINDRICAL_SURFACE('generated cylinder',#6203,5.) ;
#3=DESIGN_CONTEXT(' ',#1,'design') ;
#76=EDGE_CURVE('',#73,#75,#71,.T.) ;
#81=EDGE_CURVE('',#75,#73,#80,.T.) ;
#100=EDGE_CURVE('',#97,#99,#95,.T.) ;
#105=EDGE_CURVE('',#99,#97,#104,.T.) ;
#124=EDGE_CURVE('',#121,#123,#119,.T.) ;
#131=EDGE_CURVE('',#123,#130,#128,.T.) ;
#138=EDGE_CURVE('',#137,#130,#135,.T.) ;
#143=EDGE_CURVE('',#121,#137,#142,.T.) ;
#155=EDGE_CURVE('',#123,#121,#154,.T.) ;
#160=EDGE_CURVE('',#130,#137,#159,.T.) ;
#181=EDGE_CURVE('',#178,#180,#176,.T.) ;
#188=EDGE_CURVE('',#178,#187,#185,.T.) ;
#195=EDGE_CURVE('',#187,#194,#192,.T.) ;
#202=EDGE_CURVE('',#194,#201,#199,.T.) ;
#209=EDGE_CURVE('',#208,#201,#206,.T.) ;
#214=EDGE_CURVE('',#180,#208,#213,.T.) ;
#230=EDGE_CURVE('',#194,#229,#227,.T.) ;
#235=EDGE_CURVE('',#229,#178,#234,.T.) ;
#242=EDGE_CURVE('',#241,#180,#239,.T.) ;
#247=EDGE_CURVE('',#201,#241,#246,.T.) ;
#270=EDGE_CURVE('',#267,#269,#265,.T.) ;
#275=EDGE_CURVE('',#187,#269,#274,.F.) ;
#280=EDGE_CURVE('',#229,#267,#279,.F.) ;
#300=EDGE_CURVE('',#187,#299,#297,.F.) ;
#307=EDGE_CURVE('',#299,#306,#304,.T.) ;
#312=EDGE_CURVE('',#306,#229,#311,.F.) ;
#336=EDGE_CURVE('',#335,#241,#333,.F.) ;
#343=EDGE_CURVE('',#342,#335,#340,.T.) ;
#348=EDGE_CURVE('',#208,#342,#347,.F.) ;
#367=EDGE_CURVE('',#241,#366,#364,.T.) ;
#374=EDGE_CURVE('',#208,#373,#371,.T.) ;
#379=EDGE_CURVE('',#366,#373,#378,.T.) ;
#399=EDGE_CURVE('',#398,#267,#396,.F.) ;
#404=EDGE_CURVE('',#306,#398,#403,.T.) ;
#423=EDGE_CURVE('',#269,#422,#420,.F.) ;
#428=EDGE_CURVE('',#299,#422,#427,.T.) ;
#445=EDGE_CURVE('',#422,#398,#444,.T.) ;
#460=EDGE_CURVE('',#457,#459,#455,.T.) ;
#465=EDGE_CURVE('',#459,#457,#464,.T.) ;
#478=EDGE_CURVE('',#475,#477,#473,.T.) ;
#483=EDGE_CURVE('',#477,#475,#482,.T.) ;
#507=EDGE_CURVE('',#342,#506,#504,.T.) ;
#512=EDGE_CURVE('',#373,#506,#511,.F.) ;
#526=EDGE_CURVE('',#335,#525,#523,.T.) ;
#531=EDGE_CURVE('',#506,#525,#530,.T.) ;
#543=EDGE_CURVE('',#525,#366,#542,.F.) ;
#570=EDGE_CURVE('',#567,#569,#565,.T.) ;
#575=EDGE_CURVE('',#569,#567,#574,.T.) ;
#588=EDGE_CURVE('',#585,#587,#583,.T.) ;
#593=EDGE_CURVE('',#587,#585,#592,.T.) ;
#603=EDGE_CURVE('',#75,#457,#602,.F.) ;
#608=EDGE_CURVE('',#73,#459,#607,.F.) ;
#632=EDGE_CURVE('',#587,#475,#631,.F.) ;
#637=EDGE_CURVE('',#477,#585,#636,.T.) ;
#656=EDGE_CURVE('',#99,#567,#655,.T.) ;
#661=EDGE_CURVE('',#97,#569,#660,.T.) ;
#716=EDGE_CURVE('',#713,#715,#711,.T.) ;
#723=EDGE_CURVE('',#713,#722,#720,.T.) ;
#730=EDGE_CURVE('',#722,#729,#727,.T.) ;
#735=EDGE_CURVE('',#715,#729,#734,.T.) ;
#754=EDGE_CURVE('',#722,#753,#751,.F.) ;
#761=EDGE_CURVE('',#753,#760,#758,.T.) ;
#766=EDGE_CURVE('',#729,#760,#765,.F.) ;
#785=EDGE_CURVE('',#753,#784,#782,.T.) ;
#792=EDGE_CURVE('',#784,#791,#789,.T.) ;
#797=EDGE_CURVE('',#760,#791,#796,.T.) ;
#814=EDGE_CURVE('',#784,#713,#813,.F.) ;
#819=EDGE_CURVE('',#791,#715,#818,.F.) ;
#840=EDGE_CURVE('',#837,#839,#835,.T.) ;
#847=EDGE_CURVE('',#846,#839,#844,.T.) ;
#854=EDGE_CURVE('',#853,#846,#851,.T.) ;
#859=EDGE_CURVE('',#853,#837,#858,.T.) ;
#871=EDGE_CURVE('',#839,#837,#870,.T.) ;
#876=EDGE_CURVE('',#846,#853,#875,.T.) ;
#897=EDGE_CURVE('',#894,#896,#892,.T.) ;
#904=EDGE_CURVE('',#903,#896,#901,.T.) ;
#911=EDGE_CURVE('',#910,#903,#908,.T.) ;
#916=EDGE_CURVE('',#910,#894,#915,.T.) ;
#928=EDGE_CURVE('',#896,#894,#927,.T.) ;
#933=EDGE_CURVE('',#903,#910,#932,.T.) ;
#954=EDGE_CURVE('',#951,#953,#949,.T.) ;
#961=EDGE_CURVE('',#960,#953,#958,.T.) ;
#968=EDGE_CURVE('',#967,#960,#965,.T.) ;
#973=EDGE_CURVE('',#967,#951,#972,.T.) ;
#985=EDGE_CURVE('',#953,#951,#984,.T.) ;
#990=EDGE_CURVE('',#960,#967,#989,.T.) ;
#1086=EDGE_CURVE('',#1083,#1085,#1081,.T.) ;
#1091=EDGE_CURVE('',#1085,#1083,#1090,.T.) ;
#1110=EDGE_CURVE('',#1107,#1109,#1105,.T.) ;
#1115=EDGE_CURVE('',#1109,#1107,#1114,.T.) ;
#1134=EDGE_CURVE('',#1131,#1133,#1129,.T.) ;
#1141=EDGE_CURVE('',#1133,#1140,#1138,.T.) ;
#1148=EDGE_CURVE('',#1147,#1140,#1145,.T.) ;
#1153=EDGE_CURVE('',#1131,#1147,#1152,.T.) ;
#1165=EDGE_CURVE('',#1133,#1131,#1164,.T.) ;
#1170=EDGE_CURVE('',#1140,#1147,#1169,.T.) ;
#1186=EDGE_CURVE('',#1183,#1185,#1181,.T.) ;
#1191=EDGE_CURVE('',#1185,#1183,#1190,.T.) ;
#1205=EDGE_CURVE('',#1202,#1204,#1200,.T.) ;
#1210=EDGE_CURVE('',#1204,#1202,#1209,.T.) ;
#1229=EDGE_CURVE('',#1226,#1228,#1224,.T.) ;
#1236=EDGE_CURVE('',#1228,#1235,#1233,.T.) ;
#1243=EDGE_CURVE('',#1242,#1235,#1240,.T.) ;
#1248=EDGE_CURVE('',#1226,#1242,#1247,.T.) ;
#1260=EDGE_CURVE('',#1228,#1226,#1259,.T.) ;
#1265=EDGE_CURVE('',#1235,#1242,#1264,.T.) ;
#1286=EDGE_CURVE('',#1283,#1285,#1281,.F.) ;
#1293=EDGE_CURVE('',#1292,#1285,#1290,.T.) ;
#1300=EDGE_CURVE('',#1292,#1299,#1297,.T.) ;
#1305=EDGE_CURVE('',#1299,#1283,#1304,.T.) ;
#1326=EDGE_CURVE('',#1323,#1325,#1321,.F.) ;
#1333=EDGE_CURVE('',#1325,#1332,#1330,.T.) ;
#1340=EDGE_CURVE('',#1339,#1332,#1337,.F.) ;
#1347=EDGE_CURVE('',#1346,#1339,#1344,.F.) ;
#1354=EDGE_CURVE('',#1346,#1353,#1351,.T.) ;
#1361=EDGE_CURVE('',#1360,#1353,#1358,.F.) ;
#1368=EDGE_CURVE('',#1360,#1367,#1365,.T.) ;
#1375=EDGE_CURVE('',#1367,#1374,#1372,.F.) ;
#1380=EDGE_CURVE('',#1374,#1285,#1379,.T.) ;
#1387=EDGE_CURVE('',#1386,#1283,#1384,.F.) ;
#1394=EDGE_CURVE('',#1386,#1393,#1391,.T.) ;
#1401=EDGE_CURVE('',#1400,#1393,#1398,.F.) ;
#1406=EDGE_CURVE('',#1400,#1323,#1405,.T.) ;
#1431=EDGE_CURVE('',#1428,#1430,#1426,.T.) ;
#1436=EDGE_CURVE('',#1430,#1428,#1435,.T.) ;
#1449=EDGE_CURVE('',#1446,#1448,#1444,.T.) ;
#1454=EDGE_CURVE('',#1448,#1446,#1453,.T.) ;
#1471=EDGE_CURVE('',#1470,#1292,#1468,.T.) ;
#1476=EDGE_CURVE('',#1374,#1470,#1475,.F.) ;
#1497=EDGE_CURVE('',#1494,#1496,#1492,.T.) ;
#1504=EDGE_CURVE('',#1503,#1494,#1501,.T.) ;
#1511=EDGE_CURVE('',#1510,#1503,#1508,.T.) ;
#1516=EDGE_CURVE('',#1299,#1510,#1515,.T.) ;
#1523=EDGE_CURVE('',#1470,#1522,#1520,.T.) ;
#1530=EDGE_CURVE('',#1529,#1522,#1527,.T.) ;
#1537=EDGE_CURVE('',#1536,#1529,#1534,.T.) ;
#1544=EDGE_CURVE('',#1543,#1536,#1541,.T.) ;
#1551=EDGE_CURVE('',#1550,#1543,#1548,.T.) ;
#1558=EDGE_CURVE('',#1557,#1550,#1555,.T.) ;
#1565=EDGE_CURVE('',#1564,#1557,#1562,.T.) ;
#1570=EDGE_CURVE('',#1564,#1496,#1569,.T.) ;
#1605=EDGE_CURVE('',#1510,#1386,#1604,.T.) ;
#1622=EDGE_CURVE('',#1325,#1564,#1621,.F.) ;
#1627=EDGE_CURVE('',#1323,#1496,#1626,.F.) ;
#1644=EDGE_CURVE('',#1557,#1332,#1643,.T.) ;
#1661=EDGE_CURVE('',#1550,#1339,#1660,.T.) ;
#1678=EDGE_CURVE('',#1543,#1346,#1677,.T.) ;
#1695=EDGE_CURVE('',#1536,#1353,#1694,.T.) ;
#1712=EDGE_CURVE('',#1529,#1360,#1711,.T.) ;
#1729=EDGE_CURVE('',#1367,#1522,#1728,.F.) ;
#1758=EDGE_CURVE('',#1503,#1393,#1757,.T.) ;
#1775=EDGE_CURVE('',#1494,#1400,#1774,.T.) ;
#1799=EDGE_CURVE('',#1109,#1428,#1798,.T.) ;
#1804=EDGE_CURVE('',#1107,#1430,#1803,.T.) ;
#1823=EDGE_CURVE('',#1204,#1446,#1822,.T.) ;
#1828=EDGE_CURVE('',#1202,#1448,#1827,.T.) ;
#1856=EDGE_CURVE('',#1853,#1855,#1851,.F.) ;
#1863=EDGE_CURVE('',#1862,#1855,#1860,.T.) ;
#1870=EDGE_CURVE('',#1862,#1869,#1867,.T.) ;
#1875=EDGE_CURVE('',#1869,#1853,#1874,.T.) ;
#1896=EDGE_CURVE('',#1893,#1895,#1891,.T.) ;
#1903=EDGE_CURVE('',#1902,#1893,#1900,.T.) ;
#1910=EDGE_CURVE('',#1909,#1902,#1907,.T.) ;
#1915=EDGE_CURVE('',#1855,#1909,#1914,.T.) ;
#1922=EDGE_CURVE('',#1921,#1853,#1919,.T.) ;
#1929=EDGE_CURVE('',#1921,#1928,#1926,.T.) ;
#1936=EDGE_CURVE('',#1935,#1928,#1933,.T.) ;
#1943=EDGE_CURVE('',#1942,#1935,#1940,.T.) ;
#1950=EDGE_CURVE('',#1949,#1942,#1947,.T.) ;
#1957=EDGE_CURVE('',#1956,#1949,#1954,.T.) ;
#1964=EDGE_CURVE('',#1963,#1956,#1961,.T.) ;
#1971=EDGE_CURVE('',#1970,#1963,#1968,.T.) ;
#1976=EDGE_CURVE('',#1970,#1895,#1975,.T.) ;
#2001=EDGE_CURVE('',#1998,#2000,#1996,.T.) ;
#2006=EDGE_CURVE('',#2000,#1998,#2005,.T.) ;
#2019=EDGE_CURVE('',#2016,#2018,#2014,.T.) ;
#2024=EDGE_CURVE('',#2018,#2016,#2023,.T.) ;
#2041=EDGE_CURVE('',#2040,#1909,#2038,.T.) ;
#2046=EDGE_CURVE('',#2040,#1862,#2045,.T.) ;
#2067=EDGE_CURVE('',#2064,#2066,#2062,.F.) ;
#2074=EDGE_CURVE('',#2066,#2073,#2071,.T.) ;
#2081=EDGE_CURVE('',#2080,#2073,#2078,.F.) ;
#2088=EDGE_CURVE('',#2087,#2080,#2085,.F.) ;
#2095=EDGE_CURVE('',#2087,#2094,#2092,.T.) ;
#2102=EDGE_CURVE('',#2101,#2094,#2099,.F.) ;
#2109=EDGE_CURVE('',#2101,#2108,#2106,.T.) ;
#2116=EDGE_CURVE('',#2108,#2115,#2113,.F.) ;
#2121=EDGE_CURVE('',#2115,#1869,#2120,.T.) ;
#2128=EDGE_CURVE('',#2040,#2127,#2125,.T.) ;
#2135=EDGE_CURVE('',#2134,#2127,#2132,.F.) ;
#2140=EDGE_CURVE('',#2134,#2064,#2139,.T.) ;
#2170=EDGE_CURVE('',#1921,#2115,#2169,.F.) ;
#2187=EDGE_CURVE('',#1895,#2064,#2186,.F.) ;
#2192=EDGE_CURVE('',#1970,#2066,#2191,.F.) ;
#2204=EDGE_CURVE('',#2073,#1963,#2203,.T.) ;
#2221=EDGE_CURVE('',#2080,#1956,#2220,.T.) ;
#2238=EDGE_CURVE('',#2087,#1949,#2237,.T.) ;
#2250=EDGE_CURVE('',#2094,#1942,#2249,.T.) ;
#2267=EDGE_CURVE('',#2101,#1935,#2266,.T.) ;
#2279=EDGE_CURVE('',#1928,#2108,#2278,.F.) ;
#2303=EDGE_CURVE('',#2127,#1902,#2302,.T.) ;
#2320=EDGE_CURVE('',#2134,#1893,#2319,.T.) ;
#2339=EDGE_CURVE('',#1085,#1998,#2338,.F.) ;
#2344=EDGE_CURVE('',#1083,#2000,#2343,.F.) ;
#2363=EDGE_CURVE('',#1185,#2016,#2362,.F.) ;
#2368=EDGE_CURVE('',#1183,#2018,#2367,.F.) ;
#2400=EDGE_CURVE('',#2397,#2399,#2395,.F.) ;
#2407=EDGE_CURVE('',#2406,#2397,#2404,.F.) ;
#2414=EDGE_CURVE('',#2413,#2406,#2411,.F.) ;
#2419=EDGE_CURVE('',#2399,#2413,#2418,.F.) ;
#2434=EDGE_CURVE('',#2431,#2433,#2429,.F.) ;
#2441=EDGE_CURVE('',#2433,#2440,#2438,.T.) ;
#2448=EDGE_CURVE('',#2447,#2440,#2445,.F.) ;
#2453=EDGE_CURVE('',#2431,#2447,#2452,.T.) ;
#2474=EDGE_CURVE('',#2471,#2473,#2469,.F.) ;
#2481=EDGE_CURVE('',#2473,#2480,#2478,.F.) ;
#2488=EDGE_CURVE('',#2480,#2487,#2485,.F.) ;
#2493=EDGE_CURVE('',#2487,#2471,#2492,.F.) ;
#2510=EDGE_CURVE('',#2397,#2487,#2509,.T.) ;
#2515=EDGE_CURVE('',#2399,#2471,#2514,.T.) ;
#2532=EDGE_CURVE('',#2406,#2480,#2531,.T.) ;
#2549=EDGE_CURVE('',#2413,#2473,#2548,.T.) ;
#2580=EDGE_CURVE('',#2433,#2579,#2577,.T.) ;
#2587=EDGE_CURVE('',#2579,#2586,#2584,.T.) ;
#2592=EDGE_CURVE('',#2440,#2586,#2591,.T.) ;
#2611=EDGE_CURVE('',#2610,#2431,#2608,.T.) ;
#2616=EDGE_CURVE('',#2579,#2610,#2615,.F.) ;
#2635=EDGE_CURVE('',#2610,#2634,#2632,.T.) ;
#2640=EDGE_CURVE('',#2586,#2634,#2639,.F.) ;
#2657=EDGE_CURVE('',#2634,#2447,#2656,.T.) ;
#2715=EDGE_CURVE('',#2712,#2714,#2710,.T.) ;
#2720=EDGE_CURVE('',#2714,#2712,#2719,.T.) ;
#2739=EDGE_CURVE('',#2736,#2738,#2734,.T.) ;
#2744=EDGE_CURVE('',#2738,#2736,#2743,.T.) ;
#2763=EDGE_CURVE('',#2760,#2762,#2758,.T.) ;
#2770=EDGE_CURVE('',#2762,#2769,#2767,.T.) ;
#2777=EDGE_CURVE('',#2776,#2769,#2774,.T.) ;
#2782=EDGE_CURVE('',#2760,#2776,#2781,.T.) ;
#2794=EDGE_CURVE('',#2762,#2760,#2793,.T.) ;
#2799=EDGE_CURVE('',#2769,#2776,#2798,.T.) ;
#2815=EDGE_CURVE('',#2812,#2814,#2810,.T.) ;
#2820=EDGE_CURVE('',#2814,#2812,#2819,.T.) ;
#2834=EDGE_CURVE('',#2831,#2833,#2829,.T.) ;
#2839=EDGE_CURVE('',#2833,#2831,#2838,.T.) ;
#2858=EDGE_CURVE('',#2855,#2857,#2853,.T.) ;
#2865=EDGE_CURVE('',#2857,#2864,#2862,.T.) ;
#2872=EDGE_CURVE('',#2871,#2864,#2869,.T.) ;
#2877=EDGE_CURVE('',#2855,#2871,#2876,.T.) ;
#2889=EDGE_CURVE('',#2857,#2855,#2888,.T.) ;
#2894=EDGE_CURVE('',#2864,#2871,#2893,.T.) ;
#2910=EDGE_CURVE('',#2907,#2909,#2905,.T.) ;
#2915=EDGE_CURVE('',#2909,#2907,#2914,.T.) ;
#2929=EDGE_CURVE('',#2926,#2928,#2924,.T.) ;
#2934=EDGE_CURVE('',#2928,#2926,#2933,.T.) ;
#2953=EDGE_CURVE('',#2950,#2952,#2948,.T.) ;
#2960=EDGE_CURVE('',#2952,#2959,#2957,.T.) ;
#2967=EDGE_CURVE('',#2966,#2959,#2964,.T.) ;
#2972=EDGE_CURVE('',#2950,#2966,#2971,.T.) ;
#2984=EDGE_CURVE('',#2952,#2950,#2983,.T.) ;
#2989=EDGE_CURVE('',#2959,#2966,#2988,.T.) ;
#3005=EDGE_CURVE('',#3002,#3004,#3000,.T.) ;
#3010=EDGE_CURVE('',#3004,#3002,#3009,.T.) ;
#3024=EDGE_CURVE('',#3021,#3023,#3019,.T.) ;
#3029=EDGE_CURVE('',#3023,#3021,#3028,.T.) ;
#3048=EDGE_CURVE('',#3045,#3047,#3043,.T.) ;
#3055=EDGE_CURVE('',#3047,#3054,#3052,.T.) ;
#3062=EDGE_CURVE('',#3061,#3054,#3059,.T.) ;
#3067=EDGE_CURVE('',#3045,#3061,#3066,.T.) ;
#3079=EDGE_CURVE('',#3047,#3045,#3078,.T.) ;
#3084=EDGE_CURVE('',#3054,#3061,#3083,.T.) ;
#3105=EDGE_CURVE('',#3102,#3104,#3100,.F.) ;
#3112=EDGE_CURVE('',#3102,#3111,#3109,.T.) ;
#3119=EDGE_CURVE('',#3111,#3118,#3116,.F.) ;
#3124=EDGE_CURVE('',#3104,#3118,#3123,.T.) ;
#3145=EDGE_CURVE('',#3142,#3144,#3140,.T.) ;
#3152=EDGE_CURVE('',#3144,#3151,#3149,.T.) ;
#3159=EDGE_CURVE('',#3151,#3158,#3156,.T.) ;
#3166=EDGE_CURVE('',#3158,#3165,#3163,.T.) ;
#3173=EDGE_CURVE('',#3165,#3172,#3170,.T.) ;
#3180=EDGE_CURVE('',#3172,#3179,#3177,.T.) ;
#3187=EDGE_CURVE('',#3179,#3186,#3184,.T.) ;
#3194=EDGE_CURVE('',#3186,#3193,#3191,.T.) ;
#3201=EDGE_CURVE('',#3193,#3200,#3198,.F.) ;
#3208=EDGE_CURVE('',#3200,#3207,#3205,.F.) ;
#3215=EDGE_CURVE('',#3207,#3214,#3212,.F.) ;
#3222=EDGE_CURVE('',#3214,#3221,#3219,.F.) ;
#3229=EDGE_CURVE('',#3221,#3228,#3226,.F.) ;
#3236=EDGE_CURVE('',#3228,#3235,#3233,.F.) ;
#3243=EDGE_CURVE('',#3235,#3242,#3240,.F.) ;
#3250=EDGE_CURVE('',#3249,#3242,#3247,.T.) ;
#3257=EDGE_CURVE('',#3249,#3256,#3254,.F.) ;
#3264=EDGE_CURVE('',#3263,#3256,#3261,.T.) ;
#3271=EDGE_CURVE('',#3270,#3263,#3268,.F.) ;
#3278=EDGE_CURVE('',#3277,#3270,#3275,.T.) ;
#3285=EDGE_CURVE('',#3284,#3277,#3282,.T.) ;
#3292=EDGE_CURVE('',#3284,#3291,#3289,.F.) ;
#3299=EDGE_CURVE('',#3291,#3298,#3296,.T.) ;
#3306=EDGE_CURVE('',#3305,#3298,#3303,.F.) ;
#3313=EDGE_CURVE('',#3312,#3305,#3310,.T.) ;
#3320=EDGE_CURVE('',#3319,#3312,#3317,.F.) ;
#3327=EDGE_CURVE('',#3326,#3319,#3324,.T.) ;
#3334=EDGE_CURVE('',#3326,#3333,#3331,.F.) ;
#3341=EDGE_CURVE('',#3340,#3333,#3338,.T.) ;
#3348=EDGE_CURVE('',#3347,#3340,#3345,.T.) ;
#3355=EDGE_CURVE('',#3354,#3347,#3352,.F.) ;
#3362=EDGE_CURVE('',#3354,#3361,#3359,.T.) ;
#3369=EDGE_CURVE('',#3361,#3368,#3366,.F.) ;
#3374=EDGE_CURVE('',#3142,#3368,#3373,.T.) ;
#3415=EDGE_CURVE('',#3118,#3104,#3414,.T.) ;
#3425=EDGE_CURVE('',#3111,#3102,#3424,.T.) ;
#3446=EDGE_CURVE('',#3443,#3445,#3441,.T.) ;
#3453=EDGE_CURVE('',#3445,#3452,#3450,.F.) ;
#3460=EDGE_CURVE('',#3459,#3452,#3457,.T.) ;
#3467=EDGE_CURVE('',#3466,#3459,#3464,.F.) ;
#3474=EDGE_CURVE('',#3466,#3473,#3471,.T.) ;
#3481=EDGE_CURVE('',#3473,#3480,#3478,.T.) ;
#3488=EDGE_CURVE('',#3480,#3487,#3485,.F.) ;
#3495=EDGE_CURVE('',#3487,#3494,#3492,.T.) ;
#3502=EDGE_CURVE('',#3501,#3494,#3499,.F.) ;
#3509=EDGE_CURVE('',#3501,#3508,#3506,.T.) ;
#3516=EDGE_CURVE('',#3515,#3508,#3513,.F.) ;
#3523=EDGE_CURVE('',#3522,#3515,#3520,.T.) ;
#3530=EDGE_CURVE('',#3522,#3529,#3527,.F.) ;
#3537=EDGE_CURVE('',#3529,#3536,#3534,.T.) ;
#3544=EDGE_CURVE('',#3536,#3543,#3541,.T.) ;
#3551=EDGE_CURVE('',#3550,#3543,#3548,.F.) ;
#3558=EDGE_CURVE('',#3550,#3557,#3555,.T.) ;
#3565=EDGE_CURVE('',#3557,#3564,#3562,.F.) ;
#3572=EDGE_CURVE('',#3564,#3571,#3569,.T.) ;
#3579=EDGE_CURVE('',#3578,#3571,#3576,.F.) ;
#3586=EDGE_CURVE('',#3585,#3578,#3583,.F.) ;
#3593=EDGE_CURVE('',#3592,#3585,#3590,.F.) ;
#3600=EDGE_CURVE('',#3599,#3592,#3597,.F.) ;
#3607=EDGE_CURVE('',#3606,#3599,#3604,.F.) ;
#3614=EDGE_CURVE('',#3613,#3606,#3611,.F.) ;
#3621=EDGE_CURVE('',#3620,#3613,#3618,.F.) ;
#3628=EDGE_CURVE('',#3627,#3620,#3625,.T.) ;
#3635=EDGE_CURVE('',#3634,#3627,#3632,.T.) ;
#3642=EDGE_CURVE('',#3641,#3634,#3639,.T.) ;
#3649=EDGE_CURVE('',#3648,#3641,#3646,.T.) ;
#3656=EDGE_CURVE('',#3655,#3648,#3653,.T.) ;
#3663=EDGE_CURVE('',#3662,#3655,#3660,.T.) ;
#3670=EDGE_CURVE('',#3669,#3662,#3667,.T.) ;
#3675=EDGE_CURVE('',#3443,#3669,#3674,.T.) ;
#3726=EDGE_CURVE('',#3368,#3445,#3725,.T.) ;
#3731=EDGE_CURVE('',#3142,#3443,#3730,.T.) ;
#3750=EDGE_CURVE('',#3452,#3749,#3747,.T.) ;
#3757=EDGE_CURVE('',#3756,#3361,#3754,.T.) ;
#3762=EDGE_CURVE('',#3749,#3756,#3761,.F.) ;
#3779=EDGE_CURVE('',#3776,#3778,#3774,.T.) ;
#3784=EDGE_CURVE('',#3778,#3776,#3783,.T.) ;
#3797=EDGE_CURVE('',#3794,#3796,#3792,.T.) ;
#3802=EDGE_CURVE('',#3796,#3794,#3801,.T.) ;
#3819=EDGE_CURVE('',#3354,#3818,#3816,.T.) ;
#3824=EDGE_CURVE('',#3818,#3756,#3823,.T.) ;
#3843=EDGE_CURVE('',#3842,#3818,#3840,.F.) ;
#3848=EDGE_CURVE('',#3347,#3466,#3847,.T.) ;
#3853=EDGE_CURVE('',#3842,#3459,#3852,.F.) ;
#3875=EDGE_CURVE('',#3340,#3473,#3874,.T.) ;
#3887=EDGE_CURVE('',#3333,#3480,#3886,.T.) ;
#3906=EDGE_CURVE('',#3487,#3905,#3903,.T.) ;
#3913=EDGE_CURVE('',#3912,#3326,#3910,.T.) ;
#3918=EDGE_CURVE('',#3905,#3912,#3917,.F.) ;
#3947=EDGE_CURVE('',#3319,#3946,#3944,.F.) ;
#3952=EDGE_CURVE('',#3912,#3946,#3951,.T.) ;
#3971=EDGE_CURVE('',#3970,#3946,#3968,.F.) ;
#3976=EDGE_CURVE('',#3312,#3501,#3975,.T.) ;
#3981=EDGE_CURVE('',#3970,#3494,#3980,.F.) ;
#3998=EDGE_CURVE('',#3995,#3997,#3993,.T.) ;
#4003=EDGE_CURVE('',#3997,#3995,#4002,.T.) ;
#4016=EDGE_CURVE('',#4013,#4015,#4011,.T.) ;
#4021=EDGE_CURVE('',#4015,#4013,#4020,.T.) ;
#4031=EDGE_CURVE('',#3305,#3508,#4030,.T.) ;
#4045=EDGE_CURVE('',#4044,#3298,#4042,.F.) ;
#4052=EDGE_CURVE('',#4044,#4051,#4049,.F.) ;
#4057=EDGE_CURVE('',#3515,#4051,#4056,.F.) ;
#4074=EDGE_CURVE('',#4071,#4073,#4069,.T.) ;
#4079=EDGE_CURVE('',#4073,#4071,#4078,.T.) ;
#4092=EDGE_CURVE('',#4089,#4091,#4087,.T.) ;
#4097=EDGE_CURVE('',#4091,#4089,#4096,.T.) ;
#4114=EDGE_CURVE('',#3291,#4113,#4111,.T.) ;
#4119=EDGE_CURVE('',#4113,#4044,#4118,.T.) ;
#4133=EDGE_CURVE('',#4132,#3522,#4130,.T.) ;
#4138=EDGE_CURVE('',#4113,#4132,#4137,.F.) ;
#4143=EDGE_CURVE('',#3284,#3529,#4142,.T.) ;
#4165=EDGE_CURVE('',#3277,#3536,#4164,.T.) ;
#4177=EDGE_CURVE('',#3270,#3543,#4176,.T.) ;
#4191=EDGE_CURVE('',#4190,#3263,#4188,.F.) ;
#4198=EDGE_CURVE('',#4190,#4197,#4195,.F.) ;
#4203=EDGE_CURVE('',#3550,#4197,#4202,.F.) ;
#4232=EDGE_CURVE('',#3256,#4231,#4229,.F.) ;
#4237=EDGE_CURVE('',#4190,#4231,#4236,.T.) ;
#4251=EDGE_CURVE('',#4250,#3557,#4248,.T.) ;
#4256=EDGE_CURVE('',#4231,#4250,#4255,.F.) ;
#4261=EDGE_CURVE('',#3249,#3564,#4260,.T.) ;
#4278=EDGE_CURVE('',#4275,#4277,#4273,.T.) ;
#4283=EDGE_CURVE('',#4277,#4275,#4282,.T.) ;
#4296=EDGE_CURVE('',#4293,#4295,#4291,.T.) ;
#4301=EDGE_CURVE('',#4295,#4293,#4300,.T.) ;
#4311=EDGE_CURVE('',#3242,#3571,#4310,.T.) ;
#4328=EDGE_CURVE('',#3235,#3578,#4327,.T.) ;
#4345=EDGE_CURVE('',#3228,#3585,#4344,.T.) ;
#4362=EDGE_CURVE('',#3221,#3592,#4361,.T.) ;
#4379=EDGE_CURVE('',#3214,#3599,#4378,.T.) ;
#4391=EDGE_CURVE('',#3207,#3606,#4390,.T.) ;
#4408=EDGE_CURVE('',#3200,#3613,#4407,.T.) ;
#4420=EDGE_CURVE('',#3193,#3620,#4419,.T.) ;
#4437=EDGE_CURVE('',#3186,#3627,#4436,.T.) ;
#4454=EDGE_CURVE('',#3179,#3634,#4453,.T.) ;
#4466=EDGE_CURVE('',#3172,#3641,#4465,.T.) ;
#4483=EDGE_CURVE('',#3165,#3648,#4482,.T.) ;
#4495=EDGE_CURVE('',#3158,#3655,#4494,.T.) ;
#4507=EDGE_CURVE('',#3151,#3662,#4506,.T.) ;
#4519=EDGE_CURVE('',#3144,#3669,#4518,.T.) ;
#4543=EDGE_CURVE('',#3842,#3749,#4542,.T.) ;
#4560=EDGE_CURVE('',#3905,#3970,#4559,.T.) ;
#4577=EDGE_CURVE('',#4132,#4051,#4576,.T.) ;
#4594=EDGE_CURVE('',#4197,#4250,#4593,.T.) ;
#4623=EDGE_CURVE('',#2712,#3776,#4622,.F.) ;
#4628=EDGE_CURVE('',#2714,#3778,#4627,.F.) ;
#4652=EDGE_CURVE('',#3002,#3794,#4651,.F.) ;
#4657=EDGE_CURVE('',#3004,#3796,#4656,.F.) ;
#4683=EDGE_CURVE('',#2736,#3995,#4682,.T.) ;
#4688=EDGE_CURVE('',#2738,#3997,#4687,.T.) ;
#4707=EDGE_CURVE('',#3021,#4013,#4706,.T.) ;
#4712=EDGE_CURVE('',#3023,#4015,#4711,.T.) ;
#4743=EDGE_CURVE('',#2928,#4071,#4742,.T.) ;
#4748=EDGE_CURVE('',#2926,#4073,#4747,.T.) ;
#4767=EDGE_CURVE('',#2833,#4089,#4766,.T.) ;
#4772=EDGE_CURVE('',#2831,#4091,#4771,.T.) ;
#4798=EDGE_CURVE('',#2909,#4275,#4797,.F.) ;
#4803=EDGE_CURVE('',#2907,#4277,#4802,.F.) ;
#4822=EDGE_CURVE('',#2814,#4293,#4821,.F.) ;
#4827=EDGE_CURVE('',#2812,#4295,#4826,.F.) ;
#4882=EDGE_CURVE('',#4879,#4881,#4877,.T.) ;
#4887=EDGE_CURVE('',#4881,#4879,#4886,.T.) ;
#4904=EDGE_CURVE('',#4903,#4881,#4901,.T.) ;
#4911=EDGE_CURVE('',#4910,#4879,#4908,.T.) ;
#4916=EDGE_CURVE('',#4910,#4903,#4915,.T.) ;
#4928=EDGE_CURVE('',#4903,#4910,#4927,.T.) ;
#4949=EDGE_CURVE('',#4946,#4948,#4944,.T.) ;
#4954=EDGE_CURVE('',#4948,#4946,#4953,.T.) ;
#4975=EDGE_CURVE('',#4974,#4946,#4972,.T.) ;
#4982=EDGE_CURVE('',#4974,#4981,#4979,.T.) ;
#4987=EDGE_CURVE('',#4981,#4948,#4986,.T.) ;
#4999=EDGE_CURVE('',#4981,#4974,#4998,.T.) ;
#5020=EDGE_CURVE('',#5017,#5019,#5015,.T.) ;
#5027=EDGE_CURVE('',#5026,#5019,#5024,.F.) ;
#5034=EDGE_CURVE('',#5033,#5026,#5031,.T.) ;
#5039=EDGE_CURVE('',#5033,#5017,#5038,.F.) ;
#5058=EDGE_CURVE('',#5019,#5057,#5055,.T.) ;
#5065=EDGE_CURVE('',#5064,#5057,#5062,.T.) ;
#5070=EDGE_CURVE('',#5026,#5064,#5069,.T.) ;
#5091=EDGE_CURVE('',#5088,#5090,#5086,.F.) ;
#5098=EDGE_CURVE('',#5097,#5090,#5095,.T.) ;
#5105=EDGE_CURVE('',#5104,#5097,#5102,.F.) ;
#5110=EDGE_CURVE('',#5104,#5088,#5109,.T.) ;
#5129=EDGE_CURVE('',#5090,#5128,#5126,.T.) ;
#5136=EDGE_CURVE('',#5135,#5128,#5133,.F.) ;
#5141=EDGE_CURVE('',#5097,#5135,#5140,.T.) ;
#5162=EDGE_CURVE('',#5159,#5161,#5157,.T.) ;
#5169=EDGE_CURVE('',#5159,#5168,#5166,.F.) ;
#5176=EDGE_CURVE('',#5168,#5175,#5173,.T.) ;
#5181=EDGE_CURVE('',#5161,#5175,#5180,.F.) ;
#5202=EDGE_CURVE('',#5199,#5201,#5197,.T.) ;
#5207=EDGE_CURVE('',#5199,#5159,#5206,.F.) ;
#5212=EDGE_CURVE('',#5201,#5161,#5211,.F.) ;
#5233=EDGE_CURVE('',#5230,#5232,#5228,.T.) ;
#5238=EDGE_CURVE('',#5230,#5199,#5237,.F.) ;
#5243=EDGE_CURVE('',#5232,#5201,#5242,.F.) ;
#5264=EDGE_CURVE('',#5261,#5263,#5259,.T.) ;
#5271=EDGE_CURVE('',#5261,#5270,#5268,.T.) ;
#5278=EDGE_CURVE('',#5270,#5277,#5275,.T.) ;
#5283=EDGE_CURVE('',#5263,#5277,#5282,.T.) ;
#5295=EDGE_CURVE('',#5270,#5261,#5294,.T.) ;
#5300=EDGE_CURVE('',#5277,#5263,#5299,.T.) ;
#5320=EDGE_CURVE('',#5317,#5319,#5315,.T.) ;
#5325=EDGE_CURVE('',#5319,#5317,#5324,.T.) ;
#5342=EDGE_CURVE('',#5319,#5341,#5339,.T.) ;
#5349=EDGE_CURVE('',#5348,#5341,#5346,.T.) ;
#5354=EDGE_CURVE('',#5317,#5348,#5353,.T.) ;
#5366=EDGE_CURVE('',#5341,#5348,#5365,.T.) ;
#5392=EDGE_CURVE('',#5389,#5391,#5387,.T.) ;
#5397=EDGE_CURVE('',#5230,#5389,#5396,.T.) ;
#5402=EDGE_CURVE('',#5232,#5391,#5401,.T.) ;
#5423=EDGE_CURVE('',#5420,#5422,#5418,.T.) ;
#5428=EDGE_CURVE('',#5422,#5017,#5427,.T.) ;
#5433=EDGE_CURVE('',#5420,#5033,#5432,.T.) ;
#5450=EDGE_CURVE('',#5391,#5422,#5449,.F.) ;
#5455=EDGE_CURVE('',#5420,#5389,#5454,.T.) ;
#5476=EDGE_CURVE('',#5473,#5475,#5471,.T.) ;
#5481=EDGE_CURVE('',#5135,#5473,#5480,.T.) ;
#5486=EDGE_CURVE('',#5128,#5475,#5485,.T.) ;
#5502=EDGE_CURVE('',#5499,#5501,#5497,.T.) ;
#5507=EDGE_CURVE('',#5501,#5175,#5506,.T.) ;
#5512=EDGE_CURVE('',#5499,#5168,#5511,.T.) ;
#5529=EDGE_CURVE('',#5064,#5104,#5528,.F.) ;
#5534=EDGE_CURVE('',#5499,#5473,#5533,.F.) ;
#5569=EDGE_CURVE('',#5475,#5501,#5568,.T.) ;
#5576=EDGE_CURVE('',#5088,#5575,#5573,.F.) ;
#5583=EDGE_CURVE('',#5575,#5582,#5580,.F.) ;
#5588=EDGE_CURVE('',#5582,#5057,#5587,.F.) ;
#5631=EDGE_CURVE('',#5064,#5630,#5628,.T.) ;
#5638=EDGE_CURVE('',#5582,#5637,#5635,.T.) ;
#5643=EDGE_CURVE('',#5637,#5630,#5642,.F.) ;
#5663=EDGE_CURVE('',#5662,#5630,#5660,.T.) ;
#5670=EDGE_CURVE('',#5637,#5669,#5667,.F.) ;
#5675=EDGE_CURVE('',#5669,#5662,#5674,.F.) ;
#5694=EDGE_CURVE('',#5575,#5693,#5691,.T.) ;
#5701=EDGE_CURVE('',#5104,#5700,#5698,.T.) ;
#5706=EDGE_CURVE('',#5700,#5693,#5705,.F.) ;
#5728=EDGE_CURVE('',#5725,#5727,#5723,.F.) ;
#5733=EDGE_CURVE('',#5662,#5725,#5732,.F.) ;
#5738=EDGE_CURVE('',#5727,#5669,#5737,.F.) ;
#5755=EDGE_CURVE('',#5727,#5693,#5754,.F.) ;
#5774=EDGE_CURVE('',#5700,#5725,#5773,.T.) ;
#5813=EDGE_CURVE('',#5810,#5812,#5808,.F.) ;
#5820=EDGE_CURVE('',#5819,#5812,#5817,.T.) ;
#5827=EDGE_CURVE('',#5819,#5826,#5824,.T.) ;
#5832=EDGE_CURVE('',#5826,#5810,#5831,.T.) ;
#5851=EDGE_CURVE('',#5850,#5810,#5848,.T.) ;
#5858=EDGE_CURVE('',#5857,#5826,#5855,.T.) ;
#5863=EDGE_CURVE('',#5857,#5850,#5862,.T.) ;
#5882=EDGE_CURVE('',#5881,#5850,#5879,.F.) ;
#5889=EDGE_CURVE('',#5857,#5888,#5886,.T.) ;
#5894=EDGE_CURVE('',#5888,#5881,#5893,.T.) ;
#5913=EDGE_CURVE('',#5912,#5819,#5910,.F.) ;
#5920=EDGE_CURVE('',#5812,#5919,#5917,.F.) ;
#5925=EDGE_CURVE('',#5919,#5912,#5924,.T.) ;
#5944=EDGE_CURVE('',#5943,#5912,#5941,.F.) ;
#5951=EDGE_CURVE('',#5919,#5950,#5948,.T.) ;
#5956=EDGE_CURVE('',#5950,#5943,#5955,.T.) ;
#5977=EDGE_CURVE('',#5974,#5976,#5972,.T.) ;
#5982=EDGE_CURVE('',#5881,#5974,#5981,.F.) ;
#5987=EDGE_CURVE('',#5976,#5888,#5986,.F.) ;
#6006=EDGE_CURVE('',#6005,#5943,#6003,.T.) ;
#6013=EDGE_CURVE('',#6012,#5950,#6010,.T.) ;
#6018=EDGE_CURVE('',#6012,#6005,#6017,.T.) ;
#6035=EDGE_CURVE('',#5976,#6005,#6034,.T.) ;
#6056=EDGE_CURVE('',#6012,#5974,#6055,.T.) ;
#6087=EDGE_CURVE('',#6084,#6086,#6082,.F.) ;
#6092=EDGE_CURVE('',#6086,#6084,#6091,.F.) ;
#6109=EDGE_CURVE('',#6086,#6108,#6106,.F.) ;
#6116=EDGE_CURVE('',#6084,#6115,#6113,.F.) ;
#6121=EDGE_CURVE('',#6108,#6115,#6120,.T.) ;
#6133=EDGE_CURVE('',#6115,#6108,#6132,.T.) ;
#6189=EDGE_CURVE('',#6186,#6188,#6184,.T.) ;
#6194=EDGE_CURVE('',#6188,#6186,#6193,.T.) ;
#6211=EDGE_CURVE('',#6188,#6210,#6208,.T.) ;
#6218=EDGE_CURVE('',#6186,#6217,#6215,.T.) ;
#6223=EDGE_CURVE('',#6210,#6217,#6222,.T.) ;
#6235=EDGE_CURVE('',#6217,#6210,#6234,.T.) ;
#6256=EDGE_CURVE('',#6253,#6255,#6251,.T.) ;
#6261=EDGE_CURVE('',#6255,#6253,#6260,.T.) ;
#6276=EDGE_CURVE('',#6253,#6217,#6275,.T.) ;
#6281=EDGE_CURVE('',#6255,#6210,#6280,.T.) ;
#82=EDGE_LOOP('',(#83,#84)) ;
#106=EDGE_LOOP('',(#107,#108)) ;
#144=EDGE_LOOP('',(#145,#146,#147,#148)) ;
#161=EDGE_LOOP('',(#162,#163,#164,#165)) ;
#215=EDGE_LOOP('',(#216,#217,#218,#219,#220,#221)) ;
#248=EDGE_LOOP('',(#249,#250,#251,#252,#253,#254)) ;
#281=EDGE_LOOP('',(#282,#283,#284,#285,#286)) ;
#313=EDGE_LOOP('',(#314,#315,#316,#317,#318)) ;
#320=EDGE_LOOP('',(#321,#322)) ;
#349=EDGE_LOOP('',(#350,#351,#352,#353,#354)) ;
#356=EDGE_LOOP('',(#357,#358)) ;
#380=EDGE_LOOP('',(#381,#382,#383,#384,#385)) ;
#405=EDGE_LOOP('',(#406,#407,#408,#409)) ;
#429=EDGE_LOOP('',(#430,#431,#432,#433)) ;
#446=EDGE_LOOP('',(#447,#448,#449,#450)) ;
#466=EDGE_LOOP('',(#467,#468)) ;
#484=EDGE_LOOP('',(#485,#486)) ;
#494=EDGE_LOOP('',(#495,#496,#497,#498)) ;
#513=EDGE_LOOP('',(#514,#515,#516,#517)) ;
#532=EDGE_LOOP('',(#533,#534,#535,#536)) ;
#544=EDGE_LOOP('',(#545,#546,#547,#548)) ;
#556=EDGE_LOOP('',(#557,#558,#559,#560)) ;
#576=EDGE_LOOP('',(#577,#578)) ;
#594=EDGE_LOOP('',(#595,#596)) ;
#609=EDGE_LOOP('',(#610,#611,#612,#613)) ;
#616=EDGE_LOOP('',(#617,#618,#619,#620)) ;
#638=EDGE_LOOP('',(#639,#640,#641,#642)) ;
#645=EDGE_LOOP('',(#646,#647,#648,#649)) ;
#662=EDGE_LOOP('',(#663,#664,#665,#666)) ;
#669=EDGE_LOOP('',(#670,#671,#672,#673)) ;
#736=EDGE_LOOP('',(#737,#738,#739,#740)) ;
#767=EDGE_LOOP('',(#768,#769,#770,#771)) ;
#798=EDGE_LOOP('',(#799,#800,#801,#802)) ;
#820=EDGE_LOOP('',(#821,#822,#823,#824)) ;
#860=EDGE_LOOP('',(#861,#862,#863,#864)) ;
#877=EDGE_LOOP('',(#878,#879,#880,#881)) ;
#917=EDGE_LOOP('',(#918,#919,#920,#921)) ;
#934=EDGE_LOOP('',(#935,#936,#937,#938)) ;
#974=EDGE_LOOP('',(#975,#976,#977,#978)) ;
#991=EDGE_LOOP('',(#992,#993,#994,#995)) ;
#1003=EDGE_LOOP('',(#1004,#1005,#1006,#1007)) ;
#1009=EDGE_LOOP('',(#1010,#1011)) ;
#1013=EDGE_LOOP('',(#1014,#1015)) ;
#1017=EDGE_LOOP('',(#1018,#1019)) ;
#1027=EDGE_LOOP('',(#1028,#1029,#1030,#1031)) ;
#1033=EDGE_LOOP('',(#1034,#1035)) ;
#1037=EDGE_LOOP('',(#1038,#1039)) ;
#1041=EDGE_LOOP('',(#1042,#1043)) ;
#1092=EDGE_LOOP('',(#1093,#1094)) ;
#1116=EDGE_LOOP('',(#1117,#1118)) ;
#1154=EDGE_LOOP('',(#1155,#1156,#1157,#1158)) ;
#1171=EDGE_LOOP('',(#1172,#1173,#1174,#1175)) ;
#1192=EDGE_LOOP('',(#1193,#1194)) ;
#1211=EDGE_LOOP('',(#1212,#1213)) ;
#1249=EDGE_LOOP('',(#1250,#1251,#1252,#1253)) ;
#1266=EDGE_LOOP('',(#1267,#1268,#1269,#1270)) ;
#1306=EDGE_LOOP('',(#1307,#1308,#1309,#1310)) ;
#1407=EDGE_LOOP('',(#1408,#1409,#1410,#1411,#1412,#1413,#1414,#1415,#1416,#1417,#1418,#1419,#1420,#1421)) ;
#1437=EDGE_LOOP('',(#1438,#1439)) ;
#1455=EDGE_LOOP('',(#1456,#1457)) ;
#1477=EDGE_LOOP('',(#1478,#1479,#1480,#1481)) ;
#1571=EDGE_LOOP('',(#1572,#1573,#1574,#1575,#1576,#1577,#1578,#1579,#1580,#1581,#1582,#1583,#1584,#1585)) ;
#1587=EDGE_LOOP('',(#1588,#1589)) ;
#1591=EDGE_LOOP('',(#1592,#1593)) ;
#1606=EDGE_LOOP('',(#1607,#1608,#1609,#1610)) ;
#1628=EDGE_LOOP('',(#1629,#1630,#1631,#1632)) ;
#1645=EDGE_LOOP('',(#1646,#1647,#1648,#1649)) ;
#1662=EDGE_LOOP('',(#1663,#1664,#1665,#1666)) ;
#1679=EDGE_LOOP('',(#1680,#1681,#1682,#1683)) ;
#1696=EDGE_LOOP('',(#1697,#1698,#1699,#1700)) ;
#1713=EDGE_LOOP('',(#1714,#1715,#1716,#1717)) ;
#1730=EDGE_LOOP('',(#1731,#1732,#1733,#1734)) ;
#1742=EDGE_LOOP('',(#1743,#1744,#1745,#1746)) ;
#1759=EDGE_LOOP('',(#1760,#1761,#1762,#1763)) ;
#1776=EDGE_LOOP('',(#1777,#1778,#1779,#1780)) ;
#1788=EDGE_LOOP('',(#1789,#1790,#1791,#1792)) ;
#1805=EDGE_LOOP('',(#1806,#1807,#1808,#1809)) ;
#1812=EDGE_LOOP('',(#1813,#1814,#1815,#1816)) ;
#1829=EDGE_LOOP('',(#1830,#1831,#1832,#1833)) ;
#1836=EDGE_LOOP('',(#1837,#1838,#1839,#1840)) ;
#1876=EDGE_LOOP('',(#1877,#1878,#1879,#1880)) ;
#1977=EDGE_LOOP('',(#1978,#1979,#1980,#1981,#1982,#1983,#1984,#1985,#1986,#1987,#1988,#1989,#1990,#1991)) ;
#2007=EDGE_LOOP('',(#2008,#2009)) ;
#2025=EDGE_LOOP('',(#2026,#2027)) ;
#2047=EDGE_LOOP('',(#2048,#2049,#2050,#2051)) ;
#2141=EDGE_LOOP('',(#2142,#2143,#2144,#2145,#2146,#2147,#2148,#2149,#2150,#2151,#2152,#2153,#2154,#2155)) ;
#2157=EDGE_LOOP('',(#2158,#2159)) ;
#2161=EDGE_LOOP('',(#2162,#2163)) ;
#2171=EDGE_LOOP('',(#2172,#2173,#2174,#2175)) ;
#2193=EDGE_LOOP('',(#2194,#2195,#2196,#2197)) ;
#2205=EDGE_LOOP('',(#2206,#2207,#2208,#2209)) ;
#2222=EDGE_LOOP('',(#2223,#2224,#2225,#2226)) ;
#2239=EDGE_LOOP('',(#2240,#2241,#2242,#2243)) ;
#2251=EDGE_LOOP('',(#2252,#2253,#2254,#2255)) ;
#2268=EDGE_LOOP('',(#2269,#2270,#2271,#2272)) ;
#2280=EDGE_LOOP('',(#2281,#2282,#2283,#2284)) ;
#2292=EDGE_LOOP('',(#2293,#2294,#2295,#2296)) ;
#2304=EDGE_LOOP('',(#2305,#2306,#2307,#2308)) ;
#2321=EDGE_LOOP('',(#2322,#2323,#2324,#2325)) ;
#2328=EDGE_LOOP('',(#2329,#2330,#2331,#2332)) ;
#2345=EDGE_LOOP('',(#2346,#2347,#2348,#2349)) ;
#2352=EDGE_LOOP('',(#2353,#2354,#2355,#2356)) ;
#2369=EDGE_LOOP('',(#2370,#2371,#2372,#2373)) ;
#2376=EDGE_LOOP('',(#2377,#2378,#2379,#2380)) ;
#2420=EDGE_LOOP('',(#2421,#2422,#2423,#2424)) ;
#2454=EDGE_LOOP('',(#2455,#2456,#2457,#2458)) ;
#2494=EDGE_LOOP('',(#2495,#2496,#2497,#2498)) ;
#2516=EDGE_LOOP('',(#2517,#2518,#2519,#2520)) ;
#2533=EDGE_LOOP('',(#2534,#2535,#2536,#2537)) ;
#2550=EDGE_LOOP('',(#2551,#2552,#2553,#2554)) ;
#2562=EDGE_LOOP('',(#2563,#2564,#2565,#2566)) ;
#2593=EDGE_LOOP('',(#2594,#2595,#2596,#2597)) ;
#2617=EDGE_LOOP('',(#2618,#2619,#2620,#2621)) ;
#2641=EDGE_LOOP('',(#2642,#2643,#2644,#2645)) ;
#2658=EDGE_LOOP('',(#2659,#2660,#2661,#2662)) ;
#2670=EDGE_LOOP('',(#2671,#2672,#2673,#2674)) ;
#2721=EDGE_LOOP('',(#2722,#2723)) ;
#2745=EDGE_LOOP('',(#2746,#2747)) ;
#2783=EDGE_LOOP('',(#2784,#2785,#2786,#2787)) ;
#2800=EDGE_LOOP('',(#2801,#2802,#2803,#2804)) ;
#2821=EDGE_LOOP('',(#2822,#2823)) ;
#2840=EDGE_LOOP('',(#2841,#2842)) ;
#2878=EDGE_LOOP('',(#2879,#2880,#2881,#2882)) ;
#2895=EDGE_LOOP('',(#2896,#2897,#2898,#2899)) ;
#2916=EDGE_LOOP('',(#2917,#2918)) ;
#2935=EDGE_LOOP('',(#2936,#2937)) ;
#2973=EDGE_LOOP('',(#2974,#2975,#2976,#2977)) ;
#2990=EDGE_LOOP('',(#2991,#2992,#2993,#2994)) ;
#3011=EDGE_LOOP('',(#3012,#3013)) ;
#3030=EDGE_LOOP('',(#3031,#3032)) ;
#3068=EDGE_LOOP('',(#3069,#3070,#3071,#3072)) ;
#3085=EDGE_LOOP('',(#3086,#3087,#3088,#3089)) ;
#3125=EDGE_LOOP('',(#3126,#3127,#3128,#3129)) ;
#3375=EDGE_LOOP('',(#3376,#3377,#3378,#3379,#3380,#3381,#3382,#3383,#3384,#3385,#3386,#3387,#3388,#3389,#3390,#3391,#3392,#3393,#3394,#3395,#3396,#3397,#3398,#3399,#3400,#3401,#3402,#3403,#3404,#3405,#3406,#3407,#3408,#3409)) ;
#3416=EDGE_LOOP('',(#3417,#3418)) ;
#3426=EDGE_LOOP('',(#3427,#3428,#3429,#3430)) ;
#3676=EDGE_LOOP('',(#3677,#3678,#3679,#3680,#3681,#3682,#3683,#3684,#3685,#3686,#3687,#3688,#3689,#3690,#3691,#3692,#3693,#3694,#3695,#3696,#3697,#3698,#3699,#3700,#3701,#3702,#3703,#3704,#3705,#3706,#3707,#3708,#3709,#3710)) ;
#3712=EDGE_LOOP('',(#3713,#3714)) ;
#3732=EDGE_LOOP('',(#3733,#3734,#3735,#3736)) ;
#3763=EDGE_LOOP('',(#3764,#3765,#3766,#3767,#3768,#3769)) ;
#3785=EDGE_LOOP('',(#3786,#3787)) ;
#3803=EDGE_LOOP('',(#3804,#3805)) ;
#3825=EDGE_LOOP('',(#3826,#3827,#3828,#3829)) ;
#3854=EDGE_LOOP('',(#3855,#3856,#3857,#3858,#3859,#3860)) ;
#3862=EDGE_LOOP('',(#3863,#3864)) ;
#3866=EDGE_LOOP('',(#3867,#3868)) ;
#3876=EDGE_LOOP('',(#3877,#3878,#3879,#3880)) ;
#3888=EDGE_LOOP('',(#3889,#3890,#3891,#3892)) ;
#3919=EDGE_LOOP('',(#3920,#3921,#3922,#3923,#3924,#3925)) ;
#3927=EDGE_LOOP('',(#3928,#3929)) ;
#3931=EDGE_LOOP('',(#3932,#3933)) ;
#3953=EDGE_LOOP('',(#3954,#3955,#3956,#3957)) ;
#3982=EDGE_LOOP('',(#3983,#3984,#3985,#3986,#3987,#3988)) ;
#4004=EDGE_LOOP('',(#4005,#4006)) ;
#4022=EDGE_LOOP('',(#4023,#4024)) ;
#4032=EDGE_LOOP('',(#4033,#4034,#4035,#4036)) ;
#4058=EDGE_LOOP('',(#4059,#4060,#4061,#4062,#4063,#4064)) ;
#4080=EDGE_LOOP('',(#4081,#4082)) ;
#4098=EDGE_LOOP('',(#4099,#4100)) ;
#4120=EDGE_LOOP('',(#4121,#4122,#4123,#4124)) ;
#4144=EDGE_LOOP('',(#4145,#4146,#4147,#4148,#4149,#4150)) ;
#4152=EDGE_LOOP('',(#4153,#4154)) ;
#4156=EDGE_LOOP('',(#4157,#4158)) ;
#4166=EDGE_LOOP('',(#4167,#4168,#4169,#4170)) ;
#4178=EDGE_LOOP('',(#4179,#4180,#4181,#4182)) ;
#4204=EDGE_LOOP('',(#4205,#4206,#4207,#4208,#4209,#4210)) ;
#4212=EDGE_LOOP('',(#4213,#4214)) ;
#4216=EDGE_LOOP('',(#4217,#4218)) ;
#4238=EDGE_LOOP('',(#4239,#4240,#4241,#4242)) ;
#4262=EDGE_LOOP('',(#4263,#4264,#4265,#4266,#4267,#4268)) ;
#4284=EDGE_LOOP('',(#4285,#4286)) ;
#4302=EDGE_LOOP('',(#4303,#4304)) ;
#4312=EDGE_LOOP('',(#4313,#4314,#4315,#4316)) ;
#4329=EDGE_LOOP('',(#4330,#4331,#4332,#4333)) ;
#4346=EDGE_LOOP('',(#4347,#4348,#4349,#4350)) ;
#4363=EDGE_LOOP('',(#4364,#4365,#4366,#4367)) ;
#4380=EDGE_LOOP('',(#4381,#4382,#4383,#4384)) ;
#4392=EDGE_LOOP('',(#4393,#4394,#4395,#4396)) ;
#4409=EDGE_LOOP('',(#4410,#4411,#4412,#4413)) ;
#4421=EDGE_LOOP('',(#4422,#4423,#4424,#4425)) ;
#4438=EDGE_LOOP('',(#4439,#4440,#4441,#4442)) ;
#4455=EDGE_LOOP('',(#4456,#4457,#4458,#4459)) ;
#4467=EDGE_LOOP('',(#4468,#4469,#4470,#4471)) ;
#4484=EDGE_LOOP('',(#4485,#4486,#4487,#4488)) ;
#4496=EDGE_LOOP('',(#4497,#4498,#4499,#4500)) ;
#4508=EDGE_LOOP('',(#4509,#4510,#4511,#4512)) ;
#4520=EDGE_LOOP('',(#4521,#4522,#4523,#4524)) ;
#4527=EDGE_LOOP('',(#4528,#4529,#4530,#4531)) ;
#4544=EDGE_LOOP('',(#4545,#4546,#4547,#4548)) ;
#4561=EDGE_LOOP('',(#4562,#4563,#4564,#4565)) ;
#4578=EDGE_LOOP('',(#4579,#4580,#4581,#4582)) ;
#4595=EDGE_LOOP('',(#4596,#4597,#4598,#4599)) ;
#4607=EDGE_LOOP('',(#4608,#4609,#4610,#4611)) ;
#4629=EDGE_LOOP('',(#4630,#4631,#4632,#4633)) ;
#4636=EDGE_LOOP('',(#4637,#4638,#4639,#4640)) ;
#4658=EDGE_LOOP('',(#4659,#4660,#4661,#4662)) ;
#4665=EDGE_LOOP('',(#4666,#4667,#4668,#4669)) ;
#4672=EDGE_LOOP('',(#4673,#4674,#4675,#4676)) ;
#4689=EDGE_LOOP('',(#4690,#4691,#4692,#4693)) ;
#4696=EDGE_LOOP('',(#4697,#4698,#4699,#4700)) ;
#4713=EDGE_LOOP('',(#4714,#4715,#4716,#4717)) ;
#4720=EDGE_LOOP('',(#4721,#4722,#4723,#4724)) ;
#4732=EDGE_LOOP('',(#4733,#4734,#4735,#4736)) ;
#4749=EDGE_LOOP('',(#4750,#4751,#4752,#4753)) ;
#4756=EDGE_LOOP('',(#4757,#4758,#4759,#4760)) ;
#4773=EDGE_LOOP('',(#4774,#4775,#4776,#4777)) ;
#4780=EDGE_LOOP('',(#4781,#4782,#4783,#4784)) ;
#4787=EDGE_LOOP('',(#4788,#4789,#4790,#4791)) ;
#4804=EDGE_LOOP('',(#4805,#4806,#4807,#4808)) ;
#4811=EDGE_LOOP('',(#4812,#4813,#4814,#4815)) ;
#4828=EDGE_LOOP('',(#4829,#4830,#4831,#4832)) ;
#4835=EDGE_LOOP('',(#4836,#4837,#4838,#4839)) ;
#4888=EDGE_LOOP('',(#4889,#4890)) ;
#4917=EDGE_LOOP('',(#4918,#4919,#4920,#4921)) ;
#4929=EDGE_LOOP('',(#4930,#4931,#4932,#4933)) ;
#4955=EDGE_LOOP('',(#4956,#4957)) ;
#4959=EDGE_LOOP('',(#4960,#4961)) ;
#4988=EDGE_LOOP('',(#4989,#4990,#4991,#4992)) ;
#5000=EDGE_LOOP('',(#5001,#5002,#5003,#5004)) ;
#5040=EDGE_LOOP('',(#5041,#5042,#5043,#5044)) ;
#5071=EDGE_LOOP('',(#5072,#5073,#5074,#5075)) ;
#5111=EDGE_LOOP('',(#5112,#5113,#5114,#5115)) ;
#5142=EDGE_LOOP('',(#5143,#5144,#5145,#5146)) ;
#5182=EDGE_LOOP('',(#5183,#5184,#5185,#5186)) ;
#5213=EDGE_LOOP('',(#5214,#5215,#5216,#5217)) ;
#5244=EDGE_LOOP('',(#5245,#5246,#5247,#5248)) ;
#5284=EDGE_LOOP('',(#5285,#5286,#5287,#5288)) ;
#5301=EDGE_LOOP('',(#5302,#5303,#5304,#5305)) ;
#5308=EDGE_LOOP('',(#5309,#5310)) ;
#5326=EDGE_LOOP('',(#5327,#5328)) ;
#5355=EDGE_LOOP('',(#5356,#5357,#5358,#5359)) ;
#5367=EDGE_LOOP('',(#5368,#5369,#5370,#5371)) ;
#5374=EDGE_LOOP('',(#5375,#5376)) ;
#5403=EDGE_LOOP('',(#5404,#5405,#5406,#5407)) ;
#5434=EDGE_LOOP('',(#5435,#5436,#5437,#5438)) ;
#5456=EDGE_LOOP('',(#5457,#5458,#5459,#5460)) ;
#5487=EDGE_LOOP('',(#5488,#5489,#5490,#5491)) ;
#5513=EDGE_LOOP('',(#5514,#5515,#5516,#5517)) ;
#5535=EDGE_LOOP('',(#5536,#5537,#5538,#5539,#5540,#5541,#5542,#5543,#5544,#5545,#5546,#5547,#5548,#5549)) ;
#5551=EDGE_LOOP('',(#5552,#5553)) ;
#5555=EDGE_LOOP('',(#5556,#5557)) ;
#5589=EDGE_LOOP('',(#5590,#5591,#5592,#5593,#5594,#5595,#5596,#5597,#5598,#5599,#5600,#5601,#5602,#5603,#5604,#5605)) ;
#5613=EDGE_LOOP('',(#5614,#5615,#5616,#5617)) ;
#5644=EDGE_LOOP('',(#5645,#5646,#5647,#5648,#5649)) ;
#5676=EDGE_LOOP('',(#5677,#5678,#5679,#5680)) ;
#5707=EDGE_LOOP('',(#5708,#5709,#5710,#5711,#5712)) ;
#5739=EDGE_LOOP('',(#5740,#5741,#5742,#5743)) ;
#5756=EDGE_LOOP('',(#5757,#5758,#5759,#5760,#5761,#5762)) ;
#5775=EDGE_LOOP('',(#5776,#5777,#5778,#5779,#5780,#5781)) ;
#5789=EDGE_LOOP('',(#5790,#5791,#5792,#5793)) ;
#5833=EDGE_LOOP('',(#5834,#5835,#5836,#5837)) ;
#5864=EDGE_LOOP('',(#5865,#5866,#5867,#5868)) ;
#5895=EDGE_LOOP('',(#5896,#5897,#5898,#5899)) ;
#5926=EDGE_LOOP('',(#5927,#5928,#5929,#5930)) ;
#5957=EDGE_LOOP('',(#5958,#5959,#5960,#5961)) ;
#5988=EDGE_LOOP('',(#5989,#5990,#5991,#5992)) ;
#6019=EDGE_LOOP('',(#6020,#6021,#6022,#6023)) ;
#6036=EDGE_LOOP('',(#6037,#6038,#6039,#6040,#6041,#6042,#6043,#6044)) ;
#6057=EDGE_LOOP('',(#6058,#6059,#6060,#6061)) ;
#6069=EDGE_LOOP('',(#6070,#6071,#6072,#6073,#6074,#6075,#6076,#6077)) ;
#6093=EDGE_LOOP('',(#6094,#6095)) ;
#6122=EDGE_LOOP('',(#6123,#6124,#6125,#6126)) ;
#6134=EDGE_LOOP('',(#6135,#6136,#6137,#6138)) ;
#6146=EDGE_LOOP('',(#6147,#6148)) ;
#6195=EDGE_LOOP('',(#6196,#6197)) ;
#6224=EDGE_LOOP('',(#6225,#6226,#6227,#6228)) ;
#6236=EDGE_LOOP('',(#6237,#6238,#6239,#6240)) ;
#6262=EDGE_LOOP('',(#6263,#6264)) ;
#6282=EDGE_LOOP('',(#6283,#6284,#6285,#6286)) ;
#6294=EDGE_LOOP('',(#6295,#6296,#6297,#6298)) ;
#85=FACE_OUTER_BOUND('',#82,.T.) ;
#109=FACE_OUTER_BOUND('',#106,.T.) ;
#149=FACE_OUTER_BOUND('',#144,.T.) ;
#166=FACE_OUTER_BOUND('',#161,.T.) ;
#222=FACE_OUTER_BOUND('',#215,.T.) ;
#255=FACE_OUTER_BOUND('',#248,.T.) ;
#287=FACE_OUTER_BOUND('',#281,.T.) ;
#319=FACE_OUTER_BOUND('',#313,.T.) ;
#355=FACE_OUTER_BOUND('',#349,.T.) ;
#386=FACE_OUTER_BOUND('',#380,.T.) ;
#410=FACE_OUTER_BOUND('',#405,.T.) ;
#434=FACE_OUTER_BOUND('',#429,.T.) ;
#451=FACE_OUTER_BOUND('',#446,.T.) ;
#499=FACE_OUTER_BOUND('',#494,.T.) ;
#518=FACE_OUTER_BOUND('',#513,.T.) ;
#537=FACE_OUTER_BOUND('',#532,.T.) ;
#549=FACE_OUTER_BOUND('',#544,.T.) ;
#561=FACE_OUTER_BOUND('',#556,.T.) ;
#614=FACE_OUTER_BOUND('',#609,.T.) ;
#621=FACE_OUTER_BOUND('',#616,.T.) ;
#643=FACE_OUTER_BOUND('',#638,.T.) ;
#650=FACE_OUTER_BOUND('',#645,.T.) ;
#667=FACE_OUTER_BOUND('',#662,.T.) ;
#674=FACE_OUTER_BOUND('',#669,.T.) ;
#741=FACE_OUTER_BOUND('',#736,.T.) ;
#772=FACE_OUTER_BOUND('',#767,.T.) ;
#803=FACE_OUTER_BOUND('',#798,.T.) ;
#825=FACE_OUTER_BOUND('',#820,.T.) ;
#865=FACE_OUTER_BOUND('',#860,.T.) ;
#882=FACE_OUTER_BOUND('',#877,.T.) ;
#922=FACE_OUTER_BOUND('',#917,.T.) ;
#939=FACE_OUTER_BOUND('',#934,.T.) ;
#979=FACE_OUTER_BOUND('',#974,.T.) ;
#996=FACE_OUTER_BOUND('',#991,.T.) ;
#1008=FACE_OUTER_BOUND('',#1003,.T.) ;
#1032=FACE_OUTER_BOUND('',#1027,.T.) ;
#1095=FACE_OUTER_BOUND('',#1092,.T.) ;
#1119=FACE_OUTER_BOUND('',#1116,.T.) ;
#1159=FACE_OUTER_BOUND('',#1154,.T.) ;
#1176=FACE_OUTER_BOUND('',#1171,.T.) ;
#1195=FACE_OUTER_BOUND('',#1192,.T.) ;
#1214=FACE_OUTER_BOUND('',#1211,.T.) ;
#1254=FACE_OUTER_BOUND('',#1249,.T.) ;
#1271=FACE_OUTER_BOUND('',#1266,.T.) ;
#1311=FACE_OUTER_BOUND('',#1306,.T.) ;
#1422=FACE_OUTER_BOUND('',#1407,.T.) ;
#1482=FACE_OUTER_BOUND('',#1477,.T.) ;
#1586=FACE_OUTER_BOUND('',#1571,.T.) ;
#1611=FACE_OUTER_BOUND('',#1606,.T.) ;
#1633=FACE_OUTER_BOUND('',#1628,.T.) ;
#1650=FACE_OUTER_BOUND('',#1645,.T.) ;
#1667=FACE_OUTER_BOUND('',#1662,.T.) ;
#1684=FACE_OUTER_BOUND('',#1679,.T.) ;
#1701=FACE_OUTER_BOUND('',#1696,.T.) ;
#1718=FACE_OUTER_BOUND('',#1713,.T.) ;
#1735=FACE_OUTER_BOUND('',#1730,.T.) ;
#1747=FACE_OUTER_BOUND('',#1742,.T.) ;
#1764=FACE_OUTER_BOUND('',#1759,.T.) ;
#1781=FACE_OUTER_BOUND('',#1776,.T.) ;
#1793=FACE_OUTER_BOUND('',#1788,.T.) ;
#1810=FACE_OUTER_BOUND('',#1805,.T.) ;
#1817=FACE_OUTER_BOUND('',#1812,.T.) ;
#1834=FACE_OUTER_BOUND('',#1829,.T.) ;
#1841=FACE_OUTER_BOUND('',#1836,.T.) ;
#1881=FACE_OUTER_BOUND('',#1876,.T.) ;
#1992=FACE_OUTER_BOUND('',#1977,.T.) ;
#2052=FACE_OUTER_BOUND('',#2047,.T.) ;
#2156=FACE_OUTER_BOUND('',#2141,.T.) ;
#2176=FACE_OUTER_BOUND('',#2171,.T.) ;
#2198=FACE_OUTER_BOUND('',#2193,.T.) ;
#2210=FACE_OUTER_BOUND('',#2205,.T.) ;
#2227=FACE_OUTER_BOUND('',#2222,.T.) ;
#2244=FACE_OUTER_BOUND('',#2239,.T.) ;
#2256=FACE_OUTER_BOUND('',#2251,.T.) ;
#2273=FACE_OUTER_BOUND('',#2268,.T.) ;
#2285=FACE_OUTER_BOUND('',#2280,.T.) ;
#2297=FACE_OUTER_BOUND('',#2292,.T.) ;
#2309=FACE_OUTER_BOUND('',#2304,.T.) ;
#2326=FACE_OUTER_BOUND('',#2321,.T.) ;
#2333=FACE_OUTER_BOUND('',#2328,.T.) ;
#2350=FACE_OUTER_BOUND('',#2345,.T.) ;
#2357=FACE_OUTER_BOUND('',#2352,.T.) ;
#2374=FACE_OUTER_BOUND('',#2369,.T.) ;
#2381=FACE_OUTER_BOUND('',#2376,.T.) ;
#2425=FACE_OUTER_BOUND('',#2420,.T.) ;
#2499=FACE_OUTER_BOUND('',#2494,.T.) ;
#2521=FACE_OUTER_BOUND('',#2516,.T.) ;
#2538=FACE_OUTER_BOUND('',#2533,.T.) ;
#2555=FACE_OUTER_BOUND('',#2550,.T.) ;
#2567=FACE_OUTER_BOUND('',#2562,.T.) ;
#2598=FACE_OUTER_BOUND('',#2593,.T.) ;
#2622=FACE_OUTER_BOUND('',#2617,.T.) ;
#2646=FACE_OUTER_BOUND('',#2641,.T.) ;
#2663=FACE_OUTER_BOUND('',#2658,.T.) ;
#2675=FACE_OUTER_BOUND('',#2670,.T.) ;
#2724=FACE_OUTER_BOUND('',#2721,.T.) ;
#2748=FACE_OUTER_BOUND('',#2745,.T.) ;
#2788=FACE_OUTER_BOUND('',#2783,.T.) ;
#2805=FACE_OUTER_BOUND('',#2800,.T.) ;
#2824=FACE_OUTER_BOUND('',#2821,.T.) ;
#2843=FACE_OUTER_BOUND('',#2840,.T.) ;
#2883=FACE_OUTER_BOUND('',#2878,.T.) ;
#2900=FACE_OUTER_BOUND('',#2895,.T.) ;
#2919=FACE_OUTER_BOUND('',#2916,.T.) ;
#2938=FACE_OUTER_BOUND('',#2935,.T.) ;
#2978=FACE_OUTER_BOUND('',#2973,.T.) ;
#2995=FACE_OUTER_BOUND('',#2990,.T.) ;
#3014=FACE_OUTER_BOUND('',#3011,.T.) ;
#3033=FACE_OUTER_BOUND('',#3030,.T.) ;
#3073=FACE_OUTER_BOUND('',#3068,.T.) ;
#3090=FACE_OUTER_BOUND('',#3085,.T.) ;
#3130=FACE_OUTER_BOUND('',#3125,.T.) ;
#3410=FACE_OUTER_BOUND('',#3375,.T.) ;
#3431=FACE_OUTER_BOUND('',#3426,.T.) ;
#3711=FACE_OUTER_BOUND('',#3676,.T.) ;
#3737=FACE_OUTER_BOUND('',#3732,.T.) ;
#3770=FACE_OUTER_BOUND('',#3763,.T.) ;
#3830=FACE_OUTER_BOUND('',#3825,.T.) ;
#3861=FACE_OUTER_BOUND('',#3854,.T.) ;
#3881=FACE_OUTER_BOUND('',#3876,.T.) ;
#3893=FACE_OUTER_BOUND('',#3888,.T.) ;
#3926=FACE_OUTER_BOUND('',#3919,.T.) ;
#3958=FACE_OUTER_BOUND('',#3953,.T.) ;
#3989=FACE_OUTER_BOUND('',#3982,.T.) ;
#4037=FACE_OUTER_BOUND('',#4032,.T.) ;
#4065=FACE_OUTER_BOUND('',#4058,.T.) ;
#4125=FACE_OUTER_BOUND('',#4120,.T.) ;
#4151=FACE_OUTER_BOUND('',#4144,.T.) ;
#4171=FACE_OUTER_BOUND('',#4166,.T.) ;
#4183=FACE_OUTER_BOUND('',#4178,.T.) ;
#4211=FACE_OUTER_BOUND('',#4204,.T.) ;
#4243=FACE_OUTER_BOUND('',#4238,.T.) ;
#4269=FACE_OUTER_BOUND('',#4262,.T.) ;
#4317=FACE_OUTER_BOUND('',#4312,.T.) ;
#4334=FACE_OUTER_BOUND('',#4329,.T.) ;
#4351=FACE_OUTER_BOUND('',#4346,.T.) ;
#4368=FACE_OUTER_BOUND('',#4363,.T.) ;
#4385=FACE_OUTER_BOUND('',#4380,.T.) ;
#4397=FACE_OUTER_BOUND('',#4392,.T.) ;
#4414=FACE_OUTER_BOUND('',#4409,.T.) ;
#4426=FACE_OUTER_BOUND('',#4421,.T.) ;
#4443=FACE_OUTER_BOUND('',#4438,.T.) ;
#4460=FACE_OUTER_BOUND('',#4455,.T.) ;
#4472=FACE_OUTER_BOUND('',#4467,.T.) ;
#4489=FACE_OUTER_BOUND('',#4484,.T.) ;
#4501=FACE_OUTER_BOUND('',#4496,.T.) ;
#4513=FACE_OUTER_BOUND('',#4508,.T.) ;
#4525=FACE_OUTER_BOUND('',#4520,.T.) ;
#4532=FACE_OUTER_BOUND('',#4527,.T.) ;
#4549=FACE_OUTER_BOUND('',#4544,.T.) ;
#4566=FACE_OUTER_BOUND('',#4561,.T.) ;
#4583=FACE_OUTER_BOUND('',#4578,.T.) ;
#4600=FACE_OUTER_BOUND('',#4595,.T.) ;
#4612=FACE_OUTER_BOUND('',#4607,.T.) ;
#4634=FACE_OUTER_BOUND('',#4629,.T.) ;
#4641=FACE_OUTER_BOUND('',#4636,.T.) ;
#4663=FACE_OUTER_BOUND('',#4658,.T.) ;
#4670=FACE_OUTER_BOUND('',#4665,.T.) ;
#4677=FACE_OUTER_BOUND('',#4672,.T.) ;
#4694=FACE_OUTER_BOUND('',#4689,.T.) ;
#4701=FACE_OUTER_BOUND('',#4696,.T.) ;
#4718=FACE_OUTER_BOUND('',#4713,.T.) ;
#4725=FACE_OUTER_BOUND('',#4720,.T.) ;
#4737=FACE_OUTER_BOUND('',#4732,.T.) ;
#4754=FACE_OUTER_BOUND('',#4749,.T.) ;
#4761=FACE_OUTER_BOUND('',#4756,.T.) ;
#4778=FACE_OUTER_BOUND('',#4773,.T.) ;
#4785=FACE_OUTER_BOUND('',#4780,.T.) ;
#4792=FACE_OUTER_BOUND('',#4787,.T.) ;
#4809=FACE_OUTER_BOUND('',#4804,.T.) ;
#4816=FACE_OUTER_BOUND('',#4811,.T.) ;
#4833=FACE_OUTER_BOUND('',#4828,.T.) ;
#4840=FACE_OUTER_BOUND('',#4835,.T.) ;
#4891=FACE_OUTER_BOUND('',#4888,.T.) ;
#4922=FACE_OUTER_BOUND('',#4917,.T.) ;
#4934=FACE_OUTER_BOUND('',#4929,.T.) ;
#4958=FACE_OUTER_BOUND('',#4955,.T.) ;
#4993=FACE_OUTER_BOUND('',#4988,.T.) ;
#5005=FACE_OUTER_BOUND('',#5000,.T.) ;
#5045=FACE_OUTER_BOUND('',#5040,.T.) ;
#5076=FACE_OUTER_BOUND('',#5071,.T.) ;
#5116=FACE_OUTER_BOUND('',#5111,.T.) ;
#5147=FACE_OUTER_BOUND('',#5142,.T.) ;
#5187=FACE_OUTER_BOUND('',#5182,.T.) ;
#5218=FACE_OUTER_BOUND('',#5213,.T.) ;
#5249=FACE_OUTER_BOUND('',#5244,.T.) ;
#5289=FACE_OUTER_BOUND('',#5284,.T.) ;
#5306=FACE_OUTER_BOUND('',#5301,.T.) ;
#5311=FACE_OUTER_BOUND('',#5308,.T.) ;
#5360=FACE_OUTER_BOUND('',#5355,.T.) ;
#5372=FACE_OUTER_BOUND('',#5367,.T.) ;
#5377=FACE_OUTER_BOUND('',#5374,.T.) ;
#5408=FACE_OUTER_BOUND('',#5403,.T.) ;
#5439=FACE_OUTER_BOUND('',#5434,.T.) ;
#5461=FACE_OUTER_BOUND('',#5456,.T.) ;
#5492=FACE_OUTER_BOUND('',#5487,.T.) ;
#5518=FACE_OUTER_BOUND('',#5513,.T.) ;
#5550=FACE_OUTER_BOUND('',#5535,.T.) ;
#5606=FACE_OUTER_BOUND('',#5589,.T.) ;
#5618=FACE_OUTER_BOUND('',#5613,.T.) ;
#5650=FACE_OUTER_BOUND('',#5644,.T.) ;
#5681=FACE_OUTER_BOUND('',#5676,.T.) ;
#5713=FACE_OUTER_BOUND('',#5707,.T.) ;
#5744=FACE_OUTER_BOUND('',#5739,.T.) ;
#5763=FACE_OUTER_BOUND('',#5756,.T.) ;
#5782=FACE_OUTER_BOUND('',#5775,.T.) ;
#5794=FACE_OUTER_BOUND('',#5789,.T.) ;
#5838=FACE_OUTER_BOUND('',#5833,.T.) ;
#5869=FACE_OUTER_BOUND('',#5864,.T.) ;
#5900=FACE_OUTER_BOUND('',#5895,.T.) ;
#5931=FACE_OUTER_BOUND('',#5926,.T.) ;
#5962=FACE_OUTER_BOUND('',#5957,.T.) ;
#5993=FACE_OUTER_BOUND('',#5988,.T.) ;
#6024=FACE_OUTER_BOUND('',#6019,.T.) ;
#6045=FACE_OUTER_BOUND('',#6036,.T.) ;
#6062=FACE_OUTER_BOUND('',#6057,.T.) ;
#6078=FACE_OUTER_BOUND('',#6069,.T.) ;
#6127=FACE_OUTER_BOUND('',#6122,.T.) ;
#6139=FACE_OUTER_BOUND('',#6134,.T.) ;
#6149=FACE_OUTER_BOUND('',#6146,.T.) ;
#6198=FACE_OUTER_BOUND('',#6195,.T.) ;
#6229=FACE_OUTER_BOUND('',#6224,.T.) ;
#6241=FACE_OUTER_BOUND('',#6236,.T.) ;
#6265=FACE_OUTER_BOUND('',#6262,.T.) ;
#6287=FACE_OUTER_BOUND('',#6282,.T.) ;
#6299=FACE_OUTER_BOUND('',#6294,.T.) ;
#50=UNCERTAINTY_MEASURE_WITH_UNIT(LENGTH_MEASURE(0.005),#46,'distance_accuracy_value','CONFUSED CURVE UNCERTAINTY') ;
#52=UNCERTAINTY_MEASURE_WITH_UNIT(LENGTH_MEASURE(0.005),#46,'distance_accuracy_value','CONFUSED CURVE UNCERTAINTY') ;
#692=UNCERTAINTY_MEASURE_WITH_UNIT(LENGTH_MEASURE(0.005),#46,'distance_accuracy_value','CONFUSED CURVE UNCERTAINTY') ;
#1062=UNCERTAINTY_MEASURE_WITH_UNIT(LENGTH_MEASURE(0.005),#46,'distance_accuracy_value','CONFUSED CURVE UNCERTAINTY') ;
#2691=UNCERTAINTY_MEASURE_WITH_UNIT(LENGTH_MEASURE(0.005),#46,'distance_accuracy_value','CONFUSED CURVE UNCERTAINTY') ;
#4858=UNCERTAINTY_MEASURE_WITH_UNIT(LENGTH_MEASURE(0.005),#46,'distance_accuracy_value','CONFUSED CURVE UNCERTAINTY') ;
#6165=UNCERTAINTY_MEASURE_WITH_UNIT(LENGTH_MEASURE(0.005),#46,'distance_accuracy_value','CONFUSED CURVE UNCERTAINTY') ;
#6317=UNCERTAINTY_MEASURE_WITH_UNIT(LENGTH_MEASURE(0.005),#46,'distance_accuracy_value','CONFUSED CURVE UNCERTAINTY') ;
#6332=UNCERTAINTY_MEASURE_WITH_UNIT(LENGTH_MEASURE(0.005),#46,'distance_accuracy_value','CONFUSED CURVE UNCERTAINTY') ;
#6347=UNCERTAINTY_MEASURE_WITH_UNIT(LENGTH_MEASURE(0.005),#46,'distance_accuracy_value','CONFUSED CURVE UNCERTAINTY') ;
#6362=UNCERTAINTY_MEASURE_WITH_UNIT(LENGTH_MEASURE(0.005),#46,'distance_accuracy_value','CONFUSED CURVE UNCERTAINTY') ;
#6377=UNCERTAINTY_MEASURE_WITH_UNIT(LENGTH_MEASURE(0.005),#46,'distance_accuracy_value','CONFUSED CURVE UNCERTAINTY') ;
#128=LINE('Line',#125,#127) ;
#142=LINE('Line',#139,#141) ;
#176=LINE('Line',#173,#175) ;
#199=LINE('Line',#196,#198) ;
#274=LINE('Line',#271,#273) ;
#279=LINE('Line',#276,#278) ;
#297=LINE('Line',#294,#296) ;
#311=LINE('Line',#308,#310) ;
#333=LINE('Line',#330,#332) ;
#347=LINE('Line',#344,#346) ;
#364=LINE('Line',#361,#363) ;
#371=LINE('Line',#368,#370) ;
#396=LINE('Line',#393,#395) ;
#403=LINE('Line',#400,#402) ;
#420=LINE('Line',#417,#419) ;
#427=LINE('Line',#424,#426) ;
#504=LINE('Line',#501,#503) ;
#511=LINE('Line',#508,#510) ;
#523=LINE('Line',#520,#522) ;
#542=LINE('Line',#539,#541) ;
#602=LINE('Line',#599,#601) ;
#607=LINE('Line',#604,#606) ;
#631=LINE('Line',#628,#630) ;
#636=LINE('Line',#633,#635) ;
#655=LINE('Line',#652,#654) ;
#660=LINE('Line',#657,#659) ;
#711=LINE('Line',#708,#710) ;
#727=LINE('Line',#724,#726) ;
#751=LINE('Line',#748,#750) ;
#758=LINE('Line',#755,#757) ;
#765=LINE('Line',#762,#764) ;
#789=LINE('Line',#786,#788) ;
#813=LINE('Line',#810,#812) ;
#818=LINE('Line',#815,#817) ;
#844=LINE('Line',#841,#843) ;
#858=LINE('Line',#855,#857) ;
#901=LINE('Line',#898,#900) ;
#915=LINE('Line',#912,#914) ;
#958=LINE('Line',#955,#957) ;
#972=LINE('Line',#969,#971) ;
#1138=LINE('Line',#1135,#1137) ;
#1152=LINE('Line',#1149,#1151) ;
#1233=LINE('Line',#1230,#1232) ;
#1247=LINE('Line',#1244,#1246) ;
#1290=LINE('Line',#1287,#1289) ;
#1304=LINE('Line',#1301,#1303) ;
#1330=LINE('Line',#1327,#1329) ;
#1351=LINE('Line',#1348,#1350) ;
#1365=LINE('Line',#1362,#1364) ;
#1379=LINE('Line',#1376,#1378) ;
#1391=LINE('Line',#1388,#1390) ;
#1405=LINE('Line',#1402,#1404) ;
#1468=LINE('Line',#1465,#1467) ;
#1475=LINE('Line',#1472,#1474) ;
#1492=LINE('Line',#1489,#1491) ;
#1508=LINE('Line',#1505,#1507) ;
#1527=LINE('Line',#1524,#1526) ;
#1541=LINE('Line',#1538,#1540) ;
#1562=LINE('Line',#1559,#1561) ;
#1604=LINE('Line',#1601,#1603) ;
#1621=LINE('Line',#1618,#1620) ;
#1626=LINE('Line',#1623,#1625) ;
#1643=LINE('Line',#1640,#1642) ;
#1660=LINE('Line',#1657,#1659) ;
#1677=LINE('Line',#1674,#1676) ;
#1694=LINE('Line',#1691,#1693) ;
#1711=LINE('Line',#1708,#1710) ;
#1728=LINE('Line',#1725,#1727) ;
#1757=LINE('Line',#1754,#1756) ;
#1774=LINE('Line',#1771,#1773) ;
#1798=LINE('Line',#1795,#1797) ;
#1803=LINE('Line',#1800,#1802) ;
#1822=LINE('Line',#1819,#1821) ;
#1827=LINE('Line',#1824,#1826) ;
#1860=LINE('Line',#1857,#1859) ;
#1874=LINE('Line',#1871,#1873) ;
#1891=LINE('Line',#1888,#1890) ;
#1907=LINE('Line',#1904,#1906) ;
#1919=LINE('Line',#1916,#1918) ;
#1933=LINE('Line',#1930,#1932) ;
#1947=LINE('Line',#1944,#1946) ;
#1968=LINE('Line',#1965,#1967) ;
#2038=LINE('Line',#2035,#2037) ;
#2071=LINE('Line',#2068,#2070) ;
#2092=LINE('Line',#2089,#2091) ;
#2106=LINE('Line',#2103,#2105) ;
#2120=LINE('Line',#2117,#2119) ;
#2125=LINE('Line',#2122,#2124) ;
#2139=LINE('Line',#2136,#2138) ;
#2169=LINE('Line',#2166,#2168) ;
#2186=LINE('Line',#2183,#2185) ;
#2191=LINE('Line',#2188,#2190) ;
#2203=LINE('Line',#2200,#2202) ;
#2220=LINE('Line',#2217,#2219) ;
#2237=LINE('Line',#2234,#2236) ;
#2249=LINE('Line',#2246,#2248) ;
#2266=LINE('Line',#2263,#2265) ;
#2278=LINE('Line',#2275,#2277) ;
#2302=LINE('Line',#2299,#2301) ;
#2319=LINE('Line',#2316,#2318) ;
#2338=LINE('Line',#2335,#2337) ;
#2343=LINE('Line',#2340,#2342) ;
#2362=LINE('Line',#2359,#2361) ;
#2367=LINE('Line',#2364,#2366) ;
#2395=LINE('Line',#2392,#2394) ;
#2404=LINE('Line',#2401,#2403) ;
#2411=LINE('Line',#2408,#2410) ;
#2418=LINE('Line',#2415,#2417) ;
#2429=LINE('Line',#2426,#2428) ;
#2438=LINE('Line',#2435,#2437) ;
#2445=LINE('Line',#2442,#2444) ;
#2452=LINE('Line',#2449,#2451) ;
#2469=LINE('Line',#2466,#2468) ;
#2478=LINE('Line',#2475,#2477) ;
#2485=LINE('Line',#2482,#2484) ;
#2492=LINE('Line',#2489,#2491) ;
#2509=LINE('Line',#2506,#2508) ;
#2514=LINE('Line',#2511,#2513) ;
#2531=LINE('Line',#2528,#2530) ;
#2548=LINE('Line',#2545,#2547) ;
#2584=LINE('Line',#2581,#2583) ;
#2615=LINE('Line',#2612,#2614) ;
#2632=LINE('Line',#2629,#2631) ;
#2639=LINE('Line',#2636,#2638) ;
#2767=LINE('Line',#2764,#2766) ;
#2781=LINE('Line',#2778,#2780) ;
#2862=LINE('Line',#2859,#2861) ;
#2876=LINE('Line',#2873,#2875) ;
#2957=LINE('Line',#2954,#2956) ;
#2971=LINE('Line',#2968,#2970) ;
#3052=LINE('Line',#3049,#3051) ;
#3066=LINE('Line',#3063,#3065) ;
#3100=LINE('Line',#3097,#3099) ;
#3116=LINE('Line',#3113,#3115) ;
#3140=LINE('Line',#3137,#3139) ;
#3149=LINE('Line',#3146,#3148) ;
#3156=LINE('Line',#3153,#3155) ;
#3163=LINE('Line',#3160,#3162) ;
#3170=LINE('Line',#3167,#3169) ;
#3177=LINE('Line',#3174,#3176) ;
#3184=LINE('Line',#3181,#3183) ;
#3191=LINE('Line',#3188,#3190) ;
#3198=LINE('Line',#3195,#3197) ;
#3205=LINE('Line',#3202,#3204) ;
#3212=LINE('Line',#3209,#3211) ;
#3219=LINE('Line',#3216,#3218) ;
#3226=LINE('Line',#3223,#3225) ;
#3233=LINE('Line',#3230,#3232) ;
#3240=LINE('Line',#3237,#3239) ;
#3254=LINE('Line',#3251,#3253) ;
#3261=LINE('Line',#3258,#3260) ;
#3268=LINE('Line',#3265,#3267) ;
#3289=LINE('Line',#3286,#3288) ;
#3296=LINE('Line',#3293,#3295) ;
#3303=LINE('Line',#3300,#3302) ;
#3317=LINE('Line',#3314,#3316) ;
#3324=LINE('Line',#3321,#3323) ;
#3331=LINE('Line',#3328,#3330) ;
#3352=LINE('Line',#3349,#3351) ;
#3359=LINE('Line',#3356,#3358) ;
#3366=LINE('Line',#3363,#3365) ;
#3450=LINE('Line',#3447,#3449) ;
#3457=LINE('Line',#3454,#3456) ;
#3464=LINE('Line',#3461,#3463) ;
#3485=LINE('Line',#3482,#3484) ;
#3492=LINE('Line',#3489,#3491) ;
#3499=LINE('Line',#3496,#3498) ;
#3513=LINE('Line',#3510,#3512) ;
#3520=LINE('Line',#3517,#3519) ;
#3527=LINE('Line',#3524,#3526) ;
#3548=LINE('Line',#3545,#3547) ;
#3555=LINE('Line',#3552,#3554) ;
#3562=LINE('Line',#3559,#3561) ;
#3576=LINE('Line',#3573,#3575) ;
#3583=LINE('Line',#3580,#3582) ;
#3590=LINE('Line',#3587,#3589) ;
#3597=LINE('Line',#3594,#3596) ;
#3604=LINE('Line',#3601,#3603) ;
#3611=LINE('Line',#3608,#3610) ;
#3618=LINE('Line',#3615,#3617) ;
#3625=LINE('Line',#3622,#3624) ;
#3632=LINE('Line',#3629,#3631) ;
#3639=LINE('Line',#3636,#3638) ;
#3646=LINE('Line',#3643,#3645) ;
#3653=LINE('Line',#3650,#3652) ;
#3660=LINE('Line',#3657,#3659) ;
#3667=LINE('Line',#3664,#3666) ;
#3674=LINE('Line',#3671,#3673) ;
#3725=LINE('Line',#3722,#3724) ;
#3730=LINE('Line',#3727,#3729) ;
#3761=LINE('Line',#3758,#3760) ;
#3823=LINE('Line',#3820,#3822) ;
#3840=LINE('Line',#3837,#3839) ;
#3847=LINE('Line',#3844,#3846) ;
#3874=LINE('Line',#3871,#3873) ;
#3886=LINE('Line',#3883,#3885) ;
#3917=LINE('Line',#3914,#3916) ;
#3951=LINE('Line',#3948,#3950) ;
#3968=LINE('Line',#3965,#3967) ;
#3975=LINE('Line',#3972,#3974) ;
#4030=LINE('Line',#4027,#4029) ;
#4049=LINE('Line',#4046,#4048) ;
#4118=LINE('Line',#4115,#4117) ;
#4137=LINE('Line',#4134,#4136) ;
#4142=LINE('Line',#4139,#4141) ;
#4164=LINE('Line',#4161,#4163) ;
#4176=LINE('Line',#4173,#4175) ;
#4195=LINE('Line',#4192,#4194) ;
#4236=LINE('Line',#4233,#4235) ;
#4255=LINE('Line',#4252,#4254) ;
#4260=LINE('Line',#4257,#4259) ;
#4310=LINE('Line',#4307,#4309) ;
#4327=LINE('Line',#4324,#4326) ;
#4344=LINE('Line',#4341,#4343) ;
#4361=LINE('Line',#4358,#4360) ;
#4378=LINE('Line',#4375,#4377) ;
#4390=LINE('Line',#4387,#4389) ;
#4407=LINE('Line',#4404,#4406) ;
#4419=LINE('Line',#4416,#4418) ;
#4436=LINE('Line',#4433,#4435) ;
#4453=LINE('Line',#4450,#4452) ;
#4465=LINE('Line',#4462,#4464) ;
#4482=LINE('Line',#4479,#4481) ;
#4494=LINE('Line',#4491,#4493) ;
#4506=LINE('Line',#4503,#4505) ;
#4518=LINE('Line',#4515,#4517) ;
#4542=LINE('Line',#4539,#4541) ;
#4559=LINE('Line',#4556,#4558) ;
#4576=LINE('Line',#4573,#4575) ;
#4593=LINE('Line',#4590,#4592) ;
#4622=LINE('Line',#4619,#4621) ;
#4627=LINE('Line',#4624,#4626) ;
#4651=LINE('Line',#4648,#4650) ;
#4656=LINE('Line',#4653,#4655) ;
#4682=LINE('Line',#4679,#4681) ;
#4687=LINE('Line',#4684,#4686) ;
#4706=LINE('Line',#4703,#4705) ;
#4711=LINE('Line',#4708,#4710) ;
#4742=LINE('Line',#4739,#4741) ;
#4747=LINE('Line',#4744,#4746) ;
#4766=LINE('Line',#4763,#4765) ;
#4771=LINE('Line',#4768,#4770) ;
#4797=LINE('Line',#4794,#4796) ;
#4802=LINE('Line',#4799,#4801) ;
#4821=LINE('Line',#4818,#4820) ;
#4826=LINE('Line',#4823,#4825) ;
#4901=LINE('Line',#4898,#4900) ;
#4908=LINE('Line',#4905,#4907) ;
#4972=LINE('Line',#4969,#4971) ;
#4986=LINE('Line',#4983,#4985) ;
#5024=LINE('Line',#5021,#5023) ;
#5038=LINE('Line',#5035,#5037) ;
#5055=LINE('Line',#5052,#5054) ;
#5062=LINE('Line',#5059,#5061) ;
#5069=LINE('Line',#5066,#5068) ;
#5086=LINE('Line',#5083,#5085) ;
#5095=LINE('Line',#5092,#5094) ;
#5102=LINE('Line',#5099,#5101) ;
#5109=LINE('Line',#5106,#5108) ;
#5133=LINE('Line',#5130,#5132) ;
#5157=LINE('Line',#5154,#5156) ;
#5166=LINE('Line',#5163,#5165) ;
#5173=LINE('Line',#5170,#5172) ;
#5180=LINE('Line',#5177,#5179) ;
#5197=LINE('Line',#5194,#5196) ;
#5206=LINE('Line',#5203,#5205) ;
#5211=LINE('Line',#5208,#5210) ;
#5228=LINE('Line',#5225,#5227) ;
#5237=LINE('Line',#5234,#5236) ;
#5242=LINE('Line',#5239,#5241) ;
#5259=LINE('Line',#5256,#5258) ;
#5275=LINE('Line',#5272,#5274) ;
#5339=LINE('Line',#5336,#5338) ;
#5353=LINE('Line',#5350,#5352) ;
#5387=LINE('Line',#5384,#5386) ;
#5396=LINE('Line',#5393,#5395) ;
#5401=LINE('Line',#5398,#5400) ;
#5418=LINE('Line',#5415,#5417) ;
#5427=LINE('Line',#5424,#5426) ;
#5432=LINE('Line',#5429,#5431) ;
#5471=LINE('Line',#5468,#5470) ;
#5480=LINE('Line',#5477,#5479) ;
#5485=LINE('Line',#5482,#5484) ;
#5497=LINE('Line',#5494,#5496) ;
#5506=LINE('Line',#5503,#5505) ;
#5511=LINE('Line',#5508,#5510) ;
#5528=LINE('Line',#5525,#5527) ;
#5573=LINE('Line',#5570,#5572) ;
#5580=LINE('Line',#5577,#5579) ;
#5587=LINE('Line',#5584,#5586) ;
#5628=LINE('Line',#5625,#5627) ;
#5635=LINE('Line',#5632,#5634) ;
#5642=LINE('Line',#5639,#5641) ;
#5674=LINE('Line',#5671,#5673) ;
#5691=LINE('Line',#5688,#5690) ;
#5698=LINE('Line',#5695,#5697) ;
#5705=LINE('Line',#5702,#5704) ;
#5723=LINE('Line',#5720,#5722) ;
#5732=LINE('Line',#5729,#5731) ;
#5737=LINE('Line',#5734,#5736) ;
#5817=LINE('Line',#5814,#5816) ;
#5831=LINE('Line',#5828,#5830) ;
#5848=LINE('Line',#5845,#5847) ;
#5855=LINE('Line',#5852,#5854) ;
#5862=LINE('Line',#5859,#5861) ;
#5893=LINE('Line',#5890,#5892) ;
#5910=LINE('Line',#5907,#5909) ;
#5917=LINE('Line',#5914,#5916) ;
#5924=LINE('Line',#5921,#5923) ;
#5955=LINE('Line',#5952,#5954) ;
#5972=LINE('Line',#5969,#5971) ;
#5981=LINE('Line',#5978,#5980) ;
#5986=LINE('Line',#5983,#5985) ;
#6003=LINE('Line',#6000,#6002) ;
#6010=LINE('Line',#6007,#6009) ;
#6017=LINE('Line',#6014,#6016) ;
#6106=LINE('Line',#6103,#6105) ;
#6113=LINE('Line',#6110,#6112) ;
#6208=LINE('Line',#6205,#6207) ;
#6215=LINE('Line',#6212,#6214) ;
#6275=LINE('Line',#6272,#6274) ;
#6280=LINE('Line',#6277,#6279) ;
#2=MECHANICAL_CONTEXT(' ',#1,'mechanical') ;
#679=NEXT_ASSEMBLY_USAGE_OCCURRENCE('poluga-1.1','poluga-1.1','',#17,#58,' ') ;
#1049=NEXT_ASSEMBLY_USAGE_OCCURRENCE('poluga-2.1','poluga-2.1','',#17,#698,' ') ;
#2678=NEXT_ASSEMBLY_USAGE_OCCURRENCE('prst.1','prst.1','',#17,#1068,' ') ;
#4845=NEXT_ASSEMBLY_USAGE_OCCURRENCE('vodilica.1','vodilica.1','',#17,#2697,' ') ;
#6152=NEXT_ASSEMBLY_USAGE_OCCURRENCE('postolje s motorom.1','postolje s motorom.1','',#17,#4864,' ') ;
#6304=NEXT_ASSEMBLY_USAGE_OCCURRENCE('navojno vreteno.1','navojno vreteno.1','',#17,#6171,' ') ;
#6319=NEXT_ASSEMBLY_USAGE_OCCURRENCE('poluga-2.2','poluga-2.2','',#17,#698,' ') ;
#6334=NEXT_ASSEMBLY_USAGE_OCCURRENCE('poluga-1.2','poluga-1.2','',#17,#58,' ') ;
#6349=NEXT_ASSEMBLY_USAGE_OCCURRENCE('poluga-2.3','poluga-2.3','',#17,#698,' ') ;
#6364=NEXT_ASSEMBLY_USAGE_OCCURRENCE('poluga-2.4','poluga-2.4','',#17,#698,' ') ;
#6379=NEXT_ASSEMBLY_USAGE_OCCURRENCE('prst.2','prst.2','',#17,#1068,' ') ;
#27=PERSONAL_ADDRESS(' ',' ',' ',' ',' ',' ',' ',' ',' ',' ',' ',' ',(#25),' ') ;
#67=PLANE('',#66) ;
#91=PLANE('',#90) ;
#293=PLANE('',#292) ;
#329=PLANE('',#328) ;
#392=PLANE('',#391) ;
#416=PLANE('',#415) ;
#440=PLANE('',#439) ;
#555=PLANE('',#554) ;
#747=PLANE('',#746) ;
#809=PLANE('',#808) ;
#1002=PLANE('',#1001) ;
#1026=PLANE('',#1025) ;
#1077=PLANE('',#1076) ;
#1101=PLANE('',#1100) ;
#1317=PLANE('',#1316) ;
#1464=PLANE('',#1463) ;
#1488=PLANE('',#1487) ;
#1639=PLANE('',#1638) ;
#1690=PLANE('',#1689) ;
#1724=PLANE('',#1723) ;
#1753=PLANE('',#1752) ;
#1787=PLANE('',#1786) ;
#1887=PLANE('',#1886) ;
#2058=PLANE('',#2057) ;
#2391=PLANE('',#2390) ;
#2465=PLANE('',#2464) ;
#2505=PLANE('',#2504) ;
#2527=PLANE('',#2526) ;
#2544=PLANE('',#2543) ;
#2561=PLANE('',#2560) ;
#2604=PLANE('',#2603) ;
#2628=PLANE('',#2627) ;
#2652=PLANE('',#2651) ;
#2706=PLANE('',#2705) ;
#2730=PLANE('',#2729) ;
#3136=PLANE('',#3135) ;
#3437=PLANE('',#3436) ;
#3743=PLANE('',#3742) ;
#3836=PLANE('',#3835) ;
#3899=PLANE('',#3898) ;
#3964=PLANE('',#3963) ;
#4323=PLANE('',#4322) ;
#4340=PLANE('',#4339) ;
#4357=PLANE('',#4356) ;
#4374=PLANE('',#4373) ;
#4403=PLANE('',#4402) ;
#4432=PLANE('',#4431) ;
#4449=PLANE('',#4448) ;
#4478=PLANE('',#4477) ;
#4606=PLANE('',#4605) ;
#4731=PLANE('',#4730) ;
#4873=PLANE('',#4872) ;
#4940=PLANE('',#4939) ;
#5051=PLANE('',#5050) ;
#5082=PLANE('',#5081) ;
#5153=PLANE('',#5152) ;
#5193=PLANE('',#5192) ;
#5224=PLANE('',#5223) ;
#5383=PLANE('',#5382) ;
#5414=PLANE('',#5413) ;
#5467=PLANE('',#5466) ;
#5524=PLANE('',#5523) ;
#5564=PLANE('',#5563) ;
#5624=PLANE('',#5623) ;
#5687=PLANE('',#5686) ;
#5719=PLANE('',#5718) ;
#5750=PLANE('',#5749) ;
#5769=PLANE('',#5768) ;
#5844=PLANE('',#5843) ;
#5906=PLANE('',#5905) ;
#5968=PLANE('',#5967) ;
#5999=PLANE('',#5998) ;
#6030=PLANE('',#6029) ;
#6068=PLANE('',#6067) ;
#6145=PLANE('',#6144) ;
#6180=PLANE('',#6179) ;
#6247=PLANE('',#6246) ;
#48=PLANE_ANGLE_MEASURE_WITH_UNIT(PLANE_ANGLE_MEASURE(0.0174532925199),#47) ;
#7=PRODUCT_CATEGORY('part',$) ;
#14=PRODUCT_CATEGORY('part',$) ;
#9=PRODUCT_CATEGORY_RELATIONSHIP(' ',' ',#7,#8) ;
#16=PRODUCT_CATEGORY_RELATIONSHIP(' ',' ',#14,#15) ;
#6=PRODUCT_DEFINITION_FORMATION_WITH_SPECIFIED_SOURCE('',' ',#5,.NOT_KNOWN.) ;
#57=PRODUCT_DEFINITION_FORMATION_WITH_SPECIFIED_SOURCE('',' ',#56,.NOT_KNOWN.) ;
#697=PRODUCT_DEFINITION_FORMATION_WITH_SPECIFIED_SOURCE('',' ',#696,.NOT_KNOWN.) ;
#1067=PRODUCT_DEFINITION_FORMATION_WITH_SPECIFIED_SOURCE('',' ',#1066,.NOT_KNOWN.) ;
#2696=PRODUCT_DEFINITION_FORMATION_WITH_SPECIFIED_SOURCE('',' ',#2695,.NOT_KNOWN.) ;
#4863=PRODUCT_DEFINITION_FORMATION_WITH_SPECIFIED_SOURCE('',' ',#4862,.NOT_KNOWN.) ;
#6170=PRODUCT_DEFINITION_FORMATION_WITH_SPECIFIED_SOURCE('',' ',#6169,.NOT_KNOWN.) ;
#58=PRODUCT_DEFINITION_WITH_ASSOCIATED_DOCUMENTS('',' ',#57,#3,(#60)) ;
#698=PRODUCT_DEFINITION_WITH_ASSOCIATED_DOCUMENTS('',' ',#697,#3,(#700)) ;
#1068=PRODUCT_DEFINITION_WITH_ASSOCIATED_DOCUMENTS('',' ',#1067,#3,(#1070)) ;
#2697=PRODUCT_DEFINITION_WITH_ASSOCIATED_DOCUMENTS('',' ',#2696,#3,(#2699)) ;
#4864=PRODUCT_DEFINITION_WITH_ASSOCIATED_DOCUMENTS('',' ',#4863,#3,(#4866)) ;
#6171=PRODUCT_DEFINITION_WITH_ASSOCIATED_DOCUMENTS('',' ',#6170,#3,(#6173)) ;
#8=PRODUCT_RELATED_PRODUCT_CATEGORY('detail',$,(#56,#696,#1066,#2695,#4862,#6169)) ;
#15=PRODUCT_RELATED_PRODUCT_CATEGORY('part',$,(#5)) ;
#43=SHAPE_DEFINITION_REPRESENTATION(#45,#44) ;
#55=SHAPE_DEFINITION_REPRESENTATION(#61,#54) ;
#695=SHAPE_DEFINITION_REPRESENTATION(#701,#694) ;
#1065=SHAPE_DEFINITION_REPRESENTATION(#1071,#1064) ;
#2694=SHAPE_DEFINITION_REPRESENTATION(#2700,#2693) ;
#4861=SHAPE_DEFINITION_REPRESENTATION(#4867,#4860) ;
#6168=SHAPE_DEFINITION_REPRESENTATION(#6174,#6167) ;
#73=VERTEX_POINT('',#72) ;
#75=VERTEX_POINT('',#74) ;
#97=VERTEX_POINT('',#96) ;
#99=VERTEX_POINT('',#98) ;
#121=VERTEX_POINT('',#120) ;
#123=VERTEX_POINT('',#122) ;
#130=VERTEX_POINT('',#129) ;
#137=VERTEX_POINT('',#136) ;
#178=VERTEX_POINT('',#177) ;
#180=VERTEX_POINT('',#179) ;
#187=VERTEX_POINT('',#186) ;
#194=VERTEX_POINT('',#193) ;
#201=VERTEX_POINT('',#200) ;
#208=VERTEX_POINT('',#207) ;
#229=VERTEX_POINT('',#228) ;
#241=VERTEX_POINT('',#240) ;
#267=VERTEX_POINT('',#266) ;
#269=VERTEX_POINT('',#268) ;
#299=VERTEX_POINT('',#298) ;
#306=VERTEX_POINT('',#305) ;
#335=VERTEX_POINT('',#334) ;
#342=VERTEX_POINT('',#341) ;
#366=VERTEX_POINT('',#365) ;
#373=VERTEX_POINT('',#372) ;
#398=VERTEX_POINT('',#397) ;
#422=VERTEX_POINT('',#421) ;
#457=VERTEX_POINT('',#456) ;
#459=VERTEX_POINT('',#458) ;
#475=VERTEX_POINT('',#474) ;
#477=VERTEX_POINT('',#476) ;
#506=VERTEX_POINT('',#505) ;
#525=VERTEX_POINT('',#524) ;
#567=VERTEX_POINT('',#566) ;
#569=VERTEX_POINT('',#568) ;
#585=VERTEX_POINT('',#584) ;
#587=VERTEX_POINT('',#586) ;
#713=VERTEX_POINT('',#712) ;
#715=VERTEX_POINT('',#714) ;
#722=VERTEX_POINT('',#721) ;
#729=VERTEX_POINT('',#728) ;
#753=VERTEX_POINT('',#752) ;
#760=VERTEX_POINT('',#759) ;
#784=VERTEX_POINT('',#783) ;
#791=VERTEX_POINT('',#790) ;
#837=VERTEX_POINT('',#836) ;
#839=VERTEX_POINT('',#838) ;
#846=VERTEX_POINT('',#845) ;
#853=VERTEX_POINT('',#852) ;
#894=VERTEX_POINT('',#893) ;
#896=VERTEX_POINT('',#895) ;
#903=VERTEX_POINT('',#902) ;
#910=VERTEX_POINT('',#909) ;
#951=VERTEX_POINT('',#950) ;
#953=VERTEX_POINT('',#952) ;
#960=VERTEX_POINT('',#959) ;
#967=VERTEX_POINT('',#966) ;
#1083=VERTEX_POINT('',#1082) ;
#1085=VERTEX_POINT('',#1084) ;
#1107=VERTEX_POINT('',#1106) ;
#1109=VERTEX_POINT('',#1108) ;
#1131=VERTEX_POINT('',#1130) ;
#1133=VERTEX_POINT('',#1132) ;
#1140=VERTEX_POINT('',#1139) ;
#1147=VERTEX_POINT('',#1146) ;
#1183=VERTEX_POINT('',#1182) ;
#1185=VERTEX_POINT('',#1184) ;
#1202=VERTEX_POINT('',#1201) ;
#1204=VERTEX_POINT('',#1203) ;
#1226=VERTEX_POINT('',#1225) ;
#1228=VERTEX_POINT('',#1227) ;
#1235=VERTEX_POINT('',#1234) ;
#1242=VERTEX_POINT('',#1241) ;
#1283=VERTEX_POINT('',#1282) ;
#1285=VERTEX_POINT('',#1284) ;
#1292=VERTEX_POINT('',#1291) ;
#1299=VERTEX_POINT('',#1298) ;
#1323=VERTEX_POINT('',#1322) ;
#1325=VERTEX_POINT('',#1324) ;
#1332=VERTEX_POINT('',#1331) ;
#1339=VERTEX_POINT('',#1338) ;
#1346=VERTEX_POINT('',#1345) ;
#1353=VERTEX_POINT('',#1352) ;
#1360=VERTEX_POINT('',#1359) ;
#1367=VERTEX_POINT('',#1366) ;
#1374=VERTEX_POINT('',#1373) ;
#1386=VERTEX_POINT('',#1385) ;
#1393=VERTEX_POINT('',#1392) ;
#1400=VERTEX_POINT('',#1399) ;
#1428=VERTEX_POINT('',#1427) ;
#1430=VERTEX_POINT('',#1429) ;
#1446=VERTEX_POINT('',#1445) ;
#1448=VERTEX_POINT('',#1447) ;
#1470=VERTEX_POINT('',#1469) ;
#1494=VERTEX_POINT('',#1493) ;
#1496=VERTEX_POINT('',#1495) ;
#1503=VERTEX_POINT('',#1502) ;
#1510=VERTEX_POINT('',#1509) ;
#1522=VERTEX_POINT('',#1521) ;
#1529=VERTEX_POINT('',#1528) ;
#1536=VERTEX_POINT('',#1535) ;
#1543=VERTEX_POINT('',#1542) ;
#1550=VERTEX_POINT('',#1549) ;
#1557=VERTEX_POINT('',#1556) ;
#1564=VERTEX_POINT('',#1563) ;
#1853=VERTEX_POINT('',#1852) ;
#1855=VERTEX_POINT('',#1854) ;
#1862=VERTEX_POINT('',#1861) ;
#1869=VERTEX_POINT('',#1868) ;
#1893=VERTEX_POINT('',#1892) ;
#1895=VERTEX_POINT('',#1894) ;
#1902=VERTEX_POINT('',#1901) ;
#1909=VERTEX_POINT('',#1908) ;
#1921=VERTEX_POINT('',#1920) ;
#1928=VERTEX_POINT('',#1927) ;
#1935=VERTEX_POINT('',#1934) ;
#1942=VERTEX_POINT('',#1941) ;
#1949=VERTEX_POINT('',#1948) ;
#1956=VERTEX_POINT('',#1955) ;
#1963=VERTEX_POINT('',#1962) ;
#1970=VERTEX_POINT('',#1969) ;
#1998=VERTEX_POINT('',#1997) ;
#2000=VERTEX_POINT('',#1999) ;
#2016=VERTEX_POINT('',#2015) ;
#2018=VERTEX_POINT('',#2017) ;
#2040=VERTEX_POINT('',#2039) ;
#2064=VERTEX_POINT('',#2063) ;
#2066=VERTEX_POINT('',#2065) ;
#2073=VERTEX_POINT('',#2072) ;
#2080=VERTEX_POINT('',#2079) ;
#2087=VERTEX_POINT('',#2086) ;
#2094=VERTEX_POINT('',#2093) ;
#2101=VERTEX_POINT('',#2100) ;
#2108=VERTEX_POINT('',#2107) ;
#2115=VERTEX_POINT('',#2114) ;
#2127=VERTEX_POINT('',#2126) ;
#2134=VERTEX_POINT('',#2133) ;
#2397=VERTEX_POINT('',#2396) ;
#2399=VERTEX_POINT('',#2398) ;
#2406=VERTEX_POINT('',#2405) ;
#2413=VERTEX_POINT('',#2412) ;
#2431=VERTEX_POINT('',#2430) ;
#2433=VERTEX_POINT('',#2432) ;
#2440=VERTEX_POINT('',#2439) ;
#2447=VERTEX_POINT('',#2446) ;
#2471=VERTEX_POINT('',#2470) ;
#2473=VERTEX_POINT('',#2472) ;
#2480=VERTEX_POINT('',#2479) ;
#2487=VERTEX_POINT('',#2486) ;
#2579=VERTEX_POINT('',#2578) ;
#2586=VERTEX_POINT('',#2585) ;
#2610=VERTEX_POINT('',#2609) ;
#2634=VERTEX_POINT('',#2633) ;
#2712=VERTEX_POINT('',#2711) ;
#2714=VERTEX_POINT('',#2713) ;
#2736=VERTEX_POINT('',#2735) ;
#2738=VERTEX_POINT('',#2737) ;
#2760=VERTEX_POINT('',#2759) ;
#2762=VERTEX_POINT('',#2761) ;
#2769=VERTEX_POINT('',#2768) ;
#2776=VERTEX_POINT('',#2775) ;
#2812=VERTEX_POINT('',#2811) ;
#2814=VERTEX_POINT('',#2813) ;
#2831=VERTEX_POINT('',#2830) ;
#2833=VERTEX_POINT('',#2832) ;
#2855=VERTEX_POINT('',#2854) ;
#2857=VERTEX_POINT('',#2856) ;
#2864=VERTEX_POINT('',#2863) ;
#2871=VERTEX_POINT('',#2870) ;
#2907=VERTEX_POINT('',#2906) ;
#2909=VERTEX_POINT('',#2908) ;
#2926=VERTEX_POINT('',#2925) ;
#2928=VERTEX_POINT('',#2927) ;
#2950=VERTEX_POINT('',#2949) ;
#2952=VERTEX_POINT('',#2951) ;
#2959=VERTEX_POINT('',#2958) ;
#2966=VERTEX_POINT('',#2965) ;
#3002=VERTEX_POINT('',#3001) ;
#3004=VERTEX_POINT('',#3003) ;
#3021=VERTEX_POINT('',#3020) ;
#3023=VERTEX_POINT('',#3022) ;
#3045=VERTEX_POINT('',#3044) ;
#3047=VERTEX_POINT('',#3046) ;
#3054=VERTEX_POINT('',#3053) ;
#3061=VERTEX_POINT('',#3060) ;
#3102=VERTEX_POINT('',#3101) ;
#3104=VERTEX_POINT('',#3103) ;
#3111=VERTEX_POINT('',#3110) ;
#3118=VERTEX_POINT('',#3117) ;
#3142=VERTEX_POINT('',#3141) ;
#3144=VERTEX_POINT('',#3143) ;
#3151=VERTEX_POINT('',#3150) ;
#3158=VERTEX_POINT('',#3157) ;
#3165=VERTEX_POINT('',#3164) ;
#3172=VERTEX_POINT('',#3171) ;
#3179=VERTEX_POINT('',#3178) ;
#3186=VERTEX_POINT('',#3185) ;
#3193=VERTEX_POINT('',#3192) ;
#3200=VERTEX_POINT('',#3199) ;
#3207=VERTEX_POINT('',#3206) ;
#3214=VERTEX_POINT('',#3213) ;
#3221=VERTEX_POINT('',#3220) ;
#3228=VERTEX_POINT('',#3227) ;
#3235=VERTEX_POINT('',#3234) ;
#3242=VERTEX_POINT('',#3241) ;
#3249=VERTEX_POINT('',#3248) ;
#3256=VERTEX_POINT('',#3255) ;
#3263=VERTEX_POINT('',#3262) ;
#3270=VERTEX_POINT('',#3269) ;
#3277=VERTEX_POINT('',#3276) ;
#3284=VERTEX_POINT('',#3283) ;
#3291=VERTEX_POINT('',#3290) ;
#3298=VERTEX_POINT('',#3297) ;
#3305=VERTEX_POINT('',#3304) ;
#3312=VERTEX_POINT('',#3311) ;
#3319=VERTEX_POINT('',#3318) ;
#3326=VERTEX_POINT('',#3325) ;
#3333=VERTEX_POINT('',#3332) ;
#3340=VERTEX_POINT('',#3339) ;
#3347=VERTEX_POINT('',#3346) ;
#3354=VERTEX_POINT('',#3353) ;
#3361=VERTEX_POINT('',#3360) ;
#3368=VERTEX_POINT('',#3367) ;
#3443=VERTEX_POINT('',#3442) ;
#3445=VERTEX_POINT('',#3444) ;
#3452=VERTEX_POINT('',#3451) ;
#3459=VERTEX_POINT('',#3458) ;
#3466=VERTEX_POINT('',#3465) ;
#3473=VERTEX_POINT('',#3472) ;
#3480=VERTEX_POINT('',#3479) ;
#3487=VERTEX_POINT('',#3486) ;
#3494=VERTEX_POINT('',#3493) ;
#3501=VERTEX_POINT('',#3500) ;
#3508=VERTEX_POINT('',#3507) ;
#3515=VERTEX_POINT('',#3514) ;
#3522=VERTEX_POINT('',#3521) ;
#3529=VERTEX_POINT('',#3528) ;
#3536=VERTEX_POINT('',#3535) ;
#3543=VERTEX_POINT('',#3542) ;
#3550=VERTEX_POINT('',#3549) ;
#3557=VERTEX_POINT('',#3556) ;
#3564=VERTEX_POINT('',#3563) ;
#3571=VERTEX_POINT('',#3570) ;
#3578=VERTEX_POINT('',#3577) ;
#3585=VERTEX_POINT('',#3584) ;
#3592=VERTEX_POINT('',#3591) ;
#3599=VERTEX_POINT('',#3598) ;
#3606=VERTEX_POINT('',#3605) ;
#3613=VERTEX_POINT('',#3612) ;
#3620=VERTEX_POINT('',#3619) ;
#3627=VERTEX_POINT('',#3626) ;
#3634=VERTEX_POINT('',#3633) ;
#3641=VERTEX_POINT('',#3640) ;
#3648=VERTEX_POINT('',#3647) ;
#3655=VERTEX_POINT('',#3654) ;
#3662=VERTEX_POINT('',#3661) ;
#3669=VERTEX_POINT('',#3668) ;
#3749=VERTEX_POINT('',#3748) ;
#3756=VERTEX_POINT('',#3755) ;
#3776=VERTEX_POINT('',#3775) ;
#3778=VERTEX_POINT('',#3777) ;
#3794=VERTEX_POINT('',#3793) ;
#3796=VERTEX_POINT('',#3795) ;
#3818=VERTEX_POINT('',#3817) ;
#3842=VERTEX_POINT('',#3841) ;
#3905=VERTEX_POINT('',#3904) ;
#3912=VERTEX_POINT('',#3911) ;
#3946=VERTEX_POINT('',#3945) ;
#3970=VERTEX_POINT('',#3969) ;
#3995=VERTEX_POINT('',#3994) ;
#3997=VERTEX_POINT('',#3996) ;
#4013=VERTEX_POINT('',#4012) ;
#4015=VERTEX_POINT('',#4014) ;
#4044=VERTEX_POINT('',#4043) ;
#4051=VERTEX_POINT('',#4050) ;
#4071=VERTEX_POINT('',#4070) ;
#4073=VERTEX_POINT('',#4072) ;
#4089=VERTEX_POINT('',#4088) ;
#4091=VERTEX_POINT('',#4090) ;
#4113=VERTEX_POINT('',#4112) ;
#4132=VERTEX_POINT('',#4131) ;
#4190=VERTEX_POINT('',#4189) ;
#4197=VERTEX_POINT('',#4196) ;
#4231=VERTEX_POINT('',#4230) ;
#4250=VERTEX_POINT('',#4249) ;
#4275=VERTEX_POINT('',#4274) ;
#4277=VERTEX_POINT('',#4276) ;
#4293=VERTEX_POINT('',#4292) ;
#4295=VERTEX_POINT('',#4294) ;
#4879=VERTEX_POINT('',#4878) ;
#4881=VERTEX_POINT('',#4880) ;
#4903=VERTEX_POINT('',#4902) ;
#4910=VERTEX_POINT('',#4909) ;
#4946=VERTEX_POINT('',#4945) ;
#4948=VERTEX_POINT('',#4947) ;
#4974=VERTEX_POINT('',#4973) ;
#4981=VERTEX_POINT('',#4980) ;
#5017=VERTEX_POINT('',#5016) ;
#5019=VERTEX_POINT('',#5018) ;
#5026=VERTEX_POINT('',#5025) ;
#5033=VERTEX_POINT('',#5032) ;
#5057=VERTEX_POINT('',#5056) ;
#5064=VERTEX_POINT('',#5063) ;
#5088=VERTEX_POINT('',#5087) ;
#5090=VERTEX_POINT('',#5089) ;
#5097=VERTEX_POINT('',#5096) ;
#5104=VERTEX_POINT('',#5103) ;
#5128=VERTEX_POINT('',#5127) ;
#5135=VERTEX_POINT('',#5134) ;
#5159=VERTEX_POINT('',#5158) ;
#5161=VERTEX_POINT('',#5160) ;
#5168=VERTEX_POINT('',#5167) ;
#5175=VERTEX_POINT('',#5174) ;
#5199=VERTEX_POINT('',#5198) ;
#5201=VERTEX_POINT('',#5200) ;
#5230=VERTEX_POINT('',#5229) ;
#5232=VERTEX_POINT('',#5231) ;
#5261=VERTEX_POINT('',#5260) ;
#5263=VERTEX_POINT('',#5262) ;
#5270=VERTEX_POINT('',#5269) ;
#5277=VERTEX_POINT('',#5276) ;
#5317=VERTEX_POINT('',#5316) ;
#5319=VERTEX_POINT('',#5318) ;
#5341=VERTEX_POINT('',#5340) ;
#5348=VERTEX_POINT('',#5347) ;
#5389=VERTEX_POINT('',#5388) ;
#5391=VERTEX_POINT('',#5390) ;
#5420=VERTEX_POINT('',#5419) ;
#5422=VERTEX_POINT('',#5421) ;
#5473=VERTEX_POINT('',#5472) ;
#5475=VERTEX_POINT('',#5474) ;
#5499=VERTEX_POINT('',#5498) ;
#5501=VERTEX_POINT('',#5500) ;
#5575=VERTEX_POINT('',#5574) ;
#5582=VERTEX_POINT('',#5581) ;
#5630=VERTEX_POINT('',#5629) ;
#5637=VERTEX_POINT('',#5636) ;
#5662=VERTEX_POINT('',#5661) ;
#5669=VERTEX_POINT('',#5668) ;
#5693=VERTEX_POINT('',#5692) ;
#5700=VERTEX_POINT('',#5699) ;
#5725=VERTEX_POINT('',#5724) ;
#5727=VERTEX_POINT('',#5726) ;
#5810=VERTEX_POINT('',#5809) ;
#5812=VERTEX_POINT('',#5811) ;
#5819=VERTEX_POINT('',#5818) ;
#5826=VERTEX_POINT('',#5825) ;
#5850=VERTEX_POINT('',#5849) ;
#5857=VERTEX_POINT('',#5856) ;
#5881=VERTEX_POINT('',#5880) ;
#5888=VERTEX_POINT('',#5887) ;
#5912=VERTEX_POINT('',#5911) ;
#5919=VERTEX_POINT('',#5918) ;
#5943=VERTEX_POINT('',#5942) ;
#5950=VERTEX_POINT('',#5949) ;
#5974=VERTEX_POINT('',#5973) ;
#5976=VERTEX_POINT('',#5975) ;
#6005=VERTEX_POINT('',#6004) ;
#6012=VERTEX_POINT('',#6011) ;
#6084=VERTEX_POINT('',#6083) ;
#6086=VERTEX_POINT('',#6085) ;
#6108=VERTEX_POINT('',#6107) ;
#6115=VERTEX_POINT('',#6114) ;
#6186=VERTEX_POINT('',#6185) ;
#6188=VERTEX_POINT('',#6187) ;
#6210=VERTEX_POINT('',#6209) ;
#6217=VERTEX_POINT('',#6216) ;
#6253=VERTEX_POINT('',#6252) ;
#6255=VERTEX_POINT('',#6254) ;
#46=(LENGTH_UNIT()NAMED_UNIT(*)SI_UNIT(.MILLI.,.METRE.)) ;
#47=(NAMED_UNIT(*)PLANE_ANGLE_UNIT()SI_UNIT($,.RADIAN.)) ;
#49=(NAMED_UNIT(*)SI_UNIT($,.STERADIAN.)SOLID_ANGLE_UNIT()) ;
#51=(GEOMETRIC_REPRESENTATION_CONTEXT(3)GLOBAL_UNCERTAINTY_ASSIGNED_CONTEXT((#50))GLOBAL_UNIT_ASSIGNED_CONTEXT((#46,#47,#49))REPRESENTATION_CONTEXT(' ',' ')) ;
#53=(GEOMETRIC_REPRESENTATION_CONTEXT(3)GLOBAL_UNCERTAINTY_ASSIGNED_CONTEXT((#52))GLOBAL_UNIT_ASSIGNED_CONTEXT((#46,#47,#49))REPRESENTATION_CONTEXT(' ',' ')) ;
#693=(GEOMETRIC_REPRESENTATION_CONTEXT(3)GLOBAL_UNCERTAINTY_ASSIGNED_CONTEXT((#692))GLOBAL_UNIT_ASSIGNED_CONTEXT((#46,#47,#49))REPRESENTATION_CONTEXT(' ',' ')) ;
#1063=(GEOMETRIC_REPRESENTATION_CONTEXT(3)GLOBAL_UNCERTAINTY_ASSIGNED_CONTEXT((#1062))GLOBAL_UNIT_ASSIGNED_CONTEXT((#46,#47,#49))REPRESENTATION_CONTEXT(' ',' ')) ;
#2692=(GEOMETRIC_REPRESENTATION_CONTEXT(3)GLOBAL_UNCERTAINTY_ASSIGNED_CONTEXT((#2691))GLOBAL_UNIT_ASSIGNED_CONTEXT((#46,#47,#49))REPRESENTATION_CONTEXT(' ',' ')) ;
#4859=(GEOMETRIC_REPRESENTATION_CONTEXT(3)GLOBAL_UNCERTAINTY_ASSIGNED_CONTEXT((#4858))GLOBAL_UNIT_ASSIGNED_CONTEXT((#46,#47,#49))REPRESENTATION_CONTEXT(' ',' ')) ;
#6166=(GEOMETRIC_REPRESENTATION_CONTEXT(3)GLOBAL_UNCERTAINTY_ASSIGNED_CONTEXT((#6165))GLOBAL_UNIT_ASSIGNED_CONTEXT((#46,#47,#49))REPRESENTATION_CONTEXT(' ',' ')) ;
#6318=(GEOMETRIC_REPRESENTATION_CONTEXT(3)GLOBAL_UNCERTAINTY_ASSIGNED_CONTEXT((#6317))GLOBAL_UNIT_ASSIGNED_CONTEXT((#46,#47,#49))REPRESENTATION_CONTEXT(' ',' ')) ;
#6333=(GEOMETRIC_REPRESENTATION_CONTEXT(3)GLOBAL_UNCERTAINTY_ASSIGNED_CONTEXT((#6332))GLOBAL_UNIT_ASSIGNED_CONTEXT((#46,#47,#49))REPRESENTATION_CONTEXT(' ',' ')) ;
#6348=(GEOMETRIC_REPRESENTATION_CONTEXT(3)GLOBAL_UNCERTAINTY_ASSIGNED_CONTEXT((#6347))GLOBAL_UNIT_ASSIGNED_CONTEXT((#46,#47,#49))REPRESENTATION_CONTEXT(' ',' ')) ;
#6363=(GEOMETRIC_REPRESENTATION_CONTEXT(3)GLOBAL_UNCERTAINTY_ASSIGNED_CONTEXT((#6362))GLOBAL_UNIT_ASSIGNED_CONTEXT((#46,#47,#49))REPRESENTATION_CONTEXT(' ',' ')) ;
#6378=(GEOMETRIC_REPRESENTATION_CONTEXT(3)GLOBAL_UNCERTAINTY_ASSIGNED_CONTEXT((#6377))GLOBAL_UNIT_ASSIGNED_CONTEXT((#46,#47,#49))REPRESENTATION_CONTEXT(' ',' ')) ;
#682=(REPRESENTATION_RELATIONSHIP(' ',' ',#54,#44)REPRESENTATION_RELATIONSHIP_WITH_TRANSFORMATION(#683)SHAPE_REPRESENTATION_RELATIONSHIP()) ;
#1052=(REPRESENTATION_RELATIONSHIP(' ',' ',#694,#44)REPRESENTATION_RELATIONSHIP_WITH_TRANSFORMATION(#1053)SHAPE_REPRESENTATION_RELATIONSHIP()) ;
#2681=(REPRESENTATION_RELATIONSHIP(' ',' ',#1064,#44)REPRESENTATION_RELATIONSHIP_WITH_TRANSFORMATION(#2682)SHAPE_REPRESENTATION_RELATIONSHIP()) ;
#4848=(REPRESENTATION_RELATIONSHIP(' ',' ',#2693,#44)REPRESENTATION_RELATIONSHIP_WITH_TRANSFORMATION(#4849)SHAPE_REPRESENTATION_RELATIONSHIP()) ;
#6155=(REPRESENTATION_RELATIONSHIP(' ',' ',#4860,#44)REPRESENTATION_RELATIONSHIP_WITH_TRANSFORMATION(#6156)SHAPE_REPRESENTATION_RELATIONSHIP()) ;
#6307=(REPRESENTATION_RELATIONSHIP(' ',' ',#6167,#44)REPRESENTATION_RELATIONSHIP_WITH_TRANSFORMATION(#6308)SHAPE_REPRESENTATION_RELATIONSHIP()) ;
#6322=(REPRESENTATION_RELATIONSHIP(' ',' ',#694,#44)REPRESENTATION_RELATIONSHIP_WITH_TRANSFORMATION(#6323)SHAPE_REPRESENTATION_RELATIONSHIP()) ;
#6337=(REPRESENTATION_RELATIONSHIP(' ',' ',#54,#44)REPRESENTATION_RELATIONSHIP_WITH_TRANSFORMATION(#6338)SHAPE_REPRESENTATION_RELATIONSHIP()) ;
#6352=(REPRESENTATION_RELATIONSHIP(' ',' ',#694,#44)REPRESENTATION_RELATIONSHIP_WITH_TRANSFORMATION(#6353)SHAPE_REPRESENTATION_RELATIONSHIP()) ;
#6367=(REPRESENTATION_RELATIONSHIP(' ',' ',#694,#44)REPRESENTATION_RELATIONSHIP_WITH_TRANSFORMATION(#6368)SHAPE_REPRESENTATION_RELATIONSHIP()) ;
#6382=(REPRESENTATION_RELATIONSHIP(' ',' ',#1064,#44)REPRESENTATION_RELATIONSHIP_WITH_TRANSFORMATION(#6383)SHAPE_REPRESENTATION_RELATIONSHIP()) ;
ENDSEC;
END-ISO-10303-21;
