ISO-10303-21;
HEADER;
FILE_DESCRIPTION (( 'STEP AP203' ),
    '1' );
FILE_NAME ('UCFL-202.STEP',
    '2019-03-08T12:13:50',
    ( '' ),
    ( '' ),
    'SwSTEP 2.0',
    'SolidWorks 2017',
    '' );
FILE_SCHEMA (( 'CONFIG_CONTROL_DESIGN' ));
ENDSEC;

DATA;
#1 = ORIENTED_EDGE ( 'NONE', *, *, #2170, .F. ) ;
#2 = CARTESIAN_POINT ( 'NONE',  ( 4.504560527202946800, -10.42280511757000000, -17.25293907482185700 ) ) ;
#3 = CARTESIAN_POINT ( 'NONE',  ( 4.800000000000000700, -10.07842712474620100, -17.45634784044069900 ) ) ;
#4 = CARTESIAN_POINT ( 'NONE',  ( -4.757407329924412000, -5.417989544625566400, -19.41519337214866400 ) ) ;
#5 = CARTESIAN_POINT ( 'NONE',  ( -4.652927254234148400, -26.79905263486177300, 11.49999999999999600 ) ) ;
#6 = CARTESIAN_POINT ( 'NONE',  ( -4.800036942067174900, -5.116255811717334000, -19.49701522242909800 ) ) ;
#7 = CARTESIAN_POINT ( 'NONE',  ( -4.990254687761374300, -27.19959450382739900, 11.50000000000000200 ) ) ;
#8 = CARTESIAN_POINT ( 'NONE',  ( -5.100000000000000500, -27.70830200499484900, 11.50000000000000000 ) ) ;
#9 = CARTESIAN_POINT ( 'NONE',  ( -4.756806846420183800, -5.015110342774269400, -19.52313739807996400 ) ) ;
#10 = CARTESIAN_POINT ( 'NONE',  ( -4.000000000000000000, -5.216977769124310900, -19.47002609632925300 ) ) ;
#11 = EDGE_LOOP ( 'NONE', ( #2374 ) ) ;
#12 = CARTESIAN_POINT ( 'NONE',  ( -5.100000000000000500, 49.72777777777780300, -10.48323028860620100 ) ) ;
#13 = CARTESIAN_POINT ( 'NONE',  ( -5.077944800978603000, -27.44714197990170800, 11.50000000000000400 ) ) ;
#14 = CARTESIAN_POINT ( 'NONE',  ( -5.100000000000001400, -27.57673318222459400, 11.50000000000000200 ) ) ;
#15 = CARTESIAN_POINT ( 'NONE',  ( -4.799963007796750800, -5.317973302863871200, -19.44296366464203600 ) ) ;
#16 = EDGE_CURVE ( 'E1203', #2106, #2308, #1876, .T. ) ;
#17 = CARTESIAN_POINT ( 'NONE',  ( -4.609427173095792100, -4.871940172984721200, -19.55935644558295300 ) ) ;
#18 = CARTESIAN_POINT ( 'NONE',  ( -4.421583268537041500, -26.67857114090899300, 11.50000000000000200 ) ) ;
#19 = ADVANCED_FACE ( 'E1244', ( #1883 ), #511, .T. ) ;
#20 = DIRECTION ( 'NONE',  ( 0.0000000000000000000, 0.0000000000000000000, 1.000000000000000000 ) ) ;
#21 = CARTESIAN_POINT ( 'NONE',  ( -4.653118362462578300, 26.79911961716534900, 11.50000000000000000 ) ) ;
#22 = CARTESIAN_POINT ( 'NONE',  ( -4.756710014544278700, -26.88374128326167400, 11.50000000000000200 ) ) ;
#23 = CARTESIAN_POINT ( 'NONE',  ( -4.505914417590985500, -4.829684663946159700, -19.56969389882413100 ) ) ;
#24 = CARTESIAN_POINT ( 'NONE',  ( -4.291777937565964200, 26.64214856466670900, 11.50000000000000400 ) ) ;
#25 = CARTESIAN_POINT ( 'NONE',  ( -4.294900348090116000, -4.829475973889584500, -19.56974540111480100 ) ) ;
#26 = CARTESIAN_POINT ( 'NONE',  ( -4.191299970026769900, -4.871487735225975300, -19.55946900663803600 ) ) ;
#27 = CARTESIAN_POINT ( 'NONE',  ( -4.043466441596685000, -5.014592638186876200, -19.52327024986163600 ) ) ;
#28 = CARTESIAN_POINT ( 'NONE',  ( -4.421016967607276800, 26.67830881488017500, 11.50000000000000200 ) ) ;
#29 = CARTESIAN_POINT ( 'NONE',  ( -4.000000000000002700, -5.114873066687044600, -19.49738496889073900 ) ) ;
#30 = ADVANCED_FACE ( 'E676', ( #1870 ), #530, .T. ) ;
#31 = APPROVAL ( #160, 'UNSPECIFIED' ) ;
#32 = CARTESIAN_POINT ( 'NONE',  ( -4.110000000000000300, 0.0000000000000000000, 0.0000000000000000000 ) ) ;
#33 = CARTESIAN_POINT ( 'NONE',  ( -4.925029986037666100, -27.08399640580170600, 11.50000000000000200 ) ) ;
#34 = CARTESIAN_POINT ( 'NONE',  ( 13.60000000000000000, 7.500000000000000000, 0.0000000000000000000 ) ) ;
#35 = ORIENTED_EDGE ( 'NONE', *, *, #2238, .T. ) ;
#36 = CARTESIAN_POINT ( 'NONE',  ( -4.161812596680515100, 26.63472960422920000, 11.50000000000000000 ) ) ;
#37 = CARTESIAN_POINT ( 'NONE',  ( -4.292423418778446000, -26.64218541141018500, 11.50000000000000000 ) ) ;
#38 = DIRECTION ( 'NONE',  ( 0.0000000000000000000, -0.4999999999999998900, -0.8660254037844387100 ) ) ;
#39 = CARTESIAN_POINT ( 'NONE',  ( -4.161812596680515100, -26.63472960422920000, 11.50000000000000000 ) ) ;
#40 = CARTESIAN_POINT ( 'NONE',  ( 13.60000000000000000, -3.750000000000000000, -6.495190528383290000 ) ) ;
#41 = PLANE ( 'NONE',  #1798 ) ;
#42 = CARTESIAN_POINT ( 'NONE',  ( -15.00000000000000000, -49.72777777777780300, 10.48323028860620100 ) ) ;
#43 = EDGE_LOOP ( 'NONE', ( #2384 ) ) ;
#44 = DIRECTION ( 'NONE',  ( -1.000000000000000000, -2.775557561562890400E-016, 1.602468905319635000E-016 ) ) ;
#45 = DIRECTION ( 'NONE',  ( 0.0000000000000000000, 0.0000000000000000000, -1.000000000000000000 ) ) ;
#46 = ADVANCED_FACE ( 'E1136', ( #1879, #1865 ), #1841, .T. ) ;
#47 = B_SPLINE_CURVE_WITH_KNOTS ( 'NONE', 3,
 ( #2602, #2585, #2622, #2626, #2628, #2629, #2636, #2638, #2654, #2658, #2660, #2668, #2674, #2676, #59, #2677, #2682, #2688 ),
 .UNSPECIFIED., .T., .F.,
 ( 4, 2, 2, 2, 2, 2, 2, 2, 4 ),
 ( 0.0000000000000000000, 0.0003126180540166148800, 0.0006252361080332297600, 0.0009378541620498445800, 0.001250472216066459500, 0.001563090270083074400, 0.001875708324099689200, 0.002188326378116304300, 0.002500944432132919000 ),
 .UNSPECIFIED. ) ;
#48 = DIRECTION ( 'NONE',  ( -1.000000000000000000, 0.0000000000000000000, 0.0000000000000000000 ) ) ;
#49 = CARTESIAN_POINT ( 'NONE',  ( 10.14996197269344200, -7.890404719467201600, -12.16715248963055800 ) ) ;
#50 = VERTEX_POINT ( 'NONE', #557 ) ;
#51 = DIRECTION ( 'NONE',  ( -2.517246393968220700E-017, 0.9115852424874963900, 0.4111111111111110900 ) ) ;
#52 = ORIENTED_EDGE ( 'NONE', *, *, #2179, .F. ) ;
#53 = PRODUCT ( 'UCFL-202', 'UCFL-202', '', ( #186 ) ) ;
#54 = DIRECTION ( 'NONE',  ( 0.0000000000000000000, 0.0000000000000000000, 1.000000000000000000 ) ) ;
#55 = CARTESIAN_POINT ( 'NONE',  ( 4.609005865845222000, -10.38579883585957300, -17.27539877964816000 ) ) ;
#56 = CARTESIAN_POINT ( 'NONE',  ( 4.800000000000005200, -9.986882552947930600, -17.50920112361128700 ) ) ;
#57 = VERTEX_POINT ( 'NONE', #565 ) ;
#58 = CARTESIAN_POINT ( 'NONE',  ( 10.21562628770269800, -8.065534695082590100, -12.05146170178573000 ) ) ;
#59 = CARTESIAN_POINT ( 'NONE',  ( -4.191299970026766400, 20.15383006587208900, 0.3568672751051973900 ) ) ;
#60 = B_SPLINE_CURVE_WITH_KNOTS ( 'NONE', 3,
 ( #1229, #1212, #1244, #1254, #1255, #1261, #1264, #1268, #1270, #1272, #1277, #1278, #1283, #1286, #1288, #1289, #1301, #1302 ),
 .UNSPECIFIED., .T., .F.,
 ( 4, 2, 2, 2, 2, 2, 2, 2, 4 ),
 ( 0.0000000000000000000, 0.0003154967866247002900, 0.0006309935732494005800, 0.0009464903598741009200, 0.001261987146498801200, 0.001577483933123501400, 0.001892980719748201800, 0.002208477506372901900, 0.002523974292997602300 ),
 .UNSPECIFIED. ) ;
#61 = CARTESIAN_POINT ( 'NONE',  ( 10.50265150495369300, -8.555241527054333200, -11.70854477981316700 ) ) ;
#62 = CARTESIAN_POINT ( 'NONE',  ( 10.76022541146944500, -8.842278169337733500, -11.49331524074661300 ) ) ;
#63 = CARTESIAN_POINT ( 'NONE',  ( 11.23124081071539700, -9.208478740626304700, -11.20164618202952800 ) ) ;
#64 = CARTESIAN_POINT ( 'NONE',  ( 4.756533558403324600, -9.896718700891387500, -17.56015886976873100 ) ) ;
#65 = CARTESIAN_POINT ( 'NONE',  ( 4.608700029973254800, -9.767858906915622100, -17.63216245815243600 ) ) ;
#66 = CARTESIAN_POINT ( 'NONE',  ( 11.40727234114451400, -9.312079172180094800, -11.11525974340977500 ) ) ;
#67 = CARTESIAN_POINT ( 'NONE',  ( 11.77942210839007600, -9.491061795170523400, -10.96282644543235200 ) ) ;
#68 = ORIENTED_EDGE ( 'NONE', *, *, #2210, .T. ) ;
#69 = EDGE_LOOP ( 'NONE', ( #2284 ) ) ;
#70 = CARTESIAN_POINT ( 'NONE',  ( 11.97815445509592900, -9.567481610537644300, -10.89587754530221500 ) ) ;
#71 = CARTESIAN_POINT ( 'NONE',  ( 12.38860042010081800, -9.691256208141052000, -10.78593551614159000 ) ) ;
#72 = CARTESIAN_POINT ( 'NONE',  ( 12.59896123184385200, -9.738537448915753500, -10.74304220134111900 ) ) ;
#73 = ADVANCED_FACE ( 'E836', ( #1861, #1844 ), #1835, .F. ) ;
#74 = CARTESIAN_POINT ( 'NONE',  ( 13.02965158456949100, -9.805720432630209900, -10.68175613749112300 ) ) ;
#75 = CARTESIAN_POINT ( 'NONE',  ( 14.46602540378444100, 14.50000000000000000, 1.500000000000000000 ) ) ;
#76 = CARTESIAN_POINT ( 'NONE',  ( 13.25204579150231500, -9.825534995623916900, -10.66343831026457600 ) ) ;
#77 = ORIENTED_EDGE ( 'NONE', *, *, #2263, .T. ) ;
#78 = CARTESIAN_POINT ( 'NONE',  ( 13.69277533181708500, -9.836392772060273500, -10.65342347702413900 ) ) ;
#79 = EDGE_LOOP ( 'NONE', ( #1059 ) ) ;
#80 = CLOSED_SHELL ( 'NONE', ( #2725, #2729, #1800, #2646, #1749, #653, #2686, #2150 ) ) ;
#81 = CARTESIAN_POINT ( 'NONE',  ( 13.91195652861346100, -9.827845231280894800, -10.66135064041815600 ) ) ;
#82 = CARTESIAN_POINT ( 'NONE',  ( 10.93400167601971300, -5.352141933647666300, -13.47713024834075000 ) ) ;
#83 = ORIENTED_EDGE ( 'NONE', *, *, #2089, .T. ) ;
#84 = DIRECTION ( 'NONE',  ( -1.000000000000000000, 0.0000000000000000000, 0.0000000000000000000 ) ) ;
#85 = ORIENTED_EDGE ( 'NONE', *, *, #2234, .T. ) ;
#86 = CARTESIAN_POINT ( 'NONE',  ( 14.34795814021495100, -9.782687143716309200, -10.70280204507786000 ) ) ;
#87 = DIRECTION ( 'NONE',  ( 0.0000000000000000000, 0.0000000000000000000, -1.000000000000000000 ) ) ;
#88 = ORIENTED_EDGE ( 'NONE', *, *, #2085, .T. ) ;
#89 = CARTESIAN_POINT ( 'NONE',  ( 14.98503035683945100, -9.644046702291836600, -10.82806607956882900 ) ) ;
#90 = CARTESIAN_POINT ( 'NONE',  ( 12.73397459621556000, -8.549038105676659800, -11.80736835487436000 ) ) ;
#91 = CARTESIAN_POINT ( 'NONE',  ( 12.73397459621556000, 12.75000000000000000, 1.500000000000000000 ) ) ;
#92 = CARTESIAN_POINT ( 'NONE',  ( -2.828427124746189800, 0.0000000000000000000, 0.0000000000000000000 ) ) ;
#93 = DIRECTION ( 'NONE',  ( -1.000000000000000000, -0.0000000000000000000, -0.0000000000000000000 ) ) ;
#94 = ORIENTED_EDGE ( 'NONE', *, *, #2217, .F. ) ;
#95 = ORIENTED_EDGE ( 'NONE', *, *, #2250, .T. ) ;
#96 = DIRECTION ( 'NONE',  ( 0.0000000000000000000, 0.0000000000000000000, -1.000000000000000000 ) ) ;
#97 = CARTESIAN_POINT ( 'NONE',  ( 14.46602540378444100, 12.75000000000000000, -1.500000000000000000 ) ) ;
#98 = CARTESIAN_POINT ( 'NONE',  ( 11.62148273342012500, -4.835443627077704100, -13.67038584184968800 ) ) ;
#99 = DIRECTION ( 'NONE',  ( -1.000000000000000000, 0.0000000000000000000, 0.0000000000000000000 ) ) ;
#100 = CARTESIAN_POINT ( 'NONE',  ( 11.43814052291947200, -4.949347916357714500, -13.62985052219841900 ) ) ;
#101 = EDGE_LOOP ( 'NONE', ( #2711 ) ) ;
#102 = CARTESIAN_POINT ( 'NONE',  ( 11.09526280729661400, -5.206686011168173400, -13.53363553653387200 ) ) ;
#103 = ORIENTED_EDGE ( 'NONE', *, *, #2133, .F. ) ;
#104 = EDGE_LOOP ( 'NONE', ( #2733 ) ) ;
#105 = CARTESIAN_POINT ( 'NONE',  ( -7.750000000000000000, 0.0000000000000000000, 0.0000000000000000000 ) ) ;
#106 = DIRECTION ( 'NONE',  ( -1.000000000000000000, -0.0000000000000000000, -1.224606353822375800E-016 ) ) ;
#107 = EDGE_LOOP ( 'NONE', ( #2369 ) ) ;
#108 = CARTESIAN_POINT ( 'NONE',  ( 10.64873958061179400, -5.664267728135379300, -13.34895254739693700 ) ) ;
#109 = DIRECTION ( 'NONE',  ( 1.196361017915039500E-016, 0.0000000000000000000, -1.000000000000000000 ) ) ;
#110 = CARTESIAN_POINT ( 'NONE',  ( -15.00000000000000000, -12.33333333333334100, -27.34755727462490100 ) ) ;
#111 = EDGE_LOOP ( 'NONE', ( #2255 ) ) ;
#112 = CARTESIAN_POINT ( 'NONE',  ( 8.000000000000000000, 0.0000000000000000000, 0.0000000000000000000 ) ) ;
#113 = EDGE_LOOP ( 'NONE', ( #2273 ) ) ;
#114 = CARTESIAN_POINT ( 'NONE',  ( 10.50000000000000000, 0.0000000000000000000, 1.561373101123529800E-015 ) ) ;
#115 = DIRECTION ( 'NONE',  ( 0.0000000000000000000, 0.0000000000000000000, 1.000000000000000000 ) ) ;
#116 = VERTEX_POINT ( 'NONE', #587 ) ;
#117 = B_SPLINE_CURVE_WITH_KNOTS ( 'NONE', 3,
 ( #1443, #1437, #1447, #1450, #1451, #1459, #1460, #1464, #1466, #1467, #1472, #1474, #1480, #1492, #1493, #1497, #1508, #1455, #1513, #1515, #1522, #1534, #1535, #1538, #1542, #1544, #1549, #1554, #1555, #1558, #1560, #1564, #1567, #1568, #1573, #1575, #1577, #1580, #1581, #1587, #1595, #1597, #1601, #1608, #1613, #1616, #1620, #1623, #1628, #1629, #1636, #1638, #1640, #1642, #1647, #1651, #1655, #1659, #1660, #1665, #1667, #1670, #1671, #1675 ),
 .UNSPECIFIED., .T., .F.,
 ( 4, 2, 2, 2, 2, 2, 2, 2, 2, 2, 2, 2, 2, 2, 2, 2, 2, 2, 2, 2, 2, 2, 2, 2, 2, 2, 2, 2, 2, 2, 2, 4 ),
 ( 0.0000000000000000000, 0.0005921781240768286300, 0.001184356248153657300, 0.001776534372230486000, 0.002368712496307314500, 0.003553068744460972000, 0.004145246868537800700, 0.004737424992614629000, 0.005329603116691458200, 0.005921781240768285600, 0.006513959364845114800, 0.007106137488921943900, 0.007698315612998774800, 0.008290493737075606600, 0.008882671861152439300, 0.009474849985229270200, 0.01006702810930610500, 0.01065920623338293700, 0.01125138435745976800, 0.01184356248153660100, 0.01243574060561343500, 0.01302791872969026800, 0.01362009685376710000, 0.01421227497784393300, 0.01480445310192076600, 0.01539663122599759800, 0.01598880935007443100, 0.01658098747415126500, 0.01717316559822810000, 0.01776534372230493100, 0.01835752184638176100, 0.01894969997045859600 ),
 .UNSPECIFIED. ) ;
#118 = EDGE_LOOP ( 'NONE', ( #2442, #2440, #2430, #2421 ) ) ;
#119 = DIRECTION ( 'NONE',  ( -1.000000000000000000, 0.0000000000000000000, 0.0000000000000000000 ) ) ;
#120 = EDGE_LOOP ( 'NONE', ( #2259 ) ) ;
#121 = EDGE_LOOP ( 'NONE', ( #2322 ) ) ;
#122 = ORIENTED_EDGE ( 'NONE', *, *, #2516, .F. ) ;
#123 = B_SPLINE_CURVE_WITH_KNOTS ( 'NONE', 3,
 ( #1962, #1414, #1968, #1969, #1974, #2124, #2111, #2093, #1976, #1982, #1984, #1993, #1995, #2000, #2004, #2009, #2027, #2033, #2034, #2038, #2041, #2045, #2050, #2052, #2054, #2057, #2062, #2067, #2068, #2072, #2075, #2080, #2082, #2086, #2094, #2098, #2099, #2105, #2107, #2110, #2114, #2118, #2119, #2127, #2129, #2134, #2135, #2139, #2141, #2152, #2155, #2160, #2402, #2397, #2367, #2354, #2314, #2168, #2188, #2192, #2198, #2199, #2203, #2204, #2209, #2230 ),
 .UNSPECIFIED., .T., .F.,
 ( 4, 2, 2, 2, 2, 2, 2, 2, 2, 2, 2, 2, 2, 2, 2, 2, 2, 2, 2, 2, 2, 2, 2, 2, 2, 2, 2, 2, 2, 2, 2, 2, 4 ),
 ( 0.0000000000000000000, 0.0006612459774596918300, 0.001322491954919383700, 0.001983737932379075600, 0.002644983909838767300, 0.003306229887298459000, 0.003967475864758151200, 0.004628721842217842900, 0.005289967819677534600, 0.005951213797137226400, 0.006612459774596918100, 0.007273705752056609800, 0.007934951729516302400, 0.008596197706975993200, 0.009257443684435685800, 0.009918689661895376700, 0.01057993563935506900, 0.01124118161681476200, 0.01190242759427445300, 0.01256367357173414500, 0.01322491954919383600, 0.01388616552665352900, 0.01454741150411322000, 0.01520865748157291200, 0.01586990345903260500, 0.01653114943649229600, 0.01719239541395198600, 0.01785364139141168100, 0.01851488736887137200, 0.01917613334633106300, 0.01983737932379075300, 0.02049862530125044800, 0.02115987127871013900 ),
 .UNSPECIFIED. ) ;
#124 = CARTESIAN_POINT ( 'NONE',  ( -4.000000000000000000, 0.0000000000000000000, -11.50000000000000000 ) ) ;
#125 = CARTESIAN_POINT ( 'NONE',  ( -8.000000000000000000, 0.0000000000000000000, 0.0000000000000000000 ) ) ;
#126 = DIRECTION ( 'NONE',  ( 1.000000000000000000, 0.0000000000000000000, 1.224606353822375800E-016 ) ) ;
#127 = ORIENTED_EDGE ( 'NONE', *, *, #2169, .T. ) ;
#128 = ORIENTED_EDGE ( 'NONE', *, *, #2389, .T. ) ;
#129 = DIRECTION ( 'NONE',  ( 8.242384167526236800E-017, 0.0000000000000000000, -1.000000000000000000 ) ) ;
#130 = DIRECTION ( 'NONE',  ( 0.0000000000000000000, 0.0000000000000000000, 1.000000000000000000 ) ) ;
#131 = CARTESIAN_POINT ( 'NONE',  ( 16.10550060565281100, -9.116595879682124700, -11.27637252738296100 ) ) ;
#132 = B_SPLINE_CURVE_WITH_KNOTS ( 'NONE', 3,
 ( #519, #508, #485, #481, #478, #474, #470, #468, #461, #454, #443, #439, #433, #427, #426, #420, #417, #415 ),
 .UNSPECIFIED., .T., .F.,
 ( 4, 2, 2, 2, 2, 2, 2, 2, 4 ),
 ( 0.0000000000000000000, 0.0003153718270059384500, 0.0006307436540118769000, 0.0009461154810178154000, 0.001261487308023753800, 0.001576859135029692200, 0.001892230962035630800, 0.002207602789041569000, 0.002522974616047507600 ),
 .UNSPECIFIED. ) ;
#133 = CARTESIAN_POINT ( 'NONE',  ( -4.000000000000000000, -45.00000000000000000, -11.50000000000000000 ) ) ;
#134 = CARTESIAN_POINT ( 'NONE',  ( -4.161812596680515100, -26.63472960422920000, 11.50000000000000000 ) ) ;
#135 = EDGE_LOOP ( 'NONE', ( #2511, #2515, #2517, #2548 ) ) ;
#136 = PLANE ( 'NONE',  #1458 ) ;
#137 = ORIENTED_EDGE ( 'NONE', *, *, #2276, .T. ) ;
#138 = CARTESIAN_POINT ( 'NONE',  ( -8.000000000000000000, 0.0000000000000000000, 0.0000000000000000000 ) ) ;
#139 = CARTESIAN_POINT ( 'NONE',  ( 15.76255724940138100, -9.328752459824784200, -11.10149878859009600 ) ) ;
#140 = DIRECTION ( 'NONE',  ( 1.000000000000000000, 0.0000000000000000000, 1.224606353822375800E-016 ) ) ;
#141 = ORIENTED_EDGE ( 'NONE', *, *, #2360, .F. ) ;
#142 = DIRECTION ( 'NONE',  ( 1.196361017915039500E-016, 0.0000000000000000000, -1.000000000000000000 ) ) ;
#143 = CARTESIAN_POINT ( 'NONE',  ( 14.46602540378444100, -7.674038105676650000, -10.29182389825160000 ) ) ;
#144 = DIRECTION ( 'NONE',  ( -5.782411586589357400E-017, 0.0000000000000000000, 1.000000000000000000 ) ) ;
#145 = CARTESIAN_POINT ( 'NONE',  ( 8.000000000000000000, 0.0000000000000000000, 9.796850830579020000E-016 ) ) ;
#146 = DIRECTION ( 'NONE',  ( -1.000000000000000000, 0.0000000000000000000, -2.449212707644755000E-016 ) ) ;
#147 = DIRECTION ( 'NONE',  ( -2.472715250257871200E-016, 0.0000000000000000000, 1.000000000000000000 ) ) ;
#148 = DIRECTION ( 'NONE',  ( 1.000000000000000000, 0.0000000000000000000, 0.0000000000000000000 ) ) ;
#149 = ORIENTED_EDGE ( 'NONE', *, *, #2316, .F. ) ;
#150 = EDGE_LOOP ( 'NONE', ( #2581, #2588, #2583, #2587 ) ) ;
#151 = CARTESIAN_POINT ( 'NONE',  ( 15.18683806706916600, -9.579873461924519200, -10.88516628477962400 ) ) ;
#152 = EDGE_LOOP ( 'NONE', ( #1602, #1498, #733, #128 ) ) ;
#153 = DIRECTION ( 'NONE',  ( 0.0000000000000000000, 0.0000000000000000000, -1.000000000000000000 ) ) ;
#154 = ORIENTED_EDGE ( 'NONE', *, *, #2277, .T. ) ;
#155 = DIRECTION ( 'NONE',  ( 0.0000000000000000000, 0.0000000000000000000, -1.000000000000000000 ) ) ;
#156 = EDGE_LOOP ( 'NONE', ( #2073 ) ) ;
#157 = ORIENTED_EDGE ( 'NONE', *, *, #2361, .F. ) ;
#158 = DIRECTION ( 'NONE',  ( 0.0000000000000000000, 0.0000000000000000000, 1.000000000000000000 ) ) ;
#159 = ORIENTED_EDGE ( 'NONE', *, *, #2146, .F. ) ;
#160 = APPROVAL_STATUS ( 'not_yet_approved' ) ;
#161 = ADVANCED_FACE ( 'E381', ( #1868 ), #1829, .T. ) ;
#162 = DATE_TIME_ROLE ( 'classification_date' ) ;
#163 = CARTESIAN_POINT ( 'NONE',  ( 15.57509934662474100, -9.422716497289764300, -11.02148966362949900 ) ) ;
#164 = PERSON_AND_ORGANIZATION_ROLE ( 'classification_officer' ) ;
#165 = CARTESIAN_POINT ( 'NONE',  ( -15.00000000000000000, 12.33333333333332000, -27.34755727462490100 ) ) ;
#166 = PERSON_AND_ORGANIZATION_ROLE ( 'design_supplier' ) ;
#167 = PERSON_AND_ORGANIZATION_ROLE ( 'creator' ) ;
#168 = APPROVAL_ROLE ( '' ) ;
#169 = ORIENTED_EDGE ( 'NONE', *, *, #2102, .F. ) ;
#170 = APPROVAL_STATUS ( 'not_yet_approved' ) ;
#171 = DIRECTION ( 'NONE',  ( -1.000000000000000000, 0.0000000000000000000, -2.449212707644755000E-016 ) ) ;
#172 = CARTESIAN_POINT ( 'NONE',  ( -12.10000000000000000, 0.0000000000000000000, 0.0000000000000000000 ) ) ;
#173 = DATE_TIME_ROLE ( 'creation_date' ) ;
#174 = PERSON_AND_ORGANIZATION_ROLE ( 'creator' ) ;
#175 = DIRECTION ( 'NONE',  ( -1.000000000000000000, 0.0000000000000000000, 0.0000000000000000000 ) ) ;
#176 = EDGE_LOOP ( 'NONE', ( #2315 ) ) ;
#177 = APPROVAL_ROLE ( '' ) ;
#178 = CARTESIAN_POINT ( 'NONE',  ( 10.52448521384532200, -5.830281115901677900, -13.27762069984750900 ) ) ;
#179 = APPROVAL_STATUS ( 'not_yet_approved' ) ;
#180 = APPLICATION_PROTOCOL_DEFINITION ( 'international standard', 'config_control_design', 1994, #181 ) ;
#181 = APPLICATION_CONTEXT ( 'configuration controlled 3d designs of mechanical parts and assemblies' ) ;
#182 = B_SPLINE_CURVE_WITH_KNOTS ( 'NONE', 3,
 ( #1833, #1657, #1796, #1687, #1757, #1624, #1726, #1612, #2309, #2669, #725, #2762, #771, #2802, #1621, #1734, #1695, #1461, #1722, #2760, #2692, #816, #820, #846, #884, #891, #832, #667, #699, #660, #648, #622, #611, #573, #594, #579, #684, #670, #514, #552, #548, #541, #497, #522, #505, #464, #456, #447, #410, #402, #395, #392, #391, #210, #366, #211, #2848, #2843, #2840, #2830, #2829, #2817, #2813, #2806 ),
 .UNSPECIFIED., .T., .F.,
 ( 4, 2, 2, 2, 2, 2, 2, 2, 2, 2, 2, 2, 2, 2, 2, 2, 2, 2, 2, 2, 2, 2, 2, 2, 2, 2, 2, 2, 2, 2, 2, 4 ),
 ( 0.0000000000000000000, 0.0005865474178180831700, 0.001173094835636166300, 0.001759642253454249400, 0.002346189671272332700, 0.002932737089090416000, 0.003519284506908498800, 0.004105831924726581700, 0.004692379342544665400, 0.005278926760362748200, 0.005865474178180831900, 0.006452021595998914800, 0.007038569013816997600, 0.007625116431635080500, 0.008211663849453163300, 0.008798211267271248800, 0.009384758685089332500, 0.009971306102907414500, 0.01055785352072550000, 0.01114440093854358200, 0.01173094835636166600, 0.01231749577417974800, 0.01290404319199783300, 0.01349059060981591500, 0.01407713802763399700, 0.01466368544545207900, 0.01525023286327015900, 0.01583678028108824100, 0.01642332769890632300, 0.01700987511672440200, 0.01759642253454248400, 0.01876951737017864400 ),
 .UNSPECIFIED. ) ;
#183 = ORIENTED_EDGE ( 'NONE', *, *, #2256, .T. ) ;
#184 = CARTESIAN_POINT ( 'NONE',  ( 12.73397459621556000, 14.50000000000000000, -1.500000000000000000 ) ) ;
#185 = PERSON_AND_ORGANIZATION_ROLE ( 'design_owner' ) ;
#186 = MECHANICAL_CONTEXT ( 'NONE', #193, 'mechanical' ) ;
#187 = B_SPLINE_CURVE_WITH_KNOTS ( 'NONE', 3,
 ( #1307, #1314, #662, #55, #2, #1318, #1323, #1331, #1350, #1335, #1327, #1344, #1349, #1355, #65, #64, #56, #3 ),
 .UNSPECIFIED., .T., .F.,
 ( 4, 2, 2, 2, 2, 2, 2, 2, 4 ),
 ( 0.0000000000000000000, 0.0003126180540166154200, 0.0006252361080332308400, 0.0009378541620498463200, 0.001250472216066461700, 0.001563090270083077000, 0.001875708324099692600, 0.002188326378116307800, 0.002500944432132923400 ),
 .UNSPECIFIED. ) ;
#188 = CARTESIAN_POINT ( 'NONE',  ( 10.31468352662895600, -6.182269532250040300, -13.11742858833512100 ) ) ;
#189 = EDGE_LOOP ( 'NONE', ( #2596 ) ) ;
#190 = DIRECTION ( 'NONE',  ( 1.000000000000000000, 0.0000000000000000000, 0.0000000000000000000 ) ) ;
#191 = CARTESIAN_POINT ( 'NONE',  ( 10.22882439257028500, -6.370606091807245800, -13.02728867272201400 ) ) ;
#192 = ORIENTED_EDGE ( 'NONE', *, *, #2179, .T. ) ;
#193 = APPLICATION_CONTEXT ( 'configuration controlled 3d designs of mechanical parts and assemblies' ) ;
#194 = CARTESIAN_POINT ( 'NONE',  ( 10.10851243057856600, -6.748437419059677600, -12.83563261161826000 ) ) ;
#195 = APPLICATION_PROTOCOL_DEFINITION ( 'international standard', 'config_control_design', 1994, #193 ) ;
#196 =( NAMED_UNIT ( * ) SI_UNIT ( $, .STERADIAN. ) SOLID_ANGLE_UNIT ( ) );
#197 = APPROVAL_ROLE ( '' ) ;
#198 = DIRECTION ( 'NONE',  ( -2.449212707644755000E-016, 0.0000000000000000000, 1.000000000000000000 ) ) ;
#199 =( NAMED_UNIT ( * ) PLANE_ANGLE_UNIT ( ) SI_UNIT ( $, .RADIAN. ) );
#200 =( LENGTH_UNIT ( ) NAMED_UNIT ( * ) SI_UNIT ( .MILLI., .METRE. ) );
#201 = SECURITY_CLASSIFICATION_LEVEL ( 'unclassified' ) ;
#202 = DIRECTION ( 'NONE',  ( 0.0000000000000000000, 0.0000000000000000000, 1.000000000000000000 ) ) ;
#203 = DIRECTION ( 'NONE',  ( 0.0000000000000000000, 0.0000000000000000000, 1.000000000000000000 ) ) ;
#204 = CARTESIAN_POINT ( 'NONE',  ( 4.133042648715864700, -20.18164978913790000, 11.30791626427210000 ) ) ;
#205 = CARTESIAN_POINT ( 'NONE',  ( 13.60000000000000000, 13.95875000000000000, 3.000000000000000000 ) ) ;
#206 = CARTESIAN_POINT ( 'NONE',  ( 13.60000000000000000, 14.50000000000000000, -2.458750000000000200 ) ) ;
#207 = CARTESIAN_POINT ( 'NONE',  ( 12.73397459621556000, -5.075961894323340200, -11.79182389825160200 ) ) ;
#208 = ORIENTED_EDGE ( 'NONE', *, *, #2348, .F. ) ;
#209 = CARTESIAN_POINT ( 'NONE',  ( 13.60000000000000000, 8.041249999999999800, 3.000000000000000000 ) ) ;
#210 = CARTESIAN_POINT ( 'NONE',  ( 3.670259741360357300, 21.96420669170650100, 18.22896791167627500 ) ) ;
#211 = CARTESIAN_POINT ( 'NONE',  ( 3.174723816387689600, 21.78516534572526100, 18.48854121876599200 ) ) ;
#212 = ADVANCED_FACE ( 'E933', ( #1855 ), #595, .T. ) ;
#213 = CARTESIAN_POINT ( 'NONE',  ( 13.60000000000000000, 7.500000000000000000, -2.458750000000000200 ) ) ;
#214 = CARTESIAN_POINT ( 'NONE',  ( 10.07245336016966100, -6.939652052127155600, -12.73344421253621500 ) ) ;
#215 = CARTESIAN_POINT ( 'NONE',  ( 13.60000000000000000, -4.381298788646683200, -13.58863210507603900 ) ) ;
#216 = CARTESIAN_POINT ( 'NONE',  ( 13.60000000000000000, -9.379339961554988400, -11.32799335487436000 ) ) ;
#217 = CARTESIAN_POINT ( 'NONE',  ( 13.60000000000000000, -1.422548788646683200, -8.463926778181619400 ) ) ;
#218 = CARTESIAN_POINT ( 'NONE',  ( 13.60000000000000000, -5.879339961554989300, -5.265815528383289900 ) ) ;
#219 = PRODUCT_RELATED_PRODUCT_CATEGORY ( 'detail', '', ( #53 ) ) ;
#220 = CARTESIAN_POINT ( 'NONE',  ( -15.00000000000000000, 49.72777777777780300, 10.48323028860620100 ) ) ;
#221 = CARTESIAN_POINT ( 'NONE',  ( 8.000000000000000000, -27.00000000000000000, 0.0000000000000000000 ) ) ;
#222 = CARTESIAN_POINT ( 'NONE',  ( -8.000000000000000000, 25.85000000000000100, 0.0000000000000000000 ) ) ;
#223 = CARTESIAN_POINT ( 'NONE',  ( -9.500000000000000000, 0.0000000000000000000, -25.85000000000000100 ) ) ;
#224 = CARTESIAN_POINT ( 'NONE',  ( 14.46602540378444100, -5.075961894323340200, -11.79182389825160200 ) ) ;
#225 = EDGE_LOOP ( 'NONE', ( #2459 ) ) ;
#226 = CARTESIAN_POINT ( 'NONE',  ( -9.500000000000000000, -27.00000000000000000, 0.0000000000000000000 ) ) ;
#227 = CARTESIAN_POINT ( 'NONE',  ( 4.812280363756165100, 17.85694626930991900, 21.40235449956382800 ) ) ;
#228 = CC_DESIGN_SECURITY_CLASSIFICATION ( #256, ( #385 ) ) ;
#229 = CARTESIAN_POINT ( 'NONE',  ( -5.100000000000000500, -12.33333333333332000, 27.34755727462490100 ) ) ;
#230 = CARTESIAN_POINT ( 'NONE',  ( 2.690106634585895100, 17.46332954639105100, 15.49340012549540000 ) ) ;
#231 = CARTESIAN_POINT ( 'NONE',  ( 17.69999999999999900, 0.0000000000000000000, 0.0000000000000000000 ) ) ;
#232 = CARTESIAN_POINT ( 'NONE',  ( 4.812280363756161500, 17.85694626930992300, 22.16779759019829800 ) ) ;
#233 = CARTESIAN_POINT ( 'NONE',  ( -4.000000000000000000, -45.00000000000000000, -6.000000000000000000 ) ) ;
#234 = DIRECTION ( 'NONE',  ( -1.000000000000000000, 0.0000000000000000000, 0.0000000000000000000 ) ) ;
#235 = DIRECTION ( 'NONE',  ( 0.0000000000000000000, 0.0000000000000000000, 1.000000000000000000 ) ) ;
#236 = CARTESIAN_POINT ( 'NONE',  ( -4.000000000000000000, 45.00000000000000000, -6.000000000000000000 ) ) ;
#237 = CC_DESIGN_DATE_AND_TIME_ASSIGNMENT ( #308, #162, ( #256 ) ) ;
#238 = CARTESIAN_POINT ( 'NONE',  ( 10.50000000000000200, 0.0000000000000000000, -27.00000000000000000 ) ) ;
#239 = ADVANCED_FACE ( 'E1317', ( #1831, #1819 ), #1814, .F. ) ;
#240 = CARTESIAN_POINT ( 'NONE',  ( 10.50000000000000000, 0.0000000000000000000, 27.20243864318455000 ) ) ;
#241 = CARTESIAN_POINT ( 'NONE',  ( 2.012830025463120200, 20.21172434082970100, 20.29450909635919900 ) ) ;
#242 = CARTESIAN_POINT ( 'NONE',  ( -7.609229083570220100, 0.0000000000000000000, 22.23397474033264800 ) ) ;
#243 = CARTESIAN_POINT ( 'NONE',  ( -15.00000000000000000, 49.72777777777780300, 10.48323028860620100 ) ) ;
#244 = CARTESIAN_POINT ( 'NONE',  ( -15.00000000000000000, 45.00000000000000000, -6.000000000000000000 ) ) ;
#245 = CARTESIAN_POINT ( 'NONE',  ( -14.99999999999999800, 0.0000000000000000000, -27.00000000000000000 ) ) ;
#246 = CARTESIAN_POINT ( 'NONE',  ( 17.69999999999999900, 0.0000000000000000000, 0.0000000000000000000 ) ) ;
#247 = CARTESIAN_POINT ( 'NONE',  ( -15.00000000000000000, -45.00000000000000000, -6.000000000000000000 ) ) ;
#248 = DIRECTION ( 'NONE',  ( -1.000000000000000000, 0.0000000000000000000, 0.0000000000000000000 ) ) ;
#249 = DIRECTION ( 'NONE',  ( -1.000000000000000000, 0.0000000000000000000, 0.0000000000000000000 ) ) ;
#250 = CARTESIAN_POINT ( 'NONE',  ( 7.609229083570222800, 0.0000000000000000000, -22.23397474033264800 ) ) ;
#251 = CARTESIAN_POINT ( 'NONE',  ( 8.000000000000000000, 0.0000000000000000000, 22.09637979398435400 ) ) ;
#252 = CC_DESIGN_PERSON_AND_ORGANIZATION_ASSIGNMENT ( #321, #164, ( #256 ) ) ;
#253 = CARTESIAN_POINT ( 'NONE',  ( -5.100000000000000500, -49.72777777777780300, -10.48323028860620100 ) ) ;
#254 = EDGE_LOOP ( 'NONE', ( #2173 ) ) ;
#255 = EDGE_LOOP ( 'NONE', ( #2226 ) ) ;
#256 = SECURITY_CLASSIFICATION ( '', '', #201 ) ;
#257 = CARTESIAN_POINT ( 'NONE',  ( -8.000000000000000000, 0.0000000000000000000, -22.09637979398435400 ) ) ;
#258 = CARTESIAN_POINT ( 'NONE',  ( -4.000000000000000000, 45.00000000000000000, -11.50000000000000000 ) ) ;
#259 = CARTESIAN_POINT ( 'NONE',  ( 9.561812596680519900, 0.0000000000000000000, 28.19108188259160000 ) ) ;
#260 = DIRECTION ( 'NONE',  ( -2.517246393968220700E-017, -0.9115852424874963900, 0.4111111111111110900 ) ) ;
#261 = CARTESIAN_POINT ( 'NONE',  ( 17.69999999999999900, 0.0000000000000000000, 7.500000000000000000 ) ) ;
#262 = CARTESIAN_POINT ( 'NONE',  ( 15.33205080756890100, -7.250000000000000000, -12.55736835487436000 ) ) ;
#263 = EDGE_LOOP ( 'NONE', ( #745, #1405, #2181, #1604 ) ) ;
#264 = CARTESIAN_POINT ( 'NONE',  ( 17.69999999999999900, 0.0000000000000000000, 14.50000000000000000 ) ) ;
#265 = CARTESIAN_POINT ( 'NONE',  ( -4.000000000000000000, -45.00000000000000000, 11.50000000000000000 ) ) ;
#266 = EDGE_LOOP ( 'NONE', ( #2525, #2521, #2519, #2505, #2501, #2474 ) ) ;
#267 = CARTESIAN_POINT ( 'NONE',  ( -12.10000000000000000, 0.0000000000000000000, 7.500000000000000000 ) ) ;
#268 = EDGE_LOOP ( 'NONE', ( #1994, #2610, #2819, #2659 ) ) ;
#269 = DIRECTION ( 'NONE',  ( -1.000000000000000000, 0.0000000000000000000, -6.123031769111888800E-017 ) ) ;
#270 = CARTESIAN_POINT ( 'NONE',  ( 7.999999999999994700, 0.0000000000000000000, 21.04637979398435000 ) ) ;
#271 = ORIENTED_EDGE ( 'NONE', *, *, #2371, .F. ) ;
#272 = CARTESIAN_POINT ( 'NONE',  ( -7.999999999999998200, 0.0000000000000000000, -14.50000000000000000 ) ) ;
#273 = CARTESIAN_POINT ( 'NONE',  ( -7.999999999999998200, 0.0000000000000000000, -21.04637979398435000 ) ) ;
#274 = CARTESIAN_POINT ( 'NONE',  ( 8.000000000000000000, 0.0000000000000000000, 14.50000000000000000 ) ) ;
#275 = CARTESIAN_POINT ( 'NONE',  ( 6.000000000000000000, 0.0000000000000000000, 4.898425415289510000E-016 ) ) ;
#276 = CC_DESIGN_PERSON_AND_ORGANIZATION_ASSIGNMENT ( #323, #166, ( #385 ) ) ;
#277 = CARTESIAN_POINT ( 'NONE',  ( -5.100000000000000500, 0.0000000000000000000, 0.0000000000000000000 ) ) ;
#278 = CARTESIAN_POINT ( 'NONE',  ( 12.73397459621556000, 12.75000000000000000, -1.500000000000000000 ) ) ;
#279 = CARTESIAN_POINT ( 'NONE',  ( -7.749999999999998200, 0.0000000000000000000, -14.50000000000000000 ) ) ;
#280 = DIRECTION ( 'NONE',  ( 0.0000000000000000000, 0.0000000000000000000, 1.000000000000000000 ) ) ;
#281 = CARTESIAN_POINT ( 'NONE',  ( -2.828427124746189800, 0.0000000000000000000, -14.50000000000000000 ) ) ;
#282 = ADVANCED_FACE ( 'E845', ( #1847, #1854 ), #631, .F. ) ;
#283 = CARTESIAN_POINT ( 'NONE',  ( -15.00000000000000000, -49.72777777777780300, 10.48323028860620100 ) ) ;
#284 = CARTESIAN_POINT ( 'NONE',  ( -2.828427124746195200, 0.0000000000000000000, -20.15685424949240100 ) ) ;
#285 = CARTESIAN_POINT ( 'NONE',  ( 9.561812596680519900, 0.0000000000000000000, 0.0000000000000000000 ) ) ;
#286 = CARTESIAN_POINT ( 'NONE',  ( -4.000000000000000000, 20.15685424949240100, 0.0000000000000000000 ) ) ;
#287 = CARTESIAN_POINT ( 'NONE',  ( -4.000000000000000000, -26.62419456546835100, -11.50000000000000000 ) ) ;
#288 = APPROVAL_DATE_TIME ( #292, #31 ) ;
#289 = CARTESIAN_POINT ( 'NONE',  ( 10.98450606922200000, 14.34063078029391900, -2.143900426564924600 ) ) ;
#290 = CARTESIAN_POINT ( 'NONE',  ( 13.60000000000000000, 6.873863542433759300, 3.000000000000000000 ) ) ;
#291 = EDGE_LOOP ( 'NONE', ( #2296 ) ) ;
#292 = DATE_AND_TIME ( #295, #299 ) ;
#293 = CARTESIAN_POINT ( 'NONE',  ( -4.107875057440959500, 26.63121803334915000, 11.50000000000000000 ) ) ;
#294 = CARTESIAN_POINT ( 'NONE',  ( 18.30000000000000100, 0.0000000000000000000, 13.89999999999999900 ) ) ;
#295 = CALENDAR_DATE ( 2019, 8, 3 ) ;
#296 = DIRECTION ( 'NONE',  ( -1.000000000000000000, 0.0000000000000000000, 0.0000000000000000000 ) ) ;
#297 = DIRECTION ( 'NONE',  ( 0.0000000000000000000, 0.0000000000000000000, 1.000000000000000000 ) ) ;
#298 = CARTESIAN_POINT ( 'NONE',  ( 13.60000000000000000, -0.8388555598635630800, -7.452940449895329800 ) ) ;
#299 = LOCAL_TIME ( 9, 13, 50.00000000000000000, #302 ) ;
#300 = CARTESIAN_POINT ( 'NONE',  ( -12.69999999999999900, 0.0000000000000000000, 13.89999999999999900 ) ) ;
#301 = CARTESIAN_POINT ( 'NONE',  ( -9.500000000000000000, -45.00000000000000000, -11.50000000000000000 ) ) ;
#302 = COORDINATED_UNIVERSAL_TIME_OFFSET ( 3, 0, .BEHIND. ) ;
#303 = CARTESIAN_POINT ( 'NONE',  ( -12.10000000000000000, 0.0000000000000000000, 14.50000000000000000 ) ) ;
#304 = APPROVAL_PERSON_ORGANIZATION ( #307, #31, #197 ) ;
#305 = ADVANCED_FACE ( 'E245', ( #1824 ), #1802, .T. ) ;
#306 = CARTESIAN_POINT ( 'NONE',  ( 10.10854460649797900, -7.704636657938190000, -12.28367102983359900 ) ) ;
#307 = PERSON_AND_ORGANIZATION ( #1543, #382 ) ;
#308 = DATE_AND_TIME ( #310, #311 ) ;
#309 = CARTESIAN_POINT ( 'NONE',  ( -4.000000000000000000, -5.216977769124310000, -19.47002609632924900 ) ) ;
#310 = CALENDAR_DATE ( 2019, 8, 3 ) ;
#311 = LOCAL_TIME ( 9, 13, 50.00000000000000000, #316 ) ;
#312 = DIRECTION ( 'NONE',  ( 1.000000000000000000, 0.0000000000000000000, 0.0000000000000000000 ) ) ;
#313 = CARTESIAN_POINT ( 'NONE',  ( -15.00000000000000000, 0.0000000000000000000, 0.0000000000000000000 ) ) ;
#314 = CARTESIAN_POINT ( 'NONE',  ( 4.799999999999999800, -10.07842712474620100, -17.45634784044069900 ) ) ;
#315 = CARTESIAN_POINT ( 'NONE',  ( 4.052587739197059900, -11.74523224478748100, -19.94683062871735000 ) ) ;
#316 = COORDINATED_UNIVERSAL_TIME_OFFSET ( 3, 0, .BEHIND. ) ;
#317 = EDGE_LOOP ( 'NONE', ( #2304 ) ) ;
#318 = DIRECTION ( 'NONE',  ( 1.000000000000000000, 0.0000000000000000000, 6.123031769111888800E-017 ) ) ;
#319 = DIRECTION ( 'NONE',  ( 5.782411586589357400E-017, 0.0000000000000000000, -1.000000000000000000 ) ) ;
#320 = CARTESIAN_POINT ( 'NONE',  ( 7.750000000000000000, -20.15685424949240100, 0.0000000000000000000 ) ) ;
#321 = PERSON_AND_ORGANIZATION ( #1543, #382 ) ;
#322 = CARTESIAN_POINT ( 'NONE',  ( 2.828427124746195200, 0.0000000000000000000, 20.15685424949240100 ) ) ;
#323 = PERSON_AND_ORGANIZATION ( #1543, #382 ) ;
#324 = ORIENTED_EDGE ( 'NONE', *, *, #2101, .F. ) ;
#325 = PERSON_AND_ORGANIZATION ( #1543, #382 ) ;
#326 = CARTESIAN_POINT ( 'NONE',  ( 4.799999999999999800, -17.45634784044069900, 10.07842712474620100 ) ) ;
#327 = CARTESIAN_POINT ( 'NONE',  ( 2.828427124746189800, 0.0000000000000000000, 14.50000000000000000 ) ) ;
#328 = DIRECTION ( 'NONE',  ( -1.000000000000000000, 0.0000000000000000000, -6.123031769111888800E-017 ) ) ;
#329 = APPROVAL_DATE_TIME ( #332, #363 ) ;
#330 = ADVANCED_FACE ( 'E1349', ( #1807, #1813 ), #669, .T. ) ;
#331 = CARTESIAN_POINT ( 'NONE',  ( 7.750000000000000000, 0.0000000000000000000, 14.50000000000000000 ) ) ;
#332 = DATE_AND_TIME ( #335, #338 ) ;
#333 = CARTESIAN_POINT ( 'NONE',  ( -4.665330969550540300, -6.249814565742630300, -22.16809655424625100 ) ) ;
#334 = CARTESIAN_POINT ( 'NONE',  ( -5.100000000000000500, -45.00000000000000000, 11.50000000000000000 ) ) ;
#335 = CALENDAR_DATE ( 2019, 8, 3 ) ;
#336 = CARTESIAN_POINT ( 'NONE',  ( -4.734394052218600100, 23.01710955659890000, -0.2195008379046050100 ) ) ;
#337 = CARTESIAN_POINT ( 'NONE',  ( -7.750000000000000000, -20.15685424949240100, -9.490699242123421800E-016 ) ) ;
#338 = LOCAL_TIME ( 9, 13, 50.00000000000000000, #340 ) ;
#339 = DIRECTION ( 'NONE',  ( 0.0000000000000000000, -1.000000000000000000, 0.0000000000000000000 ) ) ;
#340 = COORDINATED_UNIVERSAL_TIME_OFFSET ( 3, 0, .BEHIND. ) ;
#341 = CARTESIAN_POINT ( 'NONE',  ( 14.46602540378444100, 14.50000000000000000, -1.500000000000000000 ) ) ;
#342 = APPROVAL_PERSON_ORGANIZATION ( #343, #363, #168 ) ;
#343 = PERSON_AND_ORGANIZATION ( #1543, #382 ) ;
#344 = CARTESIAN_POINT ( 'NONE',  ( -12.69999999999999900, 0.0000000000000000000, 8.099999999999999600 ) ) ;
#345 = CC_DESIGN_PERSON_AND_ORGANIZATION_ASSIGNMENT ( #325, #167, ( #385 ) ) ;
#346 = DATE_AND_TIME ( #348, #350 ) ;
#347 = DIRECTION ( 'NONE',  ( 0.0000000000000000000, 0.0000000000000000000, -1.000000000000000000 ) ) ;
#348 = CALENDAR_DATE ( 2019, 8, 3 ) ;
#349 = CARTESIAN_POINT ( 'NONE',  ( 18.30000000000000100, 0.0000000000000000000, 8.099999999999999600 ) ) ;
#350 = LOCAL_TIME ( 9, 13, 50.00000000000000000, #353 ) ;
#351 = CARTESIAN_POINT ( 'NONE',  ( 10.50000000000000000, -49.72777777777780300, -10.48323028860620100 ) ) ;
#352 = EDGE_LOOP ( 'NONE', ( #2268 ) ) ;
#353 = COORDINATED_UNIVERSAL_TIME_OFFSET ( 3, 0, .BEHIND. ) ;
#354 = DIRECTION ( 'NONE',  ( 0.0000000000000000000, 0.0000000000000000000, 1.000000000000000000 ) ) ;
#355 = PERSON_AND_ORGANIZATION ( #1543, #382 ) ;
#356 = CC_DESIGN_APPROVAL ( #363, ( #385 ) ) ;
#357 = CARTESIAN_POINT ( 'NONE',  ( -5.100000000000000500, -45.00000000000000000, 0.0000000000000000000 ) ) ;
#358 = CARTESIAN_POINT ( 'NONE',  ( -12.69999999999999900, 8.099999999999999600, 0.0000000000000000000 ) ) ;
#359 = APPROVAL_DATE_TIME ( #361, #444 ) ;
#360 = CARTESIAN_POINT ( 'NONE',  ( 0.0000000000000000000, 0.0000000000000000000, 0.0000000000000000000 ) ) ;
#361 = DATE_AND_TIME ( #365, #368 ) ;
#362 = DIRECTION ( 'NONE',  ( 1.000000000000000000, 0.0000000000000000000, 0.0000000000000000000 ) ) ;
#363 = APPROVAL ( #170, 'UNSPECIFIED' ) ;
#364 = PLANE ( 'NONE',  #629 ) ;
#365 = CALENDAR_DATE ( 2019, 8, 3 ) ;
#366 = CARTESIAN_POINT ( 'NONE',  ( 3.498860207938185900, 21.91226749211636700, 18.30752184366865600 ) ) ;
#367 = DIRECTION ( 'NONE',  ( 0.0000000000000000000, 0.0000000000000000000, -1.000000000000000000 ) ) ;
#368 = LOCAL_TIME ( 9, 13, 50.00000000000000000, #376 ) ;
#369 = DIRECTION ( 'NONE',  ( -1.000000000000000000, 0.0000000000000000000, 0.0000000000000000000 ) ) ;
#370 = DIRECTION ( 'NONE',  ( 0.06162841671621927000, 0.7044160264027586900, 0.7071067811865476800 ) ) ;
#371 = CARTESIAN_POINT ( 'NONE',  ( 5.058794030621039700, 20.67461037492094900, 20.75358402782515200 ) ) ;
#372 = CARTESIAN_POINT ( 'NONE',  ( -4.000000000000000000, -26.62419456546835100, 11.50000000000000000 ) ) ;
#373 = ADVANCED_FACE ( 'E360', ( #1817 ), #687, .T. ) ;
#374 = DIRECTION ( 'NONE',  ( -0.06162841671621927000, -0.7044160264027584700, 0.7071067811865480200 ) ) ;
#375 = DIRECTION ( 'NONE',  ( 2.517246393968220400E-017, 0.9115852424874963900, -0.4111111111111110900 ) ) ;
#376 = COORDINATED_UNIVERSAL_TIME_OFFSET ( 3, 0, .BEHIND. ) ;
#377 = CARTESIAN_POINT ( 'NONE',  ( -15.00000000000000000, 12.33333333333334100, 27.34755727462490100 ) ) ;
#378 = DIRECTION ( 'NONE',  ( 5.581665400004503000E-017, -0.4111111111111110900, -0.9115852424874963900 ) ) ;
#379 = APPROVAL_PERSON_ORGANIZATION ( #380, #444, #177 ) ;
#380 = PERSON_AND_ORGANIZATION ( #1543, #382 ) ;
#381 = PERSON_AND_ORGANIZATION ( #1543, #382 ) ;
#382 = ORGANIZATION ( 'UNSPECIFIED', 'UNSPECIFIED', '' ) ;
#383 = PLANE ( 'NONE',  #727 ) ;
#384 = ORIENTED_EDGE ( 'NONE', *, *, #2325, .F. ) ;
#385 = PRODUCT_DEFINITION_FORMATION_WITH_SPECIFIED_SOURCE ( 'ANY', '', #53, .NOT_KNOWN. ) ;
#386 = EDGE_LOOP ( 'NONE', ( #2751 ) ) ;
#387 = DIRECTION ( 'NONE',  ( 0.0000000000000000000, 0.0000000000000000000, -1.000000000000000000 ) ) ;
#388 = CARTESIAN_POINT ( 'NONE',  ( -4.161812596680515100, 0.0000000000000000000, 0.0000000000000000000 ) ) ;
#389 = DIRECTION ( 'NONE',  ( -1.000000000000000000, 0.0000000000000000000, 0.0000000000000000000 ) ) ;
#390 = ORIENTED_EDGE ( 'NONE', *, *, #2218, .T. ) ;
#391 = CARTESIAN_POINT ( 'NONE',  ( 4.032020929531134000, 22.04532835968532100, 18.09671907109312300 ) ) ;
#392 = CARTESIAN_POINT ( 'NONE',  ( 4.221812220720075000, 22.07402861205717300, 18.04366097776694400 ) ) ;
#393 = ADVANCED_FACE ( 'E1323', ( #1789, #1785 ), #1769, .T. ) ;
#394 = DIRECTION ( 'NONE',  ( 0.0000000000000000000, 0.0000000000000000000, 1.000000000000000000 ) ) ;
#395 = CARTESIAN_POINT ( 'NONE',  ( 4.604202340132601100, 22.10635106164917100, 17.96783108290433600 ) ) ;
#396 = DIRECTION ( 'NONE',  ( 1.000000000000000000, 0.0000000000000000000, 0.0000000000000000000 ) ) ;
#397 = CARTESIAN_POINT ( 'NONE',  ( -5.100000000000000500, 0.0000000000000000000, 0.0000000000000000000 ) ) ;
#398 = CARTESIAN_POINT ( 'NONE',  ( 10.50000000000000000, 49.72777777777780300, 10.48323028860620100 ) ) ;
#399 = DIRECTION ( 'NONE',  ( -1.000000000000000000, 0.0000000000000000000, 0.0000000000000000000 ) ) ;
#400 = PLANE ( 'NONE',  #756 ) ;
#401 = VERTEX_POINT ( 'NONE', #204 ) ;
#402 = CARTESIAN_POINT ( 'NONE',  ( 4.798967895810064600, 22.11046572280034200, 17.94425598950371600 ) ) ;
#403 = VERTEX_POINT ( 'NONE', #205 ) ;
#404 = VERTEX_POINT ( 'NONE', #206 ) ;
#405 = EDGE_LOOP ( 'NONE', ( #2358 ) ) ;
#406 = VERTEX_POINT ( 'NONE', #209 ) ;
#407 = DIRECTION ( 'NONE',  ( 0.0000000000000000000, -1.000000000000000000, 0.0000000000000000000 ) ) ;
#408 = CARTESIAN_POINT ( 'NONE',  ( 0.0000000000000000000, 0.0000000000000000000, 0.0000000000000000000 ) ) ;
#409 = VERTEX_POINT ( 'NONE', #213 ) ;
#410 = CARTESIAN_POINT ( 'NONE',  ( 5.194729505114475300, 22.09375189025902500, 17.92731190737859800 ) ) ;
#411 = CC_DESIGN_DATE_AND_TIME_ASSIGNMENT ( #346, #173, ( #449 ) ) ;
#412 = CARTESIAN_POINT ( 'NONE',  ( -4.161812596680515100, -26.63472960422920000, 11.50000000000000000 ) ) ;
#413 = DIRECTION ( 'NONE',  ( 1.000000000000000000, 0.0000000000000000000, 0.0000000000000000000 ) ) ;
#414 = VERTEX_POINT ( 'NONE', #215 ) ;
#415 = CARTESIAN_POINT ( 'NONE',  ( 4.133042648715864700, -20.18164978913790400, 11.30791626427210000 ) ) ;
#416 = VERTEX_POINT ( 'NONE', #216 ) ;
#417 = CARTESIAN_POINT ( 'NONE',  ( 4.054400053918390900, -20.15936549462475500, 11.37643171909678800 ) ) ;
#418 = CARTESIAN_POINT ( 'NONE',  ( -4.000000000000000000, 0.0000000000000000000, 0.0000000000000000000 ) ) ;
#419 = VERTEX_POINT ( 'NONE', #217 ) ;
#420 = CARTESIAN_POINT ( 'NONE',  ( 4.005741132000540700, -20.11636915067000300, 11.46938955877359400 ) ) ;
#421 = DIRECTION ( 'NONE',  ( 1.000000000000000000, 0.0000000000000000000, 0.0000000000000000000 ) ) ;
#422 = VERTEX_POINT ( 'NONE', #218 ) ;
#423 = CARTESIAN_POINT ( 'NONE',  ( -4.053937525211350300, 26.62770635380516600, 11.50000000000000000 ) ) ;
#424 = VERTEX_POINT ( 'NONE', #221 ) ;
#425 = CC_DESIGN_PERSON_AND_ORGANIZATION_ASSIGNMENT ( #355, #174, ( #449 ) ) ;
#426 = CARTESIAN_POINT ( 'NONE',  ( 3.995245968324262300, -20.01255874648083500, 11.65318277316442600 ) ) ;
#427 = CARTESIAN_POINT ( 'NONE',  ( 4.033939120933232500, -19.95279466025474600, 11.74199934585237400 ) ) ;
#428 = VERTEX_POINT ( 'NONE', #222 ) ;
#429 = VERTEX_POINT ( 'NONE', #223 ) ;
#430 = VERTEX_POINT ( 'NONE', #226 ) ;
#431 = CC_DESIGN_APPROVAL ( #444, ( #449 ) ) ;
#432 = VERTEX_POINT ( 'NONE', #227 ) ;
#433 = CARTESIAN_POINT ( 'NONE',  ( 4.175832761826529600, -19.85188399640253100, 11.86281377929861800 ) ) ;
#434 = VERTEX_POINT ( 'NONE', #230 ) ;
#435 = ORIENTED_EDGE ( 'NONE', *, *, #2108, .F. ) ;
#436 = VERTEX_POINT ( 'NONE', #232 ) ;
#437 = VERTEX_POINT ( 'NONE', #233 ) ;
#438 = ORIENTED_EDGE ( 'NONE', *, *, #2102, .T. ) ;
#439 = CARTESIAN_POINT ( 'NONE',  ( 4.277250831621580900, -19.81170781954442700, 11.89379776155455600 ) ) ;
#440 = CARTESIAN_POINT ( 'NONE',  ( 10.05141665007584400, -7.326557237405200600, -12.51482845129688600 ) ) ;
#441 = VERTEX_POINT ( 'NONE', #236 ) ;
#442 = VERTEX_POINT ( 'NONE', #238 ) ;
#443 = CARTESIAN_POINT ( 'NONE',  ( 4.483688036732809600, -19.77258608175105400, 11.88286362058275000 ) ) ;
#444 = APPROVAL ( #179, 'UNSPECIFIED' ) ;
#445 = ORIENTED_EDGE ( 'NONE', *, *, #2311, .F. ) ;
#446 = VERTEX_POINT ( 'NONE', #240 ) ;
#447 = CARTESIAN_POINT ( 'NONE',  ( 5.389457440908535600, 22.07321337335373100, 17.93418055766673900 ) ) ;
#448 = VERTEX_POINT ( 'NONE', #241 ) ;
#449 = PRODUCT_DEFINITION ( 'UNKNOWN', '', #385, #2443 ) ;
#450 = ORIENTED_EDGE ( 'NONE', *, *, #2232, .T. ) ;
#451 = VERTEX_POINT ( 'NONE', #242 ) ;
#452 = VERTEX_POINT ( 'NONE', #244 ) ;
#453 = CARTESIAN_POINT ( 'NONE',  ( 10.06712724030252200, -7.518868596409180100, -12.40018957003664300 ) ) ;
#454 = CARTESIAN_POINT ( 'NONE',  ( 4.589375518737385900, -19.77366103007399500, 11.84065388500057000 ) ) ;
#455 = VERTEX_POINT ( 'NONE', #245 ) ;
#456 = CARTESIAN_POINT ( 'NONE',  ( 5.772852162556604000, 22.00860119634452200, 17.97721063649916600 ) ) ;
#457 = CC_DESIGN_PERSON_AND_ORGANIZATION_ASSIGNMENT ( #381, #185, ( #53 ) ) ;
#458 = CARTESIAN_POINT ( 'NONE',  ( 10.10854460649798100, -7.704636657938190900, -12.28367102983360200 ) ) ;
#459 = CARTESIAN_POINT ( 'NONE',  ( -4.053937525211347600, -26.62770635380516600, 11.50000000000000000 ) ) ;
#460 = VERTEX_POINT ( 'NONE', #247 ) ;
#461 = CARTESIAN_POINT ( 'NONE',  ( 4.744823091690113500, -19.81766253672616800, 11.70504284561302900 ) ) ;
#462 = VERTEX_POINT ( 'NONE', #250 ) ;
#463 = CARTESIAN_POINT ( 'NONE',  ( -4.161812596680515100, -26.63472960422920000, -11.50000000000000000 ) ) ;
#464 = CARTESIAN_POINT ( 'NONE',  ( 5.963541102294403400, 21.96383526269122700, 18.01402480171827500 ) ) ;
#465 = VERTEX_POINT ( 'NONE', #251 ) ;
#466 = VERTEX_POINT ( 'NONE', #257 ) ;
#467 = VERTEX_POINT ( 'NONE', #259 ) ;
#468 = CARTESIAN_POINT ( 'NONE',  ( 4.794242140151925300, -19.86057150324571600, 11.61181317931806400 ) ) ;
#469 = VERTEX_POINT ( 'NONE', #261 ) ;
#470 = CARTESIAN_POINT ( 'NONE',  ( 4.804772639665046100, -19.96482112903233400, 11.42721928608179200 ) ) ;
#471 = VERTEX_POINT ( 'NONE', #264 ) ;
#472 = EDGE_LOOP ( 'NONE', ( #2613 ) ) ;
#473 = B_SPLINE_CURVE_WITH_KNOTS ( 'NONE', 3,
 ( #1631, #49, #58, #1369, #61, #62, #1698, #63, #66, #67, #70, #71, #72, #74, #76, #78, #81, #86, #1999, #89, #151, #163, #139, #131, #2808, #2788, #2849, #2795, #2777, #1846, #1852, #1857, #1862, #1873, #1972, #2156, #2008, #2011, #2021, #2029, #2039, #2207, #2214, #2221, #2233, #2254, #2438, #2450, #2454, #2462, #2488, #98, #100, #102, #82, #108, #178, #188, #191, #194, #214, #440, #453, #458 ),
 .UNSPECIFIED., .T., .F.,
 ( 4, 2, 2, 2, 2, 2, 2, 2, 2, 2, 2, 2, 2, 2, 2, 2, 2, 2, 2, 2, 2, 2, 2, 2, 2, 2, 2, 2, 2, 2, 2, 4 ),
 ( 0.0000000000000000000, 0.0006584623281970494600, 0.001316924656394098900, 0.001975386984591148200, 0.002633849312788197900, 0.003292311640985247500, 0.003950773969182296400, 0.004609236297379346000, 0.005267698625576395700, 0.005926160953773445400, 0.006584623281970495100, 0.007243085610167544800, 0.007901547938364592700, 0.008560010266561642400, 0.009218472594758692100, 0.009876934922955741800, 0.01053539725115279100, 0.01119385957934983800, 0.01185232190754688700, 0.01251078423574393400, 0.01316924656394098100, 0.01448617122033508100, 0.01514463354853212700, 0.01580309587672917200, 0.01646155820492622300, 0.01712002053312326700, 0.01777848286132031500, 0.01843694518951736300, 0.01909540751771441100, 0.01975386984591145600, 0.02041233217410850700, 0.02107079450230555200 ),
 .UNSPECIFIED. ) ;
#474 = CARTESIAN_POINT ( 'NONE',  ( 4.765628306997511400, -20.02465096596481000, 11.33857092098345700 ) ) ;
#475 = ORIENTED_EDGE ( 'NONE', *, *, #2361, .T. ) ;
#476 = VERTEX_POINT ( 'NONE', #267 ) ;
#477 = VERTEX_POINT ( 'NONE', #270 ) ;
#478 = CARTESIAN_POINT ( 'NONE',  ( 4.624984296812733900, -20.12489616382809700, 11.21869531847247700 ) ) ;
#479 = ADVANCED_FACE ( 'E1338', ( #1793, #1771, #1775, #1777 ), #1760, .F. ) ;
#480 = ORIENTED_EDGE ( 'NONE', *, *, #2375, .F. ) ;
#481 = CARTESIAN_POINT ( 'NONE',  ( 4.523343133791904300, -20.16548806385822700, 11.18720538078136300 ) ) ;
#482 = VERTEX_POINT ( 'NONE', #272 ) ;
#483 = DIRECTION ( 'NONE',  ( -1.000000000000000000, 0.0000000000000000000, 0.0000000000000000000 ) ) ;
#484 = VERTEX_POINT ( 'NONE', #273 ) ;
#485 = CARTESIAN_POINT ( 'NONE',  ( 4.316549574142457300, -20.20479633737068400, 11.19797798402719400 ) ) ;
#486 = VERTEX_POINT ( 'NONE', #274 ) ;
#487 = VERTEX_POINT ( 'NONE', #279 ) ;
#488 = CARTESIAN_POINT ( 'NONE',  ( -12.69999999999999900, 0.0000000000000000000, 0.0000000000000000000 ) ) ;
#489 = VERTEX_POINT ( 'NONE', #281 ) ;
#490 = VERTEX_POINT ( 'NONE', #284 ) ;
#491 = VERTEX_POINT ( 'NONE', #286 ) ;
#492 = EDGE_LOOP ( 'NONE', ( #2312 ) ) ;
#493 = VERTEX_POINT ( 'NONE', #289 ) ;
#494 = VERTEX_POINT ( 'NONE', #290 ) ;
#495 = VERTEX_POINT ( 'NONE', #294 ) ;
#496 = DIRECTION ( 'NONE',  ( 6.409875621278550000E-016, 0.0000000000000000000, -1.000000000000000000 ) ) ;
#497 = CARTESIAN_POINT ( 'NONE',  ( 6.826081999656643100, 21.63152040745745800, 18.33227639171561300 ) ) ;
#498 = VERTEX_POINT ( 'NONE', #298 ) ;
#499 = ORIENTED_EDGE ( 'NONE', *, *, #2206, .T. ) ;
#500 = CARTESIAN_POINT ( 'NONE',  ( 12.73397459621556000, 14.50000000000000000, 1.500000000000000000 ) ) ;
#501 = VERTEX_POINT ( 'NONE', #300 ) ;
#502 = DIRECTION ( 'NONE',  ( -0.4999999999999998900, 0.0000000000000000000, 0.8660254037844387100 ) ) ;
#503 = ADVANCED_FACE ( 'E97', ( #1766 ), #728, .T. ) ;
#504 = CARTESIAN_POINT ( 'NONE',  ( -5.100000000000000500, 55.19885594382850500, 0.0000000000000000000 ) ) ;
#505 = CARTESIAN_POINT ( 'NONE',  ( 6.326973545377623700, 21.85225850354582300, 18.11519531112686800 ) ) ;
#506 = VERTEX_POINT ( 'NONE', #303 ) ;
#507 = CARTESIAN_POINT ( 'NONE',  ( -4.161812596680515100, 0.0000000000000000000, 0.0000000000000000000 ) ) ;
#508 = CARTESIAN_POINT ( 'NONE',  ( 4.211685243513338500, -20.20393408365105300, 11.23940080944741200 ) ) ;
#509 = VERTEX_POINT ( 'NONE', #306 ) ;
#510 = DIRECTION ( 'NONE',  ( -1.000000000000000000, 0.0000000000000000000, -6.409875621278550000E-016 ) ) ;
#511 = PLANE ( 'NONE',  #2066 ) ;
#512 = ADVANCED_BREP_SHAPE_REPRESENTATION ( 'UCFL-202', ( #1224, #515 ), #748 ) ;
#513 = VERTEX_POINT ( 'NONE', #309 ) ;
#514 = CARTESIAN_POINT ( 'NONE',  ( 7.603025540508459000, 21.01707557573648400, 18.96473872996089600 ) ) ;
#515 = AXIS2_PLACEMENT_3D ( 'NONE', #360, #203, #190 ) ;
#516 = CARTESIAN_POINT ( 'NONE',  ( -9.500000000000000000, 0.0000000000000000000, -11.50000000000000000 ) ) ;
#517 = VERTEX_POINT ( 'NONE', #314 ) ;
#518 = DIRECTION ( 'NONE',  ( 0.0000000000000000000, 0.0000000000000000000, 1.000000000000000000 ) ) ;
#519 = CARTESIAN_POINT ( 'NONE',  ( 4.133042648715864700, -20.18164978913790400, 11.30791626427210000 ) ) ;
#520 = CARTESIAN_POINT ( 'NONE',  ( 12.73397459621556000, 12.75000000000000000, -1.500000000000000000 ) ) ;
#521 = VERTEX_POINT ( 'NONE', #315 ) ;
#522 = CARTESIAN_POINT ( 'NONE',  ( 6.499453061865897200, 21.78589992208150900, 18.17902937051735200 ) ) ;
#523 = DIRECTION ( 'NONE',  ( 1.000000000000000000, 0.0000000000000000000, 0.0000000000000000000 ) ) ;
#524 = CARTESIAN_POINT ( 'NONE',  ( 14.46602540378444100, -5.950961894323340200, -13.30736835487436000 ) ) ;
#525 = DIRECTION ( 'NONE',  ( 0.0000000000000000000, 0.0000000000000000000, -1.000000000000000000 ) ) ;
#526 = VERTEX_POINT ( 'NONE', #320 ) ;
#527 = DIRECTION ( 'NONE',  ( -1.000000000000000000, 0.0000000000000000000, 0.0000000000000000000 ) ) ;
#528 = VERTEX_POINT ( 'NONE', #322 ) ;
#529 = VERTEX_POINT ( 'NONE', #326 ) ;
#530 = PLANE ( 'NONE',  #2053 ) ;
#531 = CARTESIAN_POINT ( 'NONE',  ( -12.69999999999999900, 0.0000000000000000000, 0.0000000000000000000 ) ) ;
#532 = VERTEX_POINT ( 'NONE', #327 ) ;
#533 = VERTEX_POINT ( 'NONE', #331 ) ;
#534 = CARTESIAN_POINT ( 'NONE',  ( -4.000000000000000000, 26.62419456546835100, 11.50000000000000000 ) ) ;
#535 = DIRECTION ( 'NONE',  ( 1.000000000000000000, 0.0000000000000000000, 0.0000000000000000000 ) ) ;
#536 = CARTESIAN_POINT ( 'NONE',  ( -16.00000000000000000, -45.00000000000000000, 0.0000000000000000000 ) ) ;
#537 = VERTEX_POINT ( 'NONE', #333 ) ;
#538 = EDGE_LOOP ( 'NONE', ( #2035 ) ) ;
#539 = DIRECTION ( 'NONE',  ( 0.0000000000000000000, -1.000000000000000000, 0.0000000000000000000 ) ) ;
#540 = VERTEX_POINT ( 'NONE', #336 ) ;
#541 = CARTESIAN_POINT ( 'NONE',  ( 6.980748552744021400, 21.54275475449637900, 18.42248331396535100 ) ) ;
#542 = DIRECTION ( 'NONE',  ( 0.0000000000000000000, 0.0000000000000000000, -1.000000000000000000 ) ) ;
#543 = ORIENTED_EDGE ( 'NONE', *, *, #2108, .T. ) ;
#544 = DIRECTION ( 'NONE',  ( 6.123031769111888800E-017, 0.0000000000000000000, -1.000000000000000000 ) ) ;
#545 = DIRECTION ( 'NONE',  ( -1.000000000000000000, 0.0000000000000000000, 0.0000000000000000000 ) ) ;
#546 = VERTEX_POINT ( 'NONE', #337 ) ;
#547 = DIRECTION ( 'NONE',  ( 1.000000000000000000, 0.0000000000000000000, 6.123031769111888800E-017 ) ) ;
#548 = CARTESIAN_POINT ( 'NONE',  ( 7.258162539493674200, 21.34981680523489800, 18.62051999261691600 ) ) ;
#549 = DIRECTION ( 'NONE',  ( 0.0000000000000000000, 0.0000000000000000000, -1.000000000000000000 ) ) ;
#550 = VERTEX_POINT ( 'NONE', #349 ) ;
#551 = CARTESIAN_POINT ( 'NONE',  ( 13.60000000000000000, 13.95875000000000000, 0.0000000000000000000 ) ) ;
#552 = CARTESIAN_POINT ( 'NONE',  ( 7.382771838632177000, 21.24494321192136300, 18.72903317831432100 ) ) ;
#553 = DIRECTION ( 'NONE',  ( 0.0000000000000000000, -1.000000000000000000, 0.0000000000000000000 ) ) ;
#554 = CARTESIAN_POINT ( 'NONE',  ( -4.161812596680515100, 26.63472960422920000, 11.50000000000000000 ) ) ;
#555 = DIRECTION ( 'NONE',  ( -0.8660254037844386000, 0.4330127018922193500, -0.2500000000000001700 ) ) ;
#556 = SHAPE_DEFINITION_REPRESENTATION ( #1481, #512 ) ;
#557 = CARTESIAN_POINT ( 'NONE',  ( -15.00000000000000000, 49.72777777777780300, -10.48323028860620100 ) ) ;
#558 = PLANE ( 'NONE',  #813 ) ;
#559 = LINE ( 'NONE', #341, #577 ) ;
#560 = EDGE_LOOP ( 'NONE', ( #2761 ) ) ;
#561 = CARTESIAN_POINT ( 'NONE',  ( -4.053937525211350300, -26.62770635380516600, -11.50000000000000000 ) ) ;
#562 = VERTEX_POINT ( 'NONE', #344 ) ;
#563 = DIRECTION ( 'NONE',  ( 0.0000000000000000000, -1.000000000000000000, 0.0000000000000000000 ) ) ;
#564 = CYLINDRICAL_SURFACE ( 'NONE', #700, 3.000000000000002200 ) ;
#565 = CARTESIAN_POINT ( 'NONE',  ( -5.100000000000000500, 12.33333333333332000, -27.34755727462490100 ) ) ;
#566 = FACE_BOUND ( 'NONE', #405, .T. ) ;
#567 = CARTESIAN_POINT ( 'NONE',  ( -15.00000000000000000, 0.0000000000000000000, 0.0000000000000000000 ) ) ;
#568 = ADVANCED_FACE ( 'E6', ( #1781, #1762, #1756 ), #1738, .T. ) ;
#569 = CARTESIAN_POINT ( 'NONE',  ( -16.00000000000000000, 0.0000000000000000000, 0.0000000000000000000 ) ) ;
#570 = DIRECTION ( 'NONE',  ( -0.4999999999999998900, 0.0000000000000000000, -0.8660254037844387100 ) ) ;
#571 = FACE_OUTER_BOUND ( 'NONE', #2278, .T. ) ;
#572 = DIRECTION ( 'NONE',  ( 0.06162841671621927000, 0.7044160264027586900, 0.7071067811865476800 ) ) ;
#573 = CARTESIAN_POINT ( 'NONE',  ( 8.001963341784721400, 20.10260419862769200, 19.89789363492295100 ) ) ;
#574 = CARTESIAN_POINT ( 'NONE',  ( 10.50000000000000000, 45.00000000000000000, -1.193991194976818000E-015 ) ) ;
#575 = FACE_OUTER_BOUND ( 'NONE', #560, .T. ) ;
#576 = VERTEX_POINT ( 'NONE', #753 ) ;
#577 = VECTOR ( 'NONE', #339, 1000.000000000000000 ) ;
#578 = DIRECTION ( 'NONE',  ( -1.000000000000000000, 0.0000000000000000000, -6.123031769111888800E-017 ) ) ;
#579 = CARTESIAN_POINT ( 'NONE',  ( 7.905110820233738300, 20.51176143424289600, 19.48422751854422300 ) ) ;
#580 = FACE_OUTER_BOUND ( 'NONE', #2010, .T. ) ;
#581 = ADVANCED_FACE ( 'E1223', ( #1735 ), #754, .T. ) ;
#582 = ORIENTED_EDGE ( 'NONE', *, *, #2303, .T. ) ;
#583 = DIRECTION ( 'NONE',  ( -0.06162841671621946400, -0.7044160264027585800, 0.7071067811865476800 ) ) ;
#584 = FACE_OUTER_BOUND ( 'NONE', #2571, .T. ) ;
#585 = DIRECTION ( 'NONE',  ( 0.0000000000000000000, 0.0000000000000000000, 1.000000000000000000 ) ) ;
#586 = DIRECTION ( 'NONE',  ( 0.0000000000000000000, 1.000000000000000000, 0.0000000000000000000 ) ) ;
#587 = CARTESIAN_POINT ( 'NONE',  ( -4.000000000000000000, 45.00000000000000000, 11.50000000000000000 ) ) ;
#588 = EDGE_CURVE ( 'E1218', #1677, #2308, #1754, .T. ) ;
#589 = CYLINDRICAL_SURFACE ( 'NONE', #769, 14.50000000000000000 ) ;
#590 = CARTESIAN_POINT ( 'NONE',  ( 15.33205080756890100, 12.75000000000000000, 1.060540212046012100E-016 ) ) ;
#591 = FACE_OUTER_BOUND ( 'NONE', #1105, .T. ) ;
#592 = DIRECTION ( 'NONE',  ( 0.0000000000000000000, 0.0000000000000000000, 1.000000000000000000 ) ) ;
#593 = FACE_OUTER_BOUND ( 'NONE', #852, .T. ) ;
#594 = CARTESIAN_POINT ( 'NONE',  ( 7.982695082243168400, 20.23991187613946300, 19.75983524926662900 ) ) ;
#595 = PLANE ( 'NONE',  #2019 ) ;
#596 = TOROIDAL_SURFACE ( 'NONE', #784, 17.32842712474619900, 4.000000000000000000 ) ;
#597 = DIRECTION ( 'NONE',  ( 0.0000000000000000000, 0.0000000000000000000, 1.000000000000000000 ) ) ;
#598 = FACE_OUTER_BOUND ( 'NONE', #1526, .T. ) ;
#599 = CARTESIAN_POINT ( 'NONE',  ( 15.33205080756890100, -7.250000000000000000, -12.55736835487436000 ) ) ;
#600 = DIRECTION ( 'NONE',  ( -6.123031769111888800E-017, 1.000000000000000000, 0.0000000000000000000 ) ) ;
#601 = CARTESIAN_POINT ( 'NONE',  ( 5.058794030621039700, 20.67461037492094900, 20.75358402782515200 ) ) ;
#602 = CYLINDRICAL_SURFACE ( 'NONE', #776, 5.999999999999998200 ) ;
#603 = FACE_BOUND ( 'NONE', #2076, .T. ) ;
#604 = CARTESIAN_POINT ( 'NONE',  ( 0.0000000000000000000, 0.0000000000000000000, 0.0000000000000000000 ) ) ;
#605 = FACE_BOUND ( 'NONE', #1332, .T. ) ;
#606 = FACE_OUTER_BOUND ( 'NONE', #2497, .T. ) ;
#607 = EDGE_CURVE ( 'E1182', #1945, #2106, #1806, .T. ) ;
#608 = ORIENTED_EDGE ( 'NONE', *, *, #2270, .F. ) ;
#609 = DIRECTION ( 'NONE',  ( 0.0000000000000000000, 0.0000000000000000000, -1.000000000000000000 ) ) ;
#610 = FACE_OUTER_BOUND ( 'NONE', #1988, .T. ) ;
#611 = CARTESIAN_POINT ( 'NONE',  ( 8.002333921776351400, 19.82512160230282900, 20.17434428020078100 ) ) ;
#612 = CARTESIAN_POINT ( 'NONE',  ( -4.000000000000000000, 0.0000000000000000000, 0.0000000000000000000 ) ) ;
#613 = PLANE ( 'NONE',  #889 ) ;
#614 = FACE_OUTER_BOUND ( 'NONE', #902, .T. ) ;
#615 = DIRECTION ( 'NONE',  ( 0.5000000000000001100, 0.7500000000000001100, -0.4330127018922190800 ) ) ;
#616 = FACE_OUTER_BOUND ( 'NONE', #841, .T. ) ;
#617 = CARTESIAN_POINT ( 'NONE',  ( 13.60000000000000000, 15.50000000000000000, 0.0000000000000000000 ) ) ;
#618 = FACE_BOUND ( 'NONE', #1495, .T. ) ;
#619 = DIRECTION ( 'NONE',  ( 1.000000000000000000, 0.0000000000000000000, 0.0000000000000000000 ) ) ;
#620 = FACE_OUTER_BOUND ( 'NONE', #644, .T. ) ;
#621 = CARTESIAN_POINT ( 'NONE',  ( -8.000000000000000000, 0.0000000000000000000, 0.0000000000000000000 ) ) ;
#622 = CARTESIAN_POINT ( 'NONE',  ( 7.982798534290434000, 19.68352687471456600, 20.31411041659894300 ) ) ;
#623 = DIRECTION ( 'NONE',  ( -1.000000000000000000, 0.0000000000000000000, 0.0000000000000000000 ) ) ;
#624 = CYLINDRICAL_SURFACE ( 'NONE', #824, 2.458750000000000700 ) ;
#625 = CARTESIAN_POINT ( 'NONE',  ( 8.000000000000000000, 0.0000000000000000000, -94.00000000000000000 ) ) ;
#626 = DIRECTION ( 'NONE',  ( -1.000000000000000000, 0.0000000000000000000, 0.0000000000000000000 ) ) ;
#627 = LINE ( 'NONE', #590, #663 ) ;
#628 = DIRECTION ( 'NONE',  ( 1.000000000000000000, 0.0000000000000000000, 0.0000000000000000000 ) ) ;
#629 = AXIS2_PLACEMENT_3D ( 'NONE', #358, #369, #354 ) ;
#630 = DIRECTION ( 'NONE',  ( 1.000000000000000000, 0.0000000000000000000, 0.0000000000000000000 ) ) ;
#631 = PLANE ( 'NONE',  #1989 ) ;
#632 = DIRECTION ( 'NONE',  ( 0.0000000000000000000, 0.0000000000000000000, -1.000000000000000000 ) ) ;
#633 = FACE_BOUND ( 'NONE', #2724, .T. ) ;
#634 = DIRECTION ( 'NONE',  ( 1.000000000000000000, 0.0000000000000000000, 0.0000000000000000000 ) ) ;
#635 = FACE_OUTER_BOUND ( 'NONE', #2754, .T. ) ;
#636 = DIRECTION ( 'NONE',  ( 0.0000000000000000000, 0.0000000000000000000, 1.000000000000000000 ) ) ;
#637 = DIRECTION ( 'NONE',  ( 0.0000000000000000000, 0.0000000000000000000, 1.000000000000000000 ) ) ;
#638 = FACE_BOUND ( 'NONE', #79, .T. ) ;
#639 = CARTESIAN_POINT ( 'NONE',  ( -4.110000000000000300, 0.0000000000000000000, 0.0000000000000000000 ) ) ;
#640 = PLANE ( 'NONE',  #918 ) ;
#641 = TOROIDAL_SURFACE ( 'NONE', #877, 30.00000000000000000, 0.9899999999999999900 ) ;
#642 = DIRECTION ( 'NONE',  ( 0.0000000000000000000, 0.0000000000000000000, -1.000000000000000000 ) ) ;
#643 = FACE_OUTER_BOUND ( 'NONE', #386, .T. ) ;
#644 = EDGE_LOOP ( 'NONE', ( #1917, #978, #1091, #996, #1133, #384, #2091, #1 ) ) ;
#645 = FACE_BOUND ( 'NONE', #111, .T. ) ;
#646 = DIRECTION ( 'NONE',  ( -1.000000000000000000, 0.0000000000000000000, -6.123031769111888800E-017 ) ) ;
#647 = DIRECTION ( 'NONE',  ( 1.000000000000000000, 2.775557561562890400E-016, -1.602468905319635000E-016 ) ) ;
#648 = CARTESIAN_POINT ( 'NONE',  ( 7.906046738265485100, 19.40859777161916000, 20.58325015026004600 ) ) ;
#649 = FACE_OUTER_BOUND ( 'NONE', #120, .T. ) ;
#650 = CC_DESIGN_APPROVAL ( #31, ( #256 ) ) ;
#651 = FACE_OUTER_BOUND ( 'NONE', #2144, .T. ) ;
#652 = CARTESIAN_POINT ( 'NONE',  ( 10.50000000000000000, -45.00000000000000000, -1.193991194976818000E-015 ) ) ;
#653 = ADVANCED_FACE ( 'E1406', ( #1745, #1748 ), #1719, .F. ) ;
#654 = EDGE_LOOP ( 'NONE', ( #499, #1987, #2614, #2592 ) ) ;
#655 = DIRECTION ( 'NONE',  ( -3.204937810639271500E-016, 0.8660254037844387100, -0.4999999999999998900 ) ) ;
#656 = FACE_OUTER_BOUND ( 'NONE', #881, .T. ) ;
#657 = CARTESIAN_POINT ( 'NONE',  ( -8.000000000000000000, 0.0000000000000000000, -94.00000000000000000 ) ) ;
#658 = DIRECTION ( 'NONE',  ( 0.0000000000000000000, -1.000000000000000000, 0.0000000000000000000 ) ) ;
#659 = CYLINDRICAL_SURFACE ( 'NONE', #931, 0.4000000000000001900 ) ;
#660 = CARTESIAN_POINT ( 'NONE',  ( 7.849223560391216400, 19.27435931012744100, 20.71354917244695000 ) ) ;
#661 = DIRECTION ( 'NONE',  ( 1.000000000000000000, 0.0000000000000000000, 0.0000000000000000000 ) ) ;
#662 = CARTESIAN_POINT ( 'NONE',  ( 4.756628525024209100, -10.25901266260842300, -17.35099073952987700 ) ) ;
#663 = VECTOR ( 'NONE', #570, 1000.000000000000000 ) ;
#664 = DIRECTION ( 'NONE',  ( 1.000000000000000000, 0.0000000000000000000, 0.0000000000000000000 ) ) ;
#665 = FACE_OUTER_BOUND ( 'NONE', #2825, .T. ) ;
#666 = ORIENTED_EDGE ( 'NONE', *, *, #2348, .T. ) ;
#667 = CARTESIAN_POINT ( 'NONE',  ( 7.604272440971050700, 18.88620155603826200, 21.08756729389491700 ) ) ;
#668 = CYLINDRICAL_SURFACE ( 'NONE', #935, 3.000000000000000400 ) ;
#669 = PLANE ( 'NONE',  #1967 ) ;
#670 = CARTESIAN_POINT ( 'NONE',  ( 7.696587621386678200, 20.89584536713568900, 19.09009092521123900 ) ) ;
#671 = FACE_OUTER_BOUND ( 'NONE', #1961, .T. ) ;
#672 = DIRECTION ( 'NONE',  ( 0.0000000000000000000, 0.0000000000000000000, 1.000000000000000000 ) ) ;
#673 = CARTESIAN_POINT ( 'NONE',  ( -8.000000000000000000, 0.0000000000000000000, 0.0000000000000000000 ) ) ;
#674 = VECTOR ( 'NONE', #689, 1000.000000000000000 ) ;
#675 = FACE_OUTER_BOUND ( 'NONE', #156, .T. ) ;
#676 = CARTESIAN_POINT ( 'NONE',  ( -4.107875057440958600, -26.63121803334915000, 11.50000000000000000 ) ) ;
#677 = LINE ( 'NONE', #693, #674 ) ;
#678 = SPHERICAL_SURFACE ( 'NONE', #940, 23.50000000000000000 ) ;
#679 = ORIENTED_EDGE ( 'NONE', *, *, #2356, .F. ) ;
#680 = CARTESIAN_POINT ( 'NONE',  ( 14.46602540378444100, -8.549038105676659800, -11.80736835487436000 ) ) ;
#681 = CARTESIAN_POINT ( 'NONE',  ( 10.50000000000000000, 49.72777777777780300, -10.48323028860620100 ) ) ;
#682 = DIRECTION ( 'NONE',  ( 0.0000000000000000000, 0.0000000000000000000, 1.000000000000000000 ) ) ;
#683 = FACE_OUTER_BOUND ( 'NONE', #2386, .T. ) ;
#684 = CARTESIAN_POINT ( 'NONE',  ( 7.847067895540600800, 20.64415383995673300, 19.34884470575992700 ) ) ;
#685 = EDGE_LOOP ( 'NONE', ( #2468 ) ) ;
#686 = FACE_OUTER_BOUND ( 'NONE', #2822, .T. ) ;
#687 = PLANE ( 'NONE',  #1954 ) ;
#688 = FACE_OUTER_BOUND ( 'NONE', #1372, .T. ) ;
#689 = DIRECTION ( 'NONE',  ( 0.0000000000000000000, -1.000000000000000000, 0.0000000000000000000 ) ) ;
#690 = DIRECTION ( 'NONE',  ( 0.0000000000000000000, 1.000000000000000000, 0.0000000000000000000 ) ) ;
#691 = VECTOR ( 'NONE', #789, 1000.000000000000100 ) ;
#692 = CARTESIAN_POINT ( 'NONE',  ( -12.69999999999999900, 0.0000000000000000000, 0.0000000000000000000 ) ) ;
#693 = CARTESIAN_POINT ( 'NONE',  ( 15.33205080756890100, 14.50000000000000000, 1.060540212046012100E-016 ) ) ;
#694 = LINE ( 'NONE', #794, #691 ) ;
#695 = DIRECTION ( 'NONE',  ( 1.000000000000000000, 0.0000000000000000000, 0.0000000000000000000 ) ) ;
#696 = FACE_BOUND ( 'NONE', #1688, .T. ) ;
#697 = DIRECTION ( 'NONE',  ( 5.581665400004504300E-017, 0.4111111111111107600, -0.9115852424874966200 ) ) ;
#698 = SPHERICAL_SURFACE ( 'NONE', #959, 23.50000000000000000 ) ;
#699 = CARTESIAN_POINT ( 'NONE',  ( 7.698429766237933500, 19.01284046922742000, 20.96602126718380900 ) ) ;
#700 = AXIS2_PLACEMENT_3D ( 'NONE', #371, #370, #374 ) ;
#701 = DIRECTION ( 'NONE',  ( -2.517246393968218200E-017, 0.9115852424874966200, 0.4111111111111107600 ) ) ;
#702 = CARTESIAN_POINT ( 'NONE',  ( -5.100000000000000500, 55.19885594382850500, 0.0000000000000000000 ) ) ;
#703 = FACE_OUTER_BOUND ( 'NONE', #2773, .T. ) ;
#704 = FACE_OUTER_BOUND ( 'NONE', #2768, .T. ) ;
#705 = CARTESIAN_POINT ( 'NONE',  ( 14.46602540378444100, 14.50000000000000000, -1.500000000000000000 ) ) ;
#706 = DIRECTION ( 'NONE',  ( 0.0000000000000000000, 0.0000000000000000000, -1.000000000000000000 ) ) ;
#707 = CYLINDRICAL_SURFACE ( 'NONE', #964, 14.50000000000000000 ) ;
#708 = CARTESIAN_POINT ( 'NONE',  ( -9.500000000000000000, 0.0000000000000000000, 11.50000000000000000 ) ) ;
#709 = CIRCLE ( 'NONE', #967, 3.000000000000000000 ) ;
#710 = DIRECTION ( 'NONE',  ( 1.000000000000000000, 0.0000000000000000000, 0.0000000000000000000 ) ) ;
#711 = FACE_OUTER_BOUND ( 'NONE', #254, .T. ) ;
#712 = CONICAL_SURFACE ( 'NONE', #986, 3.000000000000000900, 0.7853981633974476100 ) ;
#713 = DIRECTION ( 'NONE',  ( 0.0000000000000000000, 0.0000000000000000000, 1.000000000000000000 ) ) ;
#714 = PLANE ( 'NONE',  #927 ) ;
#715 = FACE_OUTER_BOUND ( 'NONE', #2728, .T. ) ;
#716 = CARTESIAN_POINT ( 'NONE',  ( -12.69999999999999900, 0.0000000000000000000, 0.0000000000000000000 ) ) ;
#717 = DIRECTION ( 'NONE',  ( 0.0000000000000000000, -0.2588190451025210700, -0.9659258262890682000 ) ) ;
#718 = ORIENTED_EDGE ( 'NONE', *, *, #2112, .T. ) ;
#719 = VECTOR ( 'NONE', #895, 1000.000000000000000 ) ;
#720 = DIRECTION ( 'NONE',  ( -1.000000000000000000, 0.0000000000000000000, 0.0000000000000000000 ) ) ;
#721 = ORIENTED_EDGE ( 'NONE', *, *, #2339, .F. ) ;
#722 = TOROIDAL_SURFACE ( 'NONE', #977, 17.32842712474619900, 4.000000000000000000 ) ;
#723 = CARTESIAN_POINT ( 'NONE',  ( -8.000000000000000000, 0.0000000000000000000, 0.0000000000000000000 ) ) ;
#724 = ORIENTED_EDGE ( 'NONE', *, *, #2380, .F. ) ;
#725 = CARTESIAN_POINT ( 'NONE',  ( 3.175959395069454700, 18.40448809175364500, 21.85612739791106000 ) ) ;
#726 = FACE_BOUND ( 'NONE', #2241, .T. ) ;
#727 = AXIS2_PLACEMENT_3D ( 'NONE', #398, #378, #375 ) ;
#728 = PLANE ( 'NONE',  #1930 ) ;
#729 = FACE_OUTER_BOUND ( 'NONE', #2784, .T. ) ;
#730 = CARTESIAN_POINT ( 'NONE',  ( -4.400000000000000400, 0.0000000000000000000, 0.0000000000000000000 ) ) ;
#731 = CARTESIAN_POINT ( 'NONE',  ( 8.000000000000000000, 0.0000000000000000000, 0.0000000000000000000 ) ) ;
#732 = DIRECTION ( 'NONE',  ( 1.000000000000000000, -0.0000000000000000000, -0.0000000000000000000 ) ) ;
#733 = ORIENTED_EDGE ( 'NONE', *, *, #2276, .F. ) ;
#734 = CONICAL_SURFACE ( 'NONE', #997, 2.458750000000000200, 0.7853981633974490600 ) ;
#735 = DIRECTION ( 'NONE',  ( 1.000000000000000000, 0.0000000000000000000, 0.0000000000000000000 ) ) ;
#736 = DIRECTION ( 'NONE',  ( -6.123031769111887500E-017, -0.4999999999999998900, -0.8660254037844387100 ) ) ;
#737 = FACE_OUTER_BOUND ( 'NONE', #43, .T. ) ;
#738 = DIRECTION ( 'NONE',  ( 0.0000000000000000000, 0.0000000000000000000, -1.000000000000000000 ) ) ;
#739 = CARTESIAN_POINT ( 'NONE',  ( 13.60000000000000000, -7.750000000000000000, -13.42339375865879900 ) ) ;
#740 = DIRECTION ( 'NONE',  ( 0.0000000000000000000, 0.0000000000000000000, 1.000000000000000000 ) ) ;
#741 = VECTOR ( 'NONE', #953, 1000.000000000000000 ) ;
#742 = DIRECTION ( 'NONE',  ( 1.000000000000000000, 0.0000000000000000000, 0.0000000000000000000 ) ) ;
#743 = FACE_OUTER_BOUND ( 'NONE', #2775, .T. ) ;
#744 = DIRECTION ( 'NONE',  ( 0.0000000000000000000, 0.0000000000000000000, 1.000000000000000000 ) ) ;
#745 = ORIENTED_EDGE ( 'NONE', *, *, #2333, .F. ) ;
#746 = FACE_BOUND ( 'NONE', #1980, .T. ) ;
#747 = DIRECTION ( 'NONE',  ( 1.000000000000000000, 0.0000000000000000000, 0.0000000000000000000 ) ) ;
#748 =( GEOMETRIC_REPRESENTATION_CONTEXT ( 3 ) GLOBAL_UNCERTAINTY_ASSIGNED_CONTEXT ( ( #943 ) ) GLOBAL_UNIT_ASSIGNED_CONTEXT ( ( #200, #199, #196 ) ) REPRESENTATION_CONTEXT ( 'NONE', 'WORKASPACE' ) );
#749 = DIRECTION ( 'NONE',  ( -1.000000000000000000, 0.0000000000000000000, 0.0000000000000000000 ) ) ;
#750 = ADVANCED_FACE ( 'E318', ( #1731 ), #809, .F. ) ;
#751 = DIRECTION ( 'NONE',  ( 0.0000000000000000000, 0.8660254037844387100, -0.4999999999999997800 ) ) ;
#752 = CYLINDRICAL_SURFACE ( 'NONE', #991, 27.00000000000000000 ) ;
#753 = CARTESIAN_POINT ( 'NONE',  ( -4.000000000000000000, 26.62419456546835100, -11.50000000000000000 ) ) ;
#754 = PLANE ( 'NONE',  #1916 ) ;
#755 = LINE ( 'NONE', #900, #719 ) ;
#756 = AXIS2_PLACEMENT_3D ( 'NONE', #504, #396, #387 ) ;
#757 = LINE ( 'NONE', #957, #741 ) ;
#758 = EDGE_LOOP ( 'NONE', ( #2231 ) ) ;
#759 = DIRECTION ( 'NONE',  ( 0.0000000000000000000, -1.000000000000000000, 0.0000000000000000000 ) ) ;
#760 = FACE_OUTER_BOUND ( 'NONE', #225, .T. ) ;
#761 = CARTESIAN_POINT ( 'NONE',  ( 11.86794919243111900, 14.50000000000000000, -3.181620636138040000E-016 ) ) ;
#762 = FACE_OUTER_BOUND ( 'NONE', #2842, .T. ) ;
#763 = DIRECTION ( 'NONE',  ( 0.8660254037844387100, 0.0000000000000000000, -0.4999999999999998900 ) ) ;
#764 = LINE ( 'NONE', #1054, #795 ) ;
#765 = DIRECTION ( 'NONE',  ( 0.0000000000000000000, 0.0000000000000000000, -1.000000000000000000 ) ) ;
#766 = DIRECTION ( 'NONE',  ( -0.4999999999999998900, 0.0000000000000000000, -0.8660254037844387100 ) ) ;
#767 = EDGE_LOOP ( 'NONE', ( #2271 ) ) ;
#768 = FACE_OUTER_BOUND ( 'NONE', #1143, .T. ) ;
#769 = AXIS2_PLACEMENT_3D ( 'NONE', #531, #527, #518 ) ;
#770 = DIRECTION ( 'NONE',  ( 1.000000000000000000, 0.0000000000000000000, 0.0000000000000000000 ) ) ;
#771 = CARTESIAN_POINT ( 'NONE',  ( 3.676088323992090500, 18.14268418229688600, 22.03507757798737600 ) ) ;
#772 = CARTESIAN_POINT ( 'NONE',  ( 11.86794919243111900, 14.50000000000000000, -5.551115123125779700E-016 ) ) ;
#773 = FACE_OUTER_BOUND ( 'NONE', #2280, .T. ) ;
#774 = CARTESIAN_POINT ( 'NONE',  ( 14.46602540378444100, 12.75000000000000000, -1.500000000000000000 ) ) ;
#775 = EDGE_CURVE ( 'NONE', #562, #562, #1727, .T. ) ;
#776 = AXIS2_PLACEMENT_3D ( 'NONE', #536, #535, #539 ) ;
#777 = CARTESIAN_POINT ( 'NONE',  ( -15.00000000000000000, 0.0000000000000000000, 0.0000000000000000000 ) ) ;
#778 = FACE_OUTER_BOUND ( 'NONE', #2845, .T. ) ;
#779 = FACE_OUTER_BOUND ( 'NONE', #113, .T. ) ;
#780 = TOROIDAL_SURFACE ( 'NONE', #1010, 21.04637979398435000, 2.000000000000000000 ) ;
#781 = PLANE ( 'NONE',  #946 ) ;
#782 = CARTESIAN_POINT ( 'NONE',  ( 4.400000000000000400, 0.0000000000000000000, 0.0000000000000000000 ) ) ;
#783 = DIRECTION ( 'NONE',  ( -1.000000000000000000, 0.0000000000000000000, -3.204937810639275000E-016 ) ) ;
#784 = AXIS2_PLACEMENT_3D ( 'NONE', #408, #413, #407 ) ;
#785 = CARTESIAN_POINT ( 'NONE',  ( 0.0000000000000000000, 0.0000000000000000000, 0.0000000000000000000 ) ) ;
#786 = FACE_BOUND ( 'NONE', #266, .T. ) ;
#787 = FACE_OUTER_BOUND ( 'NONE', #2512, .T. ) ;
#788 = DIRECTION ( 'NONE',  ( 1.000000000000000000, 0.0000000000000000000, 0.0000000000000000000 ) ) ;
#789 = DIRECTION ( 'NONE',  ( 0.5000000000000003300, 0.0000000000000000000, -0.8660254037844383700 ) ) ;
#790 = CARTESIAN_POINT ( 'NONE',  ( 9.561812596680519900, 0.0000000000000000000, 0.0000000000000000000 ) ) ;
#791 = FACE_OUTER_BOUND ( 'NONE', #150, .T. ) ;
#792 = FACE_OUTER_BOUND ( 'NONE', #2426, .T. ) ;
#793 = DIRECTION ( 'NONE',  ( -5.581665400004504300E-017, 0.4111111111111107600, 0.9115852424874966200 ) ) ;
#794 = CARTESIAN_POINT ( 'NONE',  ( 14.46602540378444100, 12.75000000000000000, 1.500000000000000000 ) ) ;
#795 = VECTOR ( 'NONE', #1053, 1000.000000000000000 ) ;
#796 = SPHERICAL_SURFACE ( 'NONE', #1035, 23.50000000000000000 ) ;
#797 = DIRECTION ( 'NONE',  ( 0.0000000000000000000, -0.8660254037844387100, 0.4999999999999998900 ) ) ;
#798 = FACE_BOUND ( 'NONE', #101, .T. ) ;
#799 = EDGE_LOOP ( 'NONE', ( #475 ) ) ;
#800 = CARTESIAN_POINT ( 'NONE',  ( 10.50000000000000000, -49.72777777777780300, -10.48323028860620100 ) ) ;
#801 = VECTOR ( 'NONE', #1274, 1000.000000000000100 ) ;
#802 = CARTESIAN_POINT ( 'NONE',  ( -4.000000000000000000, 0.0000000000000000000, -11.50000000000000000 ) ) ;
#803 = EDGE_LOOP ( 'NONE', ( #2625 ) ) ;
#804 = DIRECTION ( 'NONE',  ( 1.000000000000000000, 0.0000000000000000000, 0.0000000000000000000 ) ) ;
#805 = FACE_OUTER_BOUND ( 'NONE', #2621, .T. ) ;
#806 = FACE_OUTER_BOUND ( 'NONE', #2136, .T. ) ;
#807 = DIRECTION ( 'NONE',  ( 0.0000000000000000000, 0.0000000000000000000, 1.000000000000000000 ) ) ;
#808 = DIRECTION ( 'NONE',  ( -6.123031769111888800E-017, 1.000000000000000000, 0.0000000000000000000 ) ) ;
#809 = PLANE ( 'NONE',  #1888 ) ;
#810 = CARTESIAN_POINT ( 'NONE',  ( -4.107875057440959500, -26.63121803334915000, -11.50000000000000000 ) ) ;
#811 = EDGE_LOOP ( 'NONE', ( #2130, #909, #2452, #480, #2434 ) ) ;
#812 = LINE ( 'NONE', #1252, #801 ) ;
#813 = AXIS2_PLACEMENT_3D ( 'NONE', #567, #547, #544 ) ;
#814 = CARTESIAN_POINT ( 'NONE',  ( 13.60000000000000000, 13.95875000000000000, 0.0000000000000000000 ) ) ;
#815 = FACE_OUTER_BOUND ( 'NONE', #1141, .T. ) ;
#816 = CARTESIAN_POINT ( 'NONE',  ( 6.329269675561077300, 18.03252961906484900, 21.92034700822167500 ) ) ;
#817 = DIRECTION ( 'NONE',  ( -2.517246393968218200E-017, -0.9115852424874966200, 0.4111111111111107600 ) ) ;
#818 = CYLINDRICAL_SURFACE ( 'NONE', #1052, 20.15685424949240100 ) ;
#819 = DIRECTION ( 'NONE',  ( 0.0000000000000000000, 1.000000000000000000, 0.0000000000000000000 ) ) ;
#820 = CARTESIAN_POINT ( 'NONE',  ( 6.504866006115342700, 18.09805983629857100, 21.85278951087016400 ) ) ;
#821 = LINE ( 'NONE', #1222, #829 ) ;
#822 = DIRECTION ( 'NONE',  ( 0.0000000000000000000, -0.8660254037844388200, 0.4999999999999997200 ) ) ;
#823 = EDGE_LOOP ( 'NONE', ( #2642 ) ) ;
#824 = AXIS2_PLACEMENT_3D ( 'NONE', #601, #572, #583 ) ;
#825 = ADVANCED_FACE ( 'E909', ( #1723, #1710 ), #1696, .T. ) ;
#826 = FACE_OUTER_BOUND ( 'NONE', #799, .T. ) ;
#827 = CARTESIAN_POINT ( 'NONE',  ( 13.60000000000000000, -6.979375000000000100, -12.08863210507604100 ) ) ;
#828 = CARTESIAN_POINT ( 'NONE',  ( -5.100000000000000500, -12.33333333333334100, -27.34755727462490100 ) ) ;
#829 = VECTOR ( 'NONE', #1246, 1000.000000000000000 ) ;
#830 = FACE_BOUND ( 'NONE', #2821, .T. ) ;
#831 = EDGE_LOOP ( 'NONE', ( #2545 ) ) ;
#832 = CARTESIAN_POINT ( 'NONE',  ( 7.386624997132113200, 18.65165762916719700, 21.31258925290858400 ) ) ;
#833 = DIRECTION ( 'NONE',  ( 0.0000000000000000000, 0.4999999999999998900, 0.8660254037844387100 ) ) ;
#834 = FACE_OUTER_BOUND ( 'NONE', #2828, .T. ) ;
#835 = FACE_OUTER_BOUND ( 'NONE', #2780, .T. ) ;
#836 = TOROIDAL_SURFACE ( 'NONE', #1065, 27.20243864318455000, 0.9899999999999999900 ) ;
#837 = CARTESIAN_POINT ( 'NONE',  ( -12.69999999999999900, 0.0000000000000000000, 0.0000000000000000000 ) ) ;
#838 = DIRECTION ( 'NONE',  ( -1.000000000000000000, 0.0000000000000000000, 0.0000000000000000000 ) ) ;
#839 = DIRECTION ( 'NONE',  ( 0.0000000000000000000, 0.0000000000000000000, 1.000000000000000000 ) ) ;
#840 = FACE_BOUND ( 'NONE', #2834, .T. ) ;
#841 = EDGE_LOOP ( 'NONE', ( #2832 ) ) ;
#842 = DIRECTION ( 'NONE',  ( 0.0000000000000000000, 1.000000000000000000, 0.0000000000000000000 ) ) ;
#843 = ORIENTED_EDGE ( 'NONE', *, *, #2191, .T. ) ;
#844 = TOROIDAL_SURFACE ( 'NONE', #1058, 8.099999999999999600, 0.5999999999999999800 ) ;
#845 = CARTESIAN_POINT ( 'NONE',  ( 0.0000000000000000000, 0.0000000000000000000, 0.0000000000000000000 ) ) ;
#846 = CARTESIAN_POINT ( 'NONE',  ( 6.830088977741136000, 18.25189599959658800, 21.69907229437012600 ) ) ;
#847 = ORIENTED_EDGE ( 'NONE', *, *, #2303, .F. ) ;
#848 = EDGE_CURVE ( 'NONE', #550, #550, #1703, .T. ) ;
#849 = DIRECTION ( 'NONE',  ( 0.0000000000000000000, 0.0000000000000000000, 1.000000000000000000 ) ) ;
#850 = DIRECTION ( 'NONE',  ( 0.0000000000000000000, 0.0000000000000000000, 1.000000000000000000 ) ) ;
#851 = DIRECTION ( 'NONE',  ( 0.0000000000000000000, -1.000000000000000000, 0.0000000000000000000 ) ) ;
#852 = EDGE_LOOP ( 'NONE', ( #2211 ) ) ;
#853 = FACE_OUTER_BOUND ( 'NONE', #121, .T. ) ;
#854 = CARTESIAN_POINT ( 'NONE',  ( -5.100000000000000500, 45.00000000000000000, -11.50000000000000000 ) ) ;
#855 = FACE_BOUND ( 'NONE', #1092, .T. ) ;
#856 = CARTESIAN_POINT ( 'NONE',  ( -5.100000000000008500, -27.44473793960798200, -11.50000000000000400 ) ) ;
#857 = CARTESIAN_POINT ( 'NONE',  ( 18.30000000000000100, 0.0000000000000000000, 0.0000000000000000000 ) ) ;
#858 = VECTOR ( 'NONE', #1360, 1000.000000000000000 ) ;
#859 = DIRECTION ( 'NONE',  ( -1.000000000000000000, 0.0000000000000000000, 0.0000000000000000000 ) ) ;
#860 = DIRECTION ( 'NONE',  ( 0.0000000000000000000, 0.0000000000000000000, 1.000000000000000000 ) ) ;
#861 = FACE_OUTER_BOUND ( 'NONE', #2648, .T. ) ;
#862 = CARTESIAN_POINT ( 'NONE',  ( 0.0000000000000000000, 0.0000000000000000000, 0.0000000000000000000 ) ) ;
#863 = CARTESIAN_POINT ( 'NONE',  ( -5.100000000000000500, -27.70830200499484900, -11.50000000000000000 ) ) ;
#864 = DIRECTION ( 'NONE',  ( -1.000000000000000000, 0.0000000000000000000, 0.0000000000000000000 ) ) ;
#865 = CYLINDRICAL_SURFACE ( 'NONE', #1072, 0.4000000000000001900 ) ;
#866 = CARTESIAN_POINT ( 'NONE',  ( -5.010916475904419800, -27.18631154828456400, -11.50000000000000000 ) ) ;
#867 = FACE_OUTER_BOUND ( 'NONE', #176, .T. ) ;
#868 = CARTESIAN_POINT ( 'NONE',  ( -4.756176713621004000, -26.88304017462337100, -11.49999999999999800 ) ) ;
#869 = VERTEX_POINT ( 'NONE', #854 ) ;
#870 = CARTESIAN_POINT ( 'NONE',  ( -4.654727543532799500, -26.80006456054079700, -11.50000000000000400 ) ) ;
#871 = LINE ( 'NONE', #1356, #858 ) ;
#872 = CARTESIAN_POINT ( 'NONE',  ( -4.420630225997697900, -26.67800072094227900, -11.50000000000000400 ) ) ;
#873 = FACE_OUTER_BOUND ( 'NONE', #2704, .T. ) ;
#874 = FACE_BOUND ( 'NONE', #2486, .T. ) ;
#875 = DIRECTION ( 'NONE',  ( 1.000000000000000000, 0.0000000000000000000, 0.0000000000000000000 ) ) ;
#876 = EDGE_CURVE ( 'E597', #2568, #917, #2539, .T. ) ;
#877 = AXIS2_PLACEMENT_3D ( 'NONE', #639, #626, #585 ) ;
#878 = CARTESIAN_POINT ( 'NONE',  ( -4.292685049633167400, -26.64220034638399100, -11.50000000000000400 ) ) ;
#879 = CARTESIAN_POINT ( 'NONE',  ( -4.161812596680515100, -26.63472960422920000, -11.50000000000000000 ) ) ;
#880 = FACE_OUTER_BOUND ( 'NONE', #2557, .T. ) ;
#881 = EDGE_LOOP ( 'NONE', ( #2809, #2807, #2493, #2804 ) ) ;
#882 = VECTOR ( 'NONE', #1626, 1000.000000000000000 ) ;
#883 = ORIENTED_EDGE ( 'NONE', *, *, #2187, .T. ) ;
#884 = CARTESIAN_POINT ( 'NONE',  ( 6.981789290906708500, 18.34071110792432800, 21.61234597677990300 ) ) ;
#885 = DIRECTION ( 'NONE',  ( -1.000000000000000000, 0.0000000000000000000, 0.0000000000000000000 ) ) ;
#886 = CARTESIAN_POINT ( 'NONE',  ( 17.69999999999999900, 0.0000000000000000000, 0.0000000000000000000 ) ) ;
#887 = CIRCLE ( 'NONE', #1086, 2.458750000000000200 ) ;
#888 = FACE_OUTER_BOUND ( 'NONE', #2707, .T. ) ;
#889 = AXIS2_PLACEMENT_3D ( 'NONE', #625, #695, #609 ) ;
#890 = ADVANCED_FACE ( 'E1326', ( #1713, #1707 ), #1684, .T. ) ;
#891 = CARTESIAN_POINT ( 'NONE',  ( 7.262379114897437500, 18.54226493421119700, 21.41749540536002200 ) ) ;
#892 = CARTESIAN_POINT ( 'NONE',  ( -12.69999999999999900, 0.0000000000000000000, 0.0000000000000000000 ) ) ;
#893 = LINE ( 'NONE', #1574, #882 ) ;
#894 = ADVANCED_FACE ( 'E1365', ( #1725, #1701 ), #1681, .T. ) ;
#895 = DIRECTION ( 'NONE',  ( -1.000000000000000000, 0.0000000000000000000, -3.204937810639275000E-016 ) ) ;
#896 = DIRECTION ( 'NONE',  ( -1.000000000000000000, 0.0000000000000000000, 0.0000000000000000000 ) ) ;
#897 = FACE_BOUND ( 'NONE', #1415, .T. ) ;
#898 = CARTESIAN_POINT ( 'NONE',  ( 14.46602540378444100, 14.50000000000000000, 1.500000000000000000 ) ) ;
#899 = FACE_OUTER_BOUND ( 'NONE', #2586, .T. ) ;
#900 = CARTESIAN_POINT ( 'NONE',  ( 14.46602540378444100, 14.50000000000000000, -1.500000000000000000 ) ) ;
#901 = FACE_OUTER_BOUND ( 'NONE', #135, .T. ) ;
#902 = EDGE_LOOP ( 'NONE', ( #2824 ) ) ;
#903 = DIRECTION ( 'NONE',  ( 1.000000000000000000, 0.0000000000000000000, 6.123031769111888800E-017 ) ) ;
#904 = ORIENTED_EDGE ( 'NONE', *, *, #2191, .F. ) ;
#905 = CIRCLE ( 'NONE', #1095, 3.000000000000000000 ) ;
#906 = CARTESIAN_POINT ( 'NONE',  ( -4.161812596680515100, -26.63472960422920000, -11.50000000000000000 ) ) ;
#907 = VECTOR ( 'NONE', #1645, 1000.000000000000100 ) ;
#908 = LINE ( 'NONE', #1663, #907 ) ;
#909 = ORIENTED_EDGE ( 'NONE', *, *, #2201, .T. ) ;
#910 = DIRECTION ( 'NONE',  ( -1.000000000000000000, 0.0000000000000000000, 0.0000000000000000000 ) ) ;
#911 = LINE ( 'NONE', #1639, #912 ) ;
#912 = VECTOR ( 'NONE', #1649, 1000.000000000000000 ) ;
#913 = CARTESIAN_POINT ( 'NONE',  ( -4.734394052218600100, 23.01710955659889300, -0.2195008379046049800 ) ) ;
#914 = VECTOR ( 'NONE', #1718, 1000.000000000000000 ) ;
#915 = CARTESIAN_POINT ( 'NONE',  ( -7.750000000000000000, 0.0000000000000000000, -9.490699242123421800E-016 ) ) ;
#916 = FACE_OUTER_BOUND ( 'NONE', #2040, .T. ) ;
#917 = VERTEX_POINT ( 'NONE', #906 ) ;
#918 = AXIS2_PLACEMENT_3D ( 'NONE', #708, #636, #630 ) ;
#919 = DIRECTION ( 'NONE',  ( -1.000000000000000000, 0.0000000000000000000, -1.224606353822375800E-016 ) ) ;
#920 = CIRCLE ( 'NONE', #1107, 2.458750000000000200 ) ;
#921 = DIRECTION ( 'NONE',  ( 0.0000000000000000000, -1.000000000000000000, 0.0000000000000000000 ) ) ;
#922 = ORIENTED_EDGE ( 'NONE', *, *, #2325, .T. ) ;
#923 = VECTOR ( 'NONE', #1820, 1000.000000000000100 ) ;
#924 = CARTESIAN_POINT ( 'NONE',  ( -4.792606570145689000, 23.00598152689344300, -0.1308181706978991400 ) ) ;
#925 = LINE ( 'NONE', #1672, #914 ) ;
#926 = VECTOR ( 'NONE', #1896, 1000.000000000000000 ) ;
#927 = AXIS2_PLACEMENT_3D ( 'NONE', #680, #655, #647 ) ;
#928 = CARTESIAN_POINT ( 'NONE',  ( -4.813148328811901200, 23.00205017787566000, -0.01923811727755599100 ) ) ;
#929 = LINE ( 'NONE', #1848, #923 ) ;
#930 = CARTESIAN_POINT ( 'NONE',  ( -12.69999999999999900, 0.0000000000000000000, 0.0000000000000000000 ) ) ;
#931 = AXIS2_PLACEMENT_3D ( 'NONE', #730, #717, #735 ) ;
#932 = CARTESIAN_POINT ( 'NONE',  ( -4.769178704455851100, 23.01045947128918500, 0.1864637523293696000 ) ) ;
#933 = CARTESIAN_POINT ( 'NONE',  ( -4.704442573984995800, 23.02284050828012200, 0.2796018782644797400 ) ) ;
#934 = VECTOR ( 'NONE', #1840, 1000.000000000000000 ) ;
#935 = AXIS2_PLACEMENT_3D ( 'NONE', #739, #736, #751 ) ;
#936 = EDGE_CURVE ( 'NONE', #546, #546, #1689, .T. ) ;
#937 = DIRECTION ( 'NONE',  ( 0.0000000000000000000, 0.0000000000000000000, -1.000000000000000000 ) ) ;
#938 = FACE_OUTER_BOUND ( 'NONE', #1383, .T. ) ;
#939 = CARTESIAN_POINT ( 'NONE',  ( -4.529291034024421200, 23.05629021810223400, 0.3926147217114127600 ) ) ;
#940 = AXIS2_PLACEMENT_3D ( 'NONE', #785, #819, #747 ) ;
#941 = VECTOR ( 'NONE', #1878, 1000.000000000000000 ) ;
#942 = CARTESIAN_POINT ( 'NONE',  ( -4.420157801041258800, 23.07710967618544400, 0.4129348463646556100 ) ) ;
#943 = UNCERTAINTY_MEASURE_WITH_UNIT (LENGTH_MEASURE( 1.000000000000000100E-005 ), #200, 'distance_accuracy_value', 'NONE');
#944 = CARTESIAN_POINT ( 'NONE',  ( -4.215597987870840100, 23.11607919528289700, 0.3700235427749671300 ) ) ;
#945 = LINE ( 'NONE', #1867, #934 ) ;
#946 = AXIS2_PLACEMENT_3D ( 'NONE', #802, #770, #765 ) ;
#947 = DIRECTION ( 'NONE',  ( 0.0000000000000000000, 0.0000000000000000000, 1.000000000000000000 ) ) ;
#948 = VECTOR ( 'NONE', #1895, 1000.000000000000100 ) ;
#949 = CARTESIAN_POINT ( 'NONE',  ( -4.123173067708137300, 23.13365938283709900, 0.3071302120956109800 ) ) ;
#950 = CARTESIAN_POINT ( 'NONE',  ( -4.008199993760639400, 23.15551682627412700, 0.1321168904222901300 ) ) ;
#951 = LINE ( 'NONE', #1882, #926 ) ;
#952 = VECTOR ( 'NONE', #1908, 1000.000000000000000 ) ;
#953 = DIRECTION ( 'NONE',  ( -0.4999999999999998900, 0.0000000000000000000, 0.8660254037844387100 ) ) ;
#954 = CARTESIAN_POINT ( 'NONE',  ( -3.986850124247849800, 23.15957115766114800, 0.01983513442123282000 ) ) ;
#955 = LINE ( 'NONE', #1904, #941 ) ;
#956 = EDGE_CURVE ( 'NONE', #540, #540, #2742, .T. ) ;
#957 = CARTESIAN_POINT ( 'NONE',  ( 12.73397459621556000, 14.50000000000000000, -1.500000000000000000 ) ) ;
#958 = VECTOR ( 'NONE', #1932, 1000.000000000000000 ) ;
#959 = AXIS2_PLACEMENT_3D ( 'NONE', #845, #842, #804 ) ;
#960 = CARTESIAN_POINT ( 'NONE',  ( -4.030628009566918900, 23.15125246754400100, -0.1861466762395475900 ) ) ;
#961 = EDGE_LOOP ( 'NONE', ( #2366 ) ) ;
#962 = LINE ( 'NONE', #1919, #948 ) ;
#963 = DIRECTION ( 'NONE',  ( -6.123031769111887500E-017, -0.4999999999999998900, -0.8660254037844387100 ) ) ;
#964 = AXIS2_PLACEMENT_3D ( 'NONE', #930, #910, #947 ) ;
#965 = CARTESIAN_POINT ( 'NONE',  ( -4.094882758158674600, 23.13904305053926400, -0.2791402277907332200 ) ) ;
#966 = LINE ( 'NONE', #1921, #958 ) ;
#967 = AXIS2_PLACEMENT_3D ( 'NONE', #814, #808, #807 ) ;
#968 = DIRECTION ( 'NONE',  ( -1.000000000000000000, 0.0000000000000000000, 0.0000000000000000000 ) ) ;
#969 = CARTESIAN_POINT ( 'NONE',  ( 0.0000000000000000000, 0.0000000000000000000, 0.0000000000000000000 ) ) ;
#970 = LINE ( 'NONE', #1965, #952 ) ;
#971 = CARTESIAN_POINT ( 'NONE',  ( -4.271241971646462700, 23.10548316344015500, -0.3929849464985010200 ) ) ;
#972 = CARTESIAN_POINT ( 'NONE',  ( 12.73397459621556000, -7.674038105676659800, -10.29182389825160000 ) ) ;
#973 = EDGE_CURVE ( 'NONE', #537, #537, #1216, .T. ) ;
#974 = TOROIDAL_SURFACE ( 'NONE', #1136, 8.099999999999999600, 0.5999999999999999800 ) ;
#975 = CARTESIAN_POINT ( 'NONE',  ( -4.380658299517265600, 23.08463948126088300, -0.4127043166268315500 ) ) ;
#976 = LINE ( 'NONE', #1957, #988 ) ;
#977 = AXIS2_PLACEMENT_3D ( 'NONE', #862, #875, #851 ) ;
#978 = ORIENTED_EDGE ( 'NONE', *, *, #2318, .F. ) ;
#979 = CARTESIAN_POINT ( 'NONE',  ( -4.583146805837198000, 23.04601226078326800, -0.3703460568868198700 ) ) ;
#980 = CARTESIAN_POINT ( 'NONE',  ( -4.676181534291513000, 23.02823758630434600, -0.3081835051113108700 ) ) ;
#981 = FACE_OUTER_BOUND ( 'NONE', #1230, .T. ) ;
#982 = CARTESIAN_POINT ( 'NONE',  ( 13.60000000000000000, -6.979375000000000100, -12.08863210507604100 ) ) ;
#983 = EDGE_LOOP ( 'NONE', ( #2601 ) ) ;
#984 = DIRECTION ( 'NONE',  ( 1.000000000000000000, 0.0000000000000000000, 0.0000000000000000000 ) ) ;
#985 = AXIS2_PLACEMENT_3D ( 'NONE', #1006, #1025, #984 ) ;
#986 = AXIS2_PLACEMENT_3D ( 'NONE', #982, #963, #1013 ) ;
#987 = CARTESIAN_POINT ( 'NONE',  ( -4.734394052218600100, 23.01710955659889300, -0.2195008379046049800 ) ) ;
#988 = VECTOR ( 'NONE', #1936, 1000.000000000000100 ) ;
#989 = CARTESIAN_POINT ( 'NONE',  ( -4.665330969550540300, -6.249814565742629400, -22.16809655424625100 ) ) ;
#990 = VECTOR ( 'NONE', #1966, 1000.000000000000100 ) ;
#991 = AXIS2_PLACEMENT_3D ( 'NONE', #1064, #1044, #1068 ) ;
#992 = EDGE_CURVE ( 'NONE', #533, #533, #1678, .T. ) ;
#993 = CARTESIAN_POINT ( 'NONE',  ( -4.744336082896538200, -6.178263152987090800, -22.17164210266086500 ) ) ;
#994 = CIRCLE ( 'NONE', #1156, 3.000000000000000900 ) ;
#995 = CARTESIAN_POINT ( 'NONE',  ( -4.793460606888028300, -6.077551599347747100, -22.18889778017852500 ) ) ;
#996 = ORIENTED_EDGE ( 'NONE', *, *, #2095, .F. ) ;
#997 = AXIS2_PLACEMENT_3D ( 'NONE', #1037, #1029, #1089 ) ;
#998 = VECTOR ( 'NONE', #2032, 1000.000000000000000 ) ;
#999 = LINE ( 'NONE', #1963, #990 ) ;
#1000 = AXIS2_PLACEMENT_3D ( 'NONE', #1103, #1088, #1082 ) ;
#1001 = VECTOR ( 'NONE', #1985, 1000.000000000000100 ) ;
#1002 = FACE_OUTER_BOUND ( 'NONE', #1423, .T. ) ;
#1003 = DIRECTION ( 'NONE',  ( 0.0000000000000000000, 0.0000000000000000000, 1.000000000000000000 ) ) ;
#1004 = CARTESIAN_POINT ( 'NONE',  ( -4.805278146899657300, -5.873924105882729000, -22.24111958200376200 ) ) ;
#1005 = EDGE_CURVE ( 'NONE', #532, #532, #1693, .T. ) ;
#1006 = CARTESIAN_POINT ( 'NONE',  ( -9.500000000000000000, 0.0000000000000000000, 11.50000000000000000 ) ) ;
#1007 = LINE ( 'NONE', #1991, #998 ) ;
#1008 = ORIENTED_EDGE ( 'NONE', *, *, #2187, .F. ) ;
#1009 = CARTESIAN_POINT ( 'NONE',  ( -4.767164162013984600, -5.772007424694130000, -22.27597830125476400 ) ) ;
#1010 = AXIS2_PLACEMENT_3D ( 'NONE', #1139, #1127, #1098 ) ;
#1011 = CIRCLE ( 'NONE', #1163, 2.458749999999999800 ) ;
#1012 = CARTESIAN_POINT ( 'NONE',  ( -4.626999012660133000, -5.628774282440871500, -22.34208838382082600 ) ) ;
#1013 = DIRECTION ( 'NONE',  ( 0.0000000000000000000, 0.8660254037844388200, -0.4999999999999997200 ) ) ;
#1014 = LINE ( 'NONE', #2128, #1021 ) ;
#1015 = AXIS2_PLACEMENT_3D ( 'NONE', #1144, #1159, #1126 ) ;
#1016 = CARTESIAN_POINT ( 'NONE',  ( -4.526325480243276200, -5.587346142560249100, -22.37309166512647700 ) ) ;
#1017 = CIRCLE ( 'NONE', #1173, 3.000000000000000400 ) ;
#1018 = CARTESIAN_POINT ( 'NONE',  ( -4.317885771932140000, -5.586488597921141200, -22.41446625578839400 ) ) ;
#1019 = EDGE_CURVE ( 'NONE', #529, #529, #2320, .T. ) ;
#1020 = CARTESIAN_POINT ( 'NONE',  ( -4.212782566203838300, -5.627056242332821000, -22.42431222329881300 ) ) ;
#1021 = VECTOR ( 'NONE', #2059, 1000.000000000000100 ) ;
#1022 = PLANE ( 'NONE',  #985 ) ;
#1023 = CIRCLE ( 'NONE', #1177, 2.458750000000000200 ) ;
#1024 = CARTESIAN_POINT ( 'NONE',  ( -4.056780226529720100, -5.768205923747422600, -22.41721240938218800 ) ) ;
#1025 = DIRECTION ( 'NONE',  ( 0.0000000000000000000, 0.0000000000000000000, 1.000000000000000000 ) ) ;
#1026 = AXIS2_PLACEMENT_3D ( 'NONE', #1174, #1150, #1149 ) ;
#1027 = CARTESIAN_POINT ( 'NONE',  ( -4.006694253391223100, -5.869475233370760500, -22.39992743743774300 ) ) ;
#1028 = CIRCLE ( 'NONE', #1191, 25.85000000000000100 ) ;
#1029 = DIRECTION ( 'NONE',  ( 0.0000000000000000000, 1.000000000000000000, 0.0000000000000000000 ) ) ;
#1030 = LINE ( 'NONE', #1997, #1001 ) ;
#1031 = EDGE_CURVE ( 'E1145', #1925, #1090, #1680, .T. ) ;
#1032 = CARTESIAN_POINT ( 'NONE',  ( -3.994621527586213800, -6.073141421552451300, -22.34773007898018400 ) ) ;
#1033 = CARTESIAN_POINT ( 'NONE',  ( 7.609229083570220100, 0.0000000000000000000, 7.525988295950640500E-016 ) ) ;
#1034 = CIRCLE ( 'NONE', #1195, 25.85000000000000100 ) ;
#1035 = AXIS2_PLACEMENT_3D ( 'NONE', #1199, #1175, #1171 ) ;
#1036 = CARTESIAN_POINT ( 'NONE',  ( -4.032186752121367200, -6.174806538438157400, -22.31310275182075700 ) ) ;
#1037 = CARTESIAN_POINT ( 'NONE',  ( 13.60000000000000000, 7.500000000000000000, 0.0000000000000000000 ) ) ;
#1038 = CIRCLE ( 'NONE', #1206, 2.458750000000000700 ) ;
#1039 = CARTESIAN_POINT ( 'NONE',  ( -4.173489425222159700, -6.319327651107692600, -22.24655938027130400 ) ) ;
#1040 = CIRCLE ( 'NONE', #1185, 27.00000000000000000 ) ;
#1041 = AXIS2_PLACEMENT_3D ( 'NONE', #1292, #1259, #1256 ) ;
#1042 = CIRCLE ( 'NONE', #1200, 27.00000000000000000 ) ;
#1043 = DIRECTION ( 'NONE',  ( 1.000000000000000000, 0.0000000000000000000, 6.123031769111888800E-017 ) ) ;
#1044 = DIRECTION ( 'NONE',  ( 1.000000000000000000, 0.0000000000000000000, 0.0000000000000000000 ) ) ;
#1045 = CARTESIAN_POINT ( 'NONE',  ( -4.274437143455813300, -6.360170047453651800, -22.21572635811965300 ) ) ;
#1046 = VECTOR ( 'NONE', #2576, 1000.000000000000000 ) ;
#1047 = CARTESIAN_POINT ( 'NONE',  ( -4.480865628023817500, -6.361144746788665900, -22.17473233837853600 ) ) ;
#1048 = CIRCLE ( 'NONE', #1210, 3.000000000000002200 ) ;
#1049 = DIRECTION ( 'NONE',  ( -1.000000000000000000, 0.0000000000000000000, -6.123031769111888800E-017 ) ) ;
#1050 = CARTESIAN_POINT ( 'NONE',  ( -4.586325856204542400, -6.321365978498167900, -22.16455100583163700 ) ) ;
#1051 = LINE ( 'NONE', #2573, #1083 ) ;
#1052 = AXIS2_PLACEMENT_3D ( 'NONE', #1326, #1308, #1351 ) ;
#1053 = DIRECTION ( 'NONE',  ( 0.4999999999999998900, 0.0000000000000000000, 0.8660254037844387100 ) ) ;
#1054 = CARTESIAN_POINT ( 'NONE',  ( 11.86794919243111900, 14.50000000000000000, -3.181620636138040000E-016 ) ) ;
#1055 = CARTESIAN_POINT ( 'NONE',  ( -4.665330969550540300, -6.249814565742629400, -22.16809655424625100 ) ) ;
#1056 = LINE ( 'NONE', #2649, #1046 ) ;
#1057 = DIRECTION ( 'NONE',  ( 6.424901762877063500E-017, 0.0000000000000000000, -1.000000000000000000 ) ) ;
#1058 = AXIS2_PLACEMENT_3D ( 'NONE', #1342, #1378, #1340 ) ;
#1059 = ORIENTED_EDGE ( 'NONE', *, *, #2285, .T. ) ;
#1060 = VECTOR ( 'NONE', #2645, 1000.000000000000000 ) ;
#1061 = AXIS2_PLACEMENT_3D ( 'NONE', #1416, #1366, #1361 ) ;
#1062 = DIRECTION ( 'NONE',  ( 0.0000000000000000000, 1.000000000000000000, 0.0000000000000000000 ) ) ;
#1063 = LINE ( 'NONE', #2679, #1060 ) ;
#1064 = CARTESIAN_POINT ( 'NONE',  ( 8.000000000000000000, 0.0000000000000000000, 0.0000000000000000000 ) ) ;
#1065 = AXIS2_PLACEMENT_3D ( 'NONE', #1296, #1334, #1290 ) ;
#1066 = AXIS2_PLACEMENT_3D ( 'NONE', #1530, #1411, #1384 ) ;
#1067 = CIRCLE ( 'NONE', #1220, 6.000000000000000000 ) ;
#1068 = DIRECTION ( 'NONE',  ( 0.0000000000000000000, -1.000000000000000000, 0.0000000000000000000 ) ) ;
#1069 = CARTESIAN_POINT ( 'NONE',  ( 4.799999999999995400, -17.40349455727011100, 10.16997169654446900 ) ) ;
#1070 = LINE ( 'NONE', #2696, #1078 ) ;
#1071 = DIRECTION ( 'NONE',  ( 1.000000000000000000, 0.0000000000000000000, 0.0000000000000000000 ) ) ;
#1072 = AXIS2_PLACEMENT_3D ( 'NONE', #1471, #1470, #1436 ) ;
#1073 = EDGE_LOOP ( 'NONE', ( #2031 ) ) ;
#1074 = CARTESIAN_POINT ( 'NONE',  ( 7.750000000000000000, 0.0000000000000000000, 0.0000000000000000000 ) ) ;
#1075 = CIRCLE ( 'NONE', #1214, 6.000000000000000000 ) ;
#1076 = DIRECTION ( 'NONE',  ( 1.000000000000000000, 0.0000000000000000000, 0.0000000000000000000 ) ) ;
#1077 = DIRECTION ( 'NONE',  ( 1.000000000000000000, -0.0000000000000000000, -0.0000000000000000000 ) ) ;
#1078 = VECTOR ( 'NONE', #2656, 1000.000000000000000 ) ;
#1079 = DIRECTION ( 'NONE',  ( 0.0000000000000000000, 0.0000000000000000000, 1.000000000000000000 ) ) ;
#1080 = DIRECTION ( 'NONE',  ( 0.0000000000000000000, 0.0000000000000000000, -1.000000000000000000 ) ) ;
#1081 = CIRCLE ( 'NONE', #1234, 27.20243864318455000 ) ;
#1082 = DIRECTION ( 'NONE',  ( 0.0000000000000000000, 0.8660254037844387100, -0.4999999999999998900 ) ) ;
#1083 = VECTOR ( 'NONE', #2624, 1000.000000000000000 ) ;
#1084 = CIRCLE ( 'NONE', #1258, 30.00000000000000000 ) ;
#1085 = CARTESIAN_POINT ( 'NONE',  ( 4.800000000000000700, -17.45634784044069900, 10.07842712474620100 ) ) ;
#1086 = AXIS2_PLACEMENT_3D ( 'NONE', #1448, #1445, #1440 ) ;
#1087 = FACE_OUTER_BOUND ( 'NONE', #1237, .T. ) ;
#1088 = DIRECTION ( 'NONE',  ( 0.0000000000000000000, -0.4999999999999998900, -0.8660254037844387100 ) ) ;
#1089 = DIRECTION ( 'NONE',  ( 0.0000000000000000000, 0.0000000000000000000, 1.000000000000000000 ) ) ;
#1090 = VERTEX_POINT ( 'NONE', #1187 ) ;
#1091 = ORIENTED_EDGE ( 'NONE', *, *, #2224, .T. ) ;
#1092 = EDGE_LOOP ( 'NONE', ( #2765, #2635, #2644, #2643, #2639, #2675 ) ) ;
#1093 = PLANE ( 'NONE',  #1000 ) ;
#1094 = FACE_BOUND ( 'NONE', #189, .T. ) ;
#1095 = AXIS2_PLACEMENT_3D ( 'NONE', #1491, #1476, #1475 ) ;
#1096 = CARTESIAN_POINT ( 'NONE',  ( 2.828427124746189800, 0.0000000000000000000, 0.0000000000000000000 ) ) ;
#1097 = VERTEX_POINT ( 'NONE', #1186 ) ;
#1098 = DIRECTION ( 'NONE',  ( 1.224606353822375800E-016, 0.0000000000000000000, -1.000000000000000000 ) ) ;
#1099 = FACE_OUTER_BOUND ( 'NONE', #1418, .T. ) ;
#1100 = DIRECTION ( 'NONE',  ( 1.000000000000000000, -0.0000000000000000000, -0.0000000000000000000 ) ) ;
#1101 = AXIS2_PLACEMENT_3D ( 'NONE', #1588, #1585, #1582 ) ;
#1102 = CIRCLE ( 'NONE', #1226, 27.00000000000000000 ) ;
#1103 = CARTESIAN_POINT ( 'NONE',  ( 11.14124999999999900, -7.250000000000000000, -12.55736835487436000 ) ) ;
#1104 = DIRECTION ( 'NONE',  ( 0.0000000000000000000, 0.0000000000000000000, 1.000000000000000000 ) ) ;
#1105 = EDGE_LOOP ( 'NONE', ( #2763 ) ) ;
#1106 = VECTOR ( 'NONE', #1859, 1000.000000000000000 ) ;
#1107 = AXIS2_PLACEMENT_3D ( 'NONE', #1524, #1520, #1518 ) ;
#1108 = AXIS2_PLACEMENT_3D ( 'NONE', #1644, #1611, #1606 ) ;
#1109 = CARTESIAN_POINT ( 'NONE',  ( -5.100000000000000500, -45.00000000000000000, 0.0000000000000000000 ) ) ;
#1110 = CARTESIAN_POINT ( 'NONE',  ( 13.60000000000000000, -3.750000000000000000, -6.495190528383290000 ) ) ;
#1111 = VECTOR ( 'NONE', #1739, 1000.000000000000000 ) ;
#1112 = CARTESIAN_POINT ( 'NONE',  ( 4.756628525024207300, -17.35099073952987700, 10.25901266260842300 ) ) ;
#1113 = AXIS2_PLACEMENT_3D ( 'NONE', #1804, #1704, #1699 ) ;
#1114 = VECTOR ( 'NONE', #1452, 1000.000000000000000 ) ;
#1115 = LINE ( 'NONE', #1397, #1106 ) ;
#1116 = CARTESIAN_POINT ( 'NONE',  ( 4.609005865845222900, -17.27539877964816000, 10.38579883585957300 ) ) ;
#1117 = ORIENTED_EDGE ( 'NONE', *, *, #2371, .T. ) ;
#1118 = CARTESIAN_POINT ( 'NONE',  ( 4.504560527202944100, -17.25293907482185700, 10.42280511757000000 ) ) ;
#1119 = CARTESIAN_POINT ( 'NONE',  ( -5.100000000000000500, -49.72777777777780300, 10.48323028860620100 ) ) ;
#1120 = LINE ( 'NONE', #2797, #1111 ) ;
#1121 = CARTESIAN_POINT ( 'NONE',  ( 4.295864745409911500, -17.25288169746596600, 10.42290009410058500 ) ) ;
#1122 = CARTESIAN_POINT ( 'NONE',  ( 4.192010603054184200, -17.27491005072428000, 10.38661769408034600 ) ) ;
#1123 = LINE ( 'NONE', #1391, #1114 ) ;
#1124 = AXIS2_PLACEMENT_3D ( 'NONE', #1750, #1743, #1728 ) ;
#1125 = CIRCLE ( 'NONE', #1271, 11.50000000000000000 ) ;
#1126 = DIRECTION ( 'NONE',  ( 6.123031769111888800E-017, 0.0000000000000000000, -1.000000000000000000 ) ) ;
#1127 = DIRECTION ( 'NONE',  ( 1.000000000000000000, 0.0000000000000000000, 1.224606353822375800E-016 ) ) ;
#1128 = EDGE_CURVE ( 'NONE', #528, #528, #1716, .T. ) ;
#1129 = CARTESIAN_POINT ( 'NONE',  ( 4.042592670075573700, -17.35135782023932200, 10.25839783677826300 ) ) ;
#1130 = VECTOR ( 'NONE', #1658, 1000.000000000000000 ) ;
#1131 = CARTESIAN_POINT ( 'NONE',  ( 4.000036992203247300, -17.40406797114978600, 10.16897704639762000 ) ) ;
#1132 = LINE ( 'NONE', #1370, #1130 ) ;
#1133 = ORIENTED_EDGE ( 'NONE', *, *, #2085, .F. ) ;
#1134 = PLANE ( 'NONE',  #1015 ) ;
#1135 = LINE ( 'NONE', #1401, #1147 ) ;
#1136 = AXIS2_PLACEMENT_3D ( 'NONE', #1928, #1952, #1926 ) ;
#1137 = CIRCLE ( 'NONE', #1275, 11.50000000000000000 ) ;
#1138 = CARTESIAN_POINT ( 'NONE',  ( 3.999963057932830700, -17.50848609520648200, 9.988122484657690600 ) ) ;
#1139 = CARTESIAN_POINT ( 'NONE',  ( -6.000000000000000000, 0.0000000000000000000, 2.449212707644755000E-016 ) ) ;
#1140 = CARTESIAN_POINT ( 'NONE',  ( -5.100000000000000500, 45.00000000000000000, 0.0000000000000000000 ) ) ;
#1141 = EDGE_LOOP ( 'NONE', ( #1818 ) ) ;
#1142 = LINE ( 'NONE', #1682, #1172 ) ;
#1143 = EDGE_LOOP ( 'NONE', ( #2566 ) ) ;
#1144 = CARTESIAN_POINT ( 'NONE',  ( 10.50000000000000000, 0.0000000000000000000, 1.561373101123529800E-015 ) ) ;
#1145 = B_SPLINE_CURVE_WITH_KNOTS ( 'NONE', 3,
 ( #2785, #1362, #2803, #2823, #2831, #2833, #1786, #4, #15, #6, #9, #17, #23, #25, #26, #27, #29, #10 ),
 .UNSPECIFIED., .T., .F.,
 ( 4, 2, 2, 2, 2, 2, 2, 2, 4 ),
 ( 0.0000000000000000000, 0.0003126180540166140100, 0.0006252361080332280200, 0.0009378541620498419800, 0.001250472216066456000, 0.001563090270083070100, 0.001875708324099684000, 0.002188326378116298200, 0.002500944432132912100 ),
 .UNSPECIFIED. ) ;
#1146 = DIRECTION ( 'NONE',  ( 1.000000000000000000, 0.0000000000000000000, 0.0000000000000000000 ) ) ;
#1147 = VECTOR ( 'NONE', #1485, 1000.000000000000000 ) ;
#1148 = CARTESIAN_POINT ( 'NONE',  ( 4.043193153579829300, -17.55989655299479300, 9.897184380551431500 ) ) ;
#1149 = DIRECTION ( 'NONE',  ( -0.5000000000000003300, 0.0000000000000000000, 0.8660254037844384900 ) ) ;
#1150 = DIRECTION ( 'NONE',  ( -0.8660254037844384900, 0.0000000000000000000, -0.5000000000000003300 ) ) ;
#1151 = ORIENTED_EDGE ( 'NONE', *, *, #2170, .T. ) ;
#1152 = CIRCLE ( 'NONE', #1282, 11.49999999999999600 ) ;
#1153 = CARTESIAN_POINT ( 'NONE',  ( 4.190572826904225500, -17.63193663301362000, 9.768266795286772100 ) ) ;
#1154 = LINE ( 'NONE', #1886, #1167 ) ;
#1155 = CARTESIAN_POINT ( 'NONE',  ( 4.294085582409040000, -17.65285837657701200, 9.730126637580108100 ) ) ;
#1156 = AXIS2_PLACEMENT_3D ( 'NONE', #1946, #1942, #1937 ) ;
#1157 = CARTESIAN_POINT ( 'NONE',  ( -9.500000000000000000, 45.00000000000000000, -11.50000000000000000 ) ) ;
#1158 = CIRCLE ( 'NONE', #1297, 22.23397474033264800 ) ;
#1159 = DIRECTION ( 'NONE',  ( 1.000000000000000000, 0.0000000000000000000, 6.123031769111888800E-017 ) ) ;
#1160 = CARTESIAN_POINT ( 'NONE',  ( 4.505099651909914900, -17.65296213693083900, 9.729938388238476700 ) ) ;
#1161 = CARTESIAN_POINT ( 'NONE',  ( 4.608700029973254800, -17.63216245815243600, 9.767858906915622100 ) ) ;
#1162 = FACE_OUTER_BOUND ( 'NONE', #2016, .T. ) ;
#1163 = AXIS2_PLACEMENT_3D ( 'NONE', #2007, #2005, #2001 ) ;
#1164 = ADVANCED_FACE ( 'E854', ( #1668 ), #1196, .T. ) ;
#1165 = CARTESIAN_POINT ( 'NONE',  ( 4.756533558403324600, -17.56015886976873100, 9.896718700891387500 ) ) ;
#1166 = CARTESIAN_POINT ( 'NONE',  ( 4.800000000000005200, -17.50920112361128700, 9.986882552947930600 ) ) ;
#1167 = VECTOR ( 'NONE', #2431, 1000.000000000000000 ) ;
#1168 = EDGE_CURVE ( 'NONE', #526, #526, #1669, .T. ) ;
#1169 = CARTESIAN_POINT ( 'NONE',  ( 4.800000000000000700, -17.45634784044069900, 10.07842712474620100 ) ) ;
#1170 = VECTOR ( 'NONE', #1871, 1000.000000000000100 ) ;
#1171 = DIRECTION ( 'NONE',  ( 1.000000000000000000, 0.0000000000000000000, 0.0000000000000000000 ) ) ;
#1172 = VECTOR ( 'NONE', #1310, 1000.000000000000000 ) ;
#1173 = AXIS2_PLACEMENT_3D ( 'NONE', #2018, #2017, #2013 ) ;
#1174 = CARTESIAN_POINT ( 'NONE',  ( 14.46602540378444100, 14.50000000000000000, 1.500000000000000000 ) ) ;
#1175 = DIRECTION ( 'NONE',  ( 0.0000000000000000000, 1.000000000000000000, 0.0000000000000000000 ) ) ;
#1176 = CIRCLE ( 'NONE', #1304, 11.49999999999999600 ) ;
#1177 = AXIS2_PLACEMENT_3D ( 'NONE', #2049, #2044, #2037 ) ;
#1178 = VECTOR ( 'NONE', #1860, 1000.000000000000100 ) ;
#1179 = DIRECTION ( 'NONE',  ( 0.0000000000000000000, -1.000000000000000000, 0.0000000000000000000 ) ) ;
#1180 = ORIENTED_EDGE ( 'NONE', *, *, #2165, .T. ) ;
#1181 = LINE ( 'NONE', #1119, #1178 ) ;
#1182 = DIRECTION ( 'NONE',  ( 0.0000000000000000000, -1.000000000000000000, 0.0000000000000000000 ) ) ;
#1183 = CIRCLE ( 'NONE', #1325, 30.00000000000000000 ) ;
#1184 = EDGE_CURVE ( 'NONE', #521, #521, #60, .T. ) ;
#1185 = AXIS2_PLACEMENT_3D ( 'NONE', #2088, #2083, #2079 ) ;
#1186 = CARTESIAN_POINT ( 'NONE',  ( 15.33205080756890100, -6.375000000000000000, -11.04182389825160000 ) ) ;
#1187 = CARTESIAN_POINT ( 'NONE',  ( 14.46602540378444100, 12.75000000000000000, 1.500000000000000000 ) ) ;
#1188 = CIRCLE ( 'NONE', #1298, 6.000000000000000000 ) ;
#1189 = EDGE_LOOP ( 'NONE', ( #2420, #2417, #2416, #2413 ) ) ;
#1190 = CARTESIAN_POINT ( 'NONE',  ( -5.100000000000000500, -49.72777777777780300, -10.48323028860620100 ) ) ;
#1191 = AXIS2_PLACEMENT_3D ( 'NONE', #2122, #2115, #2097 ) ;
#1192 = CYLINDRICAL_SURFACE ( 'NONE', #1312, 5.999999999999998200 ) ;
#1193 = EDGE_LOOP ( 'NONE', ( #2837 ) ) ;
#1194 = LINE ( 'NONE', #2104, #1170 ) ;
#1195 = AXIS2_PLACEMENT_3D ( 'NONE', #2148, #2143, #2142 ) ;
#1196 = PLANE ( 'NONE',  #1821 ) ;
#1197 = CARTESIAN_POINT ( 'NONE',  ( 2.828427124746195200, 0.0000000000000000000, 0.0000000000000000000 ) ) ;
#1198 = VECTOR ( 'NONE', #1241, 1000.000000000000100 ) ;
#1199 = CARTESIAN_POINT ( 'NONE',  ( 0.0000000000000000000, 0.0000000000000000000, 0.0000000000000000000 ) ) ;
#1200 = AXIS2_PLACEMENT_3D ( 'NONE', #2175, #2172, #2166 ) ;
#1201 = DIRECTION ( 'NONE',  ( -1.000000000000000000, 0.0000000000000000000, 0.0000000000000000000 ) ) ;
#1202 = CIRCLE ( 'NONE', #1319, 11.50000000000000000 ) ;
#1203 = DIRECTION ( 'NONE',  ( 0.0000000000000000000, 0.0000000000000000000, 1.000000000000000000 ) ) ;
#1204 = DIRECTION ( 'NONE',  ( 0.0000000000000000000, 0.4999999999999998900, 0.8660254037844387100 ) ) ;
#1205 = LINE ( 'NONE', #1190, #1198 ) ;
#1206 = AXIS2_PLACEMENT_3D ( 'NONE', #2194, #2190, #2186 ) ;
#1207 = EDGE_CURVE ( 'NONE', #517, #517, #187, .T. ) ;
#1208 = VECTOR ( 'NONE', #864, 1000.000000000000000 ) ;
#1209 = DIRECTION ( 'NONE',  ( 0.0000000000000000000, -0.8660254037844387100, 0.4999999999999998900 ) ) ;
#1210 = AXIS2_PLACEMENT_3D ( 'NONE', #2554, #2546, #2543 ) ;
#1211 = FACE_OUTER_BOUND ( 'NONE', #1193, .T. ) ;
#1212 = CARTESIAN_POINT ( 'NONE',  ( 3.999952852421779300, -11.67035690955448000, -20.00161305099069900 ) ) ;
#1213 = LINE ( 'NONE', #1157, #1208 ) ;
#1214 = AXIS2_PLACEMENT_3D ( 'NONE', #2584, #2582, #2580 ) ;
#1215 = SPHERICAL_SURFACE ( 'NONE', #1324, 23.50000000000000000 ) ;
#1216 = B_SPLINE_CURVE_WITH_KNOTS ( 'NONE', 3,
 ( #989, #993, #995, #1004, #1009, #1012, #1016, #1018, #1020, #1024, #1027, #1032, #1036, #1039, #1045, #1047, #1050, #1055 ),
 .UNSPECIFIED., .T., .F.,
 ( 4, 2, 2, 2, 2, 2, 2, 2, 4 ),
 ( 0.0000000000000000000, 0.0003154713365801051500, 0.0006309426731602103000, 0.0009464140097403154600, 0.001261885346320420600, 0.001577356682900525900, 0.001892828019480630900, 0.002208299356060736000, 0.002523770692640841200 ),
 .UNSPECIFIED. ) ;
#1217 = CONICAL_SURFACE ( 'NONE', #1336, 2.458750000000000200, 0.7853981633974490600 ) ;
#1218 = CIRCLE ( 'NONE', #1330, 6.000000000000000000 ) ;
#1219 = CARTESIAN_POINT ( 'NONE',  ( -4.161812596680515100, 26.63472960422920000, -11.50000000000000000 ) ) ;
#1220 = AXIS2_PLACEMENT_3D ( 'NONE', #2615, #2608, #2606 ) ;
#1221 = VECTOR ( 'NONE', #1049, 1000.000000000000000 ) ;
#1222 = CARTESIAN_POINT ( 'NONE',  ( 12.73397459621556000, 14.50000000000000000, 1.500000000000000000 ) ) ;
#1223 = FACE_OUTER_BOUND ( 'NONE', #255, .T. ) ;
#1224 = BREP_WITH_VOIDS ( 'NONE', #2690, ( #1809, #1808 ) );
#1225 = EDGE_CURVE ( 'E376', #50, #2051, #1653, .T. ) ;
#1226 = AXIS2_PLACEMENT_3D ( 'NONE', #2666, #2661, #2657 ) ;
#1227 = DIRECTION ( 'NONE',  ( 0.0000000000000000000, 0.0000000000000000000, -1.000000000000000000 ) ) ;
#1228 = CIRCLE ( 'NONE', #1329, 27.00000000000000000 ) ;
#1229 = CARTESIAN_POINT ( 'NONE',  ( 4.052587739197059100, -11.74523224478748100, -19.94683062871735400 ) ) ;
#1230 = EDGE_LOOP ( 'NONE', ( #2326 ) ) ;
#1231 = LINE ( 'NONE', #2496, #1221 ) ;
#1232 = AXIS2_PLACEMENT_3D ( 'NONE', #2771, #2740, #2735 ) ;
#1233 = CARTESIAN_POINT ( 'NONE',  ( 7.750000000000000000, 0.0000000000000000000, 0.0000000000000000000 ) ) ;
#1234 = AXIS2_PLACEMENT_3D ( 'NONE', #2689, #2685, #2684 ) ;
#1235 = DIRECTION ( 'NONE',  ( 1.000000000000000000, 0.0000000000000000000, 0.0000000000000000000 ) ) ;
#1236 = FACE_OUTER_BOUND ( 'NONE', #2069, .T. ) ;
#1237 = EDGE_LOOP ( 'NONE', ( #2410, #2406, #2403, #2396, #2395, #2391 ) ) ;
#1238 = PLANE ( 'NONE',  #1026 ) ;
#1239 = VECTOR ( 'NONE', #51, 1000.000000000000100 ) ;
#1240 = DIRECTION ( 'NONE',  ( 0.0000000000000000000, -1.000000000000000000, 0.0000000000000000000 ) ) ;
#1241 = DIRECTION ( 'NONE',  ( 0.0000000000000000000, 0.9115852424874965100, -0.4111111111111107600 ) ) ;
#1242 = EDGE_CURVE ( 'E895', #1964, #2578, #1656, .T. ) ;
#1243 = CARTESIAN_POINT ( 'NONE',  ( -15.00000000000000000, 49.72777777777780300, -10.48323028860620100 ) ) ;
#1244 = CARTESIAN_POINT ( 'NONE',  ( 3.986471996927482700, -11.57403001696887800, -20.06018318356124300 ) ) ;
#1245 = FACE_BOUND ( 'NONE', #831, .T. ) ;
#1246 = DIRECTION ( 'NONE',  ( 1.000000000000000000, 0.0000000000000000000, 6.409875621278550000E-016 ) ) ;
#1247 = VECTOR ( 'NONE', #2473, 1000.000000000000000 ) ;
#1248 = AXIS2_PLACEMENT_3D ( 'NONE', #2424, #2781, #2778 ) ;
#1249 = FACE_OUTER_BOUND ( 'NONE', #1772, .T. ) ;
#1250 = CARTESIAN_POINT ( 'NONE',  ( -15.00000000000000000, 0.0000000000000000000, 0.0000000000000000000 ) ) ;
#1251 = EDGE_CURVE ( 'NONE', #513, #513, #1145, .T. ) ;
#1252 = CARTESIAN_POINT ( 'NONE',  ( 14.46602540378444100, 14.50000000000000000, 1.500000000000000000 ) ) ;
#1253 = VECTOR ( 'NONE', #2790, 1000.000000000000000 ) ;
#1254 = CARTESIAN_POINT ( 'NONE',  ( 4.043189140157872800, -11.39331912837631400, -20.15207135730468100 ) ) ;
#1255 = CARTESIAN_POINT ( 'NONE',  ( 4.113511447033770800, -11.30972884912854900, -20.18490025326094200 ) ) ;
#1256 = DIRECTION ( 'NONE',  ( 0.0000000000000000000, 0.0000000000000000000, -1.000000000000000000 ) ) ;
#1257 = LINE ( 'NONE', #42, #1239 ) ;
#1258 = AXIS2_PLACEMENT_3D ( 'NONE', #2750, #2746, #2744 ) ;
#1259 = DIRECTION ( 'NONE',  ( 1.000000000000000000, 0.0000000000000000000, 0.0000000000000000000 ) ) ;
#1260 = EDGE_CURVE ( 'E902', #2599, #1964, #1650, .T. ) ;
#1261 = CARTESIAN_POINT ( 'NONE',  ( 4.295148340214734800, -11.20421900128102500, -20.20589811432952100 ) ) ;
#1262 = CARTESIAN_POINT ( 'NONE',  ( 12.73397459621556000, 14.50000000000000000, 1.500000000000000000 ) ) ;
#1263 = VECTOR ( 'NONE', #2347, 1000.000000000000000 ) ;
#1264 = CARTESIAN_POINT ( 'NONE',  ( 4.405235928884327000, -11.18195078711650200, -20.19453344721144800 ) ) ;
#1265 = LINE ( 'NONE', #2647, #1247 ) ;
#1266 = VECTOR ( 'NONE', #1864, 1000.000000000000100 ) ;
#1267 = ADVANCED_FACE ( 'E1081', ( #1641 ), #41, .T. ) ;
#1268 = CARTESIAN_POINT ( 'NONE',  ( 4.606916199580604500, -11.21074854769906400, -20.13347332865034600 ) ) ;
#1269 = LINE ( 'NONE', #2732, #1253 ) ;
#1270 = CARTESIAN_POINT ( 'NONE',  ( 4.695364621535132300, -11.26166974958946700, -20.08455697843082200 ) ) ;
#1271 = AXIS2_PLACEMENT_3D ( 'NONE', #1537, #1600, #2559 ) ;
#1272 = CARTESIAN_POINT ( 'NONE',  ( 4.799321434576804700, -11.40936795412505600, -19.97633400183356800 ) ) ;
#1273 = LINE ( 'NONE', #2174, #1266 ) ;
#1274 = DIRECTION ( 'NONE',  ( 0.5000000000000003300, 0.0000000000000000000, -0.8660254037844383700 ) ) ;
#1275 = AXIS2_PLACEMENT_3D ( 'NONE', #1428, #2526, #1679 ) ;
#1276 = AXIS2_PLACEMENT_3D ( 'NONE', #2441, #2435, #2694 ) ;
#1277 = CARTESIAN_POINT ( 'NONE',  ( 4.813569852656351100, -11.50625460096838600, -19.91724771703679100 ) ) ;
#1278 = CARTESIAN_POINT ( 'NONE',  ( 4.757018687591504100, -11.68725431330956100, -19.82523558781704100 ) ) ;
#1279 = CIRCLE ( 'NONE', #1343, 30.00000000000000000 ) ;
#1280 = CARTESIAN_POINT ( 'NONE',  ( -4.000000000000000000, 45.00000000000000000, 0.0000000000000000000 ) ) ;
#1281 = VECTOR ( 'NONE', #2163, 1000.000000000000100 ) ;
#1282 = AXIS2_PLACEMENT_3D ( 'NONE', #1280, #1300, #1182 ) ;
#1283 = CARTESIAN_POINT ( 'NONE',  ( 4.687200340675843800, -11.77071301246529700, -19.79246737659519400 ) ) ;
#1284 = ORIENTED_EDGE ( 'NONE', *, *, #2250, .F. ) ;
#1285 = VECTOR ( 'NONE', #2562, 1000.000000000000000 ) ;
#1286 = CARTESIAN_POINT ( 'NONE',  ( 4.504346484899804700, -11.87704778046265200, -19.77139083306012400 ) ) ;
#1287 = LINE ( 'NONE', #1787, #1263 ) ;
#1288 = CARTESIAN_POINT ( 'NONE',  ( 4.393994418898285100, -11.89882886624543800, -19.78311799890730400 ) ) ;
#1289 = CARTESIAN_POINT ( 'NONE',  ( 4.194373962180291600, -11.87041737161069200, -19.84342439170573900 ) ) ;
#1290 = DIRECTION ( 'NONE',  ( 0.0000000000000000000, 0.0000000000000000000, 1.000000000000000000 ) ) ;
#1291 = LINE ( 'NONE', #2344, #1285 ) ;
#1292 = CARTESIAN_POINT ( 'NONE',  ( -5.100000000000000500, 55.19885594382850500, 0.0000000000000000000 ) ) ;
#1293 = DIRECTION ( 'NONE',  ( 1.000000000000000000, 0.0000000000000000000, 6.123031769111888800E-017 ) ) ;
#1294 = CIRCLE ( 'NONE', #1354, 11.50000000000000000 ) ;
#1295 = ORIENTED_EDGE ( 'NONE', *, *, #2356, .T. ) ;
#1296 = CARTESIAN_POINT ( 'NONE',  ( 9.509999999999999800, 0.0000000000000000000, 0.0000000000000000000 ) ) ;
#1297 = AXIS2_PLACEMENT_3D ( 'NONE', #2390, #1315, #2818 ) ;
#1298 = AXIS2_PLACEMENT_3D ( 'NONE', #2289, #2323, #2341 ) ;
#1299 = CIRCLE ( 'NONE', #1348, 30.00000000000000000 ) ;
#1300 = DIRECTION ( 'NONE',  ( -1.000000000000000000, 0.0000000000000000000, 0.0000000000000000000 ) ) ;
#1301 = CARTESIAN_POINT ( 'NONE',  ( 4.105222625972339200, -11.82010758002048200, -19.89204820644400600 ) ) ;
#1302 = CARTESIAN_POINT ( 'NONE',  ( 4.052587739197059100, -11.74523224478748100, -19.94683062871735400 ) ) ;
#1303 = CIRCLE ( 'NONE', #1374, 30.00000000000000000 ) ;
#1304 = AXIS2_PLACEMENT_3D ( 'NONE', #2030, #2274, #2219 ) ;
#1305 = CARTESIAN_POINT ( 'NONE',  ( -5.100000000000000500, 49.72777777777780300, -10.48323028860620100 ) ) ;
#1306 = CYLINDRICAL_SURFACE ( 'NONE', #1359, 25.85000000000000100 ) ;
#1307 = CARTESIAN_POINT ( 'NONE',  ( 4.800000000000000700, -10.07842712474620100, -17.45634784044069900 ) ) ;
#1308 = DIRECTION ( 'NONE',  ( 1.000000000000000000, 0.0000000000000000000, 0.0000000000000000000 ) ) ;
#1309 = LINE ( 'NONE', #1527, #1321 ) ;
#1310 = DIRECTION ( 'NONE',  ( -1.000000000000000000, 0.0000000000000000000, 0.0000000000000000000 ) ) ;
#1311 = CIRCLE ( 'NONE', #1367, 11.50000000000000000 ) ;
#1312 = AXIS2_PLACEMENT_3D ( 'NONE', #2755, #788, #2591 ) ;
#1313 = EDGE_LOOP ( 'NONE', ( #2267 ) ) ;
#1314 = CARTESIAN_POINT ( 'NONE',  ( 4.799999999999995400, -10.16997169654446900, -17.40349455727011100 ) ) ;
#1315 = DIRECTION ( 'NONE',  ( -1.000000000000000000, 0.0000000000000000000, -4.082021179407924800E-017 ) ) ;
#1316 = LINE ( 'NONE', #12, #1281 ) ;
#1317 = CIRCLE ( 'NONE', #1376, 22.23397474033264800 ) ;
#1318 = CARTESIAN_POINT ( 'NONE',  ( 4.295864745409908800, -10.42290009410058500, -17.25288169746596600 ) ) ;
#1319 = AXIS2_PLACEMENT_3D ( 'NONE', #1109, #1071, #1080 ) ;
#1320 = ORIENTED_EDGE ( 'NONE', *, *, #2316, .T. ) ;
#1321 = VECTOR ( 'NONE', #658, 1000.000000000000000 ) ;
#1322 = DIRECTION ( 'NONE',  ( 5.782411586589357400E-017, 0.0000000000000000000, -1.000000000000000000 ) ) ;
#1323 = CARTESIAN_POINT ( 'NONE',  ( 4.192010603054184200, -10.38661769408034300, -17.27491005072427700 ) ) ;
#1324 = AXIS2_PLACEMENT_3D ( 'NONE', #969, #1062, #1076 ) ;
#1325 = AXIS2_PLACEMENT_3D ( 'NONE', #2070, #1931, #1561 ) ;
#1326 = CARTESIAN_POINT ( 'NONE',  ( -47.00000000000000000, 0.0000000000000000000, 0.0000000000000000000 ) ) ;
#1327 = CARTESIAN_POINT ( 'NONE',  ( 4.043193153579830200, -9.897184380551431500, -17.55989655299480000 ) ) ;
#1328 = FACE_OUTER_BOUND ( 'NONE', #352, .T. ) ;
#1329 = AXIS2_PLACEMENT_3D ( 'NONE', #777, #1043, #1057 ) ;
#1330 = AXIS2_PLACEMENT_3D ( 'NONE', #2481, #903, #937 ) ;
#1331 = CARTESIAN_POINT ( 'NONE',  ( 4.042592670075574500, -10.25839783677826100, -17.35135782023931800 ) ) ;
#1332 = EDGE_LOOP ( 'NONE', ( #2242 ) ) ;
#1333 = CIRCLE ( 'NONE', #1379, 22.09637979398435400 ) ;
#1334 = DIRECTION ( 'NONE',  ( -1.000000000000000000, 0.0000000000000000000, 0.0000000000000000000 ) ) ;
#1335 = CARTESIAN_POINT ( 'NONE',  ( 3.999963057932830700, -9.988122484657690600, -17.50848609520648900 ) ) ;
#1336 = AXIS2_PLACEMENT_3D ( 'NONE', #40, #38, #2594 ) ;
#1337 = CARTESIAN_POINT ( 'NONE',  ( -4.107875057440958600, 26.63121803334915000, -11.50000000000000000 ) ) ;
#1338 = CIRCLE ( 'NONE', #1388, 22.09637979398435400 ) ;
#1339 = EDGE_CURVE ( 'NONE', #509, #509, #473, .T. ) ;
#1340 = DIRECTION ( 'NONE',  ( 0.0000000000000000000, 0.0000000000000000000, 1.000000000000000000 ) ) ;
#1341 = FACE_OUTER_BOUND ( 'NONE', #2042, .T. ) ;
#1342 = CARTESIAN_POINT ( 'NONE',  ( -12.10000000000000000, 0.0000000000000000000, 0.0000000000000000000 ) ) ;
#1343 = AXIS2_PLACEMENT_3D ( 'NONE', #2433, #2185, #20 ) ;
#1344 = CARTESIAN_POINT ( 'NONE',  ( 4.190572826904224600, -9.768266795286772100, -17.63193663301362000 ) ) ;
#1345 = CIRCLE ( 'NONE', #1389, 29.00168505897395100 ) ;
#1346 = PLANE ( 'NONE',  #1041 ) ;
#1347 = FACE_OUTER_BOUND ( 'NONE', #2738, .T. ) ;
#1348 = AXIS2_PLACEMENT_3D ( 'NONE', #1815, #1986, #2560 ) ;
#1349 = CARTESIAN_POINT ( 'NONE',  ( 4.294085582409039100, -9.730126637580108100, -17.65285837657700400 ) ) ;
#1350 = CARTESIAN_POINT ( 'NONE',  ( 4.000036992203247300, -10.16897704639762500, -17.40406797114978200 ) ) ;
#1351 = DIRECTION ( 'NONE',  ( 0.0000000000000000000, -1.000000000000000000, 0.0000000000000000000 ) ) ;
#1352 = CIRCLE ( 'NONE', #1399, 30.00000000000000000 ) ;
#1353 = CARTESIAN_POINT ( 'NONE',  ( -5.100000000000000500, -27.70830200499484900, 11.50000000000000000 ) ) ;
#1354 = AXIS2_PLACEMENT_3D ( 'NONE', #1505, #1371, #1634 ) ;
#1355 = CARTESIAN_POINT ( 'NONE',  ( 4.505099651909913100, -9.729938388238476700, -17.65296213693084200 ) ) ;
#1356 = CARTESIAN_POINT ( 'NONE',  ( 15.33205080756890100, 14.50000000000000000, 1.060540212046012100E-016 ) ) ;
#1357 = DIRECTION ( 'NONE',  ( 2.517246393968218500E-017, -0.9115852424874965100, -0.4111111111111107600 ) ) ;
#1358 = VECTOR ( 'NONE', #328, 1000.000000000000000 ) ;
#1359 = AXIS2_PLACEMENT_3D ( 'NONE', #723, #968, #690 ) ;
#1360 = DIRECTION ( 'NONE',  ( -0.4999999999999998900, 0.0000000000000000000, -0.8660254037844387100 ) ) ;
#1361 = DIRECTION ( 'NONE',  ( 0.0000000000000000000, 0.0000000000000000000, 1.000000000000000000 ) ) ;
#1362 = CARTESIAN_POINT ( 'NONE',  ( -3.999999999999998200, -5.319082471561575400, -19.44266722376776400 ) ) ;
#1363 = LINE ( 'NONE', #351, #1358 ) ;
#1364 = DIRECTION ( 'NONE',  ( -0.5000000000000001100, 0.7500000000000001100, -0.4330127018922190800 ) ) ;
#1365 = CIRCLE ( 'NONE', #1403, 29.01135676059299900 ) ;
#1366 = DIRECTION ( 'NONE',  ( 0.0000000000000000000, 1.000000000000000000, 0.0000000000000000000 ) ) ;
#1367 = AXIS2_PLACEMENT_3D ( 'NONE', #1140, #1146, #1227 ) ;
#1368 = VECTOR ( 'NONE', #312, 1000.000000000000000 ) ;
#1369 = CARTESIAN_POINT ( 'NONE',  ( 10.39110831496298800, -8.397209206562092000, -11.82275165130427100 ) ) ;
#1370 = CARTESIAN_POINT ( 'NONE',  ( -5.100000000000000500, 55.19885594382850500, -11.50000000000000000 ) ) ;
#1371 = DIRECTION ( 'NONE',  ( 1.000000000000000000, 0.0000000000000000000, 0.0000000000000000000 ) ) ;
#1372 = EDGE_LOOP ( 'NONE', ( #2695, #2046, #847, #1117 ) ) ;
#1373 = LINE ( 'NONE', #301, #1368 ) ;
#1374 = AXIS2_PLACEMENT_3D ( 'NONE', #1250, #1293, #1322 ) ;
#1375 = CIRCLE ( 'NONE', #1394, 29.01135676059299900 ) ;
#1376 = AXIS2_PLACEMENT_3D ( 'NONE', #1033, #1810, #1563 ) ;
#1377 = SPHERICAL_SURFACE ( 'NONE', #1381, 23.50000000000000000 ) ;
#1378 = DIRECTION ( 'NONE',  ( -1.000000000000000000, 0.0000000000000000000, 0.0000000000000000000 ) ) ;
#1379 = AXIS2_PLACEMENT_3D ( 'NONE', #731, #732, #740 ) ;
#1380 = CIRCLE ( 'NONE', #1426, 28.19108188259160000 ) ;
#1381 = AXIS2_PLACEMENT_3D ( 'NONE', #604, #586, #634 ) ;
#1382 = PLANE ( 'NONE',  #1767 ) ;
#1383 = EDGE_LOOP ( 'NONE', ( #2683, #2575, #2637, #2593 ) ) ;
#1384 = DIRECTION ( 'NONE',  ( 1.224606353822375800E-016, 0.0000000000000000000, -1.000000000000000000 ) ) ;
#1385 = VECTOR ( 'NONE', #260, 1000.000000000000100 ) ;
#1386 = ADVANCED_FACE ( 'E1360', ( #1632, #1630 ), #1625, .T. ) ;
#1387 = CARTESIAN_POINT ( 'NONE',  ( -9.500000000000000000, 0.0000000000000000000, 0.0000000000000000000 ) ) ;
#1388 = AXIS2_PLACEMENT_3D ( 'NONE', #673, #664, #525 ) ;
#1389 = AXIS2_PLACEMENT_3D ( 'NONE', #612, #628, #632 ) ;
#1390 = CIRCLE ( 'NONE', #1409, 11.50000000000000000 ) ;
#1391 = CARTESIAN_POINT ( 'NONE',  ( 10.50000000000000000, 49.72777777777780300, -10.48323028860620100 ) ) ;
#1392 = CARTESIAN_POINT ( 'NONE',  ( -12.10000000000000000, 0.0000000000000000000, 0.0000000000000000000 ) ) ;
#1393 = LINE ( 'NONE', #243, #1385 ) ;
#1394 = AXIS2_PLACEMENT_3D ( 'NONE', #507, #483, #672 ) ;
#1395 = DIRECTION ( 'NONE',  ( 0.0000000000000000000, -1.000000000000000000, 0.0000000000000000000 ) ) ;
#1396 = CIRCLE ( 'NONE', #1463, 14.50000000000000000 ) ;
#1397 = CARTESIAN_POINT ( 'NONE',  ( 10.50000000000000000, 12.33333333333332000, -27.34755727462490100 ) ) ;
#1398 = AXIS2_PLACEMENT_3D ( 'NONE', #418, #421, #347 ) ;
#1399 = AXIS2_PLACEMENT_3D ( 'NONE', #397, #399, #1003 ) ;
#1400 = CIRCLE ( 'NONE', #1434, 30.00000000000000000 ) ;
#1401 = CARTESIAN_POINT ( 'NONE',  ( -9.500000000000000000, 45.00000000000000000, 11.50000000000000000 ) ) ;
#1402 = CIRCLE ( 'NONE', #1420, 30.00000000000000000 ) ;
#1403 = AXIS2_PLACEMENT_3D ( 'NONE', #388, #389, #394 ) ;
#1404 = DIRECTION ( 'NONE',  ( -1.000000000000000000, 0.0000000000000000000, 0.0000000000000000000 ) ) ;
#1405 = ORIENTED_EDGE ( 'NONE', *, *, #2196, .T. ) ;
#1406 = DIRECTION ( 'NONE',  ( 0.0000000000000000000, 0.0000000000000000000, 1.000000000000000000 ) ) ;
#1407 = CIRCLE ( 'NONE', #1435, 7.500000000000000000 ) ;
#1408 = CIRCLE ( 'NONE', #1398, 29.00168505897395100 ) ;
#1409 = AXIS2_PLACEMENT_3D ( 'NONE', #357, #362, #367 ) ;
#1410 = CYLINDRICAL_SURFACE ( 'NONE', #1454, 30.00000000000000000 ) ;
#1411 = DIRECTION ( 'NONE',  ( 1.000000000000000000, 0.0000000000000000000, 1.224606353822375800E-016 ) ) ;
#1412 = TOROIDAL_SURFACE ( 'NONE', #1442, 21.04637979398435000, 2.000000000000000000 ) ;
#1413 = CARTESIAN_POINT ( 'NONE',  ( -4.053937525211347600, 26.62770635380516600, -11.50000000000000000 ) ) ;
#1414 = CARTESIAN_POINT ( 'NONE',  ( 11.14212958575569900, 14.31736865123974100, -2.299501684811781300 ) ) ;
#1415 = EDGE_LOOP ( 'NONE', ( #2343 ) ) ;
#1416 = CARTESIAN_POINT ( 'NONE',  ( 11.14124999999999900, 14.50000000000000000, 0.0000000000000000000 ) ) ;
#1417 = CIRCLE ( 'NONE', #1457, 7.500000000000000000 ) ;
#1418 = EDGE_LOOP ( 'NONE', ( #2598 ) ) ;
#1419 = PLANE ( 'NONE',  #1066 ) ;
#1420 = AXIS2_PLACEMENT_3D ( 'NONE', #313, #318, #319 ) ;
#1421 = CARTESIAN_POINT ( 'NONE',  ( -12.69999999999999900, 0.0000000000000000000, 0.0000000000000000000 ) ) ;
#1422 = DIRECTION ( 'NONE',  ( -1.000000000000000000, 0.0000000000000000000, 0.0000000000000000000 ) ) ;
#1423 = EDGE_LOOP ( 'NONE', ( #2328 ) ) ;
#1424 = FACE_OUTER_BOUND ( 'NONE', #152, .T. ) ;
#1425 = DIRECTION ( 'NONE',  ( 0.0000000000000000000, 0.0000000000000000000, 1.000000000000000000 ) ) ;
#1426 = AXIS2_PLACEMENT_3D ( 'NONE', #285, #296, #297 ) ;
#1427 = FACE_OUTER_BOUND ( 'NONE', #654, .T. ) ;
#1428 = CARTESIAN_POINT ( 'NONE',  ( -15.00000000000000000, -45.00000000000000000, -2.755364296100350000E-015 ) ) ;
#1429 = PLANE ( 'NONE',  #1061 ) ;
#1430 = DIRECTION ( 'NONE',  ( 1.000000000000000000, 0.0000000000000000000, 0.0000000000000000000 ) ) ;
#1431 = DIRECTION ( 'NONE',  ( 0.0000000000000000000, 0.0000000000000000000, -1.000000000000000000 ) ) ;
#1432 = ORIENTED_EDGE ( 'NONE', *, *, #2238, .F. ) ;
#1433 = FACE_BOUND ( 'NONE', #2225, .T. ) ;
#1434 = AXIS2_PLACEMENT_3D ( 'NONE', #277, #249, #280 ) ;
#1435 = AXIS2_PLACEMENT_3D ( 'NONE', #246, #248, #202 ) ;
#1436 = DIRECTION ( 'NONE',  ( 1.000000000000000000, 0.0000000000000000000, 0.0000000000000000000 ) ) ;
#1437 = CARTESIAN_POINT ( 'NONE',  ( 13.80042226333760200, -0.8388555598635628600, -7.452940449895329800 ) ) ;
#1438 = CIRCLE ( 'NONE', #1478, 21.04637979398435000 ) ;
#1439 = DIRECTION ( 'NONE',  ( 0.0000000000000000000, -1.000000000000000000, 0.0000000000000000000 ) ) ;
#1440 = DIRECTION ( 'NONE',  ( 0.0000000000000000000, 0.0000000000000000000, -1.000000000000000000 ) ) ;
#1441 = EDGE_CURVE ( 'NONE', #506, #506, #1662, .T. ) ;
#1442 = AXIS2_PLACEMENT_3D ( 'NONE', #275, #171, #198 ) ;
#1443 = CARTESIAN_POINT ( 'NONE',  ( 13.59999999999999800, -0.8388555598635629700, -7.452940449895328900 ) ) ;
#1444 = FACE_OUTER_BOUND ( 'NONE', #69, .T. ) ;
#1445 = DIRECTION ( 'NONE',  ( 0.0000000000000000000, -1.000000000000000000, 0.0000000000000000000 ) ) ;
#1446 = TOROIDAL_SURFACE ( 'NONE', #1488, 30.00000000000000000, 0.9899999999999999900 ) ;
#1447 = CARTESIAN_POINT ( 'NONE',  ( 13.99702385176364500, -0.8604552972081743700, -7.450596512750671300 ) ) ;
#1448 = CARTESIAN_POINT ( 'NONE',  ( 13.60000000000000000, 14.50000000000000000, 0.0000000000000000000 ) ) ;
#1449 = CIRCLE ( 'NONE', #1496, 14.50000000000000000 ) ;
#1450 = CARTESIAN_POINT ( 'NONE',  ( 14.38306283747660600, -0.9440274071175611700, -7.440469337946159300 ) ) ;
#1451 = CARTESIAN_POINT ( 'NONE',  ( 14.57451500016428300, -1.007107103456535500, -7.432519244578001500 ) ) ;
#1452 = DIRECTION ( 'NONE',  ( -1.000000000000000000, 0.0000000000000000000, -6.123031769111888800E-017 ) ) ;
#1453 = FACE_OUTER_BOUND ( 'NONE', #2282, .T. ) ;
#1454 = AXIS2_PLACEMENT_3D ( 'NONE', #114, #269, #144 ) ;
#1455 = CARTESIAN_POINT ( 'NONE',  ( 16.50298397209502000, -4.408077640966554100, -6.070953282456845700 ) ) ;
#1456 = CIRCLE ( 'NONE', #1514, 14.50000000000000000 ) ;
#1457 = AXIS2_PLACEMENT_3D ( 'NONE', #172, #175, #158 ) ;
#1458 = AXIS2_PLACEMENT_3D ( 'NONE', #124, #148, #153 ) ;
#1459 = CARTESIAN_POINT ( 'NONE',  ( 14.93650797625758000, -1.167956321810658600, -7.408946286024587400 ) ) ;
#1460 = CARTESIAN_POINT ( 'NONE',  ( 15.10786272612433500, -1.265361688968056800, -7.393384495870662900 ) ) ;
#1461 = CARTESIAN_POINT ( 'NONE',  ( 5.195680885549887900, 17.84308264658992700, 22.16175873113013100 ) ) ;
#1462 = FACE_OUTER_BOUND ( 'NONE', #291, .T. ) ;
#1463 = AXIS2_PLACEMENT_3D ( 'NONE', #231, #234, #235 ) ;
#1464 = CARTESIAN_POINT ( 'NONE',  ( 15.43219433279712000, -1.491865450830702800, -7.351027954259628800 ) ) ;
#1465 = FACE_OUTER_BOUND ( 'NONE', #2313, .T. ) ;
#1466 = CARTESIAN_POINT ( 'NONE',  ( 15.58387606858947700, -1.620536621917957800, -7.324219065633279500 ) ) ;
#1467 = CARTESIAN_POINT ( 'NONE',  ( 15.99432928345395900, -2.036291356922146800, -7.223905658795480600 ) ) ;
#1468 = ORIENTED_EDGE ( 'NONE', *, *, #2182, .F. ) ;
#1469 = EDGE_CURVE ( 'NONE', #501, #501, #1637, .T. ) ;
#1470 = DIRECTION ( 'NONE',  ( 0.0000000000000000000, -0.4999999999999998900, -0.8660254037844387100 ) ) ;
#1471 = CARTESIAN_POINT ( 'NONE',  ( 4.400000000000000400, 0.0000000000000000000, 0.0000000000000000000 ) ) ;
#1472 = CARTESIAN_POINT ( 'NONE',  ( 16.21713492558878800, -2.362686800121928300, -7.127456486813886500 ) ) ;
#1473 = CIRCLE ( 'NONE', #1525, 14.50000000000000000 ) ;
#1474 = CARTESIAN_POINT ( 'NONE',  ( 16.44307865351420600, -2.872824313426242300, -6.930376013313488800 ) ) ;
#1475 = DIRECTION ( 'NONE',  ( 0.0000000000000000000, 0.0000000000000000000, 1.000000000000000000 ) ) ;
#1476 = DIRECTION ( 'NONE',  ( -0.0000000000000000000, -1.000000000000000000, -0.0000000000000000000 ) ) ;
#1477 = CIRCLE ( 'NONE', #1503, 21.04637979398435000 ) ;
#1478 = AXIS2_PLACEMENT_3D ( 'NONE', #145, #146, #147 ) ;
#1479 = ADVANCED_FACE ( 'E839', ( #1643, #1614 ), #1382, .F. ) ;
#1480 = CARTESIAN_POINT ( 'NONE',  ( 16.50194613564702800, -3.049856280817760300, -6.854654667399165300 ) ) ;
#1481 = PRODUCT_DEFINITION_SHAPE ( 'NONE', 'NONE',  #449 ) ;
#1482 = CIRCLE ( 'NONE', #1512, 14.50000000000000000 ) ;
#1483 = EDGE_CURVE ( 'NONE', #498, #498, #117, .T. ) ;
#1484 = EDGE_LOOP ( 'NONE', ( #2363 ) ) ;
#1485 = DIRECTION ( 'NONE',  ( 1.000000000000000000, 0.0000000000000000000, 0.0000000000000000000 ) ) ;
#1486 = FACE_OUTER_BOUND ( 'NONE', #2783, .T. ) ;
#1487 = CARTESIAN_POINT ( 'NONE',  ( -4.000000000000000000, 26.62419456546835100, -11.50000000000000000 ) ) ;
#1488 = AXIS2_PLACEMENT_3D ( 'NONE', #32, #119, #130 ) ;
#1489 = FACE_OUTER_BOUND ( 'NONE', #268, .T. ) ;
#1490 = EDGE_CURVE ( 'NONE', #495, #495, #1619, .T. ) ;
#1491 = CARTESIAN_POINT ( 'NONE',  ( 13.60000000000000000, 8.041249999999999800, 0.0000000000000000000 ) ) ;
#1492 = CARTESIAN_POINT ( 'NONE',  ( 16.58008595127733600, -3.401429092926831800, -6.687166370648456300 ) ) ;
#1493 = CARTESIAN_POINT ( 'NONE',  ( 16.59975236977569700, -3.575203308038982000, -6.595995070112466300 ) ) ;
#1494 = FACE_OUTER_BOUND ( 'NONE', #2727, .T. ) ;
#1495 = EDGE_LOOP ( 'NONE', ( #85 ) ) ;
#1496 = AXIS2_PLACEMENT_3D ( 'NONE', #138, #140, #142 ) ;
#1497 = CARTESIAN_POINT ( 'NONE',  ( 16.60024302761800600, -3.918359666953212800, -6.398100278923043200 ) ) ;
#1498 = ORIENTED_EDGE ( 'NONE', *, *, #2388, .T. ) ;
#1499 = CYLINDRICAL_SURFACE ( 'NONE', #1615, 0.4000000000000001900 ) ;
#1500 = CARTESIAN_POINT ( 'NONE',  ( -5.100000000000000500, 27.70830200499484900, 11.50000000000000000 ) ) ;
#1501 = EDGE_CURVE ( 'NONE', #494, #494, #2758, .T. ) ;
#1502 = FACE_OUTER_BOUND ( 'NONE', #1730, .T. ) ;
#1503 = AXIS2_PLACEMENT_3D ( 'NONE', #125, #126, #129 ) ;
#1504 = CIRCLE ( 'NONE', #1550, 20.15685424949240100 ) ;
#1505 = CARTESIAN_POINT ( 'NONE',  ( -5.100000000000000500, 45.00000000000000000, 0.0000000000000000000 ) ) ;
#1506 = FACE_OUTER_BOUND ( 'NONE', #2836, .T. ) ;
#1507 = FACE_OUTER_BOUND ( 'NONE', #2132, .T. ) ;
#1508 = CARTESIAN_POINT ( 'NONE',  ( 16.58037364643055900, -4.088381611004320100, -6.290688201569410300 ) ) ;
#1509 = FACE_OUTER_BOUND ( 'NONE', #2060, .T. ) ;
#1510 = CYLINDRICAL_SURFACE ( 'NONE', #1627, 30.00000000000000000 ) ;
#1511 = EDGE_LOOP ( 'NONE', ( #2355 ) ) ;
#1512 = AXIS2_PLACEMENT_3D ( 'NONE', #112, #99, #115 ) ;
#1513 = CARTESIAN_POINT ( 'NONE',  ( 16.44563696367327700, -4.560008637046274200, -5.957400250117804500 ) ) ;
#1514 = AXIS2_PLACEMENT_3D ( 'NONE', #105, #106, #109 ) ;
#1515 = CARTESIAN_POINT ( 'NONE',  ( 16.29321842201426000, -4.848477424253899500, -5.725081936229432100 ) ) ;
#1516 = FACE_OUTER_BOUND ( 'NONE', #2841, .T. ) ;
#1517 = VERTEX_POINT ( 'NONE', #1706 ) ;
#1518 = DIRECTION ( 'NONE',  ( 0.0000000000000000000, 0.0000000000000000000, -1.000000000000000000 ) ) ;
#1519 = FACE_BOUND ( 'NONE', #1983, .T. ) ;
#1520 = DIRECTION ( 'NONE',  ( 0.0000000000000000000, -1.000000000000000000, 0.0000000000000000000 ) ) ;
#1521 = AXIS2_PLACEMENT_3D ( 'NONE', #2691, #87, #84 ) ;
#1522 = CARTESIAN_POINT ( 'NONE',  ( 16.20060566525171100, -4.980469820041444800, -5.610025385405983800 ) ) ;
#1523 = FACE_OUTER_BOUND ( 'NONE', #2479, .T. ) ;
#1524 = CARTESIAN_POINT ( 'NONE',  ( 13.60000000000000000, 7.500000000000000000, 0.0000000000000000000 ) ) ;
#1525 = AXIS2_PLACEMENT_3D ( 'NONE', #92, #93, #96 ) ;
#1526 = EDGE_LOOP ( 'NONE', ( #2239 ) ) ;
#1527 = CARTESIAN_POINT ( 'NONE',  ( -5.100000000000000500, 55.19885594382850500, 11.50000000000000000 ) ) ;
#1528 = CONICAL_SURFACE ( 'NONE', #1755, 3.000000000000000000, 0.7853981633974476100 ) ;
#1529 = CARTESIAN_POINT ( 'NONE',  ( -5.100000000000013000, 27.44658266605985400, 11.50000000000000000 ) ) ;
#1530 = CARTESIAN_POINT ( 'NONE',  ( -7.750000000000000000, 0.0000000000000000000, -9.490699242123421800E-016 ) ) ;
#1531 = FACE_OUTER_BOUND ( 'NONE', #2651, .T. ) ;
#1532 = EDGE_CURVE ( 'E1197', #2077, #2106, #1622, .T. ) ;
#1533 = FACE_BOUND ( 'NONE', #2722, .T. ) ;
#1534 = CARTESIAN_POINT ( 'NONE',  ( 15.98412449619326200, -5.223411970659519500, -5.384554934069670100 ) ) ;
#1535 = CARTESIAN_POINT ( 'NONE',  ( 15.85873797500804400, -5.335228745795324000, -5.273122319133923600 ) ) ;
#1536 = EDGE_CURVE ( 'NONE', #493, #493, #123, .T. ) ;
#1537 = CARTESIAN_POINT ( 'NONE',  ( -15.00000000000000000, 45.00000000000000000, -2.755364296100350000E-015 ) ) ;
#1538 = CARTESIAN_POINT ( 'NONE',  ( 15.58421534442204100, -5.532528482543081200, -5.065729301133115900 ) ) ;
#1539 = SPHERICAL_SURFACE ( 'NONE', #1654, 23.50000000000000000 ) ;
#1540 = FACE_BOUND ( 'NONE', #107, .T. ) ;
#1541 = CARTESIAN_POINT ( 'NONE',  ( -15.00000000000000000, -49.72777777777780300, -10.48323028860620100 ) ) ;
#1542 = CARTESIAN_POINT ( 'NONE',  ( 15.43495792685864700, -5.618738895213561500, -4.969210079331982200 ) ) ;
#1543 = PERSON ( 'UNSPECIFIED', 'UNSPECIFIED', 'UNSPECIFIED', ('UNSPECIFIED'), ('UNSPECIFIED'), ('UNSPECIFIED') ) ;
#1544 = CARTESIAN_POINT ( 'NONE',  ( 15.11147448523039000, -5.768731605927539100, -4.794268582786419800 ) ) ;
#1545 = SPHERICAL_SURFACE ( 'NONE', #1700, 23.50000000000000000 ) ;
#1546 = AXIS2_PLACEMENT_3D ( 'NONE', #2540, #2574, #2579 ) ;
#1547 = ORIENTED_EDGE ( 'NONE', *, *, #2299, .T. ) ;
#1548 = CYLINDRICAL_SURFACE ( 'NONE', #1737, 20.15685424949240100 ) ;
#1549 = CARTESIAN_POINT ( 'NONE',  ( 14.93701985044242200, -5.832130238095793100, -4.716228047211791900 ) ) ;
#1550 = AXIS2_PLACEMENT_3D ( 'NONE', #2710, #2726, #155 ) ;
#1551 = FACE_BOUND ( 'NONE', #1891, .T. ) ;
#1552 = FACE_OUTER_BOUND ( 'NONE', #11, .T. ) ;
#1553 = CONICAL_SURFACE ( 'NONE', #1763, 2.458750000000000700, 0.7853981633974476100 ) ;
#1554 = CARTESIAN_POINT ( 'NONE',  ( 14.57715237584744700, -5.932546212312582100, -4.589275056715829100 ) ) ;
#1555 = CARTESIAN_POINT ( 'NONE',  ( 14.38996697762114400, -5.970494642559128100, -4.539276889088148100 ) ) ;
#1556 = EDGE_LOOP ( 'NONE', ( #2346 ) ) ;
#1557 = AXIS2_PLACEMENT_3D ( 'NONE', #2522, #2547, #2556 ) ;
#1558 = CARTESIAN_POINT ( 'NONE',  ( 13.99974659982248500, -6.022039132969129400, -4.470669483827391500 ) ) ;
#1559 = FACE_BOUND ( 'NONE', #2702, .T. ) ;
#1560 = CARTESIAN_POINT ( 'NONE',  ( 13.80161975170229700, -6.034821955788734400, -4.453192569155981500 ) ) ;
#1561 = DIRECTION ( 'NONE',  ( 0.0000000000000000000, 0.0000000000000000000, 1.000000000000000000 ) ) ;
#1562 = FACE_OUTER_BOUND ( 'NONE', #1911, .T. ) ;
#1563 = DIRECTION ( 'NONE',  ( 1.560425876377381700E-016, 0.0000000000000000000, -1.000000000000000000 ) ) ;
#1564 = CARTESIAN_POINT ( 'NONE',  ( 13.40701846047612200, -6.035189981135335600, -4.452693790017395500 ) ) ;
#1565 = FACE_BOUND ( 'NONE', #2641, .T. ) ;
#1566 = AXIS2_PLACEMENT_3D ( 'NONE', #2437, #2524, #2528 ) ;
#1567 = CARTESIAN_POINT ( 'NONE',  ( 13.20706797280101000, -6.022593332447676100, -4.469916287502208300 ) ) ;
#1568 = CARTESIAN_POINT ( 'NONE',  ( 12.81811072141123900, -5.971894573009111100, -4.537428486949964100 ) ) ;
#1569 = EDGE_LOOP ( 'NONE', ( #2220 ) ) ;
#1570 = FACE_OUTER_BOUND ( 'NONE', #2627, .T. ) ;
#1571 = CARTESIAN_POINT ( 'NONE',  ( -5.100000000000000500, 12.33333333333334100, 27.34755727462490100 ) ) ;
#1572 = FACE_OUTER_BOUND ( 'NONE', #2612, .T. ) ;
#1573 = CARTESIAN_POINT ( 'NONE',  ( 12.63035189554660500, -5.934309471463329500, -4.586997881444065500 ) ) ;
#1574 = CARTESIAN_POINT ( 'NONE',  ( 12.73397459621556000, -5.075961894323340200, -11.79182389825160200 ) ) ;
#1575 = CARTESIAN_POINT ( 'NONE',  ( 12.26753912588176100, -5.833722237178947400, -4.714261694784839900 ) ) ;
#1576 = FACE_BOUND ( 'NONE', #104, .T. ) ;
#1577 = CARTESIAN_POINT ( 'NONE',  ( 12.09295475408334000, -5.770443446721484900, -4.792191179583076300 ) ) ;
#1578 = EDGE_LOOP ( 'NONE', ( #2708 ) ) ;
#1579 = EDGE_CURVE ( 'E1245', #1953, #1090, #1598, .T. ) ;
#1580 = CARTESIAN_POINT ( 'NONE',  ( 11.77016409294880000, -5.621445802722993400, -4.966131387763796900 ) ) ;
#1581 = CARTESIAN_POINT ( 'NONE',  ( 11.61947339453929100, -5.534924113354396300, -5.063139880678555500 ) ) ;
#1582 = DIRECTION ( 'NONE',  ( 0.0000000000000000000, 0.0000000000000000000, -1.000000000000000000 ) ) ;
#1583 = VECTOR ( 'NONE', #1955, 1000.000000000000000 ) ;
#1584 = EDGE_CURVE ( 'E1239', #2678, #1953, #1635, .T. ) ;
#1585 = DIRECTION ( 'NONE',  ( 1.000000000000000000, 0.0000000000000000000, 0.0000000000000000000 ) ) ;
#1586 = AXIS2_PLACEMENT_3D ( 'NONE', #2463, #2506, #2513 ) ;
#1587 = CARTESIAN_POINT ( 'NONE',  ( 11.34243690165448400, -5.336324152511982000, -5.272040869646864400 ) ) ;
#1588 = CARTESIAN_POINT ( 'NONE',  ( 18.30000000000000100, 13.89999999999999900, 0.0000000000000000000 ) ) ;
#1589 = FACE_OUTER_BOUND ( 'NONE', #2693, .T. ) ;
#1590 = VECTOR ( 'NONE', #2265, 1000.000000000000000 ) ;
#1591 = VECTOR ( 'NONE', #2251, 1000.000000000000000 ) ;
#1592 = CARTESIAN_POINT ( 'NONE',  ( 14.46602540378444100, -8.549038105676659800, -11.80736835487436000 ) ) ;
#1593 = ORIENTED_EDGE ( 'NONE', *, *, #2388, .F. ) ;
#1594 = PLANE ( 'NONE',  #1101 ) ;
#1595 = CARTESIAN_POINT ( 'NONE',  ( 11.21931308553666000, -5.226681922281970000, -5.381365068683233900 ) ) ;
#1596 = VECTOR ( 'NONE', #1439, 1000.000000000000000 ) ;
#1597 = CARTESIAN_POINT ( 'NONE',  ( 11.00260910510103300, -4.984647553700852100, -5.606298483361129600 ) ) ;
#1598 = LINE ( 'NONE', #2237, #1591 ) ;
#1599 = EDGE_CURVE ( 'E1224', #2308, #1953, #1610, .T. ) ;
#1600 = DIRECTION ( 'NONE',  ( 1.000000000000000000, 0.0000000000000000000, 6.123031769111888800E-017 ) ) ;
#1601 = CARTESIAN_POINT ( 'NONE',  ( 10.90821659468221400, -4.850495673433242100, -5.723316201971607100 ) ) ;
#1602 = ORIENTED_EDGE ( 'NONE', *, *, #2125, .F. ) ;
#1603 = FACE_OUTER_BOUND ( 'NONE', #1951, .T. ) ;
#1604 = ORIENTED_EDGE ( 'NONE', *, *, #1225, .F. ) ;
#1605 = ADVANCED_FACE ( 'E833', ( #1603, #1576 ), #1553, .F. ) ;
#1606 = DIRECTION ( 'NONE',  ( 0.4999999999999998900, 0.0000000000000000000, 0.8660254037844387100 ) ) ;
#1607 = AXIS2_PLACEMENT_3D ( 'NONE', #2429, #2466, #2469 ) ;
#1608 = CARTESIAN_POINT ( 'NONE',  ( 10.75656972596423300, -4.564866129296349100, -5.953625269308465000 ) ) ;
#1609 = EDGE_LOOP ( 'NONE', ( #1920 ) ) ;
#1610 = LINE ( 'NONE', #1950, #1583 ) ;
#1611 = DIRECTION ( 'NONE',  ( -0.8660254037844387100, 0.0000000000000000000, 0.4999999999999998900 ) ) ;
#1612 = CARTESIAN_POINT ( 'NONE',  ( 2.624563611898017800, 18.84955718819756100, 21.51763510612700300 ) ) ;
#1613 = CARTESIAN_POINT ( 'NONE',  ( 10.69895623165924400, -4.413938594212760700, -6.066695524433420400 ) ) ;
#1614 = FACE_OUTER_BOUND ( 'NONE', #803, .T. ) ;
#1615 = AXIS2_PLACEMENT_3D ( 'NONE', #2423, #2428, #2412 ) ;
#1616 = CARTESIAN_POINT ( 'NONE',  ( 10.62056656653067900, -4.094341450271945100, -6.286812911821575000 ) ) ;
#1617 = PLANE ( 'NONE',  #1108 ) ;
#1618 = ORIENTED_EDGE ( 'NONE', *, *, #2210, .F. ) ;
#1619 = CIRCLE ( 'NONE', #1773, 13.89999999999999900 ) ;
#1620 = CARTESIAN_POINT ( 'NONE',  ( 10.60023363297427900, -3.924266476571947000, -6.394469820837147500 ) ) ;
#1621 = CARTESIAN_POINT ( 'NONE',  ( 4.224253522845944400, 17.95865567512192800, 22.14305341141457000 ) ) ;
#1622 = LINE ( 'NONE', #1941, #1596 ) ;
#1623 = CARTESIAN_POINT ( 'NONE',  ( 10.59977048044189700, -3.581817167272982200, -6.592396942612905900 ) ) ;
#1624 = CARTESIAN_POINT ( 'NONE',  ( 2.316293747185053300, 19.23485146251156100, 21.19895617104312500 ) ) ;
#1625 = CYLINDRICAL_SURFACE ( 'NONE', #1783, 14.50000000000000000 ) ;
#1626 = DIRECTION ( 'NONE',  ( 1.000000000000000000, 5.551115123125780700E-016, -3.204937810639275000E-016 ) ) ;
#1627 = AXIS2_PLACEMENT_3D ( 'NONE', #2600, #2634, #2392 ) ;
#1628 = CARTESIAN_POINT ( 'NONE',  ( 10.61890314873408900, -3.407653421338204100, -6.684037652863975300 ) ) ;
#1629 = CARTESIAN_POINT ( 'NONE',  ( 10.69684244257895900, -3.053677696205659300, -6.852993047753472000 ) ) ;
#1630 = FACE_OUTER_BOUND ( 'NONE', #758, .T. ) ;
#1631 = CARTESIAN_POINT ( 'NONE',  ( 10.10854460649798100, -7.704636657938190900, -12.28367102983360200 ) ) ;
#1632 = FACE_OUTER_BOUND ( 'NONE', #1990, .T. ) ;
#1633 = CARTESIAN_POINT ( 'NONE',  ( -5.100000000000000500, -45.00000000000000000, -11.50000000000000000 ) ) ;
#1634 = DIRECTION ( 'NONE',  ( 0.0000000000000000000, 0.0000000000000000000, -1.000000000000000000 ) ) ;
#1635 = LINE ( 'NONE', #2260, #1590 ) ;
#1636 = CARTESIAN_POINT ( 'NONE',  ( 10.75482168714514200, -2.878417664294692400, -6.928074584373259600 ) ) ;
#1637 = CIRCLE ( 'NONE', #1803, 13.89999999999999900 ) ;
#1638 = CARTESIAN_POINT ( 'NONE',  ( 10.90528574797326500, -2.537017612521030000, -7.060244140999694600 ) ) ;
#1639 = CARTESIAN_POINT ( 'NONE',  ( 12.73397459621556000, -5.950961894323340200, -13.30736835487436000 ) ) ;
#1640 = CARTESIAN_POINT ( 'NONE',  ( 10.99923540525205100, -2.368373780059967800, -7.118178401510688100 ) ) ;
#1641 = FACE_OUTER_BOUND ( 'NONE', #2816, .T. ) ;
#1642 = CARTESIAN_POINT ( 'NONE',  ( 11.21654815603916900, -2.050519670429967100, -7.216164299611571100 ) ) ;
#1643 = FACE_BOUND ( 'NONE', #1609, .T. ) ;
#1644 = CARTESIAN_POINT ( 'NONE',  ( 15.33205080756890100, 14.50000000000000000, 1.060540212046012100E-016 ) ) ;
#1645 = DIRECTION ( 'NONE',  ( 0.4999999999999999400, 0.7499999999999998900, -0.4330127018922194600 ) ) ;
#1646 = VECTOR ( 'NONE', #44, 1000.000000000000000 ) ;
#1647 = CARTESIAN_POINT ( 'NONE',  ( 11.33955852099413500, -1.900948777657928400, -7.256514575369425100 ) ) ;
#1648 = AXIS2_PLACEMENT_3D ( 'NONE', #2381, #2401, #2408 ) ;
#1649 = DIRECTION ( 'NONE',  ( 0.0000000000000000000, 0.4999999999999998900, 0.8660254037844387100 ) ) ;
#1650 = LINE ( 'NONE', #2747, #1646 ) ;
#1651 = CARTESIAN_POINT ( 'NONE',  ( 11.61455522466809500, -1.621855488515932000, -7.323946669125795900 ) ) ;
#1652 = CARTESIAN_POINT ( 'NONE',  ( 11.86794919243111900, -7.250000000000000000, -12.55736835487436000 ) ) ;
#1653 = LINE ( 'NONE', #1243, #1664 ) ;
#1654 = AXIS2_PLACEMENT_3D ( 'NONE', #2409, #2399, #2415 ) ;
#1655 = CARTESIAN_POINT ( 'NONE',  ( 11.76667874094575700, -1.492868505346927100, -7.350814388106403600 ) ) ;
#1656 = LINE ( 'NONE', #2743, #1685 ) ;
#1657 = CARTESIAN_POINT ( 'NONE',  ( 2.013088213838490700, 20.07117899100372700, 20.43445935786137100 ) ) ;
#1658 = DIRECTION ( 'NONE',  ( 0.0000000000000000000, 1.000000000000000000, 0.0000000000000000000 ) ) ;
#1659 = CARTESIAN_POINT ( 'NONE',  ( 12.08859465094154300, -1.267622822194321500, -7.392987280071634100 ) ) ;
#1660 = CARTESIAN_POINT ( 'NONE',  ( 12.25976790102335400, -1.169800633161951900, -7.408664175007288600 ) ) ;
#1661 = ORIENTED_EDGE ( 'NONE', *, *, #2224, .F. ) ;
#1662 = CIRCLE ( 'NONE', #1795, 14.50000000000000000 ) ;
#1663 = CARTESIAN_POINT ( 'NONE',  ( 11.86794919243111900, -6.375000000000000000, -11.04182389825160000 ) ) ;
#1664 = VECTOR ( 'NONE', #1357, 1000.000000000000100 ) ;
#1665 = CARTESIAN_POINT ( 'NONE',  ( 12.62448603603784900, -1.007363902957287800, -7.432493279270501000 ) ) ;
#1666 = CARTESIAN_POINT ( 'NONE',  ( -5.100000000000000500, -27.70830200499484900, -11.50000000000000000 ) ) ;
#1667 = CARTESIAN_POINT ( 'NONE',  ( 12.81339707671280700, -0.9450443979742416700, -7.440341831431430500 ) ) ;
#1668 = FACE_OUTER_BOUND ( 'NONE', #1690, .T. ) ;
#1669 = CIRCLE ( 'NONE', #1827, 20.15685424949240100 ) ;
#1670 = CARTESIAN_POINT ( 'NONE',  ( 13.19971714466694700, -0.8609145871171444100, -7.450545050959680000 ) ) ;
#1671 = CARTESIAN_POINT ( 'NONE',  ( 13.39957773666239000, -0.8388555598635631900, -7.452940449895327100 ) ) ;
#1672 = CARTESIAN_POINT ( 'NONE',  ( 11.86794919243111900, -7.250000000000000000, -12.55736835487436000 ) ) ;
#1673 = VECTOR ( 'NONE', #1179, 1000.000000000000000 ) ;
#1674 = B_SPLINE_CURVE_WITH_KNOTS ( 'NONE', 3,
 ( #1219, #1337, #1413, #1487 ),
 .UNSPECIFIED., .F., .F.,
 ( 4, 4 ),
 ( 0.05430046085251529600, 0.05446261600729451800 ),
 .UNSPECIFIED. ) ;
#1675 = CARTESIAN_POINT ( 'NONE',  ( 13.59999999999999800, -0.8388555598635629700, -7.452940449895328900 ) ) ;
#1676 = CARTESIAN_POINT ( 'NONE',  ( -5.100000000000000500, 27.70830200499484900, 11.50000000000000000 ) ) ;
#1677 = VERTEX_POINT ( 'NONE', #2306 ) ;
#1678 = CIRCLE ( 'NONE', #1850, 14.50000000000000000 ) ;
#1679 = DIRECTION ( 'NONE',  ( 0.0000000000000000000, 0.0000000000000000000, -1.000000000000000000 ) ) ;
#1680 = LINE ( 'NONE', #898, #1673 ) ;
#1681 = CYLINDRICAL_SURFACE ( 'NONE', #1839, 14.50000000000000000 ) ;
#1682 = CARTESIAN_POINT ( 'NONE',  ( -9.500000000000000000, -45.00000000000000000, 11.50000000000000000 ) ) ;
#1683 = CARTESIAN_POINT ( 'NONE',  ( -5.100000000000000500, 27.70830200499484900, -11.50000000000000000 ) ) ;
#1684 = CONICAL_SURFACE ( 'NONE', #1853, 14.50000000000000000, 0.7853981633974482800 ) ;
#1685 = VECTOR ( 'NONE', #1364, 1000.000000000000100 ) ;
#1686 = CARTESIAN_POINT ( 'NONE',  ( 13.80042226333760200, 6.873863542433757500, 3.000000000000000000 ) ) ;
#1687 = CARTESIAN_POINT ( 'NONE',  ( 2.108823099658968300, 19.65027870263861900, 20.83160112555868400 ) ) ;
#1688 = EDGE_LOOP ( 'NONE', ( #724 ) ) ;
#1689 = CIRCLE ( 'NONE', #1845, 20.15685424949240100 ) ;
#1690 = EDGE_LOOP ( 'NONE', ( #2561 ) ) ;
#1691 = ORIENTED_EDGE ( 'NONE', *, *, #2206, .F. ) ;
#1692 = CARTESIAN_POINT ( 'NONE',  ( 13.60000000000000300, 6.873863542433760200, 3.000000000000000000 ) ) ;
#1693 = CIRCLE ( 'NONE', #1838, 14.50000000000000000 ) ;
#1694 = CARTESIAN_POINT ( 'NONE',  ( 18.30000000000000100, 0.0000000000000000000, 0.0000000000000000000 ) ) ;
#1695 = CARTESIAN_POINT ( 'NONE',  ( 4.804790920111952500, 17.85940816791163900, 22.17860985440828600 ) ) ;
#1696 = CONICAL_SURFACE ( 'NONE', #1881, 3.000000000000000900, 0.7853981633974490600 ) ;
#1697 = DIRECTION ( 'NONE',  ( -1.000000000000000000, 0.0000000000000000000, 0.0000000000000000000 ) ) ;
#1698 = CARTESIAN_POINT ( 'NONE',  ( 10.90623205681138700, -8.972388903006901700, -11.39162829788356600 ) ) ;
#1699 = DIRECTION ( 'NONE',  ( 1.000000000000000000, 0.0000000000000000000, 3.204937810639275000E-016 ) ) ;
#1700 = AXIS2_PLACEMENT_3D ( 'NONE', #2370, #2362, #2385 ) ;
#1701 = FACE_OUTER_BOUND ( 'NONE', #2222, .T. ) ;
#1702 = DIRECTION ( 'NONE',  ( 0.0000000000000000000, 0.0000000000000000000, 1.000000000000000000 ) ) ;
#1703 = CIRCLE ( 'NONE', #1880, 8.099999999999999600 ) ;
#1704 = DIRECTION ( 'NONE',  ( -3.204937810639275000E-016, 0.0000000000000000000, 1.000000000000000000 ) ) ;
#1705 = CARTESIAN_POINT ( 'NONE',  ( -15.00000000000000000, -12.33333333333332000, 27.34755727462490100 ) ) ;
#1706 = CARTESIAN_POINT ( 'NONE',  ( -4.161812596680515100, 26.63472960422920000, -11.50000000000000000 ) ) ;
#1707 = FACE_OUTER_BOUND ( 'NONE', #2779, .T. ) ;
#1708 = CARTESIAN_POINT ( 'NONE',  ( 13.99702385176364300, 6.882633501993916000, 2.980122110172166200 ) ) ;
#1709 = CARTESIAN_POINT ( 'NONE',  ( 14.38306283747660100, 6.915649166299333600, 2.902682952540517100 ) ) ;
#1710 = FACE_OUTER_BOUND ( 'NONE', #685, .T. ) ;
#1711 = CARTESIAN_POINT ( 'NONE',  ( 12.73397459621556000, -5.950961894323340200, -13.30736835487436000 ) ) ;
#1712 = CARTESIAN_POINT ( 'NONE',  ( 14.57451500016428400, 6.940304031649548100, 2.844079286363880400 ) ) ;
#1713 = FACE_BOUND ( 'NONE', #1556, .T. ) ;
#1714 = AXIS2_PLACEMENT_3D ( 'NONE', #2310, #2336, #2338 ) ;
#1715 = CARTESIAN_POINT ( 'NONE',  ( 14.93650797625757900, 7.000313859876988500, 2.692993297813630600 ) ) ;
#1716 = CIRCLE ( 'NONE', #1832, 20.15685424949240100 ) ;
#1717 = CARTESIAN_POINT ( 'NONE',  ( 15.10786272612433500, 7.035539637854026500, 2.600856880313411800 ) ) ;
#1718 = DIRECTION ( 'NONE',  ( 0.0000000000000000000, 0.4999999999999998900, 0.8660254037844387100 ) ) ;
#1719 = CYLINDRICAL_SURFACE ( 'NONE', #1905, 0.4000000000000001900 ) ;
#1720 = CARTESIAN_POINT ( 'NONE',  ( 15.43219433279712000, 7.112109677733740500, 2.383520597682102300 ) ) ;
#1721 = CARTESIAN_POINT ( 'NONE',  ( 15.58387606858947000, 7.153228084679723200, 2.258683650472670800 ) ) ;
#1722 = CARTESIAN_POINT ( 'NONE',  ( 5.394320094084109000, 17.85016034961195800, 22.14084145403786900 ) ) ;
#1723 = FACE_BOUND ( 'NONE', #317, .T. ) ;
#1724 = CARTESIAN_POINT ( 'NONE',  ( 15.99432928345396300, 7.274231493520123800, 1.848472784796478400 ) ) ;
#1725 = FACE_OUTER_BOUND ( 'NONE', #1569, .T. ) ;
#1726 = CARTESIAN_POINT ( 'NONE',  ( 2.407982290227334200, 19.10290873298280400, 21.31042211660901500 ) ) ;
#1727 = CIRCLE ( 'NONE', #1922, 8.099999999999999600 ) ;
#1728 = DIRECTION ( 'NONE',  ( 0.0000000000000000000, 0.0000000000000000000, -1.000000000000000000 ) ) ;
#1729 = CARTESIAN_POINT ( 'NONE',  ( 16.21713492558877300, 7.353901782009976400, 1.517581453315187700 ) ) ;
#1730 = EDGE_LOOP ( 'NONE', ( #2590, #2455, #2453, #2448 ) ) ;
#1731 = FACE_OUTER_BOUND ( 'NONE', #1981, .T. ) ;
#1732 = CARTESIAN_POINT ( 'NONE',  ( 16.44307865351420600, 7.438293842020923000, 0.9772491706200332500 ) ) ;
#1733 = CARTESIAN_POINT ( 'NONE',  ( 16.50194613564703500, 7.461233216546128600, 0.7860743166198767000 ) ) ;
#1734 = CARTESIAN_POINT ( 'NONE',  ( 4.610496876211620100, 17.88240523248198200, 22.17502799108827500 ) ) ;
#1735 = FACE_OUTER_BOUND ( 'NONE', #118, .T. ) ;
#1736 = CARTESIAN_POINT ( 'NONE',  ( 16.58008595127733600, 7.491970502777963500, 0.3978591816781342200 ) ) ;
#1737 = AXIS2_PLACEMENT_3D ( 'NONE', #2295, #2305, #2264 ) ;
#1738 = CONICAL_SURFACE ( 'NONE', #1947, 28.19108188259160000, 0.05969997900349953400 ) ;
#1739 = DIRECTION ( 'NONE',  ( -1.000000000000000000, 0.0000000000000000000, -6.123031769111888800E-017 ) ) ;
#1740 = CARTESIAN_POINT ( 'NONE',  ( 16.59975236977569700, 7.499900947973800100, 0.2017806466003160300 ) ) ;
#1741 = CARTESIAN_POINT ( 'NONE',  ( 16.60024302761799900, 7.500097210984266700, -0.1943488732842901200 ) ) ;
#1742 = VECTOR ( 'NONE', #759, 1000.000000000000000 ) ;
#1743 = DIRECTION ( 'NONE',  ( 1.000000000000000000, 0.0000000000000000000, 0.0000000000000000000 ) ) ;
#1744 = CARTESIAN_POINT ( 'NONE',  ( 16.58037364643056200, 7.492086595348310700, -0.3952982347101858300 ) ) ;
#1745 = FACE_OUTER_BOUND ( 'NONE', #2652, .T. ) ;
#1746 = CARTESIAN_POINT ( 'NONE',  ( 16.50298397209502700, 7.461638588279432900, -0.7820305777027895000 ) ) ;
#1747 = CARTESIAN_POINT ( 'NONE',  ( 16.44563696367327000, 7.439264275636920900, -0.9703831960996161000 ) ) ;
#1748 = FACE_OUTER_BOUND ( 'NONE', #2667, .T. ) ;
#1749 = ADVANCED_FACE ( 'E1401', ( #1589, #1559, #1565, #1570 ), #1548, .F. ) ;
#1750 = CARTESIAN_POINT ( 'NONE',  ( -5.100000000000000500, 55.19885594382850500, 0.0000000000000000000 ) ) ;
#1751 = VECTOR ( 'NONE', #783, 1000.000000000000000 ) ;
#1752 = CARTESIAN_POINT ( 'NONE',  ( 16.29321842201426000, 7.382305107649037800, -1.336363650964498500 ) ) ;
#1753 = ADVANCED_FACE ( 'E1038', ( #1572 ), #2321, .T. ) ;
#1754 = LINE ( 'NONE', #772, #1742 ) ;
#1755 = AXIS2_PLACEMENT_3D ( 'NONE', #2353, #2331, #2327 ) ;
#1756 = FACE_BOUND ( 'NONE', #1887, .T. ) ;
#1757 = CARTESIAN_POINT ( 'NONE',  ( 2.166351980315135400, 19.50871383432349000, 20.95944864383765300 ) ) ;
#1758 = CARTESIAN_POINT ( 'NONE',  ( 16.20060566525171100, 7.348659409657891200, -1.508200694234609100 ) ) ;
#1759 = CARTESIAN_POINT ( 'NONE',  ( 15.98412449619325800, 7.274867346306937300, -1.831329993988044300 ) ) ;
#1760 = CYLINDRICAL_SURFACE ( 'NONE', #1939, 7.500000000000000000 ) ;
#1761 = ADVANCED_FACE ( 'E1314', ( #1552, #1540 ), #1528, .F. ) ;
#1762 = FACE_OUTER_BOUND ( 'NONE', #1956, .T. ) ;
#1763 = AXIS2_PLACEMENT_3D ( 'NONE', #2287, #2291, #2275 ) ;
#1764 = ADVANCED_FACE ( 'E3', ( #1551, #1562 ), #1545, .F. ) ;
#1765 = CARTESIAN_POINT ( 'NONE',  ( 15.85873797500804700, 7.234272258530352500, -1.983882469292777200 ) ) ;
#1766 = FACE_OUTER_BOUND ( 'NONE', #1894, .T. ) ;
#1767 = AXIS2_PLACEMENT_3D ( 'NONE', #1387, #1430, #1431 ) ;
#1768 = CARTESIAN_POINT ( 'NONE',  ( 15.58421534442204000, 7.153314504748008700, -2.258445562476721700 ) ) ;
#1769 = CONICAL_SURFACE ( 'NONE', #1960, 13.89999999999999900, 0.7853981633974490600 ) ;
#1770 = CARTESIAN_POINT ( 'NONE',  ( 15.43495792685864000, 7.112831613049959100, -2.381365580820662000 ) ) ;
#1771 = FACE_OUTER_BOUND ( 'NONE', #492, .T. ) ;
#1772 = EDGE_LOOP ( 'NONE', ( #2553 ) ) ;
#1773 = AXIS2_PLACEMENT_3D ( 'NONE', #1694, #1697, #1702 ) ;
#1774 = CARTESIAN_POINT ( 'NONE',  ( 15.11147448523039600, 7.036324188222427400, -2.598733826954239000 ) ) ;
#1775 = FACE_OUTER_BOUND ( 'NONE', #2422, .T. ) ;
#1776 = CARTESIAN_POINT ( 'NONE',  ( 14.93701985044243100, 7.000438417973982500, -2.692658920764445800 ) ) ;
#1777 = FACE_BOUND ( 'NONE', #1903, .T. ) ;
#1778 = CARTESIAN_POINT ( 'NONE',  ( 14.57715237584744900, 6.940701890226471000, -2.843098200629930800 ) ) ;
#1779 = ADVANCED_FACE ( 'E912', ( #1523 ), #2364, .T. ) ;
#1780 = CARTESIAN_POINT ( 'NONE',  ( 14.38996697762115300, 6.916376422041499200, -2.900961589071023200 ) ) ;
#1781 = FACE_BOUND ( 'NONE', #538, .T. ) ;
#1782 = CARTESIAN_POINT ( 'NONE',  ( 13.99974659982248300, 6.882732911402945900, -2.979904129821583100 ) ) ;
#1783 = AXIS2_PLACEMENT_3D ( 'NONE', #488, #48, #54 ) ;
#1784 = ADVANCED_FACE ( 'E339', ( #1531 ), #1510, .T. ) ;
#1785 = FACE_BOUND ( 'NONE', #2378, .T. ) ;
#1786 = CARTESIAN_POINT ( 'NONE',  ( -4.607989396945792600, -5.561626554942839600, -19.37453623824199400 ) ) ;
#1787 = CARTESIAN_POINT ( 'NONE',  ( 10.50000000000000000, 12.33333333333334100, 27.34755727462490100 ) ) ;
#1788 = ADVANCED_FACE ( 'E0', ( #1519, #1509 ), #1539, .F. ) ;
#1789 = FACE_OUTER_BOUND ( 'NONE', #1511, .T. ) ;
#1790 = PLANE ( 'NONE',  #1124 ) ;
#1791 = CARTESIAN_POINT ( 'NONE',  ( 13.80161975170230300, 6.873988870727538700, -2.999712836451145800 ) ) ;
#1792 = CARTESIAN_POINT ( 'NONE',  ( 13.40701846047612200, 6.873740927995942100, -3.000280945319830500 ) ) ;
#1793 = FACE_BOUND ( 'NONE', #823, .T. ) ;
#1794 = ADVANCED_FACE ( 'E1374', ( #1506, #1516 ), #1499, .F. ) ;
#1795 = AXIS2_PLACEMENT_3D ( 'NONE', #1392, #1404, #1406 ) ;
#1796 = CARTESIAN_POINT ( 'NONE',  ( 2.032656497666789800, 19.93075168712928800, 20.56975827281386400 ) ) ;
#1797 = CARTESIAN_POINT ( 'NONE',  ( 13.20706797280101200, 6.882357723990578400, -2.980760678811358800 ) ) ;
#1798 = AXIS2_PLACEMENT_3D ( 'NONE', #34, #1395, #45 ) ;
#1799 = PLANE ( 'NONE',  #1113 ) ;
#1800 = ADVANCED_FACE ( 'E1395', ( #1533, #1494 ), #2457, .T. ) ;
#1801 = ADVANCED_FACE ( 'E975', ( #1507 ), #2500, .T. ) ;
#1802 = CYLINDRICAL_SURFACE ( 'NONE', #1971, 11.50000000000000000 ) ;
#1803 = AXIS2_PLACEMENT_3D ( 'NONE', #1421, #1422, #1425 ) ;
#1804 = CARTESIAN_POINT ( 'NONE',  ( 14.46602540378444100, 14.50000000000000000, -1.500000000000000000 ) ) ;
#1805 = ORIENTED_EDGE ( 'NONE', *, *, #2270, .T. ) ;
#1806 = LINE ( 'NONE', #774, #1751 ) ;
#1807 = FACE_OUTER_BOUND ( 'NONE', #767, .T. ) ;
#1808 = ORIENTED_CLOSED_SHELL ( 'NONE', *, #80, .F. );
#1809 = ORIENTED_CLOSED_SHELL ( 'NONE', *, #1929, .F. );
#1810 = DIRECTION ( 'NONE',  ( 1.000000000000000000, 0.0000000000000000000, 1.632808471763169700E-016 ) ) ;
#1811 = CARTESIAN_POINT ( 'NONE',  ( 12.81811072141124100, 6.915475624058414500, -2.903098165473331000 ) ) ;
#1812 = ADVANCED_FACE ( 'E1202', ( #1502 ), #2504, .T. ) ;
#1813 = FACE_BOUND ( 'NONE', #1313, .T. ) ;
#1814 = CYLINDRICAL_SURFACE ( 'NONE', #2002, 3.000000000000000000 ) ;
#1815 = CARTESIAN_POINT ( 'NONE',  ( -5.100000000000000500, 0.0000000000000000000, 0.0000000000000000000 ) ) ;
#1816 = CARTESIAN_POINT ( 'NONE',  ( 12.63035189554660700, 6.939611428167625100, -2.845763815483814100 ) ) ;
#1817 = FACE_OUTER_BOUND ( 'NONE', #263, .T. ) ;
#1818 = ORIENTED_EDGE ( 'NONE', *, *, #2090, .F. ) ;
#1819 = FACE_OUTER_BOUND ( 'NONE', #1484, .T. ) ;
#1820 = DIRECTION ( 'NONE',  ( -0.5000000000000001100, 0.7500000000000001100, -0.4330127018922190800 ) ) ;
#1821 = AXIS2_PLACEMENT_3D ( 'NONE', #1110, #1204, #1209 ) ;
#1822 = CARTESIAN_POINT ( 'NONE',  ( 12.26753912588175400, 6.999531506361025300, -2.695020808626736200 ) ) ;
#1823 = CARTESIAN_POINT ( 'NONE',  ( 12.09295475408333700, 7.035381024671401000, -2.601255026170703500 ) ) ;
#1824 = FACE_OUTER_BOUND ( 'NONE', #1899, .T. ) ;
#1825 = ADVANCED_FACE ( 'E1017', ( #1486 ), #2518, .T. ) ;
#1826 = CARTESIAN_POINT ( 'NONE',  ( -4.161812596680515100, 26.63472960422920000, 11.50000000000000000 ) ) ;
#1827 = AXIS2_PLACEMENT_3D ( 'NONE', #1233, #1235, #1240 ) ;
#1828 = CARTESIAN_POINT ( 'NONE',  ( 11.77016409294880200, 7.111518841696214300, -2.385249177273619700 ) ) ;
#1829 = CYLINDRICAL_SURFACE ( 'NONE', #2020, 11.50000000000000000 ) ;
#1830 = ORIENTED_EDGE ( 'NONE', *, *, #876, .T. ) ;
#1831 = FACE_OUTER_BOUND ( 'NONE', #961, .T. ) ;
#1832 = AXIS2_PLACEMENT_3D ( 'NONE', #1197, #1201, #1203 ) ;
#1833 = CARTESIAN_POINT ( 'NONE',  ( 2.012830025463120600, 20.21172434082970800, 20.29450909635919900 ) ) ;
#1834 = VERTEX_POINT ( 'NONE', #2534 ) ;
#1835 = CYLINDRICAL_SURFACE ( 'NONE', #2024, 27.00000000000000000 ) ;
#1836 = CARTESIAN_POINT ( 'NONE',  ( 11.61947339453930000, 7.152269816258938200, -2.261814949844688900 ) ) ;
#1837 = CARTESIAN_POINT ( 'NONE',  ( 11.21931308553666000, 7.273739817658855200, -1.835756787855455500 ) ) ;
#1838 = AXIS2_PLACEMENT_3D ( 'NONE', #1096, #1100, #1104 ) ;
#1839 = AXIS2_PLACEMENT_3D ( 'NONE', #892, #896, #849 ) ;
#1840 = DIRECTION ( 'NONE',  ( -1.000000000000000000, -2.775557561562890400E-016, 1.602468905319635000E-016 ) ) ;
#1841 = CONICAL_SURFACE ( 'NONE', #2058, 3.000000000000000000, 0.7853981633974490600 ) ;
#1842 = ADVANCED_FACE ( 'E996', ( #1489 ), #2567, .T. ) ;
#1843 = CARTESIAN_POINT ( 'NONE',  ( 11.00260910510104200, 7.347520684639338400, -1.513682168736332700 ) ) ;
#1844 = FACE_OUTER_BOUND ( 'NONE', #2787, .T. ) ;
#1845 = AXIS2_PLACEMENT_3D ( 'NONE', #915, #919, #921 ) ;
#1846 = CARTESIAN_POINT ( 'NONE',  ( 17.09097797009391700, -7.744519399946504700, -12.26042703956516200 ) ) ;
#1847 = FACE_BOUND ( 'NONE', #472, .T. ) ;
#1848 = CARTESIAN_POINT ( 'NONE',  ( 12.73397459621556000, -7.674038105676659800, -10.29182389825160000 ) ) ;
#1849 = CARTESIAN_POINT ( 'NONE',  ( 10.90821659468221000, 7.381785061515105700, -1.338994373153892000 ) ) ;
#1850 = AXIS2_PLACEMENT_3D ( 'NONE', #1074, #1077, #1079 ) ;
#1851 = CARTESIAN_POINT ( 'NONE',  ( -5.100000000000000500, 49.72777777777780300, 10.48323028860620100 ) ) ;
#1852 = CARTESIAN_POINT ( 'NONE',  ( 17.12725675875142200, -7.558164660852943600, -12.37628024552914700 ) ) ;
#1853 = AXIS2_PLACEMENT_3D ( 'NONE', #886, #885, #850 ) ;
#1854 = FACE_OUTER_BOUND ( 'NONE', #983, .T. ) ;
#1855 = FACE_OUTER_BOUND ( 'NONE', #2475, .T. ) ;
#1856 = EDGE_CURVE ( 'NONE', #491, #491, #47, .T. ) ;
#1857 = CARTESIAN_POINT ( 'NONE',  ( 17.14855238314210000, -7.180142100838088100, -12.59935415678969900 ) ) ;
#1858 = CARTESIAN_POINT ( 'NONE',  ( 10.75656972596423700, 7.438423792482280900, -0.9764773981915448900 ) ) ;
#1859 = DIRECTION ( 'NONE',  ( -1.000000000000000000, 0.0000000000000000000, -6.123031769111888800E-017 ) ) ;
#1860 = DIRECTION ( 'NONE',  ( 0.0000000000000000000, 0.9115852424874963900, 0.4111111111111110900 ) ) ;
#1861 = FACE_OUTER_BOUND ( 'NONE', #2749, .T. ) ;
#1862 = CARTESIAN_POINT ( 'NONE',  ( 17.13331158684149400, -6.984237768287407300, -12.70896037391660000 ) ) ;
#1863 = EDGE_CURVE ( 'NONE', #490, #490, #1504, .T. ) ;
#1864 = DIRECTION ( 'NONE',  ( 0.0000000000000000000, -0.9115852424874963900, 0.4111111111111110900 ) ) ;
#1865 = FACE_OUTER_BOUND ( 'NONE', #1073, .T. ) ;
#1866 = CARTESIAN_POINT ( 'NONE',  ( 10.69895623165924400, 7.460881738291079500, -0.7892351911161170600 ) ) ;
#1867 = CARTESIAN_POINT ( 'NONE',  ( 14.46602540378444100, -7.674038105676650000, -10.29182389825160000 ) ) ;
#1868 = FACE_OUTER_BOUND ( 'NONE', #2436, .T. ) ;
#1869 = CARTESIAN_POINT ( 'NONE',  ( 10.62056656653067900, 7.491710415613470200, -0.4023972517923424800 ) ) ;
#1870 = FACE_OUTER_BOUND ( 'NONE', #811, .T. ) ;
#1871 = DIRECTION ( 'NONE',  ( 2.517246393968220700E-017, 0.9115852424874963900, -0.4111111111111110900 ) ) ;
#1872 = CARTESIAN_POINT ( 'NONE',  ( 10.60023363297427700, 7.499906546863867300, -0.2012795495123870800 ) ) ;
#1873 = CARTESIAN_POINT ( 'NONE',  ( 17.05237312781676800, -6.600138795177342900, -12.91260697435454800 ) ) ;
#1874 = ORIENTED_EDGE ( 'NONE', *, *, #2244, .T. ) ;
#1875 = VECTOR ( 'NONE', #502, 1000.000000000000000 ) ;
#1876 = LINE ( 'NONE', #520, #1875 ) ;
#1877 = CARTESIAN_POINT ( 'NONE',  ( 10.59977048044189700, 7.500091807770129300, 0.1942538127368300400 ) ) ;
#1878 = DIRECTION ( 'NONE',  ( 0.0000000000000000000, 0.4999999999999998900, 0.8660254037844387100 ) ) ;
#1879 = FACE_BOUND ( 'NONE', #1578, .T. ) ;
#1880 = AXIS2_PLACEMENT_3D ( 'NONE', #857, #859, #860 ) ;
#1881 = AXIS2_PLACEMENT_3D ( 'NONE', #827, #833, #822 ) ;
#1882 = CARTESIAN_POINT ( 'NONE',  ( 12.73397459621556000, -8.549038105676659800, -11.80736835487436000 ) ) ;
#1883 = FACE_OUTER_BOUND ( 'NONE', #1189, .T. ) ;
#1884 = CARTESIAN_POINT ( 'NONE',  ( 10.61890314873409100, 7.492373117901018500, 0.3909043962601421700 ) ) ;
#1885 = CARTESIAN_POINT ( 'NONE',  ( 10.69684244257895900, 7.461704919415483400, 0.7819340639926938300 ) ) ;
#1886 = CARTESIAN_POINT ( 'NONE',  ( -5.100000000000000500, 55.19885594382850500, 11.50000000000000000 ) ) ;
#1887 = EDGE_LOOP ( 'NONE', ( #1943 ) ) ;
#1888 = AXIS2_PLACEMENT_3D ( 'NONE', #800, #793, #817 ) ;
#1889 = CARTESIAN_POINT ( 'NONE',  ( 10.75482168714514100, 7.439097421527907100, 0.9712544722055569400 ) ) ;
#1890 = ADVANCED_FACE ( 'E790', ( #1465 ), #2597, .T. ) ;
#1891 = EDGE_LOOP ( 'NONE', ( #2036 ) ) ;
#1892 = CARTESIAN_POINT ( 'NONE',  ( 10.90528574797326300, 7.382859589286494100, 1.333000368208087500 ) ) ;
#1893 = ORIENTED_EDGE ( 'NONE', *, *, #2196, .F. ) ;
#1894 = EDGE_LOOP ( 'NONE', ( #1938, #1934, #1914, #1907 ) ) ;
#1895 = DIRECTION ( 'NONE',  ( -0.5000000000000001100, -0.7500000000000001100, 0.4330127018922190800 ) ) ;
#1896 = DIRECTION ( 'NONE',  ( 0.0000000000000000000, 0.4999999999999998900, 0.8660254037844387100 ) ) ;
#1897 = ORIENTED_EDGE ( 'NONE', *, *, #2182, .T. ) ;
#1898 = CARTESIAN_POINT ( 'NONE',  ( 10.99923540525204800, 7.348710214407949700, 1.508017341566429700 ) ) ;
#1899 = EDGE_LOOP ( 'NONE', ( #2529, #435, #438, #2026, #137, #1547, #183, #35 ) ) ;
#1900 = EDGE_CURVE ( 'NONE', #489, #489, #1473, .T. ) ;
#1901 = CARTESIAN_POINT ( 'NONE',  ( 11.21654815603916700, 7.274641436560948200, 1.832280024253736300 ) ) ;
#1902 = ORIENTED_EDGE ( 'NONE', *, *, #2201, .F. ) ;
#1903 = EDGE_LOOP ( 'NONE', ( #2377 ) ) ;
#1904 = CARTESIAN_POINT ( 'NONE',  ( 14.46602540378444100, -8.549038105676659800, -11.80736835487436000 ) ) ;
#1905 = AXIS2_PLACEMENT_3D ( 'NONE', #782, #797, #742 ) ;
#1906 = CARTESIAN_POINT ( 'NONE',  ( 11.33955852099413200, 7.234800354030938700, 1.981987354939967400 ) ) ;
#1907 = ORIENTED_EDGE ( 'NONE', *, *, #2256, .F. ) ;
#1908 = DIRECTION ( 'NONE',  ( 0.0000000000000000000, 0.4999999999999998900, 0.8660254037844387100 ) ) ;
#1909 = CARTESIAN_POINT ( 'NONE',  ( -4.000000000000000000, 26.62419456546835100, 11.50000000000000000 ) ) ;
#1910 = CARTESIAN_POINT ( 'NONE',  ( 11.61455522466808600, 7.153651615683328300, 2.257405280240875700 ) ) ;
#1911 = EDGE_LOOP ( 'NONE', ( #2043 ) ) ;
#1912 = CARTESIAN_POINT ( 'NONE',  ( 11.76667874094575000, 7.112426251277771200, 2.382545143913056100 ) ) ;
#1913 = ORIENTED_EDGE ( 'NONE', *, *, #2292, .F. ) ;
#1914 = ORIENTED_EDGE ( 'NONE', *, *, #2263, .F. ) ;
#1915 = CARTESIAN_POINT ( 'NONE',  ( 12.08859465094153900, 7.036326205494417800, 2.598700073598609000 ) ) ;
#1916 = AXIS2_PLACEMENT_3D ( 'NONE', #761, #763, #766 ) ;
#1917 = ORIENTED_EDGE ( 'NONE', *, *, #2277, .F. ) ;
#1918 = CARTESIAN_POINT ( 'NONE',  ( 12.25976790102336100, 7.000991700244967800, 2.691255021822270600 ) ) ;
#1919 = CARTESIAN_POINT ( 'NONE',  ( 15.33205080756890100, -6.375000000000000000, -11.04182389825160000 ) ) ;
#1920 = ORIENTED_EDGE ( 'NONE', *, *, #2419, .T. ) ;
#1921 = CARTESIAN_POINT ( 'NONE',  ( 14.46602540378444100, -5.950961894323340200, -13.30736835487436000 ) ) ;
#1922 = AXIS2_PLACEMENT_3D ( 'NONE', #837, #838, #839 ) ;
#1923 = CARTESIAN_POINT ( 'NONE',  ( 12.62448603603784400, 6.940409944784005500, 2.843843908818796300 ) ) ;
#1924 = CARTESIAN_POINT ( 'NONE',  ( 12.81339707671280900, 6.916047237846772300, 2.901738459365850200 ) ) ;
#1925 = VERTEX_POINT ( 'NONE', #75 ) ;
#1926 = DIRECTION ( 'NONE',  ( 0.0000000000000000000, 0.0000000000000000000, 1.000000000000000000 ) ) ;
#1927 = CARTESIAN_POINT ( 'NONE',  ( 13.19971714466694700, 6.882818579730082000, 2.979698622547803900 ) ) ;
#1928 = CARTESIAN_POINT ( 'NONE',  ( 17.69999999999999900, 0.0000000000000000000, 0.0000000000000000000 ) ) ;
#1929 = CLOSED_SHELL ( 'NONE', ( #894, #2820, #2650, #1794, #2665, #2756, #2737, #2752 ) ) ;
#1930 = AXIS2_PLACEMENT_3D ( 'NONE', #702, #661, #738 ) ;
#1931 = DIRECTION ( 'NONE',  ( -1.000000000000000000, 0.0000000000000000000, 0.0000000000000000000 ) ) ;
#1932 = DIRECTION ( 'NONE',  ( 0.0000000000000000000, 0.4999999999999998900, 0.8660254037844387100 ) ) ;
#1933 = CARTESIAN_POINT ( 'NONE',  ( 13.39957773666240300, 6.873863542433762000, 3.000000000000000000 ) ) ;
#1934 = ORIENTED_EDGE ( 'NONE', *, *, #2117, .T. ) ;
#1935 = CARTESIAN_POINT ( 'NONE',  ( 13.60000000000000300, 6.873863542433760200, 3.000000000000000000 ) ) ;
#1936 = DIRECTION ( 'NONE',  ( 0.5000000000000001100, -0.7500000000000001100, 0.4330127018922190800 ) ) ;
#1937 = DIRECTION ( 'NONE',  ( 0.0000000000000000000, 0.8660254037844388200, -0.4999999999999997200 ) ) ;
#1938 = ORIENTED_EDGE ( 'NONE', *, *, #2165, .F. ) ;
#1939 = AXIS2_PLACEMENT_3D ( 'NONE', #716, #720, #713 ) ;
#1940 = ORIENTED_EDGE ( 'NONE', *, *, #2299, .F. ) ;
#1941 = CARTESIAN_POINT ( 'NONE',  ( 12.73397459621556000, 14.50000000000000000, -1.500000000000000000 ) ) ;
#1942 = DIRECTION ( 'NONE',  ( -6.123031769111887500E-017, -0.4999999999999998900, -0.8660254037844387100 ) ) ;
#1943 = ORIENTED_EDGE ( 'NONE', *, *, #2340, .F. ) ;
#1944 = ORIENTED_EDGE ( 'NONE', *, *, #2177, .T. ) ;
#1945 = VERTEX_POINT ( 'NONE', #97 ) ;
#1946 = CARTESIAN_POINT ( 'NONE',  ( 13.60000000000000000, -6.979375000000000100, -12.08863210507604100 ) ) ;
#1947 = AXIS2_PLACEMENT_3D ( 'NONE', #790, #749, #744 ) ;
#1948 = EDGE_CURVE ( 'NONE', #487, #487, #1456, .T. ) ;
#1949 = B_SPLINE_CURVE_WITH_KNOTS ( 'NONE', 3,
 ( #534, #423, #293, #554 ),
 .UNSPECIFIED., .F., .F.,
 ( 4, 4 ),
 ( 0.05495675382597337000, 0.05511890896803807400 ),
 .UNSPECIFIED. ) ;
#1950 = CARTESIAN_POINT ( 'NONE',  ( 11.86794919243111900, 12.75000000000000000, -3.181620636138040000E-016 ) ) ;
#1951 = EDGE_LOOP ( 'NONE', ( #2736 ) ) ;
#1952 = DIRECTION ( 'NONE',  ( -1.000000000000000000, 0.0000000000000000000, 0.0000000000000000000 ) ) ;
#1953 = VERTEX_POINT ( 'NONE', #91 ) ;
#1954 = AXIS2_PLACEMENT_3D ( 'NONE', #681, #697, #701 ) ;
#1955 = DIRECTION ( 'NONE',  ( 0.4999999999999998900, 0.0000000000000000000, 0.8660254037844387100 ) ) ;
#1956 = EDGE_LOOP ( 'NONE', ( #2023, #2012, #2006, #2003, #1979, #1975, #1970, #1944 ) ) ;
#1957 = CARTESIAN_POINT ( 'NONE',  ( 14.46602540378444100, -5.075961894323340200, -11.79182389825160200 ) ) ;
#1958 = EDGE_CURVE ( 'NONE', #486, #486, #1482, .T. ) ;
#1959 = ORIENTED_EDGE ( 'NONE', *, *, #2169, .F. ) ;
#1960 = AXIS2_PLACEMENT_3D ( 'NONE', #692, #710, #706 ) ;
#1961 = EDGE_LOOP ( 'NONE', ( #904, #2337, #1008, #2078, #1691, #2838 ) ) ;
#1962 = CARTESIAN_POINT ( 'NONE',  ( 10.98450606922200200, 14.34063078029392100, -2.143900426564924600 ) ) ;
#1963 = CARTESIAN_POINT ( 'NONE',  ( 11.86794919243111900, -7.250000000000000000, -12.55736835487436000 ) ) ;
#1964 = VERTEX_POINT ( 'NONE', #90 ) ;
#1965 = CARTESIAN_POINT ( 'NONE',  ( 15.33205080756890100, -7.250000000000000000, -12.55736835487436000 ) ) ;
#1966 = DIRECTION ( 'NONE',  ( 0.4999999999999999400, 0.7499999999999998900, -0.4330127018922194600 ) ) ;
#1967 = AXIS2_PLACEMENT_3D ( 'NONE', #657, #623, #682 ) ;
#1968 = CARTESIAN_POINT ( 'NONE',  ( 11.31273522028722300, 14.29419439745960200, -2.437486307826781700 ) ) ;
#1969 = CARTESIAN_POINT ( 'NONE',  ( 11.67799005359603400, 14.25048165997230100, -2.681250721585215900 ) ) ;
#1970 = ORIENTED_EDGE ( 'NONE', *, *, #2112, .F. ) ;
#1971 = AXIS2_PLACEMENT_3D ( 'NONE', #652, #646, #637 ) ;
#1972 = CARTESIAN_POINT ( 'NONE',  ( 16.98758391636683400, -6.411783465087424400, -13.00694972122256500 ) ) ;
#1973 = EDGE_CURVE ( 'NONE', #484, #484, #1477, .T. ) ;
#1974 = CARTESIAN_POINT ( 'NONE',  ( 11.87424520847048000, 14.22983452982906100, -2.787416151133446100 ) ) ;
#1975 = ORIENTED_EDGE ( 'NONE', *, *, #2123, .T. ) ;
#1976 = CARTESIAN_POINT ( 'NONE',  ( 13.13598816363298000, 14.15030784475517900, -3.165278384861749000 ) ) ;
#1977 = VERTEX_POINT ( 'NONE', #110 ) ;
#1978 = CARTESIAN_POINT ( 'NONE',  ( -4.000000000000000000, -26.62419456546835100, -11.50000000000000000 ) ) ;
#1979 = ORIENTED_EDGE ( 'NONE', *, *, #2125, .T. ) ;
#1980 = EDGE_LOOP ( 'NONE', ( #2570 ) ) ;
#1981 = EDGE_LOOP ( 'NONE', ( #1284, #543, #154, #208 ) ) ;
#1982 = CARTESIAN_POINT ( 'NONE',  ( 13.57449732837968300, 14.14411666373352500, -3.192829960663184700 ) ) ;
#1983 = EDGE_LOOP ( 'NONE', ( #2055 ) ) ;
#1984 = CARTESIAN_POINT ( 'NONE',  ( 13.79408890139560600, 14.14517712747914900, -3.188188013183662000 ) ) ;
#1985 = DIRECTION ( 'NONE',  ( 0.5000000000000001100, -0.7500000000000001100, 0.4330127018922190800 ) ) ;
#1986 = DIRECTION ( 'NONE',  ( -1.000000000000000000, 0.0000000000000000000, 0.0000000000000000000 ) ) ;
#1987 = ORIENTED_EDGE ( 'NONE', *, *, #2217, .T. ) ;
#1988 = EDGE_LOOP ( 'NONE', ( #1902, #1897, #1893, #1959 ) ) ;
#1989 = AXIS2_PLACEMENT_3D ( 'NONE', #621, #619, #642 ) ;
#1990 = EDGE_LOOP ( 'NONE', ( #2236 ) ) ;
#1991 = CARTESIAN_POINT ( 'NONE',  ( 12.73397459621556000, -5.950961894323340200, -13.30736835487436000 ) ) ;
#1992 = ADVANCED_FACE ( 'E596', ( #1453 ), #1446, .F. ) ;
#1993 = CARTESIAN_POINT ( 'NONE',  ( 14.23396086362610500, 14.15567861675434400, -3.141232508798284900 ) ) ;
#1994 = ORIENTED_EDGE ( 'NONE', *, *, #2565, .F. ) ;
#1995 = CARTESIAN_POINT ( 'NONE',  ( 14.45253303662003600, 14.16515831133900400, -3.098719769695185800 ) ) ;
#1996 = EDGE_CURVE ( 'NONE', #482, #482, #1449, .T. ) ;
#1997 = CARTESIAN_POINT ( 'NONE',  ( 14.46602540378444100, -5.950961894323340200, -13.30736835487436000 ) ) ;
#1998 = VERTEX_POINT ( 'NONE', #134 ) ;
#1999 = CARTESIAN_POINT ( 'NONE',  ( 14.56642077976835700, -9.745482547940891700, -10.73686275069559700 ) ) ;
#2000 = CARTESIAN_POINT ( 'NONE',  ( 14.87386345928739900, 14.19090698345300100, -2.978579054411833600 ) ) ;
#2001 = DIRECTION ( 'NONE',  ( 0.0000000000000000000, -0.8660254037844387100, 0.4999999999999998900 ) ) ;
#2002 = AXIS2_PLACEMENT_3D ( 'NONE', #617, #600, #597 ) ;
#2003 = ORIENTED_EDGE ( 'NONE', *, *, #2133, .T. ) ;
#2004 = CARTESIAN_POINT ( 'NONE',  ( 15.07859041575179900, 14.20721701798302100, -2.900804394093059900 ) ) ;
#2005 = DIRECTION ( 'NONE',  ( 0.0000000000000000000, 0.4999999999999998900, 0.8660254037844387100 ) ) ;
#2006 = ORIENTED_EDGE ( 'NONE', *, *, #2138, .F. ) ;
#2007 = CARTESIAN_POINT ( 'NONE',  ( 13.60000000000000000, -7.250000000000000000, -12.55736835487436000 ) ) ;
#2008 = CARTESIAN_POINT ( 'NONE',  ( 16.70045938040197000, -5.866896146265402100, -13.26128774732729600 ) ) ;
#2009 = CARTESIAN_POINT ( 'NONE',  ( 15.47558152374129200, 14.24527566725565300, -2.707730173549373300 ) ) ;
#2010 = EDGE_LOOP ( 'NONE', ( #1618, #2619, #88, #94 ) ) ;
#2011 = CARTESIAN_POINT ( 'NONE',  ( 16.44372251093963300, -5.536802647781686700, -13.40246393570953400 ) ) ;
#2012 = ORIENTED_EDGE ( 'NONE', *, *, #2146, .T. ) ;
#2013 = DIRECTION ( 'NONE',  ( 0.0000000000000000000, 0.8660254037844388200, -0.4999999999999997800 ) ) ;
#2014 = EDGE_CURVE ( 'NONE', #477, #477, #1438, .T. ) ;
#2015 = ADVANCED_FACE ( 'E733', ( #1433, #1424 ), #136, .T. ) ;
#2016 = EDGE_LOOP ( 'NONE', ( #1432, #77, #390, #1661 ) ) ;
#2017 = DIRECTION ( 'NONE',  ( -0.0000000000000000000, 0.4999999999999998900, 0.8660254037844387100 ) ) ;
#2018 = CARTESIAN_POINT ( 'NONE',  ( 13.60000000000000000, -4.020624999999999900, -6.963926778181620300 ) ) ;
#2019 = AXIS2_PLACEMENT_3D ( 'NONE', #599, #555, #615 ) ;
#2020 = AXIS2_PLACEMENT_3D ( 'NONE', #574, #578, #592 ) ;
#2021 = CARTESIAN_POINT ( 'NONE',  ( 16.29504910493799500, -5.380617853426535600, -13.46557408750267200 ) ) ;
#2022 = VERTEX_POINT ( 'NONE', #133 ) ;
#2023 = ORIENTED_EDGE ( 'NONE', *, *, #2147, .T. ) ;
#2024 = AXIS2_PLACEMENT_3D ( 'NONE', #569, #523, #563 ) ;
#2025 = ADVANCED_FACE ( 'E203', ( #1427 ), #1410, .T. ) ;
#2026 = ORIENTED_EDGE ( 'NONE', *, *, #2101, .T. ) ;
#2027 = CARTESIAN_POINT ( 'NONE',  ( 15.66506659412636500, 14.26679794266261300, -2.593399115589542200 ) ) ;
#2028 = ORIENTED_EDGE ( 'NONE', *, *, #973, .T. ) ;
#2029 = CARTESIAN_POINT ( 'NONE',  ( 15.97223962488828000, -5.099441671883345100, -13.57455077067729100 ) ) ;
#2030 = CARTESIAN_POINT ( 'NONE',  ( -4.000000000000000000, -45.00000000000000000, 0.0000000000000000000 ) ) ;
#2031 = ORIENTED_EDGE ( 'NONE', *, *, #2734, .T. ) ;
#2032 = DIRECTION ( 'NONE',  ( 1.000000000000000000, 5.551115123125780700E-016, -3.204937810639275000E-016 ) ) ;
#2033 = CARTESIAN_POINT ( 'NONE',  ( 16.01601455366648700, 14.31142544799388400, -2.334597214942161400 ) ) ;
#2034 = CARTESIAN_POINT ( 'NONE',  ( 16.17910417694774600, 14.33469503041633600, -2.189413184518902900 ) ) ;
#2035 = ORIENTED_EDGE ( 'NONE', *, *, #2090, .T. ) ;
#2036 = ORIENTED_EDGE ( 'NONE', *, *, #2158, .T. ) ;
#2037 = DIRECTION ( 'NONE',  ( 0.0000000000000000000, -0.8660254037844389300, 0.4999999999999998300 ) ) ;
#2038 = CARTESIAN_POINT ( 'NONE',  ( 16.47808433867479400, 14.38063830323851600, -1.863935003968015100 ) ) ;
#2039 = CARTESIAN_POINT ( 'NONE',  ( 15.79753686698668800, -4.973181892786129800, -13.62099752944793500 ) ) ;
#2040 = EDGE_LOOP ( 'NONE', ( #445, #169, #95, #1805 ) ) ;
#2041 = CARTESIAN_POINT ( 'NONE',  ( 16.61001085232612000, 14.40269721339317000, -1.687538535171622100 ) ) ;
#2042 = EDGE_LOOP ( 'NONE', ( #2616 ) ) ;
#2043 = ORIENTED_EDGE ( 'NONE', *, *, #2159, .F. ) ;
#2044 = DIRECTION ( 'NONE',  ( 0.0000000000000000000, 0.4999999999999998900, 0.8660254037844387100 ) ) ;
#2045 = CARTESIAN_POINT ( 'NONE',  ( 16.83330750617684800, 14.44167020676625200, -1.312872791771058300 ) ) ;
#2046 = ORIENTED_EDGE ( 'NONE', *, *, #2375, .T. ) ;
#2047 = VERTEX_POINT ( 'NONE', #143 ) ;
#2048 = EDGE_CURVE ( 'NONE', #476, #476, #1417, .T. ) ;
#2049 = CARTESIAN_POINT ( 'NONE',  ( 13.60000000000000000, -3.750000000000000000, -6.495190528383290000 ) ) ;
#2050 = CARTESIAN_POINT ( 'NONE',  ( 16.92612991380661200, 14.45883919643456700, -1.111989181773614700 ) ) ;
#2051 = VERTEX_POINT ( 'NONE', #165 ) ;
#2052 = CARTESIAN_POINT ( 'NONE',  ( 17.06511472193556900, 14.48507970154213400, -0.6906640925271240200 ) ) ;
#2053 = AXIS2_PLACEMENT_3D ( 'NONE', #516, #542, #545 ) ;
#2054 = CARTESIAN_POINT ( 'NONE',  ( 17.10982515626703900, 14.49384694559850900, -0.4758189398529915100 ) ) ;
#2055 = ORIENTED_EDGE ( 'NONE', *, *, #2153, .F. ) ;
#2056 = ORIENTED_EDGE ( 'NONE', *, *, #2286, .F. ) ;
#2057 = CARTESIAN_POINT ( 'NONE',  ( 17.14947528860480100, 14.50160618504553700, -0.03769615109040700500 ) ) ;
#2058 = AXIS2_PLACEMENT_3D ( 'NONE', #551, #553, #549 ) ;
#2059 = DIRECTION ( 'NONE',  ( -0.5000000000000001100, -0.7500000000000001100, 0.4330127018922190800 ) ) ;
#2060 = EDGE_LOOP ( 'NONE', ( #2056 ) ) ;
#2061 = ADVANCED_FACE ( 'E1343', ( #1462, #1444 ), #1412, .T. ) ;
#2062 = CARTESIAN_POINT ( 'NONE',  ( 17.14353666910799800, 14.50042381654127300, 0.1878458560210902500 ) ) ;
#2063 = VERTEX_POINT ( 'NONE', #253 ) ;
#2064 = VERTEX_POINT ( 'NONE', #207 ) ;
#2065 = EDGE_CURVE ( 'NONE', #471, #471, #1396, .T. ) ;
#2066 = AXIS2_PLACEMENT_3D ( 'NONE', #500, #496, #510 ) ;
#2067 = CARTESIAN_POINT ( 'NONE',  ( 17.08085013509781200, 14.48821257869290900, 0.6239176224041216300 ) ) ;
#2068 = CARTESIAN_POINT ( 'NONE',  ( 17.02441281794109100, 14.47724934919502400, 0.8380691293608066900 ) ) ;
#2069 = EDGE_LOOP ( 'NONE', ( #2839 ) ) ;
#2070 = CARTESIAN_POINT ( 'NONE',  ( -5.100000000000000500, 0.0000000000000000000, 0.0000000000000000000 ) ) ;
#2071 = VERTEX_POINT ( 'NONE', #224 ) ;
#2072 = CARTESIAN_POINT ( 'NONE',  ( 16.86360612611596800, 14.44731811440883700, 1.252241145079264100 ) ) ;
#2073 = ORIENTED_EDGE ( 'NONE', *, *, #2445, .F. ) ;
#2074 = EDGE_CURVE ( 'NONE', #469, #469, #1407, .T. ) ;
#2075 = CARTESIAN_POINT ( 'NONE',  ( 16.76161916663550100, 14.42880933177009900, 1.446891203983991400 ) ) ;
#2076 = EDGE_LOOP ( 'NONE', ( #2252 ) ) ;
#2077 = VERTEX_POINT ( 'NONE', #184 ) ;
#2078 = ORIENTED_EDGE ( 'NONE', *, *, #2089, .F. ) ;
#2079 = DIRECTION ( 'NONE',  ( 0.0000000000000000000, -1.000000000000000000, 0.0000000000000000000 ) ) ;
#2080 = CARTESIAN_POINT ( 'NONE',  ( 16.51793406794733000, 14.38732799682765200, 1.813512062392056000 ) ) ;
#2081 = VERTEX_POINT ( 'NONE', #220 ) ;
#2082 = CARTESIAN_POINT ( 'NONE',  ( 16.37547321449918100, 14.36427639135014200, 1.985423868095528300 ) ) ;
#2083 = DIRECTION ( 'NONE',  ( 1.000000000000000000, 0.0000000000000000000, 0.0000000000000000000 ) ) ;
#2084 = VERTEX_POINT ( 'NONE', #229 ) ;
#2085 = EDGE_CURVE ( 'E193', #2081, #2120, #1393, .T. ) ;
#2086 = CARTESIAN_POINT ( 'NONE',  ( 16.06392498937451300, 14.31822730832864500, 2.294059922960674400 ) ) ;
#2087 = VERTEX_POINT ( 'NONE', #258 ) ;
#2088 = CARTESIAN_POINT ( 'NONE',  ( 8.000000000000000000, 0.0000000000000000000, 0.0000000000000000000 ) ) ;
#2089 = EDGE_CURVE ( 'E161', #2607, #2549, #1400, .T. ) ;
#2090 = EDGE_CURVE ( 'NONE', #467, #467, #1380, .T. ) ;
#2091 = ORIENTED_EDGE ( 'NONE', *, *, #1225, .T. ) ;
#2092 = VERTEX_POINT ( 'NONE', #265 ) ;
#2093 = CARTESIAN_POINT ( 'NONE',  ( 12.91501040566138800, 14.15768951944416400, -3.132500787035144000 ) ) ;
#2094 = CARTESIAN_POINT ( 'NONE',  ( 15.89294939533023100, 14.29491998293653600, 2.433292156948577500 ) ) ;
#2095 = EDGE_CURVE ( 'E214', #2120, #2193, #1402, .T. ) ;
#2096 = VERTEX_POINT ( 'NONE', #262 ) ;
#2097 = DIRECTION ( 'NONE',  ( 0.0000000000000000000, 1.000000000000000000, 0.0000000000000000000 ) ) ;
#2098 = CARTESIAN_POINT ( 'NONE',  ( 15.52513287645860600, 14.25081120950501500, 2.679557409474894400 ) ) ;
#2099 = CARTESIAN_POINT ( 'NONE',  ( 15.33220317393638700, 14.23047436595294200, 2.784159589953775000 ) ) ;
#2100 = VERTEX_POINT ( 'NONE', #283 ) ;
#2101 = EDGE_CURVE ( 'E273', #2605, #2022, #1373, .T. ) ;
#2102 = EDGE_CURVE ( 'E264', #2063, #2605, #1390, .T. ) ;
#2103 = VERTEX_POINT ( 'NONE', #334 ) ;
#2104 = CARTESIAN_POINT ( 'NONE',  ( -15.00000000000000000, -49.72777777777780300, -10.48323028860620100 ) ) ;
#2105 = CARTESIAN_POINT ( 'NONE',  ( 14.92936308379847300, 14.19516981740864200, 2.958901680912344300 ) ) ;
#2106 = VERTEX_POINT ( 'NONE', #278 ) ;
#2107 = CARTESIAN_POINT ( 'NONE',  ( 14.71735346267579600, 14.18010889657020700, 3.029400273918711100 ) ) ;
#2108 = EDGE_CURVE ( 'E255', #2063, #2640, #1363, .T. ) ;
#2109 = ORIENTED_EDGE ( 'NONE', *, *, #1184, .F. ) ;
#2110 = CARTESIAN_POINT ( 'NONE',  ( 14.28800064168242800, 14.15780823418038800, 3.131967487440165500 ) ) ;
#2111 = CARTESIAN_POINT ( 'NONE',  ( 12.48572690894125400, 14.17991175280716300, -3.030319519845454200 ) ) ;
#2112 = EDGE_CURVE ( 'E70', #1517, #917, #1365, .T. ) ;
#2113 = ORIENTED_EDGE ( 'NONE', *, *, #2815, .F. ) ;
#2114 = CARTESIAN_POINT ( 'NONE',  ( 14.07072721580944300, 14.15048156529225700, 3.164503452580451200 ) ) ;
#2115 = DIRECTION ( 'NONE',  ( -1.000000000000000000, 0.0000000000000000000, 0.0000000000000000000 ) ) ;
#2116 = ORIENTED_EDGE ( 'NONE', *, *, #1019, .F. ) ;
#2117 = EDGE_CURVE ( 'E103', #2662, #2084, #1352, .T. ) ;
#2118 = CARTESIAN_POINT ( 'NONE',  ( 13.63106624835955200, 14.14411847956685100, 3.192823682423634700 ) ) ;
#2119 = CARTESIAN_POINT ( 'NONE',  ( 13.40680612669815000, 14.14517696887519800, 3.188187338675148000 ) ) ;
#2120 = VERTEX_POINT ( 'NONE', #377 ) ;
#2121 = ORIENTED_EDGE ( 'NONE', *, *, #2815, .T. ) ;
#2122 = CARTESIAN_POINT ( 'NONE',  ( -8.000000000000000000, 0.0000000000000000000, 0.0000000000000000000 ) ) ;
#2123 = EDGE_CURVE ( 'E61', #2464, #917, #2552, .T. ) ;
#2124 = CARTESIAN_POINT ( 'NONE',  ( 12.27755226612067200, 14.19464098488845800, -2.961426490061773700 ) ) ;
#2125 = EDGE_CURVE ( 'E52', #2216, #2464, #1408, .T. ) ;
#2126 = ORIENTED_EDGE ( 'NONE', *, *, #1128, .T. ) ;
#2127 = CARTESIAN_POINT ( 'NONE',  ( 12.96849174895326900, 14.15559901526093100, 3.141589805564920700 ) ) ;
#2128 = CARTESIAN_POINT ( 'NONE',  ( 15.33205080756890100, -7.250000000000000000, -12.55736835487436000 ) ) ;
#2129 = CARTESIAN_POINT ( 'NONE',  ( 12.75307038384113200, 14.16487215680357400, 3.100027522422812900 ) ) ;
#2130 = ORIENTED_EDGE ( 'NONE', *, *, #2360, .T. ) ;
#2131 = ORIENTED_EDGE ( 'NONE', *, *, #1207, .T. ) ;
#2132 = EDGE_LOOP ( 'NONE', ( #2712, #122, #2620, #2551 ) ) ;
#2133 = EDGE_CURVE ( 'E43', #1998, #2216, #2249, .T. ) ;
#2134 = CARTESIAN_POINT ( 'NONE',  ( 12.32975477875757500, 14.19063078975408300, 2.979894569821455600 ) ) ;
#2135 = CARTESIAN_POINT ( 'NONE',  ( 12.12054001124419900, 14.20730464198879000, 2.900353221973619000 ) ) ;
#2136 = EDGE_LOOP ( 'NONE', ( #1913, #52, #68, #83 ) ) ;
#2137 = ORIENTED_EDGE ( 'NONE', *, *, #1019, .T. ) ;
#2138 = EDGE_CURVE ( 'E34', #1998, #2533, #1375, .T. ) ;
#2139 = CARTESIAN_POINT ( 'NONE',  ( 11.72605709849544600, 14.24511432451744300, 2.708555313062087000 ) ) ;
#2140 = ORIENTED_EDGE ( 'NONE', *, *, #1168, .T. ) ;
#2141 = CARTESIAN_POINT ( 'NONE',  ( 11.53887520679876600, 14.26632326814565500, 2.596042186389140700 ) ) ;
#2142 = DIRECTION ( 'NONE',  ( 0.0000000000000000000, 0.0000000000000000000, -1.000000000000000000 ) ) ;
#2143 = DIRECTION ( 'NONE',  ( 1.000000000000000000, 0.0000000000000000000, 0.0000000000000000000 ) ) ;
#2144 = EDGE_LOOP ( 'NONE', ( #149, #2713, #883, #159, #271 ) ) ;
#2145 = ORIENTED_EDGE ( 'NONE', *, *, #1207, .F. ) ;
#2146 = EDGE_CURVE ( 'E25', #2495, #2533, #1949, .T. ) ;
#2147 = EDGE_CURVE ( 'E16', #576, #2495, #1345, .T. ) ;
#2148 = CARTESIAN_POINT ( 'NONE',  ( -9.500000000000000000, 0.0000000000000000000, 0.0000000000000000000 ) ) ;
#2149 = ORIENTED_EDGE ( 'NONE', *, *, #1184, .T. ) ;
#2150 = ADVANCED_FACE ( 'E1411', ( #1347 ), #1377, .F. ) ;
#2151 = CARTESIAN_POINT ( 'NONE',  ( 11.34243690165448500, 7.233883399159977600, -1.985371844080412900 ) ) ;
#2152 = CARTESIAN_POINT ( 'NONE',  ( 11.18547865876862200, 14.31120939689198600, 2.335958095312669500 ) ) ;
#2153 = EDGE_CURVE ( 'NONE', #466, #466, #1338, .T. ) ;
#2154 = ORIENTED_EDGE ( 'NONE', *, *, #1168, .F. ) ;
#2155 = CARTESIAN_POINT ( 'NONE',  ( 11.01878254909305900, 14.33501635140118300, 2.187174855892087600 ) ) ;
#2156 = CARTESIAN_POINT ( 'NONE',  ( 16.81068228855229700, -6.042918680787036800, -13.18236860624733000 ) ) ;
#2157 = ORIENTED_EDGE ( 'NONE', *, *, #992, .T. ) ;
#2158 = EDGE_CURVE ( 'NONE', #465, #465, #1333, .T. ) ;
#2159 = EDGE_CURVE ( 'NONE', #462, #462, #1317, .T. ) ;
#2160 = CARTESIAN_POINT ( 'NONE',  ( 10.72316555843623900, 14.38044966446030100, 1.865233254343678300 ) ) ;
#2161 = ORIENTED_EDGE ( 'NONE', *, *, #1128, .F. ) ;
#2162 = ADVANCED_FACE ( 'E842', ( #1328, #1341 ), #1306, .F. ) ;
#2163 = DIRECTION ( 'NONE',  ( 0.0000000000000000000, -0.9115852424874965100, -0.4111111111111107600 ) ) ;
#2164 = ORIENTED_EDGE ( 'NONE', *, *, #1005, .F. ) ;
#2165 = EDGE_CURVE ( 'E98', #2662, #2103, #1309, .T. ) ;
#2166 = DIRECTION ( 'NONE',  ( 0.0000000000000000000, -1.000000000000000000, 0.0000000000000000000 ) ) ;
#2167 = ORIENTED_EDGE ( 'NONE', *, *, #1005, .T. ) ;
#2168 = CARTESIAN_POINT ( 'NONE',  ( 10.05022904535517500, 14.50166424889578000, 0.03249562283275614400 ) ) ;
#2169 = EDGE_CURVE ( 'E134', #869, #2670, #1311, .T. ) ;
#2170 = EDGE_CURVE ( 'E350', #1977, #2051, #1303, .T. ) ;
#2171 = ORIENTED_EDGE ( 'NONE', *, *, #992, .F. ) ;
#2172 = DIRECTION ( 'NONE',  ( -1.000000000000000000, 0.0000000000000000000, 0.0000000000000000000 ) ) ;
#2173 = ORIENTED_EDGE ( 'NONE', *, *, #956, .F. ) ;
#2174 = CARTESIAN_POINT ( 'NONE',  ( -5.100000000000000500, 49.72777777777780300, 10.48323028860620100 ) ) ;
#2175 = CARTESIAN_POINT ( 'NONE',  ( -9.500000000000000000, 0.0000000000000000000, 0.0000000000000000000 ) ) ;
#2176 = ORIENTED_EDGE ( 'NONE', *, *, #973, .F. ) ;
#2177 = EDGE_CURVE ( 'E79', #1517, #576, #1674, .T. ) ;
#2178 = ORIENTED_EDGE ( 'NONE', *, *, #1251, .F. ) ;
#2179 = EDGE_CURVE ( 'E400', #2342, #2372, #1294, .T. ) ;
#2180 = ORIENTED_EDGE ( 'NONE', *, *, #1863, .T. ) ;
#2181 = ORIENTED_EDGE ( 'NONE', *, *, #2339, .T. ) ;
#2182 = EDGE_CURVE ( 'E124', #2558, #57, #1299, .T. ) ;
#2183 = CARTESIAN_POINT ( 'NONE',  ( -4.000000000000000000, -26.62419456546835100, 11.50000000000000000 ) ) ;
#2184 = ORIENTED_EDGE ( 'NONE', *, *, #1856, .T. ) ;
#2185 = DIRECTION ( 'NONE',  ( -1.000000000000000000, 0.0000000000000000000, 0.0000000000000000000 ) ) ;
#2186 = DIRECTION ( 'NONE',  ( -0.06162841671621946400, -0.7044160264027585800, 0.7071067811865476800 ) ) ;
#2187 = EDGE_CURVE ( 'E154', #2549, #2533, #2290, .T. ) ;
#2188 = CARTESIAN_POINT ( 'NONE',  ( 10.05642362848667300, 14.50043148932155500, -0.1877141530610623200 ) ) ;
#2189 = ORIENTED_EDGE ( 'NONE', *, *, #1251, .T. ) ;
#2190 = DIRECTION ( 'NONE',  ( 0.06162841671621927000, 0.7044160264027586900, 0.7071067811865476800 ) ) ;
#2191 = EDGE_CURVE ( 'E140', #1998, #2662, #2478, .T. ) ;
#2192 = CARTESIAN_POINT ( 'NONE',  ( 10.11926559857837100, 14.48819009521517200, -0.6245780533100217000 ) ) ;
#2193 = VERTEX_POINT ( 'NONE', #1705 ) ;
#2194 = CARTESIAN_POINT ( 'NONE',  ( 4.963809233357170400, 19.58892917422770500, 19.66375570132140300 ) ) ;
#2195 = CARTESIAN_POINT ( 'NONE',  ( 15.33205080756890100, 12.75000000000000000, 1.060540212046012100E-016 ) ) ;
#2196 = EDGE_CURVE ( 'E129', #2670, #57, #1316, .T. ) ;
#2197 = ORIENTED_EDGE ( 'NONE', *, *, #936, .T. ) ;
#2198 = CARTESIAN_POINT ( 'NONE',  ( 10.17702519115687200, 14.47697798568116000, -0.8422786322755796400 ) ) ;
#2199 = CARTESIAN_POINT ( 'NONE',  ( 10.33675661999665100, 14.44725434215882500, -1.252663907541785100 ) ) ;
#2200 = ORIENTED_EDGE ( 'NONE', *, *, #1856, .F. ) ;
#2201 = EDGE_CURVE ( 'E119', #2558, #869, #1291, .T. ) ;
#2202 = ORIENTED_EDGE ( 'NONE', *, *, #956, .T. ) ;
#2203 = CARTESIAN_POINT ( 'NONE',  ( 10.43976864546670500, 14.42855736436937500, -1.449535443117850400 ) ) ;
#2204 = CARTESIAN_POINT ( 'NONE',  ( 10.68557781491905000, 14.38674622949852900, -1.818228133585662700 ) ) ;
#2205 = ORIENTED_EDGE ( 'NONE', *, *, #936, .F. ) ;
#2206 = EDGE_CURVE ( 'E168', #2084, #2607, #1279, .T. ) ;
#2207 = CARTESIAN_POINT ( 'NONE',  ( 15.23473810018331200, -4.637427339077918400, -13.74047724857502800 ) ) ;
#2208 = ORIENTED_EDGE ( 'NONE', *, *, #1948, .T. ) ;
#2209 = CARTESIAN_POINT ( 'NONE',  ( 10.82688255268830500, 14.36389290934810200, -1.988299168318068000 ) ) ;
#2210 = EDGE_CURVE ( 'E183', #2342, #2607, #1273, .T. ) ;
#2211 = ORIENTED_EDGE ( 'NONE', *, *, #1863, .F. ) ;
#2212 = CARTESIAN_POINT ( 'NONE',  ( 2.690106634585894600, 17.46332954639104800, 15.49340012549539700 ) ) ;
#2213 = CARTESIAN_POINT ( 'NONE',  ( 2.878352580585910500, 17.62353708870385600, 15.28013778483865300 ) ) ;
#2214 = CARTESIAN_POINT ( 'NONE',  ( 14.82168673984502000, -4.478983966546558700, -13.79119872926440800 ) ) ;
#2215 = ORIENTED_EDGE ( 'NONE', *, *, #1900, .F. ) ;
#2216 = VERTEX_POINT ( 'NONE', #2183 ) ;
#2217 = EDGE_CURVE ( 'E198', #2607, #2120, #1287, .T. ) ;
#2218 = EDGE_CURVE ( 'E219', #2084, #2193, #1269, .T. ) ;
#2219 = DIRECTION ( 'NONE',  ( 0.0000000000000000000, -1.000000000000000000, 0.0000000000000000000 ) ) ;
#2220 = ORIENTED_EDGE ( 'NONE', *, *, #1948, .F. ) ;
#2221 = CARTESIAN_POINT ( 'NONE',  ( 14.16904584994158400, -4.347497619909622000, -13.83298157974425300 ) ) ;
#2222 = EDGE_LOOP ( 'NONE', ( #2288 ) ) ;
#2223 = EDGE_CURVE ( 'E188', #2342, #2081, #1265, .T. ) ;
#2224 = EDGE_CURVE ( 'E240', #2100, #2193, #1257, .T. ) ;
#2225 = EDGE_LOOP ( 'NONE', ( #2269 ) ) ;
#2226 = ORIENTED_EDGE ( 'NONE', *, *, #2400, .T. ) ;
#2227 = CARTESIAN_POINT ( 'NONE',  ( 3.117597422894327100, 17.74772160431885100, 15.08815721410269500 ) ) ;
#2228 = CARTESIAN_POINT ( 'NONE',  ( 3.521236215079237100, 17.86829086331842100, 14.85264145294521200 ) ) ;
#2229 = ADVANCED_FACE ( 'E856', ( #1249, #1245 ), #1217, .T. ) ;
#2230 = CARTESIAN_POINT ( 'NONE',  ( 10.98450606922200200, 14.34063078029392100, -2.143900426564924600 ) ) ;
#2231 = ORIENTED_EDGE ( 'NONE', *, *, #1996, .F. ) ;
#2232 = EDGE_CURVE ( 'NONE', #460, #460, #1218, .T. ) ;
#2233 = CARTESIAN_POINT ( 'NONE',  ( 13.95039945446912300, -4.322291761593656500, -13.84080383588694100 ) ) ;
#2234 = EDGE_CURVE ( 'NONE', #455, #455, #1228, .T. ) ;
#2235 = CARTESIAN_POINT ( 'NONE',  ( 3.665013141540314700, 17.89815024344029100, 14.78175479601480200 ) ) ;
#2236 = ORIENTED_EDGE ( 'NONE', *, *, #1441, .F. ) ;
#2237 = CARTESIAN_POINT ( 'NONE',  ( 12.73397459621556000, 12.75000000000000000, 1.500000000000000000 ) ) ;
#2238 = EDGE_CURVE ( 'E225', #2387, #2100, #1231, .T. ) ;
#2239 = ORIENTED_EDGE ( 'NONE', *, *, #1958, .F. ) ;
#2240 = ADVANCED_FACE ( 'E1363', ( #1223 ), #1215, .T. ) ;
#2241 = EDGE_LOOP ( 'NONE', ( #2382 ) ) ;
#2242 = ORIENTED_EDGE ( 'NONE', *, *, #1536, .T. ) ;
#2243 = CARTESIAN_POINT ( 'NONE',  ( 3.963653982926485900, 17.93507579259653900, 14.65942978875304400 ) ) ;
#2244 = EDGE_CURVE ( 'E427', #2087, #869, #1213, .T. ) ;
#2245 = ORIENTED_EDGE ( 'NONE', *, *, #2065, .T. ) ;
#2246 = CARTESIAN_POINT ( 'NONE',  ( 4.116303211265614200, 17.94208197702616700, 14.60868610069835000 ) ) ;
#2247 = ADVANCED_FACE ( 'E821', ( #1236, #1211 ), #1192, .F. ) ;
#2248 = CARTESIAN_POINT ( 'NONE',  ( 4.428083598044724800, 17.93377259297243900, 14.52748579825216500 ) ) ;
#2249 = B_SPLINE_CURVE_WITH_KNOTS ( 'NONE', 3,
 ( #412, #676, #459, #372 ),
 .UNSPECIFIED., .F., .F.,
 ( 4, 4 ),
 ( 0.05430046085251529600, 0.05446261600729451800 ),
 .UNSPECIFIED. ) ;
#2250 = EDGE_CURVE ( 'E319', #2063, #2741, #1205, .T. ) ;
#2251 = DIRECTION ( 'NONE',  ( 1.000000000000000000, 0.0000000000000000000, 6.409875621278550000E-016 ) ) ;
#2252 = ORIENTED_EDGE ( 'NONE', *, *, #1339, .T. ) ;
#2253 = CARTESIAN_POINT ( 'NONE',  ( 4.588885412860070900, 17.91805503771053800, 14.49694871251991100 ) ) ;
#2254 = CARTESIAN_POINT ( 'NONE',  ( 13.51099178759782200, -4.307889390254034700, -13.84529327595410600 ) ) ;
#2255 = ORIENTED_EDGE ( 'NONE', *, *, #1958, .T. ) ;
#2256 = EDGE_CURVE ( 'E113', #2103, #2387, #1202, .T. ) ;
#2257 = CARTESIAN_POINT ( 'NONE',  ( 4.905235511513830600, 17.86483337231759800, 14.45899307684070200 ) ) ;
#2258 = CARTESIAN_POINT ( 'NONE',  ( 5.061583404856143900, 17.82754692041695300, 14.45112921896237300 ) ) ;
#2259 = ORIENTED_EDGE ( 'NONE', *, *, #2014, .F. ) ;
#2260 = CARTESIAN_POINT ( 'NONE',  ( 12.73397459621556000, 14.50000000000000000, 1.500000000000000000 ) ) ;
#2261 = CARTESIAN_POINT ( 'NONE',  ( 5.370599133459783100, 17.73147026613207100, 14.45779438974307000 ) ) ;
#2262 = VERTEX_POINT ( 'NONE', #2499 ) ;
#2263 = EDGE_CURVE ( 'E108', #2387, #2084, #1181, .T. ) ;
#2264 = DIRECTION ( 'NONE',  ( 0.0000000000000000000, -1.000000000000000000, 0.0000000000000000000 ) ) ;
#2265 = DIRECTION ( 'NONE',  ( 0.0000000000000000000, -1.000000000000000000, 0.0000000000000000000 ) ) ;
#2266 = CARTESIAN_POINT ( 'NONE',  ( 5.522970845566730300, 17.67245314461568700, 14.47263364860937100 ) ) ;
#2267 = ORIENTED_EDGE ( 'NONE', *, *, #1996, .T. ) ;
#2268 = ORIENTED_EDGE ( 'NONE', *, *, #2427, .F. ) ;
#2269 = ORIENTED_EDGE ( 'NONE', *, *, #2383, .F. ) ;
#2270 = EDGE_CURVE ( 'E570', #2741, #2568, #1183, .T. ) ;
#2271 = ORIENTED_EDGE ( 'NONE', *, *, #1973, .F. ) ;
#2272 = CARTESIAN_POINT ( 'NONE',  ( 5.810922045536357500, 17.53758783484065700, 14.52384693366143300 ) ) ;
#2273 = ORIENTED_EDGE ( 'NONE', *, *, #1973, .T. ) ;
#2274 = DIRECTION ( 'NONE',  ( -1.000000000000000000, 0.0000000000000000000, 0.0000000000000000000 ) ) ;
#2275 = DIRECTION ( 'NONE',  ( -0.06162841671621946400, -0.7044160264027585800, 0.7071067811865476800 ) ) ;
#2276 = EDGE_CURVE ( 'E282', #2022, #2092, #1176, .T. ) ;
#2277 = EDGE_CURVE ( 'E329', #2640, #1977, #1194, .T. ) ;
#2278 = EDGE_LOOP ( 'NONE', ( #2611 ) ) ;
#2279 = ORIENTED_EDGE ( 'NONE', *, *, #2286, .T. ) ;
#2280 = EDGE_LOOP ( 'NONE', ( #2541 ) ) ;
#2281 = CARTESIAN_POINT ( 'NONE',  ( 5.948245859541106700, 17.46126691905329400, 14.56018940024081400 ) ) ;
#2282 = EDGE_LOOP ( 'NONE', ( #2332, #608, #679, #1468, #141, #718 ) ) ;
#2283 = CARTESIAN_POINT ( 'NONE',  ( 6.209018622602092900, 17.29009230856176400, 14.65528513200789900 ) ) ;
#2284 = ORIENTED_EDGE ( 'NONE', *, *, #2014, .T. ) ;
#2285 = EDGE_CURVE ( 'NONE', #452, #452, #1188, .T. ) ;
#2286 = EDGE_CURVE ( 'NONE', #451, #451, #1158, .T. ) ;
#2287 = CARTESIAN_POINT ( 'NONE',  ( 4.963809233357170400, 19.58892917422770500, 19.66375570132140300 ) ) ;
#2288 = ORIENTED_EDGE ( 'NONE', *, *, #1900, .T. ) ;
#2289 = CARTESIAN_POINT ( 'NONE',  ( -15.00000000000000000, 45.00000000000000000, 0.0000000000000000000 ) ) ;
#2290 = B_SPLINE_CURVE_WITH_KNOTS ( 'NONE', 3,
 ( #1500, #1529, #2542, #2520, #21, #28, #24, #36 ),
 .UNSPECIFIED., .F., .F.,
 ( 4, 2, 2, 4 ),
 ( 0.005349642644587489200, 0.006131216914038379800, 0.006522004048763824200, 0.006912791183489268600 ),
 .UNSPECIFIED. ) ;
#2291 = DIRECTION ( 'NONE',  ( 0.06162841671621927000, 0.7044160264027586900, 0.7071067811865476800 ) ) ;
#2292 = EDGE_CURVE ( 'E576', #2372, #2549, #1154, .T. ) ;
#2293 = CARTESIAN_POINT ( 'NONE',  ( 6.328668884348625800, 17.19767596364332700, 14.71270920330001900 ) ) ;
#2294 = CARTESIAN_POINT ( 'NONE',  ( 6.545755820681431900, 17.00073438104434600, 14.84601063384567400 ) ) ;
#2295 = CARTESIAN_POINT ( 'NONE',  ( -47.00000000000000000, 0.0000000000000000000, 0.0000000000000000000 ) ) ;
#2296 = ORIENTED_EDGE ( 'NONE', *, *, #2159, .T. ) ;
#2297 = ADVANCED_FACE ( 'E224', ( #1162 ), #2324, .T. ) ;
#2298 = CARTESIAN_POINT ( 'NONE',  ( 6.644321630348909700, 16.89482731494747700, 14.92293701894250200 ) ) ;
#2299 = EDGE_CURVE ( 'E291', #2092, #2103, #1142, .T. ) ;
#2300 = ORIENTED_EDGE ( 'NONE', *, *, #2074, .F. ) ;
#2301 = CARTESIAN_POINT ( 'NONE',  ( 6.813357405948246500, 16.67601238422190900, 15.09188593320367200 ) ) ;
#2302 = CARTESIAN_POINT ( 'NONE',  ( 6.883750526127085000, 16.56375142804761700, 15.18328689848824300 ) ) ;
#2303 = EDGE_CURVE ( 'E418', #116, #2087, #1152, .T. ) ;
#2304 = ORIENTED_EDGE ( 'NONE', *, *, #2447, .T. ) ;
#2305 = DIRECTION ( 'NONE',  ( 1.000000000000000000, 0.0000000000000000000, 0.0000000000000000000 ) ) ;
#2306 = CARTESIAN_POINT ( 'NONE',  ( 11.86794919243111900, 14.50000000000000000, -5.551115123125779700E-016 ) ) ;
#2307 = CARTESIAN_POINT ( 'NONE',  ( 6.996424789650793000, 16.33356060920272400, 15.37988692111128600 ) ) ;
#2308 = VERTEX_POINT ( 'NONE', #2550 ) ;
#2309 = CARTESIAN_POINT ( 'NONE',  ( 2.750533541942917100, 18.72769758831622200, 21.61364537066538500 ) ) ;
#2310 = CARTESIAN_POINT ( 'NONE',  ( 15.33205080756890100, -6.375000000000000000, -11.04182389825160000 ) ) ;
#2311 = EDGE_CURVE ( 'E555', #2605, #2568, #1132, .T. ) ;
#2312 = ORIENTED_EDGE ( 'NONE', *, *, #2048, .T. ) ;
#2313 = EDGE_LOOP ( 'NONE', ( #324, #2623, #1830, #2483, #2564 ) ) ;
#2314 = CARTESIAN_POINT ( 'NONE',  ( 10.09007210956873200, 14.49386684777123200, 0.4765981035246410500 ) ) ;
#2315 = ORIENTED_EDGE ( 'NONE', *, *, #775, .T. ) ;
#2316 = EDGE_CURVE ( 'E409', #2372, #116, #1135, .T. ) ;
#2317 = CARTESIAN_POINT ( 'NONE',  ( 7.038532620270758300, 16.21493931364433300, 15.48582503905406000 ) ) ;
#2318 = EDGE_CURVE ( 'E246', #2100, #2640, #1137, .T. ) ;
#2319 = CARTESIAN_POINT ( 'NONE',  ( 7.090308541491047800, 15.98214848925232100, 15.70268862284186000 ) ) ;
#2320 = B_SPLINE_CURVE_WITH_KNOTS ( 'NONE', 3,
 ( #1085, #1069, #1112, #1116, #1118, #1121, #1122, #1129, #1131, #1138, #1148, #1153, #1155, #1160, #1161, #1165, #1166, #1169 ),
 .UNSPECIFIED., .T., .F.,
 ( 4, 2, 2, 2, 2, 2, 2, 2, 4 ),
 ( 0.0000000000000000000, 0.0003126180540166143400, 0.0006252361080332286700, 0.0009378541620498430600, 0.001250472216066457300, 0.001563090270083071600, 0.001875708324099686100, 0.002188326378116300400, 0.002500944432132914700 ),
 .UNSPECIFIED. ) ;
#2321 = PLANE ( 'NONE',  #1714 ) ;
#2322 = ORIENTED_EDGE ( 'NONE', *, *, #2048, .F. ) ;
#2323 = DIRECTION ( 'NONE',  ( 1.000000000000000000, 0.0000000000000000000, 6.123031769111888800E-017 ) ) ;
#2324 = PLANE ( 'NONE',  #1276 ) ;
#2325 = EDGE_CURVE ( 'E382', #50, #2081, #1125, .T. ) ;
#2326 = ORIENTED_EDGE ( 'NONE', *, *, #2074, .T. ) ;
#2327 = DIRECTION ( 'NONE',  ( 0.0000000000000000000, 0.0000000000000000000, 1.000000000000000000 ) ) ;
#2328 = ORIENTED_EDGE ( 'NONE', *, *, #848, .F. ) ;
#2329 = CARTESIAN_POINT ( 'NONE',  ( 7.100755039369429900, 15.86676112705118200, 15.81460125843591200 ) ) ;
#2330 = ORIENTED_EDGE ( 'NONE', *, *, #1490, .F. ) ;
#2331 = DIRECTION ( 'NONE',  ( -6.123031769111888800E-017, 1.000000000000000000, 0.0000000000000000000 ) ) ;
#2332 = ORIENTED_EDGE ( 'NONE', *, *, #876, .F. ) ;
#2333 = EDGE_CURVE ( 'E361', #2670, #50, #1123, .T. ) ;
#2334 = CARTESIAN_POINT ( 'NONE',  ( 7.089902149898515300, 15.63806070629175000, 16.04558470753103800 ) ) ;
#2335 = CARTESIAN_POINT ( 'NONE',  ( 7.068474153358636200, 15.52693677365276600, 16.16251206767422100 ) ) ;
#2336 = DIRECTION ( 'NONE',  ( 0.0000000000000000000, -0.4999999999999998900, -0.8660254037844387100 ) ) ;
#2337 = ORIENTED_EDGE ( 'NONE', *, *, #2138, .T. ) ;
#2338 = DIRECTION ( 'NONE',  ( 0.0000000000000000000, 0.8660254037844387100, -0.4999999999999998900 ) ) ;
#2339 = EDGE_CURVE ( 'E355', #57, #2051, #1115, .T. ) ;
#2340 = EDGE_CURVE ( 'NONE', #448, #448, #182, .T. ) ;
#2341 = DIRECTION ( 'NONE',  ( 0.0000000000000000000, 0.0000000000000000000, -1.000000000000000000 ) ) ;
#2342 = VERTEX_POINT ( 'NONE', #1851 ) ;
#2343 = ORIENTED_EDGE ( 'NONE', *, *, #848, .T. ) ;
#2344 = CARTESIAN_POINT ( 'NONE',  ( -5.100000000000000500, 55.19885594382850500, -11.50000000000000000 ) ) ;
#2345 = ORIENTED_EDGE ( 'NONE', *, *, #2065, .F. ) ;
#2346 = ORIENTED_EDGE ( 'NONE', *, *, #1490, .T. ) ;
#2347 = DIRECTION ( 'NONE',  ( -1.000000000000000000, 0.0000000000000000000, -6.123031769111888800E-017 ) ) ;
#2348 = EDGE_CURVE ( 'E334', #2741, #1977, #1120, .T. ) ;
#2349 = ORIENTED_EDGE ( 'NONE', *, *, #1469, .F. ) ;
#2350 = CARTESIAN_POINT ( 'NONE',  ( 6.995582394253307100, 15.31572295873125400, 16.39409485101359500 ) ) ;
#2351 = CARTESIAN_POINT ( 'NONE',  ( 6.943489741947322700, 15.21402243010128100, 16.51053740891463000 ) ) ;
#2352 = ADVANCED_FACE ( 'E848', ( #1099, #1094 ), #2782, .F. ) ;
#2353 = CARTESIAN_POINT ( 'NONE',  ( 13.60000000000000000, 13.95875000000000000, 0.0000000000000000000 ) ) ;
#2354 = CARTESIAN_POINT ( 'NONE',  ( 10.13568316972534200, 14.48492934889464900, 0.6930206317985108100 ) ) ;
#2355 = ORIENTED_EDGE ( 'NONE', *, *, #1441, .T. ) ;
#2356 = EDGE_CURVE ( 'E340', #57, #2741, #1084, .T. ) ;
#2357 = ADVANCED_FACE ( 'E1265', ( #1087 ), #2764, .T. ) ;
#2358 = ORIENTED_EDGE ( 'NONE', *, *, #775, .F. ) ;
#2359 = CARTESIAN_POINT ( 'NONE',  ( 6.810223104162364600, 15.02441889168230900, 16.73810240350188000 ) ) ;
#2360 = EDGE_CURVE ( 'E625', #1517, #2558, #2398, .T. ) ;
#2361 = EDGE_CURVE ( 'NONE', #446, #446, #1081, .T. ) ;
#2362 = DIRECTION ( 'NONE',  ( 0.0000000000000000000, 1.000000000000000000, 0.0000000000000000000 ) ) ;
#2363 = ORIENTED_EDGE ( 'NONE', *, *, #1501, .F. ) ;
#2364 = PLANE ( 'NONE',  #1648 ) ;
#2365 = CARTESIAN_POINT ( 'NONE',  ( 6.730256454366065500, 14.93772070381796600, 16.84767409180791000 ) ) ;
#2366 = ORIENTED_EDGE ( 'NONE', *, *, #2618, .F. ) ;
#2367 = CARTESIAN_POINT ( 'NONE',  ( 10.27290842237302600, 14.45902046981624900, 1.109136101658777500 ) ) ;
#2368 = EDGE_CURVE ( 'NONE', #442, #442, #1102, .T. ) ;
#2369 = ORIENTED_EDGE ( 'NONE', *, *, #2734, .F. ) ;
#2370 = CARTESIAN_POINT ( 'NONE',  ( 0.0000000000000000000, 0.0000000000000000000, 0.0000000000000000000 ) ) ;
#2371 = EDGE_CURVE ( 'E670', #116, #2495, #1070, .T. ) ;
#2372 = VERTEX_POINT ( 'NONE', #2673 ) ;
#2373 = CARTESIAN_POINT ( 'NONE',  ( 6.544390733774566400, 14.78007138604326100, 17.05861699604437800 ) ) ;
#2374 = ORIENTED_EDGE ( 'NONE', *, *, #1536, .F. ) ;
#2375 = EDGE_CURVE ( 'E695', #576, #2087, #1063, .T. ) ;
#2376 = ORIENTED_EDGE ( 'NONE', *, *, #1483, .F. ) ;
#2377 = ORIENTED_EDGE ( 'NONE', *, *, #1483, .T. ) ;
#2378 = EDGE_LOOP ( 'NONE', ( #2349 ) ) ;
#2379 = CARTESIAN_POINT ( 'NONE',  ( 6.437140935774856100, 14.70860820819833000, 17.16088926596162900 ) ) ;
#2380 = EDGE_CURVE ( 'NONE', #441, #441, #1067, .T. ) ;
#2381 = CARTESIAN_POINT ( 'NONE',  ( 14.46602540378444100, -5.950961894323340200, -13.30736835487436000 ) ) ;
#2382 = ORIENTED_EDGE ( 'NONE', *, *, #2482, .F. ) ;
#2383 = EDGE_CURVE ( 'NONE', #437, #437, #1075, .T. ) ;
#2384 = ORIENTED_EDGE ( 'NONE', *, *, #1339, .F. ) ;
#2385 = DIRECTION ( 'NONE',  ( 1.000000000000000000, 0.0000000000000000000, 0.0000000000000000000 ) ) ;
#2386 = EDGE_LOOP ( 'NONE', ( #2376 ) ) ;
#2387 = VERTEX_POINT ( 'NONE', #2631 ) ;
#2388 = EDGE_CURVE ( 'E744', #2216, #2092, #1056, .T. ) ;
#2389 = EDGE_CURVE ( 'E754', #2022, #2464, #1051, .T. ) ;
#2390 = CARTESIAN_POINT ( 'NONE',  ( -7.609229083570220100, 0.0000000000000000000, 1.792321987479469900E-016 ) ) ;
#2391 = ORIENTED_EDGE ( 'NONE', *, *, #1579, .T. ) ;
#2392 = DIRECTION ( 'NONE',  ( -5.782411586589357400E-017, 0.0000000000000000000, 1.000000000000000000 ) ) ;
#2393 = EDGE_CURVE ( 'NONE', #436, #436, #1048, .T. ) ;
#2394 = CARTESIAN_POINT ( 'NONE',  ( 6.204488574858246800, 14.58734793828025800, 17.34905360242768100 ) ) ;
#2395 = ORIENTED_EDGE ( 'NONE', *, *, #1599, .T. ) ;
#2396 = ORIENTED_EDGE ( 'NONE', *, *, #16, .T. ) ;
#2397 = CARTESIAN_POINT ( 'NONE',  ( 10.36630236038312300, 14.44173326315598900, 1.312448187764417600 ) ) ;
#2398 = B_SPLINE_CURVE_WITH_KNOTS ( 'NONE', 3,
 ( #2800, #2731, #2723, #2721, #2717, #2715, #2709, #2705 ),
 .UNSPECIFIED., .F., .F.,
 ( 4, 2, 2, 4 ),
 ( 0.005987745176690282200, 0.006377708769135983400, 0.006767672361581683600, 0.007547599546473085900 ),
 .UNSPECIFIED. ) ;
#2399 = DIRECTION ( 'NONE',  ( 0.0000000000000000000, 1.000000000000000000, 0.0000000000000000000 ) ) ;
#2400 = EDGE_CURVE ( 'NONE', #434, #434, #2769, .T. ) ;
#2401 = DIRECTION ( 'NONE',  ( -0.8660254037844387100, -0.4330127018922196300, 0.2499999999999997500 ) ) ;
#2402 = CARTESIAN_POINT ( 'NONE',  ( 10.59208473346291500, 14.40233653472948200, 1.690822944636281900 ) ) ;
#2403 = ORIENTED_EDGE ( 'NONE', *, *, #607, .T. ) ;
#2404 = EDGE_CURVE ( 'NONE', #432, #432, #1038, .T. ) ;
#2405 = CARTESIAN_POINT ( 'NONE',  ( 6.078716260062643400, 14.53685508063789000, 17.43574650603053700 ) ) ;
#2406 = ORIENTED_EDGE ( 'NONE', *, *, #2793, .T. ) ;
#2407 = CARTESIAN_POINT ( 'NONE',  ( 5.808223523558050200, 14.45618706096468600, 17.59430016758715000 ) ) ;
#2408 = DIRECTION ( 'NONE',  ( -0.5000000000000001100, 0.7500000000000001100, -0.4330127018922190800 ) ) ;
#2409 = CARTESIAN_POINT ( 'NONE',  ( 0.0000000000000000000, 0.0000000000000000000, 0.0000000000000000000 ) ) ;
#2410 = ORIENTED_EDGE ( 'NONE', *, *, #2739, .T. ) ;
#2411 = CARTESIAN_POINT ( 'NONE',  ( 5.663621607867120200, 14.42640728032112600, 17.66573163067890200 ) ) ;
#2412 = DIRECTION ( 'NONE',  ( 1.000000000000000000, 0.0000000000000000000, 0.0000000000000000000 ) ) ;
#2413 = ORIENTED_EDGE ( 'NONE', *, *, #1031, .T. ) ;
#2414 = EDGE_CURVE ( 'NONE', #430, #430, #1042, .T. ) ;
#2415 = DIRECTION ( 'NONE',  ( 1.000000000000000000, 0.0000000000000000000, 0.0000000000000000000 ) ) ;
#2416 = ORIENTED_EDGE ( 'NONE', *, *, #2681, .T. ) ;
#2417 = ORIENTED_EDGE ( 'NONE', *, *, #1584, .F. ) ;
#2418 = CARTESIAN_POINT ( 'NONE',  ( 5.367814600709649200, 14.38992209447923500, 17.78742868739598000 ) ) ;
#2419 = EDGE_CURVE ( 'NONE', #429, #429, #1034, .T. ) ;
#2420 = ORIENTED_EDGE ( 'NONE', *, *, #1579, .F. ) ;
#2421 = ORIENTED_EDGE ( 'NONE', *, *, #1584, .T. ) ;
#2422 = EDGE_LOOP ( 'NONE', ( #2300 ) ) ;
#2423 = CARTESIAN_POINT ( 'NONE',  ( -4.400000000000000400, 0.0000000000000000000, 0.0000000000000000000 ) ) ;
#2424 = CARTESIAN_POINT ( 'NONE',  ( 8.000000000000000000, 0.0000000000000000000, 0.0000000000000000000 ) ) ;
#2425 = ORIENTED_EDGE ( 'NONE', *, *, #2223, .F. ) ;
#2426 = EDGE_LOOP ( 'NONE', ( #157 ) ) ;
#2427 = EDGE_CURVE ( 'NONE', #428, #428, #1028, .T. ) ;
#2428 = DIRECTION ( 'NONE',  ( 0.0000000000000000000, 1.000000000000000000, 0.0000000000000000000 ) ) ;
#2429 = CARTESIAN_POINT ( 'NONE',  ( 7.750000000000000000, 0.0000000000000000000, 0.0000000000000000000 ) ) ;
#2430 = ORIENTED_EDGE ( 'NONE', *, *, #2700, .T. ) ;
#2431 = DIRECTION ( 'NONE',  ( 0.0000000000000000000, -1.000000000000000000, 0.0000000000000000000 ) ) ;
#2432 = EDGE_CURVE ( 'NONE', #424, #424, #1040, .T. ) ;
#2433 = CARTESIAN_POINT ( 'NONE',  ( -5.100000000000000500, 0.0000000000000000000, 0.0000000000000000000 ) ) ;
#2434 = ORIENTED_EDGE ( 'NONE', *, *, #2177, .F. ) ;
#2435 = DIRECTION ( 'NONE',  ( -5.581665400004503000E-017, -0.4111111111111110900, 0.9115852424874963900 ) ) ;
#2436 = EDGE_LOOP ( 'NONE', ( #922, #2425, #192, #1320, #582, #1874, #127, #2810 ) ) ;
#2437 = CARTESIAN_POINT ( 'NONE',  ( 12.73397459621556000, 14.50000000000000000, -1.500000000000000000 ) ) ;
#2438 = CARTESIAN_POINT ( 'NONE',  ( 13.28853349092865000, -4.318950948650165600, -13.84187919528275800 ) ) ;
#2439 = EDGE_CURVE ( 'NONE', #422, #422, #1023, .T. ) ;
#2440 = ORIENTED_EDGE ( 'NONE', *, *, #588, .F. ) ;
#2441 = CARTESIAN_POINT ( 'NONE',  ( 10.50000000000000000, -49.72777777777780300, 10.48323028860620100 ) ) ;
#2442 = ORIENTED_EDGE ( 'NONE', *, *, #1599, .F. ) ;
#2443 = DESIGN_CONTEXT ( 'detailed design', #181, 'design' ) ;
#2444 = CARTESIAN_POINT ( 'NONE',  ( 5.215129910066459700, 14.38270670773154200, 17.83863035009998700 ) ) ;
#2445 = EDGE_CURVE ( 'NONE', #419, #419, #1017, .T. ) ;
#2446 = CARTESIAN_POINT ( 'NONE',  ( 4.899858320201556000, 14.39110358529625200, 17.92105161608070700 ) ) ;
#2447 = EDGE_CURVE ( 'NONE', #416, #416, #1011, .T. ) ;
#2448 = ORIENTED_EDGE ( 'NONE', *, *, #588, .T. ) ;
#2449 = CARTESIAN_POINT ( 'NONE',  ( 4.741614854409437600, 14.40665813234275000, 17.95107766603580400 ) ) ;
#2450 = CARTESIAN_POINT ( 'NONE',  ( 12.84938608271721900, -4.377972596186182800, -13.82332495822516100 ) ) ;
#2451 = VERTEX_POINT ( 'NONE', #2195 ) ;
#2452 = ORIENTED_EDGE ( 'NONE', *, *, #2244, .F. ) ;
#2453 = ORIENTED_EDGE ( 'NONE', *, *, #2716, .T. ) ;
#2454 = CARTESIAN_POINT ( 'NONE',  ( 12.63515626732371500, -4.425282685602708100, -13.80838490237923600 ) ) ;
#2455 = ORIENTED_EDGE ( 'NONE', *, *, #1532, .F. ) ;
#2456 = CARTESIAN_POINT ( 'NONE',  ( 4.426386956796368300, 14.45938098580369900, 17.98914393065676300 ) ) ;
#2457 = PLANE ( 'NONE',  #1607 ) ;
#2458 = CARTESIAN_POINT ( 'NONE',  ( 4.267474659067084500, 14.49706362577558000, 17.99722500003627300 ) ) ;
#2459 = ORIENTED_EDGE ( 'NONE', *, *, #2618, .T. ) ;
#2460 = EDGE_CURVE ( 'E867', #2096, #2599, #1014, .T. ) ;
#2461 = EDGE_CURVE ( 'E874', #2801, #2096, #1030, .T. ) ;
#2462 = CARTESIAN_POINT ( 'NONE',  ( 12.21720443580717200, -4.554548883197631100, -13.76628871302330900 ) ) ;
#2463 = CARTESIAN_POINT ( 'NONE',  ( 12.73397459621556000, -8.549038105676659800, -11.80736835487436000 ) ) ;
#2464 = VERTEX_POINT ( 'NONE', #1978 ) ;
#2465 = ORIENTED_EDGE ( 'NONE', *, *, #2487, .F. ) ;
#2466 = DIRECTION ( 'NONE',  ( -1.000000000000000000, 0.0000000000000000000, 0.0000000000000000000 ) ) ;
#2467 = EDGE_CURVE ( 'E881', #2563, #2801, #1007, .T. ) ;
#2468 = ORIENTED_EDGE ( 'NONE', *, *, #2482, .T. ) ;
#2469 = DIRECTION ( 'NONE',  ( 0.0000000000000000000, 0.0000000000000000000, 1.000000000000000000 ) ) ;
#2470 = ORIENTED_EDGE ( 'NONE', *, *, #2502, .T. ) ;
#2471 = CARTESIAN_POINT ( 'NONE',  ( 3.957735116064870200, 14.59308738866816700, 17.99039840179359800 ) ) ;
#2472 = CARTESIAN_POINT ( 'NONE',  ( 3.808151554709668000, 14.65078854893059700, 17.97577267013883400 ) ) ;
#2473 = DIRECTION ( 'NONE',  ( -1.000000000000000000, 0.0000000000000000000, -6.123031769111888800E-017 ) ) ;
#2474 = ORIENTED_EDGE ( 'NONE', *, *, #1260, .F. ) ;
#2475 = EDGE_LOOP ( 'NONE', ( #2776, #2799, #2792, #2811 ) ) ;
#2476 = CARTESIAN_POINT ( 'NONE',  ( 3.519430272558492900, 14.78534123396752300, 17.92437785836268200 ) ) ;
#2477 = EDGE_CURVE ( 'E888', #2578, #2563, #999, .T. ) ;
#2478 = B_SPLINE_CURVE_WITH_KNOTS ( 'NONE', 3,
 ( #39, #37, #18, #5, #22, #33, #7, #13, #14, #8 ),
 .UNSPECIFIED., .F., .F.,
 ( 4, 2, 2, 2, 4 ),
 ( 0.003843105856871917000, 0.004233771071890974800, 0.004624436286910033100, 0.005015101501929091300, 0.005405766716948149500 ),
 .UNSPECIFIED. ) ;
#2479 = EDGE_LOOP ( 'NONE', ( #2465, #2812, #2814, #2772 ) ) ;
#2480 = ORIENTED_EDGE ( 'NONE', *, *, #2508, .T. ) ;
#2481 = CARTESIAN_POINT ( 'NONE',  ( -15.00000000000000000, -45.00000000000000000, 0.0000000000000000000 ) ) ;
#2482 = EDGE_CURVE ( 'NONE', #414, #414, #994, .T. ) ;
#2483 = ORIENTED_EDGE ( 'NONE', *, *, #2123, .F. ) ;
#2484 = CARTESIAN_POINT ( 'NONE',  ( 3.379305747318174900, 14.86304926962343500, 17.88703688126274100 ) ) ;
#2485 = CARTESIAN_POINT ( 'NONE',  ( 3.121103588757011300, 15.03194141867272600, 17.79256808025767000 ) ) ;
#2486 = EDGE_LOOP ( 'NONE', ( #2208 ) ) ;
#2487 = EDGE_CURVE ( 'E913', #2071, #1097, #976, .T. ) ;
#2488 = CARTESIAN_POINT ( 'NONE',  ( 12.01158885794301100, -4.637511983447294200, -13.73879349648554700 ) ) ;
#2489 = ADVANCED_FACE ( 'E1332', ( #1002, #981 ), #974, .T. ) ;
#2490 = CARTESIAN_POINT ( 'NONE',  ( 3.001678361740504700, 15.12356077360792200, 17.73539287295563900 ) ) ;
#2491 = ORIENTED_EDGE ( 'NONE', *, *, #2492, .T. ) ;
#2492 = EDGE_CURVE ( 'E918', #2801, #2071, #966, .T. ) ;
#2493 = ORIENTED_EDGE ( 'NONE', *, *, #1260, .T. ) ;
#2494 = CARTESIAN_POINT ( 'NONE',  ( 2.782621746333866900, 15.32148405095426800, 17.60072346557444000 ) ) ;
#2495 = VERTEX_POINT ( 'NONE', #1909 ) ;
#2496 = CARTESIAN_POINT ( 'NONE',  ( 10.50000000000000000, -49.72777777777780300, 10.48323028860620100 ) ) ;
#2497 = EDGE_LOOP ( 'NONE', ( #2245 ) ) ;
#2498 = EDGE_CURVE ( 'E928', #2096, #1097, #970, .T. ) ;
#2499 = CARTESIAN_POINT ( 'NONE',  ( 11.86794919243111900, -6.375000000000000000, -11.04182389825160000 ) ) ;
#2500 = PLANE ( 'NONE',  #1586 ) ;
#2501 = ORIENTED_EDGE ( 'NONE', *, *, #1242, .F. ) ;
#2502 = EDGE_CURVE ( 'E934', #1097, #2047, #962, .T. ) ;
#2503 = CARTESIAN_POINT ( 'NONE',  ( 2.684326379118384700, 15.42693504287824300, 17.52369754209653200 ) ) ;
#2504 = PLANE ( 'NONE',  #1566 ) ;
#2505 = ORIENTED_EDGE ( 'NONE', *, *, #2477, .F. ) ;
#2506 = DIRECTION ( 'NONE',  ( 0.8660254037844386000, 0.4330127018922195200, -0.2499999999999999400 ) ) ;
#2507 = EDGE_CURVE ( 'E949', #2599, #2047, #955, .T. ) ;
#2508 = EDGE_CURVE ( 'E955', #2047, #2718, #945, .T. ) ;
#2509 = CARTESIAN_POINT ( 'NONE',  ( 2.431957681986904400, 15.75231237920845700, 17.27147562994092300 ) ) ;
#2510 = CARTESIAN_POINT ( 'NONE',  ( 2.315915776854215100, 15.98831808488275100, 17.06938991696955900 ) ) ;
#2511 = ORIENTED_EDGE ( 'NONE', *, *, #2793, .F. ) ;
#2512 = EDGE_LOOP ( 'NONE', ( #2279 ) ) ;
#2513 = DIRECTION ( 'NONE',  ( 0.5000000000000001100, -0.7500000000000001100, 0.4330127018922190800 ) ) ;
#2514 = CARTESIAN_POINT ( 'NONE',  ( 2.237719627483192300, 16.33721118398806700, 16.74407671088958300 ) ) ;
#2515 = ORIENTED_EDGE ( 'NONE', *, *, #2757, .F. ) ;
#2516 = EDGE_CURVE ( 'E970', #1964, #2718, #951, .T. ) ;
#2517 = ORIENTED_EDGE ( 'NONE', *, *, #2663, .T. ) ;
#2518 = PLANE ( 'NONE',  #1557 ) ;
#2519 = ORIENTED_EDGE ( 'NONE', *, *, #2467, .F. ) ;
#2520 = CARTESIAN_POINT ( 'NONE',  ( -4.757616936384425600, 26.88457696963972400, 11.50000000000000000 ) ) ;
#2521 = ORIENTED_EDGE ( 'NONE', *, *, #2461, .F. ) ;
#2522 = CARTESIAN_POINT ( 'NONE',  ( 12.73397459621556000, -5.950961894323340200, -13.30736835487436000 ) ) ;
#2523 = CARTESIAN_POINT ( 'NONE',  ( 2.227046177104760300, 16.45499572370737000, 16.62977693512860400 ) ) ;
#2524 = DIRECTION ( 'NONE',  ( 0.8660254037844387100, 0.0000000000000000000, 0.4999999999999998900 ) ) ;
#2525 = ORIENTED_EDGE ( 'NONE', *, *, #2460, .F. ) ;
#2526 = DIRECTION ( 'NONE',  ( 1.000000000000000000, 0.0000000000000000000, 6.123031769111888800E-017 ) ) ;
#2527 = CARTESIAN_POINT ( 'NONE',  ( 2.237770673812014400, 16.68224641988940200, 16.40033952855349100 ) ) ;
#2528 = DIRECTION ( 'NONE',  ( 0.4999999999999998900, 0.0000000000000000000, -0.8660254037844387100 ) ) ;
#2529 = ORIENTED_EDGE ( 'NONE', *, *, #2318, .T. ) ;
#2530 = ORIENTED_EDGE ( 'NONE', *, *, #2609, .F. ) ;
#2531 = CARTESIAN_POINT ( 'NONE',  ( 2.258681334871806400, 16.79227265831854900, 16.28478259217115500 ) ) ;
#2532 = EDGE_CURVE ( 'E976', #2718, #2262, #929, .T. ) ;
#2533 = VERTEX_POINT ( 'NONE', #1826 ) ;
#2534 = CARTESIAN_POINT ( 'NONE',  ( 15.33205080756890100, 14.50000000000000000, 1.060540212046012100E-016 ) ) ;
#2535 = ADVANCED_FACE ( 'E554', ( #916 ), #1790, .T. ) ;
#2536 = CARTESIAN_POINT ( 'NONE',  ( 2.331744350658547600, 17.00508981592156500, 16.05198103393172500 ) ) ;
#2537 = CARTESIAN_POINT ( 'NONE',  ( 2.384238198052482300, 17.10748552317182500, 15.93503275324367700 ) ) ;
#2538 = CARTESIAN_POINT ( 'NONE',  ( 2.516190385258525900, 17.29593081469035100, 15.70972580142989200 ) ) ;
#2539 = B_SPLINE_CURVE_WITH_KNOTS ( 'NONE', 3,
 ( #863, #856, #866, #868, #870, #872, #878, #879 ),
 .UNSPECIFIED., .F., .F.,
 ( 4, 2, 2, 4 ),
 ( 0.001046371998570948500, 0.001828043101667293200, 0.002218878653215461400, 0.002609714204763630100 ),
 .UNSPECIFIED. ) ;
#2540 = CARTESIAN_POINT ( 'NONE',  ( 11.86794919243111900, -7.250000000000000000, -12.55736835487436000 ) ) ;
#2541 = ORIENTED_EDGE ( 'NONE', *, *, #2447, .F. ) ;
#2542 = CARTESIAN_POINT ( 'NONE',  ( -5.009815364849603500, 27.18535816919573700, 11.50000000000000000 ) ) ;
#2543 = DIRECTION ( 'NONE',  ( -0.06162841671621927000, -0.7044160264027584700, 0.7071067811865480200 ) ) ;
#2544 = ADVANCED_FACE ( 'E1181', ( #938 ), #1799, .T. ) ;
#2545 = ORIENTED_EDGE ( 'NONE', *, *, #2439, .F. ) ;
#2546 = DIRECTION ( 'NONE',  ( 0.06162841671621927000, 0.7044160264027586900, 0.7071067811865476800 ) ) ;
#2547 = DIRECTION ( 'NONE',  ( 6.409875621278543100E-016, -0.8660254037844387100, 0.4999999999999998900 ) ) ;
#2548 = ORIENTED_EDGE ( 'NONE', *, *, #2847, .T. ) ;
#2549 = VERTEX_POINT ( 'NONE', #1676 ) ;
#2550 = CARTESIAN_POINT ( 'NONE',  ( 11.86794919243111900, 12.75000000000000000, -5.551115123125779700E-016 ) ) ;
#2551 = ORIENTED_EDGE ( 'NONE', *, *, #2555, .T. ) ;
#2552 = B_SPLINE_CURVE_WITH_KNOTS ( 'NONE', 3,
 ( #287, #561, #810, #463 ),
 .UNSPECIFIED., .F., .F.,
 ( 4, 4 ),
 ( 0.05495675382597337000, 0.05511890896803807400 ),
 .UNSPECIFIED. ) ;
#2553 = ORIENTED_EDGE ( 'NONE', *, *, #2445, .T. ) ;
#2554 = CARTESIAN_POINT ( 'NONE',  ( 4.997165613904820200, 19.97019434851820200, 20.04647724663865200 ) ) ;
#2555 = EDGE_CURVE ( 'E991', #2578, #2262, #925, .T. ) ;
#2556 = DIRECTION ( 'NONE',  ( -1.000000000000000000, -5.551115123125780700E-016, 3.204937810639270100E-016 ) ) ;
#2557 = EDGE_LOOP ( 'NONE', ( #2789 ) ) ;
#2558 = VERTEX_POINT ( 'NONE', #1683 ) ;
#2559 = DIRECTION ( 'NONE',  ( 0.0000000000000000000, 0.0000000000000000000, -1.000000000000000000 ) ) ;
#2560 = DIRECTION ( 'NONE',  ( 0.0000000000000000000, 0.0000000000000000000, 1.000000000000000000 ) ) ;
#2561 = ORIENTED_EDGE ( 'NONE', *, *, #2439, .T. ) ;
#2562 = DIRECTION ( 'NONE',  ( 0.0000000000000000000, 1.000000000000000000, 0.0000000000000000000 ) ) ;
#2563 = VERTEX_POINT ( 'NONE', #1711 ) ;
#2564 = ORIENTED_EDGE ( 'NONE', *, *, #2389, .F. ) ;
#2565 = EDGE_CURVE ( 'E997', #2262, #2064, #908, .T. ) ;
#2566 = ORIENTED_EDGE ( 'NONE', *, *, #2432, .F. ) ;
#2567 = PLANE ( 'NONE',  #1546 ) ;
#2568 = VERTEX_POINT ( 'NONE', #1666 ) ;
#2569 = CARTESIAN_POINT ( 'NONE',  ( 2.595983661585886000, 17.38322577523463900, 15.60003129582376900 ) ) ;
#2570 = ORIENTED_EDGE ( 'NONE', *, *, #2617, .F. ) ;
#2571 = EDGE_LOOP ( 'NONE', ( #2215 ) ) ;
#2572 = ORIENTED_EDGE ( 'NONE', *, *, #2368, .T. ) ;
#2573 = CARTESIAN_POINT ( 'NONE',  ( -4.000000000000000000, 0.0000000000000000000, -11.50000000000000000 ) ) ;
#2574 = DIRECTION ( 'NONE',  ( 0.8660254037844387100, -0.4330127018922192400, 0.2500000000000001100 ) ) ;
#2575 = ORIENTED_EDGE ( 'NONE', *, *, #2847, .F. ) ;
#2576 = DIRECTION ( 'NONE',  ( 0.0000000000000000000, -1.000000000000000000, 0.0000000000000000000 ) ) ;
#2577 = CARTESIAN_POINT ( 'NONE',  ( 2.690106634585894600, 17.46332954639104800, 15.49340012549539700 ) ) ;
#2578 = VERTEX_POINT ( 'NONE', #1652 ) ;
#2579 = DIRECTION ( 'NONE',  ( -0.4999999999999999400, -0.7499999999999998900, 0.4330127018922194600 ) ) ;
#2580 = DIRECTION ( 'NONE',  ( 0.0000000000000000000, 0.0000000000000000000, -1.000000000000000000 ) ) ;
#2581 = ORIENTED_EDGE ( 'NONE', *, *, #2739, .F. ) ;
#2582 = DIRECTION ( 'NONE',  ( 1.000000000000000000, 0.0000000000000000000, 0.0000000000000000000 ) ) ;
#2583 = ORIENTED_EDGE ( 'NONE', *, *, #2680, .T. ) ;
#2584 = CARTESIAN_POINT ( 'NONE',  ( -4.000000000000000000, -45.00000000000000000, 0.0000000000000000000 ) ) ;
#2585 = CARTESIAN_POINT ( 'NONE',  ( -3.999999999999999100, 20.15685424949239700, -0.1057065663411612400 ) ) ;
#2586 = EDGE_LOOP ( 'NONE', ( #2330 ) ) ;
#2587 = ORIENTED_EDGE ( 'NONE', *, *, #2757, .T. ) ;
#2588 = ORIENTED_EDGE ( 'NONE', *, *, #1031, .F. ) ;
#2589 = EDGE_CURVE ( 'E1012', #2563, #2064, #911, .T. ) ;
#2590 = ORIENTED_EDGE ( 'NONE', *, *, #16, .F. ) ;
#2591 = DIRECTION ( 'NONE',  ( 0.0000000000000000000, -1.000000000000000000, 0.0000000000000000000 ) ) ;
#2592 = ORIENTED_EDGE ( 'NONE', *, *, #2218, .F. ) ;
#2593 = ORIENTED_EDGE ( 'NONE', *, *, #1532, .T. ) ;
#2594 = DIRECTION ( 'NONE',  ( 0.0000000000000000000, 0.8660254037844389300, -0.4999999999999998300 ) ) ;
#2595 = ADVANCED_FACE ( 'E1160', ( #901 ), #1617, .T. ) ;
#2596 = ORIENTED_EDGE ( 'NONE', *, *, #2158, .F. ) ;
#2597 = PLANE ( 'NONE',  #1521 ) ;
#2598 = ORIENTED_EDGE ( 'NONE', *, *, #2432, .T. ) ;
#2599 = VERTEX_POINT ( 'NONE', #1592 ) ;
#2600 = CARTESIAN_POINT ( 'NONE',  ( 10.50000000000000000, 0.0000000000000000000, 1.561373101123529800E-015 ) ) ;
#2601 = ORIENTED_EDGE ( 'NONE', *, *, #2427, .T. ) ;
#2602 = CARTESIAN_POINT ( 'NONE',  ( -4.000000000000000000, 20.15685424949240100, 2.032879073410320800E-017 ) ) ;
#2603 = ORIENTED_EDGE ( 'NONE', *, *, #2487, .T. ) ;
#2604 = ADVANCED_FACE ( 'E1329', ( #897, #899 ), #1594, .T. ) ;
#2605 = VERTEX_POINT ( 'NONE', #1633 ) ;
#2606 = DIRECTION ( 'NONE',  ( 0.0000000000000000000, 0.0000000000000000000, -1.000000000000000000 ) ) ;
#2607 = VERTEX_POINT ( 'NONE', #1571 ) ;
#2608 = DIRECTION ( 'NONE',  ( 1.000000000000000000, 0.0000000000000000000, 0.0000000000000000000 ) ) ;
#2609 = EDGE_CURVE ( 'E1018', #2064, #2071, #893, .T. ) ;
#2610 = ORIENTED_EDGE ( 'NONE', *, *, #2555, .F. ) ;
#2611 = ORIENTED_EDGE ( 'NONE', *, *, #1469, .T. ) ;
#2612 = EDGE_LOOP ( 'NONE', ( #2603, #2470, #2480, #2655, #2770, #2796 ) ) ;
#2613 = ORIENTED_EDGE ( 'NONE', *, *, #2153, .T. ) ;
#2614 = ORIENTED_EDGE ( 'NONE', *, *, #2095, .T. ) ;
#2615 = CARTESIAN_POINT ( 'NONE',  ( -4.000000000000000000, 45.00000000000000000, 0.0000000000000000000 ) ) ;
#2616 = ORIENTED_EDGE ( 'NONE', *, *, #2419, .F. ) ;
#2617 = EDGE_CURVE ( 'NONE', #409, #409, #920, .T. ) ;
#2618 = EDGE_CURVE ( 'NONE', #406, #406, #905, .T. ) ;
#2619 = ORIENTED_EDGE ( 'NONE', *, *, #2223, .T. ) ;
#2620 = ORIENTED_EDGE ( 'NONE', *, *, #1242, .T. ) ;
#2621 = EDGE_LOOP ( 'NONE', ( #2113 ) ) ;
#2622 = CARTESIAN_POINT ( 'NONE',  ( -4.043371474975785400, 20.15590509256562200, -0.2090702138001711000 ) ) ;
#2623 = ORIENTED_EDGE ( 'NONE', *, *, #2311, .T. ) ;
#2624 = DIRECTION ( 'NONE',  ( 0.0000000000000000000, 1.000000000000000000, 0.0000000000000000000 ) ) ;
#2625 = ORIENTED_EDGE ( 'NONE', *, *, #2414, .T. ) ;
#2626 = CARTESIAN_POINT ( 'NONE',  ( -4.190994134154757400, 20.15383362161178500, -0.3566662406251527900 ) ) ;
#2627 = EDGE_LOOP ( 'NONE', ( #2126 ) ) ;
#2628 = CARTESIAN_POINT ( 'NONE',  ( -4.295439472797030900, 20.15288608752591800, -0.3999444730991453300 ) ) ;
#2629 = CARTESIAN_POINT ( 'NONE',  ( -4.504135254590073200, 20.15288388554340000, -0.4000554138653494300 ) ) ;
#2630 = ORIENTED_EDGE ( 'NONE', *, *, #2589, .F. ) ;
#2631 = CARTESIAN_POINT ( 'NONE',  ( -5.100000000000000500, -49.72777777777780300, 10.48323028860620100 ) ) ;
#2632 = ORIENTED_EDGE ( 'NONE', *, *, #2234, .F. ) ;
#2633 = EDGE_CURVE ( 'NONE', #404, #404, #887, .T. ) ;
#2634 = DIRECTION ( 'NONE',  ( -1.000000000000000000, 0.0000000000000000000, -6.123031769111888800E-017 ) ) ;
#2635 = ORIENTED_EDGE ( 'NONE', *, *, #2680, .F. ) ;
#2636 = CARTESIAN_POINT ( 'NONE',  ( -4.607989396945798800, 20.15381979905852100, -0.3576197571084000500 ) ) ;
#2637 = ORIENTED_EDGE ( 'NONE', *, *, #2720, .T. ) ;
#2638 = CARTESIAN_POINT ( 'NONE',  ( -4.757407329924415500, 20.15591558087016500, -0.2083542186576668200 ) ) ;
#2639 = ORIENTED_EDGE ( 'NONE', *, *, #2716, .F. ) ;
#2640 = VERTEX_POINT ( 'NONE', #1541 ) ;
#2641 = EDGE_LOOP ( 'NONE', ( #2131 ) ) ;
#2642 = ORIENTED_EDGE ( 'NONE', *, *, #1501, .T. ) ;
#2643 = ORIENTED_EDGE ( 'NONE', *, *, #2700, .F. ) ;
#2644 = ORIENTED_EDGE ( 'NONE', *, *, #2681, .F. ) ;
#2645 = DIRECTION ( 'NONE',  ( 0.0000000000000000000, 1.000000000000000000, 0.0000000000000000000 ) ) ;
#2646 = ADVANCED_FACE ( 'E1398', ( #873, #888 ), #865, .F. ) ;
#2647 = CARTESIAN_POINT ( 'NONE',  ( 10.50000000000000000, 49.72777777777780300, 10.48323028860620100 ) ) ;
#2648 = EDGE_LOOP ( 'NONE', ( #2205 ) ) ;
#2649 = CARTESIAN_POINT ( 'NONE',  ( -4.000000000000000000, 0.0000000000000000000, 11.50000000000000000 ) ) ;
#2650 = ADVANCED_FACE ( 'E1371', ( #874, #861 ), #1419, .T. ) ;
#2651 = EDGE_LOOP ( 'NONE', ( #1295, #666, #1151, #721 ) ) ;
#2652 = EDGE_LOOP ( 'NONE', ( #2121 ) ) ;
#2653 = ADVANCED_FACE ( 'E1086', ( #880, #855 ), #1429, .T. ) ;
#2654 = CARTESIAN_POINT ( 'NONE',  ( -4.799963007796749900, 20.15685351540561500, -0.1045584671063176800 ) ) ;
#2655 = ORIENTED_EDGE ( 'NONE', *, *, #2532, .T. ) ;
#2656 = DIRECTION ( 'NONE',  ( 0.0000000000000000000, -1.000000000000000000, 0.0000000000000000000 ) ) ;
#2657 = DIRECTION ( 'NONE',  ( 6.424901762877063500E-017, 0.0000000000000000000, -1.000000000000000000 ) ) ;
#2658 = CARTESIAN_POINT ( 'NONE',  ( -4.800036942067174900, 20.15685498258427100, 0.1042752397791094900 ) ) ;
#2659 = ORIENTED_EDGE ( 'NONE', *, *, #2589, .T. ) ;
#2660 = CARTESIAN_POINT ( 'NONE',  ( -4.756806846420180300, 20.15590869299601100, 0.2087351770012898200 ) ) ;
#2661 = DIRECTION ( 'NONE',  ( 1.000000000000000000, 0.0000000000000000000, 6.123031769111888800E-017 ) ) ;
#2662 = VERTEX_POINT ( 'NONE', #1353 ) ;
#2663 = EDGE_CURVE ( 'E1094', #1834, #2759, #871, .T. ) ;
#2664 = ADVANCED_FACE ( 'E1335', ( #853, #867 ), #844, .T. ) ;
#2665 = ADVANCED_FACE ( 'E1377', ( #834, #840, #830, #835 ), #818, .F. ) ;
#2666 = CARTESIAN_POINT ( 'NONE',  ( 10.50000000000000000, 0.0000000000000000000, 0.0000000000000000000 ) ) ;
#2667 = EDGE_LOOP ( 'NONE', ( #2116 ) ) ;
#2668 = CARTESIAN_POINT ( 'NONE',  ( -4.609427173095790300, 20.15383843975063600, 0.3564011208444487500 ) ) ;
#2669 = CARTESIAN_POINT ( 'NONE',  ( 3.025743642432793900, 18.50587673385172500, 21.78229242052584200 ) ) ;
#2670 = VERTEX_POINT ( 'NONE', #1305 ) ;
#2671 = ADVANCED_FACE ( 'E639', ( #815, #826 ), #836, .T. ) ;
#2672 = ADVANCED_FACE ( 'E575', ( #806 ), #1346, .T. ) ;
#2673 = CARTESIAN_POINT ( 'NONE',  ( -5.100000000000000500, 45.00000000000000000, 11.50000000000000000 ) ) ;
#2674 = CARTESIAN_POINT ( 'NONE',  ( -4.505914417590980200, 20.15288712231466700, 0.3998923381044587300 ) ) ;
#2675 = ORIENTED_EDGE ( 'NONE', *, *, #2720, .F. ) ;
#2676 = CARTESIAN_POINT ( 'NONE',  ( -4.294900348090112500, 20.15288285674618900, 0.4001072469934867600 ) ) ;
#2677 = CARTESIAN_POINT ( 'NONE',  ( -4.043466441596684100, 20.15590302615604700, 0.2092696258039093100 ) ) ;
#2678 = VERTEX_POINT ( 'NONE', #1262 ) ;
#2679 = CARTESIAN_POINT ( 'NONE',  ( -4.000000000000000000, 0.0000000000000000000, -11.50000000000000000 ) ) ;
#2680 = EDGE_CURVE ( 'E1101', #1925, #1834, #812, .T. ) ;
#2681 = EDGE_CURVE ( 'E1108', #2678, #1925, #821, .T. ) ;
#2682 = CARTESIAN_POINT ( 'NONE',  ( -4.000000000000000900, 20.15685424949240500, 0.1057065663411612800 ) ) ;
#2683 = ORIENTED_EDGE ( 'NONE', *, *, #607, .F. ) ;
#2684 = DIRECTION ( 'NONE',  ( 0.0000000000000000000, 0.0000000000000000000, 1.000000000000000000 ) ) ;
#2685 = DIRECTION ( 'NONE',  ( -1.000000000000000000, 0.0000000000000000000, 0.0000000000000000000 ) ) ;
#2686 = ADVANCED_FACE ( 'E1409', ( #805 ), #796, .F. ) ;
#2687 = ADVANCED_FACE ( 'E1139', ( #791 ), #1238, .T. ) ;
#2688 = CARTESIAN_POINT ( 'NONE',  ( -4.000000000000000000, 20.15685424949240100, 2.032879073410320800E-017 ) ) ;
#2689 = CARTESIAN_POINT ( 'NONE',  ( 10.50000000000000000, 0.0000000000000000000, 0.0000000000000000000 ) ) ;
#2690 = CLOSED_SHELL ( 'NONE', ( #1788, #1764, #568, #503, #2826, #2786, #2827, #2025, #2297, #305, #750, #1784, #373, #161, #2794, #2535, #2672, #1992, #2671, #2697, #2767, #30, #2748, #2015, #2714, #1890, #2247, #2798, #2835, #2791, #1605, #73, #1479, #2162, #282, #2352, #2703, #1164, #2229, #2699, #825, #1779, #212, #2766, #1801, #1842, #1825, #1753, #1267, #2706, #2653, #46, #2687, #2595, #2544, #1812, #581, #19, #2357, #2719, #2753, #1761, #239, #2846, #393, #890, #2604, #2489, #2664, #479, #2061, #2698, #330, #2774, #2805, #1386, #2240 ) ) ;
#2691 = CARTESIAN_POINT ( 'NONE',  ( -9.500000000000000000, 0.0000000000000000000, -11.50000000000000000 ) ) ;
#2692 = CARTESIAN_POINT ( 'NONE',  ( 5.965868128645264600, 17.93067131827145000, 22.03175659723668300 ) ) ;
#2693 = EDGE_LOOP ( 'NONE', ( #2140 ) ) ;
#2694 = DIRECTION ( 'NONE',  ( 2.517246393968220400E-017, -0.9115852424874963900, -0.4111111111111110900 ) ) ;
#2695 = ORIENTED_EDGE ( 'NONE', *, *, #2147, .F. ) ;
#2696 = CARTESIAN_POINT ( 'NONE',  ( -4.000000000000000000, 0.0000000000000000000, 11.50000000000000000 ) ) ;
#2697 = ADVANCED_FACE ( 'E642', ( #798, #792 ), #1134, .T. ) ;
#2698 = ADVANCED_FACE ( 'E1346', ( #787, #779 ), #780, .T. ) ;
#2699 = ADVANCED_FACE ( 'E859', ( #773, #786 ), #1093, .T. ) ;
#2700 = EDGE_CURVE ( 'E1115', #1677, #2678, #764, .T. ) ;
#2701 = ORIENTED_EDGE ( 'NONE', *, *, #2414, .F. ) ;
#2702 = EDGE_LOOP ( 'NONE', ( #2137 ) ) ;
#2703 = ADVANCED_FACE ( 'E851', ( #778, #768 ), #752, .F. ) ;
#2704 = EDGE_LOOP ( 'NONE', ( #2149 ) ) ;
#2705 = CARTESIAN_POINT ( 'NONE',  ( -5.100000000000000500, 27.70830200499484900, -11.50000000000000000 ) ) ;
#2706 = ADVANCED_FACE ( 'E1083', ( #760, #746 ), #734, .T. ) ;
#2707 = EDGE_LOOP ( 'NONE', ( #2145 ) ) ;
#2708 = ORIENTED_EDGE ( 'NONE', *, *, #2633, .T. ) ;
#2709 = CARTESIAN_POINT ( 'NONE',  ( -5.100000000000007600, 27.44622973164153700, -11.50000000000000200 ) ) ;
#2710 = CARTESIAN_POINT ( 'NONE',  ( -2.828427124746195200, 0.0000000000000000000, 0.0000000000000000000 ) ) ;
#2711 = ORIENTED_EDGE ( 'NONE', *, *, #2368, .F. ) ;
#2712 = ORIENTED_EDGE ( 'NONE', *, *, #2532, .F. ) ;
#2713 = ORIENTED_EDGE ( 'NONE', *, *, #2292, .T. ) ;
#2714 = ADVANCED_FACE ( 'E759', ( #762 ), #1022, .T. ) ;
#2715 = CARTESIAN_POINT ( 'NONE',  ( -5.010221668474582800, 27.18558212621187000, -11.50000000000000400 ) ) ;
#2716 = EDGE_CURVE ( 'E1122', #2077, #1677, #757, .T. ) ;
#2717 = CARTESIAN_POINT ( 'NONE',  ( -4.756766747099882200, 26.88369381004801900, -11.50000000000000200 ) ) ;
#2718 = VERTEX_POINT ( 'NONE', #972 ) ;
#2719 = ADVANCED_FACE ( 'E1308', ( #737, #726 ), #712, .F. ) ;
#2720 = EDGE_CURVE ( 'E1129', #2759, #2077, #755, .T. ) ;
#2721 = CARTESIAN_POINT ( 'NONE',  ( -4.654865043521028600, 26.80020370274549200, -11.49999999999999800 ) ) ;
#2722 = EDGE_LOOP ( 'NONE', ( #2157 ) ) ;
#2723 = CARTESIAN_POINT ( 'NONE',  ( -4.421262515699830000, 26.67826318702997000, -11.50000000000000200 ) ) ;
#2724 = EDGE_LOOP ( 'NONE', ( #450 ) ) ;
#2725 = ADVANCED_FACE ( 'E1389', ( #729, #743 ), #707, .T. ) ;
#2726 = DIRECTION ( 'NONE',  ( 1.000000000000000000, 0.0000000000000000000, 0.0000000000000000000 ) ) ;
#2727 = EDGE_LOOP ( 'NONE', ( #2154 ) ) ;
#2728 = EDGE_LOOP ( 'NONE', ( #2164 ) ) ;
#2729 = ADVANCED_FACE ( 'E1392', ( #715, #704 ), #722, .T. ) ;
#2730 = ORIENTED_EDGE ( 'NONE', *, *, #2617, .T. ) ;
#2731 = CARTESIAN_POINT ( 'NONE',  ( -4.293666432959938100, 26.64225636781267400, -11.50000000000000000 ) ) ;
#2732 = CARTESIAN_POINT ( 'NONE',  ( 10.50000000000000000, -12.33333333333332000, 27.34755727462490100 ) ) ;
#2733 = ORIENTED_EDGE ( 'NONE', *, *, #2404, .F. ) ;
#2734 = EDGE_CURVE ( 'NONE', #403, #403, #709, .T. ) ;
#2735 = DIRECTION ( 'NONE',  ( 0.0000000000000000000, 0.0000000000000000000, 1.000000000000000000 ) ) ;
#2736 = ORIENTED_EDGE ( 'NONE', *, *, #2393, .T. ) ;
#2737 = ADVANCED_FACE ( 'E1385', ( #703 ), #698, .F. ) ;
#2738 = EDGE_LOOP ( 'NONE', ( #2109 ) ) ;
#2739 = EDGE_CURVE ( 'E1140', #1090, #2451, #694, .T. ) ;
#2740 = DIRECTION ( 'NONE',  ( 0.0000000000000000000, 1.000000000000000000, 0.0000000000000000000 ) ) ;
#2741 = VERTEX_POINT ( 'NONE', #828 ) ;
#2742 = B_SPLINE_CURVE_WITH_KNOTS ( 'NONE', 3,
 ( #913, #924, #928, #932, #933, #939, #942, #944, #949, #950, #954, #960, #965, #971, #975, #979, #980, #987 ),
 .UNSPECIFIED., .T., .F.,
 ( 4, 2, 2, 2, 2, 2, 2, 2, 4 ),
 ( 0.0000000000000000000, 0.0003154946990409966200, 0.0006309893980819932400, 0.0009464840971229898100, 0.001261978796163986500, 0.001577473495204983200, 0.001892968194245979600, 0.002208462893286976500, 0.002523957592327973000 ),
 .UNSPECIFIED. ) ;
#2743 = CARTESIAN_POINT ( 'NONE',  ( 12.73397459621556000, -8.549038105676659800, -11.80736835487436000 ) ) ;
#2744 = DIRECTION ( 'NONE',  ( 0.0000000000000000000, 0.0000000000000000000, 1.000000000000000000 ) ) ;
#2745 = ORIENTED_EDGE ( 'NONE', *, *, #2404, .T. ) ;
#2746 = DIRECTION ( 'NONE',  ( -1.000000000000000000, 0.0000000000000000000, 0.0000000000000000000 ) ) ;
#2747 = CARTESIAN_POINT ( 'NONE',  ( 14.46602540378444100, -8.549038105676659800, -11.80736835487436000 ) ) ;
#2748 = ADVANCED_FACE ( 'E707', ( #696, #688 ), #781, .T. ) ;
#2749 = EDGE_LOOP ( 'NONE', ( #2701 ) ) ;
#2750 = CARTESIAN_POINT ( 'NONE',  ( -5.100000000000000500, 0.0000000000000000000, 0.0000000000000000000 ) ) ;
#2751 = ORIENTED_EDGE ( 'NONE', *, *, #2400, .F. ) ;
#2752 = ADVANCED_FACE ( 'E1387', ( #711 ), #678, .F. ) ;
#2753 = ADVANCED_FACE ( 'E1311', ( #675, #683 ), #668, .F. ) ;
#2754 = EDGE_LOOP ( 'NONE', ( #2745 ) ) ;
#2755 = CARTESIAN_POINT ( 'NONE',  ( -16.00000000000000000, 45.00000000000000000, 0.0000000000000000000 ) ) ;
#2756 = ADVANCED_FACE ( 'E1382', ( #686, #665 ), #659, .F. ) ;
#2757 = EDGE_CURVE ( 'E1155', #1834, #2451, #677, .T. ) ;
#2758 = B_SPLINE_CURVE_WITH_KNOTS ( 'NONE', 3,
 ( #1692, #1686, #1708, #1709, #1712, #1715, #1717, #1720, #1721, #1724, #1729, #1732, #1733, #1736, #1740, #1741, #1744, #1746, #1747, #1752, #1758, #1759, #1765, #1768, #1770, #1774, #1776, #1778, #1780, #1782, #1791, #1792, #1797, #1811, #1816, #1822, #1823, #1828, #1836, #2151, #1837, #1843, #1849, #1858, #1866, #1869, #1872, #1877, #1884, #1885, #1889, #1892, #1898, #1901, #1906, #1910, #1912, #1915, #1918, #1923, #1924, #1927, #1933, #1935 ),
 .UNSPECIFIED., .T., .F.,
 ( 4, 2, 2, 2, 2, 2, 2, 2, 2, 2, 2, 2, 2, 2, 2, 2, 2, 2, 2, 2, 2, 2, 2, 2, 2, 2, 2, 2, 2, 2, 2, 4 ),
 ( 0.0000000000000000000, 0.0005921781240768278700, 0.001184356248153655700, 0.001776534372230483600, 0.002368712496307311500, 0.003553068744460967200, 0.004145246868537795500, 0.004737424992614623800, 0.005329603116691452100, 0.005921781240768280400, 0.006513959364845107800, 0.007106137488921936100, 0.007698315612998767900, 0.008290493737075599700, 0.008882671861152432300, 0.009474849985229265000, 0.01006702810930609800, 0.01065920623338292700, 0.01125138435745975900, 0.01184356248153659200, 0.01243574060561342500, 0.01302791872969025600, 0.01362009685376708800, 0.01421227497784392100, 0.01480445310192075300, 0.01539663122599758400, 0.01598880935007441700, 0.01658098747415124800, 0.01717316559822808200, 0.01776534372230491300, 0.01835752184638174400, 0.01894969997045857500 ),
 .UNSPECIFIED. ) ;
#2759 = VERTEX_POINT ( 'NONE', #705 ) ;
#2760 = CARTESIAN_POINT ( 'NONE',  ( 5.778860624879446700, 17.89414130165105400, 22.07573239581124700 ) ) ;
#2761 = ORIENTED_EDGE ( 'NONE', *, *, #2340, .T. ) ;
#2762 = CARTESIAN_POINT ( 'NONE',  ( 3.502384912713661300, 18.22204618832503800, 21.98312866641362400 ) ) ;
#2763 = ORIENTED_EDGE ( 'NONE', *, *, #2393, .F. ) ;
#2764 = PLANE ( 'NONE',  #1232 ) ;
#2765 = ORIENTED_EDGE ( 'NONE', *, *, #2663, .F. ) ;
#2766 = ADVANCED_FACE ( 'E954', ( #656 ), #714, .T. ) ;
#2767 = ADVANCED_FACE ( 'E645', ( #651 ), #640, .T. ) ;
#2768 = EDGE_LOOP ( 'NONE', ( #2161 ) ) ;
#2769 = B_SPLINE_CURVE_WITH_KNOTS ( 'NONE', 3,
 ( #2577, #2569, #2538, #2537, #2536, #2531, #2527, #2523, #2514, #2510, #2509, #2503, #2494, #2490, #2485, #2484, #2476, #2472, #2471, #2458, #2456, #2449, #2446, #2444, #2418, #2411, #2407, #2405, #2394, #2379, #2373, #2365, #2359, #2351, #2350, #2335, #2334, #2329, #2319, #2317, #2307, #2302, #2301, #2298, #2294, #2293, #2283, #2281, #2272, #2266, #2261, #2258, #2257, #2253, #2248, #2246, #2243, #2235, #2228, #2227, #2213, #2212 ),
 .UNSPECIFIED., .T., .F.,
 ( 4, 2, 2, 2, 2, 2, 2, 2, 2, 2, 2, 2, 2, 2, 2, 2, 2, 2, 2, 2, 2, 2, 2, 2, 2, 2, 2, 2, 2, 2, 4 ),
 ( 0.0000000000000000000, 0.0004827964735481827300, 0.0009655929470963654500, 0.001448389420644548100, 0.001931185894192730900, 0.002896778841289096100, 0.003379575314837274400, 0.003862371788385453100, 0.004345168261933631800, 0.004827964735481809700, 0.005310761209029988400, 0.005793557682578166300, 0.006276354156126345000, 0.006759150629674522800, 0.007241947103222701500, 0.007724743576770880200, 0.008207540050319057200, 0.008690336523867235900, 0.009173132997415416400, 0.009655929470963596800, 0.01013872594451177900, 0.01062152241805995900, 0.01110431889160814200, 0.01158711536515632200, 0.01206991183870450100, 0.01255270831225268300, 0.01303550478580086300, 0.01351830125934904400, 0.01400109773289722600, 0.01448389420644540800, 0.01544948715354177100 ),
 .UNSPECIFIED. ) ;
#2770 = ORIENTED_EDGE ( 'NONE', *, *, #2565, .T. ) ;
#2771 = CARTESIAN_POINT ( 'NONE',  ( 15.33205080756890100, 12.75000000000000000, 4.428471395355839400E-016 ) ) ;
#2772 = ORIENTED_EDGE ( 'NONE', *, *, #2498, .T. ) ;
#2773 = EDGE_LOOP ( 'NONE', ( #2176 ) ) ;
#2774 = ADVANCED_FACE ( 'E1352', ( #649, #645 ), #613, .T. ) ;
#2775 = EDGE_LOOP ( 'NONE', ( #2167 ) ) ;
#2776 = ORIENTED_EDGE ( 'NONE', *, *, #2502, .F. ) ;
#2777 = CARTESIAN_POINT ( 'NONE',  ( 16.96879443003488700, -8.102402819639520400, -12.02691649912585900 ) ) ;
#2778 = DIRECTION ( 'NONE',  ( 0.0000000000000000000, 0.0000000000000000000, 1.000000000000000000 ) ) ;
#2779 = EDGE_LOOP ( 'NONE', ( #2345 ) ) ;
#2780 = EDGE_LOOP ( 'NONE', ( #2180 ) ) ;
#2781 = DIRECTION ( 'NONE',  ( -1.000000000000000000, 0.0000000000000000000, 0.0000000000000000000 ) ) ;
#2782 = PLANE ( 'NONE',  #1248 ) ;
#2783 = EDGE_LOOP ( 'NONE', ( #2530, #2630, #2844, #2491 ) ) ;
#2784 = EDGE_LOOP ( 'NONE', ( #2171 ) ) ;
#2785 = CARTESIAN_POINT ( 'NONE',  ( -4.000000000000000000, -5.216977769124310900, -19.47002609632925300 ) ) ;
#2786 = ADVANCED_FACE ( 'E139', ( #671 ), #641, .F. ) ;
#2787 = EDGE_LOOP ( 'NONE', ( #2632 ) ) ;
#2788 = CARTESIAN_POINT ( 'NONE',  ( 16.54824758679509200, -8.731616167652505900, -11.57744251140348800 ) ) ;
#2789 = ORIENTED_EDGE ( 'NONE', *, *, #2633, .F. ) ;
#2790 = DIRECTION ( 'NONE',  ( -1.000000000000000000, 0.0000000000000000000, -6.123031769111888800E-017 ) ) ;
#2791 = ADVANCED_FACE ( 'E830', ( #643, #635 ), #624, .F. ) ;
#2792 = ORIENTED_EDGE ( 'NONE', *, *, #2460, .T. ) ;
#2793 = EDGE_CURVE ( 'E1161', #2451, #1945, #627, .T. ) ;
#2794 = ADVANCED_FACE ( 'E454', ( #618, #633, #638, #620 ), #558, .F. ) ;
#2795 = CARTESIAN_POINT ( 'NONE',  ( 16.88490562552118500, -8.269541955403408200, -11.91225622484015500 ) ) ;
#2796 = ORIENTED_EDGE ( 'NONE', *, *, #2609, .T. ) ;
#2797 = CARTESIAN_POINT ( 'NONE',  ( 10.50000000000000000, -12.33333333333334100, -27.34755727462490100 ) ) ;
#2798 = ADVANCED_FACE ( 'E824', ( #616, #614 ), #602, .F. ) ;
#2799 = ORIENTED_EDGE ( 'NONE', *, *, #2498, .F. ) ;
#2800 = CARTESIAN_POINT ( 'NONE',  ( -4.161812596680515100, 26.63472960422920000, -11.50000000000000000 ) ) ;
#2801 = VERTEX_POINT ( 'NONE', #524 ) ;
#2802 = CARTESIAN_POINT ( 'NONE',  ( 4.035691230066398700, 18.01147738756446900, 22.11474137644459100 ) ) ;
#2803 = CARTESIAN_POINT ( 'NONE',  ( -4.043371474975782800, -5.418678428252237100, -19.41499792804535200 ) ) ;
#2804 = ORIENTED_EDGE ( 'NONE', *, *, #2516, .T. ) ;
#2805 = ADVANCED_FACE ( 'E1355', ( #603, #606, #605, #598 ), #589, .T. ) ;
#2806 = CARTESIAN_POINT ( 'NONE',  ( 2.012830025463120600, 20.21172434082970800, 20.29450909635919900 ) ) ;
#2807 = ORIENTED_EDGE ( 'NONE', *, *, #2507, .F. ) ;
#2808 = CARTESIAN_POINT ( 'NONE',  ( 16.26301937378190100, -8.997849369327600000, -11.37176339583946900 ) ) ;
#2809 = ORIENTED_EDGE ( 'NONE', *, *, #2508, .F. ) ;
#2810 = ORIENTED_EDGE ( 'NONE', *, *, #2333, .T. ) ;
#2811 = ORIENTED_EDGE ( 'NONE', *, *, #2507, .T. ) ;
#2812 = ORIENTED_EDGE ( 'NONE', *, *, #2492, .F. ) ;
#2813 = CARTESIAN_POINT ( 'NONE',  ( 2.012313648712379200, 20.49281504048167000, 20.01460857335486000 ) ) ;
#2814 = ORIENTED_EDGE ( 'NONE', *, *, #2461, .T. ) ;
#2815 = EDGE_CURVE ( 'NONE', #401, #401, #132, .T. ) ;
#2816 = EDGE_LOOP ( 'NONE', ( #2730 ) ) ;
#2817 = CARTESIAN_POINT ( 'NONE',  ( 2.090968318909430600, 20.76272049401580900, 19.72697662818662300 ) ) ;
#2818 = DIRECTION ( 'NONE',  ( -3.901064690943454100E-017, 0.0000000000000000000, 1.000000000000000000 ) ) ;
#2819 = ORIENTED_EDGE ( 'NONE', *, *, #2477, .T. ) ;
#2820 = ADVANCED_FACE ( 'E1368', ( #584, #593 ), #596, .T. ) ;
#2821 = EDGE_LOOP ( 'NONE', ( #2184 ) ) ;
#2822 = EDGE_LOOP ( 'NONE', ( #2028 ) ) ;
#2823 = CARTESIAN_POINT ( 'NONE',  ( -4.190994134154752100, -5.560709106285908200, -19.37479637802885800 ) ) ;
#2824 = ORIENTED_EDGE ( 'NONE', *, *, #2232, .F. ) ;
#2825 = EDGE_LOOP ( 'NONE', ( #2178 ) ) ;
#2826 = ADVANCED_FACE ( 'E118', ( #610 ), #400, .T. ) ;
#2827 = ADVANCED_FACE ( 'E182', ( #580 ), #383, .F. ) ;
#2828 = EDGE_LOOP ( 'NONE', ( #2197 ) ) ;
#2829 = CARTESIAN_POINT ( 'NONE',  ( 2.313508505033567100, 21.12161792180515400, 19.31998102262319600 ) ) ;
#2830 = CARTESIAN_POINT ( 'NONE',  ( 2.405915589004343300, 21.23521381631770000, 19.18667069985800600 ) ) ;
#2831 = CARTESIAN_POINT ( 'NONE',  ( -4.295439472797030900, -5.602267428881377000, -19.36267989958138400 ) ) ;
#2832 = ORIENTED_EDGE ( 'NONE', *, *, #2383, .T. ) ;
#2833 = CARTESIAN_POINT ( 'NONE',  ( -4.504135254590067900, -5.602374019517631300, -19.36264905904642600 ) ) ;
#2834 = EDGE_LOOP ( 'NONE', ( #2189 ) ) ;
#2835 = ADVANCED_FACE ( 'E827', ( #591, #575 ), #564, .F. ) ;
#2836 = EDGE_LOOP ( 'NONE', ( #2202 ) ) ;
#2837 = ORIENTED_EDGE ( 'NONE', *, *, #2285, .F. ) ;
#2838 = ORIENTED_EDGE ( 'NONE', *, *, #2117, .F. ) ;
#2839 = ORIENTED_EDGE ( 'NONE', *, *, #2380, .T. ) ;
#2840 = CARTESIAN_POINT ( 'NONE',  ( 2.623484602750701700, 21.44480973350541900, 18.93247493220305300 ) ) ;
#2841 = EDGE_LOOP ( 'NONE', ( #2200 ) ) ;
#2842 = EDGE_LOOP ( 'NONE', ( #843, #1180, #1940, #1593, #103 ) ) ;
#2843 = CARTESIAN_POINT ( 'NONE',  ( 2.746701601481059000, 21.53935698754596100, 18.81344206366609800 ) ) ;
#2844 = ORIENTED_EDGE ( 'NONE', *, *, #2467, .T. ) ;
#2845 = EDGE_LOOP ( 'NONE', ( #2572 ) ) ;
#2846 = ADVANCED_FACE ( 'E1320', ( #571, #566 ), #364, .T. ) ;
#2847 = EDGE_CURVE ( 'E1176', #2759, #1945, #559, .T. ) ;
#2848 = CARTESIAN_POINT ( 'NONE',  ( 3.021409941020783300, 21.70927107263882000, 18.59188456515559900 ) ) ;
#2849 = CARTESIAN_POINT ( 'NONE',  ( 16.67567018865855400, -8.583349091616874200, -11.68816884246031200 ) ) ;
ENDSEC;
END-ISO-10303-21;
