ISO-10303-21;
HEADER;
FILE_DESCRIPTION (( 'STEP AP203' ),
    '1' );
FILE_NAME ('UCFL-212.STEP',
    '2019-03-08T12:12:08',
    ( '' ),
    ( '' ),
    'SwSTEP 2.0',
    'SolidWorks 2017',
    '' );
FILE_SCHEMA (( 'CONFIG_CONTROL_DESIGN' ));
ENDSEC;

DATA;
#1 = PERSON_AND_ORGANIZATION ( #1635, #2560 ) ;
#2 = VERTEX_POINT ( 'NONE', #265 ) ;
#3 = CARTESIAN_POINT ( 'NONE',  ( -11.00000000000000000, -101.0000000000000000, -24.00000000000000000 ) ) ;
#4 = LINE ( 'NONE', #2418, #457 ) ;
#5 = CARTESIAN_POINT ( 'NONE',  ( 7.562698362862330500, -27.44618205118439700, -47.05869452172095200 ) ) ;
#6 = CIRCLE ( 'NONE', #1268, 60.00000000000000000 ) ;
#7 = VERTEX_POINT ( 'NONE', #266 ) ;
#8 = CARTESIAN_POINT ( 'NONE',  ( -25.39999999999999900, 0.0000000000000000000, 0.0000000000000000000 ) ) ;
#9 = VERTEX_POINT ( 'NONE', #268 ) ;
#10 = VERTEX_POINT ( 'NONE', #270 ) ;
#11 = DIRECTION ( 'NONE',  ( 0.0000000000000000000, 0.0000000000000000000, 1.000000000000000000 ) ) ;
#12 = VERTEX_POINT ( 'NONE', #271 ) ;
#13 = VERTEX_POINT ( 'NONE', #273 ) ;
#14 = VECTOR ( 'NONE', #475, 1000.000000000000000 ) ;
#15 = LINE ( 'NONE', #484, #14 ) ;
#16 = CARTESIAN_POINT ( 'NONE',  ( 30.96519095633627200, 29.63263576687487300, 4.680911846444304900 ) ) ;
#17 = CARTESIAN_POINT ( 'NONE',  ( 31.01321006825933700, 37.11043921433575600, 5.032451330825084700 ) ) ;
#18 = CARTESIAN_POINT ( 'NONE',  ( 30.31511339027045100, 37.08634574701412100, 5.207036029350848400 ) ) ;
#19 = VERTEX_POINT ( 'NONE', #275 ) ;
#20 = VERTEX_POINT ( 'NONE', #277 ) ;
#21 = CARTESIAN_POINT ( 'NONE',  ( 4.772970773009189900, 0.0000000000000000000, 0.0000000000000000000 ) ) ;
#22 = FACE_OUTER_BOUND ( 'NONE', #1209, .T. ) ;
#23 = ADVANCED_FACE ( 'E1398', ( #1175, #1172 ), #1157, .F. ) ;
#24 = DIRECTION ( 'NONE',  ( 0.0000000000000000000, 0.0000000000000000000, 1.000000000000000000 ) ) ;
#25 = ADVANCED_FACE ( 'E676', ( #1169 ), #815, .T. ) ;
#26 = DIRECTION ( 'NONE',  ( 1.000000000000000000, -0.0000000000000000000, -0.0000000000000000000 ) ) ;
#27 = CARTESIAN_POINT ( 'NONE',  ( 29.24542634820589300, 37.07162285748778900, 5.310165910263954500 ) ) ;
#28 = FACE_BOUND ( 'NONE', #2429, .T. ) ;
#29 = CARTESIAN_POINT ( 'NONE',  ( 28.88006937965063200, 37.07282006397609600, 5.301900801044163300 ) ) ;
#30 = FACE_BOUND ( 'NONE', #2809, .T. ) ;
#31 = FACE_OUTER_BOUND ( 'NONE', #2601, .T. ) ;
#32 = CARTESIAN_POINT ( 'NONE',  ( 23.99333397575104200, 37.39026823659145300, 2.137864232477403100 ) ) ;
#33 = CARTESIAN_POINT ( 'NONE',  ( -12.80000000000000100, -101.0000000000000000, 24.00000000000000000 ) ) ;
#34 = FACE_BOUND ( 'NONE', #2407, .T. ) ;
#35 = CARTESIAN_POINT ( 'NONE',  ( 24.90437531346427500, 37.28958612994701100, 3.465193840062493100 ) ) ;
#36 = LINE ( 'NONE', #562, #169 ) ;
#37 = CARTESIAN_POINT ( 'NONE',  ( 32.08675134594815100, 37.44999999999999600, 1.767567020076690100E-016 ) ) ;
#38 = VERTEX_POINT ( 'NONE', #278 ) ;
#39 = VERTEX_POINT ( 'NONE', #281 ) ;
#40 = VERTEX_POINT ( 'NONE', #282 ) ;
#41 = VERTEX_POINT ( 'NONE', #284 ) ;
#42 = CARTESIAN_POINT ( 'NONE',  ( 27.75662432702595300, -16.55993649053889900, -33.68265137172724600 ) ) ;
#43 = VERTEX_POINT ( 'NONE', #286 ) ;
#44 = CARTESIAN_POINT ( 'NONE',  ( 29.96152707072972300, 37.07844099598428800, 5.262347060927679000 ) ) ;
#45 = ADVANCED_FACE ( 'E1083', ( #1163, #1150 ), #1138, .T. ) ;
#46 = VERTEX_POINT ( 'NONE', #287 ) ;
#47 = DIRECTION ( 'NONE',  ( -0.06162841671621905500, -0.7044160264027592400, 0.7071067811865470200 ) ) ;
#48 = CARTESIAN_POINT ( 'NONE',  ( -29.00000000000000000, 111.9306930693070000, -21.36632745758159800 ) ) ;
#49 = VERTEX_POINT ( 'NONE', #291 ) ;
#50 = EDGE_CURVE ( 'E1140', #2219, #1310, #1154, .T. ) ;
#51 = CARTESIAN_POINT ( 'NONE',  ( -11.00000000000000000, -64.01579490418531300, -24.00000000000000000 ) ) ;
#52 = VERTEX_POINT ( 'NONE', #294 ) ;
#53 = CARTESIAN_POINT ( 'NONE',  ( 30.64337567297405200, -15.62868649053890000, -32.06967905717869600 ) ) ;
#54 = CARTESIAN_POINT ( 'NONE',  ( 27.75662432702595300, 37.44999999999999600, -2.500000000000000000 ) ) ;
#55 = VERTEX_POINT ( 'NONE', #299 ) ;
#56 = VERTEX_POINT ( 'NONE', #301 ) ;
#57 = VERTEX_POINT ( 'NONE', #304 ) ;
#58 = B_SPLINE_CURVE_WITH_KNOTS ( 'NONE', 3,
 ( #727, #728, #606, #597 ),
 .UNSPECIFIED., .F., .F.,
 ( 4, 4 ),
 ( 0.1282070822693354400, 0.1284723768183057000 ),
 .UNSPECIFIED. ) ;
#59 = ADVANCED_BREP_SHAPE_REPRESENTATION ( 'UCFL-212', ( #726, #628 ), #700 ) ;
#60 = VERTEX_POINT ( 'NONE', #306 ) ;
#61 = CARTESIAN_POINT ( 'NONE',  ( -11.00000000000000000, -101.0000000000000000, 24.00000000000000000 ) ) ;
#62 = CARTESIAN_POINT ( 'NONE',  ( -12.80000000000000100, 0.0000000000000000000, 0.0000000000000000000 ) ) ;
#63 = VERTEX_POINT ( 'NONE', #307 ) ;
#64 = CARTESIAN_POINT ( 'NONE',  ( 30.64337567297405200, 35.58749999999999900, -2.500000000000000000 ) ) ;
#65 = VERTEX_POINT ( 'NONE', #309 ) ;
#66 = CALENDAR_DATE ( 2019, 8, 3 ) ;
#67 = VERTEX_POINT ( 'NONE', #312 ) ;
#68 = DIRECTION ( 'NONE',  ( 0.0000000000000000000, 0.0000000000000000000, 1.000000000000000000 ) ) ;
#69 = VERTEX_POINT ( 'NONE', #314 ) ;
#70 = VERTEX_POINT ( 'NONE', #315 ) ;
#71 = VERTEX_POINT ( 'NONE', #321 ) ;
#72 = VERTEX_POINT ( 'NONE', #324 ) ;
#73 = CARTESIAN_POINT ( 'NONE',  ( -29.00000000000000000, 31.88118811881184600, -62.31845508461299900 ) ) ;
#74 = VERTEX_POINT ( 'NONE', #328 ) ;
#75 = VERTEX_POINT ( 'NONE', #331 ) ;
#76 = DIRECTION ( 'NONE',  ( -1.000000000000000000, 0.0000000000000000000, 0.0000000000000000000 ) ) ;
#77 = DIRECTION ( 'NONE',  ( -0.0000000000000000000, -1.000000000000000000, -0.0000000000000000000 ) ) ;
#78 = VERTEX_POINT ( 'NONE', #338 ) ;
#79 = CARTESIAN_POINT ( 'NONE',  ( 29.19999999999999900, 30.67659999999999700, 0.0000000000000000000 ) ) ;
#80 = VERTEX_POINT ( 'NONE', #341 ) ;
#81 = CARTESIAN_POINT ( 'NONE',  ( 8.114236064453908900, 47.02593340261519500, 47.20556482853740500 ) ) ;
#82 = VERTEX_POINT ( 'NONE', #345 ) ;
#83 = DIRECTION ( 'NONE',  ( 0.0000000000000000000, 0.0000000000000000000, 1.000000000000000000 ) ) ;
#84 = VERTEX_POINT ( 'NONE', #347 ) ;
#85 = VERTEX_POINT ( 'NONE', #351 ) ;
#86 = DIRECTION ( 'NONE',  ( 0.06162841671621927000, 0.7044160264027586900, 0.7071067811865476800 ) ) ;
#87 = VERTEX_POINT ( 'NONE', #353 ) ;
#88 = VERTEX_POINT ( 'NONE', #359 ) ;
#89 = CARTESIAN_POINT ( 'NONE',  ( 27.75662432702595300, -20.89006350946110000, -31.18265137172725000 ) ) ;
#90 = VERTEX_POINT ( 'NONE', #362 ) ;
#91 = CARTESIAN_POINT ( 'NONE',  ( -12.80000000000000100, 65.75712889109439600, -24.00000000000000000 ) ) ;
#92 = VERTEX_POINT ( 'NONE', #365 ) ;
#93 = VERTEX_POINT ( 'NONE', #368 ) ;
#94 = CARTESIAN_POINT ( 'NONE',  ( -11.26478424911356100, 64.03224213744799400, 24.00000000000000000 ) ) ;
#95 = CARTESIAN_POINT ( 'NONE',  ( -29.00000000000000000, 111.9306930693070000, 21.36632745758159800 ) ) ;
#96 = VERTEX_POINT ( 'NONE', #371 ) ;
#97 = CARTESIAN_POINT ( 'NONE',  ( -29.00000000000000000, -31.88118811881184600, 62.31845508461299900 ) ) ;
#98 = CARTESIAN_POINT ( 'NONE',  ( 30.64337567297405200, -16.55993649053889900, -33.68265137172724600 ) ) ;
#99 = VERTEX_POINT ( 'NONE', #373 ) ;
#100 = CARTESIAN_POINT ( 'NONE',  ( -12.80000000000000100, -65.75712889109439600, 24.00000000000000000 ) ) ;
#101 = VERTEX_POINT ( 'NONE', #376 ) ;
#102 = CARTESIAN_POINT ( 'NONE',  ( 27.12854146195522600, 37.12229449416793900, 4.944547314420886700 ) ) ;
#103 = DIRECTION ( 'NONE',  ( 0.0000000000000000000, 0.0000000000000000000, -1.000000000000000000 ) ) ;
#104 = VERTEX_POINT ( 'NONE', #382 ) ;
#105 = VERTEX_POINT ( 'NONE', #385 ) ;
#106 = DIRECTION ( 'NONE',  ( 1.000000000000000000, 0.0000000000000000000, 0.0000000000000000000 ) ) ;
#107 = VERTEX_POINT ( 'NONE', #388 ) ;
#108 = VERTEX_POINT ( 'NONE', #395 ) ;
#109 = CARTESIAN_POINT ( 'NONE',  ( 26.31324865405184700, 35.58749999999999900, -5.302701060230069700E-016 ) ) ;
#110 = DIRECTION ( 'NONE',  ( -1.000000000000000000, 0.0000000000000000000, 0.0000000000000000000 ) ) ;
#111 = VERTEX_POINT ( 'NONE', #396 ) ;
#112 = CARTESIAN_POINT ( 'NONE',  ( 30.64337567297405200, -20.89006350946110000, -31.18265137172725000 ) ) ;
#113 = VERTEX_POINT ( 'NONE', #398 ) ;
#114 = ADVANCED_FACE ( 'E1368', ( #1171, #1139 ), #1143, .T. ) ;
#115 = DIRECTION ( 'NONE',  ( 0.4999999999999998900, 0.0000000000000000000, 0.8660254037844387100 ) ) ;
#116 = VERTEX_POINT ( 'NONE', #400 ) ;
#117 = VERTEX_POINT ( 'NONE', #401 ) ;
#118 = PLANE ( 'NONE',  #1711 ) ;
#119 = VERTEX_POINT ( 'NONE', #408 ) ;
#120 = VERTEX_POINT ( 'NONE', #411 ) ;
#121 = CARTESIAN_POINT ( 'NONE',  ( 26.15392902136777300, 37.18113883304188500, 4.482459047555623900 ) ) ;
#122 = CARTESIAN_POINT ( 'NONE',  ( 25.85258851372869400, 37.20399122717194700, 4.291256653766131600 ) ) ;
#123 = VERTEX_POINT ( 'NONE', #412 ) ;
#124 = CARTESIAN_POINT ( 'NONE',  ( -12.80000000000000100, 65.75712889109439600, 24.00000000000000000 ) ) ;
#125 = VERTEX_POINT ( 'NONE', #418 ) ;
#126 = CARTESIAN_POINT ( 'NONE',  ( -12.80000000000000100, 111.9306930693070000, -21.36632745758159800 ) ) ;
#127 = VERTEX_POINT ( 'NONE', #419 ) ;
#128 = CARTESIAN_POINT ( 'NONE',  ( 23.71497597692566800, 37.42517328163212700, -1.374644364822523700 ) ) ;
#129 = CARTESIAN_POINT ( 'NONE',  ( 8.437826058974179600, -27.72507097566477800, -46.74539067745414700 ) ) ;
#130 = EDGE_CURVE ( 'E1155', #1667, #1310, #1133, .T. ) ;
#131 = VERTEX_POINT ( 'NONE', #435 ) ;
#132 = CARTESIAN_POINT ( 'NONE',  ( 34.85521497692530300, 37.44718367256180600, 0.4923619075666133000 ) ) ;
#133 = VERTEX_POINT ( 'NONE', #422 ) ;
#134 = CARTESIAN_POINT ( 'NONE',  ( 26.79002926063743200, 37.14035452088233300, 4.808699418566823700 ) ) ;
#135 = CARTESIAN_POINT ( 'NONE',  ( 30.64337567297405200, 37.44999999999999600, -2.500000000000000000 ) ) ;
#136 = VERTEX_POINT ( 'NONE', #425 ) ;
#137 = CARTESIAN_POINT ( 'NONE',  ( -11.00000000000000000, -64.01579490418531300, 24.00000000000000000 ) ) ;
#138 = CARTESIAN_POINT ( 'NONE',  ( -11.00000000000000000, 64.01579490418531300, -24.00000000000000000 ) ) ;
#139 = VERTEX_POINT ( 'NONE', #263 ) ;
#140 = CARTESIAN_POINT ( 'NONE',  ( 25.42688104634275700, 37.24020800244392100, 3.960018265072330600 ) ) ;
#141 = CARTESIAN_POINT ( 'NONE',  ( 8.594661547443674700, -27.64120722009325700, -46.76647811302158400 ) ) ;
#142 = CARTESIAN_POINT ( 'NONE',  ( 33.37119835291958500, 37.27723865618485600, -3.595180663127202100 ) ) ;
#143 = SHAPE_DEFINITION_REPRESENTATION ( #2030, #59 ) ;
#144 = CARTESIAN_POINT ( 'NONE',  ( 34.80661838954939200, 37.44083679227727400, 0.8471868440070652300 ) ) ;
#145 = FACE_OUTER_BOUND ( 'NONE', #2414, .T. ) ;
#146 = FACE_OUTER_BOUND ( 'NONE', #2815, .T. ) ;
#147 = CARTESIAN_POINT ( 'NONE',  ( 25.28888621617826600, 37.25265566766928800, 3.841558716384718700 ) ) ;
#148 = LINE ( 'NONE', #439, #154 ) ;
#149 = CARTESIAN_POINT ( 'NONE',  ( 25.02797873244133300, 37.27731796223499600, 3.594369653749724500 ) ) ;
#150 = B_SPLINE_CURVE_WITH_KNOTS ( 'NONE', 3,
 ( #702, #502, #681, #658, #2968, #2963, #16, #2965, #2954, #2223, #2238, #2266, #2274, #2286, #2373, #2548, #2397, #2403, #2405, #2409, #2416, #2585, #2592, #2595, #2602, #2609, #2745, #2752, #2753, #2759, #2769, #553, #569, #570, #578, #485, #743, #749, #757, #763, #776, #1026, #1092, #1035, #1109, #1125, #1812, #1817, #1820, #1822, #1828, #1829, #1833, #1840, #1841, #1847, #1850, #1851, #1854, #1856, #1858, #1859, #1862, #1863, #1867, #1868, #1870, #1872, #1873, #1884, #1885, #1890 ),
 .UNSPECIFIED., .T., .F.,
 ( 4, 2, 2, 2, 2, 2, 2, 2, 2, 2, 2, 2, 2, 2, 2, 2, 2, 2, 2, 2, 2, 2, 2, 2, 2, 2, 2, 2, 2, 2, 2, 2, 2, 2, 2, 4 ),
 ( 0.0000000000000000000, 0.0009786022647422425300, 0.001467903397113358700, 0.001957204529484474600, 0.002935806794226707800, 0.003914409058968940600, 0.004893011323711173400, 0.005871613588453406100, 0.006850215853195639800, 0.007828818117937872600, 0.008807420382680106200, 0.009786022647422339800, 0.01027532377979345800, 0.01076462491216457500, 0.01174322717690681100, 0.01272182944164904600, 0.01370043170639128300, 0.01467903397113351700, 0.01565763623587575200, 0.01663623850061798600, 0.01761484076536022300, 0.01859344303010246000, 0.01957204529484469400, 0.02055064755958693100, 0.02152924982432916400, 0.02201855095670028600, 0.02250785208907140100, 0.02348645435381363800, 0.02446505661855587200, 0.02544365888329810200, 0.02642226114804033600, 0.02740086341278257000, 0.02837946567752480300, 0.02935806794226703700, 0.03033667020700927700, 0.03131527247175151100 ),
 .UNSPECIFIED. ) ;
#151 = CARTESIAN_POINT ( 'NONE',  ( 23.69288085103911400, 37.42798233532541700, 1.295304873546250500 ) ) ;
#152 = DIRECTION ( 'NONE',  ( -3.250679235367195500E-017, 0.0000000000000000000, 1.000000000000000000 ) ) ;
#153 = FACE_OUTER_BOUND ( 'NONE', #2828, .T. ) ;
#154 = VECTOR ( 'NONE', #438, 1000.000000000000000 ) ;
#155 = VERTEX_POINT ( 'NONE', #424 ) ;
#156 = FACE_BOUND ( 'NONE', #1191, .T. ) ;
#157 = DIRECTION ( 'NONE',  ( -2.788707538407394600E-017, -0.8902636440658998600, 0.4554455445544559100 ) ) ;
#158 = SPHERICAL_SURFACE ( 'NONE', #710, 55.00000000000000000 ) ;
#159 = PLANE ( 'NONE',  #1773 ) ;
#160 = VECTOR ( 'NONE', #459, 1000.000000000000000 ) ;
#161 = LINE ( 'NONE', #465, #160 ) ;
#162 = CARTESIAN_POINT ( 'NONE',  ( 0.0000000000000000000, 0.0000000000000000000, 0.0000000000000000000 ) ) ;
#163 = FACE_OUTER_BOUND ( 'NONE', #2735, .T. ) ;
#164 = EDGE_CURVE ( 'E1161', #1310, #1402, #1158, .T. ) ;
#165 = TOROIDAL_SURFACE ( 'NONE', #716, 70.00000000000000000, 1.619999999999999900 ) ;
#166 = CONICAL_SURFACE ( 'NONE', #783, 5.000000000000000000, 0.7853981633974482800 ) ;
#167 = CARTESIAN_POINT ( 'NONE',  ( -11.00000000000000000, 0.0000000000000000000, -24.00000000000000000 ) ) ;
#168 = FACE_BOUND ( 'NONE', #2433, .T. ) ;
#169 = VECTOR ( 'NONE', #555, 1000.000000000000100 ) ;
#170 = CARTESIAN_POINT ( 'NONE',  ( 24.55403268215867400, 37.32567904985182100, 3.060946232004766000 ) ) ;
#171 = VECTOR ( 'NONE', #602, 1000.000000000000000 ) ;
#172 = DIRECTION ( 'NONE',  ( -1.000000000000000000, 0.0000000000000000000, 0.0000000000000000000 ) ) ;
#173 = CARTESIAN_POINT ( 'NONE',  ( 24.34752622559223700, 37.34880642568357000, 2.769346648143447900 ) ) ;
#174 = CARTESIAN_POINT ( 'NONE',  ( 23.64909318279510200, 37.43361911010573800, 1.121589205462139700 ) ) ;
#175 = FACE_OUTER_BOUND ( 'NONE', #2462, .T. ) ;
#176 = EDGE_CURVE ( 'E1176', #1334, #1402, #1128, .T. ) ;
#177 = CIRCLE ( 'NONE', #793, 4.323399999999999500 ) ;
#178 = CARTESIAN_POINT ( 'NONE',  ( 8.350517984360228900, -47.40769325013707900, 26.60427405907698200 ) ) ;
#179 = FACE_OUTER_BOUND ( 'NONE', #2394, .T. ) ;
#180 = LINE ( 'NONE', #655, #171 ) ;
#181 = ADVANCED_FACE ( 'E1346', ( #1136, #1121 ), #1113, .T. ) ;
#182 = ADVANCED_FACE ( 'E639', ( #1103, #1111 ), #1104, .T. ) ;
#183 = LINE ( 'NONE', #645, #187 ) ;
#184 = CARTESIAN_POINT ( 'NONE',  ( 7.604932349658392700, -27.51131311776030200, -47.01374963229540100 ) ) ;
#185 = FACE_OUTER_BOUND ( 'NONE', #2858, .T. ) ;
#186 = CARTESIAN_POINT ( 'NONE',  ( 7.836721203283566700, -27.73346690671915100, -46.84519154865963500 ) ) ;
#187 = VECTOR ( 'NONE', #642, 1000.000000000000000 ) ;
#188 = CARTESIAN_POINT ( 'NONE',  ( 23.58020843138207200, 37.44254534478174900, 0.7678542376298572700 ) ) ;
#189 = FACE_BOUND ( 'NONE', #1593, .T. ) ;
#190 = CARTESIAN_POINT ( 'NONE',  ( 8.352573292810323100, -27.75355334216782000, -46.74379853041116200 ) ) ;
#191 = APPROVAL_ROLE ( '' ) ;
#192 = CIRCLE ( 'NONE', #804, 4.323399999999999500 ) ;
#193 = FACE_OUTER_BOUND ( 'NONE', #2532, .T. ) ;
#194 = CARTESIAN_POINT ( 'NONE',  ( 23.51047427182119200, 37.45169331314750100, 0.04795216540135343500 ) ) ;
#195 = CYLINDRICAL_SURFACE ( 'NONE', #826, 11.49999999999999600 ) ;
#196 = APPROVAL_STATUS ( 'not_yet_approved' ) ;
#197 = CARTESIAN_POINT ( 'NONE',  ( 8.663862671079591800, -27.58710915803655400, -46.78564763467024800 ) ) ;
#198 = CARTESIAN_POINT ( 'NONE',  ( -29.00000000000000000, 111.9306930693070000, 21.36632745758159800 ) ) ;
#199 = VECTOR ( 'NONE', #733, 1000.000000000000000 ) ;
#200 = DATE_TIME_ROLE ( 'classification_date' ) ;
#201 = PERSON_AND_ORGANIZATION_ROLE ( 'classification_officer' ) ;
#202 = EDGE_CURVE ( 'E1182', #1402, #1787, #1096, .T. ) ;
#203 = FACE_OUTER_BOUND ( 'NONE', #2617, .T. ) ;
#204 = SECURITY_CLASSIFICATION_LEVEL ( 'unclassified' ) ;
#205 = FACE_OUTER_BOUND ( 'NONE', #2396, .T. ) ;
#206 = CARTESIAN_POINT ( 'NONE',  ( -13.50000000000000000, 0.0000000000000000000, 0.0000000000000000000 ) ) ;
#207 = CARTESIAN_POINT ( 'NONE',  ( 8.480685836141267600, -26.63223827402344700, -47.36887030061894400 ) ) ;
#208 = PERSON_AND_ORGANIZATION_ROLE ( 'design_supplier' ) ;
#209 = PERSON_AND_ORGANIZATION_ROLE ( 'creator' ) ;
#210 = CARTESIAN_POINT ( 'NONE',  ( -11.26478424911356100, -64.03224213744799400, 24.00000000000000000 ) ) ;
#211 = FACE_OUTER_BOUND ( 'NONE', #2426, .T. ) ;
#212 = DIRECTION ( 'NONE',  ( 1.000000000000000000, 0.0000000000000000000, 1.224606353822375800E-016 ) ) ;
#213 = LINE ( 'NONE', #676, #199 ) ;
#214 = CARTESIAN_POINT ( 'NONE',  ( -11.37098541192507300, -64.03818601038550200, 24.00000000000000000 ) ) ;
#215 = APPROVAL_ROLE ( '' ) ;
#216 = VECTOR ( 'NONE', #789, 1000.000000000000100 ) ;
#217 = CARTESIAN_POINT ( 'NONE',  ( 33.11091776816731200, 37.25263866523822300, -3.841712939286730400 ) ) ;
#218 = APPROVAL_STATUS ( 'not_yet_approved' ) ;
#219 = FACE_OUTER_BOUND ( 'NONE', #2580, .T. ) ;
#220 = CARTESIAN_POINT ( 'NONE',  ( 34.86992687762243300, 37.44912187333910200, 0.3135111894805353600 ) ) ;
#221 = CARTESIAN_POINT ( 'NONE',  ( 34.87967416871477200, 37.45040448175461700, -0.04714343125658231000 ) ) ;
#222 = CONICAL_SURFACE ( 'NONE', #843, 5.000000000000002700, 0.7853981633974469500 ) ;
#223 = DATE_TIME_ROLE ( 'creation_date' ) ;
#224 = PERSON_AND_ORGANIZATION_ROLE ( 'creator' ) ;
#225 = CARTESIAN_POINT ( 'NONE',  ( 34.87453549640338900, 37.44972580851347700, -0.2296307694869601500 ) ) ;
#226 = LINE ( 'NONE', #886, #229 ) ;
#227 = LINE ( 'NONE', #847, #235 ) ;
#228 = APPROVAL_ROLE ( '' ) ;
#229 = VECTOR ( 'NONE', #866, 1000.000000000000100 ) ;
#230 = LINE ( 'NONE', #801, #216 ) ;
#231 = APPROVAL_STATUS ( 'not_yet_approved' ) ;
#232 = CYLINDRICAL_SURFACE ( 'NONE', #842, 70.00000000000000000 ) ;
#233 = FACE_BOUND ( 'NONE', #2528, .T. ) ;
#234 = APPLICATION_PROTOCOL_DEFINITION ( 'international standard', 'config_control_design', 1994, #237 ) ;
#235 = VECTOR ( 'NONE', #812, 1000.000000000000000 ) ;
#236 = B_SPLINE_CURVE_WITH_KNOTS ( 'NONE', 3,
 ( #2951, #2914, #2907, #2905, #2903, #2902, #2900, #2896, #2895, #2893, #2891, #2887, #2886, #2883, #2880, #2878 ),
 .UNSPECIFIED., .F., .F.,
 ( 4, 2, 2, 2, 2, 2, 2, 4 ),
 ( 0.001736996092446101800, 0.002370344989684670500, 0.002687019438303955300, 0.003003693886923239700, 0.003320368335542524100, 0.003637042784161808500, 0.003953717232781092800, 0.004270391681400377200 ),
 .UNSPECIFIED. ) ;
#237 = APPLICATION_CONTEXT ( 'configuration controlled 3d designs of mechanical parts and assemblies' ) ;
#238 = FACE_OUTER_BOUND ( 'NONE', #2379, .T. ) ;
#239 = PERSON_AND_ORGANIZATION_ROLE ( 'design_owner' ) ;
#240 = CONICAL_SURFACE ( 'NONE', #913, 36.35000000000000100, 0.7853981633974497200 ) ;
#241 = MECHANICAL_CONTEXT ( 'NONE', #245, 'mechanical' ) ;
#242 = DIRECTION ( 'NONE',  ( 1.000000000000000000, 0.0000000000000000000, 0.0000000000000000000 ) ) ;
#243 = EDGE_CURVE ( 'E1197', #1379, #1787, #1100, .T. ) ;
#244 = FACE_BOUND ( 'NONE', #2328, .T. ) ;
#245 = APPLICATION_CONTEXT ( 'configuration controlled 3d designs of mechanical parts and assemblies' ) ;
#246 = EDGE_CURVE ( 'E168', #1303, #1343, #1107, .T. ) ;
#247 = LINE ( 'NONE', #917, #250 ) ;
#248 = APPLICATION_PROTOCOL_DEFINITION ( 'international standard', 'config_control_design', 1994, #245 ) ;
#249 = ADVANCED_FACE ( 'E1389', ( #1091, #1083 ), #1063, .T. ) ;
#250 = VECTOR ( 'NONE', #921, 1000.000000000000000 ) ;
#251 = FACE_BOUND ( 'NONE', #2317, .T. ) ;
#252 = CARTESIAN_POINT ( 'NONE',  ( 24.72111898234798500, 37.30779759626324200, -3.271030146402009300 ) ) ;
#253 =( NAMED_UNIT ( * ) SI_UNIT ( $, .STERADIAN. ) SOLID_ANGLE_UNIT ( ) );
#254 = FACE_BOUND ( 'NONE', #2372, .T. ) ;
#255 =( NAMED_UNIT ( * ) PLANE_ANGLE_UNIT ( ) SI_UNIT ( $, .RADIAN. ) );
#256 =( LENGTH_UNIT ( ) NAMED_UNIT ( * ) SI_UNIT ( .MILLI., .METRE. ) );
#257 = FACE_OUTER_BOUND ( 'NONE', #2728, .T. ) ;
#258 = FACE_OUTER_BOUND ( 'NONE', #2292, .T. ) ;
#259 = DIRECTION ( 'NONE',  ( 0.0000000000000000000, 0.0000000000000000000, 1.000000000000000000 ) ) ;
#260 = VECTOR ( 'NONE', #971, 1000.000000000000000 ) ;
#261 = CYLINDRICAL_SURFACE ( 'NONE', #880, 60.00000000000000000 ) ;
#262 = LINE ( 'NONE', #1017, #260 ) ;
#263 = CARTESIAN_POINT ( 'NONE',  ( 29.19999999999999900, 37.44999999999999600, -4.323399999999999500 ) ) ;
#264 = FACE_BOUND ( 'NONE', #2283, .T. ) ;
#265 = CARTESIAN_POINT ( 'NONE',  ( 29.19999999999999900, 30.00000000000000000, -4.323399999999999500 ) ) ;
#266 = CARTESIAN_POINT ( 'NONE',  ( 29.19999999999999900, -14.05657298107780300, -34.34669858352670200 ) ) ;
#267 = FACE_OUTER_BOUND ( 'NONE', #2324, .T. ) ;
#268 = CARTESIAN_POINT ( 'NONE',  ( 29.19999999999999900, -22.46917423072164200, -30.27095137172724600 ) ) ;
#269 = FACE_OUTER_BOUND ( 'NONE', #2313, .T. ) ;
#270 = CARTESIAN_POINT ( 'NONE',  ( 29.19999999999999900, -11.00817298107780400, -29.06671490173370000 ) ) ;
#271 = CARTESIAN_POINT ( 'NONE',  ( 29.19999999999999900, -18.74417423072164400, -23.81906211353315000 ) ) ;
#272 = VECTOR ( 'NONE', #1023, 1000.000000000000000 ) ;
#273 = CARTESIAN_POINT ( 'NONE',  ( -29.00000000000000000, 101.0000000000000000, -11.50000000000000000 ) ) ;
#274 = FACE_OUTER_BOUND ( 'NONE', #2508, .T. ) ;
#275 = CARTESIAN_POINT ( 'NONE',  ( -13.50000000000000000, 60.50000000000000000, 0.0000000000000000000 ) ) ;
#276 = LINE ( 'NONE', #1033, #272 ) ;
#277 = CARTESIAN_POINT ( 'NONE',  ( -20.00000000000000000, 0.0000000000000000000, -60.50000000000000000 ) ) ;
#278 = CARTESIAN_POINT ( 'NONE',  ( -20.00000000000000000, -63.00000000000000000, 0.0000000000000000000 ) ) ;
#279 = FACE_OUTER_BOUND ( 'NONE', #2511, .T. ) ;
#280 = FACE_OUTER_BOUND ( 'NONE', #2261, .T. ) ;
#281 = CARTESIAN_POINT ( 'NONE',  ( 7.962707194852906200, 45.29395049769740900, 48.94416362677982600 ) ) ;
#282 = CARTESIAN_POINT ( 'NONE',  ( 4.918982666123339300, 38.66507675326310100, 38.80483796100774900 ) ) ;
#283 = TOROIDAL_SURFACE ( 'NONE', #892, 31.09999999999999800, 1.100000000000000100 ) ;
#284 = CARTESIAN_POINT ( 'NONE',  ( 7.962707194852902700, 45.29395049769741600, 49.70960671741433900 ) ) ;
#285 = LINE ( 'NONE', #1075, #308 ) ;
#286 = CARTESIAN_POINT ( 'NONE',  ( -11.00000000000000000, 101.0000000000000000, -11.50000000000000000 ) ) ;
#287 = CARTESIAN_POINT ( 'NONE',  ( 19.00000000000000400, 0.0000000000000000000, -60.00000000000000000 ) ) ;
#288 = PERSON_AND_ORGANIZATION ( #1635, #2560 ) ;
#289 = FACE_OUTER_BOUND ( 'NONE', #2265, .T. ) ;
#290 = EDGE_CURVE ( 'E1203', #1787, #1247, #1077, .T. ) ;
#291 = CARTESIAN_POINT ( 'NONE',  ( 13.50000000000000000, 0.0000000000000000000, 53.31744555021369800 ) ) ;
#292 = CYLINDRICAL_SURFACE ( 'NONE', #920, 37.44999999999999600 ) ;
#293 = FACE_BOUND ( 'NONE', #2205, .T. ) ;
#294 = CARTESIAN_POINT ( 'NONE',  ( 19.00000000000000000, 0.0000000000000000000, 65.09343261879929800 ) ) ;
#295 = FACE_OUTER_BOUND ( 'NONE', #2777, .T. ) ;
#296 = EDGE_CURVE ( 'E1218', #1344, #1247, #1065, .T. ) ;
#297 = FACE_OUTER_BOUND ( 'NONE', #2159, .T. ) ;
#298 = FACE_OUTER_BOUND ( 'NONE', #2199, .T. ) ;
#299 = CARTESIAN_POINT ( 'NONE',  ( -29.00000000000000000, -101.0000000000000000, -11.50000000000000000 ) ) ;
#300 = VECTOR ( 'NONE', #1127, 1000.000000000000000 ) ;
#301 = CARTESIAN_POINT ( 'NONE',  ( -24.29999999999999700, 0.0000000000000000000, 37.44999999999999600 ) ) ;
#302 = CARTESIAN_POINT ( 'NONE',  ( 7.597887998601636100, -40.87479916789089200, 23.19234442518944300 ) ) ;
#303 = LINE ( 'NONE', #1134, #300 ) ;
#304 = CARTESIAN_POINT ( 'NONE',  ( 17.46478424911359900, 0.0000000000000000000, 66.71121246510169600 ) ) ;
#305 = SPHERICAL_SURFACE ( 'NONE', #947, 55.00000000000000000 ) ;
#306 = CARTESIAN_POINT ( 'NONE',  ( -28.99999999999999600, 0.0000000000000000000, -63.00000000000000000 ) ) ;
#307 = CARTESIAN_POINT ( 'NONE',  ( 38.60000000000000100, 0.0000000000000000000, 30.00000000000000000 ) ) ;
#308 = VECTOR ( 'NONE', #1079, 1000.000000000000100 ) ;
#309 = CARTESIAN_POINT ( 'NONE',  ( -13.49999999999999500, 0.0000000000000000000, -37.44999999999999600 ) ) ;
#310 = COORDINATED_UNIVERSAL_TIME_OFFSET ( 3, 0, .BEHIND. ) ;
#311 = VECTOR ( 'NONE', #1313, 1000.000000000000000 ) ;
#312 = CARTESIAN_POINT ( 'NONE',  ( 7.604932349658390900, -27.51131311776030200, -47.01374963229540100 ) ) ;
#313 = FACE_OUTER_BOUND ( 'NONE', #2141, .T. ) ;
#314 = CARTESIAN_POINT ( 'NONE',  ( 4.772970773009189900, 0.0000000000000000000, 37.44999999999999600 ) ) ;
#315 = CARTESIAN_POINT ( 'NONE',  ( 29.19999999999999900, 30.67659999999999700, 5.000000000000000000 ) ) ;
#316 = FACE_OUTER_BOUND ( 'NONE', #2173, .T. ) ;
#317 = FACE_OUTER_BOUND ( 'NONE', #2607, .T. ) ;
#318 = FACE_OUTER_BOUND ( 'NONE', #2731, .T. ) ;
#319 = LINE ( 'NONE', #1275, #332 ) ;
#320 = CIRCLE ( 'NONE', #1006, 5.000000000000002700 ) ;
#321 = CARTESIAN_POINT ( 'NONE',  ( -13.31096139751324300, 0.0000000000000000000, 53.36495391803409700 ) ) ;
#322 = LINE ( 'NONE', #1304, #327 ) ;
#323 = FACE_OUTER_BOUND ( 'NONE', #2108, .T. ) ;
#324 = CARTESIAN_POINT ( 'NONE',  ( 5.157624572350259800, 47.58438239276310400, 47.77166528788230000 ) ) ;
#325 = CYLINDRICAL_SURFACE ( 'NONE', #998, 24.00000000000000000 ) ;
#326 = EDGE_CURVE ( 'E1239', #1306, #2729, #1076, .T. ) ;
#327 = VECTOR ( 'NONE', #1298, 1000.000000000000000 ) ;
#328 = CARTESIAN_POINT ( 'NONE',  ( -13.50000000000000000, 0.0000000000000000000, -53.31744555021369800 ) ) ;
#329 = LINE ( 'NONE', #1197, #311 ) ;
#330 = CARTESIAN_POINT ( 'NONE',  ( 23.52004210814695300, 37.45041563774228900, -0.3100456722649416200 ) ) ;
#331 = CARTESIAN_POINT ( 'NONE',  ( -7.524999999999999500, -12.16344471463436100, -45.39459367007059900 ) ) ;
#332 = VECTOR ( 'NONE', #1235, 1000.000000000000100 ) ;
#333 = CYLINDRICAL_SURFACE ( 'NONE', #1003, 3.000000000000000000 ) ;
#334 = CARTESIAN_POINT ( 'NONE',  ( 24.11333960281567800, 37.37583669104522200, -2.375582219374727800 ) ) ;
#335 = FACE_OUTER_BOUND ( 'NONE', #2706, .T. ) ;
#336 = LINE ( 'NONE', #1383, #346 ) ;
#337 = FACE_OUTER_BOUND ( 'NONE', #2573, .T. ) ;
#338 = CARTESIAN_POINT ( 'NONE',  ( 8.002126027317370200, -47.44392203213659800, 26.64658029187749800 ) ) ;
#339 = EDGE_CURVE ( 'E113', #1655, #1757, #1061, .T. ) ;
#340 = FACE_OUTER_BOUND ( 'NONE', #2576, .T. ) ;
#341 = CARTESIAN_POINT ( 'NONE',  ( 8.875000000000000000, -40.69967925362044500, 23.49797077300919700 ) ) ;
#342 = FACE_OUTER_BOUND ( 'NONE', #2388, .T. ) ;
#343 = CYLINDRICAL_SURFACE ( 'NONE', #1013, 60.50000000000000000 ) ;
#344 = CALENDAR_DATE ( 2019, 8, 3 ) ;
#345 = CARTESIAN_POINT ( 'NONE',  ( 29.19999999999999900, 36.77339999999999500, 5.000000000000000000 ) ) ;
#346 = VECTOR ( 'NONE', #1384, 1000.000000000000100 ) ;
#347 = CARTESIAN_POINT ( 'NONE',  ( 13.25000000000000000, -46.99594154601839300, 0.0000000000000000000 ) ) ;
#348 = VECTOR ( 'NONE', #1427, 1000.000000000000100 ) ;
#349 = FACE_OUTER_BOUND ( 'NONE', #2534, .T. ) ;
#350 = ADVANCED_FACE ( 'E1311', ( #1056, #1051 ), #1032, .F. ) ;
#351 = CARTESIAN_POINT ( 'NONE',  ( 13.50000000000000000, -60.00000000000000000, 0.0000000000000000000 ) ) ;
#352 = FACE_OUTER_BOUND ( 'NONE', #2535, .T. ) ;
#353 = CARTESIAN_POINT ( 'NONE',  ( 4.772970773009210400, 0.0000000000000000000, 46.99594154601839300 ) ) ;
#354 = EDGE_CURVE ( 'E1245', #2729, #2219, #1048, .T. ) ;
#355 = FACE_BOUND ( 'NONE', #2107, .T. ) ;
#356 = LINE ( 'NONE', #1487, #372 ) ;
#357 = CARTESIAN_POINT ( 'NONE',  ( 23.62744971073016500, 37.43640406757248200, -1.024154665747029300 ) ) ;
#358 = LINE ( 'NONE', #1429, #348 ) ;
#359 = CARTESIAN_POINT ( 'NONE',  ( -11.00000000000000000, -101.0000000000000000, -11.50000000000000000 ) ) ;
#360 = DATE_AND_TIME ( #1768, #1887 ) ;
#361 = FACE_OUTER_BOUND ( 'NONE', #2490, .T. ) ;
#362 = CARTESIAN_POINT ( 'NONE',  ( 13.31096139751325000, 0.0000000000000000000, -53.36495391803409700 ) ) ;
#363 = DATE_AND_TIME ( #1782, #767 ) ;
#364 = FACE_OUTER_BOUND ( 'NONE', #2449, .T. ) ;
#365 = CARTESIAN_POINT ( 'NONE',  ( 8.875000000000000000, -23.49797077300919700, -40.69967925362044500 ) ) ;
#366 = CONICAL_SURFACE ( 'NONE', #1135, 5.000000000000000000, 0.7853981633974482800 ) ;
#367 = CARTESIAN_POINT ( 'NONE',  ( 24.97168465558480600, 37.28303937331314400, -3.532346999263380900 ) ) ;
#368 = CARTESIAN_POINT ( 'NONE',  ( 13.25000000000000000, 0.0000000000000000000, 37.44999999999999600 ) ) ;
#369 = VECTOR ( 'NONE', #1622, 1000.000000000000100 ) ;
#370 = LINE ( 'NONE', #1567, #369 ) ;
#371 = CARTESIAN_POINT ( 'NONE',  ( -7.524999999999999500, 46.99594154601839300, 0.0000000000000000000 ) ) ;
#372 = VECTOR ( 'NONE', #1483, 1000.000000000000000 ) ;
#373 = CARTESIAN_POINT ( 'NONE',  ( -13.25000000000000000, -46.99594154601839300, -1.622603418814650100E-015 ) ) ;
#374 = FACE_OUTER_BOUND ( 'NONE', #2473, .T. ) ;
#375 = FACE_BOUND ( 'NONE', #2483, .T. ) ;
#376 = CARTESIAN_POINT ( 'NONE',  ( -8.579237420767349000, -14.59942428353334000, -52.32832403075300200 ) ) ;
#377 = EDGE_CURVE ( 'NONE', #155, #155, #666, .T. ) ;
#378 = VECTOR ( 'NONE', #1723, 1000.000000000000100 ) ;
#379 = FACE_OUTER_BOUND ( 'NONE', #2422, .T. ) ;
#380 = FACE_OUTER_BOUND ( 'NONE', #2459, .T. ) ;
#381 = CARTESIAN_POINT ( 'NONE',  ( 23.95326831449151300, 37.39531950292017400, -2.050843896186109700 ) ) ;
#382 = CARTESIAN_POINT ( 'NONE',  ( -8.679031609634108700, 54.30882300880770000, -0.4755562185182340400 ) ) ;
#383 = LINE ( 'NONE', #1781, #378 ) ;
#384 = CARTESIAN_POINT ( 'NONE',  ( 8.175177353051733300, -47.43879265631505900, 26.60329593629317900 ) ) ;
#385 = CARTESIAN_POINT ( 'NONE',  ( -4.772970773009210400, 0.0000000000000000000, -46.99594154601839300 ) ) ;
#386 = FACE_BOUND ( 'NONE', #2537, .T. ) ;
#387 = CIRCLE ( 'NONE', #1155, 4.323400000000000400 ) ;
#388 = CARTESIAN_POINT ( 'NONE',  ( -4.772970773009189900, 0.0000000000000000000, -37.44999999999999600 ) ) ;
#389 = CIRCLE ( 'NONE', #1168, 11.50000000000000000 ) ;
#390 = B_SPLINE_CURVE_WITH_KNOTS ( 'NONE', 3,
 ( #1025, #979, #1018, #952, #1040, #1043, #1069, #1058, #1114, #1106, #1118, #1066, #1119, #1140, #1073, #1156, #1185, #1186, #1196, #1153, #1199, #1218, #1203, #1233, #1236, #1248, #1293, #1305, #1315, #1294, #1237, #1408, #1371, #1394, #1437, #1450, #1550, #1464, #1595, #1471, #2263, #1521, #1579, #2506, #2450, #2269, #2244, #2132, #1634, #1641, #1592, #1944, #1938, #1977, #2915, #2131, #2123, #2143, #1980, #2184, #1904, #2227, #2243, #2248 ),
 .UNSPECIFIED., .T., .F.,
 ( 4, 2, 2, 2, 2, 2, 2, 2, 2, 2, 2, 2, 2, 2, 2, 2, 2, 2, 2, 2, 2, 2, 2, 2, 2, 2, 2, 2, 2, 2, 2, 4 ),
 ( 0.0000000000000000000, 0.0005862181209183971500, 0.001172436241836794300, 0.001758654362755191500, 0.002344872483673588600, 0.002931090604591985800, 0.003517308725510382900, 0.004103526846428780100, 0.004689744967347177200, 0.005275963088265574400, 0.005862181209183971500, 0.006448399330102368700, 0.007034617451020765800, 0.007620835571939163000, 0.008207053692857560100, 0.008793271813775958200, 0.009379489934694354400, 0.009965708055612750700, 0.01055192617653114900, 0.01113814429744954700, 0.01172436241836794300, 0.01231058053928633900, 0.01289679866020473700, 0.01348301678112313500, 0.01406923490204153200, 0.01465545302295992800, 0.01524167114387832600, 0.01582788926479672400, 0.01641410738571512000, 0.01700032550663351700, 0.01758654362755191600, 0.01875897986938870900 ),
 .UNSPECIFIED. ) ;
#391 = CARTESIAN_POINT ( 'NONE',  ( 24.49863539267496300, 37.33191749280683800, -2.987389420037875000 ) ) ;
#392 = EDGE_CURVE ( 'NONE', #136, #136, #2730, .T. ) ;
#393 = FACE_OUTER_BOUND ( 'NONE', #2539, .T. ) ;
#394 = CIRCLE ( 'NONE', #1174, 60.50000000000000000 ) ;
#395 = CARTESIAN_POINT ( 'NONE',  ( 13.49999999999998800, 0.0000000000000000000, 52.37244555021370500 ) ) ;
#396 = CARTESIAN_POINT ( 'NONE',  ( -13.24999999999999500, 0.0000000000000000000, -37.44999999999999600 ) ) ;
#397 = CIRCLE ( 'NONE', #1178, 60.50000000000000000 ) ;
#398 = CARTESIAN_POINT ( 'NONE',  ( 13.50000000000000000, 0.0000000000000000000, 37.44999999999999600 ) ) ;
#399 = CIRCLE ( 'NONE', #1200, 23.99999999999999300 ) ;
#400 = CARTESIAN_POINT ( 'NONE',  ( -13.49999999999999300, 0.0000000000000000000, -52.37244555021370500 ) ) ;
#401 = CARTESIAN_POINT ( 'NONE',  ( -24.29999999999999700, 0.0000000000000000000, 30.00000000000000000 ) ) ;
#402 = FACE_OUTER_BOUND ( 'NONE', #2519, .T. ) ;
#403 = CIRCLE ( 'NONE', #1142, 4.323400000000000400 ) ;
#404 = FACE_BOUND ( 'NONE', #2524, .T. ) ;
#405 = EDGE_CURVE ( 'NONE', #133, #133, #1553, .T. ) ;
#406 = SPHERICAL_SURFACE ( 'NONE', #1204, 55.00000000000000000 ) ;
#407 = CIRCLE ( 'NONE', #1144, 5.000000000000000900 ) ;
#408 = CARTESIAN_POINT ( 'NONE',  ( 38.60000000000000100, 0.0000000000000000000, 37.44999999999999600 ) ) ;
#409 = EDGE_CURVE ( 'E1145', #2424, #2219, #1030, .T. ) ;
#410 = FACE_OUTER_BOUND ( 'NONE', #2348, .T. ) ;
#411 = CARTESIAN_POINT ( 'NONE',  ( 39.69999999999999600, 0.0000000000000000000, 31.09999999999999800 ) ) ;
#412 = CARTESIAN_POINT ( 'NONE',  ( 39.69999999999999600, 0.0000000000000000000, 36.35000000000000100 ) ) ;
#413 = ADVANCED_FACE ( 'E1406', ( #1029, #1027 ), #1015, .F. ) ;
#414 = FACE_OUTER_BOUND ( 'NONE', #2497, .T. ) ;
#415 = CARTESIAN_POINT ( 'NONE',  ( 38.60000000000000100, 0.0000000000000000000, 0.0000000000000000000 ) ) ;
#416 = EDGE_CURVE ( 'NONE', #131, #131, #150, .T. ) ;
#417 = EDGE_CURVE ( 'E1129', #1334, #1379, #1045, .T. ) ;
#418 = CARTESIAN_POINT ( 'NONE',  ( -25.39999999999999900, 0.0000000000000000000, 31.09999999999999800 ) ) ;
#419 = CARTESIAN_POINT ( 'NONE',  ( -25.39999999999999900, 0.0000000000000000000, 36.35000000000000100 ) ) ;
#420 = CARTESIAN_POINT ( 'NONE',  ( 0.0000000000000000000, 0.0000000000000000000, 0.0000000000000000000 ) ) ;
#421 = CIRCLE ( 'NONE', #1256, 2.458750000000002900 ) ;
#422 = CARTESIAN_POINT ( 'NONE',  ( 24.97168465558479900, 37.28303937331315200, -3.532346999263380000 ) ) ;
#423 = VECTOR ( 'NONE', #2257, 1000.000000000000000 ) ;
#424 = CARTESIAN_POINT ( 'NONE',  ( 23.59591130729785000, -19.45017657479095200, -32.00301753287425300 ) ) ;
#425 = CARTESIAN_POINT ( 'NONE',  ( 29.19999999999999900, -10.46007243882684000, -28.11737691489900100 ) ) ;
#426 = CIRCLE ( 'NONE', #1251, 3.000000000000000000 ) ;
#427 = CARTESIAN_POINT ( 'NONE',  ( 19.00000000000000000, 0.0000000000000000000, 2.939055249173705000E-015 ) ) ;
#428 = CYLINDRICAL_SURFACE ( 'NONE', #1250, 11.49999999999999600 ) ;
#429 = DIRECTION ( 'NONE',  ( 0.0000000000000000000, 0.0000000000000000000, 1.000000000000000000 ) ) ;
#430 = LINE ( 'NONE', #2285, #423 ) ;
#431 = DIRECTION ( 'NONE',  ( -1.000000000000000000, 0.0000000000000000000, -6.123031769111888800E-017 ) ) ;
#432 = EDGE_CURVE ( 'E264', #2689, #1221, #1016, .T. ) ;
#433 = VECTOR ( 'NONE', #2264, 1000.000000000000000 ) ;
#434 = DIRECTION ( 'NONE',  ( 0.0000000000000000000, 1.000000000000000000, 0.0000000000000000000 ) ) ;
#435 = CARTESIAN_POINT ( 'NONE',  ( 29.19999999999999900, 29.58039891549809800, 5.000000000000000000 ) ) ;
#436 = FACE_OUTER_BOUND ( 'NONE', #2603, .T. ) ;
#437 = LINE ( 'NONE', #2268, #433 ) ;
#438 = DIRECTION ( 'NONE',  ( -0.4999999999999998900, 0.0000000000000000000, 0.8660254037844387100 ) ) ;
#439 = CARTESIAN_POINT ( 'NONE',  ( 27.75662432702595300, 37.44999999999999600, -2.500000000000000000 ) ) ;
#440 = VECTOR ( 'NONE', #2321, 1000.000000000000000 ) ;
#441 = CIRCLE ( 'NONE', #1245, 63.00000000000000000 ) ;
#442 = PLANE ( 'NONE',  #679 ) ;
#443 = APPROVAL_PERSON_ORGANIZATION ( #2374, #519, #191 ) ;
#444 = LINE ( 'NONE', #2395, #455 ) ;
#445 = FACE_OUTER_BOUND ( 'NONE', #1587, .T. ) ;
#446 = DIRECTION ( 'NONE',  ( 0.0000000000000000000, 0.0000000000000000000, -1.000000000000000000 ) ) ;
#447 = LINE ( 'NONE', #2361, #440 ) ;
#448 = DIRECTION ( 'NONE',  ( 1.000000000000000000, 0.0000000000000000000, 0.0000000000000000000 ) ) ;
#449 = VECTOR ( 'NONE', #2367, 1000.000000000000000 ) ;
#450 = CARTESIAN_POINT ( 'NONE',  ( 24.87660000000000000, 37.44999999999999600, 0.0000000000000000000 ) ) ;
#451 = CARTESIAN_POINT ( 'NONE',  ( -8.875062293129277100, -11.99347705286328600, -45.44013729405612900 ) ) ;
#452 = CIRCLE ( 'NONE', #1260, 11.50000000000000000 ) ;
#453 = VECTOR ( 'NONE', #2448, 1000.000000000000000 ) ;
#454 = CARTESIAN_POINT ( 'NONE',  ( 30.64337567297405200, 35.58749999999999900, 2.500000000000000000 ) ) ;
#455 = VECTOR ( 'NONE', #2326, 1000.000000000000000 ) ;
#456 = DIRECTION ( 'NONE',  ( 1.000000000000000000, 0.0000000000000000000, 0.0000000000000000000 ) ) ;
#457 = VECTOR ( 'NONE', #2406, 999.9999999999998900 ) ;
#458 = CARTESIAN_POINT ( 'NONE',  ( -12.80000000000000100, 122.8708551808102000, 0.0000000000000000000 ) ) ;
#459 = DIRECTION ( 'NONE',  ( 0.4999999999999998900, 0.0000000000000000000, 0.8660254037844387100 ) ) ;
#460 = LINE ( 'NONE', #2378, #449 ) ;
#461 = LINE ( 'NONE', #2423, #453 ) ;
#462 = VECTOR ( 'NONE', #2437, 1000.000000000000000 ) ;
#463 = PERSON_AND_ORGANIZATION ( #1635, #2560 ) ;
#464 = VECTOR ( 'NONE', #2428, 999.9999999999998900 ) ;
#465 = CARTESIAN_POINT ( 'NONE',  ( 26.31324865405184700, 37.44999999999999600, -5.302701060230069700E-016 ) ) ;
#466 = LINE ( 'NONE', #2475, #462 ) ;
#467 = PLANE ( 'NONE',  #704 ) ;
#468 = VECTOR ( 'NONE', #2486, 1000.000000000000000 ) ;
#469 = DIRECTION ( 'NONE',  ( 0.0000000000000000000, -1.000000000000000000, 0.0000000000000000000 ) ) ;
#470 = LINE ( 'NONE', #2451, #464 ) ;
#471 = ADVANCED_FACE ( 'E339', ( #1011 ), #995, .T. ) ;
#472 = DIRECTION ( 'NONE',  ( 0.0000000000000000000, 0.0000000000000000000, 1.000000000000000000 ) ) ;
#473 = VECTOR ( 'NONE', #2492, 1000.000000000000000 ) ;
#474 = DIRECTION ( 'NONE',  ( -1.000000000000000000, 0.0000000000000000000, 0.0000000000000000000 ) ) ;
#475 = DIRECTION ( 'NONE',  ( 1.000000000000000000, 0.0000000000000000000, 6.730369402342480500E-016 ) ) ;
#476 = ADVANCED_FACE ( 'E1392', ( #1019, #991 ), #1009, .T. ) ;
#477 = LINE ( 'NONE', #2491, #468 ) ;
#478 = EDGE_CURVE ( 'NONE', #127, #127, #1001, .T. ) ;
#479 = DIRECTION ( 'NONE',  ( -1.000000000000000000, 0.0000000000000000000, 0.0000000000000000000 ) ) ;
#480 = CARTESIAN_POINT ( 'NONE',  ( -25.39999999999999900, 0.0000000000000000000, 0.0000000000000000000 ) ) ;
#481 = LINE ( 'NONE', #2533, #488 ) ;
#482 = DIRECTION ( 'NONE',  ( 0.0000000000000000000, 1.000000000000000000, 0.0000000000000000000 ) ) ;
#483 = CIRCLE ( 'NONE', #1309, 70.00000000000000000 ) ;
#484 = CARTESIAN_POINT ( 'NONE',  ( 27.75662432702595300, 37.44999999999999600, 2.500000000000000000 ) ) ;
#485 = CARTESIAN_POINT ( 'NONE',  ( 29.86030728732750800, 29.58602911594067200, -4.967003137161960100 ) ) ;
#486 = CIRCLE ( 'NONE', #1316, 53.31744555021369800 ) ;
#487 = DIRECTION ( 'NONE',  ( 0.0000000000000000000, 1.000000000000000000, 0.0000000000000000000 ) ) ;
#488 = VECTOR ( 'NONE', #2507, 1000.000000000000000 ) ;
#489 = CARTESIAN_POINT ( 'NONE',  ( -11.18000000000000100, 0.0000000000000000000, 0.0000000000000000000 ) ) ;
#490 = CIRCLE ( 'NONE', #1332, 65.09343261879929800 ) ;
#491 = EDGE_CURVE ( 'NONE', #125, #125, #984, .T. ) ;
#492 = EDGE_CURVE ( 'NONE', #123, #123, #983, .T. ) ;
#493 = FACE_OUTER_BOUND ( 'NONE', #2050, .T. ) ;
#494 = SPHERICAL_SURFACE ( 'NONE', #1326, 55.00000000000000000 ) ;
#495 = DIRECTION ( 'NONE',  ( 1.000000000000000000, 0.0000000000000000000, 0.0000000000000000000 ) ) ;
#496 = CIRCLE ( 'NONE', #1351, 68.38222015369760200 ) ;
#497 = FACE_OUTER_BOUND ( 'NONE', #2035, .T. ) ;
#498 = DIRECTION ( 'NONE',  ( 0.0000000000000000000, -0.8660254037844387100, 0.4999999999999998900 ) ) ;
#499 = DIRECTION ( 'NONE',  ( 0.5000000000000001100, -0.7500000000000001100, 0.4330127018922190800 ) ) ;
#500 = DIRECTION ( 'NONE',  ( 0.8660254037844386000, 0.4330127018922195200, -0.2499999999999999400 ) ) ;
#501 = CARTESIAN_POINT ( 'NONE',  ( 8.086990302351345900, -47.44585644324774200, 26.61765085081862700 ) ) ;
#502 = CARTESIAN_POINT ( 'NONE',  ( 29.53094333231932100, 29.58039891549810100, 5.000000000000000900 ) ) ;
#503 = PRODUCT_RELATED_PRODUCT_CATEGORY ( 'detail', '', ( #1368 ) ) ;
#504 = LINE ( 'NONE', #2498, #473 ) ;
#505 = CIRCLE ( 'NONE', #1339, 68.36681941713189300 ) ;
#506 = FACE_BOUND ( 'NONE', #2031, .T. ) ;
#507 = PLANE ( 'NONE',  #729 ) ;
#508 = EDGE_CURVE ( 'NONE', #120, #120, #980, .T. ) ;
#509 = VECTOR ( 'NONE', #2823, 999.9999999999998900 ) ;
#510 = CARTESIAN_POINT ( 'NONE',  ( 8.002126027317368400, -47.44392203213659800, 26.64658029187749100 ) ) ;
#511 = CYLINDRICAL_SURFACE ( 'NONE', #1388, 46.99594154601839300 ) ;
#512 = CIRCLE ( 'NONE', #1392, 24.00000000000000000 ) ;
#513 = DIRECTION ( 'NONE',  ( 0.0000000000000000000, 0.0000000000000000000, 1.000000000000000000 ) ) ;
#514 = FACE_OUTER_BOUND ( 'NONE', #2384, .T. ) ;
#515 = CC_DESIGN_SECURITY_CLASSIFICATION ( #539, ( #565 ) ) ;
#516 = CARTESIAN_POINT ( 'NONE',  ( 30.64337567297405200, 37.44999999999999600, -2.500000000000000000 ) ) ;
#517 = CIRCLE ( 'NONE', #1365, 68.36681941713189300 ) ;
#518 = CC_DESIGN_APPROVAL ( #519, ( #539 ) ) ;
#519 = APPROVAL ( #196, 'UNSPECIFIED' ) ;
#520 = FACE_BOUND ( 'NONE', #1976, .T. ) ;
#521 = FACE_OUTER_BOUND ( 'NONE', #1993, .T. ) ;
#522 = DIRECTION ( 'NONE',  ( 6.123031769111888800E-017, 0.0000000000000000000, -1.000000000000000000 ) ) ;
#523 = FACE_OUTER_BOUND ( 'NONE', #1955, .T. ) ;
#524 = CARTESIAN_POINT ( 'NONE',  ( 8.436343245127538600, -47.38371629687035400, 26.61990600155117500 ) ) ;
#525 = CARTESIAN_POINT ( 'NONE',  ( 8.669587454416060300, -47.29192292340306400, 26.70849474437753200 ) ) ;
#526 = EDGE_CURVE ( 'NONE', #119, #119, #977, .T. ) ;
#527 = SPHERICAL_SURFACE ( 'NONE', #1404, 55.00000000000000000 ) ;
#528 = PLANE ( 'NONE',  #736 ) ;
#529 = FACE_BOUND ( 'NONE', #2011, .T. ) ;
#530 = B_SPLINE_CURVE_WITH_KNOTS ( 'NONE', 3,
 ( #2112, #2127, #2137, #2142, #2150, #2155, #2162, #2163, #2168, #2174, #2178, #2179, #2180, #2190, #2191, #2195, #2198, #2204, #2206, #2213, #2536, #2215, #2220, #2233, #2270, #2275 ),
 .UNSPECIFIED., .T., .F.,
 ( 4, 2, 2, 2, 2, 2, 2, 2, 2, 2, 2, 2, 4 ),
 ( 0.0000000000000000000, 0.0002652838864626292700, 0.0005305677729252585400, 0.001061135545850516900, 0.001591703318775775400, 0.001856987205238403100, 0.002122271091701030700, 0.002652838864626286200, 0.002918122751088914100, 0.003183406637551542100, 0.003448690524014170100, 0.003713974410476797600, 0.004244542183402053500 ),
 .UNSPECIFIED. ) ;
#531 = CC_DESIGN_DATE_AND_TIME_ASSIGNMENT ( #2950, #200, ( #539 ) ) ;
#532 = FACE_OUTER_BOUND ( 'NONE', #2062, .T. ) ;
#533 = CARTESIAN_POINT ( 'NONE',  ( 8.792100935600357700, -47.20261219842677700, 26.82617492493180200 ) ) ;
#534 = CARTESIAN_POINT ( 'NONE',  ( 8.880334315624685000, -47.01929184534463200, 27.11703788430786600 ) ) ;
#535 = CC_DESIGN_PERSON_AND_ORGANIZATION_ASSIGNMENT ( #1264, #201, ( #539 ) ) ;
#536 = CIRCLE ( 'NONE', #1469, 70.00000000000000000 ) ;
#537 = ADVANCED_FACE ( 'E6', ( #997, #969, #989 ), #953, .T. ) ;
#538 = CYLINDRICAL_SURFACE ( 'NONE', #1444, 0.6750000000000002700 ) ;
#539 = SECURITY_CLASSIFICATION ( '', '', #204 ) ;
#540 = CC_DESIGN_PERSON_AND_ORGANIZATION_ASSIGNMENT ( #463, #208, ( #565 ) ) ;
#541 = FACE_OUTER_BOUND ( 'NONE', #1198, .T. ) ;
#542 = CARTESIAN_POINT ( 'NONE',  ( -29.00000000000000000, 0.0000000000000000000, 0.0000000000000000000 ) ) ;
#543 = EDGE_CURVE ( 'NONE', #117, #117, #957, .T. ) ;
#544 = CARTESIAN_POINT ( 'NONE',  ( 8.863808123668887300, -46.93304029747331900, 27.27142315311886700 ) ) ;
#545 = CC_DESIGN_PERSON_AND_ORGANIZATION_ASSIGNMENT ( #288, #209, ( #565 ) ) ;
#546 = LINE ( 'NONE', #2783, #509 ) ;
#547 = CARTESIAN_POINT ( 'NONE',  ( 27.75662432702595300, -20.89006350946110000, -31.18265137172725000 ) ) ;
#548 = CYLINDRICAL_SURFACE ( 'NONE', #1445, 0.6750000000000002700 ) ;
#549 = DIRECTION ( 'NONE',  ( 1.000000000000000000, 0.0000000000000000000, 6.123031769111888800E-017 ) ) ;
#550 = FACE_OUTER_BOUND ( 'NONE', #1945, .T. ) ;
#551 = CARTESIAN_POINT ( 'NONE',  ( 8.838093845820694100, -46.89324131502850400, 27.34812654729303100 ) ) ;
#552 = FACE_OUTER_BOUND ( 'NONE', #2081, .T. ) ;
#553 = CARTESIAN_POINT ( 'NONE',  ( 31.71112962414062500, 29.68557366913746200, -4.335911936820306100 ) ) ;
#554 = FACE_OUTER_BOUND ( 'NONE', #2070, .T. ) ;
#555 = DIRECTION ( 'NONE',  ( 0.5000000000000003300, 0.0000000000000000000, -0.8660254037844383700 ) ) ;
#556 = CYLINDRICAL_SURFACE ( 'NONE', #1457, 37.44999999999999600 ) ;
#557 = EDGE_CURVE ( 'NONE', #116, #116, #964, .T. ) ;
#558 = CC_DESIGN_APPROVAL ( #561, ( #565 ) ) ;
#559 = CIRCLE ( 'NONE', #1463, 24.00000000000000000 ) ;
#560 = FACE_OUTER_BOUND ( 'NONE', #2100, .T. ) ;
#561 = APPROVAL ( #218, 'UNSPECIFIED' ) ;
#562 = CARTESIAN_POINT ( 'NONE',  ( 30.64337567297405200, 37.44999999999999600, 2.500000000000000000 ) ) ;
#563 = CARTESIAN_POINT ( 'NONE',  ( 8.712553660866770900, -46.79137695301263700, 27.56248337074742900 ) ) ;
#564 = SPHERICAL_SURFACE ( 'NONE', #1451, 55.00000000000000000 ) ;
#565 = PRODUCT_DEFINITION_FORMATION_WITH_SPECIFIED_SOURCE ( 'ANY', '', #1368, .NOT_KNOWN. ) ;
#566 = CIRCLE ( 'NONE', #1492, 70.00000000000000000 ) ;
#567 = DIRECTION ( 'NONE',  ( 0.0000000000000000000, -1.000000000000000000, 0.0000000000000000000 ) ) ;
#568 = FACE_OUTER_BOUND ( 'NONE', #2136, .T. ) ;
#569 = CARTESIAN_POINT ( 'NONE',  ( 31.41856336321948000, 29.66194491464180400, -4.492788230117130700 ) ) ;
#570 = CARTESIAN_POINT ( 'NONE',  ( 30.81381765957837300, 29.62285199235536500, -4.743707625785096300 ) ) ;
#571 = EDGE_CURVE ( 'NONE', #113, #113, #987, .T. ) ;
#572 = CARTESIAN_POINT ( 'NONE',  ( 8.565834625856853200, -46.75073900977739100, 27.67718002074143500 ) ) ;
#573 = FACE_OUTER_BOUND ( 'NONE', #2103, .T. ) ;
#574 = CC_DESIGN_DATE_AND_TIME_ASSIGNMENT ( #360, #223, ( #605 ) ) ;
#575 = CARTESIAN_POINT ( 'NONE',  ( 29.19999999999999900, 36.77339999999999500, 0.0000000000000000000 ) ) ;
#576 = DIRECTION ( 'NONE',  ( -0.4999999999999999400, -0.7499999999999998900, 0.4330127018922194600 ) ) ;
#577 = CYLINDRICAL_SURFACE ( 'NONE', #1486, 37.44999999999999600 ) ;
#578 = CARTESIAN_POINT ( 'NONE',  ( 30.50217979743430200, 29.60730966096781100, -4.838538379865196900 ) ) ;
#579 = CARTESIAN_POINT ( 'NONE',  ( 19.00000000000000000, 111.9306930693070000, -21.36632745758159800 ) ) ;
#580 = EDGE_CURVE ( 'NONE', #111, #111, #950, .T. ) ;
#581 = FACE_OUTER_BOUND ( 'NONE', #2375, .T. ) ;
#582 = CARTESIAN_POINT ( 'NONE',  ( 8.230436614993022800, -46.74306758423281800, 27.79167070618105800 ) ) ;
#583 = CARTESIAN_POINT ( 'NONE',  ( 8.041824337855990400, -46.77645852485174100, 27.79070493248126900 ) ) ;
#584 = DIRECTION ( 'NONE',  ( 0.8660254037844387100, -0.4330127018922192400, 0.2500000000000001100 ) ) ;
#585 = FACE_OUTER_BOUND ( 'NONE', #2279, .T. ) ;
#586 = CARTESIAN_POINT ( 'NONE',  ( 7.731251016742279900, -46.89840575086923700, 27.67306609675376100 ) ) ;
#587 = FACE_OUTER_BOUND ( 'NONE', #2273, .T. ) ;
#588 = CARTESIAN_POINT ( 'NONE',  ( 26.31324865405184700, -18.72499999999999800, -32.43265137172724600 ) ) ;
#589 = CARTESIAN_POINT ( 'NONE',  ( -8.874968790076128000, -12.24877453344092100, -45.37172914995163400 ) ) ;
#590 = TOROIDAL_SURFACE ( 'NONE', #1508, 31.09999999999999800, 1.100000000000000100 ) ;
#591 = EDGE_CURVE ( 'NONE', #108, #108, #948, .T. ) ;
#592 = B_SPLINE_CURVE_WITH_KNOTS ( 'NONE', 3,
 ( #2898, #5, #2565, #2841, #2581, #2572, #2575, #2707, #2732, #207, #2778, #2795, #2796, #2871, #2824, #2867, #2874, #197, #141, #129, #190, #2910, #2939, #186, #2975, #184 ),
 .UNSPECIFIED., .T., .F.,
 ( 4, 2, 2, 2, 2, 2, 2, 2, 2, 2, 2, 2, 4 ),
 ( 0.0000000000000000000, 0.0002652939464024689800, 0.0005305878928049379500, 0.001061175785609857900, 0.001591763678414775700, 0.001857057624817234500, 0.002122351571219693300, 0.002652939464024598300, 0.002918233410427042300, 0.003183527356829486300, 0.003448821303231930400, 0.003714115249634374000, 0.004244703142439264200 ),
 .UNSPECIFIED. ) ;
#593 = DIRECTION ( 'NONE',  ( 0.0000000000000000000, -0.4999999999999998900, -0.8660254037844387100 ) ) ;
#594 = FACE_OUTER_BOUND ( 'NONE', #2152, .T. ) ;
#595 = EDGE_CURVE ( 'NONE', #107, #107, #944, .T. ) ;
#596 = CARTESIAN_POINT ( 'NONE',  ( 7.608625317472399500, -46.98703002147405500, 27.55648213184758800 ) ) ;
#597 = CARTESIAN_POINT ( 'NONE',  ( -11.00000000000000000, -64.01579490418531300, 24.00000000000000000 ) ) ;
#598 = FACE_BOUND ( 'NONE', #2158, .T. ) ;
#599 = APPROVAL_DATE_TIME ( #2253, #561 ) ;
#600 = CC_DESIGN_PERSON_AND_ORGANIZATION_ASSIGNMENT ( #2398, #224, ( #605 ) ) ;
#601 = CC_DESIGN_APPROVAL ( #604, ( #605 ) ) ;
#602 = DIRECTION ( 'NONE',  ( -0.4999999999999998900, 0.0000000000000000000, -0.8660254037844387100 ) ) ;
#603 = VECTOR ( 'NONE', #431, 1000.000000000000000 ) ;
#604 = APPROVAL ( #231, 'UNSPECIFIED' ) ;
#605 = PRODUCT_DEFINITION ( 'UNKNOWN', '', #565, #2485 ) ;
#606 = CARTESIAN_POINT ( 'NONE',  ( -11.08826141103817700, -64.02127740171391700, 24.00000000000000000 ) ) ;
#607 = LINE ( 'NONE', #579, #603 ) ;
#608 = DIRECTION ( 'NONE',  ( 0.0000000000000000000, 0.0000000000000000000, -1.000000000000000000 ) ) ;
#609 = CARTESIAN_POINT ( 'NONE',  ( 7.502499930784738400, -47.17115034042555500, 27.26952414863457700 ) ) ;
#610 = CARTESIAN_POINT ( 'NONE',  ( 7.520762564884858400, -47.26401078951673900, 27.10318974511028900 ) ) ;
#611 = FACE_OUTER_BOUND ( 'NONE', #2237, .T. ) ;
#612 = DIRECTION ( 'NONE',  ( 0.0000000000000000000, -1.000000000000000000, 0.0000000000000000000 ) ) ;
#613 = CARTESIAN_POINT ( 'NONE',  ( 7.686633878446916600, -47.39873703030512100, 26.81989685623478800 ) ) ;
#614 = CARTESIAN_POINT ( 'NONE',  ( 29.19999999999999900, 37.44999999999999600, 0.0000000000000000000 ) ) ;
#615 = TOROIDAL_SURFACE ( 'NONE', #1497, 52.37244555021370500, 2.700000000000000200 ) ;
#616 = CARTESIAN_POINT ( 'NONE',  ( 7.832397477249413600, -47.44005320991432500, 26.70443917399521500 ) ) ;
#617 = EDGE_CURVE ( 'NONE', #105, #105, #943, .T. ) ;
#618 = FACE_BOUND ( 'NONE', #2177, .T. ) ;
#619 = DIRECTION ( 'NONE',  ( 0.0000000000000000000, 0.0000000000000000000, -1.000000000000000000 ) ) ;
#620 = CARTESIAN_POINT ( 'NONE',  ( 8.002126027317368400, -47.44392203213659800, 26.64658029187749100 ) ) ;
#621 = PLANE ( 'NONE',  #1913 ) ;
#622 = FACE_OUTER_BOUND ( 'NONE', #2188, .T. ) ;
#623 = EDGE_CURVE ( 'NONE', #104, #104, #530, .T. ) ;
#624 = DIRECTION ( 'NONE',  ( 0.0000000000000000000, 0.0000000000000000000, 1.000000000000000000 ) ) ;
#625 = FACE_OUTER_BOUND ( 'NONE', #2235, .T. ) ;
#626 = DIRECTION ( 'NONE',  ( 0.0000000000000000000, 0.0000000000000000000, -1.000000000000000000 ) ) ;
#627 = CC_DESIGN_PERSON_AND_ORGANIZATION_ASSIGNMENT ( #690, #239, ( #1368 ) ) ;
#628 = AXIS2_PLACEMENT_3D ( 'NONE', #420, #259, #242 ) ;
#629 = CARTESIAN_POINT ( 'NONE',  ( -7.525000000000000400, -12.16344471463436400, -45.39459367007062000 ) ) ;
#630 = LINE ( 'NONE', #782, #641 ) ;
#631 = DIRECTION ( 'NONE',  ( 0.0000000000000000000, -1.000000000000000000, 0.0000000000000000000 ) ) ;
#632 = CARTESIAN_POINT ( 'NONE',  ( 29.19999999999999900, 30.00000000000000000, 0.0000000000000000000 ) ) ;
#633 = APPROVAL_DATE_TIME ( #2540, #519 ) ;
#634 = FACE_OUTER_BOUND ( 'NONE', #2586, .T. ) ;
#635 = CARTESIAN_POINT ( 'NONE',  ( -7.524999999999995000, -12.24959448154492000, -45.37150990959879900 ) ) ;
#636 = PLANE ( 'NONE',  #770 ) ;
#637 = FACE_BOUND ( 'NONE', #2504, .T. ) ;
#638 = FACE_BOUND ( 'NONE', #2196, .T. ) ;
#639 = FACE_OUTER_BOUND ( 'NONE', #2487, .T. ) ;
#640 = FACE_OUTER_BOUND ( 'NONE', #2743, .T. ) ;
#641 = VECTOR ( 'NONE', #769, 1000.000000000000000 ) ;
#642 = DIRECTION ( 'NONE',  ( 1.000000000000000000, 5.828670879282079700E-016, -3.365184701171235300E-016 ) ) ;
#643 = CARTESIAN_POINT ( 'NONE',  ( -7.542558054570066300, -12.33406218623454000, -45.34860652831695700 ) ) ;
#644 = CARTESIAN_POINT ( 'NONE',  ( -7.610319610344862300, -12.49174668759973600, -45.30542427532110100 ) ) ;
#645 = CARTESIAN_POINT ( 'NONE',  ( 27.75662432702595300, -15.62868649053890000, -32.06967905717869600 ) ) ;
#646 = FACE_OUTER_BOUND ( 'NONE', #2476, .T. ) ;
#647 = CARTESIAN_POINT ( 'NONE',  ( -7.660466716288705200, -12.56390981101625900, -45.28543441058227600 ) ) ;
#648 = DIRECTION ( 'NONE',  ( -1.000000000000000000, 0.0000000000000000000, 0.0000000000000000000 ) ) ;
#649 = FACE_BOUND ( 'NONE', #2836, .T. ) ;
#650 = CARTESIAN_POINT ( 'NONE',  ( -7.847304190396102700, -12.74385737373062000, -45.23525319732029700 ) ) ;
#651 = APPROVAL_DATE_TIME ( #363, #604 ) ;
#652 = FACE_OUTER_BOUND ( 'NONE', #2025, .T. ) ;
#653 = CARTESIAN_POINT ( 'NONE',  ( -8.023556564461987500, -12.81409984907530300, -45.21523379198059400 ) ) ;
#654 = CARTESIAN_POINT ( 'NONE',  ( -8.287683775841369300, -12.81423487667639600, -45.21519552456161500 ) ) ;
#655 = CARTESIAN_POINT ( 'NONE',  ( 32.08675134594815100, 37.44999999999999600, 1.767567020076690100E-016 ) ) ;
#656 = CYLINDRICAL_SURFACE ( 'NONE', #1621, 2.458750000000002900 ) ;
#657 = FACE_OUTER_BOUND ( 'NONE', #2192, .T. ) ;
#658 = CARTESIAN_POINT ( 'NONE',  ( 30.33608416528577600, 29.60177581751431600, 4.871951354004949100 ) ) ;
#659 = DIRECTION ( 'NONE',  ( 1.000000000000000000, 0.0000000000000000000, 0.0000000000000000000 ) ) ;
#660 = DIRECTION ( 'NONE',  ( 0.0000000000000000000, 0.0000000000000000000, 1.000000000000000000 ) ) ;
#661 = CIRCLE ( 'NONE', #1630, 24.00000000000000000 ) ;
#662 = CARTESIAN_POINT ( 'NONE',  ( -8.539607496034253800, -12.73239512816705600, -45.23832200398948100 ) ) ;
#663 = CARTESIAN_POINT ( 'NONE',  ( -8.614017312008375200, -12.68474585970723500, -45.25173709403709700 ) ) ;
#664 = FACE_OUTER_BOUND ( 'NONE', #2562, .T. ) ;
#665 = CARTESIAN_POINT ( 'NONE',  ( -20.00000000000000000, 0.0000000000000000000, 24.00000000000000000 ) ) ;
#666 = B_SPLINE_CURVE_WITH_KNOTS ( 'NONE', 3,
 ( #1212, #1192, #1219, #1223, #1225, #1226, #1231, #1240, #1242, #1243, #1249, #1257, #1263, #1265, #1267, #1271, #1272, #1274, #1277, #1281, #1282, #1289, #1301, #1302, #1311, #1312, #1318, #1321, #1324, #1327, #1328, #1333, #1336, #1337, #1340, #1341, #1345, #1346, #1349, #1350, #1353, #1356, #1357, #1359, #1361, #1364, #1366, #1372, #1376, #1380, #1385, #1386, #1391, #1395, #1400, #1403, #1405, #1411, #1417, #1422, #1425, #1431, #1433, #1438, #1441, #1443, #1446, #1449, #1454, #1455, #1459, #1465, #1472, #1477, #1478, #1482 ),
 .UNSPECIFIED., .T., .F.,
 ( 4, 2, 2, 2, 2, 2, 2, 2, 2, 2, 2, 2, 2, 2, 2, 2, 2, 2, 2, 2, 2, 2, 2, 2, 2, 2, 2, 2, 2, 2, 2, 2, 2, 2, 2, 2, 2, 4 ),
 ( 0.0000000000000000000, 0.001074298810767719000, 0.002148597621535438100, 0.003222896432303157500, 0.004297195243070876100, 0.005371494053838596000, 0.006445792864606315000, 0.007520091675374033200, 0.008594390486141752200, 0.009668689296909472100, 0.01074298810767719200, 0.01128013751306106100, 0.01181728691844493300, 0.01289158572921268700, 0.01342873513459657200, 0.01396588453998045900, 0.01504018335074823500, 0.01611448216151601200, 0.01718878097228378900, 0.01826307978305156600, 0.01933737859381934300, 0.02041167740458712000, 0.02148597621535489100, 0.02202312562073878400, 0.02256027502612268200, 0.02363457383689050700, 0.02470887264765833300, 0.02578317145842615900, 0.02685747026919398400, 0.02739461967457789600, 0.02793176907996180300, 0.02900606789072962200, 0.03008036670149743700, 0.03115466551226525600, 0.03169181491764917800, 0.03222896432303309200, 0.03330326313380091400, 0.03437756194456873700 ),
 .UNSPECIFIED. ) ;
#667 = CARTESIAN_POINT ( 'NONE',  ( -8.740088265374488700, -12.56342646516349900, -45.28556947867215900 ) ) ;
#668 = FACE_OUTER_BOUND ( 'NONE', #2568, .T. ) ;
#669 = EDGE_CURVE ( 'E61', #1374, #2818, #1031, .T. ) ;
#670 = FACE_BOUND ( 'NONE', #2618, .T. ) ;
#671 = CYLINDRICAL_SURFACE ( 'NONE', #1658, 63.00000000000000000 ) ;
#672 = CARTESIAN_POINT ( 'NONE',  ( -8.789646571309702900, -12.49181813164263000, -45.30540467366451900 ) ) ;
#673 = CIRCLE ( 'NONE', #1671, 11.50000000000000000 ) ;
#674 = CARTESIAN_POINT ( 'NONE',  ( -8.857458978284670400, -12.33402980106594200, -45.34861543360451500 ) ) ;
#675 = FACE_OUTER_BOUND ( 'NONE', #2838, .T. ) ;
#676 = CARTESIAN_POINT ( 'NONE',  ( 27.75662432702595300, -16.55993649053889900, -33.68265137172724600 ) ) ;
#677 = FACE_OUTER_BOUND ( 'NONE', #2465, .T. ) ;
#678 = DIRECTION ( 'NONE',  ( -2.449212707644755000E-016, 0.0000000000000000000, 1.000000000000000000 ) ) ;
#679 = AXIS2_PLACEMENT_3D ( 'NONE', #450, #434, #429 ) ;
#680 = EDGE_CURVE ( 'NONE', #101, #101, #2966, .T. ) ;
#681 = CARTESIAN_POINT ( 'NONE',  ( 29.85623878976501900, 29.58594981791590000, 4.967468123342372100 ) ) ;
#682 = DIRECTION ( 'NONE',  ( 1.000000000000000000, 0.0000000000000000000, 4.807406715958909300E-016 ) ) ;
#683 = FACE_OUTER_BOUND ( 'NONE', #1276, .T. ) ;
#684 = DIRECTION ( 'NONE',  ( 0.4999999999999998900, 0.0000000000000000000, 0.8660254037844387100 ) ) ;
#685 = CARTESIAN_POINT ( 'NONE',  ( -8.802112001398395300, -11.82290796309099800, -45.48464459846099600 ) ) ;
#686 = FACE_OUTER_BOUND ( 'NONE', #2545, .T. ) ;
#687 = CONICAL_SURFACE ( 'NONE', #1710, 4.323400000000000400, 0.7853981633974476100 ) ;
#688 = CARTESIAN_POINT ( 'NONE',  ( -8.615583998685307800, -11.64189493811486100, -45.53118365840587200 ) ) ;
#689 = CARTESIAN_POINT ( 'NONE',  ( -8.540641781860845300, -11.59316934711766200, -45.54358458331019200 ) ) ;
#690 = PERSON_AND_ORGANIZATION ( #1635, #2560 ) ;
#691 = CIRCLE ( 'NONE', #1693, 63.00000000000000000 ) ;
#692 = DIRECTION ( 'NONE',  ( -0.8660254037844387100, 0.0000000000000000000, 0.4999999999999998900 ) ) ;
#693 = PLANE ( 'NONE',  #795 ) ;
#694 = CARTESIAN_POINT ( 'NONE',  ( -8.377420090600219600, -11.52741825488606700, -45.56027107672864700 ) ) ;
#695 = VECTOR ( 'NONE', #2687, 1000.000000000000000 ) ;
#696 = CARTESIAN_POINT ( 'NONE',  ( -8.289706612224961200, -11.51027844289097700, -45.56459164715665400 ) ) ;
#697 = PLANE ( 'NONE',  #813 ) ;
#698 = CARTESIAN_POINT ( 'NONE',  ( -8.022651490888785400, -11.51001441583484400, -45.56465834368794500 ) ) ;
#699 = LINE ( 'NONE', #2928, #695 ) ;
#700 =( GEOMETRIC_REPRESENTATION_CONTEXT ( 3 ) GLOBAL_UNCERTAINTY_ASSIGNED_CONTEXT ( ( #2758 ) ) GLOBAL_UNIT_ASSIGNED_CONTEXT ( ( #256, #255, #253 ) ) REPRESENTATION_CONTEXT ( 'NONE', 'WORKASPACE' ) );
#701 = FACE_BOUND ( 'NONE', #2494, .T. ) ;
#702 = CARTESIAN_POINT ( 'NONE',  ( 29.19999999999999900, 29.58039891549810100, 4.999999999999999100 ) ) ;
#703 = CARTESIAN_POINT ( 'NONE',  ( -7.525000000000010100, -11.99114518081325200, -45.44076119101426800 ) ) ;
#704 = AXIS2_PLACEMENT_3D ( 'NONE', #458, #448, #446 ) ;
#705 = FACE_OUTER_BOUND ( 'NONE', #2546, .T. ) ;
#706 = CARTESIAN_POINT ( 'NONE',  ( -29.00000000000000000, -111.9306930693070000, 21.36632745758159800 ) ) ;
#707 = DIRECTION ( 'NONE',  ( 0.0000000000000000000, 0.0000000000000000000, -1.000000000000000000 ) ) ;
#708 = EDGE_CURVE ( 'NONE', #99, #99, #972, .T. ) ;
#709 = FACE_OUTER_BOUND ( 'NONE', #2597, .T. ) ;
#710 = AXIS2_PLACEMENT_3D ( 'NONE', #162, #487, #456 ) ;
#711 = CARTESIAN_POINT ( 'NONE',  ( 0.0000000000000000000, 0.0000000000000000000, 0.0000000000000000000 ) ) ;
#712 = CIRCLE ( 'NONE', #1682, 37.44999999999999600 ) ;
#713 = VECTOR ( 'NONE', #2700, 1000.000000000000000 ) ;
#714 = DIRECTION ( 'NONE',  ( 1.000000000000000000, 0.0000000000000000000, 0.0000000000000000000 ) ) ;
#715 = CIRCLE ( 'NONE', #1688, 66.71121246510169600 ) ;
#716 = AXIS2_PLACEMENT_3D ( 'NONE', #489, #474, #472 ) ;
#717 = CYLINDRICAL_SURFACE ( 'NONE', #1699, 46.99594154601839300 ) ;
#718 = CARTESIAN_POINT ( 'NONE',  ( 32.08675134594815100, 37.44999999999999600, 1.767567020076690100E-016 ) ) ;
#719 = CIRCLE ( 'NONE', #1716, 30.00000000000000000 ) ;
#720 = DIRECTION ( 'NONE',  ( 0.8660254037844387100, 0.0000000000000000000, 0.4999999999999998900 ) ) ;
#721 = CARTESIAN_POINT ( 'NONE',  ( -7.598346479184206400, -11.82203754837454000, -45.48487068786964500 ) ) ;
#722 = PLANE ( 'NONE',  #822 ) ;
#723 = EDGE_CURVE ( 'E334', #1965, #1845, #965, .T. ) ;
#724 = LINE ( 'NONE', #2472, #730 ) ;
#725 = DIRECTION ( 'NONE',  ( 1.000000000000000000, 0.0000000000000000000, 0.0000000000000000000 ) ) ;
#726 = BREP_WITH_VOIDS ( 'NONE', #2766, ( #2033, #2028 ) );
#727 = CARTESIAN_POINT ( 'NONE',  ( -11.26478424911356100, -64.03224213744799400, 24.00000000000000000 ) ) ;
#728 = CARTESIAN_POINT ( 'NONE',  ( -11.17652282741074100, -64.02675981277926100, 24.00000000000000000 ) ) ;
#729 = AXIS2_PLACEMENT_3D ( 'NONE', #547, #500, #499 ) ;
#730 = VECTOR ( 'NONE', #2440, 999.9999999999998900 ) ;
#731 = DIRECTION ( 'NONE',  ( 0.0000000000000000000, 0.0000000000000000000, 1.000000000000000000 ) ) ;
#732 = DIRECTION ( 'NONE',  ( -6.123031769111888800E-017, 1.000000000000000000, 0.0000000000000000000 ) ) ;
#733 = DIRECTION ( 'NONE',  ( 0.0000000000000000000, 0.4999999999999998900, 0.8660254037844387100 ) ) ;
#734 = FACE_OUTER_BOUND ( 'NONE', #2090, .T. ) ;
#735 = CARTESIAN_POINT ( 'NONE',  ( -13.50000000000000000, 0.0000000000000000000, 0.0000000000000000000 ) ) ;
#736 = AXIS2_PLACEMENT_3D ( 'NONE', #542, #549, #522 ) ;
#737 = CYLINDRICAL_SURFACE ( 'NONE', #1706, 24.00000000000000000 ) ;
#738 = DIRECTION ( 'NONE',  ( -4.807406715958909300E-016, 0.0000000000000000000, 1.000000000000000000 ) ) ;
#739 = DIRECTION ( 'NONE',  ( 0.4999999999999998900, 0.0000000000000000000, -0.8660254037844387100 ) ) ;
#740 = FACE_BOUND ( 'NONE', #2069, .T. ) ;
#741 = CARTESIAN_POINT ( 'NONE',  ( -30.00000000000000000, 101.0000000000000000, 0.0000000000000000000 ) ) ;
#742 = EDGE_CURVE ( 'NONE', #96, #96, #774, .T. ) ;
#743 = CARTESIAN_POINT ( 'NONE',  ( 29.52854914029571300, 29.58042061484211500, -4.999871624939324900 ) ) ;
#744 = FACE_OUTER_BOUND ( 'NONE', #2252, .T. ) ;
#745 = CARTESIAN_POINT ( 'NONE',  ( 29.19999999999999900, 36.77339999999999500, 0.0000000000000000000 ) ) ;
#746 = LINE ( 'NONE', #2643, #713 ) ;
#747 = PLANE ( 'NONE',  #1498 ) ;
#748 = DIRECTION ( 'NONE',  ( 0.0000000000000000000, 0.0000000000000000000, -1.000000000000000000 ) ) ;
#749 = CARTESIAN_POINT ( 'NONE',  ( 28.87536987828343300, 29.58037734595879400, -5.000127607125313600 ) ) ;
#750 = CYLINDRICAL_SURFACE ( 'NONE', #1729, 30.00000000000000000 ) ;
#751 = EDGE_CURVE ( 'E555', #1221, #1921, #936, .T. ) ;
#752 = CIRCLE ( 'NONE', #1741, 37.44999999999999600 ) ;
#753 = FACE_OUTER_BOUND ( 'NONE', #2067, .T. ) ;
#754 = FACE_OUTER_BOUND ( 'NONE', #2701, .T. ) ;
#755 = DIRECTION ( 'NONE',  ( -1.000000000000000000, 0.0000000000000000000, -6.730369402342480500E-016 ) ) ;
#756 = FACE_BOUND ( 'NONE', #2093, .T. ) ;
#757 = CARTESIAN_POINT ( 'NONE',  ( 28.55037015345481800, 29.58576626895125400, -4.968567495748638800 ) ) ;
#758 = CARTESIAN_POINT ( 'NONE',  ( -7.847822044354082000, -11.58079197098461100, -45.54689111906739600 ) ) ;
#759 = FACE_BOUND ( 'NONE', #2242, .T. ) ;
#760 = DIRECTION ( 'NONE',  ( 6.730369402342480500E-016, 0.0000000000000000000, -1.000000000000000000 ) ) ;
#761 = DIRECTION ( 'NONE',  ( 0.0000000000000000000, 1.000000000000000000, 0.0000000000000000000 ) ) ;
#762 = FACE_BOUND ( 'NONE', #2222, .T. ) ;
#763 = CARTESIAN_POINT ( 'NONE',  ( 27.90363610717357200, 29.60702798536380700, -4.840260587479576800 ) ) ;
#764 = VECTOR ( 'NONE', #157, 999.9999999999998900 ) ;
#765 = DIRECTION ( 'NONE',  ( 1.000000000000000000, 0.0000000000000000000, 0.0000000000000000000 ) ) ;
#766 = CARTESIAN_POINT ( 'NONE',  ( -8.376162197840148600, -12.79743093503576100, -45.21996710413884600 ) ) ;
#767 = LOCAL_TIME ( 9, 12, 8.000000000000000000, #310 ) ;
#768 = FACE_OUTER_BOUND ( 'NONE', #2224, .T. ) ;
#769 = DIRECTION ( 'NONE',  ( -1.000000000000000000, 0.0000000000000000000, -6.123031769111888800E-017 ) ) ;
#770 = AXIS2_PLACEMENT_3D ( 'NONE', #588, #584, #576 ) ;
#771 = CIRCLE ( 'NONE', #1775, 37.44999999999999600 ) ;
#772 = DIRECTION ( 'NONE',  ( 1.000000000000000000, 0.0000000000000000000, 0.0000000000000000000 ) ) ;
#773 = CONICAL_SURFACE ( 'NONE', #1789, 2.458750000000002900, 0.7853981633974518300 ) ;
#774 = B_SPLINE_CURVE_WITH_KNOTS ( 'NONE', 3,
 ( #2411, #2381, #2415, #2419, #2421, #2425, #2427, #2430, #2434, #2435, #2439, #2441, #2445, #2452, #2458, #2461, #2464, #2474, #2477, #2480, #2481, #2484, #2489, #2513, #2514, #2522 ),
 .UNSPECIFIED., .T., .F.,
 ( 4, 2, 2, 2, 2, 2, 2, 2, 2, 2, 2, 2, 4 ),
 ( 0.0000000000000000000, 0.0002637684291908195500, 0.0005275368583816391000, 0.001055073716763278400, 0.001318842145954100600, 0.001582610575144922700, 0.001846379004335744600, 0.002110147433526566800, 0.002637684291908210200, 0.002901452721099032200, 0.003165221150289854100, 0.003692758008671503200, 0.004220294867053150100 ),
 .UNSPECIFIED. ) ;
#775 = FACE_BOUND ( 'NONE', #2628, .T. ) ;
#776 = CARTESIAN_POINT ( 'NONE',  ( 27.58876337789005000, 29.62272557292145700, -4.744473271560169200 ) ) ;
#777 = CARTESIAN_POINT ( 'NONE',  ( 27.75662432702595300, 37.44999999999999600, 2.500000000000000000 ) ) ;
#778 = DIRECTION ( 'NONE',  ( 1.000000000000000000, 0.0000000000000000000, 0.0000000000000000000 ) ) ;
#779 = FACE_OUTER_BOUND ( 'NONE', #2620, .T. ) ;
#780 = DIRECTION ( 'NONE',  ( 1.000000000000000000, 0.0000000000000000000, 0.0000000000000000000 ) ) ;
#781 = LINE ( 'NONE', #109, #788 ) ;
#782 = CARTESIAN_POINT ( 'NONE',  ( 19.00000000000000000, -111.9306930693070000, 21.36632745758159800 ) ) ;
#783 = AXIS2_PLACEMENT_3D ( 'NONE', #575, #567, #619 ) ;
#784 = CIRCLE ( 'NONE', #1793, 5.000000000000000000 ) ;
#785 = CARTESIAN_POINT ( 'NONE',  ( 8.870802992883470800, -47.06574046371815700, 27.03946658947519300 ) ) ;
#786 = CIRCLE ( 'NONE', #1809, 70.00000000000000000 ) ;
#787 = EDGE_CURVE ( 'NONE', #93, #93, #929, .T. ) ;
#788 = VECTOR ( 'NONE', #115, 1000.000000000000000 ) ;
#789 = DIRECTION ( 'NONE',  ( 0.4999999999999999400, 0.7499999999999998900, -0.4330127018922194600 ) ) ;
#790 = LINE ( 'NONE', #198, #764 ) ;
#791 = CARTESIAN_POINT ( 'NONE',  ( -12.80000000000000100, 111.9306930693070000, 21.36632745758159800 ) ) ;
#792 = CIRCLE ( 'NONE', #1811, 53.36495391803409700 ) ;
#793 = AXIS2_PLACEMENT_3D ( 'NONE', #614, #612, #608 ) ;
#794 = FACE_OUTER_BOUND ( 'NONE', #2551, .T. ) ;
#795 = AXIS2_PLACEMENT_3D ( 'NONE', #665, #660, #659 ) ;
#796 = DIRECTION ( 'NONE',  ( 0.0000000000000000000, -1.000000000000000000, 0.0000000000000000000 ) ) ;
#797 = FACE_OUTER_BOUND ( 'NONE', #2258, .T. ) ;
#798 = DIRECTION ( 'NONE',  ( 0.0000000000000000000, 0.0000000000000000000, 1.000000000000000000 ) ) ;
#799 = CARTESIAN_POINT ( 'NONE',  ( -20.00000000000000000, -101.0000000000000000, -24.00000000000000000 ) ) ;
#800 = CIRCLE ( 'NONE', #1816, 70.00000000000000000 ) ;
#801 = CARTESIAN_POINT ( 'NONE',  ( 26.31324865405184700, -17.79374999999999900, -30.81967905717870000 ) ) ;
#802 = CARTESIAN_POINT ( 'NONE',  ( -11.26478424911356100, 0.0000000000000000000, 0.0000000000000000000 ) ) ;
#803 = FACE_BOUND ( 'NONE', #2559, .T. ) ;
#804 = AXIS2_PLACEMENT_3D ( 'NONE', #632, #631, #626 ) ;
#805 = CIRCLE ( 'NONE', #1830, 24.00000000000000000 ) ;
#806 = EDGE_CURVE ( 'NONE', #92, #92, #1511, .T. ) ;
#807 = DIRECTION ( 'NONE',  ( 0.0000000000000000000, 0.0000000000000000000, -1.000000000000000000 ) ) ;
#808 = DIRECTION ( 'NONE',  ( -1.000000000000000000, 0.0000000000000000000, 0.0000000000000000000 ) ) ;
#809 = ADVANCED_FACE ( 'E575', ( #918 ), #2527, .T. ) ;
#810 = COORDINATED_UNIVERSAL_TIME_OFFSET ( 3, 0, .BEHIND. ) ;
#811 = CIRCLE ( 'NONE', #1819, 23.99999999999999300 ) ;
#812 = DIRECTION ( 'NONE',  ( 0.0000000000000000000, 0.4999999999999998900, 0.8660254037844387100 ) ) ;
#813 = AXIS2_PLACEMENT_3D ( 'NONE', #718, #692, #684 ) ;
#814 = CARTESIAN_POINT ( 'NONE',  ( -20.00000000000000000, 0.0000000000000000000, -24.00000000000000000 ) ) ;
#815 = PLANE ( 'NONE',  #2260 ) ;
#816 = CIRCLE ( 'NONE', #1848, 70.00000000000000000 ) ;
#817 = FACE_OUTER_BOUND ( 'NONE', #2362, .T. ) ;
#818 = DIRECTION ( 'NONE',  ( 0.0000000000000000000, 0.0000000000000000000, 1.000000000000000000 ) ) ;
#819 = CARTESIAN_POINT ( 'NONE',  ( 8.200000000000001100, 0.0000000000000000000, 0.0000000000000000000 ) ) ;
#820 = FACE_OUTER_BOUND ( 'NONE', #2834, .T. ) ;
#821 = CARTESIAN_POINT ( 'NONE',  ( 10.80000000000000100, 0.0000000000000000000, 9.919311465961258600E-016 ) ) ;
#822 = AXIS2_PLACEMENT_3D ( 'NONE', #735, #714, #707 ) ;
#823 = FACE_OUTER_BOUND ( 'NONE', #2432, .T. ) ;
#824 = DIRECTION ( 'NONE',  ( 0.0000000000000000000, -0.8902636440658998600, 0.4554455445544559100 ) ) ;
#825 = CIRCLE ( 'NONE', #1878, 70.00000000000000000 ) ;
#826 = AXIS2_PLACEMENT_3D ( 'NONE', #741, #778, #796 ) ;
#827 = PLANE ( 'NONE',  #1865 ) ;
#828 = PLANE ( 'NONE',  #834 ) ;
#829 = VECTOR ( 'NONE', #824, 999.9999999999998900 ) ;
#830 = CONICAL_SURFACE ( 'NONE', #1936, 5.000000000000000000, 0.7853981633974469500 ) ;
#831 = CIRCLE ( 'NONE', #1908, 68.38222015369760200 ) ;
#832 = CARTESIAN_POINT ( 'NONE',  ( -11.26478424911356100, -64.03224213744799400, 24.00000000000000000 ) ) ;
#833 = CIRCLE ( 'NONE', #1901, 53.31744555021369800 ) ;
#834 = AXIS2_PLACEMENT_3D ( 'NONE', #777, #760, #755 ) ;
#835 = VECTOR ( 'NONE', #772, 1000.000000000000000 ) ;
#836 = CARTESIAN_POINT ( 'NONE',  ( 27.75662432702595300, 37.44999999999999600, -2.500000000000000000 ) ) ;
#837 = FACE_BOUND ( 'NONE', #2345, .T. ) ;
#838 = DIRECTION ( 'NONE',  ( -1.000000000000000000, 0.0000000000000000000, 0.0000000000000000000 ) ) ;
#839 = DIRECTION ( 'NONE',  ( 0.0000000000000000000, 1.000000000000000000, 0.0000000000000000000 ) ) ;
#840 = LINE ( 'NONE', #791, #829 ) ;
#841 = CARTESIAN_POINT ( 'NONE',  ( -13.50000000000000000, 0.0000000000000000000, 0.0000000000000000000 ) ) ;
#842 = AXIS2_PLACEMENT_3D ( 'NONE', #869, #873, #883 ) ;
#843 = AXIS2_PLACEMENT_3D ( 'NONE', #855, #852, #856 ) ;
#844 = CARTESIAN_POINT ( 'NONE',  ( 13.50000000000000000, 0.0000000000000000000, -220.0000000000000000 ) ) ;
#845 = FACE_OUTER_BOUND ( 'NONE', #2382, .T. ) ;
#846 = DIRECTION ( 'NONE',  ( 1.000000000000000000, 0.0000000000000000000, 0.0000000000000000000 ) ) ;
#847 = CARTESIAN_POINT ( 'NONE',  ( 26.31324865405184700, -18.72499999999999800, -32.43265137172724600 ) ) ;
#848 = EDGE_CURVE ( 'NONE', #90, #90, #940, .T. ) ;
#849 = LINE ( 'NONE', #799, #835 ) ;
#850 = DIRECTION ( 'NONE',  ( 0.0000000000000000000, 0.0000000000000000000, -1.000000000000000000 ) ) ;
#851 = CARTESIAN_POINT ( 'NONE',  ( 29.19999999999999900, 30.00000000000000000, 0.0000000000000000000 ) ) ;
#852 = DIRECTION ( 'NONE',  ( -6.123031769111887500E-017, -0.4999999999999998900, -0.8660254037844387100 ) ) ;
#853 = CARTESIAN_POINT ( 'NONE',  ( -12.80000000000000100, -101.0000000000000000, -24.00000000000000000 ) ) ;
#854 = TOROIDAL_SURFACE ( 'NONE', #1825, 70.00000000000000000, 1.619999999999999900 ) ;
#855 = CARTESIAN_POINT ( 'NONE',  ( 29.19999999999999900, -18.38669999999999800, -31.84669858352669900 ) ) ;
#856 = DIRECTION ( 'NONE',  ( 0.0000000000000000000, 0.8660254037844386000, -0.5000000000000002200 ) ) ;
#857 = DIRECTION ( 'NONE',  ( -2.788707538407394600E-017, 0.8902636440658998600, 0.4554455445544559100 ) ) ;
#858 = SPHERICAL_SURFACE ( 'NONE', #1952, 55.00000000000000000 ) ;
#859 = DIRECTION ( 'NONE',  ( -1.000000000000000000, 0.0000000000000000000, 0.0000000000000000000 ) ) ;
#860 = AXIS2_PLACEMENT_3D ( 'NONE', #912, #879, #878 ) ;
#861 = FACE_OUTER_BOUND ( 'NONE', #1278, .T. ) ;
#862 = PLANE ( 'NONE',  #1515 ) ;
#863 = LINE ( 'NONE', #706, #882 ) ;
#864 = CARTESIAN_POINT ( 'NONE',  ( 32.08675134594815100, 35.58749999999999900, -3.721444587325164800E-016 ) ) ;
#865 = VECTOR ( 'NONE', #2819, 999.9999999999998900 ) ;
#866 = DIRECTION ( 'NONE',  ( -0.5000000000000001100, 0.7500000000000001100, -0.4330127018922190800 ) ) ;
#867 = FACE_BOUND ( 'NONE', #1205, .T. ) ;
#868 = CIRCLE ( 'NONE', #1970, 5.000000000000000000 ) ;
#869 = CARTESIAN_POINT ( 'NONE',  ( 19.00000000000000000, 0.0000000000000000000, 2.939055249173705000E-015 ) ) ;
#870 = CYLINDRICAL_SURFACE ( 'NONE', #1966, 5.000000000000000000 ) ;
#871 = DIRECTION ( 'NONE',  ( -1.000000000000000000, 0.0000000000000000000, 0.0000000000000000000 ) ) ;
#872 = AXIS2_PLACEMENT_3D ( 'NONE', #962, #927, #925 ) ;
#873 = DIRECTION ( 'NONE',  ( -1.000000000000000000, 0.0000000000000000000, -6.123031769111888800E-017 ) ) ;
#874 = CIRCLE ( 'NONE', #1969, 46.99594154601839300 ) ;
#875 = PERSON_AND_ORGANIZATION ( #1635, #2560 ) ;
#876 = CARTESIAN_POINT ( 'NONE',  ( -29.00000000000000000, 0.0000000000000000000, 0.0000000000000000000 ) ) ;
#877 = FACE_OUTER_BOUND ( 'NONE', #2339, .T. ) ;
#878 = DIRECTION ( 'NONE',  ( 0.0000000000000000000, 0.0000000000000000000, 1.000000000000000000 ) ) ;
#879 = DIRECTION ( 'NONE',  ( -1.000000000000000000, 0.0000000000000000000, 0.0000000000000000000 ) ) ;
#880 = AXIS2_PLACEMENT_3D ( 'NONE', #1070, #1012, #1028 ) ;
#881 = DIRECTION ( 'NONE',  ( 1.000000000000000000, 0.0000000000000000000, 6.123031769111888800E-017 ) ) ;
#882 = VECTOR ( 'NONE', #857, 999.9999999999998900 ) ;
#883 = DIRECTION ( 'NONE',  ( -4.956352788505163400E-017, 0.0000000000000000000, 1.000000000000000000 ) ) ;
#884 = LINE ( 'NONE', #2787, #865 ) ;
#885 = DIRECTION ( 'NONE',  ( 4.956352788505163400E-017, 0.0000000000000000000, -1.000000000000000000 ) ) ;
#886 = CARTESIAN_POINT ( 'NONE',  ( 27.75662432702595300, -19.95881350946109800, -29.56967905717870000 ) ) ;
#887 = CARTESIAN_POINT ( 'NONE',  ( 26.31324865405184700, 35.58749999999999900, -1.110223024625155900E-015 ) ) ;
#888 = CONICAL_SURFACE ( 'NONE', #1975, 37.44999999999999600, 0.7853981633974482800 ) ;
#889 = FACE_OUTER_BOUND ( 'NONE', #2331, .T. ) ;
#890 = CARTESIAN_POINT ( 'NONE',  ( 30.64337567297405200, 37.44999999999999600, -2.500000000000000000 ) ) ;
#891 = DIRECTION ( 'NONE',  ( -1.000000000000000000, 0.0000000000000000000, -2.449212707644755000E-016 ) ) ;
#892 = AXIS2_PLACEMENT_3D ( 'NONE', #1089, #1062, #1044 ) ;
#893 = VECTOR ( 'NONE', #2773, 1000.000000000000000 ) ;
#894 = PLANE ( 'NONE',  #860 ) ;
#895 = FACE_OUTER_BOUND ( 'NONE', #2336, .T. ) ;
#896 = PLANE ( 'NONE',  #1842 ) ;
#897 = AXIS2_PLACEMENT_3D ( 'NONE', #1112, #1088, #1084 ) ;
#898 = CARTESIAN_POINT ( 'NONE',  ( -7.525000000000000400, -12.16344471463436400, -45.39459367007062000 ) ) ;
#899 = FACE_OUTER_BOUND ( 'NONE', #2307, .T. ) ;
#900 = DIRECTION ( 'NONE',  ( 0.0000000000000000000, 0.0000000000000000000, 1.000000000000000000 ) ) ;
#901 = VECTOR ( 'NONE', #2736, 1000.000000000000000 ) ;
#902 = CIRCLE ( 'NONE', #1989, 60.00000000000000000 ) ;
#903 = CIRCLE ( 'NONE', #1995, 46.99594154601839300 ) ;
#904 = LINE ( 'NONE', #2768, #893 ) ;
#905 = CARTESIAN_POINT ( 'NONE',  ( -20.00000000000000000, 0.0000000000000000000, -24.00000000000000000 ) ) ;
#906 = EDGE_CURVE ( 'E79', #2466, #1348, #2640, .T. ) ;
#907 = DIRECTION ( 'NONE',  ( -0.4999999999999998900, 0.0000000000000000000, -0.8660254037844387100 ) ) ;
#908 = COORDINATED_UNIVERSAL_TIME_OFFSET ( 3, 0, .BEHIND. ) ;
#909 = DIRECTION ( 'NONE',  ( 0.0000000000000000000, 0.0000000000000000000, 1.000000000000000000 ) ) ;
#910 = LINE ( 'NONE', #2750, #901 ) ;
#911 = CARTESIAN_POINT ( 'NONE',  ( -11.00000000000000000, 101.0000000000000000, 24.00000000000000000 ) ) ;
#912 = CARTESIAN_POINT ( 'NONE',  ( -25.39999999999999900, 31.09999999999999800, 0.0000000000000000000 ) ) ;
#913 = AXIS2_PLACEMENT_3D ( 'NONE', #923, #955, #937 ) ;
#914 = CIRCLE ( 'NONE', #2005, 11.50000000000000000 ) ;
#915 = AXIS2_PLACEMENT_3D ( 'NONE', #1120, #1122, #1102 ) ;
#916 = CARTESIAN_POINT ( 'NONE',  ( -11.18000000000000100, 0.0000000000000000000, 0.0000000000000000000 ) ) ;
#917 = CARTESIAN_POINT ( 'NONE',  ( 27.75662432702595300, -20.89006350946110000, -31.18265137172725000 ) ) ;
#918 = FACE_OUTER_BOUND ( 'NONE', #2649, .T. ) ;
#919 = DIRECTION ( 'NONE',  ( 1.000000000000000000, 0.0000000000000000000, 0.0000000000000000000 ) ) ;
#920 = AXIS2_PLACEMENT_3D ( 'NONE', #1146, #1137, #1151 ) ;
#921 = DIRECTION ( 'NONE',  ( 0.0000000000000000000, 0.4999999999999998900, 0.8660254037844387100 ) ) ;
#922 = DIRECTION ( 'NONE',  ( 1.000000000000000000, 0.0000000000000000000, 1.224606353822375800E-016 ) ) ;
#923 = CARTESIAN_POINT ( 'NONE',  ( -25.39999999999999900, 0.0000000000000000000, 0.0000000000000000000 ) ) ;
#924 = FACE_BOUND ( 'NONE', #2304, .T. ) ;
#925 = DIRECTION ( 'NONE',  ( 0.0000000000000000000, 0.0000000000000000000, -1.000000000000000000 ) ) ;
#926 = VECTOR ( 'NONE', #2698, 1000.000000000000000 ) ;
#927 = DIRECTION ( 'NONE',  ( 1.000000000000000000, 0.0000000000000000000, 0.0000000000000000000 ) ) ;
#928 = PLANE ( 'NONE',  #872 ) ;
#929 = CIRCLE ( 'NONE', #2026, 37.44999999999999600 ) ;
#930 = EDGE_CURVE ( 'E255', #2689, #2797, #960, .T. ) ;
#931 = VECTOR ( 'NONE', #2529, 1000.000000000000000 ) ;
#932 = DIRECTION ( 'NONE',  ( -1.000000000000000000, 0.0000000000000000000, 0.0000000000000000000 ) ) ;
#933 = CARTESIAN_POINT ( 'NONE',  ( -12.80000000000000100, 0.0000000000000000000, 0.0000000000000000000 ) ) ;
#934 = VECTOR ( 'NONE', #2402, 1000.000000000000000 ) ;
#935 = EDGE_CURVE ( 'NONE', #88, #88, #914, .T. ) ;
#936 = LINE ( 'NONE', #2386, #931 ) ;
#937 = DIRECTION ( 'NONE',  ( 0.0000000000000000000, 0.0000000000000000000, -1.000000000000000000 ) ) ;
#938 = CARTESIAN_POINT ( 'NONE',  ( -11.26478424911356100, 64.03224213744799400, 24.00000000000000000 ) ) ;
#939 = DIRECTION ( 'NONE',  ( 0.0000000000000000000, 0.0000000000000000000, 1.000000000000000000 ) ) ;
#940 = CIRCLE ( 'NONE', #2019, 53.36495391803409700 ) ;
#941 = DIRECTION ( 'NONE',  ( 0.0000000000000000000, 0.0000000000000000000, -1.000000000000000000 ) ) ;
#942 = EDGE_CURVE ( 'NONE', #87, #87, #903, .T. ) ;
#943 = CIRCLE ( 'NONE', #2039, 46.99594154601839300 ) ;
#944 = CIRCLE ( 'NONE', #2043, 37.44999999999999600 ) ;
#945 = CARTESIAN_POINT ( 'NONE',  ( 30.64337567297405200, 35.58749999999999900, 2.500000000000000000 ) ) ;
#946 = DIRECTION ( 'NONE',  ( 0.0000000000000000000, 0.8660254037844387100, -0.4999999999999998900 ) ) ;
#947 = AXIS2_PLACEMENT_3D ( 'NONE', #1194, #1173, #1149 ) ;
#948 = CIRCLE ( 'NONE', #2049, 52.37244555021370500 ) ;
#949 = DIRECTION ( 'NONE',  ( 0.5000000000000003300, 0.0000000000000000000, -0.8660254037844383700 ) ) ;
#950 = CIRCLE ( 'NONE', #2052, 37.44999999999999600 ) ;
#951 = AXIS2_PLACEMENT_3D ( 'NONE', #1167, #1165, #1159 ) ;
#952 = CARTESIAN_POINT ( 'NONE',  ( 5.253877201377625800, 47.02735861799019500, 48.31267753443764000 ) ) ;
#953 = CONICAL_SURFACE ( 'NONE', #2080, 66.71121246510169600, 0.05809788542202683900 ) ;
#954 = CARTESIAN_POINT ( 'NONE',  ( -11.17652282741075000, 64.02675981277926100, 24.00000000000000000 ) ) ;
#955 = DIRECTION ( 'NONE',  ( 1.000000000000000000, 0.0000000000000000000, 0.0000000000000000000 ) ) ;
#956 = CARTESIAN_POINT ( 'NONE',  ( 0.0000000000000000000, 0.0000000000000000000, 0.0000000000000000000 ) ) ;
#957 = CIRCLE ( 'NONE', #2075, 30.00000000000000000 ) ;
#958 = DIRECTION ( 'NONE',  ( 0.0000000000000000000, -0.4999999999999998900, -0.8660254037844387100 ) ) ;
#959 = DIRECTION ( 'NONE',  ( 0.0000000000000000000, -1.000000000000000000, 0.0000000000000000000 ) ) ;
#960 = LINE ( 'NONE', #2688, #926 ) ;
#961 = AXIS2_PLACEMENT_3D ( 'NONE', #1261, #1210, #1206 ) ;
#962 = CARTESIAN_POINT ( 'NONE',  ( 39.69999999999999600, 36.35000000000000100, 0.0000000000000000000 ) ) ;
#963 = CARTESIAN_POINT ( 'NONE',  ( 32.08675134594815100, 35.58749999999999900, 1.767567020076690100E-016 ) ) ;
#964 = CIRCLE ( 'NONE', #2066, 52.37244555021370500 ) ;
#965 = LINE ( 'NONE', #2380, #934 ) ;
#966 = CARTESIAN_POINT ( 'NONE',  ( -29.00000000000000000, -101.0000000000000000, -6.184262086803009900E-015 ) ) ;
#967 = DIRECTION ( 'NONE',  ( 0.0000000000000000000, 0.0000000000000000000, -1.000000000000000000 ) ) ;
#968 = DIRECTION ( 'NONE',  ( 1.000000000000000000, 0.0000000000000000000, 6.123031769111888800E-017 ) ) ;
#969 = FACE_OUTER_BOUND ( 'NONE', #1273, .T. ) ;
#970 = CARTESIAN_POINT ( 'NONE',  ( -11.08826141103819500, 64.02127740171393100, 24.00000000000000000 ) ) ;
#971 = DIRECTION ( 'NONE',  ( -1.000000000000000000, -4.163336342344340000E-016, 2.403703357979454600E-016 ) ) ;
#972 = CIRCLE ( 'NONE', #2036, 46.99594154601839300 ) ;
#973 = CARTESIAN_POINT ( 'NONE',  ( -12.80000000000000600, 65.54613259020771900, 24.00000000000000400 ) ) ;
#974 = CARTESIAN_POINT ( 'NONE',  ( -12.76285567886035800, 65.33286973064475900, 24.00000000000000000 ) ) ;
#975 = EDGE_CURVE ( 'NONE', #85, #85, #902, .T. ) ;
#976 = ADVANCED_FACE ( 'E1326', ( #924, #899 ), #888, .T. ) ;
#977 = CIRCLE ( 'NONE', #2085, 37.44999999999999600 ) ;
#978 = CARTESIAN_POINT ( 'NONE',  ( -11.00000000000000000, -101.0000000000000000, 0.0000000000000000000 ) ) ;
#979 = CARTESIAN_POINT ( 'NONE',  ( 5.157880764175593500, 47.44393347426873200, 47.91154256190196000 ) ) ;
#980 = CIRCLE ( 'NONE', #2091, 31.09999999999999800 ) ;
#981 = AXIS2_PLACEMENT_3D ( 'NONE', #1373, #1342, #1335 ) ;
#982 = DIRECTION ( 'NONE',  ( -1.000000000000000000, 0.0000000000000000000, 0.0000000000000000000 ) ) ;
#983 = CIRCLE ( 'NONE', #2095, 36.35000000000000100 ) ;
#984 = CIRCLE ( 'NONE', #2111, 31.09999999999999800 ) ;
#985 = DIRECTION ( 'NONE',  ( 0.0000000000000000000, -1.000000000000000000, 0.0000000000000000000 ) ) ;
#986 = CARTESIAN_POINT ( 'NONE',  ( -12.80000000000000100, 65.75712889109439600, 24.00000000000000000 ) ) ;
#987 = CIRCLE ( 'NONE', #2058, 37.44999999999999600 ) ;
#988 = EDGE_CURVE ( 'E188', #1855, #1461, #904, .T. ) ;
#989 = FACE_BOUND ( 'NONE', #2721, .T. ) ;
#990 = CARTESIAN_POINT ( 'NONE',  ( -11.00000000000000000, 64.01579490418531300, 24.00000000000000000 ) ) ;
#991 = FACE_OUTER_BOUND ( 'NONE', #2057, .T. ) ;
#992 = CARTESIAN_POINT ( 'NONE',  ( -12.61895795080266100, 64.93640677685581900, 24.00000000000000400 ) ) ;
#993 = CARTESIAN_POINT ( 'NONE',  ( -12.51054207151204900, 64.74890076459153900, 24.00000000000000400 ) ) ;
#994 = EDGE_CURVE ( 'E409', #1329, #2825, #910, .T. ) ;
#995 = CYLINDRICAL_SURFACE ( 'NONE', #2148, 70.00000000000000000 ) ;
#996 = CARTESIAN_POINT ( 'NONE',  ( -29.00000000000000000, 31.88118811881184600, 62.31845508461299900 ) ) ;
#997 = FACE_BOUND ( 'NONE', #1238, .T. ) ;
#998 = AXIS2_PLACEMENT_3D ( 'NONE', #1501, #1369, #1377 ) ;
#999 = CARTESIAN_POINT ( 'NONE',  ( -12.23529084712132300, 64.42931367823288700, 24.00000000000000400 ) ) ;
#1000 = CARTESIAN_POINT ( 'NONE',  ( -12.06476258569944800, 64.29328974247162900, 24.00000000000000400 ) ) ;
#1001 = CIRCLE ( 'NONE', #2157, 36.35000000000000100 ) ;
#1002 = CARTESIAN_POINT ( 'NONE',  ( -11.26478424911356100, -64.03224213744799400, -24.00000000000000000 ) ) ;
#1003 = AXIS2_PLACEMENT_3D ( 'NONE', #1397, #1401, #1436 ) ;
#1004 = CARTESIAN_POINT ( 'NONE',  ( -11.77948382376653300, 64.14874873832594900, 23.99999999999999600 ) ) ;
#1005 = ADVANCED_FACE ( 'E1317', ( #889, #895 ), #870, .F. ) ;
#1006 = AXIS2_PLACEMENT_3D ( 'NONE', #1253, #1246, #1239 ) ;
#1007 = DIRECTION ( 'NONE',  ( 2.788707538407394000E-017, 0.8902636440658997500, -0.4554455445544558500 ) ) ;
#1008 = AXIS2_PLACEMENT_3D ( 'NONE', #1481, #1419, #1407 ) ;
#1009 = TOROIDAL_SURFACE ( 'NONE', #2182, 42.22297077300920200, 6.750000000000000000 ) ;
#1010 = CARTESIAN_POINT ( 'NONE',  ( 32.08675134594815100, 37.44999999999999600, 1.767567020076690100E-016 ) ) ;
#1011 = FACE_OUTER_BOUND ( 'NONE', #2790, .T. ) ;
#1012 = DIRECTION ( 'NONE',  ( 1.000000000000000000, 0.0000000000000000000, 0.0000000000000000000 ) ) ;
#1013 = AXIS2_PLACEMENT_3D ( 'NONE', #1440, #1462, #1456 ) ;
#1014 = DIRECTION ( 'NONE',  ( 0.0000000000000000000, -1.000000000000000000, 0.0000000000000000000 ) ) ;
#1015 = CYLINDRICAL_SURFACE ( 'NONE', #2165, 0.6750000000000002700 ) ;
#1016 = CIRCLE ( 'NONE', #2226, 24.00000000000000000 ) ;
#1017 = CARTESIAN_POINT ( 'NONE',  ( 30.64337567297405200, -19.95881350946109800, -29.56967905717870000 ) ) ;
#1018 = CARTESIAN_POINT ( 'NONE',  ( 5.177498854548106000, 47.30444109496538400, 48.04764479389434200 ) ) ;
#1019 = FACE_OUTER_BOUND ( 'NONE', #2041, .T. ) ;
#1020 = CARTESIAN_POINT ( 'NONE',  ( 30.64337567297405200, 37.44999999999999600, -2.500000000000000000 ) ) ;
#1021 = EDGE_CURVE ( 'NONE', #84, #84, #874, .T. ) ;
#1022 = EDGE_CURVE ( 'NONE', #82, #82, #868, .T. ) ;
#1023 = DIRECTION ( 'NONE',  ( 0.0000000000000000000, 0.4999999999999998900, 0.8660254037844387100 ) ) ;
#1024 = VECTOR ( 'NONE', #1896, 1000.000000000000000 ) ;
#1025 = CARTESIAN_POINT ( 'NONE',  ( 5.157624572350260700, 47.58438239276311100, 47.77166528788229300 ) ) ;
#1026 = CARTESIAN_POINT ( 'NONE',  ( 26.98679965937704500, 29.66155833168444300, -4.495314708587555300 ) ) ;
#1027 = FACE_OUTER_BOUND ( 'NONE', #1987, .T. ) ;
#1028 = DIRECTION ( 'NONE',  ( 0.0000000000000000000, -1.000000000000000000, 0.0000000000000000000 ) ) ;
#1029 = FACE_OUTER_BOUND ( 'NONE', #1981, .T. ) ;
#1030 = LINE ( 'NONE', #1485, #1036 ) ;
#1031 = B_SPLINE_CURVE_WITH_KNOTS ( 'NONE', 3,
 ( #2281, #2082, #2287, #2298 ),
 .UNSPECIFIED., .F., .F.,
 ( 4, 4 ),
 ( 0.1298376050534395300, 0.1301028995931677000 ),
 .UNSPECIFIED. ) ;
#1032 = CYLINDRICAL_SURFACE ( 'NONE', #2172, 5.000000000000002700 ) ;
#1033 = CARTESIAN_POINT ( 'NONE',  ( 30.64337567297405200, -20.89006350946110000, -31.18265137172725000 ) ) ;
#1034 = DIRECTION ( 'NONE',  ( 0.0000000000000000000, -1.000000000000000000, 0.0000000000000000000 ) ) ;
#1035 = CARTESIAN_POINT ( 'NONE',  ( 26.14986036274843100, 29.73599916078166000, -3.975448035893274700 ) ) ;
#1036 = VECTOR ( 'NONE', #469, 1000.000000000000000 ) ;
#1037 = AXIS2_PLACEMENT_3D ( 'NONE', #1529, #1479, #1473 ) ;
#1038 = CARTESIAN_POINT ( 'NONE',  ( -29.00000000000000000, -111.9306930693070000, -21.36632745758159800 ) ) ;
#1039 = DIRECTION ( 'NONE',  ( -1.000000000000000000, 0.0000000000000000000, 0.0000000000000000000 ) ) ;
#1040 = CARTESIAN_POINT ( 'NONE',  ( 5.311562156299390700, 46.88829601346770200, 48.44294384838358500 ) ) ;
#1041 = CARTESIAN_POINT ( 'NONE',  ( -10.80000000000000100, 0.0000000000000000000, 3.306437155320419700E-016 ) ) ;
#1042 = VECTOR ( 'NONE', #1208, 1000.000000000000000 ) ;
#1043 = CARTESIAN_POINT ( 'NONE',  ( 5.461991772683997000, 46.62049349348287600, 48.68861291036681400 ) ) ;
#1044 = DIRECTION ( 'NONE',  ( 0.0000000000000000000, 0.0000000000000000000, 1.000000000000000000 ) ) ;
#1045 = LINE ( 'NONE', #516, #1024 ) ;
#1046 = DIRECTION ( 'NONE',  ( 5.451112575500818900E-017, -0.4554455445544559100, -0.8902636440658998600 ) ) ;
#1047 = AXIS2_PLACEMENT_3D ( 'NONE', #1564, #1513, #1505 ) ;
#1048 = LINE ( 'NONE', #1207, #1042 ) ;
#1049 = DIRECTION ( 'NONE',  ( 1.224606353822375800E-016, 0.0000000000000000000, -1.000000000000000000 ) ) ;
#1050 = CARTESIAN_POINT ( 'NONE',  ( 24.87660000000000000, -18.72499999999999800, -32.43265137172724600 ) ) ;
#1051 = FACE_OUTER_BOUND ( 'NONE', #2352, .T. ) ;
#1052 = DIRECTION ( 'NONE',  ( -1.000000000000000000, 0.0000000000000000000, 0.0000000000000000000 ) ) ;
#1053 = CARTESIAN_POINT ( 'NONE',  ( 32.08675134594815100, 35.58749999999999900, 1.767567020076690100E-016 ) ) ;
#1054 = VECTOR ( 'NONE', #1162, 1000.000000000000000 ) ;
#1055 = EDGE_CURVE ( 'E129', #1565, #1320, #884, .T. ) ;
#1056 = FACE_OUTER_BOUND ( 'NONE', #2366, .T. ) ;
#1057 = CARTESIAN_POINT ( 'NONE',  ( 17.37999999999999900, 0.0000000000000000000, 0.0000000000000000000 ) ) ;
#1058 = CARTESIAN_POINT ( 'NONE',  ( 5.771259382040725000, 46.24669216710617500, 49.01901378288897600 ) ) ;
#1059 = VECTOR ( 'NONE', #1161, 1000.000000000000000 ) ;
#1060 = EDGE_CURVE ( 'NONE', #80, #80, #1608, .T. ) ;
#1061 = CIRCLE ( 'NONE', #2216, 24.00000000000000000 ) ;
#1062 = DIRECTION ( 'NONE',  ( -1.000000000000000000, 0.0000000000000000000, 0.0000000000000000000 ) ) ;
#1063 = CYLINDRICAL_SURFACE ( 'NONE', #2211, 37.44999999999999600 ) ;
#1064 = CARTESIAN_POINT ( 'NONE',  ( 27.75662432702595300, 37.44999999999999600, -2.500000000000000000 ) ) ;
#1065 = LINE ( 'NONE', #1085, #1059 ) ;
#1066 = CARTESIAN_POINT ( 'NONE',  ( 6.651666768191704500, 45.64451629393504800, 49.51044932663333500 ) ) ;
#1067 = EDGE_CURVE ( 'NONE', #78, #78, #1927, .T. ) ;
#1068 = EDGE_CURVE ( 'NONE', #75, #75, #2154, .T. ) ;
#1069 = CARTESIAN_POINT ( 'NONE',  ( 5.553985831472534300, 46.49213549008718600, 48.80374004881584700 ) ) ;
#1070 = CARTESIAN_POINT ( 'NONE',  ( 13.50000000000000000, 0.0000000000000000000, 0.0000000000000000000 ) ) ;
#1071 = VECTOR ( 'NONE', #1147, 1000.000000000000000 ) ;
#1072 = DIRECTION ( 'NONE',  ( 0.0000000000000000000, 0.0000000000000000000, 1.000000000000000000 ) ) ;
#1073 = CARTESIAN_POINT ( 'NONE',  ( 7.374736659758489100, 45.39395279896487500, 49.68322228648600000 ) ) ;
#1074 = EDGE_CURVE ( 'E240', #2004, #1562, #863, .T. ) ;
#1075 = CARTESIAN_POINT ( 'NONE',  ( 32.08675134594815100, -17.79374999999999900, -30.81967905717870000 ) ) ;
#1076 = LINE ( 'NONE', #1129, #1054 ) ;
#1077 = LINE ( 'NONE', #1145, #1071 ) ;
#1078 = AXIS2_PLACEMENT_3D ( 'NONE', #1612, #1581, #1576 ) ;
#1079 = DIRECTION ( 'NONE',  ( -0.5000000000000001100, -0.7500000000000001100, 0.4330127018922190800 ) ) ;
#1080 = CARTESIAN_POINT ( 'NONE',  ( 19.00000000000000000, 111.9306930693070000, 21.36632745758159800 ) ) ;
#1081 = CARTESIAN_POINT ( 'NONE',  ( 30.64337567297405200, 35.58749999999999900, -2.500000000000000000 ) ) ;
#1082 = DIRECTION ( 'NONE',  ( -1.000000000000000000, 0.0000000000000000000, -4.807406715958909300E-016 ) ) ;
#1083 = FACE_OUTER_BOUND ( 'NONE', #2065, .T. ) ;
#1084 = DIRECTION ( 'NONE',  ( -2.788707538407394000E-017, 0.8902636440658997500, 0.4554455445544558500 ) ) ;
#1085 = CARTESIAN_POINT ( 'NONE',  ( 26.31324865405184700, 37.44999999999999600, -1.110223024625155900E-015 ) ) ;
#1086 = DIRECTION ( 'NONE',  ( 0.0000000000000000000, -1.000000000000000000, 0.0000000000000000000 ) ) ;
#1087 = VECTOR ( 'NONE', #1086, 1000.000000000000000 ) ;
#1088 = DIRECTION ( 'NONE',  ( 5.451112575500818900E-017, 0.4554455445544559100, -0.8902636440658998600 ) ) ;
#1089 = CARTESIAN_POINT ( 'NONE',  ( -24.29999999999999700, 0.0000000000000000000, 0.0000000000000000000 ) ) ;
#1090 = ADVANCED_FACE ( 'E0', ( #867, #861 ), #858, .F. ) ;
#1091 = FACE_OUTER_BOUND ( 'NONE', #2128, .T. ) ;
#1092 = CARTESIAN_POINT ( 'NONE',  ( 26.69522456802074800, 29.68501632554580300, -4.339774064185126800 ) ) ;
#1093 = PLANE ( 'NONE',  #897 ) ;
#1094 = AXIS2_PLACEMENT_3D ( 'NONE', #1623, #1601, #1596 ) ;
#1095 = VECTOR ( 'NONE', #1082, 1000.000000000000000 ) ;
#1096 = LINE ( 'NONE', #1081, #1095 ) ;
#1097 = CARTESIAN_POINT ( 'NONE',  ( -25.39999999999999900, 0.0000000000000000000, 0.0000000000000000000 ) ) ;
#1098 = ADVANCED_FACE ( 'E1181', ( #845 ), #621, .T. ) ;
#1099 = DIRECTION ( 'NONE',  ( 0.0000000000000000000, 0.0000000000000000000, 1.000000000000000000 ) ) ;
#1100 = LINE ( 'NONE', #1064, #1087 ) ;
#1101 = CARTESIAN_POINT ( 'NONE',  ( -12.80000000000000100, 0.0000000000000000000, 0.0000000000000000000 ) ) ;
#1102 = DIRECTION ( 'NONE',  ( 0.0000000000000000000, 0.0000000000000000000, 1.000000000000000000 ) ) ;
#1103 = FACE_OUTER_BOUND ( 'NONE', #2835, .T. ) ;
#1104 = TOROIDAL_SURFACE ( 'NONE', #2232, 65.09343261879929800, 1.619999999999999900 ) ;
#1105 = CARTESIAN_POINT ( 'NONE',  ( 32.97547589206394700, 37.24042068347637300, -3.957993573048766300 ) ) ;
#1106 = CARTESIAN_POINT ( 'NONE',  ( 6.173821164284500000, 45.91583897317313800, 49.29699034657907900 ) ) ;
#1107 = CIRCLE ( 'NONE', #2247, 70.00000000000000000 ) ;
#1108 = DIRECTION ( 'NONE',  ( 0.5000000000000001100, 0.7500000000000001100, -0.4330127018922190800 ) ) ;
#1109 = CARTESIAN_POINT ( 'NONE',  ( 25.89843199155735600, 29.76319696830318100, -3.769066384938104500 ) ) ;
#1110 = DIRECTION ( 'NONE',  ( -1.000000000000000000, 0.0000000000000000000, 0.0000000000000000000 ) ) ;
#1111 = FACE_OUTER_BOUND ( 'NONE', #2844, .T. ) ;
#1112 = CARTESIAN_POINT ( 'NONE',  ( 19.00000000000000000, 111.9306930693070000, -21.36632745758159800 ) ) ;
#1113 = TOROIDAL_SURFACE ( 'NONE', #2234, 52.37244555021370500, 2.700000000000000200 ) ;
#1114 = CARTESIAN_POINT ( 'NONE',  ( 5.897682718308470100, 46.12912119924471500, 49.11950704202481400 ) ) ;
#1115 = PLANE ( 'NONE',  #915 ) ;
#1116 = VECTOR ( 'NONE', #1034, 1000.000000000000000 ) ;
#1117 = DIRECTION ( 'NONE',  ( 0.0000000000000000000, 0.0000000000000000000, 1.000000000000000000 ) ) ;
#1118 = CARTESIAN_POINT ( 'NONE',  ( 6.324488281870470600, 45.81875626099289900, 49.37520972115095200 ) ) ;
#1119 = CARTESIAN_POINT ( 'NONE',  ( 6.825866677762145500, 45.56888363285186500, 49.56624238171201600 ) ) ;
#1120 = CARTESIAN_POINT ( 'NONE',  ( -13.50000000000000000, 0.0000000000000000000, -220.0000000000000000 ) ) ;
#1121 = FACE_OUTER_BOUND ( 'NONE', #2212, .T. ) ;
#1122 = DIRECTION ( 'NONE',  ( -1.000000000000000000, 0.0000000000000000000, 0.0000000000000000000 ) ) ;
#1123 = AXIS2_PLACEMENT_3D ( 'NONE', #1656, #1640, #1632 ) ;
#1124 = VECTOR ( 'NONE', #907, 1000.000000000000000 ) ;
#1125 = CARTESIAN_POINT ( 'NONE',  ( 25.43710549378748500, 29.81789592718647300, -3.308600559686526200 ) ) ;
#1126 = PLANE ( 'NONE',  #1525 ) ;
#1127 = DIRECTION ( 'NONE',  ( 0.0000000000000000000, 0.4999999999999998900, 0.8660254037844387100 ) ) ;
#1128 = LINE ( 'NONE', #1020, #1116 ) ;
#1129 = CARTESIAN_POINT ( 'NONE',  ( 27.75662432702595300, 37.44999999999999600, 2.500000000000000000 ) ) ;
#1130 = ADVANCED_FACE ( 'E1314', ( #877, #837 ), #830, .F. ) ;
#1131 = VECTOR ( 'NONE', #1014, 1000.000000000000000 ) ;
#1132 = DIRECTION ( 'NONE',  ( -0.8660254037844386000, 0.4330127018922193500, -0.2500000000000001700 ) ) ;
#1133 = LINE ( 'NONE', #1010, #1131 ) ;
#1134 = CARTESIAN_POINT ( 'NONE',  ( 32.08675134594815100, -18.72499999999999800, -32.43265137172724600 ) ) ;
#1135 = AXIS2_PLACEMENT_3D ( 'NONE', #1628, #1653, #1651 ) ;
#1136 = FACE_OUTER_BOUND ( 'NONE', #2210, .T. ) ;
#1137 = DIRECTION ( 'NONE',  ( -1.000000000000000000, 0.0000000000000000000, 0.0000000000000000000 ) ) ;
#1138 = CONICAL_SURFACE ( 'NONE', #2291, 4.323399999999999500, 0.7853981633974476100 ) ;
#1139 = FACE_OUTER_BOUND ( 'NONE', #2147, .T. ) ;
#1140 = CARTESIAN_POINT ( 'NONE',  ( 7.186073841075558000, 45.44408041434012800, 49.65229392051561100 ) ) ;
#1141 = VECTOR ( 'NONE', #949, 1000.000000000000100 ) ;
#1142 = AXIS2_PLACEMENT_3D ( 'NONE', #1666, #1663, #1662 ) ;
#1143 = TOROIDAL_SURFACE ( 'NONE', #2240, 42.22297077300920200, 6.750000000000000000 ) ;
#1144 = AXIS2_PLACEMENT_3D ( 'NONE', #1689, #1679, #1676 ) ;
#1145 = CARTESIAN_POINT ( 'NONE',  ( 27.75662432702595300, 35.58749999999999900, -2.500000000000000000 ) ) ;
#1146 = CARTESIAN_POINT ( 'NONE',  ( -25.39999999999999900, 0.0000000000000000000, 0.0000000000000000000 ) ) ;
#1147 = DIRECTION ( 'NONE',  ( -0.4999999999999998900, 0.0000000000000000000, 0.8660254037844387100 ) ) ;
#1148 = EDGE_CURVE ( 'E34', #1227, #1480, #831, .T. ) ;
#1149 = DIRECTION ( 'NONE',  ( 1.000000000000000000, 0.0000000000000000000, 0.0000000000000000000 ) ) ;
#1150 = FACE_BOUND ( 'NONE', #2420, .T. ) ;
#1151 = DIRECTION ( 'NONE',  ( 0.0000000000000000000, 0.0000000000000000000, 1.000000000000000000 ) ) ;
#1152 = DIRECTION ( 'NONE',  ( -6.123031769111887500E-017, -0.4999999999999998900, -0.8660254037844387100 ) ) ;
#1153 = CARTESIAN_POINT ( 'NONE',  ( 8.928914214052303700, 45.33139118632398400, 49.61793666728277000 ) ) ;
#1154 = LINE ( 'NONE', #945, #1141 ) ;
#1155 = AXIS2_PLACEMENT_3D ( 'NONE', #1714, #1709, #1703 ) ;
#1156 = CARTESIAN_POINT ( 'NONE',  ( 7.761249968750178100, 45.32147329461591300, 49.71893248644327200 ) ) ;
#1157 = CYLINDRICAL_SURFACE ( 'NONE', #2272, 0.6750000000000002700 ) ;
#1158 = LINE ( 'NONE', #963, #1124 ) ;
#1159 = DIRECTION ( 'NONE',  ( -2.788707538407394000E-017, -0.8902636440658997500, 0.4554455445544558500 ) ) ;
#1160 = CARTESIAN_POINT ( 'NONE',  ( 32.08675134594815100, -18.72499999999999800, -32.43265137172724600 ) ) ;
#1161 = DIRECTION ( 'NONE',  ( 0.0000000000000000000, -1.000000000000000000, 0.0000000000000000000 ) ) ;
#1162 = DIRECTION ( 'NONE',  ( 0.0000000000000000000, -1.000000000000000000, 0.0000000000000000000 ) ) ;
#1163 = FACE_OUTER_BOUND ( 'NONE', #2417, .T. ) ;
#1164 = EDGE_CURVE ( 'E273', #1221, #1594, #849, .T. ) ;
#1165 = DIRECTION ( 'NONE',  ( -5.451112575500818900E-017, 0.4554455445544559100, 0.8902636440658998600 ) ) ;
#1166 = PLANE ( 'NONE',  #1583 ) ;
#1167 = CARTESIAN_POINT ( 'NONE',  ( 19.00000000000000000, -111.9306930693070000, -21.36632745758159800 ) ) ;
#1168 = AXIS2_PLACEMENT_3D ( 'NONE', #1737, #1736, #1728 ) ;
#1169 = FACE_OUTER_BOUND ( 'NONE', #2842, .T. ) ;
#1170 = PLANE ( 'NONE',  #1543 ) ;
#1171 = FACE_OUTER_BOUND ( 'NONE', #2120, .T. ) ;
#1172 = FACE_OUTER_BOUND ( 'NONE', #2027, .T. ) ;
#1173 = DIRECTION ( 'NONE',  ( 0.0000000000000000000, 1.000000000000000000, 0.0000000000000000000 ) ) ;
#1174 = AXIS2_PLACEMENT_3D ( 'NONE', #1780, #1767, #1755 ) ;
#1175 = FACE_OUTER_BOUND ( 'NONE', #2022, .T. ) ;
#1176 = CARTESIAN_POINT ( 'NONE',  ( 29.19999999999999900, -19.22499999999999800, -33.29867677551170100 ) ) ;
#1177 = ORIENTED_EDGE ( 'NONE', *, *, #1179, .F. ) ;
#1178 = AXIS2_PLACEMENT_3D ( 'NONE', #1814, #1808, #1804 ) ;
#1179 = EDGE_CURVE ( 'E183', #1855, #1343, #840, .T. ) ;
#1180 = DIRECTION ( 'NONE',  ( 0.0000000000000000000, 0.8660254037844386000, -0.5000000000000002200 ) ) ;
#1181 = DIRECTION ( 'NONE',  ( 1.000000000000000000, 0.0000000000000000000, 0.0000000000000000000 ) ) ;
#1182 = ORIENTED_EDGE ( 'NONE', *, *, #2221, .F. ) ;
#1183 = EDGE_CURVE ( 'NONE', #74, #74, #833, .T. ) ;
#1184 = ORIENTED_EDGE ( 'NONE', *, *, #246, .F. ) ;
#1185 = CARTESIAN_POINT ( 'NONE',  ( 7.955563020645628000, 45.29957168131812800, 49.72358527890585100 ) ) ;
#1186 = CARTESIAN_POINT ( 'NONE',  ( 8.346251922210738500, 45.28375480322102900, 49.70725497912694400 ) ) ;
#1187 = ORIENTED_EDGE ( 'NONE', *, *, #1375, .F. ) ;
#1188 = DIRECTION ( 'NONE',  ( 0.0000000000000000000, 0.0000000000000000000, -1.000000000000000000 ) ) ;
#1189 = AXIS2_PLACEMENT_3D ( 'NONE', #1935, #1883, #1876 ) ;
#1190 = DIRECTION ( 'NONE',  ( 6.123031769111888800E-017, 0.0000000000000000000, -1.000000000000000000 ) ) ;
#1191 = EDGE_LOOP ( 'NONE', ( #1297 ) ) ;
#1192 = CARTESIAN_POINT ( 'NONE',  ( 23.65788298290159000, -19.75608454540906300, -31.81709868825136000 ) ) ;
#1193 = PLANE ( 'NONE',  #951 ) ;
#1194 = CARTESIAN_POINT ( 'NONE',  ( 0.0000000000000000000, 0.0000000000000000000, 0.0000000000000000000 ) ) ;
#1195 = ORIENTED_EDGE ( 'NONE', *, *, #1291, .F. ) ;
#1196 = CARTESIAN_POINT ( 'NONE',  ( 8.544692578283767000, 45.29021376049591700, 49.68576824256584200 ) ) ;
#1197 = CARTESIAN_POINT ( 'NONE',  ( 30.64337567297405200, -16.55993649053889900, -33.68265137172724600 ) ) ;
#1198 = EDGE_LOOP ( 'NONE', ( #2645, #2642, #2651, #2655 ) ) ;
#1199 = CARTESIAN_POINT ( 'NONE',  ( 9.115685427034133400, 45.36575020659550000, 49.57184155779944500 ) ) ;
#1200 = AXIS2_PLACEMENT_3D ( 'NONE', #1839, #1835, #1831 ) ;
#1201 = ADVANCED_FACE ( 'E1202', ( #823 ), #827, .T. ) ;
#1202 = ORIENTED_EDGE ( 'NONE', *, *, #1148, .T. ) ;
#1203 = CARTESIAN_POINT ( 'NONE',  ( 9.653952351205047600, 45.52411263183117300, 49.38394022233668300 ) ) ;
#1204 = AXIS2_PLACEMENT_3D ( 'NONE', #1894, #1922, #1891 ) ;
#1205 = EDGE_LOOP ( 'NONE', ( #1299 ) ) ;
#1206 = DIRECTION ( 'NONE',  ( 1.000000000000000000, 0.0000000000000000000, 0.0000000000000000000 ) ) ;
#1207 = CARTESIAN_POINT ( 'NONE',  ( 27.75662432702595300, 35.58749999999999900, 2.500000000000000000 ) ) ;
#1208 = DIRECTION ( 'NONE',  ( 1.000000000000000000, 0.0000000000000000000, 6.730369402342480500E-016 ) ) ;
#1209 = EDGE_LOOP ( 'NONE', ( #1295 ) ) ;
#1210 = DIRECTION ( 'NONE',  ( 0.0000000000000000000, 0.0000000000000000000, 1.000000000000000000 ) ) ;
#1211 = EDGE_CURVE ( 'E350', #1845, #1421, #825, .T. ) ;
#1212 = CARTESIAN_POINT ( 'NONE',  ( 23.59591130729785700, -19.45017657479095200, -32.00301753287425300 ) ) ;
#1213 = ORIENTED_EDGE ( 'NONE', *, *, #1722, .F. ) ;
#1214 = DIRECTION ( 'NONE',  ( 0.0000000000000000000, 0.0000000000000000000, -1.000000000000000000 ) ) ;
#1215 = ORIENTED_EDGE ( 'NONE', *, *, #2296, .F. ) ;
#1216 = ORIENTED_EDGE ( 'NONE', *, *, #1055, .F. ) ;
#1217 = ORIENTED_EDGE ( 'NONE', *, *, #2271, .T. ) ;
#1218 = CARTESIAN_POINT ( 'NONE',  ( 9.478475122013124500, 45.46196893096070800, 49.45495672718631400 ) ) ;
#1219 = CARTESIAN_POINT ( 'NONE',  ( 23.75755741384047000, -20.04785868206521500, -31.63378206469528900 ) ) ;
#1220 = PLANE ( 'NONE',  #961 ) ;
#1221 = VERTEX_POINT ( 'NONE', #853 ) ;
#1222 = ORIENTED_EDGE ( 'NONE', *, *, #2341, .F. ) ;
#1223 = CARTESIAN_POINT ( 'NONE',  ( 24.02745213094888000, -20.60574518421540100, -31.27324848582055900 ) ) ;
#1224 = PLANE ( 'NONE',  #1568 ) ;
#1225 = CARTESIAN_POINT ( 'NONE',  ( 24.20023382053375400, -20.87423399443683200, -31.09433340150936300 ) ) ;
#1226 = CARTESIAN_POINT ( 'NONE',  ( 24.60242898397477500, -21.36616518919952100, -30.75838421709697100 ) ) ;
#1227 = VERTEX_POINT ( 'NONE', #832 ) ;
#1228 = CARTESIAN_POINT ( 'NONE',  ( 27.75662432702595300, 35.58749999999999900, 2.500000000000000000 ) ) ;
#1229 = CARTESIAN_POINT ( 'NONE',  ( 27.75662432702595300, 37.44999999999999600, 2.500000000000000000 ) ) ;
#1230 = AXIS2_PLACEMENT_3D ( 'NONE', #1915, #1900, #1897 ) ;
#1231 = CARTESIAN_POINT ( 'NONE',  ( 24.83202222456596100, -21.59170631379823700, -30.60008364538067100 ) ) ;
#1232 = ORIENTED_EDGE ( 'NONE', *, *, #339, .F. ) ;
#1233 = CARTESIAN_POINT ( 'NONE',  ( 9.978703603846801300, 45.67058648009683000, 49.22274822269595500 ) ) ;
#1234 = ORIENTED_EDGE ( 'NONE', *, *, #2297, .F. ) ;
#1235 = DIRECTION ( 'NONE',  ( 0.5000000000000001100, -0.7500000000000001100, 0.4330127018922190800 ) ) ;
#1236 = CARTESIAN_POINT ( 'NONE',  ( 10.13007789279783400, 45.75538712661318600, 49.13198014735674200 ) ) ;
#1237 = CARTESIAN_POINT ( 'NONE',  ( 11.05187702961372400, 46.79223748313750500, 48.07093197340602600 ) ) ;
#1238 = EDGE_LOOP ( 'NONE', ( #1292 ) ) ;
#1239 = DIRECTION ( 'NONE',  ( 0.0000000000000000000, 0.8660254037844386000, -0.5000000000000002200 ) ) ;
#1240 = CARTESIAN_POINT ( 'NONE',  ( 25.34693370634007100, -22.00441577780494000, -30.30466279177343800 ) ) ;
#1241 = ORIENTED_EDGE ( 'NONE', *, *, #2221, .T. ) ;
#1242 = CARTESIAN_POINT ( 'NONE',  ( 25.62855150196728000, -22.18804018454597200, -30.17006298249101400 ) ) ;
#1243 = CARTESIAN_POINT ( 'NONE',  ( 26.22539958497955200, -22.50631062973914000, -29.93338954138325600 ) ) ;
#1244 = ORIENTED_EDGE ( 'NONE', *, *, #1783, .F. ) ;
#1245 = AXIS2_PLACEMENT_3D ( 'NONE', #1912, #1906, #1905 ) ;
#1246 = DIRECTION ( 'NONE',  ( -6.123031769111887500E-017, -0.4999999999999998900, -0.8660254037844387100 ) ) ;
#1247 = VERTEX_POINT ( 'NONE', #887 ) ;
#1248 = CARTESIAN_POINT ( 'NONE',  ( 10.40993322478583700, 45.94867796918608600, 48.92893350891824900 ) ) ;
#1249 = CARTESIAN_POINT ( 'NONE',  ( 26.54512865904019800, -22.64321842147011700, -29.82963215662025300 ) ) ;
#1250 = AXIS2_PLACEMENT_3D ( 'NONE', #2359, #2295, #2294 ) ;
#1251 = AXIS2_PLACEMENT_3D ( 'NONE', #2231, #2230, #2225 ) ;
#1252 = ADVANCED_FACE ( 'E1265', ( #817 ), #896, .T. ) ;
#1253 = CARTESIAN_POINT ( 'NONE',  ( 29.19999999999999900, -18.38669999999999800, -31.84669858352669900 ) ) ;
#1254 = ORIENTED_EDGE ( 'NONE', *, *, #1296, .F. ) ;
#1255 = ORIENTED_EDGE ( 'NONE', *, *, #906, .T. ) ;
#1256 = AXIS2_PLACEMENT_3D ( 'NONE', #1932, #1931, #1929 ) ;
#1257 = CARTESIAN_POINT ( 'NONE',  ( 27.20981731159561100, -22.86670852988831400, -29.65865701765353500 ) ) ;
#1258 = ORIENTED_EDGE ( 'NONE', *, *, #2305, .F. ) ;
#1259 = CARTESIAN_POINT ( 'NONE',  ( -12.80000000000000100, -101.0000000000000000, 0.0000000000000000000 ) ) ;
#1260 = AXIS2_PLACEMENT_3D ( 'NONE', #2353, #2346, #2335 ) ;
#1261 = CARTESIAN_POINT ( 'NONE',  ( -20.00000000000000000, 0.0000000000000000000, 24.00000000000000000 ) ) ;
#1262 = ORIENTED_EDGE ( 'NONE', *, *, #669, .T. ) ;
#1263 = CARTESIAN_POINT ( 'NONE',  ( 27.55110466805495100, -22.95258844797453400, -29.59201306096987600 ) ) ;
#1264 = PERSON_AND_ORGANIZATION ( #1635, #2560 ) ;
#1265 = CARTESIAN_POINT ( 'NONE',  ( 28.25095746105250100, -23.07534716808682200, -29.49638802523071800 ) ) ;
#1266 = ORIENTED_EDGE ( 'NONE', *, *, #2303, .T. ) ;
#1267 = CARTESIAN_POINT ( 'NONE',  ( 28.61304861739603900, -23.11208456411349500, -29.46751149436855100 ) ) ;
#1268 = AXIS2_PLACEMENT_3D ( 'NONE', #2447, #2443, #2438 ) ;
#1269 = ORIENTED_EDGE ( 'NONE', *, *, #2194, .T. ) ;
#1270 = EDGE_CURVE ( 'E570', #1965, #1921, #816, .T. ) ;
#1271 = CARTESIAN_POINT ( 'NONE',  ( 29.33095644206347800, -23.13357363406279200, -29.45064443245461700 ) ) ;
#1272 = CARTESIAN_POINT ( 'NONE',  ( 29.68811458313218700, -23.11909156050802100, -29.46205455702600400 ) ) ;
#1273 = EDGE_LOOP ( 'NONE', ( #1288, #1286, #1283, #1269, #1266, #1262, #1258, #1255 ) ) ;
#1274 = CARTESIAN_POINT ( 'NONE',  ( 30.39883958961023700, -23.03950288380800200, -29.52433505045173900 ) ) ;
#1275 = CARTESIAN_POINT ( 'NONE',  ( 30.64337567297405200, -15.62868649053890000, -32.06967905717869600 ) ) ;
#1276 = EDGE_LOOP ( 'NONE', ( #1244, #1241, #1234, #1232 ) ) ;
#1277 = CARTESIAN_POINT ( 'NONE',  ( 30.75442666959978400, -22.97338602104634100, -29.57598611001413100 ) ) ;
#1278 = EDGE_LOOP ( 'NONE', ( #1300 ) ) ;
#1279 = CARTESIAN_POINT ( 'NONE',  ( 19.00000000000000000, 0.0000000000000000000, 2.939055249173705000E-015 ) ) ;
#1280 = CARTESIAN_POINT ( 'NONE',  ( 30.64337567297405200, -19.95881350946109800, -29.56967905717870000 ) ) ;
#1281 = CARTESIAN_POINT ( 'NONE',  ( 31.43402412033041700, -22.79343203426452600, -29.71489316405358800 ) ) ;
#1282 = CARTESIAN_POINT ( 'NONE',  ( 31.76140888999216800, -22.67954305462334100, -29.80220130279059300 ) ) ;
#1283 = ORIENTED_EDGE ( 'NONE', *, *, #1148, .F. ) ;
#1284 = ADVANCED_FACE ( 'E596', ( #820 ), #854, .F. ) ;
#1285 = EDGE_CURVE ( 'E246', #2004, #2797, #805, .T. ) ;
#1286 = ORIENTED_EDGE ( 'NONE', *, *, #2811, .T. ) ;
#1287 = CARTESIAN_POINT ( 'NONE',  ( -11.00000000000000000, 101.0000000000000000, -24.00000000000000000 ) ) ;
#1288 = ORIENTED_EDGE ( 'NONE', *, *, #2308, .T. ) ;
#1289 = CARTESIAN_POINT ( 'NONE',  ( 32.23327912140781100, -22.47076896556181300, -29.95954999680378400 ) ) ;
#1290 = EDGE_CURVE ( 'E282', #1594, #1378, #811, .T. ) ;
#1291 = EDGE_CURVE ( 'E154', #1582, #1480, #1902, .T. ) ;
#1292 = ORIENTED_EDGE ( 'NONE', *, *, #1892, .T. ) ;
#1293 = CARTESIAN_POINT ( 'NONE',  ( 10.53414636542090000, 46.05427885050980300, 48.81968803389730000 ) ) ;
#1294 = CARTESIAN_POINT ( 'NONE',  ( 10.99529794975631500, 46.66029787720424300, 48.20354995578929200 ) ) ;
#1295 = ORIENTED_EDGE ( 'NONE', *, *, #848, .F. ) ;
#1296 = EDGE_CURVE ( 'NONE', #72, #72, #390, .T. ) ;
#1297 = ORIENTED_EDGE ( 'NONE', *, *, #2338, .T. ) ;
#1298 = DIRECTION ( 'NONE',  ( -1.000000000000000000, -4.163336342344340000E-016, 2.403703357979454600E-016 ) ) ;
#1299 = ORIENTED_EDGE ( 'NONE', *, *, #1183, .F. ) ;
#1300 = ORIENTED_EDGE ( 'NONE', *, *, #1322, .F. ) ;
#1301 = CARTESIAN_POINT ( 'NONE',  ( 32.38816740053093900, -22.39432546719354600, -30.01677980674207900 ) ) ;
#1302 = CARTESIAN_POINT ( 'NONE',  ( 32.68603973026191800, -22.23065014027761100, -30.13819963829305900 ) ) ;
#1303 = VERTEX_POINT ( 'NONE', #2251 ) ;
#1304 = CARTESIAN_POINT ( 'NONE',  ( 30.64337567297405200, -20.89006350946110000, -31.18265137172725000 ) ) ;
#1305 = CARTESIAN_POINT ( 'NONE',  ( 10.75117833788822200, 46.28137651654046900, 48.58701964722897100 ) ) ;
#1306 = VERTEX_POINT ( 'NONE', #1229 ) ;
#1307 = DIRECTION ( 'NONE',  ( -0.5000000000000001100, 0.7500000000000001100, -0.4330127018922190800 ) ) ;
#1308 = VERTEX_POINT ( 'NONE', #2280 ) ;
#1309 = AXIS2_PLACEMENT_3D ( 'NONE', #2468, #2467, #2456 ) ;
#1310 = VERTEX_POINT ( 'NONE', #1053 ) ;
#1311 = CARTESIAN_POINT ( 'NONE',  ( 32.82914498667639700, -22.14347782848181000, -30.20235089444007300 ) ) ;
#1312 = CARTESIAN_POINT ( 'NONE',  ( 33.24116238653774500, -21.86584035639723200, -30.40460434003301400 ) ) ;
#1313 = DIRECTION ( 'NONE',  ( 0.0000000000000000000, 0.4999999999999998900, 0.8660254037844387100 ) ) ;
#1314 = EDGE_CURVE ( 'E214', #2806, #1562, #800, .T. ) ;
#1315 = CARTESIAN_POINT ( 'NONE',  ( 10.84495822614472300, 46.40443020014932800, 48.46202453207745700 ) ) ;
#1316 = AXIS2_PLACEMENT_3D ( 'NONE', #2520, #2517, #2510 ) ;
#1317 = ORIENTED_EDGE ( 'NONE', *, *, #988, .T. ) ;
#1318 = CARTESIAN_POINT ( 'NONE',  ( 33.49296206065874800, -21.65943691195377200, -30.55241342953478400 ) ) ;
#1319 = DIRECTION ( 'NONE',  ( 1.000000000000000000, 0.0000000000000000000, 0.0000000000000000000 ) ) ;
#1320 = VERTEX_POINT ( 'NONE', #2262 ) ;
#1321 = CARTESIAN_POINT ( 'NONE',  ( 33.83397903259237400, -21.31439228897021100, -30.79316238680134900 ) ) ;
#1322 = EDGE_CURVE ( 'NONE', #71, #71, #792, .T. ) ;
#1323 = VERTEX_POINT ( 'NONE', #2457 ) ;
#1324 = CARTESIAN_POINT ( 'NONE',  ( 33.94140396349196500, -21.19330476890454700, -30.87667316176864700 ) ) ;
#1325 = VERTEX_POINT ( 'NONE', #2493 ) ;
#1326 = AXIS2_PLACEMENT_3D ( 'NONE', #2662, #2558, #2550 ) ;
#1327 = CARTESIAN_POINT ( 'NONE',  ( 34.13837128587075400, -20.94466425094179800, -31.04587173815025700 ) ) ;
#1328 = CARTESIAN_POINT ( 'NONE',  ( 34.22864894376544200, -20.81641871946302300, -31.13204751231662500 ) ) ;
#1329 = VERTEX_POINT ( 'NONE', #2863 ) ;
#1330 = DIRECTION ( 'NONE',  ( 1.000000000000000000, 0.0000000000000000000, 6.123031769111888800E-017 ) ) ;
#1331 = DIRECTION ( 'NONE',  ( 1.000000000000000000, 0.0000000000000000000, 6.123031769111888800E-017 ) ) ;
#1332 = AXIS2_PLACEMENT_3D ( 'NONE', #2530, #2526, #2525 ) ;
#1333 = CARTESIAN_POINT ( 'NONE',  ( 34.47484222944983400, -20.41964336606541500, -31.39492550166824700 ) ) ;
#1334 = VERTEX_POINT ( 'NONE', #135 ) ;
#1335 = DIRECTION ( 'NONE',  ( 1.224606353822375800E-016, 0.0000000000000000000, -1.000000000000000000 ) ) ;
#1336 = CARTESIAN_POINT ( 'NONE',  ( 34.60696326567083500, -20.13742625592433200, -31.57702858628575600 ) ) ;
#1337 = CARTESIAN_POINT ( 'NONE',  ( 34.79721593775703800, -19.54453896879570300, -31.94738904901500100 ) ) ;
#1338 = ORIENTED_EDGE ( 'NONE', *, *, #2734, .T. ) ;
#1339 = AXIS2_PLACEMENT_3D ( 'NONE', #2654, #2653, #2644 ) ;
#1340 = CARTESIAN_POINT ( 'NONE',  ( 34.85321843193924000, -19.24195388834358400, -32.13063726929237200 ) ) ;
#1341 = CARTESIAN_POINT ( 'NONE',  ( 34.88821822115740200, -18.62424984717110000, -32.49258312911004500 ) ) ;
#1342 = DIRECTION ( 'NONE',  ( 1.000000000000000000, 0.0000000000000000000, 1.224606353822375800E-016 ) ) ;
#1343 = VERTEX_POINT ( 'NONE', #2478 ) ;
#1344 = VERTEX_POINT ( 'NONE', #2349 ) ;
#1345 = CARTESIAN_POINT ( 'NONE',  ( 34.86591291636076300, -18.30569495806640000, -32.67306652243919300 ) ) ;
#1346 = CARTESIAN_POINT ( 'NONE',  ( 34.74422897465041900, -17.68496767136436500, -33.01317407248674100 ) ) ;
#1347 = CARTESIAN_POINT ( 'NONE',  ( -12.80000000000000100, -111.9306930693070000, -21.36632745758159800 ) ) ;
#1348 = VERTEX_POINT ( 'NONE', #138 ) ;
#1349 = CARTESIAN_POINT ( 'NONE',  ( 34.64580737651784400, -17.38008402883338700, -33.17450966239022100 ) ) ;
#1350 = CARTESIAN_POINT ( 'NONE',  ( 34.37365421570239500, -16.78201011742098500, -33.48103266938029100 ) ) ;
#1351 = AXIS2_PLACEMENT_3D ( 'NONE', #2674, #2670, #2666 ) ;
#1352 = VERTEX_POINT ( 'NONE', #42 ) ;
#1353 = CARTESIAN_POINT ( 'NONE',  ( 34.20325126817051900, -16.49682459460666500, -33.62210426373463400 ) ) ;
#1354 = PLANE ( 'NONE',  #981 ) ;
#1355 = ORIENTED_EDGE ( 'NONE', *, *, #1398, .T. ) ;
#1356 = CARTESIAN_POINT ( 'NONE',  ( 33.80250573232795800, -15.96025724500738000, -33.88010191100154600 ) ) ;
#1357 = CARTESIAN_POINT ( 'NONE',  ( 33.56864694773000200, -15.70543060053997500, -33.99861466370693800 ) ) ;
#1358 = VERTEX_POINT ( 'NONE', #48 ) ;
#1359 = CARTESIAN_POINT ( 'NONE',  ( 33.05647416938236900, -15.24522748305558300, -34.20744638802336400 ) ) ;
#1360 = AXIS2_PLACEMENT_3D ( 'NONE', #2751, #2720, #2718 ) ;
#1361 = CARTESIAN_POINT ( 'NONE',  ( 32.77803689860897400, -15.03843681961273800, -34.29851150121813700 ) ) ;
#1362 = ORIENTED_EDGE ( 'NONE', *, *, #557, .T. ) ;
#1363 = VERTEX_POINT ( 'NONE', #137 ) ;
#1364 = CARTESIAN_POINT ( 'NONE',  ( 32.32772619761763600, -14.76313944997701800, -34.41746950132594700 ) ) ;
#1365 = AXIS2_PLACEMENT_3D ( 'NONE', #2699, #2694, #2690 ) ;
#1366 = CARTESIAN_POINT ( 'NONE',  ( 32.17151693211455000, -14.67698840727243600, -34.45425671125602200 ) ) ;
#1367 = VERTEX_POINT ( 'NONE', #53 ) ;
#1368 = PRODUCT ( 'UCFL-212', 'UCFL-212', '', ( #241 ) ) ;
#1369 = DIRECTION ( 'NONE',  ( -1.000000000000000000, 0.0000000000000000000, -6.123031769111888800E-017 ) ) ;
#1370 = AXIS2_PLACEMENT_3D ( 'NONE', #2770, #2738, #2733 ) ;
#1371 = CARTESIAN_POINT ( 'NONE',  ( 11.14772002501320200, 47.20454850858735800, 47.65828445629976800 ) ) ;
#1372 = CARTESIAN_POINT ( 'NONE',  ( 31.85397173612627200, -14.51968783657107100, -34.52084094226079700 ) ) ;
#1373 = CARTESIAN_POINT ( 'NONE',  ( -13.25000000000000000, 0.0000000000000000000, -1.622603418814650100E-015 ) ) ;
#1374 = VERTEX_POINT ( 'NONE', #51 ) ;
#1375 = EDGE_CURVE ( 'E161', #1343, #1582, #786, .T. ) ;
#1376 = CARTESIAN_POINT ( 'NONE',  ( 31.69207917355382200, -14.44813224610249100, -34.55081579967205100 ) ) ;
#1377 = DIRECTION ( 'NONE',  ( 0.0000000000000000000, 0.0000000000000000000, 1.000000000000000000 ) ) ;
#1378 = VERTEX_POINT ( 'NONE', #61 ) ;
#1379 = VERTEX_POINT ( 'NONE', #54 ) ;
#1380 = CARTESIAN_POINT ( 'NONE',  ( 31.19731569321066900, -14.25428169217138000, -34.63145311324896600 ) ) ;
#1381 = ORIENTED_EDGE ( 'NONE', *, *, #1692, .F. ) ;
#1382 = ORIENTED_EDGE ( 'NONE', *, *, #1067, .F. ) ;
#1383 = CARTESIAN_POINT ( 'NONE',  ( 27.75662432702595300, -20.89006350946110000, -31.18265137172725000 ) ) ;
#1384 = DIRECTION ( 'NONE',  ( -0.5000000000000001100, 0.7500000000000001100, -0.4330127018922190800 ) ) ;
#1385 = CARTESIAN_POINT ( 'NONE',  ( 30.85537461888746300, -14.15261060481780000, -34.67293376270705400 ) ) ;
#1386 = CARTESIAN_POINT ( 'NONE',  ( 30.14711790072278000, -14.00641727087164800, -34.73224723335507500 ) ) ;
#1387 = ORIENTED_EDGE ( 'NONE', *, *, #1060, .F. ) ;
#1388 = AXIS2_PLACEMENT_3D ( 'NONE', #2793, #2786, #2839 ) ;
#1389 = ORIENTED_EDGE ( 'NONE', *, *, #1067, .T. ) ;
#1390 = ORIENTED_EDGE ( 'NONE', *, *, #942, .T. ) ;
#1391 = CARTESIAN_POINT ( 'NONE',  ( 29.79118932601917500, -13.96403091025272900, -34.74922351771325400 ) ) ;
#1392 = AXIS2_PLACEMENT_3D ( 'NONE', #2765, #2764, #2757 ) ;
#1393 = ORIENTED_EDGE ( 'NONE', *, *, #806, .T. ) ;
#1394 = CARTESIAN_POINT ( 'NONE',  ( 11.14735126271307000, 47.48197097696950700, 47.38192468468278000 ) ) ;
#1395 = CARTESIAN_POINT ( 'NONE',  ( 29.07589491498473300, -13.93815613829335500, -34.75961015044683900 ) ) ;
#1396 = CARTESIAN_POINT ( 'NONE',  ( -11.26478424911356100, 64.03224213744799400, 24.00000000000000000 ) ) ;
#1397 = CARTESIAN_POINT ( 'NONE',  ( 8.209220861717780000, 48.11161460330840400, 48.29539315504120400 ) ) ;
#1398 = EDGE_CURVE ( 'NONE', #70, #70, #784, .T. ) ;
#1399 = ORIENTED_EDGE ( 'NONE', *, *, #1060, .T. ) ;
#1400 = CARTESIAN_POINT ( 'NONE',  ( 28.71378260007265800, -13.95507613832398000, -34.75285508084987600 ) ) ;
#1401 = DIRECTION ( 'NONE',  ( 0.06162841671621927000, 0.7044160264027586900, 0.7071067811865476800 ) ) ;
#1402 = VERTEX_POINT ( 'NONE', #64 ) ;
#1403 = CARTESIAN_POINT ( 'NONE',  ( 27.99871706906508000, -14.04941055667065800, -34.71482607340966100 ) ) ;
#1404 = AXIS2_PLACEMENT_3D ( 'NONE', #2856, #2909, #2817 ) ;
#1405 = CARTESIAN_POINT ( 'NONE',  ( 27.65025820863777600, -14.12572100619649100, -34.68399241589565200 ) ) ;
#1406 = ORIENTED_EDGE ( 'NONE', *, *, #1021, .T. ) ;
#1407 = DIRECTION ( 'NONE',  ( -0.4999999999999998900, 0.0000000000000000000, 0.8660254037844387100 ) ) ;
#1408 = CARTESIAN_POINT ( 'NONE',  ( 11.12826687594390100, 47.06384244463882300, 47.79881401648058400 ) ) ;
#1409 = ORIENTED_EDGE ( 'NONE', *, *, #806, .F. ) ;
#1410 = PLANE ( 'NONE',  #1597 ) ;
#1411 = CARTESIAN_POINT ( 'NONE',  ( 27.14096060405603700, -14.28284358854217100, -34.61944663029639500 ) ) ;
#1412 = ORIENTED_EDGE ( 'NONE', *, *, #1692, .T. ) ;
#1413 = DIRECTION ( 'NONE',  ( -0.8660254037844387100, -0.4330127018922195200, 0.2500000000000000000 ) ) ;
#1414 = AXIS2_PLACEMENT_3D ( 'NONE', #2908, #2843, #2840 ) ;
#1415 = CARTESIAN_POINT ( 'NONE',  ( -11.37034183101915600, 64.03814999041145500, 24.00000000000000000 ) ) ;
#1416 = ORIENTED_EDGE ( 'NONE', *, *, #1021, .F. ) ;
#1417 = CARTESIAN_POINT ( 'NONE',  ( 26.97344110480741700, -14.34237156824348400, -34.59485694250547300 ) ) ;
#1418 = PLANE ( 'NONE',  #1617 ) ;
#1419 = DIRECTION ( 'NONE',  ( -0.8660254037844387100, 0.0000000000000000000, -0.4999999999999998900 ) ) ;
#1420 = ORIENTED_EDGE ( 'NONE', *, *, #2826, .F. ) ;
#1421 = VERTEX_POINT ( 'NONE', #73 ) ;
#1422 = CARTESIAN_POINT ( 'NONE',  ( 26.64304342001728500, -14.47611762000938600, -34.53910490625995100 ) ) ;
#1423 = PLANE ( 'NONE',  #1008 ) ;
#1424 = ORIENTED_EDGE ( 'NONE', *, *, #787, .T. ) ;
#1425 = CARTESIAN_POINT ( 'NONE',  ( 26.47981931683373700, -14.55060674503779200, -34.50782464182327700 ) ) ;
#1426 = ORIENTED_EDGE ( 'NONE', *, *, #942, .F. ) ;
#1427 = DIRECTION ( 'NONE',  ( 0.4999999999999999400, 0.7499999999999998900, -0.4330127018922194600 ) ) ;
#1428 = ORIENTED_EDGE ( 'NONE', *, *, #1647, .F. ) ;
#1429 = CARTESIAN_POINT ( 'NONE',  ( 26.31324865405184700, -18.72499999999999800, -32.43265137172724600 ) ) ;
#1430 = CARTESIAN_POINT ( 'NONE',  ( 26.31324865405184700, -18.72499999999999800, -32.43265137172724600 ) ) ;
#1431 = CARTESIAN_POINT ( 'NONE',  ( 26.00755100729401500, -14.79164317261266100, -34.40552666204021600 ) ) ;
#1432 = ORIENTED_EDGE ( 'NONE', *, *, #1647, .T. ) ;
#1433 = CARTESIAN_POINT ( 'NONE',  ( 25.71231419626140300, -14.97680327943998100, -34.32565192335503900 ) ) ;
#1434 = ADVANCED_FACE ( 'E833', ( #794, #803 ), #773, .F. ) ;
#1435 = ORIENTED_EDGE ( 'NONE', *, *, #787, .F. ) ;
#1436 = DIRECTION ( 'NONE',  ( -0.06162841671621931800, -0.7044160264027589100, 0.7071067811865473500 ) ) ;
#1437 = CARTESIAN_POINT ( 'NONE',  ( 11.12816424718015700, 47.61999727670940500, 47.24477720408280100 ) ) ;
#1438 = CARTESIAN_POINT ( 'NONE',  ( 25.16165696271198400, -15.39575815172570300, -34.13979565504079300 ) ) ;
#1439 = ORIENTED_EDGE ( 'NONE', *, *, #623, .F. ) ;
#1440 = CARTESIAN_POINT ( 'NONE',  ( -13.50000000000000000, 0.0000000000000000000, 0.0000000000000000000 ) ) ;
#1441 = CARTESIAN_POINT ( 'NONE',  ( 24.90397303020975900, -15.63264117571535100, -34.03234958473331800 ) ) ;
#1442 = ORIENTED_EDGE ( 'NONE', *, *, #680, .F. ) ;
#1443 = CARTESIAN_POINT ( 'NONE',  ( 24.45227512687854000, -16.13778512680019300, -33.79574203338925300 ) ) ;
#1444 = AXIS2_PLACEMENT_3D ( 'NONE', #2927, #2925, #2931 ) ;
#1445 = AXIS2_PLACEMENT_3D ( 'NONE', #2947, #2955, #2943 ) ;
#1446 = CARTESIAN_POINT ( 'NONE',  ( 24.25599353398211000, -16.40684900125422300, -33.66629919381016800 ) ) ;
#1447 = ORIENTED_EDGE ( 'NONE', *, *, #1068, .F. ) ;
#1448 = ORIENTED_EDGE ( 'NONE', *, *, #680, .T. ) ;
#1449 = CARTESIAN_POINT ( 'NONE',  ( 24.00797506227879900, -16.83546967730708800, -33.45287632825834800 ) ) ;
#1450 = CARTESIAN_POINT ( 'NONE',  ( 11.05099856490578400, 47.89472220811392600, 46.97266072060224200 ) ) ;
#1451 = AXIS2_PLACEMENT_3D ( 'NONE', #2919, #2924, #2917 ) ;
#1452 = DIRECTION ( 'NONE',  ( 0.0000000000000000000, 0.0000000000000000000, -1.000000000000000000 ) ) ;
#1453 = ORIENTED_EDGE ( 'NONE', *, *, #617, .T. ) ;
#1454 = CARTESIAN_POINT ( 'NONE',  ( 23.93269128537246400, -16.98353760006363100, -33.37799132655870000 ) ) ;
#1455 = CARTESIAN_POINT ( 'NONE',  ( 23.80114464706834800, -17.28300196561450300, -33.22391755144429500 ) ) ;
#1456 = DIRECTION ( 'NONE',  ( 0.0000000000000000000, 1.000000000000000000, 0.0000000000000000000 ) ) ;
#1457 = AXIS2_PLACEMENT_3D ( 'NONE', #2974, #172, #2969 ) ;
#1458 = ORIENTED_EDGE ( 'NONE', *, *, #742, .T. ) ;
#1459 = CARTESIAN_POINT ( 'NONE',  ( 23.74483357954987300, -17.43413800757451800, -33.14488128884484300 ) ) ;
#1460 = ORIENTED_EDGE ( 'NONE', *, *, #1068, .T. ) ;
#1461 = VERTEX_POINT ( 'NONE', #95 ) ;
#1462 = DIRECTION ( 'NONE',  ( -1.000000000000000000, 0.0000000000000000000, 0.0000000000000000000 ) ) ;
#1463 = AXIS2_PLACEMENT_3D ( 'NONE', #2937, #2936, #2933 ) ;
#1464 = CARTESIAN_POINT ( 'NONE',  ( 10.84322305687578200, 48.28712690127991900, 46.58653649364116900 ) ) ;
#1465 = CARTESIAN_POINT ( 'NONE',  ( 23.60386188045140100, -17.89154507826923200, -32.90158673358089200 ) ) ;
#1466 = ORIENTED_EDGE ( 'NONE', *, *, #708, .T. ) ;
#1467 = ORIENTED_EDGE ( 'NONE', *, *, #742, .F. ) ;
#1468 = CARTESIAN_POINT ( 'NONE',  ( -29.00000000000000000, 101.0000000000000000, -6.184262086803009900E-015 ) ) ;
#1469 = AXIS2_PLACEMENT_3D ( 'NONE', #2850, #2849, #2845 ) ;
#1470 = VERTEX_POINT ( 'NONE', #89 ) ;
#1471 = CARTESIAN_POINT ( 'NONE',  ( 10.53034725637856700, 48.64747510585821300, 46.23647789968323700 ) ) ;
#1472 = CARTESIAN_POINT ( 'NONE',  ( 23.54685728341982200, -18.20175704128232000, -32.73118367082624000 ) ) ;
#1473 = DIRECTION ( 'NONE',  ( -1.000000000000000000, -5.828670879282079700E-016, 3.365184701171235300E-016 ) ) ;
#1474 = ORIENTED_EDGE ( 'NONE', *, *, #623, .T. ) ;
#1475 = CARTESIAN_POINT ( 'NONE',  ( -11.47689395488111300, 64.05546251723264100, 23.99999999999999600 ) ) ;
#1476 = ORIENTED_EDGE ( 'NONE', *, *, #708, .F. ) ;
#1477 = CARTESIAN_POINT ( 'NONE',  ( 23.51156666401260900, -18.83297756384542200, -32.37210681996042200 ) ) ;
#1478 = CARTESIAN_POINT ( 'NONE',  ( 23.53393963169411400, -19.14426860417281200, -32.18893637749716400 ) ) ;
#1479 = DIRECTION ( 'NONE',  ( 6.730369402342479500E-016, -0.8660254037844387100, 0.4999999999999998900 ) ) ;
#1480 = VERTEX_POINT ( 'NONE', #94 ) ;
#1481 = CARTESIAN_POINT ( 'NONE',  ( 30.64337567297405200, 37.44999999999999600, 2.500000000000000000 ) ) ;
#1482 = CARTESIAN_POINT ( 'NONE',  ( 23.59591130729785700, -19.45017657479095200, -32.00301753287425300 ) ) ;
#1483 = DIRECTION ( 'NONE',  ( 1.000000000000000000, 5.828670879282079700E-016, -3.365184701171235300E-016 ) ) ;
#1484 = ORIENTED_EDGE ( 'NONE', *, *, #580, .T. ) ;
#1485 = CARTESIAN_POINT ( 'NONE',  ( 30.64337567297405200, 37.44999999999999600, 2.500000000000000000 ) ) ;
#1486 = AXIS2_PLACEMENT_3D ( 'NONE', #480, #648, #513 ) ;
#1487 = CARTESIAN_POINT ( 'NONE',  ( 27.75662432702595300, -16.55993649053889900, -33.68265137172724600 ) ) ;
#1488 = PLANE ( 'NONE',  #1037 ) ;
#1489 = ORIENTED_EDGE ( 'NONE', *, *, #617, .F. ) ;
#1490 = CARTESIAN_POINT ( 'NONE',  ( 29.20000000000000300, -10.46007243882684400, -28.11737691489900500 ) ) ;
#1491 = CARTESIAN_POINT ( 'NONE',  ( 29.53094333231932500, -10.46007243882684500, -28.11737691489900500 ) ) ;
#1492 = AXIS2_PLACEMENT_3D ( 'NONE', #2962, #2959, #2958 ) ;
#1493 = ORIENTED_EDGE ( 'NONE', *, *, #595, .F. ) ;
#1494 = CARTESIAN_POINT ( 'NONE',  ( 29.85623878976500800, -10.49102132165403800, -28.10591819907796200 ) ) ;
#1495 = CARTESIAN_POINT ( 'NONE',  ( 30.33608416528577200, -10.58165427018686000, -28.07186553210174300 ) ) ;
#1496 = VERTEX_POINT ( 'NONE', #91 ) ;
#1497 = AXIS2_PLACEMENT_3D ( 'NONE', #821, #891, #678 ) ;
#1498 = AXIS2_PLACEMENT_3D ( 'NONE', #844, #765, #748 ) ;
#1499 = CARTESIAN_POINT ( 'NONE',  ( 30.49467311110805300, -10.61928436946446100, -28.05767514313811300 ) ) ;
#1500 = VERTEX_POINT ( 'NONE', #100 ) ;
#1501 = CARTESIAN_POINT ( 'NONE',  ( 19.00000000000000000, -101.0000000000000000, -3.245206837629299700E-015 ) ) ;
#1502 = ORIENTED_EDGE ( 'NONE', *, *, #595, .T. ) ;
#1503 = CARTESIAN_POINT ( 'NONE',  ( 30.80907701220587200, -10.70961477139376000, -28.02332040293880400 ) ) ;
#1504 = CARTESIAN_POINT ( 'NONE',  ( 30.64337567297405200, -16.55993649053889900, -33.68265137172724600 ) ) ;
#1505 = DIRECTION ( 'NONE',  ( 0.0000000000000000000, 0.0000000000000000000, -1.000000000000000000 ) ) ;
#1506 = ORIENTED_EDGE ( 'NONE', *, *, #580, .F. ) ;
#1507 = CARTESIAN_POINT ( 'NONE',  ( 30.96519095633628300, -10.76252931154113300, -28.00307127842717500 ) ) ;
#1508 = AXIS2_PLACEMENT_3D ( 'NONE', #415, #479, #624 ) ;
#1509 = ORIENTED_EDGE ( 'NONE', *, *, #2454, .T. ) ;
#1510 = ORIENTED_EDGE ( 'NONE', *, *, #1701, .F. ) ;
#1511 = B_SPLINE_CURVE_WITH_KNOTS ( 'NONE', 3,
 ( #2538, #2704, #2685, #2669, #2652, #2552, #2555, #2556, #2561, #2571, #2579, #2584, #2587, #2596, #2605, #2606, #2608, #2615, #2616, #2621, #2623, #2629, #2631, #2632, #2636, #2638 ),
 .UNSPECIFIED., .T., .F.,
 ( 4, 2, 2, 2, 2, 2, 2, 2, 2, 2, 2, 2, 4 ),
 ( 0.0000000000000000000, 0.0002637684291908245900, 0.0005275368583816491800, 0.001055073716763294700, 0.001318842145954114700, 0.001582610575144934900, 0.001846379004335756800, 0.002110147433526578900, 0.002637684291908231500, 0.002901452721099058200, 0.003165221150289884900, 0.003692758008671532200, 0.004220294867053180400 ),
 .UNSPECIFIED. ) ;
#1512 = CARTESIAN_POINT ( 'NONE',  ( 31.41909712618284800, -10.94033443466684700, -27.93430212630096000 ) ) ;
#1513 = DIRECTION ( 'NONE',  ( 0.0000000000000000000, -1.000000000000000000, 0.0000000000000000000 ) ) ;
#1514 = ORIENTED_EDGE ( 'NONE', *, *, #1947, .F. ) ;
#1515 = AXIS2_PLACEMENT_3D ( 'NONE', #905, #967, #859 ) ;
#1516 = CARTESIAN_POINT ( 'NONE',  ( 31.70604803355593800, -11.08493871646330000, -27.87754806937307700 ) ) ;
#1517 = CARTESIAN_POINT ( 'NONE',  ( 32.24911256448980600, -11.42452897972964500, -27.74010977446323500 ) ) ;
#1518 = ORIENTED_EDGE ( 'NONE', *, *, #571, .F. ) ;
#1519 = PLANE ( 'NONE',  #1047 ) ;
#1520 = CARTESIAN_POINT ( 'NONE',  ( 32.50578436051746700, -11.62095820010134900, -27.65876117666982400 ) ) ;
#1521 = CARTESIAN_POINT ( 'NONE',  ( 10.12924050336723500, 48.95756898789391400, 45.94202197805081800 ) ) ;
#1522 = VERTEX_POINT ( 'NONE', #98 ) ;
#1523 = CARTESIAN_POINT ( 'NONE',  ( 32.96608466306341300, -12.04699715662665800, -27.47587303116663500 ) ) ;
#1524 = ORIENTED_EDGE ( 'NONE', *, *, #405, .T. ) ;
#1525 = AXIS2_PLACEMENT_3D ( 'NONE', #1050, #958, #946 ) ;
#1526 = CARTESIAN_POINT ( 'NONE',  ( 33.17284913272737200, -12.27822538896900400, -27.37371823265942400 ) ) ;
#1527 = CARTESIAN_POINT ( 'NONE',  ( 33.53839352949947300, -12.77679749772153400, -27.14458904248820300 ) ) ;
#1528 = ORIENTED_EDGE ( 'NONE', *, *, #526, .T. ) ;
#1529 = CARTESIAN_POINT ( 'NONE',  ( 27.75662432702595300, -16.55993649053889900, -33.68265137172724600 ) ) ;
#1530 = ADVANCED_FACE ( 'E707', ( #775, #779 ), #159, .T. ) ;
#1531 = CARTESIAN_POINT ( 'NONE',  ( 33.69336462075818200, -13.03964905656280300, -27.01959173164447500 ) ) ;
#1532 = ORIENTED_EDGE ( 'NONE', *, *, #377, .T. ) ;
#1533 = CARTESIAN_POINT ( 'NONE',  ( 33.94292528444257300, -13.57970692453507200, -26.75223999419120700 ) ) ;
#1534 = CARTESIAN_POINT ( 'NONE',  ( 34.03923938445625900, -13.86090502720049900, -26.60788689227084100 ) ) ;
#1535 = ORIENTED_EDGE ( 'NONE', *, *, #571, .T. ) ;
#1536 = ORIENTED_EDGE ( 'NONE', *, *, #591, .F. ) ;
#1537 = CARTESIAN_POINT ( 'NONE',  ( 34.16791214897013200, -14.43059292288849700, -26.30327585945961000 ) ) ;
#1538 = CARTESIAN_POINT ( 'NONE',  ( 34.19981166793341700, -14.71455689122362300, -26.14552652470620200 ) ) ;
#1539 = ORIENTED_EDGE ( 'NONE', *, *, #1701, .T. ) ;
#1540 = CARTESIAN_POINT ( 'NONE',  ( 34.20018668512607700, -15.28047264905398500, -25.81886708166499700 ) ) ;
#1541 = CARTESIAN_POINT ( 'NONE',  ( 34.16759234774888700, -15.56520047827144100, -25.64814976842029600 ) ) ;
#1542 = ORIENTED_EDGE ( 'NONE', *, *, #557, .F. ) ;
#1543 = AXIS2_PLACEMENT_3D ( 'NONE', #1080, #1046, #1007 ) ;
#1544 = ORIENTED_EDGE ( 'NONE', *, *, #1322, .T. ) ;
#1545 = CARTESIAN_POINT ( 'NONE',  ( 34.03979062710993700, -16.11047448499987000, -25.30920117941828800 ) ) ;
#1546 = CARTESIAN_POINT ( 'NONE',  ( 33.94523767697326400, -16.37298122032884600, -25.13996202085238400 ) ) ;
#1547 = ORIENTED_EDGE ( 'NONE', *, *, #591, .T. ) ;
#1548 = ORIENTED_EDGE ( 'NONE', *, *, #848, .T. ) ;
#1549 = ORIENTED_EDGE ( 'NONE', *, *, #392, .T. ) ;
#1550 = CARTESIAN_POINT ( 'NONE',  ( 10.99313826139579800, 48.02963743323712000, 46.83946955808367100 ) ) ;
#1551 = CARTESIAN_POINT ( 'NONE',  ( -12.80000000000000100, 122.8708551808102000, 0.0000000000000000000 ) ) ;
#1552 = ORIENTED_EDGE ( 'NONE', *, *, #1836, .F. ) ;
#1553 = B_SPLINE_CURVE_WITH_KNOTS ( 'NONE', 3,
 ( #1731, #1735, #1738, #1739, #1742, #1744, #1745, #1749, #1750, #1753, #1754, #1758, #1763, #1764, #1769, #1770, #1772, #1778, #1779, #1105, #217, #142, #1784, #1785, #1788, #1798, #1790, #1786, #1791, #1794, #1800, #225, #221, #220, #132, #144, #1810, #1806, #1803, #2944, #2946, #2948, #2949, #2952, #2960, #2967, #2971, #2972, #17, #18, #44, #27, #29, #2656, #2977, #102, #134, #121, #122, #140, #147, #149, #35, #170, #173, #32, #2488, #151, #174, #188, #2918, #194, #330, #2311, #357, #128, #2709, #381, #334, #391, #252, #367 ),
 .UNSPECIFIED., .T., .F.,
 ( 4, 2, 2, 2, 2, 2, 2, 2, 2, 2, 2, 2, 2, 2, 2, 2, 2, 2, 2, 2, 2, 2, 2, 2, 2, 2, 2, 2, 2, 2, 2, 2, 2, 2, 2, 2, 2, 2, 2, 2, 4 ),
 ( 0.0000000000000000000, 0.001077010635015917700, 0.002154021270031835300, 0.003231031905047753000, 0.003769537222555706400, 0.004308042540063659400, 0.005385053175079577500, 0.006462063810095494700, 0.007539074445111402400, 0.008616085080127310100, 0.009154590397635262200, 0.009693095715143216000, 0.01077010635015912200, 0.01130861166766707200, 0.01184711698517502400, 0.01292412762019093600, 0.01346263293769889100, 0.01400113825520684700, 0.01453964357271480100, 0.01507814889022275600, 0.01615515952523866700, 0.01723217016025457500, 0.01830918079527048600, 0.01938619143028639700, 0.02046320206530230500, 0.02154021270031821600, 0.02261722333533412700, 0.02369423397035003800, 0.02477124460536594600, 0.02584825524038185700, 0.02638676055788981300, 0.02692526587539776800, 0.02800227651041367300, 0.02907928714542958000, 0.02961779246293753600, 0.03015629778044548800, 0.03123330841546139600, 0.03177181373296934800, 0.03231031905047730700, 0.03338732968549321800, 0.03446434032050912200 ),
 .UNSPECIFIED. ) ;
#1554 = ORIENTED_EDGE ( 'NONE', *, *, #543, .T. ) ;
#1555 = CARTESIAN_POINT ( 'NONE',  ( 33.75706542850770100, -16.75211608473285800, -24.88754021184938400 ) ) ;
#1556 = CARTESIAN_POINT ( 'NONE',  ( 33.68617186911918500, -16.87652579941818600, -24.80330405509308600 ) ) ;
#1557 = ORIENTED_EDGE ( 'NONE', *, *, #416, .T. ) ;
#1558 = CARTESIAN_POINT ( 'NONE',  ( 33.53156324198567300, -17.11544094453453000, -24.63904820365379300 ) ) ;
#1559 = EDGE_CURVE ( 'E1224', #1247, #2729, #781, .T. ) ;
#1560 = CARTESIAN_POINT ( 'NONE',  ( 33.44764471275460200, -17.23050655923571700, -24.55866653015438300 ) ) ;
#1561 = ORIENTED_EDGE ( 'NONE', *, *, #491, .T. ) ;
#1562 = VERTEX_POINT ( 'NONE', #97 ) ;
#1563 = DIRECTION ( 'NONE',  ( 1.000000000000000000, 0.0000000000000000000, 0.0000000000000000000 ) ) ;
#1564 = CARTESIAN_POINT ( 'NONE',  ( 29.19999999999999900, 30.00000000000000000, 0.0000000000000000000 ) ) ;
#1565 = VERTEX_POINT ( 'NONE', #126 ) ;
#1566 = CARTESIAN_POINT ( 'NONE',  ( -11.68092949436261000, 64.11081695418099000, 24.00000000000000400 ) ) ;
#1567 = CARTESIAN_POINT ( 'NONE',  ( 30.64337567297405200, -16.55993649053889900, -33.68265137172724600 ) ) ;
#1568 = AXIS2_PLACEMENT_3D ( 'NONE', #1160, #1132, #1108 ) ;
#1569 = CARTESIAN_POINT ( 'NONE',  ( 33.17645696610014000, -17.56309443616082100, -24.32306612940190500 ) ) ;
#1570 = CARTESIAN_POINT ( 'NONE',  ( 32.96926518610051500, -17.76867164998422400, -24.17290407015993700 ) ) ;
#1571 = ORIENTED_EDGE ( 'NONE', *, *, #2869, .T. ) ;
#1572 = EDGE_CURVE ( 'E193', #1461, #2806, #790, .T. ) ;
#1573 = ORIENTED_EDGE ( 'NONE', *, *, #543, .F. ) ;
#1574 = ORIENTED_EDGE ( 'NONE', *, *, #1836, .T. ) ;
#1575 = CARTESIAN_POINT ( 'NONE',  ( 32.50382735148363600, -18.14435712269450500, -23.89220140535888600 ) ) ;
#1576 = DIRECTION ( 'NONE',  ( 1.000000000000000000, 4.163336342344340000E-016, -2.403703357979454600E-016 ) ) ;
#1577 = ORIENTED_EDGE ( 'NONE', *, *, #508, .F. ) ;
#1578 = CARTESIAN_POINT ( 'NONE',  ( 32.25197668393709400, -18.30954372945397800, -23.76539553234621800 ) ) ;
#1579 = CARTESIAN_POINT ( 'NONE',  ( 9.974934235073766000, 49.05044153337679100, 45.85591633434462700 ) ) ;
#1580 = ORIENTED_EDGE ( 'NONE', *, *, #492, .F. ) ;
#1581 = DIRECTION ( 'NONE',  ( -4.807406715958912300E-016, 0.8660254037844387100, -0.4999999999999998900 ) ) ;
#1582 = VERTEX_POINT ( 'NONE', #124 ) ;
#1583 = AXIS2_PLACEMENT_3D ( 'NONE', #1279, #1330, #1190 ) ;
#1584 = CARTESIAN_POINT ( 'NONE',  ( 31.71112962414061800, -18.59779672042729700, -23.54050495497733300 ) ) ;
#1585 = DIRECTION ( 'NONE',  ( -0.06162841671621905500, -0.7044160264027592400, 0.7071067811865470200 ) ) ;
#1586 = ORIENTED_EDGE ( 'NONE', *, *, #508, .T. ) ;
#1587 = EDGE_LOOP ( 'NONE', ( #2044 ) ) ;
#1588 = CARTESIAN_POINT ( 'NONE',  ( 31.41856336321947300, -18.72184119842605200, -23.44160370667589200 ) ) ;
#1589 = ORIENTED_EDGE ( 'NONE', *, *, #526, .F. ) ;
#1590 = PLANE ( 'NONE',  #1078 ) ;
#1591 = CARTESIAN_POINT ( 'NONE',  ( 30.81381765957837600, -18.91959730823352700, -23.28228854503368000 ) ) ;
#1592 = CARTESIAN_POINT ( 'NONE',  ( 7.754905282880417700, 49.54538778165861100, 45.51167304729275300 ) ) ;
#1593 = EDGE_LOOP ( 'NONE', ( #2794 ) ) ;
#1594 = VERTEX_POINT ( 'NONE', #3 ) ;
#1595 = CARTESIAN_POINT ( 'NONE',  ( 10.75019741496374300, 48.41162673098863700, 46.46489929732678100 ) ) ;
#1596 = DIRECTION ( 'NONE',  ( 0.0000000000000000000, 0.0000000000000000000, -1.000000000000000000 ) ) ;
#1597 = AXIS2_PLACEMENT_3D ( 'NONE', #1551, #1319, #1214 ) ;
#1598 = ORIENTED_EDGE ( 'NONE', *, *, #492, .T. ) ;
#1599 = CARTESIAN_POINT ( 'NONE',  ( 30.50217979743429800, -18.99395198463314200, -23.22141311417796300 ) ) ;
#1600 = CARTESIAN_POINT ( 'NONE',  ( 29.86030728732747600, -19.09456545542958500, -23.13875124292971500 ) ) ;
#1601 = DIRECTION ( 'NONE',  ( 1.000000000000000000, 0.0000000000000000000, 0.0000000000000000000 ) ) ;
#1602 = ORIENTED_EDGE ( 'NONE', *, *, #478, .F. ) ;
#1603 = CARTESIAN_POINT ( 'NONE',  ( 29.52854914029572300, -19.12022615027948900, -23.11745989461252300 ) ) ;
#1604 = CARTESIAN_POINT ( 'NONE',  ( 8.209220861717780000, 48.11161460330840400, 48.29539315504120400 ) ) ;
#1605 = ORIENTED_EDGE ( 'NONE', *, *, #1947, .T. ) ;
#1606 = CARTESIAN_POINT ( 'NONE',  ( 28.87536987828345000, -19.12042620291381200, -23.11729443156740200 ) ) ;
#1607 = DIRECTION ( 'NONE',  ( 0.0000000000000000000, 0.0000000000000000000, -1.000000000000000000 ) ) ;
#1608 = B_SPLINE_CURVE_WITH_KNOTS ( 'NONE', 3,
 ( #2829, #2791, #2833, #2837, #2847, #2848, #2851, #2855, #2862, #2865, #2875, #2884, #2888, #2892, #2894, #2904, #302, #2911, #2916, #2920, #2923, #2930, #2932, #2935, #2938, #2942 ),
 .UNSPECIFIED., .T., .F.,
 ( 4, 2, 2, 2, 2, 2, 2, 2, 2, 2, 2, 2, 4 ),
 ( 0.0000000000000000000, 0.0002637684291908173300, 0.0005275368583816346500, 0.001055073716763272100, 0.001318842145954093400, 0.001582610575144914700, 0.001846379004335737700, 0.002110147433526560700, 0.002637684291908215900, 0.002901452721099043400, 0.003165221150289871000, 0.003692758008671526600, 0.004220294867053181300 ),
 .UNSPECIFIED. ) ;
#1609 = ORIENTED_EDGE ( 'NONE', *, *, #491, .F. ) ;
#1610 = CARTESIAN_POINT ( 'NONE',  ( 28.55037015345481800, -19.09578880621157300, -23.13774143146622500 ) ) ;
#1611 = CARTESIAN_POINT ( 'NONE',  ( -29.00000000000000000, -111.9306930693070000, 21.36632745758159800 ) ) ;
#1612 = CARTESIAN_POINT ( 'NONE',  ( 30.64337567297405200, -20.89006350946110000, -31.18265137172725000 ) ) ;
#1613 = ORIENTED_EDGE ( 'NONE', *, *, #478, .T. ) ;
#1614 = CARTESIAN_POINT ( 'NONE',  ( 27.90363610717355800, -18.99530262237579600, -23.22030807214209200 ) ) ;
#1615 = ORIENTED_EDGE ( 'NONE', *, *, #416, .F. ) ;
#1616 = PLANE ( 'NONE',  #1094 ) ;
#1617 = AXIS2_PLACEMENT_3D ( 'NONE', #1504, #1413, #1307 ) ;
#1618 = VERTEX_POINT ( 'NONE', #112 ) ;
#1619 = CARTESIAN_POINT ( 'NONE',  ( 27.58876337789006400, -18.92019716720809400, -23.28179623970484300 ) ) ;
#1620 = ORIENTED_EDGE ( 'NONE', *, *, #1398, .F. ) ;
#1621 = AXIS2_PLACEMENT_3D ( 'NONE', #1604, #2776, #1585 ) ;
#1622 = DIRECTION ( 'NONE',  ( 0.5000000000000001100, -0.7500000000000001100, 0.4330127018922190800 ) ) ;
#1623 = CARTESIAN_POINT ( 'NONE',  ( -20.00000000000000000, 0.0000000000000000000, 0.0000000000000000000 ) ) ;
#1624 = ORIENTED_EDGE ( 'NONE', *, *, #1022, .F. ) ;
#1625 = CARTESIAN_POINT ( 'NONE',  ( 26.98679965937705900, -18.72383590148489000, -23.44000567677895600 ) ) ;
#1626 = ORIENTED_EDGE ( 'NONE', *, *, #405, .F. ) ;
#1627 = CARTESIAN_POINT ( 'NONE',  ( 26.69522456802073400, -18.60086274904205100, -23.53809121758591200 ) ) ;
#1628 = CARTESIAN_POINT ( 'NONE',  ( 29.19999999999999900, -18.38669999999999800, -31.84669858352669900 ) ) ;
#1629 = ORIENTED_EDGE ( 'NONE', *, *, #392, .F. ) ;
#1630 = AXIS2_PLACEMENT_3D ( 'NONE', #1468, #1331, #1452 ) ;
#1631 = CARTESIAN_POINT ( 'NONE',  ( 26.14986036274843400, -18.31083857089935000, -23.76440666220304000 ) ) ;
#1632 = DIRECTION ( 'NONE',  ( 0.0000000000000000000, 0.8660254037844387100, -0.4999999999999998900 ) ) ;
#1633 = ORIENTED_EDGE ( 'NONE', *, *, #2543, .F. ) ;
#1634 = CARTESIAN_POINT ( 'NONE',  ( 8.345305361493654300, 49.53442679830313000, 45.47282279104135900 ) ) ;
#1635 = PERSON ( 'UNSPECIFIED', 'UNSPECIFIED', 'UNSPECIFIED', ('UNSPECIFIED'), ('UNSPECIFIED'), ('UNSPECIFIED') ) ;
#1636 = ORIENTED_EDGE ( 'NONE', *, *, #2692, .F. ) ;
#1637 = CARTESIAN_POINT ( 'NONE',  ( 25.89843199155736300, -18.14570572205795400, -23.89115147992151800 ) ) ;
#1638 = CARTESIAN_POINT ( 'NONE',  ( 25.43710549378747700, -17.77428009925716200, -24.16875508050079400 ) ) ;
#1639 = ORIENTED_EDGE ( 'NONE', *, *, #377, .F. ) ;
#1640 = DIRECTION ( 'NONE',  ( 0.0000000000000000000, -0.4999999999999998900, -0.8660254037844387100 ) ) ;
#1641 = CARTESIAN_POINT ( 'NONE',  ( 7.950204488558303400, 49.55059840112112100, 45.48918832455221700 ) ) ;
#1642 = DIRECTION ( 'NONE',  ( 0.0000000000000000000, 0.0000000000000000000, -1.000000000000000000 ) ) ;
#1643 = CARTESIAN_POINT ( 'NONE',  ( 25.22601271161851200, -17.56577358217867200, -24.32113580341540200 ) ) ;
#1644 = ORIENTED_EDGE ( 'NONE', *, *, #354, .T. ) ;
#1645 = CARTESIAN_POINT ( 'NONE',  ( -29.00000000000000000, -101.0000000000000000, 0.0000000000000000000 ) ) ;
#1646 = CARTESIAN_POINT ( 'NONE',  ( 24.86335761838198600, -17.12170474418132200, -24.63577226233468300 ) ) ;
#1647 = EDGE_CURVE ( 'NONE', #69, #69, #771, .T. ) ;
#1648 = CARTESIAN_POINT ( 'NONE',  ( 24.70944408713853200, -16.88486307879855300, -24.79906363453941900 ) ) ;
#1649 = AXIS2_PLACEMENT_3D ( 'NONE', #1733, #1563, #1607 ) ;
#1650 = ORIENTED_EDGE ( 'NONE', *, *, #1559, .T. ) ;
#1651 = DIRECTION ( 'NONE',  ( 0.0000000000000000000, -0.8660254037844387100, 0.4999999999999997200 ) ) ;
#1652 = ORIENTED_EDGE ( 'NONE', *, *, #290, .T. ) ;
#1653 = DIRECTION ( 'NONE',  ( 0.0000000000000000000, 0.4999999999999998900, 0.8660254037844387100 ) ) ;
#1654 = CARTESIAN_POINT ( 'NONE',  ( 24.52042645967499700, -16.50588848792214200, -25.05152060872168500 ) ) ;
#1655 = VERTEX_POINT ( 'NONE', #33 ) ;
#1656 = CARTESIAN_POINT ( 'NONE',  ( 32.08675134594815100, -17.79374999999999900, -30.81967905717870000 ) ) ;
#1657 = PLANE ( 'NONE',  #1123 ) ;
#1658 = AXIS2_PLACEMENT_3D ( 'NONE', #2256, #1844, #1823 ) ;
#1659 = ORIENTED_EDGE ( 'NONE', *, *, #202, .T. ) ;
#1660 = CARTESIAN_POINT ( 'NONE',  ( 24.46435191132513500, -16.37508631251600000, -25.13724771201029300 ) ) ;
#1661 = CARTESIAN_POINT ( 'NONE',  ( 24.36885654811558400, -16.11095761649903200, -25.30734515820826000 ) ) ;
#1662 = DIRECTION ( 'NONE',  ( 0.0000000000000000000, -0.8660254037844387100, 0.4999999999999996700 ) ) ;
#1663 = DIRECTION ( 'NONE',  ( 0.0000000000000000000, 0.4999999999999998900, 0.8660254037844387100 ) ) ;
#1664 = ORIENTED_EDGE ( 'NONE', *, *, #164, .T. ) ;
#1665 = CARTESIAN_POINT ( 'NONE',  ( 24.32907117760948900, -15.97702788062452900, -25.39212781458018500 ) ) ;
#1666 = CARTESIAN_POINT ( 'NONE',  ( 29.19999999999999900, -18.72499999999999800, -32.43265137172724600 ) ) ;
#1667 = VERTEX_POINT ( 'NONE', #37 ) ;
#1668 = ORIENTED_EDGE ( 'NONE', *, *, #50, .T. ) ;
#1669 = CARTESIAN_POINT ( 'NONE',  ( 24.23316641415322400, -15.56960299299045900, -25.64546279640096300 ) ) ;
#1670 = ORIENTED_EDGE ( 'NONE', *, *, #409, .T. ) ;
#1671 = AXIS2_PLACEMENT_3D ( 'NONE', #1645, #1684, #1642 ) ;
#1672 = ORIENTED_EDGE ( 'NONE', *, *, #2912, .T. ) ;
#1673 = CARTESIAN_POINT ( 'NONE',  ( 24.20026661480034500, -15.28956961985204900, -25.81352770553621000 ) ) ;
#1674 = CARTESIAN_POINT ( 'NONE',  ( 24.19973660220243500, -14.71737669638563700, -26.14398544486805100 ) ) ;
#1675 = ORIENTED_EDGE ( 'NONE', *, *, #2945, .T. ) ;
#1676 = DIRECTION ( 'NONE',  ( 0.0000000000000000000, 0.8660254037844389300, -0.4999999999999996700 ) ) ;
#1677 = ORIENTED_EDGE ( 'NONE', *, *, #326, .F. ) ;
#1678 = CARTESIAN_POINT ( 'NONE',  ( 24.23190008656140600, -14.43308615528460600, -26.30187450833841500 ) ) ;
#1679 = DIRECTION ( 'NONE',  ( -0.0000000000000000000, 0.4999999999999998900, 0.8660254037844387100 ) ) ;
#1680 = ORIENTED_EDGE ( 'NONE', *, *, #354, .F. ) ;
#1681 = CARTESIAN_POINT ( 'NONE',  ( 24.35872945168609900, -13.86826465624330100, -26.60401875737278800 ) ) ;
#1682 = AXIS2_PLACEMENT_3D ( 'NONE', #1774, #1776, #1826 ) ;
#1683 = ADVANCED_FACE ( 'E1338', ( #759, #797, #768, #762 ), #750, .F. ) ;
#1684 = DIRECTION ( 'NONE',  ( 1.000000000000000000, 0.0000000000000000000, 6.123031769111888800E-017 ) ) ;
#1685 = ORIENTED_EDGE ( 'NONE', *, *, #326, .T. ) ;
#1686 = CARTESIAN_POINT ( 'NONE',  ( 24.45506094044657200, -13.58469174658178800, -26.74972830245572200 ) ) ;
#1687 = CARTESIAN_POINT ( 'NONE',  ( 24.70544047055377800, -13.04161591204842800, -27.01866148622933700 ) ) ;
#1688 = AXIS2_PLACEMENT_3D ( 'NONE', #2218, #1880, #1818 ) ;
#1689 = CARTESIAN_POINT ( 'NONE',  ( 29.19999999999999900, -15.33829999999999800, -26.56671490173370000 ) ) ;
#1690 = CARTESIAN_POINT ( 'NONE',  ( 24.85875853218437100, -12.78147658161533500, -27.14237440059579100 ) ) ;
#1691 = CARTESIAN_POINT ( 'NONE',  ( 27.75662432702595300, -15.62868649053890000, -32.06967905717869600 ) ) ;
#1692 = EDGE_CURVE ( 'NONE', #67, #67, #592, .T. ) ;
#1693 = AXIS2_PLACEMENT_3D ( 'NONE', #2864, #2940, #2929 ) ;
#1694 = ORIENTED_EDGE ( 'NONE', *, *, #2957, .T. ) ;
#1695 = CARTESIAN_POINT ( 'NONE',  ( 25.22156578806648100, -12.28506647875133800, -27.37063706458363300 ) ) ;
#1696 = CARTESIAN_POINT ( 'NONE',  ( -12.80000000000000100, -31.88118811881184600, -62.31845508461299900 ) ) ;
#1697 = ORIENTED_EDGE ( 'NONE', *, *, #296, .F. ) ;
#1698 = CARTESIAN_POINT ( 'NONE',  ( 25.43192433343407200, -12.04910412109684800, -27.47494935457091000 ) ) ;
#1699 = AXIS2_PLACEMENT_3D ( 'NONE', #2590, #2181, #2495 ) ;
#1700 = CARTESIAN_POINT ( 'NONE',  ( 25.89169663888783300, -11.62302812614830900, -27.65789162853948100 ) ) ;
#1701 = EDGE_CURVE ( 'NONE', #65, #65, #752, .T. ) ;
#1702 = ORIENTED_EDGE ( 'NONE', *, *, #1559, .F. ) ;
#1703 = DIRECTION ( 'NONE',  ( 0.0000000000000000000, -0.8660254037844387100, 0.4999999999999996700 ) ) ;
#1704 = CARTESIAN_POINT ( 'NONE',  ( 26.14296995524884400, -11.42999959465270100, -27.73786888729585700 ) ) ;
#1705 = ORIENTED_EDGE ( 'NONE', *, *, #296, .T. ) ;
#1706 = AXIS2_PLACEMENT_3D ( 'NONE', #2547, #2512, #2542 ) ;
#1707 = CARTESIAN_POINT ( 'NONE',  ( 26.69006390710862300, -11.08686145505777000, -27.87679616130467500 ) ) ;
#1708 = ORIENTED_EDGE ( 'NONE', *, *, #2973, .T. ) ;
#1709 = DIRECTION ( 'NONE',  ( 0.0000000000000000000, 0.4999999999999998900, 0.8660254037844387100 ) ) ;
#1710 = AXIS2_PLACEMENT_3D ( 'NONE', #2673, #2712, #2961 ) ;
#1711 = AXIS2_PLACEMENT_3D ( 'NONE', #2169, #2455, #2431 ) ;
#1712 = ORIENTED_EDGE ( 'NONE', *, *, #243, .F. ) ;
#1713 = CARTESIAN_POINT ( 'NONE',  ( 26.97887634955949200, -10.94141630931082100, -27.93387599410740700 ) ) ;
#1714 = CARTESIAN_POINT ( 'NONE',  ( 29.19999999999999900, -15.00000000000000000, -25.98076211353314900 ) ) ;
#1715 = ORIENTED_EDGE ( 'NONE', *, *, #290, .F. ) ;
#1716 = AXIS2_PLACEMENT_3D ( 'NONE', #2723, #2808, #2754 ) ;
#1717 = ORIENTED_EDGE ( 'NONE', *, *, #243, .T. ) ;
#1718 = CARTESIAN_POINT ( 'NONE',  ( 27.58009655420243100, -10.70533275446588900, -28.02520061523168600 ) ) ;
#1719 = CARTESIAN_POINT ( 'NONE',  ( 27.89628831082897500, -10.61361858413483400, -28.05985367440103700 ) ) ;
#1720 = ORIENTED_EDGE ( 'NONE', *, *, #417, .T. ) ;
#1721 = CARTESIAN_POINT ( 'NONE',  ( 28.54215167752464700, -10.49102674112148700, -28.10591833752037200 ) ) ;
#1722 = EDGE_CURVE ( 'E140', #1227, #1500, #2899, .T. ) ;
#1723 = DIRECTION ( 'NONE',  ( -0.5000000000000001100, -0.7500000000000001100, 0.4330127018922190800 ) ) ;
#1724 = ORIENTED_EDGE ( 'NONE', *, *, #176, .F. ) ;
#1725 = CARTESIAN_POINT ( 'NONE',  ( 28.86905666768067700, -10.46007243882684200, -28.11737691489900500 ) ) ;
#1726 = CARTESIAN_POINT ( 'NONE',  ( 29.20000000000000300, -10.46007243882684400, -28.11737691489900500 ) ) ;
#1727 = ORIENTED_EDGE ( 'NONE', *, *, #202, .F. ) ;
#1728 = DIRECTION ( 'NONE',  ( 0.0000000000000000000, 0.0000000000000000000, -1.000000000000000000 ) ) ;
#1729 = AXIS2_PLACEMENT_3D ( 'NONE', #8, #110, #24 ) ;
#1730 = CARTESIAN_POINT ( 'NONE',  ( 8.200000000000001100, 0.0000000000000000000, 0.0000000000000000000 ) ) ;
#1731 = CARTESIAN_POINT ( 'NONE',  ( 24.97168465558480600, 37.28303937331314400, -3.532346999263380900 ) ) ;
#1732 = ORIENTED_EDGE ( 'NONE', *, *, #176, .T. ) ;
#1733 = CARTESIAN_POINT ( 'NONE',  ( -11.00000000000000000, 0.0000000000000000000, -24.00000000000000000 ) ) ;
#1734 = ADVANCED_FACE ( 'E118', ( #754 ), #118, .T. ) ;
#1735 = CARTESIAN_POINT ( 'NONE',  ( 25.22225032882163000, 37.25828115036304000, -3.793663852124755200 ) ) ;
#1736 = DIRECTION ( 'NONE',  ( 1.000000000000000000, 0.0000000000000000000, 6.123031769111888800E-017 ) ) ;
#1737 = CARTESIAN_POINT ( 'NONE',  ( -29.00000000000000000, 101.0000000000000000, 0.0000000000000000000 ) ) ;
#1738 = CARTESIAN_POINT ( 'NONE',  ( 25.49489371109326900, 37.23349000204703400, -4.026516407714724200 ) ) ;
#1739 = CARTESIAN_POINT ( 'NONE',  ( 26.08159142304794600, 37.18655382841514300, -4.439124517347479100 ) ) ;
#1740 = ORIENTED_EDGE ( 'NONE', *, *, #2913, .T. ) ;
#1741 = AXIS2_PLACEMENT_3D ( 'NONE', #206, #212, #2663 ) ;
#1742 = CARTESIAN_POINT ( 'NONE',  ( 26.39840362394404800, 37.16428386341200300, -4.619608642376954700 ) ) ;
#1743 = ORIENTED_EDGE ( 'NONE', *, *, #130, .F. ) ;
#1744 = CARTESIAN_POINT ( 'NONE',  ( 27.05121448644023700, 37.12627964577000500, -4.915703281634527000 ) ) ;
#1745 = CARTESIAN_POINT ( 'NONE',  ( 27.38907291724054000, 37.11034009029849300, -5.033180331282379100 ) ) ;
#1746 = ORIENTED_EDGE ( 'NONE', *, *, #164, .F. ) ;
#1747 = PLANE ( 'NONE',  #1649 ) ;
#1748 = ORIENTED_EDGE ( 'NONE', *, *, #130, .T. ) ;
#1749 = CARTESIAN_POINT ( 'NONE',  ( 27.91294746875043500, 37.09229017098665100, -5.163956461622565700 ) ) ;
#1750 = CARTESIAN_POINT ( 'NONE',  ( 28.09124190433734500, 37.08723886363725300, -5.199999776844562900 ) ) ;
#1751 = ORIENTED_EDGE ( 'NONE', *, *, #2922, .T. ) ;
#1752 = ADVANCED_FACE ( 'E381', ( #744 ), #737, .T. ) ;
#1753 = CARTESIAN_POINT ( 'NONE',  ( 28.44736030959280300, 37.07942066307281000, -5.255458828547571800 ) ) ;
#1754 = CARTESIAN_POINT ( 'NONE',  ( 28.62567048753592800, 37.07662690202930400, -5.275071289785120900 ) ) ;
#1755 = DIRECTION ( 'NONE',  ( 0.0000000000000000000, 1.000000000000000000, 0.0000000000000000000 ) ) ;
#1756 = COORDINATED_UNIVERSAL_TIME_OFFSET ( 3, 0, .BEHIND. ) ;
#1757 = VERTEX_POINT ( 'NONE', #2553 ) ;
#1758 = CARTESIAN_POINT ( 'NONE',  ( 29.16133595818421000, 37.07162406877288400, -5.310155090199826200 ) ) ;
#1759 = ADVANCED_FACE ( 'E1377', ( #734, #756, #740, #753 ), #717, .F. ) ;
#1760 = ORIENTED_EDGE ( 'NONE', *, *, #409, .F. ) ;
#1761 = ORIENTED_EDGE ( 'NONE', *, *, #50, .F. ) ;
#1762 = EDGE_CURVE ( 'E319', #2689, #1965, #724, .T. ) ;
#1763 = CARTESIAN_POINT ( 'NONE',  ( 29.51941976539289700, 37.07279423159631900, -5.302084681583498800 ) ) ;
#1764 = CARTESIAN_POINT ( 'NONE',  ( 30.23759444400152700, 37.08429126438493000, -5.221064597113029400 ) ) ;
#1765 = ORIENTED_EDGE ( 'NONE', *, *, #1022, .T. ) ;
#1766 = ORIENTED_EDGE ( 'NONE', *, *, #417, .F. ) ;
#1767 = DIRECTION ( 'NONE',  ( -1.000000000000000000, 0.0000000000000000000, 0.0000000000000000000 ) ) ;
#1768 = CALENDAR_DATE ( 2019, 8, 3 ) ;
#1769 = CARTESIAN_POINT ( 'NONE',  ( 30.59145305427074400, 37.09457062528953500, -5.148405814790096200 ) ) ;
#1770 = CARTESIAN_POINT ( 'NONE',  ( 31.27557369488712900, 37.12251193972466000, -4.942910032901384200 ) ) ;
#1771 = ORIENTED_EDGE ( 'NONE', *, *, #2973, .F. ) ;
#1772 = CARTESIAN_POINT ( 'NONE',  ( 31.60811962153092800, 37.14021926209250100, -4.809822325698284800 ) ) ;
#1773 = AXIS2_PLACEMENT_3D ( 'NONE', #167, #106, #103 ) ;
#1774 = CARTESIAN_POINT ( 'NONE',  ( -24.29999999999999700, 0.0000000000000000000, 0.0000000000000000000 ) ) ;
#1775 = AXIS2_PLACEMENT_3D ( 'NONE', #21, #26, #11 ) ;
#1776 = DIRECTION ( 'NONE',  ( -1.000000000000000000, 0.0000000000000000000, 0.0000000000000000000 ) ) ;
#1777 = ORIENTED_EDGE ( 'NONE', *, *, #2957, .F. ) ;
#1778 = CARTESIAN_POINT ( 'NONE',  ( 32.25235168474817700, 37.18155821441476400, -4.479063115114343900 ) ) ;
#1779 = CARTESIAN_POINT ( 'NONE',  ( 32.55379777036567600, 37.20451067794837700, -4.286661689565288900 ) ) ;
#1780 = CARTESIAN_POINT ( 'NONE',  ( -13.50000000000000000, 0.0000000000000000000, 0.0000000000000000000 ) ) ;
#1781 = CARTESIAN_POINT ( 'NONE',  ( 32.08675134594815100, -18.72499999999999800, -32.43265137172724600 ) ) ;
#1782 = CALENDAR_DATE ( 2019, 8, 3 ) ;
#1783 = EDGE_CURVE ( 'E98', #1500, #1655, #746, .T. ) ;
#1784 = CARTESIAN_POINT ( 'NONE',  ( 33.49672703800428800, 37.28969369907991200, -3.464094995123918200 ) ) ;
#1785 = CARTESIAN_POINT ( 'NONE',  ( 33.85050295886981100, 37.32615848682770100, -3.055361491212463100 ) ) ;
#1786 = CARTESIAN_POINT ( 'NONE',  ( 34.53991728606244700, 37.40689754565770600, -1.803915339202661000 ) ) ;
#1787 = VERTEX_POINT ( 'NONE', #2831 ) ;
#1788 = CARTESIAN_POINT ( 'NONE',  ( 34.05586799612410000, 37.34920039406061700, -2.763539673728191200 ) ) ;
#1789 = AXIS2_PLACEMENT_3D ( 'NONE', #81, #86, #47 ) ;
#1790 = CARTESIAN_POINT ( 'NONE',  ( 34.39721874995857600, 37.38942274528503900, -2.135687551283118200 ) ) ;
#1791 = CARTESIAN_POINT ( 'NONE',  ( 34.60272193198763100, 37.41475985367350200, -1.633313736415206200 ) ) ;
#1792 = ORIENTED_EDGE ( 'NONE', *, *, #2922, .F. ) ;
#1793 = AXIS2_PLACEMENT_3D ( 'NONE', #79, #77, #83 ) ;
#1794 = CARTESIAN_POINT ( 'NONE',  ( 34.76141491229253000, 37.43486150598398900, -1.118712968675272800 ) ) ;
#1795 = ORIENTED_EDGE ( 'NONE', *, *, #2913, .F. ) ;
#1796 = CARTESIAN_POINT ( 'NONE',  ( 32.08675134594815100, -18.72499999999999800, -32.43265137172724600 ) ) ;
#1797 = ORIENTED_EDGE ( 'NONE', *, *, #2912, .F. ) ;
#1798 = CARTESIAN_POINT ( 'NONE',  ( 34.31769945341247300, 37.37985548545675800, -2.296357830861921500 ) ) ;
#1799 = ORIENTED_EDGE ( 'NONE', *, *, #2901, .F. ) ;
#1800 = CARTESIAN_POINT ( 'NONE',  ( 34.82973955559309300, 37.44384652444738000, -0.7678744338569895000 ) ) ;
#1801 = ORIENTED_EDGE ( 'NONE', *, *, #2901, .T. ) ;
#1802 = ORIENTED_EDGE ( 'NONE', *, *, #2897, .T. ) ;
#1803 = CARTESIAN_POINT ( 'NONE',  ( 34.63212357069253500, 37.41844671952333800, 1.546320828958912500 ) ) ;
#1804 = DIRECTION ( 'NONE',  ( 0.0000000000000000000, 0.0000000000000000000, -1.000000000000000000 ) ) ;
#1805 = ORIENTED_EDGE ( 'NONE', *, *, #2682, .T. ) ;
#1806 = CARTESIAN_POINT ( 'NONE',  ( 34.68569430091537200, 37.42525887280212500, 1.372220904005942800 ) ) ;
#1807 = ORIENTED_EDGE ( 'NONE', *, *, #2870, .T. ) ;
#1808 = DIRECTION ( 'NONE',  ( 1.000000000000000000, 0.0000000000000000000, 0.0000000000000000000 ) ) ;
#1809 = AXIS2_PLACEMENT_3D ( 'NONE', #62, #76, #68 ) ;
#1810 = CARTESIAN_POINT ( 'NONE',  ( 34.77273273638631700, 37.43642789645410600, 1.023160915613816600 ) ) ;
#1811 = AXIS2_PLACEMENT_3D ( 'NONE', #2877, #2879, #152 ) ;
#1812 = CARTESIAN_POINT ( 'NONE',  ( 25.22601271161850500, 29.84560824573830800, -3.051838257584629200 ) ) ;
#1813 = VERTEX_POINT ( 'NONE', #2647 ) ;
#1814 = CARTESIAN_POINT ( 'NONE',  ( -20.00000000000000000, 0.0000000000000000000, 0.0000000000000000000 ) ) ;
#1815 = ORIENTED_EDGE ( 'NONE', *, *, #1875, .F. ) ;
#1816 = AXIS2_PLACEMENT_3D ( 'NONE', #2505, #2518, #2499 ) ;
#1817 = CARTESIAN_POINT ( 'NONE',  ( 24.86335761838199300, 29.89605699312053100, -2.509945133390252700 ) ) ;
#1818 = DIRECTION ( 'NONE',  ( 0.0000000000000000000, 0.0000000000000000000, 1.000000000000000000 ) ) ;
#1819 = AXIS2_PLACEMENT_3D ( 'NONE', #978, #982, #985 ) ;
#1820 = CARTESIAN_POINT ( 'NONE',  ( 24.70944408713853900, 29.91905063697725000, -2.223188548391784800 ) ) ;
#1821 = ORIENTED_EDGE ( 'NONE', *, *, #2857, .T. ) ;
#1822 = CARTESIAN_POINT ( 'NONE',  ( 24.52042645967500100, 29.94819749454345700, -1.768758438212870000 ) ) ;
#1823 = DIRECTION ( 'NONE',  ( 0.0000000000000000000, -1.000000000000000000, 0.0000000000000000000 ) ) ;
#1824 = ORIENTED_EDGE ( 'NONE', *, *, #2810, .T. ) ;
#1825 = AXIS2_PLACEMENT_3D ( 'NONE', #916, #932, #909 ) ;
#1826 = DIRECTION ( 'NONE',  ( 0.0000000000000000000, 0.0000000000000000000, 1.000000000000000000 ) ) ;
#1827 = ORIENTED_EDGE ( 'NONE', *, *, #2715, .T. ) ;
#1828 = CARTESIAN_POINT ( 'NONE',  ( 24.46435191132513200, 29.95703825608117700, -1.612616879796575600 ) ) ;
#1829 = CARTESIAN_POINT ( 'NONE',  ( 24.36885654811559500, 29.97228261759899200, -1.298825996078444700 ) ) ;
#1830 = AXIS2_PLACEMENT_3D ( 'NONE', #966, #968, #941 ) ;
#1831 = DIRECTION ( 'NONE',  ( 0.0000000000000000000, -1.000000000000000000, 0.0000000000000000000 ) ) ;
#1832 = VERTEX_POINT ( 'NONE', #2599 ) ;
#1833 = CARTESIAN_POINT ( 'NONE',  ( 24.32907117760949900, 29.97874168388015900, -1.140448114303019400 ) ) ;
#1834 = ORIENTED_EDGE ( 'NONE', *, *, #2598, .T. ) ;
#1835 = DIRECTION ( 'NONE',  ( -1.000000000000000000, 0.0000000000000000000, 0.0000000000000000000 ) ) ;
#1836 = EDGE_CURVE ( 'NONE', #63, #63, #719, .T. ) ;
#1837 = ADVANCED_FACE ( 'E856', ( #709, #701 ), #687, .T. ) ;
#1838 = ORIENTED_EDGE ( 'NONE', *, *, #2889, .F. ) ;
#1839 = CARTESIAN_POINT ( 'NONE',  ( -11.00000000000000000, 101.0000000000000000, 0.0000000000000000000 ) ) ;
#1840 = CARTESIAN_POINT ( 'NONE',  ( 24.23316641415322100, 29.99442376998715800, -0.6609403205675125100 ) ) ;
#1841 = CARTESIAN_POINT ( 'NONE',  ( 24.20026661480033800, 29.99995556421379600, -0.3343918509545785200 ) ) ;
#1842 = AXIS2_PLACEMENT_3D ( 'NONE', #864, #482, #900 ) ;
#1843 = ORIENTED_EDGE ( 'NONE', *, *, #2897, .F. ) ;
#1844 = DIRECTION ( 'NONE',  ( 1.000000000000000000, 0.0000000000000000000, 0.0000000000000000000 ) ) ;
#1845 = VERTEX_POINT ( 'NONE', #2588 ) ;
#1846 = ORIENTED_EDGE ( 'NONE', *, *, #2889, .T. ) ;
#1847 = CARTESIAN_POINT ( 'NONE',  ( 24.19973660220242100, 30.00004389961915400, 0.3263706262989490300 ) ) ;
#1848 = AXIS2_PLACEMENT_3D ( 'NONE', #933, #871, #939 ) ;
#1849 = ORIENTED_EDGE ( 'NONE', *, *, #2627, .T. ) ;
#1850 = CARTESIAN_POINT ( 'NONE',  ( 24.23190008656142400, 29.99463456901371900, 0.6515179886832464000 ) ) ;
#1851 = CARTESIAN_POINT ( 'NONE',  ( 24.35872945168609900, 29.97388841476421500, 1.291739879973820400 ) ) ;
#1852 = ORIENTED_EDGE ( 'NONE', *, *, #2869, .F. ) ;
#1853 = EDGE_CURVE ( 'NONE', #60, #60, #691, .T. ) ;
#1854 = CARTESIAN_POINT ( 'NONE',  ( 24.45506094044656500, 29.95829012754913400, 1.610175996107218400 ) ) ;
#1855 = VERTEX_POINT ( 'NONE', #2868 ) ;
#1856 = CARTESIAN_POINT ( 'NONE',  ( 24.70544047055377500, 29.91965517935103600, 2.214960056881357000 ) ) ;
#1857 = ORIENTED_EDGE ( 'NONE', *, *, #2870, .F. ) ;
#1858 = CARTESIAN_POINT ( 'NONE',  ( 24.85875853218438500, 29.89672404075206200, 2.502103782743106700 ) ) ;
#1859 = CARTESIAN_POINT ( 'NONE',  ( 25.22156578806649200, 29.84620025506903200, 3.046138874512500600 ) ) ;
#1860 = APPROVAL_PERSON_ORGANIZATION ( #1, #604, #228 ) ;
#1861 = ORIENTED_EDGE ( 'NONE', *, *, #2676, .T. ) ;
#1862 = CARTESIAN_POINT ( 'NONE',  ( 25.43192433343407500, 29.81855616929769300, 3.302644415571801800 ) ) ;
#1863 = CARTESIAN_POINT ( 'NONE',  ( 25.89169663888782600, 29.76395082850631000, 3.763108188124249400 ) ) ;
#1864 = ORIENTED_EDGE ( 'NONE', *, *, #2857, .F. ) ;
#1865 = AXIS2_PLACEMENT_3D ( 'NONE', #836, #720, #739 ) ;
#1866 = ORIENTED_EDGE ( 'NONE', *, *, #2826, .T. ) ;
#1867 = CARTESIAN_POINT ( 'NONE',  ( 26.14296995524886200, 29.73669890056657300, 3.970264429432841100 ) ) ;
#1868 = CARTESIAN_POINT ( 'NONE',  ( 26.69006390710862000, 29.68544437933926300, 4.336894412333788500 ) ) ;
#1869 = ORIENTED_EDGE ( 'NONE', *, *, #2802, .F. ) ;
#1870 = CARTESIAN_POINT ( 'NONE',  ( 26.97887634955949900, 29.66215439171671500, 4.491393519809139300 ) ) ;
#1871 = ORIENTED_EDGE ( 'NONE', *, *, #2810, .F. ) ;
#1872 = CARTESIAN_POINT ( 'NONE',  ( 27.58009655420242000, 29.62320205617885800, 4.741510186282720700 ) ) ;
#1873 = CARTESIAN_POINT ( 'NONE',  ( 27.89628831082900400, 29.60735540057286700, 4.838263517261109900 ) ) ;
#1874 = CARTESIAN_POINT ( 'NONE',  ( -12.80000000000001100, -65.65110759605299500, 24.00000000000000000 ) ) ;
#1875 = EDGE_CURVE ( 'E198', #1343, #2806, #699, .T. ) ;
#1876 = DIRECTION ( 'NONE',  ( 0.0000000000000000000, 0.0000000000000000000, 1.000000000000000000 ) ) ;
#1877 = ORIENTED_EDGE ( 'NONE', *, *, #2802, .T. ) ;
#1878 = AXIS2_PLACEMENT_3D ( 'NONE', #876, #881, #885 ) ;
#1879 = DIRECTION ( 'NONE',  ( 0.0000000000000000000, 0.0000000000000000000, -1.000000000000000000 ) ) ;
#1880 = DIRECTION ( 'NONE',  ( -1.000000000000000000, 0.0000000000000000000, 0.0000000000000000000 ) ) ;
#1881 = ORIENTED_EDGE ( 'NONE', *, *, #2566, .T. ) ;
#1882 = ORIENTED_EDGE ( 'NONE', *, *, #2747, .F. ) ;
#1883 = DIRECTION ( 'NONE',  ( -1.000000000000000000, 0.0000000000000000000, 0.0000000000000000000 ) ) ;
#1884 = CARTESIAN_POINT ( 'NONE',  ( 28.54215167752464300, 29.58595264754429600, 4.967463499167088500 ) ) ;
#1885 = CARTESIAN_POINT ( 'NONE',  ( 28.86905666768067700, 29.58039891549810500, 4.999999999999998200 ) ) ;
#1886 = ORIENTED_EDGE ( 'NONE', *, *, #2782, .F. ) ;
#1887 = LOCAL_TIME ( 9, 12, 8.000000000000000000, #908 ) ;
#1888 = PLANE ( 'NONE',  #1189 ) ;
#1889 = ORIENTED_EDGE ( 'NONE', *, *, #2747, .T. ) ;
#1890 = CARTESIAN_POINT ( 'NONE',  ( 29.19999999999999900, 29.58039891549810100, 4.999999999999999100 ) ) ;
#1891 = DIRECTION ( 'NONE',  ( 1.000000000000000000, 0.0000000000000000000, 0.0000000000000000000 ) ) ;
#1892 = EDGE_CURVE ( 'NONE', #57, #57, #715, .T. ) ;
#1893 = ORIENTED_EDGE ( 'NONE', *, *, #2591, .T. ) ;
#1894 = CARTESIAN_POINT ( 'NONE',  ( 0.0000000000000000000, 0.0000000000000000000, 0.0000000000000000000 ) ) ;
#1895 = ORIENTED_EDGE ( 'NONE', *, *, #2734, .F. ) ;
#1896 = DIRECTION ( 'NONE',  ( -1.000000000000000000, 0.0000000000000000000, -4.807406715958909300E-016 ) ) ;
#1897 = DIRECTION ( 'NONE',  ( 0.0000000000000000000, -0.8660254037844387100, 0.4999999999999998900 ) ) ;
#1898 = ORIENTED_EDGE ( 'NONE', *, *, #2715, .F. ) ;
#1899 = DIRECTION ( 'NONE',  ( -4.956352788505163400E-017, 0.0000000000000000000, 1.000000000000000000 ) ) ;
#1900 = DIRECTION ( 'NONE',  ( 0.0000000000000000000, 0.4999999999999998900, 0.8660254037844387100 ) ) ;
#1901 = AXIS2_PLACEMENT_3D ( 'NONE', #841, #846, #850 ) ;
#1902 = B_SPLINE_CURVE_WITH_KNOTS ( 'NONE', 3,
 ( #986, #973, #974, #992, #993, #999, #1000, #1004, #1566, #1475, #1415, #1396 ),
 .UNSPECIFIED., .F., .F.,
 ( 4, 2, 2, 2, 2, 4 ),
 ( 0.008601619279226627500, 0.009234680574327337700, 0.009867741869428049700, 0.01050080316452876000, 0.01081733381207911400, 0.01113386445962946700 ),
 .UNSPECIFIED. ) ;
#1903 = ORIENTED_EDGE ( 'NONE', *, *, #2692, .T. ) ;
#1904 = CARTESIAN_POINT ( 'NONE',  ( 5.459224697957352200, 48.50659268429872400, 46.81007622403157600 ) ) ;
#1905 = DIRECTION ( 'NONE',  ( 0.0000000000000000000, -1.000000000000000000, 0.0000000000000000000 ) ) ;
#1906 = DIRECTION ( 'NONE',  ( -1.000000000000000000, 0.0000000000000000000, 0.0000000000000000000 ) ) ;
#1907 = ORIENTED_EDGE ( 'NONE', *, *, #2557, .T. ) ;
#1908 = AXIS2_PLACEMENT_3D ( 'NONE', #802, #808, #818 ) ;
#1909 = DIRECTION ( 'NONE',  ( -1.000000000000000000, 0.0000000000000000000, -6.123031769111888800E-017 ) ) ;
#1910 = DIRECTION ( 'NONE',  ( 1.000000000000000000, 0.0000000000000000000, 0.0000000000000000000 ) ) ;
#1911 = ORIENTED_EDGE ( 'NONE', *, *, #2682, .F. ) ;
#1912 = CARTESIAN_POINT ( 'NONE',  ( -20.00000000000000000, 0.0000000000000000000, 0.0000000000000000000 ) ) ;
#1913 = AXIS2_PLACEMENT_3D ( 'NONE', #890, #738, #682 ) ;
#1914 = ORIENTED_EDGE ( 'NONE', *, *, #2627, .F. ) ;
#1915 = CARTESIAN_POINT ( 'NONE',  ( 29.19999999999999900, -15.00000000000000000, -25.98076211353314900 ) ) ;
#1916 = CARTESIAN_POINT ( 'NONE',  ( -12.80000000000000100, -101.0000000000000000, 0.0000000000000000000 ) ) ;
#1917 = ORIENTED_EDGE ( 'NONE', *, *, #2598, .F. ) ;
#1918 = ORIENTED_EDGE ( 'NONE', *, *, #2591, .F. ) ;
#1919 = DIRECTION ( 'NONE',  ( 1.000000000000000000, 0.0000000000000000000, 0.0000000000000000000 ) ) ;
#1920 = CALENDAR_DATE ( 2019, 8, 3 ) ;
#1921 = VERTEX_POINT ( 'NONE', #2873 ) ;
#1922 = DIRECTION ( 'NONE',  ( 0.0000000000000000000, 1.000000000000000000, 0.0000000000000000000 ) ) ;
#1923 = ORIENTED_EDGE ( 'NONE', *, *, #2566, .F. ) ;
#1924 = ORIENTED_EDGE ( 'NONE', *, *, #2557, .F. ) ;
#1925 = ORIENTED_EDGE ( 'NONE', *, *, #2531, .F. ) ;
#1926 = CARTESIAN_POINT ( 'NONE',  ( 0.0000000000000000000, 0.0000000000000000000, 0.0000000000000000000 ) ) ;
#1927 = B_SPLINE_CURVE_WITH_KNOTS ( 'NONE', 3,
 ( #510, #501, #384, #178, #524, #525, #533, #785, #534, #544, #551, #563, #572, #582, #583, #586, #596, #609, #610, #613, #616, #620 ),
 .UNSPECIFIED., .T., .F.,
 ( 4, 2, 2, 2, 2, 2, 2, 2, 2, 2, 4 ),
 ( 0.0000000000000000000, 0.0002652187032035859700, 0.0005304374064071719400, 0.001060874812814328700, 0.001326093516017916500, 0.001591312219221504300, 0.002121749625628677800, 0.002652187032035851700, 0.003182624438443025200, 0.003713061844850199100, 0.004243499251257372900 ),
 .UNSPECIFIED. ) ;
#1928 = ORIENTED_EDGE ( 'NONE', *, *, #1572, .T. ) ;
#1929 = DIRECTION ( 'NONE',  ( -0.06162841671621905500, -0.7044160264027592400, 0.7071067811865470200 ) ) ;
#1930 = ORIENTED_EDGE ( 'NONE', *, *, #2543, .T. ) ;
#1931 = DIRECTION ( 'NONE',  ( 0.06162841671621927000, 0.7044160264027586900, 0.7071067811865476800 ) ) ;
#1932 = CARTESIAN_POINT ( 'NONE',  ( 8.114236064453908900, 47.02593340261519500, 47.20556482853740500 ) ) ;
#1933 = DIRECTION ( 'NONE',  ( 0.0000000000000000000, -1.000000000000000000, 0.0000000000000000000 ) ) ;
#1934 = ORIENTED_EDGE ( 'NONE', *, *, #2531, .T. ) ;
#1935 = CARTESIAN_POINT ( 'NONE',  ( 13.50000000000000000, 0.0000000000000000000, 0.0000000000000000000 ) ) ;
#1936 = AXIS2_PLACEMENT_3D ( 'NONE', #745, #732, #731 ) ;
#1937 = ORIENTED_EDGE ( 'NONE', *, *, #975, .F. ) ;
#1938 = CARTESIAN_POINT ( 'NONE',  ( 7.182742359852026600, 49.47811387625949900, 45.63394789622668700 ) ) ;
#1939 = ORIENTED_EDGE ( 'NONE', *, *, #2360, .T. ) ;
#1940 = PLANE ( 'NONE',  #1230 ) ;
#1941 = CARTESIAN_POINT ( 'NONE',  ( 4.918982666123341100, 38.66507675326310100, 38.80483796100774200 ) ) ;
#1942 = ORIENTED_EDGE ( 'NONE', *, *, #2338, .F. ) ;
#1943 = CARTESIAN_POINT ( 'NONE',  ( 4.919718726287935200, 38.89547810701864700, 38.57517312635081200 ) ) ;
#1944 = CARTESIAN_POINT ( 'NONE',  ( 7.372415665958934400, 49.50937684680813800, 45.58369547639471600 ) ) ;
#1945 = EDGE_LOOP ( 'NONE', ( #1382 ) ) ;
#1946 = CARTESIAN_POINT ( 'NONE',  ( 4.985509884373627200, 39.11802306277327500, 38.34094181693289700 ) ) ;
#1947 = EDGE_CURVE ( 'NONE', #56, #56, #712, .T. ) ;
#1948 = ORIENTED_EDGE ( 'NONE', *, *, #975, .T. ) ;
#1949 = CARTESIAN_POINT ( 'NONE',  ( 5.170047335154801100, 39.41468991269080400, 38.01024261666530200 ) ) ;
#1950 = ORIENTED_EDGE ( 'NONE', *, *, #2516, .T. ) ;
#1951 = ADVANCED_FACE ( 'E836', ( #686, #705 ), #671, .F. ) ;
#1952 = AXIS2_PLACEMENT_3D ( 'NONE', #711, #839, #725 ) ;
#1953 = CARTESIAN_POINT ( 'NONE',  ( -25.39999999999999900, 0.0000000000000000000, 0.0000000000000000000 ) ) ;
#1954 = CARTESIAN_POINT ( 'NONE',  ( 5.246808331373679300, 39.50895508680435600, 37.90170955690929600 ) ) ;
#1955 = EDGE_LOOP ( 'NONE', ( #1390 ) ) ;
#1956 = CARTESIAN_POINT ( 'NONE',  ( 5.426220985603509700, 39.68155174311343800, 37.69557923852098500 ) ) ;
#1957 = CARTESIAN_POINT ( 'NONE',  ( 5.527777116122855700, 39.75928668752757700, 37.59878503208484100 ) ) ;
#1958 = DIRECTION ( 'NONE',  ( -1.000000000000000000, 0.0000000000000000000, 0.0000000000000000000 ) ) ;
#1959 = ORIENTED_EDGE ( 'NONE', *, *, #1183, .T. ) ;
#1960 = CARTESIAN_POINT ( 'NONE',  ( 5.754168793561446700, 39.89793177456579800, 37.41751481916944000 ) ) ;
#1961 = CARTESIAN_POINT ( 'NONE',  ( 5.880324827906058300, 39.95912805691102000, 37.33250195537133500 ) ) ;
#1962 = ORIENTED_EDGE ( 'NONE', *, *, #2509, .F. ) ;
#1963 = DIRECTION ( 'NONE',  ( 0.0000000000000000000, 0.0000000000000000000, 1.000000000000000000 ) ) ;
#1964 = CARTESIAN_POINT ( 'NONE',  ( 6.146170900160193200, 40.05929505620304100, 37.18202926501185600 ) ) ;
#1965 = VERTEX_POINT ( 'NONE', #1696 ) ;
#1966 = AXIS2_PLACEMENT_3D ( 'NONE', #2763, #2784, #2755 ) ;
#1967 = ORIENTED_EDGE ( 'NONE', *, *, #2516, .F. ) ;
#1968 = CARTESIAN_POINT ( 'NONE',  ( -25.39999999999999900, 0.0000000000000000000, 0.0000000000000000000 ) ) ;
#1969 = AXIS2_PLACEMENT_3D ( 'NONE', #2799, #2800, #2804 ) ;
#1970 = AXIS2_PLACEMENT_3D ( 'NONE', #2813, #2814, #2816 ) ;
#1971 = CARTESIAN_POINT ( 'NONE',  ( 6.286677169397671100, 40.09901755407113200, 37.11566499810688700 ) ) ;
#1972 = DIRECTION ( 'NONE',  ( -1.000000000000000000, 0.0000000000000000000, 0.0000000000000000000 ) ) ;
#1973 = DIRECTION ( 'NONE',  ( 0.0000000000000000000, 0.0000000000000000000, 1.000000000000000000 ) ) ;
#1974 = CARTESIAN_POINT ( 'NONE',  ( 6.583074191822642100, 40.15744105991203100, 37.00093469887316600 ) ) ;
#1975 = AXIS2_PLACEMENT_3D ( 'NONE', #2713, #2696, #2705 ) ;
#1976 = EDGE_LOOP ( 'NONE', ( #1393 ) ) ;
#1977 = CARTESIAN_POINT ( 'NONE',  ( 6.820033928493931100, 49.39050310270239700, 45.75980286825694100 ) ) ;
#1978 = CARTESIAN_POINT ( 'NONE',  ( 6.737889228133513000, 40.17564989704776900, 36.95326400084908900 ) ) ;
#1979 = ORIENTED_EDGE ( 'NONE', *, *, #2676, .F. ) ;
#1980 = CARTESIAN_POINT ( 'NONE',  ( 5.770280735735640900, 48.84157010069839800, 46.43413870704339500 ) ) ;
#1981 = EDGE_LOOP ( 'NONE', ( #1389 ) ) ;
#1982 = DIRECTION ( 'NONE',  ( 0.0000000000000000000, 0.0000000000000000000, 1.000000000000000000 ) ) ;
#1983 = CARTESIAN_POINT ( 'NONE',  ( 39.69999999999999600, 0.0000000000000000000, 0.0000000000000000000 ) ) ;
#1984 = ORIENTED_EDGE ( 'NONE', *, *, #2471, .T. ) ;
#1985 = CARTESIAN_POINT ( 'NONE',  ( 7.049864650169276100, 40.18932076973609200, 36.88012500926147700 ) ) ;
#1986 = DIRECTION ( 'NONE',  ( -1.000000000000000000, 0.0000000000000000000, 0.0000000000000000000 ) ) ;
#1987 = EDGE_LOOP ( 'NONE', ( #1387 ) ) ;
#1988 = CARTESIAN_POINT ( 'NONE',  ( 7.208995795104003800, 40.18506633108056300, 36.85399836375229700 ) ) ;
#1989 = AXIS2_PLACEMENT_3D ( 'NONE', #2740, #2741, #2744 ) ;
#1990 = DIRECTION ( 'NONE',  ( 0.0000000000000000000, 0.0000000000000000000, 1.000000000000000000 ) ) ;
#1991 = ORIENTED_EDGE ( 'NONE', *, *, #2509, .T. ) ;
#1992 = CARTESIAN_POINT ( 'NONE',  ( 7.530853363086591500, 40.15361165519399100, 36.82390650746043500 ) ) ;
#1993 = EDGE_LOOP ( 'NONE', ( #1406 ) ) ;
#1994 = LOCAL_TIME ( 9, 12, 8.000000000000000000, #810 ) ;
#1995 = AXIS2_PLACEMENT_3D ( 'NONE', #2807, #2722, #2726 ) ;
#1996 = ORIENTED_EDGE ( 'NONE', *, *, #1853, .F. ) ;
#1997 = CARTESIAN_POINT ( 'NONE',  ( 17.46478424911359900, 0.0000000000000000000, 0.0000000000000000000 ) ) ;
#1998 = CARTESIAN_POINT ( 'NONE',  ( 39.69999999999999600, 0.0000000000000000000, 0.0000000000000000000 ) ) ;
#1999 = CARTESIAN_POINT ( 'NONE',  ( 7.689212935344267300, 40.12690514552103600, 36.82028289744926800 ) ) ;
#2000 = ORIENTED_EDGE ( 'NONE', *, *, #2471, .F. ) ;
#2001 = DIRECTION ( 'NONE',  ( -1.000000000000000000, 0.0000000000000000000, 0.0000000000000000000 ) ) ;
#2002 = EDGE_CURVE ( 'NONE', #55, #55, #673, .T. ) ;
#2003 = CARTESIAN_POINT ( 'NONE',  ( 8.000974409987337700, 40.05230626135600100, 36.83507725535775300 ) ) ;
#2004 = VERTEX_POINT ( 'NONE', #1611 ) ;
#2005 = AXIS2_PLACEMENT_3D ( 'NONE', #2719, #2866, #2861 ) ;
#2006 = CARTESIAN_POINT ( 'NONE',  ( 8.156014948359418400, 40.00369108318084700, 36.85390228782687000 ) ) ;
#2007 = DIRECTION ( 'NONE',  ( 0.0000000000000000000, 0.0000000000000000000, 1.000000000000000000 ) ) ;
#2008 = ORIENTED_EDGE ( 'NONE', *, *, #2460, .F. ) ;
#2009 = AXIS2_PLACEMENT_3D ( 'NONE', #2641, #2646, #2648 ) ;
#2010 = DIRECTION ( 'NONE',  ( -1.000000000000000000, 0.0000000000000000000, 0.0000000000000000000 ) ) ;
#2011 = EDGE_LOOP ( 'NONE', ( #1399 ) ) ;
#2012 = CARTESIAN_POINT ( 'NONE',  ( 8.450991392174135100, 39.88768738799934300, 36.91312955147198200 ) ) ;
#2013 = CARTESIAN_POINT ( 'NONE',  ( 38.60000000000000100, 0.0000000000000000000, 0.0000000000000000000 ) ) ;
#2014 = ORIENTED_EDGE ( 'NONE', *, *, #2444, .T. ) ;
#2015 = CARTESIAN_POINT ( 'NONE',  ( 8.591023330793163400, 39.82061088397036000, 36.95320276581828300 ) ) ;
#2016 = DIRECTION ( 'NONE',  ( -1.000000000000000000, 0.0000000000000000000, 0.0000000000000000000 ) ) ;
#2017 = DIRECTION ( 'NONE',  ( 0.0000000000000000000, 0.0000000000000000000, 1.000000000000000000 ) ) ;
#2018 = ORIENTED_EDGE ( 'NONE', *, *, #2460, .T. ) ;
#2019 = AXIS2_PLACEMENT_3D ( 'NONE', #2665, #2668, #2672 ) ;
#2020 = CARTESIAN_POINT ( 'NONE',  ( 8.856212776810407300, 39.66835595057153800, 37.05421648240731300 ) ) ;
#2021 = ORIENTED_EDGE ( 'NONE', *, *, #2454, .F. ) ;
#2022 = EDGE_LOOP ( 'NONE', ( #1412 ) ) ;
#2023 = ADVANCED_FACE ( 'E733', ( #670, #675 ), #1747, .T. ) ;
#2024 = CARTESIAN_POINT ( 'NONE',  ( 8.981570356309630300, 39.58263942452107600, 37.11565471777193200 ) ) ;
#2025 = EDGE_LOOP ( 'NONE', ( #2370 ) ) ;
#2026 = AXIS2_PLACEMENT_3D ( 'NONE', #2544, #2549, #2717 ) ;
#2027 = EDGE_LOOP ( 'NONE', ( #1409 ) ) ;
#2028 = ORIENTED_CLOSED_SHELL ( 'NONE', *, #2756, .F. );
#2029 = ORIENTED_EDGE ( 'NONE', *, *, #1296, .T. ) ;
#2030 = PRODUCT_DEFINITION_SHAPE ( 'NONE', 'NONE',  #605 ) ;
#2031 = EDGE_LOOP ( 'NONE', ( #1424 ) ) ;
#2032 = CARTESIAN_POINT ( 'NONE',  ( 9.318645183695325700, 39.30885893747564100, 37.32398104432925100 ) ) ;
#2033 = ORIENTED_CLOSED_SHELL ( 'NONE', *, #2906, .F. );
#2034 = ORIENTED_EDGE ( 'NONE', *, *, #2945, .F. ) ;
#2035 = EDGE_LOOP ( 'NONE', ( #1416 ) ) ;
#2036 = AXIS2_PLACEMENT_3D ( 'NONE', #2387, #2391, #2393 ) ;
#2037 = ORIENTED_EDGE ( 'NONE', *, *, #2444, .F. ) ;
#2038 = CARTESIAN_POINT ( 'NONE',  ( -24.29999999999999700, 0.0000000000000000000, 0.0000000000000000000 ) ) ;
#2039 = AXIS2_PLACEMENT_3D ( 'NONE', #2114, #2118, #2119 ) ;
#2040 = DIRECTION ( 'NONE',  ( -1.000000000000000000, 0.0000000000000000000, 0.0000000000000000000 ) ) ;
#2041 = EDGE_LOOP ( 'NONE', ( #1428 ) ) ;
#2042 = DIRECTION ( 'NONE',  ( 0.0000000000000000000, 0.0000000000000000000, 1.000000000000000000 ) ) ;
#2043 = AXIS2_PLACEMENT_3D ( 'NONE', #2099, #2102, #2106 ) ;
#2044 = ORIENTED_EDGE ( 'NONE', *, *, #2002, .F. ) ;
#2045 = CARTESIAN_POINT ( 'NONE',  ( -13.50000000000000000, 0.0000000000000000000, 0.0000000000000000000 ) ) ;
#2046 = DIRECTION ( 'NONE',  ( 1.000000000000000000, 0.0000000000000000000, 1.224606353822375800E-016 ) ) ;
#2047 = ORIENTED_EDGE ( 'NONE', *, *, #935, .T. ) ;
#2048 = DIRECTION ( 'NONE',  ( 1.324913097146542100E-016, 0.0000000000000000000, -1.000000000000000000 ) ) ;
#2049 = AXIS2_PLACEMENT_3D ( 'NONE', #2086, #2088, #2094 ) ;
#2050 = EDGE_LOOP ( 'NONE', ( #1381 ) ) ;
#2051 = ADVANCED_FACE ( 'E830', ( #664, #668 ), #656, .F. ) ;
#2052 = AXIS2_PLACEMENT_3D ( 'NONE', #2072, #2074, #2076 ) ;
#2053 = ORIENTED_EDGE ( 'NONE', *, *, #2521, .F. ) ;
#2054 = CARTESIAN_POINT ( 'NONE',  ( 9.500195379297023700, 39.09669964004130100, 37.50062964352292000 ) ) ;
#2055 = CARTESIAN_POINT ( 'NONE',  ( 13.50000000000000000, 0.0000000000000000000, 0.0000000000000000000 ) ) ;
#2056 = DIRECTION ( 'NONE',  ( -1.000000000000000000, 0.0000000000000000000, 0.0000000000000000000 ) ) ;
#2057 = EDGE_LOOP ( 'NONE', ( #1426 ) ) ;
#2058 = AXIS2_PLACEMENT_3D ( 'NONE', #2055, #2056, #2063 ) ;
#2059 = CARTESIAN_POINT ( 'NONE',  ( 9.681961708369723100, 38.76425373365623300, 37.79706290986980800 ) ) ;
#2060 = ORIENTED_EDGE ( 'NONE', *, *, #2400, .T. ) ;
#2061 = CARTESIAN_POINT ( 'NONE',  ( 9.728593035501976500, 38.64947222191838700, 37.90249256708818800 ) ) ;
#2062 = EDGE_LOOP ( 'NONE', ( #1442 ) ) ;
#2063 = DIRECTION ( 'NONE',  ( 0.0000000000000000000, 0.0000000000000000000, 1.000000000000000000 ) ) ;
#2064 = CARTESIAN_POINT ( 'NONE',  ( 9.790381429307478500, 38.41865516854430500, 38.12061823725564800 ) ) ;
#2065 = EDGE_LOOP ( 'NONE', ( #1432 ) ) ;
#2066 = AXIS2_PLACEMENT_3D ( 'NONE', #2045, #2046, #2048 ) ;
#2067 = EDGE_LOOP ( 'NONE', ( #1453 ) ) ;
#2068 = CARTESIAN_POINT ( 'NONE',  ( 9.805461806681236700, 38.30406344543830200, 38.23189060368680000 ) ) ;
#2069 = EDGE_LOOP ( 'NONE', ( #1458 ) ) ;
#2070 = EDGE_LOOP ( 'NONE', ( #1448 ) ) ;
#2071 = EDGE_CURVE ( 'E382', #1358, #1461, #661, .T. ) ;
#2072 = CARTESIAN_POINT ( 'NONE',  ( -13.25000000000000000, 0.0000000000000000000, 0.0000000000000000000 ) ) ;
#2073 = CARTESIAN_POINT ( 'NONE',  ( 9.804620848205059900, 38.07648157127270100, 38.45876724470250000 ) ) ;
#2074 = DIRECTION ( 'NONE',  ( -1.000000000000000000, -0.0000000000000000000, -1.224606353822375800E-016 ) ) ;
#2075 = AXIS2_PLACEMENT_3D ( 'NONE', #2038, #2040, #2042 ) ;
#2076 = DIRECTION ( 'NONE',  ( 1.389631622945373000E-016, 0.0000000000000000000, -1.000000000000000000 ) ) ;
#2077 = VERTEX_POINT ( 'NONE', #1796 ) ;
#2078 = ORIENTED_EDGE ( 'NONE', *, *, #2413, .F. ) ;
#2079 = CARTESIAN_POINT ( 'NONE',  ( 9.788173729173559300, 37.96248177493923500, 38.57547784678011700 ) ) ;
#2080 = AXIS2_PLACEMENT_3D ( 'NONE', #1997, #2010, #1982 ) ;
#2081 = EDGE_LOOP ( 'NONE', ( #1447 ) ) ;
#2082 = CARTESIAN_POINT ( 'NONE',  ( -11.08826141103819500, -64.02127740171393100, -24.00000000000000000 ) ) ;
#2083 = CARTESIAN_POINT ( 'NONE',  ( 9.724773430375140700, 37.74524914755191700, 38.80400503929460100 ) ) ;
#2084 = CARTESIAN_POINT ( 'NONE',  ( 9.678100040316351700, 37.64110166343228800, 38.91667931041979500 ) ) ;
#2085 = AXIS2_PLACEMENT_3D ( 'NONE', #2013, #2016, #2017 ) ;
#2086 = CARTESIAN_POINT ( 'NONE',  ( 13.50000000000000000, 0.0000000000000000000, 1.653218577660209900E-015 ) ) ;
#2087 = ORIENTED_EDGE ( 'NONE', *, *, #669, .F. ) ;
#2088 = DIRECTION ( 'NONE',  ( -1.000000000000000000, 0.0000000000000000000, -2.449212707644755000E-016 ) ) ;
#2089 = CARTESIAN_POINT ( 'NONE',  ( 9.554441835818703800, 37.44185234817061300, 39.13880960531397300 ) ) ;
#2090 = EDGE_LOOP ( 'NONE', ( #1466 ) ) ;
#2091 = AXIS2_PLACEMENT_3D ( 'NONE', #1998, #2001, #2007 ) ;
#2092 = CARTESIAN_POINT ( 'NONE',  ( 9.477505348992153200, 37.34754710966837600, 39.24746278806504300 ) ) ;
#2093 = EDGE_LOOP ( 'NONE', ( #1460 ) ) ;
#2094 = DIRECTION ( 'NONE',  ( -2.318597920006449100E-016, 0.0000000000000000000, 1.000000000000000000 ) ) ;
#2095 = AXIS2_PLACEMENT_3D ( 'NONE', #1983, #1986, #1990 ) ;
#2096 = CARTESIAN_POINT ( 'NONE',  ( 9.299681152921671400, 37.17620574056150000, 39.45214031252371700 ) ) ;
#2097 = ORIENTED_EDGE ( 'NONE', *, *, #2267, .T. ) ;
#2098 = ORIENTED_EDGE ( 'NONE', *, *, #751, .T. ) ;
#2099 = CARTESIAN_POINT ( 'NONE',  ( -4.772970773009189900, 0.0000000000000000000, 0.0000000000000000000 ) ) ;
#2100 = EDGE_LOOP ( 'NONE', ( #1474 ) ) ;
#2101 = CARTESIAN_POINT ( 'NONE',  ( 9.197949118246599600, 37.09794103862265000, 39.54954995897789900 ) ) ;
#2102 = DIRECTION ( 'NONE',  ( -1.000000000000000000, -0.0000000000000000000, -0.0000000000000000000 ) ) ;
#2103 = EDGE_LOOP ( 'NONE', ( #1467 ) ) ;
#2104 = CARTESIAN_POINT ( 'NONE',  ( 8.969163469516543000, 36.95779075699434900, 39.73288572787004100 ) ) ;
#2105 = ORIENTED_EDGE ( 'NONE', *, *, #1164, .F. ) ;
#2106 = DIRECTION ( 'NONE',  ( 0.0000000000000000000, 0.0000000000000000000, -1.000000000000000000 ) ) ;
#2107 = EDGE_LOOP ( 'NONE', ( #1484 ) ) ;
#2108 = EDGE_LOOP ( 'NONE', ( #1476 ) ) ;
#2109 = CARTESIAN_POINT ( 'NONE',  ( 8.845505069001406500, 36.89791901646091800, 39.81615686038644200 ) ) ;
#2110 = ORIENTED_EDGE ( 'NONE', *, *, #2194, .F. ) ;
#2111 = AXIS2_PLACEMENT_3D ( 'NONE', #1968, #1972, #1973 ) ;
#2112 = CARTESIAN_POINT ( 'NONE',  ( -8.679031609634108700, 54.30882300880768600, -0.4755562185182341000 ) ) ;
#2113 = ADVANCED_FACE ( 'E912', ( #677 ), #1418, .T. ) ;
#2114 = CARTESIAN_POINT ( 'NONE',  ( -4.772970773009210400, 0.0000000000000000000, 0.0000000000000000000 ) ) ;
#2115 = CARTESIAN_POINT ( 'NONE',  ( 8.580379178187309100, 36.79778539402240500, 39.96655874673144400 ) ) ;
#2116 = ORIENTED_EDGE ( 'NONE', *, *, #2404, .F. ) ;
#2117 = CARTESIAN_POINT ( 'NONE',  ( 8.437199360523008500, 36.75725696174222900, 40.03428204603389400 ) ) ;
#2118 = DIRECTION ( 'NONE',  ( 1.000000000000000000, 0.0000000000000000000, 0.0000000000000000000 ) ) ;
#2119 = DIRECTION ( 'NONE',  ( 0.0000000000000000000, 0.0000000000000000000, -1.000000000000000000 ) ) ;
#2120 = EDGE_LOOP ( 'NONE', ( #1493 ) ) ;
#2121 = ADVANCED_FACE ( 'E97', ( #683 ), #1410, .T. ) ;
#2122 = CARTESIAN_POINT ( 'NONE',  ( 8.141357011453013800, 36.69896948979378200, 40.14884750203173500 ) ) ;
#2123 = CARTESIAN_POINT ( 'NONE',  ( 6.169650601189338200, 49.11924263935775800, 46.10629358446255600 ) ) ;
#2124 = CARTESIAN_POINT ( 'NONE',  ( 7.989121840690165400, 36.68095465800842400, 40.19586297049130500 ) ) ;
#2125 = ORIENTED_EDGE ( 'NONE', *, *, #2390, .F. ) ;
#2126 = ADVANCED_FACE ( 'E642', ( #649, #652 ), #1166, .T. ) ;
#2127 = CARTESIAN_POINT ( 'NONE',  ( -8.741866173923684300, 54.29933572113269200, -0.4122624557616887400 ) ) ;
#2128 = EDGE_LOOP ( 'NONE', ( #1435 ) ) ;
#2129 = CARTESIAN_POINT ( 'NONE',  ( 7.676084727114350400, 36.66702362996492300, 40.26950463728767500 ) ) ;
#2130 = CARTESIAN_POINT ( 'NONE',  ( 7.514421205467629200, 36.67143342324671800, 40.29597040325887700 ) ) ;
#2131 = CARTESIAN_POINT ( 'NONE',  ( 6.323521526071989900, 49.19961909179383500, 46.00733291655863900 ) ) ;
#2132 = CARTESIAN_POINT ( 'NONE',  ( 8.539812481097190000, 49.51334672666840900, 45.47906830465789300 ) ) ;
#2133 = ORIENTED_EDGE ( 'NONE', *, *, #1783, .T. ) ;
#2134 = CARTESIAN_POINT ( 'NONE',  ( 7.196157277648077300, 36.70242960345886700, 40.32583251152555400 ) ) ;
#2135 = CARTESIAN_POINT ( 'NONE',  ( 7.037902451102798600, 36.72881892938226400, 40.32974107945397400 ) ) ;
#2136 = EDGE_LOOP ( 'NONE', ( #1502 ) ) ;
#2137 = CARTESIAN_POINT ( 'NONE',  ( -8.791233630963656500, 54.29187940390616500, -0.3375725527393683100 ) ) ;
#2138 = CARTESIAN_POINT ( 'NONE',  ( 6.723192828189447700, 36.80394774913473600, 40.31493934843917500 ) ) ;
#2139 = ADVANCED_FACE ( 'E933', ( #646 ), #1224, .T. ) ;
#2140 = ORIENTED_EDGE ( 'NONE', *, *, #1722, .T. ) ;
#2141 = EDGE_LOOP ( 'NONE', ( #1509 ) ) ;
#2142 = CARTESIAN_POINT ( 'NONE',  ( -8.858430711621686300, 54.28172931185498100, -0.1731514733948443500 ) ) ;
#2143 = CARTESIAN_POINT ( 'NONE',  ( 5.893862017820674200, 48.94044390090626000, 46.31937813197455300 ) ) ;
#2144 = ADVANCED_FACE ( 'E182', ( #640 ), #1170, .F. ) ;
#2145 = CARTESIAN_POINT ( 'NONE',  ( 6.569382822289680000, 36.85223744202915000, 40.29617248868964900 ) ) ;
#2146 = CARTESIAN_POINT ( 'NONE',  ( 6.275889160357179400, 36.96739167706254400, 40.23743133239595000 ) ) ;
#2147 = EDGE_LOOP ( 'NONE', ( #1489 ) ) ;
#2148 = AXIS2_PLACEMENT_3D ( 'NONE', #427, #1909, #1899 ) ;
#2149 = ADVANCED_FACE ( 'E859', ( #639, #637 ), #1126, .T. ) ;
#2150 = CARTESIAN_POINT ( 'NONE',  ( -8.875567609248008700, 54.27914024941873800, -0.08409923184824173700 ) ) ;
#2151 = CARTESIAN_POINT ( 'NONE',  ( 6.134035072947150400, 37.03510739259991900, 40.19702304948934600 ) ) ;
#2152 = EDGE_LOOP ( 'NONE', ( #1518 ) ) ;
#2153 = ORIENTED_EDGE ( 'NONE', *, *, #2413, .T. ) ;
#2154 = B_SPLINE_CURVE_WITH_KNOTS ( 'NONE', 3,
 ( #629, #635, #643, #644, #647, #650, #653, #654, #766, #662, #663, #667, #672, #674, #589, #451, #685, #688, #689, #694, #696, #698, #758, #721, #703, #898 ),
 .UNSPECIFIED., .T., .F.,
 ( 4, 2, 2, 2, 2, 2, 2, 2, 2, 2, 2, 2, 4 ),
 ( 0.0000000000000000000, 0.0002637684291908174900, 0.0005275368583816349800, 0.001055073716763273600, 0.001318842145954093000, 0.001582610575144912300, 0.001846379004335731600, 0.002110147433526551200, 0.002637684291908195500, 0.002901452721099021300, 0.003165221150289847200, 0.003692758008671493600, 0.004220294867053140500 ),
 .UNSPECIFIED. ) ;
#2155 = CARTESIAN_POINT ( 'NONE',  ( -8.873821001896944300, 54.27940411058170200, 0.1815140745306415800 ) ) ;
#2156 = B_SPLINE_CURVE_WITH_KNOTS ( 'NONE', 3,
 ( #2711, #2683, #2637, #2635, #2626, #2624, #2619, #2614, #2611, #2582, #2577, #2570, #2569, #2563 ),
 .UNSPECIFIED., .F., .F.,
 ( 4, 2, 2, 2, 2, 2, 4 ),
 ( 0.009787635336519587600, 0.01041982248323656800, 0.01105200962995354700, 0.01136810320331205200, 0.01168419677667055900, 0.01200029035002906500, 0.01231638392338757000 ),
 .UNSPECIFIED. ) ;
#2157 = AXIS2_PLACEMENT_3D ( 'NONE', #1953, #1958, #1963 ) ;
#2158 = EDGE_LOOP ( 'NONE', ( #1524 ) ) ;
#2159 = EDGE_LOOP ( 'NONE', ( #1514 ) ) ;
#2160 = CARTESIAN_POINT ( 'NONE',  ( 5.867286813084049900, 37.18817357498920700, 40.09539773475521700 ) ) ;
#2161 = CARTESIAN_POINT ( 'NONE',  ( 5.744463013977474800, 37.27212192772838500, 40.03518282875416600 ) ) ;
#2162 = CARTESIAN_POINT ( 'NONE',  ( -8.798827142994579000, 54.29073558536903500, 0.3579299665096951100 ) ) ;
#2163 = CARTESIAN_POINT ( 'NONE',  ( -8.547306394301323000, 54.32871166040133200, 0.6050504744152287500 ) ) ;
#2164 = ORIENTED_EDGE ( 'NONE', *, *, #1290, .F. ) ;
#2165 = AXIS2_PLACEMENT_3D ( 'NONE', #1730, #498, #495 ) ;
#2166 = CARTESIAN_POINT ( 'NONE',  ( 5.519424153742831700, 37.45450469328761000, 39.89638865408440400 ) ) ;
#2167 = ORIENTED_EDGE ( 'NONE', *, *, #2404, .T. ) ;
#2168 = CARTESIAN_POINT ( 'NONE',  ( -8.372797213038351700, 54.35504772345763800, 0.6760891560488285800 ) ) ;
#2169 = CARTESIAN_POINT ( 'NONE',  ( -12.80000000000000100, 122.8708551808102000, 0.0000000000000000000 ) ) ;
#2170 = ADVANCED_FACE ( 'E790', ( #634 ), #862, .T. ) ;
#2171 = EDGE_CURVE ( 'E225', #1757, #2004, #630, .T. ) ;
#2172 = AXIS2_PLACEMENT_3D ( 'NONE', #1176, #1152, #1180 ) ;
#2173 = EDGE_LOOP ( 'NONE', ( #1510 ) ) ;
#2174 = CARTESIAN_POINT ( 'NONE',  ( -8.107296328213113400, 54.39508151750123200, 0.6744357902553717000 ) ) ;
#2175 = CARTESIAN_POINT ( 'NONE',  ( -12.80000000000000100, -65.75712889109439600, 24.00000000000000000 ) ) ;
#2176 = CARTESIAN_POINT ( 'NONE',  ( 5.416411031391350100, 37.55409879816830500, 39.81680615340646100 ) ) ;
#2177 = EDGE_LOOP ( 'NONE', ( #1532 ) ) ;
#2178 = CARTESIAN_POINT ( 'NONE',  ( -8.020209747361802100, 54.40820788172899800, 0.6565486934046030900 ) ) ;
#2179 = CARTESIAN_POINT ( 'NONE',  ( -7.857777035667934000, 54.43268302567139500, 0.5884421504606649500 ) ) ;
#2180 = CARTESIAN_POINT ( 'NONE',  ( -7.783187747549031400, 54.44391778024225200, 0.5381868126958209200 ) ) ;
#2181 = DIRECTION ( 'NONE',  ( 1.000000000000000000, 0.0000000000000000000, 0.0000000000000000000 ) ) ;
#2182 = AXIS2_PLACEMENT_3D ( 'NONE', #1926, #1910, #1933 ) ;
#2183 = ORIENTED_EDGE ( 'NONE', *, *, #935, .F. ) ;
#2184 = CARTESIAN_POINT ( 'NONE',  ( 5.552228071965208400, 48.62417654299392200, 46.68005173302037700 ) ) ;
#2185 = ADVANCED_FACE ( 'E1352', ( #657, #638 ), #747, .T. ) ;
#2186 = CARTESIAN_POINT ( 'NONE',  ( 5.239430384708907000, 37.76065829759823300, 39.64475944481598200 ) ) ;
#2187 = CARTESIAN_POINT ( 'NONE',  ( 5.164572157502232300, 37.86800984363554100, 39.55208036730178400 ) ) ;
#2188 = EDGE_LOOP ( 'NONE', ( #1528 ) ) ;
#2189 = ADVANCED_FACE ( 'E1343', ( #625, #611 ), #615, .T. ) ;
#2190 = CARTESIAN_POINT ( 'NONE',  ( -7.597025289610522600, 54.47195158553361000, 0.3507940923711019300 ) ) ;
#2191 = CARTESIAN_POINT ( 'NONE',  ( -7.524047739549735600, 54.48293303496387100, 0.1734198805365671800 ) ) ;
#2192 = EDGE_LOOP ( 'NONE', ( #1536 ) ) ;
#2193 = CARTESIAN_POINT ( 'NONE',  ( -11.47520424994893800, -64.05511022501708900, 23.99999999999999600 ) ) ;
#2194 = EDGE_CURVE ( 'E43', #1227, #1363, #58, .T. ) ;
#2195 = CARTESIAN_POINT ( 'NONE',  ( -7.525491076482989400, 54.48271580373835100, -0.09221138996461908400 ) ) ;
#2196 = EDGE_LOOP ( 'NONE', ( #1535 ) ) ;
#2197 = CARTESIAN_POINT ( 'NONE',  ( 5.042375298485978000, 38.09093401166276700, 39.35328746035831700 ) ) ;
#2198 = CARTESIAN_POINT ( 'NONE',  ( -7.543686169360193500, 54.47997750513270900, -0.1810343741347995000 ) ) ;
#2199 = EDGE_LOOP ( 'NONE', ( #1542 ) ) ;
#2200 = EDGE_CURVE ( 'E361', #1565, #1358, #607, .T. ) ;
#2201 = CARTESIAN_POINT ( 'NONE',  ( 4.995633274143389500, 38.20621734462030600, 39.24734814140200700 ) ) ;
#2202 = CARTESIAN_POINT ( 'NONE',  ( 4.934132762545238500, 38.43507062487734800, 39.03108263510982600 ) ) ;
#2203 = ORIENTED_EDGE ( 'NONE', *, *, #2365, .T. ) ;
#2204 = CARTESIAN_POINT ( 'NONE',  ( -7.612900276445312600, 54.46955881594384200, -0.3447248228797723500 ) ) ;
#2205 = EDGE_LOOP ( 'NONE', ( #1539 ) ) ;
#2206 = CARTESIAN_POINT ( 'NONE',  ( -7.663249648455919600, 54.46197914379739300, -0.4188778594818200500 ) ) ;
#2207 = ADVANCED_FACE ( 'E1355', ( #618, #622, #598, #594 ), #577, .T. ) ;
#2208 = CARTESIAN_POINT ( 'NONE',  ( -12.79089302207470000, -65.54599805097646500, 23.99999999999999600 ) ) ;
#2209 = CARTESIAN_POINT ( 'NONE',  ( -11.67977137662047900, -64.11039810504995300, 24.00000000000000400 ) ) ;
#2210 = EDGE_LOOP ( 'NONE', ( #1544 ) ) ;
#2211 = AXIS2_PLACEMENT_3D ( 'NONE', #1097, #1052, #1099 ) ;
#2212 = EDGE_LOOP ( 'NONE', ( #1362 ) ) ;
#2213 = CARTESIAN_POINT ( 'NONE',  ( -7.790286527603956100, 54.44284863452121900, -0.5437779616570928000 ) ) ;
#2214 = ORIENTED_EDGE ( 'NONE', *, *, #2503, .F. ) ;
#2215 = CARTESIAN_POINT ( 'NONE',  ( -8.028201798738138000, 54.40700337939321000, -0.6586831726324190500 ) ) ;
#2216 = AXIS2_PLACEMENT_3D ( 'NONE', #1259, #1181, #1188 ) ;
#2217 = ADVANCED_FACE ( 'E1332', ( #587, #585 ), #590, .T. ) ;
#2218 = CARTESIAN_POINT ( 'NONE',  ( 17.46478424911359900, 0.0000000000000000000, 0.0000000000000000000 ) ) ;
#2219 = VERTEX_POINT ( 'NONE', #454 ) ;
#2220 = CARTESIAN_POINT ( 'NONE',  ( -8.116309839475892600, 54.39372268820304900, -0.6754885082101355100 ) ) ;
#2221 = EDGE_CURVE ( 'E103', #1500, #1303, #566, .T. ) ;
#2222 = EDGE_LOOP ( 'NONE', ( #1549 ) ) ;
#2223 = CARTESIAN_POINT ( 'NONE',  ( 32.24911256448980600, 29.73590425831900300, 3.976122564514216900 ) ) ;
#2224 = EDGE_LOOP ( 'NONE', ( #1552 ) ) ;
#2225 = DIRECTION ( 'NONE',  ( -0.06162841671621931800, -0.7044160264027589100, 0.7071067811865473500 ) ) ;
#2226 = AXIS2_PLACEMENT_3D ( 'NONE', #1916, #1919, #1879 ) ;
#2227 = CARTESIAN_POINT ( 'NONE',  ( 5.235937953917126500, 48.13856003344713500, 47.20805836258232800 ) ) ;
#2228 = ADVANCED_FACE ( 'E1365', ( #581, #568 ), #556, .T. ) ;
#2229 = ORIENTED_EDGE ( 'NONE', *, *, #2392, .T. ) ;
#2230 = DIRECTION ( 'NONE',  ( 0.06162841671621927000, 0.7044160264027586900, 0.7071067811865476800 ) ) ;
#2231 = CARTESIAN_POINT ( 'NONE',  ( 8.147592445001560400, 47.40719857690569200, 47.58828637385470000 ) ) ;
#2232 = AXIS2_PLACEMENT_3D ( 'NONE', #1057, #1039, #1072 ) ;
#2233 = CARTESIAN_POINT ( 'NONE',  ( -8.378934407574243800, 54.35412171776803800, -0.6739900211101335100 ) ) ;
#2234 = AXIS2_PLACEMENT_3D ( 'NONE', #1041, #922, #1049 ) ;
#2235 = EDGE_LOOP ( 'NONE', ( #1548 ) ) ;
#2236 = CARTESIAN_POINT ( 'NONE',  ( -11.26478424911356100, 64.03224213744799400, -24.00000000000000000 ) ) ;
#2237 = EDGE_LOOP ( 'NONE', ( #1547 ) ) ;
#2238 = CARTESIAN_POINT ( 'NONE',  ( 32.50578436051746700, 29.76366891625351500, 3.765335570730039100 ) ) ;
#2239 = CARTESIAN_POINT ( 'NONE',  ( -12.44077375228958500, -64.66771987509544300, 23.99999999999999300 ) ) ;
#2240 = AXIS2_PLACEMENT_3D ( 'NONE', #956, #919, #959 ) ;
#2241 = EDGE_CURVE ( 'E400', #1855, #1329, #559, .T. ) ;
#2242 = EDGE_LOOP ( 'NONE', ( #1557 ) ) ;
#2243 = CARTESIAN_POINT ( 'NONE',  ( 5.157112188699593400, 47.86528022975186800, 47.49191073984295700 ) ) ;
#2244 = CARTESIAN_POINT ( 'NONE',  ( 8.922950221193360700, 49.44604958897841100, 45.51933036591025000 ) ) ;
#2245 = CARTESIAN_POINT ( 'NONE',  ( 4.918982666123341100, 38.66507675326310100, 38.80483796100774200 ) ) ;
#2246 = ORIENTED_EDGE ( 'NONE', *, *, #2308, .F. ) ;
#2247 = AXIS2_PLACEMENT_3D ( 'NONE', #1101, #1110, #1117 ) ;
#2248 = CARTESIAN_POINT ( 'NONE',  ( 5.157624572350260700, 47.58438239276311100, 47.77166528788229300 ) ) ;
#2249 = ADVANCED_FACE ( 'E1374', ( #560, #573 ), #548, .F. ) ;
#2250 = ORIENTED_EDGE ( 'NONE', *, *, #2400, .F. ) ;
#2251 = CARTESIAN_POINT ( 'NONE',  ( -12.80000000000000100, -31.88118811881184600, 62.31845508461299900 ) ) ;
#2252 = EDGE_LOOP ( 'NONE', ( #2739, #2749, #2772, #2780, #2779, #2785, #2788, #2789 ) ) ;
#2253 = DATE_AND_TIME ( #1920, #1994 ) ;
#2254 = ADVANCED_FACE ( 'E1382', ( #554, #552 ), #538, .F. ) ;
#2255 = ORIENTED_EDGE ( 'NONE', *, *, #906, .F. ) ;
#2256 = CARTESIAN_POINT ( 'NONE',  ( -30.00000000000000000, 0.0000000000000000000, 0.0000000000000000000 ) ) ;
#2257 = DIRECTION ( 'NONE',  ( 0.0000000000000000000, 1.000000000000000000, 0.0000000000000000000 ) ) ;
#2258 = EDGE_LOOP ( 'NONE', ( #1554 ) ) ;
#2259 = ADVANCED_FACE ( 'E1409', ( #550 ), #564, .F. ) ;
#2260 = AXIS2_PLACEMENT_3D ( 'NONE', #814, #807, #838 ) ;
#2261 = EDGE_LOOP ( 'NONE', ( #1573 ) ) ;
#2262 = CARTESIAN_POINT ( 'NONE',  ( -12.80000000000000100, 31.88118811881184600, -62.31845508461299900 ) ) ;
#2263 = CARTESIAN_POINT ( 'NONE',  ( 10.40598239794849000, 48.75648924858127500, 46.13194799903971000 ) ) ;
#2264 = DIRECTION ( 'NONE',  ( -1.000000000000000000, 0.0000000000000000000, 0.0000000000000000000 ) ) ;
#2265 = EDGE_LOOP ( 'NONE', ( #1561 ) ) ;
#2266 = CARTESIAN_POINT ( 'NONE',  ( 32.96608466306342000, 29.81830261445937700, 3.304930938625712000 ) ) ;
#2267 = EDGE_CURVE ( 'E597', #1921, #2818, #236, .T. ) ;
#2268 = CARTESIAN_POINT ( 'NONE',  ( -20.00000000000000000, 101.0000000000000000, -24.00000000000000000 ) ) ;
#2269 = CARTESIAN_POINT ( 'NONE',  ( 9.113609007778064700, 49.39908169811609200, 45.55398663614666800 ) ) ;
#2270 = CARTESIAN_POINT ( 'NONE',  ( -8.553362481054959300, 54.32779758415766500, -0.6021437440313240900 ) ) ;
#2271 = EDGE_CURVE ( 'E124', #1496, #1320, #536, .T. ) ;
#2272 = AXIS2_PLACEMENT_3D ( 'NONE', #819, #593, #780 ) ;
#2273 = EDGE_LOOP ( 'NONE', ( #1577 ) ) ;
#2274 = CARTESIAN_POINT ( 'NONE',  ( 33.17284913272737200, 29.84544808000483600, 3.053604016091467300 ) ) ;
#2275 = CARTESIAN_POINT ( 'NONE',  ( -8.679031609634108700, 54.30882300880768600, -0.4755562185182341000 ) ) ;
#2276 = CARTESIAN_POINT ( 'NONE',  ( -8.652857230782517600, -14.54825237729001100, -52.33053083832404400 ) ) ;
#2277 = CARTESIAN_POINT ( 'NONE',  ( 30.64337567297405200, 37.44999999999999600, 2.500000000000000000 ) ) ;
#2278 = CARTESIAN_POINT ( 'NONE',  ( 4.918614636041043700, 38.54987607638533100, 38.91967037833620700 ) ) ;
#2279 = EDGE_LOOP ( 'NONE', ( #1574 ) ) ;
#2280 = CARTESIAN_POINT ( 'NONE',  ( -12.80000000000000100, 101.0000000000000000, -24.00000000000000000 ) ) ;
#2281 = CARTESIAN_POINT ( 'NONE',  ( -11.00000000000000000, -64.01579490418531300, -24.00000000000000000 ) ) ;
#2282 = ADVANCED_FACE ( 'E224', ( #541 ), #2859, .T. ) ;
#2283 = EDGE_LOOP ( 'NONE', ( #1586 ) ) ;
#2284 = CARTESIAN_POINT ( 'NONE',  ( -11.78043161418563000, -64.14921466468609900, 24.00000000000000000 ) ) ;
#2285 = CARTESIAN_POINT ( 'NONE',  ( -11.00000000000000000, 0.0000000000000000000, -24.00000000000000000 ) ) ;
#2286 = CARTESIAN_POINT ( 'NONE',  ( 33.53839352949947300, 29.89630243494425000, 2.507263309207783800 ) ) ;
#2287 = CARTESIAN_POINT ( 'NONE',  ( -11.17652282741075000, -64.02675981277926100, -24.00000000000000000 ) ) ;
#2288 = ORIENTED_EDGE ( 'NONE', *, *, #2392, .F. ) ;
#2289 = CARTESIAN_POINT ( 'NONE',  ( -12.23359060617330700, -64.42769357543286900, 24.00000000000000400 ) ) ;
#2290 = ADVANCED_FACE ( 'E1385', ( #532 ), #527, .F. ) ;
#2291 = AXIS2_PLACEMENT_3D ( 'NONE', #851, #761, #798 ) ;
#2292 = EDGE_LOOP ( 'NONE', ( #1580 ) ) ;
#2293 = ADVANCED_FACE ( 'E1401', ( #521, #529, #520, #523 ), #511, .F. ) ;
#2294 = DIRECTION ( 'NONE',  ( 0.0000000000000000000, -1.000000000000000000, 0.0000000000000000000 ) ) ;
#2295 = DIRECTION ( 'NONE',  ( 1.000000000000000000, 0.0000000000000000000, 0.0000000000000000000 ) ) ;
#2296 = EDGE_CURVE ( 'E134', #1308, #1565, #512, .T. ) ;
#2297 = EDGE_CURVE ( 'E108', #1757, #1303, #546, .T. ) ;
#2298 = CARTESIAN_POINT ( 'NONE',  ( -11.26478424911356100, -64.03224213744799400, -24.00000000000000000 ) ) ;
#2299 = ORIENTED_EDGE ( 'NONE', *, *, #2412, .F. ) ;
#2300 = ADVANCED_FACE ( 'E1223', ( #514 ), #2742, .T. ) ;
#2301 = ADVANCED_FACE ( 'E1395', ( #506, #497 ), #2781, .T. ) ;
#2302 = ORIENTED_EDGE ( 'NONE', *, *, #2341, .T. ) ;
#2303 = EDGE_CURVE ( 'E52', #1363, #1374, #517, .T. ) ;
#2304 = EDGE_LOOP ( 'NONE', ( #1598 ) ) ;
#2305 = EDGE_CURVE ( 'E70', #2466, #2818, #496, .T. ) ;
#2306 = ORIENTED_EDGE ( 'NONE', *, *, #2320, .T. ) ;
#2307 = EDGE_LOOP ( 'NONE', ( #1589 ) ) ;
#2308 = EDGE_CURVE ( 'E16', #1348, #1832, #505, .T. ) ;
#2309 = CARTESIAN_POINT ( 'NONE',  ( -12.72684581934720600, -65.23354542086322300, 23.99999999999999600 ) ) ;
#2310 = ORIENTED_EDGE ( 'NONE', *, *, #2365, .F. ) ;
#2311 = CARTESIAN_POINT ( 'NONE',  ( 23.59297870310314600, 37.44088918827909400, -0.8450631518658083800 ) ) ;
#2312 = CARTESIAN_POINT ( 'NONE',  ( -8.579237420767350700, -14.59942428353334200, -52.32832403075299500 ) ) ;
#2313 = EDGE_LOOP ( 'NONE', ( #1605 ) ) ;
#2314 = CARTESIAN_POINT ( 'NONE',  ( -12.60989261571725900, -64.93880927466533100, 24.00000000000000000 ) ) ;
#2315 = CARTESIAN_POINT ( 'NONE',  ( -8.715465560247517700, -14.48430769207278400, -52.33787736472324100 ) ) ;
#2316 = CARTESIAN_POINT ( 'NONE',  ( -8.812836087525514700, -14.33733623652638700, -52.36203420447400000 ) ) ;
#2317 = EDGE_LOOP ( 'NONE', ( #1602 ) ) ;
#2318 = CARTESIAN_POINT ( 'NONE',  ( -8.846740982695219900, -14.25493008663612700, -52.37881235478861400 ) ) ;
#2319 = ORIENTED_EDGE ( 'NONE', *, *, #2811, .F. ) ;
#2320 = EDGE_CURVE ( 'E625', #2466, #1496, #2156, .T. ) ;
#2321 = DIRECTION ( 'NONE',  ( 0.0000000000000000000, -1.000000000000000000, 0.0000000000000000000 ) ) ;
#2322 = ADVANCED_FACE ( 'E1411', ( #493 ), #494, .F. ) ;
#2323 = CARTESIAN_POINT ( 'NONE',  ( -8.896153097420079100, -14.00097456568021500, -52.43913173604421000 ) ) ;
#2324 = EDGE_LOOP ( 'NONE', ( #1613 ) ) ;
#2325 = EDGE_CURVE ( 'NONE', #52, #52, #490, .T. ) ;
#2326 = DIRECTION ( 'NONE',  ( 0.0000000000000000000, -1.000000000000000000, 0.0000000000000000000 ) ) ;
#2327 = CARTESIAN_POINT ( 'NONE',  ( -8.856515379905042500, -13.82103553867118800, -52.49354754575659100 ) ) ;
#2328 = EDGE_LOOP ( 'NONE', ( #1609 ) ) ;
#2329 = CARTESIAN_POINT ( 'NONE',  ( -8.656675720703045600, -13.54749655924285500, -52.59808669921567800 ) ) ;
#2330 = CARTESIAN_POINT ( 'NONE',  ( -8.498483044237380200, -13.45391887297009400, -52.64788602283956500 ) ) ;
#2331 = EDGE_LOOP ( 'NONE', ( #1620 ) ) ;
#2332 = ORIENTED_EDGE ( 'NONE', *, *, #1291, .T. ) ;
#2333 = CARTESIAN_POINT ( 'NONE',  ( -8.237401926819753600, -13.41681338474562700, -52.69859903770525700 ) ) ;
#2334 = CARTESIAN_POINT ( 'NONE',  ( -8.148534259636303300, -13.42124382839009300, -52.71128445127050800 ) ) ;
#2335 = DIRECTION ( 'NONE',  ( 0.0000000000000000000, 0.0000000000000000000, -1.000000000000000000 ) ) ;
#2336 = EDGE_LOOP ( 'NONE', ( #1615 ) ) ;
#2337 = CARTESIAN_POINT ( 'NONE',  ( -7.976311981097482300, -13.46259538107405600, -52.72707916972076700 ) ) ;
#2338 = EDGE_CURVE ( 'NONE', #49, #49, #486, .T. ) ;
#2339 = EDGE_LOOP ( 'NONE', ( #1626 ) ) ;
#2340 = ORIENTED_EDGE ( 'NONE', *, *, #2408, .T. ) ;
#2341 = EDGE_CURVE ( 'E119', #1496, #1308, #481, .T. ) ;
#2342 = EDGE_CURVE ( 'E355', #1320, #1421, #504, .T. ) ;
#2343 = CARTESIAN_POINT ( 'NONE',  ( -7.893661136752514900, -13.49966210838058200, -52.73003960348814400 ) ) ;
#2344 = CARTESIAN_POINT ( 'NONE',  ( -7.675555739721053400, -13.65113721183501400, -52.72346399831004500 ) ) ;
#2345 = EDGE_LOOP ( 'NONE', ( #1624 ) ) ;
#2346 = DIRECTION ( 'NONE',  ( 1.000000000000000000, 0.0000000000000000000, 0.0000000000000000000 ) ) ;
#2347 = EDGE_CURVE ( 'E219', #1303, #1562, #477, .T. ) ;
#2348 = EDGE_LOOP ( 'NONE', ( #1439 ) ) ;
#2349 = CARTESIAN_POINT ( 'NONE',  ( 26.31324865405184700, 37.44999999999999600, -1.110223024625155900E-015 ) ) ;
#2350 = CARTESIAN_POINT ( 'NONE',  ( -7.570058922288970900, -13.80946773735880700, -52.69747762428638500 ) ) ;
#2351 = CARTESIAN_POINT ( 'NONE',  ( -12.06337615548722700, -64.29261589757815900, 24.00000000000000000 ) ) ;
#2352 = EDGE_LOOP ( 'NONE', ( #1629 ) ) ;
#2353 = CARTESIAN_POINT ( 'NONE',  ( -11.00000000000000000, 101.0000000000000000, 0.0000000000000000000 ) ) ;
#2354 = ORIENTED_EDGE ( 'NONE', *, *, #994, .F. ) ;
#2355 = CARTESIAN_POINT ( 'NONE',  ( -7.520369369340288700, -14.06326437332334600, -52.63721567982357600 ) ) ;
#2356 = EDGE_CURVE ( 'E340', #1320, #1965, #483, .T. ) ;
#2357 = CARTESIAN_POINT ( 'NONE',  ( -7.521106787738728100, -14.15090855121155900, -52.61361660567617800 ) ) ;
#2358 = CARTESIAN_POINT ( 'NONE',  ( -7.557551713112225400, -14.31760305483470200, -52.56327203793758700 ) ) ;
#2359 = CARTESIAN_POINT ( 'NONE',  ( -30.00000000000000000, -101.0000000000000000, 0.0000000000000000000 ) ) ;
#2360 = EDGE_CURVE ( 'NONE', #46, #46, #6, .T. ) ;
#2361 = CARTESIAN_POINT ( 'NONE',  ( -12.80000000000000100, 122.8708551808102000, 24.00000000000000000 ) ) ;
#2362 = EDGE_LOOP ( 'NONE', ( #1668, #1664, #1659, #1652, #1650, #1644 ) ) ;
#2363 = CARTESIAN_POINT ( 'NONE',  ( -7.592733687602263100, -14.39600520892762800, -52.53678206481202300 ) ) ;
#2364 = CARTESIAN_POINT ( 'NONE',  ( -7.693766761948151800, -14.53443392523508300, -52.48394253519445800 ) ) ;
#2365 = EDGE_CURVE ( 'E670', #2825, #1832, #466, .T. ) ;
#2366 = EDGE_LOOP ( 'NONE', ( #1633 ) ) ;
#2367 = DIRECTION ( 'NONE',  ( 0.0000000000000000000, 1.000000000000000000, 0.0000000000000000000 ) ) ;
#2368 = CARTESIAN_POINT ( 'NONE',  ( -7.757851907120062200, -14.59207979977813000, -52.45850599510080100 ) ) ;
#2369 = CARTESIAN_POINT ( 'NONE',  ( -7.905764561335699300, -14.67929700420047500, -52.41206956891824800 ) ) ;
#2370 = ORIENTED_EDGE ( 'NONE', *, *, #2325, .F. ) ;
#2371 = EDGE_CURVE ( 'E376', #1358, #1421, #470, .T. ) ;
#2372 = EDGE_LOOP ( 'NONE', ( #1636 ) ) ;
#2373 = CARTESIAN_POINT ( 'NONE',  ( 33.69336462075818900, 29.91947736776948500, 2.217128526405044700 ) ) ;
#2374 = PERSON_AND_ORGANIZATION ( #1635, #2560 ) ;
#2375 = EDGE_LOOP ( 'NONE', ( #1506 ) ) ;
#2376 = CARTESIAN_POINT ( 'NONE',  ( -7.989148606908760700, -14.70821731318562400, -52.39131309838297300 ) ) ;
#2377 = EDGE_CURVE ( 'E329', #2797, #1845, #4, .T. ) ;
#2378 = CARTESIAN_POINT ( 'NONE',  ( -11.00000000000000000, 0.0000000000000000000, -24.00000000000000000 ) ) ;
#2379 = EDGE_LOOP ( 'NONE', ( #1639 ) ) ;
#2380 = CARTESIAN_POINT ( 'NONE',  ( 19.00000000000000000, -31.88118811881184600, -62.31845508461299900 ) ) ;
#2381 = CARTESIAN_POINT ( 'NONE',  ( -7.525000000000000400, 46.99594154601840000, -0.08918880163037956600 ) ) ;
#2382 = EDGE_LOOP ( 'NONE', ( #1727, #1724, #1720, #1717 ) ) ;
#2383 = ORIENTED_EDGE ( 'NONE', *, *, #2360, .F. ) ;
#2384 = EDGE_LOOP ( 'NONE', ( #1702, #1697, #1694, #1685 ) ) ;
#2385 = ORIENTED_EDGE ( 'NONE', *, *, #2325, .T. ) ;
#2386 = CARTESIAN_POINT ( 'NONE',  ( -12.80000000000000100, 122.8708551808102000, -24.00000000000000000 ) ) ;
#2387 = CARTESIAN_POINT ( 'NONE',  ( -13.25000000000000000, 0.0000000000000000000, -1.622603418814650100E-015 ) ) ;
#2388 = EDGE_LOOP ( 'NONE', ( #1761, #1760, #1751, #1748 ) ) ;
#2389 = CARTESIAN_POINT ( 'NONE',  ( -12.65452735190969600, -65.03451822630063400, 24.00000000000000400 ) ) ;
#2390 = EDGE_CURVE ( 'E291', #1378, #1655, #461, .T. ) ;
#2391 = DIRECTION ( 'NONE',  ( -1.000000000000000000, 0.0000000000000000000, -1.224606353822375800E-016 ) ) ;
#2392 = EDGE_CURVE ( 'E695', #1348, #2686, #460, .T. ) ;
#2393 = DIRECTION ( 'NONE',  ( 0.0000000000000000000, -1.000000000000000000, 0.0000000000000000000 ) ) ;
#2394 = EDGE_LOOP ( 'NONE', ( #1765 ) ) ;
#2395 = CARTESIAN_POINT ( 'NONE',  ( -11.00000000000000000, 0.0000000000000000000, 24.00000000000000000 ) ) ;
#2396 = EDGE_LOOP ( 'NONE', ( #1746, #1743, #1740, #1732 ) ) ;
#2397 = CARTESIAN_POINT ( 'NONE',  ( 34.03923938445625900, 29.97355850332978000, 1.300047573136341200 ) ) ;
#2398 = PERSON_AND_ORGANIZATION ( #1635, #2560 ) ;
#2399 = CARTESIAN_POINT ( 'NONE',  ( -12.50307227255880000, -64.75526994193155900, 23.99999999999999600 ) ) ;
#2400 = EDGE_CURVE ( 'NONE', #43, #43, #452, .T. ) ;
#2401 = ORIENTED_EDGE ( 'NONE', *, *, #1892, .F. ) ;
#2402 = DIRECTION ( 'NONE',  ( -1.000000000000000000, 0.0000000000000000000, -6.123031769111888800E-017 ) ) ;
#2403 = CARTESIAN_POINT ( 'NONE',  ( 34.16791214897013200, 29.99460155848625200, 0.6543778668364221800 ) ) ;
#2404 = EDGE_CURVE ( 'E744', #1363, #1378, #444, .T. ) ;
#2405 = CARTESIAN_POINT ( 'NONE',  ( 34.19981166793341700, 29.99996861132724000, 0.3295831891220539200 ) ) ;
#2406 = DIRECTION ( 'NONE',  ( 2.788707538407395800E-017, 0.8902636440659003100, -0.4554455445544551300 ) ) ;
#2407 = EDGE_LOOP ( 'NONE', ( #1672 ) ) ;
#2408 = EDGE_CURVE ( 'E576', #1329, #1582, #447, .T. ) ;
#2409 = CARTESIAN_POINT ( 'NONE',  ( 34.20018668512609800, 30.00003111418269700, -0.3238439550815608300 ) ) ;
#2410 = ADVANCED_FACE ( 'E824', ( #436, #445 ), #428, .F. ) ;
#2411 = CARTESIAN_POINT ( 'NONE',  ( -7.525000000000000400, 46.99594154601839300, 7.453889935837843000E-017 ) ) ;
#2412 = EDGE_CURVE ( 'E427', #2686, #1308, #437, .T. ) ;
#2413 = EDGE_CURVE ( 'E754', #1594, #1374, #430, .T. ) ;
#2414 = EDGE_LOOP ( 'NONE', ( #1797 ) ) ;
#2415 = CARTESIAN_POINT ( 'NONE',  ( -7.542558054570076100, 46.99568042919875700, -0.1767061703504279900 ) ) ;
#2416 = CARTESIAN_POINT ( 'NONE',  ( 34.16759234774888700, 29.99454949865568700, -0.6557841449706257600 ) ) ;
#2417 = EDGE_LOOP ( 'NONE', ( #1355 ) ) ;
#2418 = CARTESIAN_POINT ( 'NONE',  ( -29.00000000000000000, -111.9306930693070000, -21.36632745758159800 ) ) ;
#2419 = CARTESIAN_POINT ( 'NONE',  ( -7.610319610344877400, 46.99478132786350700, -0.3401940921103419600 ) ) ;
#2420 = EDGE_LOOP ( 'NONE', ( #1799 ) ) ;
#2421 = CARTESIAN_POINT ( 'NONE',  ( -7.660466716288716800, 46.99414979194249000, -0.4150720744274816700 ) ) ;
#2422 = EDGE_LOOP ( 'NONE', ( #1827, #2885, #1824, #1821, #1807, #1802 ) ) ;
#2423 = CARTESIAN_POINT ( 'NONE',  ( -20.00000000000000000, -101.0000000000000000, 24.00000000000000000 ) ) ;
#2424 = VERTEX_POINT ( 'NONE', #2277 ) ;
#2425 = CARTESIAN_POINT ( 'NONE',  ( -7.847304190396126700, 46.99225231840848200, -0.6018759263296003000 ) ) ;
#2426 = EDGE_LOOP ( 'NONE', ( #1680, #1677, #1675, #1670 ) ) ;
#2427 = CARTESIAN_POINT ( 'NONE',  ( -8.023556564462003500, 46.99109514815825200, -0.6749063507410403300 ) ) ;
#2428 = DIRECTION ( 'NONE',  ( 2.788707538407395800E-017, -0.8902636440659003100, -0.4554455445544551300 ) ) ;
#2429 = EDGE_LOOP ( 'NONE', ( #1795, #1792, #2034, #1777, #1771, #1766 ) ) ;
#2430 = CARTESIAN_POINT ( 'NONE',  ( -8.287683775841399500, 46.99109313238474100, -0.6750466817250165800 ) ) ;
#2431 = DIRECTION ( 'NONE',  ( 0.0000000000000000000, 0.0000000000000000000, -1.000000000000000000 ) ) ;
#2432 = EDGE_LOOP ( 'NONE', ( #1715, #1712, #1708, #1705 ) ) ;
#2433 = EDGE_LOOP ( 'NONE', ( #2798 ) ) ;
#2434 = CARTESIAN_POINT ( 'NONE',  ( -8.376162197840169900, 46.99135294420119600, -0.6575803448410620900 ) ) ;
#2435 = CARTESIAN_POINT ( 'NONE',  ( -8.539607496034276900, 46.99224991057465000, -0.5900099817007332700 ) ) ;
#2436 = ORIENTED_EDGE ( 'NONE', *, *, #2305, .T. ) ;
#2437 = DIRECTION ( 'NONE',  ( 0.0000000000000000000, -1.000000000000000000, 0.0000000000000000000 ) ) ;
#2438 = DIRECTION ( 'NONE',  ( 5.782411586589357400E-017, 0.0000000000000000000, -1.000000000000000000 ) ) ;
#2439 = CARTESIAN_POINT ( 'NONE',  ( -8.614017312008394700, 46.99287535435104200, -0.5405122418955199400 ) ) ;
#2440 = DIRECTION ( 'NONE',  ( 0.0000000000000000000, 0.8902636440658998600, -0.4554455445544559100 ) ) ;
#2441 = CARTESIAN_POINT ( 'NONE',  ( -8.740088265374501100, 46.99415515858677100, -0.4145702399911740900 ) ) ;
#2442 = B_SPLINE_CURVE_WITH_KNOTS ( 'NONE', 3,
 ( #2245, #2278, #2202, #2201, #2197, #2187, #2186, #2176, #2166, #2161, #2160, #2151, #2146, #2145, #2138, #2135, #2134, #2130, #2129, #2124, #2122, #2117, #2115, #2109, #2104, #2101, #2096, #2092, #2089, #2084, #2083, #2079, #2073, #2068, #2064, #2061, #2059, #2054, #2032, #2024, #2020, #2015, #2012, #2006, #2003, #1999, #1992, #1988, #1985, #1978, #1974, #1971, #1964, #1961, #1960, #1957, #1956, #1954, #1949, #1946, #1943, #1941 ),
 .UNSPECIFIED., .T., .F.,
 ( 4, 2, 2, 2, 2, 2, 2, 2, 2, 2, 2, 2, 2, 2, 2, 2, 2, 2, 2, 2, 2, 2, 2, 2, 2, 2, 2, 2, 2, 2, 4 ),
 ( 0.0000000000000000000, 0.0004810423979938337400, 0.0009620847959876674800, 0.001443127193981501400, 0.001924169591975335000, 0.002405211989969168700, 0.002886254387963002900, 0.003367296785956836200, 0.003848339183950669900, 0.004329381581944503200, 0.004810423979938337400, 0.005291466377932170700, 0.005772508775926005700, 0.006253551173919839000, 0.006734593571913672300, 0.007215635969907506500, 0.007696678367901339800, 0.008177720765895174800, 0.008658763163889006400, 0.009620847959876688600, 0.01010189035787052500, 0.01058293275586436200, 0.01106397515385820100, 0.01154501755185203200, 0.01202605994984586700, 0.01250710234783970200, 0.01298814474583353600, 0.01346918714382736900, 0.01395022954182120200, 0.01443127193981503700, 0.01539335673580270400 ),
 .UNSPECIFIED. ) ;
#2443 = DIRECTION ( 'NONE',  ( 1.000000000000000000, 0.0000000000000000000, 6.123031769111888800E-017 ) ) ;
#2444 = EDGE_CURVE ( 'NONE', #41, #41, #426, .T. ) ;
#2445 = CARTESIAN_POINT ( 'NONE',  ( -8.789646571309717200, 46.99478088519612100, -0.3402681750385036500 ) ) ;
#2446 = ORIENTED_EDGE ( 'NONE', *, *, #2320, .F. ) ;
#2447 = CARTESIAN_POINT ( 'NONE',  ( 19.00000000000000000, 0.0000000000000000000, 0.0000000000000000000 ) ) ;
#2448 = DIRECTION ( 'NONE',  ( -1.000000000000000000, 0.0000000000000000000, 0.0000000000000000000 ) ) ;
#2449 = EDGE_LOOP ( 'NONE', ( #1801 ) ) ;
#2450 = CARTESIAN_POINT ( 'NONE',  ( 9.476310827513772800, 49.28208165350667300, 45.64949810545239500 ) ) ;
#2451 = CARTESIAN_POINT ( 'NONE',  ( -29.00000000000000000, 111.9306930693070000, -21.36632745758159800 ) ) ;
#2452 = CARTESIAN_POINT ( 'NONE',  ( -8.857458978284675800, 46.99568064914757300, -0.1766725838216142700 ) ) ;
#2453 = ORIENTED_EDGE ( 'NONE', *, *, #2271, .F. ) ;
#2454 = EDGE_CURVE ( 'NONE', #40, #40, #2442, .T. ) ;
#2455 = DIRECTION ( 'NONE',  ( 1.000000000000000000, 0.0000000000000000000, 0.0000000000000000000 ) ) ;
#2456 = DIRECTION ( 'NONE',  ( 0.0000000000000000000, 0.0000000000000000000, 1.000000000000000000 ) ) ;
#2457 = CARTESIAN_POINT ( 'NONE',  ( 32.08675134594815100, -17.79374999999999900, -30.81967905717870000 ) ) ;
#2458 = CARTESIAN_POINT ( 'NONE',  ( -8.874968790076133400, 46.99594109775208000, -0.08834004900168808400 ) ) ;
#2459 = EDGE_LOOP ( 'NONE', ( #1871, #1869, #1805, #1866 ) ) ;
#2460 = EDGE_CURVE ( 'NONE', #39, #39, #421, .T. ) ;
#2461 = CARTESIAN_POINT ( 'NONE',  ( -8.875062293129273500, 46.99594244073097800, 0.1759637114091430200 ) ) ;
#2462 = EDGE_LOOP ( 'NONE', ( #1857, #1852, #1849, #1846 ) ) ;
#2463 = ORIENTED_EDGE ( 'NONE', *, *, #2356, .F. ) ;
#2464 = CARTESIAN_POINT ( 'NONE',  ( -8.802112001398375800, 46.99478666657523700, 0.3522401384129706400 ) ) ;
#2465 = EDGE_LOOP ( 'NONE', ( #1898, #1895, #1893, #1889 ) ) ;
#2466 = VERTEX_POINT ( 'NONE', #2236 ) ;
#2467 = DIRECTION ( 'NONE',  ( -1.000000000000000000, 0.0000000000000000000, 0.0000000000000000000 ) ) ;
#2468 = CARTESIAN_POINT ( 'NONE',  ( -12.80000000000000100, 0.0000000000000000000, 0.0000000000000000000 ) ) ;
#2469 = CARTESIAN_POINT ( 'NONE',  ( -8.579237420767350700, -14.59942428353334200, -52.32832403075299500 ) ) ;
#2470 = ORIENTED_EDGE ( 'NONE', *, *, #1270, .F. ) ;
#2471 = EDGE_CURVE ( 'NONE', #38, #38, #441, .T. ) ;
#2472 = CARTESIAN_POINT ( 'NONE',  ( -12.80000000000000100, -111.9306930693070000, -21.36632745758159800 ) ) ;
#2473 = EDGE_LOOP ( 'NONE', ( #1903 ) ) ;
#2474 = CARTESIAN_POINT ( 'NONE',  ( -8.615583998685293600, 46.99289032823180200, 0.5391304891870138900 ) ) ;
#2475 = CARTESIAN_POINT ( 'NONE',  ( -11.00000000000000000, 0.0000000000000000000, 24.00000000000000000 ) ) ;
#2476 = EDGE_LOOP ( 'NONE', ( #1886, #1882, #1881, #1877 ) ) ;
#2477 = CARTESIAN_POINT ( 'NONE',  ( -8.540641781860818700, 46.99225759093275900, 0.5894053914745275300 ) ) ;
#2478 = CARTESIAN_POINT ( 'NONE',  ( -12.80000000000000100, 31.88118811881184600, 62.31845508461299900 ) ) ;
#2479 = ADVANCED_FACE ( 'E854', ( #414 ), #1940, .T. ) ;
#2480 = CARTESIAN_POINT ( 'NONE',  ( -8.377420090600194800, 46.99135787097002700, 0.6572348518604095300 ) ) ;
#2481 = CARTESIAN_POINT ( 'NONE',  ( -8.289706612224929200, 46.99109511175692700, 0.6749088848366802100 ) ) ;
#2482 = CARTESIAN_POINT ( 'NONE',  ( -12.75451401948508600, -65.33759756419118500, 23.99999999999999300 ) ) ;
#2483 = EDGE_LOOP ( 'NONE', ( #1907 ) ) ;
#2484 = CARTESIAN_POINT ( 'NONE',  ( -8.022651490888765800, 46.99109120042849200, 0.6751811777215688300 ) ) ;
#2485 = DESIGN_CONTEXT ( 'detailed design', #237, 'design' ) ;
#2486 = DIRECTION ( 'NONE',  ( -1.000000000000000000, 0.0000000000000000000, -6.123031769111888800E-017 ) ) ;
#2487 = EDGE_LOOP ( 'NONE', ( #1924 ) ) ;
#2488 = CARTESIAN_POINT ( 'NONE',  ( 23.85127564795915900, 37.40792307691107500, 1.807345209794766900 ) ) ;
#2489 = CARTESIAN_POINT ( 'NONE',  ( -7.847822044354056300, 46.99224795854458100, 0.6022168131703941100 ) ) ;
#2490 = EDGE_LOOP ( 'NONE', ( #1843, #1838, #1834, #1338 ) ) ;
#2491 = CARTESIAN_POINT ( 'NONE',  ( 19.00000000000000000, -31.88118811881184600, 62.31845508461299900 ) ) ;
#2492 = DIRECTION ( 'NONE',  ( -1.000000000000000000, 0.0000000000000000000, -6.123031769111888800E-017 ) ) ;
#2493 = CARTESIAN_POINT ( 'NONE',  ( 26.31324865405184700, -17.79374999999999900, -30.81967905717870000 ) ) ;
#2494 = EDGE_LOOP ( 'NONE', ( #1925 ) ) ;
#2495 = DIRECTION ( 'NONE',  ( 0.0000000000000000000, -1.000000000000000000, 0.0000000000000000000 ) ) ;
#2496 = CARTESIAN_POINT ( 'NONE',  ( -8.431997800737015300, -14.70176809602000400, -52.32391041561089700 ) ) ;
#2497 = EDGE_LOOP ( 'NONE', ( #1934 ) ) ;
#2498 = CARTESIAN_POINT ( 'NONE',  ( 19.00000000000000000, 31.88118811881184600, -62.31845508461299900 ) ) ;
#2499 = DIRECTION ( 'NONE',  ( 4.956352788505163400E-017, 0.0000000000000000000, -1.000000000000000000 ) ) ;
#2500 = ADVANCED_FACE ( 'E1387', ( #410 ), #406, .F. ) ;
#2501 = ADVANCED_FACE ( 'E848', ( #402, #404 ), #1888, .F. ) ;
#2502 = ORIENTED_EDGE ( 'NONE', *, *, #2267, .F. ) ;
#2503 = EDGE_CURVE ( 'E418', #2825, #2686, #399, .T. ) ;
#2504 = EDGE_LOOP ( 'NONE', ( #1923, #1918, #1917, #1914, #1979, #1911 ) ) ;
#2505 = CARTESIAN_POINT ( 'NONE',  ( -29.00000000000000000, 0.0000000000000000000, 0.0000000000000000000 ) ) ;
#2506 = CARTESIAN_POINT ( 'NONE',  ( 9.648567234628082200, 49.21239783723531500, 45.70995930602163100 ) ) ;
#2507 = DIRECTION ( 'NONE',  ( 0.0000000000000000000, 1.000000000000000000, 0.0000000000000000000 ) ) ;
#2508 = EDGE_LOOP ( 'NONE', ( #1939 ) ) ;
#2509 = EDGE_CURVE ( 'NONE', #20, #20, #397, .T. ) ;
#2510 = DIRECTION ( 'NONE',  ( 0.0000000000000000000, 0.0000000000000000000, 1.000000000000000000 ) ) ;
#2511 = EDGE_LOOP ( 'NONE', ( #1937 ) ) ;
#2512 = DIRECTION ( 'NONE',  ( -1.000000000000000000, 0.0000000000000000000, -6.123031769111888800E-017 ) ) ;
#2513 = CARTESIAN_POINT ( 'NONE',  ( -7.598346479184192100, 46.99477977226838000, 0.3531394107119824600 ) ) ;
#2514 = CARTESIAN_POINT ( 'NONE',  ( -7.525000000000001200, 46.99594154601838600, 0.1783776032607617400 ) ) ;
#2515 = ORIENTED_EDGE ( 'NONE', *, *, #1375, .T. ) ;
#2516 = EDGE_CURVE ( 'NONE', #19, #19, #394, .T. ) ;
#2517 = DIRECTION ( 'NONE',  ( 1.000000000000000000, -0.0000000000000000000, -0.0000000000000000000 ) ) ;
#2518 = DIRECTION ( 'NONE',  ( 1.000000000000000000, 0.0000000000000000000, 6.123031769111888800E-017 ) ) ;
#2519 = EDGE_LOOP ( 'NONE', ( #1948 ) ) ;
#2520 = CARTESIAN_POINT ( 'NONE',  ( 13.50000000000000000, 0.0000000000000000000, 0.0000000000000000000 ) ) ;
#2521 = EDGE_CURVE ( 'NONE', #13, #13, #389, .T. ) ;
#2522 = CARTESIAN_POINT ( 'NONE',  ( -7.525000000000000400, 46.99594154601839300, 7.453889935837843000E-017 ) ) ;
#2523 = CARTESIAN_POINT ( 'NONE',  ( -8.247387045530040000, -14.74505925435168400, -52.34114247108792700 ) ) ;
#2524 = EDGE_LOOP ( 'NONE', ( #1942 ) ) ;
#2525 = DIRECTION ( 'NONE',  ( 0.0000000000000000000, 0.0000000000000000000, 1.000000000000000000 ) ) ;
#2526 = DIRECTION ( 'NONE',  ( -1.000000000000000000, 0.0000000000000000000, 0.0000000000000000000 ) ) ;
#2527 = PLANE ( 'NONE',  #2009 ) ;
#2528 = EDGE_LOOP ( 'NONE', ( #1959 ) ) ;
#2529 = DIRECTION ( 'NONE',  ( 0.0000000000000000000, 1.000000000000000000, 0.0000000000000000000 ) ) ;
#2530 = CARTESIAN_POINT ( 'NONE',  ( 19.00000000000000000, 0.0000000000000000000, 0.0000000000000000000 ) ) ;
#2531 = EDGE_CURVE ( 'NONE', #12, #12, #387, .T. ) ;
#2532 = EDGE_LOOP ( 'NONE', ( #1950 ) ) ;
#2533 = CARTESIAN_POINT ( 'NONE',  ( -12.80000000000000100, 122.8708551808102000, -24.00000000000000000 ) ) ;
#2534 = EDGE_LOOP ( 'NONE', ( #1967 ) ) ;
#2535 = EDGE_LOOP ( 'NONE', ( #1962 ) ) ;
#2536 = CARTESIAN_POINT ( 'NONE',  ( -7.864979181525667300, 54.43159806259218700, -0.5925699916927170700 ) ) ;
#2537 = EDGE_LOOP ( 'NONE', ( #1991 ) ) ;
#2538 = CARTESIAN_POINT ( 'NONE',  ( 8.875000000000001800, -23.49797077300920400, -40.69967925362045200 ) ) ;
#2539 = EDGE_LOOP ( 'NONE', ( #1984 ) ) ;
#2540 = DATE_AND_TIME ( #66, #2612 ) ;
#2541 = ORIENTED_EDGE ( 'NONE', *, *, #1179, .T. ) ;
#2542 = DIRECTION ( 'NONE',  ( 0.0000000000000000000, 0.0000000000000000000, 1.000000000000000000 ) ) ;
#2543 = EDGE_CURVE ( 'NONE', #10, #10, #407, .T. ) ;
#2544 = CARTESIAN_POINT ( 'NONE',  ( 13.25000000000000000, 0.0000000000000000000, 0.0000000000000000000 ) ) ;
#2545 = EDGE_LOOP ( 'NONE', ( #2000 ) ) ;
#2546 = EDGE_LOOP ( 'NONE', ( #1996 ) ) ;
#2547 = CARTESIAN_POINT ( 'NONE',  ( 19.00000000000000000, 101.0000000000000000, -3.245206837629299700E-015 ) ) ;
#2548 = CARTESIAN_POINT ( 'NONE',  ( 33.94292528444257300, 29.95797290537517900, 1.615748824500765200 ) ) ;
#2549 = DIRECTION ( 'NONE',  ( 1.000000000000000000, -0.0000000000000000000, -0.0000000000000000000 ) ) ;
#2550 = DIRECTION ( 'NONE',  ( 1.000000000000000000, 0.0000000000000000000, 0.0000000000000000000 ) ) ;
#2551 = EDGE_LOOP ( 'NONE', ( #2014 ) ) ;
#2552 = CARTESIAN_POINT ( 'NONE',  ( 8.552695809603866600, -24.01736600133196800, -40.39554632562514100 ) ) ;
#2553 = CARTESIAN_POINT ( 'NONE',  ( -12.80000000000000100, -111.9306930693070000, 21.36632745758159800 ) ) ;
#2554 = ORIENTED_EDGE ( 'NONE', *, *, #2241, .F. ) ;
#2555 = CARTESIAN_POINT ( 'NONE',  ( 8.376443435537980900, -24.08003361899632100, -40.35802897458620500 ) ) ;
#2556 = CARTESIAN_POINT ( 'NONE',  ( 8.112316224158592000, -24.08015414130663200, -40.35795706338319600 ) ) ;
#2557 = EDGE_CURVE ( 'NONE', #9, #9, #403, .T. ) ;
#2558 = DIRECTION ( 'NONE',  ( 0.0000000000000000000, 1.000000000000000000, 0.0000000000000000000 ) ) ;
#2559 = EDGE_LOOP ( 'NONE', ( #2008 ) ) ;
#2560 = ORGANIZATION ( 'UNSPECIFIED', 'UNSPECIFIED', '' ) ;
#2561 = CARTESIAN_POINT ( 'NONE',  ( 8.023837802159818000, -24.06515775576228900, -40.36691523545840700 ) ) ;
#2562 = EDGE_LOOP ( 'NONE', ( #2021 ) ) ;
#2563 = CARTESIAN_POINT ( 'NONE',  ( -12.80000000000000100, 65.75712889109439600, -24.00000000000000000 ) ) ;
#2564 = VERTEX_POINT ( 'NONE', #1691 ) ;
#2565 = CARTESIAN_POINT ( 'NONE',  ( 7.536758598676152100, -27.37367669801442800, -47.10506346655982700 ) ) ;
#2566 = EDGE_CURVE ( 'E867', #2077, #1618, #383, .T. ) ;
#2567 = ADVANCED_FACE ( 'E1038', ( #379 ), #1657, .T. ) ;
#2568 = EDGE_LOOP ( 'NONE', ( #2018 ) ) ;
#2569 = CARTESIAN_POINT ( 'NONE',  ( -12.80000000000002900, 65.65149892274786200, -23.99999999999999600 ) ) ;
#2570 = CARTESIAN_POINT ( 'NONE',  ( -12.79070140965504600, 65.54434601813855500, -24.00000000000000000 ) ) ;
#2571 = CARTESIAN_POINT ( 'NONE',  ( 7.860392503965710100, -24.00708858792653200, -40.40147721269429600 ) ) ;
#2572 = CARTESIAN_POINT ( 'NONE',  ( 7.606636495101844800, -26.91724754644941700, -47.35643796809839800 ) ) ;
#2573 = EDGE_LOOP ( 'NONE', ( #2037 ) ) ;
#2574 = ADVANCED_FACE ( 'E909', ( #375, #374 ), #366, .T. ) ;
#2575 = CARTESIAN_POINT ( 'NONE',  ( 7.728622240139604700, -26.78082023504778800, -47.41400125533120800 ) ) ;
#2576 = EDGE_LOOP ( 'NONE', ( #2029 ) ) ;
#2577 = CARTESIAN_POINT ( 'NONE',  ( -12.75413307796458000, 65.33597843974503400, -24.00000000000000000 ) ) ;
#2578 = ADVANCED_FACE ( 'E839', ( #386, #393 ), #1616, .F. ) ;
#2579 = CARTESIAN_POINT ( 'NONE',  ( 7.785982687991595900, -23.96453500971351500, -40.42676773279594500 ) ) ;
#2580 = EDGE_LOOP ( 'NONE', ( #2060 ) ) ;
#2581 = CARTESIAN_POINT ( 'NONE',  ( 7.528766341853361700, -27.14277687752989400, -47.23976268530944400 ) ) ;
#2582 = CARTESIAN_POINT ( 'NONE',  ( -12.72700727458520100, 65.23407644188833400, -23.99999999999999600 ) ) ;
#2583 = ADVANCED_FACE ( 'E954', ( #380 ), #1590, .T. ) ;
#2584 = CARTESIAN_POINT ( 'NONE',  ( 7.659911734625488600, -23.85610593877873200, -40.49084707672808000 ) ) ;
#2585 = CARTESIAN_POINT ( 'NONE',  ( 34.03979062710994400, 29.97364841336724700, -1.297479581321778500 ) ) ;
#2586 = EDGE_LOOP ( 'NONE', ( #2105, #2098, #2097, #2087, #2078 ) ) ;
#2587 = CARTESIAN_POINT ( 'NONE',  ( 7.610353428690277900, -23.79207132628075900, -40.52854000434395200 ) ) ;
#2588 = CARTESIAN_POINT ( 'NONE',  ( -29.00000000000000000, -31.88118811881184600, -62.31845508461299900 ) ) ;
#2589 = ORIENTED_EDGE ( 'NONE', *, *, #2408, .F. ) ;
#2590 = CARTESIAN_POINT ( 'NONE',  ( -110.0000000000000000, 0.0000000000000000000, 0.0000000000000000000 ) ) ;
#2591 = EDGE_CURVE ( 'E874', #1522, #2077, #370, .T. ) ;
#2592 = CARTESIAN_POINT ( 'NONE',  ( 33.94523767697324200, 29.95833637039854500, -1.609436662064149800 ) ) ;
#2593 = ORIENTED_EDGE ( 'NONE', *, *, #1270, .T. ) ;
#2594 = ADVANCED_FACE ( 'E1081', ( #364 ), #1519, .T. ) ;
#2595 = CARTESIAN_POINT ( 'NONE',  ( 33.75706542850772300, 29.92930010353475000, -2.063987990599878100 ) ) ;
#2596 = CARTESIAN_POINT ( 'NONE',  ( 7.542541021715321000, -23.65084327031551900, -40.61111701839175900 ) ) ;
#2597 = EDGE_LOOP ( 'NONE', ( #1930 ) ) ;
#2598 = EDGE_CURVE ( 'E881', #1352, #1522, #356, .T. ) ;
#2599 = CARTESIAN_POINT ( 'NONE',  ( -11.00000000000000000, 64.01579490418531300, 24.00000000000000000 ) ) ;
#2600 = ADVANCED_FACE ( 'E1017', ( #361 ), #1488, .T. ) ;
#2601 = EDGE_LOOP ( 'NONE', ( #1864, #1420, #1861, #1571 ) ) ;
#2602 = CARTESIAN_POINT ( 'NONE',  ( 33.68617186911920000, 29.91855430920927400, -2.213848042373101500 ) ) ;
#2603 = EDGE_LOOP ( 'NONE', ( #2047 ) ) ;
#2604 = ORIENTED_EDGE ( 'NONE', *, *, #1762, .T. ) ;
#2605 = CARTESIAN_POINT ( 'NONE',  ( 7.525031209923869600, -23.57447527548305600, -40.65550884090962600 ) ) ;
#2606 = CARTESIAN_POINT ( 'NONE',  ( 7.524937706870729500, -23.34558217614095500, -40.78766188416885500 ) ) ;
#2607 = EDGE_LOOP ( 'NONE', ( #2140, #2133, #2125, #2116, #2110 ) ) ;
#2608 = CARTESIAN_POINT ( 'NONE',  ( 7.597887998601629000, -23.19234442518941100, -40.87479916789088500 ) ) ;
#2609 = CARTESIAN_POINT ( 'NONE',  ( 33.53156324198567300, 29.89576214170080000, -2.502882553112352400 ) ) ;
#2610 = ORIENTED_EDGE ( 'NONE', *, *, #432, .F. ) ;
#2611 = CARTESIAN_POINT ( 'NONE',  ( -12.65470831687454000, 65.03492998715118700, -24.00000000000000000 ) ) ;
#2612 = LOCAL_TIME ( 9, 12, 8.000000000000000000, #2761 ) ;
#2613 = ORIENTED_EDGE ( 'NONE', *, *, #751, .F. ) ;
#2614 = CARTESIAN_POINT ( 'NONE',  ( -12.60921879401961700, 64.93754961837800000, -23.99999999999998900 ) ) ;
#2615 = CARTESIAN_POINT ( 'NONE',  ( 7.784416001314718300, -23.02954446452518400, -40.96660206609826100 ) ) ;
#2616 = CARTESIAN_POINT ( 'NONE',  ( 7.859358218139187900, -22.98568875332192000, -40.99119155066716000 ) ) ;
#2617 = EDGE_LOOP ( 'NONE', ( #2053 ) ) ;
#2618 = EDGE_LOOP ( 'NONE', ( #2183 ) ) ;
#2619 = CARTESIAN_POINT ( 'NONE',  ( -12.50288676307396900, 64.75505391752565700, -24.00000000000000000 ) ) ;
#2620 = EDGE_LOOP ( 'NONE', ( #2246, #2229, #2214, #2203 ) ) ;
#2621 = CARTESIAN_POINT ( 'NONE',  ( 8.022579909399821600, -22.92649685752138600, -41.02432710051608200 ) ) ;
#2622 = ORIENTED_EDGE ( 'NONE', *, *, #1211, .F. ) ;
#2623 = CARTESIAN_POINT ( 'NONE',  ( 8.110293387775076500, -22.91105931637006800, -41.03293656085060800 ) ) ;
#2624 = CARTESIAN_POINT ( 'NONE',  ( -12.44176786730260500, 64.66894530063171900, -23.99999999999999300 ) ) ;
#2625 = ADVANCED_FACE ( 'E842', ( #349, #352 ), #343, .F. ) ;
#2626 = CARTESIAN_POINT ( 'NONE',  ( -12.23309847705915800, 64.42697678047692000, -24.00000000000000400 ) ) ;
#2627 = EDGE_CURVE ( 'E888', #2630, #1352, #358, .T. ) ;
#2628 = EDGE_LOOP ( 'NONE', ( #2250 ) ) ;
#2629 = CARTESIAN_POINT ( 'NONE',  ( 8.377348509111236300, -22.91082154815027400, -41.03306931998327700 ) ) ;
#2630 = VERTEX_POINT ( 'NONE', #1430 ) ;
#2631 = CARTESIAN_POINT ( 'NONE',  ( 8.552177955645960900, -22.97458892048062400, -40.99758891962223100 ) ) ;
#2632 = CARTESIAN_POINT ( 'NONE',  ( 8.801653520815813500, -23.19156218538014300, -40.87524283339548200 ) ) ;
#2633 = ORIENTED_EDGE ( 'NONE', *, *, #1314, .T. ) ;
#2634 = ADVANCED_FACE ( 'E1139', ( #342 ), #1423, .T. ) ;
#2635 = CARTESIAN_POINT ( 'NONE',  ( -12.06620724994631500, 64.29419904990452000, -24.00000000000000400 ) ) ;
#2636 = CARTESIAN_POINT ( 'NONE',  ( 8.875000000000003600, -23.34349123711921000, -40.78886805525083000 ) ) ;
#2637 = CARTESIAN_POINT ( 'NONE',  ( -11.68502289028885100, 64.10071222788751300, -24.00000000000000400 ) ) ;
#2638 = CARTESIAN_POINT ( 'NONE',  ( 8.875000000000001800, -23.49797077300920400, -40.69967925362045200 ) ) ;
#2639 = ORIENTED_EDGE ( 'NONE', *, *, #2347, .F. ) ;
#2640 = B_SPLINE_CURVE_WITH_KNOTS ( 'NONE', 3,
 ( #2660, #2658, #2677, #2679 ),
 .UNSPECIFIED., .F., .F.,
 ( 4, 4 ),
 ( 0.1282070822693354400, 0.1284723768183057000 ),
 .UNSPECIFIED. ) ;
#2641 = CARTESIAN_POINT ( 'NONE',  ( -12.80000000000000100, 122.8708551808102000, 0.0000000000000000000 ) ) ;
#2642 = ORIENTED_EDGE ( 'NONE', *, *, #2297, .T. ) ;
#2643 = CARTESIAN_POINT ( 'NONE',  ( -12.80000000000000100, 122.8708551808102000, 24.00000000000000000 ) ) ;
#2644 = DIRECTION ( 'NONE',  ( 0.0000000000000000000, 0.0000000000000000000, -1.000000000000000000 ) ) ;
#2645 = ORIENTED_EDGE ( 'NONE', *, *, #2171, .F. ) ;
#2646 = DIRECTION ( 'NONE',  ( 1.000000000000000000, 0.0000000000000000000, 0.0000000000000000000 ) ) ;
#2647 = CARTESIAN_POINT ( 'NONE',  ( 27.75662432702595300, -19.95881350946109800, -29.56967905717870000 ) ) ;
#2648 = DIRECTION ( 'NONE',  ( 0.0000000000000000000, 0.0000000000000000000, -1.000000000000000000 ) ) ;
#2649 = EDGE_LOOP ( 'NONE', ( #2589, #2554, #2541, #2515 ) ) ;
#2650 = ADVANCED_FACE ( 'E827', ( #337, #340 ), #333, .F. ) ;
#2651 = ORIENTED_EDGE ( 'NONE', *, *, #2347, .T. ) ;
#2652 = CARTESIAN_POINT ( 'NONE',  ( 8.739533283711278200, -23.85653785682695400, -40.49059151185965500 ) ) ;
#2653 = DIRECTION ( 'NONE',  ( 1.000000000000000000, 0.0000000000000000000, 0.0000000000000000000 ) ) ;
#2654 = CARTESIAN_POINT ( 'NONE',  ( -11.00000000000000000, 0.0000000000000000000, 0.0000000000000000000 ) ) ;
#2655 = ORIENTED_EDGE ( 'NONE', *, *, #1074, .F. ) ;
#2656 = CARTESIAN_POINT ( 'NONE',  ( 28.16710423113568900, 37.08419849390160300, 5.221720182561226100 ) ) ;
#2657 = ORIENTED_EDGE ( 'NONE', *, *, #432, .T. ) ;
#2658 = CARTESIAN_POINT ( 'NONE',  ( -11.17652282741074100, 64.02675981277926100, -24.00000000000000000 ) ) ;
#2659 = ORIENTED_EDGE ( 'NONE', *, *, #930, .F. ) ;
#2660 = CARTESIAN_POINT ( 'NONE',  ( -11.26478424911356100, 64.03224213744799400, -24.00000000000000000 ) ) ;
#2661 = ORIENTED_EDGE ( 'NONE', *, *, #1164, .T. ) ;
#2662 = CARTESIAN_POINT ( 'NONE',  ( 0.0000000000000000000, 0.0000000000000000000, 0.0000000000000000000 ) ) ;
#2663 = DIRECTION ( 'NONE',  ( 1.389631622945373000E-016, 0.0000000000000000000, -1.000000000000000000 ) ) ;
#2664 = ORIENTED_EDGE ( 'NONE', *, *, #1290, .T. ) ;
#2665 = CARTESIAN_POINT ( 'NONE',  ( 13.31096139751324100, 0.0000000000000000000, 1.414735297815774000E-015 ) ) ;
#2666 = DIRECTION ( 'NONE',  ( 0.0000000000000000000, 0.0000000000000000000, 1.000000000000000000 ) ) ;
#2667 = ORIENTED_EDGE ( 'NONE', *, *, #2390, .T. ) ;
#2668 = DIRECTION ( 'NONE',  ( 1.000000000000000000, 0.0000000000000000000, 1.683833736505770000E-016 ) ) ;
#2669 = CARTESIAN_POINT ( 'NONE',  ( 8.789680389655121200, -23.79200738991669100, -40.52857742916923200 ) ) ;
#2670 = DIRECTION ( 'NONE',  ( -1.000000000000000000, 0.0000000000000000000, 0.0000000000000000000 ) ) ;
#2671 = ORIENTED_EDGE ( 'NONE', *, *, #1762, .F. ) ;
#2672 = DIRECTION ( 'NONE',  ( 1.625339617683597900E-016, 0.0000000000000000000, -1.000000000000000000 ) ) ;
#2673 = CARTESIAN_POINT ( 'NONE',  ( 29.19999999999999900, -15.00000000000000000, -25.98076211353314900 ) ) ;
#2674 = CARTESIAN_POINT ( 'NONE',  ( -11.26478424911356100, 0.0000000000000000000, 0.0000000000000000000 ) ) ;
#2675 = ORIENTED_EDGE ( 'NONE', *, *, #2171, .T. ) ;
#2676 = EDGE_CURVE ( 'E895', #1470, #2630, #336, .T. ) ;
#2677 = CARTESIAN_POINT ( 'NONE',  ( -11.08826141103817700, 64.02127740171391700, -24.00000000000000000 ) ) ;
#2678 = ORIENTED_EDGE ( 'NONE', *, *, #930, .T. ) ;
#2679 = CARTESIAN_POINT ( 'NONE',  ( -11.00000000000000000, 64.01579490418531300, -24.00000000000000000 ) ) ;
#2680 = ADVANCED_FACE ( 'E245', ( #335 ), #325, .T. ) ;
#2681 = ADVANCED_FACE ( 'E1371', ( #355, #323 ), #1354, .T. ) ;
#2682 = EDGE_CURVE ( 'E902', #1618, #1470, #322, .T. ) ;
#2683 = CARTESIAN_POINT ( 'NONE',  ( -11.47652166211246100, 64.04409266945415900, -24.00000000000000400 ) ) ;
#2684 = ORIENTED_EDGE ( 'NONE', *, *, #2303, .F. ) ;
#2685 = CARTESIAN_POINT ( 'NONE',  ( 8.857441945429922500, -23.65087224712831200, -40.61110003464607100 ) ) ;
#2686 = VERTEX_POINT ( 'NONE', #1287 ) ;
#2687 = DIRECTION ( 'NONE',  ( -1.000000000000000000, 0.0000000000000000000, -6.123031769111888800E-017 ) ) ;
#2688 = CARTESIAN_POINT ( 'NONE',  ( 19.00000000000000000, -111.9306930693070000, -21.36632745758159800 ) ) ;
#2689 = VERTEX_POINT ( 'NONE', #1347 ) ;
#2690 = DIRECTION ( 'NONE',  ( 0.0000000000000000000, 0.0000000000000000000, -1.000000000000000000 ) ) ;
#2691 = B_SPLINE_CURVE_WITH_KNOTS ( 'NONE', 3,
 ( #990, #970, #954, #938 ),
 .UNSPECIFIED., .F., .F.,
 ( 4, 4 ),
 ( 0.1298376050534395300, 0.1301028995931677000 ),
 .UNSPECIFIED. ) ;
#2692 = EDGE_CURVE ( 'NONE', #7, #7, #320, .T. ) ;
#2693 = ORIENTED_EDGE ( 'NONE', *, *, #2377, .T. ) ;
#2694 = DIRECTION ( 'NONE',  ( 1.000000000000000000, 0.0000000000000000000, 0.0000000000000000000 ) ) ;
#2695 = ORIENTED_EDGE ( 'NONE', *, *, #723, .F. ) ;
#2696 = DIRECTION ( 'NONE',  ( -1.000000000000000000, 0.0000000000000000000, 0.0000000000000000000 ) ) ;
#2697 = ORIENTED_EDGE ( 'NONE', *, *, #2356, .T. ) ;
#2698 = DIRECTION ( 'NONE',  ( -1.000000000000000000, 0.0000000000000000000, -6.123031769111888800E-017 ) ) ;
#2699 = CARTESIAN_POINT ( 'NONE',  ( -11.00000000000000000, 0.0000000000000000000, 0.0000000000000000000 ) ) ;
#2700 = DIRECTION ( 'NONE',  ( 0.0000000000000000000, -1.000000000000000000, 0.0000000000000000000 ) ) ;
#2701 = EDGE_LOOP ( 'NONE', ( #1222, #1217, #1216, #1215 ) ) ;
#2702 = VERTEX_POINT ( 'NONE', #1280 ) ;
#2703 = ORIENTED_EDGE ( 'NONE', *, *, #723, .T. ) ;
#2704 = CARTESIAN_POINT ( 'NONE',  ( 8.875000000000000000, -23.57521054095420300, -40.65508485280526700 ) ) ;
#2705 = DIRECTION ( 'NONE',  ( 0.0000000000000000000, 0.0000000000000000000, 1.000000000000000000 ) ) ;
#2706 = EDGE_LOOP ( 'NONE', ( #2771, #2659, #2657, #2661, #2664, #2667, #2767, #2675 ) ) ;
#2707 = CARTESIAN_POINT ( 'NONE',  ( 8.039279853630239000, -26.61485770607744800, -47.45577707670096900 ) ) ;
#2708 = ORIENTED_EDGE ( 'NONE', *, *, #1211, .T. ) ;
#2709 = CARTESIAN_POINT ( 'NONE',  ( 23.76791652268567700, 37.41844236662327500, -1.546291113824524600 ) ) ;
#2710 = ORIENTED_EDGE ( 'NONE', *, *, #2342, .F. ) ;
#2711 = CARTESIAN_POINT ( 'NONE',  ( -11.26478424911356100, 64.03224213744799400, -24.00000000000000000 ) ) ;
#2712 = DIRECTION ( 'NONE',  ( 0.0000000000000000000, -0.4999999999999998900, -0.8660254037844387100 ) ) ;
#2713 = CARTESIAN_POINT ( 'NONE',  ( 38.60000000000000100, 0.0000000000000000000, 0.0000000000000000000 ) ) ;
#2714 = ORIENTED_EDGE ( 'NONE', *, *, #1055, .T. ) ;
#2715 = EDGE_CURVE ( 'E913', #1367, #1323, #319, .T. ) ;
#2716 = ORIENTED_EDGE ( 'NONE', *, *, #2200, .F. ) ;
#2717 = DIRECTION ( 'NONE',  ( 0.0000000000000000000, 0.0000000000000000000, 1.000000000000000000 ) ) ;
#2718 = DIRECTION ( 'NONE',  ( 0.0000000000000000000, 0.0000000000000000000, 1.000000000000000000 ) ) ;
#2719 = CARTESIAN_POINT ( 'NONE',  ( -11.00000000000000000, -101.0000000000000000, 0.0000000000000000000 ) ) ;
#2720 = DIRECTION ( 'NONE',  ( -1.000000000000000000, 0.0000000000000000000, 0.0000000000000000000 ) ) ;
#2721 = EDGE_LOOP ( 'NONE', ( #1254 ) ) ;
#2722 = DIRECTION ( 'NONE',  ( -1.000000000000000000, 0.0000000000000000000, 0.0000000000000000000 ) ) ;
#2723 = CARTESIAN_POINT ( 'NONE',  ( 38.60000000000000100, 0.0000000000000000000, 0.0000000000000000000 ) ) ;
#2724 = ORIENTED_EDGE ( 'NONE', *, *, #2342, .T. ) ;
#2725 = ADVANCED_FACE ( 'E759', ( #317 ), #1220, .T. ) ;
#2726 = DIRECTION ( 'NONE',  ( 0.0000000000000000000, 0.0000000000000000000, 1.000000000000000000 ) ) ;
#2727 = ORIENTED_EDGE ( 'NONE', *, *, #2371, .F. ) ;
#2728 = EDGE_LOOP ( 'NONE', ( #2760, #2762, #2633, #2639 ) ) ;
#2729 = VERTEX_POINT ( 'NONE', #1228 ) ;
#2730 = B_SPLINE_CURVE_WITH_KNOTS ( 'NONE', 3,
 ( #1490, #1491, #1494, #1495, #1499, #1503, #1507, #1512, #1516, #1517, #1520, #1523, #1526, #1527, #1531, #1533, #1534, #1537, #1538, #1540, #1541, #1545, #1546, #1555, #1556, #1558, #1560, #1569, #1570, #1575, #1578, #1584, #1588, #1591, #1599, #1600, #1603, #1606, #1610, #1614, #1619, #1625, #1627, #1631, #1637, #1638, #1643, #1646, #1648, #1654, #1660, #1661, #1665, #1669, #1673, #1674, #1678, #1681, #1686, #1687, #1690, #1695, #1698, #1700, #1704, #1707, #1713, #1718, #1719, #1721, #1725, #1726 ),
 .UNSPECIFIED., .T., .F.,
 ( 4, 2, 2, 2, 2, 2, 2, 2, 2, 2, 2, 2, 2, 2, 2, 2, 2, 2, 2, 2, 2, 2, 2, 2, 2, 2, 2, 2, 2, 2, 2, 2, 2, 2, 2, 4 ),
 ( 0.0000000000000000000, 0.0009786022647422388400, 0.001467903397113352600, 0.001957204529484466400, 0.002935806794226701800, 0.003914409058968937100, 0.004893011323711172500, 0.005871613588453407900, 0.006850215853195643300, 0.007828818117937877800, 0.008807420382680114900, 0.009786022647422350200, 0.01027532377979346700, 0.01076462491216458600, 0.01174322717690681600, 0.01272182944164904600, 0.01370043170639127600, 0.01467903397113350600, 0.01565763623587573500, 0.01663623850061796500, 0.01761484076536019800, 0.01859344303010242900, 0.01957204529484466200, 0.02055064755958689200, 0.02152924982432912600, 0.02201855095670024100, 0.02250785208907135600, 0.02348645435381359300, 0.02446505661855582700, 0.02544365888329806400, 0.02642226114804029800, 0.02740086341278253500, 0.02837946567752476800, 0.02935806794226700600, 0.03033667020700923900, 0.03131527247175147600 ),
 .UNSPECIFIED. ) ;
#2731 = EDGE_LOOP ( 'NONE', ( #2671, #2678, #2693, #2695 ) ) ;
#2732 = CARTESIAN_POINT ( 'NONE',  ( 8.226198762001075700, -26.58461199217010000, -47.44070134730292000 ) ) ;
#2733 = DIRECTION ( 'NONE',  ( -0.4999999999999998900, 0.0000000000000000000, -0.8660254037844387100 ) ) ;
#2734 = EDGE_CURVE ( 'E918', #1522, #1367, #329, .T. ) ;
#2735 = EDGE_LOOP ( 'NONE', ( #1213, #1202, #1195, #1187, #1184, #1182 ) ) ;
#2736 = DIRECTION ( 'NONE',  ( 1.000000000000000000, 0.0000000000000000000, 0.0000000000000000000 ) ) ;
#2737 = ADVANCED_FACE ( 'E318', ( #318 ), #1193, .F. ) ;
#2738 = DIRECTION ( 'NONE',  ( 0.8660254037844387100, 0.0000000000000000000, -0.4999999999999998900 ) ) ;
#2739 = ORIENTED_EDGE ( 'NONE', *, *, #2071, .T. ) ;
#2740 = CARTESIAN_POINT ( 'NONE',  ( 13.50000000000000000, 0.0000000000000000000, 0.0000000000000000000 ) ) ;
#2741 = DIRECTION ( 'NONE',  ( 1.000000000000000000, 0.0000000000000000000, 0.0000000000000000000 ) ) ;
#2742 = PLANE ( 'NONE',  #1370 ) ;
#2743 = EDGE_LOOP ( 'NONE', ( #1177, #1317, #1928, #1815 ) ) ;
#2744 = DIRECTION ( 'NONE',  ( 0.0000000000000000000, -1.000000000000000000, 0.0000000000000000000 ) ) ;
#2745 = CARTESIAN_POINT ( 'NONE',  ( 33.44764471275460900, 29.88368237780218800, -2.642723135295359100 ) ) ;
#2746 = ADVANCED_FACE ( 'E1363', ( #313 ), #305, .T. ) ;
#2747 = EDGE_CURVE ( 'E928', #2077, #1323, #303, .T. ) ;
#2748 = ADVANCED_FACE ( 'E1360', ( #297, #316 ), #292, .T. ) ;
#2749 = ORIENTED_EDGE ( 'NONE', *, *, #988, .F. ) ;
#2750 = CARTESIAN_POINT ( 'NONE',  ( -20.00000000000000000, 101.0000000000000000, 24.00000000000000000 ) ) ;
#2751 = CARTESIAN_POINT ( 'NONE',  ( 13.25000000000000000, 0.0000000000000000000, 0.0000000000000000000 ) ) ;
#2752 = CARTESIAN_POINT ( 'NONE',  ( 33.17645696610012600, 29.84594038407129400, -3.048552886079472400 ) ) ;
#2753 = CARTESIAN_POINT ( 'NONE',  ( 32.96926518610052200, 29.81868483299487900, -3.301669005310735400 ) ) ;
#2754 = DIRECTION ( 'NONE',  ( 0.0000000000000000000, 0.0000000000000000000, 1.000000000000000000 ) ) ;
#2755 = DIRECTION ( 'NONE',  ( 0.0000000000000000000, 0.0000000000000000000, 1.000000000000000000 ) ) ;
#2756 = CLOSED_SHELL ( 'NONE', ( #249, #476, #2301, #23, #2293, #413, #2259, #2322 ) ) ;
#2757 = DIRECTION ( 'NONE',  ( 0.0000000000000000000, 0.0000000000000000000, -1.000000000000000000 ) ) ;
#2758 = UNCERTAINTY_MEASURE_WITH_UNIT (LENGTH_MEASURE( 1.000000000000000100E-005 ), #256, 'distance_accuracy_value', 'NONE');
#2759 = CARTESIAN_POINT ( 'NONE',  ( 32.50382735148364300, 29.76343193072230200, -3.767373500911136700 ) ) ;
#2760 = ORIENTED_EDGE ( 'NONE', *, *, #246, .T. ) ;
#2761 = COORDINATED_UNIVERSAL_TIME_OFFSET ( 3, 0, .BEHIND. ) ;
#2762 = ORIENTED_EDGE ( 'NONE', *, *, #1875, .T. ) ;
#2763 = CARTESIAN_POINT ( 'NONE',  ( 29.19999999999999900, 38.44999999999999600, 0.0000000000000000000 ) ) ;
#2764 = DIRECTION ( 'NONE',  ( 1.000000000000000000, 0.0000000000000000000, 0.0000000000000000000 ) ) ;
#2765 = CARTESIAN_POINT ( 'NONE',  ( -12.80000000000000100, 101.0000000000000000, 0.0000000000000000000 ) ) ;
#2766 = CLOSED_SHELL ( 'NONE', ( #1090, #2964, #537, #2121, #1734, #2956, #2144, #2830, #2282, #2680, #2737, #471, #2775, #1752, #2934, #2970, #809, #1284, #182, #2126, #2890, #25, #1530, #2023, #2725, #2170, #2876, #2410, #2650, #2051, #1434, #1951, #2578, #2625, #2881, #2501, #2805, #2479, #1837, #2149, #2574, #2113, #2139, #2583, #2941, #2921, #2600, #2567, #2594, #45, #2976, #2926, #2634, #2882, #1098, #1201, #2300, #2872, #1252, #2852, #350, #1130, #1005, #2827, #2821, #976, #2820, #2217, #2792, #1683, #2189, #181, #2774, #2185, #2207, #2748, #2746 ) ) ;
#2767 = ORIENTED_EDGE ( 'NONE', *, *, #339, .T. ) ;
#2768 = CARTESIAN_POINT ( 'NONE',  ( 19.00000000000000000, 111.9306930693070000, 21.36632745758159800 ) ) ;
#2769 = CARTESIAN_POINT ( 'NONE',  ( 32.25197668393710200, 29.73620812672401200, -3.973832235236134400 ) ) ;
#2770 = CARTESIAN_POINT ( 'NONE',  ( 26.31324865405184700, 37.44999999999999600, -5.302701060230069700E-016 ) ) ;
#2771 = ORIENTED_EDGE ( 'NONE', *, *, #1285, .T. ) ;
#2772 = ORIENTED_EDGE ( 'NONE', *, *, #2241, .T. ) ;
#2773 = DIRECTION ( 'NONE',  ( -1.000000000000000000, 0.0000000000000000000, -6.123031769111888800E-017 ) ) ;
#2774 = ADVANCED_FACE ( 'E1349', ( #298, #293 ), #1115, .T. ) ;
#2775 = ADVANCED_FACE ( 'E360', ( #295 ), #1093, .T. ) ;
#2776 = DIRECTION ( 'NONE',  ( 0.06162841671621927000, 0.7044160264027586900, 0.7071067811865476800 ) ) ;
#2777 = EDGE_LOOP ( 'NONE', ( #2716, #2714, #2724, #2727 ) ) ;
#2778 = CARTESIAN_POINT ( 'NONE',  ( 8.559186555458561300, -26.66264645649533400, -47.33763325675566600 ) ) ;
#2779 = ORIENTED_EDGE ( 'NONE', *, *, #2503, .T. ) ;
#2780 = ORIENTED_EDGE ( 'NONE', *, *, #994, .T. ) ;
#2781 = PLANE ( 'NONE',  #1360 ) ;
#2782 = EDGE_CURVE ( 'E934', #1323, #2702, #285, .T. ) ;
#2783 = CARTESIAN_POINT ( 'NONE',  ( -12.80000000000000100, -111.9306930693070000, 21.36632745758159800 ) ) ;
#2784 = DIRECTION ( 'NONE',  ( -6.123031769111888800E-017, 1.000000000000000000, 0.0000000000000000000 ) ) ;
#2785 = ORIENTED_EDGE ( 'NONE', *, *, #2412, .T. ) ;
#2786 = DIRECTION ( 'NONE',  ( 1.000000000000000000, 0.0000000000000000000, 0.0000000000000000000 ) ) ;
#2787 = CARTESIAN_POINT ( 'NONE',  ( -12.80000000000000100, 111.9306930693070000, -21.36632745758159800 ) ) ;
#2788 = ORIENTED_EDGE ( 'NONE', *, *, #2296, .T. ) ;
#2789 = ORIENTED_EDGE ( 'NONE', *, *, #2200, .T. ) ;
#2790 = EDGE_LOOP ( 'NONE', ( #2697, #2703, #2708, #2710 ) ) ;
#2791 = CARTESIAN_POINT ( 'NONE',  ( 8.874999999999998200, -40.65508485280527400, 23.57521054095420300 ) ) ;
#2792 = ADVANCED_FACE ( 'E1335', ( #280, #289 ), #283, .T. ) ;
#2793 = CARTESIAN_POINT ( 'NONE',  ( -110.0000000000000000, 0.0000000000000000000, 0.0000000000000000000 ) ) ;
#2794 = ORIENTED_EDGE ( 'NONE', *, *, #1853, .T. ) ;
#2795 = CARTESIAN_POINT ( 'NONE',  ( 8.695924772594262100, -26.74925855965164000, -47.26379133929680900 ) ) ;
#2796 = CARTESIAN_POINT ( 'NONE',  ( 8.753233929725574600, -26.80526860301277400, -47.22146030816242800 ) ) ;
#2797 = VERTEX_POINT ( 'NONE', #1038 ) ;
#2798 = ORIENTED_EDGE ( 'NONE', *, *, #2002, .T. ) ;
#2799 = CARTESIAN_POINT ( 'NONE',  ( 13.25000000000000000, 0.0000000000000000000, 0.0000000000000000000 ) ) ;
#2800 = DIRECTION ( 'NONE',  ( 1.000000000000000000, 0.0000000000000000000, 0.0000000000000000000 ) ) ;
#2801 = ORIENTED_EDGE ( 'NONE', *, *, #2521, .T. ) ;
#2802 = EDGE_CURVE ( 'E949', #1618, #2702, #276, .T. ) ;
#2803 = ORIENTED_EDGE ( 'NONE', *, *, #2377, .F. ) ;
#2804 = DIRECTION ( 'NONE',  ( 0.0000000000000000000, -1.000000000000000000, 0.0000000000000000000 ) ) ;
#2805 = ADVANCED_FACE ( 'E851', ( #274, #279 ), #261, .F. ) ;
#2806 = VERTEX_POINT ( 'NONE', #996 ) ;
#2807 = CARTESIAN_POINT ( 'NONE',  ( 4.772970773009210400, 0.0000000000000000000, 0.0000000000000000000 ) ) ;
#2808 = DIRECTION ( 'NONE',  ( -1.000000000000000000, 0.0000000000000000000, 0.0000000000000000000 ) ) ;
#2809 = EDGE_LOOP ( 'NONE', ( #2801 ) ) ;
#2810 = EDGE_CURVE ( 'E955', #2702, #1813, #262, .T. ) ;
#2811 = EDGE_CURVE ( 'E25', #1832, #1480, #2691, .T. ) ;
#2812 = ORIENTED_EDGE ( 'NONE', *, *, #1074, .T. ) ;
#2813 = CARTESIAN_POINT ( 'NONE',  ( 29.19999999999999900, 36.77339999999999500, 0.0000000000000000000 ) ) ;
#2814 = DIRECTION ( 'NONE',  ( -6.123031769111888800E-017, 1.000000000000000000, 0.0000000000000000000 ) ) ;
#2815 = EDGE_LOOP ( 'NONE', ( #2803, #2822, #2812, #2832, #2860, #2854, #2846, #2622 ) ) ;
#2816 = DIRECTION ( 'NONE',  ( 0.0000000000000000000, 0.0000000000000000000, 1.000000000000000000 ) ) ;
#2817 = DIRECTION ( 'NONE',  ( 1.000000000000000000, 0.0000000000000000000, 0.0000000000000000000 ) ) ;
#2818 = VERTEX_POINT ( 'NONE', #1002 ) ;
#2819 = DIRECTION ( 'NONE',  ( 0.0000000000000000000, -0.8902636440658998600, -0.4554455445544559100 ) ) ;
#2820 = ADVANCED_FACE ( 'E1329', ( #264, #258 ), #928, .T. ) ;
#2821 = ADVANCED_FACE ( 'E1323', ( #269, #251 ), #240, .T. ) ;
#2822 = ORIENTED_EDGE ( 'NONE', *, *, #1285, .F. ) ;
#2823 = DIRECTION ( 'NONE',  ( 0.0000000000000000000, 0.8902636440658998600, 0.4554455445544559100 ) ) ;
#2824 = CARTESIAN_POINT ( 'NONE',  ( 8.897252042611334800, -27.16228561378538900, -46.99021742477113900 ) ) ;
#2825 = VERTEX_POINT ( 'NONE', #911 ) ;
#2826 = EDGE_CURVE ( 'E970', #1470, #1813, #247, .T. ) ;
#2827 = ADVANCED_FACE ( 'E1320', ( #267, #244 ), #894, .T. ) ;
#2828 = EDGE_LOOP ( 'NONE', ( #2613, #2610, #2604, #2593 ) ) ;
#2829 = CARTESIAN_POINT ( 'NONE',  ( 8.874999999999998200, -40.69967925362045200, 23.49797077300919700 ) ) ;
#2830 = ADVANCED_FACE ( 'E203', ( #257 ), #232, .T. ) ;
#2831 = CARTESIAN_POINT ( 'NONE',  ( 27.75662432702595300, 35.58749999999999900, -2.500000000000000000 ) ) ;
#2832 = ORIENTED_EDGE ( 'NONE', *, *, #1314, .F. ) ;
#2833 = CARTESIAN_POINT ( 'NONE',  ( 8.857441945429927800, -40.61110003464607100, 23.65087224712830100 ) ) ;
#2834 = EDGE_LOOP ( 'NONE', ( #2502, #2470, #2463, #2453, #2446, #2436 ) ) ;
#2835 = EDGE_LOOP ( 'NONE', ( #2401 ) ) ;
#2836 = EDGE_LOOP ( 'NONE', ( #2383 ) ) ;
#2837 = CARTESIAN_POINT ( 'NONE',  ( 8.789680389655121200, -40.52857742916922500, 23.79200738991669400 ) ) ;
#2838 = EDGE_LOOP ( 'NONE', ( #2684, #2167, #2164, #2153 ) ) ;
#2839 = DIRECTION ( 'NONE',  ( 0.0000000000000000000, -1.000000000000000000, 0.0000000000000000000 ) ) ;
#2840 = DIRECTION ( 'NONE',  ( 2.788707538407394000E-017, -0.8902636440658997500, -0.4554455445544558500 ) ) ;
#2841 = CARTESIAN_POINT ( 'NONE',  ( 7.519564400873203900, -27.22165970304082800, -47.19581871907433900 ) ) ;
#2842 = EDGE_LOOP ( 'NONE', ( #2306, #2302, #2299, #2288, #2255 ) ) ;
#2843 = DIRECTION ( 'NONE',  ( -5.451112575500818900E-017, -0.4554455445544559100, 0.8902636440658998600 ) ) ;
#2844 = EDGE_LOOP ( 'NONE', ( #2385 ) ) ;
#2845 = DIRECTION ( 'NONE',  ( 0.0000000000000000000, 0.0000000000000000000, 1.000000000000000000 ) ) ;
#2846 = ORIENTED_EDGE ( 'NONE', *, *, #2371, .T. ) ;
#2847 = CARTESIAN_POINT ( 'NONE',  ( 8.739533283711272900, -40.49059151185966200, 23.85653785682696100 ) ) ;
#2848 = CARTESIAN_POINT ( 'NONE',  ( 8.552695809603864800, -40.39554632562516200, 24.01736600133196500 ) ) ;
#2849 = DIRECTION ( 'NONE',  ( -1.000000000000000000, 0.0000000000000000000, 0.0000000000000000000 ) ) ;
#2850 = CARTESIAN_POINT ( 'NONE',  ( -12.80000000000000100, 0.0000000000000000000, 0.0000000000000000000 ) ) ;
#2851 = CARTESIAN_POINT ( 'NONE',  ( 8.376443435537979100, -40.35802897458620500, 24.08003361899631800 ) ) ;
#2852 = ADVANCED_FACE ( 'E1308', ( #238, #254 ), #222, .F. ) ;
#2853 = APPROVAL_PERSON_ORGANIZATION ( #875, #561, #215 ) ;
#2854 = ORIENTED_EDGE ( 'NONE', *, *, #2071, .F. ) ;
#2855 = CARTESIAN_POINT ( 'NONE',  ( 8.112316224158586700, -40.35795706338318200, 24.08015414130662500 ) ) ;
#2856 = CARTESIAN_POINT ( 'NONE',  ( 0.0000000000000000000, 0.0000000000000000000, 0.0000000000000000000 ) ) ;
#2857 = EDGE_CURVE ( 'E976', #1813, #1325, #226, .T. ) ;
#2858 = EDGE_LOOP ( 'NONE', ( #2354, #2340, #2332, #2319, #2310 ) ) ;
#2859 = PLANE ( 'NONE',  #1414 ) ;
#2860 = ORIENTED_EDGE ( 'NONE', *, *, #1572, .F. ) ;
#2861 = DIRECTION ( 'NONE',  ( 0.0000000000000000000, 0.0000000000000000000, -1.000000000000000000 ) ) ;
#2862 = CARTESIAN_POINT ( 'NONE',  ( 8.023837802159814500, -40.36691523545840700, 24.06515775576227900 ) ) ;
#2863 = CARTESIAN_POINT ( 'NONE',  ( -12.80000000000000100, 101.0000000000000000, 24.00000000000000000 ) ) ;
#2864 = CARTESIAN_POINT ( 'NONE',  ( -29.00000000000000000, 0.0000000000000000000, 0.0000000000000000000 ) ) ;
#2865 = CARTESIAN_POINT ( 'NONE',  ( 7.860392503965710100, -40.40147721269429600, 24.00708858792653900 ) ) ;
#2866 = DIRECTION ( 'NONE',  ( 1.000000000000000000, 0.0000000000000000000, 0.0000000000000000000 ) ) ;
#2867 = CARTESIAN_POINT ( 'NONE',  ( 8.819620620533333600, -27.38801936036847500, -46.87343100788988400 ) ) ;
#2868 = CARTESIAN_POINT ( 'NONE',  ( -12.80000000000000100, 111.9306930693070000, 21.36632745758159800 ) ) ;
#2869 = EDGE_CURVE ( 'E991', #2630, #1325, #227, .T. ) ;
#2870 = EDGE_CURVE ( 'E997', #1325, #2564, #230, .T. ) ;
#2871 = CARTESIAN_POINT ( 'NONE',  ( 8.878404949514084900, -26.99810185398596800, -47.08829783298943300 ) ) ;
#2872 = ADVANCED_FACE ( 'E1244', ( #211 ), #828, .T. ) ;
#2873 = CARTESIAN_POINT ( 'NONE',  ( -12.80000000000000100, -65.75712889109439600, -24.00000000000000000 ) ) ;
#2874 = CARTESIAN_POINT ( 'NONE',  ( 8.776809870238674100, -27.46020879816081000, -46.83921939933851800 ) ) ;
#2875 = CARTESIAN_POINT ( 'NONE',  ( 7.785982687991594100, -40.42676773279593000, 23.96453500971351500 ) ) ;
#2876 = ADVANCED_FACE ( 'E821', ( #219, #203 ), #195, .F. ) ;
#2877 = CARTESIAN_POINT ( 'NONE',  ( -13.31096139751324100, 0.0000000000000000000, 2.153334924721379800E-016 ) ) ;
#2878 = CARTESIAN_POINT ( 'NONE',  ( -11.26478424911356100, -64.03224213744799400, -24.00000000000000000 ) ) ;
#2879 = DIRECTION ( 'NONE',  ( -1.000000000000000000, 0.0000000000000000000, -4.592273826833919600E-017 ) ) ;
#2880 = CARTESIAN_POINT ( 'NONE',  ( -11.37037560245693200, -64.03815188053327700, -24.00000000000000700 ) ) ;
#2881 = ADVANCED_FACE ( 'E845', ( #233, #193 ), #722, .F. ) ;
#2882 = ADVANCED_FACE ( 'E1160', ( #205 ), #697, .T. ) ;
#2883 = CARTESIAN_POINT ( 'NONE',  ( -11.47710012634413200, -64.05548465827558900, -24.00000000000000400 ) ) ;
#2884 = CARTESIAN_POINT ( 'NONE',  ( 7.659911734625490400, -40.49084707672808700, 23.85610593877874000 ) ) ;
#2885 = ORIENTED_EDGE ( 'NONE', *, *, #2782, .T. ) ;
#2886 = CARTESIAN_POINT ( 'NONE',  ( -11.68163824546306500, -64.11104318130635700, -24.00000000000000400 ) ) ;
#2887 = CARTESIAN_POINT ( 'NONE',  ( -11.78005142856484400, -64.14902642941605400, -23.99999999999999600 ) ) ;
#2888 = CARTESIAN_POINT ( 'NONE',  ( 7.610353428690276100, -40.52854000434395200, 23.79207132628075900 ) ) ;
#2889 = EDGE_CURVE ( 'E1012', #1352, #2564, #213, .T. ) ;
#2890 = ADVANCED_FACE ( 'E645', ( #185 ), #693, .T. ) ;
#2891 = CARTESIAN_POINT ( 'NONE',  ( -11.96933627669393200, -64.24495039838565400, -24.00000000000000400 ) ) ;
#2892 = CARTESIAN_POINT ( 'NONE',  ( 7.542541021715318400, -40.61111701839176600, 23.65084327031553000 ) ) ;
#2893 = CARTESIAN_POINT ( 'NONE',  ( -12.06013519729099700, -64.30324069927901600, -23.99999999999999600 ) ) ;
#2894 = CARTESIAN_POINT ( 'NONE',  ( 7.525031209923864300, -40.65550884090961100, 23.57447527548304600 ) ) ;
#2895 = CARTESIAN_POINT ( 'NONE',  ( -12.22587106366203400, -64.43399788533078300, -24.00000000000000400 ) ) ;
#2896 = CARTESIAN_POINT ( 'NONE',  ( -12.30202710789387900, -64.50700157766334500, -23.99999999999999600 ) ) ;
#2897 = EDGE_CURVE ( 'E1018', #2564, #1367, #183, .T. ) ;
#2898 = CARTESIAN_POINT ( 'NONE',  ( 7.604932349658392700, -27.51131311776030200, -47.01374963229540100 ) ) ;
#2899 = B_SPLINE_CURVE_WITH_KNOTS ( 'NONE', 3,
 ( #210, #214, #2193, #2209, #2284, #2351, #2289, #2239, #2399, #2314, #2389, #2309, #2482, #2208, #1874, #2175 ),
 .UNSPECIFIED., .F., .F.,
 ( 4, 2, 2, 2, 2, 2, 2, 4 ),
 ( 0.006193751337737816800, 0.006510348187838730700, 0.006826945037939645400, 0.007460138738141450600, 0.007776735588242336700, 0.008093332438343222800, 0.008409929288444110600, 0.008726526138544996700 ),
 .UNSPECIFIED. ) ;
#2900 = CARTESIAN_POINT ( 'NONE',  ( -12.44108882661816800, -64.66806215909774400, -24.00000000000000400 ) ) ;
#2901 = EDGE_CURVE ( 'NONE', #2, #2, #192, .T. ) ;
#2902 = CARTESIAN_POINT ( 'NONE',  ( -12.50320437444995200, -64.75554387334354100, -23.99999999999999600 ) ) ;
#2903 = CARTESIAN_POINT ( 'NONE',  ( -12.60936648286147100, -64.93785849094688000, -24.00000000000000400 ) ) ;
#2904 = CARTESIAN_POINT ( 'NONE',  ( 7.524937706870728600, -40.78766188416883400, 23.34558217614094400 ) ) ;
#2905 = CARTESIAN_POINT ( 'NONE',  ( -12.65412727028817500, -65.03349307303928100, -24.00000000000000000 ) ) ;
#2906 = CLOSED_SHELL ( 'NONE', ( #2228, #114, #2681, #2249, #1759, #2254, #2290, #2500 ) ) ;
#2907 = CARTESIAN_POINT ( 'NONE',  ( -12.76335754658036400, -65.33387776150857500, -24.00000000000000000 ) ) ;
#2908 = CARTESIAN_POINT ( 'NONE',  ( 19.00000000000000000, -111.9306930693070000, 21.36632745758159800 ) ) ;
#2909 = DIRECTION ( 'NONE',  ( 0.0000000000000000000, 1.000000000000000000, 0.0000000000000000000 ) ) ;
#2910 = CARTESIAN_POINT ( 'NONE',  ( 8.177544553657250900, -27.78142990925175200, -46.75818454613346400 ) ) ;
#2911 = CARTESIAN_POINT ( 'NONE',  ( 7.784416001314716600, -40.96660206609826100, 23.02954446452518100 ) ) ;
#2912 = EDGE_CURVE ( 'NONE', #139, #139, #177, .T. ) ;
#2913 = EDGE_CURVE ( 'E1094', #1667, #1334, #180, .T. ) ;
#2914 = CARTESIAN_POINT ( 'NONE',  ( -12.80000000000000100, -65.54363221326120500, -24.00000000000000000 ) ) ;
#2915 = CARTESIAN_POINT ( 'NONE',  ( 6.648252933776534600, 49.33479217283873200, 45.83460863836815900 ) ) ;
#2916 = CARTESIAN_POINT ( 'NONE',  ( 7.859358218139193200, -40.99119155066716000, 22.98568875332191300 ) ) ;
#2917 = DIRECTION ( 'NONE',  ( 1.000000000000000000, 0.0000000000000000000, 0.0000000000000000000 ) ) ;
#2918 = CARTESIAN_POINT ( 'NONE',  ( 23.55513762895461800, 37.44583128349784600, 0.5869432220161000500 ) ) ;
#2919 = CARTESIAN_POINT ( 'NONE',  ( 0.0000000000000000000, 0.0000000000000000000, 0.0000000000000000000 ) ) ;
#2920 = CARTESIAN_POINT ( 'NONE',  ( 8.022579909399823400, -41.02432710051607500, 22.92649685752138200 ) ) ;
#2921 = ADVANCED_FACE ( 'E996', ( #175 ), #636, .T. ) ;
#2922 = EDGE_CURVE ( 'E1101', #2424, #1667, #36, .T. ) ;
#2923 = CARTESIAN_POINT ( 'NONE',  ( 8.110293387775080000, -41.03293656085060100, 22.91105931637006800 ) ) ;
#2924 = DIRECTION ( 'NONE',  ( 0.0000000000000000000, 1.000000000000000000, 0.0000000000000000000 ) ) ;
#2925 = DIRECTION ( 'NONE',  ( 0.0000000000000000000, -0.2588190451025210700, -0.9659258262890682000 ) ) ;
#2926 = ADVANCED_FACE ( 'E1136', ( #34, #179 ), #166, .T. ) ;
#2927 = CARTESIAN_POINT ( 'NONE',  ( -8.200000000000001100, 0.0000000000000000000, 0.0000000000000000000 ) ) ;
#2928 = CARTESIAN_POINT ( 'NONE',  ( 19.00000000000000000, 31.88118811881184600, 62.31845508461299900 ) ) ;
#2929 = DIRECTION ( 'NONE',  ( 5.507058653894625900E-017, 0.0000000000000000000, -1.000000000000000000 ) ) ;
#2930 = CARTESIAN_POINT ( 'NONE',  ( 8.377348509111247000, -41.03306931998325500, 22.91082154815027000 ) ) ;
#2931 = DIRECTION ( 'NONE',  ( 1.000000000000000000, 0.0000000000000000000, 0.0000000000000000000 ) ) ;
#2932 = CARTESIAN_POINT ( 'NONE',  ( 8.552177955645966300, -40.99758891962223100, 22.97458892048062000 ) ) ;
#2933 = DIRECTION ( 'NONE',  ( 0.0000000000000000000, 0.0000000000000000000, -1.000000000000000000 ) ) ;
#2934 = ADVANCED_FACE ( 'E454', ( #189, #168, #30, #146 ), #528, .F. ) ;
#2935 = CARTESIAN_POINT ( 'NONE',  ( 8.801653520815813500, -40.87524283339544700, 23.19156218538015000 ) ) ;
#2936 = DIRECTION ( 'NONE',  ( 1.000000000000000000, 0.0000000000000000000, 0.0000000000000000000 ) ) ;
#2937 = CARTESIAN_POINT ( 'NONE',  ( -12.80000000000000100, 101.0000000000000000, 0.0000000000000000000 ) ) ;
#2938 = CARTESIAN_POINT ( 'NONE',  ( 8.875000000000001800, -40.78886805525081600, 23.34349123711918100 ) ) ;
#2939 = CARTESIAN_POINT ( 'NONE',  ( 8.088348002569848200, -27.78045724459568800, -46.77427349675447500 ) ) ;
#2940 = DIRECTION ( 'NONE',  ( 1.000000000000000000, 0.0000000000000000000, 6.123031769111888800E-017 ) ) ;
#2941 = ADVANCED_FACE ( 'E975', ( #31 ), #507, .T. ) ;
#2942 = CARTESIAN_POINT ( 'NONE',  ( 8.874999999999998200, -40.69967925362045200, 23.49797077300919700 ) ) ;
#2943 = DIRECTION ( 'NONE',  ( 1.000000000000000000, 0.0000000000000000000, 0.0000000000000000000 ) ) ;
#2944 = CARTESIAN_POINT ( 'NONE',  ( 34.44525792619455000, 37.39513695451670800, 2.054576400245909300 ) ) ;
#2945 = EDGE_CURVE ( 'E1108', #1306, #2424, #15, .T. ) ;
#2946 = CARTESIAN_POINT ( 'NONE',  ( 34.28649809424385400, 37.37582338069016400, 2.375551092476562200 ) ) ;
#2947 = CARTESIAN_POINT ( 'NONE',  ( -8.200000000000001100, 0.0000000000000000000, 0.0000000000000000000 ) ) ;
#2948 = CARTESIAN_POINT ( 'NONE',  ( 33.90391149883061700, 37.33220265052246800, 2.983632289313475900 ) ) ;
#2949 = CARTESIAN_POINT ( 'NONE',  ( 33.67889712836849000, 37.30781683658722900, 3.270587097443769900 ) ) ;
#2950 = DATE_AND_TIME ( #344, #2953 ) ;
#2951 = CARTESIAN_POINT ( 'NONE',  ( -12.80000000000000100, -65.75712889109439600, -24.00000000000000000 ) ) ;
#2952 = CARTESIAN_POINT ( 'NONE',  ( 33.18392085048011400, 37.25887348457831600, 3.787648839913027000 ) ) ;
#2953 = LOCAL_TIME ( 9, 12, 8.000000000000000000, #1756 ) ;
#2954 = CARTESIAN_POINT ( 'NONE',  ( 31.70604803355595200, 29.68513418153055400, 4.338935506835634100 ) ) ;
#2955 = DIRECTION ( 'NONE',  ( 0.0000000000000000000, 1.000000000000000000, 0.0000000000000000000 ) ) ;
#2956 = ADVANCED_FACE ( 'E139', ( #163 ), #165, .F. ) ;
#2957 = EDGE_CURVE ( 'E1115', #1344, #1306, #161, .T. ) ;
#2958 = DIRECTION ( 'NONE',  ( 0.0000000000000000000, 0.0000000000000000000, 1.000000000000000000 ) ) ;
#2959 = DIRECTION ( 'NONE',  ( -1.000000000000000000, 0.0000000000000000000, 0.0000000000000000000 ) ) ;
#2960 = CARTESIAN_POINT ( 'NONE',  ( 32.91145538035641500, 37.23402496648103700, 4.021675028442200700 ) ) ;
#2961 = DIRECTION ( 'NONE',  ( 0.0000000000000000000, 0.8660254037844387100, -0.4999999999999996700 ) ) ;
#2962 = CARTESIAN_POINT ( 'NONE',  ( -12.80000000000000100, 0.0000000000000000000, 0.0000000000000000000 ) ) ;
#2963 = CARTESIAN_POINT ( 'NONE',  ( 30.80907701220588300, 29.62371475303265100, 4.736861744697318200 ) ) ;
#2964 = ADVANCED_FACE ( 'E3', ( #156, #22 ), #158, .F. ) ;
#2965 = CARTESIAN_POINT ( 'NONE',  ( 31.41909712618284800, 29.66198249569971800, 4.492543516831310600 ) ) ;
#2966 = B_SPLINE_CURVE_WITH_KNOTS ( 'NONE', 3,
 ( #2312, #2276, #2315, #2316, #2318, #2323, #2327, #2329, #2330, #2333, #2334, #2337, #2343, #2344, #2350, #2355, #2357, #2358, #2363, #2364, #2368, #2369, #2376, #2523, #2496, #2469 ),
 .UNSPECIFIED., .T., .F.,
 ( 4, 2, 2, 2, 2, 2, 2, 2, 2, 2, 2, 2, 4 ),
 ( 0.0000000000000000000, 0.0002652714152756103100, 0.0005305428305512206300, 0.001061085661102436300, 0.001591628491653652100, 0.001856899906929257800, 0.002122171322204863900, 0.002652714152756075600, 0.002917985568031684300, 0.003183256983307293000, 0.003448528398582901200, 0.003713799813858507300, 0.004244342644409729500 ),
 .UNSPECIFIED. ) ;
#2967 = CARTESIAN_POINT ( 'NONE',  ( 32.31990434804750100, 37.18664681389697800, 4.438443868904510500 ) ) ;
#2968 = CARTESIAN_POINT ( 'NONE',  ( 30.49467311110806000, 29.60830162982101400, 4.832267537601794900 ) ) ;
#2969 = DIRECTION ( 'NONE',  ( 0.0000000000000000000, 0.0000000000000000000, 1.000000000000000000 ) ) ;
#2970 = ADVANCED_FACE ( 'E554', ( #153 ), #467, .T. ) ;
#2971 = CARTESIAN_POINT ( 'NONE',  ( 32.00867381155197900, 37.16475517035994600, 4.615824690800262300 ) ) ;
#2972 = CARTESIAN_POINT ( 'NONE',  ( 31.35710647815215800, 37.12670616106494500, 4.912489600899113500 ) ) ;
#2973 = EDGE_CURVE ( 'E1122', #1379, #1344, #148, .T. ) ;
#2974 = CARTESIAN_POINT ( 'NONE',  ( -25.39999999999999900, 0.0000000000000000000, 0.0000000000000000000 ) ) ;
#2975 = CARTESIAN_POINT ( 'NONE',  ( 7.689400323250508200, -27.64157525091210800, -46.92385985344432700 ) ) ;
#2976 = ADVANCED_FACE ( 'E1086', ( #145, #28 ), #442, .T. ) ;
#2977 = CARTESIAN_POINT ( 'NONE',  ( 27.81676209269047500, 37.09428536084258400, 5.150465049357809000 ) ) ;
ENDSEC;
END-ISO-10303-21;
