ISO-10303-21;
HEADER;
FILE_DESCRIPTION (( 'STEP AP203' ),
    '1' );
FILE_NAME ('UCFL-209.STEP',
    '2019-03-08T12:12:47',
    ( '' ),
    ( '' ),
    'SwSTEP 2.0',
    'SolidWorks 2017',
    '' );
FILE_SCHEMA (( 'CONFIG_CONTROL_DESIGN' ));
ENDSEC;

DATA;
#1 = ORIENTED_EDGE ( 'NONE', *, *, #2309, .F. ) ;
#2 = CARTESIAN_POINT ( 'NONE',  ( -6.425136802536372600, 48.62935617714166600, 19.99999999999999600 ) ) ;
#3 = FACE_OUTER_BOUND ( 'NONE', #1429, .T. ) ;
#4 = CARTESIAN_POINT ( 'NONE',  ( -6.607318863967911700, 48.67964665355707900, 20.00000000000000400 ) ) ;
#5 = CARTESIAN_POINT ( 'NONE',  ( -6.695369601698777400, 48.71412574843454700, 20.00000000000000000 ) ) ;
#6 = ORIENTED_EDGE ( 'NONE', *, *, #1845, .F. ) ;
#7 = ADVANCED_FACE ( 'E916', ( #443, #439 ), #413, .T. ) ;
#8 = CIRCLE ( 'NONE', #1864, 9.500000000000000000 ) ;
#9 = DIRECTION ( 'NONE',  ( 0.0000000000000000000, -0.8881987419002693700, -0.4594594594594593200 ) ) ;
#10 = CIRCLE ( 'NONE', #1867, 41.05179655021205300 ) ;
#11 = LINE ( 'NONE', #2643, #15 ) ;
#12 = CARTESIAN_POINT ( 'NONE',  ( -6.000000000000000000, 48.59310969824430500, -20.00000000000000000 ) ) ;
#13 = CARTESIAN_POINT ( 'NONE',  ( 11.00000000000000000, 0.0000000000000000000, 0.0000000000000000000 ) ) ;
#14 = DIRECTION ( 'NONE',  ( 0.0000000000000000000, 0.0000000000000000000, 1.000000000000000000 ) ) ;
#15 = VECTOR ( 'NONE', #2781, 1000.000000000000100 ) ;
#16 = FACE_OUTER_BOUND ( 'NONE', #1213, .T. ) ;
#17 = DIRECTION ( 'NONE',  ( 1.000000000000000000, 0.0000000000000000000, 6.123031769111888800E-017 ) ) ;
#18 = DIRECTION ( 'NONE',  ( 6.123031769111888800E-017, 0.0000000000000000000, -1.000000000000000000 ) ) ;
#19 = FACE_BOUND ( 'NONE', #311, .T. ) ;
#20 = CIRCLE ( 'NONE', #1873, 20.00000000000000000 ) ;
#21 = CARTESIAN_POINT ( 'NONE',  ( -7.599999999999999600, -24.81081081081080000, -47.96273206261459900 ) ) ;
#22 = ORIENTED_EDGE ( 'NONE', *, *, #2019, .T. ) ;
#23 = DIRECTION ( 'NONE',  ( -1.000000000000000000, -0.0000000000000000000, -0.0000000000000000000 ) ) ;
#24 = CIRCLE ( 'NONE', #1900, 52.56197346995340100 ) ;
#25 = SPHERICAL_SURFACE ( 'NONE', #1896, 42.50000000000000000 ) ;
#26 = CARTESIAN_POINT ( 'NONE',  ( -7.101178494798149100, 48.96851351938769200, 20.00000000000000700 ) ) ;
#27 = CARTESIAN_POINT ( 'NONE',  ( 21.04529946162074700, 27.07499999999999900, 2.000000000000000000 ) ) ;
#28 = CARTESIAN_POINT ( 'NONE',  ( -19.00000000000000000, 0.0000000000000000000, 0.0000000000000000000 ) ) ;
#29 = CIRCLE ( 'NONE', #1887, 20.00000000000000000 ) ;
#30 = CARTESIAN_POINT ( 'NONE',  ( 25.89353510373189900, -15.60916777638484900, -23.96484678291664800 ) ) ;
#31 = FACE_OUTER_BOUND ( 'NONE', #767, .T. ) ;
#32 = CARTESIAN_POINT ( 'NONE',  ( -7.344741694383560400, 49.25627103098066300, 20.00000000000000000 ) ) ;
#33 = ADVANCED_FACE ( 'E554', ( #429 ), #631, .T. ) ;
#34 = CARTESIAN_POINT ( 'NONE',  ( -6.950358347409442100, 48.84569535205700700, 20.00000000000000000 ) ) ;
#35 = CARTESIAN_POINT ( 'NONE',  ( 11.00000000000000000, 0.0000000000000000000, 0.0000000000000000000 ) ) ;
#36 = CIRCLE ( 'NONE', #1901, 28.60000000000000100 ) ;
#37 = CARTESIAN_POINT ( 'NONE',  ( -7.599999999999999600, 50.15974481593780600, 20.00000000000000000 ) ) ;
#38 = DIRECTION ( 'NONE',  ( 0.0000000000000000000, 0.0000000000000000000, 1.000000000000000000 ) ) ;
#39 = FACE_BOUND ( 'NONE', #789, .T. ) ;
#40 = ADVANCED_FACE ( 'E790', ( #438 ), #670, .T. ) ;
#41 = DIRECTION ( 'NONE',  ( -1.000000000000000000, 0.0000000000000000000, 0.0000000000000000000 ) ) ;
#42 = B_SPLINE_CURVE_WITH_KNOTS ( 'NONE', 3,
 ( #1472, #1524, #1459, #1454, #1453, #1435, #1430, #1419, #1414, #1413, #1411, #1408, #1405, #1402, #1399, #1395, #1386, #1378, #1369, #1366, #1360, #1354, #1349, #1346, #1344, #1336, #1329, #1325 ),
 .UNSPECIFIED., .F., .F.,
 ( 4, 2, 2, 2, 2, 2, 2, 2, 2, 2, 2, 2, 2, 4 ),
 ( 0.02035093896377344200, 0.02093719630117652300, 0.02152345363857960400, 0.02269596831338576600, 0.02386848298819192700, 0.02445474032559500800, 0.02504099766299808900, 0.02621351233780426200, 0.02679976967520735300, 0.02738602701261044400, 0.02797228435001353200, 0.02855854168741662300, 0.02914479902481971500, 0.02973105636222280600 ),
 .UNSPECIFIED. ) ;
#43 = VECTOR ( 'NONE', #2178, 1000.000000000000100 ) ;
#44 = LINE ( 'NONE', #2506, #49 ) ;
#45 = CARTESIAN_POINT ( 'NONE',  ( -6.000000000000000000, 48.59310969824430500, 20.00000000000000000 ) ) ;
#46 = B_SPLINE_CURVE_WITH_KNOTS ( 'NONE', 3,
 ( #261, #108, #267, #268, #271, #201, #275, #276, #218, #286 ),
 .UNSPECIFIED., .F., .F.,
 ( 4, 2, 2, 2, 4 ),
 ( 0.008776800212835061600, 0.009342303400113440400, 0.009907806587391820900, 0.01047330977467020000, 0.01103881296194857800 ),
 .UNSPECIFIED. ) ;
#47 = CARTESIAN_POINT ( 'NONE',  ( -7.567303807471572200, 49.78011075891721000, 20.00000000000000000 ) ) ;
#48 = ORIENTED_EDGE ( 'NONE', *, *, #2275, .F. ) ;
#49 = VECTOR ( 'NONE', #2202, 1000.000000000000200 ) ;
#50 = PLANE ( 'NONE',  #1681 ) ;
#51 = CIRCLE ( 'NONE', #1906, 4.000000000000000000 ) ;
#52 = CIRCLE ( 'NONE', #1912, 54.00000000000000000 ) ;
#53 = CYLINDRICAL_SURFACE ( 'NONE', #1921, 4.000000000000000000 ) ;
#54 = EDGE_CURVE ( 'E1298', #485, #505, #424, .T. ) ;
#55 = CARTESIAN_POINT ( 'NONE',  ( 23.35470053837925200, -15.26955080756885000, -22.44763780746370000 ) ) ;
#56 = CARTESIAN_POINT ( 'NONE',  ( -6.329881961730834000, 48.61359700715456000, 20.00000000000000400 ) ) ;
#57 = B_SPLINE_CURVE_WITH_KNOTS ( 'NONE', 3,
 ( #1702, #1692, #1709, #1714, #1719, #1720, #1724, #1728, #1730, #1732, #1735, #1738, #1744, #1747, #1753, #1756, #1758, #1768 ),
 .UNSPECIFIED., .T., .F.,
 ( 4, 2, 2, 2, 2, 2, 2, 2, 4 ),
 ( 0.0000000000000000000, 0.0004298454391081410600, 0.0008596908782162821200, 0.001289536317324423200, 0.001719381756432564200, 0.002149227195540705200, 0.002579072634648846500, 0.003008918073756987200, 0.003438763512865128500 ),
 .UNSPECIFIED. ) ;
#58 = DIRECTION ( 'NONE',  ( -1.000000000000000000, 0.0000000000000000000, 0.0000000000000000000 ) ) ;
#59 = ORIENTED_EDGE ( 'NONE', *, *, #2334, .T. ) ;
#60 = CARTESIAN_POINT ( 'NONE',  ( -6.235363776989840000, 48.60824060852320400, 20.00000000000000000 ) ) ;
#61 = CIRCLE ( 'NONE', #1944, 20.00000000000000000 ) ;
#62 = CIRCLE ( 'NONE', #1938, 41.09302350087195100 ) ;
#63 = CARTESIAN_POINT ( 'NONE',  ( 25.89353510373189900, -12.94958222361514000, -25.50035921774105000 ) ) ;
#64 = CONICAL_SURFACE ( 'NONE', #1980, 4.000000000000000000, 0.7853981633974419500 ) ;
#65 = CIRCLE ( 'NONE', #1916, 54.00000000000000000 ) ;
#66 = CARTESIAN_POINT ( 'NONE',  ( -11.00000000000000000, 0.0000000000000000000, -170.0000000000000000 ) ) ;
#67 = LINE ( 'NONE', #2170, #43 ) ;
#68 = LINE ( 'NONE', #2000, #69 ) ;
#69 = VECTOR ( 'NONE', #2013, 1000.000000000000000 ) ;
#70 = CARTESIAN_POINT ( 'NONE',  ( -17.89999999999999900, 0.0000000000000000000, 0.0000000000000000000 ) ) ;
#71 = FACE_BOUND ( 'NONE', #3006, .T. ) ;
#72 = CARTESIAN_POINT ( 'NONE',  ( 24.50940107675850000, 27.07499999999999900, 1.414053616061350100E-016 ) ) ;
#73 = DIRECTION ( 'NONE',  ( -1.000000000000000000, 0.0000000000000000000, 0.0000000000000000000 ) ) ;
#74 = DIRECTION ( 'NONE',  ( 0.0000000000000000000, 0.0000000000000000000, 1.000000000000000000 ) ) ;
#75 = EDGE_LOOP ( 'NONE', ( #2278 ) ) ;
#76 = CARTESIAN_POINT ( 'NONE',  ( 16.00000000000000000, -24.81081081081080000, 47.96273206261459900 ) ) ;
#77 = CIRCLE ( 'NONE', #1950, 52.56197346995340100 ) ;
#78 = ADVANCED_FACE ( 'E856', ( #433, #411 ), #387, .T. ) ;
#79 = PLANE ( 'NONE',  #2121 ) ;
#80 = FACE_OUTER_BOUND ( 'NONE', #1177, .T. ) ;
#81 = CARTESIAN_POINT ( 'NONE',  ( -7.599999999999999600, -50.15974481593780600, -20.00000000000000000 ) ) ;
#82 = CARTESIAN_POINT ( 'NONE',  ( 22.19999999999999900, -14.27937500000000000, -24.73260300032885100 ) ) ;
#83 = EDGE_CURVE ( 'E1319', #505, #1033, #425, .T. ) ;
#84 = ADVANCED_FACE ( 'E676', ( #407 ), #710, .T. ) ;
#85 = FACE_OUTER_BOUND ( 'NONE', #2621, .T. ) ;
#86 = CARTESIAN_POINT ( 'NONE',  ( -6.235363776989840000, 48.60824060852320400, 20.00000000000000000 ) ) ;
#87 = FACE_OUTER_BOUND ( 'NONE', #2922, .T. ) ;
#88 = CARTESIAN_POINT ( 'NONE',  ( -17.89999999999999900, 0.0000000000000000000, 0.0000000000000000000 ) ) ;
#89 = APPROVAL_ROLE ( '' ) ;
#90 = FACE_BOUND ( 'NONE', #1143, .T. ) ;
#91 = TOROIDAL_SURFACE ( 'NONE', #1967, 40.28179655021205000, 2.200000000000000200 ) ;
#92 = DIRECTION ( 'NONE',  ( -1.000000000000000000, 0.0000000000000000000, 0.0000000000000000000 ) ) ;
#93 = CARTESIAN_POINT ( 'NONE',  ( 21.04529946162074700, -11.80544919243111900, -24.44763780746370000 ) ) ;
#94 = APPROVAL_STATUS ( 'not_yet_approved' ) ;
#95 = DATE_TIME_ROLE ( 'classification_date' ) ;
#96 = PERSON_AND_ORGANIZATION_ROLE ( 'classification_officer' ) ;
#97 = SECURITY_CLASSIFICATION_LEVEL ( 'unclassified' ) ;
#98 = FACE_OUTER_BOUND ( 'NONE', #2648, .T. ) ;
#99 = EDGE_CURVE ( 'E1386', #1678, #1853, #2658, .T. ) ;
#100 = FACE_OUTER_BOUND ( 'NONE', #2096, .T. ) ;
#101 = PERSON_AND_ORGANIZATION_ROLE ( 'design_supplier' ) ;
#102 = ADVANCED_FACE ( 'E1339', ( #381 ), #780, .T. ) ;
#103 = DIRECTION ( 'NONE',  ( -1.000000000000000000, 0.0000000000000000000, 0.0000000000000000000 ) ) ;
#104 = PERSON_AND_ORGANIZATION_ROLE ( 'creator' ) ;
#105 = DIRECTION ( 'NONE',  ( 0.0000000000000000000, 0.0000000000000000000, 1.000000000000000000 ) ) ;
#106 = CARTESIAN_POINT ( 'NONE',  ( -6.156909177441567800, 48.60319708498405300, 20.00000000000000000 ) ) ;
#107 = CIRCLE ( 'NONE', #2006, 54.00000000000000000 ) ;
#108 = CARTESIAN_POINT ( 'NONE',  ( -6.424758666335239200, 48.61897372330797400, -19.99999999999999600 ) ) ;
#109 = ORIENTED_EDGE ( 'NONE', *, *, #1936, .T. ) ;
#110 = EDGE_LOOP ( 'NONE', ( #1507, #1486, #295, #230, #2490, #2654, #190, #135 ) ) ;
#111 = ORIENTED_EDGE ( 'NONE', *, *, #2314, .T. ) ;
#112 = APPROVAL_ROLE ( '' ) ;
#113 = EDGE_LOOP ( 'NONE', ( #1954 ) ) ;
#114 = APPROVAL_STATUS ( 'not_yet_approved' ) ;
#115 = CARTESIAN_POINT ( 'NONE',  ( -6.235363776989840000, -48.60824060852320400, -20.00000000000000000 ) ) ;
#116 = CARTESIAN_POINT ( 'NONE',  ( -7.440506294758923100, 49.42487860894046700, 19.99999999999999600 ) ) ;
#117 = DATE_TIME_ROLE ( 'creation_date' ) ;
#118 = APPLICATION_CONTEXT ( 'configuration controlled 3d designs of mechanical parts and assemblies' ) ;
#119 = CIRCLE ( 'NONE', #2012, 52.54798102825270000 ) ;
#120 = ADVANCED_FACE ( 'E1451', ( #391, #366, #402, #399 ), #352, .T. ) ;
#121 = CIRCLE ( 'NONE', #2031, 36.37817459305205100 ) ;
#122 = PERSON_AND_ORGANIZATION_ROLE ( 'creator' ) ;
#123 = CIRCLE ( 'NONE', #1987, 36.37817459305205100 ) ;
#124 = APPROVAL_ROLE ( '' ) ;
#125 = CYLINDRICAL_SURFACE ( 'NONE', #2017, 36.37817459305205100 ) ;
#126 = APPROVAL_STATUS ( 'not_yet_approved' ) ;
#127 = ORIENTED_EDGE ( 'NONE', *, *, #932, .F. ) ;
#128 = VECTOR ( 'NONE', #1786, 1000.000000000000000 ) ;
#129 = VERTEX_POINT ( 'NONE', #813 ) ;
#130 = LINE ( 'NONE', #1705, #128 ) ;
#131 = CARTESIAN_POINT ( 'NONE',  ( -3.889087296526014800, 0.0000000000000000000, -36.37817459305205100 ) ) ;
#132 = EDGE_LOOP ( 'NONE', ( #2037 ) ) ;
#133 = APPLICATION_PROTOCOL_DEFINITION ( 'international standard', 'config_control_design', 1994, #134 ) ;
#134 = APPLICATION_CONTEXT ( 'configuration controlled 3d designs of mechanical parts and assemblies' ) ;
#135 = ORIENTED_EDGE ( 'NONE', *, *, #1926, .F. ) ;
#136 = PERSON_AND_ORGANIZATION_ROLE ( 'design_owner' ) ;
#137 = ADVANCED_FACE ( 'E139', ( #355 ), #364, .F. ) ;
#138 = CIRCLE ( 'NONE', #2020, 28.60000000000000100 ) ;
#139 = MECHANICAL_CONTEXT ( 'NONE', #118, 'mechanical' ) ;
#140 = CARTESIAN_POINT ( 'NONE',  ( 11.00000000000000000, 0.0000000000000000000, 1.347066989204614000E-015 ) ) ;
#141 = FACE_BOUND ( 'NONE', #2068, .T. ) ;
#142 = APPLICATION_PROTOCOL_DEFINITION ( 'international standard', 'config_control_design', 1994, #118 ) ;
#143 = FACE_OUTER_BOUND ( 'NONE', #2044, .T. ) ;
#144 = ORIENTED_EDGE ( 'NONE', *, *, #2377, .T. ) ;
#145 =( NAMED_UNIT ( * ) SI_UNIT ( $, .STERADIAN. ) SOLID_ANGLE_UNIT ( ) );
#146 =( NAMED_UNIT ( * ) PLANE_ANGLE_UNIT ( ) SI_UNIT ( $, .RADIAN. ) );
#147 =( LENGTH_UNIT ( ) NAMED_UNIT ( * ) SI_UNIT ( .MILLI., .METRE. ) );
#148 = EDGE_LOOP ( 'NONE', ( #1 ) ) ;
#149 = CIRCLE ( 'NONE', #1995, 54.00000000000000000 ) ;
#150 = EDGE_LOOP ( 'NONE', ( #22, #576, #127, #2973, #2902 ) ) ;
#151 = DIRECTION ( 'NONE',  ( 0.0000000000000000000, 0.0000000000000000000, 1.000000000000000000 ) ) ;
#152 = CARTESIAN_POINT ( 'NONE',  ( 11.00000000000000000, 0.0000000000000000000, 0.0000000000000000000 ) ) ;
#153 = CARTESIAN_POINT ( 'NONE',  ( 22.19999999999999900, 28.60000000000000100, -3.958749999999999800 ) ) ;
#154 = VECTOR ( 'NONE', #1606, 1000.000000000000000 ) ;
#155 = CARTESIAN_POINT ( 'NONE',  ( 22.19999999999999900, 22.54124999999999800, 4.000000000000000000 ) ) ;
#156 = CARTESIAN_POINT ( 'NONE',  ( 22.19999999999999900, 22.50000000000000000, -3.958749999999999800 ) ) ;
#157 = LINE ( 'NONE', #1578, #154 ) ;
#158 = FACE_OUTER_BOUND ( 'NONE', #2095, .T. ) ;
#159 = CARTESIAN_POINT ( 'NONE',  ( -11.00000000000000000, 0.0000000000000000000, 0.0000000000000000000 ) ) ;
#160 = EDGE_LOOP ( 'NONE', ( #1956 ) ) ;
#161 = CARTESIAN_POINT ( 'NONE',  ( 22.19999999999999900, -17.72837806723164500, -22.78895154823495200 ) ) ;
#162 = PLANE ( 'NONE',  #1489 ) ;
#163 = LINE ( 'NONE', #1637, #219 ) ;
#164 = CARTESIAN_POINT ( 'NONE',  ( 22.19999999999999900, -7.806523384862243700, -21.52129513305600000 ) ) ;
#165 = DIRECTION ( 'NONE',  ( 1.000000000000000000, 0.0000000000000000000, 1.224606353822375800E-016 ) ) ;
#166 = CYLINDRICAL_SURFACE ( 'NONE', #2041, 54.00000000000000000 ) ;
#167 = CARTESIAN_POINT ( 'NONE',  ( 22.19999999999999900, -14.67837806723164600, -17.50619658514985100 ) ) ;
#168 = DIRECTION ( 'NONE',  ( 1.213093339843921100E-016, 0.0000000000000000000, -1.000000000000000000 ) ) ;
#169 = CARTESIAN_POINT ( 'NONE',  ( 11.00000000000000000, -47.50000000000000000, 0.0000000000000000000 ) ) ;
#170 = CARTESIAN_POINT ( 'NONE',  ( -11.00000000000000000, 46.75000000000000000, 0.0000000000000000000 ) ) ;
#171 = CIRCLE ( 'NONE', #2071, 20.00000000000000000 ) ;
#172 = CARTESIAN_POINT ( 'NONE',  ( 19.89059892324149800, -13.53750000000000000, -23.44763780746370000 ) ) ;
#173 = CARTESIAN_POINT ( 'NONE',  ( 16.00000000000000000, 83.18918918918920700, -17.76397483800539900 ) ) ;
#174 = CARTESIAN_POINT ( 'NONE',  ( -14.00000000000000000, 0.0000000000000000000, -46.75000000000000000 ) ) ;
#175 = CARTESIAN_POINT ( 'NONE',  ( -14.00000000000000000, -48.59999999999999400, 0.0000000000000000000 ) ) ;
#176 = EDGE_CURVE ( 'NONE', #1513, #1513, #2785, .T. ) ;
#177 = CARTESIAN_POINT ( 'NONE',  ( 0.0000000000000000000, 0.0000000000000000000, 0.0000000000000000000 ) ) ;
#178 = CARTESIAN_POINT ( 'NONE',  ( 7.995141052408265600, 34.23461888317407200, 37.84258716215107700 ) ) ;
#179 = FACE_OUTER_BOUND ( 'NONE', #2645, .T. ) ;
#180 = FACE_OUTER_BOUND ( 'NONE', #933, .T. ) ;
#181 = CARTESIAN_POINT ( 'NONE',  ( -7.599999999999999600, -74.00000000000000000, 20.00000000000000000 ) ) ;
#182 = EDGE_LOOP ( 'NONE', ( #2927 ) ) ;
#183 = DIRECTION ( 'NONE',  ( 1.000000000000000000, 0.0000000000000000000, 0.0000000000000000000 ) ) ;
#184 = CARTESIAN_POINT ( 'NONE',  ( 7.710081628160619300, 31.18538990875610000, 27.82581710437185100 ) ) ;
#185 = B_SPLINE_CURVE_WITH_KNOTS ( 'NONE', 3,
 ( #2659, #2498, #2661, #2665, #2666, #2670, #2676, #2698, #2701, #2703, #2730, #2734, #2747, #2755, #2760, #2765, #2771, #2774 ),
 .UNSPECIFIED., .T., .F.,
 ( 4, 2, 2, 2, 2, 2, 2, 2, 4 ),
 ( 0.0000000000000000000, 0.0004327170610142137000, 0.0008654341220284274000, 0.001298151183042641100, 0.001730868244056854800, 0.002163585305071068700, 0.002596302366085282300, 0.003029019427099495900, 0.003461736488113709600 ),
 .UNSPECIFIED. ) ;
#186 = CARTESIAN_POINT ( 'NONE',  ( -22.00000000000000000, 24.81081081081080000, -47.96273206261459900 ) ) ;
#187 = CARTESIAN_POINT ( 'NONE',  ( -6.250000000000000000, 36.37817459305205100, 0.0000000000000000000 ) ) ;
#188 = CARTESIAN_POINT ( 'NONE',  ( -6.000000000000000000, 48.59310969824430500, 20.00000000000000000 ) ) ;
#189 = CARTESIAN_POINT ( 'NONE',  ( 7.995141052408262900, 34.23461888317407200, 38.60803025278549000 ) ) ;
#190 = ORIENTED_EDGE ( 'NONE', *, *, #1261, .T. ) ;
#191 = CARTESIAN_POINT ( 'NONE',  ( -6.000000000000000000, -74.00000000000000000, -9.500000000000000000 ) ) ;
#192 = CARTESIAN_POINT ( 'NONE',  ( -6.000000000000000000, 74.00000000000000000, -9.500000000000000000 ) ) ;
#193 = CARTESIAN_POINT ( 'NONE',  ( 23.35470053837925200, 28.60000000000000100, 2.000000000000000000 ) ) ;
#194 = CYLINDRICAL_SURFACE ( 'NONE', #2046, 28.60000000000000100 ) ;
#195 = CARTESIAN_POINT ( 'NONE',  ( -7.256817893297050400, 41.87475106375155300, -0.3062962819944905500 ) ) ;
#196 = CARTESIAN_POINT ( 'NONE',  ( -10.99999999999999500, 0.0000000000000000000, -40.28179655021205000 ) ) ;
#197 = ADVANCED_FACE ( 'E991', ( #340 ), #752, .T. ) ;
#198 = CARTESIAN_POINT ( 'NONE',  ( 16.00000000000000400, 0.0000000000000000000, -47.50000000000000000 ) ) ;
#199 = CARTESIAN_POINT ( 'NONE',  ( -11.00000000000000000, 0.0000000000000000000, -41.05179655021205300 ) ) ;
#200 = CARTESIAN_POINT ( 'NONE',  ( -6.249999999999997300, -9.555756831868594100, -35.10100031681862700 ) ) ;
#201 = CARTESIAN_POINT ( 'NONE',  ( -7.345353210355811200, 49.25684690739359400, -20.00000000000000000 ) ) ;
#202 = CARTESIAN_POINT ( 'NONE',  ( 30.20000000000000300, 0.0000000000000000000, 27.50000000000000000 ) ) ;
#203 = CARTESIAN_POINT ( 'NONE',  ( 29.10000000000000100, 0.0000000000000000000, 28.60000000000000100 ) ) ;
#204 = CARTESIAN_POINT ( 'NONE',  ( -7.256817893297051300, 41.87475106375156000, -0.3062962819944905500 ) ) ;
#205 = CARTESIAN_POINT ( 'NONE',  ( 29.10000000000000100, 0.0000000000000000000, 22.50000000000000000 ) ) ;
#206 = CARTESIAN_POINT ( 'NONE',  ( -10.74999999999999600, 0.0000000000000000000, -28.60000000000000100 ) ) ;
#207 = CARTESIAN_POINT ( 'NONE',  ( -17.89999999999999900, 0.0000000000000000000, 28.60000000000000100 ) ) ;
#208 = DIRECTION ( 'NONE',  ( 0.0000000000000000000, 1.000000000000000000, 0.0000000000000000000 ) ) ;
#209 = ORIENTED_EDGE ( 'NONE', *, *, #2275, .T. ) ;
#210 = CARTESIAN_POINT ( 'NONE',  ( 11.00000000000000000, 0.0000000000000000000, 28.60000000000000100 ) ) ;
#211 = CARTESIAN_POINT ( 'NONE',  ( 16.00000000000000000, 0.0000000000000000000, 49.88317640892020000 ) ) ;
#212 = EDGE_LOOP ( 'NONE', ( #725 ) ) ;
#213 = CARTESIAN_POINT ( 'NONE',  ( -6.235363776989840000, 48.60824060852320400, 20.00000000000000000 ) ) ;
#214 = CARTESIAN_POINT ( 'NONE',  ( -22.00000000000000000, -74.00000000000000000, -9.500000000000000000 ) ) ;
#215 = LINE ( 'NONE', #1549, #260 ) ;
#216 = CARTESIAN_POINT ( 'NONE',  ( 10.84497208649226600, 0.0000000000000000000, -41.09302350087195100 ) ) ;
#217 = B_SPLINE_CURVE_WITH_KNOTS ( 'NONE', 3,
 ( #2668, #2650, #2611, #2606, #2605, #2602, #2599, #2596, #2595, #2587, #2583, #2579, #2567, #2565, #2563, #2553, #2552, #2549, #2546, #2542, #2534, #2531, #2526, #2524, #2523, #2520, #2508, #2503 ),
 .UNSPECIFIED., .F., .F.,
 ( 4, 2, 2, 2, 2, 2, 2, 2, 2, 2, 2, 2, 2, 4 ),
 ( 0.02035093896377347000, 0.02093719630117654000, 0.02152345363857961400, 0.02269596831338576600, 0.02386848298819191400, 0.02445474032559499500, 0.02504099766299807500, 0.02621351233780422300, 0.02679976967520729700, 0.02738602701261037500, 0.02797228435001344900, 0.02855854168741652600, 0.02914479902481960400, 0.02973105636222267800 ),
 .UNSPECIFIED. ) ;
#218 = CARTESIAN_POINT ( 'NONE',  ( -7.599999999999998800, 49.97098052337070600, -20.00000000000000000 ) ) ;
#219 = VECTOR ( 'NONE', #1647, 1000.000000000000000 ) ;
#220 = CARTESIAN_POINT ( 'NONE',  ( -10.75000000000000000, -36.37817459305205100, -1.316451830359055900E-015 ) ) ;
#221 = CARTESIAN_POINT ( 'NONE',  ( 14.63536377698983900, 0.0000000000000000000, 51.32120293896680600 ) ) ;
#222 = EDGE_CURVE ( 'E1396', #666, #515, #1135, .T. ) ;
#223 = CARTESIAN_POINT ( 'NONE',  ( 7.349999999999999600, -18.18908729652599700, -31.50442334088870300 ) ) ;
#224 = DIRECTION ( 'NONE',  ( -1.000000000000000000, 0.0000000000000000000, -6.123031769111888800E-017 ) ) ;
#225 = CYLINDRICAL_SURFACE ( 'NONE', #2051, 54.00000000000000000 ) ;
#226 = CARTESIAN_POINT ( 'NONE',  ( -21.99999999999999600, 0.0000000000000000000, -48.59999999999999400 ) ) ;
#227 = CARTESIAN_POINT ( 'NONE',  ( -22.00000000000000000, 74.00000000000000000, -9.500000000000000000 ) ) ;
#228 = CARTESIAN_POINT ( 'NONE',  ( -22.00000000000000000, 0.0000000000000000000, 0.0000000000000000000 ) ) ;
#229 = DIRECTION ( 'NONE',  ( 1.000000000000000000, 0.0000000000000000000, 6.123031769111888800E-017 ) ) ;
#230 = ORIENTED_EDGE ( 'NONE', *, *, #1125, .F. ) ;
#231 = CARTESIAN_POINT ( 'NONE',  ( 11.00000000000000000, 0.0000000000000000000, 41.05179655021205300 ) ) ;
#232 = CARTESIAN_POINT ( 'NONE',  ( -6.309152284834025800, -10.60088507137479800, -40.67046453605773600 ) ) ;
#233 = FACE_OUTER_BOUND ( 'NONE', #2247, .T. ) ;
#234 = CARTESIAN_POINT ( 'NONE',  ( 6.284005948698580600, -21.18110073810369800, -36.30595323827859700 ) ) ;
#235 = DIRECTION ( 'NONE',  ( 7.138779736530070800E-017, 0.0000000000000000000, -1.000000000000000000 ) ) ;
#236 = EDGE_LOOP ( 'NONE', ( #2160, #2141, #2136, #2115 ) ) ;
#237 = CARTESIAN_POINT ( 'NONE',  ( 10.75000000000000000, 0.0000000000000000000, 28.60000000000000100 ) ) ;
#238 = FACE_OUTER_BOUND ( 'NONE', #2411, .T. ) ;
#239 = CARTESIAN_POINT ( 'NONE',  ( -6.249389005360971100, -10.74300130085770100, -40.64239067743688600 ) ) ;
#240 = CARTESIAN_POINT ( 'NONE',  ( -6.250620999489465900, -11.02196340238851700, -40.56743669182356600 ) ) ;
#241 = CARTESIAN_POINT ( 'NONE',  ( -10.84497208649226100, 0.0000000000000000000, 41.09302350087195100 ) ) ;
#242 = FACE_OUTER_BOUND ( 'NONE', #523, .T. ) ;
#243 = CARTESIAN_POINT ( 'NONE',  ( -22.00000000000000000, 0.0000000000000000000, 0.0000000000000000000 ) ) ;
#244 = CARTESIAN_POINT ( 'NONE',  ( 10.75000000000000000, -36.37817459305205100, 0.0000000000000000000 ) ) ;
#245 = CARTESIAN_POINT ( 'NONE',  ( -6.310739187133970400, -11.15792076890614100, -40.52094159909218300 ) ) ;
#246 = FACE_OUTER_BOUND ( 'NONE', #2975, .T. ) ;
#247 = CARTESIAN_POINT ( 'NONE',  ( 6.538728961705549700, -36.60743540909355400, 20.57645976193174800 ) ) ;
#248 = LINE ( 'NONE', #1518, #264 ) ;
#249 = CARTESIAN_POINT ( 'NONE',  ( 3.889087296526014800, 0.0000000000000000000, 36.37817459305205100 ) ) ;
#250 = CARTESIAN_POINT ( 'NONE',  ( -7.599999999999999600, 83.18918918918920700, 17.76397483800539900 ) ) ;
#251 = CONICAL_SURFACE ( 'NONE', #2118, 4.000000000000000000, 0.7853981633974715900 ) ;
#252 = CARTESIAN_POINT ( 'NONE',  ( 3.889087296526010400, 0.0000000000000000000, 28.60000000000000100 ) ) ;
#253 = DIRECTION ( 'NONE',  ( 1.000000000000000000, 0.0000000000000000000, 6.123031769111888800E-017 ) ) ;
#254 = CARTESIAN_POINT ( 'NONE',  ( -6.517529673544076200, -11.34591220929338500, -40.43591740202928300 ) ) ;
#255 = CARTESIAN_POINT ( 'NONE',  ( 7.349999999999999600, -31.50442334088870300, 18.18908729652599700 ) ) ;
#256 = DIRECTION ( 'NONE',  ( 6.123031769111888800E-017, 0.0000000000000000000, -1.000000000000000000 ) ) ;
#257 = ORIENTED_EDGE ( 'NONE', *, *, #2322, .F. ) ;
#258 = CARTESIAN_POINT ( 'NONE',  ( -7.189708517234520500, -11.21568614082592000, -40.35797908502965500 ) ) ;
#259 = CARTESIAN_POINT ( 'NONE',  ( -6.250000000000000000, -9.415364410746510900, -35.13861835268174600 ) ) ;
#260 = VECTOR ( 'NONE', #1535, 1000.000000000000100 ) ;
#261 = CARTESIAN_POINT ( 'NONE',  ( -6.235363776989840000, 48.60824060852320400, -20.00000000000000000 ) ) ;
#262 = SPHERICAL_SURFACE ( 'NONE', #2085, 42.50000000000000000 ) ;
#263 = CARTESIAN_POINT ( 'NONE',  ( 24.50940107675850000, 28.60000000000000100, 1.414053616061350100E-016 ) ) ;
#264 = VECTOR ( 'NONE', #1509, 1000.000000000000100 ) ;
#265 = CARTESIAN_POINT ( 'NONE',  ( -3.889087296526010400, 0.0000000000000000000, -28.60000000000000100 ) ) ;
#266 = FACE_OUTER_BOUND ( 'NONE', #2818, .T. ) ;
#267 = CARTESIAN_POINT ( 'NONE',  ( -6.611227960556839800, 48.67053700608990900, -20.00000000000000400 ) ) ;
#268 = CARTESIAN_POINT ( 'NONE',  ( -6.951503270876735900, 48.84646030221065200, -20.00000000000000000 ) ) ;
#269 = FACE_OUTER_BOUND ( 'NONE', #581, .T. ) ;
#270 = CARTESIAN_POINT ( 'NONE',  ( -10.99999999999999600, 0.0000000000000000000, -28.60000000000000100 ) ) ;
#271 = CARTESIAN_POINT ( 'NONE',  ( -7.099585614425149200, 48.96677879764213500, -20.00000000000000000 ) ) ;
#272 = DIRECTION ( 'NONE',  ( -0.8660254037844387100, 0.0000000000000000000, 0.4999999999999998900 ) ) ;
#273 = FACE_BOUND ( 'NONE', #737, .T. ) ;
#274 = CARTESIAN_POINT ( 'NONE',  ( 6.670384537248762200, 27.95854040579276000, 31.30658349861217700 ) ) ;
#275 = CARTESIAN_POINT ( 'NONE',  ( -7.440286601118787100, 49.42426877128166800, -20.00000000000000000 ) ) ;
#276 = CARTESIAN_POINT ( 'NONE',  ( -7.567512493632050600, 49.78068975883614700, -20.00000000000000000 ) ) ;
#277 = CIRCLE ( 'NONE', #2122, 40.28179655021205000 ) ;
#278 = CARTESIAN_POINT ( 'NONE',  ( 10.99999999999998900, 0.0000000000000000000, 40.28179655021205000 ) ) ;
#279 = CIRCLE ( 'NONE', #2119, 28.60000000000000100 ) ;
#280 = DIRECTION ( 'NONE',  ( 0.4999999999999998900, 0.0000000000000000000, 0.8660254037844387100 ) ) ;
#281 = EDGE_CURVE ( 'E16', #512, #624, #357, .T. ) ;
#282 = CARTESIAN_POINT ( 'NONE',  ( 16.00000000000000000, -83.18918918918920700, 17.76397483800539900 ) ) ;
#283 = ORIENTED_EDGE ( 'NONE', *, *, #1003, .F. ) ;
#284 = EDGE_CURVE ( 'E1403', #406, #735, #1208, .T. ) ;
#285 = ORIENTED_EDGE ( 'NONE', *, *, #376, .T. ) ;
#286 = CARTESIAN_POINT ( 'NONE',  ( -7.599999999999999600, 50.15974481593780600, -20.00000000000000000 ) ) ;
#287 = PLANE ( 'NONE',  #1818 ) ;
#288 = CIRCLE ( 'NONE', #2140, 22.50000000000000000 ) ;
#289 = CARTESIAN_POINT ( 'NONE',  ( -6.656231037078464800, -9.945474045498933400, -34.99227247177150000 ) ) ;
#290 = ADVANCED_FACE ( 'E821', ( #348, #338 ), #331, .F. ) ;
#291 = FACE_OUTER_BOUND ( 'NONE', #2604, .T. ) ;
#292 = CARTESIAN_POINT ( 'NONE',  ( -17.89999999999999900, 0.0000000000000000000, 22.50000000000000000 ) ) ;
#293 = CARTESIAN_POINT ( 'NONE',  ( 30.20000000000000300, 0.0000000000000000000, 23.59999999999999800 ) ) ;
#294 = CARTESIAN_POINT ( 'NONE',  ( -22.00000000000000000, 83.18918918918920700, 17.76397483800539900 ) ) ;
#295 = ORIENTED_EDGE ( 'NONE', *, *, #769, .T. ) ;
#296 = CARTESIAN_POINT ( 'NONE',  ( 5.990926511329043100, 28.33938619207455300, 31.10086548362904000 ) ) ;
#297 = FACE_BOUND ( 'NONE', #2582, .T. ) ;
#298 = EDGE_CURVE ( 'NONE', #1490, #1490, #1495, .T. ) ;
#299 = CARTESIAN_POINT ( 'NONE',  ( 6.244841936656251300, 28.17105973154446400, 31.20367264964836800 ) ) ;
#300 = ORIENTED_EDGE ( 'NONE', *, *, #1673, .T. ) ;
#301 = CARTESIAN_POINT ( 'NONE',  ( 7.087381924718000500, -18.61221896676557100, -31.25647436787645000 ) ) ;
#302 = ADVANCED_FACE ( 'E1574', ( #329, #333 ), #345, .T. ) ;
#303 = CARTESIAN_POINT ( 'NONE',  ( -6.250000000000000000, -9.415364410746512600, -35.13861835268174600 ) ) ;
#304 = EDGE_CURVE ( 'E1413', #2566, #1172, #927, .T. ) ;
#305 = EDGE_CURVE ( 'NONE', #1487, #1487, #336, .T. ) ;
#306 = CARTESIAN_POINT ( 'NONE',  ( -19.00000000000000000, 0.0000000000000000000, 23.59999999999999800 ) ) ;
#307 = EDGE_LOOP ( 'NONE', ( #1541 ) ) ;
#308 = CARTESIAN_POINT ( 'NONE',  ( 16.00000000000000000, -24.81081081081080000, -47.96273206261459900 ) ) ;
#309 = CARTESIAN_POINT ( 'NONE',  ( 7.350000000000005000, -18.31495969778234200, -31.43175087613980900 ) ) ;
#310 = CARTESIAN_POINT ( 'NONE',  ( -19.00000000000000000, 0.0000000000000000000, 27.50000000000000000 ) ) ;
#311 = EDGE_LOOP ( 'NONE', ( #1780 ) ) ;
#312 = CIRCLE ( 'NONE', #2159, 23.59999999999999800 ) ;
#313 = CIRCLE ( 'NONE', #2162, 23.59999999999999800 ) ;
#314 = DIRECTION ( 'NONE',  ( 0.0000000000000000000, -1.000000000000000000, 0.0000000000000000000 ) ) ;
#315 = CARTESIAN_POINT ( 'NONE',  ( -6.512618075282002600, -9.888252135380929200, -35.00863257089141500 ) ) ;
#316 = CARTESIAN_POINT ( 'NONE',  ( 21.04529946162074700, 28.60000000000000100, -2.000000000000000000 ) ) ;
#317 = EDGE_LOOP ( 'NONE', ( #889, #2675, #1685, #2912, #319 ) ) ;
#318 = CARTESIAN_POINT ( 'NONE',  ( 22.19999999999999900, -7.606693297604509900, -21.17517926904465100 ) ) ;
#319 = ORIENTED_EDGE ( 'NONE', *, *, #1050, .F. ) ;
#320 = DIRECTION ( 'NONE',  ( -1.000000000000000000, 0.0000000000000000000, -6.123031769111888800E-017 ) ) ;
#321 = EDGE_LOOP ( 'NONE', ( #2259 ) ) ;
#322 = CARTESIAN_POINT ( 'NONE',  ( 5.197800599126480000, 36.61353366055399800, 36.75893029648524600 ) ) ;
#323 = FACE_BOUND ( 'NONE', #2120, .T. ) ;
#324 = CARTESIAN_POINT ( 'NONE',  ( -7.599999999999999600, 92.10742682738700200, 20.00000000000000000 ) ) ;
#325 = CARTESIAN_POINT ( 'NONE',  ( -7.599999999999999600, -74.00000000000000000, -20.00000000000000000 ) ) ;
#326 = FACE_BOUND ( 'NONE', #75, .T. ) ;
#327 = CARTESIAN_POINT ( 'NONE',  ( 22.19999999999999900, 22.14158982548454800, 4.000000000000000000 ) ) ;
#328 = CARTESIAN_POINT ( 'NONE',  ( -6.309634481629981200, -9.692781962853919400, -35.06325516259320100 ) ) ;
#329 = FACE_OUTER_BOUND ( 'NONE', #2210, .T. ) ;
#330 = DIRECTION ( 'NONE',  ( 0.4999999999999999400, 0.7499999999999998900, -0.4330127018922194600 ) ) ;
#331 = CYLINDRICAL_SURFACE ( 'NONE', #2167, 9.499999999999994700 ) ;
#332 = CARTESIAN_POINT ( 'NONE',  ( 22.19999999999999900, -14.27937500000000000, -24.73260300032885100 ) ) ;
#333 = FACE_OUTER_BOUND ( 'NONE', #2230, .T. ) ;
#334 = CARTESIAN_POINT ( 'NONE',  ( 7.086960139976601300, -17.76254907403883400, -31.74702719319502000 ) ) ;
#335 = CARTESIAN_POINT ( 'NONE',  ( 0.0000000000000000000, 0.0000000000000000000, 0.0000000000000000000 ) ) ;
#336 = CIRCLE ( 'NONE', #2176, 27.50000000000000000 ) ;
#337 = DIRECTION ( 'NONE',  ( -6.123031769111887500E-017, -0.4999999999999998900, -0.8660254037844387100 ) ) ;
#338 = FACE_OUTER_BOUND ( 'NONE', #212, .T. ) ;
#339 = CARTESIAN_POINT ( 'NONE',  ( 6.819180886945233100, 27.90090897106807000, 31.32593227466743000 ) ) ;
#340 = FACE_OUTER_BOUND ( 'NONE', #756, .T. ) ;
#341 = VERTEX_POINT ( 'NONE', #1457 ) ;
#342 = DIRECTION ( 'NONE',  ( -1.000000000000000000, 0.0000000000000000000, -6.123031769111888800E-017 ) ) ;
#343 = CARTESIAN_POINT ( 'NONE',  ( 7.286374902265903200, 27.76721126311596100, 31.33953803251698400 ) ) ;
#344 = DIRECTION ( 'NONE',  ( 1.000000000000000000, 0.0000000000000000000, 0.0000000000000000000 ) ) ;
#345 = TOROIDAL_SURFACE ( 'NONE', #2182, 32.48908729652600200, 5.500000000000000000 ) ;
#346 = CARTESIAN_POINT ( 'NONE',  ( 7.350000000000000500, -18.18908729652599700, -31.50442334088870300 ) ) ;
#347 = CARTESIAN_POINT ( 'NONE',  ( 7.290365518370030000, -18.43754664587782300, -31.35982714329951900 ) ) ;
#348 = FACE_OUTER_BOUND ( 'NONE', #798, .T. ) ;
#349 = CARTESIAN_POINT ( 'NONE',  ( -85.00000000000000000, 0.0000000000000000000, 0.0000000000000000000 ) ) ;
#350 = DIRECTION ( 'NONE',  ( 0.0000000000000000000, -1.000000000000000000, 0.0000000000000000000 ) ) ;
#351 = CARTESIAN_POINT ( 'NONE',  ( -6.659994586855550100, -11.39492259759690800, -40.39889920321231600 ) ) ;
#352 = CYLINDRICAL_SURFACE ( 'NONE', #2198, 28.60000000000000100 ) ;
#353 = DIRECTION ( 'NONE',  ( 0.0000000000000000000, 0.8660254037844389300, -0.4999999999999995600 ) ) ;
#354 = CARTESIAN_POINT ( 'NONE',  ( 22.19999999999999900, 22.50000000000000000, 0.0000000000000000000 ) ) ;
#355 = FACE_OUTER_BOUND ( 'NONE', #819, .T. ) ;
#356 = CARTESIAN_POINT ( 'NONE',  ( 6.943768962921551800, -18.66325678234614900, -31.22586160548019100 ) ) ;
#357 = CIRCLE ( 'NONE', #2191, 52.54798102825270000 ) ;
#358 = CARTESIAN_POINT ( 'NONE',  ( -6.078454585109376800, 48.59815344825963700, 20.00000000000000000 ) ) ;
#359 = DIRECTION ( 'NONE',  ( 0.0000000000000000000, 0.0000000000000000000, -1.000000000000000000 ) ) ;
#360 = FACE_OUTER_BOUND ( 'NONE', #2561, .T. ) ;
#361 = CARTESIAN_POINT ( 'NONE',  ( 6.309390264553375300, -17.94003361497875600, -31.64707076859931000 ) ) ;
#362 = CARTESIAN_POINT ( 'NONE',  ( -17.89999999999999900, 0.0000000000000000000, 0.0000000000000000000 ) ) ;
#363 = CARTESIAN_POINT ( 'NONE',  ( 6.512037892969922300, -17.76311036690695700, -31.74671328551006200 ) ) ;
#364 = TOROIDAL_SURFACE ( 'NONE', #2221, 54.00000000000000000, 1.440000000000000200 ) ;
#365 = CARTESIAN_POINT ( 'NONE',  ( 6.654371691938110600, -17.71082379610305700, -31.77575030125715800 ) ) ;
#366 = FACE_OUTER_BOUND ( 'NONE', #2480, .T. ) ;
#367 = DIRECTION ( 'NONE',  ( 0.0000000000000000000, -1.000000000000000000, 0.0000000000000000000 ) ) ;
#368 = DIRECTION ( 'NONE',  ( -1.000000000000000000, 0.0000000000000000000, 0.0000000000000000000 ) ) ;
#369 = CARTESIAN_POINT ( 'NONE',  ( 6.944506885062361700, -17.71056540179187900, -31.77589432090476900 ) ) ;
#370 = DIRECTION ( 'NONE',  ( 0.0000000000000000000, 0.0000000000000000000, -1.000000000000000000 ) ) ;
#371 = ORIENTED_EDGE ( 'NONE', *, *, #2319, .F. ) ;
#372 = DIRECTION ( 'NONE',  ( 1.000000000000000000, 0.0000000000000000000, 0.0000000000000000000 ) ) ;
#373 = CLOSED_SHELL ( 'NONE', ( #2925, #2915, #2910, #2909, #2987, #2898, #2445, #2568 ) ) ;
#374 = DIRECTION ( 'NONE',  ( 0.0000000000000000000, 0.0000000000000000000, 1.000000000000000000 ) ) ;
#375 = CARTESIAN_POINT ( 'NONE',  ( -7.087151206109026300, -11.31946689991821000, -40.34740830676464900 ) ) ;
#376 = EDGE_CURVE ( 'E597', #1839, #2055, #699, .T. ) ;
#377 = PLANE ( 'NONE',  #906 ) ;
#378 = CARTESIAN_POINT ( 'NONE',  ( 7.290235897664610200, -17.93939586605796800, -31.64743214186521000 ) ) ;
#379 = CARTESIAN_POINT ( 'NONE',  ( -19.00000000000000000, 0.0000000000000000000, 0.0000000000000000000 ) ) ;
#380 = CARTESIAN_POINT ( 'NONE',  ( 7.349999999999996100, -18.06321489526966000, -31.57709580563759700 ) ) ;
#381 = FACE_OUTER_BOUND ( 'NONE', #2865, .T. ) ;
#382 = CARTESIAN_POINT ( 'NONE',  ( 30.20000000000000300, 27.50000000000000000, 0.0000000000000000000 ) ) ;
#383 = DIRECTION ( 'NONE',  ( -1.000000000000000000, 0.0000000000000000000, 0.0000000000000000000 ) ) ;
#384 = DIRECTION ( 'NONE',  ( 0.0000000000000000000, 0.0000000000000000000, -1.000000000000000000 ) ) ;
#385 = DIRECTION ( 'NONE',  ( 0.0000000000000000000, 0.0000000000000000000, 1.000000000000000000 ) ) ;
#386 = PLANE ( 'NONE',  #921 ) ;
#387 = CONICAL_SURFACE ( 'NONE', #2245, 3.958749999999999300, 0.7853981633974497200 ) ;
#388 = DIRECTION ( 'NONE',  ( 0.0000000000000000000, 0.0000000000000000000, 1.000000000000000000 ) ) ;
#389 = EDGE_CURVE ( 'NONE', #1476, #1476, #313, .T. ) ;
#390 = CARTESIAN_POINT ( 'NONE',  ( -7.599999999999999600, 92.10742682738700200, 0.0000000000000000000 ) ) ;
#391 = FACE_BOUND ( 'NONE', #2518, .T. ) ;
#392 = VECTOR ( 'NONE', #714, 1000.000000000000000 ) ;
#393 = DIRECTION ( 'NONE',  ( 0.0000000000000000000, -0.8660254037844387100, 0.4999999999999998900 ) ) ;
#394 = DIRECTION ( 'NONE',  ( 0.0000000000000000000, 0.4999999999999998900, 0.8660254037844387100 ) ) ;
#395 = B_SPLINE_CURVE_WITH_KNOTS ( 'NONE', 3,
 ( #2355, #2132, #2363, #2374, #2570, #2581, #2586, #2589, #2603, #232, #239, #240, #245, #254, #351, #403, #375, #409 ),
 .UNSPECIFIED., .T., .F.,
 ( 4, 2, 2, 2, 2, 2, 2, 2, 4 ),
 ( 0.0000000000000000000, 0.0004326973482946120700, 0.0008653946965892241400, 0.001298092044883836300, 0.001730789393178448300, 0.002163486741473060500, 0.002596184089767672500, 0.003028881438062284600, 0.003461578786356896600 ),
 .UNSPECIFIED. ) ;
#396 = CARTESIAN_POINT ( 'NONE',  ( 7.350000000000000500, -18.18908729652599700, -31.50442334088870300 ) ) ;
#397 = DIRECTION ( 'NONE',  ( 1.000000000000000000, 0.0000000000000000000, 0.0000000000000000000 ) ) ;
#398 = ORIENTED_EDGE ( 'NONE', *, *, #1751, .T. ) ;
#399 = FACE_OUTER_BOUND ( 'NONE', #2450, .T. ) ;
#400 = DIRECTION ( 'NONE',  ( 1.224606353822375800E-016, 0.0000000000000000000, -1.000000000000000000 ) ) ;
#401 = CARTESIAN_POINT ( 'NONE',  ( 22.19999999999999900, -11.25000000000000000, -19.48557158514984900 ) ) ;
#402 = FACE_BOUND ( 'NONE', #2525, .T. ) ;
#403 = CARTESIAN_POINT ( 'NONE',  ( -6.945031917325114700, -11.38170558397517400, -40.35460513250649900 ) ) ;
#404 = CARTESIAN_POINT ( 'NONE',  ( 21.04529946162074700, 28.60000000000000100, 2.000000000000000000 ) ) ;
#405 = DIRECTION ( 'NONE',  ( 1.000000000000000000, 0.0000000000000000000, 1.224606353822375800E-016 ) ) ;
#406 = VERTEX_POINT ( 'NONE', #1491 ) ;
#407 = FACE_OUTER_BOUND ( 'NONE', #317, .T. ) ;
#408 = CARTESIAN_POINT ( 'NONE',  ( -8.800000000000000700, 0.0000000000000000000, 2.694133978409229600E-016 ) ) ;
#409 = CARTESIAN_POINT ( 'NONE',  ( -7.189708517234518800, -11.21568614082592000, -40.35797908502965500 ) ) ;
#410 = CARTESIAN_POINT ( 'NONE',  ( -7.599999999999999600, -83.18918918918920700, -17.76397483800539900 ) ) ;
#411 = FACE_BOUND ( 'NONE', #182, .T. ) ;
#412 = PLANE ( 'NONE',  #949 ) ;
#413 = CONICAL_SURFACE ( 'NONE', #2266, 3.999999999999998200, 0.7853981633974419500 ) ;
#414 = CARTESIAN_POINT ( 'NONE',  ( 23.35470053837925200, 27.07499999999999900, -2.000000000000000000 ) ) ;
#415 = EDGE_LOOP ( 'NONE', ( #111 ) ) ;
#416 = CARTESIAN_POINT ( 'NONE',  ( -7.599999999999999600, -50.15974481593780600, 20.00000000000000000 ) ) ;
#417 = CARTESIAN_POINT ( 'NONE',  ( 14.63536377698983900, 0.0000000000000000000, 0.0000000000000000000 ) ) ;
#418 = DIRECTION ( 'NONE',  ( 0.0000000000000000000, 0.0000000000000000000, -1.000000000000000000 ) ) ;
#419 = ORIENTED_EDGE ( 'NONE', *, *, #1823, .T. ) ;
#420 = DIRECTION ( 'NONE',  ( -1.000000000000000000, 0.0000000000000000000, -2.403703357979454600E-016 ) ) ;
#421 = PLANE ( 'NONE',  #974 ) ;
#422 = VECTOR ( 'NONE', #638, 1000.000000000000000 ) ;
#423 = DIRECTION ( 'NONE',  ( 0.0000000000000000000, 0.0000000000000000000, 1.000000000000000000 ) ) ;
#424 = LINE ( 'NONE', #684, #422 ) ;
#425 = LINE ( 'NONE', #713, #392 ) ;
#426 = CARTESIAN_POINT ( 'NONE',  ( 11.00000000000000000, 0.0000000000000000000, -170.0000000000000000 ) ) ;
#427 = DIRECTION ( 'NONE',  ( 1.000000000000000000, 0.0000000000000000000, 0.0000000000000000000 ) ) ;
#428 = DIRECTION ( 'NONE',  ( -1.000000000000000000, 0.0000000000000000000, 0.0000000000000000000 ) ) ;
#429 = FACE_OUTER_BOUND ( 'NONE', #2630, .T. ) ;
#430 = CARTESIAN_POINT ( 'NONE',  ( -19.00000000000000000, 0.0000000000000000000, 0.0000000000000000000 ) ) ;
#431 = DIRECTION ( 'NONE',  ( 1.000000000000000000, 0.0000000000000000000, 0.0000000000000000000 ) ) ;
#432 = DIRECTION ( 'NONE',  ( 0.0000000000000000000, 1.000000000000000000, 0.0000000000000000000 ) ) ;
#433 = FACE_OUTER_BOUND ( 'NONE', #2473, .T. ) ;
#434 = CARTESIAN_POINT ( 'NONE',  ( -10.75000000000000000, 0.0000000000000000000, -1.316451830359055900E-015 ) ) ;
#435 = DIRECTION ( 'NONE',  ( -1.000000000000000000, 0.0000000000000000000, -1.224606353822375800E-016 ) ) ;
#436 = ORIENTED_EDGE ( 'NONE', *, *, #1844, .F. ) ;
#437 = DIRECTION ( 'NONE',  ( 0.0000000000000000000, -1.000000000000000000, 0.0000000000000000000 ) ) ;
#438 = FACE_OUTER_BOUND ( 'NONE', #1347, .T. ) ;
#439 = FACE_OUTER_BOUND ( 'NONE', #642, .T. ) ;
#440 = DIRECTION ( 'NONE',  ( 0.0000000000000000000, 0.0000000000000000000, 1.000000000000000000 ) ) ;
#441 = CARTESIAN_POINT ( 'NONE',  ( -7.599999999999999600, 24.81081081081080000, -47.96273206261459900 ) ) ;
#442 = DIRECTION ( 'NONE',  ( -1.000000000000000000, 0.0000000000000000000, 0.0000000000000000000 ) ) ;
#443 = FACE_BOUND ( 'NONE', #916, .T. ) ;
#444 = ORIENTED_EDGE ( 'NONE', *, *, #1355, .F. ) ;
#445 = CARTESIAN_POINT ( 'NONE',  ( 14.56000000000000000, 0.0000000000000000000, 0.0000000000000000000 ) ) ;
#446 = DIRECTION ( 'NONE',  ( 0.0000000000000000000, -1.000000000000000000, 0.0000000000000000000 ) ) ;
#447 = ORIENTED_EDGE ( 'NONE', *, *, #2103, .F. ) ;
#448 = VERTEX_POINT ( 'NONE', #86 ) ;
#449 = CARTESIAN_POINT ( 'NONE',  ( 0.0000000000000000000, 0.0000000000000000000, 0.0000000000000000000 ) ) ;
#450 = DIRECTION ( 'NONE',  ( -1.000000000000000000, 0.0000000000000000000, 0.0000000000000000000 ) ) ;
#451 = ORIENTED_EDGE ( 'NONE', *, *, #1926, .T. ) ;
#452 = CARTESIAN_POINT ( 'NONE',  ( 23.35470053837925200, 28.60000000000000100, -2.000000000000000000 ) ) ;
#453 = CARTESIAN_POINT ( 'NONE',  ( 6.249949238121298700, -18.06491876608245000, -31.57611296155921100 ) ) ;
#454 = DIRECTION ( 'NONE',  ( -1.000000000000000000, 0.0000000000000000000, 0.0000000000000000000 ) ) ;
#455 = ORIENTED_EDGE ( 'NONE', *, *, #1434, .T. ) ;
#456 = DIRECTION ( 'NONE',  ( -1.000000000000000000, 0.0000000000000000000, 0.0000000000000000000 ) ) ;
#457 = EDGE_LOOP ( 'NONE', ( #874 ) ) ;
#458 = VERTEX_POINT ( 'NONE', #37 ) ;
#459 = CARTESIAN_POINT ( 'NONE',  ( 7.126589498528924000, 27.80524089490321100, 31.34256344260333200 ) ) ;
#460 = CARTESIAN_POINT ( 'NONE',  ( -19.00000000000000000, 0.0000000000000000000, 0.0000000000000000000 ) ) ;
#461 = ORIENTED_EDGE ( 'NONE', *, *, #1003, .T. ) ;
#462 = DIRECTION ( 'NONE',  ( 0.0000000000000000000, 0.0000000000000000000, 1.000000000000000000 ) ) ;
#463 = CARTESIAN_POINT ( 'NONE',  ( -14.00000000000000000, 74.00000000000000000, -20.00000000000000000 ) ) ;
#464 = DIRECTION ( 'NONE',  ( 0.0000000000000000000, -1.000000000000000000, 0.0000000000000000000 ) ) ;
#465 = VERTEX_POINT ( 'NONE', #1496 ) ;
#466 = DIRECTION ( 'NONE',  ( 0.0000000000000000000, -1.000000000000000000, 0.0000000000000000000 ) ) ;
#467 = ORIENTED_EDGE ( 'NONE', *, *, #1434, .F. ) ;
#468 = VERTEX_POINT ( 'NONE', #1498 ) ;
#469 = CARTESIAN_POINT ( 'NONE',  ( 6.250050830725588600, -18.31359286851999400, -31.43253912798646300 ) ) ;
#470 = EDGE_CURVE ( 'NONE', #1469, #1469, #312, .T. ) ;
#471 = CARTESIAN_POINT ( 'NONE',  ( 0.0000000000000000000, 0.0000000000000000000, 0.0000000000000000000 ) ) ;
#472 = CARTESIAN_POINT ( 'NONE',  ( 6.308565730673072900, -18.43670161836248800, -31.36032767880313100 ) ) ;
#473 = ORIENTED_EDGE ( 'NONE', *, *, #790, .T. ) ;
#474 = CARTESIAN_POINT ( 'NONE',  ( 24.50940107675850000, 28.60000000000000100, 1.414053616061350100E-016 ) ) ;
#475 = CARTESIAN_POINT ( 'NONE',  ( 14.63536377698983900, 0.0000000000000000000, 0.0000000000000000000 ) ) ;
#476 = CARTESIAN_POINT ( 'NONE',  ( 10.84497208649225900, 0.0000000000000000000, 1.152579492467595900E-015 ) ) ;
#477 = EDGE_LOOP ( 'NONE', ( #1048, #1733, #872, #869, #859, #832, #824, #816 ) ) ;
#478 = ORIENTED_EDGE ( 'NONE', *, *, #2310, .T. ) ;
#479 = DIRECTION ( 'NONE',  ( 1.000000000000000000, 0.0000000000000000000, 0.0000000000000000000 ) ) ;
#480 = DIRECTION ( 'NONE',  ( -6.123031769111887500E-017, -0.4999999999999998900, -0.8660254037844387100 ) ) ;
#481 = DIRECTION ( 'NONE',  ( 1.224606353822375800E-016, 0.0000000000000000000, -1.000000000000000000 ) ) ;
#482 = DIRECTION ( 'NONE',  ( 1.000000000000000000, 0.0000000000000000000, 1.224606353822375800E-016 ) ) ;
#483 = DIRECTION ( 'NONE',  ( 0.0000000000000000000, -1.000000000000000000, 0.0000000000000000000 ) ) ;
#484 = PLANE ( 'NONE',  #1015 ) ;
#485 = VERTEX_POINT ( 'NONE', #2938 ) ;
#486 = BREP_WITH_VOIDS ( 'NONE', #2196, ( #2153, #2146 ) );
#487 = VERTEX_POINT ( 'NONE', #2960 ) ;
#488 = ORIENTED_EDGE ( 'NONE', *, *, #1320, .F. ) ;
#489 = CARTESIAN_POINT ( 'NONE',  ( 18.50646489626814900, -12.94958222361514000, -25.50035921774105000 ) ) ;
#490 = ORIENTED_EDGE ( 'NONE', *, *, #1751, .F. ) ;
#491 = DIRECTION ( 'NONE',  ( 0.0000000000000000000, 1.000000000000000000, 0.0000000000000000000 ) ) ;
#492 = DIRECTION ( 'NONE',  ( -0.4999999999999998900, 0.0000000000000000000, -0.8660254037844387100 ) ) ;
#493 = VERTEX_POINT ( 'NONE', #2948 ) ;
#494 = CARTESIAN_POINT ( 'NONE',  ( 24.50940107675850000, 27.07499999999999900, 1.414053616061350100E-016 ) ) ;
#495 = FACE_BOUND ( 'NONE', #2779, .T. ) ;
#496 = ADVANCED_FACE ( 'E642', ( #326, #291 ), #1501, .T. ) ;
#497 = CARTESIAN_POINT ( 'NONE',  ( 5.658114114072865200, 28.62975557213042800, 30.89659140956152000 ) ) ;
#498 = ORIENTED_EDGE ( 'NONE', *, *, #2302, .F. ) ;
#499 = ORIENTED_EDGE ( 'NONE', *, *, #1922, .F. ) ;
#500 = CARTESIAN_POINT ( 'NONE',  ( -6.799999999999999800, 0.0000000000000000000, 0.0000000000000000000 ) ) ;
#501 = DIRECTION ( 'NONE',  ( 0.0000000000000000000, -0.2588190451025210700, -0.9659258262890682000 ) ) ;
#502 = EDGE_LOOP ( 'NONE', ( #2626, #2577, #2507, #2502 ) ) ;
#503 = VERTEX_POINT ( 'NONE', #21 ) ;
#504 = CARTESIAN_POINT ( 'NONE',  ( -6.799999999999999800, 0.0000000000000000000, 0.0000000000000000000 ) ) ;
#505 = VERTEX_POINT ( 'NONE', #27 ) ;
#506 = DIRECTION ( 'NONE',  ( 1.000000000000000000, 0.0000000000000000000, 0.0000000000000000000 ) ) ;
#507 = CARTESIAN_POINT ( 'NONE',  ( -10.75000000000000000, 0.0000000000000000000, -1.316451830359055900E-015 ) ) ;
#508 = DIRECTION ( 'NONE',  ( 1.000000000000000000, 0.0000000000000000000, 1.683833736505770000E-016 ) ) ;
#509 = DIRECTION ( 'NONE',  ( 0.0000000000000000000, 0.0000000000000000000, 1.000000000000000000 ) ) ;
#510 = DIRECTION ( 'NONE',  ( 1.688581981260150400E-016, 0.0000000000000000000, -1.000000000000000000 ) ) ;
#511 = CARTESIAN_POINT ( 'NONE',  ( 22.19999999999999900, 28.55875000000000000, 0.0000000000000000000 ) ) ;
#512 = VERTEX_POINT ( 'NONE', #12 ) ;
#513 = DIRECTION ( 'NONE',  ( 0.0000000000000000000, 0.8881987419002695900, -0.4594594594594588700 ) ) ;
#514 = DIRECTION ( 'NONE',  ( 1.000000000000000000, 0.0000000000000000000, 0.0000000000000000000 ) ) ;
#515 = VERTEX_POINT ( 'NONE', #63 ) ;
#516 = EDGE_LOOP ( 'NONE', ( #488 ) ) ;
#517 = EDGE_CURVE ( 'NONE', #1465, #1465, #288, .T. ) ;
#518 = CARTESIAN_POINT ( 'NONE',  ( 24.50940107675850000, 28.60000000000000100, 1.414053616061350100E-016 ) ) ;
#519 = ORIENTED_EDGE ( 'NONE', *, *, #1497, .T. ) ;
#520 = ADVANCED_FACE ( 'E1445', ( #360, #297 ), #79, .T. ) ;
#521 = EDGE_CURVE ( 'NONE', #1460, #1460, #277, .T. ) ;
#522 = DIRECTION ( 'NONE',  ( 0.0000000000000000000, 0.0000000000000000000, 1.000000000000000000 ) ) ;
#523 = EDGE_LOOP ( 'NONE', ( #588, #579, #573, #562 ) ) ;
#524 = ORIENTED_EDGE ( 'NONE', *, *, #1197, .T. ) ;
#525 = DIRECTION ( 'NONE',  ( -1.000000000000000000, 0.0000000000000000000, 0.0000000000000000000 ) ) ;
#526 = VERTEX_POINT ( 'NONE', #93 ) ;
#527 = DIRECTION ( 'NONE',  ( 0.0000000000000000000, -1.000000000000000000, 0.0000000000000000000 ) ) ;
#528 = DIRECTION ( 'NONE',  ( 0.0000000000000000000, -1.000000000000000000, 0.0000000000000000000 ) ) ;
#529 = CARTESIAN_POINT ( 'NONE',  ( 23.35470053837925200, 28.60000000000000100, 2.000000000000000000 ) ) ;
#530 = PLANE ( 'NONE',  #1038 ) ;
#531 = CARTESIAN_POINT ( 'NONE',  ( 6.382747954794594700, 28.09367959346193200, 31.24550971416783400 ) ) ;
#532 = DIRECTION ( 'NONE',  ( 0.0000000000000000000, 1.000000000000000000, 0.0000000000000000000 ) ) ;
#533 = EDGE_CURVE ( 'NONE', #1455, #1455, #279, .T. ) ;
#534 = B_SPLINE_CURVE_WITH_KNOTS ( 'NONE', 3,
 ( #303, #200, #328, #315, #289, #2995, #2985, #3007, #2989, #2968, #1946, #1951, #1955, #1959, #1971, #2069, #2293, #2123 ),
 .UNSPECIFIED., .T., .F.,
 ( 4, 2, 2, 2, 2, 2, 2, 2, 4 ),
 ( 0.0000000000000000000, 0.0004298454391081394300, 0.0008596908782162788600, 0.001289536317324418200, 0.001719381756432557700, 0.002149227195540697000, 0.002579072634648836500, 0.003008918073756976000, 0.003438763512865115500 ),
 .UNSPECIFIED. ) ;
#535 = DIRECTION ( 'NONE',  ( 0.0000000000000000000, 0.0000000000000000000, 1.000000000000000000 ) ) ;
#536 = ORIENTED_EDGE ( 'NONE', *, *, #932, .T. ) ;
#537 = DIRECTION ( 'NONE',  ( -6.123031769111888800E-017, 1.000000000000000000, 0.0000000000000000000 ) ) ;
#538 = ORIENTED_EDGE ( 'NONE', *, *, #1844, .T. ) ;
#539 = CARTESIAN_POINT ( 'NONE',  ( 10.75000000000000000, 0.0000000000000000000, 0.0000000000000000000 ) ) ;
#540 = ORIENTED_EDGE ( 'NONE', *, *, #1922, .T. ) ;
#541 = DIRECTION ( 'NONE',  ( 0.0000000000000000000, -0.4999999999999998900, -0.8660254037844387100 ) ) ;
#542 = CARTESIAN_POINT ( 'NONE',  ( 6.514014774489907300, -18.61334608243541700, -31.25580692130539600 ) ) ;
#543 = CARTESIAN_POINT ( 'NONE',  ( 6.799999999999999800, 0.0000000000000000000, 0.0000000000000000000 ) ) ;
#544 = ORIENTED_EDGE ( 'NONE', *, *, #1881, .T. ) ;
#545 = CARTESIAN_POINT ( 'NONE',  ( 16.00000000000000000, 0.0000000000000000000, 0.0000000000000000000 ) ) ;
#546 = ORIENTED_EDGE ( 'NONE', *, *, #2310, .F. ) ;
#547 = ORIENTED_EDGE ( 'NONE', *, *, #1111, .T. ) ;
#548 = DIRECTION ( 'NONE',  ( 1.000000000000000000, 0.0000000000000000000, 0.0000000000000000000 ) ) ;
#549 = B_SPLINE_CURVE_WITH_KNOTS ( 'NONE', 3,
 ( #931, #977, #1114, #1091, #1809, #993, #843, #801, #795, #669, #747, #734, #722, #709, #704, #689, #885, #918, #665, #640, #600, #571, #497, #582, #296, #299, #531, #274, #339, #459, #343, #3005, #3000, #2998, #2964, #2963, #2958, #2951, #2947, #2944, #2942, #2935, #2931, #2926, #2911, #2908, #2905, #2904, #2901, #2888, #2886, #2883, #2876, #2870, #2869, #2864, #2862, #2855, #2853, #2844 ),
 .UNSPECIFIED., .T., .F.,
 ( 4, 2, 2, 2, 2, 2, 2, 2, 2, 2, 2, 2, 2, 2, 2, 2, 2, 2, 2, 2, 2, 2, 2, 2, 2, 2, 2, 2, 2, 4 ),
 ( 0.0000000000000000000, 0.0004820400896270618300, 0.0009640801792541236700, 0.001446120268881185500, 0.001928160358508247300, 0.002410200448135309200, 0.002892240537762371000, 0.003856320717016509000, 0.004338360806643578600, 0.004820400896270647000, 0.005302440985897715300, 0.005784481075524784500, 0.006266521165151853700, 0.006748561254778922100, 0.007230601344405994700, 0.007712641434033068300, 0.008194681523660141800, 0.008676721613287214500, 0.009640801792541361600, 0.01012284188216843400, 0.01060488197179550500, 0.01108692206142257800, 0.01156896215104964900, 0.01205100224067672200, 0.01253304233030379400, 0.01301508241993086500, 0.01349712250955794000, 0.01397916259918501000, 0.01446120268881208300, 0.01542528286806622200 ),
 .UNSPECIFIED. ) ;
#550 = DIRECTION ( 'NONE',  ( 0.0000000000000000000, -0.8660254037844387100, 0.4999999999999998900 ) ) ;
#551 = CARTESIAN_POINT ( 'NONE',  ( 6.799999999999999800, 0.0000000000000000000, 0.0000000000000000000 ) ) ;
#552 = DIRECTION ( 'NONE',  ( 1.000000000000000000, 0.0000000000000000000, 0.0000000000000000000 ) ) ;
#553 = ORIENTED_EDGE ( 'NONE', *, *, #769, .F. ) ;
#554 = ORIENTED_EDGE ( 'NONE', *, *, #2066, .T. ) ;
#555 = ORIENTED_EDGE ( 'NONE', *, *, #2627, .T. ) ;
#556 = CARTESIAN_POINT ( 'NONE',  ( 6.656815505736092900, -18.66338767120755900, -31.22578337468265600 ) ) ;
#557 = DIRECTION ( 'NONE',  ( 1.000000000000000000, 0.0000000000000000000, 0.0000000000000000000 ) ) ;
#558 = ORIENTED_EDGE ( 'NONE', *, *, #967, .F. ) ;
#559 = ADVANCED_FACE ( 'E1392', ( #266 ), #251, .F. ) ;
#560 = ORIENTED_EDGE ( 'NONE', *, *, #1497, .F. ) ;
#561 = CARTESIAN_POINT ( 'NONE',  ( -7.599999999999999600, 0.0000000000000000000, 0.0000000000000000000 ) ) ;
#562 = ORIENTED_EDGE ( 'NONE', *, *, #2066, .F. ) ;
#563 = DIRECTION ( 'NONE',  ( 1.000000000000000000, 0.0000000000000000000, 0.0000000000000000000 ) ) ;
#564 = DIRECTION ( 'NONE',  ( 0.0000000000000000000, 1.000000000000000000, 0.0000000000000000000 ) ) ;
#565 = DIRECTION ( 'NONE',  ( -1.000000000000000000, 0.0000000000000000000, 0.0000000000000000000 ) ) ;
#566 = DIRECTION ( 'NONE',  ( 0.0000000000000000000, 1.000000000000000000, 0.0000000000000000000 ) ) ;
#567 = CARTESIAN_POINT ( 'NONE',  ( 0.0000000000000000000, 0.0000000000000000000, 0.0000000000000000000 ) ) ;
#568 = DIRECTION ( 'NONE',  ( 0.0000000000000000000, 0.0000000000000000000, 1.000000000000000000 ) ) ;
#569 = EDGE_LOOP ( 'NONE', ( #719, #716, #685, #672 ) ) ;
#570 = CARTESIAN_POINT ( 'NONE',  ( -7.599999999999999600, -83.18918918918920700, -17.76397483800539900 ) ) ;
#571 = CARTESIAN_POINT ( 'NONE',  ( 5.563981854693426300, 28.73354523276642100, 30.81722483948134800 ) ) ;
#572 = VERTEX_POINT ( 'NONE', #181 ) ;
#573 = ORIENTED_EDGE ( 'NONE', *, *, #1125, .T. ) ;
#574 = VERTEX_POINT ( 'NONE', #172 ) ;
#575 = DIRECTION ( 'NONE',  ( 0.0000000000000000000, 0.0000000000000000000, -1.000000000000000000 ) ) ;
#576 = ORIENTED_EDGE ( 'NONE', *, *, #2100, .T. ) ;
#577 = DIRECTION ( 'NONE',  ( 0.0000000000000000000, -1.000000000000000000, 0.0000000000000000000 ) ) ;
#578 = CARTESIAN_POINT ( 'NONE',  ( 22.19999999999999900, 22.50000000000000000, 0.0000000000000000000 ) ) ;
#579 = ORIENTED_EDGE ( 'NONE', *, *, #1857, .T. ) ;
#580 = DIRECTION ( 'NONE',  ( 0.0000000000000000000, 0.0000000000000000000, 1.000000000000000000 ) ) ;
#581 = EDGE_LOOP ( 'NONE', ( #1089 ) ) ;
#582 = CARTESIAN_POINT ( 'NONE',  ( 5.873149011432972500, 28.43120247656243600, 31.03948077212970000 ) ) ;
#583 = CARTESIAN_POINT ( 'NONE',  ( -22.00000000000000000, -24.81081081081080000, 47.96273206261459900 ) ) ;
#584 = EDGE_LOOP ( 'NONE', ( #1978 ) ) ;
#585 = CARTESIAN_POINT ( 'NONE',  ( -6.000000000000000000, -48.59310969824430500, -20.00000000000000000 ) ) ;
#586 = EDGE_LOOP ( 'NONE', ( #763, #755, #740, #727 ) ) ;
#587 = PLANE ( 'NONE',  #1071 ) ;
#588 = ORIENTED_EDGE ( 'NONE', *, *, #2056, .T. ) ;
#589 = CARTESIAN_POINT ( 'NONE',  ( 22.19999999999999900, -14.27937500000000000, -24.73260300032885100 ) ) ;
#590 = ORIENTED_EDGE ( 'NONE', *, *, #1857, .F. ) ;
#591 = DIRECTION ( 'NONE',  ( 0.4999999999999998900, 0.0000000000000000000, -0.8660254037844387100 ) ) ;
#592 = CARTESIAN_POINT ( 'NONE',  ( -6.078454585109376800, -48.59815344825963700, -20.00000000000000000 ) ) ;
#593 = EDGE_LOOP ( 'NONE', ( #444, #1026, #654, #2074 ) ) ;
#594 = CARTESIAN_POINT ( 'NONE',  ( -22.00000000000000000, -74.00000000000000000, 0.0000000000000000000 ) ) ;
#595 = DIRECTION ( 'NONE',  ( 1.000000000000000000, 0.0000000000000000000, 6.123031769111888800E-017 ) ) ;
#596 = VERTEX_POINT ( 'NONE', #186 ) ;
#597 = DIRECTION ( 'NONE',  ( 2.813284866889242100E-017, 0.8881987419002692600, -0.4594594594594597100 ) ) ;
#598 = DIRECTION ( 'NONE',  ( 5.438469113940561000E-017, -0.4594594594594597100, -0.8881987419002692600 ) ) ;
#599 = DIRECTION ( 'NONE',  ( 0.0000000000000000000, 0.0000000000000000000, -1.000000000000000000 ) ) ;
#600 = CARTESIAN_POINT ( 'NONE',  ( 5.401598664867789200, 28.94985546098439100, 30.64317971721846900 ) ) ;
#601 = CARTESIAN_POINT ( 'NONE',  ( -6.156909177441567800, -48.60319708498405300, -20.00000000000000000 ) ) ;
#602 = CARTESIAN_POINT ( 'NONE',  ( 0.0000000000000000000, 0.0000000000000000000, 0.0000000000000000000 ) ) ;
#603 = CARTESIAN_POINT ( 'NONE',  ( -7.599999999999999600, 74.00000000000000000, 0.0000000000000000000 ) ) ;
#604 = ORIENTED_EDGE ( 'NONE', *, *, #1788, .F. ) ;
#605 = CARTESIAN_POINT ( 'NONE',  ( 16.00000000000000000, 83.18918918918920700, 17.76397483800539900 ) ) ;
#606 = EDGE_LOOP ( 'NONE', ( #371 ) ) ;
#607 = CARTESIAN_POINT ( 'NONE',  ( 25.89353510373189900, 28.55875000000000000, -1.535512434824359800 ) ) ;
#608 = CARTESIAN_POINT ( 'NONE',  ( -7.599999999999999600, 92.10742682738700200, 0.0000000000000000000 ) ) ;
#609 = VERTEX_POINT ( 'NONE', #193 ) ;
#610 = CARTESIAN_POINT ( 'NONE',  ( 25.74260372963411200, 28.53922987644821400, -1.898564088358190700 ) ) ;
#611 = ORIENTED_EDGE ( 'NONE', *, *, #1151, .T. ) ;
#612 = CARTESIAN_POINT ( 'NONE',  ( -6.235363776989840000, -48.60824060852320400, -20.00000000000000000 ) ) ;
#613 = ORIENTED_EDGE ( 'NONE', *, *, #1845, .T. ) ;
#614 = CARTESIAN_POINT ( 'NONE',  ( 25.54139604515544100, 28.51425477457670600, -2.234108481202695900 ) ) ;
#615 = ORIENTED_EDGE ( 'NONE', *, *, #1129, .F. ) ;
#616 = CARTESIAN_POINT ( 'NONE',  ( 25.03962716307427500, 28.45981869661434200, -2.844764631932311400 ) ) ;
#617 = CARTESIAN_POINT ( 'NONE',  ( 22.19999999999999900, 22.50000000000000000, 0.0000000000000000000 ) ) ;
#618 = EDGE_LOOP ( 'NONE', ( #779 ) ) ;
#619 = CARTESIAN_POINT ( 'NONE',  ( 24.75041251368839200, 28.43163974060676900, -3.106508616875829400 ) ) ;
#620 = B_SPLINE_CURVE_WITH_KNOTS ( 'NONE', 3,
 ( #2200, #2080, #2205, #2207, #2214, #2215, #2220, #2222, #2223, #2229, #2233, #2234, #2239, #2244, #2249, #2252, #2256, #2262, #2270, #2273, #2289, #2294, #2530, #2515, #2494, #2475, #2439, #2301, #2306, #2312, #2315, #2317, #2320, #2338, #2346, #2356, #2368, #2369, #2371, #2379, #2384, #2386, #2388, #2395, #2402, #2403, #2406, #2410, #2413, #2420, #2425, #2429, #2434, #2441, #2446, #2448, #2462, #2467, #2468, #2483, #2485, #2486, #2495, #2497 ),
 .UNSPECIFIED., .T., .F.,
 ( 4, 2, 2, 2, 2, 2, 2, 2, 2, 2, 2, 2, 2, 2, 2, 2, 2, 2, 2, 2, 2, 2, 2, 2, 2, 2, 2, 2, 2, 2, 2, 4 ),
 ( 0.0000000000000000000, 0.0005862667725110504600, 0.001172533545022100900, 0.001758800317533151700, 0.002345067090044201900, 0.002931333862555252400, 0.003517600635066303400, 0.004103867407577353600, 0.004690134180088403700, 0.005276400952599454700, 0.005862667725110504900, 0.006448934497621555900, 0.007035201270132606900, 0.007621468042643656100, 0.008207734815154707100, 0.008794001587665757300, 0.009380268360176807400, 0.009966535132687859300, 0.01055280190519890900, 0.01113906867770996000, 0.01172533545022101000, 0.01231160222273206000, 0.01289786899524311200, 0.01348413576775416200, 0.01407040254026521400, 0.01465666931277626200, 0.01524293608528731200, 0.01582920285779836400, 0.01641546963030941400, 0.01700173640282046400, 0.01758800317533151500, 0.01876053672035362900 ),
 .UNSPECIFIED. ) ;
#621 = EDGE_LOOP ( 'NONE', ( #1449 ) ) ;
#622 = DIRECTION ( 'NONE',  ( 1.000000000000000000, 0.0000000000000000000, 0.0000000000000000000 ) ) ;
#623 = CARTESIAN_POINT ( 'NONE',  ( -7.599999999999999600, 24.81081081081085000, 47.96273206261459900 ) ) ;
#624 = VERTEX_POINT ( 'NONE', #45 ) ;
#625 = CARTESIAN_POINT ( 'NONE',  ( 24.25947058413279200, 28.39321754705384000, -3.434724276745848100 ) ) ;
#626 = ORIENTED_EDGE ( 'NONE', *, *, #1718, .F. ) ;
#627 = ORIENTED_EDGE ( 'NONE', *, *, #298, .F. ) ;
#628 = CARTESIAN_POINT ( 'NONE',  ( -14.00000000000000000, 0.0000000000000000000, -20.00000000000000000 ) ) ;
#629 = CARTESIAN_POINT ( 'NONE',  ( 24.08693162633533200, 28.38114479636204700, -3.532381965364517700 ) ) ;
#630 = ORIENTED_EDGE ( 'NONE', *, *, #2056, .F. ) ;
#631 = PLANE ( 'NONE',  #2246 ) ;
#632 = CARTESIAN_POINT ( 'NONE',  ( 23.73340910851722200, 28.35983449323509800, -3.699579681208856400 ) ) ;
#633 = DIRECTION ( 'NONE',  ( 0.0000000000000000000, 0.0000000000000000000, -1.000000000000000000 ) ) ;
#634 = PLANE ( 'NONE',  #1757 ) ;
#635 = EDGE_LOOP ( 'NONE', ( #560, #555, #554, #553 ) ) ;
#636 = DIRECTION ( 'NONE',  ( -1.000000000000000000, 0.0000000000000000000, 0.0000000000000000000 ) ) ;
#637 = ORIENTED_EDGE ( 'NONE', *, *, #2314, .F. ) ;
#638 = DIRECTION ( 'NONE',  ( 0.4999999999999998900, 0.0000000000000000000, 0.8660254037844387100 ) ) ;
#639 = CARTESIAN_POINT ( 'NONE',  ( 23.55119021095933700, 28.35049425732332700, -3.769985740257455500 ) ) ;
#640 = CARTESIAN_POINT ( 'NONE',  ( 5.332833516436703100, 29.06370646558377400, 30.54730690833096700 ) ) ;
#641 = CARTESIAN_POINT ( 'NONE',  ( 23.17569188602797000, 28.33508045347306800, -3.884138618983116900 ) ) ;
#642 = EDGE_LOOP ( 'NONE', ( #1716, #2788, #2768, #2744 ) ) ;
#643 = DIRECTION ( 'NONE',  ( 0.0000000000000000000, 0.4999999999999998900, 0.8660254037844387100 ) ) ;
#644 = CARTESIAN_POINT ( 'NONE',  ( -7.599999999999999600, 92.10742682738700200, 0.0000000000000000000 ) ) ;
#645 = CARTESIAN_POINT ( 'NONE',  ( 22.98109962068643200, 28.32900310358966000, -3.927903913412592800 ) ) ;
#646 = ORIENTED_EDGE ( 'NONE', *, *, #994, .F. ) ;
#647 = CARTESIAN_POINT ( 'NONE',  ( 22.59268764143941200, 28.32095520651617100, -3.985516552054353400 ) ) ;
#648 = DIRECTION ( 'NONE',  ( 0.0000000000000000000, -0.8660254037844388200, 0.4999999999999997800 ) ) ;
#649 = CARTESIAN_POINT ( 'NONE',  ( 22.39770143295618300, 28.31891176981146800, -3.999904521715441900 ) ) ;
#650 = CARTESIAN_POINT ( 'NONE',  ( 22.00618116320657000, 28.31888493057715600, -4.000094536124942500 ) ) ;
#651 = CARTESIAN_POINT ( 'NONE',  ( 21.80816394178373900, 28.32093699516954300, -3.985647013009695700 ) ) ;
#652 = ORIENTED_EDGE ( 'NONE', *, *, #1936, .F. ) ;
#653 = DIRECTION ( 'NONE',  ( -1.000000000000000000, 0.0000000000000000000, -6.123031769111888800E-017 ) ) ;
#654 = ORIENTED_EDGE ( 'NONE', *, *, #2103, .T. ) ;
#655 = CARTESIAN_POINT ( 'NONE',  ( 21.41788422158308700, 28.32902472515940000, -3.927749039587798800 ) ) ;
#656 = DIRECTION ( 'NONE',  ( 0.0000000000000000000, 0.0000000000000000000, -1.000000000000000000 ) ) ;
#657 = ORIENTED_EDGE ( 'NONE', *, *, #1908, .T. ) ;
#658 = CARTESIAN_POINT ( 'NONE',  ( 21.22691979381580700, 28.33499611340327800, -3.884747345940530400 ) ) ;
#659 = CARTESIAN_POINT ( 'NONE',  ( -6.000000000000000000, -74.00000000000000000, 0.0000000000000000000 ) ) ;
#660 = ORIENTED_EDGE ( 'NONE', *, *, #1189, .T. ) ;
#661 = CARTESIAN_POINT ( 'NONE',  ( 20.66616155930684700, 28.35794666399161600, -3.714825400431341200 ) ) ;
#662 = DIRECTION ( 'NONE',  ( 1.000000000000000000, 0.0000000000000000000, 0.0000000000000000000 ) ) ;
#663 = EDGE_LOOP ( 'NONE', ( #615, #613, #611, #590 ) ) ;
#664 = CARTESIAN_POINT ( 'NONE',  ( 20.30386096531807300, 28.38046112165993100, -3.543592039532074800 ) ) ;
#665 = CARTESIAN_POINT ( 'NONE',  ( 5.226596504329409100, 29.29303933242851300, 30.34594934802896700 ) ) ;
#666 = VERTEX_POINT ( 'NONE', #30 ) ;
#667 = CARTESIAN_POINT ( 'NONE',  ( 19.81684792406632700, 28.41853658049316100, -3.218490815326794600 ) ) ;
#668 = ORIENTED_EDGE ( 'NONE', *, *, #2019, .F. ) ;
#669 = CARTESIAN_POINT ( 'NONE',  ( 5.836099478507133400, 30.90906960996511500, 28.58050526391493000 ) ) ;
#670 = PLANE ( 'NONE',  #2238 ) ;
#671 = CARTESIAN_POINT ( 'NONE',  ( 19.66283126816399500, 28.43195773177057000, -3.098595715515901200 ) ) ;
#672 = ORIENTED_EDGE ( 'NONE', *, *, #994, .T. ) ;
#673 = DIRECTION ( 'NONE',  ( 0.0000000000000000000, 0.8660254037844388200, -0.4999999999999997200 ) ) ;
#674 = CARTESIAN_POINT ( 'NONE',  ( 19.37167345551074100, 28.45941718183358700, -2.835328823920999900 ) ) ;
#675 = CARTESIAN_POINT ( 'NONE',  ( 19.23446750647609700, 28.47348115446599300, -2.691447012493627600 ) ) ;
#676 = DIRECTION ( 'NONE',  ( 0.0000000000000000000, 0.0000000000000000000, -1.000000000000000000 ) ) ;
#677 = EDGE_LOOP ( 'NONE', ( #1975 ) ) ;
#678 = EDGE_CURVE ( 'NONE', #1452, #1452, #534, .T. ) ;
#679 = ADVANCED_FACE ( 'E0', ( #273, #269 ), #262, .F. ) ;
#680 = CARTESIAN_POINT ( 'NONE',  ( 16.00000000000000000, 83.18918918918920700, 17.76397483800539900 ) ) ;
#681 = CARTESIAN_POINT ( 'NONE',  ( 18.98598811428063700, 28.50043189997530700, -2.389225311614962900 ) ) ;
#682 = CARTESIAN_POINT ( 'NONE',  ( 18.87343818553100000, 28.51343517587681500, -2.229858178525007800 ) ) ;
#683 = DIRECTION ( 'NONE',  ( -1.000000000000000000, 0.0000000000000000000, 0.0000000000000000000 ) ) ;
#684 = CARTESIAN_POINT ( 'NONE',  ( 19.89059892324149800, 27.07499999999999900, -4.242160848184054900E-016 ) ) ;
#685 = ORIENTED_EDGE ( 'NONE', *, *, #1129, .T. ) ;
#686 = EDGE_CURVE ( 'NONE', #1450, #1450, #395, .T. ) ;
#687 = CARTESIAN_POINT ( 'NONE',  ( 18.67169707779712300, 28.53767498473327900, -1.894560500747546800 ) ) ;
#688 = CARTESIAN_POINT ( 'NONE',  ( 18.50646489626810300, 28.55875000000000000, -1.535512434824359800 ) ) ;
#689 = CARTESIAN_POINT ( 'NONE',  ( 5.136403216156679700, 29.75765172142944300, 29.90610973971333300 ) ) ;
#690 = CARTESIAN_POINT ( 'NONE',  ( 22.19999999999999900, -11.25000000000000000, -19.48557158514984900 ) ) ;
#691 = DIRECTION ( 'NONE',  ( 0.0000000000000000000, -0.4999999999999998900, -0.8660254037844387100 ) ) ;
#692 = EDGE_LOOP ( 'NONE', ( #2419, #6, #1203, #144, #2940, #300, #2617, #2535 ) ) ;
#693 = CARTESIAN_POINT ( 'NONE',  ( 18.58193848101495900, 28.54898891680599600, -1.717057258783303300 ) ) ;
#694 = PLANE ( 'NONE',  #1092 ) ;
#695 = VERTEX_POINT ( 'NONE', #2150 ) ;
#696 = DIRECTION ( 'NONE',  ( 0.0000000000000000000, 0.0000000000000000000, 1.000000000000000000 ) ) ;
#697 = DIRECTION ( 'NONE',  ( 0.0000000000000000000, 0.0000000000000000000, 1.000000000000000000 ) ) ;
#698 = VERTEX_POINT ( 'NONE', #2137 ) ;
#699 = B_SPLINE_CURVE_WITH_KNOTS ( 'NONE', 3,
 ( #81, #1417, #1462, #1468, #1471, #1480, #1493, #1482, #1474, #1488 ),
 .UNSPECIFIED., .F., .F.,
 ( 4, 2, 2, 2, 4 ),
 ( 0.001721192785391591500, 0.002288088109089130300, 0.002854983432786668700, 0.003421878756484207500, 0.003988774080181746300 ),
 .UNSPECIFIED. ) ;
#700 = CARTESIAN_POINT ( 'NONE',  ( -7.256817893297051300, 41.87475106375156000, -0.3062962819944905500 ) ) ;
#701 = ORIENTED_EDGE ( 'NONE', *, *, #2302, .T. ) ;
#702 = DIRECTION ( 'NONE',  ( -6.123031769111888800E-017, 1.000000000000000000, 0.0000000000000000000 ) ) ;
#703 = CARTESIAN_POINT ( 'NONE',  ( 21.04529946162074700, -16.03205080756884700, -23.76832654823494900 ) ) ;
#704 = CARTESIAN_POINT ( 'NONE',  ( 5.162859976566203100, 30.09561773972748700, 29.56268196008308600 ) ) ;
#705 = CARTESIAN_POINT ( 'NONE',  ( 22.19999999999999900, 28.55875000000000000, 0.0000000000000000000 ) ) ;
#706 = CARTESIAN_POINT ( 'NONE',  ( -6.000000000000000000, 74.00000000000000000, 20.00000000000000000 ) ) ;
#707 = CARTESIAN_POINT ( 'NONE',  ( 16.00000000000000000, 24.81081081081085000, 47.96273206261459900 ) ) ;
#708 = ORIENTED_EDGE ( 'NONE', *, *, #1118, .T. ) ;
#709 = CARTESIAN_POINT ( 'NONE',  ( 5.244851071337670600, 30.31230866332233000, 29.32590586216398900 ) ) ;
#710 = PLANE ( 'NONE',  #2228 ) ;
#711 = VERTEX_POINT ( 'NONE', #416 ) ;
#712 = B_SPLINE_CURVE_WITH_KNOTS ( 'NONE', 3,
 ( #2543, #2897, #2890, #2984 ),
 .UNSPECIFIED., .F., .F.,
 ( 4, 4 ),
 ( 0.09842559311323409400, 0.09866144271849840200 ),
 .UNSPECIFIED. ) ;
#713 = CARTESIAN_POINT ( 'NONE',  ( 21.04529946162074700, 27.07499999999999900, 2.000000000000000000 ) ) ;
#714 = DIRECTION ( 'NONE',  ( 1.000000000000000000, 0.0000000000000000000, 6.009258394948640100E-016 ) ) ;
#715 = DIRECTION ( 'NONE',  ( 0.0000000000000000000, 0.0000000000000000000, -1.000000000000000000 ) ) ;
#716 = ORIENTED_EDGE ( 'NONE', *, *, #864, .F. ) ;
#717 = DIRECTION ( 'NONE',  ( -1.000000000000000000, 0.0000000000000000000, 0.0000000000000000000 ) ) ;
#718 = CARTESIAN_POINT ( 'NONE',  ( -14.00000000000000000, 0.0000000000000000000, -20.00000000000000000 ) ) ;
#719 = ORIENTED_EDGE ( 'NONE', *, *, #1633, .F. ) ;
#720 = DIRECTION ( 'NONE',  ( -1.000000000000000000, 0.0000000000000000000, 0.0000000000000000000 ) ) ;
#721 = CARTESIAN_POINT ( 'NONE',  ( 23.35470053837925200, 27.07499999999999900, 2.000000000000000000 ) ) ;
#722 = CARTESIAN_POINT ( 'NONE',  ( 5.451859079401375900, 30.59316929170105900, 28.99329308205699700 ) ) ;
#723 = DIRECTION ( 'NONE',  ( 0.0000000000000000000, -1.000000000000000000, 0.0000000000000000000 ) ) ;
#724 = DIRECTION ( 'NONE',  ( 0.0000000000000000000, 0.0000000000000000000, -1.000000000000000000 ) ) ;
#725 = ORIENTED_EDGE ( 'NONE', *, *, #1286, .F. ) ;
#726 = CARTESIAN_POINT ( 'NONE',  ( 18.50646489626810300, 28.55875000000000000, -1.535512434824359800 ) ) ;
#727 = ORIENTED_EDGE ( 'NONE', *, *, #1197, .F. ) ;
#728 = ORIENTED_EDGE ( 'NONE', *, *, #917, .F. ) ;
#729 = CARTESIAN_POINT ( 'NONE',  ( 29.10000000000000100, 0.0000000000000000000, 0.0000000000000000000 ) ) ;
#730 = CARTESIAN_POINT ( 'NONE',  ( 18.50646489626814900, -15.60916777638484900, -23.96484678291664800 ) ) ;
#731 = DIRECTION ( 'NONE',  ( -1.000000000000000000, 0.0000000000000000000, -6.123031769111888800E-017 ) ) ;
#732 = ORIENTED_EDGE ( 'NONE', *, *, #1823, .F. ) ;
#733 = VERTEX_POINT ( 'NONE', #706 ) ;
#734 = CARTESIAN_POINT ( 'NONE',  ( 5.535744034676692800, 30.68102973279659900, 28.88435925039721800 ) ) ;
#735 = VERTEX_POINT ( 'NONE', #726 ) ;
#736 = CARTESIAN_POINT ( 'NONE',  ( 8.146669922009270000, 35.96660178809185700, 36.10398836390864800 ) ) ;
#737 = EDGE_LOOP ( 'NONE', ( #1085 ) ) ;
#738 = DIRECTION ( 'NONE',  ( -0.4999999999999999400, -0.7499999999999998900, 0.4330127018922194600 ) ) ;
#739 = DIRECTION ( 'NONE',  ( -1.000000000000000000, 0.0000000000000000000, 0.0000000000000000000 ) ) ;
#740 = ORIENTED_EDGE ( 'NONE', *, *, #2627, .F. ) ;
#741 = CARTESIAN_POINT ( 'NONE',  ( 18.30569644159678700, -13.38660371554863100, -25.27498066581772600 ) ) ;
#742 = DIRECTION ( 'NONE',  ( 0.8660254037844387100, -0.4330127018922192400, 0.2500000000000001100 ) ) ;
#743 = ORIENTED_EDGE ( 'NONE', *, *, #1286, .T. ) ;
#744 = CARTESIAN_POINT ( 'NONE',  ( -7.337960906915864900, 41.86157432887930700, -0.1852775732600897600 ) ) ;
#745 = CARTESIAN_POINT ( 'NONE',  ( 18.39251331784758400, -13.16426035859081300, -25.39134145306009000 ) ) ;
#746 = VERTEX_POINT ( 'NONE', #703 ) ;
#747 = CARTESIAN_POINT ( 'NONE',  ( 5.728521599452991900, 30.83932043055321200, 28.67745826349467100 ) ) ;
#748 = DIRECTION ( 'NONE',  ( -0.06162841671621905500, -0.7044160264027592400, 0.7071067811865470200 ) ) ;
#749 = CARTESIAN_POINT ( 'NONE',  ( 18.50646489626814900, -12.94958222361514000, -25.50035921774105000 ) ) ;
#750 = DIRECTION ( 'NONE',  ( 0.0000000000000000000, 0.0000000000000000000, -1.000000000000000000 ) ) ;
#751 = PLANE ( 'NONE',  #1132 ) ;
#752 = PLANE ( 'NONE',  #2187 ) ;
#753 = CARTESIAN_POINT ( 'NONE',  ( 18.18904946986700800, -13.83782213353473300, -25.03079074450617700 ) ) ;
#754 = DIRECTION ( 'NONE',  ( 0.06162841671621927000, 0.7044160264027586900, 0.7071067811865476800 ) ) ;
#755 = ORIENTED_EDGE ( 'NONE', *, *, #1718, .T. ) ;
#756 = EDGE_LOOP ( 'NONE', ( #2499, #2465, #2455, #2442 ) ) ;
#757 = DIRECTION ( 'NONE',  ( 1.000000000000000000, 0.0000000000000000000, 0.0000000000000000000 ) ) ;
#758 = CARTESIAN_POINT ( 'NONE',  ( 18.15871225133275900, -14.07107204751074600, -24.90050355982585400 ) ) ;
#759 = ADVANCED_FACE ( 'E1297', ( #246 ), #2343, .T. ) ;
#760 = DIRECTION ( 'NONE',  ( 0.0000000000000000000, 0.0000000000000000000, 1.000000000000000000 ) ) ;
#761 = CARTESIAN_POINT ( 'NONE',  ( -7.599999999999999600, -74.00000000000000000, 0.0000000000000000000 ) ) ;
#762 = CARTESIAN_POINT ( 'NONE',  ( -6.232339838465238200, 42.04078614049584700, 0.03340054944243181500 ) ) ;
#763 = ORIENTED_EDGE ( 'NONE', *, *, #2100, .F. ) ;
#764 = DIRECTION ( 'NONE',  ( -6.123031769111888800E-017, 1.000000000000000000, 0.0000000000000000000 ) ) ;
#765 = CARTESIAN_POINT ( 'NONE',  ( 18.15878782073540500, -14.52980291130135300, -24.63564436863538600 ) ) ;
#766 = CARTESIAN_POINT ( 'NONE',  ( 18.18822044373778700, -14.75466704425042300, -24.50156703575521200 ) ) ;
#767 = EDGE_LOOP ( 'NONE', ( #1062 ) ) ;
#768 = CARTESIAN_POINT ( 'NONE',  ( 18.30558634966841300, -15.19567218831187100, -24.23052895707522600 ) ) ;
#769 = EDGE_CURVE ( 'E240', #2550, #2856, #248, .T. ) ;
#770 = CARTESIAN_POINT ( 'NONE',  ( 22.19999999999999900, 28.55875000000000000, 0.0000000000000000000 ) ) ;
#771 = CARTESIAN_POINT ( 'NONE',  ( 18.39363857222183900, -15.40940881761082600, -24.09495698685759600 ) ) ;
#772 = CARTESIAN_POINT ( 'NONE',  ( 18.50646489626814900, -15.60916777638484900, -23.96484678291664800 ) ) ;
#773 = PRODUCT_RELATED_PRODUCT_CATEGORY ( 'detail', '', ( #1990 ) ) ;
#774 = ADVANCED_FACE ( 'E203', ( #242 ), #225, .T. ) ;
#775 = DIRECTION ( 'NONE',  ( 0.0000000000000000000, 0.0000000000000000000, 1.000000000000000000 ) ) ;
#776 = CARTESIAN_POINT ( 'NONE',  ( 24.50940107675850000, 27.07499999999999900, 3.314998067369949900E-016 ) ) ;
#777 = CC_DESIGN_SECURITY_CLASSIFICATION ( #799, ( #820 ) ) ;
#778 = CARTESIAN_POINT ( 'NONE',  ( 29.10000000000000100, 0.0000000000000000000, 0.0000000000000000000 ) ) ;
#779 = ORIENTED_EDGE ( 'NONE', *, *, #1133, .F. ) ;
#780 = PLANE ( 'NONE',  #2208 ) ;
#781 = CC_DESIGN_APPROVAL ( #786, ( #799 ) ) ;
#782 = VERTEX_POINT ( 'NONE', #1545 ) ;
#783 = CARTESIAN_POINT ( 'NONE',  ( -6.423434614363829500, 42.00986738177265800, 0.4258960863656766600 ) ) ;
#784 = ADVANCED_FACE ( 'E1571', ( #238, #233 ), #194, .T. ) ;
#785 = DIRECTION ( 'NONE',  ( -1.000000000000000000, 0.0000000000000000000, 0.0000000000000000000 ) ) ;
#786 = APPROVAL ( #94, 'UNSPECIFIED' ) ;
#787 = ORIENTED_EDGE ( 'NONE', *, *, #284, .F. ) ;
#788 = DIRECTION ( 'NONE',  ( -1.000000000000000000, 0.0000000000000000000, -2.403703357979454600E-016 ) ) ;
#789 = EDGE_LOOP ( 'NONE', ( #1075 ) ) ;
#790 = EDGE_CURVE ( 'E329', #894, #468, #215, .T. ) ;
#791 = CC_DESIGN_DATE_AND_TIME_ASSIGNMENT ( #972, #95, ( #799 ) ) ;
#792 = DIRECTION ( 'NONE',  ( 0.0000000000000000000, 1.000000000000000000, 0.0000000000000000000 ) ) ;
#793 = CARTESIAN_POINT ( 'NONE',  ( -6.249999999999998200, 36.37817459305205100, -0.1453449294977934000 ) ) ;
#794 = VERTEX_POINT ( 'NONE', #1563 ) ;
#795 = CARTESIAN_POINT ( 'NONE',  ( 6.073118137758098300, 31.03020217994982500, 28.39929068081876600 ) ) ;
#796 = CC_DESIGN_PERSON_AND_ORGANIZATION_ASSIGNMENT ( #1001, #96, ( #799 ) ) ;
#797 = DIRECTION ( 'NONE',  ( 0.0000000000000000000, 0.0000000000000000000, 1.000000000000000000 ) ) ;
#798 = EDGE_LOOP ( 'NONE', ( #2731 ) ) ;
#799 = SECURITY_CLASSIFICATION ( '', '', #97 ) ;
#800 = CARTESIAN_POINT ( 'NONE',  ( 23.35470053837925200, 28.60000000000000100, -2.000000000000000000 ) ) ;
#801 = CARTESIAN_POINT ( 'NONE',  ( 6.204001749987493300, 31.08182734982960600, 28.31441929644896400 ) ) ;
#802 = ORIENTED_EDGE ( 'NONE', *, *, #1555, .T. ) ;
#803 = DIRECTION ( 'NONE',  ( -1.000000000000000000, 0.0000000000000000000, 0.0000000000000000000 ) ) ;
#804 = CARTESIAN_POINT ( 'NONE',  ( 19.89059892324149800, -14.30000000000000100, -24.76832654823494900 ) ) ;
#805 = ADVANCED_FACE ( 'E339', ( #180 ), #166, .T. ) ;
#806 = DIRECTION ( 'NONE',  ( 0.0000000000000000000, 0.0000000000000000000, 1.000000000000000000 ) ) ;
#807 = CARTESIAN_POINT ( 'NONE',  ( -19.00000000000000000, 0.0000000000000000000, 0.0000000000000000000 ) ) ;
#808 = DIRECTION ( 'NONE',  ( -1.000000000000000000, 0.0000000000000000000, 0.0000000000000000000 ) ) ;
#809 = ORIENTED_EDGE ( 'NONE', *, *, #2426, .F. ) ;
#810 = CC_DESIGN_PERSON_AND_ORGANIZATION_ASSIGNMENT ( #1011, #101, ( #820 ) ) ;
#811 = CC_DESIGN_PERSON_AND_ORGANIZATION_ASSIGNMENT ( #1014, #104, ( #820 ) ) ;
#812 = CARTESIAN_POINT ( 'NONE',  ( 22.46482394081341700, -7.606693297604506300, -21.17517926904464800 ) ) ;
#813 = CARTESIAN_POINT ( 'NONE',  ( 21.04529946162074700, 28.60000000000000100, -2.000000000000000000 ) ) ;
#814 = CC_DESIGN_APPROVAL ( #815, ( #820 ) ) ;
#815 = APPROVAL ( #114, 'UNSPECIFIED' ) ;
#816 = ORIENTED_EDGE ( 'NONE', *, *, #1050, .T. ) ;
#817 = CARTESIAN_POINT ( 'NONE',  ( -11.00000000000000000, 0.0000000000000000000, 0.0000000000000000000 ) ) ;
#818 = DIRECTION ( 'NONE',  ( 1.291940994102217100E-016, 0.0000000000000000000, -1.000000000000000000 ) ) ;
#819 = EDGE_LOOP ( 'NONE', ( #668, #660, #652, #646, #630, #626 ) ) ;
#820 = PRODUCT_DEFINITION_FORMATION_WITH_SPECIFIED_SOURCE ( 'ANY', '', #1990, .NOT_KNOWN. ) ;
#821 = CC_DESIGN_DATE_AND_TIME_ASSIGNMENT ( #1049, #117, ( #844 ) ) ;
#822 = ADVANCED_FACE ( 'E1213', ( #179 ), #1587, .T. ) ;
#823 = DIRECTION ( 'NONE',  ( 0.0000000000000000000, 0.0000000000000000000, 1.000000000000000000 ) ) ;
#824 = ORIENTED_EDGE ( 'NONE', *, *, #1083, .F. ) ;
#825 = DIRECTION ( 'NONE',  ( -6.123031769111888800E-017, 1.000000000000000000, 0.0000000000000000000 ) ) ;
#826 = DIRECTION ( 'NONE',  ( 1.000000000000000000, 0.0000000000000000000, 0.0000000000000000000 ) ) ;
#827 = CARTESIAN_POINT ( 'NONE',  ( -7.367680283188110300, 41.85674461368421400, -0.03266767571757592900 ) ) ;
#828 = CC_DESIGN_PERSON_AND_ORGANIZATION_ASSIGNMENT ( #1074, #122, ( #844 ) ) ;
#829 = ORIENTED_EDGE ( 'NONE', *, *, #1246, .F. ) ;
#830 = CARTESIAN_POINT ( 'NONE',  ( -7.310582410739350200, 41.86601964267064300, 0.2502672227857886100 ) ) ;
#831 = CC_DESIGN_APPROVAL ( #839, ( #844 ) ) ;
#832 = ORIENTED_EDGE ( 'NONE', *, *, #1803, .T. ) ;
#833 = CARTESIAN_POINT ( 'NONE',  ( 22.19999999999999900, 28.55875000000000000, 0.0000000000000000000 ) ) ;
#834 = VERTEX_POINT ( 'NONE', #1590 ) ;
#835 = CARTESIAN_POINT ( 'NONE',  ( -6.159999999999999300, 0.0000000000000000000, 0.0000000000000000000 ) ) ;
#836 = DIRECTION ( 'NONE',  ( 0.0000000000000000000, 0.0000000000000000000, 1.000000000000000000 ) ) ;
#837 = DIRECTION ( 'NONE',  ( 0.0000000000000000000, 0.0000000000000000000, 1.000000000000000000 ) ) ;
#838 = CARTESIAN_POINT ( 'NONE',  ( -7.223243189209059200, 41.88020736432491700, 0.3793649371568063600 ) ) ;
#839 = APPROVAL ( #126, 'UNSPECIFIED' ) ;
#840 = CARTESIAN_POINT ( 'NONE',  ( 23.35470053837925200, -16.03205080756884700, -23.76832654823494900 ) ) ;
#841 = CARTESIAN_POINT ( 'NONE',  ( 22.19999999999999900, -14.80000000000000100, -25.63435195201940100 ) ) ;
#842 = DIRECTION ( 'NONE',  ( 1.000000000000000000, 0.0000000000000000000, 2.403703357979454600E-016 ) ) ;
#843 = CARTESIAN_POINT ( 'NONE',  ( 6.477715820756881000, 31.16217310032091000, 28.16441255600295800 ) ) ;
#844 = PRODUCT_DEFINITION ( 'UNKNOWN', '', #820, #1442 ) ;
#845 = CARTESIAN_POINT ( 'NONE',  ( 22.19999999999999900, -7.606693297604509900, -21.17517926904465100 ) ) ;
#846 = CARTESIAN_POINT ( 'NONE',  ( 22.72511502565343000, -7.631617982951056900, -21.16627235792234500 ) ) ;
#847 = ORIENTED_EDGE ( 'NONE', *, *, #980, .F. ) ;
#848 = CC_DESIGN_PERSON_AND_ORGANIZATION_ASSIGNMENT ( #1113, #136, ( #1990 ) ) ;
#849 = CARTESIAN_POINT ( 'NONE',  ( -6.984203248157247600, 41.91900180201288600, 0.5377003962469780700 ) ) ;
#850 = CARTESIAN_POINT ( 'NONE',  ( -6.834089640602101700, 41.94334757467606100, 0.5675564925820816300 ) ) ;
#851 = DIRECTION ( 'NONE',  ( -2.403703357979454600E-016, 0.0000000000000000000, 1.000000000000000000 ) ) ;
#852 = AXIS2_PLACEMENT_3D ( 'NONE', #335, #151, #183 ) ;
#853 = CARTESIAN_POINT ( 'NONE',  ( 23.23703589174756000, -7.728910741931313700, -21.13093981134554200 ) ) ;
#854 = DIRECTION ( 'NONE',  ( -0.06162841671621931800, -0.7044160264027589100, 0.7071067811865473500 ) ) ;
#855 = VERTEX_POINT ( 'NONE', #1602 ) ;
#856 = CARTESIAN_POINT ( 'NONE',  ( 23.49135643662038200, -7.802490765496276700, -21.10406388500516100 ) ) ;
#857 = CARTESIAN_POINT ( 'NONE',  ( 23.97548828519558800, -7.993240105308555800, -21.03255779088506800 ) ) ;
#858 = CARTESIAN_POINT ( 'NONE',  ( 23.35470053837925200, 28.60000000000000100, -2.000000000000000000 ) ) ;
#859 = ORIENTED_EDGE ( 'NONE', *, *, #967, .T. ) ;
#860 = CARTESIAN_POINT ( 'NONE',  ( 24.20502227327716900, -8.109558719331779700, -20.98824882140438700 ) ) ;
#861 = DIRECTION ( 'NONE',  ( 1.000000000000000000, 0.0000000000000000000, 1.224606353822375800E-016 ) ) ;
#862 = ORIENTED_EDGE ( 'NONE', *, *, #2778, .F. ) ;
#863 = DIRECTION ( 'NONE',  ( -6.123031769111887500E-017, -0.4999999999999998900, -0.8660254037844387100 ) ) ;
#864 = EDGE_CURVE ( 'E124', #1370, #2014, #171, .T. ) ;
#865 = CARTESIAN_POINT ( 'NONE',  ( 24.63942320655143400, -8.382609681608821400, -20.88069410094575700 ) ) ;
#866 = DIRECTION ( 'NONE',  ( 0.0000000000000000000, 0.8660254037844386000, -0.5000000000000002200 ) ) ;
#867 = CARTESIAN_POINT ( 'NONE',  ( 24.84468407916684300, -8.540461963916582600, -20.81693902458009000 ) ) ;
#868 = ORIENTED_EDGE ( 'NONE', *, *, #980, .T. ) ;
#869 = ORIENTED_EDGE ( 'NONE', *, *, #2251, .T. ) ;
#870 = PLANE ( 'NONE',  #1168 ) ;
#871 = CARTESIAN_POINT ( 'NONE',  ( 25.21282094744539700, -8.882677723738781900, -20.67323093680292300 ) ) ;
#872 = ORIENTED_EDGE ( 'NONE', *, *, #1189, .F. ) ;
#873 = CARTESIAN_POINT ( 'NONE',  ( 25.37821011207823900, -9.068353875233476900, -20.59279443611106700 ) ) ;
#874 = ORIENTED_EDGE ( 'NONE', *, *, #2313, .F. ) ;
#875 = CARTESIAN_POINT ( 'NONE',  ( 21.04529946162074700, 28.60000000000000100, -2.000000000000000000 ) ) ;
#876 = VERTEX_POINT ( 'NONE', #1612 ) ;
#877 = AXIS2_PLACEMENT_3D ( 'NONE', #349, #344, #350 ) ;
#878 = CARTESIAN_POINT ( 'NONE',  ( -6.551307302513162500, 41.98916819333401000, 0.5113065793486092400 ) ) ;
#879 = DIRECTION ( 'NONE',  ( -0.4999999999999998900, 0.0000000000000000000, 0.8660254037844387100 ) ) ;
#880 = VERTEX_POINT ( 'NONE', #1616 ) ;
#881 = DIRECTION ( 'NONE',  ( -6.123031769111888800E-017, 1.000000000000000000, 0.0000000000000000000 ) ) ;
#882 = CARTESIAN_POINT ( 'NONE',  ( 25.67065008014347800, -9.468561648160941100, -20.41187313818514300 ) ) ;
#883 = AXIS2_PLACEMENT_3D ( 'NONE', #354, #367, #359 ) ;
#884 = CARTESIAN_POINT ( 'NONE',  ( -7.599999999999999600, -50.15974481593780600, -20.00000000000000000 ) ) ;
#885 = CARTESIAN_POINT ( 'NONE',  ( 5.143405053513652600, 29.64057238039449200, 30.02095785335421100 ) ) ;
#886 = CARTESIAN_POINT ( 'NONE',  ( 25.99425735904598200, -10.11242716733076100, -20.10091902063786100 ) ) ;
#887 = DIRECTION ( 'NONE',  ( -1.000000000000000000, 0.0000000000000000000, -6.123031769111888800E-017 ) ) ;
#888 = EDGE_CURVE ( 'E1292', #341, #485, #157, .T. ) ;
#889 = ORIENTED_EDGE ( 'NONE', *, *, #1375, .T. ) ;
#890 = DIRECTION ( 'NONE',  ( -1.000000000000000000, 0.0000000000000000000, -6.123031769111888800E-017 ) ) ;
#891 = EDGE_CURVE ( 'E1277', #698, #485, #163, .T. ) ;
#892 = CARTESIAN_POINT ( 'NONE',  ( 26.07134741501183600, -10.33786858343178700, -19.98612678560454400 ) ) ;
#893 = CARTESIAN_POINT ( 'NONE',  ( 26.17431263770823700, -10.79420906511325400, -19.74339994522706100 ) ) ;
#894 = VERTEX_POINT ( 'NONE', #1651 ) ;
#895 =( GEOMETRIC_REPRESENTATION_CONTEXT ( 3 ) GLOBAL_UNCERTAINTY_ASSIGNED_CONTEXT ( ( #1145 ) ) GLOBAL_UNIT_ASSIGNED_CONTEXT ( ( #147, #146, #145 ) ) REPRESENTATION_CONTEXT ( 'NONE', 'WORKASPACE' ) );
#896 = CARTESIAN_POINT ( 'NONE',  ( 26.19984776780203700, -11.02156208968681700, -19.61742902392720100 ) ) ;
#897 = ORIENTED_EDGE ( 'NONE', *, *, #1020, .T. ) ;
#898 = CARTESIAN_POINT ( 'NONE',  ( 22.19999999999999900, 29.60000000000000100, 0.0000000000000000000 ) ) ;
#899 = CARTESIAN_POINT ( 'NONE',  ( 26.20015088796131100, -11.47442146931896700, -19.35603276371671600 ) ) ;
#900 = AXIS2_PLACEMENT_3D ( 'NONE', #362, #368, #374 ) ;
#901 = DIRECTION ( 'NONE',  ( 0.0000000000000000000, 0.0000000000000000000, 1.000000000000000000 ) ) ;
#902 = CARTESIAN_POINT ( 'NONE',  ( -6.263144828404592500, 42.03580495866792400, 0.1870173542005718100 ) ) ;
#903 = CARTESIAN_POINT ( 'NONE',  ( 26.17405876598331800, -11.70212505072218400, -19.21916350189067300 ) ) ;
#904 = EDGE_LOOP ( 'NONE', ( #2979 ) ) ;
#905 = CARTESIAN_POINT ( 'NONE',  ( -11.00000000000000000, 0.0000000000000000000, 0.0000000000000000000 ) ) ;
#906 = AXIS2_PLACEMENT_3D ( 'NONE', #382, #372, #370 ) ;
#907 = CARTESIAN_POINT ( 'NONE',  ( 26.07178622261742300, -12.13782793580764100, -18.94700792779360700 ) ) ;
#908 = DIRECTION ( 'NONE',  ( -0.8660254037844387100, 0.4330127018922192400, -0.2500000000000001100 ) ) ;
#909 = VERTEX_POINT ( 'NONE', #1654 ) ;
#910 = ADVANCED_FACE ( 'E1583', ( #158, #323, #141, #143 ), #125, .F. ) ;
#911 = AXIS2_PLACEMENT_3D ( 'NONE', #379, #383, #388 ) ;
#912 = DIRECTION ( 'NONE',  ( -1.000000000000000000, 0.0000000000000000000, 0.0000000000000000000 ) ) ;
#913 = DIRECTION ( 'NONE',  ( 0.0000000000000000000, 1.000000000000000000, 0.0000000000000000000 ) ) ;
#914 = CARTESIAN_POINT ( 'NONE',  ( 25.99612169537525100, -12.34745079416795800, -18.81088842547729500 ) ) ;
#915 = CARTESIAN_POINT ( 'NONE',  ( 25.79533098763197100, -12.75089096806385500, -18.53979082920575600 ) ) ;
#916 = EDGE_LOOP ( 'NONE', ( #2808 ) ) ;
#917 = EDGE_CURVE ( 'NONE', #1447, #1447, #57, .T. ) ;
#918 = CARTESIAN_POINT ( 'NONE',  ( 5.188716588347499900, 29.40841231277226000, 30.24067728114859900 ) ) ;
#919 = CARTESIAN_POINT ( 'NONE',  ( 25.67032114346020300, -12.94309242210829500, -18.40580477832261500 ) ) ;
#920 = CARTESIAN_POINT ( 'NONE',  ( 29.10000000000000100, 0.0000000000000000000, 0.0000000000000000000 ) ) ;
#921 = AXIS2_PLACEMENT_3D ( 'NONE', #390, #397, #384 ) ;
#922 = CARTESIAN_POINT ( 'NONE',  ( 25.38108176005788900, -13.29642941709353300, -18.15219699488771700 ) ) ;
#923 = VERTEX_POINT ( 'NONE', #1668 ) ;
#924 = CARTESIAN_POINT ( 'NONE',  ( 24.50940107675850000, -14.30000000000000100, -24.76832654823494900 ) ) ;
#925 = PLANE ( 'NONE',  #1193 ) ;
#926 = CARTESIAN_POINT ( 'NONE',  ( 25.21522385848431800, -13.46023117444308600, -18.03073462853423700 ) ) ;
#927 = B_SPLINE_CURVE_WITH_KNOTS ( 'NONE', 3,
 ( #1415, #1171, #1412, #1424, #1428, #1432, #1433, #1436, #1441, #1445 ),
 .UNSPECIFIED., .F., .F.,
 ( 4, 2, 2, 2, 4 ),
 ( 4.065069765066077000E-008, 0.0007894782803704897700, 0.001578915910043328900, 0.002368353539716167700, 0.003157791169389005900 ),
 .UNSPECIFIED. ) ;
#928 = ORIENTED_EDGE ( 'NONE', *, *, #1555, .F. ) ;
#929 = ORIENTED_EDGE ( 'NONE', *, *, #1246, .T. ) ;
#930 = CARTESIAN_POINT ( 'NONE',  ( 24.84307970283623800, -13.75909896909047700, -17.80371899555950700 ) ) ;
#931 = CARTESIAN_POINT ( 'NONE',  ( 7.710081628160620100, 31.18538990875610000, 27.82581710437184700 ) ) ;
#932 = EDGE_CURVE ( 'E291', #923, #572, #130, .T. ) ;
#933 = EDGE_LOOP ( 'NONE', ( #461, #455, #451, #447 ) ) ;
#934 = CARTESIAN_POINT ( 'NONE',  ( 24.64168021423297700, -13.89047019152230800, -17.70102483176675500 ) ) ;
#935 = APPROVAL_DATE_TIME ( #940, #786 ) ;
#936 = AXIS2_PLACEMENT_3D ( 'NONE', #332, #337, #353 ) ;
#937 = ORIENTED_EDGE ( 'NONE', *, *, #1020, .F. ) ;
#938 = EDGE_CURVE ( 'NONE', #1431, #1431, #138, .T. ) ;
#939 = CARTESIAN_POINT ( 'NONE',  ( 24.20905854311806800, -14.11968300030850000, -17.51873266555524800 ) ) ;
#940 = DATE_AND_TIME ( #943, #948 ) ;
#941 = CARTESIAN_POINT ( 'NONE',  ( 23.97496950744534100, -14.21829546183938000, -17.43847540633719700 ) ) ;
#942 = ORIENTED_EDGE ( 'NONE', *, *, #1178, .T. ) ;
#943 = CALENDAR_DATE ( 2019, 8, 3 ) ;
#944 = EDGE_CURVE ( 'NONE', #1427, #1427, #121, .T. ) ;
#945 = CARTESIAN_POINT ( 'NONE',  ( 23.49129800692420400, -14.37541142495455800, -17.30918532747498200 ) ) ;
#946 = CARTESIAN_POINT ( 'NONE',  ( 23.24198805448118700, -14.43448980088716900, -17.25972857032220300 ) ) ;
#947 = CARTESIAN_POINT ( 'NONE',  ( 22.72833197685009300, -14.51443805332395700, -17.19255112335959300 ) ) ;
#948 = LOCAL_TIME ( 9, 12, 47.00000000000000000, #952 ) ;
#949 = AXIS2_PLACEMENT_3D ( 'NONE', #401, #394, #393 ) ;
#950 = DIRECTION ( 'NONE',  ( 0.0000000000000000000, 0.0000000000000000000, 1.000000000000000000 ) ) ;
#951 = CARTESIAN_POINT ( 'NONE',  ( -6.289150526946548900, 42.03159613847138600, -0.2497728399521132200 ) ) ;
#952 = COORDINATED_UNIVERSAL_TIME_OFFSET ( 3, 0, .BEHIND. ) ;
#953 = B_SPLINE_CURVE_WITH_KNOTS ( 'NONE', 3,
 ( #688, #693, #687, #682, #681, #675, #674, #671, #667, #664, #661, #658, #655, #651, #650, #649, #647, #645, #641, #639, #632, #629, #625, #619, #616, #614, #610, #607 ),
 .UNSPECIFIED., .F., .F.,
 ( 4, 2, 2, 2, 2, 2, 2, 2, 2, 2, 2, 2, 2, 4 ),
 ( 0.007831313843589114700, 0.008417787053965005600, 0.009004260264340898200, 0.009590733474716789000, 0.01017720668509268200, 0.01135015310584445300, 0.01193662631622033700, 0.01252309952659621700, 0.01310957273697209800, 0.01369604594734797800, 0.01428251915772386000, 0.01486899236809974100, 0.01604193878885150400, 0.01721488520960326800 ),
 .UNSPECIFIED. ) ;
#954 = DIRECTION ( 'NONE',  ( 1.000000000000000000, 0.0000000000000000000, 0.0000000000000000000 ) ) ;
#955 = ORIENTED_EDGE ( 'NONE', *, *, #944, .F. ) ;
#956 = DIRECTION ( 'NONE',  ( -1.000000000000000000, 0.0000000000000000000, 0.0000000000000000000 ) ) ;
#957 = CARTESIAN_POINT ( 'NONE',  ( 19.89059892324149800, 28.60000000000000100, -4.242160848184054900E-016 ) ) ;
#958 = ORIENTED_EDGE ( 'NONE', *, *, #938, .F. ) ;
#959 = CARTESIAN_POINT ( 'NONE',  ( 22.46289532200228600, -14.53481585554516700, -17.17524753988990600 ) ) ;
#960 = CARTESIAN_POINT ( 'NONE',  ( 25.79458520885288000, -9.679371533673380800, -20.31299818839956100 ) ) ;
#961 = CARTESIAN_POINT ( 'NONE',  ( 22.19999999999999900, -11.25000000000000000, -19.48557158514984900 ) ) ;
#962 = APPROVAL_PERSON_ORGANIZATION ( #964, #786, #89 ) ;
#963 = CARTESIAN_POINT ( 'NONE',  ( 21.94027900888420000, -14.53497671170097600, -17.17511141161569200 ) ) ;
#964 = PERSON_AND_ORGANIZATION ( #2286, #1122 ) ;
#965 = CARTESIAN_POINT ( 'NONE',  ( 21.68019583447894000, -14.51541100937607500, -17.19172953130355500 ) ) ;
#966 = CARTESIAN_POINT ( 'NONE',  ( 21.16254766300676600, -14.43554129129624100, -17.25884899626542100 ) ) ;
#967 = EDGE_CURVE ( 'E52', #695, #465, #119, .T. ) ;
#968 = AXIS2_PLACEMENT_3D ( 'NONE', #408, #405, #400 ) ;
#969 = DIRECTION ( 'NONE',  ( 0.4999999999999998900, 0.0000000000000000000, 0.8660254037844387100 ) ) ;
#970 = CARTESIAN_POINT ( 'NONE',  ( -6.375556886423643400, 42.01761901376261200, -0.3785219086031514900 ) ) ;
#971 = CARTESIAN_POINT ( 'NONE',  ( 20.91081262499608300, -14.37590445441461600, -17.30877186505650700 ) ) ;
#972 = DATE_AND_TIME ( #978, #987 ) ;
#973 = DIRECTION ( 'NONE',  ( 0.0000000000000000000, 0.4999999999999998900, 0.8660254037844387100 ) ) ;
#974 = AXIS2_PLACEMENT_3D ( 'NONE', #426, #427, #418 ) ;
#975 = AXIS2_PLACEMENT_3D ( 'NONE', #430, #428, #440 ) ;
#976 = CARTESIAN_POINT ( 'NONE',  ( 20.42922103723525900, -14.21984680411161900, -17.43720646280894500 ) ) ;
#977 = CARTESIAN_POINT ( 'NONE',  ( 7.549948834457568500, 31.21214125416383600, 27.84020610765502800 ) ) ;
#978 = CALENDAR_DATE ( 2019, 8, 3 ) ;
#979 = CARTESIAN_POINT ( 'NONE',  ( 20.19584566490342300, -14.12203243118021100, -17.51684596651103800 ) ) ;
#980 = EDGE_CURVE ( 'NONE', #1426, #1426, #2754, .T. ) ;
#981 = CARTESIAN_POINT ( 'NONE',  ( 19.75980602040698700, -13.89150293971048800, -17.70022143019104600 ) ) ;
#982 = CARTESIAN_POINT ( 'NONE',  ( 19.55871807143771700, -13.76017596709555600, -17.80286574028573600 ) ) ;
#983 = ORIENTED_EDGE ( 'NONE', *, *, #938, .T. ) ;
#984 = DIRECTION ( 'NONE',  ( 1.000000000000000000, 0.0000000000000000000, 0.0000000000000000000 ) ) ;
#985 = CARTESIAN_POINT ( 'NONE',  ( 19.18965903205609900, -13.46451281321835200, -18.02751690929043300 ) ) ;
#986 = ORIENTED_EDGE ( 'NONE', *, *, #1178, .F. ) ;
#987 = LOCAL_TIME ( 9, 12, 47.00000000000000000, #992 ) ;
#988 = DIRECTION ( 'NONE',  ( 0.0000000000000000000, 1.000000000000000000, 0.0000000000000000000 ) ) ;
#989 = EDGE_LOOP ( 'NONE', ( #2517 ) ) ;
#990 = CARTESIAN_POINT ( 'NONE',  ( 19.02083595704364400, -13.29849657060990300, -18.15068583052278600 ) ) ;
#991 = CARTESIAN_POINT ( 'NONE',  ( -6.767160904297649700, 41.95419676442228500, -0.5672327451001940600 ) ) ;
#992 = COORDINATED_UNIVERSAL_TIME_OFFSET ( 3, 0, .BEHIND. ) ;
#993 = CARTESIAN_POINT ( 'NONE',  ( 6.621280272130925400, 31.19153654013661000, 28.09844954659543600 ) ) ;
#994 = EDGE_CURVE ( 'E134', #1820, #458, #107, .T. ) ;
#995 = CARTESIAN_POINT ( 'NONE',  ( 18.73081396402502800, -12.94475173520884100, -18.40464098184672200 ) ) ;
#996 = AXIS2_PLACEMENT_3D ( 'NONE', #460, #456, #462 ) ;
#997 = CARTESIAN_POINT ( 'NONE',  ( 18.60766132234595500, -12.75591561433728800, -18.53633392672917400 ) ) ;
#998 = ORIENTED_EDGE ( 'NONE', *, *, #1908, .F. ) ;
#999 = CARTESIAN_POINT ( 'NONE',  ( -6.616741999817471700, 41.97856822288665100, -0.5383746811692246000 ) ) ;
#1000 = ORIENTED_EDGE ( 'NONE', *, *, #686, .F. ) ;
#1001 = PERSON_AND_ORGANIZATION ( #2286, #1122 ) ;
#1002 = ORIENTED_EDGE ( 'NONE', *, *, #678, .F. ) ;
#1003 = EDGE_CURVE ( 'E340', #1598, #503, #149, .T. ) ;
#1004 = DIRECTION ( 'NONE',  ( 0.0000000000000000000, -0.8660254037844389300, 0.4999999999999995600 ) ) ;
#1005 = CARTESIAN_POINT ( 'NONE',  ( 18.40594631536101700, -12.35256911503781800, -18.80752761161123100 ) ) ;
#1006 = CARTESIAN_POINT ( 'NONE',  ( 18.32888402476263700, -12.13973167799309900, -18.94577542618528900 ) ) ;
#1007 = ORIENTED_EDGE ( 'NONE', *, *, #2280, .T. ) ;
#1008 = AXIS2_PLACEMENT_3D ( 'NONE', #471, #479, #483 ) ;
#1009 = CARTESIAN_POINT ( 'NONE',  ( 18.22655296377906400, -11.70567093302536500, -19.21699143260568100 ) ) ;
#1010 = ORIENTED_EDGE ( 'NONE', *, *, #686, .T. ) ;
#1011 = PERSON_AND_ORGANIZATION ( #2286, #1122 ) ;
#1012 = DIRECTION ( 'NONE',  ( 0.0000000000000000000, 0.0000000000000000000, 1.000000000000000000 ) ) ;
#1013 = CARTESIAN_POINT ( 'NONE',  ( 18.20020477574317000, -11.48149444867091700, -19.35187616652170200 ) ) ;
#1014 = PERSON_AND_ORGANIZATION ( #2286, #1122 ) ;
#1015 = AXIS2_PLACEMENT_3D ( 'NONE', #507, #482, #481 ) ;
#1016 = ORIENTED_EDGE ( 'NONE', *, *, #1930, .T. ) ;
#1017 = CARTESIAN_POINT ( 'NONE',  ( 18.19979759863415900, -11.02384317914005300, -19.61618483551220000 ) ) ;
#1018 = CARTESIAN_POINT ( 'NONE',  ( 18.22552538185918900, -10.79625350855370200, -19.74225447247442800 ) ) ;
#1019 = AXIS2_PLACEMENT_3D ( 'NONE', #500, #491, #514 ) ;
#1020 = EDGE_CURVE ( 'NONE', #1422, #1422, #123, .T. ) ;
#1021 = ORIENTED_EDGE ( 'NONE', *, *, #1925, .T. ) ;
#1022 = APPROVAL_DATE_TIME ( #1031, #815 ) ;
#1023 = AXIS2_PLACEMENT_3D ( 'NONE', #504, #501, #506 ) ;
#1024 = ORIENTED_EDGE ( 'NONE', *, *, #678, .T. ) ;
#1025 = CARTESIAN_POINT ( 'NONE',  ( 18.32704331629383200, -10.34369717231433100, -19.98308360299658700 ) ) ;
#1026 = ORIENTED_EDGE ( 'NONE', *, *, #1943, .T. ) ;
#1027 = CARTESIAN_POINT ( 'NONE',  ( 18.40417740748991400, -10.11631502698217700, -20.09897818664766300 ) ) ;
#1028 = AXIS2_PLACEMENT_3D ( 'NONE', #449, #432, #431 ) ;
#1029 = DIRECTION ( 'NONE',  ( 1.000000000000000000, 0.0000000000000000000, 6.009258394948640100E-016 ) ) ;
#1030 = CARTESIAN_POINT ( 'NONE',  ( 18.60445520611284600, -9.680965756440386400, -20.31225383592654800 ) ) ;
#1031 = DATE_AND_TIME ( #1034, #1036 ) ;
#1032 = CARTESIAN_POINT ( 'NONE',  ( 18.72710880489188400, -9.472248048455147900, -20.41015334544983900 ) ) ;
#1033 = VERTEX_POINT ( 'NONE', #1903 ) ;
#1034 = CALENDAR_DATE ( 2019, 8, 3 ) ;
#1035 = CARTESIAN_POINT ( 'NONE',  ( 19.01746414279966400, -9.073668142878293700, -20.59044412122174400 ) ) ;
#1036 = LOCAL_TIME ( 9, 12, 47.00000000000000000, #1040 ) ;
#1037 = ADVANCED_FACE ( 'E1130', ( #100, #90 ), #1932, .T. ) ;
#1038 = AXIS2_PLACEMENT_3D ( 'NONE', #539, #525, #522 ) ;
#1039 = CARTESIAN_POINT ( 'NONE',  ( 19.18563584882080900, -8.884319846971124000, -20.67252531029010100 ) ) ;
#1040 = COORDINATED_UNIVERSAL_TIME_OFFSET ( 3, 0, .BEHIND. ) ;
#1041 = CARTESIAN_POINT ( 'NONE',  ( 19.55332099846685200, -8.542110828949290600, -20.81626249915716900 ) ) ;
#1042 = ORIENTED_EDGE ( 'NONE', *, *, #1803, .F. ) ;
#1043 = APPROVAL_PERSON_ORGANIZATION ( #1046, #815, #112 ) ;
#1044 = AXIS2_PLACEMENT_3D ( 'NONE', #543, #541, #548 ) ;
#1045 = CARTESIAN_POINT ( 'NONE',  ( 19.75433356330677600, -8.386930737874093800, -20.87897028563282800 ) ) ;
#1046 = PERSON_AND_ORGANIZATION ( #2286, #1122 ) ;
#1047 = CARTESIAN_POINT ( 'NONE',  ( 11.00000000000000000, 0.0000000000000000000, 0.0000000000000000000 ) ) ;
#1048 = ORIENTED_EDGE ( 'NONE', *, *, #281, .T. ) ;
#1049 = DATE_AND_TIME ( #1052, #1059 ) ;
#1050 = EDGE_CURVE ( 'E79', #493, #512, #1337, .T. ) ;
#1051 = CARTESIAN_POINT ( 'NONE',  ( 20.19223881436948500, -8.110891611511643600, -20.98774510652694400 ) ) ;
#1052 = CALENDAR_DATE ( 2019, 8, 3 ) ;
#1053 = ADVANCED_FACE ( 'E1439', ( #85, #98 ), #91, .T. ) ;
#1054 = ADVANCED_FACE ( 'E1180', ( #71, #87 ), #64, .T. ) ;
#1055 = DIRECTION ( 'NONE',  ( 0.0000000000000000000, 0.0000000000000000000, 1.000000000000000000 ) ) ;
#1056 = CARTESIAN_POINT ( 'NONE',  ( 20.42289154576374000, -7.994108423178002600, -21.03222576241345400 ) ) ;
#1057 = CARTESIAN_POINT ( 'NONE',  ( 20.90387484911839900, -7.804142719995184100, -21.10345105447448000 ) ) ;
#1058 = ORIENTED_EDGE ( 'NONE', *, *, #1560, .T. ) ;
#1059 = LOCAL_TIME ( 9, 12, 47.00000000000000000, #1070 ) ;
#1060 = AXIS2_PLACEMENT_3D ( 'NONE', #551, #550, #557 ) ;
#1061 = AXIS2_PLACEMENT_3D ( 'NONE', #511, #537, #509 ) ;
#1062 = ORIENTED_EDGE ( 'NONE', *, *, #1675, .F. ) ;
#1063 = DIRECTION ( 'NONE',  ( 0.4999999999999998900, 0.0000000000000000000, -0.8660254037844387100 ) ) ;
#1064 = CARTESIAN_POINT ( 'NONE',  ( 21.15708658688804900, -7.730260918382425600, -21.13044768499639400 ) ) ;
#1065 = AXIS2_PLACEMENT_3D ( 'NONE', #602, #566, #552 ) ;
#1066 = VERTEX_POINT ( 'NONE', #2004 ) ;
#1067 = AXIS2_PLACEMENT_3D ( 'NONE', #567, #564, #563 ) ;
#1068 = CARTESIAN_POINT ( 'NONE',  ( 21.67365096222858200, -7.631622571249779200, -21.16627246740981500 ) ) ;
#1069 = CARTESIAN_POINT ( 'NONE',  ( 21.93517605918658500, -7.606693297604513400, -21.17517926904465500 ) ) ;
#1070 = COORDINATED_UNIVERSAL_TIME_OFFSET ( 3, 0, .BEHIND. ) ;
#1071 = AXIS2_PLACEMENT_3D ( 'NONE', #578, #577, #575 ) ;
#1072 = EDGE_CURVE ( 'E555', #1626, #1839, #68, .T. ) ;
#1073 = DIRECTION ( 'NONE',  ( 0.0000000000000000000, -1.000000000000000000, 0.0000000000000000000 ) ) ;
#1074 = PERSON_AND_ORGANIZATION ( #2286, #1122 ) ;
#1075 = ORIENTED_EDGE ( 'NONE', *, *, #1282, .T. ) ;
#1076 = CARTESIAN_POINT ( 'NONE',  ( 22.19999999999999900, -7.606693297604509900, -21.17517926904465100 ) ) ;
#1077 = CARTESIAN_POINT ( 'NONE',  ( 26.00603416651340900, -15.40998823354098600, -24.09457959239527700 ) ) ;
#1078 = APPROVAL_DATE_TIME ( #1079, #839 ) ;
#1079 = DATE_AND_TIME ( #1082, #1097 ) ;
#1080 = CARTESIAN_POINT ( 'NONE',  ( 23.35470053837925200, 28.60000000000000100, 2.000000000000000000 ) ) ;
#1081 = CARTESIAN_POINT ( 'NONE',  ( 18.30612862453243700, 28.58202526090129700, 1.045877231893806500 ) ) ;
#1082 = CALENDAR_DATE ( 2019, 8, 3 ) ;
#1083 = EDGE_CURVE ( 'E70', #493, #2055, #77, .T. ) ;
#1084 = CARTESIAN_POINT ( 'NONE',  ( 24.50940107675850000, 28.60000000000000100, 1.414053616061350100E-016 ) ) ;
#1085 = ORIENTED_EDGE ( 'NONE', *, *, #2169, .F. ) ;
#1086 = ADVANCED_FACE ( 'E942', ( #80 ), #53, .T. ) ;
#1087 = DIRECTION ( 'NONE',  ( -2.403703357979455600E-016, 0.8660254037844387100, -0.4999999999999998900 ) ) ;
#1088 = DIRECTION ( 'NONE',  ( 1.000000000000000000, 2.081668171172169700E-016, -1.201851678989726100E-016 ) ) ;
#1089 = ORIENTED_EDGE ( 'NONE', *, *, #1094, .F. ) ;
#1090 = ORIENTED_EDGE ( 'NONE', *, *, #944, .T. ) ;
#1091 = CARTESIAN_POINT ( 'NONE',  ( 7.078416312229278700, 31.23563380995772900, 27.93755605064607600 ) ) ;
#1092 = AXIS2_PLACEMENT_3D ( 'NONE', #605, #598, #597 ) ;
#1093 = VERTEX_POINT ( 'NONE', #2052 ) ;
#1094 = EDGE_CURVE ( 'NONE', #1420, #1420, #62, .T. ) ;
#1095 = CARTESIAN_POINT ( 'NONE',  ( 26.09450036453710800, -15.19517353997693800, -24.23082925207283700 ) ) ;
#1096 = DIRECTION ( 'NONE',  ( 0.0000000000000000000, 0.0000000000000000000, -1.000000000000000000 ) ) ;
#1097 = LOCAL_TIME ( 9, 12, 47.00000000000000000, #1100 ) ;
#1098 = DIRECTION ( 'NONE',  ( 0.0000000000000000000, 0.0000000000000000000, 1.000000000000000000 ) ) ;
#1099 = ORIENTED_EDGE ( 'NONE', *, *, #1562, .T. ) ;
#1100 = COORDINATED_UNIVERSAL_TIME_OFFSET ( 3, 0, .BEHIND. ) ;
#1101 = CARTESIAN_POINT ( 'NONE',  ( 25.89353510373189900, -15.60916777638484900, -23.96484678291664800 ) ) ;
#1102 = ORIENTED_EDGE ( 'NONE', *, *, #1072, .F. ) ;
#1103 = APPROVAL_PERSON_ORGANIZATION ( #1107, #839, #124 ) ;
#1104 = AXIS2_PLACEMENT_3D ( 'NONE', #729, #717, #696 ) ;
#1105 = CARTESIAN_POINT ( 'NONE',  ( 26.21142843892960900, -14.75615880304983400, -24.50065636941790700 ) ) ;
#1106 = CARTESIAN_POINT ( 'NONE',  ( 26.24108297542729700, -14.53165676453234100, -24.63455557483668600 ) ) ;
#1107 = PERSON_AND_ORGANIZATION ( #2286, #1122 ) ;
#1108 = DIRECTION ( 'NONE',  ( -0.4999999999999998900, 0.0000000000000000000, -0.8660254037844387100 ) ) ;
#1109 = PLANE ( 'NONE',  #1224 ) ;
#1110 = VERTEX_POINT ( 'NONE', #2047 ) ;
#1111 = EDGE_CURVE ( 'E246', #2550, #894, #61, .T. ) ;
#1112 = CARTESIAN_POINT ( 'NONE',  ( 26.24141563263468800, -14.07218842993952300, -24.89987729857663400 ) ) ;
#1113 = PERSON_AND_ORGANIZATION ( #2286, #1122 ) ;
#1114 = CARTESIAN_POINT ( 'NONE',  ( 7.391618426903174400, 31.22735299164788700, 27.86561029742726300 ) ) ;
#1115 = VERTEX_POINT ( 'NONE', #1991 ) ;
#1116 = CARTESIAN_POINT ( 'NONE',  ( 26.21133008473029900, -13.83985158728654100, -25.02967301083041100 ) ) ;
#1117 = CARTESIAN_POINT ( 'NONE',  ( 26.09478487948407700, -13.38790846056335000, -25.27429385836103700 ) ) ;
#1118 = EDGE_CURVE ( 'E581', #2414, #1598, #65, .T. ) ;
#1119 = AXIS2_PLACEMENT_3D ( 'NONE', #705, #702, #697 ) ;
#1120 = EDGE_LOOP ( 'NONE', ( #1886, #2895, #283, #1396, #1217, #1708 ) ) ;
#1121 = CARTESIAN_POINT ( 'NONE',  ( 26.00688371574207400, -13.16312440500234400, -25.39191831255725900 ) ) ;
#1122 = ORGANIZATION ( 'UNSPECIFIED', 'UNSPECIFIED', '' ) ;
#1123 = CARTESIAN_POINT ( 'NONE',  ( 25.89353510373189900, -12.94958222361514000, -25.50035921774105000 ) ) ;
#1124 = ORIENTED_EDGE ( 'NONE', *, *, #1562, .F. ) ;
#1125 = EDGE_CURVE ( 'E214', #2318, #2856, #52, .T. ) ;
#1126 = EDGE_CURVE ( 'E1191', #735, #2566, #51, .T. ) ;
#1127 = ORIENTED_EDGE ( 'NONE', *, *, #2061, .T. ) ;
#1128 = CARTESIAN_POINT ( 'NONE',  ( 18.39234022682801900, 28.57169654963039600, 1.294721630483221400 ) ) ;
#1129 = EDGE_CURVE ( 'E129', #1370, #1820, #67, .T. ) ;
#1130 = CARTESIAN_POINT ( 'NONE',  ( 21.04529946162074700, 28.60000000000000100, 2.000000000000000000 ) ) ;
#1131 = DIRECTION ( 'NONE',  ( 0.0000000000000000000, -1.000000000000000000, 0.0000000000000000000 ) ) ;
#1132 = AXIS2_PLACEMENT_3D ( 'NONE', #804, #742, #738 ) ;
#1133 = EDGE_CURVE ( 'NONE', #1416, #1416, #620, .T. ) ;
#1134 = VERTEX_POINT ( 'NONE', #2195 ) ;
#1135 = B_SPLINE_CURVE_WITH_KNOTS ( 'NONE', 3,
 ( #1101, #1077, #1095, #1105, #1106, #1112, #1116, #1117, #1121, #1123 ),
 .UNSPECIFIED., .F., .F.,
 ( 4, 2, 2, 2, 4 ),
 ( 0.005104328666551017500, 0.005893084695465397800, 0.006681840724379778000, 0.007470596753294158300, 0.008259352782208538600 ),
 .UNSPECIFIED. ) ;
#1136 = CARTESIAN_POINT ( 'NONE',  ( -11.00000000000000000, 0.0000000000000000000, 0.0000000000000000000 ) ) ;
#1137 = ORIENTED_EDGE ( 'NONE', *, *, #1930, .F. ) ;
#1138 = CARTESIAN_POINT ( 'NONE',  ( -6.000000000000000000, 0.0000000000000000000, 0.0000000000000000000 ) ) ;
#1139 = DIRECTION ( 'NONE',  ( 1.000000000000000000, 0.0000000000000000000, 0.0000000000000000000 ) ) ;
#1140 = DIRECTION ( 'NONE',  ( 0.0000000000000000000, 0.0000000000000000000, -1.000000000000000000 ) ) ;
#1141 = AXIS2_PLACEMENT_3D ( 'NONE', #736, #754, #748 ) ;
#1142 = CARTESIAN_POINT ( 'NONE',  ( 18.50646489626810300, 28.55875000000000000, 1.535512434824359800 ) ) ;
#1143 = EDGE_LOOP ( 'NONE', ( #1931, #1928, #1915, #1914, #862, #1911 ) ) ;
#1144 = DIRECTION ( 'NONE',  ( 1.000000000000000000, 0.0000000000000000000, 0.0000000000000000000 ) ) ;
#1145 = UNCERTAINTY_MEASURE_WITH_UNIT (LENGTH_MEASURE( 1.000000000000000100E-005 ), #147, 'distance_accuracy_value', 'NONE');
#1146 = ORIENTED_EDGE ( 'NONE', *, *, #1994, .F. ) ;
#1147 = CARTESIAN_POINT ( 'NONE',  ( 18.18911656741556000, 28.59620316419332300, 0.5321576751053032100 ) ) ;
#1148 = CARTESIAN_POINT ( 'NONE',  ( 18.15883201475334700, 28.59998984591251100, 0.2645223946011338600 ) ) ;
#1149 = ORIENTED_EDGE ( 'NONE', *, *, #1994, .T. ) ;
#1150 = DIRECTION ( 'NONE',  ( 1.000000000000000000, 0.0000000000000000000, 0.0000000000000000000 ) ) ;
#1151 = EDGE_CURVE ( 'E193', #1481, #2318, #44, .T. ) ;
#1152 = CARTESIAN_POINT ( 'NONE',  ( 18.15866832705456700, 28.60001011176891300, -0.2623221116483661100 ) ) ;
#1153 = CARTESIAN_POINT ( 'NONE',  ( 18.18766411917514200, 28.59638121717906100, -0.5239917893536086800 ) ) ;
#1154 = CARTESIAN_POINT ( 'NONE',  ( -23.00000000000000000, 0.0000000000000000000, 0.0000000000000000000 ) ) ;
#1155 = AXIS2_PLACEMENT_3D ( 'NONE', #778, #808, #775 ) ;
#1156 = AXIS2_PLACEMENT_3D ( 'NONE', #841, #863, #866 ) ;
#1157 = CARTESIAN_POINT ( 'NONE',  ( 18.30524298115574000, 28.58213054619834600, -1.043743049613487000 ) ) ;
#1158 = DIRECTION ( 'NONE',  ( 0.0000000000000000000, 0.0000000000000000000, 1.000000000000000000 ) ) ;
#1159 = ORIENTED_EDGE ( 'NONE', *, *, #2061, .F. ) ;
#1160 = CARTESIAN_POINT ( 'NONE',  ( 18.39232097508158100, 28.57169873359022800, -1.294681011364484200 ) ) ;
#1161 = DIRECTION ( 'NONE',  ( 0.0000000000000000000, -1.000000000000000000, 0.0000000000000000000 ) ) ;
#1162 = CARTESIAN_POINT ( 'NONE',  ( 18.50646489626810300, 28.55875000000000000, -1.535512434824359800 ) ) ;
#1163 = DIRECTION ( 'NONE',  ( 1.000000000000000000, 0.0000000000000000000, 0.0000000000000000000 ) ) ;
#1164 = VERTEX_POINT ( 'NONE', #2527 ) ;
#1165 = AXIS2_PLACEMENT_3D ( 'NONE', #833, #825, #836 ) ;
#1166 = CARTESIAN_POINT ( 'NONE',  ( -23.00000000000000000, 74.00000000000000000, 0.0000000000000000000 ) ) ;
#1167 = ORIENTED_EDGE ( 'NONE', *, *, #2313, .T. ) ;
#1168 = AXIS2_PLACEMENT_3D ( 'NONE', #858, #851, #842 ) ;
#1169 = DIRECTION ( 'NONE',  ( 0.0000000000000000000, 0.0000000000000000000, -1.000000000000000000 ) ) ;
#1170 = ORIENTED_EDGE ( 'NONE', *, *, #917, .T. ) ;
#1171 = CARTESIAN_POINT ( 'NONE',  ( 26.00765977317198700, 28.57169654963040300, -1.294721630483220300 ) ) ;
#1172 = VERTEX_POINT ( 'NONE', #2148 ) ;
#1173 = DIRECTION ( 'NONE',  ( 1.000000000000000000, 0.0000000000000000000, 0.0000000000000000000 ) ) ;
#1174 = CARTESIAN_POINT ( 'NONE',  ( 22.46482394081342100, 22.14158982548454400, 3.999999999999999100 ) ) ;
#1175 = DIRECTION ( 'NONE',  ( 0.0000000000000000000, 0.0000000000000000000, -1.000000000000000000 ) ) ;
#1176 = AXIS2_PLACEMENT_3D ( 'NONE', #898, #881, #901 ) ;
#1177 = EDGE_LOOP ( 'NONE', ( #2711, #2705 ) ) ;
#1178 = EDGE_CURVE ( 'NONE', #1410, #1410, #36, .T. ) ;
#1179 = DIRECTION ( 'NONE',  ( 0.0000000000000000000, -1.000000000000000000, 0.0000000000000000000 ) ) ;
#1180 = ORIENTED_EDGE ( 'NONE', *, *, #533, .F. ) ;
#1181 = CARTESIAN_POINT ( 'NONE',  ( 22.19999999999999900, 28.60000000000000100, 0.0000000000000000000 ) ) ;
#1182 = AXIS2_PLACEMENT_3D ( 'NONE', #905, #956, #913 ) ;
#1183 = CARTESIAN_POINT ( 'NONE',  ( 22.19999999999999600, 22.14158982548455200, 3.999999999999998200 ) ) ;
#1184 = AXIS2_PLACEMENT_3D ( 'NONE', #770, #764, #760 ) ;
#1185 = DIRECTION ( 'NONE',  ( -1.000000000000000000, 0.0000000000000000000, 0.0000000000000000000 ) ) ;
#1186 = CARTESIAN_POINT ( 'NONE',  ( 22.72511502565343000, 22.14633855685662300, 3.973961133747395000 ) ) ;
#1187 = ADVANCED_FACE ( 'E3', ( #39, #31 ), #25, .F. ) ;
#1188 = PLANE ( 'NONE',  #1253 ) ;
#1189 = EDGE_CURVE ( 'E34', #2364, #448, #24, .T. ) ;
#1190 = ORIENTED_EDGE ( 'NONE', *, *, #2045, .F. ) ;
#1191 = CARTESIAN_POINT ( 'NONE',  ( 23.23703589174754600, 22.16438605343084200, 3.872036859577814700 ) ) ;
#1192 = ORIENTED_EDGE ( 'NONE', *, *, #2040, .F. ) ;
#1193 = AXIS2_PLACEMENT_3D ( 'NONE', #924, #908, #330 ) ;
#1194 = CARTESIAN_POINT ( 'NONE',  ( 23.49135643662037900, 22.17790083025232300, 3.794876726789306900 ) ) ;
#1195 = CARTESIAN_POINT ( 'NONE',  ( 23.97548828519557400, 22.21134940612505900, 3.593929905696720000 ) ) ;
#1196 = VERTEX_POINT ( 'NONE', #153 ) ;
#1197 = EDGE_CURVE ( 'E113', #572, #1115, #29, .T. ) ;
#1198 = CARTESIAN_POINT ( 'NONE',  ( 24.20502227327716900, 22.23113601995090200, 3.471040546279276800 ) ) ;
#1199 = ORIENTED_EDGE ( 'NONE', *, *, #284, .T. ) ;
#1200 = CARTESIAN_POINT ( 'NONE',  ( -6.159999999999999300, 0.0000000000000000000, 0.0000000000000000000 ) ) ;
#1201 = VERTEX_POINT ( 'NONE', #155 ) ;
#1202 = CARTESIAN_POINT ( 'NONE',  ( 24.63942320655144200, 22.27451638087530500, 3.180794116190249100 ) ) ;
#1203 = ORIENTED_EDGE ( 'NONE', *, *, #864, .T. ) ;
#1204 = AXIS2_PLACEMENT_3D ( 'NONE', #961, #973, #1004 ) ;
#1205 = VERTEX_POINT ( 'NONE', #156 ) ;
#1206 = CARTESIAN_POINT ( 'NONE',  ( -6.000000000000000000, 0.0000000000000000000, -20.00000000000000000 ) ) ;
#1207 = CARTESIAN_POINT ( 'NONE',  ( 16.00000000000000000, -74.00000000000000000, -2.204291436880279900E-015 ) ) ;
#1208 = B_SPLINE_CURVE_WITH_KNOTS ( 'NONE', 3,
 ( #1142, #1128, #1081, #1147, #1148, #1152, #1153, #1157, #1160, #1162 ),
 .UNSPECIFIED., .F., .F.,
 ( 4, 2, 2, 2, 4 ),
 ( 4.065069763020947700E-008, 0.0007894782803704684100, 0.001578915910043306700, 0.002368353539716144700, 0.003157791169388982900 ),
 .UNSPECIFIED. ) ;
#1209 = DIRECTION ( 'NONE',  ( -1.000000000000000000, 0.0000000000000000000, -6.123031769111888800E-017 ) ) ;
#1210 = CARTESIAN_POINT ( 'NONE',  ( 24.84468407916684300, 22.29822900627629100, 3.012212491483538600 ) ) ;
#1211 = ORIENTED_EDGE ( 'NONE', *, *, #2640, .T. ) ;
#1212 = CARTESIAN_POINT ( 'NONE',  ( 25.21282094744538700, 22.34488203144309500, 2.643990906013538500 ) ) ;
#1213 = EDGE_LOOP ( 'NONE', ( #1695, #1682, #1674, #1663 ) ) ;
#1214 = CARTESIAN_POINT ( 'NONE',  ( 16.00000000000000000, 74.00000000000000000, -2.204291436880279900E-015 ) ) ;
#1215 = CARTESIAN_POINT ( 'NONE',  ( 25.37821011207822900, 22.36806005419976600, 2.442972391596280400 ) ) ;
#1216 = CARTESIAN_POINT ( 'NONE',  ( 25.67065008014347800, 22.41148150057399800, 2.005921644486141600 ) ) ;
#1217 = ORIENTED_EDGE ( 'NONE', *, *, #1375, .F. ) ;
#1218 = VERTEX_POINT ( 'NONE', #161 ) ;
#1219 = AXIS2_PLACEMENT_3D ( 'NONE', #1047, #984, #1073 ) ;
#1220 = DIRECTION ( 'NONE',  ( 0.0000000000000000000, 0.8660254037844387100, -0.4999999999999998900 ) ) ;
#1221 = DIRECTION ( 'NONE',  ( 0.0000000000000000000, 0.0000000000000000000, 1.000000000000000000 ) ) ;
#1222 = CARTESIAN_POINT ( 'NONE',  ( 25.79458520885287200, 22.43125822501798400, 1.773917453370697000 ) ) ;
#1223 = CARTESIAN_POINT ( 'NONE',  ( 25.99425735904596700, 22.46412009495158900, 1.292840689490589500 ) ) ;
#1224 = AXIS2_PLACEMENT_3D ( 'NONE', #1136, #1144, #1096 ) ;
#1225 = AXIS2_PLACEMENT_3D ( 'NONE', #1154, #1150, #1161 ) ;
#1226 = CARTESIAN_POINT ( 'NONE',  ( 26.07134741501182500, 22.47742781130605400, 1.040206578565296700 ) ) ;
#1227 = ORIENTED_EDGE ( 'NONE', *, *, #1943, .F. ) ;
#1228 = VERTEX_POINT ( 'NONE', #164 ) ;
#1229 = VERTEX_POINT ( 'NONE', #167 ) ;
#1230 = CARTESIAN_POINT ( 'NONE',  ( 26.17431263770823700, 22.49539044219955700, 0.5236407084651816300 ) ) ;
#1231 = CARTESIAN_POINT ( 'NONE',  ( 26.19984776780203700, 22.49997293650254100, 0.2637617529073222300 ) ) ;
#1232 = EDGE_LOOP ( 'NONE', ( #1988 ) ) ;
#1233 = PLANE ( 'NONE',  #1292 ) ;
#1234 = VERTEX_POINT ( 'NONE', #169 ) ;
#1235 = ADVANCED_FACE ( 'E1276', ( #16 ), #2597, .T. ) ;
#1236 = ORIENTED_EDGE ( 'NONE', *, *, #304, .T. ) ;
#1237 = CARTESIAN_POINT ( 'NONE',  ( -7.046886152628649900, 41.90883394668192400, -0.5117407751593302500 ) ) ;
#1238 = CARTESIAN_POINT ( 'NONE',  ( 26.20015088796131100, 22.50002682452208100, -0.2591241043014283500 ) ) ;
#1239 = VERTEX_POINT ( 'NONE', #170 ) ;
#1240 = AXIS2_PLACEMENT_3D ( 'NONE', #1200, #1185, #1158 ) ;
#1241 = ORIENTED_EDGE ( 'NONE', *, *, #2841, .T. ) ;
#1242 = CARTESIAN_POINT ( 'NONE',  ( -7.599999999999998800, 49.97097895348699800, 20.00000000000000000 ) ) ;
#1243 = VERTEX_POINT ( 'NONE', #174 ) ;
#1244 = CARTESIAN_POINT ( 'NONE',  ( 24.50940107675850000, -13.53750000000000000, -23.44763780746370000 ) ) ;
#1245 = DIRECTION ( 'NONE',  ( 0.5000000000000001100, -0.7500000000000001100, 0.4330127018922190800 ) ) ;
#1246 = EDGE_CURVE ( 'NONE', #1407, #1407, #185, .T. ) ;
#1247 = CARTESIAN_POINT ( 'NONE',  ( 26.17405876598332900, 22.49534635748510400, -0.5247558212423417700 ) ) ;
#1248 = VERTEX_POINT ( 'NONE', #175 ) ;
#1249 = CARTESIAN_POINT ( 'NONE',  ( 26.07178622261741200, 22.47750415907824000, -1.038163375277042300 ) ) ;
#1250 = VERTEX_POINT ( 'NONE', #178 ) ;
#1251 = DIRECTION ( 'NONE',  ( 0.8660254037844386000, 0.4330127018922195200, -0.2499999999999999400 ) ) ;
#1252 = VERTEX_POINT ( 'NONE', #184 ) ;
#1253 = AXIS2_PLACEMENT_3D ( 'NONE', #1206, #1173, #1169 ) ;
#1254 = CARTESIAN_POINT ( 'NONE',  ( 25.99612169537525800, 22.46443264130196500, -1.287761846989144300 ) ) ;
#1255 = VERTEX_POINT ( 'NONE', #189 ) ;
#1256 = CARTESIAN_POINT ( 'NONE',  ( 25.79533098763197400, 22.43137532297387800, -1.772700084625972400 ) ) ;
#1257 = DIRECTION ( 'NONE',  ( 0.0000000000000000000, -0.4999999999999998900, -0.8660254037844387100 ) ) ;
#1258 = CARTESIAN_POINT ( 'NONE',  ( 25.67032114346020000, 22.41144072617854700, -2.006144451914331200 ) ) ;
#1259 = EDGE_CURVE ( 'E382', #855, #1481, #20, .T. ) ;
#1260 = DIRECTION ( 'NONE',  ( 0.0000000000000000000, 0.0000000000000000000, 1.000000000000000000 ) ) ;
#1261 = EDGE_CURVE ( 'E376', #855, #596, #11, .T. ) ;
#1262 = CARTESIAN_POINT ( 'NONE',  ( 25.38108176005789900, 22.36847844061907900, -2.438947157385852500 ) ) ;
#1263 = ORIENTED_EDGE ( 'NONE', *, *, #2093, .T. ) ;
#1264 = VERTEX_POINT ( 'NONE', #191 ) ;
#1265 = CARTESIAN_POINT ( 'NONE',  ( 25.21522385848432500, 22.34518982442796500, -2.641534823611839700 ) ) ;
#1266 = CARTESIAN_POINT ( 'NONE',  ( 29.10000000000000100, 0.0000000000000000000, 0.0000000000000000000 ) ) ;
#1267 = ORIENTED_EDGE ( 'NONE', *, *, #99, .T. ) ;
#1268 = CARTESIAN_POINT ( 'NONE',  ( 24.84307970283625600, 22.29802241653934300, -3.013869742636883200 ) ) ;
#1269 = ORIENTED_EDGE ( 'NONE', *, *, #2377, .F. ) ;
#1270 = VERTEX_POINT ( 'NONE', #192 ) ;
#1271 = CARTESIAN_POINT ( 'NONE',  ( 24.64168021423298800, 22.27477227309034500, -3.178987640485441400 ) ) ;
#1272 = DIRECTION ( 'NONE',  ( 1.000000000000000000, 0.0000000000000000000, 0.0000000000000000000 ) ) ;
#1273 = CARTESIAN_POINT ( 'NONE',  ( 24.20905854311807600, 22.23150903063336900, -3.468637838872817200 ) ) ;
#1274 = CARTESIAN_POINT ( 'NONE',  ( 23.97496950744535100, 22.21131043607784900, -3.594167365297309000 ) ) ;
#1275 = VERTEX_POINT ( 'NONE', #198 ) ;
#1276 = AXIS2_PLACEMENT_3D ( 'NONE', #1207, #1209, #1221 ) ;
#1277 = DIRECTION ( 'NONE',  ( 0.0000000000000000000, 0.0000000000000000000, 1.000000000000000000 ) ) ;
#1278 = CARTESIAN_POINT ( 'NONE',  ( 23.49129800692420400, 22.17789992488348400, -3.794878820126216000 ) ) ;
#1279 = CARTESIAN_POINT ( 'NONE',  ( 23.24198805448121200, 22.16460830476666600, -3.870770573074573000 ) ) ;
#1280 = ORIENTED_EDGE ( 'NONE', *, *, #2358, .T. ) ;
#1281 = AXIS2_PLACEMENT_3D ( 'NONE', #1181, #1179, #1175 ) ;
#1282 = EDGE_CURVE ( 'NONE', #1404, #1404, #10, .T. ) ;
#1283 = CARTESIAN_POINT ( 'NONE',  ( 22.72833197685010700, 22.14640505535408700, -3.973596514154303700 ) ) ;
#1284 = ORIENTED_EDGE ( 'NONE', *, *, #222, .T. ) ;
#1285 = CARTESIAN_POINT ( 'NONE',  ( 22.46289532200228900, 22.14160861360342400, -3.999896000286024200 ) ) ;
#1286 = EDGE_CURVE ( 'NONE', #1397, #1397, #8, .T. ) ;
#1287 = CARTESIAN_POINT ( 'NONE',  ( 21.04529946162074700, -16.03205080756884700, -23.76832654823494900 ) ) ;
#1288 = CARTESIAN_POINT ( 'NONE',  ( -14.00000000000000000, 0.0000000000000000000, 20.00000000000000000 ) ) ;
#1289 = VERTEX_POINT ( 'NONE', #199 ) ;
#1290 = CARTESIAN_POINT ( 'NONE',  ( 21.94027900888421100, 22.14157115113768600, -4.000103369940416300 ) ) ;
#1291 = ORIENTED_EDGE ( 'NONE', *, *, #2432, .T. ) ;
#1292 = AXIS2_PLACEMENT_3D ( 'NONE', #1244, #1257, #1220 ) ;
#1293 = ADVANCED_FACE ( 'E839', ( #19, #3 ), #2893, .F. ) ;
#1294 = EDGE_LOOP ( 'NONE', ( #419 ) ) ;
#1295 = VERTEX_POINT ( 'NONE', #202 ) ;
#1296 = DIRECTION ( 'NONE',  ( -1.000000000000000000, 0.0000000000000000000, 0.0000000000000000000 ) ) ;
#1297 = CARTESIAN_POINT ( 'NONE',  ( 21.68019583447895100, 22.14618001378803700, -3.974849914840231400 ) ) ;
#1298 = CARTESIAN_POINT ( 'NONE',  ( 21.16254766300677300, 22.16437231649353000, -3.872120977509057900 ) ) ;
#1299 = VERTEX_POINT ( 'NONE', #203 ) ;
#1300 = DIRECTION ( 'NONE',  ( 0.0000000000000000000, -1.000000000000000000, 0.0000000000000000000 ) ) ;
#1301 = AXIS2_PLACEMENT_3D ( 'NONE', #1287, #1251, #1245 ) ;
#1302 = CARTESIAN_POINT ( 'NONE',  ( 20.91081262499609000, 22.17778837065559800, -3.795512527372684600 ) ) ;
#1303 = CARTESIAN_POINT ( 'NONE',  ( 20.42922103723527300, 22.21098716988254700, -3.596145338879161500 ) ) ;
#1304 = EDGE_LOOP ( 'NONE', ( #604 ) ) ;
#1305 = CARTESIAN_POINT ( 'NONE',  ( 20.19584566490343000, 22.23104981676763000, -3.471615855214276200 ) ) ;
#1306 = CARTESIAN_POINT ( 'NONE',  ( 19.75980602040698700, 22.27459288101041000, -3.180283727439981800 ) ) ;
#1307 = EDGE_LOOP ( 'NONE', ( #2879 ) ) ;
#1308 = VERTEX_POINT ( 'NONE', #205 ) ;
#1309 = CARTESIAN_POINT ( 'NONE',  ( 16.00000000000000000, 24.81081081081080000, -47.96273206261459900 ) ) ;
#1310 = AXIS2_PLACEMENT_3D ( 'NONE', #1288, #1277, #1272 ) ;
#1311 = CARTESIAN_POINT ( 'NONE',  ( 19.55871807143772400, 22.29782197479888200, -3.015229077905998700 ) ) ;
#1312 = CARTESIAN_POINT ( 'NONE',  ( 19.18965903205609900, 22.34454401720821800, -2.646851691182967100 ) ) ;
#1313 = CARTESIAN_POINT ( 'NONE',  ( -6.309634481629980300, 36.37718028732509600, -0.2874702071410310000 ) ) ;
#1314 = VERTEX_POINT ( 'NONE', #206 ) ;
#1315 = CARTESIAN_POINT ( 'NONE',  ( 19.02083595704364800, 22.36820331064793900, -2.441492947027033900 ) ) ;
#1316 = CARTESIAN_POINT ( 'NONE',  ( 18.73081396402503500, 22.41126250541585600, -2.008163357450195400 ) ) ;
#1317 = EDGE_CURVE ( 'E25', #624, #448, #2858, .T. ) ;
#1318 = CARTESIAN_POINT ( 'NONE',  ( 18.60766132234595500, 22.43089388074746500, -1.778780007182099800 ) ) ;
#1319 = CARTESIAN_POINT ( 'NONE',  ( 18.40594631536101700, 22.46408125155150200, -1.293874849820213300 ) ) ;
#1320 = EDGE_CURVE ( 'NONE', #1392, #1392, #2594, .T. ) ;
#1321 = ORIENTED_EDGE ( 'NONE', *, *, #2040, .T. ) ;
#1322 = CARTESIAN_POINT ( 'NONE',  ( 18.32888402476263700, 22.47738865246795500, -1.040428315176086200 ) ) ;
#1323 = CARTESIAN_POINT ( 'NONE',  ( 18.22655296377906400, 22.49523823145712200, -0.5289126800382321100 ) ) ;
#1324 = ORIENTED_EDGE ( 'NONE', *, *, #521, .F. ) ;
#1325 = CARTESIAN_POINT ( 'NONE',  ( 18.50646489626810300, 28.55875000000000000, 1.535512434824359800 ) ) ;
#1326 = CARTESIAN_POINT ( 'NONE',  ( -7.599999999999999600, 0.0000000000000000000, 0.0000000000000000000 ) ) ;
#1327 = VERTEX_POINT ( 'NONE', #207 ) ;
#1328 = CARTESIAN_POINT ( 'NONE',  ( 18.20020477574317800, 22.49996359543386500, -0.2673277826981845800 ) ) ;
#1329 = CARTESIAN_POINT ( 'NONE',  ( 18.58137655667906400, 28.54906159110931100, 1.715705601047950600 ) ) ;
#1330 = VERTEX_POINT ( 'NONE', #210 ) ;
#1331 = AXIS2_PLACEMENT_3D ( 'NONE', #1492, #1485, #1479 ) ;
#1332 = CARTESIAN_POINT ( 'NONE',  ( 18.19979759863415900, 22.50003598245467600, 0.2611641772849922500 ) ) ;
#1333 = VERTEX_POINT ( 'NONE', #265 ) ;
#1334 = CARTESIAN_POINT ( 'NONE',  ( 18.22552538185918200, 22.49542065541665900, 0.5212974321328157600 ) ) ;
#1335 = ORIENTED_EDGE ( 'NONE', *, *, #533, .T. ) ;
#1336 = CARTESIAN_POINT ( 'NONE',  ( 18.66937150032733000, 28.53796044698401200, 1.890375901476608400 ) ) ;
#1337 = B_SPLINE_CURVE_WITH_KNOTS ( 'NONE', 3,
 ( #1949, #1917, #1960, #1964 ),
 .UNSPECIFIED., .F., .F.,
 ( 4, 4 ),
 ( 0.09842559311323409400, 0.09866144271849840200 ),
 .UNSPECIFIED. ) ;
#1338 = VERTEX_POINT ( 'NONE', #131 ) ;
#1339 = AXIS2_PLACEMENT_3D ( 'NONE', #1567, #1544, #1543 ) ;
#1340 = CARTESIAN_POINT ( 'NONE',  ( 18.32704331629383200, 22.47770663230048200, 1.033637281220806800 ) ) ;
#1341 = AXIS2_PLACEMENT_3D ( 'NONE', #1519, #1514, #1502 ) ;
#1342 = CARTESIAN_POINT ( 'NONE',  ( 18.40417740748991800, 22.46438321323725200, 1.288503287270999800 ) ) ;
#1343 = VERTEX_POINT ( 'NONE', #187 ) ;
#1344 = CARTESIAN_POINT ( 'NONE',  ( 18.87234906860601700, 28.51356010027739200, 2.228362163199045100 ) ) ;
#1345 = ORIENTED_EDGE ( 'NONE', *, *, #1891, .F. ) ;
#1346 = CARTESIAN_POINT ( 'NONE',  ( 18.98634044537880100, 28.50039342769178700, 2.389661090809059200 ) ) ;
#1347 = EDGE_LOOP ( 'NONE', ( #499, #1583, #285, #1042, #498 ) ) ;
#1348 = CARTESIAN_POINT ( 'NONE',  ( 18.60445520611284900, 22.43141070825050000, 1.772164639718653900 ) ) ;
#1349 = CARTESIAN_POINT ( 'NONE',  ( 19.23423497718928100, 28.47350663284620300, 2.691156942916443500 ) ) ;
#1350 = AXIS2_PLACEMENT_3D ( 'NONE', #1615, #1610, #1604 ) ;
#1351 = CARTESIAN_POINT ( 'NONE',  ( 18.72710880489188100, 22.41183531652308900, 2.001869231815175200 ) ) ;
#1352 = CARTESIAN_POINT ( 'NONE',  ( 19.01746414279966000, 22.36868175562113200, 2.437194943368684800 ) ) ;
#1353 = ORIENTED_EDGE ( 'NONE', *, *, #1891, .T. ) ;
#1354 = CARTESIAN_POINT ( 'NONE',  ( 19.36874149106522600, 28.45971053773636700, 2.832381204953875900 ) ) ;
#1355 = EDGE_CURVE ( 'E361', #1110, #855, #2880, .T. ) ;
#1356 = AXIS2_PLACEMENT_3D ( 'NONE', #1558, #1550, #1546 ) ;
#1357 = VERTEX_POINT ( 'NONE', #195 ) ;
#1358 = CARTESIAN_POINT ( 'NONE',  ( 19.18563584882080500, 22.34509200257357300, 2.642215972321765500 ) ) ;
#1359 = AXIS2_PLACEMENT_3D ( 'NONE', #1665, #1689, #1630 ) ;
#1360 = CARTESIAN_POINT ( 'NONE',  ( 19.65918175264754500, 28.43228546060632700, 3.095585674555357200 ) ) ;
#1361 = VERTEX_POINT ( 'NONE', #196 ) ;
#1362 = CARTESIAN_POINT ( 'NONE',  ( 19.55332099846684800, 22.29846755059009000, 3.010446269766334100 ) ) ;
#1363 = CARTESIAN_POINT ( 'NONE',  ( 19.75433356330677300, 22.27518404115551200, 3.176190064036870100 ) ) ;
#1364 = ORIENTED_EDGE ( 'NONE', *, *, #1094, .T. ) ;
#1365 = ADVANCED_FACE ( 'E454', ( #2725, #2598, #2835, #2956 ), #162, .F. ) ;
#1366 = CARTESIAN_POINT ( 'NONE',  ( 19.81603772132987700, 28.41860185394435900, 3.217925994223660900 ) ) ;
#1367 = VERTEX_POINT ( 'NONE', #211 ) ;
#1368 = AXIS2_PLACEMENT_3D ( 'NONE', #1742, #1688, #1697 ) ;
#1369 = CARTESIAN_POINT ( 'NONE',  ( 20.14165640558248800, 28.39314060718834700, 3.435337755991800400 ) ) ;
#1370 = VERTEX_POINT ( 'NONE', #250 ) ;
#1371 = CARTESIAN_POINT ( 'NONE',  ( 20.19223881436947800, 22.23136623616069600, 3.469634370352280100 ) ) ;
#1372 = CARTESIAN_POINT ( 'NONE',  ( -7.599999999999999600, 92.10742682738700200, -20.00000000000000000 ) ) ;
#1373 = VERTEX_POINT ( 'NONE', #214 ) ;
#1374 = CARTESIAN_POINT ( 'NONE',  ( 20.42289154576372900, 22.21149601996858200, 3.593011906127404400 ) ) ;
#1375 = EDGE_CURVE ( 'E625', #493, #2414, #46, .T. ) ;
#1376 = VERTEX_POINT ( 'NONE', #216 ) ;
#1377 = VERTEX_POINT ( 'NONE', #220 ) ;
#1378 = CARTESIAN_POINT ( 'NONE',  ( 20.31142085632177100, 28.38125468079254100, 3.531500868750701000 ) ) ;
#1379 = ADVANCED_FACE ( 'E1234', ( #2873 ), #287, .T. ) ;
#1380 = VERTEX_POINT ( 'NONE', #221 ) ;
#1381 = CARTESIAN_POINT ( 'NONE',  ( 20.90387484911839900, 22.17819608069398600, 3.793139676962012300 ) ) ;
#1382 = ORIENTED_EDGE ( 'NONE', *, *, #521, .T. ) ;
#1383 = DIRECTION ( 'NONE',  ( -1.000000000000000000, 0.0000000000000000000, 0.0000000000000000000 ) ) ;
#1384 = CARTESIAN_POINT ( 'NONE',  ( 21.15708658688804900, 22.16463494773616800, 3.870621509296980900 ) ) ;
#1385 = VERTEX_POINT ( 'NONE', #223 ) ;
#1386 = CARTESIAN_POINT ( 'NONE',  ( 20.66484762931693100, 28.35992910561106200, 3.698856143013608700 ) ) ;
#1387 = AXIS2_PLACEMENT_3D ( 'NONE', #1746, #1706, #1701 ) ;
#1388 = AXIS2_PLACEMENT_3D ( 'NONE', #1762, #1745, #1773 ) ;
#1389 = CARTESIAN_POINT ( 'NONE',  ( -6.250000000000000000, 36.37817459305206600, -5.421010862427522200E-017 ) ) ;
#1390 = CARTESIAN_POINT ( 'NONE',  ( 21.67365096222858200, 22.14634094582491700, 3.973957214907876300 ) ) ;
#1391 = ORIENTED_EDGE ( 'NONE', *, *, #1675, .T. ) ;
#1392 = VERTEX_POINT ( 'NONE', #226 ) ;
#1393 = CARTESIAN_POINT ( 'NONE',  ( -7.599999999999999600, 92.10742682738700200, 20.00000000000000000 ) ) ;
#1394 = CARTESIAN_POINT ( 'NONE',  ( 21.93517605918657100, 22.14158982548455900, 3.999999999999998200 ) ) ;
#1395 = CARTESIAN_POINT ( 'NONE',  ( 20.85008386810227400, 28.35042929056309900, 3.770475695665784800 ) ) ;
#1396 = ORIENTED_EDGE ( 'NONE', *, *, #1118, .F. ) ;
#1397 = VERTEX_POINT ( 'NONE', #227 ) ;
#1398 = CARTESIAN_POINT ( 'NONE',  ( 22.19999999999999600, 22.14158982548455200, 3.999999999999998200 ) ) ;
#1399 = CARTESIAN_POINT ( 'NONE',  ( 21.41526517409987900, 28.32726739964908800, 3.941983433764778800 ) ) ;
#1400 = DIRECTION ( 'NONE',  ( 1.000000000000000000, 0.0000000000000000000, 0.0000000000000000000 ) ) ;
#1401 = CARTESIAN_POINT ( 'NONE',  ( 0.0000000000000000000, 0.0000000000000000000, 0.0000000000000000000 ) ) ;
#1402 = CARTESIAN_POINT ( 'NONE',  ( 21.80178226973167100, 28.31892274902436300, 3.999826791906866400 ) ) ;
#1403 = ORIENTED_EDGE ( 'NONE', *, *, #176, .T. ) ;
#1404 = VERTEX_POINT ( 'NONE', #231 ) ;
#1405 = CARTESIAN_POINT ( 'NONE',  ( 22.39649338968371600, 28.31888613149036300, 4.000086033987221500 ) ) ;
#1406 = DIRECTION ( 'NONE',  ( 0.0000000000000000000, -1.000000000000000000, 0.0000000000000000000 ) ) ;
#1407 = VERTEX_POINT ( 'NONE', #234 ) ;
#1408 = CARTESIAN_POINT ( 'NONE',  ( 22.59304105013774600, 28.32095588890234000, 3.985512736461221300 ) ) ;
#1409 = AXIS2_PLACEMENT_3D ( 'NONE', #2916, #1777, #1776 ) ;
#1410 = VERTEX_POINT ( 'NONE', #237 ) ;
#1411 = CARTESIAN_POINT ( 'NONE',  ( 22.98268270385456100, 28.32904257840304000, 3.927620249549961300 ) ) ;
#1412 = CARTESIAN_POINT ( 'NONE',  ( 26.09387137546756800, 28.58202526090129300, -1.045877231893806500 ) ) ;
#1413 = CARTESIAN_POINT ( 'NONE',  ( 23.17701333417644000, 28.33512551139925200, 3.883811350483560500 ) ) ;
#1414 = CARTESIAN_POINT ( 'NONE',  ( 23.74047764956496200, 28.35828277867279100, 3.712291914222905400 ) ) ;
#1415 = CARTESIAN_POINT ( 'NONE',  ( 25.89353510373189900, 28.55875000000000000, -1.535512434824359800 ) ) ;
#1416 = VERTEX_POINT ( 'NONE', #322 ) ;
#1417 = CARTESIAN_POINT ( 'NONE',  ( -7.599999999999997900, -49.97071577201364800, -19.99999999999999600 ) ) ;
#1418 = ORIENTED_EDGE ( 'NONE', *, *, #2076, .F. ) ;
#1419 = CARTESIAN_POINT ( 'NONE',  ( 24.09557905499961400, 28.38038742924205600, 3.544337628359242500 ) ) ;
#1420 = VERTEX_POINT ( 'NONE', #241 ) ;
#1421 = DIRECTION ( 'NONE',  ( -1.000000000000000000, -0.0000000000000000000, -1.224606353822375800E-016 ) ) ;
#1422 = VERTEX_POINT ( 'NONE', #244 ) ;
#1423 = AXIS2_PLACEMENT_3D ( 'NONE', #2919, #1828, #1825 ) ;
#1424 = CARTESIAN_POINT ( 'NONE',  ( 26.21088343258444900, 28.59620316419332700, -0.5321576751053027600 ) ) ;
#1425 = ORIENTED_EDGE ( 'NONE', *, *, #517, .T. ) ;
#1426 = VERTEX_POINT ( 'NONE', #247 ) ;
#1427 = VERTEX_POINT ( 'NONE', #249 ) ;
#1428 = CARTESIAN_POINT ( 'NONE',  ( 26.24116798524665500, 28.59998984591250700, -0.2645223946011325300 ) ) ;
#1429 = EDGE_LOOP ( 'NONE', ( #1712 ) ) ;
#1430 = CARTESIAN_POINT ( 'NONE',  ( 24.75128589546745100, 28.43171170366882400, 3.105879820138783400 ) ) ;
#1431 = VERTEX_POINT ( 'NONE', #252 ) ;
#1432 = CARTESIAN_POINT ( 'NONE',  ( 26.24133167294544600, 28.60001011176892400, 0.2623221116483666100 ) ) ;
#1433 = CARTESIAN_POINT ( 'NONE',  ( 26.21233588082486300, 28.59638121717906500, 0.5239917893536082400 ) ) ;
#1434 = EDGE_CURVE ( 'E334', #503, #468, #2827, .T. ) ;
#1435 = CARTESIAN_POINT ( 'NONE',  ( 25.04016300449460500, 28.45987825386556800, 2.844072388547903300 ) ) ;
#1436 = CARTESIAN_POINT ( 'NONE',  ( 26.09475701884427000, 28.58213054619835700, 1.043743049613486100 ) ) ;
#1437 = DIRECTION ( 'NONE',  ( -1.000000000000000000, 0.0000000000000000000, -6.123031769111888800E-017 ) ) ;
#1438 = ORIENTED_EDGE ( 'NONE', *, *, #298, .T. ) ;
#1439 = ORIENTED_EDGE ( 'NONE', *, *, #389, .T. ) ;
#1440 = AXIS2_PLACEMENT_3D ( 'NONE', #2011, #1962, #1927 ) ;
#1441 = CARTESIAN_POINT ( 'NONE',  ( 26.00767902491842400, 28.57169873359022800, 1.294681011364484400 ) ) ;
#1442 = DESIGN_CONTEXT ( 'detailed design', #134, 'design' ) ;
#1443 = ORIENTED_EDGE ( 'NONE', *, *, #517, .F. ) ;
#1444 = CARTESIAN_POINT ( 'NONE',  ( -10.75000000000000000, 0.0000000000000000000, 0.0000000000000000000 ) ) ;
#1445 = CARTESIAN_POINT ( 'NONE',  ( 25.89353510373189900, 28.55875000000000000, 1.535512434824359800 ) ) ;
#1446 = AXIS2_PLACEMENT_3D ( 'NONE', #1983, #1968, #1989 ) ;
#1447 = VERTEX_POINT ( 'NONE', #255 ) ;
#1448 = DIRECTION ( 'NONE',  ( 1.213093339843921100E-016, 0.0000000000000000000, -1.000000000000000000 ) ) ;
#1449 = ORIENTED_EDGE ( 'NONE', *, *, #2268, .T. ) ;
#1450 = VERTEX_POINT ( 'NONE', #258 ) ;
#1451 = AXIS2_PLACEMENT_3D ( 'NONE', #2022, #2005, #1999 ) ;
#1452 = VERTEX_POINT ( 'NONE', #259 ) ;
#1453 = CARTESIAN_POINT ( 'NONE',  ( 25.41543975352997700, 28.50058927271099000, 2.387418187555170800 ) ) ;
#1454 = CARTESIAN_POINT ( 'NONE',  ( 25.52919036924948800, 28.51374327360601800, 2.225898833225740800 ) ) ;
#1455 = VERTEX_POINT ( 'NONE', #270 ) ;
#1456 = AXIS2_PLACEMENT_3D ( 'NONE', #1889, #1884, #1859 ) ;
#1457 = CARTESIAN_POINT ( 'NONE',  ( 19.89059892324149800, 28.60000000000000100, -5.551115123125779700E-016 ) ) ;
#1458 = ORIENTED_EDGE ( 'NONE', *, *, #2076, .T. ) ;
#1459 = CARTESIAN_POINT ( 'NONE',  ( 25.73017820624173900, 28.53790821216988100, 1.891025108938306300 ) ) ;
#1460 = VERTEX_POINT ( 'NONE', #278 ) ;
#1461 = PLANE ( 'NONE',  #1301 ) ;
#1462 = CARTESIAN_POINT ( 'NONE',  ( -7.567149308364519400, -49.77935517518133700, -20.00000000000000400 ) ) ;
#1463 = ORIENTED_EDGE ( 'NONE', *, *, #470, .F. ) ;
#1464 = CARTESIAN_POINT ( 'NONE',  ( -19.00000000000000000, 0.0000000000000000000, 0.0000000000000000000 ) ) ;
#1465 = VERTEX_POINT ( 'NONE', #292 ) ;
#1466 = ORIENTED_EDGE ( 'NONE', *, *, #2109, .F. ) ;
#1467 = DIRECTION ( 'NONE',  ( -1.000000000000000000, 0.0000000000000000000, 0.0000000000000000000 ) ) ;
#1468 = CARTESIAN_POINT ( 'NONE',  ( -7.440028369924575300, -49.42386402344971700, -20.00000000000000000 ) ) ;
#1469 = VERTEX_POINT ( 'NONE', #293 ) ;
#1470 = ORIENTED_EDGE ( 'NONE', *, *, #470, .T. ) ;
#1471 = CARTESIAN_POINT ( 'NONE',  ( -7.343787487097653600, -49.25478853684729300, -20.00000000000000000 ) ) ;
#1472 = CARTESIAN_POINT ( 'NONE',  ( 25.89353510373189900, 28.55875000000000000, 1.535512434824359800 ) ) ;
#1473 = ORIENTED_EDGE ( 'NONE', *, *, #2093, .F. ) ;
#1474 = CARTESIAN_POINT ( 'NONE',  ( -6.424505063836470200, -48.61895935151189700, -20.00000000000000000 ) ) ;
#1475 = ORIENTED_EDGE ( 'NONE', *, *, #2109, .T. ) ;
#1476 = VERTEX_POINT ( 'NONE', #306 ) ;
#1477 = AXIS2_PLACEMENT_3D ( 'NONE', #2054, #2050, #2043 ) ;
#1478 = ORIENTED_EDGE ( 'NONE', *, *, #305, .F. ) ;
#1479 = DIRECTION ( 'NONE',  ( 0.0000000000000000000, 0.0000000000000000000, -1.000000000000000000 ) ) ;
#1480 = CARTESIAN_POINT ( 'NONE',  ( -7.099728692207696300, -48.96715931626749800, -20.00000000000000000 ) ) ;
#1481 = VERTEX_POINT ( 'NONE', #294 ) ;
#1482 = CARTESIAN_POINT ( 'NONE',  ( -6.612632864529486700, -48.67144182628941000, -20.00000000000000000 ) ) ;
#1483 = ORIENTED_EDGE ( 'NONE', *, *, #2045, .T. ) ;
#1484 = AXIS2_PLACEMENT_3D ( 'NONE', #2042, #2029, #2049 ) ;
#1485 = DIRECTION ( 'NONE',  ( 0.0000000000000000000, -1.000000000000000000, 0.0000000000000000000 ) ) ;
#1486 = ORIENTED_EDGE ( 'NONE', *, *, #1111, .F. ) ;
#1487 = VERTEX_POINT ( 'NONE', #310 ) ;
#1488 = CARTESIAN_POINT ( 'NONE',  ( -6.235363776989840000, -48.60824060852320400, -20.00000000000000000 ) ) ;
#1489 = AXIS2_PLACEMENT_3D ( 'NONE', #243, #253, #256 ) ;
#1490 = VERTEX_POINT ( 'NONE', #327 ) ;
#1491 = CARTESIAN_POINT ( 'NONE',  ( 18.50646489626810300, 28.55875000000000000, 1.535512434824359800 ) ) ;
#1492 = CARTESIAN_POINT ( 'NONE',  ( 22.19999999999999900, 28.55875000000000000, 0.0000000000000000000 ) ) ;
#1493 = CARTESIAN_POINT ( 'NONE',  ( -6.948020013062247800, -48.84448207002472500, -20.00000000000000000 ) ) ;
#1494 = AXIS2_PLACEMENT_3D ( 'NONE', #2240, #2236, #2235 ) ;
#1495 = B_SPLINE_CURVE_WITH_KNOTS ( 'NONE', 3,
 ( #1183, #1174, #1186, #1191, #1194, #1195, #1198, #1202, #1210, #1212, #1215, #1216, #1222, #1223, #1226, #1230, #1231, #1238, #1247, #1249, #1254, #1256, #1258, #1262, #1265, #1268, #1271, #1273, #1274, #1278, #1279, #1283, #1285, #1290, #1297, #1298, #1302, #1303, #1305, #1306, #1311, #1312, #1315, #1316, #1318, #1319, #1322, #1323, #1328, #1332, #1334, #1340, #1342, #1348, #1351, #1352, #1358, #1362, #1363, #1371, #1374, #1381, #1384, #1390, #1394, #1398 ),
 .UNSPECIFIED., .T., .F.,
 ( 4, 2, 2, 2, 2, 2, 2, 2, 2, 2, 2, 2, 2, 2, 2, 2, 2, 2, 2, 2, 2, 2, 2, 2, 2, 2, 2, 2, 2, 2, 2, 2, 4 ),
 ( 0.0000000000000000000, 0.0007830711383510385100, 0.001566142276702077000, 0.002349213415053115300, 0.003132284553404154000, 0.003915355691755192800, 0.004698426830106230600, 0.005481497968457269300, 0.006264569106808308100, 0.007047640245159346800, 0.007830711383510385500, 0.008613782521861424200, 0.009396853660212461200, 0.01017992479856350000, 0.01096299593691453900, 0.01174606707526557700, 0.01252913821361661600, 0.01331220935196765500, 0.01409528049031869400, 0.01487835162866973200, 0.01566142276702077100, 0.01644449390537181000, 0.01722756504372284800, 0.01801063618207388700, 0.01879370732042492200, 0.01957677845877596100, 0.02035984959712700000, 0.02114292073547803900, 0.02192599187382907700, 0.02270906301218011600, 0.02349213415053115500, 0.02427520528888219400, 0.02505827642723323200 ),
 .UNSPECIFIED. ) ;
#1496 = CARTESIAN_POINT ( 'NONE',  ( -6.000000000000000000, -48.59310969824430500, -20.00000000000000000 ) ) ;
#1497 = EDGE_CURVE ( 'E225', #1115, #2550, #2949, .T. ) ;
#1498 = CARTESIAN_POINT ( 'NONE',  ( -22.00000000000000000, -24.81081081081080000, -47.96273206261459900 ) ) ;
#1499 = AXIS2_PLACEMENT_3D ( 'NONE', #2272, #2264, #2261 ) ;
#1500 = ORIENTED_EDGE ( 'NONE', *, *, #389, .F. ) ;
#1501 = PLANE ( 'NONE',  #2128 ) ;
#1502 = DIRECTION ( 'NONE',  ( 0.0000000000000000000, 0.0000000000000000000, 1.000000000000000000 ) ) ;
#1503 = AXIS2_PLACEMENT_3D ( 'NONE', #2330, #2326, #2323 ) ;
#1504 = AXIS2_PLACEMENT_3D ( 'NONE', #2288, #2284, #2283 ) ;
#1505 = CONICAL_SURFACE ( 'NONE', #936, 4.000000000000000000, 0.7853981633974715900 ) ;
#1506 = DIRECTION ( 'NONE',  ( 0.0000000000000000000, 0.0000000000000000000, 1.000000000000000000 ) ) ;
#1507 = ORIENTED_EDGE ( 'NONE', *, *, #790, .F. ) ;
#1508 = CARTESIAN_POINT ( 'NONE',  ( 19.89059892324149800, 28.60000000000000100, -4.242160848184054900E-016 ) ) ;
#1509 = DIRECTION ( 'NONE',  ( -2.813284866889242100E-017, 0.8881987419002692600, 0.4594594594594596500 ) ) ;
#1510 = DIRECTION ( 'NONE',  ( 0.8660254037844387100, 0.0000000000000000000, -0.4999999999999998900 ) ) ;
#1511 = ORIENTED_EDGE ( 'NONE', *, *, #305, .T. ) ;
#1512 = AXIS2_PLACEMENT_3D ( 'NONE', #2443, #2436, #2428 ) ;
#1513 = VERTEX_POINT ( 'NONE', #318 ) ;
#1514 = DIRECTION ( 'NONE',  ( -0.0000000000000000000, -1.000000000000000000, -0.0000000000000000000 ) ) ;
#1515 = VECTOR ( 'NONE', #314, 1000.000000000000000 ) ;
#1516 = ORIENTED_EDGE ( 'NONE', *, *, #304, .F. ) ;
#1517 = DIRECTION ( 'NONE',  ( -0.4999999999999998900, 0.0000000000000000000, -0.8660254037844387100 ) ) ;
#1518 = CARTESIAN_POINT ( 'NONE',  ( -22.00000000000000000, -83.18918918918920700, 17.76397483800539900 ) ) ;
#1519 = CARTESIAN_POINT ( 'NONE',  ( 22.19999999999999900, 22.54124999999999800, 0.0000000000000000000 ) ) ;
#1520 = DIRECTION ( 'NONE',  ( 0.0000000000000000000, 0.8881987419002693700, 0.4594594594594593200 ) ) ;
#1521 = ORIENTED_EDGE ( 'NONE', *, *, #2796, .F. ) ;
#1522 = AXIS2_PLACEMENT_3D ( 'NONE', #2625, #2622, #2616 ) ;
#1523 = CARTESIAN_POINT ( 'NONE',  ( 16.00000000000000000, 0.0000000000000000000, 2.326752072262514800E-015 ) ) ;
#1524 = CARTESIAN_POINT ( 'NONE',  ( 25.81818937339222200, 28.54900545235959400, 1.716749716668859000 ) ) ;
#1525 = ORIENTED_EDGE ( 'NONE', *, *, #2291, .F. ) ;
#1526 = ORIENTED_EDGE ( 'NONE', *, *, #2572, .F. ) ;
#1527 = DIRECTION ( 'NONE',  ( -1.000000000000000000, 0.0000000000000000000, -6.123031769111888800E-017 ) ) ;
#1528 = AXIS2_PLACEMENT_3D ( 'NONE', #2647, #2644, #2636 ) ;
#1529 = PLANE ( 'NONE',  #1310 ) ;
#1530 = DIRECTION ( 'NONE',  ( -6.424901762877063500E-017, 0.0000000000000000000, 1.000000000000000000 ) ) ;
#1531 = CARTESIAN_POINT ( 'NONE',  ( -6.512618075282010600, 36.37501031870094400, -0.4904172620793320100 ) ) ;
#1532 = ORIENTED_EDGE ( 'NONE', *, *, #2825, .F. ) ;
#1533 = AXIS2_PLACEMENT_3D ( 'NONE', #2663, #2662, #2656 ) ;
#1534 = AXIS2_PLACEMENT_3D ( 'NONE', #2688, #2680, #2674 ) ;
#1535 = DIRECTION ( 'NONE',  ( 2.813284866889243300E-017, 0.8881987419002695900, -0.4594594594594588700 ) ) ;
#1536 = ORIENTED_EDGE ( 'NONE', *, *, #222, .F. ) ;
#1537 = SHAPE_DEFINITION_REPRESENTATION ( #1801, #2433 ) ;
#1538 = DIRECTION ( 'NONE',  ( 0.0000000000000000000, 0.0000000000000000000, 1.000000000000000000 ) ) ;
#1539 = AXIS2_PLACEMENT_3D ( 'NONE', #2712, #2708, #2700 ) ;
#1540 = CARTESIAN_POINT ( 'NONE',  ( -19.00000000000000000, 0.0000000000000000000, 0.0000000000000000000 ) ) ;
#1541 = ORIENTED_EDGE ( 'NONE', *, *, #1282, .F. ) ;
#1542 = CYLINDRICAL_SURFACE ( 'NONE', #877, 36.37817459305205100 ) ;
#1543 = DIRECTION ( 'NONE',  ( 1.000000000000000000, 0.0000000000000000000, 0.0000000000000000000 ) ) ;
#1544 = DIRECTION ( 'NONE',  ( 0.0000000000000000000, 1.000000000000000000, 0.0000000000000000000 ) ) ;
#1545 = CARTESIAN_POINT ( 'NONE',  ( 21.04529946162074700, -12.56794919243112000, -25.76832654823495300 ) ) ;
#1546 = DIRECTION ( 'NONE',  ( 0.0000000000000000000, 0.0000000000000000000, -1.000000000000000000 ) ) ;
#1547 = ORIENTED_EDGE ( 'NONE', *, *, #2407, .F. ) ;
#1548 = DIRECTION ( 'NONE',  ( -1.000000000000000000, 0.0000000000000000000, 0.0000000000000000000 ) ) ;
#1549 = CARTESIAN_POINT ( 'NONE',  ( -22.00000000000000000, -83.18918918918920700, -17.76397483800539900 ) ) ;
#1550 = DIRECTION ( 'NONE',  ( 0.0000000000000000000, -1.000000000000000000, 0.0000000000000000000 ) ) ;
#1551 = LINE ( 'NONE', #316, #1515 ) ;
#1552 = DIRECTION ( 'NONE',  ( -6.424901762877063500E-017, 0.0000000000000000000, 1.000000000000000000 ) ) ;
#1553 = AXIS2_PLACEMENT_3D ( 'NONE', #2758, #2745, #2737 ) ;
#1554 = ORIENTED_EDGE ( 'NONE', *, *, #176, .F. ) ;
#1555 = EDGE_CURVE ( 'NONE', #1385, #1385, #2521, .T. ) ;
#1556 = CARTESIAN_POINT ( 'NONE',  ( 16.00000000000000000, 0.0000000000000000000, 2.326752072262514800E-015 ) ) ;
#1557 = ORIENTED_EDGE ( 'NONE', *, *, #2350, .F. ) ;
#1558 = CARTESIAN_POINT ( 'NONE',  ( 22.19999999999999900, 22.50000000000000000, 0.0000000000000000000 ) ) ;
#1559 = FACE_OUTER_BOUND ( 'NONE', #2929, .T. ) ;
#1560 = EDGE_CURVE ( 'NONE', #1380, #1380, #2990, .T. ) ;
#1561 = DIRECTION ( 'NONE',  ( -2.583881988204434300E-016, 0.0000000000000000000, 1.000000000000000000 ) ) ;
#1562 = EDGE_CURVE ( 'NONE', #1377, #1377, #2786, .T. ) ;
#1563 = CARTESIAN_POINT ( 'NONE',  ( 21.04529946162074700, 28.60000000000000100, 2.000000000000000000 ) ) ;
#1564 = DIRECTION ( 'NONE',  ( -0.8660254037844387100, 0.0000000000000000000, -0.4999999999999998900 ) ) ;
#1565 = ORIENTED_EDGE ( 'NONE', *, *, #99, .F. ) ;
#1566 = AXIS2_PLACEMENT_3D ( 'NONE', #2775, #2770, #2769 ) ;
#1567 = CARTESIAN_POINT ( 'NONE',  ( 0.0000000000000000000, 0.0000000000000000000, 0.0000000000000000000 ) ) ;
#1568 = AXIS2_PLACEMENT_3D ( 'NONE', #2802, #2799, #2793 ) ;
#1569 = ORIENTED_EDGE ( 'NONE', *, *, #83, .T. ) ;
#1570 = FACE_BOUND ( 'NONE', #2344, .T. ) ;
#1571 = DIRECTION ( 'NONE',  ( -1.000000000000000000, 0.0000000000000000000, -6.123031769111888800E-017 ) ) ;
#1572 = CARTESIAN_POINT ( 'NONE',  ( 25.89353510373189900, 28.55875000000000000, -1.535512434824359800 ) ) ;
#1573 = DIRECTION ( 'NONE',  ( 1.000000000000000000, 5.204170427930419300E-016, -3.004629197474320000E-016 ) ) ;
#1574 = ORIENTED_EDGE ( 'NONE', *, *, #54, .T. ) ;
#1575 = CYLINDRICAL_SURFACE ( 'NONE', #883, 4.000000000000000000 ) ;
#1576 = AXIS2_PLACEMENT_3D ( 'NONE', #2821, #2817, #2810 ) ;
#1577 = ORIENTED_EDGE ( 'NONE', *, *, #891, .T. ) ;
#1578 = CARTESIAN_POINT ( 'NONE',  ( 19.89059892324149800, 28.60000000000000100, -5.551115123125779700E-016 ) ) ;
#1579 = CARTESIAN_POINT ( 'NONE',  ( 23.35470053837925200, 28.60000000000000100, 2.000000000000000000 ) ) ;
#1580 = VERTEX_POINT ( 'NONE', #410 ) ;
#1581 = AXIS2_PLACEMENT_3D ( 'NONE', #1715, #2211, #2352 ) ;
#1582 = CARTESIAN_POINT ( 'NONE',  ( 21.04529946162074700, -11.80544919243111900, -24.44763780746370000 ) ) ;
#1583 = ORIENTED_EDGE ( 'NONE', *, *, #1072, .T. ) ;
#1584 = AXIS2_PLACEMENT_3D ( 'NONE', #2113, #1942, #854 ) ;
#1585 = ORIENTED_EDGE ( 'NONE', *, *, #2962, .T. ) ;
#1586 = CARTESIAN_POINT ( 'NONE',  ( -7.350050761878698300, 36.37817536051859000, 0.1433779120499796800 ) ) ;
#1587 = PLANE ( 'NONE',  #2038 ) ;
#1588 = ORIENTED_EDGE ( 'NONE', *, *, #2899, .T. ) ;
#1589 = AXIS2_PLACEMENT_3D ( 'NONE', #1973, #2983, #2381 ) ;
#1590 = CARTESIAN_POINT ( 'NONE',  ( 23.35470053837925200, -11.80544919243111900, -24.44763780746370000 ) ) ;
#1591 = DIRECTION ( 'NONE',  ( -0.4999999999999998900, 0.0000000000000000000, 0.8660254037844387100 ) ) ;
#1592 = AXIS2_PLACEMENT_3D ( 'NONE', #1721, #1680, #1669 ) ;
#1593 = ORIENTED_EDGE ( 'NONE', *, *, #2850, .T. ) ;
#1594 = FACE_OUTER_BOUND ( 'NONE', #2996, .T. ) ;
#1595 = CARTESIAN_POINT ( 'NONE',  ( -6.656231037078466500, 36.37401779657606900, -0.5499236881239033500 ) ) ;
#1596 = ORIENTED_EDGE ( 'NONE', *, *, #2874, .T. ) ;
#1597 = FACE_OUTER_BOUND ( 'NONE', #2332, .T. ) ;
#1598 = VERTEX_POINT ( 'NONE', #441 ) ;
#1599 = CARTESIAN_POINT ( 'NONE',  ( -7.599999999999999600, -83.18918918918920700, 17.76397483800539900 ) ) ;
#1600 = FACE_BOUND ( 'NONE', #2300, .T. ) ;
#1601 = ORIENTED_EDGE ( 'NONE', *, *, #2721, .T. ) ;
#1602 = CARTESIAN_POINT ( 'NONE',  ( -22.00000000000000000, 83.18918918918920700, -17.76397483800539900 ) ) ;
#1603 = TOROIDAL_SURFACE ( 'NONE', #900, 23.59999999999999800, 1.100000000000000100 ) ;
#1604 = DIRECTION ( 'NONE',  ( -2.813284866889245800E-017, 0.8881987419002694800, 0.4594594594594592600 ) ) ;
#1605 = AXIS2_PLACEMENT_3D ( 'NONE', #1937, #1998, #1965 ) ;
#1606 = DIRECTION ( 'NONE',  ( 0.0000000000000000000, -1.000000000000000000, 0.0000000000000000000 ) ) ;
#1607 = FACE_OUTER_BOUND ( 'NONE', #2735, .T. ) ;
#1608 = ORIENTED_EDGE ( 'NONE', *, *, #1711, .F. ) ;
#1609 = CYLINDRICAL_SURFACE ( 'NONE', #911, 22.50000000000000000 ) ;
#1610 = DIRECTION ( 'NONE',  ( 5.438469113940562800E-017, 0.4594594594594592600, -0.8881987419002694800 ) ) ;
#1611 = AXIS2_PLACEMENT_3D ( 'NONE', #2578, #2574, #2763 ) ;
#1612 = CARTESIAN_POINT ( 'NONE',  ( 23.35470053837925200, -16.03205080756884700, -23.76832654823494900 ) ) ;
#1613 = ORIENTED_EDGE ( 'NONE', *, *, #83, .F. ) ;
#1614 = FACE_OUTER_BOUND ( 'NONE', #2686, .T. ) ;
#1615 = CARTESIAN_POINT ( 'NONE',  ( 16.00000000000000000, 83.18918918918920700, -17.76397483800539900 ) ) ;
#1616 = CARTESIAN_POINT ( 'NONE',  ( 23.35470053837925200, 27.07499999999999900, -2.000000000000000000 ) ) ;
#1617 = CARTESIAN_POINT ( 'NONE',  ( -7.599999999999999600, 74.00000000000000000, 0.0000000000000000000 ) ) ;
#1618 = FACE_OUTER_BOUND ( 'NONE', #2287, .T. ) ;
#1619 = AXIS2_PLACEMENT_3D ( 'NONE', #1710, #1769, #1707 ) ;
#1620 = AXIS2_PLACEMENT_3D ( 'NONE', #2489, #2408, #2560 ) ;
#1621 = PLANE ( 'NONE',  #1350 ) ;
#1622 = ORIENTED_EDGE ( 'NONE', *, *, #1711, .T. ) ;
#1623 = CARTESIAN_POINT ( 'NONE',  ( -7.085985225510108300, 36.37499585084968600, -0.4917270961679227600 ) ) ;
#1624 = DIRECTION ( 'NONE',  ( 1.000000000000000000, 0.0000000000000000000, 0.0000000000000000000 ) ) ;
#1625 = AXIS2_PLACEMENT_3D ( 'NONE', #1214, #2359, #1260 ) ;
#1626 = VERTEX_POINT ( 'NONE', #325 ) ;
#1627 = B_SPLINE_CURVE_WITH_KNOTS ( 'NONE', 3,
 ( #700, #744, #827, #830, #838, #849, #850, #878, #783, #902, #762, #951, #970, #999, #991, #1237, #2062, #204 ),
 .UNSPECIFIED., .T., .F.,
 ( 4, 2, 2, 2, 2, 2, 2, 2, 4 ),
 ( 0.0000000000000000000, 0.0004327128650716921500, 0.0008654257301433843000, 0.001298138595215076300, 0.001730851460286768600, 0.002163564325358460900, 0.002596277190430152700, 0.003028990055501844900, 0.003461702920573537200 ),
 .UNSPECIFIED. ) ;
#1628 = DIRECTION ( 'NONE',  ( 0.0000000000000000000, 0.0000000000000000000, -1.000000000000000000 ) ) ;
#1629 = FACE_BOUND ( 'NONE', #2724, .T. ) ;
#1630 = DIRECTION ( 'NONE',  ( -0.5000000000000001100, 0.7500000000000001100, -0.4330127018922190800 ) ) ;
#1631 = FACE_OUTER_BOUND ( 'NONE', #2684, .T. ) ;
#1632 = CARTESIAN_POINT ( 'NONE',  ( -6.943184494263914700, 36.37401549114874700, -0.5500761566017168300 ) ) ;
#1633 = EDGE_CURVE ( 'E119', #2014, #458, #2887, .T. ) ;
#1634 = EDGE_LOOP ( 'NONE', ( #59 ) ) ;
#1635 = PLANE ( 'NONE',  #1359 ) ;
#1636 = FACE_OUTER_BOUND ( 'NONE', #2612, .T. ) ;
#1637 = CARTESIAN_POINT ( 'NONE',  ( 21.04529946162074700, 27.07499999999999900, -2.000000000000000000 ) ) ;
#1638 = ORIENTED_EDGE ( 'NONE', *, *, #2740, .T. ) ;
#1639 = AXIS2_PLACEMENT_3D ( 'NONE', #2393, #2532, #2513 ) ;
#1640 = EDGE_LOOP ( 'NONE', ( #257 ) ) ;
#1641 = FACE_BOUND ( 'NONE', #2667, .T. ) ;
#1642 = AXIS2_PLACEMENT_3D ( 'NONE', #2516, #2354, #2422 ) ;
#1643 = B_SPLINE_CURVE_WITH_KNOTS ( 'NONE', 3,
 ( #585, #592, #601, #612 ),
 .UNSPECIFIED., .F., .F.,
 ( 4, 4 ),
 ( 0.09964519103563478100, 0.09988104062664138200 ),
 .UNSPECIFIED. ) ;
#1644 = ORIENTED_EDGE ( 'NONE', *, *, #888, .F. ) ;
#1645 = AXIS2_PLACEMENT_3D ( 'NONE', #1266, #1296, #1055 ) ;
#1646 = AXIS2_PLACEMENT_3D ( 'NONE', #920, #912, #950 ) ;
#1647 = DIRECTION ( 'NONE',  ( -0.4999999999999998900, 0.0000000000000000000, 0.8660254037844387100 ) ) ;
#1648 = EDGE_LOOP ( 'NONE', ( #637 ) ) ;
#1649 = FACE_OUTER_BOUND ( 'NONE', #2186, .T. ) ;
#1650 = ORIENTED_EDGE ( 'NONE', *, *, #54, .F. ) ;
#1651 = CARTESIAN_POINT ( 'NONE',  ( -22.00000000000000000, -83.18918918918920700, -17.76397483800539900 ) ) ;
#1652 = EDGE_LOOP ( 'NONE', ( #743 ) ) ;
#1653 = FACE_OUTER_BOUND ( 'NONE', #2324, .T. ) ;
#1654 = CARTESIAN_POINT ( 'NONE',  ( 23.35470053837925200, -12.56794919243112000, -25.76832654823495300 ) ) ;
#1655 = CARTESIAN_POINT ( 'NONE',  ( -85.00000000000000000, 0.0000000000000000000, 0.0000000000000000000 ) ) ;
#1656 = ADVANCED_FACE ( 'E639', ( #2988, #2791 ), #2945, .T. ) ;
#1657 = EDGE_LOOP ( 'NONE', ( #2510 ) ) ;
#1658 = FACE_OUTER_BOUND ( 'NONE', #1860, .T. ) ;
#1659 = CARTESIAN_POINT ( 'NONE',  ( -22.00000000000000000, -83.18918918918920700, 17.76397483800539900 ) ) ;
#1660 = AXIS2_PLACEMENT_3D ( 'NONE', #1444, #1421, #1448 ) ;
#1661 = CARTESIAN_POINT ( 'NONE',  ( -7.349949169274417200, 36.37817382454463900, -0.1437670947106042800 ) ) ;
#1662 = CARTESIAN_POINT ( 'NONE',  ( -6.250000000000000000, 36.37817459305206600, -5.421010862427522200E-017 ) ) ;
#1663 = ORIENTED_EDGE ( 'NONE', *, *, #888, .T. ) ;
#1664 = FACE_OUTER_BOUND ( 'NONE', #2681, .T. ) ;
#1665 = CARTESIAN_POINT ( 'NONE',  ( 23.35470053837925200, -12.56794919243112000, -25.76832654823495300 ) ) ;
#1666 = AXIS2_PLACEMENT_3D ( 'NONE', #1326, #1383, #1098 ) ;
#1667 = AXIS2_PLACEMENT_3D ( 'NONE', #70, #73, #74 ) ;
#1668 = CARTESIAN_POINT ( 'NONE',  ( -6.000000000000000000, -74.00000000000000000, 20.00000000000000000 ) ) ;
#1669 = DIRECTION ( 'NONE',  ( 0.0000000000000000000, 0.0000000000000000000, 1.000000000000000000 ) ) ;
#1670 = DIRECTION ( 'NONE',  ( 0.0000000000000000000, -1.000000000000000000, 0.0000000000000000000 ) ) ;
#1671 = FACE_OUTER_BOUND ( 'NONE', #2591, .T. ) ;
#1672 = CARTESIAN_POINT ( 'NONE',  ( -14.00000000000000000, -74.00000000000000000, -20.00000000000000000 ) ) ;
#1673 = EDGE_CURVE ( 'E427', #2033, #2027, #2863, .T. ) ;
#1674 = ORIENTED_EDGE ( 'NONE', *, *, #2778, .T. ) ;
#1675 = EDGE_CURVE ( 'NONE', #1376, #1376, #2867, .T. ) ;
#1676 = DIRECTION ( 'NONE',  ( 1.000000000000000000, 0.0000000000000000000, 0.0000000000000000000 ) ) ;
#1677 = CARTESIAN_POINT ( 'NONE',  ( -7.290609735446614600, 36.37718404846027200, 0.2870105289812807700 ) ) ;
#1678 = VERTEX_POINT ( 'NONE', #489 ) ;
#1679 = AXIS2_PLACEMENT_3D ( 'NONE', #35, #2953, #2972 ) ;
#1680 = DIRECTION ( 'NONE',  ( -1.000000000000000000, 0.0000000000000000000, 0.0000000000000000000 ) ) ;
#1681 = AXIS2_PLACEMENT_3D ( 'NONE', #13, #58, #14 ) ;
#1682 = ORIENTED_EDGE ( 'NONE', *, *, #3004, .F. ) ;
#1683 = CARTESIAN_POINT ( 'NONE',  ( -7.087962107030067600, 36.37501537536614600, 0.4900518147868822000 ) ) ;
#1684 = PLANE ( 'NONE',  #1592 ) ;
#1685 = ORIENTED_EDGE ( 'NONE', *, *, #1673, .F. ) ;
#1686 = TOROIDAL_SURFACE ( 'NONE', #968, 40.28179655021205000, 2.200000000000000200 ) ;
#1687 = FACE_BOUND ( 'NONE', #2609, .T. ) ;
#1688 = DIRECTION ( 'NONE',  ( 0.06162841671621927000, 0.7044160264027586900, 0.7071067811865476800 ) ) ;
#1689 = DIRECTION ( 'NONE',  ( -0.8660254037844387100, -0.4330127018922195200, 0.2500000000000000000 ) ) ;
#1690 = CARTESIAN_POINT ( 'NONE',  ( -6.945628308061872100, 36.37401888325126700, 0.5498518212533868300 ) ) ;
#1691 = LINE ( 'NONE', #414, #1725 ) ;
#1692 = CARTESIAN_POINT ( 'NONE',  ( 7.350000000000005000, -31.43175087613980900, 18.31495969778234200 ) ) ;
#1693 = CYLINDRICAL_SURFACE ( 'NONE', #975, 28.60000000000000100 ) ;
#1694 = AXIS2_PLACEMENT_3D ( 'NONE', #2639, #23, #2276 ) ;
#1695 = ORIENTED_EDGE ( 'NONE', *, *, #891, .F. ) ;
#1696 = FACE_OUTER_BOUND ( 'NONE', #2592, .T. ) ;
#1697 = DIRECTION ( 'NONE',  ( -0.06162841671621931800, -0.7044160264027589100, 0.7071067811865473500 ) ) ;
#1698 = ORIENTED_EDGE ( 'NONE', *, *, #3004, .T. ) ;
#1699 = ORIENTED_EDGE ( 'NONE', *, *, #1925, .F. ) ;
#1700 = CARTESIAN_POINT ( 'NONE',  ( 21.04529946162074700, -12.56794919243112000, -25.76832654823495300 ) ) ;
#1701 = DIRECTION ( 'NONE',  ( 1.000000000000000000, 0.0000000000000000000, 0.0000000000000000000 ) ) ;
#1702 = CARTESIAN_POINT ( 'NONE',  ( 7.350000000000000500, -31.50442334088870300, 18.18908729652599700 ) ) ;
#1703 = FACE_BOUND ( 'NONE', #2548, .T. ) ;
#1704 = AXIS2_PLACEMENT_3D ( 'NONE', #2733, #2797, #2789 ) ;
#1705 = CARTESIAN_POINT ( 'NONE',  ( -14.00000000000000000, -74.00000000000000000, 20.00000000000000000 ) ) ;
#1706 = DIRECTION ( 'NONE',  ( 0.0000000000000000000, 0.0000000000000000000, 1.000000000000000000 ) ) ;
#1707 = DIRECTION ( 'NONE',  ( 7.304098846218135700E-017, 0.0000000000000000000, -1.000000000000000000 ) ) ;
#1708 = ORIENTED_EDGE ( 'NONE', *, *, #1083, .T. ) ;
#1709 = CARTESIAN_POINT ( 'NONE',  ( 7.290365518370025600, -31.35982714329951900, 18.43754664587783100 ) ) ;
#1710 = CARTESIAN_POINT ( 'NONE',  ( 16.00000000000000000, 0.0000000000000000000, 0.0000000000000000000 ) ) ;
#1711 = EDGE_CURVE ( 'E1313', #794, #505, #2860, .T. ) ;
#1712 = ORIENTED_EDGE ( 'NONE', *, *, #2319, .T. ) ;
#1713 = FACE_OUTER_BOUND ( 'NONE', #2784, .T. ) ;
#1714 = CARTESIAN_POINT ( 'NONE',  ( 7.087381924718000500, -31.25647436787645000, 18.61221896676556800 ) ) ;
#1715 = CARTESIAN_POINT ( 'NONE',  ( 16.00000000000000000, -83.18918918918920700, -17.76397483800539900 ) ) ;
#1716 = ORIENTED_EDGE ( 'NONE', *, *, #2407, .T. ) ;
#1717 = DIRECTION ( 'NONE',  ( 0.0000000000000000000, 0.4999999999999998900, 0.8660254037844387100 ) ) ;
#1718 = EDGE_CURVE ( 'E103', #711, #2496, #2903, .T. ) ;
#1719 = CARTESIAN_POINT ( 'NONE',  ( 6.943768962921551800, -31.22586160548019100, 18.66325678234614900 ) ) ;
#1720 = CARTESIAN_POINT ( 'NONE',  ( 6.656815505736092900, -31.22578337468265600, 18.66338767120755900 ) ) ;
#1721 = CARTESIAN_POINT ( 'NONE',  ( -19.00000000000000000, 23.59999999999999800, 0.0000000000000000000 ) ) ;
#1722 = AXIS2_PLACEMENT_3D ( 'NONE', #2125, #2177, #2097 ) ;
#1723 = AXIS2_PLACEMENT_3D ( 'NONE', #817, #861, #818 ) ;
#1724 = CARTESIAN_POINT ( 'NONE',  ( 6.514014774489907300, -31.25580692130539600, 18.61334608243541700 ) ) ;
#1725 = VECTOR ( 'NONE', #420, 1000.000000000000000 ) ;
#1726 = PLANE ( 'NONE',  #1387 ) ;
#1727 = ORIENTED_EDGE ( 'NONE', *, *, #2795, .T. ) ;
#1728 = CARTESIAN_POINT ( 'NONE',  ( 6.308565730673072900, -31.36032767880313100, 18.43670161836248800 ) ) ;
#1729 = AXIS2_PLACEMENT_3D ( 'NONE', #761, #757, #750 ) ;
#1730 = CARTESIAN_POINT ( 'NONE',  ( 6.250050830725588600, -31.43253912798646300, 18.31359286851999700 ) ) ;
#1731 = FACE_OUTER_BOUND ( 'NONE', #2427, .T. ) ;
#1732 = CARTESIAN_POINT ( 'NONE',  ( 6.249949238121300400, -31.57611296155921100, 18.06491876608245000 ) ) ;
#1733 = ORIENTED_EDGE ( 'NONE', *, *, #1317, .T. ) ;
#1734 = AXIS2_PLACEMENT_3D ( 'NONE', #659, #720, #723 ) ;
#1735 = CARTESIAN_POINT ( 'NONE',  ( 6.309390264553374400, -31.64707076859931000, 17.94003361497876600 ) ) ;
#1736 = ORIENTED_EDGE ( 'NONE', *, *, #2936, .F. ) ;
#1737 = FACE_OUTER_BOUND ( 'NONE', #2514, .T. ) ;
#1738 = CARTESIAN_POINT ( 'NONE',  ( 6.512037892969923200, -31.74671328551006200, 17.76311036690696500 ) ) ;
#1739 = ADVANCED_FACE ( 'E6', ( #2854, #2819, #2941 ), #2811, .T. ) ;
#1740 = CYLINDRICAL_SURFACE ( 'NONE', #996, 28.60000000000000100 ) ;
#1741 = CARTESIAN_POINT ( 'NONE',  ( -7.599999999999999600, -24.81081081081080000, 47.96273206261459900 ) ) ;
#1742 = CARTESIAN_POINT ( 'NONE',  ( 8.241654719273141100, 37.05228298878509500, 37.19381669041239700 ) ) ;
#1743 = LINE ( 'NONE', #452, #1759 ) ;
#1744 = CARTESIAN_POINT ( 'NONE',  ( 6.654371691938110600, -31.77575030125715800, 17.71082379610305700 ) ) ;
#1745 = DIRECTION ( 'NONE',  ( 1.000000000000000000, 0.0000000000000000000, 0.0000000000000000000 ) ) ;
#1746 = CARTESIAN_POINT ( 'NONE',  ( -14.00000000000000000, 0.0000000000000000000, 20.00000000000000000 ) ) ;
#1747 = CARTESIAN_POINT ( 'NONE',  ( 6.944506885062361700, -31.77589432090476900, 17.71056540179187900 ) ) ;
#1748 = DIRECTION ( 'NONE',  ( 0.4999999999999999400, 0.7499999999999998900, -0.4330127018922194600 ) ) ;
#1749 = ORIENTED_EDGE ( 'NONE', *, *, #2962, .F. ) ;
#1750 = FACE_OUTER_BOUND ( 'NONE', #2539, .T. ) ;
#1751 = EDGE_CURVE ( 'E319', #1580, #503, #2928, .T. ) ;
#1752 = ORIENTED_EDGE ( 'NONE', *, *, #2936, .T. ) ;
#1753 = CARTESIAN_POINT ( 'NONE',  ( 7.086960139976601300, -31.74702719319502000, 17.76254907403883400 ) ) ;
#1754 = ORIENTED_EDGE ( 'NONE', *, *, #2345, .F. ) ;
#1755 = DIRECTION ( 'NONE',  ( 0.0000000000000000000, 0.4999999999999998900, 0.8660254037844387100 ) ) ;
#1756 = CARTESIAN_POINT ( 'NONE',  ( 7.290235897664610200, -31.64743214186521000, 17.93939586605796800 ) ) ;
#1757 = AXIS2_PLACEMENT_3D ( 'NONE', #608, #954, #715 ) ;
#1758 = CARTESIAN_POINT ( 'NONE',  ( 7.349999999999995200, -31.57709580563759700, 18.06321489526965300 ) ) ;
#1759 = VECTOR ( 'NONE', #466, 1000.000000000000000 ) ;
#1760 = CARTESIAN_POINT ( 'NONE',  ( 19.89059892324149800, -14.30000000000000100, -24.76832654823494900 ) ) ;
#1761 = CARTESIAN_POINT ( 'NONE',  ( -7.291434269326939200, 36.37719125002905700, -0.2864881240940035900 ) ) ;
#1762 = CARTESIAN_POINT ( 'NONE',  ( -23.00000000000000000, -74.00000000000000000, 0.0000000000000000000 ) ) ;
#1763 = AXIS2_PLACEMENT_3D ( 'NONE', #603, #662, #633 ) ;
#1764 = CARTESIAN_POINT ( 'NONE',  ( -6.655493114937627300, 36.37401441076913500, 0.5501476071148542200 ) ) ;
#1765 = ORIENTED_EDGE ( 'NONE', *, *, #1881, .F. ) ;
#1766 = SPHERICAL_SURFACE ( 'NONE', #1028, 42.50000000000000000 ) ;
#1767 = DIRECTION ( 'NONE',  ( 0.0000000000000000000, -1.000000000000000000, 0.0000000000000000000 ) ) ;
#1768 = CARTESIAN_POINT ( 'NONE',  ( 7.350000000000000500, -31.50442334088870300, 18.18908729652599700 ) ) ;
#1769 = DIRECTION ( 'NONE',  ( 1.000000000000000000, 0.0000000000000000000, 6.123031769111888800E-017 ) ) ;
#1770 = FACE_OUTER_BOUND ( 'NONE', #2417, .T. ) ;
#1771 = AXIS2_PLACEMENT_3D ( 'NONE', #545, #636, #1012 ) ;
#1772 = ORIENTED_EDGE ( 'NONE', *, *, #2713, .T. ) ;
#1773 = DIRECTION ( 'NONE',  ( 0.0000000000000000000, -1.000000000000000000, 0.0000000000000000000 ) ) ;
#1774 = TOROIDAL_SURFACE ( 'NONE', #1008, 32.48908729652600200, 5.500000000000000000 ) ;
#1775 = AXIS2_PLACEMENT_3D ( 'NONE', #617, #532, #580 ) ;
#1776 = DIRECTION ( 'NONE',  ( 0.0000000000000000000, 0.0000000000000000000, -1.000000000000000000 ) ) ;
#1777 = DIRECTION ( 'NONE',  ( 1.000000000000000000, 0.0000000000000000000, 0.0000000000000000000 ) ) ;
#1778 = ORIENTED_EDGE ( 'NONE', *, *, #2881, .F. ) ;
#1779 = FACE_OUTER_BOUND ( 'NONE', #2394, .T. ) ;
#1780 = ORIENTED_EDGE ( 'NONE', *, *, #2322, .T. ) ;
#1781 = CARTESIAN_POINT ( 'NONE',  ( 19.89059892324149800, -13.53750000000000000, -23.44763780746370000 ) ) ;
#1782 = DIRECTION ( 'NONE',  ( -0.5000000000000001100, 0.7500000000000001100, -0.4330127018922190800 ) ) ;
#1783 = CYLINDRICAL_SURFACE ( 'NONE', #1019, 0.5500000000000001600 ) ;
#1784 = FACE_OUTER_BOUND ( 'NONE', #2460, .T. ) ;
#1785 = CARTESIAN_POINT ( 'NONE',  ( -6.309764102335383200, 36.37717813242844000, 0.2877435223808580400 ) ) ;
#1786 = DIRECTION ( 'NONE',  ( -1.000000000000000000, 0.0000000000000000000, 0.0000000000000000000 ) ) ;
#1787 = FACE_OUTER_BOUND ( 'NONE', #2511, .T. ) ;
#1788 = EDGE_CURVE ( 'NONE', #1373, #1373, #2773, .T. ) ;
#1789 = ORIENTED_EDGE ( 'NONE', *, *, #2899, .F. ) ;
#1790 = AXIS2_PLACEMENT_3D ( 'NONE', #594, #595, #599 ) ;
#1791 = AXIS2_PLACEMENT_3D ( 'NONE', #475, #454, #535 ) ;
#1792 = CARTESIAN_POINT ( 'NONE',  ( 21.04529946162074700, -15.26955080756885000, -22.44763780746370000 ) ) ;
#1793 = ORIENTED_EDGE ( 'NONE', *, *, #2881, .T. ) ;
#1794 = PLANE ( 'NONE',  #1409 ) ;
#1795 = AXIS2_PLACEMENT_3D ( 'NONE', #561, #565, #568 ) ;
#1796 = FACE_BOUND ( 'NONE', #2383, .T. ) ;
#1797 = CARTESIAN_POINT ( 'NONE',  ( 3.889087296526010400, 0.0000000000000000000, 0.0000000000000000000 ) ) ;
#1798 = ORIENTED_EDGE ( 'NONE', *, *, #2720, .T. ) ;
#1799 = FACE_OUTER_BOUND ( 'NONE', #2398, .T. ) ;
#1800 = DIRECTION ( 'NONE',  ( 1.000000000000000000, -0.0000000000000000000, -0.0000000000000000000 ) ) ;
#1801 = PRODUCT_DEFINITION_SHAPE ( 'NONE', 'NONE',  #844 ) ;
#1802 = DIRECTION ( 'NONE',  ( 0.0000000000000000000, 0.0000000000000000000, 1.000000000000000000 ) ) ;
#1803 = EDGE_CURVE ( 'E61', #465, #2055, #1643, .T. ) ;
#1804 = CYLINDRICAL_SURFACE ( 'NONE', #1023, 0.5500000000000001600 ) ;
#1805 = CARTESIAN_POINT ( 'NONE',  ( -6.000000000000000000, 0.0000000000000000000, 20.00000000000000000 ) ) ;
#1806 = ORIENTED_EDGE ( 'NONE', *, *, #2874, .F. ) ;
#1807 = CARTESIAN_POINT ( 'NONE',  ( 3.889087296526014800, 0.0000000000000000000, 0.0000000000000000000 ) ) ;
#1808 = CONICAL_SURFACE ( 'NONE', #1061, 4.000000000000000000, 0.7853981633974715900 ) ;
#1809 = CARTESIAN_POINT ( 'NONE',  ( 6.921937723989136900, 31.22845565405646100, 27.98475489810842700 ) ) ;
#1810 = AXIS2_PLACEMENT_3D ( 'NONE', #445, #450, #385 ) ;
#1811 = AXIS2_PLACEMENT_3D ( 'NONE', #476, #508, #510 ) ;
#1812 = DIRECTION ( 'NONE',  ( -1.000000000000000000, 0.0000000000000000000, 0.0000000000000000000 ) ) ;
#1813 = LINE ( 'NONE', #494, #1863 ) ;
#1814 = DIRECTION ( 'NONE',  ( 0.0000000000000000000, 0.0000000000000000000, 1.000000000000000000 ) ) ;
#1815 = ADVANCED_FACE ( 'E1120', ( #2846, #2896 ), #2839, .T. ) ;
#1816 = FACE_OUTER_BOUND ( 'NONE', #2305, .T. ) ;
#1817 = AXIS2_PLACEMENT_3D ( 'NONE', #434, #435, #437 ) ;
#1818 = AXIS2_PLACEMENT_3D ( 'NONE', #263, #272, #280 ) ;
#1819 = CARTESIAN_POINT ( 'NONE',  ( 6.666162257841373100, -36.62396041901297400, 20.50656484152130700 ) ) ;
#1820 = VERTEX_POINT ( 'NONE', #623 ) ;
#1821 = FACE_OUTER_BOUND ( 'NONE', #2349, .T. ) ;
#1822 = CARTESIAN_POINT ( 'NONE',  ( -6.000000000000000000, 0.0000000000000000000, 0.0000000000000000000 ) ) ;
#1823 = EDGE_CURVE ( 'NONE', #1367, #1367, #2849, .T. ) ;
#1824 = FACE_OUTER_BOUND ( 'NONE', #2792, .T. ) ;
#1825 = DIRECTION ( 'NONE',  ( 0.0000000000000000000, 0.8660254037844387100, -0.4999999999999998900 ) ) ;
#1826 = FACE_OUTER_BOUND ( 'NONE', #2375, .T. ) ;
#1827 = AXIS2_PLACEMENT_3D ( 'NONE', #417, #2091, #423 ) ;
#1828 = DIRECTION ( 'NONE',  ( 0.0000000000000000000, -0.4999999999999998900, -0.8660254037844387100 ) ) ;
#1829 = ORIENTED_EDGE ( 'NONE', *, *, #2850, .F. ) ;
#1830 = DIRECTION ( 'NONE',  ( 1.000000000000000000, 0.0000000000000000000, 0.0000000000000000000 ) ) ;
#1831 = ADVANCED_FACE ( 'E118', ( #2997 ), #634, .T. ) ;
#1832 = EDGE_CURVE ( 'E436', #2027, #1110, #2974, .T. ) ;
#1833 = DIRECTION ( 'NONE',  ( 0.0000000000000000000, 0.0000000000000000000, -1.000000000000000000 ) ) ;
#1834 = CARTESIAN_POINT ( 'NONE',  ( 6.538728961705550600, -36.60743540909356100, 20.57645976193175500 ) ) ;
#1835 = ORIENTED_EDGE ( 'NONE', *, *, #2841, .F. ) ;
#1836 = CARTESIAN_POINT ( 'NONE',  ( 6.818108996195359600, -36.61022501197466300, 20.48110612995964500 ) ) ;
#1837 = ORIENTED_EDGE ( 'NONE', *, *, #1126, .T. ) ;
#1838 = LINE ( 'NONE', #518, #1856 ) ;
#1839 = VERTEX_POINT ( 'NONE', #884 ) ;
#1840 = PLANE ( 'NONE',  #1423 ) ;
#1841 = CARTESIAN_POINT ( 'NONE',  ( 7.092166923442286800, -36.53144089257253300, 20.52866017694763200 ) ) ;
#1842 = CARTESIAN_POINT ( 'NONE',  ( 7.213267236027530900, -36.46590816477557700, 20.60284255142509100 ) ) ;
#1843 = EDGE_LOOP ( 'NONE', ( #2430, #2321, #2316, #2263 ) ) ;
#1844 = EDGE_CURVE ( 'E282', #487, #923, #2761, .T. ) ;
#1845 = EDGE_CURVE ( 'E188', #1370, #1481, #2894, .T. ) ;
#1846 = CARTESIAN_POINT ( 'NONE',  ( 21.04529946162074700, -16.03205080756884700, -23.76832654823494900 ) ) ;
#1847 = CARTESIAN_POINT ( 'NONE',  ( 7.351447222288722800, -36.32036103903032400, 20.81005529621187100 ) ) ;
#1848 = ORIENTED_EDGE ( 'NONE', *, *, #2600, .F. ) ;
#1849 = CARTESIAN_POINT ( 'NONE',  ( 7.368709575859644400, -36.24041649807082200, 20.94291269836582700 ) ) ;
#1850 = AXIS2_PLACEMENT_3D ( 'NONE', #2838, #2930, #2933 ) ;
#1851 = CARTESIAN_POINT ( 'NONE',  ( 7.285807500839045000, -36.11244487530670000, 21.19149818316377000 ) ) ;
#1852 = FACE_BOUND ( 'NONE', #2171, .T. ) ;
#1853 = VERTEX_POINT ( 'NONE', #730 ) ;
#1854 = CARTESIAN_POINT ( 'NONE',  ( 7.187402701087172800, -36.06645283858666300, 21.30312482763151000 ) ) ;
#1855 = AXIS2_PLACEMENT_3D ( 'NONE', #228, #229, #235 ) ;
#1856 = VECTOR ( 'NONE', #527, 1000.000000000000000 ) ;
#1857 = EDGE_CURVE ( 'E198', #1820, #2318, #2764, .T. ) ;
#1858 = CYLINDRICAL_SURFACE ( 'NONE', #1044, 0.5500000000000001600 ) ;
#1859 = DIRECTION ( 'NONE',  ( 0.0000000000000000000, 0.0000000000000000000, 1.000000000000000000 ) ) ;
#1860 = EDGE_LOOP ( 'NONE', ( #2057, #708, #1227, #1963 ) ) ;
#1861 = CARTESIAN_POINT ( 'NONE',  ( 6.935551728018500800, -36.03379599084222200, 21.44142192312775200 ) ) ;
#1862 = CARTESIAN_POINT ( 'NONE',  ( 6.782215802464135000, -36.04733885136646900, 21.46769022354260100 ) ) ;
#1863 = VECTOR ( 'NONE', #492, 1000.000000000000000 ) ;
#1864 = AXIS2_PLACEMENT_3D ( 'NONE', #2900, #2921, #2923 ) ;
#1865 = CARTESIAN_POINT ( 'NONE',  ( 6.508600919241772900, -36.12579581641842500, 21.42045292926609400 ) ) ;
#1866 = FACE_OUTER_BOUND ( 'NONE', #2163, .T. ) ;
#1867 = AXIS2_PLACEMENT_3D ( 'NONE', #152, #2884, #2885 ) ;
#1868 = CARTESIAN_POINT ( 'NONE',  ( 6.387599072520503200, -36.19076262600463400, 21.34709452467505400 ) ) ;
#1869 = CYLINDRICAL_SURFACE ( 'NONE', #1060, 0.5500000000000001600 ) ;
#1870 = CARTESIAN_POINT ( 'NONE',  ( 6.248046006725224400, -36.33747777554852100, 21.13813605826804200 ) ) ;
#1871 = ORIENTED_EDGE ( 'NONE', *, *, #2825, .T. ) ;
#1872 = AXIS2_PLACEMENT_3D ( 'NONE', #2537, #2628, #2635 ) ;
#1873 = AXIS2_PLACEMENT_3D ( 'NONE', #2814, #2823, #2834 ) ;
#1874 = CARTESIAN_POINT ( 'NONE',  ( 6.231580635852898500, -36.41740658605242200, 21.00501994400132200 ) ) ;
#1875 = FACE_OUTER_BOUND ( 'NONE', #2179, .T. ) ;
#1876 = CARTESIAN_POINT ( 'NONE',  ( 6.313876806424240800, -36.54453135952910300, 20.75820680859919800 ) ) ;
#1877 = ORIENTED_EDGE ( 'NONE', *, *, #1317, .F. ) ;
#1878 = CARTESIAN_POINT ( 'NONE',  ( 6.411295665569729100, -36.59091039917414200, 20.64635468234220600 ) ) ;
#1879 = CARTESIAN_POINT ( 'NONE',  ( 6.538728961705550600, -36.60743540909356100, 20.57645976193175500 ) ) ;
#1880 = EDGE_LOOP ( 'NONE', ( #2086, #2039, #2009, #2003, #2002, #2001 ) ) ;
#1881 = EDGE_CURVE ( 'E264', #1580, #1626, #3002, .T. ) ;
#1882 = VECTOR ( 'NONE', #528, 1000.000000000000000 ) ;
#1883 = CARTESIAN_POINT ( 'NONE',  ( 18.24125000000000100, 28.60000000000000100, 0.0000000000000000000 ) ) ;
#1884 = DIRECTION ( 'NONE',  ( -1.000000000000000000, 0.0000000000000000000, 0.0000000000000000000 ) ) ;
#1885 = CARTESIAN_POINT ( 'NONE',  ( -7.599999999999999600, 0.0000000000000000000, 0.0000000000000000000 ) ) ;
#1886 = ORIENTED_EDGE ( 'NONE', *, *, #376, .F. ) ;
#1887 = AXIS2_PLACEMENT_3D ( 'NONE', #2608, #2613, #2618 ) ;
#1888 = ORIENTED_EDGE ( 'NONE', *, *, #1126, .F. ) ;
#1889 = CARTESIAN_POINT ( 'NONE',  ( -7.599999999999999600, 0.0000000000000000000, 0.0000000000000000000 ) ) ;
#1890 = DIRECTION ( 'NONE',  ( -1.000000000000000000, 0.0000000000000000000, 0.0000000000000000000 ) ) ;
#1891 = EDGE_CURVE ( 'NONE', #1361, #1361, #2943, .T. ) ;
#1892 = ORIENTED_EDGE ( 'NONE', *, *, #2796, .T. ) ;
#1893 = CARTESIAN_POINT ( 'NONE',  ( 23.35470053837925200, -15.26955080756885000, -22.44763780746370000 ) ) ;
#1894 = FACE_OUTER_BOUND ( 'NONE', #2082, .T. ) ;
#1895 = DIRECTION ( 'NONE',  ( 0.0000000000000000000, 0.0000000000000000000, 1.000000000000000000 ) ) ;
#1896 = AXIS2_PLACEMENT_3D ( 'NONE', #2766, #2830, #2536 ) ;
#1897 = CARTESIAN_POINT ( 'NONE',  ( -22.00000000000000000, 24.81081081081085000, 47.96273206261459900 ) ) ;
#1898 = EDGE_LOOP ( 'NONE', ( #547, #546, #544, #540, #538, #536, #524, #519 ) ) ;
#1899 = LINE ( 'NONE', #529, #1882 ) ;
#1900 = AXIS2_PLACEMENT_3D ( 'NONE', #2575, #2588, #2593 ) ;
#1901 = AXIS2_PLACEMENT_3D ( 'NONE', #2748, #2692, #2533 ) ;
#1902 = ORIENTED_EDGE ( 'NONE', *, *, #2683, .T. ) ;
#1903 = CARTESIAN_POINT ( 'NONE',  ( 23.35470053837925200, 27.07499999999999900, 2.000000000000000000 ) ) ;
#1904 = FACE_OUTER_BOUND ( 'NONE', #2021, .T. ) ;
#1905 = FACE_OUTER_BOUND ( 'NONE', #2213, .T. ) ;
#1906 = AXIS2_PLACEMENT_3D ( 'NONE', #2183, #2184, #2190 ) ;
#1907 = CARTESIAN_POINT ( 'NONE',  ( -7.599999999999999600, 0.0000000000000000000, 0.0000000000000000000 ) ) ;
#1908 = EDGE_CURVE ( 'NONE', #1357, #1357, #1627, .T. ) ;
#1909 = DIRECTION ( 'NONE',  ( -1.000000000000000000, 0.0000000000000000000, 0.0000000000000000000 ) ) ;
#1910 = SPHERICAL_SURFACE ( 'NONE', #1065, 42.50000000000000000 ) ;
#1911 = ORIENTED_EDGE ( 'NONE', *, *, #2795, .F. ) ;
#1912 = AXIS2_PLACEMENT_3D ( 'NONE', #2152, #2157, #2164 ) ;
#1913 = DIRECTION ( 'NONE',  ( 0.0000000000000000000, 0.0000000000000000000, 1.000000000000000000 ) ) ;
#1914 = ORIENTED_EDGE ( 'NONE', *, *, #2740, .F. ) ;
#1915 = ORIENTED_EDGE ( 'NONE', *, *, #2721, .F. ) ;
#1916 = AXIS2_PLACEMENT_3D ( 'NONE', #2131, #2138, #2145 ) ;
#1917 = CARTESIAN_POINT ( 'NONE',  ( -6.156909177441590900, 48.60319708498406000, -20.00000000000000000 ) ) ;
#1918 = ORIENTED_EDGE ( 'NONE', *, *, #281, .F. ) ;
#1919 = CARTESIAN_POINT ( 'NONE',  ( 10.75000000000000000, 0.0000000000000000000, 0.0000000000000000000 ) ) ;
#1920 = DIRECTION ( 'NONE',  ( -1.000000000000000000, -2.081668171172169700E-016, 1.201851678989726100E-016 ) ) ;
#1921 = AXIS2_PLACEMENT_3D ( 'NONE', #2018, #2008, #2024 ) ;
#1922 = EDGE_CURVE ( 'E273', #1626, #487, #2934, .T. ) ;
#1923 = DIRECTION ( 'NONE',  ( 1.000000000000000000, 0.0000000000000000000, 0.0000000000000000000 ) ) ;
#1924 = CARTESIAN_POINT ( 'NONE',  ( -6.250000000000000900, 36.37817459305207300, 0.1453449294977932900 ) ) ;
#1925 = EDGE_CURVE ( 'NONE', #1343, #1343, #2907, .T. ) ;
#1926 = EDGE_CURVE ( 'E350', #468, #596, #2780, .T. ) ;
#1927 = DIRECTION ( 'NONE',  ( 0.0000000000000000000, 0.0000000000000000000, -1.000000000000000000 ) ) ;
#1928 = ORIENTED_EDGE ( 'NONE', *, *, #2720, .F. ) ;
#1929 = DIRECTION ( 'NONE',  ( 0.0000000000000000000, -1.000000000000000000, 0.0000000000000000000 ) ) ;
#1930 = EDGE_CURVE ( 'NONE', #1338, #1338, #2980, .T. ) ;
#1931 = ORIENTED_EDGE ( 'NONE', *, *, #2713, .F. ) ;
#1932 = PLANE ( 'NONE',  #1974 ) ;
#1933 = DIRECTION ( 'NONE',  ( 0.0000000000000000000, 0.4999999999999998900, 0.8660254037844387100 ) ) ;
#1934 = ORIENTED_EDGE ( 'NONE', *, *, #2683, .F. ) ;
#1935 = DIRECTION ( 'NONE',  ( 0.0000000000000000000, 1.000000000000000000, 0.0000000000000000000 ) ) ;
#1936 = EDGE_CURVE ( 'E154', #458, #448, #2634, .T. ) ;
#1937 = CARTESIAN_POINT ( 'NONE',  ( -6.000000000000000000, 74.00000000000000000, 0.0000000000000000000 ) ) ;
#1938 = AXIS2_PLACEMENT_3D ( 'NONE', #2067, #2078, #2243 ) ;
#1939 = FACE_OUTER_BOUND ( 'NONE', #1232, .T. ) ;
#1940 = FACE_OUTER_BOUND ( 'NONE', #2089, .T. ) ;
#1941 = ORIENTED_EDGE ( 'NONE', *, *, #2296, .T. ) ;
#1942 = DIRECTION ( 'NONE',  ( 0.06162841671621927000, 0.7044160264027586900, 0.7071067811865476800 ) ) ;
#1943 = EDGE_CURVE ( 'E366', #1110, #1598, #2813, .T. ) ;
#1944 = AXIS2_PLACEMENT_3D ( 'NONE', #2098, #2104, #2108 ) ;
#1945 = CARTESIAN_POINT ( 'NONE',  ( 8.800000000000000700, 0.0000000000000000000, 8.082401935227689700E-016 ) ) ;
#1946 = CARTESIAN_POINT ( 'NONE',  ( -7.290609735446617300, -9.137877156581250700, -35.21194535112381600 ) ) ;
#1947 = CARTESIAN_POINT ( 'NONE',  ( 23.35470053837925200, -16.03205080756884700, -23.76832654823494900 ) ) ;
#1948 = ORIENTED_EDGE ( 'NONE', *, *, #2640, .F. ) ;
#1949 = CARTESIAN_POINT ( 'NONE',  ( -6.235363776989840000, 48.60824060852320400, -20.00000000000000000 ) ) ;
#1950 = AXIS2_PLACEMENT_3D ( 'NONE', #2026, #2032, #2036 ) ;
#1951 = CARTESIAN_POINT ( 'NONE',  ( -7.087962107030065800, -8.941193040919309000, -35.26240152548199100 ) ) ;
#1952 = ORIENTED_EDGE ( 'NONE', *, *, #2600, .T. ) ;
#1953 = SPHERICAL_SURFACE ( 'NONE', #1067, 42.50000000000000000 ) ;
#1954 = ORIENTED_EDGE ( 'NONE', *, *, #2559, .F. ) ;
#1955 = CARTESIAN_POINT ( 'NONE',  ( -6.945628308061873900, -8.883172759123434400, -35.27691636858331500 ) ) ;
#1956 = ORIENTED_EDGE ( 'NONE', *, *, #2169, .T. ) ;
#1957 = FACE_OUTER_BOUND ( 'NONE', #2149, .T. ) ;
#1958 = PLANE ( 'NONE',  #1581 ) ;
#1959 = CARTESIAN_POINT ( 'NONE',  ( -6.655493114937630000, -8.882885894357237100, -35.27698860351156200 ) ) ;
#1960 = CARTESIAN_POINT ( 'NONE',  ( -6.078454585109404300, 48.59815344825963700, -20.00000000000000000 ) ) ;
#1961 = ORIENTED_EDGE ( 'NONE', *, *, #2291, .T. ) ;
#1962 = DIRECTION ( 'NONE',  ( 0.0000000000000000000, -1.000000000000000000, 0.0000000000000000000 ) ) ;
#1963 = ORIENTED_EDGE ( 'NONE', *, *, #1832, .F. ) ;
#1964 = CARTESIAN_POINT ( 'NONE',  ( -6.000000000000000000, 48.59310969824430500, -20.00000000000000000 ) ) ;
#1965 = DIRECTION ( 'NONE',  ( 0.0000000000000000000, 0.0000000000000000000, -1.000000000000000000 ) ) ;
#1966 = FACE_OUTER_BOUND ( 'NONE', #663, .T. ) ;
#1967 = AXIS2_PLACEMENT_3D ( 'NONE', #1945, #1970, #1979 ) ;
#1968 = DIRECTION ( 'NONE',  ( 0.06162841671621927000, 0.7044160264027586900, 0.7071067811865476800 ) ) ;
#1969 = CONICAL_SURFACE ( 'NONE', #1141, 2.458750000000002900, 0.7853981633974518300 ) ;
#1970 = DIRECTION ( 'NONE',  ( -1.000000000000000000, 0.0000000000000000000, -2.449212707644755000E-016 ) ) ;
#1971 = CARTESIAN_POINT ( 'NONE',  ( -6.513039860023392100, -8.940569628354612800, -35.26255946373781600 ) ) ;
#1972 = DIRECTION ( 'NONE',  ( -0.4999999999999999400, -0.7499999999999998900, 0.4330127018922194600 ) ) ;
#1973 = CARTESIAN_POINT ( 'NONE',  ( -6.000000000000000000, -74.00000000000000000, 0.0000000000000000000 ) ) ;
#1974 = AXIS2_PLACEMENT_3D ( 'NONE', #1883, #1935, #2271 ) ;
#1975 = ORIENTED_EDGE ( 'NONE', *, *, #2572, .T. ) ;
#1976 = DIRECTION ( 'NONE',  ( 0.0000000000000000000, 0.0000000000000000000, -1.000000000000000000 ) ) ;
#1977 = CARTESIAN_POINT ( 'NONE',  ( 24.50940107675850000, -13.53750000000000000, -23.44763780746370000 ) ) ;
#1978 = ORIENTED_EDGE ( 'NONE', *, *, #1788, .T. ) ;
#1979 = DIRECTION ( 'NONE',  ( -2.449212707644755000E-016, 0.0000000000000000000, 1.000000000000000000 ) ) ;
#1980 = AXIS2_PLACEMENT_3D ( 'NONE', #1984, #1985, #1976 ) ;
#1981 = CIRCLE ( 'NONE', #1119, 4.000000000000000000 ) ;
#1982 = FACE_OUTER_BOUND ( 'NONE', #2689, .T. ) ;
#1983 = CARTESIAN_POINT ( 'NONE',  ( 8.241654719273141100, 37.05228298878509500, 37.19381669041239700 ) ) ;
#1984 = CARTESIAN_POINT ( 'NONE',  ( 22.19999999999999900, 28.55875000000000000, 0.0000000000000000000 ) ) ;
#1985 = DIRECTION ( 'NONE',  ( 0.0000000000000000000, -1.000000000000000000, 0.0000000000000000000 ) ) ;
#1986 = TOROIDAL_SURFACE ( 'NONE', #1104, 23.59999999999999800, 1.100000000000000100 ) ;
#1987 = AXIS2_PLACEMENT_3D ( 'NONE', #1919, #1923, #1929 ) ;
#1988 = ORIENTED_EDGE ( 'NONE', *, *, #2559, .T. ) ;
#1989 = DIRECTION ( 'NONE',  ( -0.06162841671621905500, -0.7044160264027592400, 0.7071067811865470200 ) ) ;
#1990 = PRODUCT ( 'UCFL-209', 'UCFL-209', '', ( #139 ) ) ;
#1991 = CARTESIAN_POINT ( 'NONE',  ( -7.599999999999999600, -83.18918918918920700, 17.76397483800539900 ) ) ;
#1992 = CONICAL_SURFACE ( 'NONE', #1155, 28.60000000000000100, 0.7853981633974482800 ) ;
#1993 = ADVANCED_FACE ( 'E848', ( #2857, #2782 ), #50, .F. ) ;
#1994 = EDGE_CURVE ( 'NONE', #1333, #1333, #2803, .T. ) ;
#1995 = AXIS2_PLACEMENT_3D ( 'NONE', #1907, #1909, #1913 ) ;
#1996 = VERTEX_POINT ( 'NONE', #55 ) ;
#1997 = FACE_OUTER_BOUND ( 'NONE', #2709, .T. ) ;
#1998 = DIRECTION ( 'NONE',  ( 1.000000000000000000, 0.0000000000000000000, 0.0000000000000000000 ) ) ;
#1999 = DIRECTION ( 'NONE',  ( -1.000000000000000000, -5.204170427930419300E-016, 3.004629197474320000E-016 ) ) ;
#2000 = CARTESIAN_POINT ( 'NONE',  ( -7.599999999999999600, 92.10742682738700200, -20.00000000000000000 ) ) ;
#2001 = ORIENTED_EDGE ( 'NONE', *, *, #2557, .T. ) ;
#2002 = ORIENTED_EDGE ( 'NONE', *, *, #2488, .T. ) ;
#2003 = ORIENTED_EDGE ( 'NONE', *, *, #2476, .T. ) ;
#2004 = CARTESIAN_POINT ( 'NONE',  ( 24.50940107675850000, -14.30000000000000100, -24.76832654823494900 ) ) ;
#2005 = DIRECTION ( 'NONE',  ( 6.009258394948636100E-016, -0.8660254037844387100, 0.4999999999999998900 ) ) ;
#2006 = AXIS2_PLACEMENT_3D ( 'NONE', #1885, #1890, #1895 ) ;
#2007 = LINE ( 'NONE', #721, #2010 ) ;
#2008 = DIRECTION ( 'NONE',  ( 0.0000000000000000000, 0.4999999999999998900, 0.8660254037844387100 ) ) ;
#2009 = ORIENTED_EDGE ( 'NONE', *, *, #2470, .T. ) ;
#2010 = VECTOR ( 'NONE', #591, 1000.000000000000000 ) ;
#2011 = CARTESIAN_POINT ( 'NONE',  ( 22.19999999999999900, 22.50000000000000000, 0.0000000000000000000 ) ) ;
#2012 = AXIS2_PLACEMENT_3D ( 'NONE', #1822, #1830, #1833 ) ;
#2013 = DIRECTION ( 'NONE',  ( 0.0000000000000000000, 1.000000000000000000, 0.0000000000000000000 ) ) ;
#2014 = VERTEX_POINT ( 'NONE', #2741 ) ;
#2015 = FACE_OUTER_BOUND ( 'NONE', #2573, .T. ) ;
#2016 = PLANE ( 'NONE',  #1451 ) ;
#2017 = AXIS2_PLACEMENT_3D ( 'NONE', #1655, #1676, #1670 ) ;
#2018 = CARTESIAN_POINT ( 'NONE',  ( 22.19999999999999900, -11.25000000000000000, -19.48557158514984900 ) ) ;
#2019 = EDGE_CURVE ( 'E140', #2364, #711, #2342, .T. ) ;
#2020 = AXIS2_PLACEMENT_3D ( 'NONE', #1797, #1800, #1802 ) ;
#2021 = EDGE_LOOP ( 'NONE', ( #847 ) ) ;
#2022 = CARTESIAN_POINT ( 'NONE',  ( 21.04529946162074700, -12.56794919243112000, -25.76832654823495300 ) ) ;
#2023 = DIRECTION ( 'NONE',  ( 0.0000000000000000000, 0.4999999999999998900, 0.8660254037844387100 ) ) ;
#2024 = DIRECTION ( 'NONE',  ( 0.0000000000000000000, -0.8660254037844389300, 0.4999999999999995600 ) ) ;
#2025 = FACE_BOUND ( 'NONE', #1648, .T. ) ;
#2026 = CARTESIAN_POINT ( 'NONE',  ( -6.235363776989840000, 0.0000000000000000000, 0.0000000000000000000 ) ) ;
#2027 = VERTEX_POINT ( 'NONE', #2718 ) ;
#2028 = CARTESIAN_POINT ( 'NONE',  ( 24.50940107675850000, -14.30000000000000100, -24.76832654823494900 ) ) ;
#2029 = DIRECTION ( 'NONE',  ( 1.000000000000000000, 0.0000000000000000000, 0.0000000000000000000 ) ) ;
#2030 = CONICAL_SURFACE ( 'NONE', #1165, 4.000000000000000000, 0.7853981633974715900 ) ;
#2031 = AXIS2_PLACEMENT_3D ( 'NONE', #1807, #1812, #1814 ) ;
#2032 = DIRECTION ( 'NONE',  ( -1.000000000000000000, 0.0000000000000000000, 0.0000000000000000000 ) ) ;
#2033 = VERTEX_POINT ( 'NONE', #2726 ) ;
#2034 = FACE_BOUND ( 'NONE', #2739, .T. ) ;
#2035 = VECTOR ( 'NONE', #788, 1000.000000000000000 ) ;
#2036 = DIRECTION ( 'NONE',  ( 0.0000000000000000000, 0.0000000000000000000, 1.000000000000000000 ) ) ;
#2037 = ORIENTED_EDGE ( 'NONE', *, *, #1133, .T. ) ;
#2038 = AXIS2_PLACEMENT_3D ( 'NONE', #1579, #1564, #1591 ) ;
#2039 = ORIENTED_EDGE ( 'NONE', *, *, #2454, .T. ) ;
#2040 = EDGE_CURVE ( 'NONE', #1330, #1330, #2545, .T. ) ;
#2041 = AXIS2_PLACEMENT_3D ( 'NONE', #1556, #1571, #1552 ) ;
#2042 = CARTESIAN_POINT ( 'NONE',  ( -19.00000000000000000, 0.0000000000000000000, 0.0000000000000000000 ) ) ;
#2043 = DIRECTION ( 'NONE',  ( 1.000000000000000000, 0.0000000000000000000, 0.0000000000000000000 ) ) ;
#2044 = EDGE_LOOP ( 'NONE', ( #1090 ) ) ;
#2045 = EDGE_CURVE ( 'NONE', #1327, #1327, #2551, .T. ) ;
#2046 = AXIS2_PLACEMENT_3D ( 'NONE', #1540, #1548, #1538 ) ;
#2047 = CARTESIAN_POINT ( 'NONE',  ( -7.599999999999999600, 83.18918918918920700, -17.76397483800539900 ) ) ;
#2048 = VERTEX_POINT ( 'NONE', #72 ) ;
#2049 = DIRECTION ( 'NONE',  ( 0.0000000000000000000, 0.0000000000000000000, -1.000000000000000000 ) ) ;
#2050 = DIRECTION ( 'NONE',  ( 0.0000000000000000000, 1.000000000000000000, 0.0000000000000000000 ) ) ;
#2051 = AXIS2_PLACEMENT_3D ( 'NONE', #1523, #1527, #1530 ) ;
#2052 = CARTESIAN_POINT ( 'NONE',  ( 24.50940107675850000, -13.53750000000000000, -23.44763780746370000 ) ) ;
#2053 = FACE_OUTER_BOUND ( 'NONE', #2762, .T. ) ;
#2054 = CARTESIAN_POINT ( 'NONE',  ( 0.0000000000000000000, 0.0000000000000000000, 0.0000000000000000000 ) ) ;
#2055 = VERTEX_POINT ( 'NONE', #115 ) ;
#2056 = EDGE_CURVE ( 'E168', #2496, #1820, #2777, .T. ) ;
#2057 = ORIENTED_EDGE ( 'NONE', *, *, #2092, .F. ) ;
#2058 = CYLINDRICAL_SURFACE ( 'NONE', #1156, 4.000000000000001800 ) ;
#2059 = DIRECTION ( 'NONE',  ( 0.0000000000000000000, 0.4999999999999998900, 0.8660254037844387100 ) ) ;
#2060 = CARTESIAN_POINT ( 'NONE',  ( -6.000000000000000000, 0.0000000000000000000, -20.00000000000000000 ) ) ;
#2061 = EDGE_CURVE ( 'NONE', #1314, #1314, #2558, .T. ) ;
#2062 = CARTESIAN_POINT ( 'NONE',  ( -7.175674879678237700, 41.88792779862382100, -0.4273149907288912900 ) ) ;
#2063 = FACE_OUTER_BOUND ( 'NONE', #2130, .T. ) ;
#2064 = DIRECTION ( 'NONE',  ( 0.5000000000000001100, -0.7500000000000001100, 0.4330127018922190800 ) ) ;
#2065 = AXIS2_PLACEMENT_3D ( 'NONE', #1508, #1510, #1517 ) ;
#2066 = EDGE_CURVE ( 'E219', #2496, #2856, #2756, .T. ) ;
#2067 = CARTESIAN_POINT ( 'NONE',  ( -10.84497208649225900, 0.0000000000000000000, 1.755026799468795100E-016 ) ) ;
#2068 = EDGE_LOOP ( 'NONE', ( #802 ) ) ;
#2069 = CARTESIAN_POINT ( 'NONE',  ( -6.309764102335384100, -9.137167608144380900, -35.21212934932760400 ) ) ;
#2070 = FACE_OUTER_BOUND ( 'NONE', #2868, .T. ) ;
#2071 = AXIS2_PLACEMENT_3D ( 'NONE', #1617, #1624, #1628 ) ;
#2072 = CARTESIAN_POINT ( 'NONE',  ( 23.35470053837925200, -11.80544919243111900, -24.44763780746370000 ) ) ;
#2073 = LINE ( 'NONE', #800, #2035 ) ;
#2074 = ORIENTED_EDGE ( 'NONE', *, *, #1261, .F. ) ;
#2075 = CARTESIAN_POINT ( 'NONE',  ( 25.89353510373189900, -15.60916777638484900, -23.96484678291664800 ) ) ;
#2076 = EDGE_CURVE ( 'NONE', #1308, #1308, #2555, .T. ) ;
#2077 = FACE_OUTER_BOUND ( 'NONE', #2932, .T. ) ;
#2078 = DIRECTION ( 'NONE',  ( -1.000000000000000000, 0.0000000000000000000, -4.592273826833919600E-017 ) ) ;
#2079 = CIRCLE ( 'NONE', #1184, 4.000000000000000000 ) ;
#2080 = CARTESIAN_POINT ( 'NONE',  ( 5.198057538238135300, 36.47306941199122600, 36.89881739179711000 ) ) ;
#2081 = CARTESIAN_POINT ( 'NONE',  ( 25.74260372963409100, -15.91381966945517800, -23.76641603326887200 ) ) ;
#2082 = EDGE_LOOP ( 'NONE', ( #868 ) ) ;
#2083 = CARTESIAN_POINT ( 'NONE',  ( -7.599999999999999600, 83.18918918918920700, -17.76397483800539900 ) ) ;
#2084 = CYLINDRICAL_SURFACE ( 'NONE', #1176, 4.000000000000000000 ) ;
#2085 = AXIS2_PLACEMENT_3D ( 'NONE', #177, #208, #2139 ) ;
#2086 = ORIENTED_EDGE ( 'NONE', *, *, #2437, .T. ) ;
#2087 = CARTESIAN_POINT ( 'NONE',  ( 25.54139604515543000, -16.19192208682018800, -23.57701476416378500 ) ) ;
#2088 = DIRECTION ( 'NONE',  ( 0.0000000000000000000, 0.8660254037844389300, -0.4999999999999995600 ) ) ;
#2089 = EDGE_LOOP ( 'NONE', ( #728 ) ) ;
#2090 = LINE ( 'NONE', #875, #2111 ) ;
#2091 = DIRECTION ( 'NONE',  ( -1.000000000000000000, 0.0000000000000000000, 0.0000000000000000000 ) ) ;
#2092 = EDGE_CURVE ( 'E576', #2414, #2027, #2576, .T. ) ;
#2093 = EDGE_CURVE ( 'NONE', #1299, #1299, #2562, .T. ) ;
#2094 = CARTESIAN_POINT ( 'NONE',  ( 25.03962716307425800, -16.69354778734805600, -23.22454366240119200 ) ) ;
#2095 = EDGE_LOOP ( 'NONE', ( #897 ) ) ;
#2096 = EDGE_LOOP ( 'NONE', ( #1934 ) ) ;
#2097 = DIRECTION ( 'NONE',  ( 6.424901762877063500E-017, 0.0000000000000000000, -1.000000000000000000 ) ) ;
#2098 = CARTESIAN_POINT ( 'NONE',  ( -22.00000000000000000, -74.00000000000000000, -4.531043509142799800E-015 ) ) ;
#2099 = CARTESIAN_POINT ( 'NONE',  ( 24.75041251368837400, -16.90613524959312000, -23.06926797817475700 ) ) ;
#2100 = EDGE_CURVE ( 'E98', #711, #572, #2620, .T. ) ;
#2101 = EDGE_LOOP ( 'NONE', ( #1961 ) ) ;
#2102 = FACE_OUTER_BOUND ( 'NONE', #2801, .T. ) ;
#2103 = EDGE_CURVE ( 'E355', #1598, #596, #2623, .T. ) ;
#2104 = DIRECTION ( 'NONE',  ( 1.000000000000000000, 0.0000000000000000000, 6.123031769111888800E-017 ) ) ;
#2105 = CARTESIAN_POINT ( 'NONE',  ( 24.25947058413277400, -17.17116725218396300, -22.87188555255378800 ) ) ;
#2106 = CYLINDRICAL_SURFACE ( 'NONE', #1182, 46.75000000000000000 ) ;
#2107 = CARTESIAN_POINT ( 'NONE',  ( 24.08693162633532100, -17.24970491605669700, -22.81260139945180400 ) ) ;
#2108 = DIRECTION ( 'NONE',  ( 0.0000000000000000000, 0.0000000000000000000, -1.000000000000000000 ) ) ;
#2109 = EDGE_CURVE ( 'NONE', #1295, #1295, #2619, .T. ) ;
#2110 = EDGE_LOOP ( 'NONE', ( #558, #1941, #436, #701 ) ) ;
#2111 = VECTOR ( 'NONE', #879, 1000.000000000000000 ) ;
#2112 = CARTESIAN_POINT ( 'NONE',  ( 23.73340910851720800, -17.38384723386914700, -22.71054727765934800 ) ) ;
#2113 = CARTESIAN_POINT ( 'NONE',  ( 8.180026302556919800, 36.34786696238234800, 36.48670990922584400 ) ) ;
#2114 = CARTESIAN_POINT ( 'NONE',  ( 23.55119021095932300, -17.44015055162969900, -22.66725536655811600 ) ) ;
#2115 = ORIENTED_EDGE ( 'NONE', *, *, #2438, .T. ) ;
#2116 = CARTESIAN_POINT ( 'NONE',  ( 23.17569188602796600, -17.53130294259611700, -22.59683018149201000 ) ) ;
#2117 = CARTESIAN_POINT ( 'NONE',  ( 22.98109962068645400, -17.56616612443444600, -22.56968439489056200 ) ) ;
#2118 = AXIS2_PLACEMENT_3D ( 'NONE', #82, #480, #2088 ) ;
#2119 = AXIS2_PLACEMENT_3D ( 'NONE', #159, #165, #168 ) ;
#2120 = EDGE_LOOP ( 'NONE', ( #1170 ) ) ;
#2121 = AXIS2_PLACEMENT_3D ( 'NONE', #66, #103, #105 ) ;
#2122 = AXIS2_PLACEMENT_3D ( 'NONE', #140, #2728, #1561 ) ;
#2123 = CARTESIAN_POINT ( 'NONE',  ( -6.250000000000000000, -9.415364410746512600, -35.13861835268174600 ) ) ;
#2124 = FACE_OUTER_BOUND ( 'NONE', #1640, .T. ) ;
#2125 = CARTESIAN_POINT ( 'NONE',  ( -22.00000000000000000, 0.0000000000000000000, 0.0000000000000000000 ) ) ;
#2126 = CARTESIAN_POINT ( 'NONE',  ( 22.59268764143941500, -17.61203618454051100, -22.53390839225699000 ) ) ;
#2127 = FACE_OUTER_BOUND ( 'NONE', #2875, .T. ) ;
#2128 = AXIS2_PLACEMENT_3D ( 'NONE', #3003, #17, #18 ) ;
#2129 = CARTESIAN_POINT ( 'NONE',  ( 22.39770143295619300, -17.62347481342354200, -22.52494473932915000 ) ) ;
#2130 = EDGE_LOOP ( 'NONE', ( #2833 ) ) ;
#2131 = CARTESIAN_POINT ( 'NONE',  ( -7.599999999999999600, 0.0000000000000000000, 0.0000000000000000000 ) ) ;
#2132 = CARTESIAN_POINT ( 'NONE',  ( -7.292265828360012100, -11.11190538173363000, -40.36854986329465300 ) ) ;
#2133 = FACE_OUTER_BOUND ( 'NONE', #2806, .T. ) ;
#2134 = CARTESIAN_POINT ( 'NONE',  ( 22.00618116320658400, -17.62362595111210700, -22.52482648866567100 ) ) ;
#2135 = CARTESIAN_POINT ( 'NONE',  ( 21.80816394178376100, -17.61214006136872700, -22.53382739029050100 ) ) ;
#2136 = ORIENTED_EDGE ( 'NONE', *, *, #2385, .T. ) ;
#2137 = CARTESIAN_POINT ( 'NONE',  ( 21.04529946162074700, 27.07499999999999900, -2.000000000000000000 ) ) ;
#2138 = DIRECTION ( 'NONE',  ( -1.000000000000000000, 0.0000000000000000000, 0.0000000000000000000 ) ) ;
#2139 = DIRECTION ( 'NONE',  ( 1.000000000000000000, 0.0000000000000000000, 0.0000000000000000000 ) ) ;
#2140 = AXIS2_PLACEMENT_3D ( 'NONE', #88, #92, #38 ) ;
#2141 = ORIENTED_EDGE ( 'NONE', *, *, #2504, .F. ) ;
#2142 = FACE_OUTER_BOUND ( 'NONE', #2716, .T. ) ;
#2143 = DIRECTION ( 'NONE',  ( 0.0000000000000000000, 1.000000000000000000, 0.0000000000000000000 ) ) ;
#2144 = EDGE_LOOP ( 'NONE', ( #2847, #2845, #2842, #2837, #2829, #2824 ) ) ;
#2145 = DIRECTION ( 'NONE',  ( 0.0000000000000000000, 0.0000000000000000000, 1.000000000000000000 ) ) ;
#2146 = ORIENTED_CLOSED_SHELL ( 'NONE', *, #2478, .F. );
#2147 = CARTESIAN_POINT ( 'NONE',  ( 21.41788422158309800, -17.56604281055265900, -22.56978055663161700 ) ) ;
#2148 = CARTESIAN_POINT ( 'NONE',  ( 25.89353510373189900, 28.55875000000000000, 1.535512434824359800 ) ) ;
#2149 = EDGE_LOOP ( 'NONE', ( #929 ) ) ;
#2150 = CARTESIAN_POINT ( 'NONE',  ( -6.000000000000000000, -48.59310969824430500, 20.00000000000000000 ) ) ;
#2151 = ORIENTED_EDGE ( 'NONE', *, *, #2464, .T. ) ;
#2152 = CARTESIAN_POINT ( 'NONE',  ( -22.00000000000000000, 0.0000000000000000000, 0.0000000000000000000 ) ) ;
#2153 = ORIENTED_CLOSED_SHELL ( 'NONE', *, #373, .F. );
#2154 = CARTESIAN_POINT ( 'NONE',  ( 21.22691979381583500, -17.53178794557031100, -22.59645277737031300 ) ) ;
#2155 = CYLINDRICAL_SURFACE ( 'NONE', #1204, 4.000000000000000000 ) ;
#2156 = EDGE_LOOP ( 'NONE', ( #2848 ) ) ;
#2157 = DIRECTION ( 'NONE',  ( 1.000000000000000000, 0.0000000000000000000, 6.123031769111888800E-017 ) ) ;
#2158 = LINE ( 'NONE', #957, #2189 ) ;
#2159 = AXIS2_PLACEMENT_3D ( 'NONE', #2982, #2991, #3001 ) ;
#2160 = ORIENTED_EDGE ( 'NONE', *, *, #2557, .F. ) ;
#2161 = CYLINDRICAL_SURFACE ( 'NONE', #1219, 47.50000000000000000 ) ;
#2162 = AXIS2_PLACEMENT_3D ( 'NONE', #28, #41, #1506 ) ;
#2163 = EDGE_LOOP ( 'NONE', ( #928 ) ) ;
#2164 = DIRECTION ( 'NONE',  ( 6.424901762877063500E-017, 0.0000000000000000000, -1.000000000000000000 ) ) ;
#2165 = CARTESIAN_POINT ( 'NONE',  ( -7.344796625219856900, -49.25616802045075800, 19.99999999999999600 ) ) ;
#2166 = DIRECTION ( 'NONE',  ( 0.0000000000000000000, 1.000000000000000000, 0.0000000000000000000 ) ) ;
#2167 = AXIS2_PLACEMENT_3D ( 'NONE', #1166, #1163, #1131 ) ;
#2168 = FACE_OUTER_BOUND ( 'NONE', #502, .T. ) ;
#2169 = EDGE_CURVE ( 'NONE', #1289, #1289, #2993, .T. ) ;
#2170 = CARTESIAN_POINT ( 'NONE',  ( -7.599999999999999600, 83.18918918918920700, 17.76397483800539900 ) ) ;
#2171 = EDGE_LOOP ( 'NONE', ( #942 ) ) ;
#2172 = FACE_OUTER_BOUND ( 'NONE', #2840, .T. ) ;
#2173 = CARTESIAN_POINT ( 'NONE',  ( 20.66616155930687500, -17.39610649939305300, -22.70128950996524600 ) ) ;
#2174 = FACE_OUTER_BOUND ( 'NONE', #2637, .T. ) ;
#2175 = CARTESIAN_POINT ( 'NONE',  ( 20.30386096531810800, -17.25907128771306300, -22.80640428270808000 ) ) ;
#2176 = AXIS2_PLACEMENT_3D ( 'NONE', #1464, #1467, #823 ) ;
#2177 = DIRECTION ( 'NONE',  ( 1.000000000000000000, 0.0000000000000000000, 6.123031769111888800E-017 ) ) ;
#2178 = DIRECTION ( 'NONE',  ( 0.0000000000000000000, -0.8881987419002692600, 0.4594594594594596500 ) ) ;
#2179 = EDGE_LOOP ( 'NONE', ( #937 ) ) ;
#2180 = CARTESIAN_POINT ( 'NONE',  ( 19.81684792406635900, -16.99656309816649000, -23.00192920942102900 ) ) ;
#2181 = ORIENTED_EDGE ( 'NONE', *, *, #2504, .T. ) ;
#2182 = AXIS2_PLACEMENT_3D ( 'NONE', #1401, #1400, #1406 ) ;
#2183 = CARTESIAN_POINT ( 'NONE',  ( 22.19999999999999900, 28.55875000000000000, 0.0000000000000000000 ) ) ;
#2184 = DIRECTION ( 'NONE',  ( 0.0000000000000000000, -1.000000000000000000, 0.0000000000000000000 ) ) ;
#2185 = CARTESIAN_POINT ( 'NONE',  ( 19.66283126816403000, -16.89944147157968100, -23.07349981728073700 ) ) ;
#2186 = EDGE_LOOP ( 'NONE', ( #2969 ) ) ;
#2187 = AXIS2_PLACEMENT_3D ( 'NONE', #840, #1087, #1088 ) ;
#2188 = CARTESIAN_POINT ( 'NONE',  ( 19.37167345551077700, -16.68517538051465400, -23.22891384440671600 ) ) ;
#2189 = VECTOR ( 'NONE', #969, 1000.000000000000000 ) ;
#2190 = DIRECTION ( 'NONE',  ( 0.0000000000000000000, 0.0000000000000000000, -1.000000000000000000 ) ) ;
#2191 = AXIS2_PLACEMENT_3D ( 'NONE', #1138, #1139, #1140 ) ;
#2192 = VECTOR ( 'NONE', #1029, 1000.000000000000000 ) ;
#2193 = CARTESIAN_POINT ( 'NONE',  ( 19.23446750647613600, -16.56760206299224000, -23.31303450769819100 ) ) ;
#2194 = CARTESIAN_POINT ( 'NONE',  ( 18.98598811428067300, -16.31934576521104000, -23.48748538839950900 ) ) ;
#2195 = CARTESIAN_POINT ( 'NONE',  ( 21.04529946162074700, -15.26955080756885000, -22.44763780746370000 ) ) ;
#2196 = CLOSED_SHELL ( 'NONE', ( #679, #1187, #1739, #2227, #1831, #137, #2843, #774, #2206, #2679, #2298, #805, #2556, #2197, #1365, #33, #2971, #2695, #1656, #496, #2651, #84, #2691, #2482, #2500, #40, #290, #2491, #2509, #2457, #2816, #2702, #1293, #2759, #2706, #1993, #2722, #2966, #78, #2723, #2472, #7, #1086, #2544, #2749, #197, #2657, #2812, #2451, #2677, #2852, #1815, #2463, #1037, #1054, #2986, #822, #1379, #2783, #1235, #759, #2396, #102, #2992, #2787, #559, #2794, #2767, #2889, #2277, #2449, #2804, #2978, #2828, #2981, #2977, #1053, #2965, #520, #2946, #120, #2939, #2937 ) ) ;
#2197 = ADVANCED_FACE ( 'E381', ( #2629 ), #2584, .T. ) ;
#2198 = AXIS2_PLACEMENT_3D ( 'NONE', #807, #803, #806 ) ;
#2199 = CARTESIAN_POINT ( 'NONE',  ( 18.87343818553102900, -16.18783141737759100, -23.57843012220761400 ) ) ;
#2200 = CARTESIAN_POINT ( 'NONE',  ( 5.197800599126479100, 36.61353366055399100, 36.75893029648523900 ) ) ;
#2201 = FACE_OUTER_BOUND ( 'NONE', #904, .T. ) ;
#2202 = DIRECTION ( 'NONE',  ( -2.813284866889244600E-017, -0.8881987419002689300, 0.4594594594594600400 ) ) ;
#2203 = CARTESIAN_POINT ( 'NONE',  ( -6.000000000000000000, 0.0000000000000000000, -20.00000000000000000 ) ) ;
#2204 = VECTOR ( 'NONE', #1063, 1000.000000000000000 ) ;
#2205 = CARTESIAN_POINT ( 'NONE',  ( 5.217662138398397400, 36.33336269889385100, 37.03472418393162300 ) ) ;
#2206 = ADVANCED_FACE ( 'E224', ( #2955 ), #2493, .T. ) ;
#2207 = CARTESIAN_POINT ( 'NONE',  ( 5.293984676422680600, 36.05548954085533400, 37.29899361730087300 ) ) ;
#2208 = AXIS2_PLACEMENT_3D ( 'NONE', #776, #792, #797 ) ;
#2209 = FACE_OUTER_BOUND ( 'NONE', #621, .T. ) ;
#2210 = EDGE_LOOP ( 'NONE', ( #958 ) ) ;
#2211 = DIRECTION ( 'NONE',  ( -5.438469113940563500E-017, 0.4594594594594588700, 0.8881987419002697100 ) ) ;
#2212 = LINE ( 'NONE', #1130, #2192 ) ;
#2213 = EDGE_LOOP ( 'NONE', ( #829 ) ) ;
#2214 = CARTESIAN_POINT ( 'NONE',  ( 5.351627987048570600, 35.91584020622975300, 37.42868401058134300 ) ) ;
#2215 = CARTESIAN_POINT ( 'NONE',  ( 5.501937483137811400, 35.64659946981878100, 37.67289370638682300 ) ) ;
#2216 = LINE ( 'NONE', #1084, #2242 ) ;
#2217 = CYLINDRICAL_SURFACE ( 'NONE', #1225, 48.59999999999999400 ) ;
#2218 = CARTESIAN_POINT ( 'NONE',  ( 18.67169707779715500, -15.90957501502062000, -23.76707125134890600 ) ) ;
#2219 = ORIENTED_EDGE ( 'NONE', *, *, #2390, .T. ) ;
#2220 = CARTESIAN_POINT ( 'NONE',  ( 5.593857447820076000, 35.51738818623613300, 37.78715282648578700 ) ) ;
#2221 = AXIS2_PLACEMENT_3D ( 'NONE', #835, #785, #837 ) ;
#2222 = CARTESIAN_POINT ( 'NONE',  ( 5.810963559287137600, 35.27005458407085600, 38.00050678010506300 ) ) ;
#2223 = CARTESIAN_POINT ( 'NONE',  ( 5.937282906308317900, 35.15144905545026400, 38.09993227615903800 ) ) ;
#2224 = ORIENTED_EDGE ( 'NONE', *, *, #2484, .F. ) ;
#2225 = LINE ( 'NONE', #1080, #2204 ) ;
#2226 = CARTESIAN_POINT ( 'NONE',  ( 23.35470053837925200, -12.56794919243112000, -25.76832654823495300 ) ) ;
#2227 = ADVANCED_FACE ( 'E97', ( #2547 ), #2590, .T. ) ;
#2228 = AXIS2_PLACEMENT_3D ( 'NONE', #718, #724, #739 ) ;
#2229 = CARTESIAN_POINT ( 'NONE',  ( 6.213208418982869600, 34.93609566447759800, 38.27529233787374400 ) ) ;
#2230 = EDGE_LOOP ( 'NONE', ( #955 ) ) ;
#2231 = FACE_OUTER_BOUND ( 'NONE', #989, .T. ) ;
#2232 = EDGE_LOOP ( 'NONE', ( #1000 ) ) ;
#2233 = CARTESIAN_POINT ( 'NONE',  ( 6.363770223272585900, 34.83796426480604700, 38.35244834511027500 ) ) ;
#2234 = CARTESIAN_POINT ( 'NONE',  ( 6.690762381616004900, 34.66170647595065200, 38.48566052559680600 ) ) ;
#2235 = DIRECTION ( 'NONE',  ( 0.0000000000000000000, 0.8660254037844389300, -0.4999999999999995600 ) ) ;
#2236 = DIRECTION ( 'NONE',  ( -6.123031769111887500E-017, -0.4999999999999998900, -0.8660254037844387100 ) ) ;
#2237 = FACE_OUTER_BOUND ( 'NONE', #606, .T. ) ;
#2238 = AXIS2_PLACEMENT_3D ( 'NONE', #628, #676, #683 ) ;
#2239 = CARTESIAN_POINT ( 'NONE',  ( 6.864851620551665900, 34.58513616222816700, 38.54049676749872300 ) ) ;
#2240 = CARTESIAN_POINT ( 'NONE',  ( 22.19999999999999900, -14.27937500000000000, -24.73260300032885100 ) ) ;
#2241 = ORIENTED_EDGE ( 'NONE', *, *, #2488, .F. ) ;
#2242 = VECTOR ( 'NONE', #1108, 1000.000000000000000 ) ;
#2243 = DIRECTION ( 'NONE',  ( -4.221454953150376100E-017, 0.0000000000000000000, 1.000000000000000000 ) ) ;
#2244 = CARTESIAN_POINT ( 'NONE',  ( 7.224904121733988700, 34.45869281849415700, 38.62490934394183000 ) ) ;
#2245 = AXIS2_PLACEMENT_3D ( 'NONE', #690, #691, #673 ) ;
#2246 = AXIS2_PLACEMENT_3D ( 'NONE', #644, #622, #656 ) ;
#2247 = EDGE_LOOP ( 'NONE', ( #983 ) ) ;
#2248 = TOROIDAL_SURFACE ( 'NONE', #1240, 54.00000000000000000, 1.440000000000000200 ) ;
#2249 = CARTESIAN_POINT ( 'NONE',  ( 7.413523697989632000, 34.40785461918361700, 38.65513932520161000 ) ) ;
#2250 = FACE_OUTER_BOUND ( 'NONE', #2423, .T. ) ;
#2251 = EDGE_CURVE ( 'E43', #2364, #695, #712, .T. ) ;
#2252 = CARTESIAN_POINT ( 'NONE',  ( 7.799949196301969100, 34.33429782486980700, 38.68977946787591500 ) ) ;
#2253 = FACE_BOUND ( 'NONE', #160, .T. ) ;
#2254 = CYLINDRICAL_SURFACE ( 'NONE', #1276, 20.00000000000000000 ) ;
#2255 = CARTESIAN_POINT ( 'NONE',  ( 18.58193848101498300, -15.76150966426186000, -23.86562102492269600 ) ) ;
#2256 = CARTESIAN_POINT ( 'NONE',  ( 7.994241306164948200, 34.31203076193594400, 38.69407214356734000 ) ) ;
#2257 = CIRCLE ( 'NONE', #1281, 3.958749999999999800 ) ;
#2258 = CARTESIAN_POINT ( 'NONE',  ( -6.424733916228139400, -48.61897232070551000, 20.00000000000000000 ) ) ;
#2259 = ORIENTED_EDGE ( 'NONE', *, *, #1320, .T. ) ;
#2260 = FACE_BOUND ( 'NONE', #1657, .T. ) ;
#2261 = DIRECTION ( 'NONE',  ( 0.0000000000000000000, -0.8660254037844388200, 0.4999999999999997800 ) ) ;
#2262 = CARTESIAN_POINT ( 'NONE',  ( 8.384935645192733500, 34.29584845380303900, 38.67737824800134000 ) ) ;
#2263 = ORIENTED_EDGE ( 'NONE', *, *, #2484, .T. ) ;
#2264 = DIRECTION ( 'NONE',  ( 0.0000000000000000000, 0.4999999999999998900, 0.8660254037844387100 ) ) ;
#2265 = FACE_OUTER_BOUND ( 'NONE', #1898, .T. ) ;
#2266 = AXIS2_PLACEMENT_3D ( 'NONE', #589, #643, #648 ) ;
#2267 = FACE_OUTER_BOUND ( 'NONE', #1120, .T. ) ;
#2268 = EDGE_CURVE ( 'NONE', #1275, #1275, #2682, .T. ) ;
#2269 = FACE_OUTER_BOUND ( 'NONE', #1880, .T. ) ;
#2270 = CARTESIAN_POINT ( 'NONE',  ( 8.583399936067953800, 34.30231251531739600, 38.65589117060943600 ) ) ;
#2271 = DIRECTION ( 'NONE',  ( 0.0000000000000000000, 0.0000000000000000000, 1.000000000000000000 ) ) ;
#2272 = CARTESIAN_POINT ( 'NONE',  ( 22.19999999999999900, -14.27937500000000000, -24.73260300032885100 ) ) ;
#2273 = CARTESIAN_POINT ( 'NONE',  ( 8.967667808678664100, 34.34385226109582600, 38.58841293268140000 ) ) ;
#2274 = CARTESIAN_POINT ( 'NONE',  ( 18.50646489626814900, -15.60916777638484900, -23.96484678291664800 ) ) ;
#2275 = EDGE_CURVE ( 'E670', #733, #624, #2580, .T. ) ;
#2276 = DIRECTION ( 'NONE',  ( 0.0000000000000000000, 0.0000000000000000000, -1.000000000000000000 ) ) ;
#2277 = ADVANCED_FACE ( 'E1416', ( #2957, #495 ), #1684, .T. ) ;
#2278 = ORIENTED_EDGE ( 'NONE', *, *, #2268, .F. ) ;
#2279 = FACE_OUTER_BOUND ( 'NONE', #516, .T. ) ;
#2280 = EDGE_CURVE ( 'E695', #512, #2033, #2714, .T. ) ;
#2281 = CARTESIAN_POINT ( 'NONE',  ( -6.513039860023390300, 36.37500658096169600, 0.4906948625121096400 ) ) ;
#2282 = VECTOR ( 'NONE', #1520, 1000.000000000000100 ) ;
#2283 = DIRECTION ( 'NONE',  ( 0.0000000000000000000, 0.8660254037844389300, -0.4999999999999995600 ) ) ;
#2284 = DIRECTION ( 'NONE',  ( -6.123031769111887500E-017, -0.4999999999999998900, -0.8660254037844387100 ) ) ;
#2285 = EDGE_CURVE ( 'NONE', #1270, #1270, #2961, .T. ) ;
#2286 = PERSON ( 'UNSPECIFIED', 'UNSPECIFIED', 'UNSPECIFIED', ('UNSPECIFIED'), ('UNSPECIFIED'), ('UNSPECIFIED') ) ;
#2287 = EDGE_LOOP ( 'NONE', ( #1016 ) ) ;
#2288 = CARTESIAN_POINT ( 'NONE',  ( 22.19999999999999900, -14.27937500000000000, -24.73260300032885100 ) ) ;
#2289 = CARTESIAN_POINT ( 'NONE',  ( 9.154479060088986500, 34.37856432470795900, 38.54266436414958700 ) ) ;
#2290 = FACE_OUTER_BOUND ( 'NONE', #2776, .T. ) ;
#2291 = EDGE_CURVE ( 'NONE', #1264, #1264, #2836, .T. ) ;
#2292 = CIRCLE ( 'NONE', #1331, 4.000000000000000000 ) ;
#2293 = CARTESIAN_POINT ( 'NONE',  ( -6.250000000000002700, -9.274971989624431100, -35.17623638854487200 ) ) ;
#2294 = CARTESIAN_POINT ( 'NONE',  ( 9.517378628125229100, 34.47577900240673900, 38.42675204565548300 ) ) ;
#2295 = LINE ( 'NONE', #1599, #2282 ) ;
#2296 = EDGE_CURVE ( 'E744', #695, #923, #2832, .T. ) ;
#2297 = CARTESIAN_POINT ( 'NONE',  ( -7.599999999999999600, 50.15974481593780600, 20.00000000000000000 ) ) ;
#2298 = ADVANCED_FACE ( 'E318', ( #2715 ), #1958, .F. ) ;
#2299 = FACE_OUTER_BOUND ( 'NONE', #1843, .T. ) ;
#2300 = EDGE_LOOP ( 'NONE', ( #1021 ) ) ;
#2301 = CARTESIAN_POINT ( 'NONE',  ( 10.79058246968025400, 35.30192381902547500, 37.56567562785537000 ) ) ;
#2302 = EDGE_CURVE ( 'E754', #487, #465, #2678, .T. ) ;
#2303 = CIRCLE ( 'NONE', #1341, 4.000000000000000000 ) ;
#2304 = DIRECTION ( 'NONE',  ( -1.000000000000000000, -2.081668171172169700E-016, 1.201851678989726100E-016 ) ) ;
#2305 = EDGE_LOOP ( 'NONE', ( #1010 ) ) ;
#2306 = CARTESIAN_POINT ( 'NONE',  ( 10.88443595235143700, 35.42570102821326800, 37.44138025312885500 ) ) ;
#2307 = SPHERICAL_SURFACE ( 'NONE', #1339, 42.50000000000000000 ) ;
#2308 = FACE_OUTER_BOUND ( 'NONE', #593, .T. ) ;
#2309 = EDGE_CURVE ( 'NONE', #1255, #1255, #2999, .T. ) ;
#2310 = EDGE_CURVE ( 'E255', #1580, #894, #2694, .T. ) ;
#2311 = CARTESIAN_POINT ( 'NONE',  ( 23.35470053837925200, -16.03205080756884700, -23.76832654823494900 ) ) ;
#2312 = CARTESIAN_POINT ( 'NONE',  ( 11.03486984972591900, 35.68272572149023600, 37.18411568723961100 ) ) ;
#2313 = EDGE_CURVE ( 'NONE', #1252, #1252, #549, .T. ) ;
#2314 = EDGE_CURVE ( 'NONE', #1250, #1250, #2585, .T. ) ;
#2315 = CARTESIAN_POINT ( 'NONE',  ( 11.09149589283844300, 35.81513440612387500, 37.05196982223536400 ) ) ;
#2316 = ORIENTED_EDGE ( 'NONE', *, *, #2392, .T. ) ;
#2317 = CARTESIAN_POINT ( 'NONE',  ( 11.16795375601710400, 36.08740788707802900, 36.78046849311240200 ) ) ;
#2318 = VERTEX_POINT ( 'NONE', #1897 ) ;
#2319 = EDGE_CURVE ( 'NONE', #1248, #1248, #2607, .T. ) ;
#2320 = CARTESIAN_POINT ( 'NONE',  ( 11.18742254034473000, 36.22829254088470200, 36.64009817824681600 ) ) ;
#2321 = ORIENTED_EDGE ( 'NONE', *, *, #2471, .F. ) ;
#2322 = EDGE_CURVE ( 'NONE', #1243, #1243, #2624, .T. ) ;
#2323 = DIRECTION ( 'NONE',  ( -1.000000000000000000, 0.0000000000000000000, -6.009258394948640100E-016 ) ) ;
#2324 = EDGE_LOOP ( 'NONE', ( #1002 ) ) ;
#2325 = CARTESIAN_POINT ( 'NONE',  ( -6.611131437326101000, -48.67060210093952600, 19.99999999999999600 ) ) ;
#2326 = DIRECTION ( 'NONE',  ( 6.009258394948640100E-016, 0.0000000000000000000, -1.000000000000000000 ) ) ;
#2327 = EDGE_LOOP ( 'NONE', ( #1525 ) ) ;
#2328 = CARTESIAN_POINT ( 'NONE',  ( -6.865488564571379900, -48.80193329387237400, 20.00000000000000700 ) ) ;
#2329 = CARTESIAN_POINT ( 'NONE',  ( -7.599999999999999600, 50.15974481593780600, -20.00000000000000000 ) ) ;
#2330 = CARTESIAN_POINT ( 'NONE',  ( 21.04529946162074700, 28.60000000000000100, 2.000000000000000000 ) ) ;
#2331 = EDGE_CURVE ( 'NONE', #1239, #1239, #2672, .T. ) ;
#2332 = EDGE_LOOP ( 'NONE', ( #1099 ) ) ;
#2333 = PLANE ( 'NONE',  #1503 ) ;
#2334 = EDGE_CURVE ( 'NONE', #1234, #1234, #2669, .T. ) ;
#2335 = CARTESIAN_POINT ( 'NONE',  ( -7.092275809772423200, -48.97213768377387300, 20.00000000000000700 ) ) ;
#2336 = VECTOR ( 'NONE', #1573, 1000.000000000000000 ) ;
#2337 = CARTESIAN_POINT ( 'NONE',  ( 16.00000000000000000, -83.18918918918920700, -17.76397483800539900 ) ) ;
#2338 = CARTESIAN_POINT ( 'NONE',  ( 11.18705227844408900, 36.50572215315782600, 36.36372496627531300 ) ) ;
#2339 = CYLINDRICAL_SURFACE ( 'NONE', #1368, 3.000000000000000000 ) ;
#2340 = EDGE_CURVE ( 'NONE', #1229, #1229, #2664, .T. ) ;
#2341 = DIRECTION ( 'NONE',  ( -0.5000000000000001100, 0.7500000000000001100, -0.4330127018922190800 ) ) ;
#2342 = B_SPLINE_CURVE_WITH_KNOTS ( 'NONE', 3,
 ( #2380, #2258, #2325, #2328, #2917, #2335, #2743, #2165, #2481, #2685, #2805, #2790 ),
 .UNSPECIFIED., .F., .F.,
 ( 4, 2, 2, 2, 2, 4 ),
 ( 0.005370450333436905400, 0.005936526299280230100, 0.006219564282201892400, 0.006502602265123554700, 0.007068678230966896800, 0.007634754196810238800 ),
 .UNSPECIFIED. ) ;
#2343 = PLANE ( 'NONE',  #2065 ) ;
#2344 = EDGE_LOOP ( 'NONE', ( #1024 ) ) ;
#2345 = EDGE_CURVE ( 'E418', #733, #2033, #2660, .T. ) ;
#2346 = CARTESIAN_POINT ( 'NONE',  ( 11.16784876525367100, 36.64359603719476200, 36.22639664729814500 ) ) ;
#2347 = CIRCLE ( 'NONE', #1356, 3.958749999999999800 ) ;
#2348 = LINE ( 'NONE', #1582, #2336 ) ;
#2349 = EDGE_LOOP ( 'NONE', ( #657 ) ) ;
#2350 = EDGE_CURVE ( 'NONE', #1228, #1228, #2673, .T. ) ;
#2351 = FACE_OUTER_BOUND ( 'NONE', #2809, .T. ) ;
#2352 = DIRECTION ( 'NONE',  ( -2.813284866889243300E-017, -0.8881987419002697100, 0.4594594594594588700 ) ) ;
#2353 = FACE_OUTER_BOUND ( 'NONE', #2554, .T. ) ;
#2354 = DIRECTION ( 'NONE',  ( -1.000000000000000000, 0.0000000000000000000, 0.0000000000000000000 ) ) ;
#2355 = CARTESIAN_POINT ( 'NONE',  ( -7.189708517234518800, -11.21568614082592000, -40.35797908502965500 ) ) ;
#2356 = CARTESIAN_POINT ( 'NONE',  ( 11.09060436225105300, 36.91771848442459700, 35.95358501550683200 ) ) ;
#2357 = EDGE_CURVE ( 'E860', #515, #1678, #2652, .T. ) ;
#2358 = EDGE_CURVE ( 'E863', #515, #1678, #217, .T. ) ;
#2359 = DIRECTION ( 'NONE',  ( -1.000000000000000000, 0.0000000000000000000, -6.123031769111888800E-017 ) ) ;
#2360 = VERTEX_POINT ( 'NONE', #2631 ) ;
#2361 = EDGE_CURVE ( 'NONE', #1218, #1218, #2655, .T. ) ;
#2362 = EDGE_CURVE ( 'E874', #1066, #876, #2601, .T. ) ;
#2363 = CARTESIAN_POINT ( 'NONE',  ( -7.350774762132937600, -10.97063698739068400, -40.39656034421565800 ) ) ;
#2364 = VERTEX_POINT ( 'NONE', #2459 ) ;
#2365 = FACE_OUTER_BOUND ( 'NONE', #132, .T. ) ;
#2366 = DIRECTION ( 'NONE',  ( 0.4999999999999999400, 0.7499999999999998900, -0.4330127018922194600 ) ) ;
#2367 = DIRECTION ( 'NONE',  ( 1.000000000000000000, 5.204170427930419300E-016, -3.004629197474320000E-016 ) ) ;
#2368 = CARTESIAN_POINT ( 'NONE',  ( 11.03270480622869200, 37.05212876839726700, 35.81993719312658400 ) ) ;
#2369 = CARTESIAN_POINT ( 'NONE',  ( 10.88267685514376600, 37.30844116659250200, 35.56582282404719600 ) ) ;
#2370 = CARTESIAN_POINT ( 'NONE',  ( 21.04529946162074700, -12.56794919243112000, -25.76832654823495300 ) ) ;
#2371 = CARTESIAN_POINT ( 'NONE',  ( 10.78955216502422600, 37.43227147635375500, 35.44344353713492500 ) ) ;
#2372 = DIRECTION ( 'NONE',  ( 0.0000000000000000000, -1.000000000000000000, 0.0000000000000000000 ) ) ;
#2373 = EDGE_CURVE ( 'E881', #909, #1066, #2649, .T. ) ;
#2374 = CARTESIAN_POINT ( 'NONE',  ( -7.349209074012480700, -10.69173562749672100, -40.47155505308317200 ) ) ;
#2375 = EDGE_LOOP ( 'NONE', ( #1699 ) ) ;
#2376 = CYLINDRICAL_SURFACE ( 'NONE', #1388, 9.499999999999994700 ) ;
#2377 = EDGE_CURVE ( 'E409', #2014, #733, #2690, .T. ) ;
#2378 = LINE ( 'NONE', #1700, #2389 ) ;
#2379 = CARTESIAN_POINT ( 'NONE',  ( 10.56960521389382800, 37.66653255758105000, 35.21353795763275900 ) ) ;
#2380 = CARTESIAN_POINT ( 'NONE',  ( -6.235363776989840000, -48.60824060852320400, 20.00000000000000000 ) ) ;
#2381 = DIRECTION ( 'NONE',  ( 0.0000000000000000000, 0.0000000000000000000, -1.000000000000000000 ) ) ;
#2382 = FACE_OUTER_BOUND ( 'NONE', #150, .T. ) ;
#2383 = EDGE_LOOP ( 'NONE', ( #1127 ) ) ;
#2384 = CARTESIAN_POINT ( 'NONE',  ( 10.44518458753285400, 37.77472347335081100, 35.10820725383911900 ) ) ;
#2385 = EDGE_CURVE ( 'E888', #782, #909, #2633, .T. ) ;
#2386 = CARTESIAN_POINT ( 'NONE',  ( 10.16830450683713100, 37.97419683012864800, 34.91667728119843200 ) ) ;
#2387 = FACE_OUTER_BOUND ( 'NONE', #148, .T. ) ;
#2388 = CARTESIAN_POINT ( 'NONE',  ( 10.01392256670897900, 38.06627015998446200, 34.82976879529753900 ) ) ;
#2389 = VECTOR ( 'NONE', #1717, 1000.000000000000000 ) ;
#2390 = EDGE_CURVE ( 'E895', #1164, #782, #2638, .T. ) ;
#2391 = DIRECTION ( 'NONE',  ( 1.000000000000000000, 0.0000000000000000000, 0.0000000000000000000 ) ) ;
#2392 = EDGE_CURVE ( 'E902', #746, #1164, #2752, .T. ) ;
#2393 = CARTESIAN_POINT ( 'NONE',  ( -11.00000000000000000, 0.0000000000000000000, 0.0000000000000000000 ) ) ;
#2394 = EDGE_LOOP ( 'NONE', ( #1124 ) ) ;
#2395 = CARTESIAN_POINT ( 'NONE',  ( 9.687484532490252300, 38.22678394099060000, 34.68241214440082800 ) ) ;
#2396 = ADVANCED_FACE ( 'E1318', ( #2742 ), #2333, .T. ) ;
#2397 = VECTOR ( 'NONE', #1748, 1000.000000000000100 ) ;
#2398 = EDGE_LOOP ( 'NONE', ( #1146 ) ) ;
#2399 = CARTESIAN_POINT ( 'NONE',  ( 21.04529946162074700, -16.03205080756884700, -23.76832654823494900 ) ) ;
#2400 = EDGE_CURVE ( 'E909', #876, #746, #2831, .T. ) ;
#2401 = FACE_OUTER_BOUND ( 'NONE', #1304, .T. ) ;
#2402 = CARTESIAN_POINT ( 'NONE',  ( 9.515181570033203000, 38.29584780579201500, 34.62132450709758300 ) ) ;
#2403 = CARTESIAN_POINT ( 'NONE',  ( 9.152352550953899900, 38.41188317499298700, 34.52481605829009900 ) ) ;
#2404 = CARTESIAN_POINT ( 'NONE',  ( 19.89059892324149800, -14.30000000000000100, -24.76832654823494900 ) ) ;
#2405 = LINE ( 'NONE', #1760, #2435 ) ;
#2406 = CARTESIAN_POINT ( 'NONE',  ( 8.961681376330634700, 38.45849228787489000, 34.48980872106106000 ) ) ;
#2407 = EDGE_CURVE ( 'E922', #515, #666, #2729, .T. ) ;
#2408 = DIRECTION ( 'NONE',  ( -5.438469113940562800E-017, -0.4594594594594592600, 0.8881987419002694800 ) ) ;
#2409 = CARTESIAN_POINT ( 'NONE',  ( 23.35470053837925200, -12.56794919243112000, -25.76832654823495300 ) ) ;
#2410 = CARTESIAN_POINT ( 'NONE',  ( 8.578507260702927800, 38.52544188394940500, 34.44919335497499400 ) ) ;
#2411 = EDGE_LOOP ( 'NONE', ( #986 ) ) ;
#2412 = LINE ( 'NONE', #1781, #2397 ) ;
#2413 = CARTESIAN_POINT ( 'NONE',  ( 8.383973663078311500, 38.54652384641859400, 34.44294153481342100 ) ) ;
#2414 = VERTEX_POINT ( 'NONE', #2329 ) ;
#2415 = EDGE_CURVE ( 'E927', #1853, #666, #2736, .T. ) ;
#2416 = DIRECTION ( 'NONE',  ( -0.4999999999999999400, -0.7499999999999998900, 0.4330127018922194600 ) ) ;
#2417 = EDGE_LOOP ( 'NONE', ( #1149 ) ) ;
#2418 = FACE_BOUND ( 'NONE', #2327, .T. ) ;
#2419 = ORIENTED_EDGE ( 'NONE', *, *, #1259, .T. ) ;
#2420 = CARTESIAN_POINT ( 'NONE',  ( 7.988799392031247700, 38.56306413390515100, 34.45968980875693400 ) ) ;
#2421 = ORIENTED_EDGE ( 'NONE', *, *, #1633, .T. ) ;
#2422 = DIRECTION ( 'NONE',  ( 0.0000000000000000000, 0.0000000000000000000, 1.000000000000000000 ) ) ;
#2423 = EDGE_LOOP ( 'NONE', ( #1918, #1007, #1754, #209 ) ) ;
#2424 = FACE_OUTER_BOUND ( 'NONE', #2101, .T. ) ;
#2425 = CARTESIAN_POINT ( 'NONE',  ( 7.793596644533040200, 38.55821904393657500, 34.48254412432622500 ) ) ;
#2426 = EDGE_CURVE ( 'E932', #1853, #1678, #2800, .T. ) ;
#2427 = EDGE_LOOP ( 'NONE', ( #1167 ) ) ;
#2428 = DIRECTION ( 'NONE',  ( 0.0000000000000000000, -0.8660254037844388200, 0.4999999999999997200 ) ) ;
#2429 = CARTESIAN_POINT ( 'NONE',  ( 7.411170006991596900, 38.52326401030005300, 34.55564874272797500 ) ) ;
#2430 = ORIENTED_EDGE ( 'NONE', *, *, #2476, .F. ) ;
#2431 = LINE ( 'NONE', #1792, #2453 ) ;
#2432 = EDGE_CURVE ( 'E946', #1853, #666, #2851, .T. ) ;
#2433 = ADVANCED_BREP_SHAPE_REPRESENTATION ( 'UCFL-209', ( #486, #852 ), #895 ) ;
#2434 = CARTESIAN_POINT ( 'NONE',  ( 7.221503364141576700, 38.49268975055898100, 34.60663274192989300 ) ) ;
#2435 = VECTOR ( 'NONE', #1755, 1000.000000000000000 ) ;
#2436 = DIRECTION ( 'NONE',  ( 0.0000000000000000000, 0.4999999999999998900, 0.8660254037844387100 ) ) ;
#2437 = EDGE_CURVE ( 'E950', #834, #1093, #2710, .T. ) ;
#2438 = EDGE_CURVE ( 'E955', #909, #834, #2751, .T. ) ;
#2439 = CARTESIAN_POINT ( 'NONE',  ( 10.57342333629966000, 35.07332254957926000, 37.79681276931492600 ) ) ;
#2440 = FACE_OUTER_BOUND ( 'NONE', #1307, .T. ) ;
#2441 = CARTESIAN_POINT ( 'NONE',  ( 6.859005679117367500, 38.40673668153353800, 34.73413648196006400 ) ) ;
#2442 = ORIENTED_EDGE ( 'NONE', *, *, #2471, .T. ) ;
#2443 = CARTESIAN_POINT ( 'NONE',  ( 22.19999999999999900, -14.30000000000000100, -24.76832654823494900 ) ) ;
#2444 = FACE_OUTER_BOUND ( 'NONE', #2110, .T. ) ;
#2445 = ADVANCED_FACE ( 'E1567', ( #2750 ), #2699, .F. ) ;
#2446 = CARTESIAN_POINT ( 'NONE',  ( 6.687318643370869800, 38.35196557314664300, 34.80988039872453800 ) ) ;
#2447 = EDGE_CURVE ( 'E965', #1066, #1093, #2696, .T. ) ;
#2448 = CARTESIAN_POINT ( 'NONE',  ( 6.362752243149455600, 38.21878564969863100, 34.98463391615334200 ) ) ;
#2449 = ADVANCED_FACE ( 'E1419', ( #2538, #2707 ), #2505, .T. ) ;
#2450 = EDGE_LOOP ( 'NONE', ( #1192 ) ) ;
#2451 = ADVANCED_FACE ( 'E1054', ( #2697 ), #2016, .T. ) ;
#2452 = VECTOR ( 'NONE', #2920, 1000.000000000000000 ) ;
#2453 = VECTOR ( 'NONE', #1782, 1000.000000000000100 ) ;
#2454 = EDGE_CURVE ( 'E971', #1093, #1996, #2522, .T. ) ;
#2455 = ORIENTED_EDGE ( 'NONE', *, *, #2400, .T. ) ;
#2456 = VECTOR ( 'NONE', #1920, 1000.000000000000000 ) ;
#2457 = ADVANCED_FACE ( 'E830', ( #2519, #2512 ), #2479, .F. ) ;
#2458 = CYLINDRICAL_SURFACE ( 'NONE', #1440, 4.000000000000000000 ) ;
#2459 = CARTESIAN_POINT ( 'NONE',  ( -6.235363776989840000, -48.60824060852320400, 20.00000000000000000 ) ) ;
#2460 = EDGE_LOOP ( 'NONE', ( #1137 ) ) ;
#2461 = EDGE_CURVE ( 'E986', #876, #1996, #2528, .T. ) ;
#2462 = CARTESIAN_POINT ( 'NONE',  ( 6.209000322098315600, 38.13949209444025000, 35.08466828949956800 ) ) ;
#2463 = ADVANCED_FACE ( 'E1123', ( #2469 ), #2458, .T. ) ;
#2464 = EDGE_CURVE ( 'E570', #503, #1839, #2466, .T. ) ;
#2465 = ORIENTED_EDGE ( 'NONE', *, *, #2461, .F. ) ;
#2466 = CIRCLE ( 'NONE', #1456, 54.00000000000000000 ) ;
#2467 = CARTESIAN_POINT ( 'NONE',  ( 5.933451337016643700, 37.96282171263159500, 35.29981710391417200 ) ) ;
#2468 = CARTESIAN_POINT ( 'NONE',  ( 5.809961400155289700, 37.86498203864712100, 35.41560215006087700 ) ) ;
#2469 = FACE_OUTER_BOUND ( 'NONE', #2882, .T. ) ;
#2470 = EDGE_CURVE ( 'E992', #1996, #1134, #2474, .T. ) ;
#2471 = EDGE_CURVE ( 'E1007', #746, #1134, #2501, .T. ) ;
#2472 = ADVANCED_FACE ( 'E866', ( #2440, #2487 ), #1840, .T. ) ;
#2473 = EDGE_LOOP ( 'NONE', ( #2954 ) ) ;
#2474 = LINE ( 'NONE', #1893, #2456 ) ;
#2475 = CARTESIAN_POINT ( 'NONE',  ( 10.44918734082623500, 34.96694861152800400, 37.90520325238768600 ) ) ;
#2476 = EDGE_CURVE ( 'E1013', #1134, #574, #2431, .T. ) ;
#2477 = CARTESIAN_POINT ( 'NONE',  ( -14.00000000000000000, 74.00000000000000000, 20.00000000000000000 ) ) ;
#2478 = CLOSED_SHELL ( 'NONE', ( #784, #302, #2878, #2872, #910, #2871, #2866, #2861 ) ) ;
#2479 = CYLINDRICAL_SURFACE ( 'NONE', #1446, 2.458750000000002900 ) ;
#2480 = EDGE_LOOP ( 'NONE', ( #1263 ) ) ;
#2481 = CARTESIAN_POINT ( 'NONE',  ( -7.440390949876937800, -49.42458668038710100, 19.99999999999999600 ) ) ;
#2482 = ADVANCED_FACE ( 'E733', ( #2418, #2444 ), #1794, .T. ) ;
#2483 = CARTESIAN_POINT ( 'NONE',  ( 5.592048059104445000, 37.64946879801987500, 35.66346498883343200 ) ) ;
#2484 = EDGE_CURVE ( 'E1028', #1164, #574, #2405, .T. ) ;
#2485 = CARTESIAN_POINT ( 'NONE',  ( 5.499161323196436700, 37.53280250793122300, 35.79430764344021300 ) ) ;
#2486 = CARTESIAN_POINT ( 'NONE',  ( 5.276060518557601500, 37.16693348358258200, 36.19442882499385000 ) ) ;
#2487 = FACE_BOUND ( 'NONE', #2144, .T. ) ;
#2488 = EDGE_CURVE ( 'E1034', #574, #526, #2412, .T. ) ;
#2489 = CARTESIAN_POINT ( 'NONE',  ( 16.00000000000000000, -83.18918918918920700, 17.76397483800539900 ) ) ;
#2490 = ORIENTED_EDGE ( 'NONE', *, *, #1151, .F. ) ;
#2491 = ADVANCED_FACE ( 'E824', ( #2424, #2401 ), #2376, .F. ) ;
#2492 = VECTOR ( 'NONE', #1933, 1000.000000000000000 ) ;
#2493 = PLANE ( 'NONE',  #1620 ) ;
#2494 = CARTESIAN_POINT ( 'NONE',  ( 10.16918131677320100, 34.77202388850367500, 38.10663297100042300 ) ) ;
#2495 = CARTESIAN_POINT ( 'NONE',  ( 5.197286720903167500, 36.89446215767952000, 36.47915610586149900 ) ) ;
#2496 = VERTEX_POINT ( 'NONE', #1741 ) ;
#2497 = CARTESIAN_POINT ( 'NONE',  ( 5.197800599126479100, 36.61353366055399100, 36.75893029648523900 ) ) ;
#2498 = CARTESIAN_POINT ( 'NONE',  ( 6.233436607448480200, -21.06650302711877000, -36.38156297875141800 ) ) ;
#2499 = ORIENTED_EDGE ( 'NONE', *, *, #2470, .F. ) ;
#2500 = ADVANCED_FACE ( 'E759', ( #2382 ), #1726, .T. ) ;
#2501 = LINE ( 'NONE', #1846, #2452 ) ;
#2502 = ORIENTED_EDGE ( 'NONE', *, *, #2461, .T. ) ;
#2503 = CARTESIAN_POINT ( 'NONE',  ( 18.50646489626814900, -12.94958222361514000, -25.50035921774105000 ) ) ;
#2504 = EDGE_CURVE ( 'E1049', #782, #526, #2378, .T. ) ;
#2505 = CONICAL_SURFACE ( 'NONE', #1484, 27.50000000000000000, 0.7853981633974497200 ) ;
#2506 = CARTESIAN_POINT ( 'NONE',  ( -22.00000000000000000, 83.18918918918920700, 17.76397483800539900 ) ) ;
#2507 = ORIENTED_EDGE ( 'NONE', *, *, #2362, .T. ) ;
#2508 = CARTESIAN_POINT ( 'NONE',  ( 18.58137655667909600, -12.78868615963181000, -25.58206539263127200 ) ) ;
#2509 = ADVANCED_FACE ( 'E827', ( #2387, #2365 ), #2339, .F. ) ;
#2510 = ORIENTED_EDGE ( 'NONE', *, *, #2285, .F. ) ;
#2511 = EDGE_LOOP ( 'NONE', ( #1159 ) ) ;
#2512 = FACE_OUTER_BOUND ( 'NONE', #415, .T. ) ;
#2513 = DIRECTION ( 'NONE',  ( 0.0000000000000000000, 0.0000000000000000000, -1.000000000000000000 ) ) ;
#2514 = EDGE_LOOP ( 'NONE', ( #1180 ) ) ;
#2515 = CARTESIAN_POINT ( 'NONE',  ( 10.01774138992614900, 34.68643939814963800, 38.19661231651017600 ) ) ;
#2516 = CARTESIAN_POINT ( 'NONE',  ( 30.20000000000000300, 0.0000000000000000000, 0.0000000000000000000 ) ) ;
#2517 = ORIENTED_EDGE ( 'NONE', *, *, #2331, .T. ) ;
#2518 = EDGE_LOOP ( 'NONE', ( #1291, #1284, #1280, #1267 ) ) ;
#2519 = FACE_OUTER_BOUND ( 'NONE', #457, .T. ) ;
#2520 = CARTESIAN_POINT ( 'NONE',  ( 18.66937150032737600, -12.63186667011129100, -25.65978667002201200 ) ) ;
#2521 = B_SPLINE_CURVE_WITH_KNOTS ( 'NONE', 3,
 ( #346, #309, #347, #301, #356, #556, #542, #472, #469, #453, #361, #363, #365, #369, #334, #378, #380, #396 ),
 .UNSPECIFIED., .T., .F.,
 ( 4, 2, 2, 2, 2, 2, 2, 2, 4 ),
 ( 0.0000000000000000000, 0.0004298454391081405700, 0.0008596908782162811400, 0.001289536317324421700, 0.001719381756432562300, 0.002149227195540702600, 0.002579072634648843400, 0.003008918073756984200, 0.003438763512865124600 ),
 .UNSPECIFIED. ) ;
#2522 = LINE ( 'NONE', #1977, #2540 ) ;
#2523 = CARTESIAN_POINT ( 'NONE',  ( 18.87234906860605900, -12.32696180797621800, -25.80764848077414400 ) ) ;
#2524 = CARTESIAN_POINT ( 'NONE',  ( 18.98634044537884000, -12.18068950276996500, -25.87689527163669500 ) ) ;
#2525 = EDGE_LOOP ( 'NONE', ( #1241, #1236, #1211, #1199 ) ) ;
#2526 = CARTESIAN_POINT ( 'NONE',  ( 19.23423497718931000, -11.90614303828654700, -26.00435855032776900 ) ) ;
#2527 = CARTESIAN_POINT ( 'NONE',  ( 19.89059892324149800, -14.30000000000000100, -24.76832654823494900 ) ) ;
#2528 = LINE ( 'NONE', #1947, #2492 ) ;
#2529 = VECTOR ( 'NONE', #320, 1000.000000000000000 ) ;
#2530 = CARTESIAN_POINT ( 'NONE',  ( 9.692888043988293800, 34.53855516885695900, 38.35637818777747300 ) ) ;
#2531 = CARTESIAN_POINT ( 'NONE',  ( 19.36874149106526500, -11.77694119217650700, -26.06302291250833400 ) ) ;
#2532 = DIRECTION ( 'NONE',  ( 1.000000000000000000, 0.0000000000000000000, 0.0000000000000000000 ) ) ;
#2533 = DIRECTION ( 'NONE',  ( 0.0000000000000000000, 0.0000000000000000000, 1.000000000000000000 ) ) ;
#2534 = CARTESIAN_POINT ( 'NONE',  ( 19.65918175264758400, -11.53528689654700500, -26.17087433381371800 ) ) ;
#2535 = ORIENTED_EDGE ( 'NONE', *, *, #1355, .T. ) ;
#2536 = DIRECTION ( 'NONE',  ( 1.000000000000000000, 0.0000000000000000000, 0.0000000000000000000 ) ) ;
#2537 = CARTESIAN_POINT ( 'NONE',  ( 21.04529946162074700, 28.60000000000000100, -2.000000000000000000 ) ) ;
#2538 = FACE_OUTER_BOUND ( 'NONE', #2772, .T. ) ;
#2539 = EDGE_LOOP ( 'NONE', ( #1324 ) ) ;
#2540 = VECTOR ( 'NONE', #1972, 1000.000000000000100 ) ;
#2541 = VECTOR ( 'NONE', #2023, 1000.000000000000000 ) ;
#2542 = CARTESIAN_POINT ( 'NONE',  ( 19.81603772132991300, -11.42249526847616000, -26.22019414266321400 ) ) ;
#2543 = CARTESIAN_POINT ( 'NONE',  ( -6.235363776989840000, -48.60824060852320400, 20.00000000000000000 ) ) ;
#2544 = ADVANCED_FACE ( 'E949', ( #2353 ), #1635, .T. ) ;
#2545 = CIRCLE ( 'NONE', #1679, 28.60000000000000100 ) ;
#2546 = CARTESIAN_POINT ( 'NONE',  ( 20.14165640558252300, -11.22148053632541900, -26.30684993704453200 ) ) ;
#2547 = FACE_OUTER_BOUND ( 'NONE', #586, .T. ) ;
#2548 = EDGE_LOOP ( 'NONE', ( #1321 ) ) ;
#2549 = CARTESIAN_POINT ( 'NONE',  ( 20.31142085632181000, -11.13225787457131900, -26.34463797921770100 ) ) ;
#2550 = VERTEX_POINT ( 'NONE', #1659 ) ;
#2551 = CIRCLE ( 'NONE', #1667, 28.60000000000000100 ) ;
#2552 = CARTESIAN_POINT ( 'NONE',  ( 20.66484762931697000, -10.97666116801159900, -26.40984712649168400 ) ) ;
#2553 = CARTESIAN_POINT ( 'NONE',  ( 20.85008386810229200, -10.90988690848315900, -26.43742982165498000 ) ) ;
#2554 = EDGE_LOOP ( 'NONE', ( #2693, #2671, #2641, #2632 ) ) ;
#2555 = CIRCLE ( 'NONE', #1646, 22.50000000000000000 ) ;
#2556 = ADVANCED_FACE ( 'E360', ( #2308 ), #1621, .T. ) ;
#2557 = EDGE_CURVE ( 'E1055', #526, #834, #2348, .T. ) ;
#2558 = CIRCLE ( 'NONE', #1660, 28.60000000000000100 ) ;
#2559 = EDGE_CURVE ( 'NONE', #1205, #1205, #2347, .T. ) ;
#2560 = DIRECTION ( 'NONE',  ( 2.813284866889245800E-017, -0.8881987419002694800, -0.4594594594594592600 ) ) ;
#2561 = EDGE_LOOP ( 'NONE', ( #1345 ) ) ;
#2562 = CIRCLE ( 'NONE', #1645, 28.60000000000000100 ) ;
#2563 = CARTESIAN_POINT ( 'NONE',  ( 21.41526517409989700, -10.74977590488681900, -26.50312490477324800 ) ) ;
#2564 = VECTOR ( 'NONE', #890, 1000.000000000000000 ) ;
#2565 = CARTESIAN_POINT ( 'NONE',  ( 21.80178226973167100, -10.69550976198321700, -26.52481990441758000 ) ) ;
#2566 = VERTEX_POINT ( 'NONE', #1572 ) ;
#2567 = CARTESIAN_POINT ( 'NONE',  ( 22.39649338968371600, -10.69526694298889800, -26.52491781374308700 ) ) ;
#2568 = ADVANCED_FACE ( 'E1569', ( #2351 ), #2307, .F. ) ;
#2569 = EDGE_LOOP ( 'NONE', ( #1058 ) ) ;
#2570 = CARTESIAN_POINT ( 'NONE',  ( -7.288161507391909500, -10.55531155773564800, -40.51837881733676000 ) ) ;
#2571 = VECTOR ( 'NONE', #988, 1000.000000000000000 ) ;
#2572 = EDGE_CURVE ( 'NONE', #1201, #1201, #2303, .T. ) ;
#2573 = EDGE_LOOP ( 'NONE', ( #2241, #2224, #2219, #2181 ) ) ;
#2574 = DIRECTION ( 'NONE',  ( 1.000000000000000000, 0.0000000000000000000, 0.0000000000000000000 ) ) ;
#2575 = CARTESIAN_POINT ( 'NONE',  ( -6.235363776989840000, 0.0000000000000000000, 0.0000000000000000000 ) ) ;
#2576 = LINE ( 'NONE', #1372, #2571 ) ;
#2577 = ORIENTED_EDGE ( 'NONE', *, *, #2447, .F. ) ;
#2578 = CARTESIAN_POINT ( 'NONE',  ( -7.599999999999999600, 92.10742682738700200, 0.0000000000000000000 ) ) ;
#2579 = CARTESIAN_POINT ( 'NONE',  ( 22.59304105013774200, -10.70892266756931300, -26.51942362747854200 ) ) ;
#2580 = LINE ( 'NONE', #2732, #2727 ) ;
#2581 = CARTESIAN_POINT ( 'NONE',  ( -7.083315392472959700, -10.36923967736670300, -40.60266535324964100 ) ) ;
#2582 = EDGE_LOOP ( 'NONE', ( #1335 ) ) ;
#2583 = CARTESIAN_POINT ( 'NONE',  ( 22.98268270385455700, -10.76310237667306600, -26.49748066256302800 ) ) ;
#2584 = CYLINDRICAL_SURFACE ( 'NONE', #1625, 20.00000000000000000 ) ;
#2585 = CIRCLE ( 'NONE', #1576, 2.458750000000002900 ) ;
#2586 = CARTESIAN_POINT ( 'NONE',  ( -6.941219883956156500, -10.31927655445701900, -40.63992236491572600 ) ) ;
#2587 = CARTESIAN_POINT ( 'NONE',  ( 23.17701333417642900, -10.80408346267450700, -26.48084418753407800 ) ) ;
#2588 = DIRECTION ( 'NONE',  ( -1.000000000000000000, 0.0000000000000000000, 0.0000000000000000000 ) ) ;
#2589 = CARTESIAN_POINT ( 'NONE',  ( -6.653148860057410900, -10.33278697277370400, -40.68464594330843900 ) ) ;
#2590 = PLANE ( 'NONE',  #1611 ) ;
#2591 = EDGE_LOOP ( 'NONE', ( #1364 ) ) ;
#2592 = EDGE_LOOP ( 'NONE', ( #1353 ) ) ;
#2593 = DIRECTION ( 'NONE',  ( 0.0000000000000000000, 0.0000000000000000000, 1.000000000000000000 ) ) ;
#2594 = CIRCLE ( 'NONE', #1855, 48.59999999999999400 ) ;
#2595 = CARTESIAN_POINT ( 'NONE',  ( 23.74047764956495500, -10.96420228535578500, -26.41513925114485800 ) ) ;
#2596 = CARTESIAN_POINT ( 'NONE',  ( 24.09557905499960000, -11.12070728887281800, -26.35030529714779500 ) ) ;
#2597 = PLANE ( 'NONE',  #1872 ) ;
#2598 = FACE_BOUND ( 'NONE', #584, .T. ) ;
#2599 = CARTESIAN_POINT ( 'NONE',  ( 24.75128589546742200, -11.52608502649275500, -26.17552451852193900 ) ) ;
#2600 = EDGE_CURVE ( 'E1124', #1172, #406, #2292, .T. ) ;
#2601 = LINE ( 'NONE', #2614, #2642 ) ;
#2602 = CARTESIAN_POINT ( 'NONE',  ( 25.04016300449458800, -11.76690018824838200, -26.06901375073385900 ) ) ;
#2603 = CARTESIAN_POINT ( 'NONE',  ( -6.511703116474659000, -10.39608135187447300, -40.69140041183835200 ) ) ;
#2604 = EDGE_LOOP ( 'NONE', ( #732 ) ) ;
#2605 = CARTESIAN_POINT ( 'NONE',  ( 25.41543975352994900, -12.18272983647567100, -25.87594342677157800 ) ) ;
#2606 = CARTESIAN_POINT ( 'NONE',  ( 25.52919036924944900, -12.32918670097533500, -25.80657544854335900 ) ) ;
#2607 = CIRCLE ( 'NONE', #1568, 48.59999999999999400 ) ;
#2608 = CARTESIAN_POINT ( 'NONE',  ( -7.599999999999999600, -74.00000000000000000, 0.0000000000000000000 ) ) ;
#2609 = EDGE_LOOP ( 'NONE', ( #1403 ) ) ;
#2610 = VECTOR ( 'NONE', #1300, 1000.000000000000000 ) ;
#2611 = CARTESIAN_POINT ( 'NONE',  ( 25.73017820624170300, -12.63127832255008300, -25.66006603707684900 ) ) ;
#2612 = EDGE_LOOP ( 'NONE', ( #1418 ) ) ;
#2613 = DIRECTION ( 'NONE',  ( 1.000000000000000000, 0.0000000000000000000, 0.0000000000000000000 ) ) ;
#2614 = CARTESIAN_POINT ( 'NONE',  ( 24.50940107675850000, -14.30000000000000100, -24.76832654823494900 ) ) ;
#2615 = VECTOR ( 'NONE', #2391, 1000.000000000000000 ) ;
#2616 = DIRECTION ( 'NONE',  ( 0.0000000000000000000, -0.8660254037844388200, 0.4999999999999997800 ) ) ;
#2617 = ORIENTED_EDGE ( 'NONE', *, *, #1832, .T. ) ;
#2618 = DIRECTION ( 'NONE',  ( 0.0000000000000000000, 0.0000000000000000000, -1.000000000000000000 ) ) ;
#2619 = CIRCLE ( 'NONE', #1642, 27.50000000000000000 ) ;
#2620 = LINE ( 'NONE', #1393, #2610 ) ;
#2621 = EDGE_LOOP ( 'NONE', ( #1391 ) ) ;
#2622 = DIRECTION ( 'NONE',  ( 0.0000000000000000000, 0.4999999999999998900, 0.8660254037844387100 ) ) ;
#2623 = LINE ( 'NONE', #1309, #2717 ) ;
#2624 = CIRCLE ( 'NONE', #1566, 46.75000000000000000 ) ;
#2625 = CARTESIAN_POINT ( 'NONE',  ( 22.19999999999999900, -14.27937500000000000, -24.73260300032885100 ) ) ;
#2626 = ORIENTED_EDGE ( 'NONE', *, *, #2454, .F. ) ;
#2627 = EDGE_CURVE ( 'E108', #1115, #2496, #2295, .T. ) ;
#2628 = DIRECTION ( 'NONE',  ( 0.8660254037844387100, 0.0000000000000000000, 0.4999999999999998900 ) ) ;
#2629 = FACE_OUTER_BOUND ( 'NONE', #692, .T. ) ;
#2630 = EDGE_LOOP ( 'NONE', ( #1102, #1765, #398, #2151 ) ) ;
#2631 = CARTESIAN_POINT ( 'NONE',  ( 23.35470053837925200, 28.60000000000000100, -2.000000000000000000 ) ) ;
#2632 = ORIENTED_EDGE ( 'NONE', *, *, #2447, .T. ) ;
#2633 = LINE ( 'NONE', #2370, #2738 ) ;
#2634 = B_SPLINE_CURVE_WITH_KNOTS ( 'NONE', 3,
 ( #2297, #1242, #47, #116, #32, #26, #34, #5, #4, #2, #56, #60 ),
 .UNSPECIFIED., .F., .F.,
 ( 4, 2, 2, 2, 2, 4 ),
 ( 0.007665093694640852200, 0.008231493133182821900, 0.008797892571724792400, 0.009364292010266762900, 0.009647491729537752500, 0.009930691448808742100 ),
 .UNSPECIFIED. ) ;
#2635 = DIRECTION ( 'NONE',  ( 0.4999999999999998900, 0.0000000000000000000, -0.8660254037844387100 ) ) ;
#2636 = DIRECTION ( 'NONE',  ( 0.0000000000000000000, 0.8660254037844389300, -0.4999999999999995600 ) ) ;
#2637 = EDGE_LOOP ( 'NONE', ( #2924, #2892 ) ) ;
#2638 = LINE ( 'NONE', #2404, #2746 ) ;
#2639 = CARTESIAN_POINT ( 'NONE',  ( -3.889087296526010400, 0.0000000000000000000, 0.0000000000000000000 ) ) ;
#2640 = EDGE_CURVE ( 'E1127', #1172, #406, #42, .T. ) ;
#2641 = ORIENTED_EDGE ( 'NONE', *, *, #2373, .T. ) ;
#2642 = VECTOR ( 'NONE', #2416, 1000.000000000000100 ) ;
#2643 = CARTESIAN_POINT ( 'NONE',  ( -22.00000000000000000, 83.18918918918920700, -17.76397483800539900 ) ) ;
#2644 = DIRECTION ( 'NONE',  ( -0.0000000000000000000, 0.4999999999999998900, 0.8660254037844387100 ) ) ;
#2645 = EDGE_LOOP ( 'NONE', ( #1829, #1806, #1798, #1793 ) ) ;
#2646 = VECTOR ( 'NONE', #2653, 1000.000000000000100 ) ;
#2647 = CARTESIAN_POINT ( 'NONE',  ( 22.19999999999999900, -11.27062499999999900, -19.52129513305600000 ) ) ;
#2648 = EDGE_LOOP ( 'NONE', ( #1382 ) ) ;
#2649 = LINE ( 'NONE', #2409, #2646 ) ;
#2650 = CARTESIAN_POINT ( 'NONE',  ( 25.81818937339219400, -12.78775385960477000, -25.58253883285830800 ) ) ;
#2651 = ADVANCED_FACE ( 'E645', ( #2290 ), #1529, .T. ) ;
#2652 = CIRCLE ( 'NONE', #1522, 3.999999999999998200 ) ;
#2653 = DIRECTION ( 'NONE',  ( 0.5000000000000001100, -0.7500000000000001100, 0.4330127018922190800 ) ) ;
#2654 = ORIENTED_EDGE ( 'NONE', *, *, #1259, .F. ) ;
#2655 = CIRCLE ( 'NONE', #1512, 3.958749999999999300 ) ;
#2656 = DIRECTION ( 'NONE',  ( 0.0000000000000000000, -1.000000000000000000, 0.0000000000000000000 ) ) ;
#2657 = ADVANCED_FACE ( 'E1012', ( #2299 ), #1461, .T. ) ;
#2658 = B_SPLINE_CURVE_WITH_KNOTS ( 'NONE', 3,
 ( #749, #745, #741, #753, #758, #765, #766, #768, #771, #772 ),
 .UNSPECIFIED., .F., .F.,
 ( 4, 2, 2, 2, 4 ),
 ( 0.01734631161003267300, 0.01813508402645722800, 0.01892385644288177900, 0.01971262885930633000, 0.02050140127573088500 ),
 .UNSPECIFIED. ) ;
#2659 = CARTESIAN_POINT ( 'NONE',  ( 6.284005948698580600, -21.18110073810370500, -36.30595323827859000 ) ) ;
#2660 = CIRCLE ( 'NONE', #1533, 20.00000000000000400 ) ;
#2661 = CARTESIAN_POINT ( 'NONE',  ( 6.240684646269362400, -20.93132330263297500, -36.45825570546941900 ) ) ;
#2662 = DIRECTION ( 'NONE',  ( -1.000000000000000000, 0.0000000000000000000, 0.0000000000000000000 ) ) ;
#2663 = CARTESIAN_POINT ( 'NONE',  ( -6.000000000000000000, 74.00000000000000000, 0.0000000000000000000 ) ) ;
#2664 = CIRCLE ( 'NONE', #1534, 3.958749999999999300 ) ;
#2665 = CARTESIAN_POINT ( 'NONE',  ( 6.362533668473717300, -20.69536774541860800, -36.57172088292190900 ) ) ;
#2666 = CARTESIAN_POINT ( 'NONE',  ( 6.477272975670271800, -20.59549115396195200, -36.60794447552989800 ) ) ;
#2667 = EDGE_LOOP ( 'NONE', ( #1438 ) ) ;
#2668 = CARTESIAN_POINT ( 'NONE',  ( 25.89353510373189900, -12.94958222361514000, -25.50035921774105000 ) ) ;
#2669 = CIRCLE ( 'NONE', #1539, 47.50000000000000000 ) ;
#2670 = CARTESIAN_POINT ( 'NONE',  ( 6.745954920816378900, -20.48889924080746600, -36.61923019267477000 ) ) ;
#2671 = ORIENTED_EDGE ( 'NONE', *, *, #2438, .F. ) ;
#2672 = CIRCLE ( 'NONE', #1553, 46.75000000000000000 ) ;
#2673 = CIRCLE ( 'NONE', #1528, 4.000000000000000000 ) ;
#2674 = DIRECTION ( 'NONE',  ( 0.0000000000000000000, -0.8660254037844388200, 0.4999999999999997200 ) ) ;
#2675 = ORIENTED_EDGE ( 'NONE', *, *, #2092, .T. ) ;
#2676 = CARTESIAN_POINT ( 'NONE',  ( 6.898621063725632200, -20.48140991207596400, -36.59497547457601000 ) ) ;
#2677 = ADVANCED_FACE ( 'E1075', ( #2269 ), #1233, .T. ) ;
#2678 = LINE ( 'NONE', #2203, #2952 ) ;
#2679 = ADVANCED_FACE ( 'E245', ( #2265 ), #2254, .T. ) ;
#2680 = DIRECTION ( 'NONE',  ( 0.0000000000000000000, 0.4999999999999998900, 0.8660254037844387100 ) ) ;
#2681 = EDGE_LOOP ( 'NONE', ( #1425 ) ) ;
#2682 = CIRCLE ( 'NONE', #1619, 47.50000000000000000 ) ;
#2683 = EDGE_CURVE ( 'NONE', #1196, #1196, #2257, .T. ) ;
#2684 = EDGE_LOOP ( 'NONE', ( #1443 ) ) ;
#2685 = CARTESIAN_POINT ( 'NONE',  ( -7.567358203659087400, -49.78023195039966000, 19.99999999999999600 ) ) ;
#2686 = EDGE_LOOP ( 'NONE', ( #1439 ) ) ;
#2687 = VECTOR ( 'NONE', #887, 1000.000000000000000 ) ;
#2688 = CARTESIAN_POINT ( 'NONE',  ( 22.19999999999999900, -11.25000000000000000, -19.48557158514984900 ) ) ;
#2689 = EDGE_LOOP ( 'NONE', ( #1463 ) ) ;
#2690 = LINE ( 'NONE', #2477, #2615 ) ;
#2691 = ADVANCED_FACE ( 'E707', ( #2260, #2250 ), #1188, .T. ) ;
#2692 = DIRECTION ( 'NONE',  ( 1.000000000000000000, -0.0000000000000000000, -0.0000000000000000000 ) ) ;
#2693 = ORIENTED_EDGE ( 'NONE', *, *, #2437, .F. ) ;
#2694 = LINE ( 'NONE', #2337, #2687 ) ;
#2695 = ADVANCED_FACE ( 'E596', ( #2267 ), #2248, .F. ) ;
#2696 = LINE ( 'NONE', #2028, #2541 ) ;
#2697 = FACE_OUTER_BOUND ( 'NONE', #236, .T. ) ;
#2698 = CARTESIAN_POINT ( 'NONE',  ( 7.161277824648038000, -20.56479329304250600, -36.49762637877729100 ) ) ;
#2699 = SPHERICAL_SURFACE ( 'NONE', #1477, 42.50000000000000000 ) ;
#2700 = DIRECTION ( 'NONE',  ( 0.0000000000000000000, -1.000000000000000000, 0.0000000000000000000 ) ) ;
#2701 = CARTESIAN_POINT ( 'NONE',  ( 7.265948294992760700, -20.65441797650160200, -36.42625264942839900 ) ) ;
#2702 = ADVANCED_FACE ( 'E836', ( #2237, #2279 ), #2217, .F. ) ;
#2703 = CARTESIAN_POINT ( 'NONE',  ( 7.365903239145713300, -20.88063988078562600, -36.27689645344561600 ) ) ;
#2704 = VECTOR ( 'NONE', #2059, 1000.000000000000000 ) ;
#2705 = ORIENTED_EDGE ( 'NONE', *, *, #2432, .F. ) ;
#2706 = ADVANCED_FACE ( 'E845', ( #2253, #2231 ), #1109, .F. ) ;
#2707 = FACE_BOUND ( 'NONE', #2859, .T. ) ;
#2708 = DIRECTION ( 'NONE',  ( 1.000000000000000000, 0.0000000000000000000, 0.0000000000000000000 ) ) ;
#2709 = EDGE_LOOP ( 'NONE', ( #1458 ) ) ;
#2710 = LINE ( 'NONE', #2072, #2719 ) ;
#2711 = ORIENTED_EDGE ( 'NONE', *, *, #2415, .T. ) ;
#2712 = CARTESIAN_POINT ( 'NONE',  ( 11.00000000000000000, 0.0000000000000000000, 0.0000000000000000000 ) ) ;
#2713 = EDGE_CURVE ( 'E1138', #2918, #2360, #2216, .T. ) ;
#2714 = LINE ( 'NONE', #2060, #2913 ) ;
#2715 = FACE_OUTER_BOUND ( 'NONE', #2753, .T. ) ;
#2716 = EDGE_LOOP ( 'NONE', ( #2967 ) ) ;
#2717 = VECTOR ( 'NONE', #1437, 1000.000000000000000 ) ;
#2718 = CARTESIAN_POINT ( 'NONE',  ( -7.599999999999999600, 74.00000000000000000, -20.00000000000000000 ) ) ;
#2719 = VECTOR ( 'NONE', #2064, 1000.000000000000100 ) ;
#2720 = EDGE_CURVE ( 'E1145', #609, #2918, #2225, .T. ) ;
#2721 = EDGE_CURVE ( 'E1152', #794, #609, #2212, .T. ) ;
#2722 = ADVANCED_FACE ( 'E851', ( #2209, #2201 ), #2161, .F. ) ;
#2723 = ADVANCED_FACE ( 'E859', ( #2174 ), #2155, .T. ) ;
#2724 = EDGE_LOOP ( 'NONE', ( #1470 ) ) ;
#2725 = FACE_BOUND ( 'NONE', #321, .T. ) ;
#2726 = CARTESIAN_POINT ( 'NONE',  ( -6.000000000000000000, 74.00000000000000000, -20.00000000000000000 ) ) ;
#2727 = VECTOR ( 'NONE', #1767, 1000.000000000000000 ) ;
#2728 = DIRECTION ( 'NONE',  ( -1.000000000000000000, 0.0000000000000000000, -2.449212707644755000E-016 ) ) ;
#2729 = CIRCLE ( 'NONE', #1504, 4.000000000000000000 ) ;
#2730 = CARTESIAN_POINT ( 'NONE',  ( 7.359481259224299500, -21.01679900102087500, -36.19949007090432500 ) ) ;
#2731 = ORIENTED_EDGE ( 'NONE', *, *, #2285, .T. ) ;
#2732 = CARTESIAN_POINT ( 'NONE',  ( -6.000000000000000000, 0.0000000000000000000, 20.00000000000000000 ) ) ;
#2733 = CARTESIAN_POINT ( 'NONE',  ( -3.889087296526014800, 0.0000000000000000000, 0.0000000000000000000 ) ) ;
#2734 = CARTESIAN_POINT ( 'NONE',  ( 7.237814359711811600, -21.25309297399437400, -36.08588322849790600 ) ) ;
#2735 = EDGE_LOOP ( 'NONE', ( #1466 ) ) ;
#2736 = CIRCLE ( 'NONE', #1499, 3.999999999999998200 ) ;
#2737 = DIRECTION ( 'NONE',  ( 0.0000000000000000000, 1.000000000000000000, 0.0000000000000000000 ) ) ;
#2738 = VECTOR ( 'NONE', #2367, 1000.000000000000000 ) ;
#2739 = EDGE_LOOP ( 'NONE', ( #1475 ) ) ;
#2740 = EDGE_CURVE ( 'E1159', #341, #794, #2158, .T. ) ;
#2741 = CARTESIAN_POINT ( 'NONE',  ( -7.599999999999999600, 74.00000000000000000, 20.00000000000000000 ) ) ;
#2742 = FACE_OUTER_BOUND ( 'NONE', #2950, .T. ) ;
#2743 = CARTESIAN_POINT ( 'NONE',  ( -7.161195122689397500, -49.03950464413438900, 20.00000000000000400 ) ) ;
#2744 = ORIENTED_EDGE ( 'NONE', *, *, #2357, .F. ) ;
#2745 = DIRECTION ( 'NONE',  ( -1.000000000000000000, 0.0000000000000000000, 0.0000000000000000000 ) ) ;
#2746 = VECTOR ( 'NONE', #2366, 1000.000000000000100 ) ;
#2747 = CARTESIAN_POINT ( 'NONE',  ( 7.124146438793452800, -21.35274488998602400, -36.04966217583830700 ) ) ;
#2748 = CARTESIAN_POINT ( 'NONE',  ( 10.75000000000000000, 0.0000000000000000000, 0.0000000000000000000 ) ) ;
#2749 = ADVANCED_FACE ( 'E970', ( #2168 ), #925, .T. ) ;
#2750 = FACE_OUTER_BOUND ( 'NONE', #2232, .T. ) ;
#2751 = LINE ( 'NONE', #2226, #2704 ) ;
#2752 = LINE ( 'NONE', #2399, #2994 ) ;
#2753 = EDGE_LOOP ( 'NONE', ( #490, #478, #473, #467 ) ) ;
#2754 = B_SPLINE_CURVE_WITH_KNOTS ( 'NONE', 3,
 ( #1834, #1819, #1836, #1841, #1842, #1847, #1849, #1851, #1854, #1861, #1862, #1865, #1868, #1870, #1874, #1876, #1878, #1879 ),
 .UNSPECIFIED., .T., .F.,
 ( 4, 2, 2, 2, 2, 2, 2, 2, 4 ),
 ( 0.0000000000000000000, 0.0004325760117981340300, 0.0008651520235962680600, 0.001297728035394402000, 0.001730304047192536100, 0.002162880058990670300, 0.002595456070788804000, 0.003028032082586938100, 0.003460608094385072200 ),
 .UNSPECIFIED. ) ;
#2755 = CARTESIAN_POINT ( 'NONE',  ( 6.852946899707233400, -21.46045032543556300, -36.03827840546173900 ) ) ;
#2756 = LINE ( 'NONE', #76, #2564 ) ;
#2757 = VECTOR ( 'NONE', #2304, 1000.000000000000000 ) ;
#2758 = CARTESIAN_POINT ( 'NONE',  ( -11.00000000000000000, 0.0000000000000000000, 0.0000000000000000000 ) ) ;
#2759 = ADVANCED_FACE ( 'E842', ( #2142, #2124 ), #2106, .F. ) ;
#2760 = CARTESIAN_POINT ( 'NONE',  ( 6.700109452475856200, -21.46699220303488800, -36.06310629946992200 ) ) ;
#2761 = CIRCLE ( 'NONE', #1734, 20.00000000000000400 ) ;
#2762 = EDGE_LOOP ( 'NONE', ( #1473 ) ) ;
#2763 = DIRECTION ( 'NONE',  ( 0.0000000000000000000, 0.0000000000000000000, -1.000000000000000000 ) ) ;
#2764 = LINE ( 'NONE', #707, #2807 ) ;
#2765 = CARTESIAN_POINT ( 'NONE',  ( 6.440466054542805600, -21.38465739051459400, -36.15919913628859900 ) ) ;
#2766 = CARTESIAN_POINT ( 'NONE',  ( 0.0000000000000000000, 0.0000000000000000000, 0.0000000000000000000 ) ) ;
#2767 = ADVANCED_FACE ( 'E1406', ( #2133, #2102 ), #2084, .F. ) ;
#2768 = ORIENTED_EDGE ( 'NONE', *, *, #2426, .T. ) ;
#2769 = DIRECTION ( 'NONE',  ( 0.0000000000000000000, 0.0000000000000000000, -1.000000000000000000 ) ) ;
#2770 = DIRECTION ( 'NONE',  ( 1.000000000000000000, 0.0000000000000000000, 0.0000000000000000000 ) ) ;
#2771 = CARTESIAN_POINT ( 'NONE',  ( 6.334575289948680200, -21.29569844908863600, -36.23034349780577700 ) ) ;
#2772 = EDGE_LOOP ( 'NONE', ( #1483 ) ) ;
#2773 = CIRCLE ( 'NONE', #1790, 9.500000000000000000 ) ;
#2774 = CARTESIAN_POINT ( 'NONE',  ( 6.284005948698580600, -21.18110073810370500, -36.30595323827859000 ) ) ;
#2775 = CARTESIAN_POINT ( 'NONE',  ( -14.00000000000000000, 0.0000000000000000000, 0.0000000000000000000 ) ) ;
#2776 = EDGE_LOOP ( 'NONE', ( #1269, #2421, #109, #1877, #48 ) ) ;
#2777 = CIRCLE ( 'NONE', #1666, 54.00000000000000000 ) ;
#2778 = EDGE_CURVE ( 'E1166', #129, #341, #2090, .T. ) ;
#2779 = EDGE_LOOP ( 'NONE', ( #1500 ) ) ;
#2780 = CIRCLE ( 'NONE', #1722, 54.00000000000000000 ) ;
#2781 = DIRECTION ( 'NONE',  ( 2.813284866889242100E-017, -0.8881987419002692600, -0.4594594594594596500 ) ) ;
#2782 = FACE_BOUND ( 'NONE', #307, .T. ) ;
#2783 = ADVANCED_FACE ( 'E1255', ( #2077 ), #870, .T. ) ;
#2784 = EDGE_LOOP ( 'NONE', ( #1190 ) ) ;
#2785 = B_SPLINE_CURVE_WITH_KNOTS ( 'NONE', 3,
 ( #845, #812, #846, #853, #856, #857, #860, #865, #867, #871, #873, #882, #960, #886, #892, #893, #896, #899, #903, #907, #914, #915, #919, #922, #926, #930, #934, #939, #941, #945, #946, #947, #959, #963, #965, #966, #971, #976, #979, #981, #982, #985, #990, #995, #997, #1005, #1006, #1009, #1013, #1017, #1018, #1025, #1027, #1030, #1032, #1035, #1039, #1041, #1045, #1051, #1056, #1057, #1064, #1068, #1069, #1076 ),
 .UNSPECIFIED., .T., .F.,
 ( 4, 2, 2, 2, 2, 2, 2, 2, 2, 2, 2, 2, 2, 2, 2, 2, 2, 2, 2, 2, 2, 2, 2, 2, 2, 2, 2, 2, 2, 2, 2, 2, 4 ),
 ( 0.0000000000000000000, 0.0007830711383510392700, 0.001566142276702078500, 0.002349213415053117900, 0.003132284553404157100, 0.003915355691755196200, 0.004698426830106235800, 0.005481497968457274500, 0.006264569106808314100, 0.007047640245159353700, 0.007830711383510392500, 0.008613782521861431200, 0.009396853660212471600, 0.01017992479856351000, 0.01096299593691454900, 0.01174606707526559000, 0.01252913821361662800, 0.01331220935196766700, 0.01409528049031870700, 0.01487835162866974600, 0.01566142276702078500, 0.01644449390537182400, 0.01722756504372286200, 0.01801063618207390500, 0.01879370732042494300, 0.01957677845877598200, 0.02035984959712702100, 0.02114292073547805900, 0.02192599187382909800, 0.02270906301218014000, 0.02349213415053117900, 0.02427520528888221800, 0.02505827642723325700 ),
 .UNSPECIFIED. ) ;
#2786 = CIRCLE ( 'NONE', #1817, 36.37817459305205100 ) ;
#2787 = ADVANCED_FACE ( 'E1389', ( #2127, #2070 ), #2058, .F. ) ;
#2788 = ORIENTED_EDGE ( 'NONE', *, *, #2415, .F. ) ;
#2789 = DIRECTION ( 'NONE',  ( 0.0000000000000000000, 0.0000000000000000000, -1.000000000000000000 ) ) ;
#2790 = CARTESIAN_POINT ( 'NONE',  ( -7.599999999999999600, -50.15974481593780600, 20.00000000000000000 ) ) ;
#2791 = FACE_OUTER_BOUND ( 'NONE', #1294, .T. ) ;
#2792 = EDGE_LOOP ( 'NONE', ( #1521, #1516 ) ) ;
#2793 = DIRECTION ( 'NONE',  ( 0.0000000000000000000, -1.000000000000000000, 0.0000000000000000000 ) ) ;
#2794 = ADVANCED_FACE ( 'E1399', ( #2172 ), #2030, .F. ) ;
#2795 = EDGE_CURVE ( 'E1173', #2360, #129, #2073, .T. ) ;
#2796 = EDGE_CURVE ( 'E1186', #1172, #2566, #2079, .T. ) ;
#2797 = DIRECTION ( 'NONE',  ( 1.000000000000000000, 0.0000000000000000000, 0.0000000000000000000 ) ) ;
#2798 = VECTOR ( 'NONE', #9, 1000.000000000000100 ) ;
#2799 = DIRECTION ( 'NONE',  ( -1.000000000000000000, 0.0000000000000000000, 0.0000000000000000000 ) ) ;
#2800 = CIRCLE ( 'NONE', #1494, 4.000000000000000000 ) ;
#2801 = EDGE_LOOP ( 'NONE', ( #627 ) ) ;
#2802 = CARTESIAN_POINT ( 'NONE',  ( -14.00000000000000000, 0.0000000000000000000, 0.0000000000000000000 ) ) ;
#2803 = CIRCLE ( 'NONE', #1694, 28.60000000000000100 ) ;
#2804 = ADVANCED_FACE ( 'E1422', ( #2034, #2053 ), #1992, .T. ) ;
#2805 = CARTESIAN_POINT ( 'NONE',  ( -7.599999999999996100, -49.97119179376898000, 19.99999999999999600 ) ) ;
#2806 = EDGE_LOOP ( 'NONE', ( #1526 ) ) ;
#2807 = VECTOR ( 'NONE', #731, 1000.000000000000000 ) ;
#2808 = ORIENTED_EDGE ( 'NONE', *, *, #2361, .T. ) ;
#2809 = EDGE_LOOP ( 'NONE', ( #998 ) ) ;
#2810 = DIRECTION ( 'NONE',  ( -0.06162841671621905500, -0.7044160264027592400, 0.7071067811865470200 ) ) ;
#2811 = CONICAL_SURFACE ( 'NONE', #1791, 51.32120293896680600, 0.05938038592043726200 ) ;
#2812 = ADVANCED_FACE ( 'E1033', ( #2015 ), #751, .T. ) ;
#2813 = LINE ( 'NONE', #2083, #2798 ) ;
#2814 = CARTESIAN_POINT ( 'NONE',  ( -22.00000000000000000, 74.00000000000000000, -4.531043509142799800E-015 ) ) ;
#2815 = VECTOR ( 'NONE', #653, 1000.000000000000000 ) ;
#2816 = ADVANCED_FACE ( 'E833', ( #2063, #2025 ), #1969, .F. ) ;
#2817 = DIRECTION ( 'NONE',  ( 0.06162841671621927000, 0.7044160264027586900, 0.7071067811865476800 ) ) ;
#2818 = EDGE_LOOP ( 'NONE', ( #1547, #1536 ) ) ;
#2819 = FACE_OUTER_BOUND ( 'NONE', #477, .T. ) ;
#2820 = VECTOR ( 'NONE', #464, 1000.000000000000000 ) ;
#2821 = CARTESIAN_POINT ( 'NONE',  ( 8.146669922009270000, 35.96660178809185700, 36.10398836390864800 ) ) ;
#2822 = VECTOR ( 'NONE', #446, 1000.000000000000000 ) ;
#2823 = DIRECTION ( 'NONE',  ( 1.000000000000000000, 0.0000000000000000000, 6.123031769111888800E-017 ) ) ;
#2824 = ORIENTED_EDGE ( 'NONE', *, *, #2400, .F. ) ;
#2825 = EDGE_CURVE ( 'E1196', #735, #406, #1981, .T. ) ;
#2826 = VECTOR ( 'NONE', #342, 1000.000000000000000 ) ;
#2827 = LINE ( 'NONE', #308, #2529 ) ;
#2828 = ADVANCED_FACE ( 'E1428', ( #1982, #1997 ), #1986, .T. ) ;
#2829 = ORIENTED_EDGE ( 'NONE', *, *, #2392, .F. ) ;
#2830 = DIRECTION ( 'NONE',  ( 0.0000000000000000000, 1.000000000000000000, 0.0000000000000000000 ) ) ;
#2831 = LINE ( 'NONE', #2311, #2757 ) ;
#2832 = LINE ( 'NONE', #1805, #2914 ) ;
#2833 = ORIENTED_EDGE ( 'NONE', *, *, #2309, .T. ) ;
#2834 = DIRECTION ( 'NONE',  ( 0.0000000000000000000, 0.0000000000000000000, -1.000000000000000000 ) ) ;
#2835 = FACE_BOUND ( 'NONE', #1652, .T. ) ;
#2836 = CIRCLE ( 'NONE', #1589, 9.500000000000000000 ) ;
#2837 = ORIENTED_EDGE ( 'NONE', *, *, #2390, .F. ) ;
#2838 = CARTESIAN_POINT ( 'NONE',  ( -14.00000000000000000, 0.0000000000000000000, 0.0000000000000000000 ) ) ;
#2839 = CONICAL_SURFACE ( 'NONE', #1775, 3.958749999999999800, 0.7853981633974497200 ) ;
#2840 = EDGE_LOOP ( 'NONE', ( #1532, #787 ) ) ;
#2841 = EDGE_CURVE ( 'E1210', #735, #2566, #953, .T. ) ;
#2842 = ORIENTED_EDGE ( 'NONE', *, *, #2385, .F. ) ;
#2843 = ADVANCED_FACE ( 'E182', ( #1966 ), #694, .F. ) ;
#2844 = CARTESIAN_POINT ( 'NONE',  ( 7.710081628160620100, 31.18538990875610000, 27.82581710437184700 ) ) ;
#2845 = ORIENTED_EDGE ( 'NONE', *, *, #2373, .F. ) ;
#2846 = FACE_OUTER_BOUND ( 'NONE', #677, .T. ) ;
#2847 = ORIENTED_EDGE ( 'NONE', *, *, #2362, .F. ) ;
#2848 = ORIENTED_EDGE ( 'NONE', *, *, #1560, .F. ) ;
#2849 = CIRCLE ( 'NONE', #1771, 49.88317640892020000 ) ;
#2850 = EDGE_CURVE ( 'E1214', #1033, #2048, #2007, .T. ) ;
#2851 = B_SPLINE_CURVE_WITH_KNOTS ( 'NONE', 3,
 ( #2274, #2255, #2218, #2199, #2194, #2193, #2188, #2185, #2180, #2175, #2173, #2154, #2147, #2135, #2134, #2129, #2126, #2117, #2116, #2114, #2112, #2107, #2105, #2099, #2094, #2087, #2081, #2075 ),
 .UNSPECIFIED., .F., .F.,
 ( 4, 2, 2, 2, 2, 2, 2, 2, 2, 2, 2, 2, 2, 4 ),
 ( 0.007831313843589178900, 0.008417787053965059300, 0.009004260264340938100, 0.009590733474716818500, 0.01017720668509269900, 0.01135015310584445300, 0.01193662631622033000, 0.01252309952659620700, 0.01310957273697208600, 0.01369604594734796300, 0.01428251915772384100, 0.01486899236809971800, 0.01604193878885145500, 0.01721488520960319500 ),
 .UNSPECIFIED. ) ;
#2852 = ADVANCED_FACE ( 'E1118', ( #1939 ), #587, .T. ) ;
#2853 = CARTESIAN_POINT ( 'NONE',  ( 8.030347215566729700, 31.13188721794061600, 27.79703909780548400 ) ) ;
#2854 = FACE_BOUND ( 'NONE', #2569, .T. ) ;
#2855 = CARTESIAN_POINT ( 'NONE',  ( 8.345141166084063800, 31.03328747109785000, 27.81451094236165700 ) ) ;
#2856 = VERTEX_POINT ( 'NONE', #583 ) ;
#2857 = FACE_OUTER_BOUND ( 'NONE', #1634, .T. ) ;
#2858 = B_SPLINE_CURVE_WITH_KNOTS ( 'NONE', 3,
 ( #188, #358, #106, #213 ),
 .UNSPECIFIED., .F., .F.,
 ( 4, 4 ),
 ( 0.09964519103563478100, 0.09988104062664138200 ),
 .UNSPECIFIED. ) ;
#2859 = EDGE_LOOP ( 'NONE', ( #1478 ) ) ;
#2860 = LINE ( 'NONE', #404, #2820 ) ;
#2861 = ADVANCED_FACE ( 'E1593', ( #1905 ), #1953, .F. ) ;
#2862 = CARTESIAN_POINT ( 'NONE',  ( 8.773484457229827200, 30.83148524589003300, 27.90557866875939300 ) ) ;
#2863 = LINE ( 'NONE', #463, #2906 ) ;
#2864 = CARTESIAN_POINT ( 'NONE',  ( 8.911118228914158800, 30.75424576606273800, 27.94717496382341400 ) ) ;
#2865 = EDGE_LOOP ( 'NONE', ( #1593, #1588, #1585, #1577, #1574, #1569 ) ) ;
#2866 = ADVANCED_FACE ( 'E1591', ( #1904 ), #1910, .F. ) ;
#2867 = CIRCLE ( 'NONE', #1811, 41.09302350087195100 ) ;
#2868 = EDGE_LOOP ( 'NONE', ( #1554 ) ) ;
#2869 = CARTESIAN_POINT ( 'NONE',  ( 9.166831351395915200, 30.58431278047859100, 28.05076226965234200 ) ) ;
#2870 = CARTESIAN_POINT ( 'NONE',  ( 9.283848425282981200, 30.49262588174793700, 28.11202378057990400 ) ) ;
#2871 = ADVANCED_FACE ( 'E1588', ( #1894, #1940 ), #1869, .F. ) ;
#2872 = ADVANCED_FACE ( 'E1580', ( #1957, #1866 ), #1858, .F. ) ;
#2873 = FACE_OUTER_BOUND ( 'NONE', #2959, .T. ) ;
#2874 = EDGE_CURVE ( 'E1219', #609, #1033, #1899, .T. ) ;
#2875 = EDGE_LOOP ( 'NONE', ( #1557 ) ) ;
#2876 = CARTESIAN_POINT ( 'NONE',  ( 9.496480256596655100, 30.29598716231850700, 28.25324725380194800 ) ) ;
#2877 = VECTOR ( 'NONE', #224, 1000.000000000000000 ) ;
#2878 = ADVANCED_FACE ( 'E1577', ( #1852, #1875 ), #530, .T. ) ;
#2879 = ORIENTED_EDGE ( 'NONE', *, *, #2361, .F. ) ;
#2880 = LINE ( 'NONE', #173, #2877 ) ;
#2881 = EDGE_CURVE ( 'E1229', #2918, #2048, #1838, .T. ) ;
#2882 = EDGE_LOOP ( 'NONE', ( #1952, #1948 ) ) ;
#2883 = CARTESIAN_POINT ( 'NONE',  ( 9.592598701740909600, 30.19001603922018300, 28.33409493296085200 ) ) ;
#2884 = DIRECTION ( 'NONE',  ( 1.000000000000000000, -0.0000000000000000000, -0.0000000000000000000 ) ) ;
#2885 = DIRECTION ( 'NONE',  ( 0.0000000000000000000, 0.0000000000000000000, 1.000000000000000000 ) ) ;
#2886 = CARTESIAN_POINT ( 'NONE',  ( 9.754961267758716300, 29.97308402196563300, 28.50843592426227600 ) ) ;
#2887 = LINE ( 'NONE', #324, #2822 ) ;
#2888 = CARTESIAN_POINT ( 'NONE',  ( 9.822326235334264400, 29.86135367236018800, 28.60240766431682900 ) ) ;
#2889 = ADVANCED_FACE ( 'E1409', ( #1824 ), #1808, .F. ) ;
#2890 = CARTESIAN_POINT ( 'NONE',  ( -6.078454585109404300, -48.59815344825963700, 20.00000000000000000 ) ) ;
#2891 = EDGE_LOOP ( 'NONE', ( #1511 ) ) ;
#2892 = ORIENTED_EDGE ( 'NONE', *, *, #2358, .F. ) ;
#2893 = PLANE ( 'NONE',  #1850 ) ;
#2894 = LINE ( 'NONE', #680, #2815 ) ;
#2895 = ORIENTED_EDGE ( 'NONE', *, *, #2464, .F. ) ;
#2896 = FACE_BOUND ( 'NONE', #113, .T. ) ;
#2897 = CARTESIAN_POINT ( 'NONE',  ( -6.156909177441590900, -48.60319708498406000, 20.00000000000000000 ) ) ;
#2898 = ADVANCED_FACE ( 'E1564', ( #1816, #1653 ), #1804, .F. ) ;
#2899 = EDGE_CURVE ( 'E1235', #2048, #880, #1813, .T. ) ;
#2900 = CARTESIAN_POINT ( 'NONE',  ( -22.00000000000000000, 74.00000000000000000, 0.0000000000000000000 ) ) ;
#2901 = CARTESIAN_POINT ( 'NONE',  ( 9.928844506059425300, 29.63123136515559600, 28.80424334319506800 ) ) ;
#2902 = ORIENTED_EDGE ( 'NONE', *, *, #2251, .F. ) ;
#2903 = CIRCLE ( 'NONE', #1795, 54.00000000000000000 ) ;
#2904 = CARTESIAN_POINT ( 'NONE',  ( 9.967110387404323600, 29.51403049355131700, 28.91114911535429100 ) ) ;
#2905 = CARTESIAN_POINT ( 'NONE',  ( 10.01191247167177200, 29.28284675676602700, 29.12992143996570600 ) ) ;
#2906 = VECTOR ( 'NONE', #442, 1000.000000000000000 ) ;
#2907 = B_SPLINE_CURVE_WITH_KNOTS ( 'NONE', 3,
 ( #1389, #793, #1313, #1531, #1595, #1632, #1623, #1761, #1661, #1586, #1677, #1683, #1690, #1764, #2281, #1785, #1924, #1662 ),
 .UNSPECIFIED., .T., .F.,
 ( 4, 2, 2, 2, 2, 2, 2, 2, 4 ),
 ( 0.0000000000000000000, 0.0004298454391081408400, 0.0008596908782162816800, 0.001289536317324422400, 0.001719381756432563400, 0.002149227195540703500, 0.002579072634648844300, 0.003008918073756984200, 0.003438763512865125000 ),
 .UNSPECIFIED. ) ;
#2908 = CARTESIAN_POINT ( 'NONE',  ( 10.01893787580045900, 29.16711522156973400, 29.24340410682376400 ) ) ;
#2909 = ADVANCED_FACE ( 'E1556', ( #1821, #1826 ), #1783, .F. ) ;
#2910 = ADVANCED_FACE ( 'E1553', ( #1796, #1779 ), #484, .T. ) ;
#2911 = CARTESIAN_POINT ( 'NONE',  ( 10.00093474648191000, 28.93953263385914100, 29.47475471302323400 ) ) ;
#2912 = ORIENTED_EDGE ( 'NONE', *, *, #2280, .F. ) ;
#2913 = VECTOR ( 'NONE', #2143, 1000.000000000000000 ) ;
#2914 = VECTOR ( 'NONE', #2372, 1000.000000000000000 ) ;
#2915 = ADVANCED_FACE ( 'E1550', ( #1799, #1784 ), #1774, .T. ) ;
#2916 = CARTESIAN_POINT ( 'NONE',  ( -6.000000000000000000, 0.0000000000000000000, -20.00000000000000000 ) ) ;
#2917 = CARTESIAN_POINT ( 'NONE',  ( -6.944616228761661100, -48.85368813237803900, 20.00000000000000000 ) ) ;
#2918 = VERTEX_POINT ( 'NONE', #474 ) ;
#2919 = CARTESIAN_POINT ( 'NONE',  ( 18.24125000000000100, -14.30000000000000100, -24.76832654823494900 ) ) ;
#2920 = DIRECTION ( 'NONE',  ( 0.0000000000000000000, 0.4999999999999998900, 0.8660254037844387100 ) ) ;
#2921 = DIRECTION ( 'NONE',  ( 1.000000000000000000, 0.0000000000000000000, 6.123031769111888800E-017 ) ) ;
#2922 = EDGE_LOOP ( 'NONE', ( #1892, #1888, #1871, #1848 ) ) ;
#2923 = DIRECTION ( 'NONE',  ( 0.0000000000000000000, 0.0000000000000000000, -1.000000000000000000 ) ) ;
#2924 = ORIENTED_EDGE ( 'NONE', *, *, #2357, .T. ) ;
#2925 = ADVANCED_FACE ( 'E1547', ( #1787, #1770 ), #1740, .T. ) ;
#2926 = CARTESIAN_POINT ( 'NONE',  ( 9.976286967876614400, 28.83011549113047800, 29.59009998587460200 ) ) ;
#2927 = ORIENTED_EDGE ( 'NONE', *, *, #2340, .F. ) ;
#2928 = LINE ( 'NONE', #570, #2970 ) ;
#2929 = EDGE_LOOP ( 'NONE', ( #809, #1565 ) ) ;
#2930 = DIRECTION ( 'NONE',  ( 1.000000000000000000, 0.0000000000000000000, 0.0000000000000000000 ) ) ;
#2931 = CARTESIAN_POINT ( 'NONE',  ( 9.896678325025339600, 28.61975399288340000, 29.82014952325376100 ) ) ;
#2932 = EDGE_LOOP ( 'NONE', ( #1749, #1736, #1727, #1698 ) ) ;
#2933 = DIRECTION ( 'NONE',  ( 0.0000000000000000000, 0.0000000000000000000, -1.000000000000000000 ) ) ;
#2934 = LINE ( 'NONE', #1672, #2976 ) ;
#2935 = CARTESIAN_POINT ( 'NONE',  ( 9.840793261083455000, 28.51780574966004200, 29.93609164715317300 ) ) ;
#2936 = EDGE_CURVE ( 'E1250', #2360, #880, #1743, .T. ) ;
#2937 = ADVANCED_FACE ( 'E1545', ( #1731 ), #1766, .T. ) ;
#2938 = CARTESIAN_POINT ( 'NONE',  ( 19.89059892324149800, 27.07499999999999900, -5.551115123125779700E-016 ) ) ;
#2939 = ADVANCED_FACE ( 'E1542', ( #1713, #1737 ), #1693, .T. ) ;
#2940 = ORIENTED_EDGE ( 'NONE', *, *, #2345, .T. ) ;
#2941 = FACE_BOUND ( 'NONE', #618, .T. ) ;
#2942 = CARTESIAN_POINT ( 'NONE',  ( 9.701932769887326600, 28.33005053375320900, 30.15885901643262200 ) ) ;
#2943 = CIRCLE ( 'NONE', #1723, 40.28179655021205000 ) ;
#2944 = CARTESIAN_POINT ( 'NONE',  ( 9.619175770596635600, 28.24371676622773800, 30.26615289959329800 ) ) ;
#2945 = TOROIDAL_SURFACE ( 'NONE', #1810, 49.88317640892020000, 1.440000000000000200 ) ;
#2946 = ADVANCED_FACE ( 'E1448', ( #1750, #1703 ), #421, .T. ) ;
#2947 = CARTESIAN_POINT ( 'NONE',  ( 9.427027477329968300, 28.08612063222938100, 30.47256259968319400 ) ) ;
#2948 = CARTESIAN_POINT ( 'NONE',  ( -6.235363776989840000, 48.60824060852320400, -20.00000000000000000 ) ) ;
#2949 = LINE ( 'NONE', #282, #2826 ) ;
#2950 = EDGE_LOOP ( 'NONE', ( #1613, #1608, #1601, #1596 ) ) ;
#2951 = CARTESIAN_POINT ( 'NONE',  ( 9.317248266279076300, 28.01509383777947800, 30.57154320633239000 ) ) ;
#2952 = VECTOR ( 'NONE', #2166, 1000.000000000000000 ) ;
#2953 = DIRECTION ( 'NONE',  ( -1.000000000000000000, 0.0000000000000000000, 0.0000000000000000000 ) ) ;
#2954 = ORIENTED_EDGE ( 'NONE', *, *, #2350, .T. ) ;
#2955 = FACE_OUTER_BOUND ( 'NONE', #635, .T. ) ;
#2956 = FACE_OUTER_BOUND ( 'NONE', #110, .T. ) ;
#2957 = FACE_OUTER_BOUND ( 'NONE', #2891, .T. ) ;
#2958 = CARTESIAN_POINT ( 'NONE',  ( 8.961925964743308300, 27.83423756116485500, 30.84303017600531800 ) ) ;
#2959 = EDGE_LOOP ( 'NONE', ( #1789, #1778, #1772, #1752 ) ) ;
#2960 = CARTESIAN_POINT ( 'NONE',  ( -6.000000000000000000, -74.00000000000000000, -20.00000000000000000 ) ) ;
#2961 = CIRCLE ( 'NONE', #1605, 9.500000000000000000 ) ;
#2962 = EDGE_CURVE ( 'E1256', #880, #698, #1691, .T. ) ;
#2963 = CARTESIAN_POINT ( 'NONE',  ( 8.680589798887670100, 27.75203390855944400, 30.99718129102731700 ) ) ;
#2964 = CARTESIAN_POINT ( 'NONE',  ( 8.232570667785443800, 27.69747589941675200, 31.16649526860450000 ) ) ;
#2965 = ADVANCED_FACE ( 'E1442', ( #1671, #1696 ), #1686, .T. ) ;
#2966 = ADVANCED_FACE ( 'E854', ( #1649 ), #412, .T. ) ;
#2967 = ORIENTED_EDGE ( 'NONE', *, *, #2331, .F. ) ;
#2968 = CARTESIAN_POINT ( 'NONE',  ( -7.350050761878701000, -9.276872181213009900, -35.17572802828309600 ) ) ;
#2969 = ORIENTED_EDGE ( 'NONE', *, *, #2340, .T. ) ;
#2970 = VECTOR ( 'NONE', #513, 1000.000000000000100 ) ;
#2971 = ADVANCED_FACE ( 'E575', ( #1658 ), #386, .T. ) ;
#2972 = DIRECTION ( 'NONE',  ( 0.0000000000000000000, 0.0000000000000000000, 1.000000000000000000 ) ) ;
#2973 = ORIENTED_EDGE ( 'NONE', *, *, #2296, .F. ) ;
#2974 = CIRCLE ( 'NONE', #1763, 20.00000000000000000 ) ;
#2975 = EDGE_LOOP ( 'NONE', ( #1650, #1644, #1638, #1622 ) ) ;
#2976 = VECTOR ( 'NONE', #826, 1000.000000000000000 ) ;
#2977 = ADVANCED_FACE ( 'E1434', ( #1641, #1664, #1636, #1687 ), #1609, .F. ) ;
#2978 = ADVANCED_FACE ( 'E1425', ( #1629, #1607 ), #377, .T. ) ;
#2979 = ORIENTED_EDGE ( 'NONE', *, *, #2334, .F. ) ;
#2980 = CIRCLE ( 'NONE', #1704, 36.37817459305205100 ) ;
#2981 = ADVANCED_FACE ( 'E1431', ( #1631, #1614 ), #1603, .T. ) ;
#2982 = CARTESIAN_POINT ( 'NONE',  ( 30.20000000000000300, 0.0000000000000000000, 0.0000000000000000000 ) ) ;
#2983 = DIRECTION ( 'NONE',  ( 1.000000000000000000, 0.0000000000000000000, 0.0000000000000000000 ) ) ;
#2984 = CARTESIAN_POINT ( 'NONE',  ( -6.000000000000000000, -48.59310969824430500, 20.00000000000000000 ) ) ;
#2985 = CARTESIAN_POINT ( 'NONE',  ( -7.085985225510099500, -9.889513593399808400, -35.00827958601218600 ) ) ;
#2986 = ADVANCED_FACE ( 'E1206', ( #1594 ), #1575, .T. ) ;
#2987 = ADVANCED_FACE ( 'E1559', ( #1597, #1570, #1600, #1618 ), #1542, .F. ) ;
#2988 = FACE_OUTER_BOUND ( 'NONE', #2156, .T. ) ;
#2989 = CARTESIAN_POINT ( 'NONE',  ( -7.349949169274415400, -9.554232561593691400, -35.10140794819045600 ) ) ;
#2990 = CIRCLE ( 'NONE', #1827, 51.32120293896680600 ) ;
#2991 = DIRECTION ( 'NONE',  ( -1.000000000000000000, 0.0000000000000000000, 0.0000000000000000000 ) ) ;
#2992 = ADVANCED_FACE ( 'E1382', ( #1559 ), #1505, .F. ) ;
#2993 = CIRCLE ( 'NONE', #1639, 41.05179655021205300 ) ;
#2994 = VECTOR ( 'NONE', #2341, 1000.000000000000100 ) ;
#2995 = CARTESIAN_POINT ( 'NONE',  ( -6.943184494263905800, -9.945620722050851000, -34.99223078315388600 ) ) ;
#2996 = EDGE_LOOP ( 'NONE', ( #1837, #1835 ) ) ;
#2997 = FACE_OUTER_BOUND ( 'NONE', #569, .T. ) ;
#2998 = CARTESIAN_POINT ( 'NONE',  ( 8.076610923031578800, 27.69028004947626800, 31.21366704692636400 ) ) ;
#2999 = CIRCLE ( 'NONE', #1584, 3.000000000000000000 ) ;
#3000 = CARTESIAN_POINT ( 'NONE',  ( 7.760804113709409300, 27.69883737397118000, 31.28610860071544400 ) ) ;
#3001 = DIRECTION ( 'NONE',  ( 0.0000000000000000000, 0.0000000000000000000, 1.000000000000000000 ) ) ;
#3002 = CIRCLE ( 'NONE', #1729, 20.00000000000000000 ) ;
#3003 = CARTESIAN_POINT ( 'NONE',  ( 16.00000000000000000, 0.0000000000000000000, 2.326752072262514800E-015 ) ) ;
#3004 = EDGE_CURVE ( 'E1271', #129, #698, #1551, .T. ) ;
#3005 = CARTESIAN_POINT ( 'NONE',  ( 7.602755792963928400, 27.71431141256657700, 31.31119563220632800 ) ) ;
#3006 = EDGE_LOOP ( 'NONE', ( #1902 ) ) ;
#3007 = CARTESIAN_POINT ( 'NONE',  ( -7.291434269326932100, -9.691836180831810300, -35.06351993354854800 ) ) ;
ENDSEC;
END-ISO-10303-21;
