ISO-10303-21;
HEADER;
FILE_DESCRIPTION (( 'STEP AP203' ),
    '1' );
FILE_NAME ('UCFL-211.STEP',
    '2019-03-08T12:12:17',
    ( '' ),
    ( '' ),
    'SwSTEP 2.0',
    'SolidWorks 2017',
    '' );
FILE_SCHEMA (( 'CONFIG_CONTROL_DESIGN' ));
ENDSEC;

DATA;
#1 = ORIENTED_EDGE ( 'NONE', *, *, #1433, .T. ) ;
#2 = VERTEX_POINT ( 'NONE', #824 ) ;
#3 = ORIENTED_EDGE ( 'NONE', *, *, #555, .F. ) ;
#4 = CARTESIAN_POINT ( 'NONE',  ( 21.51324865405190000, 34.50000000000000000, -1.110223024625155900E-015 ) ) ;
#5 = CIRCLE ( 'NONE', #2108, 43.33883476483185100 ) ;
#6 = EDGE_LOOP ( 'NONE', ( #2311 ) ) ;
#7 = CIRCLE ( 'NONE', #2081, 34.50000000000000000 ) ;
#8 = DIRECTION ( 'NONE',  ( -1.000000000000000000, 0.0000000000000000000, -6.123031769111888800E-017 ) ) ;
#9 = ORIENTED_EDGE ( 'NONE', *, *, #2459, .T. ) ;
#10 = EDGE_LOOP ( 'NONE', ( #984 ) ) ;
#11 = FACE_OUTER_BOUND ( 'NONE', #1151, .T. ) ;
#12 = CARTESIAN_POINT ( 'NONE',  ( 27.20431816708298100, 34.19319365729374700, 4.593208811802864700 ) ) ;
#13 = DIRECTION ( 'NONE',  ( 5.337610695313252700E-017, 0.0000000000000000000, -1.000000000000000000 ) ) ;
#14 = VERTEX_POINT ( 'NONE', #399 ) ;
#15 = ORIENTED_EDGE ( 'NONE', *, *, #442, .T. ) ;
#16 = CONICAL_SURFACE ( 'NONE', #1269, 4.323399999999999500, 0.7853981633974476100 ) ;
#17 = CARTESIAN_POINT ( 'NONE',  ( -7.965113890786369700, -60.35155540892304800, -19.99999999999999600 ) ) ;
#18 = CARTESIAN_POINT ( 'NONE',  ( -8.055774011127740100, -60.40848830950404400, -19.99999999999999600 ) ) ;
#19 = FACE_OUTER_BOUND ( 'NONE', #500, .T. ) ;
#20 = ORIENTED_EDGE ( 'NONE', *, *, #733, .F. ) ;
#21 = VERTEX_POINT ( 'NONE', #400 ) ;
#22 = CARTESIAN_POINT ( 'NONE',  ( -7.474235402531578000, -60.15561023035422000, -20.00000000000000400 ) ) ;
#23 = ORIENTED_EDGE ( 'NONE', *, *, #2411, .F. ) ;
#24 = CARTESIAN_POINT ( 'NONE',  ( -7.683404876647518500, -60.21153459676948900, -20.00000000000000000 ) ) ;
#25 = FACE_OUTER_BOUND ( 'NONE', #1852, .T. ) ;
#26 = CARTESIAN_POINT ( 'NONE',  ( 26.55360501202759600, 34.15237877243209400, 4.887441442958135000 ) ) ;
#27 = CARTESIAN_POINT ( 'NONE',  ( 21.51324865405190000, -16.37500000000000000, -28.36233197394035000 ) ) ;
#28 = ORIENTED_EDGE ( 'NONE', *, *, #2432, .T. ) ;
#29 = VECTOR ( 'NONE', #942, 1000.000000000000000 ) ;
#30 = EDGE_LOOP ( 'NONE', ( #1154, #143, #641, #725 ) ) ;
#31 = CARTESIAN_POINT ( 'NONE',  ( -7.264784249113579200, -60.14404236174839700, -20.00000000000000000 ) ) ;
#32 = CYLINDRICAL_SURFACE ( 'NONE', #1079, 34.50000000000000000 ) ;
#33 = CARTESIAN_POINT ( 'NONE',  ( 25.84337567297404800, 32.75000000000000000, 2.500000000000000000 ) ) ;
#34 = FACE_OUTER_BOUND ( 'NONE', #295, .T. ) ;
#35 = CARTESIAN_POINT ( 'NONE',  ( 26.21031609986065200, 34.13493580810071400, 5.006377433870612800 ) ) ;
#36 = ADVANCED_FACE ( 'E824', ( #25, #1798 ), #697, .F. ) ;
#37 = EDGE_LOOP ( 'NONE', ( #1136 ) ) ;
#38 = FACE_OUTER_BOUND ( 'NONE', #84, .T. ) ;
#39 = DIRECTION ( 'NONE',  ( -2.994961191413425000E-017, 0.8722106498830291000, 0.4891304347826090400 ) ) ;
#40 = EDGE_LOOP ( 'NONE', ( #428, #2469, #1278, #1750 ) ) ;
#41 = EDGE_LOOP ( 'NONE', ( #127, #2637, #1121, #2901, #721, #1726 ) ) ;
#42 = CARTESIAN_POINT ( 'NONE',  ( -7.000000000000000000, 0.0000000000000000000, 20.00000000000000000 ) ) ;
#43 = ORIENTED_EDGE ( 'NONE', *, *, #1210, .F. ) ;
#44 = FACE_OUTER_BOUND ( 'NONE', #2076, .T. ) ;
#45 = CARTESIAN_POINT ( 'NONE',  ( 25.16089713422053400, 34.10062087848290700, 5.234332166601350700 ) ) ;
#46 = VERTEX_POINT ( 'NONE', #375 ) ;
#47 = VECTOR ( 'NONE', #1617, 1000.000000000000000 ) ;
#48 = ADVANCED_FACE ( 'E454', ( #73, #393, #979, #2500 ), #850, .F. ) ;
#49 = DIRECTION ( 'NONE',  ( 0.0000000000000000000, -1.000000000000000000, 0.0000000000000000000 ) ) ;
#50 = LINE ( 'NONE', #1099, #2790 ) ;
#51 = VECTOR ( 'NONE', #39, 1000.000000000000100 ) ;
#52 = EDGE_LOOP ( 'NONE', ( #800, #1848, #2662, #2490, #1921 ) ) ;
#53 = CARTESIAN_POINT ( 'NONE',  ( -7.000000000000000000, 0.0000000000000000000, -20.00000000000000000 ) ) ;
#54 = VECTOR ( 'NONE', #939, 1000.000000000000000 ) ;
#55 = FACE_OUTER_BOUND ( 'NONE', #2110, .T. ) ;
#56 = DIRECTION ( 'NONE',  ( 0.0000000000000000000, 1.000000000000000000, 0.0000000000000000000 ) ) ;
#57 = ORIENTED_EDGE ( 'NONE', *, *, #450, .F. ) ;
#58 = CARTESIAN_POINT ( 'NONE',  ( -25.00000000000000000, 101.7826086956522000, 17.44421299766055000 ) ) ;
#59 = DIRECTION ( 'NONE',  ( -1.000000000000000000, 0.0000000000000000000, 0.0000000000000000000 ) ) ;
#60 = CARTESIAN_POINT ( 'NONE',  ( 6.875016816888035900, -22.15161298454900100, -37.25015759640351800 ) ) ;
#61 = CARTESIAN_POINT ( 'NONE',  ( 25.51368745422638500, 34.10909978840074100, 5.179475770620597600 ) ) ;
#62 = ORIENTED_EDGE ( 'NONE', *, *, #1208, .T. ) ;
#63 = ORIENTED_EDGE ( 'NONE', *, *, #186, .T. ) ;
#64 = CARTESIAN_POINT ( 'NONE',  ( -7.000000000000000000, 92.00000000000000000, 0.0000000000000000000 ) ) ;
#65 = ORIENTED_EDGE ( 'NONE', *, *, #733, .T. ) ;
#66 = DIRECTION ( 'NONE',  ( 0.0000000000000000000, -1.000000000000000000, 0.0000000000000000000 ) ) ;
#67 = ORIENTED_EDGE ( 'NONE', *, *, #685, .T. ) ;
#68 = CIRCLE ( 'NONE', #2111, 34.50000000000000000 ) ;
#69 = CLOSED_SHELL ( 'NONE', ( #2718, #1133, #1877, #2816, #2809, #2859, #2802, #2797 ) ) ;
#70 = CARTESIAN_POINT ( 'NONE',  ( 24.44651129868254800, 34.09329558534776100, 5.281834308121499800 ) ) ;
#71 = VERTEX_POINT ( 'NONE', #430 ) ;
#72 = CARTESIAN_POINT ( 'NONE',  ( 21.99614216470722300, 34.16688032071415600, 4.785489564630616100 ) ) ;
#73 = FACE_BOUND ( 'NONE', #665, .T. ) ;
#74 = CARTESIAN_POINT ( 'NONE',  ( 18.00000000000000000, 101.7826086956522000, -17.44421299766060000 ) ) ;
#75 = ORIENTED_EDGE ( 'NONE', *, *, #2727, .T. ) ;
#76 = ORIENTED_EDGE ( 'NONE', *, *, #1503, .T. ) ;
#77 = EDGE_CURVE ( 'E1129', #2063, #2747, #1219, .T. ) ;
#78 = DIRECTION ( 'NONE',  ( -1.000000000000000000, 0.0000000000000000000, -6.123031769111888800E-017 ) ) ;
#79 = ORIENTED_EDGE ( 'NONE', *, *, #2459, .F. ) ;
#80 = ORIENTED_EDGE ( 'NONE', *, *, #1857, .F. ) ;
#81 = CARTESIAN_POINT ( 'NONE',  ( -25.00000000000000000, 0.0000000000000000000, 0.0000000000000000000 ) ) ;
#82 = FACE_OUTER_BOUND ( 'NONE', #951, .T. ) ;
#83 = CARTESIAN_POINT ( 'NONE',  ( 23.37062467437532800, 34.10673701301141100, 5.194429634865066700 ) ) ;
#84 = EDGE_LOOP ( 'NONE', ( #1486 ) ) ;
#85 = CARTESIAN_POINT ( 'NONE',  ( -16.00000000000000000, 0.0000000000000000000, 0.0000000000000000000 ) ) ;
#86 = EDGE_LOOP ( 'NONE', ( #1224 ) ) ;
#87 = CARTESIAN_POINT ( 'NONE',  ( -8.800000000000000700, 101.7826086956522000, -17.44421299766060000 ) ) ;
#88 = ORIENTED_EDGE ( 'NONE', *, *, #834, .F. ) ;
#89 = FACE_OUTER_BOUND ( 'NONE', #2074, .T. ) ;
#90 = FACE_OUTER_BOUND ( 'NONE', #2265, .T. ) ;
#91 = CARTESIAN_POINT ( 'NONE',  ( 19.75926487386098500, 34.36588219845319300, 3.050987193404487700 ) ) ;
#92 = FACE_OUTER_BOUND ( 'NONE', #1788, .T. ) ;
#93 = VERTEX_POINT ( 'NONE', #345 ) ;
#94 = CARTESIAN_POINT ( 'NONE',  ( -8.800000000000000700, 61.84658438426490100, -20.00000000000000000 ) ) ;
#95 = ORIENTED_EDGE ( 'NONE', *, *, #989, .T. ) ;
#96 = DIRECTION ( 'NONE',  ( -1.000000000000000000, 0.0000000000000000000, -1.224606353822375800E-016 ) ) ;
#97 = FACE_OUTER_BOUND ( 'NONE', #540, .T. ) ;
#98 = ORIENTED_EDGE ( 'NONE', *, *, #2780, .T. ) ;
#99 = DIRECTION ( 'NONE',  ( 0.0000000000000000000, -0.8722106498830291000, -0.4891304347826090400 ) ) ;
#100 = EDGE_LOOP ( 'NONE', ( #2774 ) ) ;
#101 = EDGE_CURVE ( 'E1140', #1526, #975, #2803, .T. ) ;
#102 = CARTESIAN_POINT ( 'NONE',  ( 18.00000000000000000, 31.79347826086955600, -56.69369224239689900 ) ) ;
#103 = ORIENTED_EDGE ( 'NONE', *, *, #1834, .T. ) ;
#104 = CARTESIAN_POINT ( 'NONE',  ( -12.25000000000000000, 0.0000000000000000000, -1.500142783432410000E-015 ) ) ;
#105 = LINE ( 'NONE', #615, #2635 ) ;
#106 = ORIENTED_EDGE ( 'NONE', *, *, #2097, .T. ) ;
#107 = FACE_OUTER_BOUND ( 'NONE', #1390, .T. ) ;
#108 = CARTESIAN_POINT ( 'NONE',  ( -8.800000000000000700, 0.0000000000000000000, 0.0000000000000000000 ) ) ;
#109 = FACE_BOUND ( 'NONE', #1911, .T. ) ;
#110 = EDGE_LOOP ( 'NONE', ( #1670 ) ) ;
#111 = CARTESIAN_POINT ( 'NONE',  ( 19.55221385456614100, 34.39076736164146600, 2.761182555500995200 ) ) ;
#112 = FACE_OUTER_BOUND ( 'NONE', #1538, .T. ) ;
#113 = ORIENTED_EDGE ( 'NONE', *, *, #2338, .T. ) ;
#114 = EDGE_LOOP ( 'NONE', ( #433, #335, #332, #317, #270, #244 ) ) ;
#115 = CARTESIAN_POINT ( 'NONE',  ( 18.00000000000000000, -31.79347826086955600, 56.69369224239689900 ) ) ;
#116 = CARTESIAN_POINT ( 'NONE',  ( 24.36048964334719400, 34.09329635777935900, -5.281826911467786300 ) ) ;
#117 = FACE_OUTER_BOUND ( 'NONE', #1710, .T. ) ;
#118 = CIRCLE ( 'NONE', #1960, 55.00000000000000000 ) ;
#119 = CARTESIAN_POINT ( 'NONE',  ( -8.298755463692094400, -60.60933251152609800, -19.99999999999999300 ) ) ;
#120 = DIRECTION ( 'NONE',  ( -0.4999999999999998900, 0.0000000000000000000, 0.8660254037844387100 ) ) ;
#121 = LINE ( 'NONE', #1671, #47 ) ;
#122 = CARTESIAN_POINT ( 'NONE',  ( -8.222520084282022500, -60.53751823811531100, -20.00000000000000000 ) ) ;
#123 = CARTESIAN_POINT ( 'NONE',  ( -8.437524530518608400, -60.76697306295719200, -19.99999999999999600 ) ) ;
#124 = FACE_OUTER_BOUND ( 'NONE', #603, .T. ) ;
#125 = CARTESIAN_POINT ( 'NONE',  ( 24.06893711336610800, -9.190690264067757900, -25.91874249399399900 ) ) ;
#126 = CARTESIAN_POINT ( 'NONE',  ( 24.71766223955947000, 34.09454212408977700, -5.273882669228691500 ) ) ;
#127 = ORIENTED_EDGE ( 'NONE', *, *, #2528, .T. ) ;
#128 = ADVANCED_FACE ( 'E554', ( #1240 ), #846, .T. ) ;
#129 = ORIENTED_EDGE ( 'NONE', *, *, #714, .T. ) ;
#130 = CIRCLE ( 'NONE', #1611, 47.53729182759269600 ) ;
#131 = CARTESIAN_POINT ( 'NONE',  ( -8.607777703133578500, -61.03462877753498400, -19.99999999999999600 ) ) ;
#132 = EDGE_CURVE ( 'E1145', #1048, #1526, #1533, .T. ) ;
#133 = ORIENTED_EDGE ( 'NONE', *, *, #2514, .F. ) ;
#134 = ORIENTED_EDGE ( 'NONE', *, *, #2725, .F. ) ;
#135 = DIRECTION ( 'NONE',  ( -1.000000000000000000, 0.0000000000000000000, 0.0000000000000000000 ) ) ;
#136 = LINE ( 'NONE', #773, #2888 ) ;
#137 = DIRECTION ( 'NONE',  ( -1.000000000000000000, 0.0000000000000000000, 0.0000000000000000000 ) ) ;
#138 = CARTESIAN_POINT ( 'NONE',  ( 21.36054462756234100, 34.21061481213813200, 4.462113333243321400 ) ) ;
#139 = CIRCLE ( 'NONE', #1350, 9.500000000000000000 ) ;
#140 = CARTESIAN_POINT ( 'NONE',  ( 21.05937178458380300, 34.23512598674430100, 4.272558649758522600 ) ) ;
#141 = CARTESIAN_POINT ( 'NONE',  ( 20.63375882503427100, 34.27398318900626600, 3.944138504881019800 ) ) ;
#142 = FACE_BOUND ( 'NONE', #1428, .T. ) ;
#143 = ORIENTED_EDGE ( 'NONE', *, *, #2436, .T. ) ;
#144 = DIRECTION ( 'NONE',  ( 0.0000000000000000000, -1.000000000000000000, 0.0000000000000000000 ) ) ;
#145 = ADVANCED_FACE ( 'E182', ( #2211 ), #894, .F. ) ;
#146 = DIRECTION ( 'NONE',  ( 0.0000000000000000000, 0.0000000000000000000, 1.000000000000000000 ) ) ;
#147 = ORIENTED_EDGE ( 'NONE', *, *, #815, .T. ) ;
#148 = CARTESIAN_POINT ( 'NONE',  ( 20.49564961801918300, 34.28735126463065100, 3.826590570829032900 ) ) ;
#149 = CARTESIAN_POINT ( 'NONE',  ( 20.23424330979548800, 34.31386826482908200, 3.581018967400744200 ) ) ;
#150 = CARTESIAN_POINT ( 'NONE',  ( 20.11038641427016700, 34.32706124900408900, 3.452674548837907600 ) ) ;
#151 = ADVANCED_FACE ( 'E1387', ( #365 ), #1067, .F. ) ;
#152 = EDGE_LOOP ( 'NONE', ( #147 ) ) ;
#153 = DIRECTION ( 'NONE',  ( 0.0000000000000000000, 0.0000000000000000000, 1.000000000000000000 ) ) ;
#154 = DIRECTION ( 'NONE',  ( 1.000000000000000000, 0.0000000000000000000, 1.224606353822375800E-016 ) ) ;
#155 = ORIENTED_EDGE ( 'NONE', *, *, #1608, .T. ) ;
#156 = VECTOR ( 'NONE', #1821, 1000.000000000000000 ) ;
#157 = EDGE_LOOP ( 'NONE', ( #1050, #1976, #2815, #2283, #529, #1882 ) ) ;
#158 = DIRECTION ( 'NONE',  ( -0.8660254037844387100, 0.0000000000000000000, -0.4999999999999998900 ) ) ;
#159 = LINE ( 'NONE', #1522, #683 ) ;
#160 = CARTESIAN_POINT ( 'NONE',  ( 23.02103325623229000, 34.11753528115757900, 5.123904603909296400 ) ) ;
#161 = EDGE_LOOP ( 'NONE', ( #994 ) ) ;
#162 = DIRECTION ( 'NONE',  ( 1.005636797667714300E-016, 0.0000000000000000000, -1.000000000000000000 ) ) ;
#163 = CARTESIAN_POINT ( 'NONE',  ( 9.545964683926598600, 41.85184321202704900, 46.26223763052625100 ) ) ;
#164 = CARTESIAN_POINT ( 'NONE',  ( 19.19686681465030300, 34.43540881873086300, 2.133454549367909300 ) ) ;
#165 = CIRCLE ( 'NONE', #2112, 34.50000000000000000 ) ;
#166 = DIRECTION ( 'NONE',  ( 0.0000000000000000000, -1.000000000000000000, 0.0000000000000000000 ) ) ;
#167 = EDGE_LOOP ( 'NONE', ( #513 ) ) ;
#168 = CARTESIAN_POINT ( 'NONE',  ( -7.000000000000000000, -92.00000000000000000, 20.00000000000000000 ) ) ;
#169 = EDGE_LOOP ( 'NONE', ( #1967 ) ) ;
#170 = VERTEX_POINT ( 'NONE', #929 ) ;
#171 = EDGE_LOOP ( 'NONE', ( #2522 ) ) ;
#172 = CARTESIAN_POINT ( 'NONE',  ( 27.28675134594815100, 32.75000000000000000, 1.767567020076690100E-016 ) ) ;
#173 = CARTESIAN_POINT ( 'NONE',  ( 23.74203017459583300, -9.221927860582086500, -25.90772768687853800 ) ) ;
#174 = VERTEX_POINT ( 'NONE', #457 ) ;
#175 = EDGE_LOOP ( 'NONE', ( #2705 ) ) ;
#176 = CARTESIAN_POINT ( 'NONE',  ( 23.64796579348315200, 34.10045903606668100, -5.235383996576923800 ) ) ;
#177 = FACE_OUTER_BOUND ( 'NONE', #2400, .T. ) ;
#178 = CARTESIAN_POINT ( 'NONE',  ( 23.28922255466866500, 34.10901614921230900, -5.180024282175042800 ) ) ;
#179 = FACE_BOUND ( 'NONE', #628, .T. ) ;
#180 = B_SPLINE_CURVE_WITH_KNOTS ( 'NONE', 3,
 ( #2304, #2310, #2492, #2482, #2464, #2451, #2430, #2313, #2318, #2320, #2321, #2331, #2332, #2336, #2343, #2360, #2367, #2373, #2374, #2380, #2383, #2387 ),
 .UNSPECIFIED., .T., .F.,
 ( 4, 2, 2, 2, 2, 2, 2, 2, 2, 2, 4 ),
 ( 0.0000000000000000000, 0.0002455458122987028600, 0.0004910916245974057300, 0.0009821832491948123300, 0.001473274873792218800, 0.001718820686090922800, 0.001964366498389627300, 0.002455458122987045700, 0.002946549747584463600, 0.003437641372181881600, 0.003928732996779299600 ),
 .UNSPECIFIED. ) ;
#181 = DIRECTION ( 'NONE',  ( 1.000000000000000000, 0.0000000000000000000, 6.123031769111888800E-017 ) ) ;
#182 = CARTESIAN_POINT ( 'NONE',  ( 22.59226170064766100, 34.13481611016283800, -5.007191164367284000 ) ) ;
#183 = FACE_OUTER_BOUND ( 'NONE', #1177, .T. ) ;
#184 = EDGE_LOOP ( 'NONE', ( #337 ) ) ;
#185 = ORIENTED_EDGE ( 'NONE', *, *, #2309, .T. ) ;
#186 = EDGE_CURVE ( 'E1155', #2422, #975, #1139, .T. ) ;
#187 = EDGE_CURVE ( 'E1161', #975, #710, #2933, .T. ) ;
#188 = ORIENTED_EDGE ( 'NONE', *, *, #2299, .F. ) ;
#189 = ORIENTED_EDGE ( 'NONE', *, *, #832, .T. ) ;
#190 = VECTOR ( 'NONE', #1060, 1000.000000000000000 ) ;
#191 = PERSON ( 'UNSPECIFIED', 'UNSPECIFIED', 'UNSPECIFIED', ('UNSPECIFIED'), ('UNSPECIFIED'), ('UNSPECIFIED') ) ;
#192 = ORIENTED_EDGE ( 'NONE', *, *, #908, .T. ) ;
#193 = CARTESIAN_POINT ( 'NONE',  ( 19.05360828364228700, 34.45451469173544700, 1.803422884511196400 ) ) ;
#194 = CARTESIAN_POINT ( 'NONE',  ( 7.825000000000000200, -21.66941738241589700, -37.53253187676058600 ) ) ;
#195 = ORIENTED_EDGE ( 'NONE', *, *, #2298, .F. ) ;
#196 = CIRCLE ( 'NONE', #2115, 28.60000000000000100 ) ;
#197 = CARTESIAN_POINT ( 'NONE',  ( 18.89425408709600200, 34.47617516146257100, 1.293184218121565400 ) ) ;
#198 = LINE ( 'NONE', #396, #676 ) ;
#199 = FACE_OUTER_BOUND ( 'NONE', #2104, .T. ) ;
#200 = CARTESIAN_POINT ( 'NONE',  ( 18.85019165196784400, 34.48226330777571700, 1.120087741410353800 ) ) ;
#201 = EDGE_LOOP ( 'NONE', ( #2173 ) ) ;
#202 = EDGE_LOOP ( 'NONE', ( #1218 ) ) ;
#203 = DIRECTION ( 'NONE',  ( 0.0000000000000000000, 0.8722106498830291000, -0.4891304347826090400 ) ) ;
#204 = CARTESIAN_POINT ( 'NONE',  ( -8.800000000000000700, -101.7826086956522000, -17.44421299766060000 ) ) ;
#205 = CARTESIAN_POINT ( 'NONE',  ( 7.825000000000000200, -37.53253187676058600, 21.66941738241589700 ) ) ;
#206 = CARTESIAN_POINT ( 'NONE',  ( -22.19999999999999900, 0.0000000000000000000, 0.0000000000000000000 ) ) ;
#207 = LINE ( 'NONE', #1069, #1187 ) ;
#208 = DIRECTION ( 'NONE',  ( -0.06162841671621931800, -0.7044160264027589100, 0.7071067811865473500 ) ) ;
#209 = EDGE_CURVE ( 'E1176', #2063, #710, #1168, .T. ) ;
#210 = SPHERICAL_SURFACE ( 'NONE', #1179, 50.00000000000000000 ) ;
#211 = ORIENTED_EDGE ( 'NONE', *, *, #2658, .T. ) ;
#212 = CARTESIAN_POINT ( 'NONE',  ( 10.12861799860028400, 41.89920966807834900, 46.17265257311950700 ) ) ;
#213 = CARTESIAN_POINT ( 'NONE',  ( 10.67819559416746200, 42.02979392806349800, 46.00967425841464100 ) ) ;
#214 = FACE_OUTER_BOUND ( 'NONE', #2861, .T. ) ;
#215 = CARTESIAN_POINT ( 'NONE',  ( 7.824999999999993100, -21.52638075912508200, -37.61511410972151700 ) ) ;
#216 = EDGE_CURVE ( 'E1182', #710, #440, #869, .T. ) ;
#217 = VERTEX_POINT ( 'NONE', #518 ) ;
#218 = DIRECTION ( 'NONE',  ( -1.000000000000000000, 0.0000000000000000000, 0.0000000000000000000 ) ) ;
#219 = CIRCLE ( 'NONE', #2130, 47.53729182759269600 ) ;
#220 = CIRCLE ( 'NONE', #1355, 9.500000000000000000 ) ;
#221 = EDGE_CURVE ( 'NONE', #2362, #2362, #2599, .T. ) ;
#222 = CARTESIAN_POINT ( 'NONE',  ( -25.00000000000000000, 92.00000000000000000, -5.633189227582940100E-015 ) ) ;
#223 = ORIENTED_EDGE ( 'NONE', *, *, #957, .T. ) ;
#224 = DIRECTION ( 'NONE',  ( 0.8660254037844387100, -0.4330127018922192400, 0.2500000000000001100 ) ) ;
#225 = APPROVAL_ROLE ( '' ) ;
#226 = FACE_OUTER_BOUND ( 'NONE', #2466, .T. ) ;
#227 = DIRECTION ( 'NONE',  ( 1.000000000000000000, 0.0000000000000000000, 6.123031769111888800E-017 ) ) ;
#228 = APPROVAL_STATUS ( 'not_yet_approved' ) ;
#229 = EDGE_LOOP ( 'NONE', ( #2795, #1946, #757, #2743 ) ) ;
#230 = FACE_BOUND ( 'NONE', #1861, .T. ) ;
#231 = DATE_TIME_ROLE ( 'classification_date' ) ;
#232 = DIRECTION ( 'NONE',  ( 0.0000000000000000000, 0.0000000000000000000, -1.000000000000000000 ) ) ;
#233 = CARTESIAN_POINT ( 'NONE',  ( 7.825000000000003700, -37.49124076028012100, 21.74093569406130300 ) ) ;
#234 = EDGE_LOOP ( 'NONE', ( #2857 ) ) ;
#235 = PERSON_AND_ORGANIZATION_ROLE ( 'classification_officer' ) ;
#236 = SECURITY_CLASSIFICATION_LEVEL ( 'unclassified' ) ;
#237 = DIRECTION ( 'NONE',  ( -0.4999999999999999400, -0.7499999999999998900, 0.4330127018922194600 ) ) ;
#238 = PERSON_AND_ORGANIZATION_ROLE ( 'design_supplier' ) ;
#239 = CARTESIAN_POINT ( 'NONE',  ( -16.00000000000000000, 0.0000000000000000000, 0.0000000000000000000 ) ) ;
#240 = EDGE_LOOP ( 'NONE', ( #2020 ) ) ;
#241 = PERSON_AND_ORGANIZATION_ROLE ( 'creator' ) ;
#242 = APPROVAL_ROLE ( '' ) ;
#243 = CARTESIAN_POINT ( 'NONE',  ( 12.25000000000000000, 0.0000000000000000000, 0.0000000000000000000 ) ) ;
#244 = ORIENTED_EDGE ( 'NONE', *, *, #660, .T. ) ;
#245 = DIRECTION ( 'NONE',  ( 1.000000000000000000, 0.0000000000000000000, 0.0000000000000000000 ) ) ;
#246 = APPROVAL_STATUS ( 'not_yet_approved' ) ;
#247 = DIRECTION ( 'NONE',  ( 0.0000000000000000000, -1.000000000000000000, 0.0000000000000000000 ) ) ;
#248 = DATE_TIME_ROLE ( 'creation_date' ) ;
#249 = TOROIDAL_SURFACE ( 'NONE', #1679, 65.00000000000000000, 1.619999999999999900 ) ;
#250 = EDGE_CURVE ( 'E625', #2754, #1695, #359, .T. ) ;
#251 = CARTESIAN_POINT ( 'NONE',  ( 7.808742537082101100, -37.45051322251683200, 21.81099234606816500 ) ) ;
#252 = FACE_OUTER_BOUND ( 'NONE', #2574, .T. ) ;
#253 = PERSON_AND_ORGANIZATION_ROLE ( 'creator' ) ;
#254 = CARTESIAN_POINT ( 'NONE',  ( 7.746000352881372600, -37.37410047811651700, 21.94167134021024900 ) ) ;
#255 = CARTESIAN_POINT ( 'NONE',  ( 7.699567847356935800, -37.33892627924840500, 22.00142058115776300 ) ) ;
#256 = APPROVAL_ROLE ( '' ) ;
#257 = EDGE_LOOP ( 'NONE', ( #907, #462, #76, #2887, #2501 ) ) ;
#258 = CARTESIAN_POINT ( 'NONE',  ( 7.526570207248509400, -37.25091531123079100, 22.15033194468826500 ) ) ;
#259 = APPROVAL_STATUS ( 'not_yet_approved' ) ;
#260 = CARTESIAN_POINT ( 'NONE',  ( 7.363373571759235700, -37.21617324905473400, 22.20835535282265700 ) ) ;
#261 = ORIENTED_EDGE ( 'NONE', *, *, #2931, .F. ) ;
#262 = APPLICATION_PROTOCOL_DEFINITION ( 'international standard', 'config_control_design', 1994, #263 ) ;
#263 = APPLICATION_CONTEXT ( 'configuration controlled 3d designs of mechanical parts and assemblies' ) ;
#264 = CARTESIAN_POINT ( 'NONE',  ( 7.037290557321894900, -37.21608446059731500, 22.20850414149025900 ) ) ;
#265 = CARTESIAN_POINT ( 'NONE',  ( 6.875016816888035900, -37.25015759640351800, 22.15161298454899400 ) ) ;
#266 = EDGE_LOOP ( 'NONE', ( #1928 ) ) ;
#267 = VERTEX_POINT ( 'NONE', #488 ) ;
#268 = PERSON_AND_ORGANIZATION_ROLE ( 'design_owner' ) ;
#269 = CARTESIAN_POINT ( 'NONE',  ( 6.641552081350360100, -37.36883138736808300, 21.95082320817583700 ) ) ;
#270 = ORIENTED_EDGE ( 'NONE', *, *, #642, .T. ) ;
#271 = CARTESIAN_POINT ( 'NONE',  ( 6.575057757431954600, -37.45084536263796300, 21.81090090930131700 ) ) ;
#272 = MECHANICAL_CONTEXT ( 'NONE', #275, 'mechanical' ) ;
#273 = CARTESIAN_POINT ( 'NONE',  ( 18.71996027038432000, 34.50045764907469700, -0.3081724175336453800 ) ) ;
#274 = DIRECTION ( 'NONE',  ( 1.000000000000000000, 0.0000000000000000000, 0.0000000000000000000 ) ) ;
#275 = APPLICATION_CONTEXT ( 'configuration controlled 3d designs of mechanical parts and assemblies' ) ;
#276 = FACE_OUTER_BOUND ( 'NONE', #279, .T. ) ;
#277 = CARTESIAN_POINT ( 'NONE',  ( 6.574942320790355200, -37.61399728146157900, 21.52831682602665000 ) ) ;
#278 = CARTESIAN_POINT ( 'NONE',  ( 6.642488891314301600, -37.69467618826888600, 21.38642784953974300 ) ) ;
#279 = EDGE_LOOP ( 'NONE', ( #715 ) ) ;
#280 = CARTESIAN_POINT ( 'NONE',  ( 6.872770369448370600, -37.80800486502573700, 21.18543549772354200 ) ) ;
#281 = CARTESIAN_POINT ( 'NONE',  ( 7.034513855501366200, -37.84104671045000100, 21.12604512584398000 ) ) ;
#282 = CIRCLE ( 'NONE', #2136, 27.50000000000000000 ) ;
#283 = ORIENTED_EDGE ( 'NONE', *, *, #2403, .F. ) ;
#284 = CARTESIAN_POINT ( 'NONE',  ( 7.364211641753891000, -37.84121059202895800, 21.12575157790535100 ) ) ;
#285 = ORIENTED_EDGE ( 'NONE', *, *, #2403, .T. ) ;
#286 = EDGE_LOOP ( 'NONE', ( #2438 ) ) ;
#287 = ADVANCED_FACE ( 'E845', ( #508, #1550 ), #1035, .F. ) ;
#288 = CARTESIAN_POINT ( 'NONE',  ( 7.526090727420063700, -37.80836212300578600, 21.18479763786324500 ) ) ;
#289 = CARTESIAN_POINT ( 'NONE',  ( 18.71038040748963700, 34.50183075009595500, 0.04903589763164593900 ) ) ;
#290 = APPLICATION_PROTOCOL_DEFINITION ( 'international standard', 'config_control_design', 1994, #275 ) ;
#291 = LINE ( 'NONE', #74, #1434 ) ;
#292 = CARTESIAN_POINT ( 'NONE',  ( 7.757086567293110400, -37.69508697785069300, 21.38570352160127200 ) ) ;
#293 = SPHERICAL_SURFACE ( 'NONE', #1100, 50.00000000000000000 ) ;
#294 = CARTESIAN_POINT ( 'NONE',  ( 7.824999999999993100, -37.61511410972151700, 21.52638075912508200 ) ) ;
#295 = EDGE_LOOP ( 'NONE', ( #2525 ) ) ;
#296 = FACE_OUTER_BOUND ( 'NONE', #1512, .T. ) ;
#297 = CARTESIAN_POINT ( 'NONE',  ( 7.825000000000000200, -37.53253187676058600, 21.66941738241589700 ) ) ;
#298 = LINE ( 'NONE', #1292, #1287 ) ;
#299 =( NAMED_UNIT ( * ) SI_UNIT ( $, .STERADIAN. ) SOLID_ANGLE_UNIT ( ) );
#300 = CIRCLE ( 'NONE', #1709, 61.97325136151690100 ) ;
#301 = CARTESIAN_POINT ( 'NONE',  ( 18.75553483203797700, 34.49546926399080600, 0.5871819683430333800 ) ) ;
#302 = PLANE ( 'NONE',  #2019 ) ;
#303 = CIRCLE ( 'NONE', #2107, 48.45724569632689300 ) ;
#304 = CARTESIAN_POINT ( 'NONE',  ( -7.264784249113579200, -60.14404236174839700, -20.00000000000000000 ) ) ;
#305 = CARTESIAN_POINT ( 'NONE',  ( 25.84337567297404800, 34.50000000000000000, 2.500000000000000000 ) ) ;
#306 = VERTEX_POINT ( 'NONE', #995 ) ;
#307 = LINE ( 'NONE', #1876, #51 ) ;
#308 = CARTESIAN_POINT ( 'NONE',  ( -8.800000000000000700, -92.00000000000000000, 0.0000000000000000000 ) ) ;
#309 = ADVANCED_FACE ( 'E912', ( #117 ), #1057, .T. ) ;
#310 = EDGE_LOOP ( 'NONE', ( #1646 ) ) ;
#311 =( NAMED_UNIT ( * ) PLANE_ANGLE_UNIT ( ) SI_UNIT ( $, .RADIAN. ) );
#312 = SPHERICAL_SURFACE ( 'NONE', #1055, 50.00000000000000000 ) ;
#313 =( LENGTH_UNIT ( ) NAMED_UNIT ( * ) SI_UNIT ( .MILLI., .METRE. ) );
#314 = ORIENTED_EDGE ( 'NONE', *, *, #2427, .F. ) ;
#315 = EDGE_CURVE ( 'E1197', #2747, #440, #843, .T. ) ;
#316 = DIRECTION ( 'NONE',  ( 1.000000000000000000, 0.0000000000000000000, 0.0000000000000000000 ) ) ;
#317 = ORIENTED_EDGE ( 'NONE', *, *, #387, .T. ) ;
#318 = VECTOR ( 'NONE', #1340, 1000.000000000000000 ) ;
#319 = FACE_BOUND ( 'NONE', #1999, .T. ) ;
#320 = CARTESIAN_POINT ( 'NONE',  ( 18.78083860483729900, 34.49190947435391100, 0.7676328472701965400 ) ) ;
#321 = DIRECTION ( 'NONE',  ( 0.0000000000000000000, 0.0000000000000000000, -1.000000000000000000 ) ) ;
#322 = CIRCLE ( 'NONE', #1403, 9.500000000000000000 ) ;
#323 = FACE_OUTER_BOUND ( 'NONE', #114, .T. ) ;
#324 = DIRECTION ( 'NONE',  ( 0.0000000000000000000, 0.0000000000000000000, 1.000000000000000000 ) ) ;
#325 = CARTESIAN_POINT ( 'NONE',  ( -7.000000000000000000, 60.12747381295349700, -20.00000000000000000 ) ) ;
#326 = DIRECTION ( 'NONE',  ( 1.000000000000000000, 0.0000000000000000000, 0.0000000000000000000 ) ) ;
#327 = CARTESIAN_POINT ( 'NONE',  ( 24.40000000000000200, 34.50000000000000000, -4.323399999999999500 ) ) ;
#328 = DIRECTION ( 'NONE',  ( 1.000000000000000000, 0.0000000000000000000, 0.0000000000000000000 ) ) ;
#329 = LINE ( 'NONE', #1631, #1024 ) ;
#330 = EDGE_LOOP ( 'NONE', ( #2719 ) ) ;
#331 = CARTESIAN_POINT ( 'NONE',  ( 24.40000000000000200, 28.17660000000000100, 5.000000000000000000 ) ) ;
#332 = ORIENTED_EDGE ( 'NONE', *, *, #216, .T. ) ;
#333 = DIRECTION ( 'NONE',  ( -0.5000000000000001100, -0.7500000000000001100, 0.4330127018922190800 ) ) ;
#334 = CARTESIAN_POINT ( 'NONE',  ( 24.40000000000000200, 27.50000000000000000, -4.323399999999999500 ) ) ;
#335 = ORIENTED_EDGE ( 'NONE', *, *, #187, .T. ) ;
#336 = CARTESIAN_POINT ( 'NONE',  ( -12.50000000000000000, 55.00000000000000000, 0.0000000000000000000 ) ) ;
#337 = ORIENTED_EDGE ( 'NONE', *, *, #1792, .F. ) ;
#338 = CARTESIAN_POINT ( 'NONE',  ( -8.800000000000000700, -61.84658438426490100, -20.00000000000000000 ) ) ;
#339 = CARTESIAN_POINT ( 'NONE',  ( 24.40000000000000200, -12.58157298107780700, -31.79192364236260100 ) ) ;
#340 = ORIENTED_EDGE ( 'NONE', *, *, #77, .F. ) ;
#341 = ADVANCED_FACE ( 'E842', ( #2889, #44 ), #1132, .F. ) ;
#342 = ORIENTED_EDGE ( 'NONE', *, *, #2256, .T. ) ;
#343 = CARTESIAN_POINT ( 'NONE',  ( -25.00000000000000000, -92.00000000000000000, -9.500000000000000000 ) ) ;
#344 = ADVANCED_FACE ( 'E1346', ( #936, #466 ), #2194, .T. ) ;
#345 = CARTESIAN_POINT ( 'NONE',  ( -7.000000000000000000, -92.00000000000000000, -9.500000000000000000 ) ) ;
#346 = EDGE_LOOP ( 'NONE', ( #1706, #1123, #2804, #283, #723, #1647 ) ) ;
#347 = CARTESIAN_POINT ( 'NONE',  ( -25.00000000000000000, 101.7826086956522000, -17.44421299766060000 ) ) ;
#348 = CARTESIAN_POINT ( 'NONE',  ( 0.0000000000000000000, 0.0000000000000000000, 0.0000000000000000000 ) ) ;
#349 = EDGE_LOOP ( 'NONE', ( #629, #849, #1576, #987 ) ) ;
#350 = CARTESIAN_POINT ( 'NONE',  ( -25.00000000000000000, 92.00000000000000000, -9.500000000000000000 ) ) ;
#351 = FACE_OUTER_BOUND ( 'NONE', #110, .T. ) ;
#352 = CARTESIAN_POINT ( 'NONE',  ( -8.800000000000000700, 0.0000000000000000000, 0.0000000000000000000 ) ) ;
#353 = EDGE_LOOP ( 'NONE', ( #371 ) ) ;
#354 = CIRCLE ( 'NONE', #1660, 65.00000000000000000 ) ;
#355 = CARTESIAN_POINT ( 'NONE',  ( 9.154565111271811200, 41.77187036568362500, 46.17407281148153700 ) ) ;
#356 = LINE ( 'NONE', #1335, #415 ) ;
#357 = ORIENTED_EDGE ( 'NONE', *, *, #2442, .F. ) ;
#358 = CARTESIAN_POINT ( 'NONE',  ( -16.00000000000000000, 0.0000000000000000000, -55.00000000000000000 ) ) ;
#359 = B_SPLINE_CURVE_WITH_KNOTS ( 'NONE', 3,
 ( #958, #980, #978, #999, #1002, #1014, #1019, #1023, #1027, #1028 ),
 .UNSPECIFIED., .F., .F.,
 ( 4, 2, 2, 2, 4 ),
 ( 0.009932016379811285000, 0.01055998272715536600, 0.01118794907449944900, 0.01181591542184353200, 0.01244388176918761300 ),
 .UNSPECIFIED. ) ;
#360 = FACE_OUTER_BOUND ( 'NONE', #1531, .T. ) ;
#361 = EDGE_LOOP ( 'NONE', ( #1614, #925, #656, #2030, #1805 ) ) ;
#362 = B_SPLINE_CURVE_WITH_KNOTS ( 'NONE', 3,
 ( #704, #775, #631, #618 ),
 .UNSPECIFIED., .F., .F.,
 ( 4, 4 ),
 ( 0.1186243356870970200, 0.1188896377928556800 ),
 .UNSPECIFIED. ) ;
#363 = DIRECTION ( 'NONE',  ( -1.000000000000000000, 0.0000000000000000000, 0.0000000000000000000 ) ) ;
#364 = CARTESIAN_POINT ( 'NONE',  ( 9.155296308483992000, 41.86799952342251900, 46.27890157370328000 ) ) ;
#365 = FACE_OUTER_BOUND ( 'NONE', #2025, .T. ) ;
#366 = CARTESIAN_POINT ( 'NONE',  ( 8.961000343853884300, 41.89011738206537000, 46.27446110683867200 ) ) ;
#367 = EDGE_LOOP ( 'NONE', ( #1754, #1720, #1691, #1619 ) ) ;
#368 = CARTESIAN_POINT ( 'NONE',  ( 7.150949797459199800, 36.32822188823529800, 33.60244353366650200 ) ) ;
#369 = ORIENTED_EDGE ( 'NONE', *, *, #1197, .T. ) ;
#370 = TOROIDAL_SURFACE ( 'NONE', #1674, 47.53729182759269600, 2.500000000000000000 ) ;
#371 = ORIENTED_EDGE ( 'NONE', *, *, #2230, .F. ) ;
#372 = DIRECTION ( 'NONE',  ( 0.0000000000000000000, 0.0000000000000000000, 1.000000000000000000 ) ) ;
#373 = CARTESIAN_POINT ( 'NONE',  ( -8.800000000000000700, 101.7826086956522000, 17.44421299766055000 ) ) ;
#374 = ORIENTED_EDGE ( 'NONE', *, *, #2189, .T. ) ;
#375 = CARTESIAN_POINT ( 'NONE',  ( 18.00000000000000000, 0.0000000000000000000, 60.35547151521450400 ) ) ;
#376 = CARTESIAN_POINT ( 'NONE',  ( 12.50000000000000000, -55.00000000000000000, 0.0000000000000000000 ) ) ;
#377 = B_SPLINE_CURVE_WITH_KNOTS ( 'NONE', 3,
 ( #2227, #2134, #2228, #2231, #2233, #2236, #2244, #2251, #2252, #2254, #2257, #2261, #2268, #2273, #2274, #2281, #2286, #2290, #2293, #2296 ),
 .UNSPECIFIED., .T., .F.,
 ( 4, 2, 2, 2, 2, 2, 2, 2, 2, 4 ),
 ( 0.0000000000000000000, 0.0002442300523349906800, 0.0004884601046699813600, 0.0009769202093399644600, 0.001465380314009947500, 0.001953840418679930700, 0.002442300523349913400, 0.002930760628019896600, 0.003419220732689879800, 0.003907680837359863100 ),
 .UNSPECIFIED. ) ;
#378 = ORIENTED_EDGE ( 'NONE', *, *, #970, .T. ) ;
#379 = DIRECTION ( 'NONE',  ( 1.000000000000000000, 0.0000000000000000000, 6.123031769111888800E-017 ) ) ;
#380 = CARTESIAN_POINT ( 'NONE',  ( 6.357930222371000400, 44.15885421812865300, 44.33306406109245000 ) ) ;
#381 = CARTESIAN_POINT ( 'NONE',  ( -26.00000000000000000, 0.0000000000000000000, 0.0000000000000000000 ) ) ;
#382 = CARTESIAN_POINT ( 'NONE',  ( -7.000000000000000000, 92.00000000000000000, 0.0000000000000000000 ) ) ;
#383 = EDGE_LOOP ( 'NONE', ( #2517 ) ) ;
#384 = CARTESIAN_POINT ( 'NONE',  ( -12.50000000000000000, 0.0000000000000000000, -48.41229182759269600 ) ) ;
#385 = CARTESIAN_POINT ( 'NONE',  ( 12.49999999999998900, 0.0000000000000000000, 47.53729182759269600 ) ) ;
#386 = ORIENTED_EDGE ( 'NONE', *, *, #2706, .T. ) ;
#387 = EDGE_CURVE ( 'E1203', #440, #1405, #50, .T. ) ;
#388 = DIRECTION ( 'NONE',  ( 0.0000000000000000000, 0.0000000000000000000, -1.000000000000000000 ) ) ;
#389 = EDGE_LOOP ( 'NONE', ( #1992, #2141, #2262, #261, #2050, #340 ) ) ;
#390 = FACE_OUTER_BOUND ( 'NONE', #1120, .T. ) ;
#391 = CARTESIAN_POINT ( 'NONE',  ( 9.744401411504121300, 41.85817897615655900, 46.24062911404710300 ) ) ;
#392 = CYLINDRICAL_SURFACE ( 'NONE', #1076, 43.33883476483185100 ) ;
#393 = FACE_BOUND ( 'NONE', #1091, .T. ) ;
#394 = CARTESIAN_POINT ( 'NONE',  ( 16.46478424911359900, 0.0000000000000000000, 61.97325136151690100 ) ) ;
#395 = FACE_OUTER_BOUND ( 'NONE', #688, .T. ) ;
#396 = CARTESIAN_POINT ( 'NONE',  ( -8.800000000000000700, -101.7826086956522000, 17.44421299766060000 ) ) ;
#397 = VERTEX_POINT ( 'NONE', #448 ) ;
#398 = EDGE_LOOP ( 'NONE', ( #2796 ) ) ;
#399 = CARTESIAN_POINT ( 'NONE',  ( 12.50000000000000000, 0.0000000000000000000, 34.50000000000000000 ) ) ;
#400 = CARTESIAN_POINT ( 'NONE',  ( -12.49999999999999600, 0.0000000000000000000, -34.50000000000000000 ) ) ;
#401 = PRODUCT ( 'UCFL-211', 'UCFL-211', '', ( #272 ) ) ;
#402 = DIRECTION ( 'NONE',  ( 0.0000000000000000000, -1.000000000000000000, 0.0000000000000000000 ) ) ;
#403 = CYLINDRICAL_SURFACE ( 'NONE', #1158, 34.50000000000000000 ) ;
#404 = CARTESIAN_POINT ( 'NONE',  ( 12.50000000000000000, 0.0000000000000000000, 48.41229182759269600 ) ) ;
#405 = EDGE_LOOP ( 'NONE', ( #57 ) ) ;
#406 = CARTESIAN_POINT ( 'NONE',  ( 18.00000000000000000, 0.0000000000000000000, 2.632903660718109900E-015 ) ) ;
#407 = CARTESIAN_POINT ( 'NONE',  ( 32.30000000000000400, 0.0000000000000000000, 27.50000000000000000 ) ) ;
#408 = ORIENTED_EDGE ( 'NONE', *, *, #714, .F. ) ;
#409 = PLANE ( 'NONE',  #1989 ) ;
#410 = CARTESIAN_POINT ( 'NONE',  ( -12.25000000000000000, -43.33883476483185100, -1.500142783432410000E-015 ) ) ;
#411 = CARTESIAN_POINT ( 'NONE',  ( -16.00000000000000000, -58.50000000000000000, 0.0000000000000000000 ) ) ;
#412 = CARTESIAN_POINT ( 'NONE',  ( -8.800000000000000700, 31.79347826086955600, -56.69369224239689900 ) ) ;
#413 = CARTESIAN_POINT ( 'NONE',  ( 9.154565111271805800, 41.77187036568361100, 45.40862972084712400 ) ) ;
#414 = CARTESIAN_POINT ( 'NONE',  ( 6.984477670182980300, -43.16703827355715400, 24.24507945407449900 ) ) ;
#415 = VECTOR ( 'NONE', #1587, 1000.000000000000000 ) ;
#416 = CARTESIAN_POINT ( 'NONE',  ( 4.419417382415920400, 0.0000000000000000000, 34.50000000000000000 ) ) ;
#417 = DIRECTION ( 'NONE',  ( 2.994961191413425000E-017, -0.8722106498830291000, -0.4891304347826090400 ) ) ;
#418 = EDGE_CURVE ( 'E113', #2462, #2434, #1799, .T. ) ;
#419 = CIRCLE ( 'NONE', #1901, 58.50000000000000000 ) ;
#420 = CARTESIAN_POINT ( 'NONE',  ( -4.419417382415920400, 0.0000000000000000000, -43.33883476483185100 ) ) ;
#421 = DIRECTION ( 'NONE',  ( 6.123031769111888800E-017, 0.0000000000000000000, -1.000000000000000000 ) ) ;
#422 = FACE_OUTER_BOUND ( 'NONE', #286, .T. ) ;
#423 = CARTESIAN_POINT ( 'NONE',  ( 18.00000000000000400, 0.0000000000000000000, -55.00000000000000000 ) ) ;
#424 = FACE_OUTER_BOUND ( 'NONE', #770, .T. ) ;
#425 = CARTESIAN_POINT ( 'NONE',  ( -24.99999999999999600, 0.0000000000000000000, -58.50000000000000000 ) ) ;
#426 = CARTESIAN_POINT ( 'NONE',  ( 12.32458273232012900, 0.0000000000000000000, -48.45724569632689300 ) ) ;
#427 = CARTESIAN_POINT ( 'NONE',  ( -7.000000000000000000, 0.0000000000000000000, 20.00000000000000000 ) ) ;
#428 = ORIENTED_EDGE ( 'NONE', *, *, #2780, .F. ) ;
#429 = CARTESIAN_POINT ( 'NONE',  ( -7.000000000000000000, 92.00000000000000000, -9.500000000000000000 ) ) ;
#430 = CARTESIAN_POINT ( 'NONE',  ( 7.825000000000000200, -37.53253187676059400, 21.66941738241590100 ) ) ;
#431 = FACE_BOUND ( 'NONE', #2414, .T. ) ;
#432 = CARTESIAN_POINT ( 'NONE',  ( 12.25000000000000000, -43.33883476483185100, 0.0000000000000000000 ) ) ;
#433 = ORIENTED_EDGE ( 'NONE', *, *, #101, .T. ) ;
#434 = FACE_OUTER_BOUND ( 'NONE', #2225, .T. ) ;
#435 = CARTESIAN_POINT ( 'NONE',  ( 18.00000000000000000, 101.7826086956522000, -17.44421299766060000 ) ) ;
#436 = FACE_OUTER_BOUND ( 'NONE', #2455, .T. ) ;
#437 = CARTESIAN_POINT ( 'NONE',  ( 8.574534419323278200, 41.96311700782202100, 46.23926523923258000 ) ) ;
#438 = DIRECTION ( 'NONE',  ( 0.0000000000000000000, 0.0000000000000000000, -1.000000000000000000 ) ) ;
#439 = CARTESIAN_POINT ( 'NONE',  ( 10.31539182244075200, 41.93354337876856900, 46.12653193842899700 ) ) ;
#440 = VERTEX_POINT ( 'NONE', #1096 ) ;
#441 = CARTESIAN_POINT ( 'NONE',  ( 7.825000000000000200, -21.66941738241590100, -37.53253187676059400 ) ) ;
#442 = EDGE_CURVE ( 'E1239', #617, #2642, #2666, .T. ) ;
#443 = CARTESIAN_POINT ( 'NONE',  ( 24.40000000000000200, -9.758172981077804000, -26.90165139227259800 ) ) ;
#444 = EDGE_LOOP ( 'NONE', ( #454 ) ) ;
#445 = EDGE_LOOP ( 'NONE', ( #2089 ) ) ;
#446 = FACE_OUTER_BOUND ( 'NONE', #1634, .T. ) ;
#447 = CARTESIAN_POINT ( 'NONE',  ( 8.385895557070810500, 42.01354592910001900, 46.20863372491216800 ) ) ;
#448 = CARTESIAN_POINT ( 'NONE',  ( 12.25000000000000000, 0.0000000000000000000, 34.50000000000000000 ) ) ;
#449 = CARTESIAN_POINT ( 'NONE',  ( 7.851594771727935300, 42.21497975392607300, 46.06779137022245200 ) ) ;
#450 = EDGE_CURVE ( 'NONE', #551, #551, #564, .T. ) ;
#451 = FACE_BOUND ( 'NONE', #2643, .T. ) ;
#452 = CARTESIAN_POINT ( 'NONE',  ( 12.32458273232012000, 0.0000000000000000000, 1.309875848164719900E-015 ) ) ;
#453 = CARTESIAN_POINT ( 'NONE',  ( -12.32458273232012200, 0.0000000000000000000, 48.45724569632689300 ) ) ;
#454 = ORIENTED_EDGE ( 'NONE', *, *, #1681, .T. ) ;
#455 = CARTESIAN_POINT ( 'NONE',  ( 4.419417382415920400, 0.0000000000000000000, 43.33883476483185100 ) ) ;
#456 = ORIENTED_EDGE ( 'NONE', *, *, #2397, .T. ) ;
#457 = CARTESIAN_POINT ( 'NONE',  ( -7.545592007211650000, -13.29504810442520000, -47.60573218806450100 ) ) ;
#458 = VERTEX_POINT ( 'NONE', #429 ) ;
#459 = CARTESIAN_POINT ( 'NONE',  ( 6.653117416102210400, -25.03925723574745300, -42.76413948304470100 ) ) ;
#460 = ORIENTED_EDGE ( 'NONE', *, *, #2436, .F. ) ;
#461 = DIRECTION ( 'NONE',  ( 1.000000000000000000, 0.0000000000000000000, 1.683833736505770000E-016 ) ) ;
#462 = ORIENTED_EDGE ( 'NONE', *, *, #2446, .T. ) ;
#463 = DIRECTION ( 'NONE',  ( 1.789952618074928000E-016, 0.0000000000000000000, -1.000000000000000000 ) ) ;
#464 = ORIENTED_EDGE ( 'NONE', *, *, #132, .T. ) ;
#465 = CARTESIAN_POINT ( 'NONE',  ( -6.575000000000000200, 43.33883476483185100, 0.0000000000000000000 ) ) ;
#466 = FACE_OUTER_BOUND ( 'NONE', #2612, .T. ) ;
#467 = FACE_BOUND ( 'NONE', #1110, .T. ) ;
#468 = ORIENTED_EDGE ( 'NONE', *, *, #2361, .F. ) ;
#469 = CARTESIAN_POINT ( 'NONE',  ( 8.025753342637957000, 42.13899698121984000, 46.12322874276087200 ) ) ;
#470 = CARTESIAN_POINT ( 'NONE',  ( -6.575000000000000200, -11.21691582968970000, -41.86209978062560600 ) ) ;
#471 = FACE_OUTER_BOUND ( 'NONE', #10, .T. ) ;
#472 = DIRECTION ( 'NONE',  ( 0.0000000000000000000, -1.000000000000000000, 0.0000000000000000000 ) ) ;
#473 = PLANE ( 'NONE',  #1944 ) ;
#474 = CIRCLE ( 'NONE', #2143, 34.50000000000000000 ) ;
#475 = ORIENTED_EDGE ( 'NONE', *, *, #2249, .T. ) ;
#476 = CARTESIAN_POINT ( 'NONE',  ( -4.419417382415920400, 0.0000000000000000000, -34.50000000000000000 ) ) ;
#477 = CARTESIAN_POINT ( 'NONE',  ( 27.28675134594815100, -17.25000000000000000, -29.87787643056314800 ) ) ;
#478 = EDGE_LOOP ( 'NONE', ( #1629 ) ) ;
#479 = CARTESIAN_POINT ( 'NONE',  ( -7.642371823881591200, 49.41051730893030200, -0.4415112336460765300 ) ) ;
#480 = LINE ( 'NONE', #1491, #2572 ) ;
#481 = CARTESIAN_POINT ( 'NONE',  ( 25.84337567297409800, -18.54006350946109900, -27.11233197394035300 ) ) ;
#482 = DIRECTION ( 'NONE',  ( 0.0000000000000000000, 0.8722106498830291000, 0.4891304347826090400 ) ) ;
#483 = CARTESIAN_POINT ( 'NONE',  ( -12.24999999999999600, 0.0000000000000000000, -34.50000000000000000 ) ) ;
#484 = FACE_OUTER_BOUND ( 'NONE', #30, .T. ) ;
#485 = CARTESIAN_POINT ( 'NONE',  ( 33.39999999999999900, 0.0000000000000000000, 28.60000000000000100 ) ) ;
#486 = CIRCLE ( 'NONE', #2152, 33.39999999999999900 ) ;
#487 = CARTESIAN_POINT ( 'NONE',  ( -12.49999999999999500, 0.0000000000000000000, -47.53729182759269600 ) ) ;
#488 = CARTESIAN_POINT ( 'NONE',  ( -21.10000000000000100, 0.0000000000000000000, 27.50000000000000000 ) ) ;
#489 = VERTEX_POINT ( 'NONE', #1344 ) ;
#490 = CARTESIAN_POINT ( 'NONE',  ( 32.30000000000000400, 0.0000000000000000000, 34.50000000000000000 ) ) ;
#491 = EDGE_LOOP ( 'NONE', ( #2622 ) ) ;
#492 = EDGE_LOOP ( 'NONE', ( #584 ) ) ;
#493 = CARTESIAN_POINT ( 'NONE',  ( 33.39999999999999900, 0.0000000000000000000, 33.39999999999999900 ) ) ;
#494 = CARTESIAN_POINT ( 'NONE',  ( -8.800000000000000700, -61.84658438426490100, 20.00000000000000000 ) ) ;
#495 = CARTESIAN_POINT ( 'NONE',  ( 7.524487377101122500, 42.38994346521967300, 45.93327972696763300 ) ) ;
#496 = ORIENTED_EDGE ( 'NONE', *, *, #1394, .T. ) ;
#497 = CARTESIAN_POINT ( 'NONE',  ( 6.971405953994988600, 42.81929315217968900, 45.57853092707230800 ) ) ;
#498 = EDGE_CURVE ( 'NONE', #1318, #1318, #913, .T. ) ;
#499 = FACE_BOUND ( 'NONE', #492, .T. ) ;
#500 = EDGE_LOOP ( 'NONE', ( #475, #2779, #1186, #1729 ) ) ;
#501 = FACE_OUTER_BOUND ( 'NONE', #1015, .T. ) ;
#502 = CARTESIAN_POINT ( 'NONE',  ( -22.19999999999999900, 0.0000000000000000000, 33.39999999999999900 ) ) ;
#503 = VERTEX_POINT ( 'NONE', #1348 ) ;
#504 = CARTESIAN_POINT ( 'NONE',  ( 24.40000000000000200, 27.04163456597990100, 5.000000000000000000 ) ) ;
#505 = CARTESIAN_POINT ( 'NONE',  ( 7.373858018385272200, 42.48739008325379300, 45.85542947838118300 ) ) ;
#506 = CARTESIAN_POINT ( 'NONE',  ( -7.264784249113579200, -60.14404236174839700, 20.00000000000000000 ) ) ;
#507 = DIRECTION ( 'NONE',  ( 1.000000000000000000, 0.0000000000000000000, 0.0000000000000000000 ) ) ;
#508 = FACE_BOUND ( 'NONE', #478, .T. ) ;
#509 = CARTESIAN_POINT ( 'NONE',  ( 7.097793797370002300, 42.70137732945178800, 45.67866843913894600 ) ) ;
#510 = CARTESIAN_POINT ( 'NONE',  ( 24.40000000000000200, 33.82340000000000700, 5.000000000000000000 ) ) ;
#511 = DIRECTION ( 'NONE',  ( 1.000000000000000000, 0.0000000000000000000, 6.123031769111888800E-017 ) ) ;
#512 = CARTESIAN_POINT ( 'NONE',  ( -7.000000000000000000, -60.12747381295349700, 20.00000000000000000 ) ) ;
#513 = ORIENTED_EDGE ( 'NONE', *, *, #834, .T. ) ;
#514 = EDGE_CURVE ( 'NONE', #2070, #2070, #1466, .T. ) ;
#515 = ORIENTED_EDGE ( 'NONE', *, *, #2378, .F. ) ;
#516 = CARTESIAN_POINT ( 'NONE',  ( -25.00000000000000000, 0.0000000000000000000, 0.0000000000000000000 ) ) ;
#517 = CARTESIAN_POINT ( 'NONE',  ( -8.800000000000000700, 101.7826086956522000, -17.44421299766060000 ) ) ;
#518 = CARTESIAN_POINT ( 'NONE',  ( -21.10000000000000100, 0.0000000000000000000, 34.50000000000000000 ) ) ;
#519 = VERTEX_POINT ( 'NONE', #1557 ) ;
#520 = ORIENTED_EDGE ( 'NONE', *, *, #1441, .F. ) ;
#521 = ADVANCED_FACE ( 'E203', ( #2905 ), #2656, .T. ) ;
#522 = FACE_OUTER_BOUND ( 'NONE', #171, .T. ) ;
#523 = CARTESIAN_POINT ( 'NONE',  ( 6.754189777202741500, 43.06535833096349800, 45.36389047467574900 ) ) ;
#524 = DIRECTION ( 'NONE',  ( 5.930678550348058300E-017, 0.0000000000000000000, -1.000000000000000000 ) ) ;
#525 = EDGE_CURVE ( 'NONE', #946, #946, #2926, .T. ) ;
#526 = CARTESIAN_POINT ( 'NONE',  ( -22.19999999999999900, 0.0000000000000000000, 28.60000000000000100 ) ) ;
#527 = CIRCLE ( 'NONE', #1867, 34.50000000000000000 ) ;
#528 = LINE ( 'NONE', #1262, #1424 ) ;
#529 = ORIENTED_EDGE ( 'NONE', *, *, #1103, .F. ) ;
#530 = CARTESIAN_POINT ( 'NONE',  ( 24.40000000000000200, -17.49417423072164400, -21.65399860407205400 ) ) ;
#531 = CARTESIAN_POINT ( 'NONE',  ( -7.176522828045659900, -60.13851958761937100, 20.00000000000000000 ) ) ;
#532 = CARTESIAN_POINT ( 'NONE',  ( -7.088261411673173000, -60.13299673804185400, 20.00000000000000000 ) ) ;
#533 = EDGE_LOOP ( 'NONE', ( #2124, #369, #23, #1610 ) ) ;
#534 = CARTESIAN_POINT ( 'NONE',  ( 6.511831295097896300, 43.46225934599937100, 45.00384957981732700 ) ) ;
#535 = FACE_OUTER_BOUND ( 'NONE', #1923, .T. ) ;
#536 = CARTESIAN_POINT ( 'NONE',  ( 6.662220661935945600, 43.19399320481606000, 45.24904592278862500 ) ) ;
#537 = CIRCLE ( 'NONE', #2053, 5.000000000000000900 ) ;
#538 = CARTESIAN_POINT ( 'NONE',  ( 20.17643474171425000, 34.32016942849085000, -3.517949773846814800 ) ) ;
#539 = CARTESIAN_POINT ( 'NONE',  ( 24.40000000000000200, -9.190690264067759700, -25.91874249399399900 ) ) ;
#540 = EDGE_LOOP ( 'NONE', ( #695 ) ) ;
#541 = CARTESIAN_POINT ( 'NONE',  ( 18.79656077950170400, -17.97393690671080100, -29.44804903679665000 ) ) ;
#542 = DIRECTION ( 'NONE',  ( 5.340573518591510100E-017, 0.4891304347826090400, -0.8722106498830291000 ) ) ;
#543 = ORIENTED_EDGE ( 'NONE', *, *, #1094, .F. ) ;
#544 = DIRECTION ( 'NONE',  ( -2.994961191413425000E-017, 0.8722106498830291000, 0.4891304347826090400 ) ) ;
#545 = ADVANCED_FACE ( 'E1332', ( #351, #2866 ), #2653, .T. ) ;
#546 = DIRECTION ( 'NONE',  ( 0.4999999999999998900, 0.0000000000000000000, 0.8660254037844387100 ) ) ;
#547 = ORIENTED_EDGE ( 'NONE', *, *, #2675, .F. ) ;
#548 = CIRCLE ( 'NONE', #2028, 65.00000000000000000 ) ;
#549 = CARTESIAN_POINT ( 'NONE',  ( 18.00000000000000000, 31.79347826086960500, 56.69369224239689900 ) ) ;
#550 = CYLINDRICAL_SURFACE ( 'NONE', #1059, 0.6250000000000005600 ) ;
#551 = VERTEX_POINT ( 'NONE', #541 ) ;
#552 = CARTESIAN_POINT ( 'NONE',  ( 24.40000000000000200, -20.99417423072164400, -27.71617643056314900 ) ) ;
#553 = DIRECTION ( 'NONE',  ( 1.000000000000000000, -0.0000000000000000000, -0.0000000000000000000 ) ) ;
#554 = FACE_OUTER_BOUND ( 'NONE', #2580, .T. ) ;
#555 = EDGE_CURVE ( 'NONE', #2232, #2232, #2631, .T. ) ;
#556 = ADVANCED_FACE ( 'E996', ( #670 ), #2543, .T. ) ;
#557 = ORIENTED_EDGE ( 'NONE', *, *, #1580, .T. ) ;
#558 = EDGE_LOOP ( 'NONE', ( #2692, #2219, #669, #2647, #2306 ) ) ;
#559 = CARTESIAN_POINT ( 'NONE',  ( 6.454160382326888300, 43.60150888456266200, 44.87376875527380100 ) ) ;
#560 = CARTESIAN_POINT ( 'NONE',  ( -8.800000000000000700, 92.00000000000000000, -20.00000000000000000 ) ) ;
#561 = FACE_OUTER_BOUND ( 'NONE', #52, .T. ) ;
#562 = CARTESIAN_POINT ( 'NONE',  ( 0.0000000000000000000, 0.0000000000000000000, 0.0000000000000000000 ) ) ;
#563 = CARTESIAN_POINT ( 'NONE',  ( 21.51324865405190000, 34.50000000000000000, -5.302701060230069700E-016 ) ) ;
#564 = B_SPLINE_CURVE_WITH_KNOTS ( 'NONE', 3,
 ( #1137, #1128, #1140, #1145, #1149, #1150, #1155, #1159, #1160, #1165, #1166, #1171, #1175, #1176, #1180, #1183, #1185, #1188, #1191, #1192, #1198, #1202, #1203, #1205, #1207, #1213, #1214, #1216, #1217, #1221, #1225, #1226, #1228, #1230, #1234, #1237, #1242, #1243, #1247, #1249, #1253, #1254, #1257, #1259, #1260, #1261, #1265, #1268, #1270, #1272, #1276, #1281, #1282, #1286, #1288, #1293, #1296, #1298, #1299, #1303, #1304, #1306, #1309, #1310, #1316, #1317, #1319, #1323, #1325, #1330, #1332, #1334, #1337, #1339 ),
 .UNSPECIFIED., .T., .F.,
 ( 4, 2, 2, 2, 2, 2, 2, 2, 2, 2, 2, 2, 2, 2, 2, 2, 2, 2, 2, 2, 2, 2, 2, 2, 2, 2, 2, 2, 2, 2, 2, 2, 2, 2, 2, 2, 4 ),
 ( 0.0000000000000000000, 0.001071493887315602700, 0.002142987774631205400, 0.003214481661946808500, 0.004285975549262410800, 0.005357469436578013400, 0.006428963323893617000, 0.007500457211209218800, 0.008571951098524821500, 0.009643444985840424200, 0.01071493887315602700, 0.01178643276047163000, 0.01285792664778723400, 0.01339367359144504200, 0.01392942053510285400, 0.01500091442241848400, 0.01607240830973411300, 0.01714390219704974400, 0.01821539608436537100, 0.01928688997168100100, 0.02035838385899662100, 0.02142987774631224500, 0.02196562468997006000, 0.02250137163362786800, 0.02357286552094349200, 0.02464435940825911500, 0.02571585329557473200, 0.02678734718289035500, 0.02732309412654816300, 0.02785884107020596800, 0.02893033495752157800, 0.03000182884483718800, 0.03107332273215280400, 0.03160906967581061200, 0.03214481661946842100, 0.03321631050678405100, 0.03428780439409967500 ),
 .UNSPECIFIED. ) ;
#565 = EDGE_CURVE ( 'NONE', #217, #217, #2493, .T. ) ;
#566 = CARTESIAN_POINT ( 'NONE',  ( -8.800000000000000700, 109.8708551808102100, 20.00000000000000000 ) ) ;
#567 = DIRECTION ( 'NONE',  ( -6.123031769111888800E-017, 1.000000000000000000, 0.0000000000000000000 ) ) ;
#568 = VERTEX_POINT ( 'NONE', #483 ) ;
#569 = CARTESIAN_POINT ( 'NONE',  ( 6.377800608416963600, 43.87884212477675300, 44.60898216790468500 ) ) ;
#570 = CIRCLE ( 'NONE', #1981, 58.50000000000000000 ) ;
#571 = TOROIDAL_SURFACE ( 'NONE', #1664, 28.60000000000000100, 1.100000000000000100 ) ;
#572 = ORIENTED_EDGE ( 'NONE', *, *, #2893, .T. ) ;
#573 = CARTESIAN_POINT ( 'NONE',  ( -8.800000000000000700, 109.8708551808102100, -20.00000000000000000 ) ) ;
#574 = CARTESIAN_POINT ( 'NONE',  ( 24.40000000000000200, 35.50000000000000000, 0.0000000000000000000 ) ) ;
#575 = FACE_BOUND ( 'NONE', #2923, .T. ) ;
#576 = DIRECTION ( 'NONE',  ( 1.000000000000000000, 0.0000000000000000000, 6.123031769111888800E-017 ) ) ;
#577 = ORIENTED_EDGE ( 'NONE', *, *, #1721, .T. ) ;
#578 = DIRECTION ( 'NONE',  ( 0.0000000000000000000, 0.0000000000000000000, 1.000000000000000000 ) ) ;
#579 = DIRECTION ( 'NONE',  ( 1.000000000000000000, 0.0000000000000000000, 0.0000000000000000000 ) ) ;
#580 = VECTOR ( 'NONE', #546, 1000.000000000000000 ) ;
#581 = ORIENTED_EDGE ( 'NONE', *, *, #1103, .T. ) ;
#582 = ADVANCED_FACE ( 'E836', ( #2589, #2237 ), #1898, .F. ) ;
#583 = CARTESIAN_POINT ( 'NONE',  ( -22.19999999999999900, 0.0000000000000000000, 0.0000000000000000000 ) ) ;
#584 = ORIENTED_EDGE ( 'NONE', *, *, #2817, .T. ) ;
#585 = DIRECTION ( 'NONE',  ( 0.0000000000000000000, 0.0000000000000000000, -1.000000000000000000 ) ) ;
#586 = CARTESIAN_POINT ( 'NONE',  ( 6.357930222371000400, 44.15885421812864600, 44.33306406109245800 ) ) ;
#587 = EDGE_LOOP ( 'NONE', ( #1668 ) ) ;
#588 = CARTESIAN_POINT ( 'NONE',  ( 32.30000000000000400, 0.0000000000000000000, 0.0000000000000000000 ) ) ;
#589 = EDGE_LOOP ( 'NONE', ( #1043 ) ) ;
#590 = DIRECTION ( 'NONE',  ( 0.0000000000000000000, 0.0000000000000000000, -1.000000000000000000 ) ) ;
#591 = DIRECTION ( 'NONE',  ( 1.000000000000000000, 0.0000000000000000000, 0.0000000000000000000 ) ) ;
#592 = ORIENTED_EDGE ( 'NONE', *, *, #442, .F. ) ;
#593 = EDGE_CURVE ( 'NONE', #1957, #1957, #2197, .T. ) ;
#594 = DIRECTION ( 'NONE',  ( 6.308085367188390000E-017, 0.0000000000000000000, -1.000000000000000000 ) ) ;
#595 = DIRECTION ( 'NONE',  ( 0.0000000000000000000, 0.0000000000000000000, 1.000000000000000000 ) ) ;
#596 = DIRECTION ( 'NONE',  ( 0.0000000000000000000, -1.000000000000000000, 0.0000000000000000000 ) ) ;
#597 = DIRECTION ( 'NONE',  ( 0.0000000000000000000, 0.0000000000000000000, 1.000000000000000000 ) ) ;
#598 = ORIENTED_EDGE ( 'NONE', *, *, #736, .T. ) ;
#599 = EDGE_CURVE ( 'E1122', #2747, #1556, #1625, .T. ) ;
#600 = CARTESIAN_POINT ( 'NONE',  ( 18.00000000000000000, 0.0000000000000000000, 0.0000000000000000000 ) ) ;
#601 = DIRECTION ( 'NONE',  ( -1.000000000000000000, 0.0000000000000000000, 0.0000000000000000000 ) ) ;
#602 = PLANE ( 'NONE',  #931 ) ;
#603 = EDGE_LOOP ( 'NONE', ( #1152 ) ) ;
#604 = VECTOR ( 'NONE', #596, 1000.000000000000000 ) ;
#605 = VERTEX_POINT ( 'NONE', #1588 ) ;
#606 = B_SPLINE_CURVE_WITH_KNOTS ( 'NONE', 3,
 ( #506, #531, #532, #512 ),
 .UNSPECIFIED., .F., .F.,
 ( 4, 4 ),
 ( 0.1186243356870970200, 0.1188896377928556800 ),
 .UNSPECIFIED. ) ;
#607 = CARTESIAN_POINT ( 'NONE',  ( 33.39999999999999900, 33.39999999999999900, 0.0000000000000000000 ) ) ;
#608 = ORIENTED_EDGE ( 'NONE', *, *, #660, .F. ) ;
#609 = CARTESIAN_POINT ( 'NONE',  ( 6.358186898298534100, 44.01840161081454300, 44.47294323927721400 ) ) ;
#610 = DIRECTION ( 'NONE',  ( 0.06162841671621927000, 0.7044160264027586900, 0.7071067811865476800 ) ) ;
#611 = VERTEX_POINT ( 'NONE', #1601 ) ;
#612 = CARTESIAN_POINT ( 'NONE',  ( 9.401078778136689400, 44.58953447129464800, 44.75985924910845200 ) ) ;
#613 = DIRECTION ( 'NONE',  ( 0.0000000000000000000, 1.000000000000000000, 0.0000000000000000000 ) ) ;
#614 = CARTESIAN_POINT ( 'NONE',  ( -8.800000000000000700, 0.0000000000000000000, 0.0000000000000000000 ) ) ;
#615 = CARTESIAN_POINT ( 'NONE',  ( 22.95662432702594900, -15.08493649053890100, -31.12787643056314800 ) ) ;
#616 = FACE_OUTER_BOUND ( 'NONE', #2904, .T. ) ;
#617 = VERTEX_POINT ( 'NONE', #1605 ) ;
#618 = CARTESIAN_POINT ( 'NONE',  ( -7.000000000000000000, 60.12747381295349700, -20.00000000000000000 ) ) ;
#619 = FACE_BOUND ( 'NONE', #717, .T. ) ;
#620 = ORIENTED_EDGE ( 'NONE', *, *, #1271, .T. ) ;
#621 = LINE ( 'NONE', #1599, #2157 ) ;
#622 = CARTESIAN_POINT ( 'NONE',  ( 16.46478424911359900, 0.0000000000000000000, 0.0000000000000000000 ) ) ;
#623 = CIRCLE ( 'NONE', #1356, 20.00000000000000000 ) ;
#624 = DIRECTION ( 'NONE',  ( 0.0000000000000000000, 0.0000000000000000000, 1.000000000000000000 ) ) ;
#625 = DIRECTION ( 'NONE',  ( -1.000000000000000000, 0.0000000000000000000, 0.0000000000000000000 ) ) ;
#626 = FACE_OUTER_BOUND ( 'NONE', #40, .T. ) ;
#627 = CARTESIAN_POINT ( 'NONE',  ( 21.51324865405190000, 32.75000000000000000, -1.110223024625155900E-015 ) ) ;
#628 = EDGE_LOOP ( 'NONE', ( #1546 ) ) ;
#629 = ORIENTED_EDGE ( 'NONE', *, *, #2584, .F. ) ;
#630 = FACE_OUTER_BOUND ( 'NONE', #1665, .T. ) ;
#631 = CARTESIAN_POINT ( 'NONE',  ( -7.088261411673173000, 60.13299673804185400, -20.00000000000000000 ) ) ;
#632 = ORIENTED_EDGE ( 'NONE', *, *, #2189, .F. ) ;
#633 = DIRECTION ( 'NONE',  ( 1.000000000000000000, 0.0000000000000000000, 0.0000000000000000000 ) ) ;
#634 = DIRECTION ( 'NONE',  ( 0.0000000000000000000, 1.000000000000000000, 0.0000000000000000000 ) ) ;
#635 = FACE_BOUND ( 'NONE', #885, .T. ) ;
#636 = DIRECTION ( 'NONE',  ( -1.000000000000000000, 0.0000000000000000000, 0.0000000000000000000 ) ) ;
#637 = ORIENTED_EDGE ( 'NONE', *, *, #1528, .T. ) ;
#638 = FACE_BOUND ( 'NONE', #2366, .T. ) ;
#639 = DIRECTION ( 'NONE',  ( -0.8660254037844386000, 0.4330127018922193500, -0.2500000000000001700 ) ) ;
#640 = CIRCLE ( 'NONE', #1427, 65.00000000000000000 ) ;
#641 = ORIENTED_EDGE ( 'NONE', *, *, #1956, .T. ) ;
#642 = EDGE_CURVE ( 'E1224', #1405, #2642, #2046, .T. ) ;
#643 = VERTEX_POINT ( 'NONE', #493 ) ;
#644 = ORIENTED_EDGE ( 'NONE', *, *, #1425, .T. ) ;
#645 = DIRECTION ( 'NONE',  ( 1.000000000000000000, 0.0000000000000000000, 0.0000000000000000000 ) ) ;
#646 = CARTESIAN_POINT ( 'NONE',  ( 0.0000000000000000000, 0.0000000000000000000, 0.0000000000000000000 ) ) ;
#647 = VERTEX_POINT ( 'NONE', #425 ) ;
#648 = EDGE_LOOP ( 'NONE', ( #2785 ) ) ;
#649 = FACE_OUTER_BOUND ( 'NONE', #6, .T. ) ;
#650 = CARTESIAN_POINT ( 'NONE',  ( 22.95662432702594900, 34.50000000000000000, 2.500000000000000000 ) ) ;
#651 = VERTEX_POINT ( 'NONE', #411 ) ;
#652 = FACE_OUTER_BOUND ( 'NONE', #184, .T. ) ;
#653 = DIRECTION ( 'NONE',  ( -1.000000000000000000, 0.0000000000000000000, 0.0000000000000000000 ) ) ;
#654 = CARTESIAN_POINT ( 'NONE',  ( -22.19999999999999900, 0.0000000000000000000, 0.0000000000000000000 ) ) ;
#655 = CARTESIAN_POINT ( 'NONE',  ( -4.419417382415920400, 0.0000000000000000000, 0.0000000000000000000 ) ) ;
#656 = ORIENTED_EDGE ( 'NONE', *, *, #926, .F. ) ;
#657 = CARTESIAN_POINT ( 'NONE',  ( 16.37999999999999900, 0.0000000000000000000, 0.0000000000000000000 ) ) ;
#658 = ADVANCED_FACE ( 'E790', ( #1477 ), #1616, .T. ) ;
#659 = ORIENTED_EDGE ( 'NONE', *, *, #2298, .T. ) ;
#660 = EDGE_CURVE ( 'E1245', #2642, #1526, #827, .T. ) ;
#661 = DIRECTION ( 'NONE',  ( 0.0000000000000000000, 0.0000000000000000000, 1.000000000000000000 ) ) ;
#662 = ORIENTED_EDGE ( 'NONE', *, *, #2509, .F. ) ;
#663 = FACE_BOUND ( 'NONE', #2165, .T. ) ;
#664 = DIRECTION ( 'NONE',  ( 0.4999999999999998900, 0.0000000000000000000, 0.8660254037844387100 ) ) ;
#665 = EDGE_LOOP ( 'NONE', ( #2439 ) ) ;
#666 = PLANE ( 'NONE',  #1547 ) ;
#667 = DIRECTION ( 'NONE',  ( -0.8660254037844387100, 0.0000000000000000000, 0.4999999999999998900 ) ) ;
#668 = DESIGN_CONTEXT ( 'detailed design', #263, 'design' ) ;
#669 = ORIENTED_EDGE ( 'NONE', *, *, #2039, .F. ) ;
#670 = FACE_OUTER_BOUND ( 'NONE', #981, .T. ) ;
#671 = EDGE_LOOP ( 'NONE', ( #1115 ) ) ;
#672 = DIRECTION ( 'NONE',  ( 1.000000000000000000, 0.0000000000000000000, 6.730369402342480500E-016 ) ) ;
#673 = CARTESIAN_POINT ( 'NONE',  ( -7.264784249113579200, 0.0000000000000000000, 0.0000000000000000000 ) ) ;
#674 = EDGE_CURVE ( 'NONE', #2357, #2357, #969, .T. ) ;
#675 = EDGE_LOOP ( 'NONE', ( #2395, #796, #637, #515, #188, #2671, #62, #818 ) ) ;
#676 = VECTOR ( 'NONE', #482, 1000.000000000000100 ) ;
#677 = DIRECTION ( 'NONE',  ( -1.000000000000000000, 0.0000000000000000000, 0.0000000000000000000 ) ) ;
#678 = LINE ( 'NONE', #566, #604 ) ;
#679 = CIRCLE ( 'NONE', #1329, 5.000000000000002700 ) ;
#680 = PLANE ( 'NONE',  #998 ) ;
#681 = FACE_OUTER_BOUND ( 'NONE', #157, .T. ) ;
#682 = CIRCLE ( 'NONE', #1880, 27.50000000000000000 ) ;
#683 = VECTOR ( 'NONE', #1442, 1000.000000000000100 ) ;
#684 = DIRECTION ( 'NONE',  ( 0.0000000000000000000, 0.0000000000000000000, 1.000000000000000000 ) ) ;
#685 = EDGE_CURVE ( 'NONE', #1313, #1313, #486, .T. ) ;
#686 = CIRCLE ( 'NONE', #1930, 34.50000000000000000 ) ;
#687 = CARTESIAN_POINT ( 'NONE',  ( 27.28675134594815100, 34.50000000000000000, 1.767567020076690100E-016 ) ) ;
#688 = EDGE_LOOP ( 'NONE', ( #2560 ) ) ;
#689 = ORIENTED_EDGE ( 'NONE', *, *, #1774, .F. ) ;
#690 = DIRECTION ( 'NONE',  ( 1.000000000000000000, 0.0000000000000000000, 0.0000000000000000000 ) ) ;
#691 = DIRECTION ( 'NONE',  ( -1.000000000000000000, 0.0000000000000000000, 0.0000000000000000000 ) ) ;
#692 = CIRCLE ( 'NONE', #2146, 33.39999999999999900 ) ;
#693 = LINE ( 'NONE', #801, #2250 ) ;
#694 = DIRECTION ( 'NONE',  ( 0.0000000000000000000, 1.000000000000000000, 0.0000000000000000000 ) ) ;
#695 = ORIENTED_EDGE ( 'NONE', *, *, #807, .F. ) ;
#696 = ORIENTED_EDGE ( 'NONE', *, *, #2659, .F. ) ;
#697 = CYLINDRICAL_SURFACE ( 'NONE', #2390, 9.499999999999994700 ) ;
#698 = EDGE_CURVE ( 'NONE', #643, #643, #692, .T. ) ;
#699 = CARTESIAN_POINT ( 'NONE',  ( -7.200000000000000200, 0.0000000000000000000, 0.0000000000000000000 ) ) ;
#700 = CIRCLE ( 'NONE', #1841, 34.50000000000000000 ) ;
#701 = VERTEX_POINT ( 'NONE', #407 ) ;
#702 = CARTESIAN_POINT ( 'NONE',  ( 0.0000000000000000000, 0.0000000000000000000, 0.0000000000000000000 ) ) ;
#703 = FACE_OUTER_BOUND ( 'NONE', #383, .T. ) ;
#704 = CARTESIAN_POINT ( 'NONE',  ( -7.264784249113579200, 60.14404236174839700, -20.00000000000000000 ) ) ;
#705 = CONICAL_SURFACE ( 'NONE', #1367, 5.000000000000000000, 0.7853981633974482800 ) ;
#706 = DIRECTION ( 'NONE',  ( 0.5000000000000003300, 0.0000000000000000000, -0.8660254037844383700 ) ) ;
#707 = ORIENTED_EDGE ( 'NONE', *, *, #761, .F. ) ;
#708 = ORIENTED_EDGE ( 'NONE', *, *, #2432, .F. ) ;
#709 = DIRECTION ( 'NONE',  ( 0.0000000000000000000, -0.8660254037844387100, 0.4999999999999998900 ) ) ;
#710 = VERTEX_POINT ( 'NONE', #1938 ) ;
#711 = DIRECTION ( 'NONE',  ( -1.000000000000000000, 0.0000000000000000000, 0.0000000000000000000 ) ) ;
#712 = DIRECTION ( 'NONE',  ( 0.0000000000000000000, -0.8722106498830291000, 0.4891304347826090400 ) ) ;
#713 = ORIENTED_EDGE ( 'NONE', *, *, #642, .F. ) ;
#714 = EDGE_CURVE ( 'NONE', #2405, #2405, #474, .T. ) ;
#715 = ORIENTED_EDGE ( 'NONE', *, *, #766, .F. ) ;
#716 = ORIENTED_EDGE ( 'NONE', *, *, #867, .F. ) ;
#717 = EDGE_LOOP ( 'NONE', ( #223 ) ) ;
#718 = CARTESIAN_POINT ( 'NONE',  ( 4.419417382415920400, 0.0000000000000000000, 0.0000000000000000000 ) ) ;
#719 = EDGE_LOOP ( 'NONE', ( #716 ) ) ;
#720 = CARTESIAN_POINT ( 'NONE',  ( 7.200000000000000200, 0.0000000000000000000, 0.0000000000000000000 ) ) ;
#721 = ORIENTED_EDGE ( 'NONE', *, *, #2725, .T. ) ;
#722 = DIRECTION ( 'NONE',  ( 0.0000000000000000000, 0.0000000000000000000, 1.000000000000000000 ) ) ;
#723 = ORIENTED_EDGE ( 'NONE', *, *, #250, .F. ) ;
#724 = B_SPLINE_CURVE_WITH_KNOTS ( 'NONE', 3,
 ( #2686, #2670, #2696, #2700, #2703, #2709, #2711, #2712, #60, #2716, #2720, #2721, #2728, #2732, #2736, #2737, #2741, #2750, #215, #194 ),
 .UNSPECIFIED., .T., .F.,
 ( 4, 2, 2, 2, 2, 2, 2, 2, 2, 4 ),
 ( 0.0000000000000000000, 0.0002442300523349994600, 0.0004884601046699989300, 0.0009769202093399822400, 0.001465380314009965700, 0.001953840418679948900, 0.002442300523349932100, 0.002930760628019915700, 0.003419220732689898500, 0.003907680837359882100 ),
 .UNSPECIFIED. ) ;
#725 = ORIENTED_EDGE ( 'NONE', *, *, #1988, .F. ) ;
#726 = DIRECTION ( 'NONE',  ( 1.000000000000000000, 0.0000000000000000000, 0.0000000000000000000 ) ) ;
#727 = CIRCLE ( 'NONE', #2103, 63.38222015369760200 ) ;
#728 = DIRECTION ( 'NONE',  ( 0.4999999999999998900, 0.0000000000000000000, 0.8660254037844387100 ) ) ;
#729 = CARTESIAN_POINT ( 'NONE',  ( 7.728746327907771300, -42.96546662609310400, 24.37748900882080600 ) ) ;
#730 = VERTEX_POINT ( 'NONE', #1969 ) ;
#731 = EDGE_CURVE ( 'NONE', #267, #267, #282, .T. ) ;
#732 = VECTOR ( 'NONE', #2007, 1000.000000000000000 ) ;
#733 = EDGE_CURVE ( 'NONE', #1514, #1514, #219, .T. ) ;
#734 = DIRECTION ( 'NONE',  ( -1.000000000000000000, 0.0000000000000000000, -6.123031769111888800E-017 ) ) ;
#735 = VECTOR ( 'NONE', #706, 1000.000000000000100 ) ;
#736 = EDGE_CURVE ( 'NONE', #2676, #2676, #196, .T. ) ;
#737 = DIRECTION ( 'NONE',  ( 0.0000000000000000000, 0.0000000000000000000, 1.000000000000000000 ) ) ;
#738 = VERTEX_POINT ( 'NONE', #1998 ) ;
#739 = DIRECTION ( 'NONE',  ( 0.0000000000000000000, 0.0000000000000000000, -1.000000000000000000 ) ) ;
#740 = B_SPLINE_CURVE_WITH_KNOTS ( 'NONE', 3,
 ( #2238, #2138, #2149, #2150, #2153, #2155, #2162, #2167, #2174, #2178, #2183, #2186, #2188, #2196, #2200, #2202, #2204, #2208, #2209, #2213 ),
 .UNSPECIFIED., .T., .F.,
 ( 4, 2, 2, 2, 2, 2, 2, 2, 2, 4 ),
 ( 0.0000000000000000000, 0.0002442300523349884100, 0.0004884601046699768100, 0.0009769202093399570900, 0.001465380314009937300, 0.001953840418679917600, 0.002442300523349897800, 0.002930760628019878000, 0.003419220732689858600, 0.003907680837359838800 ),
 .UNSPECIFIED. ) ;
#741 = CYLINDRICAL_SURFACE ( 'NONE', #1555, 20.00000000000000000 ) ;
#742 = DIRECTION ( 'NONE',  ( 0.0000000000000000000, -1.000000000000000000, 0.0000000000000000000 ) ) ;
#743 = FACE_OUTER_BOUND ( 'NONE', #405, .T. ) ;
#744 = CARTESIAN_POINT ( 'NONE',  ( 25.84337567297404800, 34.50000000000000000, 2.500000000000000000 ) ) ;
#745 = VERTEX_POINT ( 'NONE', #1980 ) ;
#746 = DIRECTION ( 'NONE',  ( 1.000000000000000000, 0.0000000000000000000, 0.0000000000000000000 ) ) ;
#747 = FACE_OUTER_BOUND ( 'NONE', #1195, .T. ) ;
#748 = DIRECTION ( 'NONE',  ( 0.0000000000000000000, 0.0000000000000000000, -1.000000000000000000 ) ) ;
#749 = DIRECTION ( 'NONE',  ( 1.000000000000000000, 0.0000000000000000000, 0.0000000000000000000 ) ) ;
#750 = VERTEX_POINT ( 'NONE', #476 ) ;
#751 = CARTESIAN_POINT ( 'NONE',  ( -100.0000000000000000, 0.0000000000000000000, 0.0000000000000000000 ) ) ;
#752 = ORIENTED_EDGE ( 'NONE', *, *, #2292, .F. ) ;
#753 = DIRECTION ( 'NONE',  ( 0.0000000000000000000, 0.0000000000000000000, 1.000000000000000000 ) ) ;
#754 = DIRECTION ( 'NONE',  ( 1.000000000000000000, 0.0000000000000000000, 0.0000000000000000000 ) ) ;
#755 = ORIENTED_EDGE ( 'NONE', *, *, #698, .T. ) ;
#756 = CARTESIAN_POINT ( 'NONE',  ( 7.568311696087858000, -42.53488026291199000, 25.17005231981245900 ) ) ;
#757 = ORIENTED_EDGE ( 'NONE', *, *, #2509, .T. ) ;
#758 = PLANE ( 'NONE',  #1030 ) ;
#759 = FACE_OUTER_BOUND ( 'NONE', #589, .T. ) ;
#760 = EDGE_CURVE ( 'NONE', #568, #568, #165, .T. ) ;
#761 = EDGE_CURVE ( 'NONE', #1199, #1199, #1220, .T. ) ;
#762 = EDGE_LOOP ( 'NONE', ( #2445 ) ) ;
#763 = FACE_OUTER_BOUND ( 'NONE', #1633, .T. ) ;
#764 = CIRCLE ( 'NONE', #1446, 65.00000000000000000 ) ;
#765 = EDGE_LOOP ( 'NONE', ( #2163 ) ) ;
#766 = EDGE_CURVE ( 'NONE', #750, #750, #68, .T. ) ;
#767 = DIRECTION ( 'NONE',  ( 0.0000000000000000000, -0.2588190451025210700, -0.9659258262890682000 ) ) ;
#768 = CARTESIAN_POINT ( 'NONE',  ( -12.50000000000000000, 0.0000000000000000000, 0.0000000000000000000 ) ) ;
#769 = ORIENTED_EDGE ( 'NONE', *, *, #1774, .T. ) ;
#770 = EDGE_LOOP ( 'NONE', ( #2862 ) ) ;
#771 = DIRECTION ( 'NONE',  ( -0.4999999999999998900, 0.0000000000000000000, -0.8660254037844387100 ) ) ;
#772 = LINE ( 'NONE', #477, #1058 ) ;
#773 = CARTESIAN_POINT ( 'NONE',  ( 27.28675134594815100, 34.50000000000000000, 1.767567020076690100E-016 ) ) ;
#774 = VERTEX_POINT ( 'NONE', #2041 ) ;
#775 = CARTESIAN_POINT ( 'NONE',  ( -7.176522828045659900, 60.13851958761937100, -20.00000000000000000 ) ) ;
#776 = ORIENTED_EDGE ( 'NONE', *, *, #1792, .T. ) ;
#777 = FACE_BOUND ( 'NONE', #1387, .T. ) ;
#778 = CARTESIAN_POINT ( 'NONE',  ( -26.00000000000000000, -92.00000000000000000, 0.0000000000000000000 ) ) ;
#779 = DIRECTION ( 'NONE',  ( 1.000000000000000000, 0.0000000000000000000, 0.0000000000000000000 ) ) ;
#780 = EDGE_CURVE ( 'NONE', #2849, #2849, #740, .T. ) ;
#781 = CARTESIAN_POINT ( 'NONE',  ( 7.061677613702345400, -43.17149527229690900, 24.21490439450331800 ) ) ;
#782 = DIRECTION ( 'NONE',  ( 1.000000000000000000, 0.0000000000000000000, 0.0000000000000000000 ) ) ;
#783 = PRODUCT_RELATED_PRODUCT_CATEGORY ( 'detail', '', ( #401 ) ) ;
#784 = ORIENTED_EDGE ( 'NONE', *, *, #1208, .F. ) ;
#785 = CARTESIAN_POINT ( 'NONE',  ( -8.800000000000000700, 101.7826086956522000, 17.44421299766060000 ) ) ;
#786 = LINE ( 'NONE', #1406, #318 ) ;
#787 = CARTESIAN_POINT ( 'NONE',  ( -8.800000000000000700, 109.8708551808102100, 0.0000000000000000000 ) ) ;
#788 = CC_DESIGN_SECURITY_CLASSIFICATION ( #816, ( #852 ) ) ;
#789 = ORIENTED_EDGE ( 'NONE', *, *, #599, .T. ) ;
#790 = VERTEX_POINT ( 'NONE', #465 ) ;
#791 = CARTESIAN_POINT ( 'NONE',  ( 0.0000000000000000000, 0.0000000000000000000, 0.0000000000000000000 ) ) ;
#792 = LINE ( 'NONE', #1714, #2537 ) ;
#793 = CC_DESIGN_APPROVAL ( #794, ( #816 ) ) ;
#794 = APPROVAL ( #228, 'UNSPECIFIED' ) ;
#795 = CARTESIAN_POINT ( 'NONE',  ( -7.200000000000000200, 0.0000000000000000000, 0.0000000000000000000 ) ) ;
#796 = ORIENTED_EDGE ( 'NONE', *, *, #908, .F. ) ;
#797 = CC_DESIGN_DATE_AND_TIME_ASSIGNMENT ( #2577, #231, ( #816 ) ) ;
#798 = DIRECTION ( 'NONE',  ( 0.0000000000000000000, 0.0000000000000000000, -1.000000000000000000 ) ) ;
#799 = DIRECTION ( 'NONE',  ( 1.000000000000000000, 5.828670879282079700E-016, -3.365184701171235300E-016 ) ) ;
#800 = ORIENTED_EDGE ( 'NONE', *, *, #2397, .F. ) ;
#801 = CARTESIAN_POINT ( 'NONE',  ( -16.00000000000000000, -92.00000000000000000, -20.00000000000000000 ) ) ;
#802 = DIRECTION ( 'NONE',  ( 1.000000000000000000, 0.0000000000000000000, 0.0000000000000000000 ) ) ;
#803 = EDGE_LOOP ( 'NONE', ( #357 ) ) ;
#804 = CARTESIAN_POINT ( 'NONE',  ( 7.263205057347788900, -42.51724458513997700, 25.28945788018796000 ) ) ;
#805 = DIRECTION ( 'NONE',  ( 0.0000000000000000000, 0.0000000000000000000, -1.000000000000000000 ) ) ;
#806 = VECTOR ( 'NONE', #734, 1000.000000000000000 ) ;
#807 = EDGE_CURVE ( 'NONE', #790, #790, #377, .T. ) ;
#808 = DIRECTION ( 'NONE',  ( 0.0000000000000000000, -1.000000000000000000, 0.0000000000000000000 ) ) ;
#809 = VERTEX_POINT ( 'NONE', #2222 ) ;
#810 = CARTESIAN_POINT ( 'NONE',  ( 24.40000000000000200, 34.50000000000000000, 0.0000000000000000000 ) ) ;
#811 = DIRECTION ( 'NONE',  ( 1.000000000000000000, 0.0000000000000000000, 0.0000000000000000000 ) ) ;
#812 = CARTESIAN_POINT ( 'NONE',  ( 6.984477670182979400, -43.16703827355714700, 24.24507945407448900 ) ) ;
#813 = CC_DESIGN_PERSON_AND_ORGANIZATION_ASSIGNMENT ( #2619, #235, ( #816 ) ) ;
#814 = VECTOR ( 'NONE', #857, 1000.000000000000000 ) ;
#815 = EDGE_CURVE ( 'NONE', #1307, #1307, #180, .T. ) ;
#816 = SECURITY_CLASSIFICATION ( '', '', #236 ) ;
#817 = CARTESIAN_POINT ( 'NONE',  ( 7.142815243168661800, -43.16760914455475300, 24.19802682972022400 ) ) ;
#818 = ORIENTED_EDGE ( 'NONE', *, *, #1733, .F. ) ;
#819 = DIRECTION ( 'NONE',  ( 0.0000000000000000000, 1.000000000000000000, 0.0000000000000000000 ) ) ;
#820 = PLANE ( 'NONE',  #1054 ) ;
#821 = ORIENTED_EDGE ( 'NONE', *, *, #1371, .F. ) ;
#822 = CC_DESIGN_PERSON_AND_ORGANIZATION_ASSIGNMENT ( #2625, #238, ( #852 ) ) ;
#823 = CARTESIAN_POINT ( 'NONE',  ( 7.087878530375622400, -42.54272108394569300, 25.29635687604968900 ) ) ;
#824 = CARTESIAN_POINT ( 'NONE',  ( -8.800000000000000700, -92.00000000000000000, -20.00000000000000000 ) ) ;
#825 = CC_DESIGN_PERSON_AND_ORGANIZATION_ASSIGNMENT ( #2628, #241, ( #852 ) ) ;
#826 = FACE_OUTER_BOUND ( 'NONE', #2210, .T. ) ;
#827 = LINE ( 'NONE', #1622, #911 ) ;
#828 = CC_DESIGN_APPROVAL ( #837, ( #852 ) ) ;
#829 = DIRECTION ( 'NONE',  ( 1.000000000000000000, 0.0000000000000000000, 6.123031769111888800E-017 ) ) ;
#830 = ORIENTED_EDGE ( 'NONE', *, *, #2817, .F. ) ;
#831 = CARTESIAN_POINT ( 'NONE',  ( -25.00000000000000000, -31.79347826086955600, 56.69369224239689900 ) ) ;
#832 = EDGE_CURVE ( 'NONE', #174, #174, #2485, .T. ) ;
#833 = CARTESIAN_POINT ( 'NONE',  ( -21.10000000000000100, 0.0000000000000000000, 0.0000000000000000000 ) ) ;
#834 = EDGE_CURVE ( 'NONE', #2369, #2369, #5, .T. ) ;
#835 = CARTESIAN_POINT ( 'NONE',  ( -7.000000000000000000, 0.0000000000000000000, -20.00000000000000000 ) ) ;
#836 = DIRECTION ( 'NONE',  ( 1.000000000000000000, 0.0000000000000000000, 0.0000000000000000000 ) ) ;
#837 = APPROVAL ( #246, 'UNSPECIFIED' ) ;
#838 = DIRECTION ( 'NONE',  ( 0.0000000000000000000, 0.0000000000000000000, 1.000000000000000000 ) ) ;
#839 = CARTESIAN_POINT ( 'NONE',  ( 7.386440292103419100, -43.12407936335910800, 24.20249999106224000 ) ) ;
#840 = CARTESIAN_POINT ( 'NONE',  ( 25.84337567297404800, 32.75000000000000000, 2.500000000000000000 ) ) ;
#841 = EDGE_CURVE ( 'NONE', #2418, #2418, #303, .T. ) ;
#842 = CARTESIAN_POINT ( 'NONE',  ( 7.608193193338559400, -43.04530389623595700, 24.27435100239387500 ) ) ;
#843 = LINE ( 'NONE', #1072, #190 ) ;
#844 = CARTESIAN_POINT ( 'NONE',  ( -25.00000000000000000, 0.0000000000000000000, 0.0000000000000000000 ) ) ;
#845 = DIRECTION ( 'NONE',  ( -0.0000000000000000000, -1.000000000000000000, -0.0000000000000000000 ) ) ;
#846 = PLANE ( 'NONE',  #2350 ) ;
#847 = CARTESIAN_POINT ( 'NONE',  ( 24.40000000000000200, 28.17660000000000100, 0.0000000000000000000 ) ) ;
#848 = DIRECTION ( 'NONE',  ( 0.0000000000000000000, -0.4999999999999998900, -0.8660254037844387100 ) ) ;
#849 = ORIENTED_EDGE ( 'NONE', *, *, #2575, .F. ) ;
#850 = PLANE ( 'NONE',  #2384 ) ;
#851 = DIRECTION ( 'NONE',  ( 0.0000000000000000000, -1.000000000000000000, 0.0000000000000000000 ) ) ;
#852 = PRODUCT_DEFINITION_FORMATION_WITH_SPECIFIED_SOURCE ( 'ANY', '', #401, .NOT_KNOWN. ) ;
#853 = DIRECTION ( 'NONE',  ( 6.123031769111888800E-017, 0.0000000000000000000, -1.000000000000000000 ) ) ;
#854 = EDGE_CURVE ( 'E70', #2754, #1020, #727, .T. ) ;
#855 = CC_DESIGN_DATE_AND_TIME_ASSIGNMENT ( #2708, #248, ( #871 ) ) ;
#856 = ORIENTED_EDGE ( 'NONE', *, *, #2658, .F. ) ;
#857 = DIRECTION ( 'NONE',  ( -1.000000000000000000, 0.0000000000000000000, -4.807406715958909300E-016 ) ) ;
#858 = CARTESIAN_POINT ( 'NONE',  ( 18.00000000000000000, 101.7826086956522000, 17.44421299766060000 ) ) ;
#859 = CARTESIAN_POINT ( 'NONE',  ( 25.84337567297409800, 34.50000000000000000, -2.500000000000000000 ) ) ;
#860 = CIRCLE ( 'NONE', #1473, 65.00000000000000000 ) ;
#861 = CC_DESIGN_PERSON_AND_ORGANIZATION_ASSIGNMENT ( #2740, #253, ( #871 ) ) ;
#862 = DIRECTION ( 'NONE',  ( 1.000000000000000000, 0.0000000000000000000, 0.0000000000000000000 ) ) ;
#863 = FACE_BOUND ( 'NONE', #765, .T. ) ;
#864 = DIRECTION ( 'NONE',  ( 0.5000000000000003300, 0.0000000000000000000, -0.8660254037844383700 ) ) ;
#865 = CC_DESIGN_APPROVAL ( #868, ( #871 ) ) ;
#866 = CARTESIAN_POINT ( 'NONE',  ( 7.200000000000000200, 0.0000000000000000000, 0.0000000000000000000 ) ) ;
#867 = EDGE_CURVE ( 'NONE', #397, #397, #7, .T. ) ;
#868 = APPROVAL ( #259, 'UNSPECIFIED' ) ;
#869 = LINE ( 'NONE', #934, #1400 ) ;
#870 = DIRECTION ( 'NONE',  ( 0.0000000000000000000, -1.000000000000000000, 0.0000000000000000000 ) ) ;
#871 = PRODUCT_DEFINITION ( 'UNKNOWN', '', #852, #668 ) ;
#872 = DIRECTION ( 'NONE',  ( 0.0000000000000000000, 1.000000000000000000, 0.0000000000000000000 ) ) ;
#873 = ORIENTED_EDGE ( 'NONE', *, *, #997, .T. ) ;
#874 = CARTESIAN_POINT ( 'NONE',  ( 7.842795775170198900, -42.79779815824253600, 24.63464714197361300 ) ) ;
#875 = ADVANCED_FACE ( 'E759', ( #2431 ), #2504, .T. ) ;
#876 = CC_DESIGN_PERSON_AND_ORGANIZATION_ASSIGNMENT ( #2793, #268, ( #401 ) ) ;
#877 = DIRECTION ( 'NONE',  ( 1.000000000000000000, 0.0000000000000000000, 0.0000000000000000000 ) ) ;
#878 = CIRCLE ( 'NONE', #2058, 20.00000000000000000 ) ;
#879 = AXIS2_PLACEMENT_3D ( 'NONE', #562, #324, #274 ) ;
#880 = CARTESIAN_POINT ( 'NONE',  ( 7.836707648772599700, -42.71018795871346200, 24.78816846166267500 ) ) ;
#881 = CARTESIAN_POINT ( 'NONE',  ( -8.800000000000000700, 109.8708551808102100, 0.0000000000000000000 ) ) ;
#882 = ORIENTED_EDGE ( 'NONE', *, *, #1758, .T. ) ;
#883 = DIRECTION ( 'NONE',  ( 1.000000000000000000, 0.0000000000000000000, 0.0000000000000000000 ) ) ;
#884 = DIRECTION ( 'NONE',  ( 1.000000000000000000, 0.0000000000000000000, 0.0000000000000000000 ) ) ;
#885 = EDGE_LOOP ( 'NONE', ( #3 ) ) ;
#886 = CARTESIAN_POINT ( 'NONE',  ( 7.697998058847280900, -42.57761353978278900, 25.05823395747631100 ) ) ;
#887 = VECTOR ( 'NONE', #2677, 1000.000000000000000 ) ;
#888 = DIRECTION ( 'NONE',  ( 0.0000000000000000000, 0.0000000000000000000, -1.000000000000000000 ) ) ;
#889 = FACE_OUTER_BOUND ( 'NONE', #2762, .T. ) ;
#890 = CARTESIAN_POINT ( 'NONE',  ( 25.84337567297404800, 34.50000000000000000, 2.500000000000000000 ) ) ;
#891 = AXIS2_PLACEMENT_3D ( 'NONE', #574, #567, #578 ) ;
#892 = CARTESIAN_POINT ( 'NONE',  ( -100.0000000000000000, 0.0000000000000000000, 0.0000000000000000000 ) ) ;
#893 = VERTEX_POINT ( 'NONE', #2486 ) ;
#894 = PLANE ( 'NONE',  #2334 ) ;
#895 = DIRECTION ( 'NONE',  ( 0.0000000000000000000, -1.000000000000000000, 0.0000000000000000000 ) ) ;
#896 = FACE_OUTER_BOUND ( 'NONE', #1584, .T. ) ;
#897 = FACE_OUTER_BOUND ( 'NONE', #1233, .T. ) ;
#898 = ORIENTED_EDGE ( 'NONE', *, *, #2402, .T. ) ;
#899 = CARTESIAN_POINT ( 'NONE',  ( 6.563865965586208200, -42.98328487479084000, 24.68562042674543000 ) ) ;
#900 = EDGE_CURVE ( 'E400', #1111, #306, #1542, .T. ) ;
#901 = VECTOR ( 'NONE', #1737, 1000.000000000000100 ) ;
#902 = EDGE_LOOP ( 'NONE', ( #1970 ) ) ;
#903 = CARTESIAN_POINT ( 'NONE',  ( 18.00000000000000000, 101.7826086956522000, 17.44421299766060000 ) ) ;
#904 =( GEOMETRIC_REPRESENTATION_CONTEXT ( 3 ) GLOBAL_UNCERTAINTY_ASSIGNED_CONTEXT ( ( #2086 ) ) GLOBAL_UNIT_ASSIGNED_CONTEXT ( ( #313, #311, #299 ) ) REPRESENTATION_CONTEXT ( 'NONE', 'WORKASPACE' ) );
#905 = EDGE_LOOP ( 'NONE', ( #2516 ) ) ;
#906 = DIRECTION ( 'NONE',  ( -1.000000000000000000, 0.0000000000000000000, 0.0000000000000000000 ) ) ;
#907 = ORIENTED_EDGE ( 'NONE', *, *, #1425, .F. ) ;
#908 = EDGE_CURVE ( 'E246', #2176, #945, #878, .T. ) ;
#909 = CARTESIAN_POINT ( 'NONE',  ( 0.0000000000000000000, 0.0000000000000000000, 0.0000000000000000000 ) ) ;
#910 = DIRECTION ( 'NONE',  ( 5.340573518591510100E-017, -0.4891304347826090400, -0.8722106498830291000 ) ) ;
#911 = VECTOR ( 'NONE', #1613, 1000.000000000000000 ) ;
#912 = DIRECTION ( 'NONE',  ( -1.000000000000000000, 0.0000000000000000000, -6.123031769111888800E-017 ) ) ;
#913 = B_SPLINE_CURVE_WITH_KNOTS ( 'NONE', 3,
 ( #1341, #1347, #1352, #1353, #1357, #1359, #1363, #1365, #1368, #1369, #1372, #1373, #1374, #1376, #1377, #1379, #1380, #1382, #1383, #1385, #1388, #1389, #1393, #1396, #1398, #1402, #1404, #1408, #1410, #1411, #1417, #1420, #1421, #1429, #1432, #1438, #1440, #1443, #1448, #1449, #1452, #1454, #1456, #1463, #1471, #1476, #1478, #1482, #1485, #1487, #1488, #1490, #1493, #1496, #1498, #1504, #1510, #1511, #1516, #1518, #1523, #1524, #1529, #1532, #1536, #1537, #1543, #1548, #1551, #1552, #972, #173, #125, #1554 ),
 .UNSPECIFIED., .T., .F.,
 ( 4, 2, 2, 2, 2, 2, 2, 2, 2, 2, 2, 2, 2, 2, 2, 2, 2, 2, 2, 2, 2, 2, 2, 2, 2, 2, 2, 2, 2, 2, 2, 2, 2, 2, 2, 2, 4 ),
 ( 0.0000000000000000000, 0.0009789289768593685700, 0.001468393465289047400, 0.001957857953718726300, 0.002936786930578093100, 0.003915715907437459500, 0.004894644884296826800, 0.005873573861156194100, 0.006852502838015561400, 0.007831431814874927800, 0.008810360791734294200, 0.009789289768593660600, 0.01027875425702335000, 0.01076821874545303900, 0.01174714772231241600, 0.01272607669917179300, 0.01370500567603116800, 0.01468393465289054300, 0.01566286362974991800, 0.01664179260660929300, 0.01762072158346866800, 0.01811018607189835600, 0.01859965056032804300, 0.01957857953718742200, 0.02055750851404680000, 0.02153643749090617900, 0.02202590197933587000, 0.02251536646776556100, 0.02349429544462494300, 0.02447322442148433200, 0.02545215339834371400, 0.02643108237520309600, 0.02741001135206247800, 0.02838894032892186000, 0.02936786930578124200, 0.03034679828264062400, 0.03132572725950000900 ),
 .UNSPECIFIED. ) ;
#914 = EDGE_CURVE ( 'NONE', #2329, #2329, #537, .T. ) ;
#915 = DIRECTION ( 'NONE',  ( 2.994961191413425000E-017, 0.8722106498830291000, -0.4891304347826090400 ) ) ;
#916 = CYLINDRICAL_SURFACE ( 'NONE', #891, 5.000000000000000000 ) ;
#917 = CARTESIAN_POINT ( 'NONE',  ( 27.28675134594815100, 34.50000000000000000, 1.767567020076690100E-016 ) ) ;
#918 = VERTEX_POINT ( 'NONE', #380 ) ;
#919 = DIRECTION ( 'NONE',  ( 0.0000000000000000000, 0.0000000000000000000, 1.000000000000000000 ) ) ;
#920 = EDGE_LOOP ( 'NONE', ( #2323, #949, #2428, #1686 ) ) ;
#921 = DIRECTION ( 'NONE',  ( 1.000000000000000000, 0.0000000000000000000, 0.0000000000000000000 ) ) ;
#922 = DIRECTION ( 'NONE',  ( 1.000000000000000000, 0.0000000000000000000, 0.0000000000000000000 ) ) ;
#923 = FACE_BOUND ( 'NONE', #1568, .T. ) ;
#924 = CARTESIAN_POINT ( 'NONE',  ( 18.00000000000000000, 92.00000000000000000, -3.000285566864825100E-015 ) ) ;
#925 = ORIENTED_EDGE ( 'NONE', *, *, #1371, .T. ) ;
#926 = EDGE_CURVE ( 'E427', #745, #2920, #1717, .T. ) ;
#927 = AXIS2_PLACEMENT_3D ( 'NONE', #583, #579, #585 ) ;
#928 = DIRECTION ( 'NONE',  ( 0.0000000000000000000, 0.0000000000000000000, 1.000000000000000000 ) ) ;
#929 = CARTESIAN_POINT ( 'NONE',  ( 22.95662432702594900, -14.20993649053890100, -29.61233197394035000 ) ) ;
#930 = CONICAL_SURFACE ( 'NONE', #1832, 2.458750000000002900, 0.7853981633974518300 ) ;
#931 = AXIS2_PLACEMENT_3D ( 'NONE', #607, #591, #590 ) ;
#932 = CARTESIAN_POINT ( 'NONE',  ( 27.28675134594815100, 32.75000000000000000, 1.767567020076690100E-016 ) ) ;
#933 = VERTEX_POINT ( 'NONE', #414 ) ;
#934 = CARTESIAN_POINT ( 'NONE',  ( 25.84337567297409800, 32.75000000000000000, -2.500000000000000000 ) ) ;
#935 = AXIS2_PLACEMENT_3D ( 'NONE', #612, #610, #208 ) ;
#936 = FACE_OUTER_BOUND ( 'NONE', #1181, .T. ) ;
#937 = LINE ( 'NONE', #1696, #2009 ) ;
#938 = ADVANCED_FACE ( 'E118', ( #747 ), #2576, .T. ) ;
#939 = DIRECTION ( 'NONE',  ( 0.0000000000000000000, -1.000000000000000000, 0.0000000000000000000 ) ) ;
#940 = EDGE_LOOP ( 'NONE', ( #408 ) ) ;
#941 = CARTESIAN_POINT ( 'NONE',  ( 0.0000000000000000000, 0.0000000000000000000, 0.0000000000000000000 ) ) ;
#942 = DIRECTION ( 'NONE',  ( -0.4999999999999998900, 0.0000000000000000000, -0.8660254037844387100 ) ) ;
#943 = AXIS2_PLACEMENT_3D ( 'NONE', #588, #636, #595 ) ;
#944 = CARTESIAN_POINT ( 'NONE',  ( -22.19999999999999900, 0.0000000000000000000, 0.0000000000000000000 ) ) ;
#945 = VERTEX_POINT ( 'NONE', #2649 ) ;
#946 = VERTEX_POINT ( 'NONE', #530 ) ;
#947 = AXIS2_PLACEMENT_3D ( 'NONE', #654, #653, #661 ) ;
#948 = VERTEX_POINT ( 'NONE', #2668 ) ;
#949 = ORIENTED_EDGE ( 'NONE', *, *, #2239, .T. ) ;
#950 = CARTESIAN_POINT ( 'NONE',  ( 0.0000000000000000000, 0.0000000000000000000, 0.0000000000000000000 ) ) ;
#951 = EDGE_LOOP ( 'NONE', ( #2156, #2144, #1047, #456, #155, #1354, #1760, #2707 ) ) ;
#952 = CARTESIAN_POINT ( 'NONE',  ( 6.792596154359058500, -42.64737319448008200, 25.20097235391426300 ) ) ;
#953 = DIRECTION ( 'NONE',  ( 0.0000000000000000000, -1.000000000000000000, 0.0000000000000000000 ) ) ;
#954 = DIRECTION ( 'NONE',  ( -1.000000000000000000, 0.0000000000000000000, -4.807406715958909300E-016 ) ) ;
#955 = FACE_BOUND ( 'NONE', #2769, .T. ) ;
#956 = CARTESIAN_POINT ( 'NONE',  ( 25.84337567297409800, 34.50000000000000000, -2.500000000000000000 ) ) ;
#957 = EDGE_CURVE ( 'NONE', #2491, #2491, #724, .T. ) ;
#958 = CARTESIAN_POINT ( 'NONE',  ( -7.264784249113579200, 60.14404236174839700, -20.00000000000000000 ) ) ;
#959 = DIRECTION ( 'NONE',  ( 0.0000000000000000000, 1.000000000000000000, 0.0000000000000000000 ) ) ;
#960 = DIRECTION ( 'NONE',  ( 0.0000000000000000000, 1.000000000000000000, 0.0000000000000000000 ) ) ;
#961 = DIRECTION ( 'NONE',  ( 0.0000000000000000000, 0.0000000000000000000, -1.000000000000000000 ) ) ;
#962 = AXIS2_PLACEMENT_3D ( 'NONE', #622, #625, #624 ) ;
#963 = CARTESIAN_POINT ( 'NONE',  ( 6.672022803024640700, -42.72655837469573500, 25.09885718359404500 ) ) ;
#964 = FACE_OUTER_BOUND ( 'NONE', #1201, .T. ) ;
#965 = CARTESIAN_POINT ( 'NONE',  ( 6.556717768378920400, -42.89571596842746000, 24.83937024996077300 ) ) ;
#966 = VERTEX_POINT ( 'NONE', #2690 ) ;
#967 = EDGE_CURVE ( 'E219', #611, #2826, #2005, .T. ) ;
#968 = DIRECTION ( 'NONE',  ( 0.0000000000000000000, 1.000000000000000000, 0.0000000000000000000 ) ) ;
#969 = B_SPLINE_CURVE_WITH_KNOTS ( 'NONE', 3,
 ( #1636, #1628, #1639, #1643, #1645, #1651, #1656, #1657, #1662, #1663, #1667, #1672, #1632, #1673, #1677, #1682, #1683, #1685, #1687, #1689, #1690, #1693, #1694, #1698, #1700, #1702, #1704, #1705, #1711, #1716, #1718, #1725, #1734, #1736, #1740, #1743, #1744, #1751, #1753, #1762, #1768, #1775, #1780, #1789, #1795, #1800, #1806, #1810, #1811, #1813, #1817, #1818, #1819, #1823, #1827, #1833, #1835, #1837, #1844, #1847, #1849, #1854, #1855, #1881, #1884, #1886, #1893, #1894, #1895, #1903, #1904, #1909, #1922, #1926 ),
 .UNSPECIFIED., .T., .F.,
 ( 4, 2, 2, 2, 2, 2, 2, 2, 2, 2, 2, 2, 2, 2, 2, 2, 2, 2, 2, 2, 2, 2, 2, 2, 2, 2, 2, 2, 2, 2, 2, 2, 2, 2, 2, 2, 4 ),
 ( 0.0000000000000000000, 0.0009789289768593590300, 0.001468393465289043500, 0.001957857953718728500, 0.002936786930578106200, 0.003915715907437484700, 0.004894644884296862400, 0.005873573861156240100, 0.006852502838015619500, 0.007831431814874997100, 0.008810360791734375700, 0.009789289768593752500, 0.01027875425702344200, 0.01076821874545312900, 0.01174714772231250400, 0.01272607669917188300, 0.01370500567603126000, 0.01468393465289063500, 0.01566286362975001200, 0.01664179260660938700, 0.01762072158346876500, 0.01811018607189845600, 0.01859965056032814400, 0.01957857953718751900, 0.02055750851404689700, 0.02153643749090627300, 0.02202590197933596000, 0.02251536646776564400, 0.02349429544462501900, 0.02447322442148440100, 0.02545215339834377600, 0.02643108237520315100, 0.02741001135206253000, 0.02838894032892190500, 0.02936786930578128000, 0.03034679828264065900, 0.03132572725950003700 ),
 .UNSPECIFIED. ) ;
#970 = EDGE_CURVE ( 'E319', #948, #2297, #2480, .T. ) ;
#971 = DIRECTION ( 'NONE',  ( 0.0000000000000000000, -1.000000000000000000, 0.0000000000000000000 ) ) ;
#972 = CARTESIAN_POINT ( 'NONE',  ( 23.09638496277748500, -9.345482998113077100, -25.86341537568488000 ) ) ;
#973 = CONICAL_SURFACE ( 'NONE', #1134, 4.323400000000000400, 0.7853981633974476100 ) ;
#974 = EDGE_CURVE ( 'E382', #2131, #1659, #2633, .T. ) ;
#975 = VERTEX_POINT ( 'NONE', #172 ) ;
#976 = CARTESIAN_POINT ( 'NONE',  ( 24.40000000000000200, 27.50000000000000000, 0.0000000000000000000 ) ) ;
#977 = ORIENTED_EDGE ( 'NONE', *, *, #900, .F. ) ;
#978 = CARTESIAN_POINT ( 'NONE',  ( -7.685728468524851900, 60.21233184850182600, -20.00000000000000400 ) ) ;
#979 = FACE_BOUND ( 'NONE', #671, .T. ) ;
#980 = CARTESIAN_POINT ( 'NONE',  ( -7.474271002432018900, 60.15561219651655700, -19.99999999999999600 ) ) ;
#981 = EDGE_LOOP ( 'NONE', ( #134, #2667, #1045, #75 ) ) ;
#982 = DIRECTION ( 'NONE',  ( -5.337610695313252700E-017, 0.0000000000000000000, 1.000000000000000000 ) ) ;
#983 = CARTESIAN_POINT ( 'NONE',  ( 24.40000000000000200, -17.25000000000000000, -29.87787643056314800 ) ) ;
#984 = ORIENTED_EDGE ( 'NONE', *, *, #766, .T. ) ;
#985 = DIRECTION ( 'NONE',  ( -1.000000000000000000, 0.0000000000000000000, -6.123031769111888800E-017 ) ) ;
#986 = DIRECTION ( 'NONE',  ( 0.0000000000000000000, 0.4999999999999998900, 0.8660254037844387100 ) ) ;
#987 = ORIENTED_EDGE ( 'NONE', *, *, #2623, .T. ) ;
#988 = ORIENTED_EDGE ( 'NONE', *, *, #674, .F. ) ;
#989 = EDGE_CURVE ( 'NONE', #1982, #1982, #2475, .T. ) ;
#990 = ORIENTED_EDGE ( 'NONE', *, *, #2303, .T. ) ;
#991 = DIRECTION ( 'NONE',  ( 0.0000000000000000000, 0.0000000000000000000, 1.000000000000000000 ) ) ;
#992 = CARTESIAN_POINT ( 'NONE',  ( -7.000000000000000000, 0.0000000000000000000, -20.00000000000000000 ) ) ;
#993 = DIRECTION ( 'NONE',  ( 0.0000000000000000000, -0.8660254037844387100, 0.4999999999999996700 ) ) ;
#994 = ORIENTED_EDGE ( 'NONE', *, *, #1108, .F. ) ;
#995 = CARTESIAN_POINT ( 'NONE',  ( -8.800000000000000700, 92.00000000000000000, 20.00000000000000000 ) ) ;
#996 = LINE ( 'NONE', #563, #580 ) ;
#997 = EDGE_CURVE ( 'NONE', #71, #71, #2083, .T. ) ;
#998 = AXIS2_PLACEMENT_3D ( 'NONE', #687, #667, #664 ) ;
#999 = CARTESIAN_POINT ( 'NONE',  ( -8.061051945665154200, 60.39960235960621300, -20.00000000000000000 ) ) ;
#1000 = CARTESIAN_POINT ( 'NONE',  ( 18.00000000000000000, 0.0000000000000000000, 2.632903660718109900E-015 ) ) ;
#1001 = ORIENTED_EDGE ( 'NONE', *, *, #1384, .T. ) ;
#1002 = CARTESIAN_POINT ( 'NONE',  ( -8.230995744250702000, 60.53203202165610700, -20.00000000000000000 ) ) ;
#1003 = CARTESIAN_POINT ( 'NONE',  ( -8.800000000000000700, -61.84658438426490100, -20.00000000000000000 ) ) ;
#1004 = DIRECTION ( 'NONE',  ( 1.000000000000000000, 0.0000000000000000000, 0.0000000000000000000 ) ) ;
#1005 = CARTESIAN_POINT ( 'NONE',  ( 6.701343971942019800, -43.11480289411019100, 24.41787728830455600 ) ) ;
#1006 = CONICAL_SURFACE ( 'NONE', #927, 33.39999999999999900, 0.7853981633974497200 ) ;
#1007 = DIRECTION ( 'NONE',  ( 0.0000000000000000000, 0.8660254037844387100, -0.4999999999999996700 ) ) ;
#1008 = AXIS2_PLACEMENT_3D ( 'NONE', #699, #694, #690 ) ;
#1009 = ORIENTED_EDGE ( 'NONE', *, *, #525, .F. ) ;
#1010 = DIRECTION ( 'NONE',  ( 0.0000000000000000000, -0.4999999999999998900, -0.8660254037844387100 ) ) ;
#1011 = EDGE_CURVE ( 'E264', #948, #2, #1016, .T. ) ;
#1012 = DIRECTION ( 'NONE',  ( -1.000000000000000000, 0.0000000000000000000, -6.123031769111888800E-017 ) ) ;
#1013 = ORIENTED_EDGE ( 'NONE', *, *, #2315, .T. ) ;
#1014 = CARTESIAN_POINT ( 'NONE',  ( -8.507570798785076600, 60.84687375877069100, -20.00000000000000000 ) ) ;
#1015 = EDGE_LOOP ( 'NONE', ( #2023, #1277, #374, #1273 ) ) ;
#1016 = CIRCLE ( 'NONE', #2036, 20.00000000000000000 ) ;
#1017 = AXIS2_PLACEMENT_3D ( 'NONE', #720, #709, #754 ) ;
#1018 = AXIS2_PLACEMENT_3D ( 'NONE', #751, #726, #742 ) ;
#1019 = CARTESIAN_POINT ( 'NONE',  ( -8.617014492141764800, 61.03227957197161400, -20.00000000000000000 ) ) ;
#1020 = VERTEX_POINT ( 'NONE', #304 ) ;
#1021 = CIRCLE ( 'NONE', #1064, 4.323399999999999500 ) ;
#1022 = ORIENTED_EDGE ( 'NONE', *, *, #1401, .F. ) ;
#1023 = CARTESIAN_POINT ( 'NONE',  ( -8.762451199808245100, 61.42547780288989400, -20.00000000000000000 ) ) ;
#1024 = VECTOR ( 'NONE', #1675, 1000.000000000000100 ) ;
#1025 = CARTESIAN_POINT ( 'NONE',  ( 24.40000000000000200, -13.75000000000000000, -23.81569860407205400 ) ) ;
#1026 = DIRECTION ( 'NONE',  ( -1.000000000000000000, 0.0000000000000000000, -6.123031769111888800E-017 ) ) ;
#1027 = CARTESIAN_POINT ( 'NONE',  ( -8.799999999999998900, 61.63684526286991900, -20.00000000000000000 ) ) ;
#1028 = CARTESIAN_POINT ( 'NONE',  ( -8.800000000000000700, 61.84658438426490100, -20.00000000000000000 ) ) ;
#1029 = CARTESIAN_POINT ( 'NONE',  ( 25.84337567297409800, -19.41506350946109900, -28.62787643056314800 ) ) ;
#1030 = AXIS2_PLACEMENT_3D ( 'NONE', #787, #749, #748 ) ;
#1031 = CARTESIAN_POINT ( 'NONE',  ( -12.50000000000000000, 0.0000000000000000000, 0.0000000000000000000 ) ) ;
#1032 = CARTESIAN_POINT ( 'NONE',  ( 20.07659999999999900, 34.50000000000000000, 0.0000000000000000000 ) ) ;
#1033 = ADVANCED_FACE ( 'E839', ( #431, #1193 ), #302, .F. ) ;
#1034 = DIRECTION ( 'NONE',  ( 1.000000000000000000, 0.0000000000000000000, 0.0000000000000000000 ) ) ;
#1035 = PLANE ( 'NONE',  #2276 ) ;
#1036 = AXIS2_PLACEMENT_3D ( 'NONE', #795, #767, #779 ) ;
#1037 = DIRECTION ( 'NONE',  ( 1.000000000000000000, 5.828670879282079700E-016, -3.365184701171235300E-016 ) ) ;
#1038 = CARTESIAN_POINT ( 'NONE',  ( 22.95662432702594900, -14.20993649053890100, -29.61233197394035000 ) ) ;
#1039 = CARTESIAN_POINT ( 'NONE',  ( 6.830077783144246500, -43.15812427607761500, 24.30542957321682700 ) ) ;
#1040 = CARTESIAN_POINT ( 'NONE',  ( 0.0000000000000000000, 0.0000000000000000000, 0.0000000000000000000 ) ) ;
#1041 = CARTESIAN_POINT ( 'NONE',  ( 6.984477670182979400, -43.16703827355714700, 24.24507945407448900 ) ) ;
#1042 = EDGE_LOOP ( 'NONE', ( #2396 ) ) ;
#1043 = ORIENTED_EDGE ( 'NONE', *, *, #1414, .F. ) ;
#1044 = PLANE ( 'NONE',  #1560 ) ;
#1045 = ORIENTED_EDGE ( 'NONE', *, *, #2361, .T. ) ;
#1046 = CARTESIAN_POINT ( 'NONE',  ( -7.176522828045640300, 60.13851958761936300, 20.00000000000000000 ) ) ;
#1047 = ORIENTED_EDGE ( 'NONE', *, *, #900, .T. ) ;
#1048 = VERTEX_POINT ( 'NONE', #305 ) ;
#1049 = DIRECTION ( 'NONE',  ( 0.0000000000000000000, -1.000000000000000000, 0.0000000000000000000 ) ) ;
#1050 = ORIENTED_EDGE ( 'NONE', *, *, #2353, .F. ) ;
#1051 = AXIS2_PLACEMENT_3D ( 'NONE', #791, #819, #782 ) ;
#1052 = DIRECTION ( 'NONE',  ( 1.000000000000000000, 0.0000000000000000000, 0.0000000000000000000 ) ) ;
#1053 = ORIENTED_EDGE ( 'NONE', *, *, #854, .F. ) ;
#1054 = AXIS2_PLACEMENT_3D ( 'NONE', #835, #802, #798 ) ;
#1055 = AXIS2_PLACEMENT_3D ( 'NONE', #646, #634, #633 ) ;
#1056 = FACE_BOUND ( 'NONE', #353, .T. ) ;
#1057 = PLANE ( 'NONE',  #2260 ) ;
#1058 = VECTOR ( 'NONE', #333, 1000.000000000000100 ) ;
#1059 = AXIS2_PLACEMENT_3D ( 'NONE', #866, #848, #877 ) ;
#1060 = DIRECTION ( 'NONE',  ( 0.0000000000000000000, -1.000000000000000000, 0.0000000000000000000 ) ) ;
#1061 = CARTESIAN_POINT ( 'NONE',  ( 25.84337567297404800, -15.08493649053890100, -31.12787643056314800 ) ) ;
#1062 = DIRECTION ( 'NONE',  ( -0.8660254037844387100, -0.4330127018922195200, 0.2500000000000000000 ) ) ;
#1063 = FACE_BOUND ( 'NONE', #161, .T. ) ;
#1064 = AXIS2_PLACEMENT_3D ( 'NONE', #810, #808, #805 ) ;
#1065 = CARTESIAN_POINT ( 'NONE',  ( -7.264784249113579200, 60.14404236174839700, -20.00000000000000000 ) ) ;
#1066 = DIRECTION ( 'NONE',  ( -0.5000000000000001100, 0.7500000000000001100, -0.4330127018922190800 ) ) ;
#1067 = SPHERICAL_SURFACE ( 'NONE', #2326, 50.00000000000000000 ) ;
#1068 = CARTESIAN_POINT ( 'NONE',  ( -8.800000000000004300, 61.74112551035722900, 19.99999999999999600 ) ) ;
#1069 = CARTESIAN_POINT ( 'NONE',  ( 18.00000000000000000, -101.7826086956522000, 17.44421299766060000 ) ) ;
#1070 = DIRECTION ( 'NONE',  ( 0.0000000000000000000, 1.000000000000000000, 0.0000000000000000000 ) ) ;
#1071 = DIRECTION ( 'NONE',  ( 0.0000000000000000000, 0.0000000000000000000, -1.000000000000000000 ) ) ;
#1072 = CARTESIAN_POINT ( 'NONE',  ( 22.95662432702594900, 34.50000000000000000, -2.500000000000000000 ) ) ;
#1073 = DIRECTION ( 'NONE',  ( 1.000000000000000000, 0.0000000000000000000, 0.0000000000000000000 ) ) ;
#1074 = VERTEX_POINT ( 'NONE', #325 ) ;
#1075 = CARTESIAN_POINT ( 'NONE',  ( -12.50000000000000000, 0.0000000000000000000, 0.0000000000000000000 ) ) ;
#1076 = AXIS2_PLACEMENT_3D ( 'NONE', #892, #883, #895 ) ;
#1077 = CONICAL_SURFACE ( 'NONE', #1697, 5.000000000000000000, 0.7853981633974469500 ) ;
#1078 = DIRECTION ( 'NONE',  ( 1.000000000000000000, 0.0000000000000000000, 0.0000000000000000000 ) ) ;
#1079 = AXIS2_PLACEMENT_3D ( 'NONE', #944, #906, #919 ) ;
#1080 = DIRECTION ( 'NONE',  ( -1.000000000000000000, 0.0000000000000000000, 0.0000000000000000000 ) ) ;
#1081 = DIRECTION ( 'NONE',  ( 0.0000000000000000000, 1.000000000000000000, 0.0000000000000000000 ) ) ;
#1082 = FACE_BOUND ( 'NONE', #37, .T. ) ;
#1083 = CARTESIAN_POINT ( 'NONE',  ( -26.00000000000000000, 92.00000000000000000, 0.0000000000000000000 ) ) ;
#1084 = DIRECTION ( 'NONE',  ( 1.224606353822375800E-016, 0.0000000000000000000, -1.000000000000000000 ) ) ;
#1085 = CARTESIAN_POINT ( 'NONE',  ( -25.00000000000000000, -101.7826086956522000, 17.44421299766060000 ) ) ;
#1086 = FACE_OUTER_BOUND ( 'NONE', #2011, .T. ) ;
#1087 = CARTESIAN_POINT ( 'NONE',  ( -7.088261411673151700, 60.13299673804184700, 20.00000000000000000 ) ) ;
#1088 = DIRECTION ( 'NONE',  ( 1.000000000000000000, 0.0000000000000000000, 1.224606353822375800E-016 ) ) ;
#1089 = ORIENTED_EDGE ( 'NONE', *, *, #2309, .F. ) ;
#1090 = CARTESIAN_POINT ( 'NONE',  ( 22.95662432702594900, 34.50000000000000000, -2.500000000000000000 ) ) ;
#1091 = EDGE_LOOP ( 'NONE', ( #1412 ) ) ;
#1092 = FACE_OUTER_BOUND ( 'NONE', #1375, .T. ) ;
#1093 = CARTESIAN_POINT ( 'NONE',  ( 24.40000000000000200, -16.91170000000000300, -29.29192364236259700 ) ) ;
#1094 = EDGE_CURVE ( 'E867', #519, #2145, #772, .T. ) ;
#1095 = CARTESIAN_POINT ( 'NONE',  ( -10.00000000000000000, 0.0000000000000000000, 3.061515884555945100E-016 ) ) ;
#1096 = CARTESIAN_POINT ( 'NONE',  ( 22.95662432702594900, 32.75000000000000000, -2.500000000000000000 ) ) ;
#1097 = VERTEX_POINT ( 'NONE', #404 ) ;
#1098 = DIRECTION ( 'NONE',  ( 0.0000000000000000000, 0.8660254037844386000, -0.5000000000000002200 ) ) ;
#1099 = CARTESIAN_POINT ( 'NONE',  ( 22.95662432702594900, 32.75000000000000000, -2.500000000000000000 ) ) ;
#1100 = AXIS2_PLACEMENT_3D ( 'NONE', #941, #960, #921 ) ;
#1101 = CARTESIAN_POINT ( 'NONE',  ( 20.42730858389764100, 34.29355808983469700, -3.777562818406841900 ) ) ;
#1102 = CYLINDRICAL_SURFACE ( 'NONE', #1738, 34.50000000000000000 ) ;
#1103 = EDGE_CURVE ( 'E168', #611, #738, #548, .T. ) ;
#1104 = DIRECTION ( 'NONE',  ( 0.0000000000000000000, -1.000000000000000000, 0.0000000000000000000 ) ) ;
#1105 = DIRECTION ( 'NONE',  ( 0.0000000000000000000, 0.0000000000000000000, -1.000000000000000000 ) ) ;
#1106 = DIRECTION ( 'NONE',  ( -0.4999999999999998900, 0.0000000000000000000, 0.8660254037844387100 ) ) ;
#1107 = DIRECTION ( 'NONE',  ( -6.123031769111887500E-017, -0.4999999999999998900, -0.8660254037844387100 ) ) ;
#1108 = EDGE_CURVE ( 'NONE', #458, #458, #2457, .T. ) ;
#1109 = CARTESIAN_POINT ( 'NONE',  ( 22.95662432702594900, 34.50000000000000000, 2.500000000000000000 ) ) ;
#1110 = EDGE_LOOP ( 'NONE', ( #2132 ) ) ;
#1111 = VERTEX_POINT ( 'NONE', #373 ) ;
#1112 = FACE_OUTER_BOUND ( 'NONE', #2884, .T. ) ;
#1113 = AXIS2_PLACEMENT_3D ( 'NONE', #1000, #985, #982 ) ;
#1114 = DIRECTION ( 'NONE',  ( 0.0000000000000000000, 0.8660254037844386000, -0.5000000000000002200 ) ) ;
#1115 = ORIENTED_EDGE ( 'NONE', *, *, #2419, .T. ) ;
#1116 = CARTESIAN_POINT ( 'NONE',  ( -8.800000000000000700, -92.00000000000000000, 0.0000000000000000000 ) ) ;
#1117 = AXIS2_PLACEMENT_3D ( 'NONE', #847, #845, #838 ) ;
#1118 = AXIS2_PLACEMENT_3D ( 'NONE', #950, #959, #1004 ) ;
#1119 = DIRECTION ( 'NONE',  ( 0.0000000000000000000, 0.4999999999999998900, 0.8660254037844387100 ) ) ;
#1120 = EDGE_LOOP ( 'NONE', ( #1227 ) ) ;
#1121 = ORIENTED_EDGE ( 'NONE', *, *, #2652, .T. ) ;
#1122 = AXIS2_PLACEMENT_3D ( 'NONE', #976, #971, #961 ) ;
#1123 = ORIENTED_EDGE ( 'NONE', *, *, #1721, .F. ) ;
#1124 = DIRECTION ( 'NONE',  ( 1.000000000000000000, 0.0000000000000000000, 0.0000000000000000000 ) ) ;
#1125 = DIRECTION ( 'NONE',  ( 0.0000000000000000000, 0.0000000000000000000, -1.000000000000000000 ) ) ;
#1126 = AXIS2_PLACEMENT_3D ( 'NONE', #1083, #1073, #1104 ) ;
#1127 = DIRECTION ( 'NONE',  ( -6.123031769111887500E-017, -0.4999999999999998900, -0.8660254037844387100 ) ) ;
#1128 = CARTESIAN_POINT ( 'NONE',  ( 18.85899711687443800, -18.27869620125915500, -29.26203588784061400 ) ) ;
#1129 = VERTEX_POINT ( 'NONE', #338 ) ;
#1130 = DIRECTION ( 'NONE',  ( 0.0000000000000000000, -1.000000000000000000, 0.0000000000000000000 ) ) ;
#1131 = LINE ( 'NONE', #42, #1349 ) ;
#1132 = CYLINDRICAL_SURFACE ( 'NONE', #2223, 55.00000000000000000 ) ;
#1133 = ADVANCED_FACE ( 'E1392', ( #759, #2068 ), #2597, .T. ) ;
#1134 = AXIS2_PLACEMENT_3D ( 'NONE', #1025, #1010, #1007 ) ;
#1135 = AXIS2_PLACEMENT_3D ( 'NONE', #1163, #1127, #1114 ) ;
#1136 = ORIENTED_EDGE ( 'NONE', *, *, #780, .T. ) ;
#1137 = CARTESIAN_POINT ( 'NONE',  ( 18.79656077950170400, -17.97393690671080100, -29.44804903679664700 ) ) ;
#1138 = DIRECTION ( 'NONE',  ( -2.554429136577210600E-016, 0.0000000000000000000, 1.000000000000000000 ) ) ;
#1139 = LINE ( 'NONE', #917, #54 ) ;
#1140 = CARTESIAN_POINT ( 'NONE',  ( 18.95931312420235300, -18.56892574092652700, -29.07841892385601300 ) ) ;
#1141 = CIRCLE ( 'NONE', #1415, 20.00000000000000400 ) ;
#1142 = DIRECTION ( 'NONE',  ( 0.4999999999999999400, 0.7499999999999998900, -0.4330127018922194600 ) ) ;
#1143 = EDGE_LOOP ( 'NONE', ( #103 ) ) ;
#1144 = LINE ( 'NONE', #102, #2287 ) ;
#1145 = CARTESIAN_POINT ( 'NONE',  ( 19.23056731676473800, -19.12314624361304600, -28.71697630372492700 ) ) ;
#1146 = CYLINDRICAL_SURFACE ( 'NONE', #935, 3.000000000000000000 ) ;
#1147 = CARTESIAN_POINT ( 'NONE',  ( 21.51324865405190000, -16.37500000000000000, -28.36233197394035000 ) ) ;
#1148 = ADVANCED_FACE ( 'E642', ( #777, #89 ), #409, .T. ) ;
#1149 = CARTESIAN_POINT ( 'NONE',  ( 19.40409841074081900, -19.38952185272704300, -28.53741934972093800 ) ) ;
#1150 = CARTESIAN_POINT ( 'NONE',  ( 19.80764577659753900, -19.87699255426104700, -28.20005368464849800 ) ) ;
#1151 = EDGE_LOOP ( 'NONE', ( #988 ) ) ;
#1152 = ORIENTED_EDGE ( 'NONE', *, *, #780, .F. ) ;
#1153 = AXIS2_PLACEMENT_3D ( 'NONE', #1093, #1107, #1098 ) ;
#1154 = ORIENTED_EDGE ( 'NONE', *, *, #970, .F. ) ;
#1155 = CARTESIAN_POINT ( 'NONE',  ( 20.03781171707203200, -20.10014189342072300, -28.04100427865041200 ) ) ;
#1156 = AXIS2_PLACEMENT_3D ( 'NONE', #1194, #1200, #1169 ) ;
#1157 = ORIENTED_EDGE ( 'NONE', *, *, #1011, .T. ) ;
#1158 = AXIS2_PLACEMENT_3D ( 'NONE', #1215, #1252, #1245 ) ;
#1159 = CARTESIAN_POINT ( 'NONE',  ( 20.55350078268177700, -20.50800404482810200, -27.74410559358962700 ) ) ;
#1160 = CARTESIAN_POINT ( 'NONE',  ( 20.83515471657368300, -20.68911474316454500, -27.60886275878542400 ) ) ;
#1161 = VERTEX_POINT ( 'NONE', #412 ) ;
#1162 = EDGE_CURVE ( 'NONE', #1570, #1570, #1836, .T. ) ;
#1163 = CARTESIAN_POINT ( 'NONE',  ( 24.40000000000000200, -17.75000000000000000, -30.74390183434760400 ) ) ;
#1164 = FACE_BOUND ( 'NONE', #2562, .T. ) ;
#1165 = CARTESIAN_POINT ( 'NONE',  ( 21.43189163545922700, -21.00290626480387200, -27.37090974230012100 ) ) ;
#1166 = CARTESIAN_POINT ( 'NONE',  ( 21.75145023752321900, -21.13776375960513900, -27.26654394405613900 ) ) ;
#1167 = FACE_OUTER_BOUND ( 'NONE', #201, .T. ) ;
#1168 = LINE ( 'NONE', #956, #2382 ) ;
#1169 = DIRECTION ( 'NONE',  ( -0.4999999999999998900, 0.0000000000000000000, -0.8660254037844387100 ) ) ;
#1170 = DIRECTION ( 'NONE',  ( 0.0000000000000000000, 0.0000000000000000000, 1.000000000000000000 ) ) ;
#1171 = CARTESIAN_POINT ( 'NONE',  ( 22.41506224720488300, -21.35765765772295700, -27.09464771473379600 ) ) ;
#1172 = ORIENTED_EDGE ( 'NONE', *, *, #807, .T. ) ;
#1173 = CARTESIAN_POINT ( 'NONE',  ( 22.95662432702594900, -15.08493649053890100, -31.12787643056314800 ) ) ;
#1174 = AXIS2_PLACEMENT_3D ( 'NONE', #1248, #1239, #1222 ) ;
#1175 = CARTESIAN_POINT ( 'NONE',  ( 22.75571908512472100, -21.44210643602330900, -27.02761594158574000 ) ) ;
#1176 = CARTESIAN_POINT ( 'NONE',  ( 23.45414102219387000, -21.56276915790239100, -26.93144886823999700 ) ) ;
#1177 = EDGE_LOOP ( 'NONE', ( #2325, #977, #2531, #898 ) ) ;
#1178 = PLANE ( 'NONE',  #1156 ) ;
#1179 = AXIS2_PLACEMENT_3D ( 'NONE', #1040, #1070, #1034 ) ;
#1180 = CARTESIAN_POINT ( 'NONE',  ( 23.81538773009601000, -21.59884015802887400, -26.90242156325730600 ) ) ;
#1181 = EDGE_LOOP ( 'NONE', ( #1586 ) ) ;
#1182 = AXIS2_PLACEMENT_3D ( 'NONE', #1291, #1279, #1274 ) ;
#1183 = CARTESIAN_POINT ( 'NONE',  ( 24.53155316356564700, -21.61988121785723400, -26.88551502696269300 ) ) ;
#1184 = FACE_OUTER_BOUND ( 'NONE', #1422, .T. ) ;
#1185 = CARTESIAN_POINT ( 'NONE',  ( 24.88784622054758000, -21.60560228073416400, -26.89703455998267100 ) ) ;
#1186 = ORIENTED_EDGE ( 'NONE', *, *, #1733, .T. ) ;
#1187 = VECTOR ( 'NONE', #1026, 1000.000000000000000 ) ;
#1188 = CARTESIAN_POINT ( 'NONE',  ( 25.59685392947236700, -21.52726791979657500, -26.95977102913643000 ) ) ;
#1189 = LINE ( 'NONE', #1147, #2012 ) ;
#1190 = AXIS2_PLACEMENT_3D ( 'NONE', #1312, #1358, #1297 ) ;
#1191 = CARTESIAN_POINT ( 'NONE',  ( 25.95167491049302900, -21.46221095238592400, -27.01177959709078600 ) ) ;
#1192 = CARTESIAN_POINT ( 'NONE',  ( 26.63006756529871000, -21.28503584557739400, -27.15161109435331400 ) ) ;
#1193 = FACE_OUTER_BOUND ( 'NONE', #100, .T. ) ;
#1194 = CARTESIAN_POINT ( 'NONE',  ( 21.51324865405190000, 34.50000000000000000, -5.302701060230069700E-016 ) ) ;
#1195 = EDGE_LOOP ( 'NONE', ( #821, #285, #2722, #314 ) ) ;
#1196 = AXIS2_PLACEMENT_3D ( 'NONE', #1333, #1327, #1321 ) ;
#1197 = EDGE_CURVE ( 'E744', #489, #1850, #1713, .T. ) ;
#1198 = CARTESIAN_POINT ( 'NONE',  ( 26.95693228187328200, -21.17288427950389400, -27.23947320688248300 ) ) ;
#1199 = VERTEX_POINT ( 'NONE', #479 ) ;
#1200 = DIRECTION ( 'NONE',  ( 0.8660254037844387100, 0.0000000000000000000, -0.4999999999999998900 ) ) ;
#1201 = EDGE_LOOP ( 'NONE', ( #2364, #2205, #2182, #1831 ) ) ;
#1202 = CARTESIAN_POINT ( 'NONE',  ( 27.58524034470222800, -20.89864071547728800, -27.45044162754266300 ) ) ;
#1203 = CARTESIAN_POINT ( 'NONE',  ( 27.88650678587191900, -20.73570091822814400, -27.57412730340757500 ) ) ;
#1204 = B_SPLINE_CURVE_WITH_KNOTS ( 'NONE', 3,
 ( #586, #609, #569, #559, #534, #536, #523, #497, #509, #505, #495, #449, #469, #447, #437, #366, #364, #163, #391, #212, #439, #213, #2932, #2925, #2912, #2911, #2895, #2894, #2885, #2880, #2873, #2864, #2860, #2855, #2854, #2852, #2848, #2845, #2841, #2840, #2837, #2835, #2825, #2821, #2818, #2806, #2805, #2800, #2798, #2791, #2789, #2784, #2778, #2775, #2770, #2764, #2757, #2753, #2746, #2745, #2739, #2730, #2723, #2714 ),
 .UNSPECIFIED., .T., .F.,
 ( 4, 2, 2, 2, 2, 2, 2, 2, 2, 2, 2, 2, 2, 2, 2, 2, 2, 2, 2, 2, 2, 2, 2, 2, 2, 2, 2, 2, 2, 2, 2, 4 ),
 ( 0.0000000000000000000, 0.0005862287222043968200, 0.001172457444408793600, 0.001758686166613190400, 0.002344914888817587300, 0.002931143611021984100, 0.003517372333226382600, 0.004103601055430781600, 0.004689829777635180600, 0.005276058499839579600, 0.005862287222043978600, 0.006448515944248377600, 0.007034744666452775700, 0.007620973388657174700, 0.008207202110861573600, 0.008793430833065973500, 0.009379659555270371600, 0.009965888277474769700, 0.01055211699967917000, 0.01113834572188356800, 0.01172457444408796800, 0.01231080316629236600, 0.01289703188849676600, 0.01348326061070116400, 0.01406948933290556200, 0.01465571805510996200, 0.01524194677731436000, 0.01582817549951876000, 0.01641440422172316100, 0.01700063294392756300, 0.01758686166613196100, 0.01875931911054076400 ),
 .UNSPECIFIED. ) ;
#1205 = CARTESIAN_POINT ( 'NONE',  ( 28.43609620117580100, -20.37013813497470200, -27.84527359313932100 ) ) ;
#1206 = CIRCLE ( 'NONE', #1937, 63.38222015369760200 ) ;
#1207 = CARTESIAN_POINT ( 'NONE',  ( 28.68809987592046800, -20.16618556433001800, -27.99379704826514700 ) ) ;
#1208 = EDGE_CURVE ( 'E376', #2131, #2424, #2607, .T. ) ;
#1209 = ADVANCED_BREP_SHAPE_REPRESENTATION ( 'UCFL-211', ( #2001, #879 ), #904 ) ;
#1210 = EDGE_CURVE ( 'E108', #2434, #611, #198, .T. ) ;
#1211 = ORIENTED_EDGE ( 'NONE', *, *, #1336, .F. ) ;
#1212 = LINE ( 'NONE', #1777, #1439 ) ;
#1213 = CARTESIAN_POINT ( 'NONE',  ( 29.02956130676382400, -19.82493434041164400, -28.23546363612576800 ) ) ;
#1214 = CARTESIAN_POINT ( 'NONE',  ( 29.13735693260820600, -19.70491767210921800, -28.31940405773058300 ) ) ;
#1215 = CARTESIAN_POINT ( 'NONE',  ( -22.19999999999999900, 0.0000000000000000000, 0.0000000000000000000 ) ) ;
#1216 = CARTESIAN_POINT ( 'NONE',  ( 29.33503047501793800, -19.45832579874963400, -28.48940125308575900 ) ) ;
#1217 = CARTESIAN_POINT ( 'NONE',  ( 29.42563847632591800, -19.33109041303015700, -28.57593228826441500 ) ) ;
#1218 = ORIENTED_EDGE ( 'NONE', *, *, #1108, .T. ) ;
#1219 = LINE ( 'NONE', #859, #814 ) ;
#1220 = B_SPLINE_CURVE_WITH_KNOTS ( 'NONE', 3,
 ( #2045, #2062, #2069, #2071, #2073, #2078, #2080, #2084, #2085, #2090, #2095, #2096, #2100, #2101, #2109, #2119, #2120, #2125, #2126, #2128 ),
 .UNSPECIFIED., .T., .F.,
 ( 4, 2, 2, 2, 2, 2, 2, 2, 2, 4 ),
 ( 0.0000000000000000000, 0.0002455371846075585100, 0.0004910743692151170100, 0.0009821487384302340200, 0.001473223107645349100, 0.001964297476860464100, 0.002455371846075579000, 0.002946446215290694300, 0.003437520584505809100, 0.003928594953720923900 ),
 .UNSPECIFIED. ) ;
#1221 = CARTESIAN_POINT ( 'NONE',  ( 29.67275964047645000, -18.93728415938667100, -28.83971427506725500 ) ) ;
#1222 = DIRECTION ( 'NONE',  ( 0.0000000000000000000, 0.8660254037844387100, -0.4999999999999998900 ) ) ;
#1223 = VERTEX_POINT ( 'NONE', #494 ) ;
#1224 = ORIENTED_EDGE ( 'NONE', *, *, #555, .T. ) ;
#1225 = CARTESIAN_POINT ( 'NONE',  ( 29.80526422761990400, -18.65749671418598500, -29.02188023676448800 ) ) ;
#1226 = CARTESIAN_POINT ( 'NONE',  ( 29.99680377808240600, -18.06677857207957100, -29.39325140477670200 ) ) ;
#1227 = ORIENTED_EDGE ( 'NONE', *, *, #2292, .T. ) ;
#1228 = CARTESIAN_POINT ( 'NONE',  ( 30.05311656531662500, -17.76519769249157200, -29.57659894872037000 ) ) ;
#1229 = AXIS2_PLACEMENT_3D ( 'NONE', #1346, #1345, #1342 ) ;
#1230 = CARTESIAN_POINT ( 'NONE',  ( 30.08827921922340900, -17.14933893595030100, -29.93789619339765900 ) ) ;
#1231 = CIRCLE ( 'NONE', #1559, 48.41229182759269600 ) ;
#1232 = DIRECTION ( 'NONE',  ( 0.0000000000000000000, -0.4999999999999998900, -0.8660254037844387100 ) ) ;
#1233 = EDGE_LOOP ( 'NONE', ( #2554 ) ) ;
#1234 = CARTESIAN_POINT ( 'NONE',  ( 30.06582191592652000, -16.83140937078016100, -30.11774117599941600 ) ) ;
#1235 = DIRECTION ( 'NONE',  ( -1.000000000000000000, 0.0000000000000000000, -2.449212707644755000E-016 ) ) ;
#1236 = AXIS2_PLACEMENT_3D ( 'NONE', #1465, #1445, #1436 ) ;
#1237 = CARTESIAN_POINT ( 'NONE',  ( 29.94329691102519000, -16.21146268443938300, -30.45592146992611000 ) ) ;
#1238 = VERTEX_POINT ( 'NONE', #481 ) ;
#1239 = DIRECTION ( 'NONE',  ( 0.0000000000000000000, -0.4999999999999998900, -0.8660254037844387100 ) ) ;
#1240 = FACE_OUTER_BOUND ( 'NONE', #2715, .T. ) ;
#1241 = AXIS2_PLACEMENT_3D ( 'NONE', #1430, #1418, #1451 ) ;
#1242 = CARTESIAN_POINT ( 'NONE',  ( 29.84425125255226500, -15.90700417705620900, -30.61583424214510900 ) ) ;
#1243 = CARTESIAN_POINT ( 'NONE',  ( 29.57074034743419200, -15.30985845801157400, -30.91876973986901000 ) ) ;
#1244 = FACE_OUTER_BOUND ( 'NONE', #905, .T. ) ;
#1245 = DIRECTION ( 'NONE',  ( 0.0000000000000000000, 0.0000000000000000000, 1.000000000000000000 ) ) ;
#1246 = AXIS2_PLACEMENT_3D ( 'NONE', #1474, #1461, #1458 ) ;
#1247 = CARTESIAN_POINT ( 'NONE',  ( 29.39954024099112600, -15.02502913939931500, -31.05778949441029700 ) ) ;
#1248 = CARTESIAN_POINT ( 'NONE',  ( 27.28675134594815100, -16.37500000000000000, -28.36233197394035000 ) ) ;
#1249 = CARTESIAN_POINT ( 'NONE',  ( 28.99742698308082500, -14.48939295004347900, -31.31126444042355000 ) ) ;
#1250 = FACE_BOUND ( 'NONE', #330, .T. ) ;
#1251 = DIRECTION ( 'NONE',  ( 0.0000000000000000000, 0.4999999999999998900, 0.8660254037844387100 ) ) ;
#1252 = DIRECTION ( 'NONE',  ( -1.000000000000000000, 0.0000000000000000000, 0.0000000000000000000 ) ) ;
#1253 = CARTESIAN_POINT ( 'NONE',  ( 28.76298643207978100, -14.23511844305747200, -31.42728853333506200 ) ) ;
#1254 = CARTESIAN_POINT ( 'NONE',  ( 28.25016546393831300, -13.77612449121807900, -31.63117853713058700 ) ) ;
#1255 = EDGE_LOOP ( 'NONE', ( #1001 ) ) ;
#1256 = CARTESIAN_POINT ( 'NONE',  ( 12.50000000000000000, 0.0000000000000000000, 1.530757942277970000E-015 ) ) ;
#1257 = CARTESIAN_POINT ( 'NONE',  ( 27.97154081516758900, -13.56988796204034600, -31.71982933690197000 ) ) ;
#1258 = DIRECTION ( 'NONE',  ( 0.0000000000000000000, 1.000000000000000000, 0.0000000000000000000 ) ) ;
#1259 = CARTESIAN_POINT ( 'NONE',  ( 27.52117733163964900, -13.29536185091133800, -31.83540813888617600 ) ) ;
#1260 = CARTESIAN_POINT ( 'NONE',  ( 27.36506645257232200, -13.20950399390812000, -31.87108698467028800 ) ) ;
#1261 = CARTESIAN_POINT ( 'NONE',  ( 27.04787716266653400, -13.05277472760530900, -31.93559539541861300 ) ) ;
#1262 = CARTESIAN_POINT ( 'NONE',  ( 21.51324865405190000, -17.25000000000000000, -29.87787643056314800 ) ) ;
#1263 = AXIS2_PLACEMENT_3D ( 'NONE', #1517, #1540, #1506 ) ;
#1264 = EDGE_CURVE ( 'NONE', #647, #647, #570, .T. ) ;
#1265 = CARTESIAN_POINT ( 'NONE',  ( 26.88618645063284900, -12.98147286915246000, -31.96460830360286900 ) ) ;
#1266 = DIRECTION ( 'NONE',  ( 0.0000000000000000000, 0.8660254037844387100, -0.4999999999999998900 ) ) ;
#1267 = PLANE ( 'NONE',  #1174 ) ;
#1268 = CARTESIAN_POINT ( 'NONE',  ( 26.39209412928179400, -12.78830640618660100, -32.04260455522738500 ) ) ;
#1269 = AXIS2_PLACEMENT_3D ( 'NONE', #1502, #1515, #1507 ) ;
#1270 = CARTESIAN_POINT ( 'NONE',  ( 26.05046421363816100, -12.68694489777587400, -32.08266730853891600 ) ) ;
#1271 = EDGE_CURVE ( 'E43', #774, #489, #606, .T. ) ;
#1272 = CARTESIAN_POINT ( 'NONE',  ( 25.34389654706110000, -12.54140686234188500, -32.13983861787107100 ) ) ;
#1273 = ORIENTED_EDGE ( 'NONE', *, *, #2549, .T. ) ;
#1274 = DIRECTION ( 'NONE',  ( 0.0000000000000000000, 0.0000000000000000000, 1.000000000000000000 ) ) ;
#1275 = VERTEX_POINT ( 'NONE', #517 ) ;
#1276 = CARTESIAN_POINT ( 'NONE',  ( 24.98880516109739600, -12.49921248380955400, -32.15617945236410700 ) ) ;
#1277 = ORIENTED_EDGE ( 'NONE', *, *, #2727, .F. ) ;
#1278 = ORIENTED_EDGE ( 'NONE', *, *, #967, .T. ) ;
#1279 = DIRECTION ( 'NONE',  ( 0.0000000000000000000, 1.000000000000000000, 0.0000000000000000000 ) ) ;
#1280 = AXIS2_PLACEMENT_3D ( 'NONE', #1553, #1530, #1527 ) ;
#1281 = CARTESIAN_POINT ( 'NONE',  ( 24.27516745986387600, -12.47353439701297100, -32.16614881104976600 ) ) ;
#1282 = CARTESIAN_POINT ( 'NONE',  ( 23.91387373256159400, -12.49045980927319700, -32.15961700873990700 ) ) ;
#1283 = PLANE ( 'NONE',  #1182 ) ;
#1284 = CARTESIAN_POINT ( 'NONE',  ( -7.000000000000000000, 92.00000000000000000, 20.00000000000000000 ) ) ;
#1285 = CYLINDRICAL_SURFACE ( 'NONE', #1018, 43.33883476483185100 ) ;
#1286 = CARTESIAN_POINT ( 'NONE',  ( 23.20046193129222800, -12.58459408399392900, -32.12289750531555700 ) ) ;
#1287 = VECTOR ( 'NONE', #1301, 1000.000000000000100 ) ;
#1288 = CARTESIAN_POINT ( 'NONE',  ( 22.85273403322089100, -12.66071159314719300, -32.09313048523487300 ) ) ;
#1289 = FACE_OUTER_BOUND ( 'NONE', #2142, .T. ) ;
#1290 = CARTESIAN_POINT ( 'NONE',  ( -16.00000000000000000, 0.0000000000000000000, 20.00000000000000000 ) ) ;
#1291 = CARTESIAN_POINT ( 'NONE',  ( 27.28675134594815100, 32.75000000000000000, -3.721444587325164800E-016 ) ) ;
#1292 = CARTESIAN_POINT ( 'NONE',  ( 22.95662432702594900, -18.54006350946109900, -27.11233197394035300 ) ) ;
#1293 = CARTESIAN_POINT ( 'NONE',  ( 22.34439335268508500, -12.81739948665265400, -32.03072635761398600 ) ) ;
#1294 = DIRECTION ( 'NONE',  ( 0.8660254037844387100, 0.0000000000000000000, 0.4999999999999998900 ) ) ;
#1295 = EDGE_LOOP ( 'NONE', ( #990 ) ) ;
#1296 = CARTESIAN_POINT ( 'NONE',  ( 22.17716930986599900, -12.87675774238825700, -32.00694118083546900 ) ) ;
#1297 = DIRECTION ( 'NONE',  ( 0.0000000000000000000, 0.0000000000000000000, 1.000000000000000000 ) ) ;
#1298 = CARTESIAN_POINT ( 'NONE',  ( 21.84731316341902400, -13.01010674820901500, -31.95297006711306800 ) ) ;
#1299 = CARTESIAN_POINT ( 'NONE',  ( 21.68427349310497500, -13.08439346557542700, -31.92265911057282700 ) ) ;
#1300 = VECTOR ( 'NONE', #2648, 1000.000000000000000 ) ;
#1301 = DIRECTION ( 'NONE',  ( -0.5000000000000001100, 0.7500000000000001100, -0.4330127018922190800 ) ) ;
#1302 = CARTESIAN_POINT ( 'NONE',  ( -25.00000000000000000, 101.7826086956522000, -17.44421299766060000 ) ) ;
#1303 = CARTESIAN_POINT ( 'NONE',  ( 21.21237568079124000, -13.32481572431393200, -31.82340890163085200 ) ) ;
#1304 = CARTESIAN_POINT ( 'NONE',  ( 20.91725132895089300, -13.50949828568299400, -31.74579180058772500 ) ) ;
#1305 = AXIS2_PLACEMENT_3D ( 'NONE', #1558, #1571, #1590 ) ;
#1306 = CARTESIAN_POINT ( 'NONE',  ( 20.36655832059213000, -13.92732222311215300, -31.56471980979303600 ) ) ;
#1307 = VERTEX_POINT ( 'NONE', #459 ) ;
#1308 = CIRCLE ( 'NONE', #1897, 43.33883476483185100 ) ;
#1309 = CARTESIAN_POINT ( 'NONE',  ( 20.10860125423922200, -14.16362190559615900, -31.45979726293852300 ) ) ;
#1310 = CARTESIAN_POINT ( 'NONE',  ( 19.65587537872146100, -14.66792417776766700, -31.22785662873993200 ) ) ;
#1311 = AXIS2_PLACEMENT_3D ( 'NONE', #1666, #1641, #1637 ) ;
#1312 = CARTESIAN_POINT ( 'NONE',  ( -7.179999999999999700, 0.0000000000000000000, 0.0000000000000000000 ) ) ;
#1313 = VERTEX_POINT ( 'NONE', #502 ) ;
#1314 = ADVANCED_FACE ( 'E360', ( #107 ), #473, .T. ) ;
#1315 = EDGE_LOOP ( 'NONE', ( #776 ) ) ;
#1316 = CARTESIAN_POINT ( 'NONE',  ( 19.45906131525846700, -14.93649523074204700, -31.10067651574419800 ) ) ;
#1317 = CARTESIAN_POINT ( 'NONE',  ( 19.21025413137928000, -15.36423042076428700, -30.89038144724659300 ) ) ;
#1318 = VERTEX_POINT ( 'NONE', #539 ) ;
#1319 = CARTESIAN_POINT ( 'NONE',  ( 19.13471454154762000, -15.51193853872834300, -30.81652107998821700 ) ) ;
#1320 = FACE_OUTER_BOUND ( 'NONE', #1459, .T. ) ;
#1321 = DIRECTION ( 'NONE',  ( 1.000000000000000000, 4.163336342344335100E-016, -2.403703357979454600E-016 ) ) ;
#1322 = AXIS2_PLACEMENT_3D ( 'NONE', #1723, #1735, #1727 ) ;
#1323 = CARTESIAN_POINT ( 'NONE',  ( 19.00245730760156300, -15.81124095864302600, -30.66403215577450300 ) ) ;
#1324 = LINE ( 'NONE', #87, #1983 ) ;
#1325 = CARTESIAN_POINT ( 'NONE',  ( 18.94585228495899900, -15.96224575914153500, -30.58572170110153000 ) ) ;
#1326 = VECTOR ( 'NONE', #2038, 1000.000000000000100 ) ;
#1327 = DIRECTION ( 'NONE',  ( -4.807406715958908300E-016, 0.8660254037844387100, -0.4999999999999998900 ) ) ;
#1328 = CYLINDRICAL_SURFACE ( 'NONE', #1017, 0.6250000000000005600 ) ;
#1329 = AXIS2_PLACEMENT_3D ( 'NONE', #1658, #1654, #1648 ) ;
#1330 = CARTESIAN_POINT ( 'NONE',  ( 18.80416540995987200, -16.41909699793443900, -30.34438828485884800 ) ) ;
#1331 = FACE_OUTER_BOUND ( 'NONE', #2559, .T. ) ;
#1332 = CARTESIAN_POINT ( 'NONE',  ( 18.74690381464823800, -16.72872284564085300, -30.17500461494276800 ) ) ;
#1333 = CARTESIAN_POINT ( 'NONE',  ( 25.84337567297409800, -19.41506350946109900, -28.62787643056314800 ) ) ;
#1334 = CARTESIAN_POINT ( 'NONE',  ( 18.71151985145160500, -17.35827350875548100, -29.81730055443184900 ) ) ;
#1335 = CARTESIAN_POINT ( 'NONE',  ( -16.00000000000000000, -92.00000000000000000, 20.00000000000000000 ) ) ;
#1336 = EDGE_CURVE ( 'NONE', #1870, #1870, #118, .T. ) ;
#1337 = CARTESIAN_POINT ( 'NONE',  ( 18.73412444212896600, -17.66917761216243200, -29.63406218575268300 ) ) ;
#1338 = FACE_OUTER_BOUND ( 'NONE', #2760, .T. ) ;
#1339 = CARTESIAN_POINT ( 'NONE',  ( 18.79656077950170400, -17.97393690671080100, -29.44804903679664700 ) ) ;
#1340 = DIRECTION ( 'NONE',  ( 0.0000000000000000000, 0.4999999999999998900, 0.8660254037844387100 ) ) ;
#1341 = CARTESIAN_POINT ( 'NONE',  ( 24.39999999999999900, -9.190690264067757900, -25.91874249399399600 ) ) ;
#1342 = DIRECTION ( 'NONE',  ( 0.0000000000000000000, 1.000000000000000000, 0.0000000000000000000 ) ) ;
#1343 = ORIENTED_EDGE ( 'NONE', *, *, #565, .T. ) ;
#1344 = CARTESIAN_POINT ( 'NONE',  ( -7.000000000000000000, -60.12747381295349700, 20.00000000000000000 ) ) ;
#1345 = DIRECTION ( 'NONE',  ( -1.000000000000000000, 0.0000000000000000000, 0.0000000000000000000 ) ) ;
#1346 = CARTESIAN_POINT ( 'NONE',  ( -12.50000000000000000, 0.0000000000000000000, 0.0000000000000000000 ) ) ;
#1347 = CARTESIAN_POINT ( 'NONE',  ( 24.73106288663389000, -9.190690264067757900, -25.91874249399399200 ) ) ;
#1348 = CARTESIAN_POINT ( 'NONE',  ( -7.000000000000000000, -92.00000000000000000, -20.00000000000000000 ) ) ;
#1349 = VECTOR ( 'NONE', #49, 1000.000000000000000 ) ;
#1350 = AXIS2_PLACEMENT_3D ( 'NONE', #1767, #1764, #1757 ) ;
#1351 = CARTESIAN_POINT ( 'NONE',  ( 20.07659999999999900, -17.25000000000000000, -29.87787643056314800 ) ) ;
#1352 = CARTESIAN_POINT ( 'NONE',  ( 25.05645275843640700, -9.221921997322180400, -25.90772755800028200 ) ) ;
#1353 = CARTESIAN_POINT ( 'NONE',  ( 25.53640914172262600, -9.313345987131423700, -25.87494221558857500 ) ) ;
#1354 = ORIENTED_EDGE ( 'NONE', *, *, #926, .T. ) ;
#1355 = AXIS2_PLACEMENT_3D ( 'NONE', #1793, #1790, #1785 ) ;
#1356 = AXIS2_PLACEMENT_3D ( 'NONE', #1808, #1801, #1797 ) ;
#1357 = CARTESIAN_POINT ( 'NONE',  ( 25.69502998181580400, -9.351301002886190300, -25.86127449147753400 ) ) ;
#1358 = DIRECTION ( 'NONE',  ( -1.000000000000000000, 0.0000000000000000000, 0.0000000000000000000 ) ) ;
#1359 = CARTESIAN_POINT ( 'NONE',  ( 26.00948864234450400, -9.442394902058644800, -25.82815377226377900 ) ) ;
#1360 = EDGE_CURVE ( 'E576', #306, #2467, #678, .T. ) ;
#1361 = PLANE ( 'NONE',  #1196 ) ;
#1362 = FACE_OUTER_BOUND ( 'NONE', #234, .T. ) ;
#1363 = CARTESIAN_POINT ( 'NONE',  ( 26.16559911703688700, -9.495741420404964800, -25.80862167840753300 ) ) ;
#1364 = AXIS2_PLACEMENT_3D ( 'NONE', #1912, #1874, #1865 ) ;
#1365 = CARTESIAN_POINT ( 'NONE',  ( 26.61946029534074800, -9.674942282561099600, -25.74221676698724800 ) ) ;
#1366 = FACE_BOUND ( 'NONE', #1595, .T. ) ;
#1367 = AXIS2_PLACEMENT_3D ( 'NONE', #1858, #1842, #1918 ) ;
#1368 = CARTESIAN_POINT ( 'NONE',  ( 26.90636503655497700, -9.820630219165016300, -25.68732953853484300 ) ) ;
#1369 = CARTESIAN_POINT ( 'NONE',  ( 27.44934206189292800, -10.16257219966135300, -25.55397822276467000 ) ) ;
#1370 = VECTOR ( 'NONE', #2171, 1000.000000000000000 ) ;
#1371 = EDGE_CURVE ( 'E119', #1695, #2920, #1820, .T. ) ;
#1372 = CARTESIAN_POINT ( 'NONE',  ( 27.70588156729541000, -10.36020932789134700, -25.47488773305959200 ) ) ;
#1373 = CARTESIAN_POINT ( 'NONE',  ( 28.16600371215174900, -10.78860762285039400, -25.29643824513423700 ) ) ;
#1374 = CARTESIAN_POINT ( 'NONE',  ( 28.37272959546871200, -11.02101777435025000, -25.19647891508927600 ) ) ;
#1375 = EDGE_LOOP ( 'NONE', ( #1952 ) ) ;
#1376 = CARTESIAN_POINT ( 'NONE',  ( 28.73828180329344300, -11.52189169197334100, -24.97141154079036700 ) ) ;
#1377 = CARTESIAN_POINT ( 'NONE',  ( 28.89318074412877700, -11.78564225777350700, -24.84832948855613900 ) ) ;
#1378 = LINE ( 'NONE', #1745, #901 ) ;
#1379 = CARTESIAN_POINT ( 'NONE',  ( 29.14278227748497200, -12.32742066608942900, -24.58405055155347400 ) ) ;
#1380 = CARTESIAN_POINT ( 'NONE',  ( 29.23916326655406900, -12.60944345031081300, -24.44087369302200600 ) ) ;
#1381 = ORIENTED_EDGE ( 'NONE', *, *, #450, .T. ) ;
#1382 = CARTESIAN_POINT ( 'NONE',  ( 29.36788266933854500, -13.18013810793213900, -24.13790236248122800 ) ) ;
#1383 = CARTESIAN_POINT ( 'NONE',  ( 29.39980897178414300, -13.46441296678634800, -23.98054224905728300 ) ) ;
#1384 = EDGE_CURVE ( 'NONE', #1794, #1794, #1480, .T. ) ;
#1385 = CARTESIAN_POINT ( 'NONE',  ( 29.40018933527269200, -14.03054761891396000, -23.65376411086348100 ) ) ;
#1386 = AXIS2_PLACEMENT_3D ( 'NONE', #2013, #1939, #1936 ) ;
#1387 = EDGE_LOOP ( 'NONE', ( #1211 ) ) ;
#1388 = CARTESIAN_POINT ( 'NONE',  ( 29.36756628575585300, -14.31514247111769800, -23.48254240572439100 ) ) ;
#1389 = CARTESIAN_POINT ( 'NONE',  ( 29.23971071629211200, -14.85953735399476000, -23.14189386005984900 ) ) ;
#1390 = EDGE_LOOP ( 'NONE', ( #1535, #882, #1843, #784 ) ) ;
#1391 = PLANE ( 'NONE',  #1602 ) ;
#1392 = FACE_OUTER_BOUND ( 'NONE', #1295, .T. ) ;
#1393 = CARTESIAN_POINT ( 'NONE',  ( 29.14511945143792100, -15.12139260464436900, -22.97141279663459900 ) ) ;
#1394 = EDGE_CURVE ( 'E198', #738, #2314, #1483, .T. ) ;
#1395 = FACE_OUTER_BOUND ( 'NONE', #346, .T. ) ;
#1396 = CARTESIAN_POINT ( 'NONE',  ( 28.95685176099673400, -15.49928779224068100, -22.71662734601230200 ) ) ;
#1397 = ORIENTED_EDGE ( 'NONE', *, *, #2378, .T. ) ;
#1398 = CARTESIAN_POINT ( 'NONE',  ( 28.88594539430203800, -15.62318750329021300, -22.63154954726375200 ) ) ;
#1399 = PLANE ( 'NONE',  #1569 ) ;
#1400 = VECTOR ( 'NONE', #954, 1000.000000000000000 ) ;
#1401 = EDGE_CURVE ( 'E34', #774, #2389, #1206, .T. ) ;
#1402 = CARTESIAN_POINT ( 'NONE',  ( 28.73136726933133300, -15.86095905958375200, -22.46555141507605700 ) ) ;
#1403 = AXIS2_PLACEMENT_3D ( 'NONE', #1908, #1906, #1902 ) ;
#1404 = CARTESIAN_POINT ( 'NONE',  ( 28.64746426747384300, -15.97543143942630600, -22.38423706783565600 ) ) ;
#1405 = VERTEX_POINT ( 'NONE', #627 ) ;
#1406 = CARTESIAN_POINT ( 'NONE',  ( 22.95662432702594900, -19.41506350946109900, -28.62787643056314800 ) ) ;
#1407 = CARTESIAN_POINT ( 'NONE',  ( 25.84337567297409800, -18.54006350946109900, -27.11233197394035300 ) ) ;
#1408 = CARTESIAN_POINT ( 'NONE',  ( 28.37631183007564300, -16.30619838366788300, -22.14569505371147100 ) ) ;
#1409 = DIRECTION ( 'NONE',  ( -1.000000000000000000, -4.163336342344340000E-016, 2.403703357979454600E-016 ) ) ;
#1410 = CARTESIAN_POINT ( 'NONE',  ( 28.16894114495586600, -16.51065006050583900, -21.99325970406510000 ) ) ;
#1411 = CARTESIAN_POINT ( 'NONE',  ( 27.70385807998073300, -16.88346701244379500, -21.70837579070938600 ) ) ;
#1412 = ORIENTED_EDGE ( 'NONE', *, *, #2442, .T. ) ;
#1413 = DIRECTION ( 'NONE',  ( 0.4999999999999998900, 0.0000000000000000000, -0.8660254037844387100 ) ) ;
#1414 = EDGE_CURVE ( 'NONE', #2279, #2279, #686, .T. ) ;
#1415 = AXIS2_PLACEMENT_3D ( 'NONE', #1951, #1945, #1941 ) ;
#1416 = FACE_OUTER_BOUND ( 'NONE', #1255, .T. ) ;
#1417 = CARTESIAN_POINT ( 'NONE',  ( 27.45214687262083300, -17.04732611325404400, -21.57943949975979300 ) ) ;
#1418 = DIRECTION ( 'NONE',  ( 0.0000000000000000000, -1.000000000000000000, 0.0000000000000000000 ) ) ;
#1419 = LINE ( 'NONE', #992, #1739 ) ;
#1420 = CARTESIAN_POINT ( 'NONE',  ( 26.91139575236831000, -17.33320881017741400, -21.35048966834752100 ) ) ;
#1421 = CARTESIAN_POINT ( 'NONE',  ( 26.61876869310059800, -17.45618998628676300, -21.24964994379671200 ) ) ;
#1422 = EDGE_LOOP ( 'NONE', ( #608, #592, #572, #464 ) ) ;
#1423 = ADVANCED_FACE ( 'E639', ( #296, #92 ), #2685, .T. ) ;
#1424 = VECTOR ( 'NONE', #1251, 1000.000000000000000 ) ;
#1425 = EDGE_CURVE ( 'E273', #2, #503, #693, .T. ) ;
#1426 = DIRECTION ( 'NONE',  ( -1.000000000000000000, 0.0000000000000000000, -6.123031769111888800E-017 ) ) ;
#1427 = AXIS2_PLACEMENT_3D ( 'NONE', #1966, #1963, #1962 ) ;
#1428 = EDGE_LOOP ( 'NONE', ( #2002 ) ) ;
#1429 = CARTESIAN_POINT ( 'NONE',  ( 26.01423831853748300, -17.65208813789090000, -21.08719933854111900 ) ) ;
#1430 = CARTESIAN_POINT ( 'NONE',  ( 24.40000000000000200, 33.82340000000000700, 0.0000000000000000000 ) ) ;
#1431 = LINE ( 'NONE', #1815, #156 ) ;
#1432 = CARTESIAN_POINT ( 'NONE',  ( 25.70260080482169600, -17.72575150871225300, -21.02503272032936400 ) ) ;
#1433 = EDGE_CURVE ( 'NONE', #933, #933, #2726, .T. ) ;
#1434 = VECTOR ( 'NONE', #78, 1000.000000000000000 ) ;
#1435 = FACE_OUTER_BOUND ( 'NONE', #2137, .T. ) ;
#1436 = DIRECTION ( 'NONE',  ( 0.0000000000000000000, -0.8660254037844387100, 0.4999999999999998900 ) ) ;
#1437 = ADVANCED_FACE ( 'E1368', ( #276, #38 ), #2734, .T. ) ;
#1438 = CARTESIAN_POINT ( 'NONE',  ( 25.06045484158504500, -17.82543989819936000, -20.94058165083331200 ) ) ;
#1439 = VECTOR ( 'NONE', #1749, 1000.000000000000000 ) ;
#1440 = CARTESIAN_POINT ( 'NONE',  ( 24.72864584623281900, -17.85084327205597900, -20.91882870750719200 ) ) ;
#1441 = EDGE_CURVE ( 'E874', #605, #519, #2836, .T. ) ;
#1442 = DIRECTION ( 'NONE',  ( 2.994961191413425000E-017, 0.8722106498830291000, -0.4891304347826090400 ) ) ;
#1443 = CARTESIAN_POINT ( 'NONE',  ( 24.07534015801643400, -17.85104471723111900, -20.91865680489424100 ) ) ;
#1444 = FACE_OUTER_BOUND ( 'NONE', #648, .T. ) ;
#1445 = DIRECTION ( 'NONE',  ( 0.0000000000000000000, 0.4999999999999998900, 0.8660254037844387100 ) ) ;
#1446 = AXIS2_PLACEMENT_3D ( 'NONE', #1974, #1973, #1971 ) ;
#1447 = EDGE_CURVE ( 'E25', #2340, #2389, #2398, .T. ) ;
#1448 = CARTESIAN_POINT ( 'NONE',  ( 23.75019619817559800, -17.82665330296469000, -20.93954852533419200 ) ) ;
#1449 = CARTESIAN_POINT ( 'NONE',  ( 23.10301113311213700, -17.72705188670243000, -21.02393616416981500 ) ) ;
#1450 = CYLINDRICAL_SURFACE ( 'NONE', #1036, 0.6249999999999996700 ) ;
#1451 = DIRECTION ( 'NONE',  ( 0.0000000000000000000, 0.0000000000000000000, -1.000000000000000000 ) ) ;
#1452 = CARTESIAN_POINT ( 'NONE',  ( 22.78842128379739400, -17.65271056130443100, -21.08667326840527400 ) ) ;
#1453 = VECTOR ( 'NONE', #728, 1000.000000000000000 ) ;
#1454 = CARTESIAN_POINT ( 'NONE',  ( 22.33692117033297100, -17.50675869201811700, -21.20772017501797900 ) ) ;
#1455 = CARTESIAN_POINT ( 'NONE',  ( 22.95662432702594900, 32.75000000000000000, 2.500000000000000000 ) ) ;
#1456 = CARTESIAN_POINT ( 'NONE',  ( 22.18941842969352900, -17.45225808476902400, -21.25264207111934700 ) ) ;
#1457 = CARTESIAN_POINT ( 'NONE',  ( -8.800000000000000700, 61.84658438426490100, 20.00000000000000000 ) ) ;
#1458 = DIRECTION ( 'NONE',  ( 1.000000000000000000, 0.0000000000000000000, 4.807406715958909300E-016 ) ) ;
#1459 = EDGE_LOOP ( 'NONE', ( #189 ) ) ;
#1460 = ORIENTED_EDGE ( 'NONE', *, *, #498, .F. ) ;
#1461 = DIRECTION ( 'NONE',  ( -4.807406715958909300E-016, 0.0000000000000000000, 1.000000000000000000 ) ) ;
#1462 = EDGE_CURVE ( 'E154', #2467, #2389, #1871, .T. ) ;
#1463 = CARTESIAN_POINT ( 'NONE',  ( 21.90048607480412500, -17.33118649628836700, -21.35148898534642500 ) ) ;
#1464 = LINE ( 'NONE', #53, #2691 ) ;
#1465 = CARTESIAN_POINT ( 'NONE',  ( 24.40000000000000200, -13.75000000000000000, -23.81569860407205400 ) ) ;
#1466 = B_SPLINE_CURVE_WITH_KNOTS ( 'NONE', 3,
 ( #1574, #1101, #1562, #1567, #1573, #1577, #182, #178, #176, #116, #126, #1583, #1579, #1578, #2759, #2767, #2771, #2781, #2794, #2811, #2823, #2834, #2847, #2850, #2856, #2858, #2863, #2865, #2870, #2874, #2875, #2881, #2883, #2910, #2913, #2917, #2919, #2922, #2928, #2930, #2935, #1892, #12, #26, #35, #61, #45, #70, #1915, #83, #160, #1784, #72, #138, #140, #141, #148, #149, #150, #91, #111, #164, #193, #197, #200, #320, #301, #289, #273, #2828, #2819, #2853, #2820, #2808, #2017, #2024, #2029, #2035 ),
 .UNSPECIFIED., .T., .F.,
 ( 4, 2, 2, 2, 2, 2, 2, 2, 2, 2, 2, 2, 2, 2, 2, 2, 2, 2, 2, 2, 2, 2, 2, 2, 2, 2, 2, 2, 2, 2, 2, 2, 2, 2, 2, 2, 2, 2, 4 ),
 ( 0.0000000000000000000, 0.001074452810596453700, 0.002148905621192907400, 0.003223358431789361200, 0.004297811242385814900, 0.005372264052982267700, 0.006446716863578722300, 0.007521169674175175200, 0.008595622484771629800, 0.009670075295368080900, 0.01074452810596453200, 0.01128175451126275600, 0.01181898091656097800, 0.01289343372715742000, 0.01343066013245564100, 0.01396788653775386300, 0.01450511294305208300, 0.01504233934835030500, 0.01611679215894674600, 0.01719124496954319000, 0.01826569778013963100, 0.01934015059073607500, 0.02041460340133251200, 0.02148905621192895600, 0.02256350902252540100, 0.02363796183312184100, 0.02471241464371828600, 0.02578686745431472600, 0.02632409385961294300, 0.02686132026491115700, 0.02793577307550758700, 0.02901022588610401700, 0.02954745229140223400, 0.03008467869670045100, 0.03115913150729688100, 0.03169635791259509800, 0.03223358431789331200, 0.03330803712848973800, 0.03438248993908617200 ),
 .UNSPECIFIED. ) ;
#1467 = AXIS2_PLACEMENT_3D ( 'NONE', #2106, #2021, #2016 ) ;
#1468 = EDGE_CURVE ( 'NONE', #2530, #2530, #2351, .T. ) ;
#1469 = FACE_BOUND ( 'NONE', #587, .T. ) ;
#1470 = PLANE ( 'NONE',  #1612 ) ;
#1471 = CARTESIAN_POINT ( 'NONE',  ( 21.75841729030005600, -17.26422701777668000, -21.40572225026011200 ) ) ;
#1472 = CARTESIAN_POINT ( 'NONE',  ( 25.84337567297404800, -15.08493649053890100, -31.12787643056314800 ) ) ;
#1473 = AXIS2_PLACEMENT_3D ( 'NONE', #1997, #1993, #1990 ) ;
#1474 = CARTESIAN_POINT ( 'NONE',  ( 25.84337567297409800, 34.50000000000000000, -2.500000000000000000 ) ) ;
#1475 = PLANE ( 'NONE',  #1246 ) ;
#1476 = CARTESIAN_POINT ( 'NONE',  ( 21.34971846091051600, -17.04861549498101400, -21.57842969288399400 ) ) ;
#1477 = FACE_OUTER_BOUND ( 'NONE', #257, .T. ) ;
#1478 = CARTESIAN_POINT ( 'NONE',  ( 21.09838390108950200, -16.88481206805492700, -21.70730345673807400 ) ) ;
#1479 = CARTESIAN_POINT ( 'NONE',  ( 25.84337567297409800, 34.50000000000000000, -2.500000000000000000 ) ) ;
#1480 = CIRCLE ( 'NONE', #1940, 43.33883476483185100 ) ;
#1481 = FACE_OUTER_BOUND ( 'NONE', #240, .T. ) ;
#1482 = CARTESIAN_POINT ( 'NONE',  ( 20.63706017634824600, -16.51590493634617800, -21.98928798460791600 ) ) ;
#1483 = LINE ( 'NONE', #549, #2921 ) ;
#1484 = CONICAL_SURFACE ( 'NONE', #962, 61.97325136151690100, 0.05930645152181936200 ) ;
#1485 = CARTESIAN_POINT ( 'NONE',  ( 20.42605799940387400, -16.30874681497140700, -22.14382218807129700 ) ) ;
#1486 = ORIENTED_EDGE ( 'NONE', *, *, #1384, .F. ) ;
#1487 = CARTESIAN_POINT ( 'NONE',  ( 20.06357783518148700, -15.86725445956063000, -22.46228660860937500 ) ) ;
#1488 = CARTESIAN_POINT ( 'NONE',  ( 19.90962628973736800, -15.63149893803198900, -22.62738532288025800 ) ) ;
#1489 = PLANE ( 'NONE',  #1236 ) ;
#1490 = CARTESIAN_POINT ( 'NONE',  ( 19.72048382479156100, -15.25366291000818100, -22.88228243046986400 ) ) ;
#1491 = CARTESIAN_POINT ( 'NONE',  ( 25.84337567297409800, -19.41506350946109900, -28.62787643056314800 ) ) ;
#1492 = ORIENTED_EDGE ( 'NONE', *, *, #2289, .T. ) ;
#1493 = CARTESIAN_POINT ( 'NONE',  ( 19.66441682217875500, -15.12328450390462800, -22.96869460813395800 ) ) ;
#1494 = VERTEX_POINT ( 'NONE', #1846 ) ;
#1495 = DIRECTION ( 'NONE',  ( 0.0000000000000000000, 0.4999999999999998900, 0.8660254037844387100 ) ) ;
#1496 = CARTESIAN_POINT ( 'NONE',  ( 19.56894099846305200, -14.85995440467563500, -23.13993131534157400 ) ) ;
#1497 = AXIS2_PLACEMENT_3D ( 'NONE', #2169, #2160, #2158 ) ;
#1498 = CARTESIAN_POINT ( 'NONE',  ( 19.52914751834171300, -14.72633893533281600, -23.22521318257603400 ) ) ;
#1499 = ORIENTED_EDGE ( 'NONE', *, *, #867, .T. ) ;
#1500 = AXIS2_PLACEMENT_3D ( 'NONE', #2206, #2203, #2199 ) ;
#1501 = FACE_BOUND ( 'NONE', #1822, .T. ) ;
#1502 = CARTESIAN_POINT ( 'NONE',  ( 24.40000000000000200, 27.50000000000000000, 0.0000000000000000000 ) ) ;
#1503 = EDGE_CURVE ( 'E597', #1129, #1020, #2127, .T. ) ;
#1504 = CARTESIAN_POINT ( 'NONE',  ( 19.43320035543830200, -14.31958480453682700, -23.47981759476185500 ) ) ;
#1505 = VECTOR ( 'NONE', #2776, 1000.000000000000100 ) ;
#1506 = DIRECTION ( 'NONE',  ( 0.0000000000000000000, 0.0000000000000000000, -1.000000000000000000 ) ) ;
#1507 = DIRECTION ( 'NONE',  ( 0.0000000000000000000, 0.0000000000000000000, 1.000000000000000000 ) ) ;
#1508 = ORIENTED_EDGE ( 'NONE', *, *, #2812, .F. ) ;
#1509 = AXIS2_PLACEMENT_3D ( 'NONE', #2245, #2242, #2235 ) ;
#1510 = CARTESIAN_POINT ( 'NONE',  ( 19.40025195141275200, -14.03929257752718000, -23.64862256049832800 ) ) ;
#1511 = CARTESIAN_POINT ( 'NONE',  ( 19.39975092509490300, -13.46727584489200200, -23.97898176328403600 ) ) ;
#1512 = EDGE_LOOP ( 'NONE', ( #2738 ) ) ;
#1513 = PLANE ( 'NONE',  #1263 ) ;
#1514 = VERTEX_POINT ( 'NONE', #487 ) ;
#1515 = DIRECTION ( 'NONE',  ( 0.0000000000000000000, 1.000000000000000000, 0.0000000000000000000 ) ) ;
#1516 = CARTESIAN_POINT ( 'NONE',  ( 19.43190936778073700, -13.18271626306791500, -24.13645958858387900 ) ) ;
#1517 = CARTESIAN_POINT ( 'NONE',  ( 12.50000000000000000, 0.0000000000000000000, -200.0000000000000000 ) ) ;
#1518 = CARTESIAN_POINT ( 'NONE',  ( 19.55883333593313000, -12.61669818084196500, -24.43709509244985900 ) ) ;
#1519 = LINE ( 'NONE', #1984, #732 ) ;
#1520 = AXIS2_PLACEMENT_3D ( 'NONE', #2271, #2267, #2264 ) ;
#1521 = DIRECTION ( 'NONE',  ( -1.000000000000000000, 0.0000000000000000000, 0.0000000000000000000 ) ) ;
#1522 = CARTESIAN_POINT ( 'NONE',  ( -25.00000000000000000, -101.7826086956522000, -17.44421299766060000 ) ) ;
#1523 = CARTESIAN_POINT ( 'NONE',  ( 19.65528247837694000, -12.33223363810562700, -24.58165602594343800 ) ) ;
#1524 = CARTESIAN_POINT ( 'NONE',  ( 19.90561862525795100, -11.78764354749258400, -24.84739944299769500 ) ) ;
#1525 = CIRCLE ( 'NONE', #1875, 48.41229182759269600 ) ;
#1526 = VERTEX_POINT ( 'NONE', #33 ) ;
#1527 = DIRECTION ( 'NONE',  ( 0.5000000000000001100, -0.7500000000000001100, 0.4330127018922190800 ) ) ;
#1528 = EDGE_CURVE ( 'E240', #2176, #2826, #307, .T. ) ;
#1529 = CARTESIAN_POINT ( 'NONE',  ( 20.05893599023875500, -11.52646983627690100, -24.96928702131997800 ) ) ;
#1530 = DIRECTION ( 'NONE',  ( 0.8660254037844386000, 0.4330127018922195200, -0.2499999999999999400 ) ) ;
#1531 = EDGE_LOOP ( 'NONE', ( #1803 ) ) ;
#1532 = CARTESIAN_POINT ( 'NONE',  ( 20.42193401009319600, -11.02758053465409900, -25.19359578923535600 ) ) ;
#1533 = LINE ( 'NONE', #890, #1978 ) ;
#1534 = AXIS2_PLACEMENT_3D ( 'NONE', #2605, #2598, #2594 ) ;
#1535 = ORIENTED_EDGE ( 'NONE', *, *, #1661, .F. ) ;
#1536 = CARTESIAN_POINT ( 'NONE',  ( 20.63209057730549400, -10.79063951071688800, -25.29557152794871700 ) ) ;
#1537 = CARTESIAN_POINT ( 'NONE',  ( 21.09163657383835400, -10.36226494827539600, -25.47405160388816400 ) ) ;
#1538 = EDGE_LOOP ( 'NONE', ( #1089, #2900, #2569, #557 ) ) ;
#1539 = AXIS2_PLACEMENT_3D ( 'NONE', #2694, #639, #2679 ) ;
#1540 = DIRECTION ( 'NONE',  ( 1.000000000000000000, 0.0000000000000000000, 0.0000000000000000000 ) ) ;
#1541 = VERTEX_POINT ( 'NONE', #27 ) ;
#1542 = CIRCLE ( 'NONE', #2075, 20.00000000000000000 ) ;
#1543 = CARTESIAN_POINT ( 'NONE',  ( 21.34290069871526500, -10.16794375841612900, -25.55185618009874200 ) ) ;
#1544 = PLANE ( 'NONE',  #1280 ) ;
#1545 = AXIS2_PLACEMENT_3D ( 'NONE', #2627, #2621, #2614 ) ;
#1546 = ORIENTED_EDGE ( 'NONE', *, *, #498, .T. ) ;
#1547 = AXIS2_PLACEMENT_3D ( 'NONE', #2704, #2699, #2698 ) ;
#1548 = CARTESIAN_POINT ( 'NONE',  ( 21.89039444224787400, -9.822194214184788700, -25.68674629729499900 ) ) ;
#1549 = DIRECTION ( 'NONE',  ( -1.000000000000000000, 0.0000000000000000000, 0.0000000000000000000 ) ) ;
#1550 = FACE_OUTER_BOUND ( 'NONE', #2934, .T. ) ;
#1551 = CARTESIAN_POINT ( 'NONE',  ( 22.17851597553892900, -9.676028352996368700, -25.74180599995740000 ) ) ;
#1552 = CARTESIAN_POINT ( 'NONE',  ( 22.77975150683621000, -9.438068465671104700, -25.83000124786558200 ) ) ;
#1553 = CARTESIAN_POINT ( 'NONE',  ( 22.95662432702594900, -19.41506350946109900, -28.62787643056314800 ) ) ;
#1554 = CARTESIAN_POINT ( 'NONE',  ( 24.39999999999999900, -9.190690264067757900, -25.91874249399399600 ) ) ;
#1555 = AXIS2_PLACEMENT_3D ( 'NONE', #924, #912, #928 ) ;
#1556 = VERTEX_POINT ( 'NONE', #2192 ) ;
#1557 = CARTESIAN_POINT ( 'NONE',  ( 27.28675134594815100, -17.25000000000000000, -29.87787643056314800 ) ) ;
#1558 = CARTESIAN_POINT ( 'NONE',  ( 9.401078778136689400, 44.58953447129464800, 44.75985924910845200 ) ) ;
#1559 = AXIS2_PLACEMENT_3D ( 'NONE', #768, #746, #739 ) ;
#1560 = AXIS2_PLACEMENT_3D ( 'NONE', #1032, #968, #991 ) ;
#1561 = FACE_BOUND ( 'NONE', #762, .T. ) ;
#1562 = CARTESIAN_POINT ( 'NONE',  ( 20.70008257885734400, 34.26693176938868400, -4.008731923045551100 ) ) ;
#1563 = DIRECTION ( 'NONE',  ( -0.5000000000000001100, -0.7500000000000001100, 0.4330127018922190800 ) ) ;
#1564 = AXIS2_PLACEMENT_3D ( 'NONE', #614, #601, #597 ) ;
#1565 = DIRECTION ( 'NONE',  ( -1.000000000000000000, 0.0000000000000000000, -6.123031769111888800E-017 ) ) ;
#1566 = CARTESIAN_POINT ( 'NONE',  ( 18.00000000000000000, 0.0000000000000000000, 2.632903660718109900E-015 ) ) ;
#1567 = CARTESIAN_POINT ( 'NONE',  ( 21.28662177200341400, 34.21655031879276300, -4.418170300057114200 ) ) ;
#1568 = EDGE_LOOP ( 'NONE', ( #755 ) ) ;
#1569 = AXIS2_PLACEMENT_3D ( 'NONE', #1290, #1170, #862 ) ;
#1570 = VERTEX_POINT ( 'NONE', #426 ) ;
#1571 = DIRECTION ( 'NONE',  ( 0.06162841671621927000, 0.7044160264027586900, 0.7071067811865476800 ) ) ;
#1572 = LINE ( 'NONE', #2102, #1326 ) ;
#1573 = CARTESIAN_POINT ( 'NONE',  ( 21.60311832594337400, 34.19266234018637400, -4.597151981057288900 ) ) ;
#1574 = CARTESIAN_POINT ( 'NONE',  ( 20.17643474171425000, 34.32016942849084300, -3.517949773846815300 ) ) ;
#1575 = CARTESIAN_POINT ( 'NONE',  ( -21.10000000000000100, 0.0000000000000000000, 0.0000000000000000000 ) ) ;
#1576 = ORIENTED_EDGE ( 'NONE', *, *, #1094, .T. ) ;
#1577 = CARTESIAN_POINT ( 'NONE',  ( 22.25501311256803300, 34.15190470836515100, -4.890743198909928100 ) ) ;
#1578 = CARTESIAN_POINT ( 'NONE',  ( 26.47009178486860700, 34.14777064567985600, -4.918367110457171300 ) ) ;
#1579 = CARTESIAN_POINT ( 'NONE',  ( 25.78725952359048500, 34.11784343359126800, -5.121848742801286200 ) ) ;
#1580 = EDGE_CURVE ( 'E670', #2702, #2340, #1131, .T. ) ;
#1581 = CARTESIAN_POINT ( 'NONE',  ( 22.95662432702594900, -19.41506350946109900, -28.62787643056314800 ) ) ;
#1582 = CARTESIAN_POINT ( 'NONE',  ( 27.28675134594815100, -16.37500000000000000, -28.36233197394035000 ) ) ;
#1583 = CARTESIAN_POINT ( 'NONE',  ( 25.43388257258030900, 34.10683330799170000, -5.193800415975759100 ) ) ;
#1584 = EDGE_LOOP ( 'NONE', ( #20 ) ) ;
#1585 = CARTESIAN_POINT ( 'NONE',  ( 22.95662432702594900, 34.50000000000000000, -2.500000000000000000 ) ) ;
#1586 = ORIENTED_EDGE ( 'NONE', *, *, #841, .T. ) ;
#1587 = DIRECTION ( 'NONE',  ( -1.000000000000000000, 0.0000000000000000000, 0.0000000000000000000 ) ) ;
#1588 = CARTESIAN_POINT ( 'NONE',  ( 25.84337567297404800, -15.08493649053890100, -31.12787643056314800 ) ) ;
#1589 = CYLINDRICAL_SURFACE ( 'NONE', #1126, 9.499999999999994700 ) ;
#1590 = DIRECTION ( 'NONE',  ( -0.06162841671621905500, -0.7044160264027592400, 0.7071067811865470200 ) ) ;
#1591 = CARTESIAN_POINT ( 'NONE',  ( 22.95662432702594900, 34.50000000000000000, 2.500000000000000000 ) ) ;
#1592 = CARTESIAN_POINT ( 'NONE',  ( 24.40000000000000200, 33.82340000000000700, 0.0000000000000000000 ) ) ;
#1593 = DIRECTION ( 'NONE',  ( -6.123031769111888800E-017, 1.000000000000000000, 0.0000000000000000000 ) ) ;
#1594 = CARTESIAN_POINT ( 'NONE',  ( -8.800000000000000700, 0.0000000000000000000, 0.0000000000000000000 ) ) ;
#1595 = EDGE_LOOP ( 'NONE', ( #873 ) ) ;
#1596 = ORIENTED_EDGE ( 'NONE', *, *, #1441, .T. ) ;
#1597 = DIRECTION ( 'NONE',  ( 0.0000000000000000000, 0.0000000000000000000, 1.000000000000000000 ) ) ;
#1598 = DIRECTION ( 'NONE',  ( -0.4999999999999998900, 0.0000000000000000000, 0.8660254037844387100 ) ) ;
#1599 = CARTESIAN_POINT ( 'NONE',  ( 27.28675134594815100, -17.25000000000000000, -29.87787643056314800 ) ) ;
#1600 = ORIENTED_EDGE ( 'NONE', *, *, #315, .F. ) ;
#1601 = CARTESIAN_POINT ( 'NONE',  ( -8.800000000000000700, -31.79347826086955600, 56.69369224239689900 ) ) ;
#1602 = AXIS2_PLACEMENT_3D ( 'NONE', #1351, #1232, #1266 ) ;
#1603 = ORIENTED_EDGE ( 'NONE', *, *, #1264, .F. ) ;
#1604 = CARTESIAN_POINT ( 'NONE',  ( 21.51324865405190000, 32.75000000000000000, -5.302701060230069700E-016 ) ) ;
#1605 = CARTESIAN_POINT ( 'NONE',  ( 22.95662432702594900, 34.50000000000000000, 2.500000000000000000 ) ) ;
#1606 = DIRECTION ( 'NONE',  ( 0.0000000000000000000, 0.4999999999999998900, 0.8660254037844387100 ) ) ;
#1607 = ORIENTED_EDGE ( 'NONE', *, *, #387, .F. ) ;
#1608 = EDGE_CURVE ( 'E418', #2702, #745, #2876, .T. ) ;
#1609 = CARTESIAN_POINT ( 'NONE',  ( -16.00000000000000000, 0.0000000000000000000, -20.00000000000000000 ) ) ;
#1610 = ORIENTED_EDGE ( 'NONE', *, *, #2135, .T. ) ;
#1611 = AXIS2_PLACEMENT_3D ( 'NONE', #1256, #1235, #1138 ) ;
#1612 = AXIS2_PLACEMENT_3D ( 'NONE', #2037, #1294, #1413 ) ;
#1613 = DIRECTION ( 'NONE',  ( 1.000000000000000000, 0.0000000000000000000, 6.730369402342480500E-016 ) ) ;
#1614 = ORIENTED_EDGE ( 'NONE', *, *, #250, .T. ) ;
#1615 = VECTOR ( 'NONE', #864, 1000.000000000000100 ) ;
#1616 = PLANE ( 'NONE',  #2148 ) ;
#1617 = DIRECTION ( 'NONE',  ( 0.0000000000000000000, 0.4999999999999998900, 0.8660254037844387100 ) ) ;
#1618 = EDGE_LOOP ( 'NONE', ( #1626 ) ) ;
#1619 = ORIENTED_EDGE ( 'NONE', *, *, #315, .T. ) ;
#1620 = DIRECTION ( 'NONE',  ( 0.0000000000000000000, 0.0000000000000000000, -1.000000000000000000 ) ) ;
#1621 = DIRECTION ( 'NONE',  ( -1.000000000000000000, 0.0000000000000000000, 0.0000000000000000000 ) ) ;
#1622 = CARTESIAN_POINT ( 'NONE',  ( 22.95662432702594900, 32.75000000000000000, 2.500000000000000000 ) ) ;
#1623 = EDGE_CURVE ( 'E695', #1074, #745, #1464, .T. ) ;
#1624 = CARTESIAN_POINT ( 'NONE',  ( -16.00000000000000000, 0.0000000000000000000, -20.00000000000000000 ) ) ;
#1625 = LINE ( 'NONE', #1585, #2354 ) ;
#1626 = ORIENTED_EDGE ( 'NONE', *, *, #1669, .F. ) ;
#1627 = DIRECTION ( 'NONE',  ( 0.0000000000000000000, 0.0000000000000000000, 1.000000000000000000 ) ) ;
#1628 = CARTESIAN_POINT ( 'NONE',  ( 24.73106288663389300, 27.04163456597990100, 5.000000000000002700 ) ) ;
#1629 = ORIENTED_EDGE ( 'NONE', *, *, #2230, .T. ) ;
#1630 = ORIENTED_CLOSED_SHELL ( 'NONE', *, #69, .F. );
#1631 = CARTESIAN_POINT ( 'NONE',  ( 25.84337567297404800, -14.20993649053890100, -29.61233197394035000 ) ) ;
#1632 = CARTESIAN_POINT ( 'NONE',  ( 28.37272959546873400, 27.33129971356141400, 3.053758089397471800 ) ) ;
#1633 = EDGE_LOOP ( 'NONE', ( #67 ) ) ;
#1634 = EDGE_LOOP ( 'NONE', ( #2830 ) ) ;
#1635 = ORIENTED_EDGE ( 'NONE', *, *, #1447, .T. ) ;
#1636 = CARTESIAN_POINT ( 'NONE',  ( 24.40000000000000600, 27.04163456597990100, 5.000000000000000900 ) ) ;
#1637 = DIRECTION ( 'NONE',  ( -1.000000000000000000, -5.828670879282069900E-016, 3.365184701171235300E-016 ) ) ;
#1638 = CIRCLE ( 'NONE', #1497, 63.36649830255269900 ) ;
#1639 = CARTESIAN_POINT ( 'NONE',  ( 25.05645275843639300, 27.04771121821552500, 4.967445057600587100 ) ) ;
#1640 = CYLINDRICAL_SURFACE ( 'NONE', #1305, 2.458750000000002900 ) ;
#1641 = DIRECTION ( 'NONE',  ( 6.730369402342470600E-016, -0.8660254037844387100, 0.4999999999999998900 ) ) ;
#1642 = AXIS2_PLACEMENT_3D ( 'NONE', #1624, #1650, #1549 ) ;
#1643 = CARTESIAN_POINT ( 'NONE',  ( 25.53640914172263300, 27.06503027371983800, 4.871876888704602700 ) ) ;
#1644 = ORIENTED_CLOSED_SHELL ( 'NONE', *, #1756, .F. );
#1645 = CARTESIAN_POINT ( 'NONE',  ( 25.69502998181579700, 27.07217118530515500, 4.832173018804412300 ) ) ;
#1646 = ORIENTED_EDGE ( 'NONE', *, *, #2787, .T. ) ;
#1647 = ORIENTED_EDGE ( 'NONE', *, *, #854, .T. ) ;
#1648 = DIRECTION ( 'NONE',  ( 0.0000000000000000000, 0.8660254037844386000, -0.5000000000000002200 ) ) ;
#1649 = FACE_BOUND ( 'NONE', #1887, .T. ) ;
#1650 = DIRECTION ( 'NONE',  ( 0.0000000000000000000, 0.0000000000000000000, -1.000000000000000000 ) ) ;
#1651 = CARTESIAN_POINT ( 'NONE',  ( 26.00948864234449700, 27.08903475066063700, 4.736723028384417100 ) ) ;
#1652 = EDGE_LOOP ( 'NONE', ( #2903 ) ) ;
#1653 = FACE_OUTER_BOUND ( 'NONE', #152, .T. ) ;
#1654 = DIRECTION ( 'NONE',  ( -6.123031769111887500E-017, -0.4999999999999998900, -0.8660254037844387100 ) ) ;
#1655 = AXIS2_PLACEMENT_3D ( 'NONE', #1591, #1692, #1724 ) ;
#1656 = CARTESIAN_POINT ( 'NONE',  ( 26.16559911703689100, 27.09879272036519300, 4.680757541364924300 ) ) ;
#1657 = CARTESIAN_POINT ( 'NONE',  ( 26.61946029534075100, 27.13088481121722900, 4.492362586647490600 ) ) ;
#1658 = CARTESIAN_POINT ( 'NONE',  ( 24.40000000000000200, -16.91170000000000300, -29.29192364236259700 ) ) ;
#1659 = VERTEX_POINT ( 'NONE', #58 ) ;
#1660 = AXIS2_PLACEMENT_3D ( 'NONE', #1594, #1521, #1627 ) ;
#1661 = EDGE_CURVE ( 'E361', #1275, #2131, #291, .T. ) ;
#1662 = CARTESIAN_POINT ( 'NONE',  ( 26.90636503655495900, 27.15619504533608400, 4.338749518297357000 ) ) ;
#1663 = CARTESIAN_POINT ( 'NONE',  ( 27.44934206189290600, 27.21168040849920200, 3.975943418682084600 ) ) ;
#1664 = AXIS2_PLACEMENT_3D ( 'NONE', #1575, #2061, #2051 ) ;
#1665 = EDGE_LOOP ( 'NONE', ( #2191 ) ) ;
#1666 = CARTESIAN_POINT ( 'NONE',  ( 22.95662432702594900, -15.08493649053890100, -31.12787643056314800 ) ) ;
#1667 = CARTESIAN_POINT ( 'NONE',  ( 27.70588156729541400, 27.24200459933183900, 3.765239400051361600 ) ) ;
#1668 = ORIENTED_EDGE ( 'NONE', *, *, #2256, .F. ) ;
#1669 = EDGE_CURVE ( 'NONE', #651, #651, #419, .T. ) ;
#1670 = ORIENTED_EDGE ( 'NONE', *, *, #736, .F. ) ;
#1671 = CARTESIAN_POINT ( 'NONE',  ( 25.84337567297404800, -15.08493649053890100, -31.12787643056314800 ) ) ;
#1672 = CARTESIAN_POINT ( 'NONE',  ( 28.16600371215176000, 27.30166195697570000, 3.305010849716218900 ) ) ;
#1673 = CARTESIAN_POINT ( 'NONE',  ( 28.73828180329345000, 27.38682260866703500, 2.507454865493384100 ) ) ;
#1674 = AXIS2_PLACEMENT_3D ( 'NONE', #2733, #2867, #2511 ) ;
#1675 = DIRECTION ( 'NONE',  ( 0.5000000000000001100, -0.7500000000000001100, 0.4330127018922190800 ) ) ;
#1676 = FACE_OUTER_BOUND ( 'NONE', #491, .T. ) ;
#1677 = CARTESIAN_POINT ( 'NONE',  ( 28.89318074412876300, 27.41210570758237000, 2.217499149130812700 ) ) ;
#1678 = EDGE_LOOP ( 'NONE', ( #708 ) ) ;
#1679 = AXIS2_PLACEMENT_3D ( 'NONE', #2877, #2634, #2814 ) ;
#1680 = VERTEX_POINT ( 'NONE', #385 ) ;
#1681 = EDGE_CURVE ( 'NONE', #1812, #1812, #1308, .T. ) ;
#1682 = CARTESIAN_POINT ( 'NONE',  ( 29.14278227748498300, 27.45412263861086500, 1.616165815805988400 ) ) ;
#1683 = CARTESIAN_POINT ( 'NONE',  ( 29.23916326655407300, 27.47113923399927100, 1.300338490958524300 ) ) ;
#1684 = AXIS2_PLACEMENT_3D ( 'NONE', #2565, #2590, #2927 ) ;
#1685 = CARTESIAN_POINT ( 'NONE',  ( 29.36788266933855200, 27.49410569394322600, 0.6546167543839982500 ) ) ;
#1686 = ORIENTED_EDGE ( 'NONE', *, *, #1394, .F. ) ;
#1687 = CARTESIAN_POINT ( 'NONE',  ( 29.39980897178414300, 27.49996526760279300, 0.3297474482470402200 ) ) ;
#1688 = FACE_OUTER_BOUND ( 'NONE', #902, .T. ) ;
#1689 = CARTESIAN_POINT ( 'NONE',  ( 29.40018933527270000, 27.50003442458938700, -0.3239286115550353300 ) ) ;
#1690 = CARTESIAN_POINT ( 'NONE',  ( 29.36756628575584900, 27.49404950436152400, -0.6560058359192897400 ) ) ;
#1691 = ORIENTED_EDGE ( 'NONE', *, *, #77, .T. ) ;
#1692 = DIRECTION ( 'NONE',  ( 6.730369402342480500E-016, 0.0000000000000000000, -1.000000000000000000 ) ) ;
#1693 = CARTESIAN_POINT ( 'NONE',  ( 29.23971071629210200, 27.47123665149235100, -1.297789907013348100 ) ) ;
#1694 = CARTESIAN_POINT ( 'NONE',  ( 29.14511945143792800, 27.45452334502668600, -1.609803737902876900 ) ) ;
#1695 = VERTEX_POINT ( 'NONE', #94 ) ;
#1696 = CARTESIAN_POINT ( 'NONE',  ( 18.00000000000000000, -31.79347826086955600, -56.69369224239689900 ) ) ;
#1697 = AXIS2_PLACEMENT_3D ( 'NONE', #2838, #2437, #2822 ) ;
#1698 = CARTESIAN_POINT ( 'NONE',  ( 28.95685176099673800, 27.42282026607128000, -2.064463295640321000 ) ) ;
#1699 = PLANE ( 'NONE',  #1642 ) ;
#1700 = CARTESIAN_POINT ( 'NONE',  ( 28.88594539430203800, 27.41109058658173200, -2.214302492305037600 ) ) ;
#1701 = ORIENTED_EDGE ( 'NONE', *, *, #760, .T. ) ;
#1702 = CARTESIAN_POINT ( 'NONE',  ( 28.73136726933132600, 27.38621776527319100, -2.503217766446456300 ) ) ;
#1703 = ORIENTED_EDGE ( 'NONE', *, *, #2549, .F. ) ;
#1704 = CARTESIAN_POINT ( 'NONE',  ( 28.64746426747384000, 27.37303366479212800, -2.643010929041971200 ) ) ;
#1705 = CARTESIAN_POINT ( 'NONE',  ( 28.37631183007563300, 27.33183369281145400, -3.048734512549427000 ) ) ;
#1706 = ORIENTED_EDGE ( 'NONE', *, *, #1503, .F. ) ;
#1707 = AXIS2_PLACEMENT_3D ( 'NONE', #2600, #2651, #2742 ) ;
#1708 = PLANE ( 'NONE',  #1311 ) ;
#1709 = AXIS2_PLACEMENT_3D ( 'NONE', #2626, #2646, #2616 ) ;
#1710 = EDGE_LOOP ( 'NONE', ( #1809, #1703, #1596, #2801 ) ) ;
#1711 = CARTESIAN_POINT ( 'NONE',  ( 28.16894114495586600, 27.30204664600193400, -3.302012533360605000 ) ) ;
#1712 = FACE_OUTER_BOUND ( 'NONE', #229, .T. ) ;
#1713 = LINE ( 'NONE', #427, #1791 ) ;
#1714 = CARTESIAN_POINT ( 'NONE',  ( 25.84337567297409800, -19.41506350946109900, -28.62787643056314800 ) ) ;
#1715 = PLANE ( 'NONE',  #1655 ) ;
#1716 = CARTESIAN_POINT ( 'NONE',  ( 27.70385807998074400, 27.24173841587532900, -3.767323441378209700 ) ) ;
#1717 = LINE ( 'NONE', #2596, #1300 ) ;
#1718 = CARTESIAN_POINT ( 'NONE',  ( 27.45214687262083300, 27.21200586284836500, -3.973697730795955800 ) ) ;
#1719 = PRODUCT_DEFINITION_SHAPE ( 'NONE', 'NONE',  #871 ) ;
#1720 = ORIENTED_EDGE ( 'NONE', *, *, #209, .F. ) ;
#1721 = EDGE_CURVE ( 'E570', #2297, #1129, #2079, .T. ) ;
#1722 = EDGE_LOOP ( 'NONE', ( #1172 ) ) ;
#1723 = CARTESIAN_POINT ( 'NONE',  ( 18.00000000000000000, -92.00000000000000000, -3.000285566864825100E-015 ) ) ;
#1724 = DIRECTION ( 'NONE',  ( -1.000000000000000000, 0.0000000000000000000, -6.730369402342480500E-016 ) ) ;
#1725 = CARTESIAN_POINT ( 'NONE',  ( 26.91139575236829600, 27.15667084111485300, -4.335754324540131300 ) ) ;
#1726 = ORIENTED_EDGE ( 'NONE', *, *, #2761, .T. ) ;
#1727 = DIRECTION ( 'NONE',  ( 0.0000000000000000000, 0.0000000000000000000, 1.000000000000000000 ) ) ;
#1728 = AXIS2_PLACEMENT_3D ( 'NONE', #2371, #2342, #2831 ) ;
#1729 = ORIENTED_EDGE ( 'NONE', *, *, #1752, .F. ) ;
#1730 = CARTESIAN_POINT ( 'NONE',  ( -12.25000000000000000, 0.0000000000000000000, -1.500142783432410000E-015 ) ) ;
#1731 = CARTESIAN_POINT ( 'NONE',  ( -8.800000000000000700, 61.84658438426490100, 20.00000000000000000 ) ) ;
#1732 = ORIENTED_EDGE ( 'NONE', *, *, #2931, .T. ) ;
#1733 = EDGE_CURVE ( 'E350', #966, #2424, #2654, .T. ) ;
#1734 = CARTESIAN_POINT ( 'NONE',  ( 26.61876869310060600, 27.13083166599790300, -4.492679009513525800 ) ) ;
#1735 = DIRECTION ( 'NONE',  ( -1.000000000000000000, 0.0000000000000000000, -6.123031769111888800E-017 ) ) ;
#1736 = CARTESIAN_POINT ( 'NONE',  ( 26.01423831853748300, 27.08809439078846600, -4.743557087984924300 ) ) ;
#1737 = DIRECTION ( 'NONE',  ( -0.5000000000000001100, 0.7500000000000001100, -0.4330127018922190800 ) ) ;
#1738 = AXIS2_PLACEMENT_3D ( 'NONE', #2302, #2518, #2536 ) ;
#1739 = VECTOR ( 'NONE', #1258, 1000.000000000000000 ) ;
#1740 = CARTESIAN_POINT ( 'NONE',  ( 25.70260080482169600, 27.07108820556038600, -4.838434747550482300 ) ) ;
#1741 = CARTESIAN_POINT ( 'NONE',  ( -8.800000000000000700, -92.00000000000000000, 20.00000000000000000 ) ) ;
#1742 = DIRECTION ( 'NONE',  ( -1.000000000000000000, -4.163336342344340000E-016, 2.403703357979454600E-016 ) ) ;
#1743 = CARTESIAN_POINT ( 'NONE',  ( 25.06045484158504200, 27.04779562874360000, -4.966992960056703800 ) ) ;
#1744 = CARTESIAN_POINT ( 'NONE',  ( 24.72864584623282600, 27.04165871414439000, -4.999869398821427800 ) ) ;
#1745 = CARTESIAN_POINT ( 'NONE',  ( 22.95662432702594900, -19.41506350946109900, -28.62787643056314800 ) ) ;
#1746 = AXIS2_PLACEMENT_3D ( 'NONE', #2356, #2540, #2556 ) ;
#1747 = CARTESIAN_POINT ( 'NONE',  ( -7.677095332654585200, 60.22031060843132600, 20.00000000000000000 ) ) ;
#1748 = CONICAL_SURFACE ( 'NONE', #943, 34.50000000000000000, 0.7853981633974482800 ) ;
#1749 = DIRECTION ( 'NONE',  ( 0.0000000000000000000, 1.000000000000000000, 0.0000000000000000000 ) ) ;
#1750 = ORIENTED_EDGE ( 'NONE', *, *, #1528, .F. ) ;
#1751 = CARTESIAN_POINT ( 'NONE',  ( 24.07534015801644900, 27.04161056470217900, -5.000129806767047200 ) ) ;
#1752 = EDGE_CURVE ( 'E355', #1161, #2424, #1144, .T. ) ;
#1753 = CARTESIAN_POINT ( 'NONE',  ( 23.75019619817559400, 27.04750761819874300, -4.968560362158106300 ) ) ;
#1754 = ORIENTED_EDGE ( 'NONE', *, *, #216, .F. ) ;
#1755 = CARTESIAN_POINT ( 'NONE',  ( -7.473886902953506000, 60.16640344777313500, 20.00000000000000000 ) ) ;
#1756 = CLOSED_SHELL ( 'NONE', ( #2879, #1437, #1869, #2869, #2851, #2843, #2832, #151 ) ) ;
#1757 = DIRECTION ( 'NONE',  ( 0.0000000000000000000, 0.0000000000000000000, -1.000000000000000000 ) ) ;
#1758 = EDGE_CURVE ( 'E129', #1275, #1161, #1324, .T. ) ;
#1759 = CARTESIAN_POINT ( 'NONE',  ( -8.754004615405801100, 61.43015926075257500, 20.00000000000000000 ) ) ;
#1760 = ORIENTED_EDGE ( 'NONE', *, *, #2427, .T. ) ;
#1761 = CIRCLE ( 'NONE', #1117, 5.000000000000000000 ) ;
#1762 = CARTESIAN_POINT ( 'NONE',  ( 23.10301113311213700, 27.07078874906464000, -4.840109186004285700 ) ) ;
#1763 = CIRCLE ( 'NONE', #1122, 4.323399999999999500 ) ;
#1764 = DIRECTION ( 'NONE',  ( 1.000000000000000000, 0.0000000000000000000, 6.123031769111888800E-017 ) ) ;
#1765 = VERTEX_POINT ( 'NONE', #2632 ) ;
#1766 = CARTESIAN_POINT ( 'NONE',  ( -8.608016158272887400, 61.03511768923944900, 20.00000000000000000 ) ) ;
#1767 = CARTESIAN_POINT ( 'NONE',  ( -25.00000000000000000, -92.00000000000000000, 0.0000000000000000000 ) ) ;
#1768 = CARTESIAN_POINT ( 'NONE',  ( 22.78842128379741200, 27.08795001239340600, -4.744359157540879200 ) ) ;
#1769 = FACE_BOUND ( 'NONE', #169, .T. ) ;
#1770 = CARTESIAN_POINT ( 'NONE',  ( -8.652983425624894300, 61.12963206777368400, 20.00000000000000000 ) ) ;
#1771 = CARTESIAN_POINT ( 'NONE',  ( -22.19999999999999900, 28.60000000000000100, 0.0000000000000000000 ) ) ;
#1772 = DIRECTION ( 'NONE',  ( -1.000000000000000000, 0.0000000000000000000, 0.0000000000000000000 ) ) ;
#1773 = CARTESIAN_POINT ( 'NONE',  ( -8.223310007258751500, 60.53823493464069100, 20.00000000000000000 ) ) ;
#1774 = EDGE_CURVE ( 'E1218', #1556, #1405, #2376, .T. ) ;
#1775 = CARTESIAN_POINT ( 'NONE',  ( 22.33692117033296800, 27.11980377392639200, -4.557437677702735000 ) ) ;
#1776 = ORIENTED_EDGE ( 'NONE', *, *, #1826, .T. ) ;
#1777 = CARTESIAN_POINT ( 'NONE',  ( -8.800000000000000700, 109.8708551808102100, -20.00000000000000000 ) ) ;
#1778 = CARTESIAN_POINT ( 'NONE',  ( 22.95662432702594900, -15.08493649053890100, -31.12787643056314800 ) ) ;
#1779 = CARTESIAN_POINT ( 'NONE',  ( -8.500963577796106600, 60.85450335737524300, 20.00000000000000000 ) ) ;
#1780 = CARTESIAN_POINT ( 'NONE',  ( 22.18941842969353900, 27.13145697351178100, -4.487777819252671400 ) ) ;
#1781 = VECTOR ( 'NONE', #1119, 1000.000000000000000 ) ;
#1782 = AXIS2_PLACEMENT_3D ( 'NONE', #2316, #2180, #2319 ) ;
#1783 = CARTESIAN_POINT ( 'NONE',  ( -8.299438018411965600, 60.61001601818707500, 20.00000000000000000 ) ) ;
#1784 = CARTESIAN_POINT ( 'NONE',  ( 22.33425246355503200, 34.14752595003489000, 4.920069465230060500 ) ) ;
#1785 = DIRECTION ( 'NONE',  ( 0.0000000000000000000, 0.0000000000000000000, -1.000000000000000000 ) ) ;
#1786 = CYLINDRICAL_SURFACE ( 'NONE', #947, 34.50000000000000000 ) ;
#1787 = AXIS2_PLACEMENT_3D ( 'NONE', #1730, #2218, #2358 ) ;
#1788 = EDGE_LOOP ( 'NONE', ( #1492 ) ) ;
#1789 = CARTESIAN_POINT ( 'NONE',  ( 21.90048607480412100, 27.15652511807780900, -4.333503290838343100 ) ) ;
#1790 = DIRECTION ( 'NONE',  ( 1.000000000000000000, 0.0000000000000000000, 0.0000000000000000000 ) ) ;
#1791 = VECTOR ( 'NONE', #472, 1000.000000000000000 ) ;
#1792 = EDGE_CURVE ( 'NONE', #701, #701, #682, .T. ) ;
#1793 = CARTESIAN_POINT ( 'NONE',  ( -7.000000000000000000, -92.00000000000000000, 0.0000000000000000000 ) ) ;
#1794 = VERTEX_POINT ( 'NONE', #420 ) ;
#1795 = CARTESIAN_POINT ( 'NONE',  ( 21.75841729030007000, 27.17001276396739600, -4.248398048966231000 ) ) ;
#1796 = CARTESIAN_POINT ( 'NONE',  ( -8.800000000000000700, -101.7826086956522000, 17.44421299766060000 ) ) ;
#1797 = DIRECTION ( 'NONE',  ( 0.0000000000000000000, 0.0000000000000000000, -1.000000000000000000 ) ) ;
#1798 = FACE_OUTER_BOUND ( 'NONE', #803, .T. ) ;
#1799 = CIRCLE ( 'NONE', #2224, 20.00000000000000000 ) ;
#1800 = CARTESIAN_POINT ( 'NONE',  ( 21.34971846091052300, 27.21177603530448900, -3.975319271564589300 ) ) ;
#1801 = DIRECTION ( 'NONE',  ( 1.000000000000000000, 0.0000000000000000000, 0.0000000000000000000 ) ) ;
#1802 = CARTESIAN_POINT ( 'NONE',  ( -8.438128613941106700, 60.76775202293107700, 20.00000000000000000 ) ) ;
#1803 = ORIENTED_EDGE ( 'NONE', *, *, #1681, .F. ) ;
#1804 = CARTESIAN_POINT ( 'NONE',  ( -7.777289920079925700, 60.25814565918749100, 20.00000000000000000 ) ) ;
#1805 = ORIENTED_EDGE ( 'NONE', *, *, #2247, .F. ) ;
#1806 = CARTESIAN_POINT ( 'NONE',  ( 21.09838390108949800, 27.24148227522038500, -3.769024460692601800 ) ) ;
#1807 = AXIS2_PLACEMENT_3D ( 'NONE', #1771, #1772, #2295 ) ;
#1808 = CARTESIAN_POINT ( 'NONE',  ( -8.800000000000000700, 92.00000000000000000, 0.0000000000000000000 ) ) ;
#1809 = ORIENTED_EDGE ( 'NONE', *, *, #2528, .F. ) ;
#1810 = CARTESIAN_POINT ( 'NONE',  ( 20.63706017634825000, 27.30123447397546600, -3.308549249060658900 ) ) ;
#1811 = CARTESIAN_POINT ( 'NONE',  ( 20.42605799940387700, 27.33148595924096500, -3.051877951618152000 ) ) ;
#1812 = VERTEX_POINT ( 'NONE', #410 ) ;
#1813 = CARTESIAN_POINT ( 'NONE',  ( 20.06357783518149800, 27.38653805992303700, -2.510302145986763800 ) ) ;
#1814 = CONICAL_SURFACE ( 'NONE', #1241, 5.000000000000000000, 0.7853981633974482800 ) ;
#1815 = CARTESIAN_POINT ( 'NONE',  ( 18.00000000000000000, -101.7826086956522000, -17.44421299766060000 ) ) ;
#1816 = CARTESIAN_POINT ( 'NONE',  ( -8.726048446117701500, 61.32695308363423700, 20.00000000000000000 ) ) ;
#1817 = CARTESIAN_POINT ( 'NONE',  ( 19.90962628973736800, 27.41163997984945800, -2.223582518125066400 ) ) ;
#1818 = CARTESIAN_POINT ( 'NONE',  ( 19.72048382479155000, 27.44346933636129600, -1.768918365596632500 ) ) ;
#1819 = CARTESIAN_POINT ( 'NONE',  ( 19.66441682217876500, 27.45311527436299300, -1.612801264973987100 ) ) ;
#1820 = LINE ( 'NONE', #573, #1885 ) ;
#1821 = DIRECTION ( 'NONE',  ( -1.000000000000000000, 0.0000000000000000000, -6.123031769111888800E-017 ) ) ;
#1822 = EDGE_LOOP ( 'NONE', ( #543, #520, #632, #468, #79, #662 ) ) ;
#1823 = CARTESIAN_POINT ( 'NONE',  ( 19.56894099846303800, 27.46974556325066900, -1.299132355856788700 ) ) ;
#1824 = FACE_OUTER_BOUND ( 'NONE', #2285, .T. ) ;
#1825 = AXIS2_PLACEMENT_3D ( 'NONE', #2177, #2118, #2193 ) ;
#1826 = EDGE_CURVE ( 'NONE', #1097, #1097, #1525, .T. ) ;
#1827 = CARTESIAN_POINT ( 'NONE',  ( 19.52914751834171600, 27.47679409208649300, -1.140777031450100000 ) ) ;
#1828 = ORIENTED_EDGE ( 'NONE', *, *, #593, .F. ) ;
#1829 = CARTESIAN_POINT ( 'NONE',  ( -8.790756890792167200, 61.63675389032920300, 20.00000000000000400 ) ) ;
#1830 = ADVANCED_FACE ( 'E1139', ( #434 ), #2214, .T. ) ;
#1831 = ORIENTED_EDGE ( 'NONE', *, *, #209, .T. ) ;
#1832 = AXIS2_PLACEMENT_3D ( 'NONE', #2215, #2082, #2294 ) ;
#1833 = CARTESIAN_POINT ( 'NONE',  ( 19.43320035543830600, 27.49391091555701600, -0.6612154149936081400 ) ) ;
#1834 = EDGE_CURVE ( 'NONE', #21, #21, #527, .T. ) ;
#1835 = CARTESIAN_POINT ( 'NONE',  ( 19.40025195141274500, 27.49995419066493300, -0.3340727430516971000 ) ) ;
#1836 = CIRCLE ( 'NONE', #1994, 48.45724569632689300 ) ;
#1837 = CARTESIAN_POINT ( 'NONE',  ( 19.39975092509490300, 27.50004528633373700, 0.3264878801929829200 ) ) ;
#1838 = AXIS2_PLACEMENT_3D ( 'NONE', #2891, #2113, #2487 ) ;
#1839 = SPHERICAL_SURFACE ( 'NONE', #1051, 50.00000000000000000 ) ;
#1840 = FACE_OUTER_BOUND ( 'NONE', #41, .T. ) ;
#1841 = AXIS2_PLACEMENT_3D ( 'NONE', #1977, #2087, #2122 ) ;
#1842 = DIRECTION ( 'NONE',  ( 0.0000000000000000000, 0.4999999999999998900, 0.8660254037844387100 ) ) ;
#1843 = ORIENTED_EDGE ( 'NONE', *, *, #1752, .T. ) ;
#1844 = CARTESIAN_POINT ( 'NONE',  ( 19.43190936778073700, 27.49414529266409300, 0.6516626195928496600 ) ) ;
#1845 = ADVANCED_FACE ( 'E1338', ( #319, #897, #652, #179 ), #1891, .F. ) ;
#1846 = CARTESIAN_POINT ( 'NONE',  ( 22.95662432702594900, -18.54006350946109900, -27.11233197394035300 ) ) ;
#1847 = CARTESIAN_POINT ( 'NONE',  ( 19.55883333593312700, 27.47149423517858200, 1.292166409734852900 ) ) ;
#1848 = ORIENTED_EDGE ( 'NONE', *, *, #1360, .T. ) ;
#1849 = CARTESIAN_POINT ( 'NONE',  ( 19.65528247837694000, 27.45445540461065900, 1.610800396967240200 ) ) ;
#1850 = VERTEX_POINT ( 'NONE', #168 ) ;
#1851 = ORIENTED_EDGE ( 'NONE', *, *, #1162, .F. ) ;
#1852 = EDGE_LOOP ( 'NONE', ( #28 ) ) ;
#1853 = CARTESIAN_POINT ( 'NONE',  ( -25.00000000000000000, 31.79347826086955600, -56.69369224239689900 ) ) ;
#1854 = CARTESIAN_POINT ( 'NONE',  ( 19.90561862525795100, 27.41230090936160800, 2.215300958614537600 ) ) ;
#1855 = CARTESIAN_POINT ( 'NONE',  ( 20.05893599023875100, 27.38727179298662800, 2.502427816489114500 ) ) ;
#1856 = AXIS2_PLACEMENT_3D ( 'NONE', #2355, #158, #120 ) ;
#1857 = EDGE_CURVE ( 'NONE', #14, #14, #700, .T. ) ;
#1858 = CARTESIAN_POINT ( 'NONE',  ( 24.40000000000000200, -16.91170000000000300, -29.29192364236259700 ) ) ;
#1859 = ADVANCED_FACE ( 'E1349', ( #896, #1863 ), #2031, .T. ) ;
#1860 = CARTESIAN_POINT ( 'NONE',  ( -7.966426236761423100, 60.35226168041570800, 20.00000000000000000 ) ) ;
#1861 = EDGE_LOOP ( 'NONE', ( #1381 ) ) ;
#1862 = CARTESIAN_POINT ( 'NONE',  ( -7.264784249113579200, 60.14404236174839700, 20.00000000000000000 ) ) ;
#1863 = FACE_BOUND ( 'NONE', #1143, .T. ) ;
#1864 = ADVANCED_FACE ( 'E833', ( #1392, #1250 ), #930, .F. ) ;
#1865 = DIRECTION ( 'NONE',  ( 2.994961191413425000E-017, -0.8722106498830291000, -0.4891304347826090400 ) ) ;
#1866 = CARTESIAN_POINT ( 'NONE',  ( -7.370335385781908500, 60.14987189126041800, 20.00000000000000000 ) ) ;
#1867 = AXIS2_PLACEMENT_3D ( 'NONE', #2842, #154, #162 ) ;
#1868 = ADVANCED_FACE ( 'E1320', ( #763, #635 ), #2052, .T. ) ;
#1869 = ADVANCED_FACE ( 'E1371', ( #1649, #360 ), #2341, .T. ) ;
#1870 = VERTEX_POINT ( 'NONE', #423 ) ;
#1871 = B_SPLINE_CURVE_WITH_KNOTS ( 'NONE', 3,
 ( #1457, #1068, #1829, #1759, #1816, #1770, #1766, #1779, #1802, #1783, #1773, #1899, #1860, #1804, #1747, #1755, #1866, #1889 ),
 .UNSPECIFIED., .F., .F.,
 ( 4, 2, 2, 2, 2, 2, 2, 2, 4 ),
 ( 0.008336939139913176300, 0.008651417907043580700, 0.008965896674173986700, 0.009280375441304392800, 0.009594854208434797100, 0.009909332975565201400, 0.01022381174269560700, 0.01053829050982601400, 0.01085276927695641800 ),
 .UNSPECIFIED. ) ;
#1872 = SPHERICAL_SURFACE ( 'NONE', #1782, 50.00000000000000000 ) ;
#1873 = ADVANCED_FACE ( 'E0', ( #1056, #446 ), #1872, .F. ) ;
#1874 = DIRECTION ( 'NONE',  ( -5.340573518591510100E-017, -0.4891304347826090400, 0.8722106498830291000 ) ) ;
#1875 = AXIS2_PLACEMENT_3D ( 'NONE', #2526, #2681, #2535 ) ;
#1876 = CARTESIAN_POINT ( 'NONE',  ( -25.00000000000000000, -101.7826086956522000, 17.44421299766060000 ) ) ;
#1877 = ADVANCED_FACE ( 'E1395', ( #663, #1362 ), #2164, .T. ) ;
#1878 = ADVANCED_FACE ( 'E1355', ( #230, #2751, #1769, #2568 ), #1102, .T. ) ;
#1879 = VECTOR ( 'NONE', #2263, 1000.000000000000100 ) ;
#1880 = AXIS2_PLACEMENT_3D ( 'NONE', #2344, #2473, #2566 ) ;
#1881 = CARTESIAN_POINT ( 'NONE',  ( 20.42193401009319600, 27.33208423348153500, 3.046633009328427700 ) ) ;
#1882 = ORIENTED_EDGE ( 'NONE', *, *, #1948, .F. ) ;
#1883 = AXIS2_PLACEMENT_3D ( 'NONE', #81, #181, #13 ) ;
#1884 = CARTESIAN_POINT ( 'NONE',  ( 20.63209057730549000, 27.30192730180836900, 3.302817824613429700 ) ) ;
#1885 = VECTOR ( 'NONE', #613, 1000.000000000000000 ) ;
#1886 = CARTESIAN_POINT ( 'NONE',  ( 21.09163657383835800, 27.24230830042056800, 3.763041115992531900 ) ) ;
#1887 = EDGE_LOOP ( 'NONE', ( #1701 ) ) ;
#1888 = AXIS2_PLACEMENT_3D ( 'NONE', #108, #135, #146 ) ;
#1889 = CARTESIAN_POINT ( 'NONE',  ( -7.264784249113579200, 60.14404236174839700, 20.00000000000000000 ) ) ;
#1890 = ADVANCED_FACE ( 'E575', ( #183 ), #2463, .T. ) ;
#1891 = CYLINDRICAL_SURFACE ( 'NONE', #1838, 27.50000000000000000 ) ;
#1892 = CARTESIAN_POINT ( 'NONE',  ( 27.51527131355830800, 34.21668177258633400, 4.417249674746792600 ) ) ;
#1893 = CARTESIAN_POINT ( 'NONE',  ( 21.34290069871524800, 27.21252844501998400, 3.970230491009559200 ) ) ;
#1894 = CARTESIAN_POINT ( 'NONE',  ( 21.89039444224788200, 27.15647194111572600, 4.337103438258926000 ) ) ;
#1895 = CARTESIAN_POINT ( 'NONE',  ( 22.17851597553893200, 27.13107211175197600, 4.491216638545335400 ) ) ;
#1896 = ADVANCED_FACE ( 'E851', ( #630, #1244 ), #2846, .F. ) ;
#1897 = AXIS2_PLACEMENT_3D ( 'NONE', #104, #96, #166 ) ;
#1898 = CYLINDRICAL_SURFACE ( 'NONE', #2166, 58.50000000000000000 ) ;
#1899 = CARTESIAN_POINT ( 'NONE',  ( -8.057013333537774700, 60.40934314371335000, 20.00000000000000000 ) ) ;
#1900 = CARTESIAN_POINT ( 'NONE',  ( 9.306093980872809400, 43.50385327060139700, 43.67003092260470300 ) ) ;
#1901 = AXIS2_PLACEMENT_3D ( 'NONE', #85, #137, #144 ) ;
#1902 = DIRECTION ( 'NONE',  ( 0.0000000000000000000, 0.0000000000000000000, -1.000000000000000000 ) ) ;
#1903 = CARTESIAN_POINT ( 'NONE',  ( 22.77975150683621700, 27.08847149327089100, 4.741393570004782500 ) ) ;
#1904 = CARTESIAN_POINT ( 'NONE',  ( 23.09638496277748800, 27.07111624302868000, 4.838282000840935700 ) ) ;
#1905 = AXIS2_PLACEMENT_3D ( 'NONE', #64, #59, #66 ) ;
#1906 = DIRECTION ( 'NONE',  ( 1.000000000000000000, 0.0000000000000000000, 6.123031769111888800E-017 ) ) ;
#1907 = EDGE_LOOP ( 'NONE', ( #856 ) ) ;
#1908 = CARTESIAN_POINT ( 'NONE',  ( -25.00000000000000000, 92.00000000000000000, 0.0000000000000000000 ) ) ;
#1909 = CARTESIAN_POINT ( 'NONE',  ( 23.74203017459583300, 27.04771426145731900, 4.967440044307695100 ) ) ;
#1910 = EDGE_CURVE ( 'NONE', #2259, #2259, #300, .T. ) ;
#1911 = EDGE_LOOP ( 'NONE', ( #598 ) ) ;
#1912 = CARTESIAN_POINT ( 'NONE',  ( 18.00000000000000000, -101.7826086956522000, 17.44421299766060000 ) ) ;
#1913 = ADVANCED_FACE ( 'E707', ( #1063, #112 ), #2570, .T. ) ;
#1914 = SHAPE_DEFINITION_REPRESENTATION ( #1719, #1209 ) ;
#1915 = CARTESIAN_POINT ( 'NONE',  ( 24.08204004239068800, 34.09456629103365100, 5.273723384156530100 ) ) ;
#1916 = AXIS2_PLACEMENT_3D ( 'NONE', #702, #645, #1049 ) ;
#1917 = ADVANCED_FACE ( 'E139', ( #681 ), #249, .F. ) ;
#1918 = DIRECTION ( 'NONE',  ( 0.0000000000000000000, -0.8660254037844387100, 0.4999999999999997200 ) ) ;
#1919 = CIRCLE ( 'NONE', #1520, 55.00000000000000000 ) ;
#1920 = AXIS2_PLACEMENT_3D ( 'NONE', #657, #691, #753 ) ;
#1921 = ORIENTED_EDGE ( 'NONE', *, *, #1580, .F. ) ;
#1922 = CARTESIAN_POINT ( 'NONE',  ( 24.06893711336611100, 27.04163456597990100, 5.000000000000000000 ) ) ;
#1923 = EDGE_LOOP ( 'NONE', ( #1851 ) ) ;
#1924 = CYLINDRICAL_SURFACE ( 'NONE', #1113, 65.00000000000000000 ) ;
#1925 = PLANE ( 'NONE',  #1364 ) ;
#1926 = CARTESIAN_POINT ( 'NONE',  ( 24.40000000000000600, 27.04163456597990100, 5.000000000000000900 ) ) ;
#1927 = AXIS2_PLACEMENT_3D ( 'NONE', #1900, #1947, #2059 ) ;
#1928 = ORIENTED_EDGE ( 'NONE', *, *, #957, .F. ) ;
#1929 = ADVANCED_FACE ( 'E1343', ( #2541, #826 ), #370, .T. ) ;
#1930 = AXIS2_PLACEMENT_3D ( 'NONE', #718, #553, #737 ) ;
#1931 = CARTESIAN_POINT ( 'NONE',  ( -7.000000000000000000, 60.12747381295349700, 20.00000000000000000 ) ) ;
#1932 = ADVANCED_FACE ( 'E1314', ( #90, #575 ), #1077, .F. ) ;
#1933 = ORIENTED_EDGE ( 'NONE', *, *, #967, .F. ) ;
#1934 = ADVANCED_FACE ( 'E1335', ( #1435, #2198 ), #571, .T. ) ;
#1935 = CARTESIAN_POINT ( 'NONE',  ( 27.28675134594815100, 34.50000000000000000, 1.767567020076690100E-016 ) ) ;
#1936 = DIRECTION ( 'NONE',  ( -2.994961191413425000E-017, -0.8722106498830291000, 0.4891304347826090400 ) ) ;
#1937 = AXIS2_PLACEMENT_3D ( 'NONE', #673, #677, #684 ) ;
#1938 = CARTESIAN_POINT ( 'NONE',  ( 25.84337567297409800, 32.75000000000000000, -2.500000000000000000 ) ) ;
#1939 = DIRECTION ( 'NONE',  ( -5.340573518591510100E-017, 0.4891304347826090400, 0.8722106498830291000 ) ) ;
#1940 = AXIS2_PLACEMENT_3D ( 'NONE', #655, #1078, #1071 ) ;
#1941 = DIRECTION ( 'NONE',  ( 0.0000000000000000000, -1.000000000000000000, 0.0000000000000000000 ) ) ;
#1942 = ADVANCED_FACE ( 'E1244', ( #1184 ), #1715, .T. ) ;
#1943 = CARTESIAN_POINT ( 'NONE',  ( -22.19999999999999900, 0.0000000000000000000, 0.0000000000000000000 ) ) ;
#1944 = AXIS2_PLACEMENT_3D ( 'NONE', #435, #542, #544 ) ;
#1945 = DIRECTION ( 'NONE',  ( -1.000000000000000000, 0.0000000000000000000, 0.0000000000000000000 ) ) ;
#1946 = ORIENTED_EDGE ( 'NONE', *, *, #2623, .F. ) ;
#1947 = DIRECTION ( 'NONE',  ( 0.06162841671621927000, 0.7044160264027586900, 0.7071067811865476800 ) ) ;
#1948 = EDGE_CURVE ( 'E103', #1223, #611, #354, .T. ) ;
#1949 = EDGE_LOOP ( 'NONE', ( #713, #689, #1732, #15 ) ) ;
#1950 = DIRECTION ( 'NONE',  ( -1.000000000000000000, 0.0000000000000000000, 0.0000000000000000000 ) ) ;
#1951 = CARTESIAN_POINT ( 'NONE',  ( -7.000000000000000000, -92.00000000000000000, 0.0000000000000000000 ) ) ;
#1952 = ORIENTED_EDGE ( 'NONE', *, *, #1468, .T. ) ;
#1953 = DIRECTION ( 'NONE',  ( 0.0000000000000000000, 0.0000000000000000000, 1.000000000000000000 ) ) ;
#1954 = ADVANCED_FACE ( 'E676', ( #2098 ), #1699, .T. ) ;
#1955 = CARTESIAN_POINT ( 'NONE',  ( -8.800000000000007800, -61.74115629247136600, -19.99999999999999600 ) ) ;
#1956 = EDGE_CURVE ( 'E329', #945, #966, #159, .T. ) ;
#1957 = VERTEX_POINT ( 'NONE', #510 ) ;
#1958 = FACE_OUTER_BOUND ( 'NONE', #202, .T. ) ;
#1959 = PLANE ( 'NONE',  #1386 ) ;
#1960 = AXIS2_PLACEMENT_3D ( 'NONE', #600, #576, #594 ) ;
#1961 = CARTESIAN_POINT ( 'NONE',  ( 33.39999999999999900, 0.0000000000000000000, 0.0000000000000000000 ) ) ;
#1962 = DIRECTION ( 'NONE',  ( 0.0000000000000000000, 0.0000000000000000000, 1.000000000000000000 ) ) ;
#1963 = DIRECTION ( 'NONE',  ( -1.000000000000000000, 0.0000000000000000000, 0.0000000000000000000 ) ) ;
#1964 = DIRECTION ( 'NONE',  ( -1.000000000000000000, 0.0000000000000000000, 0.0000000000000000000 ) ) ;
#1965 = DIRECTION ( 'NONE',  ( 0.0000000000000000000, 0.0000000000000000000, 1.000000000000000000 ) ) ;
#1966 = CARTESIAN_POINT ( 'NONE',  ( -8.800000000000000700, 0.0000000000000000000, 0.0000000000000000000 ) ) ;
#1967 = ORIENTED_EDGE ( 'NONE', *, *, #514, .T. ) ;
#1968 = ORIENTED_EDGE ( 'NONE', *, *, #2419, .F. ) ;
#1969 = CARTESIAN_POINT ( 'NONE',  ( 27.28675134594815100, -16.37500000000000000, -28.36233197394035000 ) ) ;
#1970 = ORIENTED_EDGE ( 'NONE', *, *, #1834, .F. ) ;
#1971 = DIRECTION ( 'NONE',  ( 0.0000000000000000000, 0.0000000000000000000, 1.000000000000000000 ) ) ;
#1972 = CARTESIAN_POINT ( 'NONE',  ( 32.30000000000000400, 0.0000000000000000000, 0.0000000000000000000 ) ) ;
#1973 = DIRECTION ( 'NONE',  ( -1.000000000000000000, 0.0000000000000000000, 0.0000000000000000000 ) ) ;
#1974 = CARTESIAN_POINT ( 'NONE',  ( -8.800000000000000700, 0.0000000000000000000, 0.0000000000000000000 ) ) ;
#1975 = DIRECTION ( 'NONE',  ( -1.000000000000000000, 0.0000000000000000000, 0.0000000000000000000 ) ) ;
#1976 = ORIENTED_EDGE ( 'NONE', *, *, #1401, .T. ) ;
#1977 = CARTESIAN_POINT ( 'NONE',  ( 12.50000000000000000, 0.0000000000000000000, 0.0000000000000000000 ) ) ;
#1978 = VECTOR ( 'NONE', #870, 1000.000000000000000 ) ;
#1979 = DIRECTION ( 'NONE',  ( 0.0000000000000000000, 0.0000000000000000000, 1.000000000000000000 ) ) ;
#1980 = CARTESIAN_POINT ( 'NONE',  ( -7.000000000000000000, 92.00000000000000000, -20.00000000000000000 ) ) ;
#1981 = AXIS2_PLACEMENT_3D ( 'NONE', #516, #511, #524 ) ;
#1982 = VERTEX_POINT ( 'NONE', #432 ) ;
#1983 = VECTOR ( 'NONE', #99, 1000.000000000000100 ) ;
#1984 = CARTESIAN_POINT ( 'NONE',  ( -16.00000000000000000, 92.00000000000000000, 20.00000000000000000 ) ) ;
#1985 = CARTESIAN_POINT ( 'NONE',  ( -21.10000000000000100, 0.0000000000000000000, 0.0000000000000000000 ) ) ;
#1986 = DIRECTION ( 'NONE',  ( -1.000000000000000000, 0.0000000000000000000, 0.0000000000000000000 ) ) ;
#1987 = CIRCLE ( 'NONE', #1229, 55.00000000000000000 ) ;
#1988 = EDGE_CURVE ( 'E334', #2297, #966, #937, .T. ) ;
#1989 = AXIS2_PLACEMENT_3D ( 'NONE', #406, #379, #421 ) ;
#1990 = DIRECTION ( 'NONE',  ( 5.337610695313252700E-017, 0.0000000000000000000, -1.000000000000000000 ) ) ;
#1991 = DIRECTION ( 'NONE',  ( 0.0000000000000000000, 0.0000000000000000000, 1.000000000000000000 ) ) ;
#1992 = ORIENTED_EDGE ( 'NONE', *, *, #2833, .F. ) ;
#1993 = DIRECTION ( 'NONE',  ( 1.000000000000000000, 0.0000000000000000000, 6.123031769111888800E-017 ) ) ;
#1994 = AXIS2_PLACEMENT_3D ( 'NONE', #452, #461, #463 ) ;
#1995 = AXIS2_PLACEMENT_3D ( 'NONE', #348, #328, #402 ) ;
#1996 = LINE ( 'NONE', #2255, #1370 ) ;
#1997 = CARTESIAN_POINT ( 'NONE',  ( -25.00000000000000000, 0.0000000000000000000, 0.0000000000000000000 ) ) ;
#1998 = CARTESIAN_POINT ( 'NONE',  ( -8.800000000000000700, 31.79347826086960500, 56.69369224239689900 ) ) ;
#1999 = EDGE_LOOP ( 'NONE', ( #2226 ) ) ;
#2000 = CARTESIAN_POINT ( 'NONE',  ( -12.50000000000000000, 0.0000000000000000000, 0.0000000000000000000 ) ) ;
#2001 = BREP_WITH_VOIDS ( 'NONE', #2813, ( #1644, #1630 ) );
#2002 = ORIENTED_EDGE ( 'NONE', *, *, #221, .T. ) ;
#2003 = DIRECTION ( 'NONE',  ( 1.000000000000000000, 0.0000000000000000000, 1.224606353822375800E-016 ) ) ;
#2004 = CARTESIAN_POINT ( 'NONE',  ( -7.264784249113579200, 60.14404236174839700, 20.00000000000000000 ) ) ;
#2005 = LINE ( 'NONE', #115, #887 ) ;
#2006 = DIRECTION ( 'NONE',  ( 1.094755344247375900E-016, 0.0000000000000000000, -1.000000000000000000 ) ) ;
#2007 = DIRECTION ( 'NONE',  ( 1.000000000000000000, 0.0000000000000000000, 0.0000000000000000000 ) ) ;
#2008 = EDGE_LOOP ( 'NONE', ( #581, #496, #1397, #1933 ) ) ;
#2009 = VECTOR ( 'NONE', #1426, 1000.000000000000000 ) ;
#2010 = CARTESIAN_POINT ( 'NONE',  ( 33.39999999999999900, 0.0000000000000000000, 0.0000000000000000000 ) ) ;
#2011 = EDGE_LOOP ( 'NONE', ( #1508 ) ) ;
#2012 = VECTOR ( 'NONE', #1142, 1000.000000000000100 ) ;
#2013 = CARTESIAN_POINT ( 'NONE',  ( 18.00000000000000000, -101.7826086956522000, -17.44421299766060000 ) ) ;
#2014 = AXIS2_PLACEMENT_3D ( 'NONE', #382, #326, #388 ) ;
#2015 = DIRECTION ( 'NONE',  ( -1.000000000000000000, 0.0000000000000000000, 0.0000000000000000000 ) ) ;
#2016 = DIRECTION ( 'NONE',  ( 0.0000000000000000000, 0.0000000000000000000, 1.000000000000000000 ) ) ;
#2017 = CARTESIAN_POINT ( 'NONE',  ( 19.31599141730098900, 34.42003224587612200, -2.367407654647486500 ) ) ;
#2018 = ADVANCED_FACE ( 'E1202', ( #55 ), #1470, .T. ) ;
#2019 = AXIS2_PLACEMENT_3D ( 'NONE', #239, #507, #438 ) ;
#2020 = ORIENTED_EDGE ( 'NONE', *, *, #525, .T. ) ;
#2021 = DIRECTION ( 'NONE',  ( -1.000000000000000000, 0.0000000000000000000, 0.0000000000000000000 ) ) ;
#2022 = DIRECTION ( 'NONE',  ( 0.0000000000000000000, 0.0000000000000000000, 1.000000000000000000 ) ) ;
#2023 = ORIENTED_EDGE ( 'NONE', *, *, #2761, .F. ) ;
#2024 = CARTESIAN_POINT ( 'NONE',  ( 19.70251126703207900, 34.37273674224031300, -2.976274123644882400 ) ) ;
#2025 = EDGE_LOOP ( 'NONE', ( #707 ) ) ;
#2026 = PLANE ( 'NONE',  #1467 ) ;
#2027 = FACE_BOUND ( 'NONE', #1678, .T. ) ;
#2028 = AXIS2_PLACEMENT_3D ( 'NONE', #352, #363, #372 ) ;
#2029 = CARTESIAN_POINT ( 'NONE',  ( 19.92556089953086100, 34.34678076714699600, -3.258336729286793500 ) ) ;
#2030 = ORIENTED_EDGE ( 'NONE', *, *, #1623, .F. ) ;
#2031 = PLANE ( 'NONE',  #1825 ) ;
#2032 = VECTOR ( 'NONE', #672, 1000.000000000000000 ) ;
#2033 = VECTOR ( 'NONE', #2221, 1000.000000000000000 ) ;
#2034 = ORIENTED_EDGE ( 'NONE', *, *, #2446, .F. ) ;
#2035 = CARTESIAN_POINT ( 'NONE',  ( 20.17643474171425000, 34.32016942849084300, -3.517949773846815300 ) ) ;
#2036 = AXIS2_PLACEMENT_3D ( 'NONE', #308, #316, #321 ) ;
#2037 = CARTESIAN_POINT ( 'NONE',  ( 22.95662432702594900, 34.50000000000000000, -2.500000000000000000 ) ) ;
#2038 = DIRECTION ( 'NONE',  ( 0.4999999999999999400, 0.7499999999999998900, -0.4330127018922194600 ) ) ;
#2039 = EDGE_CURVE ( 'E291', #1850, #2462, #356, .T. ) ;
#2040 = AXIS2_PLACEMENT_3D ( 'NONE', #243, #245, #247 ) ;
#2041 = CARTESIAN_POINT ( 'NONE',  ( -7.264784249113579200, -60.14404236174839700, 20.00000000000000000 ) ) ;
#2042 = CARTESIAN_POINT ( 'NONE',  ( -8.800000000000000700, -61.84658438426490100, 20.00000000000000000 ) ) ;
#2043 = CARTESIAN_POINT ( 'NONE',  ( -8.800000000000000700, -61.63692667431595900, 20.00000000000000700 ) ) ;
#2044 = AXIS2_PLACEMENT_3D ( 'NONE', #2655, #2664, #2665 ) ;
#2045 = CARTESIAN_POINT ( 'NONE',  ( -7.642371823881590300, 49.41051730893030200, -0.4415112336460764700 ) ) ;
#2046 = LINE ( 'NONE', #1604, #1453 ) ;
#2047 = AXIS2_PLACEMENT_3D ( 'NONE', #222, #227, #232 ) ;
#2048 = CARTESIAN_POINT ( 'NONE',  ( -8.762367186856657500, -61.42511079927050600, 20.00000000000000400 ) ) ;
#2049 = CARTESIAN_POINT ( 'NONE',  ( -8.616815468742155200, -61.03188163951032400, 19.99999999999999600 ) ) ;
#2050 = ORIENTED_EDGE ( 'NONE', *, *, #599, .F. ) ;
#2051 = DIRECTION ( 'NONE',  ( 0.0000000000000000000, 0.0000000000000000000, 1.000000000000000000 ) ) ;
#2052 = PLANE ( 'NONE',  #1807 ) ;
#2053 = AXIS2_PLACEMENT_3D ( 'NONE', #2630, #2636, #2639 ) ;
#2054 = CARTESIAN_POINT ( 'NONE',  ( -12.25000000000000000, 0.0000000000000000000, 0.0000000000000000000 ) ) ;
#2055 = DIRECTION ( 'NONE',  ( -1.000000000000000000, -0.0000000000000000000, -1.224606353822375800E-016 ) ) ;
#2056 = LINE ( 'NONE', #650, #2032 ) ;
#2057 = CARTESIAN_POINT ( 'NONE',  ( -8.507256851629978900, -60.84634790625276700, 19.99999999999999300 ) ) ;
#2058 = AXIS2_PLACEMENT_3D ( 'NONE', #2604, #2608, #2611 ) ;
#2059 = DIRECTION ( 'NONE',  ( -0.06162841671621905500, -0.7044160264027592400, 0.7071067811865470200 ) ) ;
#2060 = DIRECTION ( 'NONE',  ( 1.005636797667714300E-016, 0.0000000000000000000, -1.000000000000000000 ) ) ;
#2061 = DIRECTION ( 'NONE',  ( -1.000000000000000000, 0.0000000000000000000, 0.0000000000000000000 ) ) ;
#2062 = CARTESIAN_POINT ( 'NONE',  ( -7.700706495014618000, 49.40201689940145300, -0.3830628570293738700 ) ) ;
#2063 = VERTEX_POINT ( 'NONE', #1479 ) ;
#2064 = CARTESIAN_POINT ( 'NONE',  ( -8.299414488099143800, -60.61000189447522500, 20.00000000000000000 ) ) ;
#2065 = CARTESIAN_POINT ( 'NONE',  ( -8.221703028799236500, -60.53679697094041500, 20.00000000000000000 ) ) ;
#2066 = LINE ( 'NONE', #1173, #1781 ) ;
#2067 = AXIS2_PLACEMENT_3D ( 'NONE', #2478, #2553, #2563 ) ;
#2068 = FACE_OUTER_BOUND ( 'NONE', #2280, .T. ) ;
#2069 = CARTESIAN_POINT ( 'NONE',  ( -7.746589727151048000, 49.39532876457907700, -0.3140434317536581800 ) ) ;
#2070 = VERTEX_POINT ( 'NONE', #538 ) ;
#2071 = CARTESIAN_POINT ( 'NONE',  ( -7.809208845428001300, 49.38620038490172000, -0.1620129300610223800 ) ) ;
#2072 = CARTESIAN_POINT ( 'NONE',  ( -8.054861396007124700, -60.40787206664178700, 20.00000000000000000 ) ) ;
#2073 = CARTESIAN_POINT ( 'NONE',  ( -7.825298989149666300, 49.38385434084909800, -0.07963810464906347100 ) ) ;
#2074 = EDGE_LOOP ( 'NONE', ( #2792 ) ) ;
#2075 = AXIS2_PLACEMENT_3D ( 'NONE', #2587, #2591, #2592 ) ;
#2076 = EDGE_LOOP ( 'NONE', ( #195 ) ) ;
#2077 = CARTESIAN_POINT ( 'NONE',  ( -7.966064849780577700, -60.35207364641236400, 20.00000000000000000 ) ) ;
#2078 = CARTESIAN_POINT ( 'NONE',  ( -7.824389183220048100, 49.38398698737732000, 0.1662148069594052400 ) ) ;
#2079 = CIRCLE ( 'NONE', #1888, 65.00000000000000000 ) ;
#2080 = CARTESIAN_POINT ( 'NONE',  ( -7.755472039081726400, 49.39403672289843400, 0.3297284864034500900 ) ) ;
#2081 = AXIS2_PLACEMENT_3D ( 'NONE', #2542, #2547, #2551 ) ;
#2082 = DIRECTION ( 'NONE',  ( 0.06162841671621927000, 0.7044160264027586900, 0.7071067811865476800 ) ) ;
#2083 = B_SPLINE_CURVE_WITH_KNOTS ( 'NONE', 3,
 ( #205, #233, #251, #254, #255, #258, #260, #264, #265, #269, #271, #277, #278, #280, #281, #284, #288, #292, #294, #297 ),
 .UNSPECIFIED., .T., .F.,
 ( 4, 2, 2, 2, 2, 2, 2, 2, 2, 4 ),
 ( 0.0000000000000000000, 0.0002442300523349995200, 0.0004884601046699990400, 0.0009769202093399824600, 0.001465380314009965900, 0.001953840418679949300, 0.002442300523349932500, 0.002930760628019916200, 0.003419220732689899400, 0.003907680837359883000 ),
 .UNSPECIFIED. ) ;
#2084 = CARTESIAN_POINT ( 'NONE',  ( -7.523297589735262700, 49.42786841300793600, 0.5592394204800714700 ) ) ;
#2085 = CARTESIAN_POINT ( 'NONE',  ( -7.361881731176783500, 49.45137862167828000, 0.6255486420134588300 ) ) ;
#2086 = UNCERTAINTY_MEASURE_WITH_UNIT (LENGTH_MEASURE( 1.000000000000000100E-005 ), #313, 'distance_accuracy_value', 'NONE');
#2087 = DIRECTION ( 'NONE',  ( -1.000000000000000000, 0.0000000000000000000, 0.0000000000000000000 ) ) ;
#2088 = ORIENTED_EDGE ( 'NONE', *, *, #2514, .T. ) ;
#2089 = ORIENTED_EDGE ( 'NONE', *, *, #914, .F. ) ;
#2090 = CARTESIAN_POINT ( 'NONE',  ( -7.033909210955245700, 49.49910758666028000, 0.6244442714991994500 ) ) ;
#2091 = ADVANCED_FACE ( 'E859', ( #34, #1501 ), #1391, .T. ) ;
#2092 = CARTESIAN_POINT ( 'NONE',  ( -7.777453307931448700, -60.25823517556750600, 19.99999999999999300 ) ) ;
#2093 = ORIENTED_EDGE ( 'NONE', *, *, #731, .F. ) ;
#2094 = CARTESIAN_POINT ( 'NONE',  ( -7.677387572485908900, -60.22042665634022300, 19.99999999999999300 ) ) ;
#2095 = CARTESIAN_POINT ( 'NONE',  ( -6.873005654218983000, 49.52250371325330700, 0.5570335586356776100 ) ) ;
#2096 = CARTESIAN_POINT ( 'NONE',  ( -6.642556773099199700, 49.55599699246609900, 0.3262954740745082600 ) ) ;
#2097 = EDGE_CURVE ( 'NONE', #1680, #1680, #130, .T. ) ;
#2098 = FACE_OUTER_BOUND ( 'NONE', #361, .T. ) ;
#2099 = CARTESIAN_POINT ( 'NONE',  ( -7.474657531481525100, -60.16656955915947000, 20.00000000000000000 ) ) ;
#2100 = CARTESIAN_POINT ( 'NONE',  ( -6.574581736925572400, 49.56586928514418100, 0.1623012455154936900 ) ) ;
#2101 = CARTESIAN_POINT ( 'NONE',  ( -6.575422373199407000, 49.56574717312003000, -0.1655067557021465100 ) ) ;
#2102 = CARTESIAN_POINT ( 'NONE',  ( 21.51324865405190000, -17.25000000000000000, -29.87787643056314800 ) ) ;
#2103 = AXIS2_PLACEMENT_3D ( 'NONE', #2510, #2513, #2519 ) ;
#2104 = EDGE_LOOP ( 'NONE', ( #2882 ) ) ;
#2105 = CARTESIAN_POINT ( 'NONE',  ( -7.264784249113579200, -60.14404236174839700, 20.00000000000000000 ) ) ;
#2106 = CARTESIAN_POINT ( 'NONE',  ( 12.50000000000000000, 0.0000000000000000000, 0.0000000000000000000 ) ) ;
#2107 = AXIS2_PLACEMENT_3D ( 'NONE', #2641, #2609, #2499 ) ;
#2108 = AXIS2_PLACEMENT_3D ( 'NONE', #2488, #2497, #2695 ) ;
#2109 = CARTESIAN_POINT ( 'NONE',  ( -6.643157463004096800, 49.55590982100317600, -0.3282919011753829800 ) ) ;
#2110 = EDGE_LOOP ( 'NONE', ( #1607, #1600, #789, #769 ) ) ;
#2111 = AXIS2_PLACEMENT_3D ( 'NONE', #2139, #2277, #2266 ) ;
#2112 = AXIS2_PLACEMENT_3D ( 'NONE', #2054, #2055, #2060 ) ;
#2113 = DIRECTION ( 'NONE',  ( -1.000000000000000000, 0.0000000000000000000, 0.0000000000000000000 ) ) ;
#2114 = LINE ( 'NONE', #744, #735 ) ;
#2115 = AXIS2_PLACEMENT_3D ( 'NONE', #2010, #2015, #2022 ) ;
#2116 = CARTESIAN_POINT ( 'NONE',  ( -7.264784249113579200, -60.14404236174839700, -20.00000000000000000 ) ) ;
#2117 = CIRCLE ( 'NONE', #1509, 3.000000000000000000 ) ;
#2118 = DIRECTION ( 'NONE',  ( -1.000000000000000000, 0.0000000000000000000, 0.0000000000000000000 ) ) ;
#2119 = CARTESIAN_POINT ( 'NONE',  ( -6.877759706375226000, 49.52181262719340500, -0.5603662878421605800 ) ) ;
#2120 = CARTESIAN_POINT ( 'NONE',  ( -7.039599359849790800, 49.49827978144970300, -0.6254612758991028300 ) ) ;
#2121 = LINE ( 'NONE', #2291, #1879 ) ;
#2122 = DIRECTION ( 'NONE',  ( 0.0000000000000000000, 0.0000000000000000000, 1.000000000000000000 ) ) ;
#2123 = CARTESIAN_POINT ( 'NONE',  ( -7.176522828045640300, -60.13851958761936300, -20.00000000000000000 ) ) ;
#2124 = ORIENTED_EDGE ( 'NONE', *, *, #2315, .F. ) ;
#2125 = CARTESIAN_POINT ( 'NONE',  ( -7.363975424750113200, 49.45107365859823300, -0.6245336124564883100 ) ) ;
#2126 = CARTESIAN_POINT ( 'NONE',  ( -7.525702481615534000, 49.42751812798798000, -0.5584079868794811200 ) ) ;
#2127 = B_SPLINE_CURVE_WITH_KNOTS ( 'NONE', 3,
 ( #1003, #1955, #2617, #2602, #2539, #2481, #131, #2898, #123, #119, #122, #18, #17, #24, #22, #31 ),
 .UNSPECIFIED., .F., .F.,
 ( 4, 2, 2, 2, 2, 2, 2, 4 ),
 ( 0.001788671487694388900, 0.002103208168157360900, 0.002417744848620333200, 0.002732281529083305000, 0.003046818209546276800, 0.003361354890009249000, 0.003675891570472221300, 0.004304964931398169200 ),
 .UNSPECIFIED. ) ;
#2128 = CARTESIAN_POINT ( 'NONE',  ( -7.642371823881590300, 49.41051730893030200, -0.4415112336460764700 ) ) ;
#2129 = ADVANCED_FACE ( 'E645', ( #561 ), #1399, .T. ) ;
#2130 = AXIS2_PLACEMENT_3D ( 'NONE', #2000, #2003, #2006 ) ;
#2131 = VERTEX_POINT ( 'NONE', #1302 ) ;
#2132 = ORIENTED_EDGE ( 'NONE', *, *, #1857, .T. ) ;
#2133 = CARTESIAN_POINT ( 'NONE',  ( -7.370930842404130000, -60.14990477799248200, 19.99999999999999600 ) ) ;
#2134 = CARTESIAN_POINT ( 'NONE',  ( -6.574999999999998400, 43.33883476483185900, -0.08258223296093178400 ) ) ;
#2135 = EDGE_CURVE ( 'E754', #503, #809, #1419, .T. ) ;
#2136 = AXIS2_PLACEMENT_3D ( 'NONE', #1985, #1986, #1991 ) ;
#2137 = EDGE_LOOP ( 'NONE', ( #2093 ) ) ;
#2138 = CARTESIAN_POINT ( 'NONE',  ( -6.574999999999997500, -11.29668414129928200, -41.84072592594822000 ) ) ;
#2139 = CARTESIAN_POINT ( 'NONE',  ( -4.419417382415920400, 0.0000000000000000000, 0.0000000000000000000 ) ) ;
#2140 = CARTESIAN_POINT ( 'NONE',  ( -7.000000000000000000, 60.12747381295349700, 20.00000000000000000 ) ) ;
#2141 = ORIENTED_EDGE ( 'NONE', *, *, #2868, .F. ) ;
#2142 = EDGE_LOOP ( 'NONE', ( #95 ) ) ;
#2143 = AXIS2_PLACEMENT_3D ( 'NONE', #1972, #1975, #1979 ) ;
#2144 = ORIENTED_EDGE ( 'NONE', *, *, #2239, .F. ) ;
#2145 = VERTEX_POINT ( 'NONE', #1029 ) ;
#2146 = AXIS2_PLACEMENT_3D ( 'NONE', #1961, #1964, #1965 ) ;
#2147 = ORIENTED_EDGE ( 'NONE', *, *, #914, .T. ) ;
#2148 = AXIS2_PLACEMENT_3D ( 'NONE', #1609, #1620, #1621 ) ;
#2149 = CARTESIAN_POINT ( 'NONE',  ( -6.591257462917901900, -11.37489473320933400, -41.81951814115701200 ) ) ;
#2150 = CARTESIAN_POINT ( 'NONE',  ( -6.653999647118630500, -11.52089802214398700, -41.77953131036190400 ) ) ;
#2151 = CARTESIAN_POINT ( 'NONE',  ( -7.000000000000000000, -60.12747381295349700, -20.00000000000000000 ) ) ;
#2152 = AXIS2_PLACEMENT_3D ( 'NONE', #1943, #1950, #1953 ) ;
#2153 = CARTESIAN_POINT ( 'NONE',  ( -6.700432152643074300, -11.58771510963966200, -41.76101988474382400 ) ) ;
#2154 = FACE_OUTER_BOUND ( 'NONE', #310, .T. ) ;
#2155 = CARTESIAN_POINT ( 'NONE',  ( -6.873429792751490900, -11.75433135620255100, -41.71454891465278800 ) ) ;
#2156 = ORIENTED_EDGE ( 'NONE', *, *, #974, .T. ) ;
#2157 = VECTOR ( 'NONE', #1606, 1000.000000000000000 ) ;
#2158 = DIRECTION ( 'NONE',  ( 0.0000000000000000000, 0.0000000000000000000, -1.000000000000000000 ) ) ;
#2159 = FACE_OUTER_BOUND ( 'NONE', #349, .T. ) ;
#2160 = DIRECTION ( 'NONE',  ( 1.000000000000000000, 0.0000000000000000000, 0.0000000000000000000 ) ) ;
#2161 = CARTESIAN_POINT ( 'NONE',  ( 7.305794893664439900, -43.14389577987859800, 24.19165991025897700 ) ) ;
#2162 = CARTESIAN_POINT ( 'NONE',  ( -7.036626428240770000, -11.81936957200617000, -41.69600822262530900 ) ) ;
#2163 = ORIENTED_EDGE ( 'NONE', *, *, #2787, .F. ) ;
#2164 = PLANE ( 'NONE',  #1746 ) ;
#2165 = EDGE_LOOP ( 'NONE', ( #1499 ) ) ;
#2166 = AXIS2_PLACEMENT_3D ( 'NONE', #381, #2195, #2175 ) ;
#2167 = CARTESIAN_POINT ( 'NONE',  ( -7.362709442678094800, -11.81953627096663900, -41.69596096890208500 ) ) ;
#2168 = CARTESIAN_POINT ( 'NONE',  ( 32.30000000000000400, 0.0000000000000000000, 0.0000000000000000000 ) ) ;
#2169 = CARTESIAN_POINT ( 'NONE',  ( -7.000000000000000000, 0.0000000000000000000, 0.0000000000000000000 ) ) ;
#2170 = AXIS2_PLACEMENT_3D ( 'NONE', #1592, #1593, #1597 ) ;
#2171 = DIRECTION ( 'NONE',  ( 0.0000000000000000000, -1.000000000000000000, 0.0000000000000000000 ) ) ;
#2172 = ADVANCED_FACE ( 'E1086', ( #1112, #2550 ), #1044, .T. ) ;
#2173 = ORIENTED_EDGE ( 'NONE', *, *, #1433, .F. ) ;
#2174 = CARTESIAN_POINT ( 'NONE',  ( -7.524983183111960900, -11.75576485671658500, -41.71414857584563400 ) ) ;
#2175 = DIRECTION ( 'NONE',  ( 0.0000000000000000000, -1.000000000000000000, 0.0000000000000000000 ) ) ;
#2176 = VERTEX_POINT ( 'NONE', #1085 ) ;
#2177 = CARTESIAN_POINT ( 'NONE',  ( -12.50000000000000000, 0.0000000000000000000, -200.0000000000000000 ) ) ;
#2178 = CARTESIAN_POINT ( 'NONE',  ( -7.758447918649636700, -11.53110178880681100, -41.77681043725470300 ) ) ;
#2179 = AXIS2_PLACEMENT_3D ( 'NONE', #2558, #224, #237 ) ;
#2180 = DIRECTION ( 'NONE',  ( 0.0000000000000000000, 1.000000000000000000, 0.0000000000000000000 ) ) ;
#2181 = DIRECTION ( 'NONE',  ( -1.000000000000000000, 0.0000000000000000000, 0.0000000000000000000 ) ) ;
#2182 = ORIENTED_EDGE ( 'NONE', *, *, #2833, .T. ) ;
#2183 = CARTESIAN_POINT ( 'NONE',  ( -7.824942242568041300, -11.37472044788574600, -41.81981529830124300 ) ) ;
#2184 = AXIS2_PLACEMENT_3D ( 'NONE', #833, #711, #722 ) ;
#2185 = CYLINDRICAL_SURFACE ( 'NONE', #1008, 0.6249999999999996700 ) ;
#2186 = CARTESIAN_POINT ( 'NONE',  ( -7.825057679209645100, -11.05953835991596200, -41.90426980770730100 ) ) ;
#2187 = ADVANCED_FACE ( 'E381', ( #82 ), #741, .T. ) ;
#2188 = CARTESIAN_POINT ( 'NONE',  ( -7.757511108685697800, -10.90160289544175900, -41.94547607802430600 ) ) ;
#2189 = EDGE_CURVE ( 'E881', #2448, #605, #105, .T. ) ;
#2190 = CIRCLE ( 'NONE', #1500, 63.36649830255269900 ) ;
#2191 = ORIENTED_EDGE ( 'NONE', *, *, #1336, .T. ) ;
#2192 = CARTESIAN_POINT ( 'NONE',  ( 21.51324865405190000, 34.50000000000000000, -1.110223024625155900E-015 ) ) ;
#2193 = DIRECTION ( 'NONE',  ( 0.0000000000000000000, 0.0000000000000000000, 1.000000000000000000 ) ) ;
#2194 = TOROIDAL_SURFACE ( 'NONE', #2270, 47.53729182759269600, 2.500000000000000000 ) ;
#2195 = DIRECTION ( 'NONE',  ( 1.000000000000000000, 0.0000000000000000000, 0.0000000000000000000 ) ) ;
#2196 = CARTESIAN_POINT ( 'NONE',  ( -7.527229630551633300, -10.67812757203496300, -42.00292252519293600 ) ) ;
#2197 = CIRCLE ( 'NONE', #2170, 5.000000000000000000 ) ;
#2198 = FACE_OUTER_BOUND ( 'NONE', #86, .T. ) ;
#2199 = DIRECTION ( 'NONE',  ( 0.0000000000000000000, 0.0000000000000000000, -1.000000000000000000 ) ) ;
#2200 = CARTESIAN_POINT ( 'NONE',  ( -7.365486144498632400, -10.61220901912244600, -42.01946713769832100 ) ) ;
#2201 = AXIS2_PLACEMENT_3D ( 'NONE', #2168, #2181, #2377 ) ;
#2202 = CARTESIAN_POINT ( 'NONE',  ( -7.035788358246104900, -10.61188305791350900, -42.01954945935074200 ) ) ;
#2203 = DIRECTION ( 'NONE',  ( 1.000000000000000000, 0.0000000000000000000, 0.0000000000000000000 ) ) ;
#2204 = CARTESIAN_POINT ( 'NONE',  ( -6.873909272579931300, -10.67741898155310500, -42.00310251962256600 ) ) ;
#2205 = ORIENTED_EDGE ( 'NONE', *, *, #186, .F. ) ;
#2206 = CARTESIAN_POINT ( 'NONE',  ( -7.000000000000000000, 0.0000000000000000000, 0.0000000000000000000 ) ) ;
#2207 = AXIS2_PLACEMENT_3D ( 'NONE', #1566, #1565, #2305 ) ;
#2208 = CARTESIAN_POINT ( 'NONE',  ( -6.642913432706892600, -10.90079692821197600, -41.94568540042514100 ) ) ;
#2209 = CARTESIAN_POINT ( 'NONE',  ( -6.575000000000002800, -11.05737920647052900, -41.90484748998034100 ) ) ;
#2210 = EDGE_LOOP ( 'NONE', ( #106 ) ) ;
#2211 = FACE_OUTER_BOUND ( 'NONE', #920, .T. ) ;
#2212 = AXIS2_PLACEMENT_3D ( 'NONE', #2347, #2348, #2363 ) ;
#2213 = CARTESIAN_POINT ( 'NONE',  ( -6.574999999999999300, -11.21691582968969800, -41.86209978062559100 ) ) ;
#2214 = PLANE ( 'NONE',  #1856 ) ;
#2215 = CARTESIAN_POINT ( 'NONE',  ( 9.306093980872809400, 43.50385327060139700, 43.67003092260470300 ) ) ;
#2216 = VECTOR ( 'NONE', #1037, 1000.000000000000000 ) ;
#2217 = AXIS2_PLACEMENT_3D ( 'NONE', #206, #218, #153 ) ;
#2218 = DIRECTION ( 'NONE',  ( 1.000000000000000000, 0.0000000000000000000, 1.224606353822375800E-016 ) ) ;
#2219 = ORIENTED_EDGE ( 'NONE', *, *, #2333, .T. ) ;
#2220 = CYLINDRICAL_SURFACE ( 'NONE', #1135, 5.000000000000002700 ) ;
#2221 = DIRECTION ( 'NONE',  ( 0.0000000000000000000, -1.000000000000000000, 0.0000000000000000000 ) ) ;
#2222 = CARTESIAN_POINT ( 'NONE',  ( -7.000000000000000000, -60.12747381295349700, -20.00000000000000000 ) ) ;
#2223 = AXIS2_PLACEMENT_3D ( 'NONE', #1075, #1080, #1081 ) ;
#2224 = AXIS2_PLACEMENT_3D ( 'NONE', #1116, #1124, #1125 ) ;
#2225 = EDGE_LOOP ( 'NONE', ( #2878, #2603, #2386, #63 ) ) ;
#2226 = ORIENTED_EDGE ( 'NONE', *, *, #674, .T. ) ;
#2227 = CARTESIAN_POINT ( 'NONE',  ( -6.574999999999997500, 43.33883476483185900, -4.065758146820641600E-017 ) ) ;
#2228 = CARTESIAN_POINT ( 'NONE',  ( -6.591257462917906400, 43.33859200849869400, -0.1636168421846052000 ) ) ;
#2229 = LINE ( 'NONE', #1407, #2773 ) ;
#2230 = EDGE_CURVE ( 'NONE', #2650, #2650, #1231, .T. ) ;
#2231 = CARTESIAN_POINT ( 'NONE',  ( -6.653999647118643800, 43.33775612774615400, -0.3149945430527957800 ) ) ;
#2232 = VERTEX_POINT ( 'NONE', #526 ) ;
#2233 = CARTESIAN_POINT ( 'NONE',  ( -6.700432152643087700, 43.33716899844240100, -0.3843260030042369200 ) ) ;
#2234 = ORIENTED_EDGE ( 'NONE', *, *, #418, .F. ) ;
#2235 = DIRECTION ( 'NONE',  ( -0.06162841671621931800, -0.7044160264027589100, 0.7071067811865473500 ) ) ;
#2236 = CARTESIAN_POINT ( 'NONE',  ( -6.873429792751518400, 43.33540494609270900, -0.5572925107426225400 ) ) ;
#2237 = FACE_OUTER_BOUND ( 'NONE', #2782, .T. ) ;
#2238 = CARTESIAN_POINT ( 'NONE',  ( -6.574999999999999300, -11.21691582968969800, -41.86209978062559100 ) ) ;
#2239 = EDGE_CURVE ( 'E188', #1111, #1659, #2567, .T. ) ;
#2240 = EDGE_CURVE ( 'E183', #1111, #738, #2749, .T. ) ;
#2241 = FACE_OUTER_BOUND ( 'NONE', #719, .T. ) ;
#2242 = DIRECTION ( 'NONE',  ( 0.06162841671621927000, 0.7044160264027586900, 0.7071067811865476800 ) ) ;
#2243 = B_SPLINE_CURVE_WITH_KNOTS ( 'NONE', 3,
 ( #2105, #2133, #2099, #2094, #2092, #2077, #2072, #2065, #2064, #2057, #2049, #2048, #2043, #2042 ),
 .UNSPECIFIED., .F., .F.,
 ( 4, 2, 2, 2, 2, 2, 4 ),
 ( 0.006089644004171342100, 0.006403987105928579200, 0.006718330207685816200, 0.007032673309443048100, 0.007347016411200280000, 0.007975702614714761200, 0.008604388818229240600 ),
 .UNSPECIFIED. ) ;
#2244 = CARTESIAN_POINT ( 'NONE',  ( -7.036626428240798400, 43.33432914173560100, -0.6249132872891874900 ) ) ;
#2245 = CARTESIAN_POINT ( 'NONE',  ( 9.339450361420469800, 43.88511844489190100, 44.05275246792189800 ) ) ;
#2246 = CIRCLE ( 'NONE', #1564, 65.00000000000000000 ) ;
#2247 = EDGE_CURVE ( 'E79', #2754, #1074, #362, .T. ) ;
#2248 = FACE_OUTER_BOUND ( 'NONE', #266, .T. ) ;
#2249 = EDGE_CURVE ( 'E340', #1161, #2297, #2246, .T. ) ;
#2250 = VECTOR ( 'NONE', #811, 1000.000000000000000 ) ;
#2251 = CARTESIAN_POINT ( 'NONE',  ( -7.362709442678130300, 43.33432664300969600, -0.6250865362838259300 ) ) ;
#2252 = CARTESIAN_POINT ( 'NONE',  ( -7.524983183111989300, 43.33538926573383100, -0.5587807812188875200 ) ) ;
#2253 = CARTESIAN_POINT ( 'NONE',  ( -7.088261411673151700, -60.13299673804184700, -20.00000000000000000 ) ) ;
#2254 = CARTESIAN_POINT ( 'NONE',  ( -7.758447918649659800, 43.33776889528597600, -0.3255548385772434300 ) ) ;
#2255 = CARTESIAN_POINT ( 'NONE',  ( -8.800000000000000700, 109.8708551808102100, 20.00000000000000000 ) ) ;
#2256 = EDGE_CURVE ( 'NONE', #918, #918, #1204, .T. ) ;
#2257 = CARTESIAN_POINT ( 'NONE',  ( -7.824942242568050200, 43.33883393189778100, -0.1633715855610433100 ) ) ;
#2258 = ADVANCED_FACE ( 'E1081', ( #2154 ), #666, .T. ) ;
#2259 = VERTEX_POINT ( 'NONE', #394 ) ;
#2260 = AXIS2_PLACEMENT_3D ( 'NONE', #1061, #1062, #1066 ) ;
#2261 = CARTESIAN_POINT ( 'NONE',  ( -7.825057679209638000, 43.33883559663787800, 0.1629293686717606700 ) ) ;
#2262 = ORIENTED_EDGE ( 'NONE', *, *, #2893, .F. ) ;
#2263 = DIRECTION ( 'NONE',  ( -2.994961191413425000E-017, -0.8722106498830291000, 0.4891304347826090400 ) ) ;
#2264 = DIRECTION ( 'NONE',  ( 0.0000000000000000000, 0.0000000000000000000, -1.000000000000000000 ) ) ;
#2265 = EDGE_LOOP ( 'NONE', ( #2269 ) ) ;
#2266 = DIRECTION ( 'NONE',  ( 0.0000000000000000000, 0.0000000000000000000, -1.000000000000000000 ) ) ;
#2267 = DIRECTION ( 'NONE',  ( 1.000000000000000000, 0.0000000000000000000, 0.0000000000000000000 ) ) ;
#2268 = CARTESIAN_POINT ( 'NONE',  ( -7.757511108685686300, 43.33776109123909500, 0.3261482802300347800 ) ) ;
#2269 = ORIENTED_EDGE ( 'NONE', *, *, #514, .F. ) ;
#2270 = AXIS2_PLACEMENT_3D ( 'NONE', #1095, #1088, #1084 ) ;
#2271 = CARTESIAN_POINT ( 'NONE',  ( -16.00000000000000000, 0.0000000000000000000, 0.0000000000000000000 ) ) ;
#2272 = FACE_BOUND ( 'NONE', #175, .T. ) ;
#2273 = CARTESIAN_POINT ( 'NONE',  ( -7.527229630551609300, 43.33541042837968900, 0.5568771012476697600 ) ) ;
#2274 = CARTESIAN_POINT ( 'NONE',  ( -7.365486144498608400, 43.33433031996525400, 0.6248315947476997800 ) ) ;
#2275 = FACE_OUTER_BOUND ( 'NONE', #940, .T. ) ;
#2276 = AXIS2_PLACEMENT_3D ( 'NONE', #1031, #1052, #1105 ) ;
#2277 = DIRECTION ( 'NONE',  ( -1.000000000000000000, -0.0000000000000000000, -0.0000000000000000000 ) ) ;
#2278 = ADVANCED_FACE ( 'E933', ( #2159 ), #2689, .T. ) ;
#2279 = VERTEX_POINT ( 'NONE', #416 ) ;
#2280 = EDGE_LOOP ( 'NONE', ( #88 ) ) ;
#2281 = CARTESIAN_POINT ( 'NONE',  ( -7.035788358246085400, 43.33432547160653300, 0.6251677555092330900 ) ) ;
#2282 = EDGE_CURVE ( 'NONE', #2697, #2697, #2610, .T. ) ;
#2283 = ORIENTED_EDGE ( 'NONE', *, *, #2402, .F. ) ;
#2284 = CARTESIAN_POINT ( 'NONE',  ( -25.00000000000000000, 31.79347826086960500, 56.69369224239689900 ) ) ;
#2285 = EDGE_LOOP ( 'NONE', ( #1343 ) ) ;
#2286 = CARTESIAN_POINT ( 'NONE',  ( -6.873909272579911800, 43.33540089293600800, 0.5576081330807352000 ) ) ;
#2287 = VECTOR ( 'NONE', #8, 1000.000000000000000 ) ;
#2288 = VECTOR ( 'NONE', #712, 1000.000000000000100 ) ;
#2289 = EDGE_CURVE ( 'NONE', #46, #46, #2503, .T. ) ;
#2290 = CARTESIAN_POINT ( 'NONE',  ( -6.642913432706881100, 43.33775468148326800, 0.3269809614162846900 ) ) ;
#2291 = CARTESIAN_POINT ( 'NONE',  ( -25.00000000000000000, 101.7826086956522000, 17.44421299766060000 ) ) ;
#2292 = EDGE_CURVE ( 'NONE', #2918, #2918, #2763, .T. ) ;
#2293 = CARTESIAN_POINT ( 'NONE',  ( -6.574999999999996600, 43.33883476483185100, 0.1651644659218641800 ) ) ;
#2294 = DIRECTION ( 'NONE',  ( -0.06162841671621905500, -0.7044160264027592400, 0.7071067811865470200 ) ) ;
#2295 = DIRECTION ( 'NONE',  ( 0.0000000000000000000, 0.0000000000000000000, 1.000000000000000000 ) ) ;
#2296 = CARTESIAN_POINT ( 'NONE',  ( -6.574999999999997500, 43.33883476483185900, -4.065758146820641600E-017 ) ) ;
#2297 = VERTEX_POINT ( 'NONE', #2638 ) ;
#2298 = EDGE_CURVE ( 'NONE', #2916, #2916, #1919, .T. ) ;
#2299 = EDGE_CURVE ( 'E193', #1659, #2314, #2121, .T. ) ;
#2300 = CARTESIAN_POINT ( 'NONE',  ( 7.150949797459197100, 36.32822188823531200, 33.60244353366650200 ) ) ;
#2301 = CARTESIAN_POINT ( 'NONE',  ( 7.415462107421457300, 36.42674395674233500, 33.43963853380153500 ) ) ;
#2302 = CARTESIAN_POINT ( 'NONE',  ( -22.19999999999999900, 0.0000000000000000000, 0.0000000000000000000 ) ) ;
#2303 = EDGE_CURVE ( 'NONE', #2908, #2908, #2117, .T. ) ;
#2304 = CARTESIAN_POINT ( 'NONE',  ( 6.653117416102210400, -25.03925723574745300, -42.76413948304470800 ) ) ;
#2305 = DIRECTION ( 'NONE',  ( -5.337610695313252700E-017, 0.0000000000000000000, 1.000000000000000000 ) ) ;
#2306 = ORIENTED_EDGE ( 'NONE', *, *, #1271, .F. ) ;
#2307 = CARTESIAN_POINT ( 'NONE',  ( 7.714709328075199000, 36.48206276227902800, 33.31134247710825500 ) ) ;
#2308 = CARTESIAN_POINT ( 'NONE',  ( 8.178900937674388400, 36.49682546900115900, 33.18302435577063400 ) ) ;
#2309 = EDGE_CURVE ( 'E16', #1074, #2340, #2190, .T. ) ;
#2310 = CARTESIAN_POINT ( 'NONE',  ( 6.613025664437676800, -24.97941256438562600, -42.80541708790234900 ) ) ;
#2311 = ORIENTED_EDGE ( 'NONE', *, *, #761, .T. ) ;
#2312 = CARTESIAN_POINT ( 'NONE',  ( 8.338322745278004400, 36.49050821535960400, 33.15028582147950700 ) ) ;
#2313 = CARTESIAN_POINT ( 'NONE',  ( 7.042438344742333100, -24.20650440637957600, -43.17958016156729400 ) ) ;
#2314 = VERTEX_POINT ( 'NONE', #2284 ) ;
#2315 = EDGE_CURVE ( 'E52', #489, #809, #1638, .T. ) ;
#2316 = CARTESIAN_POINT ( 'NONE',  ( 0.0000000000000000000, 0.0000000000000000000, 0.0000000000000000000 ) ) ;
#2317 = CARTESIAN_POINT ( 'NONE',  ( 8.657644118354085100, 36.45516602774411300, 33.10728521451093800 ) ) ;
#2318 = CARTESIAN_POINT ( 'NONE',  ( 7.215346247269847500, -24.17687608478276900, -43.16763758037232200 ) ) ;
#2319 = DIRECTION ( 'NONE',  ( 1.000000000000000000, 0.0000000000000000000, 0.0000000000000000000 ) ) ;
#2320 = CARTESIAN_POINT ( 'NONE',  ( 7.452023283849144700, -24.21873626659823500, -43.10367775335716800 ) ) ;
#2321 = CARTESIAN_POINT ( 'NONE',  ( 7.525234224695495300, -24.24618644594955400, -43.07551592350098000 ) ) ;
#2322 = CARTESIAN_POINT ( 'NONE',  ( 8.815478063509770500, 36.42658082892781100, 33.09709124445043200 ) ) ;
#2323 = ORIENTED_EDGE ( 'NONE', *, *, #2240, .F. ) ;
#2324 = VECTOR ( 'NONE', #1563, 1000.000000000000100 ) ;
#2325 = ORIENTED_EDGE ( 'NONE', *, *, #1360, .F. ) ;
#2326 = AXIS2_PLACEMENT_3D ( 'NONE', #909, #872, #922 ) ;
#2327 = FACE_BOUND ( 'NONE', #1722, .T. ) ;
#2328 = CARTESIAN_POINT ( 'NONE',  ( 9.127568230440337200, 36.34803458683926900, 33.09884851608444500 ) ) ;
#2329 = VERTEX_POINT ( 'NONE', #443 ) ;
#2330 = CARTESIAN_POINT ( 'NONE',  ( 9.283252638172655200, 36.29734821312654700, 33.11117188433362200 ) ) ;
#2331 = CARTESIAN_POINT ( 'NONE',  ( 7.653245225685116900, -24.32510602417722000, -43.00841584867000500 ) ) ;
#2332 = CARTESIAN_POINT ( 'NONE',  ( 7.707171014848794000, -24.37639807923852700, -42.96972714131281600 ) ) ;
#2333 = EDGE_CURVE ( 'E98', #1223, #2462, #1996, .T. ) ;
#2334 = AXIS2_PLACEMENT_3D ( 'NONE', #903, #910, #915 ) ;
#2335 = CARTESIAN_POINT ( 'NONE',  ( 9.578963037374551300, 36.17787075954262100, 33.15767037711525200 ) ) ;
#2336 = CARTESIAN_POINT ( 'NONE',  ( 7.825993461484836500, -24.55358476781514200, -42.84742906248309400 ) ) ;
#2337 = CARTESIAN_POINT ( 'NONE',  ( 9.720093174120160400, 36.10902066303678000, 33.19163391213638200 ) ) ;
#2338 = EDGE_CURVE ( 'E61', #809, #1020, #2507, .T. ) ;
#2339 = AXIS2_PLACEMENT_3D ( 'NONE', #983, #986, #993 ) ;
#2340 = VERTEX_POINT ( 'NONE', #2140 ) ;
#2341 = PLANE ( 'NONE',  #1787 ) ;
#2342 = DIRECTION ( 'NONE',  ( 1.000000000000000000, 0.0000000000000000000, 0.0000000000000000000 ) ) ;
#2343 = CARTESIAN_POINT ( 'NONE',  ( 7.845891535718512200, -24.70516968030525400, -42.75656045770916300 ) ) ;
#2344 = CARTESIAN_POINT ( 'NONE',  ( 32.30000000000000400, 0.0000000000000000000, 0.0000000000000000000 ) ) ;
#2345 = CARTESIAN_POINT ( 'NONE',  ( 9.988728361738669300, 35.95286277188863300, 33.28127267001095600 ) ) ;
#2346 = CARTESIAN_POINT ( 'NONE',  ( 10.11540769945720400, 35.86569107203692400, 33.33701476356969100 ) ) ;
#2347 = CARTESIAN_POINT ( 'NONE',  ( 24.40000000000000200, -13.75000000000000000, -23.81569860407205400 ) ) ;
#2348 = DIRECTION ( 'NONE',  ( 0.0000000000000000000, 0.4999999999999998900, 0.8660254037844387100 ) ) ;
#2349 = CARTESIAN_POINT ( 'NONE',  ( 10.34403445922983300, 35.68010115428363300, 33.46576093672221900 ) ) ;
#2350 = AXIS2_PLACEMENT_3D ( 'NONE', #881, #884, #888 ) ;
#2351 = CIRCLE ( 'NONE', #1927, 2.458750000000002900 ) ;
#2352 = CARTESIAN_POINT ( 'NONE',  ( 10.44760918693259700, 35.58072520471177600, 33.53931971422044700 ) ) ;
#2353 = EDGE_CURVE ( 'E140', #774, #1223, #2243, .T. ) ;
#2354 = VECTOR ( 'NONE', #1598, 1000.000000000000000 ) ;
#2355 = CARTESIAN_POINT ( 'NONE',  ( 25.84337567297404800, 34.50000000000000000, 2.500000000000000000 ) ) ;
#2356 = CARTESIAN_POINT ( 'NONE',  ( 12.25000000000000000, 0.0000000000000000000, 0.0000000000000000000 ) ) ;
#2357 = VERTEX_POINT ( 'NONE', #504 ) ;
#2358 = DIRECTION ( 'NONE',  ( 1.224606353822375800E-016, 0.0000000000000000000, -1.000000000000000000 ) ) ;
#2359 = ORIENTED_EDGE ( 'NONE', *, *, #2039, .T. ) ;
#2360 = CARTESIAN_POINT ( 'NONE',  ( 7.754485794183978000, -24.98433178267220400, -42.61077329194843300 ) ) ;
#2361 = EDGE_CURVE ( 'E888', #1765, #2448, #1572, .T. ) ;
#2362 = VERTEX_POINT ( 'NONE', #552 ) ;
#2363 = DIRECTION ( 'NONE',  ( 0.0000000000000000000, -0.8660254037844389300, 0.4999999999999996100 ) ) ;
#2364 = ORIENTED_EDGE ( 'NONE', *, *, #187, .F. ) ;
#2365 = CARTESIAN_POINT ( 'NONE',  ( 10.63146057004783700, 35.36908094564037700, 33.70499473248801800 ) ) ;
#2366 = EDGE_LOOP ( 'NONE', ( #133 ) ) ;
#2367 = CARTESIAN_POINT ( 'NONE',  ( 7.644727702197507700, -25.11119112383391500, -42.55600673562238300 ) ) ;
#2368 = ADVANCED_FACE ( 'E848', ( #1338, #1164 ), #2026, .F. ) ;
#2369 = VERTEX_POINT ( 'NONE', #455 ) ;
#2370 = CARTESIAN_POINT ( 'NONE',  ( 10.70895995560178600, 35.26006280712604000, 33.79455550735548300 ) ) ;
#2371 = CARTESIAN_POINT ( 'NONE',  ( -8.800000000000000700, 109.8708551808102100, 0.0000000000000000000 ) ) ;
#2372 = FACE_OUTER_BOUND ( 'NONE', #2810, .T. ) ;
#2373 = CARTESIAN_POINT ( 'NONE',  ( 7.356314563779792000, -25.26916861929784400, -42.51330666872449600 ) ) ;
#2374 = CARTESIAN_POINT ( 'NONE',  ( 7.183169048117404600, -25.29773016501587100, -42.52591911790862900 ) ) ;
#2375 = CARTESIAN_POINT ( 'NONE',  ( 10.83611840497608000, 35.03586190044442400, 33.98665551711747000 ) ) ;
#2376 = LINE ( 'NONE', #4, #2033 ) ;
#2377 = DIRECTION ( 'NONE',  ( 0.0000000000000000000, 0.0000000000000000000, 1.000000000000000000 ) ) ;
#2378 = EDGE_CURVE ( 'E214', #2314, #2826, #860, .T. ) ;
#2379 = CARTESIAN_POINT ( 'NONE',  ( 10.88607212526019700, 34.91934299399397200, 34.09045334628328300 ) ) ;
#2380 = CARTESIAN_POINT ( 'NONE',  ( 6.871169060946535900, -25.24267095333555100, -42.61010988927642300 ) ) ;
#2381 = EDGE_LOOP ( 'NONE', ( #752 ) ) ;
#2382 = VECTOR ( 'NONE', #953, 1000.000000000000000 ) ;
#2383 = CARTESIAN_POINT ( 'NONE',  ( 6.733300919431276700, -25.15894657847109900, -42.68158427332942000 ) ) ;
#2384 = AXIS2_PLACEMENT_3D ( 'NONE', #844, #829, #853 ) ;
#2385 = CARTESIAN_POINT ( 'NONE',  ( 10.95394990133311500, 34.68739892090705700, 34.30483097851703200 ) ) ;
#2386 = ORIENTED_EDGE ( 'NONE', *, *, #2868, .T. ) ;
#2387 = CARTESIAN_POINT ( 'NONE',  ( 6.653117416102210400, -25.03925723574745300, -42.76413948304470800 ) ) ;
#2388 = CARTESIAN_POINT ( 'NONE',  ( 10.97228206037119600, 34.57211183988913900, 34.41517296237864100 ) ) ;
#2389 = VERTEX_POINT ( 'NONE', #2004 ) ;
#2390 = AXIS2_PLACEMENT_3D ( 'NONE', #778, #836, #851 ) ;
#2391 = CARTESIAN_POINT ( 'NONE',  ( 10.97783294964966700, 34.34290411302479400, 34.64214400879013300 ) ) ;
#2392 = CARTESIAN_POINT ( 'NONE',  ( 10.96456086445291200, 34.22865954682186600, 34.75921640711965200 ) ) ;
#2393 = CARTESIAN_POINT ( 'NONE',  ( -7.614253001733630700, -13.24844644215725600, -47.60786393744555800 ) ) ;
#2394 = CARTESIAN_POINT ( 'NONE',  ( -7.545592007211650000, -13.29504810442519700, -47.60573218806450100 ) ) ;
#2395 = ORIENTED_EDGE ( 'NONE', *, *, #1956, .F. ) ;
#2396 = ORIENTED_EDGE ( 'NONE', *, *, #1414, .T. ) ;
#2397 = EDGE_CURVE ( 'E409', #306, #2702, #1519, .T. ) ;
#2398 = B_SPLINE_CURVE_WITH_KNOTS ( 'NONE', 3,
 ( #1931, #1087, #1046, #1862 ),
 .UNSPECIFIED., .F., .F.,
 ( 4, 4 ),
 ( 0.1202423029166015800, 0.1205076050164802700 ),
 .UNSPECIFIED. ) ;
#2399 = CARTESIAN_POINT ( 'NONE',  ( -7.672839832253227900, -13.18990444504596500, -47.61471129471078000 ) ) ;
#2400 = EDGE_LOOP ( 'NONE', ( #1 ) ) ;
#2401 = CARTESIAN_POINT ( 'NONE',  ( 10.87894582134919800, 33.90302884078153800, 35.10465199194147300 ) ) ;
#2402 = EDGE_CURVE ( 'E161', #738, #2467, #764, .T. ) ;
#2403 = EDGE_CURVE ( 'E124', #1695, #1161, #640, .T. ) ;
#2404 = CARTESIAN_POINT ( 'NONE',  ( -7.764446387285826000, -13.05486240618961700, -47.63707297781775900 ) ) ;
#2405 = VERTEX_POINT ( 'NONE', #490 ) ;
#2406 = CARTESIAN_POINT ( 'NONE',  ( -7.796662908866107200, -12.97893503191095900, -47.65255513456306600 ) ) ;
#2407 = EDGE_LOOP ( 'NONE', ( #2839 ) ) ;
#2408 = CARTESIAN_POINT ( 'NONE',  ( 10.75817664290225700, 33.69999309178966500, 35.33659958858630300 ) ) ;
#2409 = ORIENTED_EDGE ( 'NONE', *, *, #1948, .T. ) ;
#2410 = CARTESIAN_POINT ( 'NONE',  ( -7.845022923284471300, -12.74433821214909400, -47.70811598235678000 ) ) ;
#2411 = EDGE_CURVE ( 'E282', #503, #1850, #1141, .T. ) ;
#2412 = CARTESIAN_POINT ( 'NONE',  ( -7.810265066717741800, -12.57728491583172000, -47.75812577044847300 ) ) ;
#2413 = CARTESIAN_POINT ( 'NONE',  ( -7.628257447159042700, -12.32170503127908600, -47.85407178928861100 ) ) ;
#2414 = EDGE_LOOP ( 'NONE', ( #659 ) ) ;
#2415 = ADVANCED_FACE ( 'E318', ( #484 ), #1959, .F. ) ;
#2416 = FACE_OUTER_BOUND ( 'NONE', #1949, .T. ) ;
#2417 = CARTESIAN_POINT ( 'NONE',  ( 10.49961618797570200, 33.44550577193219000, 35.65363930866678300 ) ) ;
#2418 = VERTEX_POINT ( 'NONE', #453 ) ;
#2419 = EDGE_CURVE ( 'NONE', #2899, #2899, #322, .T. ) ;
#2420 = FACE_OUTER_BOUND ( 'NONE', #167, .T. ) ;
#2421 = ADVANCED_FACE ( 'E224', ( #626 ), #1925, .T. ) ;
#2422 = VERTEX_POINT ( 'NONE', #1935 ) ;
#2423 = CARTESIAN_POINT ( 'NONE',  ( 10.39946565265155900, 33.36761506879598500, 35.75583365747009200 ) ) ;
#2424 = VERTEX_POINT ( 'NONE', #1853 ) ;
#2425 = CARTESIAN_POINT ( 'NONE',  ( -7.482841701730827700, -12.23321021389033600, -47.89971937108397500 ) ) ;
#2426 = ADVANCED_FACE ( 'E909', ( #142, #214 ), #705, .T. ) ;
#2427 = EDGE_CURVE ( 'E134', #2920, #1275, #623, .T. ) ;
#2428 = ORIENTED_EDGE ( 'NONE', *, *, #2299, .T. ) ;
#2429 = CARTESIAN_POINT ( 'NONE',  ( -7.161005202616547800, -12.18350498146768100, -47.96154374864971000 ) ) ;
#2430 = CARTESIAN_POINT ( 'NONE',  ( 6.756887538166852300, -24.36276932863048500, -43.13730262523716200 ) ) ;
#2431 = FACE_OUTER_BOUND ( 'NONE', #558, .T. ) ;
#2432 = EDGE_CURVE ( 'NONE', #93, #93, #220, .T. ) ;
#2433 = CARTESIAN_POINT ( 'NONE',  ( 10.17648894221414000, 33.23063150459854100, 35.94705084419674500 ) ) ;
#2434 = VERTEX_POINT ( 'NONE', #1796 ) ;
#2435 = CARTESIAN_POINT ( 'NONE',  ( -6.990205182270209100, -12.22295881564219800, -47.97669409633560600 ) ) ;
#2436 = EDGE_CURVE ( 'E255', #948, #945, #1431, .T. ) ;
#2437 = DIRECTION ( 'NONE',  ( -6.123031769111888800E-017, 1.000000000000000000, 0.0000000000000000000 ) ) ;
#2438 = ORIENTED_EDGE ( 'NONE', *, *, #760, .F. ) ;
#2439 = ORIENTED_EDGE ( 'NONE', *, *, #1264, .T. ) ;
#2440 = CARTESIAN_POINT ( 'NONE',  ( -6.718976931676508900, -12.40689376391780900, -47.96823118726542400 ) ) ;
#2441 = CARTESIAN_POINT ( 'NONE',  ( -6.619765232509659600, -12.55236321726177100, -47.94417308356894100 ) ) ;
#2442 = EDGE_CURVE ( 'NONE', #2929, #2929, #139, .T. ) ;
#2443 = CARTESIAN_POINT ( 'NONE',  ( -6.571153600387080300, -12.78680101759155900, -47.88866642308331500 ) ) ;
#2444 = CARTESIAN_POINT ( 'NONE',  ( -6.570915747244990600, -12.86796169537372600, -47.86695525269522000 ) ) ;
#2445 = ORIENTED_EDGE ( 'NONE', *, *, #685, .F. ) ;
#2446 = EDGE_CURVE ( 'E555', #2, #1129, #1212, .T. ) ;
#2447 = CARTESIAN_POINT ( 'NONE',  ( 10.05531476487766600, 33.17223890816293200, 36.03497046500947200 ) ) ;
#2448 = VERTEX_POINT ( 'NONE', #1778 ) ;
#2449 = CARTESIAN_POINT ( 'NONE',  ( 9.794075066896274600, 33.07514653773701200, 36.19580998826155100 ) ) ;
#2450 = CARTESIAN_POINT ( 'NONE',  ( -6.602868590203538400, -13.02270854580167400, -47.82068554115606000 ) ) ;
#2451 = CARTESIAN_POINT ( 'NONE',  ( 6.645862137826339800, -24.49004478128133800, -43.08244517712659400 ) ) ;
#2452 = CARTESIAN_POINT ( 'NONE',  ( 9.652437597738497700, 33.03630628405104400, 36.26925530234783000 ) ) ;
#2453 = CARTESIAN_POINT ( 'NONE',  ( -6.634573529078676500, -13.09569577081826700, -47.79636050371832600 ) ) ;
#2454 = CARTESIAN_POINT ( 'NONE',  ( -6.772637762876023300, -13.28976324773984700, -47.72359096606027200 ) ) ;
#2455 = EDGE_LOOP ( 'NONE', ( #547, #696, #9, #386 ) ) ;
#2456 = CARTESIAN_POINT ( 'NONE',  ( 9.360786846473377700, 32.98181952038078900, 36.39507130641001700 ) ) ;
#2457 = CIRCLE ( 'NONE', #2014, 9.500000000000000000 ) ;
#2458 = CARTESIAN_POINT ( 'NONE',  ( 9.210057019588221600, 32.96564291506675900, 36.44814616497363600 ) ) ;
#2459 = EDGE_CURVE ( 'E895', #2583, #1765, #1378, .T. ) ;
#2460 = VECTOR ( 'NONE', #417, 1000.000000000000100 ) ;
#2461 = CARTESIAN_POINT ( 'NONE',  ( -6.918625839958354000, -13.37704200296411500, -47.67823647579086800 ) ) ;
#2462 = VERTEX_POINT ( 'NONE', #1741 ) ;
#2463 = PLANE ( 'NONE',  #1728 ) ;
#2464 = CARTESIAN_POINT ( 'NONE',  ( 6.577077884291767900, -24.69925135233153700, -42.97319797250815300 ) ) ;
#2465 = CARTESIAN_POINT ( 'NONE',  ( -7.236911956860558900, -13.42636794217768400, -47.61708326760211900 ) ) ;
#2466 = EDGE_LOOP ( 'NONE', ( #1968 ) ) ;
#2467 = VERTEX_POINT ( 'NONE', #1731 ) ;
#2468 = CARTESIAN_POINT ( 'NONE',  ( 8.898718691695416200, 32.95557725196865600, 36.53448857732426100 ) ) ;
#2469 = ORIENTED_EDGE ( 'NONE', *, *, #1210, .T. ) ;
#2470 = CARTESIAN_POINT ( 'NONE',  ( -7.408270018167687700, -13.38825142896107500, -47.60146868930237200 ) ) ;
#2471 = CARTESIAN_POINT ( 'NONE',  ( 8.738526310822530600, 32.96200728195799500, 36.56733588417022000 ) ) ;
#2472 = CARTESIAN_POINT ( 'NONE',  ( -7.545592007211650000, -13.29504810442519700, -47.60573218806450100 ) ) ;
#2473 = DIRECTION ( 'NONE',  ( -1.000000000000000000, 0.0000000000000000000, 0.0000000000000000000 ) ) ;
#2474 = CONICAL_SURFACE ( 'NONE', #1153, 5.000000000000002700, 0.7853981633974469500 ) ;
#2475 = CIRCLE ( 'NONE', #2040, 43.33883476483185100 ) ;
#2476 = CARTESIAN_POINT ( 'NONE',  ( 8.421934426788951100, 32.99687478118957500, 36.61015016347075600 ) ) ;
#2477 = CARTESIAN_POINT ( 'NONE',  ( 8.263825309931453600, 33.02519992019524900, 36.62064817078421400 ) ) ;
#2478 = CARTESIAN_POINT ( 'NONE',  ( -16.00000000000000000, 0.0000000000000000000, 20.00000000000000000 ) ) ;
#2479 = CARTESIAN_POINT ( 'NONE',  ( 7.947996230740512800, 33.10452787807593500, 36.61893090815348000 ) ) ;
#2480 = LINE ( 'NONE', #204, #2687 ) ;
#2481 = CARTESIAN_POINT ( 'NONE',  ( -8.652795156747320200, -61.12920731827302500, -20.00000000000000000 ) ) ;
#2482 = CARTESIAN_POINT ( 'NONE',  ( 6.569731870746503300, -24.77224657259298700, -42.93228621995216100 ) ) ;
#2483 = CARTESIAN_POINT ( 'NONE',  ( 7.795128104860960900, 33.15433819349257800, 36.60671596631440400 ) ) ;
#2484 = CARTESIAN_POINT ( 'NONE',  ( 7.500147470647605500, 33.27316142886290600, 36.56050236943497800 ) ) ;
#2485 = B_SPLINE_CURVE_WITH_KNOTS ( 'NONE', 3,
 ( #2394, #2393, #2399, #2404, #2406, #2410, #2412, #2413, #2425, #2429, #2435, #2440, #2441, #2443, #2444, #2450, #2453, #2454, #2461, #2465, #2470, #2472 ),
 .UNSPECIFIED., .T., .F.,
 ( 4, 2, 2, 2, 2, 2, 2, 2, 2, 2, 4 ),
 ( 0.0000000000000000000, 0.0002455259057417267000, 0.0004910518114834534000, 0.0009821036229669117900, 0.001473155434450369000, 0.001964207245933825800, 0.002455259057417282300, 0.002700784963159011700, 0.002946310868900740600, 0.003437362680384193200, 0.003928414491867646300 ),
 .UNSPECIFIED. ) ;
#2486 = CARTESIAN_POINT ( 'NONE',  ( 25.84337567297404800, -14.20993649053890100, -29.61233197394035000 ) ) ;
#2487 = DIRECTION ( 'NONE',  ( 0.0000000000000000000, 0.0000000000000000000, 1.000000000000000000 ) ) ;
#2488 = CARTESIAN_POINT ( 'NONE',  ( 4.419417382415920400, 0.0000000000000000000, 0.0000000000000000000 ) ) ;
#2489 = ORIENTED_EDGE ( 'NONE', *, *, #2282, .T. ) ;
#2490 = ORIENTED_EDGE ( 'NONE', *, *, #1447, .F. ) ;
#2491 = VERTEX_POINT ( 'NONE', #441 ) ;
#2492 = CARTESIAN_POINT ( 'NONE',  ( 6.587922574246345400, -24.91262264791171800, -42.84818883146910200 ) ) ;
#2493 = CIRCLE ( 'NONE', #2184, 34.50000000000000000 ) ;
#2494 = CARTESIAN_POINT ( 'NONE',  ( 7.356443655793071900, 33.34309190061057400, 36.52597865689374100 ) ) ;
#2495 = CARTESIAN_POINT ( 'NONE',  ( 7.087708576296725100, 33.49914903115211500, 36.43621219231531000 ) ) ;
#2496 = ADVANCED_FACE ( 'E245', ( #1331 ), #2534, .T. ) ;
#2497 = DIRECTION ( 'NONE',  ( -1.000000000000000000, 0.0000000000000000000, 0.0000000000000000000 ) ) ;
#2498 = CARTESIAN_POINT ( 'NONE',  ( 6.963178353084534100, 33.58465003173136400, 36.38147053323058300 ) ) ;
#2499 = DIRECTION ( 'NONE',  ( -3.579905236149855900E-017, 0.0000000000000000000, 1.000000000000000000 ) ) ;
#2500 = FACE_OUTER_BOUND ( 'NONE', #675, .T. ) ;
#2501 = ORIENTED_EDGE ( 'NONE', *, *, #2135, .F. ) ;
#2502 = CARTESIAN_POINT ( 'NONE',  ( 6.733647511586499800, 33.77048976445883000, 36.25242034608656600 ) ) ;
#2503 = CIRCLE ( 'NONE', #1534, 60.35547151521450400 ) ;
#2504 = PLANE ( 'NONE',  #2067 ) ;
#2505 = CARTESIAN_POINT ( 'NONE',  ( 6.628262788804249800, 33.87164596738411100, 36.17739113294767600 ) ) ;
#2506 = CARTESIAN_POINT ( 'NONE',  ( 6.446415084203749800, 34.08066153194509700, 36.01358270751028100 ) ) ;
#2507 = B_SPLINE_CURVE_WITH_KNOTS ( 'NONE', 3,
 ( #2151, #2253, #2123, #2116 ),
 .UNSPECIFIED., .F., .F.,
 ( 4, 4 ),
 ( 0.1202423029166015800, 0.1205076050164802700 ),
 .UNSPECIFIED. ) ;
#2508 = APPROVAL_DATE_TIME ( #2512, #794 ) ;
#2509 = EDGE_CURVE ( 'E902', #2145, #2583, #792, .T. ) ;
#2510 = CARTESIAN_POINT ( 'NONE',  ( -7.264784249113579200, 0.0000000000000000000, 0.0000000000000000000 ) ) ;
#2511 = DIRECTION ( 'NONE',  ( -2.449212707644755000E-016, 0.0000000000000000000, 1.000000000000000000 ) ) ;
#2512 = DATE_AND_TIME ( #2520, #2527 ) ;
#2513 = DIRECTION ( 'NONE',  ( -1.000000000000000000, 0.0000000000000000000, 0.0000000000000000000 ) ) ;
#2514 = EDGE_CURVE ( 'NONE', #2897, #2897, #679, .T. ) ;
#2515 = CARTESIAN_POINT ( 'NONE',  ( 6.368648306688869300, 34.18937757916157200, 35.92426867176724400 ) ) ;
#2516 = ORIENTED_EDGE ( 'NONE', *, *, #2282, .F. ) ;
#2517 = ORIENTED_EDGE ( 'NONE', *, *, #565, .F. ) ;
#2518 = DIRECTION ( 'NONE',  ( -1.000000000000000000, 0.0000000000000000000, 0.0000000000000000000 ) ) ;
#2519 = DIRECTION ( 'NONE',  ( 0.0000000000000000000, 0.0000000000000000000, 1.000000000000000000 ) ) ;
#2520 = CALENDAR_DATE ( 2019, 8, 3 ) ;
#2521 = CARTESIAN_POINT ( 'NONE',  ( 6.240126918093185500, 34.41545251615369900, 35.73043162712343700 ) ) ;
#2522 = ORIENTED_EDGE ( 'NONE', *, *, #2303, .F. ) ;
#2523 = CARTESIAN_POINT ( 'NONE',  ( 6.190602342997651800, 34.53113612313244100, 35.62727723961955200 ) ) ;
#2524 = ADVANCED_FACE ( 'E1017', ( #501 ), #1708, .T. ) ;
#2525 = ORIENTED_EDGE ( 'NONE', *, *, #221, .F. ) ;
#2526 = CARTESIAN_POINT ( 'NONE',  ( 12.50000000000000000, 0.0000000000000000000, 0.0000000000000000000 ) ) ;
#2527 = LOCAL_TIME ( 9, 12, 17.00000000000000000, #2544 ) ;
#2528 = EDGE_CURVE ( 'E913', #893, #730, #329, .T. ) ;
#2529 = CARTESIAN_POINT ( 'NONE',  ( 6.122798465813561500, 34.76173073762630100, 35.41411043502208900 ) ) ;
#2530 = VERTEX_POINT ( 'NONE', #413 ) ;
#2531 = ORIENTED_EDGE ( 'NONE', *, *, #2240, .T. ) ;
#2532 = CARTESIAN_POINT ( 'NONE',  ( 6.103976077390385100, 34.87843376606951300, 35.30244538872726400 ) ) ;
#2533 = CARTESIAN_POINT ( 'NONE',  ( 6.098348183402747800, 35.10894004965234700, 35.07418986057167800 ) ) ;
#2534 = CYLINDRICAL_SURFACE ( 'NONE', #1322, 20.00000000000000000 ) ;
#2535 = DIRECTION ( 'NONE',  ( 0.0000000000000000000, 0.0000000000000000000, 1.000000000000000000 ) ) ;
#2536 = DIRECTION ( 'NONE',  ( 0.0000000000000000000, 0.0000000000000000000, 1.000000000000000000 ) ) ;
#2537 = VECTOR ( 'NONE', #1742, 1000.000000000000000 ) ;
#2538 = FACE_OUTER_BOUND ( 'NONE', #398, .T. ) ;
#2539 = CARTESIAN_POINT ( 'NONE',  ( -8.725899602377184600, -61.32646780451366200, -19.99999999999999600 ) ) ;
#2540 = DIRECTION ( 'NONE',  ( -1.000000000000000000, 0.0000000000000000000, 0.0000000000000000000 ) ) ;
#2541 = FACE_OUTER_BOUND ( 'NONE', #1652, .T. ) ;
#2542 = CARTESIAN_POINT ( 'NONE',  ( 12.25000000000000000, 0.0000000000000000000, 0.0000000000000000000 ) ) ;
#2543 = PLANE ( 'NONE',  #2179 ) ;
#2544 = COORDINATED_UNIVERSAL_TIME_OFFSET ( 3, 0, .BEHIND. ) ;
#2545 = CARTESIAN_POINT ( 'NONE',  ( 6.111331940682814200, 35.22085769716230200, 34.95952924964070300 ) ) ;
#2546 = CARTESIAN_POINT ( 'NONE',  ( 6.168095329791222900, 35.43819017434597600, 34.72916868482381900 ) ) ;
#2547 = DIRECTION ( 'NONE',  ( 1.000000000000000000, -0.0000000000000000000, -0.0000000000000000000 ) ) ;
#2548 = APPROVAL_PERSON_ORGANIZATION ( #2571, #794, #225 ) ;
#2549 = EDGE_CURVE ( 'E918', #605, #893, #121, .T. ) ;
#2550 = FACE_BOUND ( 'NONE', #389, .T. ) ;
#2551 = DIRECTION ( 'NONE',  ( 0.0000000000000000000, 0.0000000000000000000, 1.000000000000000000 ) ) ;
#2552 = CARTESIAN_POINT ( 'NONE',  ( 6.212676045983623200, 35.54459097098733600, 34.61229095194324400 ) ) ;
#2553 = DIRECTION ( 'NONE',  ( 0.0000000000000000000, 0.0000000000000000000, 1.000000000000000000 ) ) ;
#2554 = ORIENTED_EDGE ( 'NONE', *, *, #731, .T. ) ;
#2555 = CARTESIAN_POINT ( 'NONE',  ( 6.330009478359389900, 35.74247928044408700, 34.38651088406631800 ) ) ;
#2556 = DIRECTION ( 'NONE',  ( 0.0000000000000000000, 0.0000000000000000000, 1.000000000000000000 ) ) ;
#2557 = FACE_OUTER_BOUND ( 'NONE', #1042, .T. ) ;
#2558 = CARTESIAN_POINT ( 'NONE',  ( 21.51324865405190000, -17.25000000000000000, -29.87787643056314800 ) ) ;
#2559 = EDGE_LOOP ( 'NONE', ( #192, #460, #1157, #644, #2678, #2359, #2578, #98 ) ) ;
#2560 = ORIENTED_EDGE ( 'NONE', *, *, #2097, .F. ) ;
#2561 = CARTESIAN_POINT ( 'NONE',  ( 6.402618152339668400, 35.83472867922602500, 34.27688475023097000 ) ) ;
#2562 = EDGE_LOOP ( 'NONE', ( #2701 ) ) ;
#2563 = DIRECTION ( 'NONE',  ( 1.000000000000000000, 0.0000000000000000000, 0.0000000000000000000 ) ) ;
#2564 = FACE_OUTER_BOUND ( 'NONE', #2407, .T. ) ;
#2565 = CARTESIAN_POINT ( 'NONE',  ( -7.000000000000000000, 0.0000000000000000000, -20.00000000000000000 ) ) ;
#2566 = DIRECTION ( 'NONE',  ( 0.0000000000000000000, 0.0000000000000000000, 1.000000000000000000 ) ) ;
#2567 = LINE ( 'NONE', #858, #806 ) ;
#2568 = FACE_OUTER_BOUND ( 'NONE', #2674, .T. ) ;
#2569 = ORIENTED_EDGE ( 'NONE', *, *, #1608, .F. ) ;
#2570 = PLANE ( 'NONE',  #1684 ) ;
#2571 = PERSON_AND_ORGANIZATION ( #191, #2799 ) ;
#2572 = VECTOR ( 'NONE', #1495, 1000.000000000000000 ) ;
#2573 = CARTESIAN_POINT ( 'NONE',  ( 6.575881860059361400, 36.00575647349890600, 34.06419535865572400 ) ) ;
#2574 = EDGE_LOOP ( 'NONE', ( #2147 ) ) ;
#2575 = EDGE_CURVE ( 'E928', #519, #730, #621, .T. ) ;
#2576 = PLANE ( 'NONE',  #2044 ) ;
#2577 = DATE_AND_TIME ( #2581, #2586 ) ;
#2578 = ORIENTED_EDGE ( 'NONE', *, *, #418, .T. ) ;
#2579 = CARTESIAN_POINT ( 'NONE',  ( 6.676581901880070700, 36.08402026380727500, 33.96163358569016600 ) ) ;
#2580 = EDGE_LOOP ( 'NONE', ( #1460 ) ) ;
#2581 = CALENDAR_DATE ( 2019, 8, 3 ) ;
#2582 = CARTESIAN_POINT ( 'NONE',  ( 6.897534316020977700, 36.22012462459277800, 33.77206556665324700 ) ) ;
#2583 = VERTEX_POINT ( 'NONE', #1581 ) ;
#2584 = EDGE_CURVE ( 'E934', #730, #1238, #2772, .T. ) ;
#2585 = EDGE_LOOP ( 'NONE', ( #129 ) ) ;
#2586 = LOCAL_TIME ( 9, 12, 17.00000000000000000, #2593 ) ;
#2587 = CARTESIAN_POINT ( 'NONE',  ( -8.800000000000000700, 92.00000000000000000, 0.0000000000000000000 ) ) ;
#2588 = CARTESIAN_POINT ( 'NONE',  ( 7.018693642478069700, 36.27896085398180000, 33.68384603359898900 ) ) ;
#2589 = FACE_OUTER_BOUND ( 'NONE', #1618, .T. ) ;
#2590 = DIRECTION ( 'NONE',  ( 1.000000000000000000, 0.0000000000000000000, 0.0000000000000000000 ) ) ;
#2591 = DIRECTION ( 'NONE',  ( 1.000000000000000000, 0.0000000000000000000, 0.0000000000000000000 ) ) ;
#2592 = DIRECTION ( 'NONE',  ( 0.0000000000000000000, 0.0000000000000000000, -1.000000000000000000 ) ) ;
#2593 = COORDINATED_UNIVERSAL_TIME_OFFSET ( 3, 0, .BEHIND. ) ;
#2594 = DIRECTION ( 'NONE',  ( 0.0000000000000000000, 0.0000000000000000000, 1.000000000000000000 ) ) ;
#2595 = ADVANCED_FACE ( 'E830', ( #2924, #1092 ), #1640, .F. ) ;
#2596 = CARTESIAN_POINT ( 'NONE',  ( -16.00000000000000000, 92.00000000000000000, -20.00000000000000000 ) ) ;
#2597 = TOROIDAL_SURFACE ( 'NONE', #1995, 38.91941738241595100, 6.250000000000000000 ) ;
#2598 = DIRECTION ( 'NONE',  ( -1.000000000000000000, 0.0000000000000000000, 0.0000000000000000000 ) ) ;
#2599 = CIRCLE ( 'NONE', #2339, 4.323400000000000400 ) ;
#2600 = CARTESIAN_POINT ( 'NONE',  ( 12.50000000000000000, 0.0000000000000000000, 0.0000000000000000000 ) ) ;
#2601 = ADVANCED_FACE ( 'E975', ( #436 ), #1544, .T. ) ;
#2602 = CARTESIAN_POINT ( 'NONE',  ( -8.753932686726248100, -61.42981889826098300, -20.00000000000000400 ) ) ;
#2603 = ORIENTED_EDGE ( 'NONE', *, *, #132, .F. ) ;
#2604 = CARTESIAN_POINT ( 'NONE',  ( -25.00000000000000000, -92.00000000000000000, -5.633189227582940100E-015 ) ) ;
#2605 = CARTESIAN_POINT ( 'NONE',  ( 18.00000000000000000, 0.0000000000000000000, 0.0000000000000000000 ) ) ;
#2606 = CARTESIAN_POINT ( 'NONE',  ( 7.150949797459197100, 36.32822188823531200, 33.60244353366650200 ) ) ;
#2607 = LINE ( 'NONE', #347, #2460 ) ;
#2608 = DIRECTION ( 'NONE',  ( 1.000000000000000000, 0.0000000000000000000, 6.123031769111888800E-017 ) ) ;
#2609 = DIRECTION ( 'NONE',  ( -1.000000000000000000, 0.0000000000000000000, -4.592273826833919600E-017 ) ) ;
#2610 = CIRCLE ( 'NONE', #1545, 55.00000000000000000 ) ;
#2611 = DIRECTION ( 'NONE',  ( 0.0000000000000000000, 0.0000000000000000000, -1.000000000000000000 ) ) ;
#2612 = EDGE_LOOP ( 'NONE', ( #65 ) ) ;
#2613 = FACE_OUTER_BOUND ( 'NONE', #533, .T. ) ;
#2614 = DIRECTION ( 'NONE',  ( 0.0000000000000000000, -1.000000000000000000, 0.0000000000000000000 ) ) ;
#2615 = FACE_OUTER_BOUND ( 'NONE', #367, .T. ) ;
#2616 = DIRECTION ( 'NONE',  ( 0.0000000000000000000, 0.0000000000000000000, 1.000000000000000000 ) ) ;
#2617 = CARTESIAN_POINT ( 'NONE',  ( -8.790762253820718200, -61.63672018456797000, -20.00000000000000000 ) ) ;
#2618 = ADVANCED_FACE ( 'E1352', ( #395, #467 ), #1513, .T. ) ;
#2619 = PERSON_AND_ORGANIZATION ( #191, #2799 ) ;
#2620 = ADVANCED_FACE ( 'E1083', ( #2564, #863 ), #16, .T. ) ;
#2621 = DIRECTION ( 'NONE',  ( 1.000000000000000000, 0.0000000000000000000, 0.0000000000000000000 ) ) ;
#2622 = ORIENTED_EDGE ( 'NONE', *, *, #997, .F. ) ;
#2623 = EDGE_CURVE ( 'E949', #2145, #1238, #480, .T. ) ;
#2624 = ORIENTED_EDGE ( 'NONE', *, *, #1011, .F. ) ;
#2625 = PERSON_AND_ORGANIZATION ( #191, #2799 ) ;
#2626 = CARTESIAN_POINT ( 'NONE',  ( 16.46478424911359900, 0.0000000000000000000, 0.0000000000000000000 ) ) ;
#2627 = CARTESIAN_POINT ( 'NONE',  ( 12.50000000000000000, 0.0000000000000000000, 0.0000000000000000000 ) ) ;
#2628 = PERSON_AND_ORGANIZATION ( #191, #2799 ) ;
#2629 = ADVANCED_FACE ( 'E1181', ( #2615 ), #1475, .T. ) ;
#2630 = CARTESIAN_POINT ( 'NONE',  ( 24.40000000000000200, -14.08830000000000000, -24.40165139227260100 ) ) ;
#2631 = CIRCLE ( 'NONE', #2217, 28.60000000000000100 ) ;
#2632 = CARTESIAN_POINT ( 'NONE',  ( 21.51324865405190000, -17.25000000000000000, -29.87787643056314800 ) ) ;
#2633 = CIRCLE ( 'NONE', #2047, 20.00000000000000000 ) ;
#2634 = DIRECTION ( 'NONE',  ( -1.000000000000000000, 0.0000000000000000000, 0.0000000000000000000 ) ) ;
#2635 = VECTOR ( 'NONE', #799, 1000.000000000000000 ) ;
#2636 = DIRECTION ( 'NONE',  ( -0.0000000000000000000, 0.4999999999999998900, 0.8660254037844387100 ) ) ;
#2637 = ORIENTED_EDGE ( 'NONE', *, *, #2584, .T. ) ;
#2638 = CARTESIAN_POINT ( 'NONE',  ( -8.800000000000000700, -31.79347826086955600, -56.69369224239689900 ) ) ;
#2639 = DIRECTION ( 'NONE',  ( 0.0000000000000000000, 0.8660254037844389300, -0.4999999999999996700 ) ) ;
#2640 = ADVANCED_FACE ( 'E854', ( #1481 ), #1489, .T. ) ;
#2641 = CARTESIAN_POINT ( 'NONE',  ( -12.32458273232012000, 0.0000000000000000000, 1.994003840561565200E-016 ) ) ;
#2642 = VERTEX_POINT ( 'NONE', #1455 ) ;
#2643 = EDGE_LOOP ( 'NONE', ( #1009 ) ) ;
#2644 = ADVANCED_FACE ( 'E1136', ( #499, #199 ), #1814, .T. ) ;
#2645 = APPROVAL_DATE_TIME ( #2657, #837 ) ;
#2646 = DIRECTION ( 'NONE',  ( -1.000000000000000000, 0.0000000000000000000, 0.0000000000000000000 ) ) ;
#2647 = ORIENTED_EDGE ( 'NONE', *, *, #1197, .F. ) ;
#2648 = DIRECTION ( 'NONE',  ( -1.000000000000000000, 0.0000000000000000000, 0.0000000000000000000 ) ) ;
#2649 = CARTESIAN_POINT ( 'NONE',  ( -25.00000000000000000, -101.7826086956522000, -17.44421299766060000 ) ) ;
#2650 = VERTEX_POINT ( 'NONE', #384 ) ;
#2651 = DIRECTION ( 'NONE',  ( 1.000000000000000000, 0.0000000000000000000, 0.0000000000000000000 ) ) ;
#2652 = EDGE_CURVE ( 'E955', #1238, #1494, #2229, .T. ) ;
#2653 = TOROIDAL_SURFACE ( 'NONE', #2201, 28.60000000000000100, 1.100000000000000100 ) ;
#2654 = CIRCLE ( 'NONE', #1883, 65.00000000000000000 ) ;
#2655 = CARTESIAN_POINT ( 'NONE',  ( -8.800000000000000700, 109.8708551808102100, 0.0000000000000000000 ) ) ;
#2656 = CYLINDRICAL_SURFACE ( 'NONE', #2207, 65.00000000000000000 ) ;
#2657 = DATE_AND_TIME ( #2663, #2673 ) ;
#2658 = EDGE_CURVE ( 'NONE', #2892, #2892, #1987, .T. ) ;
#2659 = EDGE_CURVE ( 'E970', #2583, #1494, #786, .T. ) ;
#2660 = ADVANCED_FACE ( 'E954', ( #1712 ), #1361, .T. ) ;
#2661 = ADVANCED_FACE ( 'E596', ( #1395 ), #2827, .F. ) ;
#2662 = ORIENTED_EDGE ( 'NONE', *, *, #1462, .T. ) ;
#2663 = CALENDAR_DATE ( 2019, 8, 3 ) ;
#2664 = DIRECTION ( 'NONE',  ( 1.000000000000000000, 0.0000000000000000000, 0.0000000000000000000 ) ) ;
#2665 = DIRECTION ( 'NONE',  ( 0.0000000000000000000, 0.0000000000000000000, -1.000000000000000000 ) ) ;
#2666 = LINE ( 'NONE', #1109, #2731 ) ;
#2667 = ORIENTED_EDGE ( 'NONE', *, *, #2706, .F. ) ;
#2668 = CARTESIAN_POINT ( 'NONE',  ( -8.800000000000000700, -101.7826086956522000, -17.44421299766060000 ) ) ;
#2669 = SPHERICAL_SURFACE ( 'NONE', #1118, 50.00000000000000000 ) ;
#2670 = CARTESIAN_POINT ( 'NONE',  ( 7.825000000000003700, -21.74093569406130300, -37.49124076028012100 ) ) ;
#2671 = ORIENTED_EDGE ( 'NONE', *, *, #974, .F. ) ;
#2672 = LINE ( 'NONE', #1038, #2216 ) ;
#2673 = LOCAL_TIME ( 9, 12, 17.00000000000000000, #2684 ) ;
#2674 = EDGE_LOOP ( 'NONE', ( #80 ) ) ;
#2675 = EDGE_CURVE ( 'E976', #1494, #1541, #298, .T. ) ;
#2676 = VERTEX_POINT ( 'NONE', #485 ) ;
#2677 = DIRECTION ( 'NONE',  ( -1.000000000000000000, 0.0000000000000000000, -6.123031769111888800E-017 ) ) ;
#2678 = ORIENTED_EDGE ( 'NONE', *, *, #2411, .T. ) ;
#2679 = DIRECTION ( 'NONE',  ( 0.5000000000000001100, 0.7500000000000001100, -0.4330127018922190800 ) ) ;
#2680 = ORIENTED_EDGE ( 'NONE', *, *, #2333, .F. ) ;
#2681 = DIRECTION ( 'NONE',  ( 1.000000000000000000, -0.0000000000000000000, -0.0000000000000000000 ) ) ;
#2682 = ADVANCED_FACE ( 'E1265', ( #323 ), #1283, .T. ) ;
#2683 = ORIENTED_EDGE ( 'NONE', *, *, #2247, .T. ) ;
#2684 = COORDINATED_UNIVERSAL_TIME_OFFSET ( 3, 0, .BEHIND. ) ;
#2685 = TOROIDAL_SURFACE ( 'NONE', #1920, 60.35547151521450400, 1.619999999999999900 ) ;
#2686 = CARTESIAN_POINT ( 'NONE',  ( 7.825000000000000200, -21.66941738241589700, -37.53253187676058600 ) ) ;
#2687 = VECTOR ( 'NONE', #203, 1000.000000000000100 ) ;
#2688 = APPROVAL_PERSON_ORGANIZATION ( #2693, #837, #242 ) ;
#2689 = PLANE ( 'NONE',  #1539 ) ;
#2690 = CARTESIAN_POINT ( 'NONE',  ( -25.00000000000000000, -31.79347826086955600, -56.69369224239689900 ) ) ;
#2691 = VECTOR ( 'NONE', #56, 1000.000000000000000 ) ;
#2692 = ORIENTED_EDGE ( 'NONE', *, *, #2353, .T. ) ;
#2693 = PERSON_AND_ORGANIZATION ( #191, #2799 ) ;
#2694 = CARTESIAN_POINT ( 'NONE',  ( 27.28675134594815100, -17.25000000000000000, -29.87787643056314800 ) ) ;
#2695 = DIRECTION ( 'NONE',  ( 0.0000000000000000000, 0.0000000000000000000, 1.000000000000000000 ) ) ;
#2696 = CARTESIAN_POINT ( 'NONE',  ( 7.808742537082101100, -21.81099234606816500, -37.45051322251683200 ) ) ;
#2697 = VERTEX_POINT ( 'NONE', #376 ) ;
#2698 = DIRECTION ( 'NONE',  ( 0.0000000000000000000, 0.0000000000000000000, -1.000000000000000000 ) ) ;
#2699 = DIRECTION ( 'NONE',  ( 0.0000000000000000000, -1.000000000000000000, 0.0000000000000000000 ) ) ;
#2700 = CARTESIAN_POINT ( 'NONE',  ( 7.746000352881372600, -21.94167134021024900, -37.37410047811651700 ) ) ;
#2701 = ORIENTED_EDGE ( 'NONE', *, *, #1826, .F. ) ;
#2702 = VERTEX_POINT ( 'NONE', #1284 ) ;
#2703 = CARTESIAN_POINT ( 'NONE',  ( 7.699567847356935800, -22.00142058115776300, -37.33892627924840500 ) ) ;
#2704 = CARTESIAN_POINT ( 'NONE',  ( 24.40000000000000200, 27.50000000000000000, 0.0000000000000000000 ) ) ;
#2705 = ORIENTED_EDGE ( 'NONE', *, *, #1910, .T. ) ;
#2706 = EDGE_CURVE ( 'E991', #1765, #1541, #528, .T. ) ;
#2707 = ORIENTED_EDGE ( 'NONE', *, *, #1661, .T. ) ;
#2708 = DATE_AND_TIME ( #2710, #2717 ) ;
#2709 = CARTESIAN_POINT ( 'NONE',  ( 7.526570207248509400, -22.15033194468826500, -37.25091531123079100 ) ) ;
#2710 = CALENDAR_DATE ( 2019, 8, 3 ) ;
#2711 = CARTESIAN_POINT ( 'NONE',  ( 7.363373571759235700, -22.20835535282265700, -37.21617324905473400 ) ) ;
#2712 = CARTESIAN_POINT ( 'NONE',  ( 7.037290557321894900, -22.20850414149025900, -37.21608446059731500 ) ) ;
#2713 = ADVANCED_FACE ( 'E1038', ( #1840 ), #1267, .T. ) ;
#2714 = CARTESIAN_POINT ( 'NONE',  ( 6.357930222371000400, 44.15885421812864600, 44.33306406109245800 ) ) ;
#2715 = EDGE_LOOP ( 'NONE', ( #2034, #2624, #378, #577 ) ) ;
#2716 = CARTESIAN_POINT ( 'NONE',  ( 6.641552081350360100, -21.95082320817583700, -37.36883138736808300 ) ) ;
#2717 = LOCAL_TIME ( 9, 12, 17.00000000000000000, #2729 ) ;
#2718 = ADVANCED_FACE ( 'E1389', ( #2241, #2557 ), #403, .T. ) ;
#2719 = ORIENTED_EDGE ( 'NONE', *, *, #1468, .F. ) ;
#2720 = CARTESIAN_POINT ( 'NONE',  ( 6.575057757431955500, -21.81090090930131000, -37.45084536263796300 ) ) ;
#2721 = CARTESIAN_POINT ( 'NONE',  ( 6.574942320790355200, -21.52831682602664600, -37.61399728146157900 ) ) ;
#2722 = ORIENTED_EDGE ( 'NONE', *, *, #1758, .F. ) ;
#2723 = CARTESIAN_POINT ( 'NONE',  ( 6.357416870515931100, 44.43975943275684400, 44.05330570472292400 ) ) ;
#2724 = ADVANCED_FACE ( 'E1223', ( #2416 ), #1178, .T. ) ;
#2725 = EDGE_CURVE ( 'E997', #1541, #170, #1189, .T. ) ;
#2726 = B_SPLINE_CURVE_WITH_KNOTS ( 'NONE', 3,
 ( #812, #781, #817, #2161, #839, #842, #729, #874, #880, #886, #756, #804, #823, #952, #963, #965, #899, #1005, #1039, #1041 ),
 .UNSPECIFIED., .T., .F.,
 ( 4, 2, 2, 2, 2, 2, 2, 2, 2, 4 ),
 ( 0.0000000000000000000, 0.0002454807171015318200, 0.0004909614342030636300, 0.0009819228684061264000, 0.001472884302609189500, 0.001963845736812253200, 0.002454807171015314600, 0.002945768605218376400, 0.003436730039421437700, 0.003927691473624498600 ),
 .UNSPECIFIED. ) ;
#2727 = EDGE_CURVE ( 'E1012', #2448, #170, #2066, .T. ) ;
#2728 = CARTESIAN_POINT ( 'NONE',  ( 6.642488891314301600, -21.38642784953975400, -37.69467618826888600 ) ) ;
#2729 = COORDINATED_UNIVERSAL_TIME_OFFSET ( 3, 0, .BEHIND. ) ;
#2730 = CARTESIAN_POINT ( 'NONE',  ( 6.436223804412858100, 44.71278006849041000, 43.76917921776119200 ) ) ;
#2731 = VECTOR ( 'NONE', #1130, 1000.000000000000000 ) ;
#2732 = CARTESIAN_POINT ( 'NONE',  ( 6.872770369448367900, -21.18543549772353900, -37.80800486502573700 ) ) ;
#2733 = CARTESIAN_POINT ( 'NONE',  ( 10.00000000000000000, 0.0000000000000000000, 9.184547653667829400E-016 ) ) ;
#2734 = TOROIDAL_SURFACE ( 'NONE', #1916, 38.91941738241595100, 6.250000000000000000 ) ;
#2735 = ADVANCED_FACE ( 'E1311', ( #2829, #554 ), #2220, .F. ) ;
#2736 = CARTESIAN_POINT ( 'NONE',  ( 7.034513855501367100, -21.12604512584398000, -37.84104671045000100 ) ) ;
#2737 = CARTESIAN_POINT ( 'NONE',  ( 7.364211641753891000, -21.12575157790535100, -37.84121059202895800 ) ) ;
#2738 = ORIENTED_EDGE ( 'NONE', *, *, #1910, .F. ) ;
#2739 = CARTESIAN_POINT ( 'NONE',  ( 6.659447042830067600, 45.08011282809984300, 43.37050689522818900 ) ) ;
#2740 = PERSON_AND_ORGANIZATION ( #191, #2799 ) ;
#2741 = CARTESIAN_POINT ( 'NONE',  ( 7.526090727420063700, -21.18479763786324500, -37.80836212300578600 ) ) ;
#2742 = DIRECTION ( 'NONE',  ( 0.0000000000000000000, -1.000000000000000000, 0.0000000000000000000 ) ) ;
#2743 = ORIENTED_EDGE ( 'NONE', *, *, #2659, .T. ) ;
#2744 = APPROVAL_DATE_TIME ( #2755, #868 ) ;
#2745 = CARTESIAN_POINT ( 'NONE',  ( 6.752414843541991700, 45.19740212212306600, 43.24021232321523900 ) ) ;
#2746 = CARTESIAN_POINT ( 'NONE',  ( 6.970415069860536900, 45.41417191403515800, 42.99366214536241400 ) ) ;
#2747 = VERTEX_POINT ( 'NONE', #1090 ) ;
#2748 = ADVANCED_FACE ( 'E1308', ( #743, #638 ), #2474, .F. ) ;
#2749 = LINE ( 'NONE', #785, #2288 ) ;
#2750 = CARTESIAN_POINT ( 'NONE',  ( 7.757086567293110400, -21.38570352160127200, -37.69508697785069300 ) ) ;
#2751 = FACE_OUTER_BOUND ( 'NONE', #2585, .T. ) ;
#2752 = ADVANCED_FACE ( 'E821', ( #1958, #226 ), #1589, .F. ) ;
#2753 = CARTESIAN_POINT ( 'NONE',  ( 7.093963577620011800, 45.51270100856494600, 42.87856061234430900 ) ) ;
#2754 = VERTEX_POINT ( 'NONE', #1065 ) ;
#2755 = DATE_AND_TIME ( #2758, #2765 ) ;
#2756 = FACE_OUTER_BOUND ( 'NONE', #444, .T. ) ;
#2757 = CARTESIAN_POINT ( 'NONE',  ( 7.369670389301547600, 45.69077788173626000, 42.66477151204608000 ) ) ;
#2758 = CALENDAR_DATE ( 2019, 8, 3 ) ;
#2759 = CARTESIAN_POINT ( 'NONE',  ( 26.80191760114424300, 34.16673161191511800, -4.786623786992445100 ) ) ;
#2760 = EDGE_LOOP ( 'NONE', ( #2489 ) ) ;
#2761 = EDGE_CURVE ( 'E1018', #170, #893, #2672, .T. ) ;
#2762 = EDGE_LOOP ( 'NONE', ( #185, #1635, #1022, #620, #1013, #113, #1053, #2683 ) ) ;
#2763 = B_SPLINE_CURVE_WITH_KNOTS ( 'NONE', 3,
 ( #2606, #2588, #2582, #2579, #2573, #2561, #2555, #2552, #2546, #2545, #2533, #2532, #2529, #2523, #2521, #2515, #2506, #2505, #2502, #2498, #2495, #2494, #2484, #2483, #2479, #2477, #2476, #2471, #2468, #2458, #2456, #2452, #2449, #2447, #2433, #2423, #2417, #2408, #2401, #2392, #2391, #2388, #2385, #2379, #2375, #2370, #2365, #2352, #2349, #2346, #2345, #2337, #2335, #2330, #2328, #2322, #2317, #2312, #2308, #2307, #2301, #2300 ),
 .UNSPECIFIED., .T., .F.,
 ( 4, 2, 2, 2, 2, 2, 2, 2, 2, 2, 2, 2, 2, 2, 2, 2, 2, 2, 2, 2, 2, 2, 2, 2, 2, 2, 2, 2, 2, 2, 4 ),
 ( 0.0000000000000000000, 0.0004818746937589755300, 0.0009637493875179510700, 0.001445624081276926500, 0.001927498775035902100, 0.002409373468794877700, 0.002891248162553853100, 0.003373122856312828500, 0.003854997550071804300, 0.004336872243830779600, 0.004818746937589755500, 0.005300621631348730400, 0.005782496325107706200, 0.006264371018866682000, 0.006746245712625656900, 0.007228120406384631900, 0.007709995100143608600, 0.008191869793902583500, 0.008673744487661559300, 0.009637493875179531700, 0.01011936856893851100, 0.01060124326269749000, 0.01108311795645647000, 0.01156499265021544900, 0.01204686734397442800, 0.01252874203773340600, 0.01301061673149238500, 0.01349249142525136400, 0.01397436611901034300, 0.01445624081276932100, 0.01541999020028728500 ),
 .UNSPECIFIED. ) ;
#2764 = CARTESIAN_POINT ( 'NONE',  ( 7.523499403444335900, 45.77077887026109700, 42.56543778948214700 ) ) ;
#2765 = LOCAL_TIME ( 9, 12, 17.00000000000000000, #2768 ) ;
#2766 = ADVANCED_FACE ( 'E3', ( #955, #535 ), #210, .F. ) ;
#2767 = CARTESIAN_POINT ( 'NONE',  ( 27.44518215620282200, 34.21102415737086500, -4.459051740294945900 ) ) ;
#2768 = COORDINATED_UNIVERSAL_TIME_OFFSET ( 3, 0, .BEHIND. ) ;
#2769 = EDGE_LOOP ( 'NONE', ( #1776 ) ) ;
#2770 = CARTESIAN_POINT ( 'NONE',  ( 7.848163688831561100, 45.90523561330459000, 42.39198728386072200 ) ) ;
#2771 = CARTESIAN_POINT ( 'NONE',  ( 27.74702963977262400, 34.23568394640307800, -4.268002392280863900 ) ) ;
#2772 = LINE ( 'NONE', #1582, #2324 ) ;
#2773 = VECTOR ( 'NONE', #1409, 1000.000000000000000 ) ;
#2774 = ORIENTED_EDGE ( 'NONE', *, *, #1669, .T. ) ;
#2775 = CARTESIAN_POINT ( 'NONE',  ( 8.019907875367081800, 45.96059777834625500, 42.31683172846460600 ) ) ;
#2776 = DIRECTION ( 'NONE',  ( 0.5000000000000001100, -0.7500000000000001100, 0.4330127018922190800 ) ) ;
#2777 = APPROVAL_PERSON_ORGANIZATION ( #2786, #868, #256 ) ;
#2778 = CARTESIAN_POINT ( 'NONE',  ( 8.382536619911428800, 46.04755743401776200, 42.19032317933472600 ) ) ;
#2779 = ORIENTED_EDGE ( 'NONE', *, *, #1988, .T. ) ;
#2780 = EDGE_CURVE ( 'E225', #2434, #2176, #207, .T. ) ;
#2781 = CARTESIAN_POINT ( 'NONE',  ( 28.30936486837232400, 34.28707679239115400, -3.833309892402251100 ) ) ;
#2782 = EDGE_LOOP ( 'NONE', ( #1603 ) ) ;
#2783 = ADVANCED_FACE ( 'E856', ( #252, #451 ), #973, .T. ) ;
#2784 = CARTESIAN_POINT ( 'NONE',  ( 8.572194746939976200, 46.07852629924971700, 42.13976261730987700 ) ) ;
#2785 = ORIENTED_EDGE ( 'NONE', *, *, #815, .F. ) ;
#2786 = PERSON_AND_ORGANIZATION ( #191, #2799 ) ;
#2787 = EDGE_CURVE ( 'NONE', #2890, #2890, #1763, .T. ) ;
#2788 = ADVANCED_FACE ( 'E339', ( #19 ), #1924, .T. ) ;
#2789 = CARTESIAN_POINT ( 'NONE',  ( 8.954643546452778900, 46.11403090516015600, 42.06721941512215300 ) ) ;
#2790 = VECTOR ( 'NONE', #1106, 1000.000000000000000 ) ;
#2791 = CARTESIAN_POINT ( 'NONE',  ( 9.149907378049265500, 46.11902810290730100, 42.04451568841538000 ) ) ;
#2792 = ORIENTED_EDGE ( 'NONE', *, *, #2289, .F. ) ;
#2793 = PERSON_AND_ORGANIZATION ( #191, #2799 ) ;
#2794 = CARTESIAN_POINT ( 'NONE',  ( 28.57190946795262600, 34.31403669064334100, -3.587619085178348900 ) ) ;
#2795 = ORIENTED_EDGE ( 'NONE', *, *, #2652, .F. ) ;
#2796 = ORIENTED_EDGE ( 'NONE', *, *, #832, .F. ) ;
#2797 = ADVANCED_FACE ( 'E1411', ( #1444 ), #2669, .F. ) ;
#2798 = CARTESIAN_POINT ( 'NONE',  ( 9.545004373631314800, 46.10252066571704400, 42.02780167374117300 ) ) ;
#2799 = ORGANIZATION ( 'UNSPECIFIED', 'UNSPECIFIED', '' ) ;
#2800 = CARTESIAN_POINT ( 'NONE',  ( 9.739508648038114600, 46.08132173009071400, 42.03392581786763300 ) ) ;
#2801 = ORIENTED_EDGE ( 'NONE', *, *, #2575, .T. ) ;
#2802 = ADVANCED_FACE ( 'E1409', ( #1167 ), #293, .F. ) ;
#2803 = LINE ( 'NONE', #840, #1615 ) ;
#2804 = ORIENTED_EDGE ( 'NONE', *, *, #2249, .F. ) ;
#2805 = CARTESIAN_POINT ( 'NONE',  ( 10.12263944791736800, 46.01388047108788700, 42.07403772556308800 ) ) ;
#2806 = CARTESIAN_POINT ( 'NONE',  ( 10.31329485224890000, 45.96688837115863900, 42.10866512699491400 ) ) ;
#2807 = ADVANCED_FACE ( 'E1360', ( #703, #1688 ), #32, .T. ) ;
#2808 = CARTESIAN_POINT ( 'NONE',  ( 19.15525814862705900, 34.44103174793435300, -2.044022645590425600 ) ) ;
#2809 = ADVANCED_FACE ( 'E1401', ( #1289, #1366, #619, #2420 ), #392, .F. ) ;
#2810 = EDGE_LOOP ( 'NONE', ( #2680, #2409, #43, #2234 ) ) ;
#2811 = CARTESIAN_POINT ( 'NONE',  ( 29.04516802546088500, 34.36638327074406600, -3.045624007567971700 ) ) ;
#2812 = EDGE_CURVE ( 'NONE', #2886, #2886, #1761, .T. ) ;
#2813 = CLOSED_SHELL ( 'NONE', ( #1873, #2766, #2902, #2844, #938, #1917, #145, #521, #2421, #2496, #2415, #2788, #1314, #2187, #48, #128, #1890, #2661, #1423, #1148, #2129, #1954, #1913, #2824, #875, #658, #2752, #36, #2906, #2595, #1864, #582, #1033, #341, #287, #2368, #1896, #2640, #2783, #2091, #2426, #309, #2278, #2660, #2601, #556, #2524, #2713, #2258, #2620, #2172, #2644, #1830, #2871, #2629, #2018, #2724, #1942, #2682, #2748, #2735, #1932, #2915, #1868, #2914, #2909, #2907, #545, #1934, #1845, #1929, #344, #1859, #2618, #1878, #2807, #2896 ) ) ;
#2814 = DIRECTION ( 'NONE',  ( 0.0000000000000000000, 0.0000000000000000000, 1.000000000000000000 ) ) ;
#2815 = ORIENTED_EDGE ( 'NONE', *, *, #1462, .F. ) ;
#2816 = ADVANCED_FACE ( 'E1398', ( #1653, #2248 ), #550, .F. ) ;
#2817 = EDGE_CURVE ( 'NONE', #2872, #2872, #1021, .T. ) ;
#2818 = CARTESIAN_POINT ( 'NONE',  ( 10.67601544772505700, 45.84991508999352300, 42.20420708581052300 ) ) ;
#2819 = CARTESIAN_POINT ( 'NONE',  ( 18.82780610545825400, 34.48535548039265600, -1.020227674493757500 ) ) ;
#2820 = CARTESIAN_POINT ( 'NONE',  ( 18.96901833967531600, 34.46597201773109700, -1.541086299483555200 ) ) ;
#2821 = CARTESIAN_POINT ( 'NONE',  ( 10.84827832043280100, 45.78028527299136400, 42.26472290816267500 ) ) ;
#2822 = DIRECTION ( 'NONE',  ( 0.0000000000000000000, 0.0000000000000000000, 1.000000000000000000 ) ) ;
#2823 = CARTESIAN_POINT ( 'NONE',  ( 29.25122681758361800, 34.39119549870984100, -2.755379984184312300 ) ) ;
#2824 = ADVANCED_FACE ( 'E733', ( #2027, #2613 ), #820, .T. ) ;
#2825 = CARTESIAN_POINT ( 'NONE',  ( 11.17465455744115100, 45.61849892588838200, 42.41084031429297600 ) ) ;
#2826 = VERTEX_POINT ( 'NONE', #831 ) ;
#2827 = TOROIDAL_SURFACE ( 'NONE', #1190, 65.00000000000000000, 1.619999999999999900 ) ;
#2828 = CARTESIAN_POINT ( 'NONE',  ( 18.79319179824779300, 34.49019013229532500, -0.8416779055848431200 ) ) ;
#2829 = FACE_OUTER_BOUND ( 'NONE', #445, .T. ) ;
#2830 = ORIENTED_EDGE ( 'NONE', *, *, #841, .F. ) ;
#2831 = DIRECTION ( 'NONE',  ( 0.0000000000000000000, 0.0000000000000000000, -1.000000000000000000 ) ) ;
#2832 = ADVANCED_FACE ( 'E1385', ( #2538 ), #1839, .F. ) ;
#2833 = EDGE_CURVE ( 'E1094', #2422, #2063, #136, .T. ) ;
#2834 = CARTESIAN_POINT ( 'NONE',  ( 29.51403252538956300, 34.42421737186396800, -2.290713863971017200 ) ) ;
#2835 = CARTESIAN_POINT ( 'NONE',  ( 11.32897520400536000, 45.52573695018377000, 42.49705845256518400 ) ) ;
#2836 = LINE ( 'NONE', #1472, #1505 ) ;
#2837 = CARTESIAN_POINT ( 'NONE',  ( 11.60574297489911000, 45.32490008682636100, 42.68722901448276700 ) ) ;
#2838 = CARTESIAN_POINT ( 'NONE',  ( 24.40000000000000200, 33.82340000000000700, 0.0000000000000000000 ) ) ;
#2839 = ORIENTED_EDGE ( 'NONE', *, *, #2812, .T. ) ;
#2840 = CARTESIAN_POINT ( 'NONE',  ( 11.73011800209260800, 45.21602083177035800, 42.79189007478093700 ) ) ;
#2841 = CARTESIAN_POINT ( 'NONE',  ( 11.94998556280256500, 44.98044407182676700, 43.02056219338570700 ) ) ;
#2842 = CARTESIAN_POINT ( 'NONE',  ( -12.50000000000000000, 0.0000000000000000000, 0.0000000000000000000 ) ) ;
#2843 = ADVANCED_FACE ( 'E1382', ( #1320, #124 ), #1450, .F. ) ;
#2844 = ADVANCED_FACE ( 'E97', ( #2372 ), #758, .T. ) ;
#2845 = CARTESIAN_POINT ( 'NONE',  ( 12.04303180420179900, 44.85606017799615600, 43.14233337458500000 ) ) ;
#2846 = CYLINDRICAL_SURFACE ( 'NONE', #1707, 55.00000000000000000 ) ;
#2847 = CARTESIAN_POINT ( 'NONE',  ( 29.59386505011219300, 34.43452551762478500, -2.130906993245500900 ) ) ;
#2848 = CARTESIAN_POINT ( 'NONE',  ( 12.19296911172993000, 44.59878193928921100, 43.39547972409752700 ) ) ;
#2849 = VERTEX_POINT ( 'NONE', #470 ) ;
#2850 = CARTESIAN_POINT ( 'NONE',  ( 29.73717351430463300, 34.45335999089781600, -1.800915760221695000 ) ) ;
#2851 = ADVANCED_FACE ( 'E1377', ( #2756, #1082, #2327, #1416 ), #1285, .F. ) ;
#2852 = CARTESIAN_POINT ( 'NONE',  ( 12.25083680133883000, 44.46396119084911200, 43.52875358992829300 ) ) ;
#2853 = CARTESIAN_POINT ( 'NONE',  ( 18.91580108507810500, 34.47323510615598300, -1.369915483723310700 ) ) ;
#2854 = CARTESIAN_POINT ( 'NONE',  ( 12.32801896179355500, 44.18934526108503000, 43.80100122304470700 ) ) ;
#2855 = CARTESIAN_POINT ( 'NONE',  ( 12.34720944558683800, 44.05134698498337500, 43.93818315064897500 ) ) ;
#2856 = CARTESIAN_POINT ( 'NONE',  ( 29.80049566886264900, 34.46186739260134900, -1.630650877513358800 ) ) ;
#2857 = ORIENTED_EDGE ( 'NONE', *, *, #989, .F. ) ;
#2858 = CARTESIAN_POINT ( 'NONE',  ( 29.96036283054038300, 34.48360202796320800, -1.117361649309476000 ) ) ;
#2859 = ADVANCED_FACE ( 'E1406', ( #177, #1676 ), #1328, .F. ) ;
#2860 = CARTESIAN_POINT ( 'NONE',  ( 12.34757931417380500, 43.77392339276387600, 44.21454520636437700 ) ) ;
#2861 = EDGE_LOOP ( 'NONE', ( #2088 ) ) ;
#2862 = ORIENTED_EDGE ( 'NONE', *, *, #698, .F. ) ;
#2863 = CARTESIAN_POINT ( 'NONE',  ( 30.02917461122108400, 34.49331521452961600, -0.7675451085897886400 ) ) ;
#2864 = CARTESIAN_POINT ( 'NONE',  ( 12.32812374040829100, 43.63318368360886300, 44.35504507205895000 ) ) ;
#2865 = CARTESIAN_POINT ( 'NONE',  ( 30.07442122617985100, 34.49968949656771100, -0.2310944310670912700 ) ) ;
#2866 = FACE_OUTER_BOUND ( 'NONE', #1315, .T. ) ;
#2867 = DIRECTION ( 'NONE',  ( -1.000000000000000000, 0.0000000000000000000, -2.449212707644755000E-016 ) ) ;
#2868 = EDGE_CURVE ( 'E1101', #1048, #2422, #2114, .T. ) ;
#2869 = ADVANCED_FACE ( 'E1374', ( #649, #97 ), #2185, .F. ) ;
#2870 = CARTESIAN_POINT ( 'NONE',  ( 30.07967959789447200, 34.50043495365359500, -0.04912287548012146000 ) ) ;
#2871 = ADVANCED_FACE ( 'E1160', ( #964 ), #680, .T. ) ;
#2872 = VERTEX_POINT ( 'NONE', #327 ) ;
#2873 = CARTESIAN_POINT ( 'NONE',  ( 12.25172136973088800, 43.36145288732214500, 44.62705092528702300 ) ) ;
#2874 = CARTESIAN_POINT ( 'NONE',  ( 30.07000226785232000, 34.49906803888205100, 0.3110136600952608800 ) ) ;
#2875 = CARTESIAN_POINT ( 'NONE',  ( 30.05524534906237100, 34.49698110877169200, 0.4895249698677363000 ) ) ;
#2876 = CIRCLE ( 'NONE', #1905, 20.00000000000000400 ) ;
#2877 = CARTESIAN_POINT ( 'NONE',  ( -7.179999999999999700, 0.0000000000000000000, 0.0000000000000000000 ) ) ;
#2878 = ORIENTED_EDGE ( 'NONE', *, *, #101, .F. ) ;
#2879 = ADVANCED_FACE ( 'E1365', ( #422, #471 ), #1786, .T. ) ;
#2880 = CARTESIAN_POINT ( 'NONE',  ( 12.19513356119783500, 43.22942644029777900, 44.75958227114901400 ) ) ;
#2881 = CARTESIAN_POINT ( 'NONE',  ( 30.00645450878187500, 34.49014075915393100, 0.8435228087141942700 ) ) ;
#2882 = ORIENTED_EDGE ( 'NONE', *, *, #593, .T. ) ;
#2883 = CARTESIAN_POINT ( 'NONE',  ( 29.97241936352150300, 34.48538709021172400, 1.019009144058170300 ) ) ;
#2884 = EDGE_LOOP ( 'NONE', ( #830 ) ) ;
#2885 = CARTESIAN_POINT ( 'NONE',  ( 12.04477757067042500, 42.97335081428584400, 45.01783846454228700 ) ) ;
#2886 = VERTEX_POINT ( 'NONE', #331 ) ;
#2887 = ORIENTED_EDGE ( 'NONE', *, *, #2338, .F. ) ;
#2888 = VECTOR ( 'NONE', #771, 1000.000000000000000 ) ;
#2889 = FACE_OUTER_BOUND ( 'NONE', #1907, .T. ) ;
#2890 = VERTEX_POINT ( 'NONE', #334 ) ;
#2891 = CARTESIAN_POINT ( 'NONE',  ( -22.19999999999999900, 0.0000000000000000000, 0.0000000000000000000 ) ) ;
#2892 = VERTEX_POINT ( 'NONE', #336 ) ;
#2893 = EDGE_CURVE ( 'E1108', #617, #1048, #2056, .T. ) ;
#2894 = CARTESIAN_POINT ( 'NONE',  ( 11.95098332050032400, 42.85016684310665600, 45.14271178773774600 ) ) ;
#2895 = CARTESIAN_POINT ( 'NONE',  ( 11.73392774728480200, 42.62281156392272400, 45.37512144378686000 ) ) ;
#2896 = ADVANCED_FACE ( 'E1363', ( #390 ), #312, .T. ) ;
#2897 = VERTEX_POINT ( 'NONE', #339 ) ;
#2898 = CARTESIAN_POINT ( 'NONE',  ( -8.500461289991866600, -60.85374312070720700, -20.00000000000000000 ) ) ;
#2899 = VERTEX_POINT ( 'NONE', #350 ) ;
#2900 = ORIENTED_EDGE ( 'NONE', *, *, #1623, .T. ) ;
#2901 = ORIENTED_EDGE ( 'NONE', *, *, #2675, .T. ) ;
#2902 = ADVANCED_FACE ( 'E6', ( #2272, #889, #1469 ), #1484, .T. ) ;
#2903 = ORIENTED_EDGE ( 'NONE', *, *, #1162, .T. ) ;
#2904 = EDGE_LOOP ( 'NONE', ( #342 ) ) ;
#2905 = FACE_OUTER_BOUND ( 'NONE', #2008, .T. ) ;
#2906 = ADVANCED_FACE ( 'E827', ( #522, #616 ), #1146, .F. ) ;
#2907 = ADVANCED_FACE ( 'E1329', ( #109, #424 ), #602, .T. ) ;
#2908 = VERTEX_POINT ( 'NONE', #355 ) ;
#2909 = ADVANCED_FACE ( 'E1326', ( #923, #2275 ), #1748, .T. ) ;
#2910 = CARTESIAN_POINT ( 'NONE',  ( 29.88502467880557100, 34.47334829912564700, 1.366952612414239500 ) ) ;
#2911 = CARTESIAN_POINT ( 'NONE',  ( 11.60971266736275700, 42.51708528236640200, 45.48422493184860800 ) ) ;
#2912 = CARTESIAN_POINT ( 'NONE',  ( 11.32982893052045300, 42.32354271041543100, 45.68702924264623300 ) ) ;
#2913 = CARTESIAN_POINT ( 'NONE',  ( 29.83125066298275400, 34.46600769383827900, 1.540428623572037500 ) ) ;
#2914 = ADVANCED_FACE ( 'E1323', ( #1824, #1561 ), #1006, .T. ) ;
#2915 = ADVANCED_FACE ( 'E1317', ( #1086, #11 ), #916, .F. ) ;
#2916 = VERTEX_POINT ( 'NONE', #358 ) ;
#2917 = CARTESIAN_POINT ( 'NONE',  ( 29.64351017438127300, 34.44086750473364600, 2.047210860055420000 ) ) ;
#2918 = VERTEX_POINT ( 'NONE', #368 ) ;
#2919 = CARTESIAN_POINT ( 'NONE',  ( 29.48409911343993500, 34.42005034147568000, 2.366904037105068700 ) ) ;
#2920 = VERTEX_POINT ( 'NONE', #560 ) ;
#2921 = VECTOR ( 'NONE', #1012, 1000.000000000000000 ) ;
#2922 = CARTESIAN_POINT ( 'NONE',  ( 29.10040100649146300, 34.37308613174202100, 2.972044752426980600 ) ) ;
#2923 = EDGE_LOOP ( 'NONE', ( #1828 ) ) ;
#2924 = FACE_OUTER_BOUND ( 'NONE', #2381, .T. ) ;
#2925 = CARTESIAN_POINT ( 'NONE',  ( 11.17844294174200600, 42.23863195975968000, 45.77768830583427500 ) ) ;
#2926 = CIRCLE ( 'NONE', #2212, 4.323400000000001200 ) ;
#2927 = DIRECTION ( 'NONE',  ( 0.0000000000000000000, 0.0000000000000000000, -1.000000000000000000 ) ) ;
#2928 = CARTESIAN_POINT ( 'NONE',  ( 28.87489882632930700, 34.34685107943047900, 3.257379974171499300 ) ) ;
#2929 = VERTEX_POINT ( 'NONE', #343 ) ;
#2930 = CARTESIAN_POINT ( 'NONE',  ( 28.37926642146359400, 34.29423428095297800, 3.771233014786773200 ) ) ;
#2931 = EDGE_CURVE ( 'E1115', #1556, #617, #996, .T. ) ;
#2932 = CARTESIAN_POINT ( 'NONE',  ( 10.85367598244085800, 42.09199293997032500, 45.93871453094903500 ) ) ;
#2933 = LINE ( 'NONE', #932, #29 ) ;
#2934 = EDGE_LOOP ( 'NONE', ( #211 ) ) ;
#2935 = CARTESIAN_POINT ( 'NONE',  ( 28.10657011542017300, 34.26753481861693000, 4.003681264832306600 ) ) ;
ENDSEC;
END-ISO-10303-21;
