ISO-10303-21;
HEADER;
FILE_DESCRIPTION (( 'STEP AP203' ),
    '1' );
FILE_NAME ('UCFL-206.STEP',
    '2019-03-08T12:13:06',
    ( '' ),
    ( '' ),
    'SwSTEP 2.0',
    'SolidWorks 2017',
    '' );
FILE_SCHEMA (( 'CONFIG_CONTROL_DESIGN' ));
ENDSEC;

DATA;
#1 = ADVANCED_FACE ( 'E1320', ( #1324, #1321 ), #655, .T. ) ;
#2 = CARTESIAN_POINT ( 'NONE',  ( 5.248193981261094300, -23.05341170921469600, 13.79895724158094300 ) ) ;
#3 = VERTEX_POINT ( 'NONE', #376 ) ;
#4 = CARTESIAN_POINT ( 'NONE',  ( 3.973148902881391100, 25.69289022406962200, 28.38689187588520800 ) ) ;
#5 = CARTESIAN_POINT ( 'NONE',  ( 3.664447688785747600, 26.07321020585454000, 28.06312083335172500 ) ) ;
#6 = VERTEX_POINT ( 'NONE', #379 ) ;
#7 = VERTEX_POINT ( 'NONE', #386 ) ;
#8 = CARTESIAN_POINT ( 'NONE',  ( 3.380456995277211000, 26.76390910147936700, 27.42882724741241800 ) ) ;
#9 = CARTESIAN_POINT ( 'NONE',  ( 9.330755653042235300, 26.51819770827220400, 27.17477330454975300 ) ) ;
#10 = EDGE_LOOP ( 'NONE', ( #2276 ) ) ;
#11 = VERTEX_POINT ( 'NONE', #389 ) ;
#12 = VERTEX_POINT ( 'NONE', #392 ) ;
#13 = CARTESIAN_POINT ( 'NONE',  ( 16.69999999999999900, 14.69693845669906000, 3.000000000000000400 ) ) ;
#14 = CARTESIAN_POINT ( 'NONE',  ( 8.735514234661618400, 25.49631003065476500, 28.18327249822282400 ) ) ;
#15 = VERTEX_POINT ( 'NONE', #397 ) ;
#16 = CARTESIAN_POINT ( 'NONE',  ( 3.360612098873940300, 27.04441722625844900, 27.15327723616865200 ) ) ;
#17 = VERTEX_POINT ( 'NONE', #399 ) ;
#18 = CARTESIAN_POINT ( 'NONE',  ( 9.046870839748219600, 25.85255437308229200, 27.83173343257143300 ) ) ;
#19 = VERTEX_POINT ( 'NONE', #400 ) ;
#20 = VERTEX_POINT ( 'NONE', #402 ) ;
#21 = CARTESIAN_POINT ( 'NONE',  ( 3.360869495888731500, 26.90392292952023500, 27.29318669952856200 ) ) ;
#22 = CARTESIAN_POINT ( 'NONE',  ( 13.71915378856639100, 14.99613440990870000, 0.3911215340660100200 ) ) ;
#23 = VERTEX_POINT ( 'NONE', #409 ) ;
#24 = VERTEX_POINT ( 'NONE', #421 ) ;
#25 = CARTESIAN_POINT ( 'NONE',  ( 4.753012674045585600, -23.05283316546562100, 13.79993007408224100 ) ) ;
#26 = VERTEX_POINT ( 'NONE', #424 ) ;
#27 = CARTESIAN_POINT ( 'NONE',  ( 4.575579139475783200, -23.14337946089374400, 13.64753362822133900 ) ) ;
#28 = EDGE_LOOP ( 'NONE', ( #1788 ) ) ;
#29 = CARTESIAN_POINT ( 'NONE',  ( 4.525043913991681600, -23.20586793257356100, 13.54128499685272200 ) ) ;
#30 = VERTEX_POINT ( 'NONE', #428 ) ;
#31 = CARTESIAN_POINT ( 'NONE',  ( 4.524956145506590300, -23.32986400515119400, 13.32652060258733300 ) ) ;
#32 = CARTESIAN_POINT ( 'NONE',  ( 4.576291733411340000, -23.39102014082415300, 13.21859282853206200 ) ) ;
#33 = VERTEX_POINT ( 'NONE', #710 ) ;
#34 = VERTEX_POINT ( 'NONE', #431 ) ;
#35 = CARTESIAN_POINT ( 'NONE',  ( 4.751305340327165900, -23.47680018224948400, 13.06563709880582600 ) ) ;
#36 = VERTEX_POINT ( 'NONE', #436 ) ;
#37 = VERTEX_POINT ( 'NONE', #445 ) ;
#38 = B_SPLINE_CURVE_WITH_KNOTS ( 'NONE', 3,
 ( #723, #659, #733, #679, #1262, #1308, #1108, #1043, #990, #751 ),
 .UNSPECIFIED., .F., .F.,
 ( 4, 2, 2, 2, 4 ),
 ( 0.006172013794931928900, 0.006634395560369113500, 0.007096777325806298900, 0.007559159091243483400, 0.008021540856680668000 ),
 .UNSPECIFIED. ) ;
#39 = VERTEX_POINT ( 'NONE', #447 ) ;
#40 = VERTEX_POINT ( 'NONE', #456 ) ;
#41 = CARTESIAN_POINT ( 'NONE',  ( 4.874228334779384200, -23.50175143958123800, 13.02040746158560200 ) ) ;
#42 = CARTESIAN_POINT ( 'NONE',  ( 5.124803654767307000, -23.50187519271411300, 13.02018408547520200 ) ) ;
#43 = ADVANCED_FACE ( 'E1181', ( #1303 ), #690, .T. ) ;
#44 = VERTEX_POINT ( 'NONE', #460 ) ;
#45 = CARTESIAN_POINT ( 'NONE',  ( 15.83397459621554900, 18.86250000000000100, 1.500000000000000000 ) ) ;
#46 = VERTEX_POINT ( 'NONE', #467 ) ;
#47 = EDGE_CURVE ( 'E1094', #2567, #2048, #1316, .T. ) ;
#48 = VERTEX_POINT ( 'NONE', #468 ) ;
#49 = VERTEX_POINT ( 'NONE', #471 ) ;
#50 = DIRECTION ( 'NONE',  ( 1.000000000000000000, 0.0000000000000000000, 1.683833736505770000E-016 ) ) ;
#51 = CARTESIAN_POINT ( 'NONE',  ( 3.456708099404244700, 26.48492018730830800, 27.69204355217145200 ) ) ;
#52 = EDGE_LOOP ( 'NONE', ( #2336 ) ) ;
#53 = EDGE_LOOP ( 'NONE', ( #2584 ) ) ;
#54 = ADVANCED_FACE ( 'E1314', ( #1314, #1318 ), #1277, .F. ) ;
#55 = DIRECTION ( 'NONE',  ( -0.8660254037844384900, 0.0000000000000000000, -0.5000000000000003300 ) ) ;
#56 = VERTEX_POINT ( 'NONE', #474 ) ;
#57 = VERTEX_POINT ( 'NONE', #478 ) ;
#58 = DIRECTION ( 'NONE',  ( 1.758990418137642900E-016, 0.0000000000000000000, -1.000000000000000000 ) ) ;
#59 = CARTESIAN_POINT ( 'NONE',  ( 3.514298784767724700, 26.34444704676803200, 27.82093635049936600 ) ) ;
#60 = VERTEX_POINT ( 'NONE', #480 ) ;
#61 = ADVANCED_FACE ( 'E1244', ( #1295 ), #756, .T. ) ;
#62 = VERTEX_POINT ( 'NONE', #485 ) ;
#63 = EDGE_LOOP ( 'NONE', ( #2236 ) ) ;
#64 = ADVANCED_FACE ( 'E1323', ( #1284, #1292 ), #1258, .T. ) ;
#65 = VERTEX_POINT ( 'NONE', #488 ) ;
#66 = CARTESIAN_POINT ( 'NONE',  ( 8.611256584030211800, 25.38859259989875700, 28.29014482683819800 ) ) ;
#67 = VERTEX_POINT ( 'NONE', #491 ) ;
#68 = VERTEX_POINT ( 'NONE', #492 ) ;
#69 = CARTESIAN_POINT ( 'NONE',  ( 9.255345097474910100, 0.0000000000000000000, 9.767582137475230200E-016 ) ) ;
#70 = VERTEX_POINT ( 'NONE', #494 ) ;
#71 = CARTESIAN_POINT ( 'NONE',  ( 8.952888430274821700, 25.72752586254598800, 27.95481796353788800 ) ) ;
#72 = EDGE_LOOP ( 'NONE', ( #2539, #2533, #2531, #2522, #2517 ) ) ;
#73 = VERTEX_POINT ( 'NONE', #498 ) ;
#74 = ADVANCED_FACE ( 'E1332', ( #1280, #1301 ), #1288, .T. ) ;
#75 = ADVANCED_FACE ( 'E1326', ( #1253, #1260 ), #1234, .T. ) ;
#76 = VERTEX_POINT ( 'NONE', #502 ) ;
#77 = CARTESIAN_POINT ( 'NONE',  ( 13.00000000000000000, 0.0000000000000000000, 1.898139848424685100E-015 ) ) ;
#78 = VERTEX_POINT ( 'NONE', #503 ) ;
#79 = CARTESIAN_POINT ( 'NONE',  ( 9.349882638372321300, 26.93683826315884400, 26.75826895120483000 ) ) ;
#80 = VERTEX_POINT ( 'NONE', #507 ) ;
#81 = CARTESIAN_POINT ( 'NONE',  ( 9.330651361113943700, 27.07445750733590400, 26.62062689445954100 ) ) ;
#82 = VERTEX_POINT ( 'NONE', #509 ) ;
#83 = CARTESIAN_POINT ( 'NONE',  ( 9.045081091962808600, 27.73538391221072900, 25.95604030188375300 ) ) ;
#84 = VERTEX_POINT ( 'NONE', #512 ) ;
#85 = ADVANCED_FACE ( 'E1329', ( #1268, #1250 ), #817, .T. ) ;
#86 = ORIENTED_EDGE ( 'NONE', *, *, #2170, .T. ) ;
#87 = CARTESIAN_POINT ( 'NONE',  ( 9.195302893831138700, 27.48110046981908600, 26.21218893306132400 ) ) ;
#88 = VERTEX_POINT ( 'NONE', #513 ) ;
#89 = CARTESIAN_POINT ( 'NONE',  ( 21.60000000000000100, 0.0000000000000000000, 0.0000000000000000000 ) ) ;
#90 = VERTEX_POINT ( 'NONE', #516 ) ;
#91 = VERTEX_POINT ( 'NONE', #519 ) ;
#92 = CARTESIAN_POINT ( 'NONE',  ( 8.951777490826913200, 27.85806271271735600, 25.83236888357685900 ) ) ;
#93 = VERTEX_POINT ( 'NONE', #521 ) ;
#94 = CARTESIAN_POINT ( 'NONE',  ( 9.253267336810109700, 27.34756357167402600, 26.34661009805575900 ) ) ;
#95 = CARTESIAN_POINT ( 'NONE',  ( 13.69986175035297600, 15.00002764992284200, 0.1959892518638028900 ) ) ;
#96 = VERTEX_POINT ( 'NONE', #522 ) ;
#97 = VERTEX_POINT ( 'NONE', #527 ) ;
#98 = ADVANCED_FACE ( 'E707', ( #1274, #1238 ), #839, .T. ) ;
#99 = CARTESIAN_POINT ( 'NONE',  ( 16.50126737250456100, 14.69693845669906000, 3.000000000000000900 ) ) ;
#100 = VERTEX_POINT ( 'NONE', #529 ) ;
#101 = ADVANCED_FACE ( 'E1223', ( #1248 ), #848, .T. ) ;
#102 = CARTESIAN_POINT ( 'NONE',  ( -15.29999999999999900, 0.0000000000000000000, 0.0000000000000000000 ) ) ;
#103 = CARTESIAN_POINT ( 'NONE',  ( 16.30512136940437500, 14.70096954866586500, 2.980445334803312600 ) ) ;
#104 = ADVANCED_FACE ( 'E854', ( #1243 ), #864, .T. ) ;
#105 = VERTEX_POINT ( 'NONE', #534 ) ;
#106 = CARTESIAN_POINT ( 'NONE',  ( 15.91790843848675900, 14.71646165858119000, 2.902984036480686500 ) ) ;
#107 = EDGE_LOOP ( 'NONE', ( #2197 ) ) ;
#108 = VERTEX_POINT ( 'NONE', #539 ) ;
#109 = VERTEX_POINT ( 'NONE', #541 ) ;
#110 = DIRECTION ( 'NONE',  ( -1.000000000000000000, 0.0000000000000000000, 0.0000000000000000000 ) ) ;
#111 = VERTEX_POINT ( 'NONE', #545 ) ;
#112 = VERTEX_POINT ( 'NONE', #547 ) ;
#113 = EDGE_LOOP ( 'NONE', ( #2187, #2183, #2180, #2167, #2163, #2158 ) ) ;
#114 = VERTEX_POINT ( 'NONE', #550 ) ;
#115 = VERTEX_POINT ( 'NONE', #551 ) ;
#116 = DIRECTION ( 'NONE',  ( 1.000000000000000000, 0.0000000000000000000, 0.0000000000000000000 ) ) ;
#117 = ADVANCED_FACE ( 'E856', ( #1224, #1212 ), #1194, .T. ) ;
#118 = PLANE ( 'NONE',  #1873 ) ;
#119 = ORIENTED_EDGE ( 'NONE', *, *, #2286, .F. ) ;
#120 = DIRECTION ( 'NONE',  ( 0.0000000000000000000, 0.0000000000000000000, 1.000000000000000000 ) ) ;
#121 = ADVANCED_FACE ( 'E1343', ( #1221, #1200 ), #1217, .T. ) ;
#122 = ORIENTED_EDGE ( 'NONE', *, *, #1148, .T. ) ;
#123 = DIRECTION ( 'NONE',  ( 1.000000000000000000, 0.0000000000000000000, 6.409875621278550000E-016 ) ) ;
#124 = ORIENTED_EDGE ( 'NONE', *, *, #2234, .T. ) ;
#125 = VERTEX_POINT ( 'NONE', #553 ) ;
#126 = VERTEX_POINT ( 'NONE', #555 ) ;
#127 = B_SPLINE_CURVE_WITH_KNOTS ( 'NONE', 3,
 ( #1906, #1903, #1921, #1927, #1928, #1933, #1936, #1939, #1943, #1947, #1952, #1958, #1963, #1969, #1973, #1975, #1978, #1979, #1983, #1986, #1996, #2309, #1999, #2004, #2013, #2017, #2022, #2023, #2025, #2035, #2036, #2040, #2042, #2043, #2047, #2054, #2058, #2060, #2063, #2064, #2069, #2070, #2072, #2076, #2080, #2082, #2084, #2087, #2091, #2095, #2096, #2101, #2102, #2107, #2108, #2112, #2275, #2252, #2213, #2119, #2120, #2126, #2127, #2132 ),
 .UNSPECIFIED., .T., .F.,
 ( 4, 2, 2, 2, 2, 2, 2, 2, 2, 2, 2, 2, 2, 2, 2, 2, 2, 2, 2, 2, 2, 2, 2, 2, 2, 2, 2, 2, 2, 2, 2, 4 ),
 ( 0.0000000000000000000, 0.0005876165346408014700, 0.001175233069281602900, 0.001762849603922404200, 0.002350466138563205900, 0.002938082673204007600, 0.003525699207844808400, 0.004113315742485609700, 0.004700932277126411800, 0.005288548811767213000, 0.005876165346408015200, 0.006463781881048816400, 0.007051398415689616800, 0.007639014950330418100, 0.008226631484971219300, 0.008814248019612022300, 0.009401864554252823600, 0.009989481088893624800, 0.01057709762353442600, 0.01116471415817522700, 0.01175233069281603000, 0.01233994722745683200, 0.01292756376209763300, 0.01351518029673843400, 0.01410279683137923400, 0.01469041336602003500, 0.01527802990066083600, 0.01586564643530163900, 0.01645326296994243900, 0.01762849603922404500, 0.01821611257386484800, 0.01880372910850565100 ),
 .UNSPECIFIED. ) ;
#128 = DIRECTION ( 'NONE',  ( -1.000000000000000000, 0.0000000000000000000, -6.123031769111888800E-017 ) ) ;
#129 = DIRECTION ( 'NONE',  ( -1.000000000000000000, 0.0000000000000000000, -6.123031769111888800E-017 ) ) ;
#130 = CARTESIAN_POINT ( 'NONE',  ( 4.558471390193284700, -15.51793356111818200, -26.44673973519771700 ) ) ;
#131 = VERTEX_POINT ( 'NONE', #557 ) ;
#132 = DIRECTION ( 'NONE',  ( -4.336808689942017700E-017, 0.0000000000000000000, 1.000000000000000000 ) ) ;
#133 = CARTESIAN_POINT ( 'NONE',  ( 5.483045174234678000, -15.17892462182316700, -26.46794343237144900 ) ) ;
#134 = VERTEX_POINT ( 'NONE', #560 ) ;
#135 = VERTEX_POINT ( 'NONE', #562 ) ;
#136 = DIRECTION ( 'NONE',  ( -1.000000000000000000, 0.0000000000000000000, 0.0000000000000000000 ) ) ;
#137 = VERTEX_POINT ( 'NONE', #563 ) ;
#138 = DIRECTION ( 'NONE',  ( 0.0000000000000000000, 0.0000000000000000000, 1.000000000000000000 ) ) ;
#139 = VERTEX_POINT ( 'NONE', #565 ) ;
#140 = CARTESIAN_POINT ( 'NONE',  ( 17.56602540378445100, 20.15000000000000200, 1.500000000000000000 ) ) ;
#141 = CARTESIAN_POINT ( 'NONE',  ( -15.90000000000000000, 0.0000000000000000000, 0.0000000000000000000 ) ) ;
#142 = VERTEX_POINT ( 'NONE', #581 ) ;
#143 = SHAPE_DEFINITION_REPRESENTATION ( #416, #364 ) ;
#144 = B_SPLINE_CURVE_WITH_KNOTS ( 'NONE', 3,
 ( #2715, #2713, #2690, #2686, #2680, #2677, #2670, #2654, #2649, #2648, #2643, #2641 ),
 .UNSPECIFIED., .F., .F.,
 ( 4, 2, 2, 2, 2, 4 ),
 ( 0.001456218839365139700, 0.001918853836236061600, 0.002381488833106983300, 0.002844123829977905000, 0.003075441328413371100, 0.003306758826848836700 ),
 .UNSPECIFIED. ) ;
#145 = PLANE ( 'NONE',  #1892 ) ;
#146 = ORIENTED_EDGE ( 'NONE', *, *, #2159, .F. ) ;
#147 = VERTEX_POINT ( 'NONE', #596 ) ;
#148 = VERTEX_POINT ( 'NONE', #590 ) ;
#149 = CARTESIAN_POINT ( 'NONE',  ( 14.96794919243111900, -10.07500000000000100, -17.45041188625645000 ) ) ;
#150 = CIRCLE ( 'NONE', #1025, 3.000000000000000000 ) ;
#151 = CARTESIAN_POINT ( 'NONE',  ( 18.43205080756889900, 20.15000000000000200, 1.060540212046012100E-016 ) ) ;
#152 = FACE_BOUND ( 'NONE', #2702, .T. ) ;
#153 = FACE_OUTER_BOUND ( 'NONE', #2689, .T. ) ;
#154 = CARTESIAN_POINT ( 'NONE',  ( 9.500000000000000000, 0.0000000000000000000, 1.163376036131260000E-015 ) ) ;
#155 = DIRECTION ( 'NONE',  ( -1.000000000000000000, 0.0000000000000000000, -2.449212707644755000E-016 ) ) ;
#156 = FACE_OUTER_BOUND ( 'NONE', #2664, .T. ) ;
#157 = FACE_BOUND ( 'NONE', #849, .T. ) ;
#158 = SPHERICAL_SURFACE ( 'NONE', #1078, 31.00000000000000000 ) ;
#159 = DIRECTION ( 'NONE',  ( -2.421658909160064500E-016, 0.0000000000000000000, 1.000000000000000000 ) ) ;
#160 = FACE_BOUND ( 'NONE', #2687, .T. ) ;
#161 = DIRECTION ( 'NONE',  ( -0.8660254037844387100, 0.0000000000000000000, 0.4999999999999998900 ) ) ;
#162 = DIRECTION ( 'NONE',  ( 0.4999999999999998900, 0.0000000000000000000, 0.8660254037844387100 ) ) ;
#163 = FACE_OUTER_BOUND ( 'NONE', #2596, .T. ) ;
#164 = CYLINDRICAL_SURFACE ( 'NONE', #1085, 0.4749999999999997600 ) ;
#165 = CIRCLE ( 'NONE', #1096, 2.458750000000000200 ) ;
#166 = FACE_OUTER_BOUND ( 'NONE', #1407, .T. ) ;
#167 = FACE_OUTER_BOUND ( 'NONE', #2546, .T. ) ;
#168 = DIRECTION ( 'NONE',  ( 0.8660254037844387100, -0.4330127018922192400, 0.2500000000000001100 ) ) ;
#169 = DIRECTION ( 'NONE',  ( -0.4999999999999999400, -0.7499999999999998900, 0.4330127018922194600 ) ) ;
#170 = FACE_OUTER_BOUND ( 'NONE', #2563, .T. ) ;
#171 = CARTESIAN_POINT ( 'NONE',  ( -15.90000000000000000, 0.0000000000000000000, 0.0000000000000000000 ) ) ;
#172 = ADVANCED_FACE ( 'E836', ( #1231, #1210 ), #1180, .F. ) ;
#173 = FACE_BOUND ( 'NONE', #2560, .T. ) ;
#174 = FACE_OUTER_BOUND ( 'NONE', #2535, .T. ) ;
#175 = CARTESIAN_POINT ( 'NONE',  ( 4.640632540781191500, -15.59355404503514800, -26.38760318532169800 ) ) ;
#176 = TOROIDAL_SURFACE ( 'NONE', #1101, 36.64852985983730300, 1.169999999999999900 ) ;
#177 = VECTOR ( 'NONE', #734, 1000.000000000000000 ) ;
#178 = CARTESIAN_POINT ( 'NONE',  ( 5.124164877751889300, -23.02684740625366500, 13.84296318389661600 ) ) ;
#179 = LINE ( 'NONE', #737, #177 ) ;
#180 = CARTESIAN_POINT ( 'NONE',  ( 4.516856284491470100, -15.41089041204862100, -26.51637270928954800 ) ) ;
#181 = CYLINDRICAL_SURFACE ( 'NONE', #1102, 20.15000000000000200 ) ;
#182 = CARTESIAN_POINT ( 'NONE',  ( 4.535923611685577200, -15.19395961677689900, -26.63802815145264400 ) ) ;
#183 = EDGE_LOOP ( 'NONE', ( #1948 ) ) ;
#184 = CARTESIAN_POINT ( 'NONE',  ( 4.785911691302169800, -14.93011332059199800, -26.74326789411549000 ) ) ;
#185 = DIRECTION ( 'NONE',  ( 0.0000000000000000000, 0.0000000000000000000, 1.000000000000000000 ) ) ;
#186 = SPHERICAL_SURFACE ( 'NONE', #1122, 31.00000000000000000 ) ;
#187 = CARTESIAN_POINT ( 'NONE',  ( 5.474999999999999600, -23.26795002536649500, 13.43375721063610200 ) ) ;
#188 = CARTESIAN_POINT ( 'NONE',  ( 4.911703246138520400, -14.88412994011874500, -26.74609751565051100 ) ) ;
#189 = FACE_OUTER_BOUND ( 'NONE', #2399, .T. ) ;
#190 = CARTESIAN_POINT ( 'NONE',  ( 5.159786503872413600, -14.88006515985821700, -26.70161323294872700 ) ) ;
#191 = FACE_OUTER_BOUND ( 'NONE', #2577, .T. ) ;
#192 = CARTESIAN_POINT ( 'NONE',  ( 5.278136989600418400, -14.92213437946015200, -26.65495699775675600 ) ) ;
#193 = FACE_OUTER_BOUND ( 'NONE', #2448, .T. ) ;
#194 = CARTESIAN_POINT ( 'NONE',  ( 5.440394708309549200, -15.07131676577645200, -26.53814374509526500 ) ) ;
#195 = CYLINDRICAL_SURFACE ( 'NONE', #1114, 0.4749999999999997600 ) ;
#196 = CARTESIAN_POINT ( 'NONE',  ( -15.90000000000000000, 0.0000000000000000000, 0.0000000000000000000 ) ) ;
#197 = CONICAL_SURFACE ( 'NONE', #1128, 3.000000000000001300, 0.7853981633974476100 ) ;
#198 = FACE_BOUND ( 'NONE', #2438, .T. ) ;
#199 = FACE_OUTER_BOUND ( 'NONE', #2482, .T. ) ;
#200 = FACE_OUTER_BOUND ( 'NONE', #2478, .T. ) ;
#201 = FACE_OUTER_BOUND ( 'NONE', #2431, .T. ) ;
#202 = FACE_OUTER_BOUND ( 'NONE', #2811, .T. ) ;
#203 = FACE_OUTER_BOUND ( 'NONE', #2010, .T. ) ;
#204 = CARTESIAN_POINT ( 'NONE',  ( 5.464258061510067300, -15.39593539411915700, -26.34620700924962500 ) ) ;
#205 = FACE_OUTER_BOUND ( 'NONE', #2427, .T. ) ;
#206 = FACE_BOUND ( 'NONE', #2493, .T. ) ;
#207 = LINE ( 'NONE', #830, #227 ) ;
#208 = CARTESIAN_POINT ( 'NONE',  ( 5.403677180550788600, -15.50457323730956100, -26.29494984033309600 ) ) ;
#209 = CARTESIAN_POINT ( 'NONE',  ( 5.213360180846200900, -15.66094596370958300, -26.24064695457927200 ) ) ;
#210 = FACE_OUTER_BOUND ( 'NONE', #1430, .T. ) ;
#211 = B_SPLINE_CURVE_WITH_KNOTS ( 'NONE', 3,
 ( #2617, #2572, #1228, #2845 ),
 .UNSPECIFIED., .F., .F.,
 ( 4, 4 ),
 ( 0.07272678579502264700, 0.07291841972420277900 ),
 .UNSPECIFIED. ) ;
#212 = FACE_OUTER_BOUND ( 'NONE', #1389, .T. ) ;
#213 = LINE ( 'NONE', #882, #214 ) ;
#214 = VECTOR ( 'NONE', #920, 1000.000000000000100 ) ;
#215 = FACE_OUTER_BOUND ( 'NONE', #736, .T. ) ;
#216 = ADVANCED_FACE ( 'E0', ( #1191, #1173 ), #1196, .F. ) ;
#217 = CARTESIAN_POINT ( 'NONE',  ( 5.087285924766131700, -15.70625241285471000, -26.23830610918322700 ) ) ;
#218 = FACE_OUTER_BOUND ( 'NONE', #1340, .T. ) ;
#219 = LINE ( 'NONE', #929, #224 ) ;
#220 = CARTESIAN_POINT ( 'NONE',  ( 5.475000000000000500, -23.33071295955363300, 13.32504861979188400 ) ) ;
#221 = VECTOR ( 'NONE', #969, 1000.000000000000100 ) ;
#222 = CARTESIAN_POINT ( 'NONE',  ( 4.841816898154463400, -15.71040045399820600, -26.28223120504779000 ) ) ;
#223 = CARTESIAN_POINT ( 'NONE',  ( 5.423384557761193200, -23.39133188890947300, 13.21804089490546600 ) ) ;
#224 = VECTOR ( 'NONE', #931, 1000.000000000000000 ) ;
#225 = CARTESIAN_POINT ( 'NONE',  ( 4.722793691369096400, -15.66917452895211600, -26.32846663544568200 ) ) ;
#226 = LINE ( 'NONE', #953, #221 ) ;
#227 = VECTOR ( 'NONE', #875, 1000.000000000000000 ) ;
#228 = CARTESIAN_POINT ( 'NONE',  ( 4.640632540781191500, -15.59355404503514800, -26.38760318532169800 ) ) ;
#229 = TOROIDAL_SURFACE ( 'NONE', #1203, 28.65347335935900100, 1.899999999999999900 ) ;
#230 = CYLINDRICAL_SURFACE ( 'NONE', #1159, 8.000000000000000000 ) ;
#231 = LINE ( 'NONE', #980, #237 ) ;
#232 = DIRECTION ( 'NONE',  ( 0.0000000000000000000, -1.000000000000000000, 0.0000000000000000000 ) ) ;
#233 = FACE_OUTER_BOUND ( 'NONE', #422, .T. ) ;
#234 = DIRECTION ( 'NONE',  ( -1.000000000000000000, 0.0000000000000000000, 0.0000000000000000000 ) ) ;
#235 = EDGE_LOOP ( 'NONE', ( #2293 ) ) ;
#236 = ADVANCED_FACE ( 'E642', ( #1157, #1184 ), #998, .T. ) ;
#237 = VECTOR ( 'NONE', #983, 1000.000000000000000 ) ;
#238 = FACE_OUTER_BOUND ( 'NONE', #2716, .T. ) ;
#239 = LINE ( 'NONE', #1013, #241 ) ;
#240 = CYLINDRICAL_SURFACE ( 'NONE', #1170, 15.50000000000000000 ) ;
#241 = VECTOR ( 'NONE', #1005, 1000.000000000000000 ) ;
#242 = CYLINDRICAL_SURFACE ( 'NONE', #1181, 3.000000000000000000 ) ;
#243 = FACE_OUTER_BOUND ( 'NONE', #2698, .T. ) ;
#244 = FACE_OUTER_BOUND ( 'NONE', #2853, .T. ) ;
#245 = CARTESIAN_POINT ( 'NONE',  ( 22.19999999999999900, 0.0000000000000000000, 0.0000000000000000000 ) ) ;
#246 = CYLINDRICAL_SURFACE ( 'NONE', #1185, 3.000000000000001300 ) ;
#247 = FACE_OUTER_BOUND ( 'NONE', #2704, .T. ) ;
#248 = DIRECTION ( 'NONE',  ( -1.000000000000000000, 0.0000000000000000000, 0.0000000000000000000 ) ) ;
#249 = FACE_OUTER_BOUND ( 'NONE', #2005, .T. ) ;
#250 = FACE_OUTER_BOUND ( 'NONE', #2769, .T. ) ;
#251 = FACE_OUTER_BOUND ( 'NONE', #2841, .T. ) ;
#252 = VECTOR ( 'NONE', #1156, 1000.000000000000000 ) ;
#253 = DIRECTION ( 'NONE',  ( 0.0000000000000000000, 0.0000000000000000000, 1.000000000000000000 ) ) ;
#254 = FACE_OUTER_BOUND ( 'NONE', #1443, .T. ) ;
#255 = FACE_OUTER_BOUND ( 'NONE', #2085, .T. ) ;
#256 = ADVANCED_FACE ( 'E360', ( #1161 ), #950, .T. ) ;
#257 = CARTESIAN_POINT ( 'NONE',  ( -11.50000000000000000, 0.0000000000000000000, 0.0000000000000000000 ) ) ;
#258 = LINE ( 'NONE', #1167, #252 ) ;
#259 = VECTOR ( 'NONE', #1186, 1000.000000000000100 ) ;
#260 = LINE ( 'NONE', #1182, #259 ) ;
#261 = DIRECTION ( 'NONE',  ( 0.0000000000000000000, -1.000000000000000000, 0.0000000000000000000 ) ) ;
#262 = ORIENTED_EDGE ( 'NONE', *, *, #2298, .T. ) ;
#263 = DIRECTION ( 'NONE',  ( 1.000000000000000000, 0.0000000000000000000, 0.0000000000000000000 ) ) ;
#264 = FACE_BOUND ( 'NONE', #1361, .T. ) ;
#265 = SPHERICAL_SURFACE ( 'NONE', #1219, 31.00000000000000000 ) ;
#266 = CYLINDRICAL_SURFACE ( 'NONE', #1205, 0.4749999999999997600 ) ;
#267 = CARTESIAN_POINT ( 'NONE',  ( -19.00000000000000000, -58.50000000000000000, 0.0000000000000000000 ) ) ;
#268 = FACE_OUTER_BOUND ( 'NONE', #1031, .T. ) ;
#269 = EDGE_LOOP ( 'NONE', ( #2825, #2818, #2795, #2789, #2787, #2786, #2783, #2779 ) ) ;
#270 = LINE ( 'NONE', #1218, #275 ) ;
#271 = FACE_OUTER_BOUND ( 'NONE', #2416, .T. ) ;
#272 = DIRECTION ( 'NONE',  ( 0.4999999999999998900, 0.0000000000000000000, 0.8660254037844387100 ) ) ;
#273 = FACE_OUTER_BOUND ( 'NONE', #2799, .T. ) ;
#274 = FACE_OUTER_BOUND ( 'NONE', #2414, .T. ) ;
#275 = VECTOR ( 'NONE', #1222, 1000.000000000000000 ) ;
#276 = LINE ( 'NONE', #1272, #277 ) ;
#277 = VECTOR ( 'NONE', #1283, 1000.000000000000000 ) ;
#278 = DIRECTION ( 'NONE',  ( -1.000000000000000000, 0.0000000000000000000, 0.0000000000000000000 ) ) ;
#279 = CYLINDRICAL_SURFACE ( 'NONE', #1233, 20.15000000000000200 ) ;
#280 = CARTESIAN_POINT ( 'NONE',  ( -6.299999999999999800, 0.0000000000000000000, 0.0000000000000000000 ) ) ;
#281 = EDGE_LOOP ( 'NONE', ( #2582 ) ) ;
#282 = DIRECTION ( 'NONE',  ( -1.000000000000000000, 0.0000000000000000000, -4.592273826833919600E-017 ) ) ;
#283 = FACE_OUTER_BOUND ( 'NONE', #1379, .T. ) ;
#284 = TOROIDAL_SURFACE ( 'NONE', #1239, 40.00000000000000000, 1.169999999999999900 ) ;
#285 = CARTESIAN_POINT ( 'NONE',  ( -11.50000000000000000, 58.50000000000000000, 15.50000000000000000 ) ) ;
#286 = FACE_OUTER_BOUND ( 'NONE', #2601, .T. ) ;
#287 = VECTOR ( 'NONE', #1362, 1000.000000000000100 ) ;
#288 = DIRECTION ( 'NONE',  ( 0.0000000000000000000, 0.0000000000000000000, 1.000000000000000000 ) ) ;
#289 = DIRECTION ( 'NONE',  ( 1.000000000000000000, 0.0000000000000000000, 0.0000000000000000000 ) ) ;
#290 = CARTESIAN_POINT ( 'NONE',  ( 17.56602540378445100, -10.73028810567664100, -15.58540417888400000 ) ) ;
#291 = FACE_OUTER_BOUND ( 'NONE', #2020, .T. ) ;
#292 = LINE ( 'NONE', #1406, #287 ) ;
#293 = CARTESIAN_POINT ( 'NONE',  ( -18.00000000000000000, -64.99145299145298800, 14.07519229210583900 ) ) ;
#294 = FACE_OUTER_BOUND ( 'NONE', #2642, .T. ) ;
#295 = APPROVAL_ROLE ( '' ) ;
#296 = CIRCLE ( 'NONE', #1265, 3.000000000000001300 ) ;
#297 = TOROIDAL_SURFACE ( 'NONE', #1245, 40.00000000000000000, 1.169999999999999900 ) ;
#298 = VECTOR ( 'NONE', #1460, 1000.000000000000000 ) ;
#299 = DIRECTION ( 'NONE',  ( 0.0000000000000000000, 0.0000000000000000000, -1.000000000000000000 ) ) ;
#300 = CARTESIAN_POINT ( 'NONE',  ( -5.191233068804240100, 35.60398048053414800, 15.50000000000000000 ) ) ;
#301 = APPROVAL_STATUS ( 'not_yet_approved' ) ;
#302 = DATE_TIME_ROLE ( 'classification_date' ) ;
#303 = FACE_OUTER_BOUND ( 'NONE', #1401, .T. ) ;
#304 = PERSON_AND_ORGANIZATION_ROLE ( 'classification_officer' ) ;
#305 = FACE_OUTER_BOUND ( 'NONE', #2471, .T. ) ;
#306 = SECURITY_CLASSIFICATION_LEVEL ( 'unclassified' ) ;
#307 = PERSON_AND_ORGANIZATION_ROLE ( 'design_supplier' ) ;
#308 = CYLINDRICAL_SURFACE ( 'NONE', #1246, 20.15000000000000200 ) ;
#309 = DESIGN_CONTEXT ( 'detailed design', #335, 'design' ) ;
#310 = FACE_OUTER_BOUND ( 'NONE', #2635, .T. ) ;
#311 = PERSON_AND_ORGANIZATION_ROLE ( 'creator' ) ;
#312 = CARTESIAN_POINT ( 'NONE',  ( 22.19999999999999900, 0.0000000000000000000, 0.0000000000000000000 ) ) ;
#313 = APPROVAL_ROLE ( '' ) ;
#314 = LINE ( 'NONE', #1448, #298 ) ;
#315 = FACE_OUTER_BOUND ( 'NONE', #2451, .T. ) ;
#316 = DIRECTION ( 'NONE',  ( -5.863301393792143700E-017, 0.0000000000000000000, 1.000000000000000000 ) ) ;
#317 = CARTESIAN_POINT ( 'NONE',  ( -9.255345097474910100, 0.0000000000000000000, 1.566572275711330100E-016 ) ) ;
#318 = APPROVAL_STATUS ( 'not_yet_approved' ) ;
#319 = FACE_OUTER_BOUND ( 'NONE', #2661, .T. ) ;
#320 = CYLINDRICAL_SURFACE ( 'NONE', #1251, 2.458750000000000700 ) ;
#321 = DATE_TIME_ROLE ( 'creation_date' ) ;
#322 = DIRECTION ( 'NONE',  ( 0.0000000000000000000, 0.0000000000000000000, 1.000000000000000000 ) ) ;
#323 = TOROIDAL_SURFACE ( 'NONE', #1257, 23.50875721063610200, 4.750000000000000000 ) ;
#324 = FACE_OUTER_BOUND ( 'NONE', #2263, .T. ) ;
#325 = PERSON_AND_ORGANIZATION_ROLE ( 'creator' ) ;
#326 = APPROVAL_ROLE ( '' ) ;
#327 = ORIENTED_EDGE ( 'NONE', *, *, #2172, .T. ) ;
#328 = APPROVAL_STATUS ( 'not_yet_approved' ) ;
#329 = FACE_OUTER_BOUND ( 'NONE', #2613, .T. ) ;
#330 = APPLICATION_PROTOCOL_DEFINITION ( 'international standard', 'config_control_design', 1994, #335 ) ;
#331 = FACE_OUTER_BOUND ( 'NONE', #1348, .T. ) ;
#332 = CARTESIAN_POINT ( 'NONE',  ( 16.69999999999999900, -9.804375000000000300, -16.98167563645810300 ) ) ;
#333 = DIRECTION ( 'NONE',  ( -1.000000000000000000, 0.0000000000000000000, -6.123031769111888800E-017 ) ) ;
#334 = DIRECTION ( 'NONE',  ( 0.0000000000000000000, -1.000000000000000000, 0.0000000000000000000 ) ) ;
#335 = APPLICATION_CONTEXT ( 'configuration controlled 3d designs of mechanical parts and assemblies' ) ;
#336 = PERSON_AND_ORGANIZATION_ROLE ( 'design_owner' ) ;
#337 = DIRECTION ( 'NONE',  ( 0.0000000000000000000, 0.4999999999999998900, 0.8660254037844387100 ) ) ;
#338 = FACE_BOUND ( 'NONE', #2620, .T. ) ;
#339 = CARTESIAN_POINT ( 'NONE',  ( -5.000000000000000000, 58.50000000000000000, 0.0000000000000000000 ) ) ;
#340 = CARTESIAN_POINT ( 'NONE',  ( 13.00000000000000000, -64.99145299145298800, 14.07519229210583900 ) ) ;
#341 = FACE_OUTER_BOUND ( 'NONE', #1995, .T. ) ;
#342 = MECHANICAL_CONTEXT ( 'NONE', #349, 'mechanical' ) ;
#343 = DIRECTION ( 'NONE',  ( -1.000000000000000000, 0.0000000000000000000, 0.0000000000000000000 ) ) ;
#344 = DIRECTION ( 'NONE',  ( 1.000000000000000000, 0.0000000000000000000, 0.0000000000000000000 ) ) ;
#345 = FACE_BOUND ( 'NONE', #2651, .T. ) ;
#346 = DIRECTION ( 'NONE',  ( 1.000000000000000000, 0.0000000000000000000, 0.0000000000000000000 ) ) ;
#347 = EDGE_LOOP ( 'NONE', ( #2308 ) ) ;
#348 = DIRECTION ( 'NONE',  ( 0.0000000000000000000, 0.0000000000000000000, 1.000000000000000000 ) ) ;
#349 = APPLICATION_CONTEXT ( 'configuration controlled 3d designs of mechanical parts and assemblies' ) ;
#350 = FACE_OUTER_BOUND ( 'NONE', #107, .T. ) ;
#351 = VECTOR ( 'NONE', #1586, 1000.000000000000100 ) ;
#352 = FACE_OUTER_BOUND ( 'NONE', #2457, .T. ) ;
#353 = APPLICATION_PROTOCOL_DEFINITION ( 'international standard', 'config_control_design', 1994, #349 ) ;
#354 = DIRECTION ( 'NONE',  ( 0.0000000000000000000, -0.8660254037844387100, 0.4999999999999997800 ) ) ;
#355 = ORIENTED_EDGE ( 'NONE', *, *, #2387, .T. ) ;
#356 = CARTESIAN_POINT ( 'NONE',  ( -11.50000000000000000, -58.50000000000000000, -15.50000000000000000 ) ) ;
#357 = DIRECTION ( 'NONE',  ( -1.000000000000000000, 0.0000000000000000000, 0.0000000000000000000 ) ) ;
#358 = CONICAL_SURFACE ( 'NONE', #1332, 2.458750000000000200, 0.7853981633974490600 ) ;
#359 =( NAMED_UNIT ( * ) SI_UNIT ( $, .STERADIAN. ) SOLID_ANGLE_UNIT ( ) );
#360 = SPHERICAL_SURFACE ( 'NONE', #1306, 31.00000000000000000 ) ;
#361 =( NAMED_UNIT ( * ) PLANE_ANGLE_UNIT ( ) SI_UNIT ( $, .RADIAN. ) );
#362 =( LENGTH_UNIT ( ) NAMED_UNIT ( * ) SI_UNIT ( .MILLI., .METRE. ) );
#363 = LINE ( 'NONE', #1567, #351 ) ;
#364 = ADVANCED_BREP_SHAPE_REPRESENTATION ( 'UCFL-206', ( #1227, #935 ), #1003 ) ;
#365 = CLOSED_SHELL ( 'NONE', ( #2367, #2526, #2819, #2806, #793, #894, #2791, #2512 ) ) ;
#366 = FACE_OUTER_BOUND ( 'NONE', #2709, .T. ) ;
#367 = DIRECTION ( 'NONE',  ( -1.000000000000000000, 0.0000000000000000000, 0.0000000000000000000 ) ) ;
#368 = FACE_OUTER_BOUND ( 'NONE', #2848, .T. ) ;
#369 = DIRECTION ( 'NONE',  ( -1.000000000000000000, 0.0000000000000000000, 0.0000000000000000000 ) ) ;
#370 = EDGE_LOOP ( 'NONE', ( #2067, #2062, #2059, #2050 ) ) ;
#371 = FACE_BOUND ( 'NONE', #2816, .T. ) ;
#372 = DIRECTION ( 'NONE',  ( 0.0000000000000000000, 0.0000000000000000000, 1.000000000000000000 ) ) ;
#373 = FACE_OUTER_BOUND ( 'NONE', #2468, .T. ) ;
#374 = DIRECTION ( 'NONE',  ( 0.0000000000000000000, 0.0000000000000000000, 1.000000000000000000 ) ) ;
#375 = FACE_OUTER_BOUND ( 'NONE', #2751, .T. ) ;
#376 = CARTESIAN_POINT ( 'NONE',  ( 16.69999999999999900, 15.54125000000000000, 3.000000000000000000 ) ) ;
#377 = CYLINDRICAL_SURFACE ( 'NONE', #1328, 26.86751442127220100 ) ;
#378 = CARTESIAN_POINT ( 'NONE',  ( 14.96794919243111900, -9.431250000000000400, -16.33540417888400100 ) ) ;
#379 = CARTESIAN_POINT ( 'NONE',  ( 16.69999999999999900, 15.00000000000000000, -2.458750000000000200 ) ) ;
#380 = FACE_OUTER_BOUND ( 'NONE', #1069, .T. ) ;
#381 = CARTESIAN_POINT ( 'NONE',  ( 15.83397459621554900, 18.86250000000000100, -1.500000000000000000 ) ) ;
#382 = B_SPLINE_CURVE_WITH_KNOTS ( 'NONE', 3,
 ( #1838, #1844, #1848, #1854, #1855, #1859, #1861, #1867, #1868, #1874, #1876, #1882, #1883, #1886, #1889, #1891, #1895, #1896 ),
 .UNSPECIFIED., .T., .F.,
 ( 4, 2, 2, 2, 2, 2, 2, 2, 4 ),
 ( 0.0000000000000000000, 0.0003736276361011632400, 0.0007472552722023264900, 0.001120882908303489800, 0.001494510544404653000, 0.001868138180505813900, 0.002241765816606974900, 0.002615393452708135900, 0.002989021088809296800 ),
 .UNSPECIFIED. ) ;
#383 = CARTESIAN_POINT ( 'NONE',  ( 14.22827006226249400, 20.01297567284988000, -2.351483198277613400 ) ) ;
#384 = CARTESIAN_POINT ( 'NONE',  ( -5.000000000000000000, -58.50000000000000000, 15.50000000000000000 ) ) ;
#385 = FACE_BOUND ( 'NONE', #113, .T. ) ;
#386 = CARTESIAN_POINT ( 'NONE',  ( 16.69999999999999900, -7.206298788646684300, -18.48167563645810300 ) ) ;
#387 = DIRECTION ( 'NONE',  ( -0.4999999999999998900, 0.0000000000000000000, -0.8660254037844387100 ) ) ;
#388 = FACE_OUTER_BOUND ( 'NONE', #2749, .T. ) ;
#389 = CARTESIAN_POINT ( 'NONE',  ( 16.69999999999999900, -12.20433996155498900, -16.22103688625644900 ) ) ;
#390 = ADVANCED_FACE ( 'E848', ( #1143, #1155 ), #965, .F. ) ;
#391 = TOROIDAL_SURFACE ( 'NONE', #1342, 15.60000000000000000, 0.5999999999999999800 ) ;
#392 = CARTESIAN_POINT ( 'NONE',  ( 16.69999999999999900, -5.172548788646683900, -14.95911730656489900 ) ) ;
#393 = CARTESIAN_POINT ( 'NONE',  ( 14.07136180056744300, 20.03056259304199900, -2.190676277932690500 ) ) ;
#394 = ADVANCED_FACE ( 'E381', ( #1146 ), #1129, .T. ) ;
#395 = ORIENTED_EDGE ( 'NONE', *, *, #2279, .F. ) ;
#396 = CARTESIAN_POINT ( 'NONE',  ( 14.39871456858543800, 19.99540052075807100, -2.494546543386429800 ) ) ;
#397 = CARTESIAN_POINT ( 'NONE',  ( 16.69999999999999900, -9.629339961554988400, -11.76100605676658100 ) ) ;
#398 = FACE_OUTER_BOUND ( 'NONE', #2397, .T. ) ;
#399 = CARTESIAN_POINT ( 'NONE',  ( 9.500000000000000000, -35.00000000000000000, 0.0000000000000000000 ) ) ;
#400 = CARTESIAN_POINT ( 'NONE',  ( -9.500000000000000000, 34.10000000000000100, 0.0000000000000000000 ) ) ;
#401 = CARTESIAN_POINT ( 'NONE',  ( 14.76489860091325000, 19.96218050193603600, -2.747754365073160600 ) ) ;
#402 = CARTESIAN_POINT ( 'NONE',  ( -11.50000000000000000, -36.00000000000000000, 0.0000000000000000000 ) ) ;
#403 = FACE_OUTER_BOUND ( 'NONE', #2421, .T. ) ;
#404 = VECTOR ( 'NONE', #1802, 1000.000000000000100 ) ;
#405 = ORIENTED_EDGE ( 'NONE', *, *, #2195, .T. ) ;
#406 = FACE_BOUND ( 'NONE', #2408, .T. ) ;
#407 = CARTESIAN_POINT ( 'NONE',  ( -11.50000000000000000, 58.50000000000000000, -15.50000000000000000 ) ) ;
#408 = VECTOR ( 'NONE', #1734, 1000.000000000000000 ) ;
#409 = CARTESIAN_POINT ( 'NONE',  ( 6.160076005903495600, 24.68978172541671900, 28.26129027707332500 ) ) ;
#410 = CARTESIAN_POINT ( 'NONE',  ( 15.57892688021033800, 19.90840545244451200, -3.111397569650181400 ) ) ;
#411 = LINE ( 'NONE', #1735, #408 ) ;
#412 = FACE_OUTER_BOUND ( 'NONE', #2607, .T. ) ;
#413 = CARTESIAN_POINT ( 'NONE',  ( 16.68010740955360700, 19.88125743968288400, -3.279985771908593000 ) ) ;
#414 = CYLINDRICAL_SURFACE ( 'NONE', #1341, 3.000000000000002200 ) ;
#415 = LINE ( 'NONE', #1740, #404 ) ;
#416 = PRODUCT_DEFINITION_SHAPE ( 'NONE', 'NONE',  #922 ) ;
#417 = FACE_BOUND ( 'NONE', #2423, .T. ) ;
#418 = CARTESIAN_POINT ( 'NONE',  ( 14.96232693817114300, 19.94644914773521500, -2.858331616868036800 ) ) ;
#419 = CARTESIAN_POINT ( 'NONE',  ( 15.36876515309968400, 19.91963348766453000, -3.039587957649621900 ) ) ;
#420 = FACE_OUTER_BOUND ( 'NONE', #1621, .T. ) ;
#421 = CARTESIAN_POINT ( 'NONE',  ( 4.640313987258049400, 23.08213249435315000, 20.16637413152855300 ) ) ;
#422 = EDGE_LOOP ( 'NONE', ( #2345 ) ) ;
#423 = CARTESIAN_POINT ( 'NONE',  ( 19.13913982195038700, 20.00942703769899100, -2.379877914794768000 ) ) ;
#424 = CARTESIAN_POINT ( 'NONE',  ( 6.160076005903492900, 24.68978172541667200, 29.02673336770779500 ) ) ;
#425 = CARTESIAN_POINT ( 'NONE',  ( 16.01304372487443600, 19.89148312641658800, -3.217810051390795200 ) ) ;
#426 = TOROIDAL_SURFACE ( 'NONE', #1358, 23.50875721063610200, 4.750000000000000000 ) ;
#427 = FACE_OUTER_BOUND ( 'NONE', #2573, .T. ) ;
#428 = CARTESIAN_POINT ( 'NONE',  ( -5.000000000000000000, -58.50000000000000000, -8.000000000000000000 ) ) ;
#429 = CARTESIAN_POINT ( 'NONE',  ( 16.23646742092384100, 19.88588787140816900, -3.251794521898686800 ) ) ;
#430 = FACE_OUTER_BOUND ( 'NONE', #52, .T. ) ;
#431 = CARTESIAN_POINT ( 'NONE',  ( -5.000000000000000000, 58.50000000000000000, -8.000000000000000000 ) ) ;
#432 = SPHERICAL_SURFACE ( 'NONE', #1363, 31.00000000000000000 ) ;
#433 = CARTESIAN_POINT ( 'NONE',  ( 18.43205080756889900, 18.86250000000000100, 1.060540212046012100E-016 ) ) ;
#434 = CARTESIAN_POINT ( 'NONE',  ( 20.03624503492887100, 20.12011654017513600, -1.117554338976639100 ) ) ;
#435 = CONICAL_SURFACE ( 'NONE', #1381, 2.458750000000000700, 0.7853981633974476100 ) ;
#436 = CARTESIAN_POINT ( 'NONE',  ( 13.00000000000000200, 0.0000000000000000000, -35.00000000000000000 ) ) ;
#437 = FACE_OUTER_BOUND ( 'NONE', #1169, .T. ) ;
#438 = CARTESIAN_POINT ( 'NONE',  ( 16.90243374772905200, 19.88212443155584100, -3.274793377066415700 ) ) ;
#439 = CARTESIAN_POINT ( 'NONE',  ( 5.247830266325980400, -23.47706972240324000, 13.06515250144153700 ) ) ;
#440 = FACE_BOUND ( 'NONE', #2316, .T. ) ;
#441 = DIRECTION ( 'NONE',  ( 0.0000000000000000000, 0.9080769220713451600, 0.4188034188034190400 ) ) ;
#442 = B_SPLINE_CURVE_WITH_KNOTS ( 'NONE', 3,
 ( #2725, #2738, #2612, #2602, #2595, #2583, #2581, #2578 ),
 .UNSPECIFIED., .F., .F.,
 ( 4, 2, 2, 4 ),
 ( 0.007240284453533840300, 0.007701843019350195800, 0.008163401585166551300, 0.009086518716799277900 ),
 .UNSPECIFIED. ) ;
#443 = CARTESIAN_POINT ( 'NONE',  ( 18.78868666675985500, 19.97548667223069100, -2.649702148140709900 ) ) ;
#444 = CARTESIAN_POINT ( 'NONE',  ( -4.525000000000001200, 26.86751442127220100, 0.0000000000000000000 ) ) ;
#445 = CARTESIAN_POINT ( 'NONE',  ( 13.00000000000000000, 0.0000000000000000000, 36.64852985983730300 ) ) ;
#446 = VECTOR ( 'NONE', #1872, 1000.000000000000100 ) ;
#447 = CARTESIAN_POINT ( 'NONE',  ( -9.255345097474911900, 0.0000000000000000000, 29.58612152896440200 ) ) ;
#448 = FACE_BOUND ( 'NONE', #347, .T. ) ;
#449 = CARTESIAN_POINT ( 'NONE',  ( 19.30253687620371000, 20.02719826184680900, -2.227671677802477700 ) ) ;
#450 = CARTESIAN_POINT ( 'NONE',  ( 19.59809543304339700, 20.06181794912845700, -1.890674985139184600 ) ) ;
#451 = DIRECTION ( 'NONE',  ( 0.0000000000000000000, 0.0000000000000000000, -1.000000000000000000 ) ) ;
#452 = FACE_OUTER_BOUND ( 'NONE', #10, .T. ) ;
#453 = FACE_OUTER_BOUND ( 'NONE', #847, .T. ) ;
#454 = CARTESIAN_POINT ( 'NONE',  ( 19.72673142165729800, 20.07821853487982700, -1.710240961735705500 ) ) ;
#455 = CARTESIAN_POINT ( 'NONE',  ( 19.94540633221521400, 20.10730561764743000, -1.325158284928568600 ) ) ;
#456 = CARTESIAN_POINT ( 'NONE',  ( -18.00000000000000000, -58.50000000000000000, -8.000000000000000000 ) ) ;
#457 = FACE_OUTER_BOUND ( 'NONE', #1333, .T. ) ;
#458 = CARTESIAN_POINT ( 'NONE',  ( 20.18103722365576000, 20.14105354274068900, 0.6395609963608913700 ) ) ;
#459 = VECTOR ( 'NONE', #1959, 1000.000000000000100 ) ;
#460 = CARTESIAN_POINT ( 'NONE',  ( -18.00000000000000000, 58.50000000000000000, -8.000000000000000000 ) ) ;
#461 = LINE ( 'NONE', #1877, #446 ) ;
#462 = CIRCLE ( 'NONE', #1404, 2.458750000000001100 ) ;
#463 = LINE ( 'NONE', #2037, #459 ) ;
#464 = DIRECTION ( 'NONE',  ( 1.000000000000000000, 0.0000000000000000000, 6.123031769111888800E-017 ) ) ;
#465 = CIRCLE ( 'NONE', #1431, 2.458750000000000200 ) ;
#466 = CARTESIAN_POINT ( 'NONE',  ( 20.16935796253508400, 20.13926853622494700, -0.6912887360676212000 ) ) ;
#467 = CARTESIAN_POINT ( 'NONE',  ( -17.99999999999999600, 0.0000000000000000000, -36.00000000000000000 ) ) ;
#468 = CARTESIAN_POINT ( 'NONE',  ( 3.360612098873940300, 27.04441722625844900, 27.15327723616865200 ) ) ;
#469 = CYLINDRICAL_SURFACE ( 'NONE', #1417, 40.00000000000000000 ) ;
#470 = CARTESIAN_POINT ( 'NONE',  ( 14.61530907526926600, 19.97511801074292100, 2.652528800597529400 ) ) ;
#471 = CARTESIAN_POINT ( 'NONE',  ( 9.255345097474915400, 0.0000000000000000000, -29.58612152896440200 ) ) ;
#472 = CARTESIAN_POINT ( 'NONE',  ( -4.576503075977371700, 26.86651027286804800, -0.2482703111787540900 ) ) ;
#473 = CARTESIAN_POINT ( 'NONE',  ( 20.21217876483046900, 20.14566464460686000, -0.4735164405004030400 ) ) ;
#474 = CARTESIAN_POINT ( 'NONE',  ( 9.500000000000000000, 0.0000000000000000000, 29.50847335935900200 ) ) ;
#475 = CIRCLE ( 'NONE', #1426, 35.00000000000000000 ) ;
#476 = CARTESIAN_POINT ( 'NONE',  ( -4.751806018738904800, 26.86431880487202800, -0.4235416623370014100 ) ) ;
#477 = CARTESIAN_POINT ( 'NONE',  ( 20.24937381853542100, 20.15120866394847000, -0.02848112348218902500 ) ) ;
#478 = CARTESIAN_POINT ( 'NONE',  ( -9.500000000000000000, 0.0000000000000000000, -29.50847335935900200 ) ) ;
#479 = CARTESIAN_POINT ( 'NONE',  ( 20.24287807134022200, 20.15022411950726800, 0.1988567656406789500 ) ) ;
#480 = CARTESIAN_POINT ( 'NONE',  ( 11.89123306880424000, 0.0000000000000000000, 37.81692641550014900 ) ) ;
#481 = FACE_OUTER_BOUND ( 'NONE', #2150, .T. ) ;
#482 = CARTESIAN_POINT ( 'NONE',  ( 14.26176669734645100, 20.00932118168155000, 2.380822217095407600 ) ) ;
#483 = CIRCLE ( 'NONE', #1441, 34.10000000000000100 ) ;
#484 = FACE_OUTER_BOUND ( 'NONE', #790, .T. ) ;
#485 = CARTESIAN_POINT ( 'NONE',  ( 14.07136180056743900, 20.03056259304199900, -2.190676277932690000 ) ) ;
#486 = CARTESIAN_POINT ( 'NONE',  ( -4.875835122248120400, 26.86331641483177900, -0.4749340777803618400 ) ) ;
#487 = FACE_OUTER_BOUND ( 'NONE', #688, .T. ) ;
#488 = CARTESIAN_POINT ( 'NONE',  ( -15.90000000000000000, 0.0000000000000000000, 15.60000000000000000 ) ) ;
#489 = CARTESIAN_POINT ( 'NONE',  ( 20.12544889012479000, 20.13283560203970900, 0.8577280723779142600 ) ) ;
#490 = CIRCLE ( 'NONE', #1410, 3.000000000000000400 ) ;
#491 = CARTESIAN_POINT ( 'NONE',  ( -15.90000000000000000, 0.0000000000000000000, 19.55000000000000100 ) ) ;
#492 = CARTESIAN_POINT ( 'NONE',  ( 22.19999999999999900, 0.0000000000000000000, 19.55000000000000100 ) ) ;
#493 = CARTESIAN_POINT ( 'NONE',  ( 19.96796842291612600, 20.11053605985199200, 1.277930440319642100 ) ) ;
#494 = CARTESIAN_POINT ( 'NONE',  ( 22.19999999999999900, 0.0000000000000000000, 15.60000000000000000 ) ) ;
#495 = CIRCLE ( 'NONE', #1459, 36.00000000000000000 ) ;
#496 = CIRCLE ( 'NONE', #1478, 3.000000000000002200 ) ;
#497 = CARTESIAN_POINT ( 'NONE',  ( 19.86785051119990800, 20.09671373303978100, 1.476516452488803000 ) ) ;
#498 = CARTESIAN_POINT ( 'NONE',  ( 5.474999999999999600, -23.26795002536649900, 13.43375721063610100 ) ) ;
#499 = B_SPLINE_CURVE_WITH_KNOTS ( 'NONE', 3,
 ( #1022, #957, #1032, #1046 ),
 .UNSPECIFIED., .F., .F.,
 ( 4, 4 ),
 ( 0.07359499063776450700, 0.07378662455177827100 ),
 .UNSPECIFIED. ) ;
#500 = CARTESIAN_POINT ( 'NONE',  ( 19.62728947661427300, 20.06558778627522300, 1.852077345442769900 ) ) ;
#501 = VECTOR ( 'NONE', #2456, 1000.000000000000000 ) ;
#502 = CARTESIAN_POINT ( 'NONE',  ( -9.499999999999996400, 0.0000000000000000000, -28.65347335935900100 ) ) ;
#503 = CARTESIAN_POINT ( 'NONE',  ( 9.500000000000000000, 0.0000000000000000000, 20.15000000000000200 ) ) ;
#504 = CARTESIAN_POINT ( 'NONE',  ( 19.48608524192308500, 20.04822573180373300, 2.028986924997211000 ) ) ;
#505 = CARTESIAN_POINT ( 'NONE',  ( 19.02106132349757300, 19.99605680154667600, 2.506548250081318300 ) ) ;
#506 = VECTOR ( 'NONE', #2484, 1000.000000000000000 ) ;
#507 = CARTESIAN_POINT ( 'NONE',  ( -9.250000000000000000, -26.86751442127220100, -1.132760877285699900E-015 ) ) ;
#508 = CIRCLE ( 'NONE', #1482, 8.000000000000000000 ) ;
#509 = CARTESIAN_POINT ( 'NONE',  ( -5.332844266526579200, 30.53597767117885200, -0.3388800587824349900 ) ) ;
#510 = CARTESIAN_POINT ( 'NONE',  ( 18.64539693921108900, 19.96024480615551500, 2.764934541606098900 ) ) ;
#511 = CIRCLE ( 'NONE', #1466, 2.458750000000000700 ) ;
#512 = CARTESIAN_POINT ( 'NONE',  ( -5.250762148918689800, -8.296438991667871600, -29.40405749064260000 ) ) ;
#513 = CARTESIAN_POINT ( 'NONE',  ( 3.358757210636100300, 0.0000000000000000000, 26.86751442127220100 ) ) ;
#514 = CARTESIAN_POINT ( 'NONE',  ( 18.03679248534129400, 19.91995572362675700, 3.037482165216173400 ) ) ;
#515 = LINE ( 'NONE', #2486, #501 ) ;
#516 = CARTESIAN_POINT ( 'NONE',  ( 5.474999999999999600, -13.43375721063610100, -23.26795002536649900 ) ) ;
#517 = CIRCLE ( 'NONE', #1483, 8.000000000000000000 ) ;
#518 = CARTESIAN_POINT ( 'NONE',  ( 17.82285693645167200, 19.90849246676488700, 3.110842456934058000 ) ) ;
#519 = CARTESIAN_POINT ( 'NONE',  ( 16.69999999999999900, 20.15000000000000200, -2.458750000000000200 ) ) ;
#520 = VECTOR ( 'NONE', #2511, 1000.000000000000000 ) ;
#521 = CARTESIAN_POINT ( 'NONE',  ( 16.69999999999999900, 19.60875000000000100, 3.000000000000000000 ) ) ;
#522 = CARTESIAN_POINT ( 'NONE',  ( 16.69999999999999900, -4.750393016996210500, -14.22792206135786100 ) ) ;
#523 = VECTOR ( 'NONE', #2561, 1000.000000000000000 ) ;
#524 = CARTESIAN_POINT ( 'NONE',  ( 17.38890432518820400, 19.89154173381550800, 3.217449384679409400 ) ) ;
#525 = CARTESIAN_POINT ( 'NONE',  ( 17.16919600786618700, 19.88599639057981200, 3.251132330029557100 ) ) ;
#526 = CIRCLE ( 'NONE', #1489, 35.00000000000000000 ) ;
#527 = CARTESIAN_POINT ( 'NONE',  ( -9.499999999999998200, 0.0000000000000000000, -20.15000000000000200 ) ) ;
#528 = CARTESIAN_POINT ( 'NONE',  ( 16.72440492180303600, 19.88125624617081400, 3.279994504204432700 ) ) ;
#529 = CARTESIAN_POINT ( 'NONE',  ( 4.774028237381000600, -26.73295937255985100, 14.95184059339227800 ) ) ;
#530 = EDGE_LOOP ( 'NONE', ( #2111, #2774, #124, #999 ) ) ;
#531 = CARTESIAN_POINT ( 'NONE',  ( 16.49750942730296900, 19.88213821734012000, 3.274707845550040500 ) ) ;
#532 = LINE ( 'NONE', #2454, #506 ) ;
#533 = EDGE_LOOP ( 'NONE', ( #2466, #2463, #2460, #2410 ) ) ;
#534 = CARTESIAN_POINT ( 'NONE',  ( 9.250000000000000000, -26.86751442127220100, 0.0000000000000000000 ) ) ;
#535 = CARTESIAN_POINT ( 'NONE',  ( 16.05458832741290500, 19.89024475648933400, 3.225103888880531200 ) ) ;
#536 = LINE ( 'NONE', #2566, #520 ) ;
#537 = CARTESIAN_POINT ( 'NONE',  ( 18.60030482825645500, 19.95917492697693200, -2.768460027618811800 ) ) ;
#538 = CIRCLE ( 'NONE', #1491, 36.64852985983730300 ) ;
#539 = CARTESIAN_POINT ( 'NONE',  ( 3.358757210636104800, 0.0000000000000000000, 20.15000000000000200 ) ) ;
#540 = VECTOR ( 'NONE', #2731, 1000.000000000000100 ) ;
#541 = CARTESIAN_POINT ( 'NONE',  ( 21.60000000000000100, 0.0000000000000000000, 20.15000000000000200 ) ) ;
#542 = LINE ( 'NONE', #2502, #523 ) ;
#543 = CARTESIAN_POINT ( 'NONE',  ( 15.83695955765042000, 19.89740220108828300, 3.181193848840437900 ) ) ;
#544 = PRODUCT_RELATED_PRODUCT_CATEGORY ( 'detail', '', ( #2099 ) ) ;
#545 = CARTESIAN_POINT ( 'NONE',  ( -15.29999999999999900, 0.0000000000000000000, 15.00000000000000000 ) ) ;
#546 = VECTOR ( 'NONE', #2735, 1000.000000000000000 ) ;
#547 = CARTESIAN_POINT ( 'NONE',  ( 9.250000000000000000, 0.0000000000000000000, 20.15000000000000200 ) ) ;
#548 = CARTESIAN_POINT ( 'NONE',  ( 15.40946502193589400, 19.91723858084907700, 3.054540222244619900 ) ) ;
#549 = CARTESIAN_POINT ( 'NONE',  ( 15.19887899504149700, 19.93003195705716000, 2.970961695282038600 ) ) ;
#550 = CARTESIAN_POINT ( 'NONE',  ( -4.525000000000000400, -6.953824426791880100, -25.95202606770080000 ) ) ;
#551 = CARTESIAN_POINT ( 'NONE',  ( -4.525000000000000400, 26.86751442127220100, 0.0000000000000000000 ) ) ;
#552 = CARTESIAN_POINT ( 'NONE',  ( 14.80292859974486300, 19.95893022515728200, 2.770178960185815300 ) ) ;
#553 = CARTESIAN_POINT ( 'NONE',  ( -11.50000000000000000, 0.0000000000000000000, -34.10000000000000100 ) ) ;
#554 = EDGE_LOOP ( 'NONE', ( #2241 ) ) ;
#555 = CARTESIAN_POINT ( 'NONE',  ( -3.358757210636100300, 0.0000000000000000000, -26.86751442127220100 ) ) ;
#556 = CIRCLE ( 'NONE', #1507, 40.00000000000000000 ) ;
#557 = CARTESIAN_POINT ( 'NONE',  ( -3.358757210636104800, 0.0000000000000000000, -20.15000000000000200 ) ) ;
#558 = CARTESIAN_POINT ( 'NONE',  ( 13.43139740178508900, 20.11062580979264800, -1.276247551473563200 ) ) ;
#559 = VECTOR ( 'NONE', #333, 1000.000000000000000 ) ;
#560 = CARTESIAN_POINT ( 'NONE',  ( -9.249999999999998200, 0.0000000000000000000, -20.15000000000000200 ) ) ;
#561 = LINE ( 'NONE', #2759, #540 ) ;
#562 = CARTESIAN_POINT ( 'NONE',  ( 4.640632540781190600, -15.59355404503515000, -26.38760318532170100 ) ) ;
#563 = CARTESIAN_POINT ( 'NONE',  ( 9.499999999999992900, 0.0000000000000000000, 28.65347335935900100 ) ) ;
#564 = CARTESIAN_POINT ( 'NONE',  ( -6.299999999999999800, 58.50000000000000000, -15.50000000000000000 ) ) ;
#565 = CARTESIAN_POINT ( 'NONE',  ( -15.29999999999999900, 0.0000000000000000000, 20.15000000000000200 ) ) ;
#566 = VECTOR ( 'NONE', #2756, 1000.000000000000000 ) ;
#567 = CC_DESIGN_SECURITY_CLASSIFICATION ( #727, ( #811 ) ) ;
#568 = CARTESIAN_POINT ( 'NONE',  ( 18.19993035696402500, 19.92993639098603600, -2.971644349756238600 ) ) ;
#569 = LINE ( 'NONE', #2743, #546 ) ;
#570 = VECTOR ( 'NONE', #2780, 1000.000000000000100 ) ;
#571 = CARTESIAN_POINT ( 'NONE',  ( 13.80460075060031100, 20.06149631829647700, 1.893895326030602400 ) ) ;
#572 = LINE ( 'NONE', #2762, #559 ) ;
#573 = DIRECTION ( 'NONE',  ( 0.0000000000000000000, 0.0000000000000000000, 1.000000000000000000 ) ) ;
#574 = CARTESIAN_POINT ( 'NONE',  ( 13.67542746331360300, 20.07793437942350000, 1.713851975286040600 ) ) ;
#575 = CARTESIAN_POINT ( 'NONE',  ( 17.99337488923145800, 19.91740746015517200, -3.053436846189115700 ) ) ;
#576 = LINE ( 'NONE', #2764, #566 ) ;
#577 = DIRECTION ( 'NONE',  ( -0.0000000000000000000, -1.000000000000000000, -0.0000000000000000000 ) ) ;
#578 = CARTESIAN_POINT ( 'NONE',  ( 16.69999999999999900, 15.54125000000000000, 0.0000000000000000000 ) ) ;
#579 = CARTESIAN_POINT ( 'NONE',  ( 13.45375793746590900, 20.10741379135602000, 1.323876187871634100 ) ) ;
#580 = CYLINDRICAL_SURFACE ( 'NONE', #1498, 20.15000000000000200 ) ;
#581 = CARTESIAN_POINT ( 'NONE',  ( 21.60000000000000100, 0.0000000000000000000, 15.00000000000000000 ) ) ;
#582 = CARTESIAN_POINT ( 'NONE',  ( 13.36409687189866000, 20.12006905660656000, 1.118133808166321500 ) ) ;
#583 = LINE ( 'NONE', #2785, #570 ) ;
#584 = CARTESIAN_POINT ( 'NONE',  ( 14.96794919243111900, 18.86250000000000100, -5.551115123125779700E-016 ) ) ;
#585 = CARTESIAN_POINT ( 'NONE',  ( 13.23156684376937300, 20.13913378414551800, 0.6947607356997586000 ) ) ;
#586 = CARTESIAN_POINT ( 'NONE',  ( 13.18767305397461500, 20.14568663917025000, 0.4730667992133222900 ) ) ;
#587 = VECTOR ( 'NONE', #2792, 1000.000000000000100 ) ;
#588 = CIRCLE ( 'NONE', #1502, 15.50000000000000000 ) ;
#589 = CARTESIAN_POINT ( 'NONE',  ( 13.15052734187962400, 20.15122348908911900, 0.02596638103428874200 ) ) ;
#590 = CARTESIAN_POINT ( 'NONE',  ( 13.20636367041404000, -10.53373386160500000, -17.17739651207010400 ) ) ;
#591 = FACE_OUTER_BOUND ( 'NONE', #2592, .T. ) ;
#592 = CARTESIAN_POINT ( 'NONE',  ( 13.15689421441263600, 20.15025814274596200, -0.1964527842419751300 ) ) ;
#593 = VECTOR ( 'NONE', #129, 1000.000000000000000 ) ;
#594 = CARTESIAN_POINT ( 'NONE',  ( 17.56826083227784000, 19.89760802858198100, -3.179904282902200800 ) ) ;
#595 = FACE_OUTER_BOUND ( 'NONE', #2266, .T. ) ;
#596 = CARTESIAN_POINT ( 'NONE',  ( 16.69999999999999900, 14.69693845669906000, 3.000000000000000000 ) ) ;
#597 = CARTESIAN_POINT ( 'NONE',  ( 13.21878393292857000, 20.14107981090407400, -0.6390625685553030800 ) ) ;
#598 = CARTESIAN_POINT ( 'NONE',  ( 0.0000000000000000000, 0.0000000000000000000, 0.0000000000000000000 ) ) ;
#599 = VECTOR ( 'NONE', #344, 1000.000000000000000 ) ;
#600 = DIRECTION ( 'NONE',  ( 0.0000000000000000000, 0.0000000000000000000, -1.000000000000000000 ) ) ;
#601 = CARTESIAN_POINT ( 'NONE',  ( 14.09669696711919000, 20.02729386122788600, 2.226650989941487700 ) ) ;
#602 = LINE ( 'NONE', #340, #593 ) ;
#603 = CARTESIAN_POINT ( 'NONE',  ( 13.27515343542930600, 20.13275036209545400, -0.8593259752188419100 ) ) ;
#604 = VERTEX_POINT ( 'NONE', #995 ) ;
#605 = PLANE ( 'NONE',  #1008 ) ;
#606 = ADVANCED_FACE ( 'E842', ( #1131, #1189 ), #1117, .F. ) ;
#607 = CIRCLE ( 'NONE', #1514, 40.00000000000000000 ) ;
#608 = CC_DESIGN_APPROVAL ( #622, ( #727 ) ) ;
#609 = CIRCLE ( 'NONE', #1521, 29.58612152896440200 ) ;
#610 = CARTESIAN_POINT ( 'NONE',  ( 17.34812790650273600, 19.89030729224023700, -3.224720049027785000 ) ) ;
#611 = CARTESIAN_POINT ( 'NONE',  ( 13.00000000000000000, 64.99145299145298800, 14.07519229210583900 ) ) ;
#612 = LINE ( 'NONE', #285, #599 ) ;
#613 = CARTESIAN_POINT ( 'NONE',  ( 13.53236245039042600, 20.09668063849579800, -1.477114402464240400 ) ) ;
#614 = CARTESIAN_POINT ( 'NONE',  ( -9.500000000000000000, 0.0000000000000000000, 0.0000000000000000000 ) ) ;
#615 = VECTOR ( 'NONE', #357, 1000.000000000000000 ) ;
#616 = DIRECTION ( 'NONE',  ( 0.0000000000000000000, 0.0000000000000000000, 1.000000000000000000 ) ) ;
#617 = CARTESIAN_POINT ( 'NONE',  ( 13.77473580431050900, 20.06533132829842700, -1.854971247557397800 ) ) ;
#618 = CARTESIAN_POINT ( 'NONE',  ( 13.91445353887239600, 20.04814951323412200, -2.029869357587769800 ) ) ;
#619 = DIRECTION ( 'NONE',  ( -1.000000000000000000, 0.0000000000000000000, 0.0000000000000000000 ) ) ;
#620 = CARTESIAN_POINT ( 'NONE',  ( 14.07136180056744300, 20.03056259304199900, -2.190676277932690500 ) ) ;
#621 = CIRCLE ( 'NONE', #1528, 15.50000000000000000 ) ;
#622 = APPROVAL ( #301, 'UNSPECIFIED' ) ;
#623 = LINE ( 'NONE', #407, #615 ) ;
#624 = CARTESIAN_POINT ( 'NONE',  ( 14.96794919243111900, 18.86250000000000100, -3.181620636138040000E-016 ) ) ;
#625 = CARTESIAN_POINT ( 'NONE',  ( 14.96794919243111900, -10.07500000000000100, -17.45041188625645000 ) ) ;
#626 = LINE ( 'NONE', #907, #627 ) ;
#627 = VECTOR ( 'NONE', #441, 1000.000000000000100 ) ;
#628 = EDGE_CURVE ( 'E1108', #1372, #1836, #1134, .T. ) ;
#629 = LINE ( 'NONE', #2800, #587 ) ;
#630 = CARTESIAN_POINT ( 'NONE',  ( -9.500000000000000000, 0.0000000000000000000, -124.0000000000000000 ) ) ;
#631 = ADVANCED_FACE ( 'E454', ( #1137, #1121, #1115, #1112 ), #1004, .F. ) ;
#632 = CIRCLE ( 'NONE', #1535, 8.000000000000000000 ) ;
#633 = CARTESIAN_POINT ( 'NONE',  ( 17.56602540378445100, 20.15000000000000200, -1.500000000000000000 ) ) ;
#634 = DIRECTION ( 'NONE',  ( 1.000000000000000000, 0.0000000000000000000, 0.0000000000000000000 ) ) ;
#635 = CIRCLE ( 'NONE', #1547, 36.00000000000000000 ) ;
#636 = DIRECTION ( 'NONE',  ( 0.4999999999999998900, 0.0000000000000000000, 0.8660254037844387100 ) ) ;
#637 = DIRECTION ( 'NONE',  ( -1.000000000000000000, 0.0000000000000000000, 0.0000000000000000000 ) ) ;
#638 = VECTOR ( 'NONE', #1926, 1000.000000000000000 ) ;
#639 = DIRECTION ( 'NONE',  ( 0.0000000000000000000, 0.0000000000000000000, -1.000000000000000000 ) ) ;
#640 = VERTEX_POINT ( 'NONE', #1016 ) ;
#641 = CARTESIAN_POINT ( 'NONE',  ( 11.89123306880424000, 0.0000000000000000000, 0.0000000000000000000 ) ) ;
#642 = CIRCLE ( 'NONE', #1549, 40.00000000000000000 ) ;
#643 = DIRECTION ( 'NONE',  ( 1.000000000000000000, 0.0000000000000000000, 0.0000000000000000000 ) ) ;
#644 = VECTOR ( 'NONE', #1837, 1000.000000000000100 ) ;
#645 = CC_DESIGN_DATE_AND_TIME_ASSIGNMENT ( #2630, #302, ( #727 ) ) ;
#646 = CIRCLE ( 'NONE', #1534, 8.000000000000000000 ) ;
#647 = VECTOR ( 'NONE', #2051, 1000.000000000000000 ) ;
#648 = PLANE ( 'NONE',  #1060 ) ;
#649 = PLANE ( 'NONE',  #1066 ) ;
#650 = EDGE_CURVE ( 'E1101', #1836, #2567, #1105, .T. ) ;
#651 = CARTESIAN_POINT ( 'NONE',  ( -18.00000000000000000, -64.99145299145298800, -14.07519229210586100 ) ) ;
#652 = CARTESIAN_POINT ( 'NONE',  ( 15.83397459621554900, -11.37403810567664100, -16.70041188625644700 ) ) ;
#653 = EDGE_LOOP ( 'NONE', ( #2475 ) ) ;
#654 = LINE ( 'NONE', #1856, #644 ) ;
#655 = PLANE ( 'NONE',  #2145 ) ;
#656 = VECTOR ( 'NONE', #1966, 1000.000000000000000 ) ;
#657 = DIRECTION ( 'NONE',  ( 1.000000000000000000, 0.0000000000000000000, 0.0000000000000000000 ) ) ;
#658 = CARTESIAN_POINT ( 'NONE',  ( -6.299999999999999800, 64.99145299145298800, -14.07519229210586100 ) ) ;
#659 = CARTESIAN_POINT ( 'NONE',  ( -6.300000000000000700, 36.72070756893223400, 15.50000000000000200 ) ) ;
#660 = LINE ( 'NONE', #910, #638 ) ;
#661 = CARTESIAN_POINT ( 'NONE',  ( 9.500000000000000000, 0.0000000000000000000, -124.0000000000000000 ) ) ;
#662 = VECTOR ( 'NONE', #1964, 1000.000000000000000 ) ;
#663 = LINE ( 'NONE', #2032, #647 ) ;
#664 = LINE ( 'NONE', #1808, #662 ) ;
#665 = DIRECTION ( 'NONE',  ( 0.0000000000000000000, 0.0000000000000000000, 1.000000000000000000 ) ) ;
#666 = VECTOR ( 'NONE', #2621, 1000.000000000000100 ) ;
#667 = DIRECTION ( 'NONE',  ( 1.224606353822375800E-016, 0.0000000000000000000, -1.000000000000000000 ) ) ;
#668 = LINE ( 'NONE', #2133, #656 ) ;
#669 = DIRECTION ( 'NONE',  ( 1.000000000000000000, 0.0000000000000000000, 1.224606353822375800E-016 ) ) ;
#670 = VECTOR ( 'NONE', #1697, 1000.000000000000100 ) ;
#671 = CIRCLE ( 'NONE', #1555, 15.50000000000000700 ) ;
#672 = DIRECTION ( 'NONE',  ( 0.0000000000000000000, 0.0000000000000000000, -1.000000000000000000 ) ) ;
#673 = LINE ( 'NONE', #1680, #670 ) ;
#674 = LINE ( 'NONE', #1783, #666 ) ;
#675 = CARTESIAN_POINT ( 'NONE',  ( -18.00000000000000000, 64.99145299145298800, 14.07519229210583900 ) ) ;
#676 = CIRCLE ( 'NONE', #1557, 40.00000000000000000 ) ;
#677 = DIRECTION ( 'NONE',  ( 0.0000000000000000000, -1.000000000000000000, 0.0000000000000000000 ) ) ;
#678 = DIRECTION ( 'NONE',  ( -1.000000000000000000, 0.0000000000000000000, -6.123031769111888800E-017 ) ) ;
#679 = CARTESIAN_POINT ( 'NONE',  ( -6.171100192124504800, 36.27456725890623100, 15.49999999999999800 ) ) ;
#680 = CONICAL_SURFACE ( 'NONE', #1597, 3.000000000000000000, 0.7853981633974490600 ) ;
#681 = CIRCLE ( 'NONE', #1585, 40.00000000000000000 ) ;
#682 = CARTESIAN_POINT ( 'NONE',  ( -6.299999999999999800, -58.50000000000000000, 15.50000000000000000 ) ) ;
#683 = CARTESIAN_POINT ( 'NONE',  ( 16.69999999999999900, 15.00000000000000000, 0.0000000000000000000 ) ) ;
#684 = VECTOR ( 'NONE', #2660, 1000.000000000000000 ) ;
#685 = CIRCLE ( 'NONE', #1578, 40.00000000000000000 ) ;
#686 = CIRCLE ( 'NONE', #1588, 15.50000000000000000 ) ;
#687 = PLANE ( 'NONE',  #1082 ) ;
#688 = EDGE_LOOP ( 'NONE', ( #2356, #1721, #1949, #1446 ) ) ;
#689 = B_SPLINE_CURVE_WITH_KNOTS ( 'NONE', 3,
 ( #1141, #1126, #1144, #1149, #1150, #1153, #1154, #1158, #1160, #1164, #1165, #1171, #1178, #1183, #1188, #1190, #1198, #1202, #1204, #1208, #1211, #1215, #1216, #1220, #1223, #1229, #1232, #1236, #1237, #1242, #1244, #1247, #1249, #1254, #1255, #1259, #1263, #1266, #1267, #1269, #1273, #1278, #1281, #1286, #1290, #1291, #1294, #1302, #1309, #1313, #1315, #1317, #1320, #1323, #1326, #1327, #1330, #1331, #1334, #1335, #1339, #1344, #1349, #1351, #1359, #1360 ),
 .UNSPECIFIED., .T., .F.,
 ( 4, 2, 2, 2, 2, 2, 2, 2, 2, 2, 2, 2, 2, 2, 2, 2, 2, 2, 2, 2, 2, 2, 2, 2, 2, 2, 2, 2, 2, 2, 2, 2, 4 ),
 ( 0.0000000000000000000, 0.0006669599409528641900, 0.001333919881905728400, 0.002000879822858592600, 0.002667839763811456800, 0.003334799704764320500, 0.004001759645717185100, 0.004668719586670048500, 0.005335679527622911800, 0.006002639468575776000, 0.006669599409528640200, 0.007336559350481505200, 0.008003519291434368600, 0.008670479232387232800, 0.009337439173340096900, 0.01000439911429296100, 0.01067135905524582400, 0.01133831899619869100, 0.01200527893715155400, 0.01267223887810442000, 0.01333919881905728200, 0.01400615876001014600, 0.01467311870096301200, 0.01534007864191587500, 0.01600703858286874100, 0.01667399852382160300, 0.01734095846477446200, 0.01800791840572732400, 0.01867487834668018000, 0.01934183828763303600, 0.02000879822858589500, 0.02067575816953875000, 0.02134271811049160600 ),
 .UNSPECIFIED. ) ;
#690 = PLANE ( 'NONE',  #2136 ) ;
#691 = LINE ( 'NONE', #2688, #684 ) ;
#692 = FACE_OUTER_BOUND ( 'NONE', #183, .T. ) ;
#693 = CIRCLE ( 'NONE', #1569, 40.00000000000000000 ) ;
#694 = CARTESIAN_POINT ( 'NONE',  ( -18.00000000000000000, -58.50000000000000000, 0.0000000000000000000 ) ) ;
#695 = CIRCLE ( 'NONE', #1607, 40.00000000000000000 ) ;
#696 = CARTESIAN_POINT ( 'NONE',  ( -15.90000000000000000, 15.60000000000000000, 0.0000000000000000000 ) ) ;
#697 = VECTOR ( 'NONE', #1436, 1000.000000000000100 ) ;
#698 = DIRECTION ( 'NONE',  ( -1.000000000000000000, 0.0000000000000000000, 0.0000000000000000000 ) ) ;
#699 = DIRECTION ( 'NONE',  ( 1.000000000000000000, 0.0000000000000000000, 6.123031769111888800E-017 ) ) ;
#700 = LINE ( 'NONE', #1791, #697 ) ;
#701 = CARTESIAN_POINT ( 'NONE',  ( 0.0000000000000000000, 0.0000000000000000000, 0.0000000000000000000 ) ) ;
#702 = CC_DESIGN_PERSON_AND_ORGANIZATION_ASSIGNMENT ( #2820, #304, ( #727 ) ) ;
#703 = CARTESIAN_POINT ( 'NONE',  ( 15.83397459621554900, 20.15000000000000200, 1.500000000000000000 ) ) ;
#704 = CARTESIAN_POINT ( 'NONE',  ( -9.250000000000000000, 0.0000000000000000000, -1.132760877285699900E-015 ) ) ;
#705 = DIRECTION ( 'NONE',  ( 0.0000000000000000000, 1.000000000000000000, 0.0000000000000000000 ) ) ;
#706 = FACE_OUTER_BOUND ( 'NONE', #1140, .T. ) ;
#707 = DIRECTION ( 'NONE',  ( 0.0000000000000000000, 0.0000000000000000000, 1.000000000000000000 ) ) ;
#708 = CIRCLE ( 'NONE', #1617, 29.58612152896440200 ) ;
#709 = DIRECTION ( 'NONE',  ( 9.637352644315595200E-017, 0.0000000000000000000, -1.000000000000000000 ) ) ;
#710 = CARTESIAN_POINT ( 'NONE',  ( -5.191233068804240100, -35.60398048053414800, 15.50000000000000000 ) ) ;
#711 = CYLINDRICAL_SURFACE ( 'NONE', #1631, 15.00000000000000000 ) ;
#712 = CARTESIAN_POINT ( 'NONE',  ( 13.00000000000000000, 16.75213675213674900, 36.32307688285379800 ) ) ;
#713 = CIRCLE ( 'NONE', #1637, 29.50847335935900200 ) ;
#714 = CIRCLE ( 'NONE', #1599, 15.50000000000000000 ) ;
#715 = DIRECTION ( 'NONE',  ( 1.000000000000000000, 0.0000000000000000000, 0.0000000000000000000 ) ) ;
#716 = DIRECTION ( 'NONE',  ( 0.0000000000000000000, 0.0000000000000000000, -1.000000000000000000 ) ) ;
#717 = CIRCLE ( 'NONE', #1639, 29.50847335935900200 ) ;
#718 = CARTESIAN_POINT ( 'NONE',  ( 17.56602540378445100, 20.15000000000000200, -1.500000000000000000 ) ) ;
#719 = CARTESIAN_POINT ( 'NONE',  ( -18.00000000000000000, 58.50000000000000000, 0.0000000000000000000 ) ) ;
#720 = FACE_BOUND ( 'NONE', #743, .T. ) ;
#721 = DIRECTION ( 'NONE',  ( 0.0000000000000000000, 0.0000000000000000000, 1.000000000000000000 ) ) ;
#722 = EDGE_LOOP ( 'NONE', ( #2221 ) ) ;
#723 = CARTESIAN_POINT ( 'NONE',  ( -6.299999999999999800, 36.87478813498459800, 15.50000000000000000 ) ) ;
#724 = DIRECTION ( 'NONE',  ( 1.000000000000000000, 0.0000000000000000000, 6.123031769111888800E-017 ) ) ;
#725 = FACE_BOUND ( 'NONE', #2718, .T. ) ;
#726 = DIRECTION ( 'NONE',  ( -3.204937810639275000E-016, 0.0000000000000000000, 1.000000000000000000 ) ) ;
#727 = SECURITY_CLASSIFICATION ( '', '', #306 ) ;
#728 = FACE_OUTER_BOUND ( 'NONE', #2719, .T. ) ;
#729 = CARTESIAN_POINT ( 'NONE',  ( 11.83000000000000000, 0.0000000000000000000, 0.0000000000000000000 ) ) ;
#730 = DIRECTION ( 'NONE',  ( 1.000000000000000000, 0.0000000000000000000, 3.204937810639275000E-016 ) ) ;
#731 = CIRCLE ( 'NONE', #1649, 38.82024444028549900 ) ;
#732 = CC_DESIGN_PERSON_AND_ORGANIZATION_ASSIGNMENT ( #1579, #307, ( #811 ) ) ;
#733 = CARTESIAN_POINT ( 'NONE',  ( -6.273558971562898100, 36.56473296116992300, 15.50000000000000200 ) ) ;
#734 = DIRECTION ( 'NONE',  ( 1.000000000000000000, 5.551115123125780700E-016, -3.204937810639275000E-016 ) ) ;
#735 = DIRECTION ( 'NONE',  ( 0.0000000000000000000, 0.0000000000000000000, 1.000000000000000000 ) ) ;
#736 = EDGE_LOOP ( 'NONE', ( #2402, #2389, #2385, #2379, #2378 ) ) ;
#737 = CARTESIAN_POINT ( 'NONE',  ( 15.83397459621554900, -8.132211894323338800, -17.08540417888400100 ) ) ;
#738 = B_SPLINE_CURVE_WITH_KNOTS ( 'NONE', 3,
 ( #1018, #1119, #1275, #1823 ),
 .UNSPECIFIED., .F., .F.,
 ( 4, 4 ),
 ( 0.07272678579502264700, 0.07291841972420277900 ),
 .UNSPECIFIED. ) ;
#739 = CARTESIAN_POINT ( 'NONE',  ( 16.69999999999999900, 19.60875000000000100, 0.0000000000000000000 ) ) ;
#740 = CIRCLE ( 'NONE', #1658, 38.83160344433714800 ) ;
#741 = CARTESIAN_POINT ( 'NONE',  ( 18.43205080756889900, 20.15000000000000200, 1.060540212046012100E-016 ) ) ;
#742 = CARTESIAN_POINT ( 'NONE',  ( -18.00000000000000000, 0.0000000000000000000, 0.0000000000000000000 ) ) ;
#743 = EDGE_LOOP ( 'NONE', ( #1953 ) ) ;
#744 = DIRECTION ( 'NONE',  ( -1.000000000000000000, 0.0000000000000000000, -6.123031769111888800E-017 ) ) ;
#745 = FACE_BOUND ( 'NONE', #2729, .T. ) ;
#746 = DIRECTION ( 'NONE',  ( -0.4999999999999998900, 0.0000000000000000000, -0.8660254037844387100 ) ) ;
#747 = DIRECTION ( 'NONE',  ( -6.123031769111888800E-017, 1.000000000000000000, 0.0000000000000000000 ) ) ;
#748 = VECTOR ( 'NONE', #955, 1000.000000000000000 ) ;
#749 = DIRECTION ( 'NONE',  ( -1.000000000000000000, 0.0000000000000000000, 0.0000000000000000000 ) ) ;
#750 = CARTESIAN_POINT ( 'NONE',  ( 0.0000000000000000000, 0.0000000000000000000, 0.0000000000000000000 ) ) ;
#751 = CARTESIAN_POINT ( 'NONE',  ( -5.191233068804240100, 35.60398048053414800, 15.50000000000000000 ) ) ;
#752 = CIRCLE ( 'NONE', #1660, 38.82024444028549900 ) ;
#753 = CARTESIAN_POINT ( 'NONE',  ( -5.000000000000000000, 0.0000000000000000000, 0.0000000000000000000 ) ) ;
#754 = DIRECTION ( 'NONE',  ( 0.0000000000000000000, 1.000000000000000000, 0.0000000000000000000 ) ) ;
#755 = FACE_OUTER_BOUND ( 'NONE', #2742, .T. ) ;
#756 = PLANE ( 'NONE',  #2129 ) ;
#757 = CIRCLE ( 'NONE', #1667, 38.83160344433714800 ) ;
#758 = VECTOR ( 'NONE', #798, 1000.000000000000000 ) ;
#759 = CC_DESIGN_PERSON_AND_ORGANIZATION_ASSIGNMENT ( #2752, #311, ( #811 ) ) ;
#760 = DIRECTION ( 'NONE',  ( 0.0000000000000000000, 0.0000000000000000000, -1.000000000000000000 ) ) ;
#761 = CARTESIAN_POINT ( 'NONE',  ( -15.90000000000000000, 0.0000000000000000000, 0.0000000000000000000 ) ) ;
#762 = CARTESIAN_POINT ( 'NONE',  ( -6.299999999999999800, 36.87478813498459800, -15.50000000000000000 ) ) ;
#763 = LINE ( 'NONE', #948, #748 ) ;
#764 = DIRECTION ( 'NONE',  ( 1.000000000000000000, 0.0000000000000000000, 0.0000000000000000000 ) ) ;
#765 = DIRECTION ( 'NONE',  ( 0.0000000000000000000, 0.0000000000000000000, 1.000000000000000000 ) ) ;
#766 = DIRECTION ( 'NONE',  ( 1.000000000000000000, 0.0000000000000000000, 0.0000000000000000000 ) ) ;
#767 = CC_DESIGN_APPROVAL ( #783, ( #811 ) ) ;
#768 = CIRCLE ( 'NONE', #1676, 15.50000000000000000 ) ;
#769 = DIRECTION ( 'NONE',  ( -1.000000000000000000, 0.0000000000000000000, 0.0000000000000000000 ) ) ;
#770 = DIRECTION ( 'NONE',  ( 6.409875621278550000E-016, 0.0000000000000000000, -1.000000000000000000 ) ) ;
#771 = DIRECTION ( 'NONE',  ( -1.000000000000000000, 0.0000000000000000000, -6.409875621278550000E-016 ) ) ;
#772 = EDGE_LOOP ( 'NONE', ( #2373, #2371, #2366, #2365, #2362 ) ) ;
#773 = CARTESIAN_POINT ( 'NONE',  ( -15.90000000000000000, 0.0000000000000000000, 0.0000000000000000000 ) ) ;
#774 = LINE ( 'NONE', #712, #814 ) ;
#775 = DIRECTION ( 'NONE',  ( 0.0000000000000000000, 0.0000000000000000000, 1.000000000000000000 ) ) ;
#776 = DIRECTION ( 'NONE',  ( -1.000000000000000000, 0.0000000000000000000, 0.0000000000000000000 ) ) ;
#777 = DIRECTION ( 'NONE',  ( -1.000000000000000000, 0.0000000000000000000, 0.0000000000000000000 ) ) ;
#778 = CONICAL_SURFACE ( 'NONE', #1686, 37.81692641550014900, 0.05932903417155947100 ) ;
#779 = DIRECTION ( 'NONE',  ( 0.0000000000000000000, 1.000000000000000000, 0.0000000000000000000 ) ) ;
#780 = CARTESIAN_POINT ( 'NONE',  ( 11.89123306880424000, 0.0000000000000000000, 0.0000000000000000000 ) ) ;
#781 = CIRCLE ( 'NONE', #1677, 15.50000000000000000 ) ;
#782 = ADVANCED_FACE ( 'E676', ( #1106 ), #1037, .T. ) ;
#783 = APPROVAL ( #318, 'UNSPECIFIED' ) ;
#784 = LINE ( 'NONE', #611, #791 ) ;
#785 = DIRECTION ( 'NONE',  ( -1.000000000000000000, 0.0000000000000000000, 0.0000000000000000000 ) ) ;
#786 = PLANE ( 'NONE',  #1110 ) ;
#787 = ORIENTED_EDGE ( 'NONE', *, *, #2307, .F. ) ;
#788 = B_SPLINE_CURVE_WITH_KNOTS ( 'NONE', 3,
 ( #2590, #2488, #2609, #2611, #2618, #2619, #2625, #2627, #2631, #2636, #2638, #2645, #2650, #2653, #2662, #2665, #2667, #2668 ),
 .UNSPECIFIED., .T., .F.,
 ( 4, 2, 2, 2, 2, 2, 2, 2, 4 ),
 ( 0.0000000000000000000, 0.0003737331125821047300, 0.0007474662251642094500, 0.001121199337746314200, 0.001494932450328418900, 0.001868665562910523600, 0.002242398675492628500, 0.002616131788074732900, 0.002989864900656837800 ),
 .UNSPECIFIED. ) ;
#789 = DIRECTION ( 'NONE',  ( 0.0000000000000000000, 0.0000000000000000000, 1.000000000000000000 ) ) ;
#790 = EDGE_LOOP ( 'NONE', ( #1839, #1835, #1829, #1825, #1819, #1816 ) ) ;
#791 = VECTOR ( 'NONE', #678, 1000.000000000000000 ) ;
#792 = CARTESIAN_POINT ( 'NONE',  ( 21.60000000000000100, 0.0000000000000000000, 0.0000000000000000000 ) ) ;
#793 = ADVANCED_FACE ( 'E1377', ( #1094, #1100, #1089, #1109 ), #1065, .F. ) ;
#794 = CIRCLE ( 'NONE', #1682, 37.81692641550014900 ) ;
#795 = FACE_BOUND ( 'NONE', #1468, .T. ) ;
#796 = CARTESIAN_POINT ( 'NONE',  ( 9.250000000000000000, 0.0000000000000000000, 0.0000000000000000000 ) ) ;
#797 = DIRECTION ( 'NONE',  ( 0.0000000000000000000, 0.0000000000000000000, 1.000000000000000000 ) ) ;
#798 = DIRECTION ( 'NONE',  ( -1.000000000000000000, 0.0000000000000000000, -6.123031769111888800E-017 ) ) ;
#799 = CONICAL_SURFACE ( 'NONE', #1693, 3.000000000000000400, 0.7853981633974490600 ) ;
#800 = DIRECTION ( 'NONE',  ( 0.0000000000000000000, 0.0000000000000000000, 1.000000000000000000 ) ) ;
#801 = FACE_BOUND ( 'NONE', #1336, .T. ) ;
#802 = CARTESIAN_POINT ( 'NONE',  ( -5.424420860524215000, 26.86652135666766500, -0.2474210905952187200 ) ) ;
#803 = DIRECTION ( 'NONE',  ( 0.0000000000000000000, -0.4999999999999998900, -0.8660254037844387100 ) ) ;
#804 = DIRECTION ( 'NONE',  ( 0.0000000000000000000, 0.0000000000000000000, 1.000000000000000000 ) ) ;
#805 = LINE ( 'NONE', #624, #808 ) ;
#806 = ADVANCED_FACE ( 'E790', ( #1083 ), #1063, .T. ) ;
#807 = CARTESIAN_POINT ( 'NONE',  ( 5.000000000000000000, 0.0000000000000000000, 0.0000000000000000000 ) ) ;
#808 = VECTOR ( 'NONE', #636, 1000.000000000000000 ) ;
#809 = CARTESIAN_POINT ( 'NONE',  ( 21.60000000000000100, 0.0000000000000000000, 0.0000000000000000000 ) ) ;
#810 = DIRECTION ( 'NONE',  ( -1.000000000000000000, 0.0000000000000000000, 0.0000000000000000000 ) ) ;
#811 = PRODUCT_DEFINITION_FORMATION_WITH_SPECIFIED_SOURCE ( 'ANY', '', #2099, .NOT_KNOWN. ) ;
#812 = CARTESIAN_POINT ( 'NONE',  ( 5.382430920001501000, 28.90404135280392600, 24.98144877806935300 ) ) ;
#813 = CARTESIAN_POINT ( 'NONE',  ( 22.19999999999999900, 19.55000000000000100, 0.0000000000000000000 ) ) ;
#814 = VECTOR ( 'NONE', #744, 1000.000000000000000 ) ;
#815 = DIRECTION ( 'NONE',  ( 1.000000000000000000, 0.0000000000000000000, 0.0000000000000000000 ) ) ;
#816 = FACE_BOUND ( 'NONE', #1565, .T. ) ;
#817 = PLANE ( 'NONE',  #2106 ) ;
#818 = CARTESIAN_POINT ( 'NONE',  ( -5.246987325954419700, 26.86430418753880300, -0.4246734318712799800 ) ) ;
#819 = LINE ( 'NONE', #842, #758 ) ;
#820 = DIRECTION ( 'NONE',  ( 0.0000000000000000000, 0.8660254037844384900, -0.5000000000000002200 ) ) ;
#821 = DIRECTION ( 'NONE',  ( -6.123031769111887500E-017, -0.4999999999999998900, -0.8660254037844387100 ) ) ;
#822 = DIRECTION ( 'NONE',  ( 0.0000000000000000000, 0.0000000000000000000, -1.000000000000000000 ) ) ;
#823 = DIRECTION ( 'NONE',  ( 1.000000000000000000, 0.0000000000000000000, 0.0000000000000000000 ) ) ;
#824 = FACE_OUTER_BOUND ( 'NONE', #2071, .T. ) ;
#825 = EDGE_LOOP ( 'NONE', ( #2201 ) ) ;
#826 = DIRECTION ( 'NONE',  ( 1.000000000000000000, 0.0000000000000000000, 0.0000000000000000000 ) ) ;
#827 = CARTESIAN_POINT ( 'NONE',  ( -5.474956086008325500, 26.86751364490173400, -0.1241628408727571700 ) ) ;
#828 = EDGE_LOOP ( 'NONE', ( #2755 ) ) ;
#829 = CARTESIAN_POINT ( 'NONE',  ( 16.69999999999999900, -9.804375000000000300, -16.98167563645810300 ) ) ;
#830 = CARTESIAN_POINT ( 'NONE',  ( 15.83397459621554900, -8.775961894323339500, -18.20041188625645000 ) ) ;
#831 = CYLINDRICAL_SURFACE ( 'NONE', #1706, 8.000000000000000000 ) ;
#832 = CC_DESIGN_DATE_AND_TIME_ASSIGNMENT ( #2813, #321, ( #922 ) ) ;
#833 = CIRCLE ( 'NONE', #1724, 19.55000000000000100 ) ;
#834 = DIRECTION ( 'NONE',  ( 0.0000000000000000000, 0.0000000000000000000, -1.000000000000000000 ) ) ;
#835 = CARTESIAN_POINT ( 'NONE',  ( -5.000000000000000000, 0.0000000000000000000, -15.50000000000000000 ) ) ;
#836 = DIRECTION ( 'NONE',  ( -2.564346638346005600E-017, -0.9080769220713452700, 0.4188034188034190900 ) ) ;
#837 = CIRCLE ( 'NONE', #1718, 19.55000000000000100 ) ;
#838 = CARTESIAN_POINT ( 'NONE',  ( 16.69999999999999900, -7.500000000000000000, -12.99038105676658000 ) ) ;
#839 = PLANE ( 'NONE',  #2100 ) ;
#840 = CYLINDRICAL_SURFACE ( 'NONE', #1712, 35.00000000000000000 ) ;
#841 = DIRECTION ( 'NONE',  ( -5.560183842640193100E-017, 0.4188034188034190900, 0.9080769220713452700 ) ) ;
#842 = CARTESIAN_POINT ( 'NONE',  ( 13.00000000000000000, -64.99145299145298800, -14.07519229210586100 ) ) ;
#843 = CARTESIAN_POINT ( 'NONE',  ( 14.96794919243111900, 20.15000000000000200, -3.181620636138040000E-016 ) ) ;
#844 = CIRCLE ( 'NONE', #1698, 15.60000000000000000 ) ;
#845 = DIRECTION ( 'NONE',  ( 0.0000000000000000000, 0.0000000000000000000, -1.000000000000000000 ) ) ;
#846 = B_SPLINE_CURVE_WITH_KNOTS ( 'NONE', 3,
 ( #393, #383, #396, #401, #418, #419, #410, #425, #429, #413, #438, #610, #594, #575, #568, #537, #443, #423, #449, #450, #454, #455, #434, #466, #473, #477, #479, #458, #489, #493, #497, #500, #504, #505, #510, #514, #518, #524, #525, #528, #531, #535, #543, #548, #549, #552, #470, #482, #601, #571, #574, #579, #582, #585, #586, #589, #592, #597, #603, #558, #613, #617, #618, #620 ),
 .UNSPECIFIED., .T., .F.,
 ( 4, 2, 2, 2, 2, 2, 2, 2, 2, 2, 2, 2, 2, 2, 2, 2, 2, 2, 2, 2, 2, 2, 2, 2, 2, 2, 2, 2, 2, 2, 2, 4 ),
 ( 0.0000000000000000000, 0.0006689342035043653100, 0.001337868407008730600, 0.002006802610513096000, 0.002675736814017466000, 0.003344671017521836000, 0.004013605221026206800, 0.004682539424530576800, 0.005351473628034946800, 0.006020407831539316800, 0.006689342035043686700, 0.007358276238548056700, 0.008027210442052427500, 0.008696144645556798400, 0.009365078849061167500, 0.01003401305256553700, 0.01070294725606990700, 0.01204081566307864000, 0.01270974986658300100, 0.01337868407008736100, 0.01404761827359172200, 0.01471655247709608200, 0.01538548668060044300, 0.01605442088410480700, 0.01672335508760916500, 0.01739228929111352700, 0.01806122349461788600, 0.01873015769812224800, 0.01939909190162660700, 0.02006802610513096900, 0.02073696030863532800, 0.02140589451213968700 ),
 .UNSPECIFIED. ) ;
#847 = EDGE_LOOP ( 'NONE', ( #119, #2838, #2030, #1924 ) ) ;
#848 = PLANE ( 'NONE',  #2093 ) ;
#849 = EDGE_LOOP ( 'NONE', ( #2254 ) ) ;
#850 = PLANE ( 'NONE',  #1123 ) ;
#851 = ADVANCED_FACE ( 'E645', ( #1079 ), #1090, .T. ) ;
#852 = DIRECTION ( 'NONE',  ( 0.0000000000000000000, 0.8660254037844389300, -0.4999999999999998300 ) ) ;
#853 = DIRECTION ( 'NONE',  ( 0.8660254037844387100, 0.0000000000000000000, -0.4999999999999998900 ) ) ;
#854 = FACE_OUTER_BOUND ( 'NONE', #1795, .T. ) ;
#855 = FACE_OUTER_BOUND ( 'NONE', #1461, .T. ) ;
#856 = FACE_OUTER_BOUND ( 'NONE', #863, .T. ) ;
#857 = DIRECTION ( 'NONE',  ( -0.4999999999999998900, 0.0000000000000000000, -0.8660254037844387100 ) ) ;
#858 = FACE_OUTER_BOUND ( 'NONE', #63, .T. ) ;
#859 = CARTESIAN_POINT ( 'NONE',  ( -5.475043854493406100, 26.86751519659076900, 0.1238266166782612300 ) ) ;
#860 = FACE_OUTER_BOUND ( 'NONE', #2588, .T. ) ;
#861 = DIRECTION ( 'NONE',  ( 0.0000000000000000000, 0.0000000000000000000, 1.000000000000000000 ) ) ;
#862 = CIRCLE ( 'NONE', #1726, 15.60000000000000000 ) ;
#863 = EDGE_LOOP ( 'NONE', ( #2337 ) ) ;
#864 = PLANE ( 'NONE',  #2083 ) ;
#865 = CIRCLE ( 'NONE', #1744, 20.15000000000000200 ) ;
#866 = DIRECTION ( 'NONE',  ( 0.0000000000000000000, 0.0000000000000000000, -1.000000000000000000 ) ) ;
#867 = DIRECTION ( 'NONE',  ( 0.0000000000000000000, 0.0000000000000000000, -1.000000000000000000 ) ) ;
#868 = CIRCLE ( 'NONE', #1746, 26.86751442127220100 ) ;
#869 = DIRECTION ( 'NONE',  ( 0.0000000000000000000, -0.4999999999999998900, -0.8660254037844387100 ) ) ;
#870 = DIRECTION ( 'NONE',  ( 1.000000000000000000, 0.0000000000000000000, 0.0000000000000000000 ) ) ;
#871 = CIRCLE ( 'NONE', #1742, 28.65347335935900100 ) ;
#872 = CIRCLE ( 'NONE', #1752, 26.86751442127220100 ) ;
#873 = DIRECTION ( 'NONE',  ( 0.0000000000000000000, 0.4999999999999998900, 0.8660254037844387100 ) ) ;
#874 = PLANE ( 'NONE',  #1132 ) ;
#875 = DIRECTION ( 'NONE',  ( 0.0000000000000000000, 0.4999999999999998900, 0.8660254037844387100 ) ) ;
#876 = CC_DESIGN_PERSON_AND_ORGANIZATION_ASSIGNMENT ( #2678, #325, ( #922 ) ) ;
#877 = DIRECTION ( 'NONE',  ( 1.000000000000000000, 0.0000000000000000000, 0.0000000000000000000 ) ) ;
#878 = LINE ( 'NONE', #2455, #886 ) ;
#879 = CARTESIAN_POINT ( 'NONE',  ( 13.00000000000000000, -64.99145299145298800, -14.07519229210586100 ) ) ;
#880 = VECTOR ( 'NONE', #2317, 1000.000000000000000 ) ;
#881 = LINE ( 'NONE', #2310, #880 ) ;
#882 = CARTESIAN_POINT ( 'NONE',  ( 14.96794919243111900, -9.431250000000000400, -16.33540417888400100 ) ) ;
#883 = DIRECTION ( 'NONE',  ( 0.0000000000000000000, -0.8660254037844387100, 0.4999999999999998900 ) ) ;
#884 = CIRCLE ( 'NONE', #1763, 2.458750000000000200 ) ;
#885 = CARTESIAN_POINT ( 'NONE',  ( 13.70013972648518000, 14.99997205470955600, -0.2001990090604664800 ) ) ;
#886 = VECTOR ( 'NONE', #2469, 1000.000000000000000 ) ;
#887 = DIRECTION ( 'NONE',  ( 1.000000000000000000, 0.0000000000000000000, 0.0000000000000000000 ) ) ;
#888 = CARTESIAN_POINT ( 'NONE',  ( 16.69999999999999900, -7.500000000000000000, -12.99038105676658000 ) ) ;
#889 = DIRECTION ( 'NONE',  ( 0.0000000000000000000, 0.0000000000000000000, 1.000000000000000000 ) ) ;
#890 = VECTOR ( 'NONE', #2264, 1000.000000000000000 ) ;
#891 = EDGE_LOOP ( 'NONE', ( #2343 ) ) ;
#892 = DIRECTION ( 'NONE',  ( -2.449212707644755000E-016, 0.0000000000000000000, 1.000000000000000000 ) ) ;
#893 = DIRECTION ( 'NONE',  ( -1.000000000000000000, 0.0000000000000000000, -2.449212707644755000E-016 ) ) ;
#894 = ADVANCED_FACE ( 'E1382', ( #1087, #1053 ), #1049, .F. ) ;
#895 = LINE ( 'NONE', #2222, #890 ) ;
#896 = CARTESIAN_POINT ( 'NONE',  ( -11.50000000000000000, 0.0000000000000000000, 15.50000000000000000 ) ) ;
#897 = LINE ( 'NONE', #2231, #921 ) ;
#898 = DIRECTION ( 'NONE',  ( -1.000000000000000000, 0.0000000000000000000, 0.0000000000000000000 ) ) ;
#899 = CC_DESIGN_APPROVAL ( #900, ( #922 ) ) ;
#900 = APPROVAL ( #328, 'UNSPECIFIED' ) ;
#901 = DIRECTION ( 'NONE',  ( 0.0000000000000000000, 1.000000000000000000, 0.0000000000000000000 ) ) ;
#902 = FACE_OUTER_BOUND ( 'NONE', #2390, .T. ) ;
#903 = CARTESIAN_POINT ( 'NONE',  ( -6.299999999999999800, 0.0000000000000000000, 0.0000000000000000000 ) ) ;
#904 = CARTESIAN_POINT ( 'NONE',  ( -18.00000000000000000, -58.50000000000000000, -3.581973584930455100E-015 ) ) ;
#905 = VECTOR ( 'NONE', #2196, 1000.000000000000100 ) ;
#906 = PLANE ( 'NONE',  #1138 ) ;
#907 = CARTESIAN_POINT ( 'NONE',  ( -6.299999999999999800, -64.99145299145298800, 14.07519229210583900 ) ) ;
#908 = FACE_OUTER_BOUND ( 'NONE', #1353, .T. ) ;
#909 = CARTESIAN_POINT ( 'NONE',  ( 7.599999999999999600, 0.0000000000000000000, 6.980256216787550000E-016 ) ) ;
#910 = CARTESIAN_POINT ( 'NONE',  ( -6.299999999999999800, 72.46228429725191200, -15.50000000000000000 ) ) ;
#911 = DIRECTION ( 'NONE',  ( 1.000000000000000000, 0.0000000000000000000, 0.0000000000000000000 ) ) ;
#912 = CIRCLE ( 'NONE', #1776, 3.000000000000000000 ) ;
#913 = DIRECTION ( 'NONE',  ( 0.0000000000000000000, -1.000000000000000000, 0.0000000000000000000 ) ) ;
#914 = DIRECTION ( 'NONE',  ( 1.000000000000000000, 0.0000000000000000000, 6.123031769111888800E-017 ) ) ;
#915 = EDGE_LOOP ( 'NONE', ( #2733, #2732, #2722, #2720, #2712, #2696, #2694, #2692 ) ) ;
#916 = CARTESIAN_POINT ( 'NONE',  ( -6.299999999999999800, 72.46228429725191200, 0.0000000000000000000 ) ) ;
#917 = EDGE_CURVE ( 'E1176', #2048, #2243, #1057, .T. ) ;
#918 = ORIENTED_EDGE ( 'NONE', *, *, #2364, .T. ) ;
#919 = CARTESIAN_POINT ( 'NONE',  ( -19.00000000000000000, 0.0000000000000000000, 0.0000000000000000000 ) ) ;
#920 = DIRECTION ( 'NONE',  ( 0.4999999999999999400, 0.7499999999999998900, -0.4330127018922194600 ) ) ;
#921 = VECTOR ( 'NONE', #2292, 1000.000000000000000 ) ;
#922 = PRODUCT_DEFINITION ( 'UNKNOWN', '', #811, #309 ) ;
#923 = CC_DESIGN_PERSON_AND_ORGANIZATION_ASSIGNMENT ( #2768, #336, ( #2099 ) ) ;
#924 = CARTESIAN_POINT ( 'NONE',  ( 15.83397459621554900, -8.775961894323339500, -18.20041188625645000 ) ) ;
#925 = LINE ( 'NONE', #2173, #905 ) ;
#926 = CARTESIAN_POINT ( 'NONE',  ( 0.0000000000000000000, 0.0000000000000000000, 0.0000000000000000000 ) ) ;
#927 = CARTESIAN_POINT ( 'NONE',  ( 13.00000000000000000, 0.0000000000000000000, 1.898139848424685100E-015 ) ) ;
#928 = FACE_OUTER_BOUND ( 'NONE', #1206, .T. ) ;
#929 = CARTESIAN_POINT ( 'NONE',  ( 14.96794919243111900, -10.07500000000000100, -17.45041188625645000 ) ) ;
#930 = DIRECTION ( 'NONE',  ( 1.000000000000000000, 0.0000000000000000000, 0.0000000000000000000 ) ) ;
#931 = DIRECTION ( 'NONE',  ( 0.0000000000000000000, 0.4999999999999998900, 0.8660254037844387100 ) ) ;
#932 = VECTOR ( 'NONE', #1917, 1000.000000000000000 ) ;
#933 = DIRECTION ( 'NONE',  ( -1.000000000000000000, 0.0000000000000000000, 0.0000000000000000000 ) ) ;
#934 = SPHERICAL_SURFACE ( 'NONE', #1771, 31.00000000000000000 ) ;
#935 = AXIS2_PLACEMENT_3D ( 'NONE', #598, #374, #346 ) ;
#936 = VECTOR ( 'NONE', #1833, 1000.000000000000000 ) ;
#937 = DIRECTION ( 'NONE',  ( 0.0000000000000000000, 0.0000000000000000000, -1.000000000000000000 ) ) ;
#938 = DIRECTION ( 'NONE',  ( 1.000000000000000000, 0.0000000000000000000, 0.0000000000000000000 ) ) ;
#939 = CARTESIAN_POINT ( 'NONE',  ( 13.00000000000000000, 64.99145299145298800, -14.07519229210583900 ) ) ;
#940 = LINE ( 'NONE', #1766, #932 ) ;
#941 = DIRECTION ( 'NONE',  ( 1.000000000000000000, 0.0000000000000000000, 6.123031769111888800E-017 ) ) ;
#942 = CARTESIAN_POINT ( 'NONE',  ( -6.299999999999999800, 72.46228429725191200, 0.0000000000000000000 ) ) ;
#943 = FACE_BOUND ( 'NONE', #996, .T. ) ;
#944 = VECTOR ( 'NONE', #1806, 1000.000000000000000 ) ;
#945 = DIRECTION ( 'NONE',  ( 6.123031769111888800E-017, 0.0000000000000000000, -1.000000000000000000 ) ) ;
#946 = CIRCLE ( 'NONE', #1811, 20.15000000000000200 ) ;
#947 = CARTESIAN_POINT ( 'NONE',  ( 4.848656774275795600, 28.76656875843641000, 25.18790670226320900 ) ) ;
#948 = CARTESIAN_POINT ( 'NONE',  ( -6.299999999999999800, 72.46228429725191200, 15.50000000000000000 ) ) ;
#949 = EDGE_CURVE ( 'NONE', #148, #148, #689, .T. ) ;
#950 = PLANE ( 'NONE',  #2039 ) ;
#951 = PLANE ( 'NONE',  #1142 ) ;
#952 = CIRCLE ( 'NONE', #1820, 26.86751442127220100 ) ;
#953 = CARTESIAN_POINT ( 'NONE',  ( 15.83397459621554900, -10.73028810567664100, -15.58540417888400000 ) ) ;
#954 = CARTESIAN_POINT ( 'NONE',  ( 9.500000000000000000, 0.0000000000000000000, 0.0000000000000000000 ) ) ;
#955 = DIRECTION ( 'NONE',  ( 0.0000000000000000000, -1.000000000000000000, 0.0000000000000000000 ) ) ;
#956 = CIRCLE ( 'NONE', #1822, 20.15000000000000200 ) ;
#957 = CARTESIAN_POINT ( 'NONE',  ( -5.063744348946013200, -35.59572120776569900, -15.50000000000000000 ) ) ;
#958 = VECTOR ( 'NONE', #1702, 1000.000000000000000 ) ;
#959 = DIRECTION ( 'NONE',  ( 1.224606353822375800E-016, 0.0000000000000000000, -1.000000000000000000 ) ) ;
#960 = DIRECTION ( 'NONE',  ( 5.560183842640193100E-017, 0.4188034188034190900, -0.9080769220713452700 ) ) ;
#961 = CIRCLE ( 'NONE', #1827, 20.15000000000000200 ) ;
#962 = CARTESIAN_POINT ( 'NONE',  ( -7.599999999999999600, 0.0000000000000000000, 2.326752072262519900E-016 ) ) ;
#963 = LINE ( 'NONE', #1784, #944 ) ;
#964 = DIRECTION ( 'NONE',  ( -2.564346638346005600E-017, 0.9080769220713452700, 0.4188034188034190900 ) ) ;
#965 = PLANE ( 'NONE',  #2026 ) ;
#966 = CIRCLE ( 'NONE', #1812, 15.50000000000000000 ) ;
#967 = CARTESIAN_POINT ( 'NONE',  ( 5.020224804347343200, 28.82013415598113300, 25.11096546525149300 ) ) ;
#968 = DIRECTION ( 'NONE',  ( -1.119176436114069100E-016, 0.0000000000000000000, 1.000000000000000000 ) ) ;
#969 = DIRECTION ( 'NONE',  ( -0.5000000000000001100, 0.7500000000000001100, -0.4330127018922190800 ) ) ;
#970 = CIRCLE ( 'NONE', #1840, 15.00000000000000000 ) ;
#971 = LINE ( 'NONE', #1828, #936 ) ;
#972 = DIRECTION ( 'NONE',  ( -1.000000000000000000, 0.0000000000000000000, 0.0000000000000000000 ) ) ;
#973 = CIRCLE ( 'NONE', #1845, 20.15000000000000200 ) ;
#974 = CARTESIAN_POINT ( 'NONE',  ( 4.370698478144521300, 28.55814827475385100, 25.46679047260755600 ) ) ;
#975 = VECTOR ( 'NONE', #272, 1000.000000000000000 ) ;
#976 = DIRECTION ( 'NONE',  ( 0.0000000000000000000, 0.0000000000000000000, 1.000000000000000000 ) ) ;
#977 = DIRECTION ( 'NONE',  ( 1.000000000000000000, 0.0000000000000000000, 1.224606353822375800E-016 ) ) ;
#978 = VECTOR ( 'NONE', #1657, 1000.000000000000000 ) ;
#979 = CARTESIAN_POINT ( 'NONE',  ( 7.676623640052667100, 28.70916289678199000, 24.99812979784039500 ) ) ;
#980 = CARTESIAN_POINT ( 'NONE',  ( 15.83397459621554900, -11.37403810567664100, -16.70041188625644700 ) ) ;
#981 = LINE ( 'NONE', #2614, #978 ) ;
#982 = EDGE_CURVE ( 'NONE', #147, #147, #1672, .T. ) ;
#983 = DIRECTION ( 'NONE',  ( 0.0000000000000000000, 0.4999999999999998900, 0.8660254037844387100 ) ) ;
#984 = CIRCLE ( 'NONE', #1858, 26.86751442127220100 ) ;
#985 = DIRECTION ( 'NONE',  ( -1.000000000000000000, 0.0000000000000000000, -6.123031769111888800E-017 ) ) ;
#986 = CIRCLE ( 'NONE', #1866, 20.15000000000000200 ) ;
#987 = CARTESIAN_POINT ( 'NONE',  ( 13.00000000000000000, 58.50000000000000000, -1.683833736505769900E-015 ) ) ;
#988 = ADVANCED_FACE ( 'E733', ( #1048, #1039 ), #1130, .T. ) ;
#989 = LINE ( 'NONE', #1713, #958 ) ;
#990 = CARTESIAN_POINT ( 'NONE',  ( -5.346778539065763200, 35.61287126117728300, 15.50000000000000000 ) ) ;
#991 = CIRCLE ( 'NONE', #1849, 34.10000000000000100 ) ;
#992 = DIRECTION ( 'NONE',  ( 0.0000000000000000000, 1.000000000000000000, 0.0000000000000000000 ) ) ;
#993 = CARTESIAN_POINT ( 'NONE',  ( -9.500000000000000000, 0.0000000000000000000, 0.0000000000000000000 ) ) ;
#994 = CIRCLE ( 'NONE', #1880, 20.15000000000000200 ) ;
#995 = CARTESIAN_POINT ( 'NONE',  ( -6.299999999999999800, -64.99145299145298800, 14.07519229210583900 ) ) ;
#996 = EDGE_LOOP ( 'NONE', ( #1976, #1970, #1965, #1961, #1957, #1955 ) ) ;
#997 = CARTESIAN_POINT ( 'NONE',  ( 4.524279137847879700, 28.63599040802216700, 25.36532971374492400 ) ) ;
#998 = PLANE ( 'NONE',  #2053 ) ;
#999 = ORIENTED_EDGE ( 'NONE', *, *, #2382, .F. ) ;
#1000 = CARTESIAN_POINT ( 'NONE',  ( -5.191233068804240100, 0.0000000000000000000, 0.0000000000000000000 ) ) ;
#1001 = VECTOR ( 'NONE', #116, 1000.000000000000000 ) ;
#1002 = FACE_OUTER_BOUND ( 'NONE', #2647, .T. ) ;
#1003 =( GEOMETRIC_REPRESENTATION_CONTEXT ( 3 ) GLOBAL_UNCERTAINTY_ASSIGNED_CONTEXT ( ( #1584 ) ) GLOBAL_UNIT_ASSIGNED_CONTEXT ( ( #362, #361, #359 ) ) REPRESENTATION_CONTEXT ( 'NONE', 'WORKASPACE' ) );
#1004 = PLANE ( 'NONE',  #2012 ) ;
#1005 = DIRECTION ( 'NONE',  ( -1.000000000000000000, -2.775557561562890400E-016, 1.602468905319635000E-016 ) ) ;
#1006 = VECTOR ( 'NONE', #387, 1000.000000000000000 ) ;
#1007 = CARTESIAN_POINT ( 'NONE',  ( 17.56602540378445100, 20.15000000000000200, 1.500000000000000000 ) ) ;
#1008 = AXIS2_PLACEMENT_3D ( 'NONE', #614, #634, #600 ) ;
#1009 = LINE ( 'NONE', #433, #1006 ) ;
#1010 = CARTESIAN_POINT ( 'NONE',  ( -18.00000000000000000, 0.0000000000000000000, 0.0000000000000000000 ) ) ;
#1011 = DIRECTION ( 'NONE',  ( -1.000000000000000000, 0.0000000000000000000, 0.0000000000000000000 ) ) ;
#1012 = CARTESIAN_POINT ( 'NONE',  ( 15.83397459621554900, 20.15000000000000200, 1.500000000000000000 ) ) ;
#1013 = CARTESIAN_POINT ( 'NONE',  ( 17.56602540378445100, -10.73028810567664100, -15.58540417888400000 ) ) ;
#1014 = DIRECTION ( 'NONE',  ( 1.000000000000000000, 0.0000000000000000000, 6.409875621278550000E-016 ) ) ;
#1015 = DIRECTION ( 'NONE',  ( 1.000000000000000000, 0.0000000000000000000, 0.0000000000000000000 ) ) ;
#1016 = CARTESIAN_POINT ( 'NONE',  ( -5.000000000000000000, -58.50000000000000000, -15.50000000000000000 ) ) ;
#1017 = LINE ( 'NONE', #356, #1001 ) ;
#1018 = CARTESIAN_POINT ( 'NONE',  ( -5.191233068804240100, -35.60398048053414800, 15.50000000000000000 ) ) ;
#1019 = DIRECTION ( 'NONE',  ( 1.000000000000000000, 0.0000000000000000000, 6.123031769111888800E-017 ) ) ;
#1020 = CYLINDRICAL_SURFACE ( 'NONE', #1905, 40.00000000000000000 ) ;
#1021 = CARTESIAN_POINT ( 'NONE',  ( -18.00000000000000000, -16.75213675213674900, -36.32307688285379800 ) ) ;
#1022 = CARTESIAN_POINT ( 'NONE',  ( -5.000000000000000000, -35.59159140026639500, -15.50000000000000000 ) ) ;
#1023 = CIRCLE ( 'NONE', #1925, 28.65347335935900100 ) ;
#1024 = CARTESIAN_POINT ( 'NONE',  ( -19.00000000000000000, 58.50000000000000000, 0.0000000000000000000 ) ) ;
#1025 = AXIS2_PLACEMENT_3D ( 'NONE', #578, #577, #573 ) ;
#1026 = EDGE_CURVE ( 'NONE', #142, #142, #1051, .T. ) ;
#1027 = FACE_OUTER_BOUND ( 'NONE', #1913, .T. ) ;
#1028 = DIRECTION ( 'NONE',  ( 6.123031769111888800E-017, 0.0000000000000000000, -1.000000000000000000 ) ) ;
#1029 = CARTESIAN_POINT ( 'NONE',  ( -11.50000000000000000, 0.0000000000000000000, -15.50000000000000000 ) ) ;
#1030 = DIRECTION ( 'NONE',  ( 0.5000000000000001100, -0.7500000000000001100, 0.4330127018922190800 ) ) ;
#1031 = EDGE_LOOP ( 'NONE', ( #2033, #2029, #2027, #2019, #1998, #1997 ) ) ;
#1032 = CARTESIAN_POINT ( 'NONE',  ( -5.127488705216639400, -35.59985090114862800, -15.50000000000000000 ) ) ;
#1033 = FACE_OUTER_BOUND ( 'NONE', #370, .T. ) ;
#1034 = VECTOR ( 'NONE', #123, 1000.000000000000000 ) ;
#1035 = EDGE_CURVE ( 'E1245', #1614, #1356, #1042, .T. ) ;
#1036 = LINE ( 'NONE', #2164, #975 ) ;
#1037 = PLANE ( 'NONE',  #2003 ) ;
#1038 = DIRECTION ( 'NONE',  ( 0.5000000000000003300, 0.0000000000000000000, -0.8660254037844383700 ) ) ;
#1039 = FACE_OUTER_BOUND ( 'NONE', #533, .T. ) ;
#1040 = DIRECTION ( 'NONE',  ( 0.8660254037844386000, 0.4330127018922195200, -0.2499999999999999400 ) ) ;
#1041 = DIRECTION ( 'NONE',  ( 0.0000000000000000000, -1.000000000000000000, 0.0000000000000000000 ) ) ;
#1042 = LINE ( 'NONE', #45, #1034 ) ;
#1043 = CARTESIAN_POINT ( 'NONE',  ( -5.498330927657326200, 35.65571306091982300, 15.50000000000000200 ) ) ;
#1044 = DIRECTION ( 'NONE',  ( 0.0000000000000000000, -1.000000000000000000, 0.0000000000000000000 ) ) ;
#1045 = FACE_OUTER_BOUND ( 'NONE', #530, .T. ) ;
#1046 = CARTESIAN_POINT ( 'NONE',  ( -5.191233068804240100, -35.60398048053414800, -15.50000000000000000 ) ) ;
#1047 = PLANE ( 'NONE',  #1168 ) ;
#1048 = FACE_BOUND ( 'NONE', #653, .T. ) ;
#1049 = CYLINDRICAL_SURFACE ( 'NONE', #1972, 0.4749999999999997600 ) ;
#1050 = DIRECTION ( 'NONE',  ( 0.0000000000000000000, 0.0000000000000000000, -1.000000000000000000 ) ) ;
#1051 = CIRCLE ( 'NONE', #1988, 15.00000000000000000 ) ;
#1052 = DIRECTION ( 'NONE',  ( -1.000000000000000000, 0.0000000000000000000, 0.0000000000000000000 ) ) ;
#1053 = FACE_OUTER_BOUND ( 'NONE', #2510, .T. ) ;
#1054 = CARTESIAN_POINT ( 'NONE',  ( 8.330058801220376500, 28.39286832274414300, 25.29876504822855000 ) ) ;
#1055 = DIRECTION ( 'NONE',  ( 1.000000000000000000, 0.0000000000000000000, 0.0000000000000000000 ) ) ;
#1056 = CARTESIAN_POINT ( 'NONE',  ( -11.50000000000000000, 0.0000000000000000000, -15.50000000000000000 ) ) ;
#1057 = LINE ( 'NONE', #1135, #1062 ) ;
#1058 = EDGE_CURVE ( 'NONE', #139, #139, #1076, .T. ) ;
#1059 = CARTESIAN_POINT ( 'NONE',  ( -62.00000000000000000, 0.0000000000000000000, 0.0000000000000000000 ) ) ;
#1060 = AXIS2_PLACEMENT_3D ( 'NONE', #630, #619, #616 ) ;
#1061 = CARTESIAN_POINT ( 'NONE',  ( -6.299999999999999800, -58.50000000000000000, 0.0000000000000000000 ) ) ;
#1062 = VECTOR ( 'NONE', #1136, 1000.000000000000000 ) ;
#1063 = PLANE ( 'NONE',  #1992 ) ;
#1064 = EDGE_LOOP ( 'NONE', ( #1908, #1904, #1900, #1897 ) ) ;
#1065 = CYLINDRICAL_SURFACE ( 'NONE', #1993, 26.86751442127220100 ) ;
#1066 = AXIS2_PLACEMENT_3D ( 'NONE', #661, #643, #639 ) ;
#1067 = ADVANCED_FACE ( 'E339', ( #1045 ), #1020, .T. ) ;
#1068 = CARTESIAN_POINT ( 'NONE',  ( -11.50000000000000000, 0.0000000000000000000, 15.50000000000000000 ) ) ;
#1069 = EDGE_LOOP ( 'NONE', ( #1987 ) ) ;
#1070 = CARTESIAN_POINT ( 'NONE',  ( -5.268213467569119700, -35.60838058191988900, 15.50000000000000500 ) ) ;
#1071 = CARTESIAN_POINT ( 'NONE',  ( 13.00000000000000000, -58.50000000000000000, -1.683833736505769900E-015 ) ) ;
#1072 = EDGE_CURVE ( 'NONE', #137, #137, #1023, .T. ) ;
#1073 = ADVANCED_FACE ( 'E1160', ( #1027 ), #145, .T. ) ;
#1074 = DIRECTION ( 'NONE',  ( 1.000000000000000000, 0.0000000000000000000, 0.0000000000000000000 ) ) ;
#1075 = DIRECTION ( 'NONE',  ( 0.0000000000000000000, 0.0000000000000000000, -1.000000000000000000 ) ) ;
#1076 = CIRCLE ( 'NONE', #1945, 20.15000000000000200 ) ;
#1077 = ADVANCED_FACE ( 'E996', ( #1033 ), #1768, .T. ) ;
#1078 = AXIS2_PLACEMENT_3D ( 'NONE', #701, #779, #657 ) ;
#1079 = FACE_OUTER_BOUND ( 'NONE', #1496, .T. ) ;
#1080 = CARTESIAN_POINT ( 'NONE',  ( 8.607172449489143100, 28.19627091446815500, 25.49315888321680700 ) ) ;
#1081 = DIRECTION ( 'NONE',  ( -1.000000000000000000, 0.0000000000000000000, 0.0000000000000000000 ) ) ;
#1082 = AXIS2_PLACEMENT_3D ( 'NONE', #704, #669, #667 ) ;
#1083 = FACE_OUTER_BOUND ( 'NONE', #772, .T. ) ;
#1084 = DIRECTION ( 'NONE',  ( 1.000000000000000000, 0.0000000000000000000, 0.0000000000000000000 ) ) ;
#1085 = AXIS2_PLACEMENT_3D ( 'NONE', #753, #705, #715 ) ;
#1086 = EDGE_CURVE ( 'NONE', #135, #135, #1814, .T. ) ;
#1087 = FACE_OUTER_BOUND ( 'NONE', #2498, .T. ) ;
#1088 = DIRECTION ( 'NONE',  ( -1.119176436114069100E-016, 0.0000000000000000000, 1.000000000000000000 ) ) ;
#1089 = FACE_BOUND ( 'NONE', #2491, .T. ) ;
#1090 = PLANE ( 'NONE',  #1982 ) ;
#1091 = DIRECTION ( 'NONE',  ( 0.0000000000000000000, -0.2588190451025210700, -0.9659258262890682000 ) ) ;
#1092 = CARTESIAN_POINT ( 'NONE',  ( 15.83397459621554900, -11.37403810567664100, -16.70041188625644700 ) ) ;
#1093 = CARTESIAN_POINT ( 'NONE',  ( 8.175549695361553400, 28.48348634613535100, 25.21040083865012700 ) ) ;
#1094 = FACE_OUTER_BOUND ( 'NONE', #2520, .T. ) ;
#1095 = DIRECTION ( 'NONE',  ( 0.0000000000000000000, 0.0000000000000000000, 1.000000000000000000 ) ) ;
#1096 = AXIS2_PLACEMENT_3D ( 'NONE', #683, #677, #672 ) ;
#1097 = ORIENTED_EDGE ( 'NONE', *, *, #2338, .T. ) ;
#1098 = DIRECTION ( 'NONE',  ( -1.000000000000000000, 0.0000000000000000000, -6.123031769111888800E-017 ) ) ;
#1099 = VECTOR ( 'NONE', #1038, 1000.000000000000100 ) ;
#1100 = FACE_BOUND ( 'NONE', #2528, .T. ) ;
#1101 = AXIS2_PLACEMENT_3D ( 'NONE', #729, #749, #721 ) ;
#1102 = AXIS2_PLACEMENT_3D ( 'NONE', #761, #769, #789 ) ;
#1103 = DIRECTION ( 'NONE',  ( 1.000000000000000000, 0.0000000000000000000, 0.0000000000000000000 ) ) ;
#1104 = CARTESIAN_POINT ( 'NONE',  ( -5.000000000000000000, 0.0000000000000000000, 0.0000000000000000000 ) ) ;
#1105 = LINE ( 'NONE', #1007, #1099 ) ;
#1106 = FACE_OUTER_BOUND ( 'NONE', #72, .T. ) ;
#1107 = B_SPLINE_CURVE_WITH_KNOTS ( 'NONE', 3,
 ( #2445, #2386, #2393, #2394, #2401, #2405, #2407, #2413, #2419, #2420, #2425, #2429, #2439, #2440, #2441, #2442, #2449, #2452 ),
 .UNSPECIFIED., .T., .F.,
 ( 4, 2, 2, 2, 2, 2, 2, 2, 4 ),
 ( 0.0000000000000000000, 0.0003712320768476584300, 0.0007424641536953168600, 0.001113696230542975300, 0.001484928307390633700, 0.001856160384238292200, 0.002227392461085950600, 0.002598624537933609000, 0.002969856614781267400 ),
 .UNSPECIFIED. ) ;
#1108 = CARTESIAN_POINT ( 'NONE',  ( -5.773813118380261700, 35.79977404916471100, 15.50000000000000000 ) ) ;
#1109 = FACE_OUTER_BOUND ( 'NONE', #2485, .T. ) ;
#1110 = AXIS2_PLACEMENT_3D ( 'NONE', #796, #776, #775 ) ;
#1111 = CARTESIAN_POINT ( 'NONE',  ( 7.849006841897779200, 28.64129860592170100, 25.06043233920071600 ) ) ;
#1112 = FACE_OUTER_BOUND ( 'NONE', #915, .T. ) ;
#1113 = CARTESIAN_POINT ( 'NONE',  ( 7.313548437802370300, 28.82320578018800800, 24.89955290317712800 ) ) ;
#1114 = AXIS2_PLACEMENT_3D ( 'NONE', #807, #803, #815 ) ;
#1115 = FACE_BOUND ( 'NONE', #2171, .T. ) ;
#1116 = CARTESIAN_POINT ( 'NONE',  ( -5.000000000000000000, 35.59159140026639500, 15.50000000000000000 ) ) ;
#1117 = CYLINDRICAL_SURFACE ( 'NONE', #2015, 34.10000000000000100 ) ;
#1118 = CARTESIAN_POINT ( 'NONE',  ( -5.000000000000000000, 0.0000000000000000000, -15.50000000000000000 ) ) ;
#1119 = CARTESIAN_POINT ( 'NONE',  ( -5.127488705216639400, -35.59985090114862800, 15.50000000000000000 ) ) ;
#1120 = DIRECTION ( 'NONE',  ( -6.123031769111888800E-017, 1.000000000000000000, 0.0000000000000000000 ) ) ;
#1121 = FACE_BOUND ( 'NONE', #1384, .T. ) ;
#1122 = AXIS2_PLACEMENT_3D ( 'NONE', #750, #754, #764 ) ;
#1123 = AXIS2_PLACEMENT_3D ( 'NONE', #879, #841, #836 ) ;
#1124 = CARTESIAN_POINT ( 'NONE',  ( 16.69999999999999900, 21.14999999999999900, 0.0000000000000000000 ) ) ;
#1125 = VECTOR ( 'NONE', #1014, 1000.000000000000000 ) ;
#1126 = CARTESIAN_POINT ( 'NONE',  ( 13.24624133697526900, -10.72308656147205300, -17.06127932603586600 ) ) ;
#1127 = CARTESIAN_POINT ( 'NONE',  ( -5.000000000000000000, 0.0000000000000000000, 0.0000000000000000000 ) ) ;
#1128 = AXIS2_PLACEMENT_3D ( 'NONE', #829, #821, #820 ) ;
#1129 = CYLINDRICAL_SURFACE ( 'NONE', #2016, 15.50000000000000000 ) ;
#1130 = PLANE ( 'NONE',  #1967 ) ;
#1131 = FACE_OUTER_BOUND ( 'NONE', #1865, .T. ) ;
#1132 = AXIS2_PLACEMENT_3D ( 'NONE', #916, #870, #866 ) ;
#1133 = DIRECTION ( 'NONE',  ( -6.123031769111887500E-017, -0.4999999999999998900, -0.8660254037844387100 ) ) ;
#1134 = LINE ( 'NONE', #1012, #1125 ) ;
#1135 = CARTESIAN_POINT ( 'NONE',  ( 17.56602540378445100, 20.15000000000000200, -1.500000000000000000 ) ) ;
#1136 = DIRECTION ( 'NONE',  ( 0.0000000000000000000, -1.000000000000000000, 0.0000000000000000000 ) ) ;
#1137 = FACE_BOUND ( 'NONE', #828, .T. ) ;
#1138 = AXIS2_PLACEMENT_3D ( 'NONE', #896, #889, #887 ) ;
#1139 = CARTESIAN_POINT ( 'NONE',  ( 16.69999999999999900, -10.57499999999999900, -18.31643729004090200 ) ) ;
#1140 = EDGE_LOOP ( 'NONE', ( #2044, #2041, #2038, #2034 ) ) ;
#1141 = CARTESIAN_POINT ( 'NONE',  ( 13.20636367041404200, -10.53373386160500600, -17.17739651207011100 ) ) ;
#1142 = AXIS2_PLACEMENT_3D ( 'NONE', #942, #938, #937 ) ;
#1143 = FACE_OUTER_BOUND ( 'NONE', #2691, .T. ) ;
#1144 = CARTESIAN_POINT ( 'NONE',  ( 13.30981077900439000, -10.90310723155464100, -16.94659146825058800 ) ) ;
#1145 = DIRECTION ( 'NONE',  ( 0.0000000000000000000, 0.0000000000000000000, 1.000000000000000000 ) ) ;
#1146 = FACE_OUTER_BOUND ( 'NONE', #269, .T. ) ;
#1147 = EDGE_CURVE ( 'E1161', #1329, #2243, #1009, .T. ) ;
#1148 = EDGE_CURVE ( 'E273', #1635, #640, #1017, .T. ) ;
#1149 = CARTESIAN_POINT ( 'NONE',  ( 13.48097141908413300, -11.24638046283774000, -16.72075465341395200 ) ) ;
#1150 = CARTESIAN_POINT ( 'NONE',  ( 13.59019963338205500, -11.41111762761902800, -16.60851211803068800 ) ) ;
#1151 = ORIENTED_EDGE ( 'NONE', *, *, #2229, .T. ) ;
#1152 = B_SPLINE_CURVE_WITH_KNOTS ( 'NONE', 3,
 ( #2509, #2323, #2513, #2521, #2524, #2536, #2829, #2804, #2765, #2728, #2675, #2537, #2541, #2554, #2555, #2557, #2559, #2562 ),
 .UNSPECIFIED., .T., .F.,
 ( 4, 2, 2, 2, 2, 2, 2, 2, 4 ),
 ( 0.0000000000000000000, 0.0003737085358552511700, 0.0007474170717105023400, 0.001121125607565753300, 0.001494834143421004700, 0.001868542679276255800, 0.002242251215131504400, 0.002615959750986753400, 0.002989668286842002000 ),
 .UNSPECIFIED. ) ;
#1153 = CARTESIAN_POINT ( 'NONE',  ( 13.84369756678494100, -11.71217616786617700, -16.39759768072740800 ) ) ;
#1154 = CARTESIAN_POINT ( 'NONE',  ( 13.98804966620498600, -11.84975387925671700, -16.29816565412854200 ) ) ;
#1155 = FACE_BOUND ( 'NONE', #554, .T. ) ;
#1156 = DIRECTION ( 'NONE',  ( 0.0000000000000000000, 0.4999999999999998900, 0.8660254037844387100 ) ) ;
#1157 = FACE_BOUND ( 'NONE', #53, .T. ) ;
#1158 = CARTESIAN_POINT ( 'NONE',  ( 14.31098802945827200, -12.10085477704802200, -16.11260948304678200 ) ) ;
#1159 = AXIS2_PLACEMENT_3D ( 'NONE', #1024, #1015, #1044 ) ;
#1160 = CARTESIAN_POINT ( 'NONE',  ( 14.48707827934857000, -12.21211748736049600, -16.02814640766152700 ) ) ;
#1161 = FACE_OUTER_BOUND ( 'NONE', #1411, .T. ) ;
#1162 = ADVANCED_FACE ( 'E1139', ( #1002 ), #118, .T. ) ;
#1163 = CARTESIAN_POINT ( 'NONE',  ( 7.122855474285698200, 28.86899060779097000, 24.86373102315802100 ) ) ;
#1164 = CARTESIAN_POINT ( 'NONE',  ( 14.85989706165634800, -12.40469978049957200, -15.87956907936116300 ) ) ;
#1165 = CARTESIAN_POINT ( 'NONE',  ( 15.05939912421275800, -12.48732603789291100, -15.81444200427530300 ) ) ;
#1166 = VERTEX_POINT ( 'NONE', #1484 ) ;
#1167 = CARTESIAN_POINT ( 'NONE',  ( 17.56602540378445100, -11.37403810567664100, -16.70041188625644700 ) ) ;
#1168 = AXIS2_PLACEMENT_3D ( 'NONE', #1092, #1040, #1030 ) ;
#1169 = EDGE_LOOP ( 'NONE', ( #1548 ) ) ;
#1170 = AXIS2_PLACEMENT_3D ( 'NONE', #1071, #1098, #1088 ) ;
#1171 = CARTESIAN_POINT ( 'NONE',  ( 15.47325758414037900, -12.62178320015346600, -15.70733829557220700 ) ) ;
#1172 = CARTESIAN_POINT ( 'NONE',  ( 6.544977199313135200, 28.95568579182663200, 24.81546660371694200 ) ) ;
#1173 = FACE_OUTER_BOUND ( 'NONE', #891, .T. ) ;
#1174 = DIRECTION ( 'NONE',  ( -1.000000000000000000, 0.0000000000000000000, 0.0000000000000000000 ) ) ;
#1175 = EDGE_CURVE ( 'NONE', #134, #134, #994, .T. ) ;
#1176 = EDGE_CURVE ( 'NONE', #131, #131, #986, .T. ) ;
#1177 = CARTESIAN_POINT ( 'NONE',  ( -6.299999999999999800, 58.50000000000000000, 15.50000000000000000 ) ) ;
#1178 = CARTESIAN_POINT ( 'NONE',  ( 15.68560148444309700, -12.67329504179463800, -15.66564155218664000 ) ) ;
#1179 = DIRECTION ( 'NONE',  ( 0.0000000000000000000, 0.0000000000000000000, 1.000000000000000000 ) ) ;
#1180 = CYLINDRICAL_SURFACE ( 'NONE', #2057, 36.00000000000000000 ) ;
#1181 = AXIS2_PLACEMENT_3D ( 'NONE', #1124, #1120, #1145 ) ;
#1182 = CARTESIAN_POINT ( 'NONE',  ( 18.43205080756889900, -9.431250000000000400, -16.33540417888400100 ) ) ;
#1183 = CARTESIAN_POINT ( 'NONE',  ( 16.12075951755185300, -12.74662269182710600, -15.60603544819026900 ) ) ;
#1184 = FACE_OUTER_BOUND ( 'NONE', #281, .T. ) ;
#1185 = AXIS2_PLACEMENT_3D ( 'NONE', #1139, #1133, #1201 ) ;
#1186 = DIRECTION ( 'NONE',  ( -0.5000000000000001100, -0.7500000000000001100, 0.4330127018922190800 ) ) ;
#1187 = DIRECTION ( 'NONE',  ( 0.0000000000000000000, 0.8660254037844387100, -0.4999999999999998900 ) ) ;
#1188 = CARTESIAN_POINT ( 'NONE',  ( 16.34573189474042800, -12.76834715657842500, -15.58819654533910400 ) ) ;
#1189 = FACE_OUTER_BOUND ( 'NONE', #1707, .T. ) ;
#1190 = CARTESIAN_POINT ( 'NONE',  ( 16.79164222503509400, -12.78039246718174800, -15.57832240749402800 ) ) ;
#1191 = FACE_BOUND ( 'NONE', #1394, .T. ) ;
#1192 = EDGE_CURVE ( 'NONE', #126, #126, #984, .T. ) ;
#1193 = DIRECTION ( 'NONE',  ( 0.0000000000000000000, -0.4999999999999998900, -0.8660254037844387100 ) ) ;
#1194 = CONICAL_SURFACE ( 'NONE', #2088, 2.458750000000000200, 0.7853981633974490600 ) ;
#1195 = DIRECTION ( 'NONE',  ( 0.0000000000000000000, 0.0000000000000000000, -1.000000000000000000 ) ) ;
#1196 = SPHERICAL_SURFACE ( 'NONE', #2078, 31.00000000000000000 ) ;
#1197 = AXIS2_PLACEMENT_3D ( 'NONE', #1209, #1193, #1187 ) ;
#1198 = CARTESIAN_POINT ( 'NONE',  ( 17.01342340277890100, -12.77117035174204500, -15.58591384784662500 ) ) ;
#1199 = PLANE ( 'NONE',  #1197 ) ;
#1200 = FACE_OUTER_BOUND ( 'NONE', #2726, .T. ) ;
#1201 = DIRECTION ( 'NONE',  ( 0.0000000000000000000, 0.8660254037844384900, -0.5000000000000002200 ) ) ;
#1202 = CARTESIAN_POINT ( 'NONE',  ( 17.45463928119231800, -12.72212312954048000, -15.62597471207871400 ) ) ;
#1203 = AXIS2_PLACEMENT_3D ( 'NONE', #962, #977, #959 ) ;
#1204 = CARTESIAN_POINT ( 'NONE',  ( 17.67545898608395700, -12.68167164600655500, -15.65894874911296400 ) ) ;
#1205 = AXIS2_PLACEMENT_3D ( 'NONE', #1256, #1226, #1230 ) ;
#1206 = EDGE_LOOP ( 'NONE', ( #1980 ) ) ;
#1207 = DIRECTION ( 'NONE',  ( 1.000000000000000000, 0.0000000000000000000, 0.0000000000000000000 ) ) ;
#1208 = CARTESIAN_POINT ( 'NONE',  ( 18.09769217428484500, -12.57177304674910600, -15.74731704530983700 ) ) ;
#1209 = CARTESIAN_POINT ( 'NONE',  ( 18.43205080756889900, -9.431250000000000400, -16.33540417888400100 ) ) ;
#1210 = FACE_OUTER_BOUND ( 'NONE', #235, .T. ) ;
#1211 = CARTESIAN_POINT ( 'NONE',  ( 18.30109820936953500, -12.50231624756424000, -15.80272751880614400 ) ) ;
#1212 = FACE_BOUND ( 'NONE', #825, .T. ) ;
#1213 = DIRECTION ( 'NONE',  ( 0.0000000000000000000, 1.000000000000000000, 0.0000000000000000000 ) ) ;
#1214 = AXIS2_PLACEMENT_3D ( 'NONE', #1252, #1241, #1240 ) ;
#1215 = CARTESIAN_POINT ( 'NONE',  ( 18.69202867524672500, -12.33261008886396800, -15.93552123351452800 ) ) ;
#1216 = CARTESIAN_POINT ( 'NONE',  ( 18.87966145243321500, -12.23172948867564700, -16.01334960020455300 ) ) ;
#1217 = TOROIDAL_SURFACE ( 'NONE', #2068, 28.65347335935900100, 1.899999999999999900 ) ;
#1218 = CARTESIAN_POINT ( 'NONE',  ( 18.43205080756889900, -10.07500000000000100, -17.45041188625645000 ) ) ;
#1219 = AXIS2_PLACEMENT_3D ( 'NONE', #1235, #1213, #1207 ) ;
#1220 = CARTESIAN_POINT ( 'NONE',  ( 19.22189881191214800, -12.00535162979658400, -16.18376050080601700 ) ) ;
#1221 = FACE_OUTER_BOUND ( 'NONE', #2724, .T. ) ;
#1222 = DIRECTION ( 'NONE',  ( 0.0000000000000000000, 0.4999999999999998900, 0.8660254037844387100 ) ) ;
#1223 = CARTESIAN_POINT ( 'NONE',  ( 19.37878786048500900, -11.87905140356336500, -16.27699904688946500 ) ) ;
#1224 = FACE_OUTER_BOUND ( 'NONE', #2494, .T. ) ;
#1225 = AXIS2_PLACEMENT_3D ( 'NONE', #1296, #1319, #1276 ) ;
#1226 = DIRECTION ( 'NONE',  ( 0.0000000000000000000, -0.8660254037844387100, 0.4999999999999998900 ) ) ;
#1227 = BREP_WITH_VOIDS ( 'NONE', #1622, ( #1852, #1851 ) );
#1228 = CARTESIAN_POINT ( 'NONE',  ( -5.063744348946010600, 35.59572120776569900, -15.50000000000000000 ) ) ;
#1229 = CARTESIAN_POINT ( 'NONE',  ( 19.66214957598911200, -11.59720541260688400, -16.47899835665817400 ) ) ;
#1230 = DIRECTION ( 'NONE',  ( 1.000000000000000000, 0.0000000000000000000, 0.0000000000000000000 ) ) ;
#1231 = FACE_OUTER_BOUND ( 'NONE', #2822, .T. ) ;
#1232 = CARTESIAN_POINT ( 'NONE',  ( 19.78682824982082500, -11.44264503103325300, -16.58695508407483700 ) ) ;
#1233 = AXIS2_PLACEMENT_3D ( 'NONE', #1396, #1352, #1354 ) ;
#1234 = CONICAL_SURFACE ( 'NONE', #2121, 20.15000000000000200, 0.7853981633974461700 ) ;
#1235 = CARTESIAN_POINT ( 'NONE',  ( 0.0000000000000000000, 0.0000000000000000000, 0.0000000000000000000 ) ) ;
#1236 = CARTESIAN_POINT ( 'NONE',  ( 19.99191347868310900, -11.11660195116637300, -16.80721170589189800 ) ) ;
#1237 = CARTESIAN_POINT ( 'NONE',  ( 20.07414595335288300, -10.94315414052253200, -16.92090966737953300 ) ) ;
#1238 = FACE_OUTER_BOUND ( 'NONE', #2443, .T. ) ;
#1239 = AXIS2_PLACEMENT_3D ( 'NONE', #1338, #1447, #1299 ) ;
#1240 = DIRECTION ( 'NONE',  ( -0.5000000000000001100, 0.7500000000000001100, -0.4330127018922190800 ) ) ;
#1241 = DIRECTION ( 'NONE',  ( -0.8660254037844387100, -0.4330127018922196300, 0.2499999999999997500 ) ) ;
#1242 = CARTESIAN_POINT ( 'NONE',  ( 20.19304096878925500, -10.57535584273918200, -17.15318207547204600 ) ) ;
#1243 = FACE_OUTER_BOUND ( 'NONE', #722, .T. ) ;
#1244 = CARTESIAN_POINT ( 'NONE',  ( 20.22766904309070300, -10.38759667607972800, -17.26759186247447900 ) ) ;
#1245 = AXIS2_PLACEMENT_3D ( 'NONE', #1413, #1508, #1412 ) ;
#1246 = AXIS2_PLACEMENT_3D ( 'NONE', #1485, #1473, #1492 ) ;
#1247 = CARTESIAN_POINT ( 'NONE',  ( 20.24833117776763900, -10.00420688887057900, -17.49250519389865800 ) ) ;
#1248 = FACE_OUTER_BOUND ( 'NONE', #2504, .T. ) ;
#1249 = CARTESIAN_POINT ( 'NONE',  ( 20.23354111270424100, -9.806199893120622200, -17.60423887654734900 ) ) ;
#1250 = FACE_OUTER_BOUND ( 'NONE', #2778, .T. ) ;
#1251 = AXIS2_PLACEMENT_3D ( 'NONE', #1512, #1533, #1524 ) ;
#1252 = CARTESIAN_POINT ( 'NONE',  ( 17.56602540378445100, -8.775961894323339500, -18.20041188625645000 ) ) ;
#1253 = FACE_BOUND ( 'NONE', #2805, .T. ) ;
#1254 = CARTESIAN_POINT ( 'NONE',  ( 20.15531386902544500, -9.419969243840654400, -17.81389800721548200 ) ) ;
#1255 = CARTESIAN_POINT ( 'NONE',  ( 20.09254458688500100, -9.230380237302286500, -17.91272804377436100 ) ) ;
#1256 = CARTESIAN_POINT ( 'NONE',  ( 5.000000000000000000, 0.0000000000000000000, 0.0000000000000000000 ) ) ;
#1257 = AXIS2_PLACEMENT_3D ( 'NONE', #1465, #1497, #1453 ) ;
#1258 = CONICAL_SURFACE ( 'NONE', #2130, 19.55000000000000100, 0.7853981633974503900 ) ;
#1259 = CARTESIAN_POINT ( 'NONE',  ( 19.91996212650638800, -8.858722364589105800, -18.09941389555280000 ) ) ;
#1260 = FACE_OUTER_BOUND ( 'NONE', #2809, .T. ) ;
#1261 = AXIS2_PLACEMENT_3D ( 'NONE', #1539, #1566, #1517 ) ;
#1262 = CARTESIAN_POINT ( 'NONE',  ( -6.093494222105371200, 36.13634459967301600, 15.50000000000000000 ) ) ;
#1263 = CARTESIAN_POINT ( 'NONE',  ( 19.81217252077954100, -8.681479273180125100, -18.18483377965788600 ) ) ;
#1264 = CARTESIAN_POINT ( 'NONE',  ( 6.739585782672658200, 28.93486957786360500, 24.82201314408405000 ) ) ;
#1265 = AXIS2_PLACEMENT_3D ( 'NONE', #1378, #1374, #1365 ) ;
#1266 = CARTESIAN_POINT ( 'NONE',  ( 19.55956012328405400, -8.348414612932591800, -18.34012637401977100 ) ) ;
#1267 = CARTESIAN_POINT ( 'NONE',  ( 19.41253049711559000, -8.190432096615367600, -18.41096066535757800 ) ) ;
#1268 = FACE_BOUND ( 'NONE', #2772, .T. ) ;
#1269 = CARTESIAN_POINT ( 'NONE',  ( 19.09144431819018500, -7.905490016875267800, -18.53509854691083400 ) ) ;
#1270 = ORIENTED_EDGE ( 'NONE', *, *, #2290, .T. ) ;
#1271 = AXIS2_PLACEMENT_3D ( 'NONE', #1602, #1543, #1540 ) ;
#1272 = CARTESIAN_POINT ( 'NONE',  ( 17.56602540378445100, -8.775961894323339500, -18.20041188625645000 ) ) ;
#1273 = CARTESIAN_POINT ( 'NONE',  ( 18.91717106281576800, -7.777534612462521800, -18.58890814664459900 ) ) ;
#1274 = FACE_BOUND ( 'NONE', #2552, .T. ) ;
#1275 = CARTESIAN_POINT ( 'NONE',  ( -5.063744348946010600, -35.59572120776569900, 15.50000000000000000 ) ) ;
#1276 = DIRECTION ( 'NONE',  ( 1.000000000000000000, 2.775557561562890400E-016, -1.602468905319635000E-016 ) ) ;
#1277 = CONICAL_SURFACE ( 'NONE', #2140, 3.000000000000000000, 0.7853981633974476100 ) ;
#1278 = CARTESIAN_POINT ( 'NONE',  ( 18.54191876400230000, -7.550612693555047300, -18.68223216546587300 ) ) ;
#1279 = CARTESIAN_POINT ( 'NONE',  ( 6.149588276188652900, 28.97224439507283800, 24.83223614089564200 ) ) ;
#1280 = FACE_OUTER_BOUND ( 'NONE', #2760, .T. ) ;
#1281 = CARTESIAN_POINT ( 'NONE',  ( 18.34215382089142200, -7.452844332645674400, -18.72124277585657000 ) ) ;
#1282 = AXIS2_PLACEMENT_3D ( 'NONE', #1619, #1580, #1574 ) ;
#1283 = DIRECTION ( 'NONE',  ( 0.0000000000000000000, 0.4999999999999998900, 0.8660254037844387100 ) ) ;
#1284 = FACE_OUTER_BOUND ( 'NONE', #2812, .T. ) ;
#1285 = PLANE ( 'NONE',  #1225 ) ;
#1286 = CARTESIAN_POINT ( 'NONE',  ( 17.93122753351028100, -7.293600558165113800, -18.78385505206915700 ) ) ;
#1287 = CARTESIAN_POINT ( 'NONE',  ( -5.191233068804240100, 0.0000000000000000000, 0.0000000000000000000 ) ) ;
#1288 = TOROIDAL_SURFACE ( 'NONE', #2116, 15.60000000000000000, 0.5999999999999999800 ) ;
#1289 = EDGE_CURVE ( 'NONE', #125, #125, #991, .T. ) ;
#1290 = CARTESIAN_POINT ( 'NONE',  ( 17.71815026319703200, -7.231030824164641000, -18.80789687457485100 ) ) ;
#1291 = CARTESIAN_POINT ( 'NONE',  ( 17.27798967303445800, -7.141584814223863400, -18.84204229816685600 ) ) ;
#1292 = FACE_BOUND ( 'NONE', #2821, .T. ) ;
#1293 = AXIS2_PLACEMENT_3D ( 'NONE', #1689, #1606, #1605 ) ;
#1294 = CARTESIAN_POINT ( 'NONE',  ( 17.05683832051032300, -7.115871500472322500, -18.85170910364591600 ) ) ;
#1295 = FACE_OUTER_BOUND ( 'NONE', #1779, .T. ) ;
#1296 = CARTESIAN_POINT ( 'NONE',  ( 17.56602540378445100, -11.37403810567664100, -16.70041188625644700 ) ) ;
#1297 = CARTESIAN_POINT ( 'NONE',  ( -5.127488705216639400, 35.59985090114862800, 15.50000000000000000 ) ) ;
#1298 = EDGE_CURVE ( 'E1115', #1723, #1372, #1036, .T. ) ;
#1299 = DIRECTION ( 'NONE',  ( 0.0000000000000000000, 0.0000000000000000000, 1.000000000000000000 ) ) ;
#1300 = CARTESIAN_POINT ( 'NONE',  ( 5.954541675626659400, 28.96768953475422800, 24.85537544546997400 ) ) ;
#1301 = FACE_OUTER_BOUND ( 'NONE', #2763, .T. ) ;
#1302 = CARTESIAN_POINT ( 'NONE',  ( 16.61248685446749500, -7.100977600919008200, -18.85732431844367000 ) ) ;
#1303 = FACE_OUTER_BOUND ( 'NONE', #1064, .T. ) ;
#1304 = PLANE ( 'NONE',  #1214 ) ;
#1305 = EDGE_CURVE ( 'NONE', #115, #115, #2125, .T. ) ;
#1306 = AXIS2_PLACEMENT_3D ( 'NONE', #1648, #1666, #1627 ) ;
#1307 = VECTOR ( 'NONE', #746, 1000.000000000000000 ) ;
#1308 = CARTESIAN_POINT ( 'NONE',  ( -5.896158400260660800, 35.90057312865825200, 15.50000000000000500 ) ) ;
#1309 = CARTESIAN_POINT ( 'NONE',  ( 16.38759356551178600, -7.112052653581819200, -18.85317544107553500 ) ) ;
#1310 = CARTESIAN_POINT ( 'NONE',  ( 17.56602540378445100, 18.86250000000000100, -1.500000000000000000 ) ) ;
#1311 = AXIS2_PLACEMENT_3D ( 'NONE', #1673, #1664, #1655 ) ;
#1312 = DIRECTION ( 'NONE',  ( 0.0000000000000000000, 0.0000000000000000000, 1.000000000000000000 ) ) ;
#1313 = CARTESIAN_POINT ( 'NONE',  ( 15.94353508761698500, -7.171697574569577700, -18.83056746511392300 ) ) ;
#1314 = FACE_OUTER_BOUND ( 'NONE', #2852, .T. ) ;
#1315 = CARTESIAN_POINT ( 'NONE',  ( 15.72711813026512400, -7.219582737171590400, -18.81236455481722200 ) ) ;
#1316 = LINE ( 'NONE', #741, #1307 ) ;
#1317 = CARTESIAN_POINT ( 'NONE',  ( 15.30532753265071500, -7.350578436015393200, -18.76156794349008200 ) ) ;
#1318 = FACE_BOUND ( 'NONE', #28, .T. ) ;
#1319 = DIRECTION ( 'NONE',  ( -3.204937810639271500E-016, 0.8660254037844387100, -0.4999999999999998900 ) ) ;
#1320 = CARTESIAN_POINT ( 'NONE',  ( 15.09791449884093200, -7.434808815480401700, -18.72852898092278600 ) ) ;
#1321 = FACE_BOUND ( 'NONE', #2828, .T. ) ;
#1322 = CARTESIAN_POINT ( 'NONE',  ( -5.191233068804240100, 35.60398048053414800, 15.50000000000000000 ) ) ;
#1323 = CARTESIAN_POINT ( 'NONE',  ( 14.70618851578536000, -7.635274587708243700, -18.64770124927751700 ) ) ;
#1324 = FACE_OUTER_BOUND ( 'NONE', #2824, .T. ) ;
#1325 = EDGE_CURVE ( 'NONE', #114, #114, #2376, .T. ) ;
#1326 = CARTESIAN_POINT ( 'NONE',  ( 14.52246282034230000, -7.750662145695854700, -18.60026391899631900 ) ) ;
#1327 = CARTESIAN_POINT ( 'NONE',  ( 14.17966592492061300, -8.011503620802614000, -18.48941295138669000 ) ) ;
#1328 = AXIS2_PLACEMENT_3D ( 'NONE', #1729, #1722, #1720 ) ;
#1329 = VERTEX_POINT ( 'NONE', #1615 ) ;
#1330 = CARTESIAN_POINT ( 'NONE',  ( 14.01904403190442000, -8.158965746436290800, -18.42508193218219500 ) ) ;
#1331 = CARTESIAN_POINT ( 'NONE',  ( 13.73700651506908000, -8.473791538827690300, -18.28242935760014700 ) ) ;
#1332 = AXIS2_PLACEMENT_3D ( 'NONE', #1703, #1679, #1685 ) ;
#1333 = EDGE_LOOP ( 'NONE', ( #2556, #1097, #262, #1596 ) ) ;
#1334 = CARTESIAN_POINT ( 'NONE',  ( 13.61446517043957100, -8.641357376373237600, -18.20408053612451100 ) ) ;
#1335 = CARTESIAN_POINT ( 'NONE',  ( 13.40809789445302000, -8.996966335398044000, -18.03097895932502200 ) ) ;
#1336 = EDGE_LOOP ( 'NONE', ( #2194 ) ) ;
#1337 = CARTESIAN_POINT ( 'NONE',  ( 3.661668293234641200, 27.95962609956309900, 26.18439660932223100 ) ) ;
#1338 = CARTESIAN_POINT ( 'NONE',  ( -5.129999999999999900, 0.0000000000000000000, 0.0000000000000000000 ) ) ;
#1339 = CARTESIAN_POINT ( 'NONE',  ( 13.32457514826447400, -9.186166925118161700, -17.93552000669675200 ) ) ;
#1340 = EDGE_LOOP ( 'NONE', ( #2666, #2658, #2655, #2646 ) ) ;
#1341 = AXIS2_PLACEMENT_3D ( 'NONE', #1847, #1770, #1780 ) ;
#1342 = AXIS2_PLACEMENT_3D ( 'NONE', #1692, #1719, #1688 ) ;
#1343 = EDGE_CURVE ( 'NONE', #112, #112, #973, .T. ) ;
#1344 = CARTESIAN_POINT ( 'NONE',  ( 13.20749361381452000, -9.566019819375734200, -17.73583393872601400 ) ) ;
#1345 = ORIENTED_EDGE ( 'NONE', *, *, #2250, .F. ) ;
#1346 = CARTESIAN_POINT ( 'NONE',  ( -5.191233068804240100, -35.60398048053414800, 15.50000000000000000 ) ) ;
#1347 = AXIS2_PLACEMENT_3D ( 'NONE', #1871, #1793, #1787 ) ;
#1348 = EDGE_LOOP ( 'NONE', ( #2324 ) ) ;
#1349 = CARTESIAN_POINT ( 'NONE',  ( 13.17230528837700400, -9.758917298855889700, -17.63056446565330800 ) ) ;
#1350 = EDGE_CURVE ( 'E1239', #1372, #1614, #981, .T. ) ;
#1351 = CARTESIAN_POINT ( 'NONE',  ( 13.15156581846730800, -10.15072676142842700, -17.40792969994670600 ) ) ;
#1352 = DIRECTION ( 'NONE',  ( -1.000000000000000000, 0.0000000000000000000, 0.0000000000000000000 ) ) ;
#1353 = EDGE_LOOP ( 'NONE', ( #1641, #1636, #1626, #1452 ) ) ;
#1354 = DIRECTION ( 'NONE',  ( 0.0000000000000000000, 0.0000000000000000000, 1.000000000000000000 ) ) ;
#1355 = VERTEX_POINT ( 'NONE', #293 ) ;
#1356 = VERTEX_POINT ( 'NONE', #1687 ) ;
#1357 = CARTESIAN_POINT ( 'NONE',  ( 4.095492753007520500, 28.38436957245016900, 25.68470484114170900 ) ) ;
#1358 = AXIS2_PLACEMENT_3D ( 'NONE', #1758, #1786, #1751 ) ;
#1359 = CARTESIAN_POINT ( 'NONE',  ( 13.16648600385281900, -10.34438116173796000, -17.29351369810434800 ) ) ;
#1360 = CARTESIAN_POINT ( 'NONE',  ( 13.20636367041404200, -10.53373386160500600, -17.17739651207011100 ) ) ;
#1361 = EDGE_LOOP ( 'NONE', ( #2282 ) ) ;
#1362 = DIRECTION ( 'NONE',  ( 0.5000000000000001100, -0.7500000000000001100, 0.4330127018922190800 ) ) ;
#1363 = AXIS2_PLACEMENT_3D ( 'NONE', #1881, #1915, #1864 ) ;
#1364 = AXIS2_PLACEMENT_3D ( 'NONE', #1914, #1919, #1894 ) ;
#1365 = DIRECTION ( 'NONE',  ( 0.0000000000000000000, 0.8660254037844384900, -0.5000000000000002200 ) ) ;
#1366 = CARTESIAN_POINT ( 'NONE',  ( 16.69999999999999900, 14.69693845669906000, 3.000000000000000400 ) ) ;
#1367 = CARTESIAN_POINT ( 'NONE',  ( 16.89873262749544100, 14.69693845669906200, 3.000000000000000000 ) ) ;
#1368 = ORIENTED_EDGE ( 'NONE', *, *, #2229, .F. ) ;
#1369 = CARTESIAN_POINT ( 'NONE',  ( 3.972120831789381200, 28.28794435309011100, 25.80188823055597800 ) ) ;
#1370 = CARTESIAN_POINT ( 'NONE',  ( 3.754368049041864700, 28.07499078427549600, 26.05246104371957800 ) ) ;
#1371 = AXIS2_PLACEMENT_3D ( 'NONE', #2009, #1931, #1930 ) ;
#1372 = VERTEX_POINT ( 'NONE', #1705 ) ;
#1373 = CARTESIAN_POINT ( 'NONE',  ( -5.000000000000000000, 0.0000000000000000000, 0.0000000000000000000 ) ) ;
#1374 = DIRECTION ( 'NONE',  ( -6.123031769111887500E-017, -0.4999999999999998900, -0.8660254037844387100 ) ) ;
#1375 = VERTEX_POINT ( 'NONE', #1700 ) ;
#1376 = CARTESIAN_POINT ( 'NONE',  ( 17.09404136331418300, 14.70096756577295600, 2.980448722068344200 ) ) ;
#1377 = EDGE_CURVE ( 'NONE', #111, #111, #970, .T. ) ;
#1378 = CARTESIAN_POINT ( 'NONE',  ( 16.69999999999999900, -9.804375000000000300, -16.98167563645810300 ) ) ;
#1379 = EDGE_LOOP ( 'NONE', ( #2205 ) ) ;
#1380 = CARTESIAN_POINT ( 'NONE',  ( 17.47812354627825800, 14.71627177742985800, 2.903939897382289200 ) ) ;
#1381 = AXIS2_PLACEMENT_3D ( 'NONE', #1922, #1934, #1994 ) ;
#1382 = VERTEX_POINT ( 'NONE', #1715 ) ;
#1383 = CARTESIAN_POINT ( 'NONE',  ( 17.66892172344898900, 14.72773099557048900, 2.846018501229143500 ) ) ;
#1384 = EDGE_LOOP ( 'NONE', ( #2750 ) ) ;
#1385 = EDGE_CURVE ( 'E1218', #1723, #2341, #989, .T. ) ;
#1386 = AXIS2_PLACEMENT_3D ( 'NONE', #1951, #1944, #1942 ) ;
#1387 = CARTESIAN_POINT ( 'NONE',  ( 18.03196273775271100, 14.75606233744212600, 2.695274731961149900 ) ) ;
#1388 = CARTESIAN_POINT ( 'NONE',  ( 18.20406879296268000, 14.77281411799704400, 2.603103108952793800 ) ) ;
#1389 = EDGE_LOOP ( 'NONE', ( #787, #327, #355, #1716 ) ) ;
#1390 = VERTEX_POINT ( 'NONE', #1738 ) ;
#1391 = EDGE_CURVE ( 'NONE', #109, #109, #961, .T. ) ;
#1392 = CARTESIAN_POINT ( 'NONE',  ( 18.52978540622785900, 14.80952155418172600, 2.385425349274100900 ) ) ;
#1393 = CARTESIAN_POINT ( 'NONE',  ( 3.438813049530639300, 27.59676195710523300, 26.58748474342294800 ) ) ;
#1394 = EDGE_LOOP ( 'NONE', ( #2301 ) ) ;
#1395 = CARTESIAN_POINT ( 'NONE',  ( 18.68360307833589900, 14.82956624122875400, 2.259070037509582900 ) ) ;
#1396 = CARTESIAN_POINT ( 'NONE',  ( -15.90000000000000000, 0.0000000000000000000, 0.0000000000000000000 ) ) ;
#1397 = VERTEX_POINT ( 'NONE', #1749 ) ;
#1398 = CARTESIAN_POINT ( 'NONE',  ( -15.90000000000000000, 0.0000000000000000000, 0.0000000000000000000 ) ) ;
#1399 = CARTESIAN_POINT ( 'NONE',  ( 18.95953658276852100, 14.86898985471027700, 1.983071616933679700 ) ) ;
#1400 = CARTESIAN_POINT ( 'NONE',  ( 5.572139664719760100, 28.93382518120496600, 24.92960055298881300 ) ) ;
#1401 = EDGE_LOOP ( 'NONE', ( #2802, #405, #146, #395, #2237, #1427 ) ) ;
#1402 = CARTESIAN_POINT ( 'NONE',  ( 3.360097304844358800, 27.32540581973487900, 26.87345830944882900 ) ) ;
#1403 = CARTESIAN_POINT ( 'NONE',  ( 19.08354208879771700, 14.88857219481366000, 1.832378237303140100 ) ) ;
#1404 = AXIS2_PLACEMENT_3D ( 'NONE', #1977, #1974, #1971 ) ;
#1405 = EDGE_CURVE ( 'NONE', #108, #108, #956, .T. ) ;
#1406 = CARTESIAN_POINT ( 'NONE',  ( 17.56602540378445100, -8.132211894323338800, -17.08540417888400100 ) ) ;
#1407 = EDGE_LOOP ( 'NONE', ( #2251 ) ) ;
#1408 = CARTESIAN_POINT ( 'NONE',  ( 19.30288047797903800, 14.92525697915290900, 1.504624907067527900 ) ) ;
#1409 = CARTESIAN_POINT ( 'NONE',  ( 19.39576185434306400, 14.94194481748840900, 1.330795018972946900 ) ) ;
#1410 = AXIS2_PLACEMENT_3D ( 'NONE', #1989, #1985, #1981 ) ;
#1411 = EDGE_LOOP ( 'NONE', ( #1767, #1151, #2844, #2836 ) ) ;
#1412 = DIRECTION ( 'NONE',  ( 0.0000000000000000000, 0.0000000000000000000, 1.000000000000000000 ) ) ;
#1413 = CARTESIAN_POINT ( 'NONE',  ( -5.129999999999999900, 0.0000000000000000000, 0.0000000000000000000 ) ) ;
#1414 = CARTESIAN_POINT ( 'NONE',  ( -5.123659985950879100, 26.86331408591702900, -0.4750657880534545600 ) ) ;
#1415 = VERTEX_POINT ( 'NONE', #1761 ) ;
#1416 = CARTESIAN_POINT ( 'NONE',  ( 15.83397459621554900, -10.73028810567664100, -15.58540417888400000 ) ) ;
#1417 = AXIS2_PLACEMENT_3D ( 'NONE', #2139, #2104, #2061 ) ;
#1418 = CARTESIAN_POINT ( 'NONE',  ( 19.54555592704165400, 14.96969510335662400, 0.9700303211408088900 ) ) ;
#1419 = VERTEX_POINT ( 'NONE', #1727 ) ;
#1420 = DIRECTION ( 'NONE',  ( 0.0000000000000000000, 0.0000000000000000000, 1.000000000000000000 ) ) ;
#1421 = CARTESIAN_POINT ( 'NONE',  ( 19.60343740481855300, 14.98093834363776500, 0.7804345221535090600 ) ) ;
#1422 = ORIENTED_EDGE ( 'NONE', *, *, #2260, .T. ) ;
#1423 = EDGE_CURVE ( 'NONE', #105, #105, #952, .T. ) ;
#1424 = CARTESIAN_POINT ( 'NONE',  ( 19.68070620892826400, 14.99610530758304200, 0.3929596711177041900 ) ) ;
#1425 = EDGE_CURVE ( 'E113', #2156, #604, #966, .T. ) ;
#1426 = AXIS2_PLACEMENT_3D ( 'NONE', #2018, #2014, #2011 ) ;
#1427 = ORIENTED_EDGE ( 'NONE', *, *, #2358, .F. ) ;
#1428 = CARTESIAN_POINT ( 'NONE',  ( 19.69988329741259700, 14.99997665948642700, 0.1979785092182091700 ) ) ;
#1429 = CARTESIAN_POINT ( 'NONE',  ( 8.731681489274999200, 28.08953415815533500, 25.59989337385301100 ) ) ;
#1430 = EDGE_LOOP ( 'NONE', ( #1432, #1422, #1368, #1345 ) ) ;
#1431 = AXIS2_PLACEMENT_3D ( 'NONE', #2006, #2002, #2001 ) ;
#1432 = ORIENTED_EDGE ( 'NONE', *, *, #2245, .F. ) ;
#1433 = EDGE_CURVE ( 'E1203', #2348, #2341, #963, .T. ) ;
#1434 = CARTESIAN_POINT ( 'NONE',  ( 19.70011565074292600, 15.00002313014468300, -0.1944257451436392800 ) ) ;
#1435 = VERTEX_POINT ( 'NONE', #1778 ) ;
#1436 = DIRECTION ( 'NONE',  ( 0.0000000000000000000, -0.9080769220713451600, -0.4188034188034190400 ) ) ;
#1437 = CARTESIAN_POINT ( 'NONE',  ( 19.68051919728089400, 14.99606876974466000, -0.3937790020262559300 ) ) ;
#1438 = EDGE_CURVE ( 'E1155', #2567, #1329, #971, .T. ) ;
#1439 = DIRECTION ( 'NONE',  ( -1.000000000000000000, 0.0000000000000000000, 0.0000000000000000000 ) ) ;
#1440 = VERTEX_POINT ( 'NONE', #1831 ) ;
#1441 = AXIS2_PLACEMENT_3D ( 'NONE', #2052, #2046, #2045 ) ;
#1442 = CARTESIAN_POINT ( 'NONE',  ( 3.360612098873940300, 27.04441722625844900, 27.15327723616865200 ) ) ;
#1443 = EDGE_LOOP ( 'NONE', ( #1813, #2744, #86, #122, #1270, #2644, #2747, #918 ) ) ;
#1444 = EDGE_CURVE ( 'NONE', #100, #100, #382, .T. ) ;
#1445 = CARTESIAN_POINT ( 'NONE',  ( 19.60376269518198100, 14.98100202428000900, -0.7789215607917293600 ) ) ;
#1446 = ORIENTED_EDGE ( 'NONE', *, *, #2298, .F. ) ;
#1447 = DIRECTION ( 'NONE',  ( -1.000000000000000000, 0.0000000000000000000, 0.0000000000000000000 ) ) ;
#1448 = CARTESIAN_POINT ( 'NONE',  ( 17.56602540378445100, -11.37403810567664100, -16.70041188625644700 ) ) ;
#1449 = EDGE_CURVE ( 'NONE', #97, #97, #946, .T. ) ;
#1450 = CARTESIAN_POINT ( 'NONE',  ( 19.54697712765403800, 14.96996309097574600, -0.9661757799957208000 ) ) ;
#1451 = CARTESIAN_POINT ( 'NONE',  ( 19.39626086434893500, 14.94203262037700400, -1.330019456480211200 ) ) ;
#1452 = ORIENTED_EDGE ( 'NONE', *, *, #1425, .F. ) ;
#1453 = DIRECTION ( 'NONE',  ( 0.0000000000000000000, -1.000000000000000000, 0.0000000000000000000 ) ) ;
#1454 = DIRECTION ( 'NONE',  ( 0.0000000000000000000, 0.0000000000000000000, 1.000000000000000000 ) ) ;
#1455 = EDGE_CURVE ( 'NONE', #96, #96, #127, .T. ) ;
#1456 = CARTESIAN_POINT ( 'NONE',  ( 19.30255618701799800, 14.92520913899381600, -1.504919136500935300 ) ) ;
#1457 = ORIENTED_EDGE ( 'NONE', *, *, #1086, .F. ) ;
#1458 = DIRECTION ( 'NONE',  ( 1.000000000000000000, 0.0000000000000000000, 0.0000000000000000000 ) ) ;
#1459 = AXIS2_PLACEMENT_3D ( 'NONE', #2089, #2079, #2074 ) ;
#1460 = DIRECTION ( 'NONE',  ( -1.000000000000000000, -2.775557561562890400E-016, 1.602468905319635000E-016 ) ) ;
#1461 = EDGE_LOOP ( 'NONE', ( #2153, #2094, #2090, #2077, #1850, #1832, #1794, #1772 ) ) ;
#1462 = CARTESIAN_POINT ( 'NONE',  ( 19.08566854798052900, 14.88892150415677800, -1.829389486459581900 ) ) ;
#1463 = CARTESIAN_POINT ( 'NONE',  ( 18.96111336109149500, 14.86921657261222100, -1.981473907884618200 ) ) ;
#1464 = ORIENTED_EDGE ( 'NONE', *, *, #1444, .F. ) ;
#1465 = CARTESIAN_POINT ( 'NONE',  ( 0.0000000000000000000, 0.0000000000000000000, 0.0000000000000000000 ) ) ;
#1466 = AXIS2_PLACEMENT_3D ( 'NONE', #2123, #2117, #2114 ) ;
#1467 = CARTESIAN_POINT ( 'NONE',  ( 18.68233887690893300, 14.82938418392496200, -2.260355073086827400 ) ) ;
#1468 = EDGE_LOOP ( 'NONE', ( #1743 ) ) ;
#1469 = CARTESIAN_POINT ( 'NONE',  ( 18.53142013494150600, 14.80973089887491800, -2.384114422744817700 ) ) ;
#1470 = ORIENTED_EDGE ( 'NONE', *, *, #1888, .F. ) ;
#1471 = EDGE_CURVE ( 'E1182', #2243, #2348, #940, .T. ) ;
#1472 = ORIENTED_EDGE ( 'NONE', *, *, #1444, .T. ) ;
#1473 = DIRECTION ( 'NONE',  ( -1.000000000000000000, 0.0000000000000000000, 0.0000000000000000000 ) ) ;
#1474 = DIRECTION ( 'NONE',  ( 0.0000000000000000000, 0.0000000000000000000, -1.000000000000000000 ) ) ;
#1475 = VERTEX_POINT ( 'NONE', #2142 ) ;
#1476 = CARTESIAN_POINT ( 'NONE',  ( 18.20704119838583100, 14.77312433982917000, -2.601331989150332400 ) ) ;
#1477 = ORIENTED_EDGE ( 'NONE', *, *, #1797, .T. ) ;
#1478 = AXIS2_PLACEMENT_3D ( 'NONE', #2434, #2432, #2426 ) ;
#1479 = ADVANCED_FACE ( 'E1086', ( #928, #943 ), #2147, .T. ) ;
#1480 = VERTEX_POINT ( 'NONE', #2151 ) ;
#1481 = PLANE ( 'NONE',  #1612 ) ;
#1482 = AXIS2_PLACEMENT_3D ( 'NONE', #2465, #2464, #2461 ) ;
#1483 = AXIS2_PLACEMENT_3D ( 'NONE', #2477, #2474, #2472 ) ;
#1484 = CARTESIAN_POINT ( 'NONE',  ( -18.00000000000000000, 64.99145299145298800, -14.07519229210586100 ) ) ;
#1485 = CARTESIAN_POINT ( 'NONE',  ( -15.90000000000000000, 0.0000000000000000000, 0.0000000000000000000 ) ) ;
#1486 = ADVANCED_FACE ( 'E97', ( #908 ), #2168, .T. ) ;
#1487 = DIRECTION ( 'NONE',  ( -1.000000000000000000, 0.0000000000000000000, 0.0000000000000000000 ) ) ;
#1488 = CARTESIAN_POINT ( 'NONE',  ( 18.03142588272925600, 14.75601687978461400, -2.695520002760364100 ) ) ;
#1489 = AXIS2_PLACEMENT_3D ( 'NONE', #2532, #2527, #2523 ) ;
#1490 = CARTESIAN_POINT ( 'NONE',  ( 17.66887520540244000, 14.72773093313869500, -2.846015425615075600 ) ) ;
#1491 = AXIS2_PLACEMENT_3D ( 'NONE', #2553, #2549, #2544 ) ;
#1492 = DIRECTION ( 'NONE',  ( 0.0000000000000000000, 0.0000000000000000000, 1.000000000000000000 ) ) ;
#1493 = CARTESIAN_POINT ( 'NONE',  ( 17.48189141022036000, 14.71646219307978000, -2.902979580340177900 ) ) ;
#1494 = VERTEX_POINT ( 'NONE', #2134 ) ;
#1495 = CARTESIAN_POINT ( 'NONE',  ( 17.09638237995374500, 14.70102119902246300, -2.980188858128057100 ) ) ;
#1496 = EDGE_LOOP ( 'NONE', ( #2579, #2575, #2571, #2550, #2542 ) ) ;
#1497 = DIRECTION ( 'NONE',  ( 1.000000000000000000, 0.0000000000000000000, 0.0000000000000000000 ) ) ;
#1498 = AXIS2_PLACEMENT_3D ( 'NONE', #141, #2842, #185 ) ;
#1499 = EDGE_CURVE ( 'E1140', #1356, #1329, #925, .T. ) ;
#1500 = CARTESIAN_POINT ( 'NONE',  ( 4.876340014049119100, -23.02677953421777300, 13.84307608388168200 ) ) ;
#1501 = ORIENTED_EDGE ( 'NONE', *, *, #1785, .T. ) ;
#1502 = AXIS2_PLACEMENT_3D ( 'NONE', #2777, #2775, #2771 ) ;
#1503 = CARTESIAN_POINT ( 'NONE',  ( 15.83397459621554900, -8.775961894323339500, -18.20041188625645000 ) ) ;
#1504 = CARTESIAN_POINT ( 'NONE',  ( 16.89726437532201700, 14.69695478739971200, -2.999919996225663500 ) ) ;
#1505 = CARTESIAN_POINT ( 'NONE',  ( 16.50517657308977300, 14.69692222734995800, -3.000079507255219100 ) ) ;
#1506 = ORIENTED_EDGE ( 'NONE', *, *, #1888, .T. ) ;
#1507 = AXIS2_PLACEMENT_3D ( 'NONE', #2708, #2705, #2699 ) ;
#1508 = DIRECTION ( 'NONE',  ( -1.000000000000000000, 0.0000000000000000000, 0.0000000000000000000 ) ) ;
#1509 = ORIENTED_EDGE ( 'NONE', *, *, #1423, .T. ) ;
#1510 = CARTESIAN_POINT ( 'NONE',  ( 16.30997363088471600, 14.70083036330425100, -2.981129939118267300 ) ) ;
#1511 = CARTESIAN_POINT ( 'NONE',  ( 15.92129993582187800, 14.71627217035598200, -2.903942577352645900 ) ) ;
#1512 = CARTESIAN_POINT ( 'NONE',  ( 6.406589672768369300, 27.50744583102774900, 27.61251980533469900 ) ) ;
#1513 = ORIENTED_EDGE ( 'NONE', *, *, #1785, .F. ) ;
#1514 = AXIS2_PLACEMENT_3D ( 'NONE', #280, #278, #288 ) ;
#1515 = CARTESIAN_POINT ( 'NONE',  ( 15.73277931478284100, 14.72763019006777300, -2.846524459397664900 ) ) ;
#1516 = CARTESIAN_POINT ( 'NONE',  ( 15.37154465509528300, 14.75575713966889200, -2.696928576817565500 ) ) ;
#1517 = DIRECTION ( 'NONE',  ( 0.0000000000000000000, 0.0000000000000000000, -1.000000000000000000 ) ) ;
#1518 = ORIENTED_EDGE ( 'NONE', *, *, #1086, .T. ) ;
#1519 = ORIENTED_EDGE ( 'NONE', *, *, #1423, .F. ) ;
#1520 = CARTESIAN_POINT ( 'NONE',  ( 15.19634754207447900, 14.77276676428443600, -2.603385116807263300 ) ) ;
#1521 = AXIS2_PLACEMENT_3D ( 'NONE', #317, #282, #316 ) ;
#1522 = ORIENTED_EDGE ( 'NONE', *, *, #1343, .T. ) ;
#1523 = CARTESIAN_POINT ( 'NONE',  ( -6.299999999999999800, 0.0000000000000000000, 0.0000000000000000000 ) ) ;
#1524 = DIRECTION ( 'NONE',  ( -0.06162841671621946400, -0.7044160264027585800, 0.7071067811865476800 ) ) ;
#1525 = CARTESIAN_POINT ( 'NONE',  ( 14.86971865899985400, 14.80957787868832700, -2.385090143668735100 ) ) ;
#1526 = CARTESIAN_POINT ( 'NONE',  ( 14.71898796295572800, 14.82921591264360300, -2.261378153821596000 ) ) ;
#1527 = ORIENTED_EDGE ( 'NONE', *, *, #1797, .F. ) ;
#1528 = AXIS2_PLACEMENT_3D ( 'NONE', #339, #369, #334 ) ;
#1529 = PLANE ( 'NONE',  #1261 ) ;
#1530 = CARTESIAN_POINT ( 'NONE',  ( 14.44218967768794400, 14.86872366225248500, -1.985077427698224600 ) ) ;
#1531 = ORIENTED_EDGE ( 'NONE', *, *, #1405, .F. ) ;
#1532 = CARTESIAN_POINT ( 'NONE',  ( 14.31567569559144100, 14.88870449910819000, -1.831165505577941400 ) ) ;
#1533 = DIRECTION ( 'NONE',  ( 0.06162841671621927000, 0.7044160264027586900, 0.7071067811865476800 ) ) ;
#1534 = AXIS2_PLACEMENT_3D ( 'NONE', #694, #464, #451 ) ;
#1535 = AXIS2_PLACEMENT_3D ( 'NONE', #719, #724, #716 ) ;
#1536 = CARTESIAN_POINT ( 'NONE',  ( 14.09831823064487100, 14.92505501839660900, -1.506459912648552500 ) ) ;
#1537 = ADVANCED_FACE ( 'E1409', ( #902 ), #934, .F. ) ;
#1538 = ORIENTED_EDGE ( 'NONE', *, *, #1405, .T. ) ;
#1539 = CARTESIAN_POINT ( 'NONE',  ( -6.299999999999999800, 72.46228429725191200, 0.0000000000000000000 ) ) ;
#1540 = DIRECTION ( 'NONE',  ( 0.4999999999999999400, 0.7499999999999998900, -0.4330127018922194600 ) ) ;
#1541 = CARTESIAN_POINT ( 'NONE',  ( 14.00591473623859300, 14.94163839411391800, -1.334451681812066000 ) ) ;
#1542 = CARTESIAN_POINT ( 'NONE',  ( 13.85446589232662400, 14.96968693226331100, -0.9704598608777704700 ) ) ;
#1543 = DIRECTION ( 'NONE',  ( -0.8660254037844387100, 0.4330127018922194100, -0.2499999999999998900 ) ) ;
#1544 = ORIENTED_EDGE ( 'NONE', *, *, #1343, .F. ) ;
#1545 = CARTESIAN_POINT ( 'NONE',  ( 13.79674903921048200, 14.98090278446223600, -0.7806524474689307000 ) ) ;
#1546 = CARTESIAN_POINT ( 'NONE',  ( 13.71994520029815800, 14.99597641720634800, -0.3969354807000102800 ) ) ;
#1547 = AXIS2_PLACEMENT_3D ( 'NONE', #742, #699, #709 ) ;
#1548 = ORIENTED_EDGE ( 'NONE', *, *, #1830, .F. ) ;
#1549 = AXIS2_PLACEMENT_3D ( 'NONE', #903, #898, #861 ) ;
#1550 = CARTESIAN_POINT ( 'NONE',  ( 13.79538761656075800, 14.98116738448170400, 0.7756591342849165100 ) ) ;
#1551 = CARTESIAN_POINT ( 'NONE',  ( 13.85334230009300100, 14.96990365834671100, 0.9669687215970376200 ) ) ;
#1552 = VERTEX_POINT ( 'NONE', #2188 ) ;
#1553 = PLANE ( 'NONE',  #1271 ) ;
#1554 = PERSON ( 'UNSPECIFIED', 'UNSPECIFIED', 'UNSPECIFIED', ('UNSPECIFIED'), ('UNSPECIFIED'), ('UNSPECIFIED') ) ;
#1555 = AXIS2_PLACEMENT_3D ( 'NONE', #2049, #2124, #2066 ) ;
#1556 = CARTESIAN_POINT ( 'NONE',  ( 14.43938632435377100, 14.86915525616976000, 1.981829517087991800 ) ) ;
#1557 = AXIS2_PLACEMENT_3D ( 'NONE', #1711, #1841, #1815 ) ;
#1558 = CARTESIAN_POINT ( 'NONE',  ( 14.00351744523213800, 14.94207394065193200, 1.329462448066684100 ) ) ;
#1559 = ORIENTED_EDGE ( 'NONE', *, *, #1826, .F. ) ;
#1560 = CARTESIAN_POINT ( 'NONE',  ( 14.31347417606684600, 14.88905509110817800, 1.828400782559501200 ) ) ;
#1561 = ORIENTED_EDGE ( 'NONE', *, *, #1325, .F. ) ;
#1562 = CARTESIAN_POINT ( 'NONE',  ( 14.85273505451786500, 14.81006425188815000, 2.395767501756535600 ) ) ;
#1563 = ORIENTED_EDGE ( 'NONE', *, *, #1826, .T. ) ;
#1564 = CARTESIAN_POINT ( 'NONE',  ( 15.18644570337041500, 14.77029061742913800, 2.619514996116964600 ) ) ;
#1565 = EDGE_LOOP ( 'NONE', ( #2152 ) ) ;
#1566 = DIRECTION ( 'NONE',  ( 1.000000000000000000, 0.0000000000000000000, 0.0000000000000000000 ) ) ;
#1567 = CARTESIAN_POINT ( 'NONE',  ( 15.83397459621554900, -11.37403810567664100, -16.70041188625644700 ) ) ;
#1568 = ORIENTED_EDGE ( 'NONE', *, *, #1192, .T. ) ;
#1569 = AXIS2_PLACEMENT_3D ( 'NONE', #1730, #1747, #1762 ) ;
#1570 = ORIENTED_EDGE ( 'NONE', *, *, #1305, .T. ) ;
#1571 = CARTESIAN_POINT ( 'NONE',  ( 14.09551243211655500, 14.92554225108802300, 1.501732146124788800 ) ) ;
#1572 = CARTESIAN_POINT ( 'NONE',  ( 15.72760604295971700, 14.72797370945187900, 2.844754180635549600 ) ) ;
#1573 = ORIENTED_EDGE ( 'NONE', *, *, #1325, .T. ) ;
#1574 = DIRECTION ( 'NONE',  ( 0.0000000000000000000, 0.8660254037844387100, -0.4999999999999998900 ) ) ;
#1575 = ORIENTED_EDGE ( 'NONE', *, *, #1834, .T. ) ;
#1576 = DIRECTION ( 'NONE',  ( 0.0000000000000000000, 0.0000000000000000000, -1.000000000000000000 ) ) ;
#1577 = ORIENTED_EDGE ( 'NONE', *, *, #1305, .F. ) ;
#1578 = AXIS2_PLACEMENT_3D ( 'NONE', #1523, #1487, #1454 ) ;
#1579 = PERSON_AND_ORGANIZATION ( #1554, #2758 ) ;
#1580 = DIRECTION ( 'NONE',  ( 0.0000000000000000000, -0.4999999999999998900, -0.8660254037844387100 ) ) ;
#1581 = DIRECTION ( 'NONE',  ( 1.000000000000000000, 0.0000000000000000000, 0.0000000000000000000 ) ) ;
#1582 = CARTESIAN_POINT ( 'NONE',  ( -5.423708266588658200, 26.86651407665321400, 0.2478728786205099400 ) ) ;
#1583 = ORIENTED_EDGE ( 'NONE', *, *, #1830, .T. ) ;
#1584 = UNCERTAINTY_MEASURE_WITH_UNIT (LENGTH_MEASURE( 1.000000000000000100E-005 ), #362, 'distance_accuracy_value', 'NONE');
#1585 = AXIS2_PLACEMENT_3D ( 'NONE', #1717, #1681, #1420 ) ;
#1586 = DIRECTION ( 'NONE',  ( -0.5000000000000001100, 0.7500000000000001100, -0.4330127018922190800 ) ) ;
#1587 = CARTESIAN_POINT ( 'NONE',  ( -5.248694659672832300, 26.86432390680209500, 0.4232264469304766700 ) ) ;
#1588 = AXIS2_PLACEMENT_3D ( 'NONE', #2796, #2734, #2761 ) ;
#1589 = ORIENTED_EDGE ( 'NONE', *, *, #1834, .F. ) ;
#1590 = CARTESIAN_POINT ( 'NONE',  ( -5.125771665220614900, 26.86331751089765200, 0.4748720904330260300 ) ) ;
#1591 = ORIENTED_EDGE ( 'NONE', *, *, #1175, .T. ) ;
#1592 = CARTESIAN_POINT ( 'NONE',  ( 17.56602540378445100, -8.132211894323338800, -17.08540417888400100 ) ) ;
#1593 = ORIENTED_EDGE ( 'NONE', *, *, #1192, .F. ) ;
#1594 = PLANE ( 'NONE',  #1282 ) ;
#1595 = ORIENTED_EDGE ( 'NONE', *, *, #1176, .F. ) ;
#1596 = ORIENTED_EDGE ( 'NONE', *, *, #2368, .F. ) ;
#1597 = AXIS2_PLACEMENT_3D ( 'NONE', #2515, #2591, #2506 ) ;
#1598 = CARTESIAN_POINT ( 'NONE',  ( -4.875196345232690300, 26.86331299619931900, 0.4751274163856682400 ) ) ;
#1599 = AXIS2_PLACEMENT_3D ( 'NONE', #2519, #2518, #2589 ) ;
#1600 = CARTESIAN_POINT ( 'NONE',  ( -4.752169733674018700, 26.86431503674045400, 0.4237808906354362200 ) ) ;
#1601 = ORIENTED_EDGE ( 'NONE', *, *, #1176, .T. ) ;
#1602 = CARTESIAN_POINT ( 'NONE',  ( 18.43205080756889900, -10.07500000000000100, -17.45041188625645000 ) ) ;
#1603 = CARTESIAN_POINT ( 'NONE',  ( -4.576615442238805000, 26.86650809160137500, 0.2485067412049997400 ) ) ;
#1604 = VERTEX_POINT ( 'NONE', #2240 ) ;
#1605 = DIRECTION ( 'NONE',  ( 0.0000000000000000000, 0.0000000000000000000, -1.000000000000000000 ) ) ;
#1606 = DIRECTION ( 'NONE',  ( 0.0000000000000000000, -1.000000000000000000, 0.0000000000000000000 ) ) ;
#1607 = AXIS2_PLACEMENT_3D ( 'NONE', #2131, #2169, #2065 ) ;
#1608 = CARTESIAN_POINT ( 'NONE',  ( -4.525000000000002100, 26.86751442127221200, 0.1255258683742718200 ) ) ;
#1609 = ORIENTED_EDGE ( 'NONE', *, *, #1175, .F. ) ;
#1610 = CARTESIAN_POINT ( 'NONE',  ( -4.525000000000001200, 26.86751442127220100, 0.0000000000000000000 ) ) ;
#1611 = ORIENTED_EDGE ( 'NONE', *, *, #2458, .T. ) ;
#1612 = AXIS2_PLACEMENT_3D ( 'NONE', #1503, #2381, #2428 ) ;
#1613 = CARTESIAN_POINT ( 'NONE',  ( 18.43205080756889900, 20.15000000000000200, 1.060540212046012100E-016 ) ) ;
#1614 = VERTEX_POINT ( 'NONE', #2227 ) ;
#1615 = CARTESIAN_POINT ( 'NONE',  ( 18.43205080756889900, 18.86250000000000100, 1.060540212046012100E-016 ) ) ;
#1616 = CARTESIAN_POINT ( 'NONE',  ( -9.500000000000000000, 0.0000000000000000000, 0.0000000000000000000 ) ) ;
#1617 = AXIS2_PLACEMENT_3D ( 'NONE', #69, #50, #58 ) ;
#1618 = ORIENTED_EDGE ( 'NONE', *, *, #1449, .F. ) ;
#1619 = CARTESIAN_POINT ( 'NONE',  ( 14.24125000000000100, -10.07500000000000100, -17.45041188625645000 ) ) ;
#1620 = CARTESIAN_POINT ( 'NONE',  ( -4.525000000000000400, -6.953824426791880100, -25.95202606770080700 ) ) ;
#1621 = EDGE_LOOP ( 'NONE', ( #2330 ) ) ;
#1622 = CLOSED_SHELL ( 'NONE', ( #216, #2657, #2056, #1486, #2753, #2603, #2516, #2473, #2495, #2695, #2754, #1067, #256, #394, #631, #2586, #2727, #2608, #2798, #236, #851, #782, #98, #988, #2739, #806, #2710, #1907, #2525, #2593, #2497, #172, #2505, #606, #2849, #390, #1899, #104, #117, #2570, #1956, #2628, #2580, #2622, #2700, #1077, #2219, #2663, #2565, #2551, #1479, #2244, #1162, #1073, #43, #2558, #101, #61, #2490, #2766, #2681, #54, #2682, #1, #64, #75, #85, #74, #2547, #2209, #121, #2721, #2839, #2827, #2594, #2606, #2826 ) ) ;
#1623 = CARTESIAN_POINT ( 'NONE',  ( -4.524999999999997700, -7.075073104921950900, -25.91953758231250800 ) ) ;
#1624 = CARTESIAN_POINT ( 'NONE',  ( -4.576503075977372600, -7.193375239529161500, -25.88679904995721500 ) ) ;
#1625 = EDGE_CURVE ( 'E1145', #1836, #1356, #895, .T. ) ;
#1626 = ORIENTED_EDGE ( 'NONE', *, *, #2338, .F. ) ;
#1627 = DIRECTION ( 'NONE',  ( 1.000000000000000000, 0.0000000000000000000, 0.0000000000000000000 ) ) ;
#1628 = PLANE ( 'NONE',  #1293 ) ;
#1629 = CARTESIAN_POINT ( 'NONE',  ( -4.751806018738900400, -7.362107170567390400, -25.83931869068178200 ) ) ;
#1630 = ORIENTED_EDGE ( 'NONE', *, *, #1058, .F. ) ;
#1631 = AXIS2_PLACEMENT_3D ( 'NONE', #1398, #1439, #1179 ) ;
#1632 = ORIENTED_EDGE ( 'NONE', *, *, #1860, .F. ) ;
#1633 = CARTESIAN_POINT ( 'NONE',  ( -4.875835122248117800, -7.411488994286473900, -25.82504912036332100 ) ) ;
#1634 = CARTESIAN_POINT ( 'NONE',  ( -5.123659985950872900, -7.411615613873354200, -25.82501278167730500 ) ) ;
#1635 = VERTEX_POINT ( 'NONE', #2270 ) ;
#1636 = ORIENTED_EDGE ( 'NONE', *, *, #2358, .T. ) ;
#1637 = AXIS2_PLACEMENT_3D ( 'NONE', #1616, #1709, #1708 ) ;
#1638 = ORIENTED_EDGE ( 'NONE', *, *, #1960, .T. ) ;
#1639 = AXIS2_PLACEMENT_3D ( 'NONE', #1818, #1803, #1800 ) ;
#1640 = CARTESIAN_POINT ( 'NONE',  ( -5.246987325954412600, -7.363196592745731000, -25.83901164791194600 ) ) ;
#1641 = ORIENTED_EDGE ( 'NONE', *, *, #2181, .F. ) ;
#1642 = ORIENTED_EDGE ( 'NONE', *, *, #1391, .T. ) ;
#1643 = CARTESIAN_POINT ( 'NONE',  ( -5.424420860524213200, -7.192557824133746000, -25.88702955054603200 ) ) ;
#1644 = VERTEX_POINT ( 'NONE', #2284 ) ;
#1645 = CARTESIAN_POINT ( 'NONE',  ( -5.474956086008322800, -7.073756320516843700, -25.91988960987262300 ) ) ;
#1646 = CARTESIAN_POINT ( 'NONE',  ( -5.475043854493407900, -6.834217300427569700, -25.98407550328798300 ) ) ;
#1647 = ORIENTED_EDGE ( 'NONE', *, *, #949, .T. ) ;
#1648 = CARTESIAN_POINT ( 'NONE',  ( 0.0000000000000000000, 0.0000000000000000000, 0.0000000000000000000 ) ) ;
#1649 = AXIS2_PLACEMENT_3D ( 'NONE', #1373, #1458, #1474 ) ;
#1650 = CARTESIAN_POINT ( 'NONE',  ( -5.423708266588658200, -6.714138703456661100, -26.01521403074950100 ) ) ;
#1651 = CARTESIAN_POINT ( 'NONE',  ( -5.248694659672833200, -6.544193305424641900, -26.05848333223166700 ) ) ;
#1652 = VERTEX_POINT ( 'NONE', #2206 ) ;
#1653 = ORIENTED_EDGE ( 'NONE', *, *, #1860, .T. ) ;
#1654 = CARTESIAN_POINT ( 'NONE',  ( -5.125771665220618400, -6.494046970123228800, -26.07087810457111500 ) ) ;
#1655 = DIRECTION ( 'NONE',  ( 0.4999999999999998900, 0.0000000000000000000, -0.8660254037844387100 ) ) ;
#1656 = CARTESIAN_POINT ( 'NONE',  ( -4.875196345232693000, -6.493799175701532500, -26.07093982692666500 ) ) ;
#1657 = DIRECTION ( 'NONE',  ( 0.0000000000000000000, -1.000000000000000000, 0.0000000000000000000 ) ) ;
#1658 = AXIS2_PLACEMENT_3D ( 'NONE', #1287, #1174, #1312 ) ;
#1659 = ORIENTED_EDGE ( 'NONE', *, *, #1072, .F. ) ;
#1660 = AXIS2_PLACEMENT_3D ( 'NONE', #1127, #1084, #1195 ) ;
#1661 = CARTESIAN_POINT ( 'NONE',  ( -4.752169733674022300, -6.543655458189907600, -26.05861826500031600 ) ) ;
#1662 = CARTESIAN_POINT ( 'NONE',  ( -4.576615442238806800, -6.713524890170579500, -26.01537230534221800 ) ) ;
#1663 = ORIENTED_EDGE ( 'NONE', *, *, #1449, .T. ) ;
#1664 = DIRECTION ( 'NONE',  ( 0.8660254037844387100, 0.0000000000000000000, 0.4999999999999998900 ) ) ;
#1665 = EDGE_CURVE ( 'E1197', #1804, #2348, #897, .T. ) ;
#1666 = DIRECTION ( 'NONE',  ( 0.0000000000000000000, 1.000000000000000000, 0.0000000000000000000 ) ) ;
#1667 = AXIS2_PLACEMENT_3D ( 'NONE', #1000, #1011, #765 ) ;
#1668 = ORIENTED_EDGE ( 'NONE', *, *, #1879, .F. ) ;
#1669 = CARTESIAN_POINT ( 'NONE',  ( -4.525000000000003000, -6.832575748661811100, -25.98451455308910200 ) ) ;
#1670 = PLANE ( 'NONE',  #1311 ) ;
#1671 = ORIENTED_EDGE ( 'NONE', *, *, #1879, .T. ) ;
#1672 = B_SPLINE_CURVE_WITH_KNOTS ( 'NONE', 3,
 ( #1366, #1367, #1376, #1380, #1383, #1387, #1388, #1392, #1395, #1399, #1403, #1408, #1409, #1418, #1421, #1424, #1428, #1434, #1437, #1445, #1450, #1451, #1456, #1462, #1463, #1467, #1469, #1476, #1488, #1490, #1493, #1495, #1504, #1505, #1510, #1511, #1515, #1516, #1520, #1525, #1526, #1530, #1532, #1536, #1541, #1542, #1545, #1546, #885, #95, #22, #1550, #1551, #1558, #1571, #1560, #1556, #1562, #1564, #1572, #106, #103, #99, #13 ),
 .UNSPECIFIED., .T., .F.,
 ( 4, 2, 2, 2, 2, 2, 2, 2, 2, 2, 2, 2, 2, 2, 2, 2, 2, 2, 2, 2, 2, 2, 2, 2, 2, 2, 2, 2, 2, 2, 2, 4 ),
 ( 0.0000000000000000000, 0.0005876165346408032100, 0.001175233069281606400, 0.001762849603922409600, 0.002350466138563212800, 0.002938082673204015400, 0.003525699207844817100, 0.004113315742485619200, 0.004700932277126422200, 0.005288548811767224300, 0.005876165346408026400, 0.006463781881048828600, 0.007051398415689629800, 0.007639014950330431100, 0.008226631484971233200, 0.008814248019612034400, 0.009401864554252835700, 0.009989481088893635200, 0.01057709762353443800, 0.01116471415817523800, 0.01175233069281604100, 0.01233994722745684400, 0.01292756376209764700, 0.01351518029673845000, 0.01410279683137925300, 0.01469041336602005600, 0.01527802990066085900, 0.01586564643530166300, 0.01645326296994246600, 0.01762849603922407600, 0.01821611257386487500, 0.01880372910850567500 ),
 .UNSPECIFIED. ) ;
#1673 = CARTESIAN_POINT ( 'NONE',  ( 15.83397459621554900, 20.15000000000000200, -1.500000000000000000 ) ) ;
#1674 = ORIENTED_EDGE ( 'NONE', *, *, #2354, .T. ) ;
#1675 = CARTESIAN_POINT ( 'NONE',  ( -4.525000000000000400, -6.953824426791880100, -25.95202606770080700 ) ) ;
#1676 = AXIS2_PLACEMENT_3D ( 'NONE', #904, #914, #822 ) ;
#1677 = AXIS2_PLACEMENT_3D ( 'NONE', #1061, #877, #867 ) ;
#1678 = ORIENTED_EDGE ( 'NONE', *, *, #1072, .T. ) ;
#1679 = DIRECTION ( 'NONE',  ( 0.0000000000000000000, 1.000000000000000000, 0.0000000000000000000 ) ) ;
#1680 = CARTESIAN_POINT ( 'NONE',  ( -18.00000000000000000, 64.99145299145298800, 14.07519229210583900 ) ) ;
#1681 = DIRECTION ( 'NONE',  ( -1.000000000000000000, 0.0000000000000000000, 0.0000000000000000000 ) ) ;
#1682 = AXIS2_PLACEMENT_3D ( 'NONE', #780, #785, #800 ) ;
#1683 = ORIENTED_EDGE ( 'NONE', *, *, #2223, .T. ) ;
#1684 = ORIENTED_EDGE ( 'NONE', *, *, #1455, .T. ) ;
#1685 = DIRECTION ( 'NONE',  ( 0.0000000000000000000, 0.0000000000000000000, 1.000000000000000000 ) ) ;
#1686 = AXIS2_PLACEMENT_3D ( 'NONE', #641, #637, #665 ) ;
#1687 = CARTESIAN_POINT ( 'NONE',  ( 17.56602540378445100, 18.86250000000000100, 1.500000000000000000 ) ) ;
#1688 = DIRECTION ( 'NONE',  ( 0.0000000000000000000, 0.0000000000000000000, 1.000000000000000000 ) ) ;
#1689 = CARTESIAN_POINT ( 'NONE',  ( 16.69999999999999900, 15.00000000000000000, 0.0000000000000000000 ) ) ;
#1690 = ORIENTED_EDGE ( 'NONE', *, *, #1026, .F. ) ;
#1691 = CARTESIAN_POINT ( 'NONE',  ( 9.250000000000000000, 0.0000000000000000000, 0.0000000000000000000 ) ) ;
#1692 = CARTESIAN_POINT ( 'NONE',  ( -15.29999999999999900, 0.0000000000000000000, 0.0000000000000000000 ) ) ;
#1693 = AXIS2_PLACEMENT_3D ( 'NONE', #332, #337, #354 ) ;
#1694 = ORIENTED_EDGE ( 'NONE', *, *, #1377, .T. ) ;
#1695 = DIRECTION ( 'NONE',  ( 1.000000000000000000, -0.0000000000000000000, -0.0000000000000000000 ) ) ;
#1696 = VERTEX_POINT ( 'NONE', #2261 ) ;
#1697 = DIRECTION ( 'NONE',  ( -2.564346638346005200E-017, -0.9080769220713451600, 0.4188034188034190400 ) ) ;
#1698 = AXIS2_PLACEMENT_3D ( 'NONE', #196, #367, #372 ) ;
#1699 = DIRECTION ( 'NONE',  ( 0.0000000000000000000, 0.0000000000000000000, 1.000000000000000000 ) ) ;
#1700 = CARTESIAN_POINT ( 'NONE',  ( 15.83397459621554900, -8.132211894323338800, -17.08540417888400100 ) ) ;
#1701 = EDGE_CURVE ( 'E1129', #2048, #1804, #881, .T. ) ;
#1702 = DIRECTION ( 'NONE',  ( 0.0000000000000000000, -1.000000000000000000, 0.0000000000000000000 ) ) ;
#1703 = CARTESIAN_POINT ( 'NONE',  ( 16.69999999999999900, 15.00000000000000000, 0.0000000000000000000 ) ) ;
#1704 = ORIENTED_EDGE ( 'NONE', *, *, #982, .T. ) ;
#1705 = CARTESIAN_POINT ( 'NONE',  ( 15.83397459621554900, 20.15000000000000200, 1.500000000000000000 ) ) ;
#1706 = AXIS2_PLACEMENT_3D ( 'NONE', #267, #289, #261 ) ;
#1707 = EDGE_LOOP ( 'NONE', ( #2257 ) ) ;
#1708 = DIRECTION ( 'NONE',  ( 0.0000000000000000000, 0.0000000000000000000, -1.000000000000000000 ) ) ;
#1709 = DIRECTION ( 'NONE',  ( 1.000000000000000000, 0.0000000000000000000, 0.0000000000000000000 ) ) ;
#1710 = VERTEX_POINT ( 'NONE', #2296 ) ;
#1711 = CARTESIAN_POINT ( 'NONE',  ( -6.299999999999999800, 0.0000000000000000000, 0.0000000000000000000 ) ) ;
#1712 = AXIS2_PLACEMENT_3D ( 'NONE', #2823, #2808, #232 ) ;
#1713 = CARTESIAN_POINT ( 'NONE',  ( 14.96794919243111900, 20.15000000000000200, -5.551115123125779700E-016 ) ) ;
#1714 = ORIENTED_EDGE ( 'NONE', *, *, #1946, .T. ) ;
#1715 = CARTESIAN_POINT ( 'NONE',  ( -6.299999999999999800, 16.75213675213674900, -36.32307688285379800 ) ) ;
#1716 = ORIENTED_EDGE ( 'NONE', *, *, #2383, .F. ) ;
#1717 = CARTESIAN_POINT ( 'NONE',  ( -6.299999999999999800, 0.0000000000000000000, 0.0000000000000000000 ) ) ;
#1718 = AXIS2_PLACEMENT_3D ( 'NONE', #171, #343, #348 ) ;
#1719 = DIRECTION ( 'NONE',  ( -1.000000000000000000, 0.0000000000000000000, 0.0000000000000000000 ) ) ;
#1720 = DIRECTION ( 'NONE',  ( 0.0000000000000000000, -1.000000000000000000, 0.0000000000000000000 ) ) ;
#1721 = ORIENTED_EDGE ( 'NONE', *, *, #2166, .T. ) ;
#1722 = DIRECTION ( 'NONE',  ( 1.000000000000000000, 0.0000000000000000000, 0.0000000000000000000 ) ) ;
#1723 = VERTEX_POINT ( 'NONE', #2314 ) ;
#1724 = AXIS2_PLACEMENT_3D ( 'NONE', #312, #234, #322 ) ;
#1725 = ORIENTED_EDGE ( 'NONE', *, *, #1377, .F. ) ;
#1726 = AXIS2_PLACEMENT_3D ( 'NONE', #245, #248, #253 ) ;
#1727 = CARTESIAN_POINT ( 'NONE',  ( -5.000000000000000000, 35.59159140026639500, 15.50000000000000000 ) ) ;
#1728 = ORIENTED_EDGE ( 'NONE', *, *, #1026, .T. ) ;
#1729 = CARTESIAN_POINT ( 'NONE',  ( -62.00000000000000000, 0.0000000000000000000, 0.0000000000000000000 ) ) ;
#1730 = CARTESIAN_POINT ( 'NONE',  ( -18.00000000000000000, 0.0000000000000000000, 0.0000000000000000000 ) ) ;
#1731 = CARTESIAN_POINT ( 'NONE',  ( -15.29999999999999900, 0.0000000000000000000, 0.0000000000000000000 ) ) ;
#1732 = DIRECTION ( 'NONE',  ( -1.000000000000000000, 0.0000000000000000000, 0.0000000000000000000 ) ) ;
#1733 = ORIENTED_EDGE ( 'NONE', *, *, #1898, .F. ) ;
#1734 = DIRECTION ( 'NONE',  ( 1.000000000000000000, 5.551115123125780700E-016, -3.204937810639275000E-016 ) ) ;
#1735 = CARTESIAN_POINT ( 'NONE',  ( 15.83397459621554900, -8.775961894323339500, -18.20041188625645000 ) ) ;
#1736 = DIRECTION ( 'NONE',  ( 0.0000000000000000000, 0.0000000000000000000, 1.000000000000000000 ) ) ;
#1737 = EDGE_CURVE ( 'NONE', #93, #93, #912, .T. ) ;
#1738 = CARTESIAN_POINT ( 'NONE',  ( -18.00000000000000000, -16.75213675213670000, 36.32307688285384700 ) ) ;
#1739 = ORIENTED_EDGE ( 'NONE', *, *, #1923, .F. ) ;
#1740 = CARTESIAN_POINT ( 'NONE',  ( 14.96794919243111900, -10.07500000000000100, -17.45041188625645000 ) ) ;
#1741 = EDGE_CURVE ( 'NONE', #91, #91, #884, .T. ) ;
#1742 = AXIS2_PLACEMENT_3D ( 'NONE', #2831, #2834, #2840 ) ;
#1743 = ORIENTED_EDGE ( 'NONE', *, *, #2228, .F. ) ;
#1744 = AXIS2_PLACEMENT_3D ( 'NONE', #2782, #2788, #2794 ) ;
#1745 = ORIENTED_EDGE ( 'NONE', *, *, #1898, .T. ) ;
#1746 = AXIS2_PLACEMENT_3D ( 'NONE', #2711, #2714, #2746 ) ;
#1747 = DIRECTION ( 'NONE',  ( 1.000000000000000000, 0.0000000000000000000, 6.123031769111888800E-017 ) ) ;
#1748 = ORIENTED_EDGE ( 'NONE', *, *, #1391, .F. ) ;
#1749 = CARTESIAN_POINT ( 'NONE',  ( -5.000000000000000000, 58.50000000000000000, 15.50000000000000000 ) ) ;
#1750 = VERTEX_POINT ( 'NONE', #2530 ) ;
#1751 = DIRECTION ( 'NONE',  ( 0.0000000000000000000, -1.000000000000000000, 0.0000000000000000000 ) ) ;
#1752 = AXIS2_PLACEMENT_3D ( 'NONE', #2496, #2500, #2503 ) ;
#1753 = ORIENTED_EDGE ( 'NONE', *, *, #1923, .T. ) ;
#1754 = CARTESIAN_POINT ( 'NONE',  ( 21.60000000000000100, 0.0000000000000000000, 0.0000000000000000000 ) ) ;
#1755 = ORIENTED_EDGE ( 'NONE', *, *, #1940, .F. ) ;
#1756 = DIRECTION ( 'NONE',  ( -1.000000000000000000, 0.0000000000000000000, 0.0000000000000000000 ) ) ;
#1757 = ORIENTED_EDGE ( 'NONE', *, *, #1058, .T. ) ;
#1758 = CARTESIAN_POINT ( 'NONE',  ( 0.0000000000000000000, 0.0000000000000000000, 0.0000000000000000000 ) ) ;
#1759 = ORIENTED_EDGE ( 'NONE', *, *, #1946, .F. ) ;
#1760 = DIRECTION ( 'NONE',  ( 0.0000000000000000000, 0.0000000000000000000, 1.000000000000000000 ) ) ;
#1761 = CARTESIAN_POINT ( 'NONE',  ( -5.000000000000000000, -35.59159140026639500, 15.50000000000000000 ) ) ;
#1762 = DIRECTION ( 'NONE',  ( 8.673617379884035500E-017, 0.0000000000000000000, -1.000000000000000000 ) ) ;
#1763 = AXIS2_PLACEMENT_3D ( 'NONE', #2346, #2352, #2361 ) ;
#1764 = ORIENTED_EDGE ( 'NONE', *, *, #1940, .T. ) ;
#1765 = ORIENTED_EDGE ( 'NONE', *, *, #982, .F. ) ;
#1766 = CARTESIAN_POINT ( 'NONE',  ( 17.56602540378445100, 18.86250000000000100, -1.500000000000000000 ) ) ;
#1767 = ORIENTED_EDGE ( 'NONE', *, *, #2377, .F. ) ;
#1768 = PLANE ( 'NONE',  #1884 ) ;
#1769 = CARTESIAN_POINT ( 'NONE',  ( 3.358757210636104800, 0.0000000000000000000, 0.0000000000000000000 ) ) ;
#1770 = DIRECTION ( 'NONE',  ( 0.06162841671621927000, 0.7044160264027586900, 0.7071067811865476800 ) ) ;
#1771 = AXIS2_PLACEMENT_3D ( 'NONE', #2200, #2192, #2214 ) ;
#1772 = ORIENTED_EDGE ( 'NONE', *, *, #2256, .T. ) ;
#1773 = DIRECTION ( 'NONE',  ( 1.000000000000000000, -0.0000000000000000000, -0.0000000000000000000 ) ) ;
#1774 = VERTEX_POINT ( 'NONE', #2492 ) ;
#1775 = AXIS2_PLACEMENT_3D ( 'NONE', #2174, #2177, #2178 ) ;
#1776 = AXIS2_PLACEMENT_3D ( 'NONE', #2328, #2331, #2335 ) ;
#1777 = DIRECTION ( 'NONE',  ( 0.0000000000000000000, 0.0000000000000000000, 1.000000000000000000 ) ) ;
#1778 = CARTESIAN_POINT ( 'NONE',  ( -6.299999999999999800, 16.75213675213674900, 36.32307688285379800 ) ) ;
#1779 = EDGE_LOOP ( 'NONE', ( #1863, #1862, #1853, #1842 ) ) ;
#1780 = DIRECTION ( 'NONE',  ( -0.06162841671621927000, -0.7044160264027584700, 0.7071067811865480200 ) ) ;
#1781 = AXIS2_PLACEMENT_3D ( 'NONE', #1902, #2155, #2165 ) ;
#1782 = ORIENTED_EDGE ( 'NONE', *, *, #2850, .F. ) ;
#1783 = CARTESIAN_POINT ( 'NONE',  ( -6.299999999999999800, 64.99145299145298800, 14.07519229210583900 ) ) ;
#1784 = CARTESIAN_POINT ( 'NONE',  ( 15.83397459621554900, 18.86250000000000100, -1.500000000000000000 ) ) ;
#1785 = EDGE_CURVE ( 'NONE', #90, #90, #1107, .T. ) ;
#1786 = DIRECTION ( 'NONE',  ( 1.000000000000000000, 0.0000000000000000000, 0.0000000000000000000 ) ) ;
#1787 = DIRECTION ( 'NONE',  ( 2.564346638346005600E-017, 0.9080769220713452700, -0.4188034188034190900 ) ) ;
#1788 = ORIENTED_EDGE ( 'NONE', *, *, #1737, .F. ) ;
#1789 = CARTESIAN_POINT ( 'NONE',  ( 9.250000000000000000, 0.0000000000000000000, 0.0000000000000000000 ) ) ;
#1790 = EDGE_CURVE ( 'E1122', #1804, #1723, #878, .T. ) ;
#1791 = CARTESIAN_POINT ( 'NONE',  ( -6.299999999999999800, 64.99145299145298800, -14.07519229210583900 ) ) ;
#1792 = DIRECTION ( 'NONE',  ( 1.000000000000000000, 0.0000000000000000000, 0.0000000000000000000 ) ) ;
#1793 = DIRECTION ( 'NONE',  ( 5.560183842640193100E-017, -0.4188034188034190900, -0.9080769220713452700 ) ) ;
#1794 = ORIENTED_EDGE ( 'NONE', *, *, #2179, .F. ) ;
#1795 = EDGE_LOOP ( 'NONE', ( #2226 ) ) ;
#1796 = DIRECTION ( 'NONE',  ( 0.0000000000000000000, -1.000000000000000000, 0.0000000000000000000 ) ) ;
#1797 = EDGE_CURVE ( 'NONE', #88, #88, #872, .T. ) ;
#1798 = ORIENTED_EDGE ( 'NONE', *, *, #1960, .F. ) ;
#1799 = ORIENTED_EDGE ( 'NONE', *, *, #1455, .F. ) ;
#1800 = DIRECTION ( 'NONE',  ( 0.0000000000000000000, 0.0000000000000000000, 1.000000000000000000 ) ) ;
#1801 = ORIENTED_EDGE ( 'NONE', *, *, #2481, .F. ) ;
#1802 = DIRECTION ( 'NONE',  ( 0.4999999999999999400, 0.7499999999999998900, -0.4330127018922194600 ) ) ;
#1803 = DIRECTION ( 'NONE',  ( 1.000000000000000000, -0.0000000000000000000, -0.0000000000000000000 ) ) ;
#1804 = VERTEX_POINT ( 'NONE', #2459 ) ;
#1805 = CARTESIAN_POINT ( 'NONE',  ( 4.597294691314230500, -15.08494314168982500, -26.68941708003923800 ) ) ;
#1806 = DIRECTION ( 'NONE',  ( -0.4999999999999998900, 0.0000000000000000000, 0.8660254037844387100 ) ) ;
#1807 = ORIENTED_EDGE ( 'NONE', *, *, #2604, .F. ) ;
#1808 = CARTESIAN_POINT ( 'NONE',  ( -11.50000000000000000, -58.50000000000000000, 15.50000000000000000 ) ) ;
#1809 = ORIENTED_EDGE ( 'NONE', *, *, #949, .F. ) ;
#1810 = CARTESIAN_POINT ( 'NONE',  ( -6.299999999999999800, -58.50000000000000000, 0.0000000000000000000 ) ) ;
#1811 = AXIS2_PLACEMENT_3D ( 'NONE', #1910, #1912, #1916 ) ;
#1812 = AXIS2_PLACEMENT_3D ( 'NONE', #1810, #1817, #1824 ) ;
#1813 = ORIENTED_EDGE ( 'NONE', *, *, #2175, .T. ) ;
#1814 = B_SPLINE_CURVE_WITH_KNOTS ( 'NONE', 3,
 ( #175, #130, #180, #182, #1805, #184, #188, #190, #192, #194, #133, #204, #208, #209, #217, #222, #225, #228 ),
 .UNSPECIFIED., .T., .F.,
 ( 4, 2, 2, 2, 2, 2, 2, 2, 4 ),
 ( 0.0000000000000000000, 0.0003737398628754675200, 0.0007474797257509350500, 0.001121219588626402500, 0.001494959451501870100, 0.001868699314377337700, 0.002242439177252805000, 0.002616179040128272800, 0.002989918903003740200 ),
 .UNSPECIFIED. ) ;
#1815 = DIRECTION ( 'NONE',  ( 0.0000000000000000000, 0.0000000000000000000, 1.000000000000000000 ) ) ;
#1816 = ORIENTED_EDGE ( 'NONE', *, *, #1035, .T. ) ;
#1817 = DIRECTION ( 'NONE',  ( 1.000000000000000000, 0.0000000000000000000, 0.0000000000000000000 ) ) ;
#1818 = CARTESIAN_POINT ( 'NONE',  ( 9.500000000000000000, 0.0000000000000000000, 0.0000000000000000000 ) ) ;
#1819 = ORIENTED_EDGE ( 'NONE', *, *, #2031, .T. ) ;
#1820 = AXIS2_PLACEMENT_3D ( 'NONE', #1789, #1792, #1796 ) ;
#1821 = CARTESIAN_POINT ( 'NONE',  ( -5.063744348946013200, 35.59572120776569900, 15.50000000000000000 ) ) ;
#1822 = AXIS2_PLACEMENT_3D ( 'NONE', #1769, #1773, #1777 ) ;
#1823 = CARTESIAN_POINT ( 'NONE',  ( -5.000000000000000000, -35.59159140026639500, 15.50000000000000000 ) ) ;
#1824 = DIRECTION ( 'NONE',  ( 0.0000000000000000000, 0.0000000000000000000, -1.000000000000000000 ) ) ;
#1825 = ORIENTED_EDGE ( 'NONE', *, *, #1433, .T. ) ;
#1826 = EDGE_CURVE ( 'NONE', #84, #84, #1152, .T. ) ;
#1827 = AXIS2_PLACEMENT_3D ( 'NONE', #1754, #1756, #1760 ) ;
#1828 = CARTESIAN_POINT ( 'NONE',  ( 18.43205080756889900, 20.15000000000000200, 1.060540212046012100E-016 ) ) ;
#1829 = ORIENTED_EDGE ( 'NONE', *, *, #1471, .T. ) ;
#1830 = EDGE_CURVE ( 'NONE', #82, #82, #788, .T. ) ;
#1831 = CARTESIAN_POINT ( 'NONE',  ( -18.00000000000000000, 16.75213675213674900, -36.32307688285379800 ) ) ;
#1832 = ORIENTED_EDGE ( 'NONE', *, *, #2185, .T. ) ;
#1833 = DIRECTION ( 'NONE',  ( 0.0000000000000000000, -1.000000000000000000, 0.0000000000000000000 ) ) ;
#1834 = EDGE_CURVE ( 'NONE', #80, #80, #868, .T. ) ;
#1835 = ORIENTED_EDGE ( 'NONE', *, *, #1147, .T. ) ;
#1836 = VERTEX_POINT ( 'NONE', #2683 ) ;
#1837 = DIRECTION ( 'NONE',  ( 0.0000000000000000000, 0.9080769220713451600, -0.4188034188034190400 ) ) ;
#1838 = CARTESIAN_POINT ( 'NONE',  ( 4.774028237380999700, -26.73295937255985800, 14.95184059339227800 ) ) ;
#1839 = ORIENTED_EDGE ( 'NONE', *, *, #1499, .T. ) ;
#1840 = AXIS2_PLACEMENT_3D ( 'NONE', #1731, #1732, #1736 ) ;
#1841 = DIRECTION ( 'NONE',  ( -1.000000000000000000, 0.0000000000000000000, 0.0000000000000000000 ) ) ;
#1842 = ORIENTED_EDGE ( 'NONE', *, *, #1625, .T. ) ;
#1843 = PLANE ( 'NONE',  #1347 ) ;
#1844 = CARTESIAN_POINT ( 'NONE',  ( 4.884032353928097900, -26.74715492375605000, 14.89133621292002900 ) ) ;
#1845 = AXIS2_PLACEMENT_3D ( 'NONE', #1691, #1695, #1699 ) ;
#1846 = VERTEX_POINT ( 'NONE', #2576 ) ;
#1847 = CARTESIAN_POINT ( 'NONE',  ( 6.406589672768369300, 27.50744583102774900, 27.61251980533469900 ) ) ;
#1848 = CARTESIAN_POINT ( 'NONE',  ( 5.015228991365149500, -26.73519665649482800, 14.86917367497106200 ) ) ;
#1849 = AXIS2_PLACEMENT_3D ( 'NONE', #257, #263, #299 ) ;
#1850 = ORIENTED_EDGE ( 'NONE', *, *, #2186, .T. ) ;
#1851 = ORIENTED_CLOSED_SHELL ( 'NONE', *, #2418, .F. );
#1852 = ORIENTED_CLOSED_SHELL ( 'NONE', *, #365, .F. );
#1853 = ORIENTED_EDGE ( 'NONE', *, *, #628, .T. ) ;
#1854 = CARTESIAN_POINT ( 'NONE',  ( 5.251954304707477500, -26.66697467064987100, 14.90989690675013400 ) ) ;
#1855 = CARTESIAN_POINT ( 'NONE',  ( 5.356611644567587800, -26.61029149878481400, 14.97379770407939100 ) ) ;
#1856 = CARTESIAN_POINT ( 'NONE',  ( -6.299999999999999800, -64.99145299145298800, -14.07519229210586100 ) ) ;
#1857 = VERTEX_POINT ( 'NONE', #2707 ) ;
#1858 = AXIS2_PLACEMENT_3D ( 'NONE', #2568, #2585, #2587 ) ;
#1859 = CARTESIAN_POINT ( 'NONE',  ( 5.476145545204843800, -26.48446800131049600, 15.15256758107361700 ) ) ;
#1860 = EDGE_CURVE ( 'NONE', #78, #78, #865, .T. ) ;
#1861 = CARTESIAN_POINT ( 'NONE',  ( 5.491172049511602500, -26.41538431637760500, 15.26729711090503000 ) ) ;
#1862 = ORIENTED_EDGE ( 'NONE', *, *, #1350, .F. ) ;
#1863 = ORIENTED_EDGE ( 'NONE', *, *, #1035, .F. ) ;
#1864 = DIRECTION ( 'NONE',  ( 1.000000000000000000, 0.0000000000000000000, 0.0000000000000000000 ) ) ;
#1865 = EDGE_LOOP ( 'NONE', ( #2271 ) ) ;
#1866 = AXIS2_PLACEMENT_3D ( 'NONE', #2351, #2355, #2360 ) ;
#1867 = CARTESIAN_POINT ( 'NONE',  ( 5.419768057559901200, -26.30488767383003100, 15.48208186263567400 ) ) ;
#1868 = CARTESIAN_POINT ( 'NONE',  ( 5.334854773689815300, -26.26522412496222400, 15.57860463928230000 ) ) ;
#1869 = ORIENTED_EDGE ( 'NONE', *, *, #1350, .T. ) ;
#1870 = ORIENTED_EDGE ( 'NONE', *, *, #1298, .T. ) ;
#1871 = CARTESIAN_POINT ( 'NONE',  ( 13.00000000000000000, 64.99145299145298800, 14.07519229210583900 ) ) ;
#1872 = DIRECTION ( 'NONE',  ( 0.5000000000000001100, -0.7500000000000001100, 0.4330127018922190800 ) ) ;
#1873 = AXIS2_PLACEMENT_3D ( 'NONE', #140, #55, #2008 ) ;
#1874 = CARTESIAN_POINT ( 'NONE',  ( 5.117450085850565600, -26.23718256475882500, 15.69832959203845000 ) ) ;
#1875 = ORIENTED_EDGE ( 'NONE', *, *, #1385, .F. ) ;
#1876 = CARTESIAN_POINT ( 'NONE',  ( 4.985052694125712900, -26.24897758004638600, 15.72119437011995300 ) ) ;
#1877 = CARTESIAN_POINT ( 'NONE',  ( 17.56602540378445100, -8.775961894323339500, -18.20041188625645000 ) ) ;
#1878 = ORIENTED_EDGE ( 'NONE', *, *, #2031, .F. ) ;
#1879 = EDGE_CURVE ( 'NONE', #76, #76, #871, .T. ) ;
#1880 = AXIS2_PLACEMENT_3D ( 'NONE', #2135, #2143, #2146 ) ;
#1881 = CARTESIAN_POINT ( 'NONE',  ( 0.0000000000000000000, 0.0000000000000000000, 0.0000000000000000000 ) ) ;
#1882 = CARTESIAN_POINT ( 'NONE',  ( 4.748713377046791500, -26.31690708374503600, 15.68074135977845200 ) ) ;
#1883 = CARTESIAN_POINT ( 'NONE',  ( 4.644136693576480300, -26.37309488024446200, 15.61754300455887500 ) ) ;
#1884 = AXIS2_PLACEMENT_3D ( 'NONE', #149, #168, #169 ) ;
#1885 = ORIENTED_EDGE ( 'NONE', *, *, #1385, .T. ) ;
#1886 = CARTESIAN_POINT ( 'NONE',  ( 4.523418714096273200, -26.49991087238164100, 15.43726645436422400 ) ) ;
#1887 = ORIENTED_EDGE ( 'NONE', *, *, #1790, .T. ) ;
#1888 = EDGE_CURVE ( 'NONE', #73, #73, #2220, .T. ) ;
#1889 = CARTESIAN_POINT ( 'NONE',  ( 4.509075544528578800, -26.56897841411290200, 15.32231259643905500 ) ) ;
#1890 = ORIENTED_EDGE ( 'NONE', *, *, #1665, .F. ) ;
#1891 = CARTESIAN_POINT ( 'NONE',  ( 4.579963348979198700, -26.67875939560871100, 15.10904935368484600 ) ) ;
#1892 = AXIS2_PLACEMENT_3D ( 'NONE', #151, #161, #162 ) ;
#1893 = ORIENTED_EDGE ( 'NONE', *, *, #1433, .F. ) ;
#1894 = DIRECTION ( 'NONE',  ( 0.0000000000000000000, 0.0000000000000000000, -1.000000000000000000 ) ) ;
#1895 = CARTESIAN_POINT ( 'NONE',  ( 4.664024120833904200, -26.71876382136366600, 15.01234497386452900 ) ) ;
#1896 = CARTESIAN_POINT ( 'NONE',  ( 4.774028237380999700, -26.73295937255985800, 14.95184059339227800 ) ) ;
#1897 = ORIENTED_EDGE ( 'NONE', *, *, #1665, .T. ) ;
#1898 = EDGE_CURVE ( 'NONE', #70, #70, #862, .T. ) ;
#1899 = ADVANCED_FACE ( 'E851', ( #858, #854 ), #840, .F. ) ;
#1900 = ORIENTED_EDGE ( 'NONE', *, *, #1701, .T. ) ;
#1901 = PLANE ( 'NONE',  #1364 ) ;
#1902 = CARTESIAN_POINT ( 'NONE',  ( 14.24125000000000100, 20.15000000000000200, 0.0000000000000000000 ) ) ;
#1903 = CARTESIAN_POINT ( 'NONE',  ( 16.89873262749543100, -4.750393016996210500, -14.22792206135785700 ) ) ;
#1904 = ORIENTED_EDGE ( 'NONE', *, *, #917, .F. ) ;
#1905 = AXIS2_PLACEMENT_3D ( 'NONE', #77, #128, #132 ) ;
#1906 = CARTESIAN_POINT ( 'NONE',  ( 16.70000000000000300, -4.750393016996212300, -14.22792206135786100 ) ) ;
#1907 = ADVANCED_FACE ( 'E824', ( #860, #856 ), #831, .F. ) ;
#1908 = ORIENTED_EDGE ( 'NONE', *, *, #1471, .F. ) ;
#1909 = ORIENTED_EDGE ( 'NONE', *, *, #917, .T. ) ;
#1910 = CARTESIAN_POINT ( 'NONE',  ( -9.500000000000000000, 0.0000000000000000000, 0.0000000000000000000 ) ) ;
#1911 = VERTEX_POINT ( 'NONE', #300 ) ;
#1912 = DIRECTION ( 'NONE',  ( 1.000000000000000000, 0.0000000000000000000, 1.224606353822375800E-016 ) ) ;
#1913 = EDGE_LOOP ( 'NONE', ( #1929, #1920, #1918, #1909 ) ) ;
#1914 = CARTESIAN_POINT ( 'NONE',  ( -11.50000000000000000, 0.0000000000000000000, 0.0000000000000000000 ) ) ;
#1915 = DIRECTION ( 'NONE',  ( 0.0000000000000000000, 1.000000000000000000, 0.0000000000000000000 ) ) ;
#1916 = DIRECTION ( 'NONE',  ( 8.609049508569761500E-017, 0.0000000000000000000, -1.000000000000000000 ) ) ;
#1917 = DIRECTION ( 'NONE',  ( -1.000000000000000000, 0.0000000000000000000, -3.204937810639275000E-016 ) ) ;
#1918 = ORIENTED_EDGE ( 'NONE', *, *, #47, .T. ) ;
#1919 = DIRECTION ( 'NONE',  ( 1.000000000000000000, 0.0000000000000000000, 0.0000000000000000000 ) ) ;
#1920 = ORIENTED_EDGE ( 'NONE', *, *, #1438, .F. ) ;
#1921 = CARTESIAN_POINT ( 'NONE',  ( 17.09404136331419400, -4.769339474898418800, -14.22163573320464300 ) ) ;
#1922 = CARTESIAN_POINT ( 'NONE',  ( 6.311604875504500000, 26.42176463033450100, 26.52269147883090000 ) ) ;
#1923 = EDGE_CURVE ( 'NONE', #68, #68, #833, .T. ) ;
#1924 = ORIENTED_EDGE ( 'NONE', *, *, #2166, .F. ) ;
#1925 = AXIS2_PLACEMENT_3D ( 'NONE', #154, #155, #159 ) ;
#1926 = DIRECTION ( 'NONE',  ( 0.0000000000000000000, 1.000000000000000000, 0.0000000000000000000 ) ) ;
#1927 = CARTESIAN_POINT ( 'NONE',  ( 17.47812354627826200, -4.843250166518681800, -14.19663515694138100 ) ) ;
#1928 = CARTESIAN_POINT ( 'NONE',  ( 17.66892172344898900, -4.899141176080282100, -14.17759843288210900 ) ) ;
#1929 = ORIENTED_EDGE ( 'NONE', *, *, #1147, .F. ) ;
#1930 = DIRECTION ( 'NONE',  ( 2.564346638346005600E-017, -0.9080769220713452700, -0.4188034188034190900 ) ) ;
#1931 = DIRECTION ( 'NONE',  ( -5.560183842640193100E-017, -0.4188034188034190900, 0.9080769220713452700 ) ) ;
#1932 = ORIENTED_EDGE ( 'NONE', *, *, #1438, .T. ) ;
#1933 = CARTESIAN_POINT ( 'NONE',  ( 18.03196273775270300, -5.043854780664403000, -14.12676221003224500 ) ) ;
#1934 = DIRECTION ( 'NONE',  ( 0.06162841671621927000, 0.7044160264027586900, 0.7071067811865476800 ) ) ;
#1935 = ORIENTED_EDGE ( 'NONE', *, *, #650, .T. ) ;
#1936 = CARTESIAN_POINT ( 'NONE',  ( 18.20406879296269100, -5.132053637975139400, -14.09518386604724500 ) ) ;
#1937 = PLANE ( 'NONE',  #1371 ) ;
#1938 = ORIENTED_EDGE ( 'NONE', *, *, #1625, .F. ) ;
#1939 = CARTESIAN_POINT ( 'NONE',  ( 18.52978540622786200, -5.338921825788110800, -14.01813455845162600 ) ) ;
#1940 = EDGE_CURVE ( 'NONE', #67, #67, #837, .T. ) ;
#1941 = ORIENTED_EDGE ( 'NONE', *, *, #1499, .F. ) ;
#1942 = DIRECTION ( 'NONE',  ( 0.0000000000000000000, 0.0000000000000000000, 1.000000000000000000 ) ) ;
#1943 = CARTESIAN_POINT ( 'NONE',  ( 18.68360307833590600, -5.458371079202804800, -13.97231611076300900 ) ) ;
#1944 = DIRECTION ( 'NONE',  ( 0.0000000000000000000, 1.000000000000000000, 0.0000000000000000000 ) ) ;
#1945 = AXIS2_PLACEMENT_3D ( 'NONE', #102, #136, #138 ) ;
#1946 = EDGE_CURVE ( 'NONE', #65, #65, #844, .T. ) ;
#1947 = CARTESIAN_POINT ( 'NONE',  ( 18.95953658276852100, -5.717104529566674000, -13.86845875125903200 ) ) ;
#1948 = ORIENTED_EDGE ( 'NONE', *, *, #1737, .T. ) ;
#1949 = ORIENTED_EDGE ( 'NONE', *, *, #2273, .T. ) ;
#1950 = PLANE ( 'NONE',  #1386 ) ;
#1951 = CARTESIAN_POINT ( 'NONE',  ( 18.43205080756889900, 18.86250000000000100, 4.428471395355839400E-016 ) ) ;
#1952 = CARTESIAN_POINT ( 'NONE',  ( 19.08354208879770700, -5.857399994560550400, -13.81007086543884000 ) ) ;
#1953 = ORIENTED_EDGE ( 'NONE', *, *, #1741, .T. ) ;
#1954 = CARTESIAN_POINT ( 'NONE',  ( 4.852127661275242900, 25.07630887849796900, 28.86363141691772000 ) ) ;
#1955 = ORIENTED_EDGE ( 'NONE', *, *, #1701, .F. ) ;
#1956 = ADVANCED_FACE ( 'E909', ( #816, #824 ), #799, .T. ) ;
#1957 = ORIENTED_EDGE ( 'NONE', *, *, #1790, .F. ) ;
#1958 = CARTESIAN_POINT ( 'NONE',  ( 19.30288047797903100, -6.159585096889165900, -13.67796415549118200 ) ) ;
#1959 = DIRECTION ( 'NONE',  ( -0.5000000000000001100, -0.7500000000000001100, 0.4330127018922190800 ) ) ;
#1960 = EDGE_CURVE ( 'NONE', #62, #62, #846, .T. ) ;
#1961 = ORIENTED_EDGE ( 'NONE', *, *, #1298, .F. ) ;
#1962 = B_SPLINE_CURVE_WITH_KNOTS ( 'NONE', 3,
 ( #1116, #1821, #1297, #1322 ),
 .UNSPECIFIED., .F., .F.,
 ( 4, 4 ),
 ( 0.07359499063776450700, 0.07378662455177827100 ),
 .UNSPECIFIED. ) ;
#1963 = CARTESIAN_POINT ( 'NONE',  ( 19.39576185434307500, -6.318470115083830900, -13.60550130337667500 ) ) ;
#1964 = DIRECTION ( 'NONE',  ( -1.000000000000000000, 0.0000000000000000000, 0.0000000000000000000 ) ) ;
#1965 = ORIENTED_EDGE ( 'NONE', *, *, #628, .F. ) ;
#1966 = DIRECTION ( 'NONE',  ( -1.000000000000000000, 0.0000000000000000000, -6.123031769111888800E-017 ) ) ;
#1967 = AXIS2_PLACEMENT_3D ( 'NONE', #1118, #1581, #1576 ) ;
#1968 = CARTESIAN_POINT ( 'NONE',  ( 4.099323179078443700, 25.57287855585360600, 28.48485342158758400 ) ) ;
#1969 = CARTESIAN_POINT ( 'NONE',  ( 19.54555592704165400, -6.644776651129185500, -13.44915140698477200 ) ) ;
#1970 = ORIENTED_EDGE ( 'NONE', *, *, #650, .F. ) ;
#1971 = DIRECTION ( 'NONE',  ( 0.0000000000000000000, -0.8660254037844386000, 0.5000000000000002200 ) ) ;
#1972 = AXIS2_PLACEMENT_3D ( 'NONE', #1104, #1091, #1074 ) ;
#1973 = CARTESIAN_POINT ( 'NONE',  ( 19.60343740481855000, -6.814593049643565200, -13.36409043919543100 ) ) ;
#1974 = DIRECTION ( 'NONE',  ( 0.0000000000000000000, 0.4999999999999998900, 0.8660254037844387100 ) ) ;
#1975 = CARTESIAN_POINT ( 'NONE',  ( 19.68070620892825700, -7.157739595940796600, -13.18348798975242200 ) ) ;
#1976 = ORIENTED_EDGE ( 'NONE', *, *, #47, .F. ) ;
#1977 = CARTESIAN_POINT ( 'NONE',  ( 16.69999999999999900, -10.07500000000000100, -17.45041188625645000 ) ) ;
#1978 = CARTESIAN_POINT ( 'NONE',  ( 19.69988329741259700, -7.328533911356868400, -13.08935009789800800 ) ) ;
#1979 = CARTESIAN_POINT ( 'NONE',  ( 19.70011565074292600, -7.668389199516443700, -12.89318821548765500 ) ) ;
#1980 = ORIENTED_EDGE ( 'NONE', *, *, #1741, .F. ) ;
#1981 = DIRECTION ( 'NONE',  ( 0.0000000000000000000, 0.8660254037844387100, -0.4999999999999997800 ) ) ;
#1982 = AXIS2_PLACEMENT_3D ( 'NONE', #1068, #1095, #1103 ) ;
#1983 = CARTESIAN_POINT ( 'NONE',  ( 19.68051919728089400, -7.839057004103940700, -12.79008701048420500 ) ) ;
#1984 = ORIENTED_EDGE ( 'NONE', *, *, #2814, .F. ) ;
#1985 = DIRECTION ( 'NONE',  ( -0.0000000000000000000, 0.4999999999999998900, 0.8660254037844387100 ) ) ;
#1986 = CARTESIAN_POINT ( 'NONE',  ( 19.60376269518198100, -8.165066871341055700, -12.58446754677672500 ) ) ;
#1987 = ORIENTED_EDGE ( 'NONE', *, *, #2850, .T. ) ;
#1988 = AXIS2_PLACEMENT_3D ( 'NONE', #89, #110, #120 ) ;
#1989 = CARTESIAN_POINT ( 'NONE',  ( 16.69999999999999900, -7.770624999999999900, -13.45911730656490100 ) ) ;
#1990 = ORIENTED_EDGE ( 'NONE', *, *, #2814, .T. ) ;
#1991 = CARTESIAN_POINT ( 'NONE',  ( 4.525372450812714200, 25.25520927654130800, 28.73307263236817700 ) ) ;
#1992 = AXIS2_PLACEMENT_3D ( 'NONE', #1056, #1075, #1081 ) ;
#1993 = AXIS2_PLACEMENT_3D ( 'NONE', #1059, #1055, #1041 ) ;
#1994 = DIRECTION ( 'NONE',  ( -0.06162841671621946400, -0.7044160264027585800, 0.7071067811865476800 ) ) ;
#1995 = EDGE_LOOP ( 'NONE', ( #2122, #2118, #2115, #2113 ) ) ;
#1996 = CARTESIAN_POINT ( 'NONE',  ( 19.54697712765403800, -8.321714315485406700, -12.48128044050255700 ) ) ;
#1997 = ORIENTED_EDGE ( 'NONE', *, *, #2793, .T. ) ;
#1998 = ORIENTED_EDGE ( 'NONE', *, *, #2741, .T. ) ;
#1999 = CARTESIAN_POINT ( 'NONE',  ( 19.30255618701799800, -8.765902772348047400, -12.17315070291384800 ) ) ;
#2000 = VERTEX_POINT ( 'NONE', #378 ) ;
#2001 = DIRECTION ( 'NONE',  ( 0.0000000000000000000, -0.8660254037844389300, 0.4999999999999998300 ) ) ;
#2002 = DIRECTION ( 'NONE',  ( 0.0000000000000000000, 0.4999999999999998900, 0.8660254037844387100 ) ) ;
#2003 = AXIS2_PLACEMENT_3D ( 'NONE', #1029, #1050, #1052 ) ;
#2004 = CARTESIAN_POINT ( 'NONE',  ( 19.08566854798052500, -9.028758520768553500, -11.97948951432239900 ) ) ;
#2005 = EDGE_LOOP ( 'NONE', ( #2092, #2086, #2081, #2075 ) ) ;
#2006 = CARTESIAN_POINT ( 'NONE',  ( 16.69999999999999900, -7.500000000000000000, -12.99038105676658000 ) ) ;
#2007 = VERTEX_POINT ( 'NONE', #290 ) ;
#2008 = DIRECTION ( 'NONE',  ( -0.5000000000000003300, 0.0000000000000000000, 0.8660254037844384900 ) ) ;
#2009 = CARTESIAN_POINT ( 'NONE',  ( 13.00000000000000000, -64.99145299145298800, 14.07519229210583900 ) ) ;
#2010 = EDGE_LOOP ( 'NONE', ( #2598 ) ) ;
#2011 = DIRECTION ( 'NONE',  ( 0.0000000000000000000, -1.000000000000000000, 0.0000000000000000000 ) ) ;
#2012 = AXIS2_PLACEMENT_3D ( 'NONE', #1010, #1019, #1028 ) ;
#2013 = CARTESIAN_POINT ( 'NONE',  ( 18.96111336109149500, -9.150615027470205800, -11.88638233231246100 ) ) ;
#2014 = DIRECTION ( 'NONE',  ( 1.000000000000000000, 0.0000000000000000000, 0.0000000000000000000 ) ) ;
#2015 = AXIS2_PLACEMENT_3D ( 'NONE', #993, #972, #992 ) ;
#2016 = AXIS2_PLACEMENT_3D ( 'NONE', #987, #985, #968 ) ;
#2017 = CARTESIAN_POINT ( 'NONE',  ( 18.68233887690894000, -9.372217006828696700, -11.71244588921477700 ) ) ;
#2018 = CARTESIAN_POINT ( 'NONE',  ( 9.500000000000000000, 0.0000000000000000000, 0.0000000000000000000 ) ) ;
#2019 = ORIENTED_EDGE ( 'NONE', *, *, #2723, .T. ) ;
#2020 = EDGE_LOOP ( 'NONE', ( #2640, #2632, #2629, #2623, #2615, #2610 ) ) ;
#2021 = VERTEX_POINT ( 'NONE', #625 ) ;
#2022 = CARTESIAN_POINT ( 'NONE',  ( 18.53142013494150600, -9.469569105063333900, -11.63354597026462000 ) ) ;
#2023 = CARTESIAN_POINT ( 'NONE',  ( 18.20704119838583100, -9.639381756195872300, -11.49323497698312100 ) ) ;
#2024 = VERTEX_POINT ( 'NONE', #384 ) ;
#2025 = CARTESIAN_POINT ( 'NONE',  ( 18.03142588272924500, -9.712397238691869100, -11.43132547518528800 ) ) ;
#2026 = AXIS2_PLACEMENT_3D ( 'NONE', #954, #933, #976 ) ;
#2027 = ORIENTED_EDGE ( 'NONE', *, *, #2703, .T. ) ;
#2028 = CARTESIAN_POINT ( 'NONE',  ( 5.026064115147630000, 24.99854588933154500, 28.91724013364641600 ) ) ;
#2029 = ORIENTED_EDGE ( 'NONE', *, *, #2672, .T. ) ;
#2030 = ORIENTED_EDGE ( 'NONE', *, *, #2285, .T. ) ;
#2031 = EDGE_CURVE ( 'E1224', #2341, #1614, #805, .T. ) ;
#2032 = CARTESIAN_POINT ( 'NONE',  ( -6.299999999999999800, 72.46228429725191200, 15.50000000000000000 ) ) ;
#2033 = ORIENTED_EDGE ( 'NONE', *, *, #2605, .T. ) ;
#2034 = ORIENTED_EDGE ( 'NONE', *, *, #2624, .T. ) ;
#2035 = CARTESIAN_POINT ( 'NONE',  ( 17.66887520540244300, -9.828587124714376300, -11.33158141539248100 ) ) ;
#2036 = CARTESIAN_POINT ( 'NONE',  ( 17.48189141022035600, -9.872285159781958100, -11.29334032287026300 ) ) ;
#2037 = CARTESIAN_POINT ( 'NONE',  ( 18.43205080756889900, -10.07500000000000100, -17.45041188625645000 ) ) ;
#2038 = ORIENTED_EDGE ( 'NONE', *, *, #2529, .T. ) ;
#2039 = AXIS2_PLACEMENT_3D ( 'NONE', #939, #960, #964 ) ;
#2040 = CARTESIAN_POINT ( 'NONE',  ( 17.09638237995374200, -9.931429858725456600, -11.24136339086300200 ) ) ;
#2041 = ORIENTED_EDGE ( 'NONE', *, *, #2757, .F. ) ;
#2042 = CARTESIAN_POINT ( 'NONE',  ( 16.89726437532201300, -9.946484319752190800, -11.22797620604665200 ) ) ;
#2043 = CARTESIAN_POINT ( 'NONE',  ( 16.50517657308977000, -9.946606180331091500, -11.22786825270163600 ) ) ;
#2044 = ORIENTED_EDGE ( 'NONE', *, *, #2793, .F. ) ;
#2045 = DIRECTION ( 'NONE',  ( 0.0000000000000000000, 1.000000000000000000, 0.0000000000000000000 ) ) ;
#2046 = DIRECTION ( 'NONE',  ( -1.000000000000000000, 0.0000000000000000000, 0.0000000000000000000 ) ) ;
#2047 = CARTESIAN_POINT ( 'NONE',  ( 16.30997363088471300, -9.932149440910890800, -11.24072758178797200 ) ) ;
#2048 = VERTEX_POINT ( 'NONE', #633 ) ;
#2049 = CARTESIAN_POINT ( 'NONE',  ( -5.000000000000000000, -58.50000000000000000, 0.0000000000000000000 ) ) ;
#2050 = ORIENTED_EDGE ( 'NONE', *, *, #2757, .T. ) ;
#2051 = DIRECTION ( 'NONE',  ( 0.0000000000000000000, -1.000000000000000000, 0.0000000000000000000 ) ) ;
#2052 = CARTESIAN_POINT ( 'NONE',  ( -9.500000000000000000, 0.0000000000000000000, 0.0000000000000000000 ) ) ;
#2053 = AXIS2_PLACEMENT_3D ( 'NONE', #927, #941, #945 ) ;
#2054 = CARTESIAN_POINT ( 'NONE',  ( 15.92129993582187100, -9.873024128296629300, -11.29269425985791400 ) ) ;
#2055 = VERTEX_POINT ( 'NONE', #651 ) ;
#2056 = ADVANCED_FACE ( 'E6', ( #801, #855, #795 ), #778, .T. ) ;
#2057 = AXIS2_PLACEMENT_3D ( 'NONE', #919, #911, #913 ) ;
#2058 = CARTESIAN_POINT ( 'NONE',  ( 15.73277931478284100, -9.828977589366019200, -11.33123965244250500 ) ) ;
#2059 = ORIENTED_EDGE ( 'NONE', *, *, #2538, .T. ) ;
#2060 = CARTESIAN_POINT ( 'NONE',  ( 15.37154465509528500, -9.713487229550656500, -11.43039624661809100 ) ) ;
#2061 = DIRECTION ( 'NONE',  ( -4.336808689942017700E-017, 0.0000000000000000000, 1.000000000000000000 ) ) ;
#2062 = ORIENTED_EDGE ( 'NONE', *, *, #2736, .F. ) ;
#2063 = CARTESIAN_POINT ( 'NONE',  ( 15.19634754207447900, -9.640981029131619800, -11.49189874364913400 ) ) ;
#2064 = CARTESIAN_POINT ( 'NONE',  ( 14.86971865899985800, -9.470337594077157900, -11.63292559043378600 ) ) ;
#2065 = DIRECTION ( 'NONE',  ( 8.673617379884035500E-017, 0.0000000000000000000, -1.000000000000000000 ) ) ;
#2066 = DIRECTION ( 'NONE',  ( 0.0000000000000000000, -1.000000000000000000, 0.0000000000000000000 ) ) ;
#2067 = ORIENTED_EDGE ( 'NONE', *, *, #2741, .F. ) ;
#2068 = AXIS2_PLACEMENT_3D ( 'NONE', #909, #893, #892 ) ;
#2069 = CARTESIAN_POINT ( 'NONE',  ( 14.71898796295571900, -9.373018885094444000, -11.71178862164301600 ) ) ;
#2070 = CARTESIAN_POINT ( 'NONE',  ( 14.44218967768794200, -9.153489311991959800, -11.88415369951234100 ) ) ;
#2071 = EDGE_LOOP ( 'NONE', ( #2149 ) ) ;
#2072 = CARTESIAN_POINT ( 'NONE',  ( 14.31567569559143700, -9.030188095918360200, -11.97841357287839500 ) ) ;
#2073 = VERTEX_POINT ( 'NONE', #658 ) ;
#2074 = DIRECTION ( 'NONE',  ( 0.0000000000000000000, -1.000000000000000000, 0.0000000000000000000 ) ) ;
#2075 = ORIENTED_EDGE ( 'NONE', *, *, #2736, .T. ) ;
#2076 = CARTESIAN_POINT ( 'NONE',  ( 14.09831823064487300, -8.767160063334827700, -12.17224684248762200 ) ) ;
#2077 = ORIENTED_EDGE ( 'NONE', *, *, #2189, .T. ) ;
#2078 = AXIS2_PLACEMENT_3D ( 'NONE', #926, #901, #930 ) ;
#2079 = DIRECTION ( 'NONE',  ( -1.000000000000000000, 0.0000000000000000000, 0.0000000000000000000 ) ) ;
#2080 = CARTESIAN_POINT ( 'NONE',  ( 14.00591473623859100, -8.626488253629064600, -12.27261258255754200 ) ) ;
#2081 = ORIENTED_EDGE ( 'NONE', *, *, #2574, .T. ) ;
#2082 = CARTESIAN_POINT ( 'NONE',  ( 13.85446589232662300, -8.325286359004909500, -12.47889923960110200 ) ) ;
#2083 = AXIS2_PLACEMENT_3D ( 'NONE', #838, #873, #883 ) ;
#2084 = CARTESIAN_POINT ( 'NONE',  ( 13.79674903921048700, -8.166516243265702400, -12.58351615923487000 ) ) ;
#2085 = EDGE_LOOP ( 'NONE', ( #1801 ) ) ;
#2086 = ORIENTED_EDGE ( 'NONE', *, *, #2717, .F. ) ;
#2087 = CARTESIAN_POINT ( 'NONE',  ( 13.71994520029815900, -7.841744418552765200, -12.78842879150305100 ) ) ;
#2088 = AXIS2_PLACEMENT_3D ( 'NONE', #888, #869, #852 ) ;
#2089 = CARTESIAN_POINT ( 'NONE',  ( -11.50000000000000000, 0.0000000000000000000, 0.0000000000000000000 ) ) ;
#2090 = ORIENTED_EDGE ( 'NONE', *, *, #2195, .F. ) ;
#2091 = CARTESIAN_POINT ( 'NONE',  ( 13.70013972648517800, -7.673363455013599400, -12.89025735090491100 ) ) ;
#2092 = ORIENTED_EDGE ( 'NONE', *, *, #2723, .F. ) ;
#2093 = AXIS2_PLACEMENT_3D ( 'NONE', #843, #853, #857 ) ;
#2094 = ORIENTED_EDGE ( 'NONE', *, *, #2199, .T. ) ;
#2095 = CARTESIAN_POINT ( 'NONE',  ( 13.69986175035298400, -7.330282153978652500, -13.08839962823409500 ) ) ;
#2096 = CARTESIAN_POINT ( 'NONE',  ( 13.71915378856640200, -7.159346020486035300, -13.18259412457991800 ) ) ;
#2097 = ORIENTED_EDGE ( 'NONE', *, *, #2717, .T. ) ;
#2098 = CARTESIAN_POINT ( 'NONE',  ( -5.000000000000000000, 35.59159140026639500, -15.50000000000000000 ) ) ;
#2099 = PRODUCT ( 'UCFL-206', 'UCFL-206', '', ( #342 ) ) ;
#2100 = AXIS2_PLACEMENT_3D ( 'NONE', #835, #823, #845 ) ;
#2101 = CARTESIAN_POINT ( 'NONE',  ( 13.79538761656076100, -6.818843177272656300, -13.36190110045049600 ) ) ;
#2102 = CARTESIAN_POINT ( 'NONE',  ( 13.85334230009299400, -6.647532351605343900, -13.44780122113237700 ) ) ;
#2103 = ORIENTED_EDGE ( 'NONE', *, *, #2599, .T. ) ;
#2104 = DIRECTION ( 'NONE',  ( -1.000000000000000000, 0.0000000000000000000, -6.123031769111888800E-017 ) ) ;
#2105 = ORIENTED_EDGE ( 'NONE', *, *, #2674, .F. ) ;
#2106 = AXIS2_PLACEMENT_3D ( 'NONE', #813, #826, #834 ) ;
#2107 = CARTESIAN_POINT ( 'NONE',  ( 14.00351744523214700, -6.319688716922754200, -13.60494684186338100 ) ) ;
#2108 = CARTESIAN_POINT ( 'NONE',  ( 14.09551243211655200, -6.162232937320206700, -13.67676482776260500 ) ) ;
#2109 = ORIENTED_EDGE ( 'NONE', *, *, #2703, .F. ) ;
#2110 = VERTEX_POINT ( 'NONE', #564 ) ;
#2111 = ORIENTED_EDGE ( 'NONE', *, *, #2392, .T. ) ;
#2112 = CARTESIAN_POINT ( 'NONE',  ( 14.31347417606683900, -5.861086019558197100, -13.80850033852545900 ) ) ;
#2113 = ORIENTED_EDGE ( 'NONE', *, *, #2674, .T. ) ;
#2114 = DIRECTION ( 'NONE',  ( -0.06162841671621946400, -0.7044160264027585800, 0.7071067811865476800 ) ) ;
#2115 = ORIENTED_EDGE ( 'NONE', *, *, #2487, .T. ) ;
#2116 = AXIS2_PLACEMENT_3D ( 'NONE', #792, #777, #804 ) ;
#2117 = DIRECTION ( 'NONE',  ( 0.06162841671621927000, 0.7044160264027586900, 0.7071067811865476800 ) ) ;
#2118 = ORIENTED_EDGE ( 'NONE', *, *, #2656, .F. ) ;
#2119 = CARTESIAN_POINT ( 'NONE',  ( 15.72760604295972400, -4.900357466773555400, -14.17717646897243900 ) ) ;
#2120 = CARTESIAN_POINT ( 'NONE',  ( 15.91790843848676200, -4.844172906917616000, -14.19632166839132900 ) ) ;
#2121 = AXIS2_PLACEMENT_3D ( 'NONE', #809, #810, #797 ) ;
#2122 = ORIENTED_EDGE ( 'NONE', *, *, #2672, .F. ) ;
#2123 = CARTESIAN_POINT ( 'NONE',  ( 6.311604875504500000, 26.42176463033450100, 26.52269147883090000 ) ) ;
#2124 = DIRECTION ( 'NONE',  ( -1.000000000000000000, 0.0000000000000000000, 0.0000000000000000000 ) ) ;
#2125 = B_SPLINE_CURVE_WITH_KNOTS ( 'NONE', 3,
 ( #444, #2391, #472, #476, #486, #1414, #818, #802, #827, #859, #1582, #1587, #1590, #1598, #1600, #1603, #1608, #1610 ),
 .UNSPECIFIED., .T., .F.,
 ( 4, 2, 2, 2, 2, 2, 2, 2, 4 ),
 ( 0.0000000000000000000, 0.0003712320768476608700, 0.0007424641536953217400, 0.001113696230542982700, 0.001484928307390643500, 0.001856160384238304300, 0.002227392461085965300, 0.002598624537933625900, 0.002969856614781287000 ),
 .UNSPECIFIED. ) ;
#2126 = CARTESIAN_POINT ( 'NONE',  ( 16.30512136940437500, -4.769343399802431300, -14.22163575680774300 ) ) ;
#2127 = CARTESIAN_POINT ( 'NONE',  ( 16.50126737250457200, -4.750393016996213200, -14.22792206135786200 ) ) ;
#2128 = ORIENTED_EDGE ( 'NONE', *, *, #2656, .T. ) ;
#2129 = AXIS2_PLACEMENT_3D ( 'NONE', #703, #770, #771 ) ;
#2130 = AXIS2_PLACEMENT_3D ( 'NONE', #773, #766, #760 ) ;
#2131 = CARTESIAN_POINT ( 'NONE',  ( -18.00000000000000000, 0.0000000000000000000, 0.0000000000000000000 ) ) ;
#2132 = CARTESIAN_POINT ( 'NONE',  ( 16.70000000000000300, -4.750393016996212300, -14.22792206135786100 ) ) ;
#2133 = CARTESIAN_POINT ( 'NONE',  ( 13.00000000000000000, -16.75213675213670000, 36.32307688285384700 ) ) ;
#2134 = CARTESIAN_POINT ( 'NONE',  ( -5.191233068804240100, 35.60398048053414800, -15.50000000000000000 ) ) ;
#2135 = CARTESIAN_POINT ( 'NONE',  ( -9.250000000000000000, 0.0000000000000000000, 0.0000000000000000000 ) ) ;
#2136 = AXIS2_PLACEMENT_3D ( 'NONE', #718, #726, #730 ) ;
#2137 = VERTEX_POINT ( 'NONE', #675 ) ;
#2138 = CARTESIAN_POINT ( 'NONE',  ( 5.960873445541469800, 24.74375334932474900, 29.06259955661686300 ) ) ;
#2139 = CARTESIAN_POINT ( 'NONE',  ( 13.00000000000000000, 0.0000000000000000000, 1.898139848424685100E-015 ) ) ;
#2140 = AXIS2_PLACEMENT_3D ( 'NONE', #739, #747, #735 ) ;
#2141 = ORIENTED_EDGE ( 'NONE', *, *, #2507, .T. ) ;
#2142 = CARTESIAN_POINT ( 'NONE',  ( -6.299999999999999800, -64.99145299145298800, -14.07519229210586100 ) ) ;
#2143 = DIRECTION ( 'NONE',  ( -1.000000000000000000, -0.0000000000000000000, -1.224606353822375800E-016 ) ) ;
#2144 = ORIENTED_EDGE ( 'NONE', *, *, #2624, .F. ) ;
#2145 = AXIS2_PLACEMENT_3D ( 'NONE', #696, #698, #707 ) ;
#2146 = DIRECTION ( 'NONE',  ( 8.609049508569761500E-017, 0.0000000000000000000, -1.000000000000000000 ) ) ;
#2147 = PLANE ( 'NONE',  #1781 ) ;
#2148 = ORIENTED_EDGE ( 'NONE', *, *, #2605, .F. ) ;
#2149 = ORIENTED_EDGE ( 'NONE', *, *, #2604, .T. ) ;
#2150 = EDGE_LOOP ( 'NONE', ( #2313 ) ) ;
#2151 = CARTESIAN_POINT ( 'NONE',  ( -6.299999999999999800, -36.87478813498459800, 15.50000000000000000 ) ) ;
#2152 = ORIENTED_EDGE ( 'NONE', *, *, #2483, .T. ) ;
#2153 = ORIENTED_EDGE ( 'NONE', *, *, #2204, .T. ) ;
#2154 = EDGE_CURVE ( 'E188', #1774, #2137, #784, .T. ) ;
#2155 = DIRECTION ( 'NONE',  ( 0.0000000000000000000, 1.000000000000000000, 0.0000000000000000000 ) ) ;
#2156 = VERTEX_POINT ( 'NONE', #682 ) ;
#2157 = CARTESIAN_POINT ( 'NONE',  ( 5.574523035943628600, 24.81841944289331500, 29.02906257946481700 ) ) ;
#2158 = ORIENTED_EDGE ( 'NONE', *, *, #2599, .F. ) ;
#2159 = EDGE_CURVE ( 'E154', #1552, #1911, #38, .T. ) ;
#2160 = EDGE_CURVE ( 'NONE', #60, #60, #794, .T. ) ;
#2161 = CARTESIAN_POINT ( 'NONE',  ( 6.155165064045761800, 24.72120032591383100, 29.06661093476580500 ) ) ;
#2162 = CARTESIAN_POINT ( 'NONE',  ( 4.640313987258048600, 23.08213249435314700, 20.16637413152856000 ) ) ;
#2163 = ORIENTED_EDGE ( 'NONE', *, *, #2574, .F. ) ;
#2164 = CARTESIAN_POINT ( 'NONE',  ( 14.96794919243111900, 20.15000000000000200, -3.181620636138040000E-016 ) ) ;
#2165 = DIRECTION ( 'NONE',  ( 0.0000000000000000000, 0.0000000000000000000, 1.000000000000000000 ) ) ;
#2166 = EDGE_CURVE ( 'E198', #1435, #1696, #774, .T. ) ;
#2167 = ORIENTED_EDGE ( 'NONE', *, *, #2538, .F. ) ;
#2168 = PLANE ( 'NONE',  #1775 ) ;
#2169 = DIRECTION ( 'NONE',  ( 1.000000000000000000, 0.0000000000000000000, 6.123031769111888800E-017 ) ) ;
#2170 = EDGE_CURVE ( 'E264', #1475, #1635, #781, .T. ) ;
#2171 = EDGE_LOOP ( 'NONE', ( #2740 ) ) ;
#2172 = EDGE_CURVE ( 'E255', #1475, #2055, #819, .T. ) ;
#2173 = CARTESIAN_POINT ( 'NONE',  ( 17.56602540378445100, 18.86250000000000100, 1.500000000000000000 ) ) ;
#2174 = CARTESIAN_POINT ( 'NONE',  ( -6.299999999999999800, 72.46228429725191200, 0.0000000000000000000 ) ) ;
#2175 = EDGE_CURVE ( 'E246', #1355, #2055, #768, .T. ) ;
#2176 = CARTESIAN_POINT ( 'NONE',  ( -5.566410156200715800, -35.69136742407280800, 15.50000000000000200 ) ) ;
#2177 = DIRECTION ( 'NONE',  ( 1.000000000000000000, 0.0000000000000000000, 0.0000000000000000000 ) ) ;
#2178 = DIRECTION ( 'NONE',  ( 0.0000000000000000000, 0.0000000000000000000, -1.000000000000000000 ) ) ;
#2179 = EDGE_CURVE ( 'E70', #1494, #2433, #757, .T. ) ;
#2180 = ORIENTED_EDGE ( 'NONE', *, *, #2529, .F. ) ;
#2181 = EDGE_CURVE ( 'E98', #1480, #2156, #763, .T. ) ;
#2182 = CARTESIAN_POINT ( 'NONE',  ( 4.917094464186885000, 23.16078640549410700, 20.01266041500074500 ) ) ;
#2183 = ORIENTED_EDGE ( 'NONE', *, *, #2507, .F. ) ;
#2184 = CARTESIAN_POINT ( 'NONE',  ( 5.224295051984584300, 23.19463183418446700, 19.89520581168583000 ) ) ;
#2185 = EDGE_CURVE ( 'E61', #2375, #2433, #499, .T. ) ;
#2186 = EDGE_CURVE ( 'E52', #1415, #2375, #752, .T. ) ;
#2187 = ORIENTED_EDGE ( 'NONE', *, *, #2487, .F. ) ;
#2188 = CARTESIAN_POINT ( 'NONE',  ( -6.299999999999999800, 36.87478813498459800, 15.50000000000000000 ) ) ;
#2189 = EDGE_CURVE ( 'E43', #33, #1415, #738, .T. ) ;
#2190 = CARTESIAN_POINT ( 'NONE',  ( 5.693436312977913100, 23.17741573305838200, 19.78428764544646900 ) ) ;
#2191 = CARTESIAN_POINT ( 'NONE',  ( 5.853269226599619100, 23.16034603033380500, 19.75763037678629900 ) ) ;
#2192 = DIRECTION ( 'NONE',  ( 0.0000000000000000000, 1.000000000000000000, 0.0000000000000000000 ) ) ;
#2193 = CARTESIAN_POINT ( 'NONE',  ( -5.345968532111108100, -35.62136806937160600, 15.50000000000000000 ) ) ;
#2194 = ORIENTED_EDGE ( 'NONE', *, *, #2160, .T. ) ;
#2195 = EDGE_CURVE ( 'E34', #33, #1911, #740, .T. ) ;
#2196 = DIRECTION ( 'NONE',  ( 0.5000000000000003300, 0.0000000000000000000, -0.8660254037844383700 ) ) ;
#2197 = ORIENTED_EDGE ( 'NONE', *, *, #2483, .F. ) ;
#2198 = CARTESIAN_POINT ( 'NONE',  ( 6.171470532428251900, 23.10382513798854400, 19.72695015581942000 ) ) ;
#2199 = EDGE_CURVE ( 'E25', #1419, #1911, #1962, .T. ) ;
#2200 = CARTESIAN_POINT ( 'NONE',  ( 0.0000000000000000000, 0.0000000000000000000, 0.0000000000000000000 ) ) ;
#2201 = ORIENTED_EDGE ( 'NONE', *, *, #2479, .F. ) ;
#2202 = CARTESIAN_POINT ( 'NONE',  ( 6.327594563806037800, 23.06496923183794200, 19.72294826895560100 ) ) ;
#2203 = CARTESIAN_POINT ( 'NONE',  ( 6.634017011479572900, 22.96652085270595500, 19.73713974371817800 ) ) ;
#2204 = EDGE_CURVE ( 'E16', #2297, #1419, #731, .T. ) ;
#2205 = ORIENTED_EDGE ( 'NONE', *, *, #2223, .F. ) ;
#2206 = CARTESIAN_POINT ( 'NONE',  ( 18.43205080756889900, -9.431250000000000400, -16.33540417888400100 ) ) ;
#2207 = CARTESIAN_POINT ( 'NONE',  ( 6.785724672051055800, 22.90610845438281000, 19.75576325594052200 ) ) ;
#2208 = CARTESIAN_POINT ( 'NONE',  ( 6.545934722571554500, 24.70501555869661900, 29.04990517097368800 ) ) ;
#2209 = ADVANCED_FACE ( 'E1338', ( #745, #755, #728, #725 ), #711, .F. ) ;
#2210 = EDGE_CURVE ( 'NONE', #57, #57, #713, .T. ) ;
#2211 = CARTESIAN_POINT ( 'NONE',  ( 7.071703151604761900, 22.76845449254279400, 19.81450327992579100 ) ) ;
#2212 = CARTESIAN_POINT ( 'NONE',  ( 7.206978173674603000, 22.69112452376652900, 19.85443348731806900 ) ) ;
#2213 = CARTESIAN_POINT ( 'NONE',  ( 15.18644570337040300, -5.116578776482973500, -14.10120439403106500 ) ) ;
#2214 = DIRECTION ( 'NONE',  ( 1.000000000000000000, 0.0000000000000000000, 0.0000000000000000000 ) ) ;
#2215 = VERTEX_POINT ( 'NONE', #1592 ) ;
#2216 = EDGE_CURVE ( 'NONE', #56, #56, #717, .T. ) ;
#2217 = ORIENTED_EDGE ( 'NONE', *, *, #2481, .T. ) ;
#2218 = CARTESIAN_POINT ( 'NONE',  ( 6.744468337422757600, 24.71177456461060400, 29.02869503289557700 ) ) ;
#2219 = ADVANCED_FACE ( 'E1017', ( #706 ), #1481, .T. ) ;
#2220 = B_SPLINE_CURVE_WITH_KNOTS ( 'NONE', 3,
 ( #2776, #2693, #2847, #2, #178, #1500, #25, #27, #29, #31, #32, #35, #41, #42, #439, #223, #220, #187 ),
 .UNSPECIFIED., .T., .F.,
 ( 4, 2, 2, 2, 2, 2, 2, 2, 4 ),
 ( 0.0000000000000000000, 0.0003712320768476584300, 0.0007424641536953168600, 0.001113696230542975300, 0.001484928307390633700, 0.001856160384238292200, 0.002227392461085950600, 0.002598624537933609000, 0.002969856614781267400 ),
 .UNSPECIFIED. ) ;
#2221 = ORIENTED_EDGE ( 'NONE', *, *, #2479, .T. ) ;
#2222 = CARTESIAN_POINT ( 'NONE',  ( 17.56602540378445100, 20.15000000000000200, 1.500000000000000000 ) ) ;
#2223 = EDGE_CURVE ( 'NONE', #49, #49, #708, .T. ) ;
#2224 = CARTESIAN_POINT ( 'NONE',  ( 7.461900764810306600, 22.51924458816840200, 19.95569732696932900 ) ) ;
#2225 = CARTESIAN_POINT ( 'NONE',  ( 7.580839183830019800, 22.42480180145521400, 20.01711842979264900 ) ) ;
#2226 = ORIENTED_EDGE ( 'NONE', *, *, #2476, .F. ) ;
#2227 = CARTESIAN_POINT ( 'NONE',  ( 15.83397459621554900, 18.86250000000000100, 1.500000000000000000 ) ) ;
#2228 = EDGE_CURVE ( 'NONE', #48, #48, #2671, .T. ) ;
#2229 = EDGE_CURVE ( 'E129', #2073, #1382, #700, .T. ) ;
#2230 = CARTESIAN_POINT ( 'NONE',  ( 7.792563344057656500, 22.22653282467620900, 20.15646506509578700 ) ) ;
#2231 = CARTESIAN_POINT ( 'NONE',  ( 15.83397459621554900, 20.15000000000000200, -1.500000000000000000 ) ) ;
#2232 = CARTESIAN_POINT ( 'NONE',  ( 7.886885016683331500, 22.12168294490752300, 20.23498880469497500 ) ) ;
#2233 = VERTEX_POINT ( 'NONE', #1416 ) ;
#2234 = EDGE_CURVE ( 'E350', #2706, #1440, #695, .T. ) ;
#2235 = EDGE_CURVE ( 'E140', #33, #1480, #2404, .T. ) ;
#2236 = ORIENTED_EDGE ( 'NONE', *, *, #2417, .T. ) ;
#2237 = ORIENTED_EDGE ( 'NONE', *, *, #2265, .F. ) ;
#2238 = CARTESIAN_POINT ( 'NONE',  ( 8.050790022779573000, 21.90071898828364600, 20.41004339321388300 ) ) ;
#2239 = CARTESIAN_POINT ( 'NONE',  ( 8.117833429501336800, 21.78807382119744700, 20.50381711306803800 ) ) ;
#2240 = CARTESIAN_POINT ( 'NONE',  ( 18.43205080756889900, -10.07500000000000100, -17.45041188625645000 ) ) ;
#2241 = ORIENTED_EDGE ( 'NONE', *, *, #2216, .F. ) ;
#2242 = EDGE_CURVE ( 'E400', #1774, #2676, #714, .T. ) ;
#2243 = VERTEX_POINT ( 'NONE', #1310 ) ;
#2244 = ADVANCED_FACE ( 'E1136', ( #720, #692 ), #680, .T. ) ;
#2245 = EDGE_CURVE ( 'E119', #2781, #2110, #691, .T. ) ;
#2246 = CARTESIAN_POINT ( 'NONE',  ( 8.223140283550565100, 21.55861423205489300, 20.70342997920173600 ) ) ;
#2247 = ORIENTED_EDGE ( 'NONE', *, *, #2476, .T. ) ;
#2248 = CARTESIAN_POINT ( 'NONE',  ( 7.678857306828931000, 24.88923092498881200, 28.80344834998319200 ) ) ;
#2249 = CARTESIAN_POINT ( 'NONE',  ( 8.261563227852748900, 21.44045715531947800, 20.81056271221252300 ) ) ;
#2250 = EDGE_CURVE ( 'E134', #2110, #2073, #686, .T. ) ;
#2251 = ORIENTED_EDGE ( 'NONE', *, *, #2470, .T. ) ;
#2252 = CARTESIAN_POINT ( 'NONE',  ( 14.85273505451786800, -5.330236607861729100, -14.02377562469319900 ) ) ;
#2253 = CARTESIAN_POINT ( 'NONE',  ( 8.306123352093278500, 21.20746452646925900, 21.03040450429302400 ) ) ;
#2254 = ORIENTED_EDGE ( 'NONE', *, *, #2210, .T. ) ;
#2255 = CARTESIAN_POINT ( 'NONE',  ( 8.312692438489129600, 21.09272706927196600, 21.14289703735096300 ) ) ;
#2256 = EDGE_CURVE ( 'E79', #1494, #2297, #211, .T. ) ;
#2257 = ORIENTED_EDGE ( 'NONE', *, *, #1289, .F. ) ;
#2258 = CARTESIAN_POINT ( 'NONE',  ( 8.294511712110370600, 20.86675909905477500, 21.37300928946170200 ) ) ;
#2259 = CARTESIAN_POINT ( 'NONE',  ( 8.269234331194487800, 20.75527488211389800, 21.49102693081365700 ) ) ;
#2260 = EDGE_CURVE ( 'E124', #2781, #1382, #681, .T. ) ;
#2261 = CARTESIAN_POINT ( 'NONE',  ( -18.00000000000000000, 16.75213675213674900, 36.32307688285379800 ) ) ;
#2262 = CARTESIAN_POINT ( 'NONE',  ( 8.148944203191145900, 20.44091352966136900, 21.83729388077357900 ) ) ;
#2263 = EDGE_LOOP ( 'NONE', ( #2322 ) ) ;
#2264 = DIRECTION ( 'NONE',  ( 0.0000000000000000000, -1.000000000000000000, 0.0000000000000000000 ) ) ;
#2265 = EDGE_CURVE ( 'E168', #2278, #1435, #685, .T. ) ;
#2266 = EDGE_LOOP ( 'NONE', ( #1609 ) ) ;
#2267 = CARTESIAN_POINT ( 'NONE',  ( 8.005884669865222800, 20.24966898442933400, 22.06717275903705700 ) ) ;
#2268 = CARTESIAN_POINT ( 'NONE',  ( 7.718633769326925400, 20.01751595844444500, 22.37739030392642500 ) ) ;
#2269 = APPROVAL_DATE_TIME ( #2835, #900 ) ;
#2270 = CARTESIAN_POINT ( 'NONE',  ( -6.299999999999999800, -58.50000000000000000, -15.50000000000000000 ) ) ;
#2271 = ORIENTED_EDGE ( 'NONE', *, *, #2470, .F. ) ;
#2272 = CARTESIAN_POINT ( 'NONE',  ( 7.609549840974104000, 19.94793157446352400, 22.47667904318206000 ) ) ;
#2273 = EDGE_CURVE ( 'E214', #1696, #1390, #693, .T. ) ;
#2274 = CARTESIAN_POINT ( 'NONE',  ( 7.128852148661565000, 24.75442811163739500, 28.96230173722215500 ) ) ;
#2275 = CARTESIAN_POINT ( 'NONE',  ( 14.43938632435376900, -5.718262920316827400, -13.86798094320192700 ) ) ;
#2276 = ORIENTED_EDGE ( 'NONE', *, *, #2467, .T. ) ;
#2277 = CARTESIAN_POINT ( 'NONE',  ( 7.370531427152420700, 19.82879353410323000, 22.66099153071710900 ) ) ;
#2278 = VERTEX_POINT ( 'NONE', #2851 ) ;
#2279 = EDGE_CURVE ( 'E161', #1435, #1552, #676, .T. ) ;
#2280 = CARTESIAN_POINT ( 'NONE',  ( 7.242342895467923600, 19.77981832204540800, 22.74495981167132200 ) ) ;
#2281 = CARTESIAN_POINT ( 'NONE',  ( 6.969062169379231600, 19.70248931181297500, 22.89694363229346400 ) ) ;
#2282 = ORIENTED_EDGE ( 'NONE', *, *, #2216, .T. ) ;
#2283 = CARTESIAN_POINT ( 'NONE',  ( 7.315746418803722200, 24.78995463273510000, 28.91735044131582900 ) ) ;
#2284 = CARTESIAN_POINT ( 'NONE',  ( -6.299999999999999800, -16.75213675213674900, -36.32307688285379800 ) ) ;
#2285 = EDGE_CURVE ( 'E193', #2137, #1696, #673, .T. ) ;
#2286 = EDGE_CURVE ( 'E183', #1774, #1435, #674, .T. ) ;
#2287 = CARTESIAN_POINT ( 'NONE',  ( 6.822356108510011700, 19.67409814544783200, 22.96543819026995700 ) ) ;
#2288 = CARTESIAN_POINT ( 'NONE',  ( 6.522868597127403400, 19.64061490397858700, 23.08082458313331400 ) ) ;
#2289 = ORIENTED_EDGE ( 'NONE', *, *, #1289, .T. ) ;
#2290 = EDGE_CURVE ( 'E282', #640, #2024, #671, .T. ) ;
#2291 = EDGE_CURVE ( 'E291', #2024, #2156, #664, .T. ) ;
#2292 = DIRECTION ( 'NONE',  ( 0.0000000000000000000, -1.000000000000000000, 0.0000000000000000000 ) ) ;
#2293 = ORIENTED_EDGE ( 'NONE', *, *, #2320, .F. ) ;
#2294 = CARTESIAN_POINT ( 'NONE',  ( -6.299999999999999800, -36.87478813498459800, 15.50000000000000000 ) ) ;
#2295 = CARTESIAN_POINT ( 'NONE',  ( 6.369362006160345800, 19.63506064073333900, 23.12837627986596800 ) ) ;
#2296 = CARTESIAN_POINT ( 'NONE',  ( -6.299999999999999800, -36.87478813498459800, -15.50000000000000000 ) ) ;
#2297 = VERTEX_POINT ( 'NONE', #2098 ) ;
#2298 = EDGE_CURVE ( 'E219', #2278, #1390, #668, .T. ) ;
#2299 = CARTESIAN_POINT ( 'NONE',  ( 6.054779232606905200, 19.64645056931726300, 23.20307730766819200 ) ) ;
#2300 = CARTESIAN_POINT ( 'NONE',  ( 5.893998723701011900, 19.66369102723923100, 23.22984977071537900 ) ) ;
#2301 = ORIENTED_EDGE ( 'NONE', *, *, #2210, .F. ) ;
#2302 = CARTESIAN_POINT ( 'NONE',  ( 5.578568602824922200, 19.71949483017761700, 23.26041663698002200 ) ) ;
#2303 = EDGE_CURVE ( 'E576', #2676, #1552, #663, .T. ) ;
#2304 = ORIENTED_EDGE ( 'NONE', *, *, #2467, .F. ) ;
#2305 = CARTESIAN_POINT ( 'NONE',  ( 5.422178137690322000, 19.75805981218562500, 23.26468574925667500 ) ) ;
#2306 = CARTESIAN_POINT ( 'NONE',  ( 5.112153472886186400, 19.85737450315519200, 23.25031421339329500 ) ) ;
#2307 = EDGE_CURVE ( 'E319', #1475, #1644, #654, .T. ) ;
#2308 = ORIENTED_EDGE ( 'NONE', *, *, #2462, .F. ) ;
#2309 = CARTESIAN_POINT ( 'NONE',  ( 19.39626086434893500, -8.622846947027930800, -12.27517010518214700 ) ) ;
#2310 = CARTESIAN_POINT ( 'NONE',  ( 17.56602540378445100, 20.15000000000000200, -1.500000000000000000 ) ) ;
#2311 = CARTESIAN_POINT ( 'NONE',  ( 4.962973012594156700, 19.91674552076554900, 23.23183213478553800 ) ) ;
#2312 = CARTESIAN_POINT ( 'NONE',  ( 4.677710203094561000, 20.05352205431101400, 23.17328543980446300 ) ) ;
#2313 = ORIENTED_EDGE ( 'NONE', *, *, #2453, .T. ) ;
#2314 = CARTESIAN_POINT ( 'NONE',  ( 14.96794919243111900, 20.15000000000000200, -5.551115123125779700E-016 ) ) ;
#2315 = EDGE_CURVE ( 'E555', #1635, #1710, #660, .T. ) ;
#2316 = EDGE_LOOP ( 'NONE', ( #2289 ) ) ;
#2317 = DIRECTION ( 'NONE',  ( -1.000000000000000000, 0.0000000000000000000, -3.204937810639275000E-016 ) ) ;
#2318 = EDGE_CURVE ( 'E570', #1644, #1710, #642, .T. ) ;
#2319 = CARTESIAN_POINT ( 'NONE',  ( 4.539999195399093200, 20.13195946831329400, 23.13263605044398500 ) ) ;
#2320 = EDGE_CURVE ( 'NONE', #46, #46, #635, .T. ) ;
#2321 = CARTESIAN_POINT ( 'NONE',  ( 4.284794630328475400, 20.30367233632672700, 23.03101517530923900 ) ) ;
#2322 = ORIENTED_EDGE ( 'NONE', *, *, #2462, .T. ) ;
#2323 = CARTESIAN_POINT ( 'NONE',  ( -5.357042224123150100, -8.228124356444366700, -29.40435393977397600 ) ) ;
#2324 = ORIENTED_EDGE ( 'NONE', *, *, #2458, .F. ) ;
#2325 = CARTESIAN_POINT ( 'NONE',  ( 4.167883379662271200, 20.39621623859571600, 22.97061463514739500 ) ) ;
#2326 = CARTESIAN_POINT ( 'NONE',  ( -5.773592346867730800, -35.79955342787986400, 15.49999999999999600 ) ) ;
#2327 = EDGE_CURVE ( 'NONE', #44, #44, #632, .T. ) ;
#2328 = CARTESIAN_POINT ( 'NONE',  ( 16.69999999999999900, 19.60875000000000100, 0.0000000000000000000 ) ) ;
#2329 = CARTESIAN_POINT ( 'NONE',  ( 3.955291327441660300, 20.59459115225829300, 22.83077990829172100 ) ) ;
#2330 = ORIENTED_EDGE ( 'NONE', *, *, #2228, .T. ) ;
#2331 = DIRECTION ( 'NONE',  ( -6.123031769111888800E-017, 1.000000000000000000, 0.0000000000000000000 ) ) ;
#2332 = EDGE_CURVE ( 'NONE', #40, #40, #646, .T. ) ;
#2333 = CARTESIAN_POINT ( 'NONE',  ( 3.859273705761133500, 20.70128565798862400, 22.75057674173118700 ) ) ;
#2334 = CARTESIAN_POINT ( 'NONE',  ( 3.697128729646360400, 20.91936742953732400, 22.57736187014464600 ) ) ;
#2335 = DIRECTION ( 'NONE',  ( 0.0000000000000000000, 0.0000000000000000000, 1.000000000000000000 ) ) ;
#2336 = ORIENTED_EDGE ( 'NONE', *, *, #2453, .F. ) ;
#2337 = ORIENTED_EDGE ( 'NONE', *, *, #2332, .F. ) ;
#2338 = EDGE_CURVE ( 'E108', #604, #2278, #626, .T. ) ;
#2339 = EDGE_CURVE ( 'E427', #1846, #2110, #623, .T. ) ;
#2340 = CARTESIAN_POINT ( 'NONE',  ( 3.629784837715529700, 21.03166690110328600, 22.48377216968569000 ) ) ;
#2341 = VERTEX_POINT ( 'NONE', #584 ) ;
#2342 = ORIENTED_EDGE ( 'NONE', *, *, #2437, .T. ) ;
#2343 = ORIENTED_EDGE ( 'NONE', *, *, #2354, .F. ) ;
#2344 = CARTESIAN_POINT ( 'NONE',  ( -5.895108795295248800, -35.89939931068345700, 15.50000000000000000 ) ) ;
#2345 = ORIENTED_EDGE ( 'NONE', *, *, #2327, .F. ) ;
#2346 = CARTESIAN_POINT ( 'NONE',  ( 16.69999999999999900, 20.15000000000000200, 0.0000000000000000000 ) ) ;
#2347 = EDGE_CURVE ( 'E418', #1397, #1846, #621, .T. ) ;
#2348 = VERTEX_POINT ( 'NONE', #381 ) ;
#2349 = CARTESIAN_POINT ( 'NONE',  ( 3.523293990737420300, 21.26296476675583200, 22.28225954359073000 ) ) ;
#2350 = CARTESIAN_POINT ( 'NONE',  ( -6.193465754239388900, -36.25562774387945800, 15.50000000000000400 ) ) ;
#2351 = CARTESIAN_POINT ( 'NONE',  ( -3.358757210636104800, 0.0000000000000000000, 0.0000000000000000000 ) ) ;
#2352 = DIRECTION ( 'NONE',  ( 0.0000000000000000000, -1.000000000000000000, 0.0000000000000000000 ) ) ;
#2353 = ORIENTED_EDGE ( 'NONE', *, *, #2435, .T. ) ;
#2354 = EDGE_CURVE ( 'NONE', #39, #39, #609, .T. ) ;
#2355 = DIRECTION ( 'NONE',  ( -1.000000000000000000, -0.0000000000000000000, -0.0000000000000000000 ) ) ;
#2356 = ORIENTED_EDGE ( 'NONE', *, *, #2265, .T. ) ;
#2357 = CARTESIAN_POINT ( 'NONE',  ( 3.485217380944001200, 21.38023461728619500, 22.17576810530229300 ) ) ;
#2358 = EDGE_CURVE ( 'E103', #1480, #2278, #607, .T. ) ;
#2359 = EDGE_CURVE ( 'E409', #2676, #1397, #612, .T. ) ;
#2360 = DIRECTION ( 'NONE',  ( 0.0000000000000000000, 0.0000000000000000000, -1.000000000000000000 ) ) ;
#2361 = DIRECTION ( 'NONE',  ( 0.0000000000000000000, 0.0000000000000000000, -1.000000000000000000 ) ) ;
#2362 = ORIENTED_EDGE ( 'NONE', *, *, #2447, .F. ) ;
#2363 = CARTESIAN_POINT ( 'NONE',  ( 3.440588628852280500, 21.61187245315968000, 21.95712145291704700 ) ) ;
#2364 = EDGE_CURVE ( 'E225', #604, #1355, #602, .T. ) ;
#2365 = ORIENTED_EDGE ( 'NONE', *, *, #2185, .F. ) ;
#2366 = ORIENTED_EDGE ( 'NONE', *, *, #2395, .T. ) ;
#2367 = ADVANCED_FACE ( 'E1365', ( #595, #591 ), #580, .T. ) ;
#2368 = EDGE_CURVE ( 'E240', #1355, #1390, #629, .T. ) ;
#2369 = CARTESIAN_POINT ( 'NONE',  ( 3.433672336585056800, 21.72806946238078800, 21.84324299967656900 ) ) ;
#2370 = EDGE_CURVE ( 'E382', #1166, #2137, #588, .T. ) ;
#2371 = ORIENTED_EDGE ( 'NONE', *, *, #2315, .T. ) ;
#2372 = CARTESIAN_POINT ( 'NONE',  ( 3.451908047772557900, 21.95532161564647200, 21.61190775020207200 ) ) ;
#2373 = ORIENTED_EDGE ( 'NONE', *, *, #1148, .F. ) ;
#2374 = EDGE_CURVE ( 'E376', #1166, #1440, #583, .T. ) ;
#2375 = VERTEX_POINT ( 'NONE', #2815 ) ;
#2376 = B_SPLINE_CURVE_WITH_KNOTS ( 'NONE', 3,
 ( #1620, #1623, #1624, #1629, #1633, #1634, #1640, #1643, #1645, #1646, #1650, #1651, #1654, #1656, #1661, #1662, #1669, #1675 ),
 .UNSPECIFIED., .T., .F.,
 ( 4, 2, 2, 2, 2, 2, 2, 2, 4 ),
 ( 0.0000000000000000000, 0.0003712320768476597300, 0.0007424641536953194600, 0.001113696230542979200, 0.001484928307390638900, 0.001856160384238298700, 0.002227392461085958400, 0.002598624537933618100, 0.002969856614781277900 ),
 .UNSPECIFIED. ) ;
#2377 = EDGE_CURVE ( 'E361', #2073, #1166, #576, .T. ) ;
#2378 = ORIENTED_EDGE ( 'NONE', *, *, #2189, .F. ) ;
#2379 = ORIENTED_EDGE ( 'NONE', *, *, #2446, .F. ) ;
#2380 = CARTESIAN_POINT ( 'NONE',  ( 7.854415921085362100, 24.95322938155195300, 28.73431970871965600 ) ) ;
#2381 = DIRECTION ( 'NONE',  ( 6.409875621278545100E-016, -0.8660254037844387100, 0.4999999999999998900 ) ) ;
#2382 = EDGE_CURVE ( 'E355', #1382, #1440, #572, .T. ) ;
#2383 = EDGE_CURVE ( 'E334', #1644, #2706, #569, .T. ) ;
#2384 = CARTESIAN_POINT ( 'NONE',  ( 3.476647116638246400, 22.06457080214599400, 21.49636206365604700 ) ) ;
#2385 = ORIENTED_EDGE ( 'NONE', *, *, #2291, .F. ) ;
#2386 = CARTESIAN_POINT ( 'NONE',  ( 5.474999999999998800, -13.54246580148032000, -23.20518709117935800 ) ) ;
#2387 = EDGE_CURVE ( 'E329', #2055, #2706, #561, .T. ) ;
#2388 = CARTESIAN_POINT ( 'NONE',  ( 3.556559035019215100, 22.27453921587791200, 21.26550569300138700 ) ) ;
#2389 = ORIENTED_EDGE ( 'NONE', *, *, #2181, .T. ) ;
#2390 = EDGE_LOOP ( 'NONE', ( #1464 ) ) ;
#2391 = CARTESIAN_POINT ( 'NONE',  ( -4.524999999999999500, 26.86751442127219400, -0.1255258683742718200 ) ) ;
#2392 = EDGE_CURVE ( 'E340', #1382, #1644, #556, .T. ) ;
#2393 = CARTESIAN_POINT ( 'NONE',  ( 5.423496924022630100, -13.64826353292029300, -23.14294525174993900 ) ) ;
#2394 = CARTESIAN_POINT ( 'NONE',  ( 5.248193981261094300, -13.79895724158094300, -23.05341170921469600 ) ) ;
#2395 = EDGE_CURVE ( 'E597', #1710, #2433, #144, .T. ) ;
#2396 = CARTESIAN_POINT ( 'NONE',  ( 3.612644255028910800, 22.37616616072642000, 21.14904302882575500 ) ) ;
#2397 = EDGE_LOOP ( 'NONE', ( #1477 ) ) ;
#2398 = CARTESIAN_POINT ( 'NONE',  ( 3.751644902184140900, 22.56273558188643900, 20.92544277167740300 ) ) ;
#2399 = EDGE_LOOP ( 'NONE', ( #2600 ) ) ;
#2400 = CARTESIAN_POINT ( 'NONE',  ( 5.385932178530501900, 24.87008724481602300, 28.99964017423822000 ) ) ;
#2401 = CARTESIAN_POINT ( 'NONE',  ( 5.124164877751889300, -13.84296318389661600, -23.02684740625366500 ) ) ;
#2402 = ORIENTED_EDGE ( 'NONE', *, *, #2235, .T. ) ;
#2403 = CARTESIAN_POINT ( 'NONE',  ( 3.834508014284331500, 22.64846122655474800, 20.81753928787783900 ) ) ;
#2404 = B_SPLINE_CURVE_WITH_KNOTS ( 'NONE', 3,
 ( #1346, #1070, #2193, #2508, #2176, #2326, #2344, #2350, #2548, #2294 ),
 .UNSPECIFIED., .F., .F.,
 ( 4, 2, 2, 2, 4 ),
 ( 0.004328692968650126600, 0.004559629919281001100, 0.004790566869911874700, 0.005252440771173632500, 0.006176188573697148800 ),
 .UNSPECIFIED. ) ;
#2405 = CARTESIAN_POINT ( 'NONE',  ( 4.876340014049119100, -13.84307608388168200, -23.02677953421777300 ) ) ;
#2406 = EDGE_CURVE ( 'E625', #1494, #2781, #442, .T. ) ;
#2407 = CARTESIAN_POINT ( 'NONE',  ( 4.753012674045585600, -13.79993007408224100, -23.05283316546562100 ) ) ;
#2408 = EDGE_LOOP ( 'NONE', ( #1501 ) ) ;
#2409 = CARTESIAN_POINT ( 'NONE',  ( 4.027085906848603800, 22.80471432603565400, 20.60955538703997200 ) ) ;
#2410 = ORIENTED_EDGE ( 'NONE', *, *, #2447, .T. ) ;
#2411 = CARTESIAN_POINT ( 'NONE',  ( 4.136774151036589400, 22.87472038913197300, 20.51000114528619300 ) ) ;
#2412 = EDGE_CURVE ( 'NONE', #37, #37, #538, .T. ) ;
#2413 = CARTESIAN_POINT ( 'NONE',  ( 4.575579139475783200, -13.64753362822133900, -23.14337946089374400 ) ) ;
#2414 = EDGE_LOOP ( 'NONE', ( #1472 ) ) ;
#2415 = CARTESIAN_POINT ( 'NONE',  ( 4.373684089181933700, 22.99330905199018800, 20.32743236527916900 ) ) ;
#2416 = EDGE_LOOP ( 'NONE', ( #1470 ) ) ;
#2417 = EDGE_CURVE ( 'NONE', #36, #36, #526, .T. ) ;
#2418 = CLOSED_SHELL ( 'NONE', ( #2784, #2597, #2773, #2767, #2543, #2637, #1537, #2564 ) ) ;
#2419 = CARTESIAN_POINT ( 'NONE',  ( 4.525043913991681600, -13.54128499685272200, -23.20586793257356100 ) ) ;
#2420 = CARTESIAN_POINT ( 'NONE',  ( 4.524956145506590300, -13.32652060258733300, -23.32986400515119400 ) ) ;
#2421 = EDGE_LOOP ( 'NONE', ( #1509 ) ) ;
#2422 = CARTESIAN_POINT ( 'NONE',  ( 4.501923748793633000, 23.04280553878267000, 20.24323098979246900 ) ) ;
#2423 = EDGE_LOOP ( 'NONE', ( #1506 ) ) ;
#2424 = EDGE_CURVE ( 'E670', #1397, #1419, #536, .T. ) ;
#2425 = CARTESIAN_POINT ( 'NONE',  ( 4.576291733411340000, -13.21859282853206200, -23.39102014082415300 ) ) ;
#2426 = DIRECTION ( 'NONE',  ( -0.06162841671621927000, -0.7044160264027584700, 0.7071067811865480200 ) ) ;
#2427 = EDGE_LOOP ( 'NONE', ( #1518 ) ) ;
#2428 = DIRECTION ( 'NONE',  ( -1.000000000000000000, -5.551115123125780700E-016, 3.204937810639275000E-016 ) ) ;
#2429 = CARTESIAN_POINT ( 'NONE',  ( 4.751305340327165900, -13.06563709880582600, -23.47680018224948400 ) ) ;
#2430 = EDGE_CURVE ( 'E695', #2297, #1846, #542, .T. ) ;
#2431 = EDGE_LOOP ( 'NONE', ( #1513 ) ) ;
#2432 = DIRECTION ( 'NONE',  ( 0.06162841671621927000, 0.7044160264027586900, 0.7071067811865476800 ) ) ;
#2433 = VERTEX_POINT ( 'NONE', #2534 ) ;
#2434 = CARTESIAN_POINT ( 'NONE',  ( 6.344961256052150700, 26.80302980462494800, 26.90541302414815000 ) ) ;
#2435 = EDGE_CURVE ( 'NONE', #34, #34, #517, .T. ) ;
#2436 = CARTESIAN_POINT ( 'NONE',  ( 4.640313987258048600, 23.08213249435314700, 20.16637413152856000 ) ) ;
#2437 = EDGE_CURVE ( 'NONE', #30, #30, #508, .T. ) ;
#2438 = EDGE_LOOP ( 'NONE', ( #1522 ) ) ;
#2439 = CARTESIAN_POINT ( 'NONE',  ( 4.874228334779384200, -13.02040746158560200, -23.50175143958123800 ) ) ;
#2440 = CARTESIAN_POINT ( 'NONE',  ( 5.124803654767307000, -13.02018408547520200, -23.50187519271411300 ) ) ;
#2441 = CARTESIAN_POINT ( 'NONE',  ( 5.247830266325980400, -13.06515250144153700, -23.47706972240324000 ) ) ;
#2442 = CARTESIAN_POINT ( 'NONE',  ( 5.423384557761193200, -13.21804089490546600, -23.39133188890947300 ) ) ;
#2443 = EDGE_LOOP ( 'NONE', ( #2501, #2499, #2489, #2480 ) ) ;
#2444 = PERSON_AND_ORGANIZATION ( #1554, #2758 ) ;
#2445 = CARTESIAN_POINT ( 'NONE',  ( 5.474999999999999600, -13.43375721063610200, -23.26795002536649500 ) ) ;
#2446 = EDGE_CURVE ( 'E744', #1415, #2024, #515, .T. ) ;
#2447 = EDGE_CURVE ( 'E754', #640, #2375, #532, .T. ) ;
#2448 = EDGE_LOOP ( 'NONE', ( #1519 ) ) ;
#2449 = CARTESIAN_POINT ( 'NONE',  ( 5.475000000000000500, -13.32504861979188400, -23.33071295955363300 ) ) ;
#2450 = CARTESIAN_POINT ( 'NONE',  ( 8.179439963771296000, 25.10374497882450800, 28.57722343620087500 ) ) ;
#2451 = EDGE_LOOP ( 'NONE', ( #1531 ) ) ;
#2452 = CARTESIAN_POINT ( 'NONE',  ( 5.474999999999999600, -13.43375721063610200, -23.26795002536649500 ) ) ;
#2453 = EDGE_CURVE ( 'NONE', #26, #26, #496, .T. ) ;
#2454 = CARTESIAN_POINT ( 'NONE',  ( -5.000000000000000000, 0.0000000000000000000, -15.50000000000000000 ) ) ;
#2455 = CARTESIAN_POINT ( 'NONE',  ( 15.83397459621554900, 20.15000000000000200, -1.500000000000000000 ) ) ;
#2456 = DIRECTION ( 'NONE',  ( 0.0000000000000000000, -1.000000000000000000, 0.0000000000000000000 ) ) ;
#2457 = EDGE_LOOP ( 'NONE', ( #1990 ) ) ;
#2458 = EDGE_CURVE ( 'NONE', #24, #24, #2797, .T. ) ;
#2459 = CARTESIAN_POINT ( 'NONE',  ( 15.83397459621554900, 20.15000000000000200, -1.500000000000000000 ) ) ;
#2460 = ORIENTED_EDGE ( 'NONE', *, *, #2290, .F. ) ;
#2461 = DIRECTION ( 'NONE',  ( 0.0000000000000000000, 0.0000000000000000000, -1.000000000000000000 ) ) ;
#2462 = EDGE_CURVE ( 'NONE', #23, #23, #511, .T. ) ;
#2463 = ORIENTED_EDGE ( 'NONE', *, *, #2446, .T. ) ;
#2464 = DIRECTION ( 'NONE',  ( 1.000000000000000000, 0.0000000000000000000, 0.0000000000000000000 ) ) ;
#2465 = CARTESIAN_POINT ( 'NONE',  ( -5.000000000000000000, -58.50000000000000000, 0.0000000000000000000 ) ) ;
#2466 = ORIENTED_EDGE ( 'NONE', *, *, #2186, .F. ) ;
#2467 = EDGE_CURVE ( 'NONE', #20, #20, #495, .T. ) ;
#2468 = EDGE_LOOP ( 'NONE', ( #1457 ) ) ;
#2469 = DIRECTION ( 'NONE',  ( -0.4999999999999998900, 0.0000000000000000000, 0.8660254037844387100 ) ) ;
#2470 = EDGE_CURVE ( 'NONE', #19, #19, #483, .T. ) ;
#2471 = EDGE_LOOP ( 'NONE', ( #1527 ) ) ;
#2472 = DIRECTION ( 'NONE',  ( 0.0000000000000000000, 0.0000000000000000000, -1.000000000000000000 ) ) ;
#2473 = ADVANCED_FACE ( 'E203', ( #487 ), #469, .T. ) ;
#2474 = DIRECTION ( 'NONE',  ( 1.000000000000000000, 0.0000000000000000000, 0.0000000000000000000 ) ) ;
#2475 = ORIENTED_EDGE ( 'NONE', *, *, #2437, .F. ) ;
#2476 = EDGE_CURVE ( 'NONE', #17, #17, #475, .T. ) ;
#2477 = CARTESIAN_POINT ( 'NONE',  ( -5.000000000000000000, 58.50000000000000000, 0.0000000000000000000 ) ) ;
#2478 = EDGE_LOOP ( 'NONE', ( #1559 ) ) ;
#2479 = EDGE_CURVE ( 'NONE', #15, #15, #465, .T. ) ;
#2480 = ORIENTED_EDGE ( 'NONE', *, *, #2424, .T. ) ;
#2481 = EDGE_CURVE ( 'NONE', #12, #12, #490, .T. ) ;
#2482 = EDGE_LOOP ( 'NONE', ( #1538 ) ) ;
#2483 = EDGE_CURVE ( 'NONE', #11, #11, #462, .T. ) ;
#2484 = DIRECTION ( 'NONE',  ( 0.0000000000000000000, 1.000000000000000000, 0.0000000000000000000 ) ) ;
#2485 = EDGE_LOOP ( 'NONE', ( #1568 ) ) ;
#2486 = CARTESIAN_POINT ( 'NONE',  ( -5.000000000000000000, 0.0000000000000000000, 15.50000000000000000 ) ) ;
#2487 = EDGE_CURVE ( 'E867', #1604, #1750, #463, .T. ) ;
#2488 = CARTESIAN_POINT ( 'NONE',  ( -5.422379409930270500, 30.52131707239798400, -0.2509396256934324200 ) ) ;
#2489 = ORIENTED_EDGE ( 'NONE', *, *, #2347, .F. ) ;
#2490 = ADVANCED_FACE ( 'E1265', ( #484 ), #1950, .T. ) ;
#2491 = EDGE_LOOP ( 'NONE', ( #1570 ) ) ;
#2492 = CARTESIAN_POINT ( 'NONE',  ( -6.299999999999999800, 64.99145299145298800, 14.07519229210583900 ) ) ;
#2493 = EDGE_LOOP ( 'NONE', ( #1807 ) ) ;
#2494 = EDGE_LOOP ( 'NONE', ( #2217 ) ) ;
#2495 = ADVANCED_FACE ( 'E224', ( #457 ), #1937, .T. ) ;
#2496 = CARTESIAN_POINT ( 'NONE',  ( 3.358757210636100300, 0.0000000000000000000, 0.0000000000000000000 ) ) ;
#2497 = ADVANCED_FACE ( 'E833', ( #481, #448 ), #435, .F. ) ;
#2498 = EDGE_LOOP ( 'NONE', ( #1563 ) ) ;
#2499 = ORIENTED_EDGE ( 'NONE', *, *, #2430, .T. ) ;
#2500 = DIRECTION ( 'NONE',  ( -1.000000000000000000, 0.0000000000000000000, 0.0000000000000000000 ) ) ;
#2501 = ORIENTED_EDGE ( 'NONE', *, *, #2204, .F. ) ;
#2502 = CARTESIAN_POINT ( 'NONE',  ( -5.000000000000000000, 0.0000000000000000000, -15.50000000000000000 ) ) ;
#2503 = DIRECTION ( 'NONE',  ( 0.0000000000000000000, 0.0000000000000000000, 1.000000000000000000 ) ) ;
#2504 = EDGE_LOOP ( 'NONE', ( #1878, #1875, #1870, #1869 ) ) ;
#2505 = ADVANCED_FACE ( 'E839', ( #440, #452 ), #1901, .F. ) ;
#2506 = DIRECTION ( 'NONE',  ( 0.0000000000000000000, 0.0000000000000000000, -1.000000000000000000 ) ) ;
#2507 = EDGE_CURVE ( 'E874', #1857, #1604, #461, .T. ) ;
#2508 = CARTESIAN_POINT ( 'NONE',  ( -5.494706684316399000, -35.66291641531808000, 15.50000000000000200 ) ) ;
#2509 = CARTESIAN_POINT ( 'NONE',  ( -5.250762148918689800, -8.296438991667871600, -29.40405749064260000 ) ) ;
#2510 = EDGE_LOOP ( 'NONE', ( #1561 ) ) ;
#2511 = DIRECTION ( 'NONE',  ( 0.0000000000000000000, -1.000000000000000000, 0.0000000000000000000 ) ) ;
#2512 = ADVANCED_FACE ( 'E1387', ( #437 ), #432, .F. ) ;
#2513 = CARTESIAN_POINT ( 'NONE',  ( -5.434593795200542300, -8.119868671911195400, -29.42020540787320800 ) ) ;
#2514 = ORIENTED_EDGE ( 'NONE', *, *, #2435, .F. ) ;
#2515 = CARTESIAN_POINT ( 'NONE',  ( 16.69999999999999900, 19.60875000000000100, 0.0000000000000000000 ) ) ;
#2516 = ADVANCED_FACE ( 'E182', ( #453 ), #1843, .F. ) ;
#2517 = ORIENTED_EDGE ( 'NONE', *, *, #2256, .F. ) ;
#2518 = DIRECTION ( 'NONE',  ( 1.000000000000000000, 0.0000000000000000000, 0.0000000000000000000 ) ) ;
#2519 = CARTESIAN_POINT ( 'NONE',  ( -6.299999999999999800, 58.50000000000000000, 0.0000000000000000000 ) ) ;
#2520 = EDGE_LOOP ( 'NONE', ( #1575 ) ) ;
#2521 = CARTESIAN_POINT ( 'NONE',  ( -5.490881686909449200, -7.882860098185302500, -29.47416323124660000 ) ) ;
#2522 = ORIENTED_EDGE ( 'NONE', *, *, #2430, .F. ) ;
#2523 = DIRECTION ( 'NONE',  ( 4.956352788505163400E-017, 0.0000000000000000000, -1.000000000000000000 ) ) ;
#2524 = CARTESIAN_POINT ( 'NONE',  ( -5.468298220927924700, -7.754942151031240600, -29.51227168583446700 ) ) ;
#2525 = ADVANCED_FACE ( 'E827', ( #430, #420 ), #414, .F. ) ;
#2526 = ADVANCED_FACE ( 'E1368', ( #427, #412 ), #426, .T. ) ;
#2527 = DIRECTION ( 'NONE',  ( 1.000000000000000000, 0.0000000000000000000, 6.123031769111888800E-017 ) ) ;
#2528 = EDGE_LOOP ( 'NONE', ( #1573 ) ) ;
#2529 = EDGE_CURVE ( 'E881', #2737, #1857, #411, .T. ) ;
#2530 = CARTESIAN_POINT ( 'NONE',  ( 17.56602540378445100, -11.37403810567664100, -16.70041188625644700 ) ) ;
#2531 = ORIENTED_EDGE ( 'NONE', *, *, #2339, .F. ) ;
#2532 = CARTESIAN_POINT ( 'NONE',  ( 13.00000000000000000, 0.0000000000000000000, 0.0000000000000000000 ) ) ;
#2533 = ORIENTED_EDGE ( 'NONE', *, *, #2245, .T. ) ;
#2534 = CARTESIAN_POINT ( 'NONE',  ( -5.191233068804240100, -35.60398048053414800, -15.50000000000000000 ) ) ;
#2535 = EDGE_LOOP ( 'NONE', ( #1583 ) ) ;
#2536 = CARTESIAN_POINT ( 'NONE',  ( -5.335812436700758900, -7.557141264073862900, -29.58773926498158600 ) ) ;
#2537 = CARTESIAN_POINT ( 'NONE',  ( -4.509116925822869600, -7.951245710280318200, -29.62196994052088400 ) ) ;
#2538 = EDGE_CURVE ( 'E888', #2021, #2737, #415, .T. ) ;
#2539 = ORIENTED_EDGE ( 'NONE', *, *, #2406, .T. ) ;
#2540 = APPROVAL_PERSON_ORGANIZATION ( #2444, #900, #326 ) ;
#2541 = CARTESIAN_POINT ( 'NONE',  ( -4.530875974921587900, -8.078454940921744800, -29.58421341932881500 ) ) ;
#2542 = ORIENTED_EDGE ( 'NONE', *, *, #2424, .F. ) ;
#2543 = ADVANCED_FACE ( 'E1401', ( #403, #417, #406, #398 ), #377, .F. ) ;
#2544 = DIRECTION ( 'NONE',  ( 0.0000000000000000000, 0.0000000000000000000, 1.000000000000000000 ) ) ;
#2545 = CARTESIAN_POINT ( 'NONE',  ( 3.756267716150762500, 25.94281924709188700, 28.17617792797739900 ) ) ;
#2546 = EDGE_LOOP ( 'NONE', ( #1577 ) ) ;
#2547 = ADVANCED_FACE ( 'E1335', ( #388, #375 ), #391, .T. ) ;
#2548 = CARTESIAN_POINT ( 'NONE',  ( -6.300000000000005200, -36.56694733604940200, 15.50000000000000400 ) ) ;
#2549 = DIRECTION ( 'NONE',  ( -1.000000000000000000, 0.0000000000000000000, 0.0000000000000000000 ) ) ;
#2550 = ORIENTED_EDGE ( 'NONE', *, *, #2199, .F. ) ;
#2551 = ADVANCED_FACE ( 'E1083', ( #380, #371 ), #358, .T. ) ;
#2552 = EDGE_LOOP ( 'NONE', ( #2514 ) ) ;
#2553 = CARTESIAN_POINT ( 'NONE',  ( 13.00000000000000000, 0.0000000000000000000, 0.0000000000000000000 ) ) ;
#2554 = CARTESIAN_POINT ( 'NONE',  ( -4.664808062553035500, -8.278624843653760800, -29.50796318641118900 ) ) ;
#2555 = CARTESIAN_POINT ( 'NONE',  ( -4.773684287677690800, -8.347526373927653500, -29.47110957091325600 ) ) ;
#2556 = ORIENTED_EDGE ( 'NONE', *, *, #2364, .F. ) ;
#2557 = CARTESIAN_POINT ( 'NONE',  ( -5.013797988226135900, -8.390607304379848600, -29.41895811172721400 ) ) ;
#2558 = ADVANCED_FACE ( 'E1202', ( #368 ), #1670, .T. ) ;
#2559 = CARTESIAN_POINT ( 'NONE',  ( -5.144482073714230300, -8.364753626891374700, -29.40376104151122000 ) ) ;
#2560 = EDGE_LOOP ( 'NONE', ( #1591 ) ) ;
#2561 = DIRECTION ( 'NONE',  ( 0.0000000000000000000, 1.000000000000000000, 0.0000000000000000000 ) ) ;
#2562 = CARTESIAN_POINT ( 'NONE',  ( -5.250762148918689800, -8.296438991667871600, -29.40405749064260000 ) ) ;
#2563 = EDGE_LOOP ( 'NONE', ( #1589 ) ) ;
#2564 = ADVANCED_FACE ( 'E1411', ( #373 ), #360, .F. ) ;
#2565 = ADVANCED_FACE ( 'E1081', ( #352 ), #1628, .T. ) ;
#2566 = CARTESIAN_POINT ( 'NONE',  ( -5.000000000000000000, 0.0000000000000000000, 15.50000000000000000 ) ) ;
#2567 = VERTEX_POINT ( 'NONE', #1613 ) ;
#2568 = CARTESIAN_POINT ( 'NONE',  ( -3.358757210636100300, 0.0000000000000000000, 0.0000000000000000000 ) ) ;
#2569 = CARTESIAN_POINT ( 'NONE',  ( 4.374953515151038800, 25.35473892778843900, 28.65733822899521500 ) ) ;
#2570 = ADVANCED_FACE ( 'E859', ( #350, #385 ), #1594, .T. ) ;
#2571 = ORIENTED_EDGE ( 'NONE', *, *, #2159, .T. ) ;
#2572 = CARTESIAN_POINT ( 'NONE',  ( -5.127488705216639400, 35.59985090114862800, -15.50000000000000000 ) ) ;
#2573 = EDGE_LOOP ( 'NONE', ( #1595 ) ) ;
#2574 = EDGE_CURVE ( 'E895', #2833, #2021, #363, .T. ) ;
#2575 = ORIENTED_EDGE ( 'NONE', *, *, #2303, .T. ) ;
#2576 = CARTESIAN_POINT ( 'NONE',  ( -5.000000000000000000, 58.50000000000000000, -15.50000000000000000 ) ) ;
#2577 = EDGE_LOOP ( 'NONE', ( #1544 ) ) ;
#2578 = CARTESIAN_POINT ( 'NONE',  ( -6.299999999999999800, 36.87478813498459800, -15.50000000000000000 ) ) ;
#2579 = ORIENTED_EDGE ( 'NONE', *, *, #2359, .F. ) ;
#2580 = ADVANCED_FACE ( 'E933', ( #341 ), #1553, .T. ) ;
#2581 = CARTESIAN_POINT ( 'NONE',  ( -6.300000000000004300, 36.56708390930226200, -15.49999999999999800 ) ) ;
#2582 = ORIENTED_EDGE ( 'NONE', *, *, #2412, .F. ) ;
#2583 = CARTESIAN_POINT ( 'NONE',  ( -6.192842779080905300, 36.25504416647666500, -15.50000000000000400 ) ) ;
#2584 = ORIENTED_EDGE ( 'NONE', *, *, #2417, .F. ) ;
#2585 = DIRECTION ( 'NONE',  ( 1.000000000000000000, 0.0000000000000000000, 0.0000000000000000000 ) ) ;
#2586 = ADVANCED_FACE ( 'E554', ( #366 ), #1529, .T. ) ;
#2587 = DIRECTION ( 'NONE',  ( 0.0000000000000000000, 0.0000000000000000000, -1.000000000000000000 ) ) ;
#2588 = EDGE_LOOP ( 'NONE', ( #2342 ) ) ;
#2589 = DIRECTION ( 'NONE',  ( 0.0000000000000000000, 0.0000000000000000000, -1.000000000000000000 ) ) ;
#2590 = CARTESIAN_POINT ( 'NONE',  ( -5.332844266526578300, 30.53597767117885600, -0.3388800587824350500 ) ) ;
#2591 = DIRECTION ( 'NONE',  ( 0.0000000000000000000, -1.000000000000000000, 0.0000000000000000000 ) ) ;
#2592 = EDGE_LOOP ( 'NONE', ( #1601 ) ) ;
#2593 = ADVANCED_FACE ( 'E830', ( #331, #324 ), #320, .F. ) ;
#2594 = ADVANCED_FACE ( 'E1355', ( #345, #319, #338, #329 ), #308, .T. ) ;
#2595 = CARTESIAN_POINT ( 'NONE',  ( -5.895819607353682400, 35.90016804115766300, -15.50000000000000000 ) ) ;
#2596 = EDGE_LOOP ( 'NONE', ( #1611 ) ) ;
#2597 = ADVANCED_FACE ( 'E1392', ( #315, #305 ), #323, .T. ) ;
#2598 = ORIENTED_EDGE ( 'NONE', *, *, #2412, .T. ) ;
#2599 = EDGE_CURVE ( 'E902', #1750, #2833, #314, .T. ) ;
#2600 = ORIENTED_EDGE ( 'NONE', *, *, #2160, .F. ) ;
#2601 = EDGE_LOOP ( 'NONE', ( #2109, #2105, #2103, #2097 ) ) ;
#2602 = CARTESIAN_POINT ( 'NONE',  ( -5.773939379892527600, 35.79998288177763000, -15.50000000000000000 ) ) ;
#2603 = ADVANCED_FACE ( 'E139', ( #303 ), #297, .F. ) ;
#2604 = EDGE_CURVE ( 'NONE', #7, #7, #296, .T. ) ;
#2605 = EDGE_CURVE ( 'E913', #2215, #1652, #292, .T. ) ;
#2606 = ADVANCED_FACE ( 'E1360', ( #310, #294 ), #279, .T. ) ;
#2607 = EDGE_LOOP ( 'NONE', ( #1593 ) ) ;
#2608 = ADVANCED_FACE ( 'E596', ( #291 ), #284, .F. ) ;
#2609 = CARTESIAN_POINT ( 'NONE',  ( -5.474288164444434600, 30.51280867715841400, -0.1274081094779991300 ) ) ;
#2610 = ORIENTED_EDGE ( 'NONE', *, *, #2179, .T. ) ;
#2611 = CARTESIAN_POINT ( 'NONE',  ( -5.475696691604865900, 30.51257786712340100, 0.1220440366794402200 ) ) ;
#2612 = CARTESIAN_POINT ( 'NONE',  ( -5.499839889471140000, 35.65636020321752400, -15.50000000000000200 ) ) ;
#2613 = EDGE_LOOP ( 'NONE', ( #1632 ) ) ;
#2614 = CARTESIAN_POINT ( 'NONE',  ( 15.83397459621554900, 20.15000000000000200, 1.500000000000000000 ) ) ;
#2615 = ORIENTED_EDGE ( 'NONE', *, *, #2406, .F. ) ;
#2616 = PERSON_AND_ORGANIZATION ( #1554, #2758 ) ;
#2617 = CARTESIAN_POINT ( 'NONE',  ( -5.191233068804240100, 35.60398048053414800, -15.50000000000000000 ) ) ;
#2618 = CARTESIAN_POINT ( 'NONE',  ( -5.424334577851420000, 30.52099661805393900, 0.2469186183831063300 ) ) ;
#2619 = CARTESIAN_POINT ( 'NONE',  ( -5.249310829502474200, 30.54965584164163800, 0.4229335034699340200 ) ) ;
#2620 = EDGE_LOOP ( 'NONE', ( #1638 ) ) ;
#2621 = DIRECTION ( 'NONE',  ( 0.0000000000000000000, -0.9080769220713451600, 0.4188034188034190400 ) ) ;
#2622 = ADVANCED_FACE ( 'E954', ( #286 ), #1285, .T. ) ;
#2623 = ORIENTED_EDGE ( 'NONE', *, *, #2260, .F. ) ;
#2624 = EDGE_CURVE ( 'E918', #1857, #2215, #276, .T. ) ;
#2625 = CARTESIAN_POINT ( 'NONE',  ( -5.127128750415285400, 30.56964999417332200, 0.4742704507390764800 ) ) ;
#2626 = COORDINATED_UNIVERSAL_TIME_OFFSET ( 3, 0, .BEHIND. ) ;
#2627 = CARTESIAN_POINT ( 'NONE',  ( -4.878382622937845500, 30.61030810104718500, 0.4757135621599628000 ) ) ;
#2628 = ADVANCED_FACE ( 'E912', ( #273 ), #1304, .T. ) ;
#2629 = ORIENTED_EDGE ( 'NONE', *, *, #2392, .F. ) ;
#2630 = DATE_AND_TIME ( #2633, #2730 ) ;
#2631 = CARTESIAN_POINT ( 'NONE',  ( -4.755691264794113400, 30.63033905228397200, 0.4257771451910984900 ) ) ;
#2632 = ORIENTED_EDGE ( 'NONE', *, *, #2318, .F. ) ;
#2633 = CALENDAR_DATE ( 2019, 8, 3 ) ;
#2634 = COORDINATED_UNIVERSAL_TIME_OFFSET ( 3, 0, .BEHIND. ) ;
#2635 = EDGE_LOOP ( 'NONE', ( #1630 ) ) ;
#2636 = CARTESIAN_POINT ( 'NONE',  ( -4.578860269132643900, 30.65919079842924000, 0.2522186800178627400 ) ) ;
#2637 = ADVANCED_FACE ( 'E1406', ( #274, #271 ), #266, .F. ) ;
#2638 = CARTESIAN_POINT ( 'NONE',  ( -4.525859867048369600, 30.66782966479156900, 0.1279753658376729100 ) ) ;
#2639 = APPROVAL_PERSON_ORGANIZATION ( #2616, #622, #295 ) ;
#2640 = ORIENTED_EDGE ( 'NONE', *, *, #2395, .F. ) ;
#2641 = CARTESIAN_POINT ( 'NONE',  ( -5.191233068804240100, -35.60398048053414800, -15.50000000000000000 ) ) ;
#2642 = EDGE_LOOP ( 'NONE', ( #1618 ) ) ;
#2643 = CARTESIAN_POINT ( 'NONE',  ( -5.268696168530326000, -35.60840817249097500, -15.50000000000000400 ) ) ;
#2644 = ORIENTED_EDGE ( 'NONE', *, *, #2291, .T. ) ;
#2645 = CARTESIAN_POINT ( 'NONE',  ( -4.524162128121933100, 30.66810645830509300, -0.1215108210129089700 ) ) ;
#2646 = ORIENTED_EDGE ( 'NONE', *, *, #2279, .T. ) ;
#2647 = EDGE_LOOP ( 'NONE', ( #1941, #1938, #1935, #1932 ) ) ;
#2648 = CARTESIAN_POINT ( 'NONE',  ( -5.344739533098574700, -35.62109752017716600, -15.50000000000000400 ) ) ;
#2649 = CARTESIAN_POINT ( 'NONE',  ( -5.494045174887218300, -35.66265978760127800, -15.50000000000000200 ) ) ;
#2650 = CARTESIAN_POINT ( 'NONE',  ( -4.574728318522129000, 30.65986463700857500, -0.2459187420416423000 ) ) ;
#2651 = EDGE_LOOP ( 'NONE', ( #1647 ) ) ;
#2652 = APPROVAL_PERSON_ORGANIZATION ( #2843, #783, #313 ) ;
#2653 = CARTESIAN_POINT ( 'NONE',  ( -4.751409871796420600, 30.63103791951793700, -0.4237156816947996200 ) ) ;
#2654 = CARTESIAN_POINT ( 'NONE',  ( -5.567365822385906600, -35.69184844288422200, -15.50000000000000400 ) ) ;
#2655 = ORIENTED_EDGE ( 'NONE', *, *, #2286, .T. ) ;
#2656 = EDGE_CURVE ( 'E928', #1604, #1652, #270, .T. ) ;
#2657 = ADVANCED_FACE ( 'E3', ( #264, #283 ), #265, .F. ) ;
#2658 = ORIENTED_EDGE ( 'NONE', *, *, #2242, .F. ) ;
#2659 = CARTESIAN_POINT ( 'NONE',  ( 9.197465356870573300, 26.11156147035523700, 27.57656276998109100 ) ) ;
#2660 = DIRECTION ( 'NONE',  ( 0.0000000000000000000, 1.000000000000000000, 0.0000000000000000000 ) ) ;
#2661 = EDGE_LOOP ( 'NONE', ( #1642 ) ) ;
#2662 = CARTESIAN_POINT ( 'NONE',  ( -4.873915649850127700, 30.61103760286715000, -0.4742090841055225400 ) ) ;
#2663 = ADVANCED_FACE ( 'E1038', ( #268 ), #1199, .T. ) ;
#2664 = EDGE_LOOP ( 'NONE', ( #1659 ) ) ;
#2665 = CARTESIAN_POINT ( 'NONE',  ( -5.120053077348364600, 30.57080713440789300, -0.4757717703059965400 ) ) ;
#2666 = ORIENTED_EDGE ( 'NONE', *, *, #2303, .F. ) ;
#2667 = CARTESIAN_POINT ( 'NONE',  ( -5.243309123122887000, 30.55063826995972300, -0.4268204918714376100 ) ) ;
#2668 = CARTESIAN_POINT ( 'NONE',  ( -5.332844266526578300, 30.53597767117885600, -0.3388800587824350500 ) ) ;
#2669 = ORIENTED_EDGE ( 'NONE', *, *, #2318, .T. ) ;
#2670 = CARTESIAN_POINT ( 'NONE',  ( -5.772305153125118200, -35.79891738417450900, -15.49999999999999600 ) ) ;
#2671 = B_SPLINE_CURVE_WITH_KNOTS ( 'NONE', 3,
 ( #16, #21, #8, #51, #59, #5, #2545, #4, #1968, #2569, #1991, #1954, #2028, #2400, #2157, #2138, #2161, #2208, #2218, #2274, #2283, #2248, #2380, #2450, #2855, #66, #14, #71, #18, #2659, #2854, #9, #2745, #79, #81, #94, #87, #83, #92, #1429, #1080, #1054, #1093, #1111, #979, #1113, #1163, #1264, #1172, #1279, #1300, #1400, #812, #967, #947, #997, #974, #1357, #1369, #1370, #1337, #1393, #1402, #1442 ),
 .UNSPECIFIED., .T., .F.,
 ( 4, 2, 2, 2, 2, 2, 2, 2, 2, 2, 2, 2, 2, 2, 2, 2, 2, 2, 2, 2, 2, 2, 2, 2, 2, 2, 2, 2, 2, 2, 2, 4 ),
 ( 0.0000000000000000000, 0.0005863687957037205600, 0.001172737591407441100, 0.001759106387111161800, 0.002345475182814882200, 0.002931843978518602500, 0.003518212774222323600, 0.004104581569926044200, 0.004690950365629764500, 0.005277319161333484700, 0.005863687957037204900, 0.006450056752740923400, 0.007036425548444641900, 0.007622794344148361300, 0.008209163139852079800, 0.008795531935555798300, 0.009381900731259516800, 0.009968269526963235300, 0.01055463832266695200, 0.01114100711837067200, 0.01172737591407438900, 0.01231374470977810900, 0.01290011350548182600, 0.01348648230118554600, 0.01407285109688926300, 0.01465921989259298200, 0.01524558868829670200, 0.01583195748400042000, 0.01641832627970413900, 0.01700469507540785400, 0.01759106387111157600, 0.01876380146251902000 ),
 .UNSPECIFIED. ) ;
#2672 = EDGE_CURVE ( 'E934', #1652, #2007, #260, .T. ) ;
#2673 = LOCAL_TIME ( 9, 13, 6.000000000000000000, #2801 ) ;
#2674 = EDGE_CURVE ( 'E949', #1750, #2007, #258, .T. ) ;
#2675 = CARTESIAN_POINT ( 'NONE',  ( -4.565657060388442500, -7.714424058897808600, -29.67588219412425200 ) ) ;
#2676 = VERTEX_POINT ( 'NONE', #1177 ) ;
#2677 = CARTESIAN_POINT ( 'NONE',  ( -5.895294921324159900, -35.89973347024173500, -15.50000000000000400 ) ) ;
#2678 = PERSON_AND_ORGANIZATION ( #1554, #2758 ) ;
#2679 = ORIENTED_EDGE ( 'NONE', *, *, #2307, .T. ) ;
#2680 = CARTESIAN_POINT ( 'NONE',  ( -6.093082504455093600, -36.13566192236857000, -15.49999999999999600 ) ) ;
#2681 = ADVANCED_FACE ( 'E1311', ( #255, #251 ), #246, .F. ) ;
#2682 = ADVANCED_FACE ( 'E1317', ( #250, #244 ), #242, .F. ) ;
#2683 = CARTESIAN_POINT ( 'NONE',  ( 17.56602540378445100, 20.15000000000000200, 1.500000000000000000 ) ) ;
#2684 = ORIENTED_EDGE ( 'NONE', *, *, #2170, .F. ) ;
#2685 = ORIENTED_EDGE ( 'NONE', *, *, #2315, .F. ) ;
#2686 = CARTESIAN_POINT ( 'NONE',  ( -6.170818373136339300, -36.27393821883089200, -15.50000000000000200 ) ) ;
#2687 = EDGE_LOOP ( 'NONE', ( #1653 ) ) ;
#2688 = CARTESIAN_POINT ( 'NONE',  ( -6.299999999999999800, 72.46228429725191200, -15.50000000000000000 ) ) ;
#2689 = EDGE_LOOP ( 'NONE', ( #1668 ) ) ;
#2690 = CARTESIAN_POINT ( 'NONE',  ( -6.273514211929812800, -36.56443765991195200, -15.50000000000000000 ) ) ;
#2691 = EDGE_LOOP ( 'NONE', ( #2247 ) ) ;
#2692 = ORIENTED_EDGE ( 'NONE', *, *, #2234, .F. ) ;
#2693 = CARTESIAN_POINT ( 'NONE',  ( 5.474999999999998800, -23.20518709117935800, 13.54246580148032000 ) ) ;
#2694 = ORIENTED_EDGE ( 'NONE', *, *, #2374, .T. ) ;
#2695 = ADVANCED_FACE ( 'E245', ( #254 ), #240, .T. ) ;
#2696 = ORIENTED_EDGE ( 'NONE', *, *, #2370, .F. ) ;
#2697 = LOCAL_TIME ( 9, 13, 6.000000000000000000, #2626 ) ;
#2698 = EDGE_LOOP ( 'NONE', ( #2353 ) ) ;
#2699 = DIRECTION ( 'NONE',  ( 0.0000000000000000000, 0.0000000000000000000, 1.000000000000000000 ) ) ;
#2700 = ADVANCED_FACE ( 'E975', ( #249 ), #1047, .T. ) ;
#2701 = LOCAL_TIME ( 9, 13, 6.000000000000000000, #2770 ) ;
#2702 = EDGE_LOOP ( 'NONE', ( #1663 ) ) ;
#2703 = EDGE_CURVE ( 'E955', #2007, #2233, #239, .T. ) ;
#2704 = EDGE_LOOP ( 'NONE', ( #1674 ) ) ;
#2705 = DIRECTION ( 'NONE',  ( -1.000000000000000000, 0.0000000000000000000, 0.0000000000000000000 ) ) ;
#2706 = VERTEX_POINT ( 'NONE', #1021 ) ;
#2707 = CARTESIAN_POINT ( 'NONE',  ( 17.56602540378445100, -8.775961894323339500, -18.20041188625645000 ) ) ;
#2708 = CARTESIAN_POINT ( 'NONE',  ( -6.299999999999999800, 0.0000000000000000000, 0.0000000000000000000 ) ) ;
#2709 = EDGE_LOOP ( 'NONE', ( #2685, #2684, #2679, #2669 ) ) ;
#2710 = ADVANCED_FACE ( 'E821', ( #243, #233 ), #230, .F. ) ;
#2711 = CARTESIAN_POINT ( 'NONE',  ( -9.250000000000000000, 0.0000000000000000000, -1.132760877285699900E-015 ) ) ;
#2712 = ORIENTED_EDGE ( 'NONE', *, *, #2285, .F. ) ;
#2713 = CARTESIAN_POINT ( 'NONE',  ( -6.300000000000001600, -36.72054320997682500, -15.50000000000000400 ) ) ;
#2714 = DIRECTION ( 'NONE',  ( -1.000000000000000000, 0.0000000000000000000, -1.224606353822375800E-016 ) ) ;
#2715 = CARTESIAN_POINT ( 'NONE',  ( -6.299999999999999800, -36.87478813498459800, -15.50000000000000000 ) ) ;
#2716 = EDGE_LOOP ( 'NONE', ( #1671 ) ) ;
#2717 = EDGE_CURVE ( 'E970', #2833, #2233, #231, .T. ) ;
#2718 = EDGE_LOOP ( 'NONE', ( #1684 ) ) ;
#2719 = EDGE_LOOP ( 'NONE', ( #1690 ) ) ;
#2720 = ORIENTED_EDGE ( 'NONE', *, *, #2273, .F. ) ;
#2721 = ADVANCED_FACE ( 'E1346', ( #247, #238 ), #229, .T. ) ;
#2722 = ORIENTED_EDGE ( 'NONE', *, *, #2368, .T. ) ;
#2723 = EDGE_CURVE ( 'E976', #2233, #2000, #226, .T. ) ;
#2724 = EDGE_LOOP ( 'NONE', ( #1683 ) ) ;
#2725 = CARTESIAN_POINT ( 'NONE',  ( -5.191233068804240100, 35.60398048053414800, -15.50000000000000000 ) ) ;
#2726 = EDGE_LOOP ( 'NONE', ( #1678 ) ) ;
#2727 = ADVANCED_FACE ( 'E575', ( #218 ), #951, .T. ) ;
#2728 = CARTESIAN_POINT ( 'NONE',  ( -4.644436318216508900, -7.605619444771795300, -29.69173825603838400 ) ) ;
#2729 = EDGE_LOOP ( 'NONE', ( #1704 ) ) ;
#2730 = LOCAL_TIME ( 9, 13, 6.000000000000000000, #2634 ) ;
#2731 = DIRECTION ( 'NONE',  ( 2.564346638346005900E-017, 0.9080769220713453800, -0.4188034188034185900 ) ) ;
#2732 = ORIENTED_EDGE ( 'NONE', *, *, #2175, .F. ) ;
#2733 = ORIENTED_EDGE ( 'NONE', *, *, #2387, .F. ) ;
#2734 = DIRECTION ( 'NONE',  ( 1.000000000000000000, 0.0000000000000000000, 0.0000000000000000000 ) ) ;
#2735 = DIRECTION ( 'NONE',  ( -1.000000000000000000, 0.0000000000000000000, -6.123031769111888800E-017 ) ) ;
#2736 = EDGE_CURVE ( 'E991', #2021, #2000, #219, .T. ) ;
#2737 = VERTEX_POINT ( 'NONE', #924 ) ;
#2738 = CARTESIAN_POINT ( 'NONE',  ( -5.345173697930370300, 35.61277953050537100, -15.50000000000000400 ) ) ;
#2739 = ADVANCED_FACE ( 'E759', ( #215 ), #906, .T. ) ;
#2740 = ORIENTED_EDGE ( 'NONE', *, *, #2327, .T. ) ;
#2741 = EDGE_CURVE ( 'E997', #2000, #1375, #213, .T. ) ;
#2742 = EDGE_LOOP ( 'NONE', ( #1694 ) ) ;
#2743 = CARTESIAN_POINT ( 'NONE',  ( 13.00000000000000000, -16.75213675213674900, -36.32307688285379800 ) ) ;
#2744 = ORIENTED_EDGE ( 'NONE', *, *, #2172, .F. ) ;
#2745 = CARTESIAN_POINT ( 'NONE',  ( 9.350253134729465300, 26.65939059107393700, 27.03467098142696300 ) ) ;
#2746 = DIRECTION ( 'NONE',  ( 0.0000000000000000000, -1.000000000000000000, 0.0000000000000000000 ) ) ;
#2747 = ORIENTED_EDGE ( 'NONE', *, *, #1425, .T. ) ;
#2748 = APPROVAL_DATE_TIME ( #2803, #783 ) ;
#2749 = EDGE_LOOP ( 'NONE', ( #1725 ) ) ;
#2750 = ORIENTED_EDGE ( 'NONE', *, *, #2332, .T. ) ;
#2751 = EDGE_LOOP ( 'NONE', ( #1714 ) ) ;
#2752 = PERSON_AND_ORGANIZATION ( #1554, #2758 ) ;
#2753 = ADVANCED_FACE ( 'E118', ( #210 ), #874, .T. ) ;
#2754 = ADVANCED_FACE ( 'E318', ( #212 ), #850, .F. ) ;
#2755 = ORIENTED_EDGE ( 'NONE', *, *, #2320, .T. ) ;
#2756 = DIRECTION ( 'NONE',  ( -1.000000000000000000, 0.0000000000000000000, -6.123031769111888800E-017 ) ) ;
#2757 = EDGE_CURVE ( 'E1012', #2737, #1375, #207, .T. ) ;
#2758 = ORGANIZATION ( 'UNSPECIFIED', 'UNSPECIFIED', '' ) ;
#2759 = CARTESIAN_POINT ( 'NONE',  ( -18.00000000000000000, -64.99145299145298800, -14.07519229210586100 ) ) ;
#2760 = EDGE_LOOP ( 'NONE', ( #1733 ) ) ;
#2761 = DIRECTION ( 'NONE',  ( 0.0000000000000000000, 0.0000000000000000000, -1.000000000000000000 ) ) ;
#2762 = CARTESIAN_POINT ( 'NONE',  ( 13.00000000000000000, 16.75213675213674900, -36.32307688285379800 ) ) ;
#2763 = EDGE_LOOP ( 'NONE', ( #1728 ) ) ;
#2764 = CARTESIAN_POINT ( 'NONE',  ( 13.00000000000000000, 64.99145299145298800, -14.07519229210583900 ) ) ;
#2765 = CARTESIAN_POINT ( 'NONE',  ( -4.854333734662527700, -7.470828023477703400, -29.69238503646835200 ) ) ;
#2766 = ADVANCED_FACE ( 'E1308', ( #202, #206 ), #197, .F. ) ;
#2767 = ADVANCED_FACE ( 'E1398', ( #205, #201 ), #195, .F. ) ;
#2768 = PERSON_AND_ORGANIZATION ( #1554, #2758 ) ;
#2769 = EDGE_LOOP ( 'NONE', ( #1782 ) ) ;
#2770 = COORDINATED_UNIVERSAL_TIME_OFFSET ( 3, 0, .BEHIND. ) ;
#2771 = DIRECTION ( 'NONE',  ( 0.0000000000000000000, 0.0000000000000000000, -1.000000000000000000 ) ) ;
#2772 = EDGE_LOOP ( 'NONE', ( #1745 ) ) ;
#2773 = ADVANCED_FACE ( 'E1395', ( #198, #193 ), #786, .T. ) ;
#2774 = ORIENTED_EDGE ( 'NONE', *, *, #2383, .T. ) ;
#2775 = DIRECTION ( 'NONE',  ( 1.000000000000000000, 0.0000000000000000000, 6.123031769111888800E-017 ) ) ;
#2776 = CARTESIAN_POINT ( 'NONE',  ( 5.474999999999999600, -23.26795002536649500, 13.43375721063610200 ) ) ;
#2777 = CARTESIAN_POINT ( 'NONE',  ( -18.00000000000000000, 58.50000000000000000, -3.581973584930455100E-015 ) ) ;
#2778 = EDGE_LOOP ( 'NONE', ( #1739 ) ) ;
#2779 = ORIENTED_EDGE ( 'NONE', *, *, #2377, .T. ) ;
#2780 = DIRECTION ( 'NONE',  ( 2.564346638346005200E-017, -0.9080769220713451600, -0.4188034188034190400 ) ) ;
#2781 = VERTEX_POINT ( 'NONE', #762 ) ;
#2782 = CARTESIAN_POINT ( 'NONE',  ( 9.500000000000000000, 0.0000000000000000000, 0.0000000000000000000 ) ) ;
#2783 = ORIENTED_EDGE ( 'NONE', *, *, #2250, .T. ) ;
#2784 = ADVANCED_FACE ( 'E1389', ( #191, #199 ), #181, .T. ) ;
#2785 = CARTESIAN_POINT ( 'NONE',  ( -18.00000000000000000, 64.99145299145298800, -14.07519229210586100 ) ) ;
#2786 = ORIENTED_EDGE ( 'NONE', *, *, #2339, .T. ) ;
#2787 = ORIENTED_EDGE ( 'NONE', *, *, #2347, .T. ) ;
#2788 = DIRECTION ( 'NONE',  ( -1.000000000000000000, 0.0000000000000000000, 0.0000000000000000000 ) ) ;
#2789 = ORIENTED_EDGE ( 'NONE', *, *, #2359, .T. ) ;
#2790 = LOCAL_TIME ( 9, 13, 6.000000000000000000, #2837 ) ;
#2791 = ADVANCED_FACE ( 'E1385', ( #200 ), #186, .F. ) ;
#2792 = DIRECTION ( 'NONE',  ( -2.564346638346005200E-017, 0.9080769220713451600, 0.4188034188034190400 ) ) ;
#2793 = EDGE_CURVE ( 'E1018', #1375, #2215, #179, .T. ) ;
#2794 = DIRECTION ( 'NONE',  ( 0.0000000000000000000, 0.0000000000000000000, 1.000000000000000000 ) ) ;
#2795 = ORIENTED_EDGE ( 'NONE', *, *, #2242, .T. ) ;
#2796 = CARTESIAN_POINT ( 'NONE',  ( -6.299999999999999800, 58.50000000000000000, 0.0000000000000000000 ) ) ;
#2797 = B_SPLINE_CURVE_WITH_KNOTS ( 'NONE', 3,
 ( #2436, #2422, #2415, #2411, #2409, #2403, #2398, #2396, #2388, #2384, #2372, #2369, #2363, #2357, #2349, #2340, #2334, #2333, #2329, #2325, #2321, #2319, #2312, #2311, #2306, #2305, #2302, #2300, #2299, #2295, #2288, #2287, #2281, #2280, #2277, #2272, #2268, #2267, #2262, #2259, #2258, #2255, #2253, #2249, #2246, #2239, #2238, #2232, #2230, #2225, #2224, #2212, #2211, #2207, #2203, #2202, #2198, #2191, #2190, #2184, #2182, #2162 ),
 .UNSPECIFIED., .T., .F.,
 ( 4, 2, 2, 2, 2, 2, 2, 2, 2, 2, 2, 2, 2, 2, 2, 2, 2, 2, 2, 2, 2, 2, 2, 2, 2, 2, 2, 2, 2, 2, 4 ),
 ( 0.0000000000000000000, 0.0004824392861930812000, 0.0009648785723861624100, 0.001447317858579243600, 0.001929757144772324800, 0.002412196430965405900, 0.002894635717158487100, 0.003377075003351568400, 0.003859514289544649600, 0.004341953575737730000, 0.004824392861930810000, 0.005306832148123889900, 0.005789271434316970800, 0.006271710720510051600, 0.006754150006703131500, 0.007236589292896211500, 0.007719028579089292300, 0.008201467865282374000, 0.008683907151475454800, 0.009648785723861621700, 0.01013122501005470900, 0.01061366429624779700, 0.01109610358244088700, 0.01157854286863397300, 0.01206098215482706200, 0.01254342144102015000, 0.01302586072721323800, 0.01350830001340632700, 0.01399073929959941300, 0.01447317858579250300, 0.01543805715817867700 ),
 .UNSPECIFIED. ) ;
#2798 = ADVANCED_FACE ( 'E639', ( #189, #203 ), #176, .T. ) ;
#2799 = EDGE_LOOP ( 'NONE', ( #2148, #2144, #2141, #2128 ) ) ;
#2800 = CARTESIAN_POINT ( 'NONE',  ( -18.00000000000000000, -64.99145299145298800, 14.07519229210583900 ) ) ;
#2801 = COORDINATED_UNIVERSAL_TIME_OFFSET ( 3, 0, .BEHIND. ) ;
#2802 = ORIENTED_EDGE ( 'NONE', *, *, #2235, .F. ) ;
#2803 = DATE_AND_TIME ( #2830, #2673 ) ;
#2804 = CARTESIAN_POINT ( 'NONE',  ( -4.984668340243072000, -7.443958381523582800, -29.67754125392920300 ) ) ;
#2805 = EDGE_LOOP ( 'NONE', ( #1753 ) ) ;
#2806 = ADVANCED_FACE ( 'E1374', ( #174, #167 ), #164, .F. ) ;
#2807 = APPROVAL_DATE_TIME ( #2832, #622 ) ;
#2808 = DIRECTION ( 'NONE',  ( 1.000000000000000000, 0.0000000000000000000, 0.0000000000000000000 ) ) ;
#2809 = EDGE_LOOP ( 'NONE', ( #1748 ) ) ;
#2810 = CALENDAR_DATE ( 2019, 8, 3 ) ;
#2811 = EDGE_LOOP ( 'NONE', ( #1809 ) ) ;
#2812 = EDGE_LOOP ( 'NONE', ( #1757 ) ) ;
#2813 = DATE_AND_TIME ( #2810, #2790 ) ;
#2814 = EDGE_CURVE ( 'NONE', #6, #6, #165, .T. ) ;
#2815 = CARTESIAN_POINT ( 'NONE',  ( -5.000000000000000000, -35.59159140026639500, -15.50000000000000000 ) ) ;
#2816 = EDGE_LOOP ( 'NONE', ( #1984 ) ) ;
#2817 = CALENDAR_DATE ( 2019, 8, 3 ) ;
#2818 = ORIENTED_EDGE ( 'NONE', *, *, #2154, .F. ) ;
#2819 = ADVANCED_FACE ( 'E1371', ( #173, #170 ), #687, .T. ) ;
#2820 = PERSON_AND_ORGANIZATION ( #1554, #2758 ) ;
#2821 = EDGE_LOOP ( 'NONE', ( #1755 ) ) ;
#2822 = EDGE_LOOP ( 'NONE', ( #2304 ) ) ;
#2823 = CARTESIAN_POINT ( 'NONE',  ( 9.500000000000000000, 0.0000000000000000000, 0.0000000000000000000 ) ) ;
#2824 = EDGE_LOOP ( 'NONE', ( #1764 ) ) ;
#2825 = ORIENTED_EDGE ( 'NONE', *, *, #2370, .T. ) ;
#2826 = ADVANCED_FACE ( 'E1363', ( #163 ), #158, .T. ) ;
#2827 = ADVANCED_FACE ( 'E1352', ( #156, #160 ), #649, .T. ) ;
#2828 = EDGE_LOOP ( 'NONE', ( #1759 ) ) ;
#2829 = CARTESIAN_POINT ( 'NONE',  ( -5.227353858751127900, -7.487357063977789600, -29.62482313126357200 ) ) ;
#2830 = CALENDAR_DATE ( 2019, 8, 3 ) ;
#2831 = CARTESIAN_POINT ( 'NONE',  ( -9.500000000000000000, 0.0000000000000000000, 0.0000000000000000000 ) ) ;
#2832 = DATE_AND_TIME ( #2846, #2697 ) ;
#2833 = VERTEX_POINT ( 'NONE', #652 ) ;
#2834 = DIRECTION ( 'NONE',  ( 1.000000000000000000, 0.0000000000000000000, 1.224606353822375800E-016 ) ) ;
#2835 = DATE_AND_TIME ( #2817, #2701 ) ;
#2836 = ORIENTED_EDGE ( 'NONE', *, *, #2374, .F. ) ;
#2837 = COORDINATED_UNIVERSAL_TIME_OFFSET ( 3, 0, .BEHIND. ) ;
#2838 = ORIENTED_EDGE ( 'NONE', *, *, #2154, .T. ) ;
#2839 = ADVANCED_FACE ( 'E1349', ( #153, #152 ), #648, .T. ) ;
#2840 = DIRECTION ( 'NONE',  ( 1.210829454580032200E-016, 0.0000000000000000000, -1.000000000000000000 ) ) ;
#2841 = EDGE_LOOP ( 'NONE', ( #1799 ) ) ;
#2842 = DIRECTION ( 'NONE',  ( -1.000000000000000000, 0.0000000000000000000, 0.0000000000000000000 ) ) ;
#2843 = PERSON_AND_ORGANIZATION ( #1554, #2758 ) ;
#2844 = ORIENTED_EDGE ( 'NONE', *, *, #2382, .T. ) ;
#2845 = CARTESIAN_POINT ( 'NONE',  ( -5.000000000000000000, 35.59159140026639500, -15.50000000000000000 ) ) ;
#2846 = CALENDAR_DATE ( 2019, 8, 3 ) ;
#2847 = CARTESIAN_POINT ( 'NONE',  ( 5.423496924022630100, -23.14294525174993900, 13.64826353292029300 ) ) ;
#2848 = EDGE_LOOP ( 'NONE', ( #1893, #1890, #1887, #1885 ) ) ;
#2849 = ADVANCED_FACE ( 'E845', ( #157, #166 ), #605, .F. ) ;
#2850 = EDGE_CURVE ( 'NONE', #3, #3, #150, .T. ) ;
#2851 = CARTESIAN_POINT ( 'NONE',  ( -6.299999999999999800, -16.75213675213670000, 36.32307688285384700 ) ) ;
#2852 = EDGE_LOOP ( 'NONE', ( #1798 ) ) ;
#2853 = EDGE_LOOP ( 'NONE', ( #1765 ) ) ;
#2854 = CARTESIAN_POINT ( 'NONE',  ( 9.254174833540629300, 26.24477248900596000, 27.44522688549544800 ) ) ;
#2855 = CARTESIAN_POINT ( 'NONE',  ( 8.330991141741462200, 25.19075059026378900, 28.48867994884789900 ) ) ;
ENDSEC;
END-ISO-10303-21;
