ISO-10303-21;
HEADER;
FILE_DESCRIPTION (( 'STEP AP203' ),
    '1' );
FILE_NAME ('UCFL-218.STEP',
    '2019-03-08T12:14:16',
    ( '' ),
    ( '' ),
    'SwSTEP 2.0',
    'SolidWorks 2017',
    '' );
FILE_SCHEMA (( 'CONFIG_CONTROL_DESIGN' ));
ENDSEC;

DATA;
#1 = FACE_OUTER_BOUND ( 'NONE', #1496, .T. ) ;
#2 = DIRECTION ( 'NONE',  ( 1.000000000000000000, 0.0000000000000000000, 1.224606353822375800E-016 ) ) ;
#3 = EDGE_CURVE ( 'NONE', #756, #756, #764, .T. ) ;
#4 = CARTESIAN_POINT ( 'NONE',  ( -19.30000000000000100, -98.60835769446893600, 27.49999999999998900 ) ) ;
#5 = VECTOR ( 'NONE', #1384, 1000.000000000000000 ) ;
#6 = AXIS2_PLACEMENT_3D ( 'NONE', #535, #499, #489 ) ;
#7 = CARTESIAN_POINT ( 'NONE',  ( -18.91422684414329700, 97.48506331912031400, -27.50000000000000400 ) ) ;
#8 = FACE_OUTER_BOUND ( 'NONE', #998, .T. ) ;
#9 = CARTESIAN_POINT ( 'NONE',  ( -19.10999529028346800, 97.83245446500200200, -27.50000000000000400 ) ) ;
#10 = AXIS2_PLACEMENT_3D ( 'NONE', #833, #2287, #925 ) ;
#11 = FACE_OUTER_BOUND ( 'NONE', #1343, .T. ) ;
#12 = LINE ( 'NONE', #2404, #2014 ) ;
#13 = CARTESIAN_POINT ( 'NONE',  ( -19.25206688337334900, 98.20909123093358100, -27.50000000000000000 ) ) ;
#14 = CYLINDRICAL_SURFACE ( 'NONE', #639, 4.458749999999993100 ) ;
#15 = CYLINDRICAL_SURFACE ( 'NONE', #937, 55.50000000000000000 ) ;
#16 = CARTESIAN_POINT ( 'NONE',  ( -19.30000000000000100, 98.47298798989248800, -27.50000000000000000 ) ) ;
#17 = CARTESIAN_POINT ( 'NONE',  ( -19.30000000000000100, 98.74208829065749200, -27.50000000000000000 ) ) ;
#18 = LINE ( 'NONE', #1407, #5 ) ;
#19 = DIRECTION ( 'NONE',  ( 1.000000000000000000, 0.0000000000000000000, 6.409875621278550000E-016 ) ) ;
#20 = FACE_BOUND ( 'NONE', #1341, .T. ) ;
#21 = DIRECTION ( 'NONE',  ( 0.5000000000000001100, -0.7500000000000001100, 0.4330127018922190800 ) ) ;
#22 = CARTESIAN_POINT ( 'NONE',  ( -17.11277847336810600, 96.58110468501263300, -27.50000000000000000 ) ) ;
#23 = FACE_OUTER_BOUND ( 'NONE', #1601, .T. ) ;
#24 = AXIS2_PLACEMENT_3D ( 'NONE', #1927, #2936, #1387 ) ;
#25 = FACE_OUTER_BOUND ( 'NONE', #2765, .T. ) ;
#26 = FACE_OUTER_BOUND ( 'NONE', #1493, .T. ) ;
#27 = DIRECTION ( 'NONE',  ( 0.0000000000000000000, -1.000000000000000000, 0.0000000000000000000 ) ) ;
#28 = CIRCLE ( 'NONE', #2582, 27.50000000000000000 ) ;
#29 = APPROVAL_PERSON_ORGANIZATION ( #817, #2909, #1279 ) ;
#30 = CARTESIAN_POINT ( 'NONE',  ( -17.00000000000000000, 0.0000000000000000000, 27.50000000000000000 ) ) ;
#31 = CYLINDRICAL_SURFACE ( 'NONE', #1281, 27.50000000000000000 ) ;
#32 = CARTESIAN_POINT ( 'NONE',  ( -18.50000000000000000, 0.0000000000000000000, 0.0000000000000000000 ) ) ;
#33 = FACE_OUTER_BOUND ( 'NONE', #1179, .T. ) ;
#34 = AXIS2_PLACEMENT_3D ( 'NONE', #1646, #2535, #552 ) ;
#35 = FACE_BOUND ( 'NONE', #1380, .T. ) ;
#36 = CARTESIAN_POINT ( 'NONE',  ( 44.22996104356425200, 44.63954795138825900, 5.684547820068999600 ) ) ;
#37 = CARTESIAN_POINT ( 'NONE',  ( 44.03205080756889300, -30.34807621135330200, -46.56440991003640300 ) ) ;
#38 = FACE_OUTER_BOUND ( 'NONE', #1759, .T. ) ;
#39 = CARTESIAN_POINT ( 'NONE',  ( 38.83589838486224700, -27.75000000000000000, -48.06440991003640300 ) ) ;
#40 = FACE_OUTER_BOUND ( 'NONE', #2245, .T. ) ;
#41 = CARTESIAN_POINT ( 'NONE',  ( -17.00000000000000000, 132.5000000000000000, 0.0000000000000000000 ) ) ;
#42 = FACE_OUTER_BOUND ( 'NONE', #1802, .T. ) ;
#43 = VERTEX_POINT ( 'NONE', #1459 ) ;
#44 = FACE_BOUND ( 'NONE', #903, .T. ) ;
#45 = DIRECTION ( 'NONE',  ( -1.000000000000000000, 0.0000000000000000000, 0.0000000000000000000 ) ) ;
#46 = CYLINDRICAL_SURFACE ( 'NONE', #1952, 68.58147545195109300 ) ;
#47 = AXIS2_PLACEMENT_3D ( 'NONE', #99, #100, #102 ) ;
#48 = DIRECTION ( 'NONE',  ( 0.0000000000000000000, -1.000000000000000000, 0.0000000000000000000 ) ) ;
#49 = CARTESIAN_POINT ( 'NONE',  ( -18.55634074549697500, -97.08571179077974000, 27.49999999999999600 ) ) ;
#50 = FACE_OUTER_BOUND ( 'NONE', #798, .T. ) ;
#51 = FACE_BOUND ( 'NONE', #1292, .T. ) ;
#52 = CARTESIAN_POINT ( 'NONE',  ( -6.540737725975560600, 0.0000000000000000000, 0.0000000000000000000 ) ) ;
#53 = FACE_OUTER_BOUND ( 'NONE', #1222, .T. ) ;
#54 = FACE_OUTER_BOUND ( 'NONE', #1154, .T. ) ;
#55 = VERTEX_POINT ( 'NONE', #1451 ) ;
#56 = CARTESIAN_POINT ( 'NONE',  ( 46.26452387803897900, 44.77320553727728500, -4.520962328169779300 ) ) ;
#57 = TOROIDAL_SURFACE ( 'NONE', #1310, 62.04073772597559600, 9.250000000000000000 ) ;
#58 = DIRECTION ( 'NONE',  ( 0.0000000000000000000, 0.4999999999999998900, 0.8660254037844387100 ) ) ;
#59 = FACE_OUTER_BOUND ( 'NONE', #1370, .T. ) ;
#60 = CYLINDRICAL_SURFACE ( 'NONE', #1901, 55.50000000000000000 ) ;
#61 = FACE_OUTER_BOUND ( 'NONE', #1912, .T. ) ;
#62 = DIRECTION ( 'NONE',  ( 0.0000000000000000000, -1.000000000000000000, 0.0000000000000000000 ) ) ;
#63 = CARTESIAN_POINT ( 'NONE',  ( 37.77792824106908400, 44.82603661588940000, 3.962779566082442500 ) ) ;
#64 = COORDINATED_UNIVERSAL_TIME_OFFSET ( 3, 0, .BEHIND. ) ;
#65 = FACE_BOUND ( 'NONE', #1071, .T. ) ;
#66 = DIRECTION ( 'NONE',  ( 1.000000000000000000, 0.0000000000000000000, 0.0000000000000000000 ) ) ;
#67 = AXIS2_PLACEMENT_3D ( 'NONE', #2740, #2739, #2734 ) ;
#68 = CARTESIAN_POINT ( 'NONE',  ( -19.05185834242369600, 97.71277999281278400, -27.49999999999999600 ) ) ;
#69 = CYLINDRICAL_SURFACE ( 'NONE', #394, 55.50000000000000000 ) ;
#70 = CARTESIAN_POINT ( 'NONE',  ( -39.69999999999999600, 0.0000000000000000000, 0.0000000000000000000 ) ) ;
#71 = DIRECTION ( 'NONE',  ( -1.000000000000000000, -2.775557561562890400E-016, 1.602468905319635000E-016 ) ) ;
#72 = SPHERICAL_SURFACE ( 'NONE', #1243, 80.00000000000000000 ) ;
#73 = FACE_OUTER_BOUND ( 'NONE', #2682, .T. ) ;
#74 = EDGE_CURVE ( 'NONE', #2661, #2661, #758, .T. ) ;
#75 = FACE_OUTER_BOUND ( 'NONE', #1713, .T. ) ;
#76 = DIRECTION ( 'NONE',  ( 1.000000000000000000, 0.0000000000000000000, 6.123031769111888800E-017 ) ) ;
#77 = FACE_BOUND ( 'NONE', #2758, .T. ) ;
#78 = FACE_OUTER_BOUND ( 'NONE', #1223, .T. ) ;
#79 = FACE_OUTER_BOUND ( 'NONE', #1362, .T. ) ;
#80 = CARTESIAN_POINT ( 'NONE',  ( 28.00000000000000000, -148.0660377358489900, 22.67043160608379900 ) ) ;
#81 = EDGE_CURVE ( 'E1098', #2060, #1120, #766, .T. ) ;
#82 = TOROIDAL_SURFACE ( 'NONE', #92, 62.04073772597559600, 9.250000000000000000 ) ;
#83 = DIRECTION ( 'NONE',  ( 0.0000000000000000000, 1.000000000000000000, 0.0000000000000000000 ) ) ;
#84 = FACE_OUTER_BOUND ( 'NONE', #1265, .T. ) ;
#85 = CARTESIAN_POINT ( 'NONE',  ( -12.77082129943340400, 78.97242977022797600, -0.5113311298364569000 ) ) ;
#86 = FACE_BOUND ( 'NONE', #1278, .T. ) ;
#87 = DIRECTION ( 'NONE',  ( 0.0000000000000000000, 0.0000000000000000000, -1.000000000000000000 ) ) ;
#88 = FACE_OUTER_BOUND ( 'NONE', #1568, .T. ) ;
#89 = DIRECTION ( 'NONE',  ( 0.0000000000000000000, 0.0000000000000000000, 1.000000000000000000 ) ) ;
#90 = FACE_OUTER_BOUND ( 'NONE', #2833, .T. ) ;
#91 = SPHERICAL_SURFACE ( 'NONE', #212, 80.00000000000000000 ) ;
#92 = AXIS2_PLACEMENT_3D ( 'NONE', #2239, #2241, #2996 ) ;
#93 = CARTESIAN_POINT ( 'NONE',  ( 40.56794919243110100, 55.50000000000000000, -3.000000000000000000 ) ) ;
#94 = PLANE ( 'NONE',  #906 ) ;
#95 = FACE_OUTER_BOUND ( 'NONE', #2986, .T. ) ;
#96 = FACE_OUTER_BOUND ( 'NONE', #1013, .T. ) ;
#97 = CARTESIAN_POINT ( 'NONE',  ( 42.29999999999999700, 45.00000000000000000, 0.0000000000000000000 ) ) ;
#98 = CYLINDRICAL_SURFACE ( 'NONE', #962, 0.9250000000000004900 ) ;
#99 = CARTESIAN_POINT ( 'NONE',  ( 42.29999999999999700, -22.83830000000000000, -39.55709595850029800 ) ) ;
#100 = DIRECTION ( 'NONE',  ( -0.0000000000000000000, 0.4999999999999998900, 0.8660254037844387100 ) ) ;
#101 = TOROIDAL_SURFACE ( 'NONE', #316, 102.5000000000000000, 2.069999999999999800 ) ;
#102 = DIRECTION ( 'NONE',  ( 0.0000000000000000000, 0.8660254037844384900, -0.5000000000000002200 ) ) ;
#103 = SPHERICAL_SURFACE ( 'NONE', #2813, 80.00000000000000000 ) ;
#104 = EDGE_CURVE ( 'NONE', #2382, #2382, #1895, .T. ) ;
#105 = DIRECTION ( 'NONE',  ( 0.0000000000000000000, 0.0000000000000000000, 1.000000000000000000 ) ) ;
#106 = CYLINDRICAL_SURFACE ( 'NONE', #2035, 0.9250000000000004900 ) ;
#107 = DIRECTION ( 'NONE',  ( 0.0000000000000000000, 0.0000000000000000000, 1.000000000000000000 ) ) ;
#108 = CARTESIAN_POINT ( 'NONE',  ( -19.30000000000000100, 0.0000000000000000000, 0.0000000000000000000 ) ) ;
#109 = FACE_OUTER_BOUND ( 'NONE', #1708, .T. ) ;
#110 = CARTESIAN_POINT ( 'NONE',  ( 18.50000000000000000, 0.0000000000000000000, 0.0000000000000000000 ) ) ;
#111 = AXIS2_PLACEMENT_3D ( 'NONE', #1410, #2810, #309 ) ;
#112 = FACE_OUTER_BOUND ( 'NONE', #1527, .T. ) ;
#113 = DIRECTION ( 'NONE',  ( -1.000000000000000000, 0.0000000000000000000, 0.0000000000000000000 ) ) ;
#114 = FACE_OUTER_BOUND ( 'NONE', #978, .T. ) ;
#115 = DIRECTION ( 'NONE',  ( 0.0000000000000000000, 0.0000000000000000000, 1.000000000000000000 ) ) ;
#116 = DIRECTION ( 'NONE',  ( 0.0000000000000000000, 0.0000000000000000000, 1.000000000000000000 ) ) ;
#117 = VERTEX_POINT ( 'NONE', #1425 ) ;
#118 = AXIS2_PLACEMENT_3D ( 'NONE', #1911, #1907, #1902 ) ;
#119 = CARTESIAN_POINT ( 'NONE',  ( 46.82387174471054400, 44.82619658264937400, -3.961203654153783800 ) ) ;
#120 = AXIS2_PLACEMENT_3D ( 'NONE', #1480, #1478, #1466 ) ;
#121 = CARTESIAN_POINT ( 'NONE',  ( 0.0000000000000000000, 0.0000000000000000000, 0.0000000000000000000 ) ) ;
#122 = FACE_OUTER_BOUND ( 'NONE', #2161, .T. ) ;
#123 = EDGE_CURVE ( 'E154', #839, #1067, #3018, .T. ) ;
#124 = PLANE ( 'NONE',  #2150 ) ;
#125 = FACE_OUTER_BOUND ( 'NONE', #1420, .T. ) ;
#126 = CARTESIAN_POINT ( 'NONE',  ( -28.50000000000000000, -132.5000000000000000, 27.50000000000000000 ) ) ;
#127 = FACE_OUTER_BOUND ( 'NONE', #2044, .T. ) ;
#128 = FACE_OUTER_BOUND ( 'NONE', #1228, .T. ) ;
#129 = VERTEX_POINT ( 'NONE', #1405 ) ;
#130 = CYLINDRICAL_SURFACE ( 'NONE', #2756, 55.50000000000000000 ) ;
#131 = LINE ( 'NONE', #2982, #134 ) ;
#132 = DIRECTION ( 'NONE',  ( 0.8660254037844387100, 0.0000000000000000000, 0.4999999999999998900 ) ) ;
#133 = VERTEX_POINT ( 'NONE', #1693 ) ;
#134 = VECTOR ( 'NONE', #3022, 1000.000000000000100 ) ;
#135 = DIRECTION ( 'NONE',  ( 0.4999999999999998900, 0.0000000000000000000, -0.8660254037844387100 ) ) ;
#136 = FACE_OUTER_BOUND ( 'NONE', #2987, .T. ) ;
#137 = DIRECTION ( 'NONE',  ( 3.465867039119933800E-017, -0.8243793311303196900, -0.5660377358490569200 ) ) ;
#138 = EDGE_CURVE ( 'E134', #1442, #780, #761, .T. ) ;
#139 = FACE_BOUND ( 'NONE', #1084, .T. ) ;
#140 = CARTESIAN_POINT ( 'NONE',  ( -12.88499295922693800, 78.95507935758416800, -0.2953947518514933300 ) ) ;
#141 = CARTESIAN_POINT ( 'NONE',  ( -12.93129898311054900, 78.94804121565783800, -0.05614981175309796000 ) ) ;
#142 = AXIS2_PLACEMENT_3D ( 'NONE', #2801, #2323, #1236 ) ;
#143 = FACE_BOUND ( 'NONE', #1461, .T. ) ;
#144 = CARTESIAN_POINT ( 'NONE',  ( 36.68435620842407700, 44.95030410604724800, -2.122081217708633000 ) ) ;
#145 = CARTESIAN_POINT ( 'NONE',  ( -12.93041776624089300, 78.94817516887567900, 0.06822760355767477900 ) ) ;
#146 = FACE_OUTER_BOUND ( 'NONE', #1237, .T. ) ;
#147 = CARTESIAN_POINT ( 'NONE',  ( -12.88138478956861700, 78.95562775341355200, 0.3057663786962175300 ) ) ;
#148 = FACE_OUTER_BOUND ( 'NONE', #1563, .T. ) ;
#149 = CARTESIAN_POINT ( 'NONE',  ( -19.05129909188142500, 97.71172875422473700, 27.50000000000000000 ) ) ;
#150 = CARTESIAN_POINT ( 'NONE',  ( -12.83268655943393800, 78.96302935029639500, 0.4205307983057723400 ) ) ;
#151 = FACE_BOUND ( 'NONE', #1355, .T. ) ;
#152 = AXIS2_PLACEMENT_3D ( 'NONE', #2708, #2284, #2037 ) ;
#153 = CARTESIAN_POINT ( 'NONE',  ( -12.69678877166498900, 78.98367901713763200, 0.6202406518982843700 ) ) ;
#154 = DIRECTION ( 'NONE',  ( -1.000000000000000000, 0.0000000000000000000, 0.0000000000000000000 ) ) ;
#155 = LINE ( 'NONE', #2603, #166 ) ;
#156 = CARTESIAN_POINT ( 'NONE',  ( -12.60837169826847100, 78.99711189998008400, 0.7071372124411960900 ) ) ;
#157 = CARTESIAN_POINT ( 'NONE',  ( -12.40680122010027400, 79.02772538808143600, 0.8394473943006202100 ) ) ;
#158 = FACE_BOUND ( 'NONE', #1573, .T. ) ;
#159 = FACE_OUTER_BOUND ( 'NONE', #2704, .T. ) ;
#160 = FACE_OUTER_BOUND ( 'NONE', #1424, .T. ) ;
#161 = CARTESIAN_POINT ( 'NONE',  ( -12.29313611681652900, 79.04498360161994700, 0.8856054336615362100 ) ) ;
#162 = AXIS2_PLACEMENT_3D ( 'NONE', #3000, #2920, #2767 ) ;
#163 = FACE_OUTER_BOUND ( 'NONE', #982, .T. ) ;
#164 = CARTESIAN_POINT ( 'NONE',  ( -12.05580663352979100, 79.08100492646289600, 0.9311881586270207600 ) ) ;
#165 = CARTESIAN_POINT ( 'NONE',  ( -11.93423962031614800, 79.09944974176562500, 0.9306072826058715600 ) ) ;
#166 = VECTOR ( 'NONE', #400, 1000.000000000000000 ) ;
#167 = CYLINDRICAL_SURFACE ( 'NONE', #34, 45.00000000000000000 ) ;
#168 = CARTESIAN_POINT ( 'NONE',  ( -11.69639768794701800, 79.13552398150255800, 0.8821451003612328400 ) ) ;
#169 = FACE_BOUND ( 'NONE', #1621, .T. ) ;
#170 = CARTESIAN_POINT ( 'NONE',  ( -11.58397525317501900, 79.15256913212684300, 0.8349684791840005200 ) ) ;
#171 = FACE_OUTER_BOUND ( 'NONE', #2726, .T. ) ;
#172 = CARTESIAN_POINT ( 'NONE',  ( 48.10792811683916900, 44.97472911194415000, -1.556279387004250600 ) ) ;
#173 = AXIS2_PLACEMENT_3D ( 'NONE', #1417, #1413, #868 ) ;
#174 = CARTESIAN_POINT ( 'NONE',  ( -12.83853466866884900, 78.96214060433563000, -0.4092546001329447300 ) ) ;
#175 = FACE_OUTER_BOUND ( 'NONE', #2847, .T. ) ;
#176 = TOROIDAL_SURFACE ( 'NONE', #2864, 77.36904887319150200, 1.850000000000000100 ) ;
#177 = EDGE_CURVE ( 'E625', #1350, #972, #1118, .T. ) ;
#178 = CARTESIAN_POINT ( 'NONE',  ( -11.38330740054179000, 79.18298572723378500, 0.6999565622059014100 ) ) ;
#179 = FACE_OUTER_BOUND ( 'NONE', #1443, .T. ) ;
#180 = CARTESIAN_POINT ( 'NONE',  ( 36.71098573604690100, -24.68498624746495600, -49.70926942251632900 ) ) ;
#181 = DIRECTION ( 'NONE',  ( -1.000000000000000000, 0.0000000000000000000, 0.0000000000000000000 ) ) ;
#182 = FACE_OUTER_BOUND ( 'NONE', #2200, .T. ) ;
#183 = CARTESIAN_POINT ( 'NONE',  ( -11.29624238017199500, 79.19617832042750600, 0.6123519679461269000 ) ) ;
#184 = FACE_OUTER_BOUND ( 'NONE', #1016, .T. ) ;
#185 = DIRECTION ( 'NONE',  ( -1.000000000000000000, 0.0000000000000000000, 0.0000000000000000000 ) ) ;
#186 = TOROIDAL_SURFACE ( 'NONE', #111, 47.00000000000000000, 2.000000000000000000 ) ;
#187 = CARTESIAN_POINT ( 'NONE',  ( -11.16247130475851700, 79.21644505007076000, 0.4108471793265450200 ) ) ;
#188 = EDGE_CURVE ( 'E871', #992, #1955, #743, .T. ) ;
#189 = CIRCLE ( 'NONE', #2963, 68.58147545195109300 ) ;
#190 = CARTESIAN_POINT ( 'NONE',  ( 47.49866873980224100, 44.90008594963681100, 3.002054928117616300 ) ) ;
#191 = CARTESIAN_POINT ( 'NONE',  ( 36.48112860907915000, -25.00259989441276100, -49.55062044229148900 ) ) ;
#192 = FACE_BOUND ( 'NONE', #1772, .T. ) ;
#193 = FACE_OUTER_BOUND ( 'NONE', #2647, .T. ) ;
#194 = EDGE_CURVE ( 'E418', #1389, #1293, #767, .T. ) ;
#195 = CARTESIAN_POINT ( 'NONE',  ( -17.00000000000000000, 96.57438808116189900, -27.50000000000000000 ) ) ;
#196 = FACE_OUTER_BOUND ( 'NONE', #1500, .T. ) ;
#197 = FACE_BOUND ( 'NONE', #1777, .T. ) ;
#198 = VECTOR ( 'NONE', #2687, 1000.000000000000000 ) ;
#199 = CARTESIAN_POINT ( 'NONE',  ( 12.60242648100682000, -38.88210348520260600, -68.77045694881040600 ) ) ;
#200 = CYLINDRICAL_SURFACE ( 'NONE', #2526, 6.000000000000000000 ) ;
#201 = CARTESIAN_POINT ( 'NONE',  ( 44.23562797826382800, 44.63871824053553900, -5.692790506871835600 ) ) ;
#202 = CARTESIAN_POINT ( 'NONE',  ( -17.22555694984309200, 96.58782123649378100, -27.50000000000000000 ) ) ;
#203 = FACE_BOUND ( 'NONE', #1401, .T. ) ;
#204 = CARTESIAN_POINT ( 'NONE',  ( -19.30000000000000100, 0.0000000000000000000, 0.0000000000000000000 ) ) ;
#205 = CARTESIAN_POINT ( 'NONE',  ( 44.03205080756889300, 52.87500000000000000, 3.000000000000000000 ) ) ;
#206 = EDGE_CURVE ( 'E670', #1389, #1255, #738, .T. ) ;
#207 = FACE_OUTER_BOUND ( 'NONE', #881, .T. ) ;
#208 = FACE_OUTER_BOUND ( 'NONE', #2067, .T. ) ;
#209 = CARTESIAN_POINT ( 'NONE',  ( 47.06768551534942400, 44.85179280925983400, 3.663981521290687200 ) ) ;
#210 = AXIS2_PLACEMENT_3D ( 'NONE', #1345, #1148, #1044 ) ;
#211 = FACE_BOUND ( 'NONE', #2009, .T. ) ;
#212 = AXIS2_PLACEMENT_3D ( 'NONE', #2650, #2653, #2587 ) ;
#213 = CARTESIAN_POINT ( 'NONE',  ( 36.19080413555536100, -25.50899430439790500, -49.29074159010215100 ) ) ;
#214 = CARTESIAN_POINT ( 'NONE',  ( 40.56794919243110100, -23.83942378864664800, -47.29109322510220200 ) ) ;
#215 = AXIS2_PLACEMENT_3D ( 'NONE', #2676, #2673, #2658 ) ;
#216 = CYLINDRICAL_SURFACE ( 'NONE', #24, 6.000000000000002700 ) ;
#217 = CARTESIAN_POINT ( 'NONE',  ( -11.11515401236116900, 79.22361195361129700, 0.2955356751767531100 ) ) ;
#218 = LINE ( 'NONE', #1716, #262 ) ;
#219 = PLANE ( 'NONE',  #782 ) ;
#220 = EDGE_CURVE ( 'E988', #1830, #2819, #745, .T. ) ;
#221 = CARTESIAN_POINT ( 'NONE',  ( -11.06889473533876600, 79.23061853617524300, 0.05776455022629330800 ) ) ;
#222 = CARTESIAN_POINT ( 'NONE',  ( -19.30000000000000100, -98.74208829065749200, -27.50000000000000000 ) ) ;
#223 = VERTEX_POINT ( 'NONE', #1531 ) ;
#224 = FACE_OUTER_BOUND ( 'NONE', #1517, .T. ) ;
#225 = VERTEX_POINT ( 'NONE', #1462 ) ;
#226 = EDGE_CURVE ( 'E899', #2570, #826, #865, .T. ) ;
#227 = CARTESIAN_POINT ( 'NONE',  ( -11.06949445076653800, 79.23052771396422100, -0.06712280908648798900 ) ) ;
#228 = DIRECTION ( 'NONE',  ( 0.0000000000000000000, 0.8243793311303196900, -0.5660377358490569200 ) ) ;
#229 = FACE_OUTER_BOUND ( 'NONE', #1524, .T. ) ;
#230 = CARTESIAN_POINT ( 'NONE',  ( -11.11828251051971600, 79.22313808729852300, -0.3048283408715709000 ) ) ;
#231 = CALENDAR_DATE ( 2019, 8, 3 ) ;
#232 = CARTESIAN_POINT ( 'NONE',  ( -11.16647392526935600, 79.21583874423925000, -0.4191044797238592200 ) ) ;
#233 = DIRECTION ( 'NONE',  ( 0.0000000000000000000, 0.0000000000000000000, 1.000000000000000000 ) ) ;
#234 = DIRECTION ( 'NONE',  ( 1.000000000000000000, 0.0000000000000000000, 0.0000000000000000000 ) ) ;
#235 = FACE_OUTER_BOUND ( 'NONE', #1045, .T. ) ;
#236 = FACE_OUTER_BOUND ( 'NONE', #1259, .T. ) ;
#237 = CARTESIAN_POINT ( 'NONE',  ( -11.30312715924827000, 79.19513514312492900, -0.6203084120041380000 ) ) ;
#238 = DIRECTION ( 'NONE',  ( -5.047700834310157500E-017, 0.5660377358490569200, 0.8243793311303196900 ) ) ;
#239 = FACE_OUTER_BOUND ( 'NONE', #1731, .T. ) ;
#240 = APPROVAL_DATE_TIME ( #2498, #2909 ) ;
#241 = CARTESIAN_POINT ( 'NONE',  ( -11.39042252808626500, 79.18190748044659700, -0.7063019613962751000 ) ) ;
#242 = VECTOR ( 'NONE', #19, 1000.000000000000000 ) ;
#243 = CARTESIAN_POINT ( 'NONE',  ( -18.83370569845166300, 97.37600397235868900, -27.49999999999999600 ) ) ;
#244 = CARTESIAN_POINT ( 'NONE',  ( -11.59394013429223400, 79.15105842433853000, -0.8399777023221286500 ) ) ;
#245 = LINE ( 'NONE', #1374, #266 ) ;
#246 = VERTEX_POINT ( 'NONE', #1490 ) ;
#247 = CONICAL_SURFACE ( 'NONE', #918, 55.50000000000000000, 0.7853981633974461700 ) ;
#248 = CARTESIAN_POINT ( 'NONE',  ( -11.70711373713520900, 79.13389897810026200, -0.8856430097917460400 ) ) ;
#249 = VERTEX_POINT ( 'NONE', #1682 ) ;
#250 = LINE ( 'NONE', #1200, #252 ) ;
#251 = CARTESIAN_POINT ( 'NONE',  ( 11.92503109650842900, -38.74517047463714900, -68.96825577489897800 ) ) ;
#252 = VECTOR ( 'NONE', #137, 1000.000000000000100 ) ;
#253 = CARTESIAN_POINT ( 'NONE',  ( -11.94378940053350400, 79.09800093273285900, -0.9311209761762978500 ) ) ;
#254 = EDGE_CURVE ( 'NONE', #2006, #2006, #863, .T. ) ;
#255 = FACE_OUTER_BOUND ( 'NONE', #2025, .T. ) ;
#256 = FACE_OUTER_BOUND ( 'NONE', #2463, .T. ) ;
#257 = CARTESIAN_POINT ( 'NONE',  ( -12.06662839065715100, 79.07936274565049900, -0.9303699258799237300 ) ) ;
#258 = FACE_OUTER_BOUND ( 'NONE', #1352, .T. ) ;
#259 = CONICAL_SURFACE ( 'NONE', #1973, 4.458749999999993100, 0.7853981633974433900 ) ;
#260 = CARTESIAN_POINT ( 'NONE',  ( -12.41944672587192700, 79.02581178396620500, -0.8586615222826522500 ) ) ;
#261 = DIRECTION ( 'NONE',  ( 1.000000000000000000, 0.0000000000000000000, 0.0000000000000000000 ) ) ;
#262 = VECTOR ( 'NONE', #727, 1000.000000000000000 ) ;
#263 = EDGE_CURVE ( 'E103', #2738, #1123, #851, .T. ) ;
#264 = TOROIDAL_SURFACE ( 'NONE', #1985, 47.00000000000000000, 2.000000000000000000 ) ;
#265 = CARTESIAN_POINT ( 'NONE',  ( -12.63539456096250800, 78.99300810201263800, -0.7154841892434808900 ) ) ;
#266 = VECTOR ( 'NONE', #2752, 1000.000000000000000 ) ;
#267 = CARTESIAN_POINT ( 'NONE',  ( 45.95841023038131800, 44.74682469474744600, 4.771756547278820400 ) ) ;
#268 = AXIS2_PLACEMENT_3D ( 'NONE', #976, #801, #730 ) ;
#269 = CYLINDRICAL_SURFACE ( 'NONE', #1057, 27.50000000000000000 ) ;
#270 = LINE ( 'NONE', #2128, #2937 ) ;
#271 = ADVANCED_FACE ( 'E1080', ( #858, #848 ), #725, .T. ) ;
#272 = CARTESIAN_POINT ( 'NONE',  ( -12.77082129943340400, 78.97242977022797600, -0.5113311298364569000 ) ) ;
#273 = FACE_BOUND ( 'NONE', #2783, .T. ) ;
#274 = FACE_BOUND ( 'NONE', #1868, .T. ) ;
#275 = ADVANCED_FACE ( 'E1199', ( #339 ), #124, .T. ) ;
#276 = FACE_OUTER_BOUND ( 'NONE', #2116, .T. ) ;
#277 = DIRECTION ( 'NONE',  ( 0.0000000000000000000, 0.0000000000000000000, 1.000000000000000000 ) ) ;
#278 = FACE_OUTER_BOUND ( 'NONE', #1753, .T. ) ;
#279 = AXIS2_PLACEMENT_3D ( 'NONE', #1264, #1267, #1571 ) ;
#280 = CONICAL_SURFACE ( 'NONE', #2490, 5.323400000000003000, 0.7853981633974490600 ) ;
#281 = DIRECTION ( 'NONE',  ( -1.000000000000000000, 0.0000000000000000000, -6.123031769111888800E-017 ) ) ;
#282 = LINE ( 'NONE', #1829, #242 ) ;
#283 = CARTESIAN_POINT ( 'NONE',  ( 44.03205080756889300, 55.50000000000000000, 3.000000000000000000 ) ) ;
#284 = LINE ( 'NONE', #2717, #287 ) ;
#285 = DIRECTION ( 'NONE',  ( -1.000000000000000000, 0.0000000000000000000, 0.0000000000000000000 ) ) ;
#286 = CONICAL_SURFACE ( 'NONE', #759, 6.000000000000000000, 0.7853981633974482800 ) ;
#287 = VECTOR ( 'NONE', #1089, 1000.000000000000000 ) ;
#288 = FACE_OUTER_BOUND ( 'NONE', #2073, .T. ) ;
#289 = CARTESIAN_POINT ( 'NONE',  ( 36.10278024791467300, -25.68390613563611400, -49.19986441272639900 ) ) ;
#290 = EDGE_CURVE ( 'NONE', #897, #897, #299, .T. ) ;
#291 = LINE ( 'NONE', #2612, #1559 ) ;
#292 = FACE_OUTER_BOUND ( 'NONE', #1270, .T. ) ;
#293 = CARTESIAN_POINT ( 'NONE',  ( -37.69999999999999600, 0.0000000000000000000, 0.0000000000000000000 ) ) ;
#294 = FACE_BOUND ( 'NONE', #1448, .T. ) ;
#295 = CARTESIAN_POINT ( 'NONE',  ( 18.43735083784584800, 0.0000000000000000000, 2.128577575912284900E-015 ) ) ;
#296 = CARTESIAN_POINT ( 'NONE',  ( 28.00000000000000000, 0.0000000000000000000, 4.163661602996085000E-015 ) ) ;
#297 = DIRECTION ( 'NONE',  ( 1.000000000000000000, 0.0000000000000000000, 1.768875844410099700E-016 ) ) ;
#298 = EDGE_CURVE ( 'E225', #1896, #2947, #729, .T. ) ;
#299 = B_SPLINE_CURVE_WITH_KNOTS ( 'NONE', 3,
 ( #85, #174, #140, #141, #145, #147, #150, #153, #156, #157, #161, #164, #165, #168, #170, #178, #183, #187, #217, #221, #227, #230, #232, #237, #241, #244, #248, #253, #257, #260, #265, #272 ),
 .UNSPECIFIED., .T., .F.,
 ( 4, 2, 2, 2, 2, 2, 2, 2, 2, 2, 2, 2, 2, 2, 2, 4 ),
 ( 0.0000000000000000000, 0.0003635745120839245500, 0.0007271490241678491100, 0.001090723536251773700, 0.001454298048335697800, 0.001817872560419622300, 0.002181447072503546600, 0.002545021584587470600, 0.002908596096671395100, 0.003272170608755319600, 0.003635745120839244100, 0.003999319632923169000, 0.004362894145007093100, 0.004726468657091018000, 0.005090043169174942100, 0.005817192193342790200 ),
 .UNSPECIFIED. ) ;
#300 = CYLINDRICAL_SURFACE ( 'NONE', #1085, 12.49999999999999600 ) ;
#301 = FACE_BOUND ( 'NONE', #1313, .T. ) ;
#302 = DIRECTION ( 'NONE',  ( 1.782713831594983500E-016, 0.0000000000000000000, -1.000000000000000000 ) ) ;
#303 = FACE_OUTER_BOUND ( 'NONE', #1541, .T. ) ;
#304 = AXIS2_PLACEMENT_3D ( 'NONE', #1004, #1007, #1009 ) ;
#305 = AXIS2_PLACEMENT_3D ( 'NONE', #2475, #2420, #2439 ) ;
#306 = CARTESIAN_POINT ( 'NONE',  ( -18.65425278395654400, -97.17592095251856700, 27.50000000000000000 ) ) ;
#307 = FACE_OUTER_BOUND ( 'NONE', #1182, .T. ) ;
#308 = DIRECTION ( 'NONE',  ( -1.000000000000000000, 0.0000000000000000000, 0.0000000000000000000 ) ) ;
#309 = DIRECTION ( 'NONE',  ( 0.0000000000000000000, 0.0000000000000000000, 1.000000000000000000 ) ) ;
#310 = FACE_OUTER_BOUND ( 'NONE', #1593, .T. ) ;
#311 = CARTESIAN_POINT ( 'NONE',  ( 8.130296085854734400, 67.40992327083579000, 72.46942454777998000 ) ) ;
#312 = FACE_OUTER_BOUND ( 'NONE', #1115, .T. ) ;
#313 = CIRCLE ( 'NONE', #10, 100.4328368630580000 ) ;
#314 = CARTESIAN_POINT ( 'NONE',  ( 7.917685158873561100, 67.59349858569460400, 72.31450355090832700 ) ) ;
#315 = FACE_BOUND ( 'NONE', #1981, .T. ) ;
#316 = AXIS2_PLACEMENT_3D ( 'NONE', #2198, #1114, #2160 ) ;
#317 = CARTESIAN_POINT ( 'NONE',  ( 8.363322123881751200, 67.24285347191919000, 72.60613826557944600 ) ) ;
#318 = CONICAL_SURFACE ( 'NONE', #173, 97.94827517685409600, 0.05721623652801141600 ) ;
#319 = CARTESIAN_POINT ( 'NONE',  ( 8.868543183333395400, 66.94092470748708500, 72.84530568068305500 ) ) ;
#320 = CARTESIAN_POINT ( 'NONE',  ( 9.143265784983256600, 66.80541569429898600, 72.94814391664370100 ) ) ;
#321 = CONICAL_SURFACE ( 'NONE', #330, 53.50000000000000000, 0.7853981633974490600 ) ;
#322 = FACE_OUTER_BOUND ( 'NONE', #1017, .T. ) ;
#323 = CARTESIAN_POINT ( 'NONE',  ( 9.711882285718269600, 66.57735900095066500, 73.11229908815749900 ) ) ;
#324 = CARTESIAN_POINT ( 'NONE',  ( 10.00749194526854600, 66.48337436680651500, 73.17481192884686400 ) ) ;
#325 = CARTESIAN_POINT ( 'NONE',  ( 56.30000000000000400, 0.0000000000000000000, 0.0000000000000000000 ) ) ;
#326 = CYLINDRICAL_SURFACE ( 'NONE', #1474, 88.00000000000000000 ) ;
#327 = CARTESIAN_POINT ( 'NONE',  ( 42.29999999999999700, 45.67660000000000100, 0.0000000000000000000 ) ) ;
#328 = CARTESIAN_POINT ( 'NONE',  ( 10.62148134673454100, 66.33611617009022200, 73.26089757588816600 ) ) ;
#329 = TOROIDAL_SURFACE ( 'NONE', #2365, 95.88111203991211100, 2.069999999999999800 ) ;
#330 = AXIS2_PLACEMENT_3D ( 'NONE', #1097, #1402, #2045 ) ;
#331 = CARTESIAN_POINT ( 'NONE',  ( 10.93784749878617800, 66.28385543728735700, 73.28370892275098900 ) ) ;
#332 = SPHERICAL_SURFACE ( 'NONE', #1720, 80.00000000000000000 ) ;
#333 = EDGE_CURVE ( 'NONE', #586, #586, #1034, .T. ) ;
#334 = CARTESIAN_POINT ( 'NONE',  ( 11.56765344037385800, 66.22467459488611000, 73.28858019380764700 ) ) ;
#335 = CARTESIAN_POINT ( 'NONE',  ( 11.88419247704512700, 66.21696015820391800, 73.27111966630802400 ) ) ;
#336 = FACE_OUTER_BOUND ( 'NONE', #1428, .T. ) ;
#337 = CIRCLE ( 'NONE', #698, 102.5000000000000000 ) ;
#338 = CARTESIAN_POINT ( 'NONE',  ( 12.52020756482562200, 66.24711006802360200, 73.19473282448420500 ) ) ;
#339 = FACE_OUTER_BOUND ( 'NONE', #1252, .T. ) ;
#340 = CARTESIAN_POINT ( 'NONE',  ( 12.82959949022529000, 66.28448464376577900, 73.13702581918248300 ) ) ;
#341 = CARTESIAN_POINT ( 'NONE',  ( 13.43176417323862100, 66.40196323402506100, 72.98375855057599900 ) ) ;
#342 = FACE_OUTER_BOUND ( 'NONE', #1786, .T. ) ;
#343 = CYLINDRICAL_SURFACE ( 'NONE', #1360, 102.5000000000000000 ) ;
#344 = CARTESIAN_POINT ( 'NONE',  ( 13.72731217862472200, 66.48314513717211600, 72.88700020140817100 ) ) ;
#345 = B_SPLINE_CURVE_WITH_KNOTS ( 'NONE', 3,
 ( #2258, #2212, #2205, #2202 ),
 .UNSPECIFIED., .F., .F.,
 ( 4, 4 ),
 ( 0.1909655316123846600, 0.1913044665075904500 ),
 .UNSPECIFIED. ) ;
#346 = FACE_OUTER_BOUND ( 'NONE', #1486, .T. ) ;
#347 = SPHERICAL_SURFACE ( 'NONE', #1635, 80.00000000000000000 ) ;
#348 = CARTESIAN_POINT ( 'NONE',  ( 14.28647041368152900, 66.68577929824510900, 72.65818555842105300 ) ) ;
#349 = CARTESIAN_POINT ( 'NONE',  ( 14.54810773330861400, 66.80593214796408600, 72.52747344151593700 ) ) ;
#350 = FACE_OUTER_BOUND ( 'NONE', #1504, .T. ) ;
#351 = CARTESIAN_POINT ( 'NONE',  ( 15.03566100370053600, 67.08314605243222700, 72.23303825910366500 ) ) ;
#352 = CARTESIAN_POINT ( 'NONE',  ( 38.83589838486224700, -27.75000000000000000, -48.06440991003640300 ) ) ;
#353 = EDGE_CURVE ( 'E291', #2171, #917, #845, .T. ) ;
#354 = VERTEX_POINT ( 'NONE', #1689 ) ;
#355 = FACE_OUTER_BOUND ( 'NONE', #1142, .T. ) ;
#356 = CARTESIAN_POINT ( 'NONE',  ( 15.26333603236398400, 67.24217687201863200, 72.06732129729910200 ) ) ;
#357 = CARTESIAN_POINT ( 'NONE',  ( 15.66309273056336000, 67.58530481597829000, 71.71417174280752200 ) ) ;
#358 = FACE_OUTER_BOUND ( 'NONE', #1705, .T. ) ;
#359 = CARTESIAN_POINT ( 'NONE',  ( 15.83733662990545800, 67.77005915611344700, 71.52598705844194200 ) ) ;
#360 = FACE_OUTER_BOUND ( 'NONE', #1249, .T. ) ;
#361 = CARTESIAN_POINT ( 'NONE',  ( 16.05929665304796900, 68.06702953093784500, 71.22543460774775800 ) ) ;
#362 = FACE_BOUND ( 'NONE', #1434, .T. ) ;
#363 = CARTESIAN_POINT ( 'NONE',  ( 16.12694913525628200, 68.16993859528861300, 71.12159324700326100 ) ) ;
#364 = CYLINDRICAL_SURFACE ( 'NONE', #936, 88.00000000000000000 ) ;
#365 = CARTESIAN_POINT ( 'NONE',  ( 16.42949400873173000, 68.80585958900734100, 70.48284554071253200 ) ) ;
#366 = CARTESIAN_POINT ( 'NONE',  ( 0.0000000000000000000, 0.0000000000000000000, 0.0000000000000000000 ) ) ;
#367 = LINE ( 'NONE', #2929, #378 ) ;
#368 = CARTESIAN_POINT ( 'NONE',  ( 16.48686227347764800, 69.02656141473546800, 70.26218258027978400 ) ) ;
#369 = CARTESIAN_POINT ( 'NONE',  ( 16.37739094208203400, 70.37282875682326700, 68.92263001238923400 ) ) ;
#370 = CARTESIAN_POINT ( 'NONE',  ( 16.53712120493042200, 69.47927354640239600, 69.81048593580158000 ) ) ;
#371 = VERTEX_POINT ( 'NONE', #1530 ) ;
#372 = CARTESIAN_POINT ( 'NONE',  ( 16.45011078726447800, 70.14934075978789000, 69.14420826966960500 ) ) ;
#373 = CARTESIAN_POINT ( 'NONE',  ( 16.17201386139774800, 70.80086162858791000, 68.49977797176957500 ) ) ;
#374 = FACE_BOUND ( 'NONE', #944, .T. ) ;
#375 = CIRCLE ( 'NONE', #471, 77.84641349530609500 ) ;
#376 = CARTESIAN_POINT ( 'NONE',  ( 44.03205080756889300, 55.50000000000000000, 3.000000000000000000 ) ) ;
#377 = CARTESIAN_POINT ( 'NONE',  ( 16.04017504294864000, 71.00589729088815700, 68.29800085662995500 ) ) ;
#378 = VECTOR ( 'NONE', #2674, 1000.000000000000000 ) ;
#379 = VERTEX_POINT ( 'NONE', #1495 ) ;
#380 = CARTESIAN_POINT ( 'NONE',  ( 16.52924760688103900, 69.70379455018087400, 69.58692148587567800 ) ) ;
#381 = FACE_OUTER_BOUND ( 'NONE', #1059, .T. ) ;
#382 = FACE_OUTER_BOUND ( 'NONE', #1641, .T. ) ;
#383 = DIRECTION ( 'NONE',  ( 0.0000000000000000000, 0.0000000000000000000, -1.000000000000000000 ) ) ;
#384 = EDGE_CURVE ( 'NONE', #133, #133, #1917, .T. ) ;
#385 = LINE ( 'NONE', #452, #393 ) ;
#386 = DIRECTION ( 'NONE',  ( 0.0000000000000000000, 0.0000000000000000000, -1.000000000000000000 ) ) ;
#387 = FACE_OUTER_BOUND ( 'NONE', #1502, .T. ) ;
#388 = CARTESIAN_POINT ( 'NONE',  ( 15.71873751061702200, 71.39863987475941100, 67.91403963477029000 ) ) ;
#389 = CARTESIAN_POINT ( 'NONE',  ( 13.52353071094233300, 72.70158244459541700, 66.70309199717225100 ) ) ;
#390 = FACE_OUTER_BOUND ( 'NONE', #956, .T. ) ;
#391 = LINE ( 'NONE', #1951, #406 ) ;
#392 = CARTESIAN_POINT ( 'NONE',  ( 14.09213296876446700, 72.49040005427204400, 66.88451777920310800 ) ) ;
#393 = VECTOR ( 'NONE', #1145, 1000.000000000000000 ) ;
#394 = AXIS2_PLACEMENT_3D ( 'NONE', #2100, #2114, #2108 ) ;
#395 = CARTESIAN_POINT ( 'NONE',  ( 38.83589838486224700, 55.50000000000000000, -1.110223024625155900E-015 ) ) ;
#396 = EDGE_CURVE ( 'NONE', #354, #354, #722, .T. ) ;
#397 = FACE_OUTER_BOUND ( 'NONE', #1925, .T. ) ;
#398 = CARTESIAN_POINT ( 'NONE',  ( 14.36249381555277800, 72.36721779067227100, 66.99511963807778200 ) ) ;
#399 = CARTESIAN_POINT ( 'NONE',  ( 45.25709088554801000, -22.69911623166189000, -50.64590031809228100 ) ) ;
#400 = DIRECTION ( 'NONE',  ( -0.4999999999999998900, 0.0000000000000000000, -0.8660254037844387100 ) ) ;
#401 = FACE_BOUND ( 'NONE', #2018, .T. ) ;
#402 = CARTESIAN_POINT ( 'NONE',  ( 47.68392210231908000, 44.92191140738807300, -2.655582479423780100 ) ) ;
#403 = CARTESIAN_POINT ( 'NONE',  ( 44.67357917557940500, -22.46833737541800600, -50.74891331347826900 ) ) ;
#404 = FACE_BOUND ( 'NONE', #1560, .T. ) ;
#405 = CARTESIAN_POINT ( 'NONE',  ( 44.27009538604441000, -22.34719304706741700, -50.80218556800596700 ) ) ;
#406 = VECTOR ( 'NONE', #228, 1000.000000000000100 ) ;
#407 = CARTESIAN_POINT ( 'NONE',  ( 43.43351630467981300, -22.17246556396711600, -50.87868774235141000 ) ) ;
#408 = CARTESIAN_POINT ( 'NONE',  ( 43.01191579922907200, -22.12138402576028500, -50.90083176760745700 ) ) ;
#409 = FACE_OUTER_BOUND ( 'NONE', #2121, .T. ) ;
#410 = CONICAL_SURFACE ( 'NONE', #1256, 6.000000000000002700, 0.7853981633974482800 ) ;
#411 = AXIS2_PLACEMENT_3D ( 'NONE', #3008, #3007, #3005 ) ;
#412 = CARTESIAN_POINT ( 'NONE',  ( 48.29978022778795600, 44.99997069704288300, 0.3951288430013347700 ) ) ;
#413 = TOROIDAL_SURFACE ( 'NONE', #2691, 102.5000000000000000, 2.069999999999999800 ) ;
#414 = CARTESIAN_POINT ( 'NONE',  ( 36.33826154799809400, 44.99485135521875600, 0.7815244077817454800 ) ) ;
#415 = AXIS2_PLACEMENT_3D ( 'NONE', #561, #436, #487 ) ;
#416 = CIRCLE ( 'NONE', #1411, 95.88111203991211100 ) ;
#417 = FACE_OUTER_BOUND ( 'NONE', #1861, .T. ) ;
#418 = AXIS2_PLACEMENT_3D ( 'NONE', #1966, #1392, #1351 ) ;
#419 = CARTESIAN_POINT ( 'NONE',  ( 41.90313767207111100, 44.59820624195550200, 5.999999999999999100 ) ) ;
#420 = EDGE_CURVE ( 'NONE', #249, #249, #714, .T. ) ;
#421 = CARTESIAN_POINT ( 'NONE',  ( 42.37727847889927100, -22.09732176528362400, -50.91128015738637200 ) ) ;
#422 = CALENDAR_DATE ( 2019, 8, 3 ) ;
#423 = CARTESIAN_POINT ( 'NONE',  ( 42.16521489739057700, -22.09808984930659300, -50.91094712145476100 ) ) ;
#424 = FACE_OUTER_BOUND ( 'NONE', #1617, .T. ) ;
#425 = FACE_BOUND ( 'NONE', #2916, .T. ) ;
#426 = FACE_OUTER_BOUND ( 'NONE', #775, .T. ) ;
#427 = CARTESIAN_POINT ( 'NONE',  ( 11.12934767528946100, -39.88127145318436100, -68.45160192771651000 ) ) ;
#428 = CARTESIAN_POINT ( 'NONE',  ( 41.74003541620227500, -22.11748605664619300, -50.90252373238135400 ) ) ;
#429 = CARTESIAN_POINT ( 'NONE',  ( 0.0000000000000000000, 0.0000000000000000000, 0.0000000000000000000 ) ) ;
#430 = CYLINDRICAL_SURFACE ( 'NONE', #2389, 0.9250000000000004900 ) ;
#431 = CARTESIAN_POINT ( 'NONE',  ( 47.68367863912473600, 44.92188326282097000, 2.656030131721590000 ) ) ;
#432 = CARTESIAN_POINT ( 'NONE',  ( 41.52581724771364000, -22.13628586652308500, -50.89435878507789800 ) ) ;
#433 = CIRCLE ( 'NONE', #637, 88.00000000000000000 ) ;
#434 = FACE_OUTER_BOUND ( 'NONE', #1465, .T. ) ;
#435 = ORIENTED_CLOSED_SHELL ( 'NONE', *, #2649, .F. );
#436 = DIRECTION ( 'NONE',  ( 1.000000000000000000, 0.0000000000000000000, 0.0000000000000000000 ) ) ;
#437 = CARTESIAN_POINT ( 'NONE',  ( 14.87388697397735100, 72.08331490459377700, 67.25756063295011700 ) ) ;
#438 = CIRCLE ( 'NONE', #1189, 53.50000000000000000 ) ;
#439 = EDGE_CURVE ( 'NONE', #2855, #2855, #2527, .T. ) ;
#440 = CYLINDRICAL_SURFACE ( 'NONE', #1762, 0.9250000000000004900 ) ;
#441 = CARTESIAN_POINT ( 'NONE',  ( 47.39757763948166100, 44.88845809448064700, -3.170623617807888800 ) ) ;
#442 = CARTESIAN_POINT ( 'NONE',  ( 42.29999999999999700, 56.50000000000000000, 0.0000000000000000000 ) ) ;
#443 = FACE_BOUND ( 'NONE', #1553, .T. ) ;
#444 = CARTESIAN_POINT ( 'NONE',  ( -160.0000000000000000, 0.0000000000000000000, 0.0000000000000000000 ) ) ;
#445 = FACE_OUTER_BOUND ( 'NONE', #1158, .T. ) ;
#446 = CARTESIAN_POINT ( 'NONE',  ( 40.89125966551499400, -22.21916861110768000, -50.85825575721038700 ) ) ;
#447 = DIRECTION ( 'NONE',  ( 0.0000000000000000000, 0.8660254037844383700, -0.5000000000000002200 ) ) ;
#448 = AXIS2_PLACEMENT_3D ( 'NONE', #665, #2210, #1328 ) ;
#449 = FACE_OUTER_BOUND ( 'NONE', #1027, .T. ) ;
#450 = CARTESIAN_POINT ( 'NONE',  ( 40.47912521446423300, -22.30899464650254800, -50.81906149551176100 ) ) ;
#451 = FACE_OUTER_BOUND ( 'NONE', #1888, .T. ) ;
#452 = CARTESIAN_POINT ( 'NONE',  ( 40.56794919243110100, -25.15192378864664800, -49.56440991003640300 ) ) ;
#453 = EDGE_CURVE ( 'NONE', #1172, #1172, #1445, .T. ) ;
#454 = CARTESIAN_POINT ( 'NONE',  ( 36.97659999999999800, 55.50000000000000000, 0.0000000000000000000 ) ) ;
#455 = FACE_OUTER_BOUND ( 'NONE', #1745, .T. ) ;
#456 = CARTESIAN_POINT ( 'NONE',  ( 39.87700507630855600, -22.49436067257677900, -50.73714912455766800 ) ) ;
#457 = DIRECTION ( 'NONE',  ( 0.0000000000000000000, -1.000000000000000000, 0.0000000000000000000 ) ) ;
#458 = FACE_OUTER_BOUND ( 'NONE', #1803, .T. ) ;
#459 = CARTESIAN_POINT ( 'NONE',  ( 39.67899646852991000, -22.56464113270447300, -50.70596078947736600 ) ) ;
#460 = EDGE_CURVE ( 'E188', #2751, #2099, #702, .T. ) ;
#461 = FACE_OUTER_BOUND ( 'NONE', #1750, .T. ) ;
#462 = LINE ( 'NONE', #3038, #485 ) ;
#463 = CIRCLE ( 'NONE', #1263, 100.4328368630580000 ) ;
#464 = CARTESIAN_POINT ( 'NONE',  ( -18.55792336685775400, 97.08707189210484500, -27.49999999999999600 ) ) ;
#465 = CARTESIAN_POINT ( 'NONE',  ( 39.28855547278238400, -22.72265905700733100, -50.63534589998136000 ) ) ;
#466 = DIRECTION ( 'NONE',  ( -6.123031769111887500E-017, -0.4999999999999998900, -0.8660254037844387100 ) ) ;
#467 = CIRCLE ( 'NONE', #1015, 92.25000000000000000 ) ;
#468 = CARTESIAN_POINT ( 'NONE',  ( 39.09594948723940200, -22.81061772784894300, -50.59581570243223300 ) ) ;
#469 = CARTESIAN_POINT ( 'NONE',  ( -17.00000000000000000, -132.5000000000000000, -27.50000000000000000 ) ) ;
#470 = AXIS2_PLACEMENT_3D ( 'NONE', #1918, #886, #2220 ) ;
#471 = AXIS2_PLACEMENT_3D ( 'NONE', #2123, #2120, #2119 ) ;
#472 = VECTOR ( 'NONE', #2902, 1000.000000000000100 ) ;
#473 = CARTESIAN_POINT ( 'NONE',  ( 40.56794919243110100, 55.50000000000000000, -3.000000000000000000 ) ) ;
#474 = CIRCLE ( 'NONE', #2795, 47.00000000000000000 ) ;
#475 = CARTESIAN_POINT ( 'NONE',  ( 38.53903430498472500, -23.09522303597114500, -50.46686104564989300 ) ) ;
#476 = LINE ( 'NONE', #1479, #472 ) ;
#477 = CARTESIAN_POINT ( 'NONE',  ( 12.91152263342846000, -39.30351908733880600, -68.47291950376845200 ) ) ;
#478 = AXIS2_PLACEMENT_3D ( 'NONE', #2771, #2732, #2700 ) ;
#479 = CARTESIAN_POINT ( 'NONE',  ( 38.19114948639079200, -23.31396738228120600, -50.36649414562661100 ) ) ;
#480 = CIRCLE ( 'NONE', #618, 12.50000000000000000 ) ;
#481 = CARTESIAN_POINT ( 'NONE',  ( 38.98594914987867100, 55.22746820116577000, -5.496255953862298100 ) ) ;
#482 = VERTEX_POINT ( 'NONE', #1439 ) ;
#483 = CIRCLE ( 'NONE', #1908, 27.50000000000000000 ) ;
#484 = CARTESIAN_POINT ( 'NONE',  ( 35.94944767585180000, -26.03646818779383300, -49.01420219610665200 ) ) ;
#485 = VECTOR ( 'NONE', #2558, 1000.000000000000000 ) ;
#486 = VERTEX_POINT ( 'NONE', #1470 ) ;
#487 = DIRECTION ( 'NONE',  ( 0.0000000000000000000, -1.000000000000000000, 0.0000000000000000000 ) ) ;
#488 = LINE ( 'NONE', #3047, #506 ) ;
#489 = DIRECTION ( 'NONE',  ( 0.0000000000000000000, 0.8660254037844387100, -0.4999999999999998900 ) ) ;
#490 = CARTESIAN_POINT ( 'NONE',  ( 35.88373007700262500, -26.21456394529963100, -48.91920309707848000 ) ) ;
#491 = VECTOR ( 'NONE', #2859, 1000.000000000000000 ) ;
#492 = CARTESIAN_POINT ( 'NONE',  ( 35.71897710225216100, -26.75407852500491400, -48.62752780328779800 ) ) ;
#493 = CIRCLE ( 'NONE', #411, 27.50000000000000000 ) ;
#494 = LINE ( 'NONE', #2638, #491 ) ;
#495 = CARTESIAN_POINT ( 'NONE',  ( 35.65194180337842100, -27.12157066079322800, -48.42369806429367400 ) ) ;
#496 = CIRCLE ( 'NONE', #746, 6.000000000000000000 ) ;
#497 = VECTOR ( 'NONE', #2557, 1000.000000000000000 ) ;
#498 = CARTESIAN_POINT ( 'NONE',  ( 13.61999076936058600, 57.76701921105031100, 53.64281786661481300 ) ) ;
#499 = DIRECTION ( 'NONE',  ( 0.0000000000000000000, -0.4999999999999998900, -0.8660254037844387100 ) ) ;
#500 = LINE ( 'NONE', #2821, #497 ) ;
#501 = CARTESIAN_POINT ( 'NONE',  ( 35.60944695376463900, -27.86706740452724100, -47.99854876558053000 ) ) ;
#502 = CIRCLE ( 'NONE', #2625, 27.49999999999999600 ) ;
#503 = CARTESIAN_POINT ( 'NONE',  ( 37.54283710252626300, -23.80924567352231200, -50.13426600720681800 ) ) ;
#504 = PLANE ( 'NONE',  #6 ) ;
#505 = B_SPLINE_CURVE_WITH_KNOTS ( 'NONE', 3,
 ( #2961, #2976, #2950, #2941, #2940, #2934, #2932, #2927, #2922, #2921, #2915, #2893, #2891, #2890, #2887, #2881, #2880, #2872, #2871, #2870, #2866, #2852, #2850, #2843, #2841, #2837, #2835, #2834, #2828, #2822, #2809, #2806 ),
 .UNSPECIFIED., .T., .F.,
 ( 4, 2, 2, 2, 2, 2, 2, 2, 2, 2, 2, 2, 2, 2, 2, 4 ),
 ( 0.0000000000000000000, 0.0003634793784727068900, 0.0007269587569454137800, 0.001090438135418120700, 0.001453917513890827600, 0.001817396892363534400, 0.002180876270836241400, 0.002544355649308948100, 0.002907835027781655100, 0.003271314406254361700, 0.003634793784727068800, 0.003998273163199775800, 0.004361752541672482900, 0.004725231920145189100, 0.005088711298617896100, 0.005815670055563325900 ),
 .UNSPECIFIED. ) ;
#506 = VECTOR ( 'NONE', #2586, 1000.000000000000000 ) ;
#507 = B_SPLINE_CURVE_WITH_KNOTS ( 'NONE', 3,
 ( #2519, #2523, #2484, #2478 ),
 .UNSPECIFIED., .F., .F.,
 ( 4, 4 ),
 ( 0.1909655316123846600, 0.1913044665075904500 ),
 .UNSPECIFIED. ) ;
#508 = EDGE_CURVE ( 'E1015', #2247, #1994, #706, .T. ) ;
#509 = CARTESIAN_POINT ( 'NONE',  ( 35.63438342123788500, -28.23535612465506600, -47.78278300667567200 ) ) ;
#510 = VECTOR ( 'NONE', #2360, 1000.000000000000000 ) ;
#511 = CARTESIAN_POINT ( 'NONE',  ( 35.70529208726181000, -28.59864104124705600, -47.56435357065100800 ) ) ;
#512 = LINE ( 'NONE', #2400, #510 ) ;
#513 = VERTEX_POINT ( 'NONE', #1628 ) ;
#514 = FACE_BOUND ( 'NONE', #1116, .T. ) ;
#515 = EDGE_CURVE ( 'NONE', #3028, #3028, #712, .T. ) ;
#516 = FACE_OUTER_BOUND ( 'NONE', #1011, .T. ) ;
#517 = CARTESIAN_POINT ( 'NONE',  ( 37.30917588992793600, 55.34142786571519000, -4.192417194816473900 ) ) ;
#518 = CARTESIAN_POINT ( 'NONE',  ( 37.60266144570699300, 55.31774943578940200, -4.504981059723110800 ) ) ;
#519 = CIRCLE ( 'NONE', #981, 102.5000000000000000 ) ;
#520 = SPHERICAL_SURFACE ( 'NONE', #1998, 80.00000000000000000 ) ;
#521 = CARTESIAN_POINT ( 'NONE',  ( 37.92265471886663900, 55.29398419922665700, -4.784048607015758800 ) ) ;
#522 = CARTESIAN_POINT ( 'NONE',  ( 38.61263810353356300, 55.24890513250883800, -5.279232080298534400 ) ) ;
#523 = CARTESIAN_POINT ( 'NONE',  ( 37.24021975498618500, -24.08909504842130600, -50.00075511735772000 ) ) ;
#524 = VECTOR ( 'NONE', #2568, 1000.000000000000000 ) ;
#525 = CARTESIAN_POINT ( 'NONE',  ( 36.91090348588772900, 44.92237635485756900, -2.666903506925453600 ) ) ;
#526 = EDGE_CURVE ( 'NONE', #2029, #2029, #2793, .T. ) ;
#527 = LINE ( 'NONE', #2415, #524 ) ;
#528 = CARTESIAN_POINT ( 'NONE',  ( 39.75606641393834900, 55.19084719992302000, -5.852560018990790700 ) ) ;
#529 = CIRCLE ( 'NONE', #2080, 100.4134574310180000 ) ;
#530 = CARTESIAN_POINT ( 'NONE',  ( 11.11299237159829400, -39.36171863603302500, -68.75442696539639100 ) ) ;
#531 = VECTOR ( 'NONE', #2397, 1000.000000000000000 ) ;
#532 = LINE ( 'NONE', #2403, #531 ) ;
#533 = CARTESIAN_POINT ( 'NONE',  ( 11.26008765903871600, -33.79762568392872200, -59.67534299812398800 ) ) ;
#534 = DIRECTION ( 'NONE',  ( 0.0000000000000000000, 1.000000000000000000, 0.0000000000000000000 ) ) ;
#535 = CARTESIAN_POINT ( 'NONE',  ( 45.76410161513780400, -26.43750000000000000, -45.79109322510220200 ) ) ;
#536 = CIRCLE ( 'NONE', #1221, 92.25000000000000000 ) ;
#537 = AXIS2_PLACEMENT_3D ( 'NONE', #2222, #1529, #1528 ) ;
#538 = LINE ( 'NONE', #2472, #550 ) ;
#539 = CARTESIAN_POINT ( 'NONE',  ( 40.15508548375048300, 55.17546292374898800, -5.994121059488279000 ) ) ;
#540 = CARTESIAN_POINT ( 'NONE',  ( 40.77449010941258200, 55.15802030938898800, -6.151877321637803300 ) ) ;
#541 = PLANE ( 'NONE',  #2549 ) ;
#542 = VECTOR ( 'NONE', #2483, 1000.000000000000100 ) ;
#543 = CARTESIAN_POINT ( 'NONE',  ( 40.98537409035297700, 55.15313573273890300, -6.195381676353576900 ) ) ;
#544 = VERTEX_POINT ( 'NONE', #1561 ) ;
#545 = VECTOR ( 'NONE', #2477, 1000.000000000000000 ) ;
#546 = CARTESIAN_POINT ( 'NONE',  ( 41.40648823983131200, 55.14557271239564800, -6.262343450458599700 ) ) ;
#547 = CARTESIAN_POINT ( 'NONE',  ( 38.64015623242779900, 44.74692889523900200, -4.770833212584252100 ) ) ;
#548 = DIRECTION ( 'NONE',  ( 0.0000000000000000000, 1.000000000000000000, 0.0000000000000000000 ) ) ;
#549 = AXIS2_PLACEMENT_3D ( 'NONE', #2607, #466, #1707 ) ;
#550 = VECTOR ( 'NONE', #2501, 1000.000000000000000 ) ;
#551 = CARTESIAN_POINT ( 'NONE',  ( 41.61739726723337200, 55.14286602257446600, -6.286058424533721700 ) ) ;
#552 = DIRECTION ( 'NONE',  ( 0.0000000000000000000, 0.0000000000000000000, 1.000000000000000000 ) ) ;
#553 = LINE ( 'NONE', #2534, #542 ) ;
#554 = CARTESIAN_POINT ( 'NONE',  ( 42.25115567493389800, 55.13800552150104300, -6.328598732098209100 ) ) ;
#555 = VECTOR ( 'NONE', #2522, 1000.000000000000100 ) ;
#556 = LINE ( 'NONE', #2491, #545 ) ;
#557 = CARTESIAN_POINT ( 'NONE',  ( 42.67502709924647100, 55.13911159354832100, -6.319080221906773400 ) ) ;
#558 = DIRECTION ( 'NONE',  ( 0.0000000000000000000, 0.0000000000000000000, -1.000000000000000000 ) ) ;
#559 = VECTOR ( 'NONE', #2528, 1000.000000000000000 ) ;
#560 = CARTESIAN_POINT ( 'NONE',  ( 43.52559488946684500, 55.15018633217462000, -6.221683831816461600 ) ) ;
#561 = CARTESIAN_POINT ( 'NONE',  ( -41.00000000000000000, 0.0000000000000000000, 0.0000000000000000000 ) ) ;
#562 = LINE ( 'NONE', #2532, #559 ) ;
#563 = CARTESIAN_POINT ( 'NONE',  ( 43.94322250207383000, 55.16007287749991400, -6.134476057269084000 ) ) ;
#564 = LINE ( 'NONE', #2562, #555 ) ;
#565 = CARTESIAN_POINT ( 'NONE',  ( 44.75187403159893800, 55.18698533826332700, -5.887451538876321800 ) ) ;
#566 = CARTESIAN_POINT ( 'NONE',  ( -19.30000000000000100, -132.5000000000000000, -27.50000000000000000 ) ) ;
#567 = CARTESIAN_POINT ( 'NONE',  ( 45.14637197112389800, 55.20412323266119600, -5.726646039687420100 ) ) ;
#568 = CC_DESIGN_DATE_AND_TIME_ASSIGNMENT ( #1611, #1315, ( #1357 ) ) ;
#569 = CARTESIAN_POINT ( 'NONE',  ( -17.00000000000000000, 96.57438808116189900, 27.50000000000000000 ) ) ;
#570 = CIRCLE ( 'NONE', #215, 55.50000000000000000 ) ;
#571 = CARTESIAN_POINT ( 'NONE',  ( 45.90471307002158600, 55.24381621019427500, -5.330147022830245400 ) ) ;
#572 = TOROIDAL_SURFACE ( 'NONE', #478, 77.36904887319150200, 1.850000000000000100 ) ;
#573 = CIRCLE ( 'NONE', #2814, 6.000000000000002700 ) ;
#574 = DIRECTION ( 'NONE',  ( -1.000000000000000000, 0.0000000000000000000, 0.0000000000000000000 ) ) ;
#575 = EDGE_CURVE ( 'NONE', #2131, #2131, #694, .T. ) ;
#576 = FACE_OUTER_BOUND ( 'NONE', #2630, .T. ) ;
#577 = CARTESIAN_POINT ( 'NONE',  ( 46.25949786781748000, 55.26584970080229900, -5.099545076086458000 ) ) ;
#578 = CARTESIAN_POINT ( 'NONE',  ( 28.00000000000000000, 132.5000000000000000, -3.949355491077164300E-015 ) ) ;
#579 = EDGE_CURVE ( 'NONE', #513, #513, #689, .T. ) ;
#580 = CARTESIAN_POINT ( 'NONE',  ( 46.75558275755131600, 55.30031394925997300, -4.705598038183877600 ) ) ;
#581 = VECTOR ( 'NONE', #2962, 1000.000000000000000 ) ;
#582 = FACE_OUTER_BOUND ( 'NONE', #1884, .T. ) ;
#583 = CARTESIAN_POINT ( 'NONE',  ( 46.91488706853932900, 55.31203861016661000, -4.566219120431509500 ) ) ;
#584 = CARTESIAN_POINT ( 'NONE',  ( -17.00000000000000000, -132.5000000000000000, 27.50000000000000000 ) ) ;
#585 = CARTESIAN_POINT ( 'NONE',  ( 47.22092596918068400, 55.33564041988091700, -4.270699192169269400 ) ) ;
#586 = VERTEX_POINT ( 'NONE', #1696 ) ;
#587 = VECTOR ( 'NONE', #2762, 1000.000000000000000 ) ;
#588 = CIRCLE ( 'NONE', #2176, 5.323399999999999500 ) ;
#589 = CARTESIAN_POINT ( 'NONE',  ( 47.36829462055459300, 55.34757491703437200, -4.113687999355825300 ) ) ;
#590 = CARTESIAN_POINT ( 'NONE',  ( 47.78150304696249200, 55.38233020516421600, -3.626763523758048400 ) ) ;
#591 = CARTESIAN_POINT ( 'NONE',  ( 48.02139386660209700, 55.40429084727642800, -3.279119942614434200 ) ) ;
#592 = DIRECTION ( 'NONE',  ( -5.047700834310157500E-017, -0.5660377358490569200, 0.8243793311303196900 ) ) ;
#593 = LINE ( 'NONE', #2769, #587 ) ;
#594 = CARTESIAN_POINT ( 'NONE',  ( 48.42900784972722800, 55.44323045128926000, -2.536980294144267000 ) ) ;
#595 = CIRCLE ( 'NONE', #2671, 102.5000000000000000 ) ;
#596 = CARTESIAN_POINT ( 'NONE',  ( 48.59747438071925500, 55.46030115140078500, -2.137764851265421000 ) ) ;
#597 = CIRCLE ( 'NONE', #2271, 47.00000000000000000 ) ;
#598 = CARTESIAN_POINT ( 'NONE',  ( 48.84278427667811700, 55.48565299469368000, -1.325652335951912300 ) ) ;
#599 = DIRECTION ( 'NONE',  ( 0.0000000000000000000, 0.0000000000000000000, 1.000000000000000000 ) ) ;
#600 = VECTOR ( 'NONE', #2786, 1000.000000000000000 ) ;
#601 = EDGE_CURVE ( 'E355', #1320, #1588, #700, .T. ) ;
#602 = CARTESIAN_POINT ( 'NONE',  ( 48.92219300249026800, 55.49417151003101600, -0.9099903085990274100 ) ) ;
#603 = LINE ( 'NONE', #2817, #600 ) ;
#604 = LINE ( 'NONE', #2790, #614 ) ;
#605 = CIRCLE ( 'NONE', #2505, 102.5000000000000000 ) ;
#606 = CARTESIAN_POINT ( 'NONE',  ( 48.97423319183679500, 55.49974352889873300, -0.2715818717909809200 ) ) ;
#607 = DIRECTION ( 'NONE',  ( 0.0000000000000000000, -1.000000000000000000, 0.0000000000000000000 ) ) ;
#608 = VECTOR ( 'NONE', #2803, 1000.000000000000000 ) ;
#609 = CIRCLE ( 'NONE', #67, 88.00000000000000000 ) ;
#610 = VERTEX_POINT ( 'NONE', #1545 ) ;
#611 = CARTESIAN_POINT ( 'NONE',  ( 48.98014341013230700, 55.50038034678228600, -0.05583316898886449300 ) ) ;
#612 = CARTESIAN_POINT ( 'NONE',  ( 48.96891487797350400, 55.49917485321888900, 0.3700100149308944200 ) ) ;
#613 = VECTOR ( 'NONE', #2808, 1000.000000000000100 ) ;
#614 = VECTOR ( 'NONE', #2781, 1000.000000000000100 ) ;
#615 = VECTOR ( 'NONE', #2863, 1000.000000000000000 ) ;
#616 = CARTESIAN_POINT ( 'NONE',  ( 48.93498327605238500, 55.49552819141922600, 0.7928508829447872300 ) ) ;
#617 = LINE ( 'NONE', #2812, #613 ) ;
#618 = AXIS2_PLACEMENT_3D ( 'NONE', #2474, #2913, #87 ) ;
#619 = AXIS2_PLACEMENT_3D ( 'NONE', #2509, #2502, #2499 ) ;
#620 = CARTESIAN_POINT ( 'NONE',  ( -19.30000000000002200, 98.60876689569227000, 27.49999999999999600 ) ) ;
#621 = CARTESIAN_POINT ( 'NONE',  ( 48.85652008359029000, 55.48719894188889200, 1.209804226873672600 ) ) ;
#622 = LINE ( 'NONE', #2816, #615 ) ;
#623 = CARTESIAN_POINT ( 'NONE',  ( 48.75555019715660900, 55.47662750447168600, 1.623783672234255100 ) ) ;
#624 = VECTOR ( 'NONE', #2854, 1000.000000000000000 ) ;
#625 = CARTESIAN_POINT ( 'NONE',  ( 48.69334919618908900, 55.47017397104629300, 1.830344141178097600 ) ) ;
#626 = LINE ( 'NONE', #2919, #647 ) ;
#627 = CARTESIAN_POINT ( 'NONE',  ( 48.47665337850447300, 55.44811744629864600, 2.432634759805935200 ) ) ;
#628 = EDGE_CURVE ( 'E754', #1457, #1125, #686, .T. ) ;
#629 = VERTEX_POINT ( 'NONE', #1586 ) ;
#630 = CONICAL_SURFACE ( 'NONE', #919, 6.000000000000000000, 0.7853981633974503900 ) ;
#631 = CARTESIAN_POINT ( 'NONE',  ( -17.60370390153563500, 96.60899773397413500, 27.49999999999999300 ) ) ;
#632 = CARTESIAN_POINT ( 'NONE',  ( 48.29216590024434200, 55.42979932867785200, 2.814052334590150000 ) ) ;
#633 = VERTEX_POINT ( 'NONE', #1575 ) ;
#634 = CIRCLE ( 'NONE', #3046, 55.50000000000000000 ) ;
#635 = CARTESIAN_POINT ( 'NONE',  ( 47.95760169826736100, 55.39866533688871200, 3.357195992376603500 ) ) ;
#636 = LINE ( 'NONE', #2923, #649 ) ;
#637 = AXIS2_PLACEMENT_3D ( 'NONE', #2862, #711, #2183 ) ;
#638 = CARTESIAN_POINT ( 'NONE',  ( 47.83563024877065600, 55.38761317459110200, 3.534285139827200200 ) ) ;
#639 = AXIS2_PLACEMENT_3D ( 'NONE', #1476, #1437, #1511 ) ;
#640 = CARTESIAN_POINT ( 'NONE',  ( 38.33821430333772200, 44.77298077759552100, -4.522964827694189600 ) ) ;
#641 = FACE_BOUND ( 'NONE', #1583, .T. ) ;
#642 = CARTESIAN_POINT ( 'NONE',  ( 47.57584900563758600, 55.36493710437081000, 3.873319513906071900 ) ) ;
#643 = CARTESIAN_POINT ( 'NONE',  ( 12.21025175774116700, 58.61269664102991300, 53.06172393203926400 ) ) ;
#644 = DIRECTION ( 'NONE',  ( 1.000000000000000000, 0.0000000000000000000, 0.0000000000000000000 ) ) ;
#645 = FACE_OUTER_BOUND ( 'NONE', #2141, .T. ) ;
#646 = CARTESIAN_POINT ( 'NONE',  ( 47.43830119713151600, 55.35333232880930200, 4.035171349841541600 ) ) ;
#647 = VECTOR ( 'NONE', #2845, 1000.000000000000100 ) ;
#648 = APPROVAL_PERSON_ORGANIZATION ( #1398, #2138, #1323 ) ;
#649 = VECTOR ( 'NONE', #2926, 1000.000000000000100 ) ;
#650 = CARTESIAN_POINT ( 'NONE',  ( 47.00359410829506900, 55.31824228052325100, 4.498677794426930300 ) ) ;
#651 = VECTOR ( 'NONE', #1383, 1000.000000000000000 ) ;
#652 = CARTESIAN_POINT ( 'NONE',  ( 46.68407644904439000, 55.29444508662329800, 4.778849890620848300 ) ) ;
#653 = CARTESIAN_POINT ( 'NONE',  ( -19.30000000000000100, 58.01886792452830100, 84.49888144085780100 ) ) ;
#654 = LINE ( 'NONE', #2886, #624 ) ;
#655 = CARTESIAN_POINT ( 'NONE',  ( 48.14583397620259600, 44.97968777411855300, 1.365731324226912200 ) ) ;
#656 = ORIENTED_CLOSED_SHELL ( 'NONE', *, #2402, .F. );
#657 = CARTESIAN_POINT ( 'NONE',  ( 45.98814563644766900, 55.24893544755018800, 5.279033588367991700 ) ) ;
#658 = CARTESIAN_POINT ( 'NONE',  ( 11.57093829519386000, 69.39114224090279500, 69.65620513121028500 ) ) ;
#659 = VECTOR ( 'NONE', #1344, 1000.000000000000100 ) ;
#660 = EDGE_CURVE ( 'E967', #826, #1101, #693, .T. ) ;
#661 = LINE ( 'NONE', #2820, #608 ) ;
#662 = CARTESIAN_POINT ( 'NONE',  ( 45.62151227072234900, 55.22787495547940800, 5.492175268821466000 ) ) ;
#663 = CARTESIAN_POINT ( 'NONE',  ( 45.04514580881179600, 55.20039020175148200, 5.759770993256592100 ) ) ;
#664 = CIRCLE ( 'NONE', #2221, 12.50000000000000000 ) ;
#665 = CARTESIAN_POINT ( 'NONE',  ( 11.57093829519386000, 69.39114224090279500, 69.65620513121028500 ) ) ;
#666 = LINE ( 'NONE', #1229, #659 ) ;
#667 = CIRCLE ( 'NONE', #279, 55.50000000000000000 ) ;
#668 = VECTOR ( 'NONE', #1235, 1000.000000000000100 ) ;
#669 = CARTESIAN_POINT ( 'NONE',  ( 12.82955931873313700, -39.11213849219038300, -68.59779708552403600 ) ) ;
#670 = CC_DESIGN_DATE_AND_TIME_ASSIGNMENT ( #2507, #1287, ( #2904 ) ) ;
#671 = CARTESIAN_POINT ( 'NONE',  ( 44.84858723512751100, 55.19191115697246600, 5.840216280174122000 ) ) ;
#672 = LINE ( 'NONE', #1337, #651 ) ;
#673 = CARTESIAN_POINT ( 'NONE',  ( -41.00000000000000000, 132.5000000000000000, 0.0000000000000000000 ) ) ;
#674 = CIRCLE ( 'NONE', #120, 102.5000000000000000 ) ;
#675 = VECTOR ( 'NONE', #1062, 1000.000000000000000 ) ;
#676 = EDGE_CURVE ( 'NONE', #1514, #1514, #679, .T. ) ;
#677 = CARTESIAN_POINT ( 'NONE',  ( 44.44647778142117300, 55.17657337619565500, 5.983388155522710900 ) ) ;
#678 = AXIS2_PLACEMENT_3D ( 'NONE', #2394, #2411, #3012 ) ;
#679 = CIRCLE ( 'NONE', #2637, 12.50000000000000000 ) ;
#680 = CARTESIAN_POINT ( 'NONE',  ( 44.24058773160349000, 55.16971680474260600, 6.046085519692648600 ) ) ;
#681 = EDGE_CURVE ( 'NONE', #2614, #2614, #1000, .T. ) ;
#682 = LINE ( 'NONE', #1075, #668 ) ;
#683 = VECTOR ( 'NONE', #1048, 1000.000000000000000 ) ;
#684 = VECTOR ( 'NONE', #1133, 1000.000000000000000 ) ;
#685 = DIRECTION ( 'NONE',  ( 0.0000000000000000000, 0.0000000000000000000, 1.000000000000000000 ) ) ;
#686 = LINE ( 'NONE', #1052, #684 ) ;
#687 = EDGE_CURVE ( 'E240', #2947, #1932, #682, .T. ) ;
#688 = CARTESIAN_POINT ( 'NONE',  ( 43.62169186667119900, 55.15226529929832800, 6.203937625698102900 ) ) ;
#689 = CIRCLE ( 'NONE', #2760, 77.83154887319149400 ) ;
#690 = CARTESIAN_POINT ( 'NONE',  ( 43.20352392755541600, 55.14461967258775100, 6.270707331472615400 ) ) ;
#691 = CARTESIAN_POINT ( 'NONE',  ( 39.64863835280400700, 44.67661391413629700, -5.385984848580885200 ) ) ;
#692 = VERTEX_POINT ( 'NONE', #1537 ) ;
#693 = LINE ( 'NONE', #1002, #675 ) ;
#694 = CIRCLE ( 'NONE', #304, 97.94827517685409600 ) ;
#695 = EDGE_CURVE ( 'NONE', #713, #713, #667, .T. ) ;
#696 = CARTESIAN_POINT ( 'NONE',  ( 42.35622141224459400, 55.13800394761946000, 6.328615167920689900 ) ) ;
#697 = CARTESIAN_POINT ( 'NONE',  ( -39.69999999999999600, 0.0000000000000000000, 0.0000000000000000000 ) ) ;
#698 = AXIS2_PLACEMENT_3D ( 'NONE', #2651, #2639, #2629 ) ;
#699 = FACE_BOUND ( 'NONE', #1110, .T. ) ;
#700 = LINE ( 'NONE', #830, #683 ) ;
#701 = EDGE_CURVE ( 'NONE', #629, #629, #664, .T. ) ;
#702 = LINE ( 'NONE', #1589, #724 ) ;
#703 = CARTESIAN_POINT ( 'NONE',  ( -18.34562441039491900, 96.92572780719029900, -27.50000000000000400 ) ) ;
#704 = CARTESIAN_POINT ( 'NONE',  ( 41.92386615686414300, 55.13914361195941200, 6.318796355048809800 ) ) ;
#705 = FACE_OUTER_BOUND ( 'NONE', #2235, .T. ) ;
#706 = LINE ( 'NONE', #828, #728 ) ;
#707 = EDGE_CURVE ( 'E892', #826, #1830, #666, .T. ) ;
#708 = DIRECTION ( 'NONE',  ( 0.0000000000000000000, 1.000000000000000000, 0.0000000000000000000 ) ) ;
#709 = CARTESIAN_POINT ( 'NONE',  ( 41.08063209025822700, 55.15008775280550400, 6.222553052784302700 ) ) ;
#710 = CARTESIAN_POINT ( 'NONE',  ( 40.66627181700148000, 55.15980244192109400, 6.136914467139750000 ) ) ;
#711 = DIRECTION ( 'NONE',  ( -1.000000000000000000, 0.0000000000000000000, 0.0000000000000000000 ) ) ;
#712 = CIRCLE ( 'NONE', #1577, 55.50000000000000000 ) ;
#713 = VERTEX_POINT ( 'NONE', #1595 ) ;
#714 = CIRCLE ( 'NONE', #537, 6.000000000000000000 ) ;
#715 = CARTESIAN_POINT ( 'NONE',  ( -39.69999999999999600, 47.00000000000000000, 0.0000000000000000000 ) ) ;
#716 = EDGE_CURVE ( 'E214', #869, #1932, #674, .T. ) ;
#717 = VECTOR ( 'NONE', #308, 1000.000000000000000 ) ;
#718 = CARTESIAN_POINT ( 'NONE',  ( 40.05580516817260400, 55.18005143498638200, 5.951117944087973100 ) ) ;
#719 = CARTESIAN_POINT ( 'NONE',  ( -17.00000000000000000, 0.0000000000000000000, -27.50000000000000000 ) ) ;
#720 = PERSON_AND_ORGANIZATION ( #2326, #2749 ) ;
#721 = CARTESIAN_POINT ( 'NONE',  ( 45.47504230543871300, 44.71078947082394700, -5.094826197597314800 ) ) ;
#722 = CIRCLE ( 'NONE', #2302, 5.323399999999999500 ) ;
#723 = CARTESIAN_POINT ( 'NONE',  ( -40.00000000000000000, -148.0660377358489900, -22.67043160608379900 ) ) ;
#724 = VECTOR ( 'NONE', #827, 1000.000000000000000 ) ;
#725 = CONICAL_SURFACE ( 'NONE', #2129, 5.323399999999999500, 0.7853981633974490600 ) ;
#726 = CARTESIAN_POINT ( 'NONE',  ( 39.85311552909271200, 55.18779590780669500, 5.879096905999969800 ) ) ;
#727 = DIRECTION ( 'NONE',  ( 1.000000000000000000, 0.0000000000000000000, 6.409875621278550000E-016 ) ) ;
#728 = VECTOR ( 'NONE', #823, 1000.000000000000000 ) ;
#729 = LINE ( 'NONE', #80, #731 ) ;
#730 = DIRECTION ( 'NONE',  ( 0.0000000000000000000, 0.0000000000000000000, -1.000000000000000000 ) ) ;
#731 = VECTOR ( 'NONE', #281, 1000.000000000000000 ) ;
#732 = CARTESIAN_POINT ( 'NONE',  ( 39.45796895179771000, 55.20476785234308200, 5.717534780022862900 ) ) ;
#733 = DIRECTION ( 'NONE',  ( 0.0000000000000000000, -0.4999999999999998900, -0.8660254037844387100 ) ) ;
#734 = ORIENTED_EDGE ( 'NONE', *, *, #1549, .F. ) ;
#735 = CARTESIAN_POINT ( 'NONE',  ( 39.26548451124229200, 55.21398183717143100, 5.628133555708010300 ) ) ;
#736 = DIRECTION ( 'NONE',  ( -1.000000000000000000, 0.0000000000000000000, 0.0000000000000000000 ) ) ;
#737 = CALENDAR_DATE ( 2019, 8, 3 ) ;
#738 = LINE ( 'NONE', #30, #1053 ) ;
#739 = CARTESIAN_POINT ( 'NONE',  ( 38.70303534600181900, 55.24338929906696900, 5.334477415573899400 ) ) ;
#740 = EDGE_CURVE ( 'E334', #1032, #1139, #672, .T. ) ;
#741 = CARTESIAN_POINT ( 'NONE',  ( 38.34792555349689300, 55.26535512663922100, 5.105025505354849900 ) ) ;
#742 = CARTESIAN_POINT ( 'NONE',  ( -17.86385096440764600, -96.69026638923114100, 27.49999999999999600 ) ) ;
#743 = LINE ( 'NONE', #2089, #754 ) ;
#744 = CARTESIAN_POINT ( 'NONE',  ( 37.84658967189111000, 55.30015263560984100, 4.707526861231969800 ) ) ;
#745 = LINE ( 'NONE', #39, #854 ) ;
#746 = AXIS2_PLACEMENT_3D ( 'NONE', #327, #1254, #2283 ) ;
#747 = CARTESIAN_POINT ( 'NONE',  ( 37.68470913813703000, 55.31206922353127500, 4.565842816108782300 ) ) ;
#748 = VECTOR ( 'NONE', #1096, 1000.000000000000100 ) ;
#749 = CARTESIAN_POINT ( 'NONE',  ( 15.10731983778013400, 71.92672898254613800, 67.40557639301187000 ) ) ;
#750 = VERTEX_POINT ( 'NONE', #1526 ) ;
#751 = EDGE_CURVE ( 'NONE', #1874, #1874, #1903, .T. ) ;
#752 = CARTESIAN_POINT ( 'NONE',  ( 37.37904577468431500, 55.33564312704295700, 4.270658277908905700 ) ) ;
#753 = CARTESIAN_POINT ( 'NONE',  ( 44.03205080756889300, 52.87500000000000000, -3.000000000000000000 ) ) ;
#754 = VECTOR ( 'NONE', #21, 1000.000000000000100 ) ;
#755 = CARTESIAN_POINT ( 'NONE',  ( 37.23426962009806100, 55.34736707864128400, 4.116426380360991300 ) ) ;
#756 = VERTEX_POINT ( 'NONE', #1717 ) ;
#757 = CARTESIAN_POINT ( 'NONE',  ( -40.00000000000000000, 0.0000000000000000000, 0.0000000000000000000 ) ) ;
#758 = CIRCLE ( 'NONE', #1162, 55.50000000000000000 ) ;
#759 = AXIS2_PLACEMENT_3D ( 'NONE', #973, #2267, #2861 ) ;
#760 = CARTESIAN_POINT ( 'NONE',  ( 36.82403095560894000, 55.38184935378833300, 3.633840514589313600 ) ) ;
#761 = CIRCLE ( 'NONE', #2980, 27.50000000000000000 ) ;
#762 = CARTESIAN_POINT ( 'NONE',  ( -17.33833542942290200, 96.59453773563819800, -27.50000000000000000 ) ) ;
#763 = ADVANCED_FACE ( 'E1311', ( #645, #641 ), #630, .F. ) ;
#764 = CIRCLE ( 'NONE', #448, 4.458749999999993100 ) ;
#765 = CARTESIAN_POINT ( 'NONE',  ( 36.58194137052628000, 55.40397420548291800, 3.285012186399288500 ) ) ;
#766 = LINE ( 'NONE', #376, #748 ) ;
#767 = CIRCLE ( 'NONE', #2844, 27.49999999999999600 ) ;
#768 = CARTESIAN_POINT ( 'NONE',  ( 36.16886362419136700, 55.44343182102753100, 2.533284574160090700 ) ) ;
#769 = CARTESIAN_POINT ( 'NONE',  ( 36.00451194059473200, 55.46009948064151700, 2.142782451283315100 ) ) ;
#770 = ORIENTED_EDGE ( 'NONE', *, *, #2764, .F. ) ;
#771 = CARTESIAN_POINT ( 'NONE',  ( 35.82032689493785700, 55.47912893201568400, 1.535347095554676600 ) ) ;
#772 = ORIENTED_EDGE ( 'NONE', *, *, #695, .T. ) ;
#773 = DIRECTION ( 'NONE',  ( -1.000000000000000000, 0.0000000000000000000, 0.0000000000000000000 ) ) ;
#774 = CARTESIAN_POINT ( 'NONE',  ( 35.76939903795785400, 55.48447736849593100, 1.329228534079435000 ) ) ;
#775 = EDGE_LOOP ( 'NONE', ( #1551 ) ) ;
#776 = ORIENTED_EDGE ( 'NONE', *, *, #695, .F. ) ;
#777 = CARTESIAN_POINT ( 'NONE',  ( 35.68929365624289600, 55.49294576189144800, 0.9094218046220486900 ) ) ;
#778 = EDGE_CURVE ( 'E108', #1896, #1123, #636, .T. ) ;
#779 = CARTESIAN_POINT ( 'NONE',  ( 35.66030521726970200, 55.49604543157759900, 0.6956753228488207200 ) ) ;
#780 = VERTEX_POINT ( 'NONE', #2933 ) ;
#781 = CARTESIAN_POINT ( 'NONE',  ( 35.60851350585291900, 55.50159090433739100, 0.05914289268793563500 ) ) ;
#782 = AXIS2_PLACEMENT_3D ( 'NONE', #900, #592, #2493 ) ;
#783 = AXIS2_PLACEMENT_3D ( 'NONE', #1300, #154, #1042 ) ;
#784 = ORIENTED_EDGE ( 'NONE', *, *, #986, .F. ) ;
#785 = CARTESIAN_POINT ( 'NONE',  ( 35.61931966341933300, 55.50041342642109000, -0.3643397852341028800 ) ) ;
#786 = ORIENTED_EDGE ( 'NONE', *, *, #2599, .F. ) ;
#787 = VERTEX_POINT ( 'NONE', #1485 ) ;
#788 = CARTESIAN_POINT ( 'NONE',  ( 35.70367767425815900, 55.49142411159125000, -0.9982527551679091200 ) ) ;
#789 = CARTESIAN_POINT ( 'NONE',  ( 35.74359521597877200, 55.48718668087045100, -1.210426990780628400 ) ) ;
#790 = DIRECTION ( 'NONE',  ( -0.4999999999999998900, 0.0000000000000000000, -0.8660254037844387100 ) ) ;
#791 = ORIENTED_EDGE ( 'NONE', *, *, #2764, .T. ) ;
#792 = CARTESIAN_POINT ( 'NONE',  ( 35.84481086690902200, 55.47658989162805200, -1.625113304937979100 ) ) ;
#793 = AXIS2_PLACEMENT_3D ( 'NONE', #2457, #2455, #2453 ) ;
#794 = ORIENTED_EDGE ( 'NONE', *, *, #384, .F. ) ;
#795 = CARTESIAN_POINT ( 'NONE',  ( 35.90609659888546900, 55.47023169027302500, -1.828451004017531700 ) ) ;
#796 = ORIENTED_EDGE ( 'NONE', *, *, #3019, .F. ) ;
#797 = CARTESIAN_POINT ( 'NONE',  ( 28.00000000000000000, -148.0660377358489900, -22.67043160608379900 ) ) ;
#798 = EDGE_LOOP ( 'NONE', ( #2600 ) ) ;
#799 = CARTESIAN_POINT ( 'NONE',  ( 36.04936952853736900, 55.45564596454660500, -2.227367841540035100 ) ) ;
#800 = CARTESIAN_POINT ( 'NONE',  ( 36.13135830456317900, 55.44741800707964100, -2.422946377628130100 ) ) ;
#801 = DIRECTION ( 'NONE',  ( 1.000000000000000000, 0.0000000000000000000, 0.0000000000000000000 ) ) ;
#802 = CARTESIAN_POINT ( 'NONE',  ( 45.76410161513780400, 52.87500000000000000, 8.856942790711678800E-016 ) ) ;
#803 = EDGE_CURVE ( 'NONE', #633, #633, #634, .T. ) ;
#804 = ORIENTED_EDGE ( 'NONE', *, *, #1711, .T. ) ;
#805 = ORIENTED_EDGE ( 'NONE', *, *, #628, .T. ) ;
#806 = CARTESIAN_POINT ( 'NONE',  ( 36.31602722494905300, 55.42933509872891300, -2.806357659582180600 ) ) ;
#807 = B_SPLINE_CURVE_WITH_KNOTS ( 'NONE', 3,
 ( #2396, #2381, #2380, #2377, #2376, #2372, #2368, #2366, #2363, #2361, #2359, #2357, #2355, #2353, #2344, #2340, #2337, #2332, #2331, #2330, #2327, #2314, #2310, #2306, #2300, #2296, #2292, #2289, #2282, #2280, #2279, #2275 ),
 .UNSPECIFIED., .T., .F.,
 ( 4, 2, 2, 2, 2, 2, 2, 2, 2, 2, 2, 2, 2, 2, 2, 4 ),
 ( 0.0000000000000000000, 0.0003614598959430404200, 0.0007229197918860808300, 0.001084379687829121200, 0.001445839583772161700, 0.001807299479715201900, 0.002168759375658242500, 0.002530219271601282900, 0.002891679167544323300, 0.003253139063487363700, 0.003614598959430403700, 0.003976058855373444100, 0.004337518751316485000, 0.004698978647259525000, 0.005060438543202565800, 0.005783358335088650100 ),
 .UNSPECIFIED. ) ;
#808 = ORIENTED_EDGE ( 'NONE', *, *, #864, .T. ) ;
#809 = EDGE_LOOP ( 'NONE', ( #2754, #1106, #1296, #1697, #821 ) ) ;
#810 = CARTESIAN_POINT ( 'NONE',  ( 36.41928758900844800, 55.41942651386392500, -2.995069502777347300 ) ) ;
#811 = DIRECTION ( 'NONE',  ( -0.06162841671621956800, -0.7044160264027585800, 0.7071067811865475700 ) ) ;
#812 = VERTEX_POINT ( 'NONE', #2905 ) ;
#813 = CARTESIAN_POINT ( 'NONE',  ( 36.75597887814903000, 55.38809800045358100, -3.541427071149873200 ) ) ;
#814 = AXIS2_PLACEMENT_3D ( 'NONE', #2681, #2648, #2643 ) ;
#815 = CALENDAR_DATE ( 2019, 8, 3 ) ;
#816 = CARTESIAN_POINT ( 'NONE',  ( 37.01569033414890700, 55.36510629564099200, -3.879853329909857400 ) ) ;
#817 = PERSON_AND_ORGANIZATION ( #2326, #2749 ) ;
#818 = ORIENTED_EDGE ( 'NONE', *, *, #681, .F. ) ;
#819 = EDGE_CURVE ( 'E361', #780, #1622, #654, .T. ) ;
#820 = CARTESIAN_POINT ( 'NONE',  ( 37.30917588992793600, 55.34142786571519000, -4.192417194816473900 ) ) ;
#821 = ORIENTED_EDGE ( 'NONE', *, *, #1603, .F. ) ;
#822 = EDGE_CURVE ( 'E931', #1481, #2640, #626, .T. ) ;
#823 = DIRECTION ( 'NONE',  ( 1.000000000000000000, 5.551115123125780700E-016, -3.204937810639275000E-016 ) ) ;
#824 = ORIENTED_EDGE ( 'NONE', *, *, #3019, .T. ) ;
#825 = CARTESIAN_POINT ( 'NONE',  ( 12.52918047607751400, -40.16994927575627400, -68.03976566719879300 ) ) ;
#826 = VERTEX_POINT ( 'NONE', #2838 ) ;
#827 = DIRECTION ( 'NONE',  ( -1.000000000000000000, 0.0000000000000000000, -6.123031769111888800E-017 ) ) ;
#828 = CARTESIAN_POINT ( 'NONE',  ( 40.56794919243110100, -23.83942378864664800, -47.29109322510220200 ) ) ;
#829 = AXIS2_PLACEMENT_3D ( 'NONE', #2299, #2969, #875 ) ;
#830 = CARTESIAN_POINT ( 'NONE',  ( 28.00000000000000000, 58.01886792452830100, -84.49888144085780100 ) ) ;
#831 = PLANE ( 'NONE',  #1312 ) ;
#832 = CARTESIAN_POINT ( 'NONE',  ( -17.33833542942290200, 96.59453773563819800, 27.50000000000000000 ) ) ;
#833 = CARTESIAN_POINT ( 'NONE',  ( -17.33833542942290200, 0.0000000000000000000, 0.0000000000000000000 ) ) ;
#834 = ORIENTED_EDGE ( 'NONE', *, *, #2839, .T. ) ;
#835 = ORIENTED_EDGE ( 'NONE', *, *, #3048, .T. ) ;
#836 = ORIENTED_EDGE ( 'NONE', *, *, #681, .T. ) ;
#837 = ORIENTED_EDGE ( 'NONE', *, *, #2599, .T. ) ;
#838 = CARTESIAN_POINT ( 'NONE',  ( -17.00000000000000000, 132.5000000000000000, 27.50000000000000000 ) ) ;
#839 = VERTEX_POINT ( 'NONE', #2888 ) ;
#840 = PLANE ( 'NONE',  #2468 ) ;
#841 = CARTESIAN_POINT ( 'NONE',  ( 28.00000000000000000, 0.0000000000000000000, 4.163661602996085000E-015 ) ) ;
#842 = ORIENTED_EDGE ( 'NONE', *, *, #2358, .F. ) ;
#843 = ORIENTED_EDGE ( 'NONE', *, *, #687, .F. ) ;
#844 = CARTESIAN_POINT ( 'NONE',  ( 11.08234482814220600, -39.46837331594827000, -68.69820956147795200 ) ) ;
#845 = LINE ( 'NONE', #126, #717 ) ;
#846 = CARTESIAN_POINT ( 'NONE',  ( -6.540737725975570300, 0.0000000000000000000, 0.0000000000000000000 ) ) ;
#847 = EDGE_CURVE ( 'E427', #1293, #1442, #622, .T. ) ;
#848 = FACE_BOUND ( 'NONE', #1136, .T. ) ;
#849 = DIRECTION ( 'NONE',  ( -1.000000000000000000, -0.0000000000000000000, -0.0000000000000000000 ) ) ;
#850 = CARTESIAN_POINT ( 'NONE',  ( 42.44271456252325000, -33.04877327169175800, -44.58731746965391100 ) ) ;
#851 = CIRCLE ( 'NONE', #2104, 102.5000000000000000 ) ;
#852 = AXIS2_PLACEMENT_3D ( 'NONE', #1072, #1039, #1064 ) ;
#853 = DIRECTION ( 'NONE',  ( 0.0000000000000000000, 0.0000000000000000000, -1.000000000000000000 ) ) ;
#854 = VECTOR ( 'NONE', #58, 1000.000000000000000 ) ;
#855 = EDGE_CURVE ( 'E329', #1748, #1139, #617, .T. ) ;
#856 = CARTESIAN_POINT ( 'NONE',  ( 42.86538038149983300, -33.03160226075425500, -44.60007673088600200 ) ) ;
#857 = CC_DESIGN_APPROVAL ( #2253, ( #2959 ) ) ;
#858 = FACE_OUTER_BOUND ( 'NONE', #1214, .T. ) ;
#859 = VECTOR ( 'NONE', #71, 1000.000000000000000 ) ;
#860 = CARTESIAN_POINT ( 'NONE',  ( -17.86182162087683900, 96.68965038665233200, -27.49999999999999600 ) ) ;
#861 = CARTESIAN_POINT ( 'NONE',  ( 11.21227419316420200, -40.07514618447195400, -68.32516385188503700 ) ) ;
#862 = CARTESIAN_POINT ( 'NONE',  ( 43.70654448464431900, -32.93519573159892400, -44.67131601413656500 ) ) ;
#863 = CIRCLE ( 'NONE', #47, 6.000000000000002700 ) ;
#864 = EDGE_CURVE ( 'E1173', #1953, #2152, #661, .T. ) ;
#865 = LINE ( 'NONE', #37, #859 ) ;
#866 = CARTESIAN_POINT ( 'NONE',  ( 45.96197883516261100, 44.74712610706132000, -4.768909887072648100 ) ) ;
#867 = CARTESIAN_POINT ( 'NONE',  ( -12.74714254269837900, -20.98033395972796500, -76.14033788089302800 ) ) ;
#868 = DIRECTION ( 'NONE',  ( 0.0000000000000000000, 0.0000000000000000000, 1.000000000000000000 ) ) ;
#869 = VERTEX_POINT ( 'NONE', #2798 ) ;
#870 = CARTESIAN_POINT ( 'NONE',  ( 44.12714873821613500, -32.85475306482867100, -44.73067842080391200 ) ) ;
#871 = EDGE_CURVE ( 'E925', #1955, #1481, #603, .T. ) ;
#872 = ORIENTED_EDGE ( 'NONE', *, *, #1812, .T. ) ;
#873 = ORIENTED_EDGE ( 'NONE', *, *, #2480, .T. ) ;
#874 = CARTESIAN_POINT ( 'NONE',  ( -12.81396579224594300, -20.87829580131843300, -76.15716582920758500 ) ) ;
#875 = DIRECTION ( 'NONE',  ( 0.0000000000000000000, 0.0000000000000000000, -1.000000000000000000 ) ) ;
#876 = EDGE_CURVE ( 'E183', #2751, #1811, #604, .T. ) ;
#877 = ORIENTED_EDGE ( 'NONE', *, *, #2697, .T. ) ;
#878 = CARTESIAN_POINT ( 'NONE',  ( -12.90421163989058700, -20.65636196056411200, -76.20243365232302300 ) ) ;
#879 = CARTESIAN_POINT ( 'NONE',  ( -12.92669488192426100, -20.53740315160793600, -76.23077039188139300 ) ) ;
#880 = DIRECTION ( 'NONE',  ( -1.000000000000000000, 0.0000000000000000000, 0.0000000000000000000 ) ) ;
#881 = EDGE_LOOP ( 'NONE', ( #1440 ) ) ;
#882 = CARTESIAN_POINT ( 'NONE',  ( 44.93036808539637400, -32.63576493671748600, -44.89070324612394800 ) ) ;
#883 = FACE_OUTER_BOUND ( 'NONE', #1132, .T. ) ;
#884 = CARTESIAN_POINT ( 'NONE',  ( -12.92310240071581300, -20.30316046605036800, -76.29410083848030400 ) ) ;
#885 = ORIENTED_EDGE ( 'NONE', *, *, #3048, .F. ) ;
#886 = DIRECTION ( 'NONE',  ( 0.0000000000000000000, 0.0000000000000000000, -1.000000000000000000 ) ) ;
#887 = CARTESIAN_POINT ( 'NONE',  ( -12.89676877095272700, -20.18633432087863600, -76.32954836651892100 ) ) ;
#888 = ORIENTED_EDGE ( 'NONE', *, *, #2480, .F. ) ;
#889 = CARTESIAN_POINT ( 'NONE',  ( -12.80049047196840900, -19.97568594505206000, -76.40113943249900800 ) ) ;
#890 = ORIENTED_EDGE ( 'NONE', *, *, #74, .F. ) ;
#891 = CARTESIAN_POINT ( 'NONE',  ( 47.98306183112507700, 44.95880311306442700, 1.934264662074451500 ) ) ;
#892 = CARTESIAN_POINT ( 'NONE',  ( -12.72968922273529400, -19.87981057408420300, -76.43796771723086200 ) ) ;
#893 = DIRECTION ( 'NONE',  ( 0.06162841671621927000, 0.7044160264027586900, 0.7071067811865476800 ) ) ;
#894 = AXIS2_PLACEMENT_3D ( 'NONE', #1824, #2303, #2743 ) ;
#895 = ORIENTED_EDGE ( 'NONE', *, *, #1711, .F. ) ;
#896 = EDGE_LOOP ( 'NONE', ( #2081 ) ) ;
#897 = VERTEX_POINT ( 'NONE', #1698 ) ;
#898 = CARTESIAN_POINT ( 'NONE',  ( -12.55597676539635500, -19.72447089296308700, -76.50691119349154700 ) ) ;
#899 = CARTESIAN_POINT ( 'NONE',  ( -12.45265825093032500, -19.66417550095458800, -76.53931298411258400 ) ) ;
#900 = CARTESIAN_POINT ( 'NONE',  ( 28.00000000000000000, -148.0660377358489900, 22.67043160608379900 ) ) ;
#901 = ORIENTED_EDGE ( 'NONE', *, *, #2447, .F. ) ;
#902 = CC_DESIGN_PERSON_AND_ORGANIZATION_ASSIGNMENT ( #1656, #1340, ( #1140 ) ) ;
#903 = EDGE_LOOP ( 'NONE', ( #2132 ) ) ;
#904 = EDGE_LOOP ( 'NONE', ( #1207, #1339, #1226, #1083 ) ) ;
#905 = DIRECTION ( 'NONE',  ( 1.000000000000000000, 0.0000000000000000000, 0.0000000000000000000 ) ) ;
#906 = AXIS2_PLACEMENT_3D ( 'NONE', #715, #736, #685 ) ;
#907 = ORIENTED_EDGE ( 'NONE', *, *, #2058, .F. ) ;
#908 = CARTESIAN_POINT ( 'NONE',  ( -12.22765378585981500, -19.58707207564701500, -76.59533940210273800 ) ) ;
#909 = ORIENTED_EDGE ( 'NONE', *, *, #2914, .F. ) ;
#910 = CARTESIAN_POINT ( 'NONE',  ( 12.07484708222115400, -40.34429574276299500, -68.01875273471888800 ) ) ;
#911 = ORIENTED_EDGE ( 'NONE', *, *, #290, .F. ) ;
#912 = EDGE_LOOP ( 'NONE', ( #824 ) ) ;
#913 = CARTESIAN_POINT ( 'NONE',  ( -12.10796884165193500, -19.57054965364172400, -76.61857295286861800 ) ) ;
#914 = CARTESIAN_POINT ( 'NONE',  ( 37.53113325432780600, 44.85192567412033100, -3.662145428609615600 ) ) ;
#915 = DIRECTION ( 'NONE',  ( 6.409875621278550000E-016, 0.0000000000000000000, -1.000000000000000000 ) ) ;
#916 = FACE_BOUND ( 'NONE', #2048, .T. ) ;
#917 = VERTEX_POINT ( 'NONE', #2778 ) ;
#918 = AXIS2_PLACEMENT_3D ( 'NONE', #1725, #2387, #3013 ) ;
#919 = AXIS2_PLACEMENT_3D ( 'NONE', #1627, #1446, #1469 ) ;
#920 = ORIENTED_EDGE ( 'NONE', *, *, #290, .T. ) ;
#921 = CARTESIAN_POINT ( 'NONE',  ( -11.86545654809623900, -19.58343807422960800, -76.65321218741051700 ) ) ;
#922 = ORIENTED_EDGE ( 'NONE', *, *, #2092, .F. ) ;
#923 = CARTESIAN_POINT ( 'NONE',  ( -11.74631966055025100, -19.61272543190561600, -76.66407126623160200 ) ) ;
#924 = ORIENTED_EDGE ( 'NONE', *, *, #2842, .F. ) ;
#925 = DIRECTION ( 'NONE',  ( 0.0000000000000000000, 0.0000000000000000000, 1.000000000000000000 ) ) ;
#926 = DIRECTION ( 'NONE',  ( -0.5000000000000003300, 0.0000000000000000000, 0.8660254037844384900 ) ) ;
#927 = ORIENTED_EDGE ( 'NONE', *, *, #1863, .T. ) ;
#928 = ORIENTED_EDGE ( 'NONE', *, *, #526, .F. ) ;
#929 = CARTESIAN_POINT ( 'NONE',  ( -11.52449113489409700, -19.71332588304716900, -76.67193576700356100 ) ) ;
#930 = ORIENTED_EDGE ( 'NONE', *, *, #575, .T. ) ;
#931 = CARTESIAN_POINT ( 'NONE',  ( -11.42283159077269300, -19.78463980855089200, -76.66877898148968000 ) ) ;
#932 = EDGE_CURVE ( 'E350', #1139, #1588, #595, .T. ) ;
#933 = ORIENTED_EDGE ( 'NONE', *, *, #1956, .T. ) ;
#934 = CARTESIAN_POINT ( 'NONE',  ( -11.25414276642541900, -19.95796777961367100, -76.64879984134506700 ) ) ;
#935 = ORIENTED_EDGE ( 'NONE', *, *, #1956, .F. ) ;
#936 = AXIS2_PLACEMENT_3D ( 'NONE', #1433, #2244, #2695 ) ;
#937 = AXIS2_PLACEMENT_3D ( 'NONE', #697, #574, #599 ) ;
#938 = CARTESIAN_POINT ( 'NONE',  ( -11.18619309312820500, -20.06129113805634700, -76.63177121719516500 ) ) ;
#939 = ORIENTED_EDGE ( 'NONE', *, *, #2101, .T. ) ;
#940 = ORIENTED_EDGE ( 'NONE', *, *, #526, .T. ) ;
#941 = ORIENTED_EDGE ( 'NONE', *, *, #601, .T. ) ;
#942 = CARTESIAN_POINT ( 'NONE',  ( -11.09629120822261500, -20.28176001144456500, -76.58679527299492000 ) ) ;
#943 = DIRECTION ( 'NONE',  ( -1.000000000000000000, 0.0000000000000000000, 0.0000000000000000000 ) ) ;
#944 = EDGE_LOOP ( 'NONE', ( #1035 ) ) ;
#945 = CARTESIAN_POINT ( 'NONE',  ( -11.07342858076081000, -20.40121665077766300, -76.55837161633557700 ) ) ;
#946 = FACE_OUTER_BOUND ( 'NONE', #2197, .T. ) ;
#947 = ORIENTED_EDGE ( 'NONE', *, *, #104, .F. ) ;
#948 = CARTESIAN_POINT ( 'NONE',  ( -11.07674404713350400, -20.63549520184821200, -76.49507699845074200 ) ) ;
#949 = ORIENTED_EDGE ( 'NONE', *, *, #194, .F. ) ;
#950 = CARTESIAN_POINT ( 'NONE',  ( 40.56794919243110100, 55.50000000000000000, 3.000000000000000000 ) ) ;
#951 = ORIENTED_EDGE ( 'NONE', *, *, #803, .T. ) ;
#952 = CARTESIAN_POINT ( 'NONE',  ( -11.10268070919622100, -20.75184787776543200, -76.45983372781066100 ) ) ;
#953 = CARTESIAN_POINT ( 'NONE',  ( -40.00000000000000000, 148.0660377358489900, -22.67043160608379900 ) ) ;
#954 = AXIS2_PLACEMENT_3D ( 'NONE', #1632, #1447, #1520 ) ;
#955 = CARTESIAN_POINT ( 'NONE',  ( -11.19937749267303500, -20.96397308652987600, -76.38783056980074100 ) ) ;
#956 = EDGE_LOOP ( 'NONE', ( #2907, #1060, #1024, #1539 ) ) ;
#957 = CARTESIAN_POINT ( 'NONE',  ( 44.03205080756889300, 55.50000000000000000, -3.000000000000000000 ) ) ;
#958 = ORIENTED_EDGE ( 'NONE', *, *, #2777, .F. ) ;
#959 = CARTESIAN_POINT ( 'NONE',  ( -11.26921071749679900, -21.05883282891799300, -76.35146051096877800 ) ) ;
#960 = PLANE ( 'NONE',  #1065 ) ;
#961 = ORIENTED_EDGE ( 'NONE', *, *, #1406, .F. ) ;
#962 = AXIS2_PLACEMENT_3D ( 'NONE', #2757, #2900, #2883 ) ;
#963 = CARTESIAN_POINT ( 'NONE',  ( 56.30000000000000400, 0.0000000000000000000, 0.0000000000000000000 ) ) ;
#964 = ORIENTED_EDGE ( 'NONE', *, *, #2101, .F. ) ;
#965 = ORIENTED_EDGE ( 'NONE', *, *, #2882, .F. ) ;
#966 = CARTESIAN_POINT ( 'NONE',  ( -11.44467120700091600, -21.21586411454319400, -76.28185684228309100 ) ) ;
#967 = ORIENTED_EDGE ( 'NONE', *, *, #1512, .T. ) ;
#968 = EDGE_CURVE ( 'E255', #1412, #1748, #593, .T. ) ;
#969 = EDGE_CURVE ( 'NONE', #1737, #1737, #609, .T. ) ;
#970 = EDGE_CURVE ( 'NONE', #2989, #2989, #573, .T. ) ;
#971 = CARTESIAN_POINT ( 'NONE',  ( -11.54756680093894000, -21.27559665477627200, -76.24970513219722100 ) ) ;
#972 = VERTEX_POINT ( 'NONE', #2741 ) ;
#973 = CARTESIAN_POINT ( 'NONE',  ( 42.29999999999999700, 54.82339999999999900, 0.0000000000000000000 ) ) ;
#974 = ORIENTED_EDGE ( 'NONE', *, *, #3026, .F. ) ;
#975 = ORIENTED_EDGE ( 'NONE', *, *, #2542, .T. ) ;
#976 = CARTESIAN_POINT ( 'NONE',  ( -19.30000000000000100, 157.2794260643690100, 0.0000000000000000000 ) ) ;
#977 = AXIS2_PLACEMENT_3D ( 'NONE', #2766, #2991, #2912 ) ;
#978 = EDGE_LOOP ( 'NONE', ( #924 ) ) ;
#979 = CARTESIAN_POINT ( 'NONE',  ( -28.50000000000000000, 0.0000000000000000000, -27.50000000000000000 ) ) ;
#980 = CARTESIAN_POINT ( 'NONE',  ( -11.77194196818618900, -21.35252204296017100, -76.19387133810997200 ) ) ;
#981 = AXIS2_PLACEMENT_3D ( 'NONE', #3032, #3023, #2984 ) ;
#982 = EDGE_LOOP ( 'NONE', ( #951 ) ) ;
#983 = CARTESIAN_POINT ( 'NONE',  ( 11.21724301586263000, -39.16454984138877600, -68.85002698342191300 ) ) ;
#984 = VERTEX_POINT ( 'NONE', #1497 ) ;
#985 = ADVANCED_FACE ( 'E1340', ( #576, #582 ), #572, .T. ) ;
#986 = EDGE_CURVE ( 'NONE', #544, #544, #570, .T. ) ;
#987 = DIRECTION ( 'NONE',  ( -1.000000000000000000, 0.0000000000000000000, 0.0000000000000000000 ) ) ;
#988 = ORIENTED_EDGE ( 'NONE', *, *, #453, .T. ) ;
#989 = CARTESIAN_POINT ( 'NONE',  ( -11.89285677309060500, -21.36906829642772700, -76.17045095493514900 ) ) ;
#990 = CARTESIAN_POINT ( 'NONE',  ( -12.25269160272620500, -21.35012652882912200, -76.11900241552531600 ) ) ;
#991 = DIRECTION ( 'NONE',  ( 0.0000000000000000000, -1.000000000000000000, 0.0000000000000000000 ) ) ;
#992 = VERTEX_POINT ( 'NONE', #2683 ) ;
#993 = CARTESIAN_POINT ( 'NONE',  ( -12.49092605565243600, -21.24379802259402100, -76.11004037954526800 ) ) ;
#994 = ORIENTED_EDGE ( 'NONE', *, *, #932, .F. ) ;
#995 = DIRECTION ( 'NONE',  ( 0.0000000000000000000, 0.0000000000000000000, -1.000000000000000000 ) ) ;
#996 = EDGE_CURVE ( 'E597', #1722, #812, #2207, .T. ) ;
#997 = CARTESIAN_POINT ( 'NONE',  ( 45.31717683435889700, -32.49710871300004600, -44.99145851607921300 ) ) ;
#998 = EDGE_LOOP ( 'NONE', ( #2063, #2199, #941, #1957 ) ) ;
#999 = CARTESIAN_POINT ( 'NONE',  ( -12.66173704701639700, -21.06815531401665000, -76.13023871377710300 ) ) ;
#1000 = B_SPLINE_CURVE_WITH_KNOTS ( 'NONE', 3,
 ( #1079, #1093, #1099, #1105, #1112, #1113, #1119, #1121, #1124, #1127, #1143, #1149, #1153, #1160, #1166, #1170, #1173, #1181, #1184, #1191, #533, #1198, #1581, #1416, #1565, #1304, #1463, #1201, #1205, #1212, #1218, #1225 ),
 .UNSPECIFIED., .T., .F.,
 ( 4, 2, 2, 2, 2, 2, 2, 2, 2, 2, 2, 2, 2, 2, 2, 4 ),
 ( 0.0000000000000000000, 0.0003614598959430422100, 0.0007229197918860844100, 0.001084379687829126700, 0.001445839583772168800, 0.001807299479715211200, 0.002168759375658253300, 0.002530219271601295100, 0.002891679167544337600, 0.003253139063487379800, 0.003614598959430422400, 0.003976058855373464100, 0.004337518751316506700, 0.004698978647259548400, 0.005060438543202590100, 0.005783358335088667500 ),
 .UNSPECIFIED. ) ;
#1001 = ORIENTED_EDGE ( 'NONE', *, *, #676, .T. ) ;
#1002 = CARTESIAN_POINT ( 'NONE',  ( 40.56794919243110100, -30.34807621135330200, -46.56440991003640300 ) ) ;
#1003 = EDGE_CURVE ( 'NONE', #2232, #2232, #588, .T. ) ;
#1004 = CARTESIAN_POINT ( 'NONE',  ( 26.03833542942290400, 0.0000000000000000000, 0.0000000000000000000 ) ) ;
#1005 = DIRECTION ( 'NONE',  ( -1.000000000000000000, -5.551115123125780700E-016, 3.204937810639275000E-016 ) ) ;
#1006 = VERTEX_POINT ( 'NONE', #2564 ) ;
#1007 = DIRECTION ( 'NONE',  ( -1.000000000000000000, 0.0000000000000000000, 0.0000000000000000000 ) ) ;
#1008 = CARTESIAN_POINT ( 'NONE',  ( 12.16616413339459200, -38.73718230525535200, -68.93061775236010600 ) ) ;
#1009 = DIRECTION ( 'NONE',  ( 0.0000000000000000000, 0.0000000000000000000, 1.000000000000000000 ) ) ;
#1010 = DIRECTION ( 'NONE',  ( 6.409875621278545100E-016, -0.8660254037844387100, 0.4999999999999998900 ) ) ;
#1011 = EDGE_LOOP ( 'NONE', ( #1087, #1853, #949, #1930 ) ) ;
#1012 = PLANE ( 'NONE',  #1728 ) ;
#1013 = EDGE_LOOP ( 'NONE', ( #888 ) ) ;
#1014 = VERTEX_POINT ( 'NONE', #2685 ) ;
#1015 = AXIS2_PLACEMENT_3D ( 'NONE', #1100, #943, #991 ) ;
#1016 = EDGE_LOOP ( 'NONE', ( #2157 ) ) ;
#1017 = EDGE_LOOP ( 'NONE', ( #1358 ) ) ;
#1018 = DIRECTION ( 'NONE',  ( -1.000000000000000000, 0.0000000000000000000, 0.0000000000000000000 ) ) ;
#1019 = CARTESIAN_POINT ( 'NONE',  ( -18.50000000000000000, 0.0000000000000000000, 0.0000000000000000000 ) ) ;
#1020 = CARTESIAN_POINT ( 'NONE',  ( 46.05724253175259300, -32.15009171400068800, -45.23976535803078700 ) ) ;
#1021 = ORIENTED_EDGE ( 'NONE', *, *, #2373, .T. ) ;
#1022 = EDGE_CURVE ( 'E198', #1811, #869, #562, .T. ) ;
#1023 = DIRECTION ( 'NONE',  ( 1.000000000000000000, 0.0000000000000000000, 0.0000000000000000000 ) ) ;
#1024 = ORIENTED_EDGE ( 'NONE', *, *, #1672, .T. ) ;
#1025 = CARTESIAN_POINT ( 'NONE',  ( -17.23000000000000000, 0.0000000000000000000, 0.0000000000000000000 ) ) ;
#1026 = CARTESIAN_POINT ( 'NONE',  ( 46.40781180389438300, -31.95167661499360900, -45.38011820565488100 ) ) ;
#1027 = EDGE_LOOP ( 'NONE', ( #885 ) ) ;
#1028 = CARTESIAN_POINT ( 'NONE',  ( 46.57619036098486000, -31.84606400105535700, -45.45433816541583400 ) ) ;
#1029 = EDGE_CURVE ( 'E910', #1994, #1481, #564, .T. ) ;
#1030 = DIRECTION ( 'NONE',  ( 0.0000000000000000000, 0.0000000000000000000, -1.000000000000000000 ) ) ;
#1031 = CARTESIAN_POINT ( 'NONE',  ( 12.00000000000000000, 0.0000000000000000000, 0.0000000000000000000 ) ) ;
#1032 = VERTEX_POINT ( 'NONE', #2571 ) ;
#1033 = CARTESIAN_POINT ( 'NONE',  ( 36.29965072728537500, 45.00004656967725200, 0.3913887845269089500 ) ) ;
#1034 = CIRCLE ( 'NONE', #1542, 77.84641349530609500 ) ;
#1035 = ORIENTED_EDGE ( 'NONE', *, *, #1473, .T. ) ;
#1036 = VERTEX_POINT ( 'NONE', #1464 ) ;
#1037 = CARTESIAN_POINT ( 'NONE',  ( 47.06083334744507600, -31.50994481475993000, -45.68859791492793200 ) ) ;
#1038 = CARTESIAN_POINT ( 'NONE',  ( 44.96000542607468700, 44.67712635487212200, -5.381742380045805500 ) ) ;
#1039 = DIRECTION ( 'NONE',  ( -1.000000000000000000, 0.0000000000000000000, -1.224606353822375800E-016 ) ) ;
#1040 = VERTEX_POINT ( 'NONE', #1519 ) ;
#1041 = AXIS2_PLACEMENT_3D ( 'NONE', #2972, #2792, #2791 ) ;
#1042 = DIRECTION ( 'NONE',  ( 0.0000000000000000000, 0.0000000000000000000, 1.000000000000000000 ) ) ;
#1043 = VERTEX_POINT ( 'NONE', #2513 ) ;
#1044 = DIRECTION ( 'NONE',  ( 3.465867039119933800E-017, 0.8243793311303196900, -0.5660377358490569200 ) ) ;
#1045 = EDGE_LOOP ( 'NONE', ( #1613, #1138, #1674, #1347, #1171, #2957 ) ) ;
#1046 = CARTESIAN_POINT ( 'NONE',  ( 11.07002095951021700, -39.68014214093658200, -68.57810008800710500 ) ) ;
#1047 = EDGE_LOOP ( 'NONE', ( #1665 ) ) ;
#1048 = DIRECTION ( 'NONE',  ( -1.000000000000000000, 0.0000000000000000000, -6.123031769111888800E-017 ) ) ;
#1049 = PLANE ( 'NONE',  #2024 ) ;
#1050 = ORIENTED_EDGE ( 'NONE', *, *, #1659, .F. ) ;
#1051 = ORIENTED_EDGE ( 'NONE', *, *, #333, .T. ) ;
#1052 = CARTESIAN_POINT ( 'NONE',  ( -17.00000000000000000, 0.0000000000000000000, -27.50000000000000000 ) ) ;
#1053 = VECTOR ( 'NONE', #27, 1000.000000000000000 ) ;
#1054 = DIRECTION ( 'NONE',  ( 0.0000000000000000000, 0.0000000000000000000, 1.000000000000000000 ) ) ;
#1055 = EDGE_LOOP ( 'NONE', ( #1567 ) ) ;
#1056 = CARTESIAN_POINT ( 'NONE',  ( 47.35682337847724500, -31.26037073792098300, -45.86012625868458100 ) ) ;
#1057 = AXIS2_PLACEMENT_3D ( 'NONE', #578, #2846, #2925 ) ;
#1058 = FACE_OUTER_BOUND ( 'NONE', #2851, .T. ) ;
#1059 = EDGE_LOOP ( 'NONE', ( #1856 ) ) ;
#1060 = ORIENTED_EDGE ( 'NONE', *, *, #2827, .F. ) ;
#1061 = AXIS2_PLACEMENT_3D ( 'NONE', #2393, #2391, #2388 ) ;
#1062 = DIRECTION ( 'NONE',  ( 0.0000000000000000000, 0.4999999999999998900, 0.8660254037844387100 ) ) ;
#1063 = ORIENTED_EDGE ( 'NONE', *, *, #871, .T. ) ;
#1064 = DIRECTION ( 'NONE',  ( 0.0000000000000000000, -1.000000000000000000, 0.0000000000000000000 ) ) ;
#1065 = AXIS2_PLACEMENT_3D ( 'NONE', #2530, #1054, #905 ) ;
#1066 = VERTEX_POINT ( 'NONE', #1455 ) ;
#1067 = VERTEX_POINT ( 'NONE', #2506 ) ;
#1068 = VERTEX_POINT ( 'NONE', #2492 ) ;
#1069 = EDGE_CURVE ( 'E129', #780, #1320, #553, .T. ) ;
#1070 = CARTESIAN_POINT ( 'NONE',  ( -160.0000000000000000, 0.0000000000000000000, 0.0000000000000000000 ) ) ;
#1071 = EDGE_LOOP ( 'NONE', ( #1904, #1404, #2093, #1391, #1739, #2815 ) ) ;
#1072 = CARTESIAN_POINT ( 'NONE',  ( -18.25000000000000000, 0.0000000000000000000, -2.234906595725840100E-015 ) ) ;
#1073 = ORIENTED_EDGE ( 'NONE', *, *, #864, .F. ) ;
#1074 = PERSON_AND_ORGANIZATION ( #2326, #2749 ) ;
#1075 = CARTESIAN_POINT ( 'NONE',  ( -40.00000000000000000, -148.0660377358489900, 22.67043160608379900 ) ) ;
#1076 = ORIENTED_EDGE ( 'NONE', *, *, #1427, .F. ) ;
#1077 = ORIENTED_EDGE ( 'NONE', *, *, #177, .F. ) ;
#1078 = CIRCLE ( 'NONE', #1346, 45.00000000000000000 ) ;
#1079 = CARTESIAN_POINT ( 'NONE',  ( 12.92500000000000200, -34.29073772597554600, -59.39329997040861300 ) ) ;
#1080 = ORIENTED_EDGE ( 'NONE', *, *, #2632, .F. ) ;
#1081 = EDGE_LOOP ( 'NONE', ( #1454 ) ) ;
#1082 = DIRECTION ( 'NONE',  ( 1.000000000000000000, 0.0000000000000000000, 0.0000000000000000000 ) ) ;
#1083 = ORIENTED_EDGE ( 'NONE', *, *, #220, .T. ) ;
#1084 = EDGE_LOOP ( 'NONE', ( #1701 ) ) ;
#1085 = AXIS2_PLACEMENT_3D ( 'NONE', #673, #644, #607 ) ;
#1086 = CARTESIAN_POINT ( 'NONE',  ( -40.00000000000000000, -132.5000000000000000, 0.0000000000000000000 ) ) ;
#1087 = ORIENTED_EDGE ( 'NONE', *, *, #2697, .F. ) ;
#1088 = DIRECTION ( 'NONE',  ( 1.000000000000000000, 0.0000000000000000000, 6.123031769111888800E-017 ) ) ;
#1089 = DIRECTION ( 'NONE',  ( -1.000000000000000000, 0.0000000000000000000, -6.123031769111888800E-017 ) ) ;
#1090 = DIRECTION ( 'NONE',  ( 0.0000000000000000000, 0.0000000000000000000, -1.000000000000000000 ) ) ;
#1091 = ORIENTED_EDGE ( 'NONE', *, *, #1155, .T. ) ;
#1092 = EDGE_LOOP ( 'NONE', ( #2135, #1131, #1692, #1669 ) ) ;
#1093 = CARTESIAN_POINT ( 'NONE',  ( 12.92500000000001000, -34.39658464354909000, -59.33218922405463800 ) ) ;
#1094 = EDGE_CURVE ( 'E1112', #1477, #1157, #556, .T. ) ;
#1095 = ORIENTED_EDGE ( 'NONE', *, *, #188, .T. ) ;
#1096 = DIRECTION ( 'NONE',  ( 0.5000000000000003300, 0.0000000000000000000, -0.8660254037844383700 ) ) ;
#1097 = CARTESIAN_POINT ( 'NONE',  ( -39.69999999999999600, 0.0000000000000000000, 0.0000000000000000000 ) ) ;
#1098 = ORIENTED_EDGE ( 'NONE', *, *, #969, .F. ) ;
#1099 = CARTESIAN_POINT ( 'NONE',  ( 12.90093906937773100, -34.50027994884578000, -59.27193271129328200 ) ) ;
#1100 = CARTESIAN_POINT ( 'NONE',  ( -28.50000000000000000, 0.0000000000000000000, 0.0000000000000000000 ) ) ;
#1101 = VERTEX_POINT ( 'NONE', #2470 ) ;
#1102 = EDGE_CURVE ( 'NONE', #1450, #1450, #536, .T. ) ;
#1103 = ORIENTED_EDGE ( 'NONE', *, *, #1029, .F. ) ;
#1104 = CARTESIAN_POINT ( 'NONE',  ( 38.33022994192683800, 44.77369205247775600, 4.515936289221413900 ) ) ;
#1105 = CARTESIAN_POINT ( 'NONE',  ( 12.80808070403539400, -34.69372499581859900, -59.15891116134002900 ) ) ;
#1106 = ORIENTED_EDGE ( 'NONE', *, *, #1230, .T. ) ;
#1107 = ORIENTED_EDGE ( 'NONE', *, *, #3006, .T. ) ;
#1108 = CIRCLE ( 'NONE', #118, 55.50000000000000000 ) ;
#1109 = CARTESIAN_POINT ( 'NONE',  ( 12.50429063462441100, -38.82668737388365800, -68.81966396804966700 ) ) ;
#1110 = EDGE_LOOP ( 'NONE', ( #835 ) ) ;
#1111 = COORDINATED_UNIVERSAL_TIME_OFFSET ( 3, 0, .BEHIND. ) ;
#1112 = CARTESIAN_POINT ( 'NONE',  ( 12.73936059634166000, -34.78218210446375700, -59.10690200934999400 ) ) ;
#1113 = CARTESIAN_POINT ( 'NONE',  ( 12.56866926815908800, -34.92916461757116100, -59.02016194665681300 ) ) ;
#1114 = DIRECTION ( 'NONE',  ( -1.000000000000000000, 0.0000000000000000000, 0.0000000000000000000 ) ) ;
#1115 = EDGE_LOOP ( 'NONE', ( #1596 ) ) ;
#1116 = EDGE_LOOP ( 'NONE', ( #965 ) ) ;
#1117 = EDGE_CURVE ( 'E1179', #2152, #1006, #538, .T. ) ;
#1118 = B_SPLINE_CURVE_WITH_KNOTS ( 'NONE', 3,
 ( #762, #1409, #1394, #860, #2664, #1377, #703, #464, #2456, #243, #7, #68, #9, #13, #16, #17 ),
 .UNSPECIFIED., .F., .F.,
 ( 4, 2, 2, 2, 2, 2, 2, 4 ),
 ( 0.01216201402410442200, 0.01256043819417915900, 0.01295886236425389600, 0.01335728653432863100, 0.01375571070440336800, 0.01415413487447810500, 0.01455255904455284000, 0.01534940738470231400 ),
 .UNSPECIFIED. ) ;
#1119 = CARTESIAN_POINT ( 'NONE',  ( 12.46547337708581300, -34.98843987391333600, -58.98499791359640900 ) ) ;
#1120 = VERTEX_POINT ( 'NONE', #2426 ) ;
#1121 = CARTESIAN_POINT ( 'NONE',  ( 12.24286529684026800, -35.06776835569944200, -58.93787005167748600 ) ) ;
#1122 = ORIENTED_EDGE ( 'NONE', *, *, #226, .T. ) ;
#1123 = VERTEX_POINT ( 'NONE', #2419 ) ;
#1124 = CARTESIAN_POINT ( 'NONE',  ( 12.12114191858657400, -35.08863688382517400, -58.92543030649625300 ) ) ;
#1125 = VERTEX_POINT ( 'NONE', #2413 ) ;
#1126 = ORIENTED_EDGE ( 'NONE', *, *, #2635, .F. ) ;
#1127 = CARTESIAN_POINT ( 'NONE',  ( 11.87984091790023200, -35.08874703875280000, -58.92536471182081900 ) ) ;
#1128 = DIRECTION ( 'NONE',  ( 0.0000000000000000000, -1.000000000000000000, 0.0000000000000000000 ) ) ;
#1129 = EDGE_CURVE ( 'E52', #2714, #1125, #529, .T. ) ;
#1130 = VECTOR ( 'NONE', #2755, 1000.000000000000000 ) ;
#1131 = ORIENTED_EDGE ( 'NONE', *, *, #263, .T. ) ;
#1132 = EDGE_LOOP ( 'NONE', ( #2038, #1857, #2187, #1483, #1159, #2053 ) ) ;
#1133 = DIRECTION ( 'NONE',  ( 0.0000000000000000000, 1.000000000000000000, 0.0000000000000000000 ) ) ;
#1134 = CARTESIAN_POINT ( 'NONE',  ( 11.71494998675891900, -40.33552427026094000, -68.08685744953353900 ) ) ;
#1135 = ORIENTED_EDGE ( 'NONE', *, *, #2219, .T. ) ;
#1136 = EDGE_LOOP ( 'NONE', ( #1336 ) ) ;
#1137 = CARTESIAN_POINT ( 'NONE',  ( 40.56794919243110100, -25.15192378864664800, -49.56440991003640300 ) ) ;
#1138 = ORIENTED_EDGE ( 'NONE', *, *, #2092, .T. ) ;
#1139 = VERTEX_POINT ( 'NONE', #2633 ) ;
#1140 = PRODUCT ( 'UCFL-218', 'UCFL-218', '', ( #1342 ) ) ;
#1141 = ORIENTED_EDGE ( 'NONE', *, *, #123, .F. ) ;
#1142 = EDGE_LOOP ( 'NONE', ( #2745 ) ) ;
#1143 = CARTESIAN_POINT ( 'NONE',  ( 11.75859278362631100, -35.06818562780772900, -58.93762190475956700 ) ) ;
#1144 = AXIS2_PLACEMENT_3D ( 'NONE', #1260, #1220, #1146 ) ;
#1145 = DIRECTION ( 'NONE',  ( 1.000000000000000000, 5.551115123125780700E-016, -3.204937810639275000E-016 ) ) ;
#1146 = DIRECTION ( 'NONE',  ( 0.5000000000000001100, -0.7500000000000001100, 0.4330127018922190800 ) ) ;
#1147 = ORIENTED_EDGE ( 'NONE', *, *, #220, .F. ) ;
#1148 = DIRECTION ( 'NONE',  ( 5.047700834310157500E-017, -0.5660377358490569200, -0.8243793311303196900 ) ) ;
#1149 = CARTESIAN_POINT ( 'NONE',  ( 11.53461241355936700, -34.98857207173888600, -58.98491962693103100 ) ) ;
#1150 = ORIENTED_EDGE ( 'NONE', *, *, #687, .T. ) ;
#1151 = CARTESIAN_POINT ( 'NONE',  ( -19.30000000000000100, -148.0660377358489900, 22.67043160608379900 ) ) ;
#1152 = ORIENTED_EDGE ( 'NONE', *, *, #2853, .F. ) ;
#1153 = CARTESIAN_POINT ( 'NONE',  ( 11.43264302935020600, -34.93023162299589000, -59.01953186175421000 ) ) ;
#1154 = EDGE_LOOP ( 'NONE', ( #2797 ) ) ;
#1155 = EDGE_CURVE ( 'E1236', #1157, #1482, #527, .T. ) ;
#1156 = FACE_BOUND ( 'NONE', #1418, .T. ) ;
#1157 = VERTEX_POINT ( 'NONE', #2461 ) ;
#1158 = EDGE_LOOP ( 'NONE', ( #2261, #1875, #3024, #1826, #1077, #1626 ) ) ;
#1159 = ORIENTED_EDGE ( 'NONE', *, *, #2632, .T. ) ;
#1160 = CARTESIAN_POINT ( 'NONE',  ( 11.25987920641254700, -34.78159031215678700, -59.10725165133330700 ) ) ;
#1161 = PLANE ( 'NONE',  #268 ) ;
#1162 = AXIS2_PLACEMENT_3D ( 'NONE', #2663, #1233, #2953 ) ;
#1163 = ORIENTED_EDGE ( 'NONE', *, *, #1301, .T. ) ;
#1164 = CIRCLE ( 'NONE', #2335, 68.58147545195109300 ) ;
#1165 = DIRECTION ( 'NONE',  ( 0.0000000000000000000, 0.0000000000000000000, -1.000000000000000000 ) ) ;
#1166 = CARTESIAN_POINT ( 'NONE',  ( 11.19196574628873500, -34.69381282736434000, -59.15885979249259200 ) ) ;
#1167 = CARTESIAN_POINT ( 'NONE',  ( -17.98854299681193300, -96.73656355738586400, 27.49999999999999600 ) ) ;
#1168 = ORIENTED_EDGE ( 'NONE', *, *, #1683, .T. ) ;
#1169 = EDGE_CURVE ( 'E1142', #2060, #2021, #532, .T. ) ;
#1170 = CARTESIAN_POINT ( 'NONE',  ( 11.09903754904438100, -34.50024017251544000, -59.27195600354976100 ) ) ;
#1171 = ORIENTED_EDGE ( 'NONE', *, *, #2561, .T. ) ;
#1172 = VERTEX_POINT ( 'NONE', #1655 ) ;
#1173 = CARTESIAN_POINT ( 'NONE',  ( 11.07504276498636400, -34.39557714879816800, -59.33277023539205400 ) ) ;
#1174 = PLANE ( 'NONE',  #210 ) ;
#1175 = ORIENTED_EDGE ( 'NONE', *, *, #2914, .T. ) ;
#1176 = VECTOR ( 'NONE', #2799, 1000.000000000000000 ) ;
#1177 = ORIENTED_EDGE ( 'NONE', *, *, #1396, .F. ) ;
#1178 = CARTESIAN_POINT ( 'NONE',  ( -40.00000000000000000, 148.0660377358489900, 22.67043160608379900 ) ) ;
#1179 = EDGE_LOOP ( 'NONE', ( #2910, #2608, #2110, #1261, #1769, #1185, #2085, #2684 ) ) ;
#1180 = CIRCLE ( 'NONE', #2324, 5.323400000000003000 ) ;
#1181 = CARTESIAN_POINT ( 'NONE',  ( 11.07495735075874800, -34.18646504099021400, -59.45350249737947500 ) ) ;
#1182 = EDGE_LOOP ( 'NONE', ( #2836 ) ) ;
#1183 = CARTESIAN_POINT ( 'NONE',  ( 28.00000000000000000, -132.5000000000000000, -3.949355491077164300E-015 ) ) ;
#1184 = CARTESIAN_POINT ( 'NONE',  ( 11.09914527268509800, -34.08092031067271000, -59.51404913674648600 ) ) ;
#1185 = ORIENTED_EDGE ( 'NONE', *, *, #353, .T. ) ;
#1186 = DIRECTION ( 'NONE',  ( -3.465867039119933800E-017, 0.8243793311303196900, 0.5660377358490569200 ) ) ;
#1187 = CARTESIAN_POINT ( 'NONE',  ( 43.85280080713133100, 44.62483257135251300, 5.798934660926887500 ) ) ;
#1188 = EDGE_LOOP ( 'NONE', ( #1789 ) ) ;
#1189 = AXIS2_PLACEMENT_3D ( 'NONE', #325, #1582, #89 ) ;
#1190 = CARTESIAN_POINT ( 'NONE',  ( -12.66173704701639700, -21.06815531401665000, -76.13023871377710300 ) ) ;
#1191 = CARTESIAN_POINT ( 'NONE',  ( 11.19122040583852500, -33.88748608141516200, -59.62440323353683200 ) ) ;
#1192 = ORIENTED_EDGE ( 'NONE', *, *, #1268, .T. ) ;
#1193 = FACE_OUTER_BOUND ( 'NONE', #912, .T. ) ;
#1194 = ORIENTED_EDGE ( 'NONE', *, *, #298, .F. ) ;
#1195 = CARTESIAN_POINT ( 'NONE',  ( 45.87445949048963500, -32.24306190558392900, -45.17350786113290400 ) ) ;
#1196 = CARTESIAN_POINT ( 'NONE',  ( 40.35699040851677200, 44.63905791832129200, 5.690110556294070100 ) ) ;
#1197 = VERTEX_POINT ( 'NONE', #2371 ) ;
#1198 = CARTESIAN_POINT ( 'NONE',  ( 11.43049602984217600, -33.64894758559361100, -59.75930379611761400 ) ) ;
#1199 = EDGE_CURVE ( 'E273', #2173, #1457, #512, .T. ) ;
#1200 = CARTESIAN_POINT ( 'NONE',  ( -40.00000000000000000, 148.0660377358489900, -22.67043160608379900 ) ) ;
#1201 = CARTESIAN_POINT ( 'NONE',  ( 12.46558110347588100, -33.58821791929196400, -59.79341555953900000 ) ) ;
#1202 = ADVANCED_FACE ( 'E707', ( #514, #516 ), #2379, .T. ) ;
#1203 = FACE_BOUND ( 'NONE', #1468, .T. ) ;
#1204 = ORIENTED_EDGE ( 'NONE', *, *, #2777, .T. ) ;
#1205 = CARTESIAN_POINT ( 'NONE',  ( 12.56808240875398400, -33.64797172606319000, -59.75985321403678100 ) ) ;
#1206 = AXIS2_PLACEMENT_3D ( 'NONE', #2255, #2251, #2223 ) ;
#1207 = ORIENTED_EDGE ( 'NONE', *, *, #1919, .F. ) ;
#1208 = CARTESIAN_POINT ( 'NONE',  ( 43.08700346024616600, 44.60350035031224500, 5.961013760950757000 ) ) ;
#1209 = DIRECTION ( 'NONE',  ( 1.000000000000000000, 0.0000000000000000000, 0.0000000000000000000 ) ) ;
#1210 = ORIENTED_EDGE ( 'NONE', *, *, #3055, .T. ) ;
#1211 = ORIENTED_EDGE ( 'NONE', *, *, #2780, .F. ) ;
#1212 = CARTESIAN_POINT ( 'NONE',  ( 12.82448871838352200, -33.87089346814531900, -59.63397085499609300 ) ) ;
#1213 = EDGE_CURVE ( 'E161', #1811, #839, #519, .T. ) ;
#1214 = EDGE_LOOP ( 'NONE', ( #1726 ) ) ;
#1215 = CARTESIAN_POINT ( 'NONE',  ( 18.50000000000000000, 0.0000000000000000000, 0.0000000000000000000 ) ) ;
#1216 = ORIENTED_EDGE ( 'NONE', *, *, #751, .T. ) ;
#1217 = ORIENTED_EDGE ( 'NONE', *, *, #2827, .T. ) ;
#1218 = CARTESIAN_POINT ( 'NONE',  ( 12.92499999999999400, -34.07904389082845900, -59.51552146311655600 ) ) ;
#1219 = CARTESIAN_POINT ( 'NONE',  ( 36.45225922801396500, 44.97993611504340800, 1.357278271454058800 ) ) ;
#1220 = DIRECTION ( 'NONE',  ( 0.8660254037844386000, 0.4330127018922195200, -0.2499999999999999400 ) ) ;
#1221 = AXIS2_PLACEMENT_3D ( 'NONE', #2443, #2433, #2430 ) ;
#1222 = EDGE_LOOP ( 'NONE', ( #2733 ) ) ;
#1223 = EDGE_LOOP ( 'NONE', ( #772 ) ) ;
#1224 = CARTESIAN_POINT ( 'NONE',  ( 42.69686232792886200, 44.59820624195548800, 6.000000000000000000 ) ) ;
#1225 = CARTESIAN_POINT ( 'NONE',  ( 12.92500000000000200, -34.29073772597554600, -59.39329997040861300 ) ) ;
#1226 = ORIENTED_EDGE ( 'NONE', *, *, #707, .T. ) ;
#1227 = PLANE ( 'NONE',  #470 ) ;
#1228 = EDGE_LOOP ( 'NONE', ( #964 ) ) ;
#1229 = CARTESIAN_POINT ( 'NONE',  ( 40.56794919243110100, -30.34807621135330200, -46.56440991003640300 ) ) ;
#1230 = EDGE_CURVE ( 'E119', #972, #1442, #500, .T. ) ;
#1231 = CARTESIAN_POINT ( 'NONE',  ( 47.75735831956262000, -30.84395358849687000, -46.14031335843252900 ) ) ;
#1232 = ORIENTED_EDGE ( 'NONE', *, *, #420, .F. ) ;
#1233 = DIRECTION ( 'NONE',  ( -1.000000000000000000, 0.0000000000000000000, 0.0000000000000000000 ) ) ;
#1234 = CC_DESIGN_PERSON_AND_ORGANIZATION_ASSIGNMENT ( #1395, #1294, ( #2959 ) ) ;
#1235 = DIRECTION ( 'NONE',  ( -3.465867039119933800E-017, 0.8243793311303196900, 0.5660377358490569200 ) ) ;
#1236 = DIRECTION ( 'NONE',  ( 0.0000000000000000000, 0.0000000000000000000, -1.000000000000000000 ) ) ;
#1237 = EDGE_LOOP ( 'NONE', ( #890 ) ) ;
#1238 = CIRCLE ( 'NONE', #2486, 12.50000000000000000 ) ;
#1239 = ORIENTED_EDGE ( 'NONE', *, *, #1603, .T. ) ;
#1240 = ORIENTED_EDGE ( 'NONE', *, *, #1736, .F. ) ;
#1241 = PLANE ( 'NONE',  #1144 ) ;
#1242 = CARTESIAN_POINT ( 'NONE',  ( 41.51085515313182100, 44.60350316612903800, 5.961008854315385200 ) ) ;
#1243 = AXIS2_PLACEMENT_3D ( 'NONE', #1995, #2016, #2034 ) ;
#1244 = CARTESIAN_POINT ( 'NONE',  ( 47.88273286451449500, -30.69877916297999900, -46.23707204596738800 ) ) ;
#1245 = PLANE ( 'NONE',  #829 ) ;
#1246 = ORIENTED_EDGE ( 'NONE', *, *, #819, .T. ) ;
#1247 = CARTESIAN_POINT ( 'NONE',  ( 48.11292506539904000, -30.40067766788003600, -46.43361574134682700 ) ) ;
#1248 = CARTESIAN_POINT ( 'NONE',  ( 28.00000000000000000, 148.0660377358489900, -22.67043160608379900 ) ) ;
#1249 = EDGE_LOOP ( 'NONE', ( #1821, #2204, #1150, #1414, #1974, #907, #872, #994 ) ) ;
#1250 = CARTESIAN_POINT ( 'NONE',  ( 48.21844593932727500, -30.24704038187663700, -46.53388058463980300 ) ) ;
#1251 = PLANE ( 'NONE',  #2260 ) ;
#1252 = EDGE_LOOP ( 'NONE', ( #2107, #2873, #1302, #2007 ) ) ;
#1253 = AXIS2_PLACEMENT_3D ( 'NONE', #2548, #2238, #2179 ) ;
#1254 = DIRECTION ( 'NONE',  ( -0.0000000000000000000, -1.000000000000000000, -0.0000000000000000000 ) ) ;
#1255 = VERTEX_POINT ( 'NONE', #569 ) ;
#1256 = AXIS2_PLACEMENT_3D ( 'NONE', #1329, #2274, #2670 ) ;
#1257 = ORIENTED_EDGE ( 'NONE', *, *, #847, .T. ) ;
#1258 = ORIENTED_EDGE ( 'NONE', *, *, #194, .T. ) ;
#1259 = EDGE_LOOP ( 'NONE', ( #2592 ) ) ;
#1260 = CARTESIAN_POINT ( 'NONE',  ( 40.56794919243110100, -30.34807621135330200, -46.56440991003640300 ) ) ;
#1261 = ORIENTED_EDGE ( 'NONE', *, *, #1199, .T. ) ;
#1262 = CARTESIAN_POINT ( 'NONE',  ( 48.41030922271603700, -29.93042155084116400, -46.73815742963488900 ) ) ;
#1263 = AXIS2_PLACEMENT_3D ( 'NONE', #2294, #2541, #107 ) ;
#1264 = CARTESIAN_POINT ( 'NONE',  ( 6.540737725975570300, 0.0000000000000000000, 0.0000000000000000000 ) ) ;
#1265 = EDGE_LOOP ( 'NONE', ( #1103, #1945, #1095, #1063 ) ) ;
#1266 = ORIENTED_EDGE ( 'NONE', *, *, #1334, .F. ) ;
#1267 = DIRECTION ( 'NONE',  ( 1.000000000000000000, -0.0000000000000000000, -0.0000000000000000000 ) ) ;
#1268 = EDGE_CURVE ( 'E43', #1068, #2714, #3042, .T. ) ;
#1269 = CARTESIAN_POINT ( 'NONE',  ( 44.41730326473841500, -17.45918531081081700, -41.47508420518470000 ) ) ;
#1270 = EDGE_LOOP ( 'NONE', ( #1363, #1509, #1382, #1525, #1521 ) ) ;
#1271 = CARTESIAN_POINT ( 'NONE',  ( 45.30653597827933500, -17.83960479457639500, -41.31339348906460200 ) ) ;
#1272 = ORIENTED_EDGE ( 'NONE', *, *, #1129, .T. ) ;
#1273 = CARTESIAN_POINT ( 'NONE',  ( 44.96209129573285400, -17.66891299159791400, -41.38638133339180300 ) ) ;
#1274 = CIRCLE ( 'NONE', #3034, 77.83154887319149400 ) ;
#1275 = ORIENTED_EDGE ( 'NONE', *, *, #2716, .T. ) ;
#1276 = CARTESIAN_POINT ( 'NONE',  ( 44.22996104356425200, -17.39681115448691900, -41.50125644939033300 ) ) ;
#1277 = CARTESIAN_POINT ( 'NONE',  ( 42.29999999999997600, -17.10295069827109800, -41.62317956875119800 ) ) ;
#1278 = EDGE_LOOP ( 'NONE', ( #1021 ) ) ;
#1279 = APPROVAL_ROLE ( '' ) ;
#1280 = CARTESIAN_POINT ( 'NONE',  ( 46.26671097478040200, -18.47346176719917600, -41.03423346933833900 ) ) ;
#1281 = AXIS2_PLACEMENT_3D ( 'NONE', #1183, #1800, #1744 ) ;
#1282 = APPROVAL_STATUS ( 'not_yet_approved' ) ;
#1283 = ORIENTED_EDGE ( 'NONE', *, *, #601, .F. ) ;
#1284 = VECTOR ( 'NONE', #2079, 1000.000000000000000 ) ;
#1285 = CARTESIAN_POINT ( 'NONE',  ( 6.988415762175372400, 71.03089318057860200, 69.01821420543325300 ) ) ;
#1286 = ORIENTED_EDGE ( 'NONE', *, *, #1396, .T. ) ;
#1287 = DATE_TIME_ROLE ( 'classification_date' ) ;
#1288 = ORIENTED_EDGE ( 'NONE', *, *, #2652, .F. ) ;
#1289 = CARTESIAN_POINT ( 'NONE',  ( 45.30716925120582100, 44.69913933587382400, -5.195739890191783900 ) ) ;
#1290 = PERSON_AND_ORGANIZATION_ROLE ( 'classification_officer' ) ;
#1291 = SECURITY_CLASSIFICATION_LEVEL ( 'unclassified' ) ;
#1292 = EDGE_LOOP ( 'NONE', ( #1806 ) ) ;
#1293 = VERTEX_POINT ( 'NONE', #3021 ) ;
#1294 = PERSON_AND_ORGANIZATION_ROLE ( 'design_supplier' ) ;
#1295 = PERSON_AND_ORGANIZATION_ROLE ( 'creator' ) ;
#1296 = ORIENTED_EDGE ( 'NONE', *, *, #847, .F. ) ;
#1297 = CYLINDRICAL_SURFACE ( 'NONE', #2312, 12.50000000000001100 ) ;
#1298 = EDGE_LOOP ( 'NONE', ( #1935 ) ) ;
#1299 = CARTESIAN_POINT ( 'NONE',  ( -19.28779152567742400, 98.47361688223968200, 27.49999999999999600 ) ) ;
#1300 = CARTESIAN_POINT ( 'NONE',  ( -18.50000000000000000, 0.0000000000000000000, -320.0000000000000000 ) ) ;
#1301 = EDGE_CURVE ( 'NONE', #610, #610, #1742, .T. ) ;
#1302 = ORIENTED_EDGE ( 'NONE', *, *, #2613, .T. ) ;
#1303 = APPROVAL_ROLE ( '' ) ;
#1304 = CARTESIAN_POINT ( 'NONE',  ( 12.12104429419716400, -33.48643692505579800, -59.85045795352202400 ) ) ;
#1305 = LOCAL_TIME ( 9, 14, 16.00000000000000000, #64 ) ;
#1306 = CARTESIAN_POINT ( 'NONE',  ( -17.00000000000000000, -132.5000000000000000, 0.0000000000000000000 ) ) ;
#1307 = CIRCLE ( 'NONE', #1061, 77.36904887319150200 ) ;
#1308 = ORIENTED_EDGE ( 'NONE', *, *, #1757, .F. ) ;
#1309 = APPROVAL_STATUS ( 'not_yet_approved' ) ;
#1310 = AXIS2_PLACEMENT_3D ( 'NONE', #2013, #2032, #1997 ) ;
#1311 = CARTESIAN_POINT ( 'NONE',  ( 16.24596208016979300, 68.37834181565823100, 70.91178196330002900 ) ) ;
#1312 = AXIS2_PLACEMENT_3D ( 'NONE', #950, #915, #2775 ) ;
#1313 = EDGE_LOOP ( 'NONE', ( #2015 ) ) ;
#1314 = CARTESIAN_POINT ( 'NONE',  ( -18.56677784514737100, 97.07799847895957200, 27.50000000000000000 ) ) ;
#1315 = DATE_TIME_ROLE ( 'creation_date' ) ;
#1316 = VERTEX_POINT ( 'NONE', #1501 ) ;
#1317 = ORIENTED_EDGE ( 'NONE', *, *, #1833, .F. ) ;
#1318 = CARTESIAN_POINT ( 'NONE',  ( -18.91368287844342800, 97.48429025752854200, 27.50000000000000700 ) ) ;
#1319 = PERSON_AND_ORGANIZATION_ROLE ( 'creator' ) ;
#1320 = VERTEX_POINT ( 'NONE', #2049 ) ;
#1321 = CARTESIAN_POINT ( 'NONE',  ( 45.95841023038133200, -18.24094995675555000, -41.13776519797957600 ) ) ;
#1322 = LINE ( 'NONE', #2055, #2459 ) ;
#1323 = APPROVAL_ROLE ( '' ) ;
#1324 = DIRECTION ( 'NONE',  ( 1.000000000000000000, 0.0000000000000000000, 0.0000000000000000000 ) ) ;
#1325 = DIRECTION ( 'NONE',  ( 0.0000000000000000000, 0.0000000000000000000, -1.000000000000000000 ) ) ;
#1326 = APPROVAL_STATUS ( 'not_yet_approved' ) ;
#1327 = ORIENTED_EDGE ( 'NONE', *, *, #2635, .T. ) ;
#1328 = DIRECTION ( 'NONE',  ( -0.06162841671621956800, -0.7044160264027585800, 0.7071067811865475700 ) ) ;
#1329 = CARTESIAN_POINT ( 'NONE',  ( 42.29999999999999700, -27.41170000000000000, -47.47845712183580200 ) ) ;
#1330 = ORIENTED_EDGE ( 'NONE', *, *, #1562, .F. ) ;
#1331 = CARTESIAN_POINT ( 'NONE',  ( 42.69686232792883400, -17.10295069827109400, -41.62317956875118300 ) ) ;
#1332 = ORIENTED_EDGE ( 'NONE', *, *, #2839, .F. ) ;
#1333 = APPLICATION_PROTOCOL_DEFINITION ( 'international standard', 'config_control_design', 1994, #1338 ) ;
#1334 = EDGE_CURVE ( 'E282', #1457, #2171, #502, .T. ) ;
#1335 = ORIENTED_EDGE ( 'NONE', *, *, #353, .F. ) ;
#1336 = ORIENTED_EDGE ( 'NONE', *, *, #2702, .F. ) ;
#1337 = CARTESIAN_POINT ( 'NONE',  ( 28.00000000000000000, -58.01886792452830100, -84.49888144085780100 ) ) ;
#1338 = APPLICATION_CONTEXT ( 'configuration controlled 3d designs of mechanical parts and assemblies' ) ;
#1339 = ORIENTED_EDGE ( 'NONE', *, *, #660, .F. ) ;
#1340 = PERSON_AND_ORGANIZATION_ROLE ( 'design_owner' ) ;
#1341 = EDGE_LOOP ( 'NONE', ( #794 ) ) ;
#1342 = MECHANICAL_CONTEXT ( 'NONE', #1356, 'mechanical' ) ;
#1343 = EDGE_LOOP ( 'NONE', ( #877, #1204, #1330, #1192, #1272, #2005, #1240, #1239 ) ) ;
#1344 = DIRECTION ( 'NONE',  ( -0.5000000000000001100, 0.7500000000000001100, -0.4330127018922190800 ) ) ;
#1345 = CARTESIAN_POINT ( 'NONE',  ( 28.00000000000000000, 148.0660377358489900, 22.67043160608379900 ) ) ;
#1346 = AXIS2_PLACEMENT_3D ( 'NONE', #293, #285, #277 ) ;
#1347 = ORIENTED_EDGE ( 'NONE', *, *, #3014, .T. ) ;
#1348 = DIRECTION ( 'NONE',  ( 1.000000000000000000, 0.0000000000000000000, 0.0000000000000000000 ) ) ;
#1349 = DIRECTION ( 'NONE',  ( 0.0000000000000000000, -1.000000000000000000, 0.0000000000000000000 ) ) ;
#1350 = VERTEX_POINT ( 'NONE', #2003 ) ;
#1351 = DIRECTION ( 'NONE',  ( 1.000000000000000000, 0.0000000000000000000, 0.0000000000000000000 ) ) ;
#1352 = EDGE_LOOP ( 'NONE', ( #1735 ) ) ;
#1353 = B_SPLINE_CURVE_WITH_KNOTS ( 'NONE', 3,
 ( #2230, #202, #22, #195 ),
 .UNSPECIFIED., .F., .F.,
 ( 4, 4 ),
 ( 0.1883802157482523400, 0.1887191506465872900 ),
 .UNSPECIFIED. ) ;
#1354 = AXIS2_PLACEMENT_3D ( 'NONE', #3002, #2983, #2981 ) ;
#1355 = EDGE_LOOP ( 'NONE', ( #1487 ) ) ;
#1356 = APPLICATION_CONTEXT ( 'configuration controlled 3d designs of mechanical parts and assemblies' ) ;
#1357 = PRODUCT_DEFINITION ( 'UNKNOWN', '', #2959, #1533 ) ;
#1358 = ORIENTED_EDGE ( 'NONE', *, *, #1648, .T. ) ;
#1359 = APPLICATION_PROTOCOL_DEFINITION ( 'international standard', 'config_control_design', 1994, #1356 ) ;
#1360 = AXIS2_PLACEMENT_3D ( 'NONE', #296, #1988, #2692 ) ;
#1361 = ORIENTED_EDGE ( 'NONE', *, *, #3006, .F. ) ;
#1362 = EDGE_LOOP ( 'NONE', ( #786 ) ) ;
#1363 = ORIENTED_EDGE ( 'NONE', *, *, #1199, .F. ) ;
#1364 = CARTESIAN_POINT ( 'NONE',  ( -41.00000000000000000, -132.5000000000000000, 0.0000000000000000000 ) ) ;
#1365 = ORIENTED_EDGE ( 'NONE', *, *, #2342, .T. ) ;
#1366 = EDGE_LOOP ( 'NONE', ( #734, #2102, #1408, #958, #1644 ) ) ;
#1367 =( NAMED_UNIT ( * ) SI_UNIT ( $, .STERADIAN. ) SOLID_ANGLE_UNIT ( ) );
#1368 = ORIENTED_EDGE ( 'NONE', *, *, #1268, .F. ) ;
#1369 = CARTESIAN_POINT ( 'NONE',  ( 45.76410161513780400, -26.43750000000000000, -45.79109322510220200 ) ) ;
#1370 = EDGE_LOOP ( 'NONE', ( #2237 ) ) ;
#1371 = EDGE_CURVE ( 'E695', #1197, #1293, #494, .T. ) ;
#1372 =( NAMED_UNIT ( * ) PLANE_ANGLE_UNIT ( ) SI_UNIT ( $, .RADIAN. ) );
#1373 = ORIENTED_EDGE ( 'NONE', *, *, #1169, .F. ) ;
#1374 = CARTESIAN_POINT ( 'NONE',  ( -19.30000000000000100, 157.2794260643690100, 27.50000000000000000 ) ) ;
#1375 = CARTESIAN_POINT ( 'NONE',  ( 12.88736104199415800, -39.72670059517767500, -68.23283613299354000 ) ) ;
#1376 = EDGE_LOOP ( 'NONE', ( #911 ) ) ;
#1377 = CARTESIAN_POINT ( 'NONE',  ( -18.23018817023877600, 96.85438624709270500, -27.49999999999999600 ) ) ;
#1378 = CARTESIAN_POINT ( 'NONE',  ( -40.00000000000000000, 58.01886792452830100, -84.49888144085780100 ) ) ;
#1379 = FACE_OUTER_BOUND ( 'NONE', #1546, .T. ) ;
#1380 = EDGE_LOOP ( 'NONE', ( #930 ) ) ;
#1381 =( LENGTH_UNIT ( ) NAMED_UNIT ( * ) SI_UNIT ( .MILLI., .METRE. ) );
#1382 = ORIENTED_EDGE ( 'NONE', *, *, #996, .T. ) ;
#1383 = DIRECTION ( 'NONE',  ( -1.000000000000000000, 0.0000000000000000000, -6.123031769111888800E-017 ) ) ;
#1384 = DIRECTION ( 'NONE',  ( -0.4999999999999998900, 0.0000000000000000000, -0.8660254037844387100 ) ) ;
#1385 = EDGE_CURVE ( 'NONE', #2186, #2186, #496, .T. ) ;
#1386 = ORIENTED_EDGE ( 'NONE', *, *, #1213, .T. ) ;
#1387 = DIRECTION ( 'NONE',  ( 0.0000000000000000000, 0.8660254037844384900, -0.5000000000000002200 ) ) ;
#1388 = DIRECTION ( 'NONE',  ( 1.000000000000000000, 0.0000000000000000000, 0.0000000000000000000 ) ) ;
#1389 = VERTEX_POINT ( 'NONE', #838 ) ;
#1390 = VECTOR ( 'NONE', #3041, 1000.000000000000100 ) ;
#1391 = ORIENTED_EDGE ( 'NONE', *, *, #2578, .F. ) ;
#1392 = DIRECTION ( 'NONE',  ( 0.0000000000000000000, 0.0000000000000000000, 1.000000000000000000 ) ) ;
#1393 = ORIENTED_EDGE ( 'NONE', *, *, #460, .F. ) ;
#1394 = CARTESIAN_POINT ( 'NONE',  ( -17.60430055816105700, 96.62257165743439200, -27.50000000000000000 ) ) ;
#1395 = PERSON_AND_ORGANIZATION ( #2326, #2749 ) ;
#1396 = EDGE_CURVE ( 'E140', #1068, #2738, #2554, .T. ) ;
#1397 = ORIENTED_EDGE ( 'NONE', *, *, #420, .T. ) ;
#1398 = PERSON_AND_ORGANIZATION ( #2326, #2749 ) ;
#1399 = DIRECTION ( 'NONE',  ( 1.224606353822375800E-016, 0.0000000000000000000, -1.000000000000000000 ) ) ;
#1400 = EDGE_LOOP ( 'NONE', ( #909 ) ) ;
#1401 = EDGE_LOOP ( 'NONE', ( #2030 ) ) ;
#1402 = DIRECTION ( 'NONE',  ( 1.000000000000000000, 0.0000000000000000000, 0.0000000000000000000 ) ) ;
#1403 = CARTESIAN_POINT ( 'NONE',  ( 12.92500000000000100, -59.39329997040860600, 34.29073772597554600 ) ) ;
#1404 = ORIENTED_EDGE ( 'NONE', *, *, #188, .F. ) ;
#1405 = CARTESIAN_POINT ( 'NONE',  ( -37.69999999999999600, 0.0000000000000000000, 55.50000000000000000 ) ) ;
#1406 = EDGE_CURVE ( 'E946', #2570, #2640, #488, .T. ) ;
#1407 = CARTESIAN_POINT ( 'NONE',  ( 45.76410161513780400, 52.87500000000000000, 2.121080424092025200E-016 ) ) ;
#1408 = ORIENTED_EDGE ( 'NONE', *, *, #123, .T. ) ;
#1409 = CARTESIAN_POINT ( 'NONE',  ( -17.47276521293414600, 96.60186285014933100, -27.49999999999999300 ) ) ;
#1410 = CARTESIAN_POINT ( 'NONE',  ( -37.69999999999999600, 0.0000000000000000000, 0.0000000000000000000 ) ) ;
#1411 = AXIS2_PLACEMENT_3D ( 'NONE', #1453, #2935, #2892 ) ;
#1412 = VERTEX_POINT ( 'NONE', #1503 ) ;
#1413 = DIRECTION ( 'NONE',  ( -1.000000000000000000, 0.0000000000000000000, 0.0000000000000000000 ) ) ;
#1414 = ORIENTED_EDGE ( 'NONE', *, *, #716, .F. ) ;
#1415 = CARTESIAN_POINT ( 'NONE',  ( 18.25000000000000000, -68.58147545195109300, 0.0000000000000000000 ) ) ;
#1416 = CARTESIAN_POINT ( 'NONE',  ( 11.75686884483740300, -33.50779823383749800, -59.83851930826265400 ) ) ;
#1417 = CARTESIAN_POINT ( 'NONE',  ( 26.03833542942290400, 0.0000000000000000000, 0.0000000000000000000 ) ) ;
#1418 = EDGE_LOOP ( 'NONE', ( #933 ) ) ;
#1419 = CARTESIAN_POINT ( 'NONE',  ( 43.85280080713132400, -17.29039155442746200, -41.54570597688196900 ) ) ;
#1420 = EDGE_LOOP ( 'NONE', ( #935 ) ) ;
#1421 = CARTESIAN_POINT ( 'NONE',  ( -18.49999999999999300, 0.0000000000000000000, -55.50000000000000000 ) ) ;
#1422 = AXIS2_PLACEMENT_3D ( 'NONE', #454, #708, #2964 ) ;
#1423 = CARTESIAN_POINT ( 'NONE',  ( 15.52873189213411800, 71.58562364992607700, 67.73260936495223900 ) ) ;
#1424 = EDGE_LOOP ( 'NONE', ( #1660 ) ) ;
#1425 = CARTESIAN_POINT ( 'NONE',  ( -18.43735083784585200, 0.0000000000000000000, 77.84641349530609500 ) ) ;
#1426 = CARTESIAN_POINT ( 'NONE',  ( -11.75713470315976400, 68.57557688754850700, -0.9006432242250435000 ) ) ;
#1427 = EDGE_CURVE ( 'E400', #2751, #1043, #483, .T. ) ;
#1428 = EDGE_LOOP ( 'NONE', ( #1163 ) ) ;
#1429 = CARTESIAN_POINT ( 'NONE',  ( 43.66256643927267300, -17.24607583263706400, -41.56409929872857800 ) ) ;
#1430 = CARTESIAN_POINT ( 'NONE',  ( 54.30000000000000400, 0.0000000000000000000, 45.00000000000000000 ) ) ;
#1431 = ORIENTED_EDGE ( 'NONE', *, *, #1129, .F. ) ;
#1432 = CARTESIAN_POINT ( 'NONE',  ( 43.08700346024620100, -17.13936082586413400, -41.60827128155391100 ) ) ;
#1433 = CARTESIAN_POINT ( 'NONE',  ( -18.50000000000000000, 0.0000000000000000000, 0.0000000000000000000 ) ) ;
#1434 = EDGE_LOOP ( 'NONE', ( #2181 ) ) ;
#1435 = CARTESIAN_POINT ( 'NONE',  ( 36.61377745214591800, 44.95920289681573900, 1.925029724789838700 ) ) ;
#1436 = CARTESIAN_POINT ( 'NONE',  ( -17.00000000000000000, 132.5000000000000000, -12.50000000000000000 ) ) ;
#1437 = DIRECTION ( 'NONE',  ( 0.06162841671621927000, 0.7044160264027586900, 0.7071067811865476800 ) ) ;
#1438 = ORIENTED_EDGE ( 'NONE', *, *, #701, .F. ) ;
#1439 = CARTESIAN_POINT ( 'NONE',  ( -11.07499999999999900, -17.75019198819595100, -66.24461834404940000 ) ) ;
#1440 = ORIENTED_EDGE ( 'NONE', *, *, #3026, .T. ) ;
#1441 = ORIENTED_EDGE ( 'NONE', *, *, #876, .T. ) ;
#1442 = VERTEX_POINT ( 'NONE', #2019 ) ;
#1443 = EDGE_LOOP ( 'NONE', ( #1135 ) ) ;
#1444 = CARTESIAN_POINT ( 'NONE',  ( 11.57711063936885100, -38.85677554515380900, -68.96474654548028100 ) ) ;
#1445 = B_SPLINE_CURVE_WITH_KNOTS ( 'NONE', 3,
 ( #517, #518, #521, #522, #481, #528, #539, #540, #543, #546, #551, #554, #557, #560, #563, #565, #567, #571, #577, #580, #583, #585, #589, #590, #591, #594, #596, #598, #602, #606, #611, #612, #616, #621, #623, #625, #627, #632, #635, #638, #642, #646, #650, #652, #657, #662, #663, #671, #677, #680, #688, #690, #696, #704, #709, #710, #718, #726, #732, #735, #739, #741, #744, #747, #752, #755, #760, #765, #768, #769, #771, #774, #777, #779, #781, #785, #788, #789, #792, #795, #799, #800, #806, #810, #813, #816, #820 ),
 .UNSPECIFIED., .T., .F.,
 ( 4, 2, 2, 2, 2, 2, 2, 2, 2, 2, 2, 2, 2, 2, 2, 2, 1, 2, 2, 2, 2, 2, 2, 2, 2, 2, 2, 2, 2, 2, 2, 2, 2, 2, 2, 2, 2, 2, 2, 2, 2, 2, 2, 4 ),
 ( 0.0000000000000000000, 0.001274310351098692900, 0.002548620702197385900, 0.003822931053296078800, 0.004460086228845415100, 0.005097241404394750900, 0.006371551755493402700, 0.007645862106592053600, 0.008920172457690703600, 0.01019448280878935600, 0.01083163798433867100, 0.01146879315988798800, 0.01274310351098663700, 0.01401741386208528500, 0.01529172421318393200, 0.01592887938873325700, 0.01656603456428257900, 0.01720318973983190100, 0.01784034491538122300, 0.01911465526647986700, 0.01975181044202918900, 0.02038896561757851100, 0.02166327596867715500, 0.02293758631977579600, 0.02357474149532512100, 0.02421189667087444600, 0.02548620702197307000, 0.02676051737307169600, 0.02803482772417031900, 0.02867198289971963100, 0.02930913807526894200, 0.03058344842636756500, 0.03122060360191687400, 0.03185775877746617500, 0.03313206912856479800, 0.03440637947966342800, 0.03504353465521273900, 0.03568068983076205100, 0.03695500018186067400, 0.03759215535740998600, 0.03822931053295929700, 0.03886646570850861600, 0.03950362088405793400, 0.04077793123515654300 ),
 .UNSPECIFIED. ) ;
#1446 = DIRECTION ( 'NONE',  ( -6.123031769111888800E-017, 1.000000000000000000, 0.0000000000000000000 ) ) ;
#1447 = DIRECTION ( 'NONE',  ( 1.000000000000000000, 0.0000000000000000000, 0.0000000000000000000 ) ) ;
#1448 = EDGE_LOOP ( 'NONE', ( #2971 ) ) ;
#1449 = CARTESIAN_POINT ( 'NONE',  ( 43.09201057597233100, 44.60357939869148700, -5.960430591990657900 ) ) ;
#1450 = VERTEX_POINT ( 'NONE', #1548 ) ;
#1451 = CARTESIAN_POINT ( 'NONE',  ( 18.49999999999998200, 0.0000000000000000000, 77.36904887319150200 ) ) ;
#1452 = ORIENTED_EDGE ( 'NONE', *, *, #81, .T. ) ;
#1453 = CARTESIAN_POINT ( 'NONE',  ( 28.00000000000000000, 0.0000000000000000000, 0.0000000000000000000 ) ) ;
#1454 = ORIENTED_EDGE ( 'NONE', *, *, #2842, .T. ) ;
#1455 = CARTESIAN_POINT ( 'NONE',  ( -39.69999999999999600, 0.0000000000000000000, 53.50000000000000000 ) ) ;
#1456 = VECTOR ( 'NONE', #1712, 1000.000000000000100 ) ;
#1457 = VERTEX_POINT ( 'NONE', #469 ) ;
#1458 = CARTESIAN_POINT ( 'NONE',  ( 36.49967497484036000, 44.97377645529463300, 1.547609740068667500 ) ) ;
#1459 = CARTESIAN_POINT ( 'NONE',  ( 18.25000000000000000, 0.0000000000000000000, 55.50000000000000000 ) ) ;
#1460 = DIRECTION ( 'NONE',  ( 0.0000000000000000000, 0.0000000000000000000, 1.000000000000000000 ) ) ;
#1461 = EDGE_LOOP ( 'NONE', ( #988 ) ) ;
#1462 = CARTESIAN_POINT ( 'NONE',  ( -28.50000000000000000, 0.0000000000000000000, -88.00000000000000000 ) ) ;
#1463 = CARTESIAN_POINT ( 'NONE',  ( 12.24114403289663900, -33.50729475578251000, -59.83880116963136000 ) ) ;
#1464 = CARTESIAN_POINT ( 'NONE',  ( 42.29999999999999700, 45.00000000000000000, -5.323399999999999500 ) ) ;
#1465 = EDGE_LOOP ( 'NONE', ( #873 ) ) ;
#1466 = DIRECTION ( 'NONE',  ( 6.769652589177783600E-017, 0.0000000000000000000, -1.000000000000000000 ) ) ;
#1467 = PLANE ( 'NONE',  #2545 ) ;
#1468 = EDGE_LOOP ( 'NONE', ( #1913 ) ) ;
#1469 = DIRECTION ( 'NONE',  ( 0.0000000000000000000, 0.0000000000000000000, 1.000000000000000000 ) ) ;
#1470 = CARTESIAN_POINT ( 'NONE',  ( 6.540737725975560600, 0.0000000000000000000, 68.58147545195109300 ) ) ;
#1471 = ORIENTED_EDGE ( 'NONE', *, *, #871, .F. ) ;
#1472 = CARTESIAN_POINT ( 'NONE',  ( 11.90138440379430000, -68.96631169486309400, 38.75570797289230300 ) ) ;
#1473 = EDGE_CURVE ( 'NONE', #692, #692, #480, .T. ) ;
#1474 = AXIS2_PLACEMENT_3D ( 'NONE', #1215, #1209, #1658 ) ;
#1475 = CARTESIAN_POINT ( 'NONE',  ( 36.45471031592530400, 44.97961724318033600, -1.367784456772079600 ) ) ;
#1476 = CARTESIAN_POINT ( 'NONE',  ( 11.66592309245774000, 70.47682344159599700, 70.74603345771410500 ) ) ;
#1477 = VERTEX_POINT ( 'NONE', #395 ) ;
#1478 = DIRECTION ( 'NONE',  ( 1.000000000000000000, 0.0000000000000000000, 6.123031769111888800E-017 ) ) ;
#1479 = CARTESIAN_POINT ( 'NONE',  ( 45.76410161513780400, -27.75000000000000000, -48.06440991003640300 ) ) ;
#1480 = CARTESIAN_POINT ( 'NONE',  ( -40.00000000000000000, 0.0000000000000000000, 0.0000000000000000000 ) ) ;
#1481 = VERTEX_POINT ( 'NONE', #1369 ) ;
#1482 = VERTEX_POINT ( 'NONE', #1771 ) ;
#1483 = ORIENTED_EDGE ( 'NONE', *, *, #1919, .T. ) ;
#1484 = DIRECTION ( 'NONE',  ( 0.0000000000000000000, 0.0000000000000000000, 1.000000000000000000 ) ) ;
#1485 = CARTESIAN_POINT ( 'NONE',  ( 18.50000000000000000, 0.0000000000000000000, 77.83154887319149400 ) ) ;
#1486 = EDGE_LOOP ( 'NONE', ( #796 ) ) ;
#1487 = ORIENTED_EDGE ( 'NONE', *, *, #74, .T. ) ;
#1488 = CARTESIAN_POINT ( 'NONE',  ( 44.03205080756889300, -30.34807621135330200, -46.56440991003640300 ) ) ;
#1489 = DIRECTION ( 'NONE',  ( 0.0000000000000000000, -1.000000000000000000, 0.0000000000000000000 ) ) ;
#1490 = CARTESIAN_POINT ( 'NONE',  ( 42.29999999999999700, -27.11019963450608100, -36.30944317029975100 ) ) ;
#1491 = AXIS2_PLACEMENT_3D ( 'NONE', #366, #534, #2266 ) ;
#1492 = CARTESIAN_POINT ( 'NONE',  ( -40.00000000000000000, 132.5000000000000000, -8.113017094073249300E-015 ) ) ;
#1493 = EDGE_LOOP ( 'NONE', ( #2151, #1076, #1441, #1386 ) ) ;
#1494 = CARTESIAN_POINT ( 'NONE',  ( -18.49999999999998900, 0.0000000000000000000, -77.36904887319150200 ) ) ;
#1495 = CARTESIAN_POINT ( 'NONE',  ( 18.50000000000000000, -88.00000000000000000, 0.0000000000000000000 ) ) ;
#1496 = EDGE_LOOP ( 'NONE', ( #1637 ) ) ;
#1497 = CARTESIAN_POINT ( 'NONE',  ( -39.69999999999999600, 0.0000000000000000000, 47.00000000000000000 ) ) ;
#1498 = CARTESIAN_POINT ( 'NONE',  ( -37.69999999999999600, 0.0000000000000000000, 45.00000000000000000 ) ) ;
#1499 = LINE ( 'NONE', #2678, #2667 ) ;
#1500 = EDGE_LOOP ( 'NONE', ( #1558 ) ) ;
#1501 = CARTESIAN_POINT ( 'NONE',  ( -18.25000000000000000, -68.58147545195109300, -2.234906595725840100E-015 ) ) ;
#1502 = EDGE_LOOP ( 'NONE', ( #1194, #1999, #1816, #843 ) ) ;
#1503 = CARTESIAN_POINT ( 'NONE',  ( -19.30000000000000100, -148.0660377358489900, -22.67043160608379900 ) ) ;
#1504 = EDGE_LOOP ( 'NONE', ( #895 ) ) ;
#1505 = CARTESIAN_POINT ( 'NONE',  ( 46.81947896837059600, -18.97845252594332500, -40.80313034315936700 ) ) ;
#1506 = CIRCLE ( 'NONE', #1700, 100.4134574310180000 ) ;
#1507 = CARTESIAN_POINT ( 'NONE',  ( -11.07499999999999900, 68.58147545195109300, 0.0000000000000000000 ) ) ;
#1508 = CARTESIAN_POINT ( 'NONE',  ( -6.540737725975560600, 0.0000000000000000000, -68.58147545195109300 ) ) ;
#1509 = ORIENTED_EDGE ( 'NONE', *, *, #2447, .T. ) ;
#1510 = CARTESIAN_POINT ( 'NONE',  ( 47.39666458364865100, -19.69696270192191500, -40.46055708980510700 ) ) ;
#1511 = DIRECTION ( 'NONE',  ( -0.06162841671621956800, -0.7044160264027585800, 0.7071067811865475700 ) ) ;
#1512 = EDGE_CURVE ( 'E864', #1955, #2570, #476, .T. ) ;
#1513 = ORIENTED_EDGE ( 'NONE', *, *, #1889, .T. ) ;
#1514 = VERTEX_POINT ( 'NONE', #1624 ) ;
#1515 = CARTESIAN_POINT ( 'NONE',  ( 11.12934767528945900, -39.88127145318435400, -68.45160192771649600 ) ) ;
#1516 = CARTESIAN_POINT ( 'NONE',  ( 28.00000000000000000, 0.0000000000000000000, 95.88111203991211100 ) ) ;
#1517 = EDGE_LOOP ( 'NONE', ( #2177 ) ) ;
#1518 = EDGE_CURVE ( 'NONE', #223, #223, #467, .T. ) ;
#1519 = CARTESIAN_POINT ( 'NONE',  ( 56.30000000000000400, 0.0000000000000000000, 53.50000000000000000 ) ) ;
#1520 = DIRECTION ( 'NONE',  ( 0.0000000000000000000, 0.0000000000000000000, -1.000000000000000000 ) ) ;
#1521 = ORIENTED_EDGE ( 'NONE', *, *, #628, .F. ) ;
#1522 = PERSON_AND_ORGANIZATION ( #2326, #2749 ) ;
#1523 = CARTESIAN_POINT ( 'NONE',  ( 35.77620075328573500, -28.96192595783906800, -47.34592413462634400 ) ) ;
#1524 = EDGE_LOOP ( 'NONE', ( #947 ) ) ;
#1525 = ORIENTED_EDGE ( 'NONE', *, *, #2867, .F. ) ;
#1526 = CARTESIAN_POINT ( 'NONE',  ( -18.50000000000000000, 88.00000000000000000, 0.0000000000000000000 ) ) ;
#1527 = EDGE_LOOP ( 'NONE', ( #2761 ) ) ;
#1528 = DIRECTION ( 'NONE',  ( 0.0000000000000000000, 0.0000000000000000000, 1.000000000000000000 ) ) ;
#1529 = DIRECTION ( 'NONE',  ( -6.123031769111888800E-017, 1.000000000000000000, 0.0000000000000000000 ) ) ;
#1530 = CARTESIAN_POINT ( 'NONE',  ( 56.30000000000000400, 0.0000000000000000000, 47.00000000000000000 ) ) ;
#1531 = CARTESIAN_POINT ( 'NONE',  ( -28.50000000000000000, -92.25000000000000000, 0.0000000000000000000 ) ) ;
#1532 = EDGE_CURVE ( 'NONE', #371, #371, #474, .T. ) ;
#1533 = DESIGN_CONTEXT ( 'detailed design', #1338, 'design' ) ;
#1534 = DIRECTION ( 'NONE',  ( 0.0000000000000000000, -0.8660254037844383700, 0.5000000000000005600 ) ) ;
#1535 = ORIENTED_EDGE ( 'NONE', *, *, #1636, .T. ) ;
#1536 = CARTESIAN_POINT ( 'NONE',  ( 35.70529208726181000, -28.59864104124705600, -47.56435357065100800 ) ) ;
#1537 = CARTESIAN_POINT ( 'NONE',  ( -40.00000000000000000, 132.5000000000000000, -12.50000000000000000 ) ) ;
#1538 = CARTESIAN_POINT ( 'NONE',  ( 48.14583397620259600, -21.30708586553461000, -39.63641792879245400 ) ) ;
#1539 = ORIENTED_EDGE ( 'NONE', *, *, #2944, .T. ) ;
#1540 = CARTESIAN_POINT ( 'NONE',  ( 42.29999999999999700, 45.67660000000000100, 6.000000000000000000 ) ) ;
#1541 = EDGE_LOOP ( 'NONE', ( #2033, #1393, #2693, #2951, #1258, #1257, #2008, #1246 ) ) ;
#1542 = AXIS2_PLACEMENT_3D ( 'NONE', #295, #297, #302 ) ;
#1543 = CARTESIAN_POINT ( 'NONE',  ( 47.49831769691014900, -25.05043990804562500, -37.38322756546899200 ) ) ;
#1544 = AXIS2_PLACEMENT_3D ( 'NONE', #979, #995, #987 ) ;
#1545 = CARTESIAN_POINT ( 'NONE',  ( 7.797527198862180600, 58.69558757686989700, 53.79615756342639800 ) ) ;
#1546 = EDGE_LOOP ( 'NONE', ( #1781 ) ) ;
#1547 = CARTESIAN_POINT ( 'NONE',  ( 13.19735933322006000, 58.08652661678728900, 53.40289971513970400 ) ) ;
#1548 = CARTESIAN_POINT ( 'NONE',  ( -39.99999999999999300, 0.0000000000000000000, -92.25000000000000000 ) ) ;
#1549 = EDGE_CURVE ( 'E409', #1043, #1389, #462, .T. ) ;
#1550 = DIRECTION ( 'NONE',  ( 0.0000000000000000000, 0.0000000000000000000, -1.000000000000000000 ) ) ;
#1551 = ORIENTED_EDGE ( 'NONE', *, *, #970, .T. ) ;
#1552 = CARTESIAN_POINT ( 'NONE',  ( 12.00000000000000000, 0.0000000000000000000, 0.0000000000000000000 ) ) ;
#1553 = EDGE_LOOP ( 'NONE', ( #1860 ) ) ;
#1554 = ORIENTED_EDGE ( 'NONE', *, *, #2898, .F. ) ;
#1555 = DIRECTION ( 'NONE',  ( 1.000000000000000000, 0.0000000000000000000, 6.123031769111888800E-017 ) ) ;
#1556 = AXIS2_PLACEMENT_3D ( 'NONE', #444, #234, #457 ) ;
#1557 = CARTESIAN_POINT ( 'NONE',  ( 42.29999999999999700, 55.50000000000000000, -5.323399999999999500 ) ) ;
#1558 = ORIENTED_EDGE ( 'NONE', *, *, #2219, .F. ) ;
#1559 = VECTOR ( 'NONE', #2565, 1000.000000000000000 ) ;
#1560 = EDGE_LOOP ( 'NONE', ( #1098 ) ) ;
#1561 = CARTESIAN_POINT ( 'NONE',  ( -18.24999999999999300, 0.0000000000000000000, -55.50000000000000000 ) ) ;
#1562 = EDGE_CURVE ( 'E34', #1068, #1067, #463, .T. ) ;
#1563 = EDGE_LOOP ( 'NONE', ( #1332 ) ) ;
#1564 = FACE_OUTER_BOUND ( 'NONE', #1615, .T. ) ;
#1565 = CARTESIAN_POINT ( 'NONE',  ( 11.87706914548332400, -33.48665406739059600, -59.85033646148501400 ) ) ;
#1566 = CARTESIAN_POINT ( 'NONE',  ( 42.29999999999999700, -22.21554757729336800, -50.47845712183580200 ) ) ;
#1567 = ORIENTED_EDGE ( 'NONE', *, *, #1473, .F. ) ;
#1568 = EDGE_LOOP ( 'NONE', ( #1580 ) ) ;
#1569 = CARTESIAN_POINT ( 'NONE',  ( 47.49831769691016300, 44.90004470117367000, -3.002703553608540200 ) ) ;
#1570 = CARTESIAN_POINT ( 'NONE',  ( 28.00000000000000700, 0.0000000000000000000, -88.00000000000000000 ) ) ;
#1571 = DIRECTION ( 'NONE',  ( 0.0000000000000000000, 0.0000000000000000000, 1.000000000000000000 ) ) ;
#1572 = DIRECTION ( 'NONE',  ( -6.123031769111888800E-017, 1.000000000000000000, 0.0000000000000000000 ) ) ;
#1573 = EDGE_LOOP ( 'NONE', ( #1987 ) ) ;
#1574 = EDGE_LOOP ( 'NONE', ( #836 ) ) ;
#1575 = CARTESIAN_POINT ( 'NONE',  ( 54.30000000000000400, 0.0000000000000000000, 55.50000000000000000 ) ) ;
#1576 = ORIENTED_EDGE ( 'NONE', *, *, #515, .F. ) ;
#1577 = AXIS2_PLACEMENT_3D ( 'NONE', #846, #849, #853 ) ;
#1578 = CARTESIAN_POINT ( 'NONE',  ( 42.29999999999999700, -17.10295069827109800, -41.62317956875120500 ) ) ;
#1579 =( GEOMETRIC_REPRESENTATION_CONTEXT ( 3 ) GLOBAL_UNCERTAINTY_ASSIGNED_CONTEXT ( ( #2272 ) ) GLOBAL_UNIT_ASSIGNED_CONTEXT ( ( #1381, #1372, #1367 ) ) REPRESENTATION_CONTEXT ( 'NONE', 'WORKASPACE' ) );
#1580 = ORIENTED_EDGE ( 'NONE', *, *, #515, .T. ) ;
#1581 = CARTESIAN_POINT ( 'NONE',  ( 11.53319506101670000, -33.58887526471419700, -59.79304636775381000 ) ) ;
#1582 = DIRECTION ( 'NONE',  ( -1.000000000000000000, 0.0000000000000000000, 0.0000000000000000000 ) ) ;
#1583 = EDGE_LOOP ( 'NONE', ( #1232 ) ) ;
#1584 = CARTESIAN_POINT ( 'NONE',  ( 7.327014139031766700, 71.51426754096567600, 68.48866364358914900 ) ) ;
#1585 = ORIENTED_EDGE ( 'NONE', *, *, #2702, .T. ) ;
#1586 = CARTESIAN_POINT ( 'NONE',  ( -17.00000000000000000, -132.5000000000000000, -12.50000000000000000 ) ) ;
#1587 = CARTESIAN_POINT ( 'NONE',  ( 7.106028764911211000, 71.23017903472522500, 68.80273059729158500 ) ) ;
#1588 = VERTEX_POINT ( 'NONE', #1378 ) ;
#1589 = CARTESIAN_POINT ( 'NONE',  ( 28.00000000000000000, 148.0660377358489900, 22.67043160608379900 ) ) ;
#1590 = DIRECTION ( 'NONE',  ( 1.000000000000000000, 2.775557561562890400E-016, -1.602468905319635000E-016 ) ) ;
#1591 = ORIENTED_EDGE ( 'NONE', *, *, #2242, .T. ) ;
#1592 = CARTESIAN_POINT ( 'NONE',  ( 48.26117011088937400, 44.99477501636546600, -0.7864384590193235200 ) ) ;
#1593 = EDGE_LOOP ( 'NONE', ( #1397 ) ) ;
#1594 = FACE_OUTER_BOUND ( 'NONE', #2899, .T. ) ;
#1595 = CARTESIAN_POINT ( 'NONE',  ( 6.540737725975570300, 0.0000000000000000000, 55.50000000000000000 ) ) ;
#1596 = ORIENTED_EDGE ( 'NONE', *, *, #575, .F. ) ;
#1597 = FACE_BOUND ( 'NONE', #1047, .T. ) ;
#1598 = CARTESIAN_POINT ( 'NONE',  ( 36.68070548484713800, 44.95076094971123100, 2.112382288893807700 ) ) ;
#1599 = CARTESIAN_POINT ( 'NONE',  ( 7.917685158873561100, 67.59349858569460400, 72.31450355090832700 ) ) ;
#1600 = CARTESIAN_POINT ( 'NONE',  ( -19.24012385890624400, -98.21192059249226200, 27.50000000000000400 ) ) ;
#1601 = EDGE_LOOP ( 'NONE', ( #1654 ) ) ;
#1602 = CARTESIAN_POINT ( 'NONE',  ( 7.705074231892390400, 67.77707390055341800, 72.15958255403666000 ) ) ;
#1603 = EDGE_CURVE ( 'E79', #1350, #1197, #1353, .T. ) ;
#1604 = CARTESIAN_POINT ( 'NONE',  ( 7.064980321337578100, 68.60185408144896300, 71.42699527854854600 ) ) ;
#1605 = CARTESIAN_POINT ( 'NONE',  ( 12.92500000000000100, -34.29073772597554600, -59.39329997040860600 ) ) ;
#1606 = ORIENTED_EDGE ( 'NONE', *, *, #2882, .T. ) ;
#1607 = VECTOR ( 'NONE', #2621, 1000.000000000000000 ) ;
#1608 = VERTEX_POINT ( 'NONE', #2710 ) ;
#1609 = DIRECTION ( 'NONE',  ( 0.8660254037844387100, 0.0000000000000000000, -0.4999999999999998900 ) ) ;
#1610 = B_SPLINE_CURVE_WITH_KNOTS ( 'NONE', 3,
 ( #1914, #1897, #1893, #1882, #1878, #1862, #1858, #1850, #1846, #1840, #1836, #1834, #1814, #1809, #1801, #1795, #1791, #1788, #1787, #1785, #1779, #1776, #1775, #1770, #1764, #1761, #1760, #1758, #1754, #1738, #1733, #1727 ),
 .UNSPECIFIED., .T., .F.,
 ( 4, 2, 2, 2, 2, 2, 2, 2, 2, 2, 2, 2, 2, 2, 2, 4 ),
 ( 0.0000000000000000000, 0.0003614598959430423100, 0.0007229197918860846300, 0.001084379687829126900, 0.001445839583772169300, 0.001807299479715211600, 0.002168759375658253800, 0.002530219271601295900, 0.002891679167544338500, 0.003253139063487381100, 0.003614598959430423200, 0.003976058855373465000, 0.004337518751316507500, 0.004698978647259550100, 0.005060438543202591900, 0.005783358335088669200 ),
 .UNSPECIFIED. ) ;
#1611 = DATE_AND_TIME ( #422, #2706 ) ;
#1612 = ADVANCED_FACE ( 'E1136', ( #451 ), #1049, .T. ) ;
#1613 = ORIENTED_EDGE ( 'NONE', *, *, #2358, .T. ) ;
#1614 = ADVANCED_FACE ( 'E1395', ( #458, #455 ), #440, .F. ) ;
#1615 = EDGE_LOOP ( 'NONE', ( #2075 ) ) ;
#1616 = CARTESIAN_POINT ( 'NONE',  ( -18.92327508091197800, -97.47572910694289300, 27.50000000000000000 ) ) ;
#1617 = EDGE_LOOP ( 'NONE', ( #1879, #2229, #1958, #2768 ) ) ;
#1618 = ADVANCED_FACE ( 'E318', ( #461 ), #840, .F. ) ;
#1619 = CARTESIAN_POINT ( 'NONE',  ( 36.30035398663544300, -22.84814046733173900, -38.77008967798313000 ) ) ;
#1620 = PLANE ( 'NONE',  #1422 ) ;
#1621 = EDGE_LOOP ( 'NONE', ( #1107 ) ) ;
#1622 = VERTEX_POINT ( 'NONE', #953 ) ;
#1623 = ADVANCED_FACE ( 'E1403', ( #434, #449 ), #430, .F. ) ;
#1624 = CARTESIAN_POINT ( 'NONE',  ( -40.00000000000000000, -132.5000000000000000, -12.50000000000000000 ) ) ;
#1625 = EDGE_CURVE ( 'NONE', #750, #750, #433, .T. ) ;
#1626 = ORIENTED_EDGE ( 'NONE', *, *, #1736, .T. ) ;
#1627 = CARTESIAN_POINT ( 'NONE',  ( 42.29999999999999700, 54.82339999999999900, 0.0000000000000000000 ) ) ;
#1628 = CARTESIAN_POINT ( 'NONE',  ( -18.50000000000000000, 0.0000000000000000000, -77.83154887319149400 ) ) ;
#1629 = CARTESIAN_POINT ( 'NONE',  ( 26.03833542942290400, 0.0000000000000000000, 97.94827517685409600 ) ) ;
#1630 = EDGE_LOOP ( 'NONE', ( #2231 ) ) ;
#1631 = CARTESIAN_POINT ( 'NONE',  ( 12.78327755202088900, -39.92411401543540000, -68.13712407100889800 ) ) ;
#1632 = CARTESIAN_POINT ( 'NONE',  ( -19.30000000000000100, 157.2794260643690100, 0.0000000000000000000 ) ) ;
#1633 = FACE_OUTER_BOUND ( 'NONE', #1298, .T. ) ;
#1634 = ORIENTED_EDGE ( 'NONE', *, *, #2898, .T. ) ;
#1635 = AXIS2_PLACEMENT_3D ( 'NONE', #121, #548, #2804 ) ;
#1636 = EDGE_CURVE ( 'NONE', #1040, #1040, #438, .T. ) ;
#1637 = ORIENTED_EDGE ( 'NONE', *, *, #676, .F. ) ;
#1638 = DIRECTION ( 'NONE',  ( -3.204937810639275000E-016, 0.0000000000000000000, 1.000000000000000000 ) ) ;
#1639 = ADVANCED_FACE ( 'E906', ( #443, #426 ), #410, .T. ) ;
#1640 = CARTESIAN_POINT ( 'NONE',  ( 47.39666458364865100, 44.88835164200276800, 3.172208467643597100 ) ) ;
#1641 = EDGE_LOOP ( 'NONE', ( #1949 ) ) ;
#1642 = CARTESIAN_POINT ( 'NONE',  ( -12.66173704701639800, -21.06815531401665000, -76.13023871377710300 ) ) ;
#1643 = CARTESIAN_POINT ( 'NONE',  ( -6.540737725975570300, 0.0000000000000000000, -55.50000000000000000 ) ) ;
#1644 = ORIENTED_EDGE ( 'NONE', *, *, #206, .F. ) ;
#1645 = FACE_OUTER_BOUND ( 'NONE', #809, .T. ) ;
#1646 = CARTESIAN_POINT ( 'NONE',  ( -39.69999999999999600, 0.0000000000000000000, 0.0000000000000000000 ) ) ;
#1647 = ADVANCED_FACE ( 'E118', ( #424 ), #2703, .T. ) ;
#1648 = EDGE_CURVE ( 'NONE', #2257, #2257, #416, .T. ) ;
#1649 = ORIENTED_EDGE ( 'NONE', *, *, #740, .F. ) ;
#1650 = ADVANCED_FACE ( 'E733', ( #425, #417 ), #2885, .T. ) ;
#1651 = ADVANCED_FACE ( 'E596', ( #445 ), #413, .F. ) ;
#1652 = CARTESIAN_POINT ( 'NONE',  ( 7.197515560672517400, 68.38546930417314200, 71.62360258643100500 ) ) ;
#1653 = CARTESIAN_POINT ( 'NONE',  ( 47.49866873980222000, -19.85018714351228700, -40.38564252854903500 ) ) ;
#1654 = ORIENTED_EDGE ( 'NONE', *, *, #701, .T. ) ;
#1655 = CARTESIAN_POINT ( 'NONE',  ( 37.30917588992794300, 55.34142786571519700, -4.192417194816474800 ) ) ;
#1656 = PERSON_AND_ORGANIZATION ( #2326, #2749 ) ;
#1657 = ADVANCED_FACE ( 'E642', ( #404, #397 ), #541, .T. ) ;
#1658 = DIRECTION ( 'NONE',  ( 0.0000000000000000000, -1.000000000000000000, 0.0000000000000000000 ) ) ;
#1659 = EDGE_CURVE ( 'E319', #1412, #1032, #391, .T. ) ;
#1660 = ORIENTED_EDGE ( 'NONE', *, *, #2342, .F. ) ;
#1661 = CARTESIAN_POINT ( 'NONE',  ( 40.93950660010990800, -27.37296636297428500, -35.71725372555756200 ) ) ;
#1662 = PLANE ( 'NONE',  #2829 ) ;
#1663 = ORIENTED_EDGE ( 'NONE', *, *, #1022, .T. ) ;
#1664 = DIRECTION ( 'NONE',  ( 1.000000000000000000, 0.0000000000000000000, 6.123031769111888800E-017 ) ) ;
#1665 = ORIENTED_EDGE ( 'NONE', *, *, #2234, .F. ) ;
#1666 = CARTESIAN_POINT ( 'NONE',  ( 40.37093343667865500, -27.24296167210560100, -35.81653777654961600 ) ) ;
#1667 = ADVANCED_FACE ( 'E224', ( #387 ), #219, .T. ) ;
#1668 = DIRECTION ( 'NONE',  ( 0.0000000000000000000, 0.0000000000000000000, -1.000000000000000000 ) ) ;
#1669 = ORIENTED_EDGE ( 'NONE', *, *, #2785, .F. ) ;
#1670 = CARTESIAN_POINT ( 'NONE',  ( 42.29999999999999700, 45.00000000000000000, 0.0000000000000000000 ) ) ;
#1671 = B_SPLINE_CURVE_WITH_KNOTS ( 'NONE', 3,
 ( #2529, #2473, #2517, #2511, #2489, #2487, #2471, #1426, #2445, #2849, #2467, #2460, #2458, #2440, #2351, #2417, #2290, #2384, #2334, #2345, #2350, #2347, #2281, #2319, #2318, #2311, #2304, #2268, #2249, #2246, #2277, #2256 ),
 .UNSPECIFIED., .T., .F.,
 ( 4, 2, 2, 2, 2, 2, 2, 2, 2, 2, 2, 2, 2, 2, 2, 4 ),
 ( 0.0000000000000000000, 0.0003614598959430419300, 0.0007229197918860838700, 0.001084379687829125800, 0.001445839583772167700, 0.001807299479715209500, 0.002168759375658251600, 0.002530219271601293300, 0.002891679167544335500, 0.003253139063487377600, 0.003614598959430418900, 0.003976058855373461500, 0.004337518751316503200, 0.004698978647259544900, 0.005060438543202586600, 0.005783358335088674400 ),
 .UNSPECIFIED. ) ;
#1672 = EDGE_CURVE ( 'E878', #1608, #992, #385, .T. ) ;
#1673 = CARTESIAN_POINT ( 'NONE',  ( 35.70529208726180300, -28.59864104124705300, -47.56435357065100100 ) ) ;
#1674 = ORIENTED_EDGE ( 'NONE', *, *, #1117, .T. ) ;
#1675 = CARTESIAN_POINT ( 'NONE',  ( 36.33971667220618000, -23.18362635372946900, -38.57028228757772600 ) ) ;
#1676 = ADVANCED_FACE ( 'E839', ( #382, #381 ), #364, .F. ) ;
#1677 = CARTESIAN_POINT ( 'NONE',  ( -17.33833542942290200, -96.59453773563819800, 27.50000000000000000 ) ) ;
#1678 = ORIENTED_EDGE ( 'NONE', *, *, #876, .F. ) ;
#1679 = CARTESIAN_POINT ( 'NONE',  ( 42.29999999999999700, -22.50000000000000000, -38.97114317029975400 ) ) ;
#1680 = AXIS2_PLACEMENT_3D ( 'NONE', #110, #66, #62 ) ;
#1681 = CARTESIAN_POINT ( 'NONE',  ( 41.52081668038971400, -27.46516398531500200, -35.64646927926058600 ) ) ;
#1682 = CARTESIAN_POINT ( 'NONE',  ( 42.29999999999999700, 54.82339999999999900, 6.000000000000000000 ) ) ;
#1683 = EDGE_CURVE ( 'E1152', #1120, #1014, #367, .T. ) ;
#1684 = ORIENTED_EDGE ( 'NONE', *, *, #384, .T. ) ;
#1685 = PLANE ( 'NONE',  #152 ) ;
#1686 = CARTESIAN_POINT ( 'NONE',  ( -16.65000000000000200, 0.0000000000000000000, 2.265521754571399700E-016 ) ) ;
#1687 = ORIENTED_EDGE ( 'NONE', *, *, #1889, .F. ) ;
#1688 = PRODUCT_RELATED_PRODUCT_CATEGORY ( 'detail', '', ( #1140 ) ) ;
#1689 = CARTESIAN_POINT ( 'NONE',  ( 42.29999999999999700, -32.36019963450608100, -45.40270991003640000 ) ) ;
#1690 = ORIENTED_EDGE ( 'NONE', *, *, #1094, .F. ) ;
#1691 = PLANE ( 'NONE',  #3010 ) ;
#1692 = ORIENTED_EDGE ( 'NONE', *, *, #778, .F. ) ;
#1693 = CARTESIAN_POINT ( 'NONE',  ( 7.917685158873559300, 67.59349858569460400, 72.31450355090831300 ) ) ;
#1694 = ADVANCED_FACE ( 'E454', ( #362, #401, #374, #360 ), #2908, .F. ) ;
#1695 = ADVANCED_FACE ( 'E339', ( #358 ), #343, .T. ) ;
#1696 = CARTESIAN_POINT ( 'NONE',  ( 18.43735083784586200, 0.0000000000000000000, -77.84641349530609500 ) ) ;
#1697 = ORIENTED_EDGE ( 'NONE', *, *, #1371, .F. ) ;
#1698 = CARTESIAN_POINT ( 'NONE',  ( -12.77082129943340000, 78.97242977022800400, -0.5113311298364570100 ) ) ;
#1699 = ADVANCED_BREP_SHAPE_REPRESENTATION ( 'UCFL-218', ( #1810, #418 ), #1579 ) ;
#1700 = AXIS2_PLACEMENT_3D ( 'NONE', #2595, #2591, #2580 ) ;
#1701 = ORIENTED_EDGE ( 'NONE', *, *, #986, .T. ) ;
#1702 = CALENDAR_DATE ( 2019, 8, 3 ) ;
#1703 = CARTESIAN_POINT ( 'NONE',  ( 42.29999999999999700, -17.64214757729336500, -42.55709595850030500 ) ) ;
#1704 = ORIENTED_EDGE ( 'NONE', *, *, #1117, .F. ) ;
#1705 = EDGE_LOOP ( 'NONE', ( #1591, #1848, #2195, #1283 ) ) ;
#1706 = CARTESIAN_POINT ( 'NONE',  ( 42.29999999999999700, 44.59820624195550200, 6.000000000000000000 ) ) ;
#1707 = DIRECTION ( 'NONE',  ( 0.0000000000000000000, 0.8660254037844384900, -0.5000000000000002200 ) ) ;
#1708 = EDGE_LOOP ( 'NONE', ( #940 ) ) ;
#1709 = CARTESIAN_POINT ( 'NONE',  ( 46.81947896837059600, 44.82577369407531600, 3.965743159595798200 ) ) ;
#1710 = CARTESIAN_POINT ( 'NONE',  ( 18.50000000000000000, 0.0000000000000000000, 55.50000000000000000 ) ) ;
#1711 = EDGE_CURVE ( 'NONE', #2423, #2423, #2485, .T. ) ;
#1712 = DIRECTION ( 'NONE',  ( -3.465867039119933800E-017, -0.8243793311303196900, 0.5660377358490569200 ) ) ;
#1713 = EDGE_LOOP ( 'NONE', ( #784 ) ) ;
#1714 = CARTESIAN_POINT ( 'NONE',  ( -17.47106853307334300, -96.60177039761433100, 27.50000000000000400 ) ) ;
#1715 = ORIENTED_EDGE ( 'NONE', *, *, #3, .F. ) ;
#1716 = CARTESIAN_POINT ( 'NONE',  ( 40.56794919243110100, 55.50000000000000000, 3.000000000000000000 ) ) ;
#1717 = CARTESIAN_POINT ( 'NONE',  ( 11.29615259216041600, 66.25032728317950200, 72.80901749182581300 ) ) ;
#1718 = ORIENTED_EDGE ( 'NONE', *, *, #3, .T. ) ;
#1719 = CARTESIAN_POINT ( 'NONE',  ( 16.29762183837497200, 68.48409611915167300, 70.80554551598879700 ) ) ;
#1720 = AXIS2_PLACEMENT_3D ( 'NONE', #429, #2666, #2770 ) ;
#1721 = PLANE ( 'NONE',  #954 ) ;
#1722 = VERTEX_POINT ( 'NONE', #222 ) ;
#1723 = ADVANCED_FACE ( 'E1408', ( #350 ), #347, .F. ) ;
#1724 = ORIENTED_EDGE ( 'NONE', *, *, #2432, .T. ) ;
#1725 = CARTESIAN_POINT ( 'NONE',  ( 54.30000000000000400, 0.0000000000000000000, 0.0000000000000000000 ) ) ;
#1726 = ORIENTED_EDGE ( 'NONE', *, *, #1385, .T. ) ;
#1727 = CARTESIAN_POINT ( 'NONE',  ( 12.92500000000000200, -59.39329997040861300, 34.29073772597554600 ) ) ;
#1728 = AXIS2_PLACEMENT_3D ( 'NONE', #1137, #1010, #1005 ) ;
#1729 = ADVANCED_FACE ( 'E848', ( #355, #342 ), #326, .F. ) ;
#1730 = ADVANCED_FACE ( 'E1360', ( #336 ), #332, .T. ) ;
#1731 = EDGE_LOOP ( 'NONE', ( #1926 ) ) ;
#1732 = ADVANCED_FACE ( 'E1392', ( #315, #346 ), #2431, .T. ) ;
#1733 = CARTESIAN_POINT ( 'NONE',  ( 12.92499999999999400, -59.51552146311655600, 34.07904389082845900 ) ) ;
#1734 = CARTESIAN_POINT ( 'NONE',  ( 38.83589838486224700, 55.50000000000000000, -6.363241272276080100E-016 ) ) ;
#1735 = ORIENTED_EDGE ( 'NONE', *, *, #803, .F. ) ;
#1736 = EDGE_CURVE ( 'E70', #1350, #812, #313, .T. ) ;
#1737 = VERTEX_POINT ( 'NONE', #1570 ) ;
#1738 = CARTESIAN_POINT ( 'NONE',  ( 12.82448871838352000, -59.63397085499609300, 33.87089346814531900 ) ) ;
#1739 = ORIENTED_EDGE ( 'NONE', *, *, #707, .F. ) ;
#1740 = ADVANCED_FACE ( 'E639', ( #312, #322 ), #329, .T. ) ;
#1741 = ADVANCED_FACE ( 'E1133', ( #301, #310 ), #286, .T. ) ;
#1742 = B_SPLINE_CURVE_WITH_KNOTS ( 'NONE', 3,
 ( #2707, #2516, #2631, #2615, #2602, #2611, #2593, #2589, #2552, #2601, #2583, #2581, #2273, #2309, #2429, #2405, #2481, #2551, #2794, #2540, #2537, #2524, #2436, #2414, #2425, #2454, #2392, #2452, #1996, #2449, #2465, #2338, #2385, #2383, #2364, #2333, #2329, #2559, #2328, #2288, #2286, #2259, #2190, #2211, #2112, #1929, #1934, #1797, #2082, #1831, #498, #1547, #2098, #1838, #643, #1890, #1915, #2178, #2214, #2208, #2139, #2147, #2022, #2126, #2149, #2078 ),
 .UNSPECIFIED., .T., .F.,
 ( 4, 2, 2, 2, 2, 2, 2, 2, 2, 2, 2, 2, 2, 2, 2, 2, 2, 2, 2, 2, 2, 2, 2, 2, 2, 2, 2, 2, 2, 2, 2, 2, 4 ),
 ( 0.0000000000000000000, 0.0008722018451248195900, 0.001744403690249639200, 0.002616605535374458900, 0.003488807380499278400, 0.004361009225624098300, 0.005233211070748917800, 0.006105412915873737300, 0.006977614760998556700, 0.007849816606123376200, 0.008722018451248196600, 0.009594220296373015200, 0.01046642214149783600, 0.01133862398662265400, 0.01221082583174747500, 0.01308302767687229300, 0.01395522952199711300, 0.01482743136712193400, 0.01569963321224675200, 0.01657183505737157300, 0.01744403690249639300, 0.01831623874762121000, 0.01918844059274603000, 0.02006064243787085100, 0.02093284428299567100, 0.02180504612812049100, 0.02267724797324530800, 0.02354944981837012900, 0.02442165166349494900, 0.02529385350861976900, 0.02616605535374458600, 0.02703825719886940700, 0.02791045904399422700 ),
 .UNSPECIFIED. ) ;
#1743 = ADVANCED_FACE ( 'E853', ( #307, #294 ), #280, .T. ) ;
#1744 = DIRECTION ( 'NONE',  ( 0.0000000000000000000, 0.0000000000000000000, 1.000000000000000000 ) ) ;
#1745 = EDGE_LOOP ( 'NONE', ( #818 ) ) ;
#1746 = CARTESIAN_POINT ( 'NONE',  ( 48.64954866337970400, -29.43169855748393000, -47.05384684157108700 ) ) ;
#1747 = PLANE ( 'NONE',  #2352 ) ;
#1748 = VERTEX_POINT ( 'NONE', #723 ) ;
#1749 = CARTESIAN_POINT ( 'NONE',  ( 48.88255649862279700, -28.73021404302896500, -47.48679109948617600 ) ) ;
#1750 = EDGE_LOOP ( 'NONE', ( #1050, #2192, #2712, #1649 ) ) ;
#1751 = CARTESIAN_POINT ( 'NONE',  ( 48.26156100205115300, -21.81782955851923200, -39.35901993932349500 ) ) ;
#1752 = ORIENTED_EDGE ( 'NONE', *, *, #1301, .F. ) ;
#1753 = EDGE_LOOP ( 'NONE', ( #1843, #961, #1122, #2125 ) ) ;
#1754 = CARTESIAN_POINT ( 'NONE',  ( 12.56808240875398800, -59.75985321403678100, 33.64797172606319000 ) ) ;
#1755 = ADVANCED_FACE ( 'E790', ( #292 ), #1227, .T. ) ;
#1756 = DIRECTION ( 'NONE',  ( -1.000000000000000000, 0.0000000000000000000, 0.0000000000000000000 ) ) ;
#1757 = EDGE_CURVE ( 'E219', #1123, #1932, #284, .T. ) ;
#1758 = CARTESIAN_POINT ( 'NONE',  ( 12.46558110347588100, -59.79341555953900000, 33.58821791929196400 ) ) ;
#1759 = EDGE_LOOP ( 'NONE', ( #1585 ) ) ;
#1760 = CARTESIAN_POINT ( 'NONE',  ( 12.24114403289664000, -59.83880116963138100, 33.50729475578251000 ) ) ;
#1761 = CARTESIAN_POINT ( 'NONE',  ( 12.12104429419716400, -59.85045795352202400, 33.48643692505579800 ) ) ;
#1762 = AXIS2_PLACEMENT_3D ( 'NONE', #1031, #2988, #2636 ) ;
#1763 = CARTESIAN_POINT ( 'NONE',  ( 48.29978022778794200, -22.15779373271432100, -39.16868221469513900 ) ) ;
#1764 = CARTESIAN_POINT ( 'NONE',  ( 11.87706914548332500, -59.85033646148499300, 33.48665406739059600 ) ) ;
#1765 = ADVANCED_FACE ( 'E951', ( #278 ), #1467, .T. ) ;
#1766 = CARTESIAN_POINT ( 'NONE',  ( 48.71642047633061900, -29.25779037944499800, -47.16221298967619200 ) ) ;
#1767 = ORIENTED_EDGE ( 'NONE', *, *, #1102, .F. ) ;
#1768 = DIRECTION ( 'NONE',  ( 0.0000000000000000000, -1.000000000000000000, 0.0000000000000000000 ) ) ;
#1769 = ORIENTED_EDGE ( 'NONE', *, *, #1334, .T. ) ;
#1770 = CARTESIAN_POINT ( 'NONE',  ( 11.75686884483741000, -59.83851930826265400, 33.50779823383749800 ) ) ;
#1771 = CARTESIAN_POINT ( 'NONE',  ( 40.56794919243110100, 52.87500000000000000, 3.000000000000000000 ) ) ;
#1772 = EDGE_LOOP ( 'NONE', ( #2701 ) ) ;
#1773 = CARTESIAN_POINT ( 'NONE',  ( 47.99454963414103800, -24.15188701165179800, -37.97128937007217800 ) ) ;
#1774 = AXIS2_PLACEMENT_3D ( 'NONE', #2168, #3036, #383 ) ;
#1775 = CARTESIAN_POINT ( 'NONE',  ( 11.53319506101669800, -59.79304636775381000, 33.58887526471419700 ) ) ;
#1776 = CARTESIAN_POINT ( 'NONE',  ( 11.43049602984217600, -59.75930379611758500, 33.64894758559360400 ) ) ;
#1777 = EDGE_LOOP ( 'NONE', ( #1216 ) ) ;
#1778 = CARTESIAN_POINT ( 'NONE',  ( 48.49665315733280800, -29.76744096720306800, -46.84216947188412700 ) ) ;
#1779 = CARTESIAN_POINT ( 'NONE',  ( 11.26008765903871000, -59.67534299812398800, 33.79762568392872200 ) ) ;
#1780 = VECTOR ( 'NONE', #2744, 1000.000000000000000 ) ;
#1781 = ORIENTED_EDGE ( 'NONE', *, *, #1518, .F. ) ;
#1782 = CARTESIAN_POINT ( 'NONE',  ( 48.10792811683915500, -23.83514204050382900, -38.17111824576505800 ) ) ;
#1783 = ADVANCED_FACE ( 'E993', ( #276 ), #1685, .T. ) ;
#1784 = CARTESIAN_POINT ( 'NONE',  ( 47.76895535405586900, -24.61014756391739800, -37.67457700551592100 ) ) ;
#1785 = CARTESIAN_POINT ( 'NONE',  ( 11.19122040583852500, -59.62440323353683200, 33.88748608141515500 ) ) ;
#1786 = EDGE_LOOP ( 'NONE', ( #2618 ) ) ;
#1787 = CARTESIAN_POINT ( 'NONE',  ( 11.09914527268509800, -59.51404913674650000, 34.08092031067271700 ) ) ;
#1788 = CARTESIAN_POINT ( 'NONE',  ( 11.07495735075874800, -59.45350249737947500, 34.18646504099020000 ) ) ;
#1789 = ORIENTED_EDGE ( 'NONE', *, *, #1518, .T. ) ;
#1790 = CARTESIAN_POINT ( 'NONE',  ( 36.45471031592529700, -23.67434470805628200, -38.26959895670873400 ) ) ;
#1791 = CARTESIAN_POINT ( 'NONE',  ( 11.07504276498636400, -59.33277023539205400, 34.39557714879814700 ) ) ;
#1792 = CYLINDRICAL_SURFACE ( 'NONE', #1556, 68.58147545195109300 ) ;
#1793 = CARTESIAN_POINT ( 'NONE',  ( 47.68392210231908000, -24.76075759271989800, -37.57572522564015600 ) ) ;
#1794 = ADVANCED_FACE ( 'E381', ( #303 ), #269, .T. ) ;
#1795 = CARTESIAN_POINT ( 'NONE',  ( 11.09903754904438400, -59.27195600354974700, 34.50024017251544700 ) ) ;
#1796 = ORIENTED_EDGE ( 'NONE', *, *, #2531, .F. ) ;
#1797 = CARTESIAN_POINT ( 'NONE',  ( 14.29986543968643700, 57.03252328097358500, 54.24840812174360100 ) ) ;
#1798 = FACE_BOUND ( 'NONE', #1081, .T. ) ;
#1799 = CARTESIAN_POINT ( 'NONE',  ( 48.26117011088935300, -23.17846319220655700, -38.57339897222822600 ) ) ;
#1800 = DIRECTION ( 'NONE',  ( -1.000000000000000000, 0.0000000000000000000, -6.123031769111888800E-017 ) ) ;
#1801 = CARTESIAN_POINT ( 'NONE',  ( 11.19196574628873000, -59.15885979249261300, 34.69381282736433300 ) ) ;
#1802 = EDGE_LOOP ( 'NONE', ( #2877, #1796, #2146, #1091 ) ) ;
#1803 = EDGE_LOOP ( 'NONE', ( #804 ) ) ;
#1804 = CARTESIAN_POINT ( 'NONE',  ( 40.74680187066172000, -27.33433723424182600, -35.74685034266156700 ) ) ;
#1805 = CARTESIAN_POINT ( 'NONE',  ( 18.50000000000000000, 0.0000000000000000000, 0.0000000000000000000 ) ) ;
#1806 = ORIENTED_EDGE ( 'NONE', *, *, #2742, .T. ) ;
#1807 = ADVANCED_FACE ( 'E1083', ( #288, #274 ), #1620, .T. ) ;
#1808 = ADVANCED_FACE ( 'E1323', ( #273, #258 ), #247, .T. ) ;
#1809 = CARTESIAN_POINT ( 'NONE',  ( 11.25987920641254400, -59.10725165133330700, 34.78159031215678700 ) ) ;
#1810 = BREP_WITH_VOIDS ( 'NONE', #2654, ( #435, #656 ) );
#1811 = VERTEX_POINT ( 'NONE', #653 ) ;
#1812 = EDGE_CURVE ( 'E376', #1622, #1588, #250, .T. ) ;
#1813 = CARTESIAN_POINT ( 'NONE',  ( 37.53113325432781300, -25.59747381058912900, -37.01183432813488800 ) ) ;
#1814 = CARTESIAN_POINT ( 'NONE',  ( 11.43264302935020800, -59.01953186175421000, 34.93023162299589000 ) ) ;
#1815 = CIRCLE ( 'NONE', #619, 55.50000000000000000 ) ;
#1816 = ORIENTED_EDGE ( 'NONE', *, *, #1757, .T. ) ;
#1817 = ADVANCED_FACE ( 'E1178', ( #256 ), #1747, .T. ) ;
#1818 = DIRECTION ( 'NONE',  ( 0.0000000000000000000, 0.8660254037844387100, -0.4999999999999998900 ) ) ;
#1819 = CARTESIAN_POINT ( 'NONE',  ( 36.29965072728538200, -22.16107065468200000, -39.16687789308675600 ) ) ;
#1820 = DIRECTION ( 'NONE',  ( 0.0000000000000000000, 1.000000000000000000, 0.0000000000000000000 ) ) ;
#1821 = ORIENTED_EDGE ( 'NONE', *, *, #855, .F. ) ;
#1822 = CARTESIAN_POINT ( 'NONE',  ( 47.07206447189225400, -25.59394260136156200, -37.01427020786978500 ) ) ;
#1823 = VERTEX_POINT ( 'NONE', #473 ) ;
#1824 = CARTESIAN_POINT ( 'NONE',  ( 18.25000000000000000, 0.0000000000000000000, 0.0000000000000000000 ) ) ;
#1825 = CARTESIAN_POINT ( 'NONE',  ( 48.94823273730588700, -28.37145156778209900, -47.70210061817174800 ) ) ;
#1826 = ORIENTED_EDGE ( 'NONE', *, *, #2800, .F. ) ;
#1827 = CARTESIAN_POINT ( 'NONE',  ( 46.82387174471051600, -25.84360128538560300, -36.84002316853265300 ) ) ;
#1828 = PLANE ( 'NONE',  #2727 ) ;
#1829 = CARTESIAN_POINT ( 'NONE',  ( 40.56794919243110100, 52.87500000000000000, 3.000000000000000000 ) ) ;
#1830 = VERTEX_POINT ( 'NONE', #352 ) ;
#1831 = CARTESIAN_POINT ( 'NONE',  ( 13.81241024792376100, 57.59420293134127200, 53.77928818857618200 ) ) ;
#1832 = CIRCLE ( 'NONE', #1206, 27.50000000000000000 ) ;
#1833 = EDGE_CURVE ( 'E1242', #1482, #2021, #282, .T. ) ;
#1834 = CARTESIAN_POINT ( 'NONE',  ( 11.53461241355936600, -58.98491962693103100, 34.98857207173888600 ) ) ;
#1835 = CARTESIAN_POINT ( 'NONE',  ( 46.26452387803896500, -26.30187099438610700, -36.51425224005932800 ) ) ;
#1836 = CARTESIAN_POINT ( 'NONE',  ( 11.75859278362631100, -58.93762190475957400, 35.06818562780772900 ) ) ;
#1837 = ORIENTED_EDGE ( 'NONE', *, *, #460, .T. ) ;
#1838 = CARTESIAN_POINT ( 'NONE',  ( 12.46944014175542600, 58.49840268014610700, 53.12754202769621500 ) ) ;
#1839 = CIRCLE ( 'NONE', #2555, 5.323399999999999500 ) ;
#1840 = CARTESIAN_POINT ( 'NONE',  ( 11.87984091790023200, -58.92536471182080500, 35.08874703875280000 ) ) ;
#1841 = EDGE_CURVE ( 'E576', #1043, #839, #245, .T. ) ;
#1842 = ADVANCED_FACE ( 'E1262', ( #235 ), #2876, .T. ) ;
#1843 = ORIENTED_EDGE ( 'NONE', *, *, #2399, .F. ) ;
#1844 = LINE ( 'NONE', #3040, #2265 ) ;
#1845 = CARTESIAN_POINT ( 'NONE',  ( 45.96197883516261100, -26.50356016409434500, -36.36769301152465800 ) ) ;
#1846 = CARTESIAN_POINT ( 'NONE',  ( 12.12114191858657000, -58.92543030649623900, 35.08863688382517400 ) ) ;
#1847 = ADVANCED_FACE ( 'E1308', ( #239, #236 ), #216, .F. ) ;
#1848 = ORIENTED_EDGE ( 'NONE', *, *, #740, .T. ) ;
#1849 = EDGE_CURVE ( 'E1105', #1157, #2060, #218, .T. ) ;
#1850 = CARTESIAN_POINT ( 'NONE',  ( 12.24286529684026600, -58.93787005167748600, 35.06776835569944200 ) ) ;
#1851 = CARTESIAN_POINT ( 'NONE',  ( 45.30716925120579900, -26.84921240429914800, -36.11272024707111000 ) ) ;
#1852 = PLANE ( 'NONE',  #2584 ) ;
#1853 = ORIENTED_EDGE ( 'NONE', *, *, #1371, .T. ) ;
#1854 = APPROVAL_DATE_TIME ( #2448, #2253 ) ;
#1855 = ADVANCED_FACE ( 'E1314', ( #224, #229 ), #200, .F. ) ;
#1856 = ORIENTED_EDGE ( 'NONE', *, *, #2742, .F. ) ;
#1857 = ORIENTED_EDGE ( 'NONE', *, *, #822, .T. ) ;
#1858 = CARTESIAN_POINT ( 'NONE',  ( 12.46547337708581300, -58.98499791359640900, 34.98843987391333600 ) ) ;
#1859 = ADVANCED_FACE ( 'E1320', ( #207, #211 ), #321, .T. ) ;
#1860 = ORIENTED_EDGE ( 'NONE', *, *, #396, .T. ) ;
#1861 = EDGE_LOOP ( 'NONE', ( #1431, #2894, #1266, #805 ) ) ;
#1862 = CARTESIAN_POINT ( 'NONE',  ( 12.56866926815908400, -59.02016194665681300, 34.92916461757116100 ) ) ;
#1863 = EDGE_CURVE ( 'NONE', #2574, #2574, #189, .T. ) ;
#1864 = ADVANCED_FACE ( 'E1326', ( #192, #208 ), #1245, .T. ) ;
#1865 = ADVANCED_FACE ( 'E1332', ( #196, #184 ), #186, .T. ) ;
#1866 = CARTESIAN_POINT ( 'NONE',  ( 44.23562797826381400, -27.24946031764167000, -35.81186873524366400 ) ) ;
#1867 = CARTESIAN_POINT ( 'NONE',  ( 44.03205080756889300, 52.87500000000000000, 3.000000000000000000 ) ) ;
#1868 = EDGE_LOOP ( 'NONE', ( #1687, #1892, #2113, #1690, #2156, #1920 ) ) ;
#1869 = CARTESIAN_POINT ( 'NONE',  ( 45.47504230543871300, -26.76764365039773000, -36.17326640619268800 ) ) ;
#1870 = CARTESIAN_POINT ( 'NONE',  ( 44.96000542607468700, -26.99928879517905100, -36.00065520138360900 ) ) ;
#1871 = FACE_OUTER_BOUND ( 'NONE', #1872, .T. ) ;
#1872 = EDGE_LOOP ( 'NONE', ( #1684 ) ) ;
#1873 = CARTESIAN_POINT ( 'NONE',  ( 36.97659999999999800, -27.75000000000000000, -48.06440991003640300 ) ) ;
#1874 = VERTEX_POINT ( 'NONE', #1578 ) ;
#1875 = ORIENTED_EDGE ( 'NONE', *, *, #2432, .F. ) ;
#1876 = ADVANCED_FACE ( 'E1335', ( #203, #179, #182, #197 ), #167, .F. ) ;
#1877 = CARTESIAN_POINT ( 'NONE',  ( 43.09201057597235300, -27.46367400950358500, -35.64761756298776200 ) ) ;
#1878 = CARTESIAN_POINT ( 'NONE',  ( 12.73936059634166200, -59.10690200934999400, 34.78218210446375700 ) ) ;
#1879 = ORIENTED_EDGE ( 'NONE', *, *, #1230, .F. ) ;
#1880 = DIRECTION ( 'NONE',  ( 0.0000000000000000000, 0.0000000000000000000, 1.000000000000000000 ) ) ;
#1881 = ADVANCED_FACE ( 'E1343', ( #175, #171 ), #176, .T. ) ;
#1882 = CARTESIAN_POINT ( 'NONE',  ( 12.80808070403539200, -59.15891116134002900, 34.69372499581859900 ) ) ;
#1883 = ADVANCED_FACE ( 'E1346', ( #160, #169 ), #2736, .T. ) ;
#1884 = EDGE_LOOP ( 'NONE', ( #834 ) ) ;
#1885 = CARTESIAN_POINT ( 'NONE',  ( 44.78027225176870000, -27.06784188149276500, -35.94909864456644000 ) ) ;
#1886 = DIRECTION ( 'NONE',  ( -1.000000000000000000, 0.0000000000000000000, 0.0000000000000000000 ) ) ;
#1887 = FACE_OUTER_BOUND ( 'NONE', #1366, .T. ) ;
#1888 = EDGE_LOOP ( 'NONE', ( #842, #1373, #1452, #1168 ) ) ;
#1889 = EDGE_CURVE ( 'E1091', #1120, #1953, #155, .T. ) ;
#1890 = CARTESIAN_POINT ( 'NONE',  ( 11.66843819974353000, 58.80702531772944800, 52.96854090325181400 ) ) ;
#1891 = CARTESIAN_POINT ( 'NONE',  ( 43.86165625847265700, -27.34050233597966800, -35.74217340948375500 ) ) ;
#1892 = ORIENTED_EDGE ( 'NONE', *, *, #81, .F. ) ;
#1893 = CARTESIAN_POINT ( 'NONE',  ( 12.90093906937773100, -59.27193271129328200, 34.50027994884578000 ) ) ;
#1894 = FACE_OUTER_BOUND ( 'NONE', #2002, .T. ) ;
#1895 = B_SPLINE_CURVE_WITH_KNOTS ( 'NONE', 3,
 ( #2438, #1224, #1208, #3044, #1187, #36, #3052, #2027, #2291, #267, #2510, #1709, #209, #1640, #190, #431, #1933, #891, #2216, #655, #2421, #412, #2203, #1592, #172, #2823, #3035, #402, #1569, #441, #2236, #119, #56, #866, #721, #1289, #1038, #1943, #201, #2367, #1449, #2450, #2656, #2579, #2254, #2939, #2503, #1962, #691, #2860, #2965, #547, #640, #2508, #914, #2724, #525, #144, #2225, #1906, #1475, #3027, #2606, #1033, #414, #1219, #1458, #1435, #1598, #3009, #2497, #2948, #63, #1104, #2677, #2848, #2831, #1196, #2226, #1242, #419, #2213 ),
 .UNSPECIFIED., .T., .F.,
 ( 4, 2, 2, 2, 2, 2, 2, 2, 1, 2, 2, 2, 2, 2, 2, 2, 2, 2, 2, 2, 2, 2, 2, 2, 1, 2, 2, 2, 2, 2, 2, 2, 2, 2, 2, 2, 2, 2, 2, 2, 2, 4 ),
 ( 0.0000000000000000000, 0.001173585147782943600, 0.001760377721674425300, 0.002347170295565907200, 0.003520755443348870600, 0.004694340591131834400, 0.005867925738914797800, 0.006454718312806285100, 0.007041510886697772500, 0.007628303460589259800, 0.008215096034480748000, 0.009388681182263717400, 0.01056226633004668900, 0.01173585147782966000, 0.01232264405172114000, 0.01290943662561262400, 0.01408302177339557400, 0.01525660692117852700, 0.01584339949507000000, 0.01643019206896147900, 0.01760377721674444600, 0.01877736236452741400, 0.01995094751231038200, 0.02053774008620186700, 0.02112453266009335300, 0.02171132523398483900, 0.02229811780787632100, 0.02347170295565930200, 0.02464528810344228000, 0.02581887325122526500, 0.02640566582511675400, 0.02699245839900824000, 0.02816604354679121800, 0.02933962869457419300, 0.02992642126846568200, 0.03051321384235717400, 0.03168679899014015300, 0.03286038413792313800, 0.03403396928570611600, 0.03520755443348910100, 0.03638113958127207900, 0.03755472472905506400 ),
 .UNSPECIFIED. ) ;
#1896 = VERTEX_POINT ( 'NONE', #1151 ) ;
#1897 = CARTESIAN_POINT ( 'NONE',  ( 12.92500000000001000, -59.33218922405463800, 34.39658464354909000 ) ) ;
#1898 = ADVANCED_FACE ( 'E1349', ( #148, #151 ), #3050, .T. ) ;
#1899 = CARTESIAN_POINT ( 'NONE',  ( 40.00248515541848300, -27.13716554008163600, -35.89695074076378500 ) ) ;
#1900 = EDGE_LOOP ( 'NONE', ( #939 ) ) ;
#1901 = AXIS2_PLACEMENT_3D ( 'NONE', #2072, #2070, #2057 ) ;
#1902 = DIRECTION ( 'NONE',  ( 0.0000000000000000000, 0.0000000000000000000, 1.000000000000000000 ) ) ;
#1903 = B_SPLINE_CURVE_WITH_KNOTS ( 'NONE', 3,
 ( #1277, #1331, #1432, #1429, #1419, #1276, #1269, #1273, #1271, #1321, #1280, #1505, #2248, #1510, #1653, #2346, #2264, #2325, #2315, #1538, #1751, #1763, #2278, #1799, #1782, #1773, #1784, #1793, #1543, #2133, #1822, #1827, #1835, #1845, #1869, #1851, #1870, #1885, #1866, #1891, #1877, #2144, #2158, #1681, #1661, #1804, #1666, #1899, #2336, #2339, #2322, #2317, #2320, #2313, #1813, #2269, #2354, #2348, #2305, #2349, #1790, #1675, #1619, #1819, #2172, #2185, #2154, #2169, #2117, #2068, #2064, #2111, #2054, #2056, #2061, #2036, #2039, #2050, #2746, #2949, #2958, #2194 ),
 .UNSPECIFIED., .T., .F.,
 ( 4, 2, 2, 2, 2, 2, 2, 2, 1, 2, 2, 2, 2, 2, 2, 2, 2, 2, 2, 2, 2, 2, 2, 2, 1, 2, 2, 2, 2, 2, 2, 2, 2, 2, 2, 2, 2, 2, 2, 2, 2, 4 ),
 ( 0.0000000000000000000, 0.001173585147782964900, 0.001760377721674457600, 0.002347170295565950200, 0.003520755443348935700, 0.004694340591131920300, 0.005867925738914905400, 0.006454718312806404800, 0.007041510886697902600, 0.007628303460589400300, 0.008215096034480898900, 0.009388681182263901300, 0.01056226633004690400, 0.01173585147782990400, 0.01232264405172139900, 0.01290943662561289300, 0.01408302177339584700, 0.01525660692117880200, 0.01584339949507028100, 0.01643019206896176000, 0.01760377721674471700, 0.01877736236452767400, 0.01995094751231063200, 0.02053774008620210700, 0.02112453266009358500, 0.02171132523398506400, 0.02229811780787654300, 0.02347170295565951400, 0.02464528810344248900, 0.02581887325122546300, 0.02640566582511694900, 0.02699245839900842700, 0.02816604354679140900, 0.02933962869457439400, 0.02992642126846587300, 0.03051321384235735500, 0.03168679899014033300, 0.03286038413792329700, 0.03403396928570627500, 0.03520755443348925300, 0.03638113958127221800, 0.03755472472905519600 ),
 .UNSPECIFIED. ) ;
#1904 = ORIENTED_EDGE ( 'NONE', *, *, #1512, .F. ) ;
#1905 = ADVANCED_FACE ( 'E1352', ( #158, #163, #143, #146 ), #130, .T. ) ;
#1906 = CARTESIAN_POINT ( 'NONE',  ( 36.50243648141043500, 44.97342004408478300, -1.557897817688678400 ) ) ;
#1907 = DIRECTION ( 'NONE',  ( -1.000000000000000000, 0.0000000000000000000, 0.0000000000000000000 ) ) ;
#1908 = AXIS2_PLACEMENT_3D ( 'NONE', #2504, #261, #2476 ) ;
#1909 = ADVANCED_FACE ( 'E930', ( #136 ), #3045, .T. ) ;
#1910 = CARTESIAN_POINT ( 'NONE',  ( 7.974805446298284500, 72.10794970972395400, 67.80947365876232900 ) ) ;
#1911 = CARTESIAN_POINT ( 'NONE',  ( -37.69999999999999600, 0.0000000000000000000, 0.0000000000000000000 ) ) ;
#1912 = EDGE_LOOP ( 'NONE', ( #1576 ) ) ;
#1913 = ORIENTED_EDGE ( 'NONE', *, *, #579, .F. ) ;
#1914 = CARTESIAN_POINT ( 'NONE',  ( 12.92500000000000200, -59.39329997040861300, 34.29073772597554600 ) ) ;
#1915 = CARTESIAN_POINT ( 'NONE',  ( 11.38345638780116100, 58.88719464174742100, 52.94147825810898700 ) ) ;
#1916 = CARTESIAN_POINT ( 'NONE',  ( 7.676842944318113200, 71.86721516730523300, 68.08904609521576400 ) ) ;
#1917 = B_SPLINE_CURVE_WITH_KNOTS ( 'NONE', 3,
 ( #314, #311, #317, #319, #320, #323, #324, #328, #331, #334, #335, #338, #340, #341, #344, #348, #349, #351, #356, #357, #359, #361, #363, #1311, #1719, #365, #368, #370, #380, #372, #369, #373, #377, #388, #1423, #749, #437, #398, #392, #389, #2017, #2028, #2031, #2000, #2004, #1984, #1971, #1959, #1969, #1939, #1921, #1922, #1910, #1916, #2071, #2103, #1584, #1587, #1285, #2201, #2206, #2276, #2298, #2301, #2308, #1604, #1652, #2295, #1602, #1599 ),
 .UNSPECIFIED., .T., .F.,
 ( 4, 2, 2, 2, 2, 2, 2, 2, 2, 2, 2, 2, 2, 2, 2, 2, 2, 2, 2, 2, 2, 2, 2, 2, 2, 2, 2, 2, 2, 2, 2, 2, 2, 2, 4 ),
 ( 0.0000000000000000000, 0.0009518524596020343800, 0.001903704919204068800, 0.002855557378806103600, 0.003807409838408137500, 0.004759262298010171400, 0.005711114757612207100, 0.006662967217214241100, 0.007614819676816275000, 0.008566672136418309800, 0.009518524596020346400, 0.009994450825821382000, 0.01047037705562241600, 0.01142222951522445400, 0.01237408197482649100, 0.01332593443442852900, 0.01427778689403056600, 0.01522963935363260600, 0.01618149181323464200, 0.01713334427283668200, 0.01808519673243871500, 0.01903704919204075500, 0.01998890165164279500, 0.02094075411124483200, 0.02189260657084687200, 0.02284445903044890800, 0.02379631149005094500, 0.02427223771985194100, 0.02474816394965293300, 0.02570001640925494500, 0.02665186886885696100, 0.02760372132845897600, 0.02855557378806098900, 0.02950742624766300100, 0.03045927870726501300 ),
 .UNSPECIFIED. ) ;
#1918 = CARTESIAN_POINT ( 'NONE',  ( -28.50000000000000000, 0.0000000000000000000, -27.50000000000000000 ) ) ;
#1919 = EDGE_CURVE ( 'E973', #1101, #2819, #131, .T. ) ;
#1920 = ORIENTED_EDGE ( 'NONE', *, *, #2542, .F. ) ;
#1921 = CARTESIAN_POINT ( 'NONE',  ( 8.688920085500660300, 72.51237229021586500, 67.31658719084987300 ) ) ;
#1922 = CARTESIAN_POINT ( 'NONE',  ( 8.196794034865128300, 72.25308601813506500, 67.63606604523249600 ) ) ;
#1923 = ADVANCED_FACE ( 'E1368', ( #139, #128 ), #2051, .T. ) ;
#1924 = FACE_OUTER_BOUND ( 'NONE', #2830, .T. ) ;
#1925 = EDGE_LOOP ( 'NONE', ( #2184 ) ) ;
#1926 = ORIENTED_EDGE ( 'NONE', *, *, #254, .F. ) ;
#1927 = CARTESIAN_POINT ( 'NONE',  ( 42.29999999999999700, -28.25000000000000000, -48.93043531382079400 ) ) ;
#1928 = ADVANCED_FACE ( 'E1371', ( #127, #125 ), #106, .F. ) ;
#1929 = CARTESIAN_POINT ( 'NONE',  ( 14.63600848138635300, 56.42787370616241600, 54.78839072431818400 ) ) ;
#1930 = ORIENTED_EDGE ( 'NONE', *, *, #206, .T. ) ;
#1931 = DIRECTION ( 'NONE',  ( 0.0000000000000000000, -0.4999999999999998900, -0.8660254037844387100 ) ) ;
#1932 = VERTEX_POINT ( 'NONE', #2874 ) ;
#1933 = CARTESIAN_POINT ( 'NONE',  ( 47.85091244362799000, 44.94214299542063900, 2.302534355626637100 ) ) ;
#1934 = CARTESIAN_POINT ( 'NONE',  ( 14.54025273457515300, 56.63547684462113800, 54.59934486903897300 ) ) ;
#1935 = ORIENTED_EDGE ( 'NONE', *, *, #439, .F. ) ;
#1936 = DIRECTION ( 'NONE',  ( 0.0000000000000000000, -1.000000000000000000, 0.0000000000000000000 ) ) ;
#1937 = ADVANCED_FACE ( 'E1379', ( #109, #114 ), #98, .F. ) ;
#1938 = ADVANCED_FACE ( 'E1382', ( #122 ), #103, .F. ) ;
#1939 = CARTESIAN_POINT ( 'NONE',  ( 8.950902180077839900, 72.62221916816268700, 67.17582931419954700 ) ) ;
#1940 = CARTESIAN_POINT ( 'NONE',  ( 12.19533970670082800, -40.31996078994908600, -68.01168662180846500 ) ) ;
#1941 = ORIENTED_EDGE ( 'NONE', *, *, #1683, .F. ) ;
#1942 = ADVANCED_FACE ( 'E851', ( #112 ), #2588, .T. ) ;
#1943 = CARTESIAN_POINT ( 'NONE',  ( 44.78027225176867200, 44.66675361009364300, -5.466889372709877300 ) ) ;
#1944 = DIRECTION ( 'NONE',  ( 1.000000000000000000, 0.0000000000000000000, 0.0000000000000000000 ) ) ;
#1945 = ORIENTED_EDGE ( 'NONE', *, *, #2944, .F. ) ;
#1946 = CARTESIAN_POINT ( 'NONE',  ( 18.25000000000000000, 0.0000000000000000000, 0.0000000000000000000 ) ) ;
#1947 = CIRCLE ( 'NONE', #1950, 68.58147545195109300 ) ;
#1948 = ADVANCED_FACE ( 'E1406', ( #96 ), #91, .F. ) ;
#1949 = ORIENTED_EDGE ( 'NONE', *, *, #1625, .F. ) ;
#1950 = AXIS2_PLACEMENT_3D ( 'NONE', #1946, #1944, #1936 ) ;
#1951 = CARTESIAN_POINT ( 'NONE',  ( -19.30000000000000100, -148.0660377358489900, -22.67043160608379900 ) ) ;
#1952 = AXIS2_PLACEMENT_3D ( 'NONE', #1070, #1082, #1128 ) ;
#1953 = VERTEX_POINT ( 'NONE', #2479 ) ;
#1954 = CARTESIAN_POINT ( 'NONE',  ( 40.33785526506137100, -32.82401188972049500, -44.75313502775321000 ) ) ;
#1955 = VERTEX_POINT ( 'NONE', #2521 ) ;
#1956 = EDGE_CURVE ( 'NONE', #2193, #2193, #1671, .T. ) ;
#1957 = ORIENTED_EDGE ( 'NONE', *, *, #1812, .F. ) ;
#1958 = ORIENTED_EDGE ( 'NONE', *, *, #1069, .F. ) ;
#1959 = CARTESIAN_POINT ( 'NONE',  ( 9.799288909414537200, 72.87806290795165900, 66.82619838976229700 ) ) ;
#1960 = LINE ( 'NONE', #2968, #581 ) ;
#1961 = ADVANCED_FACE ( 'E139', ( #95 ), #101, .F. ) ;
#1962 = CARTESIAN_POINT ( 'NONE',  ( 40.00248515541845500, 44.65625402994084700, -5.552999374032472300 ) ) ;
#1963 = CARTESIAN_POINT ( 'NONE',  ( -40.00000000000000000, 148.0660377358489900, 22.67043160608379900 ) ) ;
#1964 = ADVANCED_FACE ( 'E909', ( #84 ), #2642, .T. ) ;
#1965 = ADVANCED_FACE ( 'E1389', ( #90, #79 ), #82, .T. ) ;
#1966 = CARTESIAN_POINT ( 'NONE',  ( 0.0000000000000000000, 0.0000000000000000000, 0.0000000000000000000 ) ) ;
#1967 = EDGE_LOOP ( 'NONE', ( #1634 ) ) ;
#1968 = ADVANCED_FACE ( 'E1362', ( #75, #88 ), #69, .T. ) ;
#1969 = CARTESIAN_POINT ( 'NONE',  ( 9.504537832769104400, 72.80481791877791400, 66.93103909148312900 ) ) ;
#1970 = EDGE_LOOP ( 'NONE', ( #1286, #1275, #1335, #1288, #1368 ) ) ;
#1971 = CARTESIAN_POINT ( 'NONE',  ( 10.40546098834455400, 72.98344369889419200, 66.65961838488705400 ) ) ;
#1972 = DIRECTION ( 'NONE',  ( -0.4999999999999998900, 0.0000000000000000000, 0.8660254037844387100 ) ) ;
#1973 = AXIS2_PLACEMENT_3D ( 'NONE', #658, #893, #811 ) ;
#1974 = ORIENTED_EDGE ( 'NONE', *, *, #3055, .F. ) ;
#1975 = CARTESIAN_POINT ( 'NONE',  ( 39.93479125908299900, -32.71829931301037000, -44.83069949638972700 ) ) ;
#1976 = CARTESIAN_POINT ( 'NONE',  ( 41.16492508195872100, -32.97555062457104900, -44.64159397193583300 ) ) ;
#1977 = CARTESIAN_POINT ( 'NONE',  ( -17.60471104707642800, -96.62259199800904200, 27.50000000000000000 ) ) ;
#1978 = ORIENTED_EDGE ( 'NONE', *, *, #453, .F. ) ;
#1979 = DIRECTION ( 'NONE',  ( 1.250251153857158300E-016, 0.0000000000000000000, -1.000000000000000000 ) ) ;
#1980 = CARTESIAN_POINT ( 'NONE',  ( 41.59321618992441900, -33.02122146782706100, -44.60772608726103500 ) ) ;
#1981 = EDGE_LOOP ( 'NONE', ( #791 ) ) ;
#1982 = ADVANCED_FACE ( 'E1386', ( #73, #78 ), #60, .T. ) ;
#1983 = ADVANCED_FACE ( 'E3', ( #86, #59 ), #72, .F. ) ;
#1984 = CARTESIAN_POINT ( 'NONE',  ( 10.71406364034577200, 73.01557651205563100, 66.59813283677287600 ) ) ;
#1985 = AXIS2_PLACEMENT_3D ( 'NONE', #2556, #2577, #2553 ) ;
#1986 = VERTEX_POINT ( 'NONE', #1421 ) ;
#1987 = ORIENTED_EDGE ( 'NONE', *, *, #439, .T. ) ;
#1988 = DIRECTION ( 'NONE',  ( -1.000000000000000000, 0.0000000000000000000, -6.123031769111888800E-017 ) ) ;
#1989 = ADVANCED_FACE ( 'E1365', ( #61, #54 ), #57, .T. ) ;
#1990 = CARTESIAN_POINT ( 'NONE',  ( 39.34646967500281500, -32.51248109973892000, -44.97994836098581600 ) ) ;
#1991 = DIRECTION ( 'NONE',  ( 1.000000000000000000, 0.0000000000000000000, 1.224606353822375800E-016 ) ) ;
#1992 = VERTEX_POINT ( 'NONE', #1472 ) ;
#1993 = CARTESIAN_POINT ( 'NONE',  ( -18.50000000000000000, 0.0000000000000000000, 0.0000000000000000000 ) ) ;
#1994 = VERTEX_POINT ( 'NONE', #2083 ) ;
#1995 = CARTESIAN_POINT ( 'NONE',  ( 0.0000000000000000000, 0.0000000000000000000, 0.0000000000000000000 ) ) ;
#1996 = CARTESIAN_POINT ( 'NONE',  ( 11.12790402261188800, 52.70397238107074100, 59.14851409885088900 ) ) ;
#1997 = DIRECTION ( 'NONE',  ( 0.0000000000000000000, -1.000000000000000000, 0.0000000000000000000 ) ) ;
#1998 = AXIS2_PLACEMENT_3D ( 'NONE', #3015, #3016, #3004 ) ;
#1999 = ORIENTED_EDGE ( 'NONE', *, *, #778, .T. ) ;
#2000 = CARTESIAN_POINT ( 'NONE',  ( 11.66456779085863000, 73.03163959248898600, 66.49967260261037400 ) ) ;
#2001 = VERTEX_POINT ( 'NONE', #1498 ) ;
#2002 = EDGE_LOOP ( 'NONE', ( #922, #1941, #1513, #808 ) ) ;
#2003 = CARTESIAN_POINT ( 'NONE',  ( -17.33833542942290200, 96.59453773563819800, -27.50000000000000000 ) ) ;
#2004 = CARTESIAN_POINT ( 'NONE',  ( 11.34206818940931400, 73.03993608869836900, 66.51800459728357900 ) ) ;
#2005 = ORIENTED_EDGE ( 'NONE', *, *, #2867, .T. ) ;
#2006 = VERTEX_POINT ( 'NONE', #1703 ) ;
#2007 = ORIENTED_EDGE ( 'NONE', *, *, #2531, .T. ) ;
#2008 = ORIENTED_EDGE ( 'NONE', *, *, #138, .T. ) ;
#2009 = EDGE_LOOP ( 'NONE', ( #1211 ) ) ;
#2010 = DIRECTION ( 'NONE',  ( 6.123031769111888800E-017, 0.0000000000000000000, -1.000000000000000000 ) ) ;
#2011 = ADVANCED_FACE ( 'E845', ( #50, #44 ), #1828, .F. ) ;
#2012 = CYLINDRICAL_SURFACE ( 'NONE', #305, 102.5000000000000000 ) ;
#2013 = CARTESIAN_POINT ( 'NONE',  ( 0.0000000000000000000, 0.0000000000000000000, 0.0000000000000000000 ) ) ;
#2014 = VECTOR ( 'NONE', #2401, 1000.000000000000000 ) ;
#2015 = ORIENTED_EDGE ( 'NONE', *, *, #1003, .T. ) ;
#2016 = DIRECTION ( 'NONE',  ( 0.0000000000000000000, 1.000000000000000000, 0.0000000000000000000 ) ) ;
#2017 = CARTESIAN_POINT ( 'NONE',  ( 13.22192358872980300, 72.79020073340065300, 66.63187033740186400 ) ) ;
#2018 = EDGE_LOOP ( 'NONE', ( #1001 ) ) ;
#2019 = CARTESIAN_POINT ( 'NONE',  ( -19.30000000000000100, 132.5000000000000000, -27.50000000000000000 ) ) ;
#2020 = ADVANCED_FACE ( 'E856', ( #53, #65 ), #1852, .T. ) ;
#2021 = VERTEX_POINT ( 'NONE', #1867 ) ;
#2022 = CARTESIAN_POINT ( 'NONE',  ( 8.818038607035148900, 59.00008652124549300, 53.30402141561843600 ) ) ;
#2023 = DIRECTION ( 'NONE',  ( 0.0000000000000000000, 0.0000000000000000000, 1.000000000000000000 ) ) ;
#2024 = AXIS2_PLACEMENT_3D ( 'NONE', #283, #2500, #926 ) ;
#2025 = EDGE_LOOP ( 'NONE', ( #837 ) ) ;
#2026 = ADVANCED_FACE ( 'E245', ( #33 ), #31, .T. ) ;
#2027 = CARTESIAN_POINT ( 'NONE',  ( 44.96209129573286100, 44.67611410122635400, 5.391463158715191100 ) ) ;
#2028 = CARTESIAN_POINT ( 'NONE',  ( 12.60810494871572400, 72.92656284670135800, 66.53477464354571700 ) ) ;
#2029 = VERTEX_POINT ( 'NONE', #1642 ) ;
#2030 = ORIENTED_EDGE ( 'NONE', *, *, #104, .T. ) ;
#2031 = CARTESIAN_POINT ( 'NONE',  ( 12.29661041831921000, 72.97472134200275200, 66.50839506515151800 ) ) ;
#2032 = DIRECTION ( 'NONE',  ( 1.000000000000000000, 0.0000000000000000000, 0.0000000000000000000 ) ) ;
#2033 = ORIENTED_EDGE ( 'NONE', *, *, #2058, .T. ) ;
#2034 = DIRECTION ( 'NONE',  ( 1.000000000000000000, 0.0000000000000000000, 0.0000000000000000000 ) ) ;
#2035 = AXIS2_PLACEMENT_3D ( 'NONE', #2903, #1820, #2906 ) ;
#2036 = CARTESIAN_POINT ( 'NONE',  ( 39.28748583935870200, -17.84261549770623000, -41.31210410990517800 ) ) ;
#2037 = DIRECTION ( 'NONE',  ( -0.4999999999999999400, -0.7499999999999998900, 0.4330127018922194600 ) ) ;
#2038 = ORIENTED_EDGE ( 'NONE', *, *, #1029, .T. ) ;
#2039 = CARTESIAN_POINT ( 'NONE',  ( 39.63548982826390000, -17.67018738749050000, -41.38583486736810400 ) ) ;
#2040 = CARTESIAN_POINT ( 'NONE',  ( 11.38857170417649600, -40.22726115179011700, -68.20650122659274900 ) ) ;
#2041 = ADVANCED_FACE ( 'E1078', ( #38 ), #1691, .T. ) ;
#2042 = AXIS2_PLACEMENT_3D ( 'NONE', #32, #2, #3060 ) ;
#2043 = CARTESIAN_POINT ( 'NONE',  ( -17.00000000000000000, -132.5000000000000000, 0.0000000000000000000 ) ) ;
#2044 = EDGE_LOOP ( 'NONE', ( #920 ) ) ;
#2045 = DIRECTION ( 'NONE',  ( 0.0000000000000000000, 0.0000000000000000000, -1.000000000000000000 ) ) ;
#2046 = ADVANCED_FACE ( 'E1220', ( #42 ), #1662, .T. ) ;
#2047 = ORIENTED_EDGE ( 'NONE', *, *, #822, .F. ) ;
#2048 = EDGE_LOOP ( 'NONE', ( #2088 ) ) ;
#2049 = CARTESIAN_POINT ( 'NONE',  ( -19.30000000000000100, 58.01886792452830100, -84.49888144085780100 ) ) ;
#2050 = CARTESIAN_POINT ( 'NONE',  ( 40.35699040851677200, -17.39174866706795800, -41.50361343641817100 ) ) ;
#2051 = PLANE ( 'NONE',  #162 ) ;
#2052 = ORIENTED_EDGE ( 'NONE', *, *, #263, .F. ) ;
#2053 = ORIENTED_EDGE ( 'NONE', *, *, #508, .T. ) ;
#2054 = CARTESIAN_POINT ( 'NONE',  ( 37.77792824106909800, -18.98115053411944000, -40.80187624337289500 ) ) ;
#2055 = CARTESIAN_POINT ( 'NONE',  ( 40.56794919243110100, 55.50000000000000000, -3.000000000000000000 ) ) ;
#2056 = CARTESIAN_POINT ( 'NONE',  ( 38.33022994192683800, -18.47593047790111200, -41.03312288327786900 ) ) ;
#2057 = DIRECTION ( 'NONE',  ( 0.0000000000000000000, 0.0000000000000000000, 1.000000000000000000 ) ) ;
#2058 = EDGE_CURVE ( 'E382', #1622, #2099, #28, .T. ) ;
#2059 = ADVANCED_FACE ( 'E575', ( #26 ), #1721, .T. ) ;
#2060 = VERTEX_POINT ( 'NONE', #2645 ) ;
#2061 = CARTESIAN_POINT ( 'NONE',  ( 38.63181013865518300, -18.24765729337941200, -41.13480128905459300 ) ) ;
#2062 = FACE_OUTER_BOUND ( 'NONE', #1400, .T. ) ;
#2063 = ORIENTED_EDGE ( 'NONE', *, *, #819, .F. ) ;
#2064 = CARTESIAN_POINT ( 'NONE',  ( 37.09014323270599100, -19.85079568824145100, -40.38629636491855700 ) ) ;
#2065 = DIRECTION ( 'NONE',  ( 0.0000000000000000000, -0.8660254037844387100, 0.4999999999999998900 ) ) ;
#2066 = APPROVAL_DATE_TIME ( #2590, #2138 ) ;
#2067 = EDGE_LOOP ( 'NONE', ( #2285 ) ) ;
#2068 = CARTESIAN_POINT ( 'NONE',  ( 36.90614159764426500, -20.16025634969013000, -40.23302548261619900 ) ) ;
#2069 = ADVANCED_FACE ( 'E830', ( #40, #25 ), #14, .F. ) ;
#2070 = DIRECTION ( 'NONE',  ( -1.000000000000000000, 0.0000000000000000000, 0.0000000000000000000 ) ) ;
#2071 = CARTESIAN_POINT ( 'NONE',  ( 7.583401352372833400, 71.78310480977053500, 68.18550471318296500 ) ) ;
#2072 = CARTESIAN_POINT ( 'NONE',  ( -39.69999999999999600, 0.0000000000000000000, 0.0000000000000000000 ) ) ;
#2073 = EDGE_LOOP ( 'NONE', ( #2167 ) ) ;
#2074 = ADVANCED_FACE ( 'E6', ( #35, #11, #20 ), #318, .T. ) ;
#2075 = ORIENTED_EDGE ( 'NONE', *, *, #1532, .F. ) ;
#2076 = FACE_OUTER_BOUND ( 'NONE', #1092, .T. ) ;
#2077 = ORIENTED_EDGE ( 'NONE', *, *, #1625, .T. ) ;
#2078 = CARTESIAN_POINT ( 'NONE',  ( 7.797527198862181500, 58.69558757686990400, 53.79615756342639800 ) ) ;
#2079 = DIRECTION ( 'NONE',  ( 0.0000000000000000000, 0.4999999999999998900, 0.8660254037844387100 ) ) ;
#2080 = AXIS2_PLACEMENT_3D ( 'NONE', #2669, #2990, #2409 ) ;
#2081 = ORIENTED_EDGE ( 'NONE', *, *, #970, .F. ) ;
#2082 = CARTESIAN_POINT ( 'NONE',  ( 14.15465539655412300, 57.22436476882151600, 54.08423553710505200 ) ) ;
#2083 = CARTESIAN_POINT ( 'NONE',  ( 44.03205080756889300, -23.83942378864664800, -47.29109322510220200 ) ) ;
#2084 = CARTESIAN_POINT ( 'NONE',  ( -19.06250122296210100, -97.70657290506808600, 27.50000000000000400 ) ) ;
#2085 = ORIENTED_EDGE ( 'NONE', *, *, #2785, .T. ) ;
#2086 = CARTESIAN_POINT ( 'NONE',  ( 44.03205080756889300, -25.15192378864664800, -49.56440991003640300 ) ) ;
#2087 = ADVANCED_FACE ( 'E824', ( #23, #1 ), #1297, .F. ) ;
#2088 = ORIENTED_EDGE ( 'NONE', *, *, #579, .T. ) ;
#2089 = CARTESIAN_POINT ( 'NONE',  ( 44.03205080756889300, -25.15192378864664800, -49.56440991003640300 ) ) ;
#2090 = DIRECTION ( 'NONE',  ( 0.0000000000000000000, 0.0000000000000000000, 1.000000000000000000 ) ) ;
#2091 = DIRECTION ( 'NONE',  ( 0.0000000000000000000, -1.000000000000000000, 0.0000000000000000000 ) ) ;
#2092 = EDGE_CURVE ( 'E1158', #1014, #2152, #18, .T. ) ;
#2093 = ORIENTED_EDGE ( 'NONE', *, *, #1672, .F. ) ;
#2094 = CARTESIAN_POINT ( 'NONE',  ( -40.00000000000000000, -148.0660377358489900, 22.67043160608379900 ) ) ;
#2095 = ADVANCED_FACE ( 'E360', ( #8 ), #1251, .T. ) ;
#2096 = ADVANCED_FACE ( 'E972', ( #2209 ), #1241, .T. ) ;
#2097 = ADVANCED_FACE ( 'E182', ( #1058 ), #1174, .F. ) ;
#2098 = CARTESIAN_POINT ( 'NONE',  ( 12.96403420147264800, 58.23505164686453400, 53.29820214971647400 ) ) ;
#2099 = VERTEX_POINT ( 'NONE', #1178 ) ;
#2100 = CARTESIAN_POINT ( 'NONE',  ( -39.69999999999999600, 0.0000000000000000000, 0.0000000000000000000 ) ) ;
#2101 = EDGE_CURVE ( 'NONE', #1316, #1316, #2970, .T. ) ;
#2102 = ORIENTED_EDGE ( 'NONE', *, *, #1841, .T. ) ;
#2103 = CARTESIAN_POINT ( 'NONE',  ( 7.408615394559285000, 71.60684979833452200, 68.38507687942308200 ) ) ;
#2104 = AXIS2_PLACEMENT_3D ( 'NONE', #108, #113, #115 ) ;
#2105 = DIRECTION ( 'NONE',  ( 0.4999999999999998900, 0.0000000000000000000, 0.8660254037844387100 ) ) ;
#2106 = FACE_BOUND ( 'NONE', #896, .T. ) ;
#2107 = ORIENTED_EDGE ( 'NONE', *, *, #3014, .F. ) ;
#2108 = DIRECTION ( 'NONE',  ( 0.0000000000000000000, 0.0000000000000000000, 1.000000000000000000 ) ) ;
#2109 = DIRECTION ( 'NONE',  ( -0.8660254037844387100, 0.0000000000000000000, 0.4999999999999998900 ) ) ;
#2110 = ORIENTED_EDGE ( 'NONE', *, *, #2853, .T. ) ;
#2111 = CARTESIAN_POINT ( 'NONE',  ( 37.52512288692585000, -19.26152166080705200, -40.67063814155856200 ) ) ;
#2112 = CARTESIAN_POINT ( 'NONE',  ( 14.76951981218380200, 56.01247704170627600, 55.17743319144356900 ) ) ;
#2113 = ORIENTED_EDGE ( 'NONE', *, *, #1849, .F. ) ;
#2114 = DIRECTION ( 'NONE',  ( -1.000000000000000000, 0.0000000000000000000, 0.0000000000000000000 ) ) ;
#2115 = PERSON_AND_ORGANIZATION ( #2326, #2749 ) ;
#2116 = EDGE_LOOP ( 'NONE', ( #1080, #1147, #2720, #1217 ) ) ;
#2117 = CARTESIAN_POINT ( 'NONE',  ( 36.68070548484713800, -20.64600375016925300, -39.98469204633835300 ) ) ;
#2118 = ADVANCED_FACE ( 'E1374', ( #2788, #1798, #1156, #946 ), #46, .F. ) ;
#2119 = DIRECTION ( 'NONE',  ( -4.456784578987458700E-017, 0.0000000000000000000, 1.000000000000000000 ) ) ;
#2120 = DIRECTION ( 'NONE',  ( -1.000000000000000000, 0.0000000000000000000, -5.442694905877229800E-017 ) ) ;
#2121 = EDGE_LOOP ( 'NONE', ( #1767 ) ) ;
#2122 = AXIS2_PLACEMENT_3D ( 'NONE', #1993, #1991, #1979 ) ;
#2123 = CARTESIAN_POINT ( 'NONE',  ( -18.43735083784584800, 0.0000000000000000000, 1.292721224555496000E-016 ) ) ;
#2124 = CARTESIAN_POINT ( 'NONE',  ( 45.76410161513780400, 55.50000000000000000, 2.121080424092025200E-016 ) ) ;
#2125 = ORIENTED_EDGE ( 'NONE', *, *, #660, .T. ) ;
#2126 = CARTESIAN_POINT ( 'NONE',  ( 8.286464152727282000, 58.87655882440285600, 53.52543363961211800 ) ) ;
#2127 = ADVANCED_FACE ( 'E1014', ( #390 ), #1012, .T. ) ;
#2128 = CARTESIAN_POINT ( 'NONE',  ( 40.56794919243110100, 52.87500000000000000, -3.000000000000000000 ) ) ;
#2129 = AXIS2_PLACEMENT_3D ( 'NONE', #97, #83, #105 ) ;
#2130 = ADVANCED_FACE ( 'E676', ( #1645 ), #2520, .T. ) ;
#2131 = VERTEX_POINT ( 'NONE', #1629 ) ;
#2132 = ORIENTED_EDGE ( 'NONE', *, *, #2373, .F. ) ;
#2133 = CARTESIAN_POINT ( 'NONE',  ( 47.39757763948166100, -25.19006964610088100, -37.28923323762952400 ) ) ;
#2134 = CARTESIAN_POINT ( 'NONE',  ( 11.08788441635209300, -39.78433408754056400, -68.51482096563225400 ) ) ;
#2135 = ORIENTED_EDGE ( 'NONE', *, *, #2716, .F. ) ;
#2136 = ADVANCED_FACE ( 'E759', ( #2482 ), #960, .T. ) ;
#2137 = DIRECTION ( 'NONE',  ( 0.0000000000000000000, 0.0000000000000000000, 1.000000000000000000 ) ) ;
#2138 = APPROVAL ( #1326, 'UNSPECIFIED' ) ;
#2139 = CARTESIAN_POINT ( 'NONE',  ( 9.654184868734406100, 59.08374012921466100, 53.06592970881946800 ) ) ;
#2140 = DIRECTION ( 'NONE',  ( -1.000000000000000000, 0.0000000000000000000, 0.0000000000000000000 ) ) ;
#2141 = EDGE_LOOP ( 'NONE', ( #1978 ) ) ;
#2142 = ADVANCED_FACE ( 'E1241', ( #159 ), #831, .T. ) ;
#2143 = ADVANCED_FACE ( 'E97', ( #2076 ), #1161, .T. ) ;
#2144 = CARTESIAN_POINT ( 'NONE',  ( 42.69404301076827600, -27.49513676946618900, -35.62327124297726000 ) ) ;
#2145 = CARTESIAN_POINT ( 'NONE',  ( 54.30000000000000400, 0.0000000000000000000, 0.0000000000000000000 ) ) ;
#2146 = ORIENTED_EDGE ( 'NONE', *, *, #1094, .T. ) ;
#2147 = CARTESIAN_POINT ( 'NONE',  ( 9.092947559679293700, 59.04139445074988400, 53.21199653260084300 ) ) ;
#2148 = CIRCLE ( 'NONE', #1680, 88.00000000000000000 ) ;
#2149 = CARTESIAN_POINT ( 'NONE',  ( 8.034864090316146300, 58.79568354077941400, 53.65254447594821800 ) ) ;
#2150 = AXIS2_PLACEMENT_3D ( 'NONE', #93, #132, #135 ) ;
#2151 = ORIENTED_EDGE ( 'NONE', *, *, #1841, .F. ) ;
#2152 = VERTEX_POINT ( 'NONE', #753 ) ;
#2153 = VERTEX_POINT ( 'NONE', #1436 ) ;
#2154 = CARTESIAN_POINT ( 'NONE',  ( 36.49967497484037400, -21.14661887760362200, -39.72223778444196500 ) ) ;
#2155 = DIRECTION ( 'NONE',  ( 0.0000000000000000000, 0.0000000000000000000, -1.000000000000000000 ) ) ;
#2156 = ORIENTED_EDGE ( 'NONE', *, *, #2613, .F. ) ;
#2157 = ORIENTED_EDGE ( 'NONE', *, *, #2234, .T. ) ;
#2158 = CARTESIAN_POINT ( 'NONE',  ( 41.91049847157889700, -27.49537363146771800, -35.62308842434033100 ) ) ;
#2159 = ADVANCED_FACE ( 'E1317', ( #2924, #1597 ), #94, .T. ) ;
#2160 = DIRECTION ( 'NONE',  ( 0.0000000000000000000, 0.0000000000000000000, 1.000000000000000000 ) ) ;
#2161 = EDGE_LOOP ( 'NONE', ( #928 ) ) ;
#2162 = AXIS2_PLACEMENT_3D ( 'NONE', #2145, #2140, #2137 ) ;
#2163 = ADVANCED_FACE ( 'E827', ( #77, #1871 ), #259, .F. ) ;
#2164 = CARTESIAN_POINT ( 'NONE',  ( -17.86877410117332900, 96.67826484321501800, 27.50000000000000000 ) ) ;
#2165 = DIRECTION ( 'NONE',  ( 1.000000000000000000, 0.0000000000000000000, 0.0000000000000000000 ) ) ;
#2166 = CARTESIAN_POINT ( 'NONE',  ( -17.00000000000000000, 132.5000000000000000, 0.0000000000000000000 ) ) ;
#2167 = ORIENTED_EDGE ( 'NONE', *, *, #1003, .F. ) ;
#2168 = CARTESIAN_POINT ( 'NONE',  ( 18.50000000000000000, 0.0000000000000000000, -320.0000000000000000 ) ) ;
#2169 = CARTESIAN_POINT ( 'NONE',  ( 36.61377745214591100, -20.81247680369968800, -39.89832670493626700 ) ) ;
#2170 = ADVANCED_FACE ( 'E821', ( #2395, #2719 ), #300, .F. ) ;
#2171 = VERTEX_POINT ( 'NONE', #584 ) ;
#2172 = CARTESIAN_POINT ( 'NONE',  ( 36.33826154799808000, -21.82060568679279900, -39.35744651701498500 ) ) ;
#2173 = VERTEX_POINT ( 'NONE', #566 ) ;
#2174 = ADVANCED_FACE ( 'E1357', ( #2378, #193 ), #15, .T. ) ;
#2175 = ADVANCED_FACE ( 'E833', ( #1379, #409 ), #2826, .F. ) ;
#2176 = AXIS2_PLACEMENT_3D ( 'NONE', #2550, #2547, #2539 ) ;
#2177 = ORIENTED_EDGE ( 'NONE', *, *, #1385, .F. ) ;
#2178 = CARTESIAN_POINT ( 'NONE',  ( 10.81307650966436500, 59.00584759162128300, 52.92893555185436600 ) ) ;
#2179 = DIRECTION ( 'NONE',  ( -0.5000000000000001100, 0.7500000000000001100, -0.4330127018922190800 ) ) ;
#2180 = ADVANCED_FACE ( 'E1035', ( #883 ), #504, .T. ) ;
#2181 = ORIENTED_EDGE ( 'NONE', *, *, #1102, .T. ) ;
#2182 = PRODUCT_DEFINITION_SHAPE ( 'NONE', 'NONE',  #1357 ) ;
#2183 = DIRECTION ( 'NONE',  ( 0.0000000000000000000, 1.000000000000000000, 0.0000000000000000000 ) ) ;
#2184 = ORIENTED_EDGE ( 'NONE', *, *, #1648, .F. ) ;
#2185 = CARTESIAN_POINT ( 'NONE',  ( 36.45225922801398600, -21.31453059443784800, -39.63240647195574700 ) ) ;
#2186 = VERTEX_POINT ( 'NONE', #1540 ) ;
#2187 = ORIENTED_EDGE ( 'NONE', *, *, #2399, .T. ) ;
#2188 = ADVANCED_FACE ( 'E0', ( #1203, #2062 ), #3003, .F. ) ;
#2189 = ADVANCED_FACE ( 'E1305', ( #1633, #2106 ), #2992, .F. ) ;
#2190 = CARTESIAN_POINT ( 'NONE',  ( 14.82896122039712800, 55.38936415469879600, 55.78714470261032700 ) ) ;
#2191 = PLANE ( 'NONE',  #2515 ) ;
#2192 = ORIENTED_EDGE ( 'NONE', *, *, #968, .T. ) ;
#2193 = VERTEX_POINT ( 'NONE', #1507 ) ;
#2194 = CARTESIAN_POINT ( 'NONE',  ( 42.29999999999997600, -17.10295069827109800, -41.62317956875119800 ) ) ;
#2195 = ORIENTED_EDGE ( 'NONE', *, *, #932, .T. ) ;
#2196 = CARTESIAN_POINT ( 'NONE',  ( 35.89097273777334600, -29.30976396644200900, -47.13113059718693900 ) ) ;
#2197 = EDGE_LOOP ( 'NONE', ( #927 ) ) ;
#2198 = CARTESIAN_POINT ( 'NONE',  ( -17.23000000000000000, 0.0000000000000000000, 0.0000000000000000000 ) ) ;
#2199 = ORIENTED_EDGE ( 'NONE', *, *, #1069, .T. ) ;
#2200 = EDGE_LOOP ( 'NONE', ( #1554 ) ) ;
#2201 = CARTESIAN_POINT ( 'NONE',  ( 6.812445870046809100, 70.61214614684639900, 69.46094657951722700 ) ) ;
#2202 = CARTESIAN_POINT ( 'NONE',  ( -17.33833542942290200, -96.59453773563819800, -27.50000000000000000 ) ) ;
#2203 = CARTESIAN_POINT ( 'NONE',  ( 48.30021790019107200, 45.00002905335434600, -0.3884259704928504400 ) ) ;
#2204 = ORIENTED_EDGE ( 'NONE', *, *, #2410, .F. ) ;
#2205 = CARTESIAN_POINT ( 'NONE',  ( -17.22555694984308500, -96.58782123649378100, -27.50000000000000000 ) ) ;
#2206 = CARTESIAN_POINT ( 'NONE',  ( 6.754526844594208200, 70.39090035668243700, 69.68991027632991100 ) ) ;
#2207 = B_SPLINE_CURVE_WITH_KNOTS ( 'NONE', 3,
 ( #2698, #2680, #2646, #2641, #2628, #2624, #2622, #2619, #2616, #2609, #2605, #2604, #2598, #2596, #2594, #2585, #2576, #2575 ),
 .UNSPECIFIED., .F., .F.,
 ( 4, 2, 2, 2, 2, 2, 2, 2, 4 ),
 ( 0.002566564143455236800, 0.002965576874767337300, 0.003364589606079437800, 0.003763602337391538800, 0.004162615068703639700, 0.004561627800015739800, 0.004960640531327840800, 0.005359653262639941700, 0.005758665993952041800 ),
 .UNSPECIFIED. ) ;
#2208 = CARTESIAN_POINT ( 'NONE',  ( 9.944247172773796000, 59.08477529725698900, 53.01119906176204900 ) ) ;
#2209 = FACE_OUTER_BOUND ( 'NONE', #904, .T. ) ;
#2210 = DIRECTION ( 'NONE',  ( 0.06162841671621927000, 0.7044160264027586900, 0.7071067811865476800 ) ) ;
#2211 = CARTESIAN_POINT ( 'NONE',  ( 14.80808144639695500, 55.80477496136956000, 55.37718918287233500 ) ) ;
#2212 = CARTESIAN_POINT ( 'NONE',  ( -17.11277847336814200, -96.58110468501263300, -27.50000000000000000 ) ) ;
#2213 = CARTESIAN_POINT ( 'NONE',  ( 42.29999999999999000, 44.59820624195550200, 6.000000000000000000 ) ) ;
#2214 = CARTESIAN_POINT ( 'NONE',  ( 10.52525424215289500, 59.04550992793443200, 52.94273066450738700 ) ) ;
#2215 = DIRECTION ( 'NONE',  ( 0.0000000000000000000, 0.0000000000000000000, -1.000000000000000000 ) ) ;
#2216 = CARTESIAN_POINT ( 'NONE',  ( 48.09738886729915900, 44.97339772867493900, 1.558478065503769500 ) ) ;
#2217 = DIRECTION ( 'NONE',  ( 1.000000000000000000, 0.0000000000000000000, 0.0000000000000000000 ) ) ;
#2218 = ADVANCED_FACE ( 'E1398', ( #1193, #699, #2811, #255 ), #1792, .F. ) ;
#2219 = EDGE_CURVE ( 'NONE', #2001, #2001, #1078, .T. ) ;
#2220 = DIRECTION ( 'NONE',  ( -1.000000000000000000, 0.0000000000000000000, 0.0000000000000000000 ) ) ;
#2221 = AXIS2_PLACEMENT_3D ( 'NONE', #1306, #1324, #1325 ) ;
#2222 = CARTESIAN_POINT ( 'NONE',  ( 42.29999999999999700, 54.82339999999999900, 0.0000000000000000000 ) ) ;
#2223 = DIRECTION ( 'NONE',  ( 0.0000000000000000000, 0.0000000000000000000, -1.000000000000000000 ) ) ;
#2224 = CIRCLE ( 'NONE', #2660, 102.5000000000000000 ) ;
#2225 = CARTESIAN_POINT ( 'NONE',  ( 36.61708093156878600, 44.95878486845415300, -1.934740092131385100 ) ) ;
#2226 = CARTESIAN_POINT ( 'NONE',  ( 40.73533072734815600, 44.62396144488214100, 5.805875146589367700 ) ) ;
#2227 = CARTESIAN_POINT ( 'NONE',  ( 12.91785027231411900, -39.61959554862355800, -68.28932184890157900 ) ) ;
#2228 = VERTEX_POINT ( 'NONE', #1415 ) ;
#2229 = ORIENTED_EDGE ( 'NONE', *, *, #2800, .T. ) ;
#2230 = CARTESIAN_POINT ( 'NONE',  ( -17.33833542942290200, 96.59453773563819800, -27.50000000000000000 ) ) ;
#2231 = ORIENTED_EDGE ( 'NONE', *, *, #2780, .T. ) ;
#2232 = VERTEX_POINT ( 'NONE', #1557 ) ;
#2233 = CARTESIAN_POINT ( 'NONE',  ( -19.20473696955288600, -98.08360454119343800, 27.49999999999999300 ) ) ;
#2234 = EDGE_CURVE ( 'NONE', #984, #984, #597, .T. ) ;
#2235 = EDGE_LOOP ( 'NONE', ( #2077 ) ) ;
#2236 = CARTESIAN_POINT ( 'NONE',  ( 47.07206447189226100, 44.85226960323754500, -3.657869371845010200 ) ) ;
#2237 = ORIENTED_EDGE ( 'NONE', *, *, #333, .F. ) ;
#2238 = DIRECTION ( 'NONE',  ( -0.8660254037844387100, -0.4330127018922196300, 0.2499999999999997500 ) ) ;
#2239 = CARTESIAN_POINT ( 'NONE',  ( 0.0000000000000000000, 0.0000000000000000000, 0.0000000000000000000 ) ) ;
#2240 = ORIENTED_EDGE ( 'NONE', *, *, #1022, .F. ) ;
#2241 = DIRECTION ( 'NONE',  ( 1.000000000000000000, 0.0000000000000000000, 0.0000000000000000000 ) ) ;
#2242 = EDGE_CURVE ( 'E340', #1320, #1032, #605, .T. ) ;
#2243 = ORIENTED_EDGE ( 'NONE', *, *, #1562, .T. ) ;
#2244 = DIRECTION ( 'NONE',  ( -1.000000000000000000, 0.0000000000000000000, 0.0000000000000000000 ) ) ;
#2245 = EDGE_LOOP ( 'NONE', ( #1752 ) ) ;
#2246 = CARTESIAN_POINT ( 'NONE',  ( -11.17551128161645700, 68.57998042304009800, 0.4839312352077535000 ) ) ;
#2247 = VERTEX_POINT ( 'NONE', #214 ) ;
#2248 = CARTESIAN_POINT ( 'NONE',  ( 47.06768551534943900, -19.25279532819542900, -40.67478273874058200 ) ) ;
#2249 = CARTESIAN_POINT ( 'NONE',  ( -11.43191759124598200, 68.57753687281660900, 0.7399283064271091600 ) ) ;
#2250 = CARTESIAN_POINT ( 'NONE',  ( 36.20329187117938100, -29.97701855956884400, -46.70957175373052200 ) ) ;
#2251 = DIRECTION ( 'NONE',  ( 1.000000000000000000, 0.0000000000000000000, 0.0000000000000000000 ) ) ;
#2252 = DIRECTION ( 'NONE',  ( 0.0000000000000000000, 0.4999999999999998900, 0.8660254037844387100 ) ) ;
#2253 = APPROVAL ( #1309, 'UNSPECIFIED' ) ;
#2254 = CARTESIAN_POINT ( 'NONE',  ( 40.93950660010990800, 44.61853226123439200, -5.847057384493876200 ) ) ;
#2255 = CARTESIAN_POINT ( 'NONE',  ( -19.30000000000000100, -132.5000000000000000, 0.0000000000000000000 ) ) ;
#2256 = CARTESIAN_POINT ( 'NONE',  ( -11.07499999999999900, 68.58147545195106400, 6.776263578034402700E-017 ) ) ;
#2257 = VERTEX_POINT ( 'NONE', #1516 ) ;
#2258 = CARTESIAN_POINT ( 'NONE',  ( -17.00000000000000000, -96.57438808116189900, -27.50000000000000000 ) ) ;
#2259 = CARTESIAN_POINT ( 'NONE',  ( 14.81041641935337500, 55.18109032066810500, 55.99806731987972300 ) ) ;
#2260 = AXIS2_PLACEMENT_3D ( 'NONE', #1248, #2464, #1186 ) ;
#2261 = ORIENTED_EDGE ( 'NONE', *, *, #996, .F. ) ;
#2262 = EDGE_LOOP ( 'NONE', ( #1606 ) ) ;
#2263 = AXIS2_PLACEMENT_3D ( 'NONE', #719, #2917, #1165 ) ;
#2264 = CARTESIAN_POINT ( 'NONE',  ( 47.85091244362800500, -20.47701825265120200, -40.07230471236044900 ) ) ;
#2265 = VECTOR ( 'NONE', #3017, 1000.000000000000000 ) ;
#2266 = DIRECTION ( 'NONE',  ( 1.000000000000000000, 0.0000000000000000000, 0.0000000000000000000 ) ) ;
#2267 = DIRECTION ( 'NONE',  ( 0.0000000000000000000, -1.000000000000000000, 0.0000000000000000000 ) ) ;
#2268 = CARTESIAN_POINT ( 'NONE',  ( -11.53441889652408200, 68.57672581324648300, 0.8084577938149371000 ) ) ;
#2269 = CARTESIAN_POINT ( 'NONE',  ( 37.09552273207987800, -25.05786790714075000, -37.37926967940096300 ) ) ;
#2270 = CARTESIAN_POINT ( 'NONE',  ( 11.12934767528946100, -39.88127145318436100, -68.45160192771651000 ) ) ;
#2271 = AXIS2_PLACEMENT_3D ( 'NONE', #70, #185, #233 ) ;
#2272 = UNCERTAINTY_MEASURE_WITH_UNIT (LENGTH_MEASURE( 1.000000000000000100E-005 ), #1381, 'distance_accuracy_value', 'NONE');
#2273 = CARTESIAN_POINT ( 'NONE',  ( 6.011621519347905900, 55.77037601185414700, 57.04042510198966900 ) ) ;
#2274 = DIRECTION ( 'NONE',  ( 0.0000000000000000000, 0.4999999999999998900, 0.8660254037844387100 ) ) ;
#2275 = CARTESIAN_POINT ( 'NONE',  ( -11.07499999999999600, -17.75019198819595100, -66.24461834404941400 ) ) ;
#2276 = CARTESIAN_POINT ( 'NONE',  ( 6.704873639138484400, 69.94703074063159000, 70.13942381502535300 ) ) ;
#2277 = CARTESIAN_POINT ( 'NONE',  ( -11.07500000000000300, 68.58147545195107900, 0.2444429854159047300 ) ) ;
#2278 = CARTESIAN_POINT ( 'NONE',  ( 48.30021790019109300, -22.83640128461360400, -38.77695534599625700 ) ) ;
#2279 = CARTESIAN_POINT ( 'NONE',  ( -11.07500000000000600, -17.51407819552752800, -66.30788484411678500 ) ) ;
#2280 = CARTESIAN_POINT ( 'NONE',  ( -11.17551128161648500, -17.28236336800565100, -66.36842487720490200 ) ) ;
#2281 = CARTESIAN_POINT ( 'NONE',  ( -12.46680493898327300, 68.57673475649275500, 0.8077039200876550100 ) ) ;
#2282 = CARTESIAN_POINT ( 'NONE',  ( -11.43191759124602100, -17.03445674812501300, -66.43232150645820900 ) ) ;
#2283 = DIRECTION ( 'NONE',  ( 0.0000000000000000000, 0.0000000000000000000, 1.000000000000000000 ) ) ;
#2284 = DIRECTION ( 'NONE',  ( 0.8660254037844387100, -0.4330127018922192400, 0.2500000000000001100 ) ) ;
#2285 = ORIENTED_EDGE ( 'NONE', *, *, #1636, .F. ) ;
#2286 = CARTESIAN_POINT ( 'NONE',  ( 14.71764301931296800, 54.78267745463974600, 56.41217902112222800 ) ) ;
#2287 = DIRECTION ( 'NONE',  ( -1.000000000000000000, 0.0000000000000000000, 0.0000000000000000000 ) ) ;
#2288 = CARTESIAN_POINT ( 'NONE',  ( 14.64379183591892400, 54.59016992850786900, 56.61765755707850200 ) ) ;
#2289 = CARTESIAN_POINT ( 'NONE',  ( -11.53441889652412100, -16.96805242873131200, -66.44927481955987500 ) ) ;
#2290 = CARTESIAN_POINT ( 'NONE',  ( -12.92495723501364100, 68.58147487515378800, -0.1210584709906888900 ) ) ;
#2291 = CARTESIAN_POINT ( 'NONE',  ( 45.30653597827932800, 44.69825067536078200, 5.207145798954461400 ) ) ;
#2292 = CARTESIAN_POINT ( 'NONE',  ( -11.75885596710337700, -16.87813999488702200, -66.47216949658380300 ) ) ;
#2293 = EDGE_CURVE ( 'NONE', #379, #379, #2148, .T. ) ;
#2294 = CARTESIAN_POINT ( 'NONE',  ( -17.33833542942290200, 0.0000000000000000000, 0.0000000000000000000 ) ) ;
#2295 = CARTESIAN_POINT ( 'NONE',  ( 7.518467854528334500, 67.97234221288208300, 71.99050562412047300 ) ) ;
#2296 = CARTESIAN_POINT ( 'NONE',  ( -11.87895570580284700, -16.85497587983217100, -66.47803068136357800 ) ) ;
#2297 = LINE ( 'NONE', #205, #1390 ) ;
#2298 = CARTESIAN_POINT ( 'NONE',  ( 6.711778131734327200, 69.72231187089909100, 70.36225947461279900 ) ) ;
#2299 = CARTESIAN_POINT ( 'NONE',  ( 56.30000000000000400, 53.50000000000000000, 0.0000000000000000000 ) ) ;
#2300 = CARTESIAN_POINT ( 'NONE',  ( -12.12293085451668300, -16.85521706767433900, -66.47796952963911100 ) ) ;
#2301 = CARTESIAN_POINT ( 'NONE',  ( 6.790664027025124800, 69.26719297093654900, 70.80401944531702400 ) ) ;
#2302 = AXIS2_PLACEMENT_3D ( 'NONE', #2418, #2252, #1534 ) ;
#2303 = DIRECTION ( 'NONE',  ( -1.000000000000000000, 0.0000000000000000000, 0.0000000000000000000 ) ) ;
#2304 = CARTESIAN_POINT ( 'NONE',  ( -11.75885596710332800, 68.57556932279803200, 0.9012321142149206700 ) ) ;
#2305 = CARTESIAN_POINT ( 'NONE',  ( 36.61708093156876500, -24.15492650373310500, -37.96807977329504500 ) ) ;
#2306 = CARTESIAN_POINT ( 'NONE',  ( -12.24313115516259700, -16.87869926843360000, -66.47202754911771200 ) ) ;
#2307 = FACE_OUTER_BOUND ( 'NONE', #1376, .T. ) ;
#2308 = CARTESIAN_POINT ( 'NONE',  ( 6.862413688953791900, 69.04099617911261100, 71.01879455296739300 ) ) ;
#2309 = CARTESIAN_POINT ( 'NONE',  ( 6.144958387825634600, 55.35727112255315100, 57.42731536374660800 ) ) ;
#2310 = CARTESIAN_POINT ( 'NONE',  ( -12.46680493898330900, -16.96878292951675200, -66.44908834119417000 ) ) ;
#2311 = CARTESIAN_POINT ( 'NONE',  ( -11.87895570580280100, 68.57523547841036300, 0.9251239174374148400 ) ) ;
#2312 = AXIS2_PLACEMENT_3D ( 'NONE', #1364, #1388, #1349 ) ;
#2313 = CARTESIAN_POINT ( 'NONE',  ( 37.78459309987774600, -25.85114554912612000, -36.83470228387073300 ) ) ;
#2314 = CARTESIAN_POINT ( 'NONE',  ( -12.56950397015783800, -17.03554155586948900, -66.43204338053246300 ) ) ;
#2315 = CARTESIAN_POINT ( 'NONE',  ( 48.09738886729917300, -21.13701726837037900, -39.72734396028577200 ) ) ;
#2316 = CARTESIAN_POINT ( 'NONE',  ( 11.83413108738695000, -40.35228651541144300, -68.05630881123410300 ) ) ;
#2317 = CARTESIAN_POINT ( 'NONE',  ( 38.64015623242782700, -26.50512720693599200, -36.36656055832082000 ) ) ;
#2318 = CARTESIAN_POINT ( 'NONE',  ( -12.12293085451663900, 68.57523883438734900, 0.9248751206407567200 ) ) ;
#2319 = CARTESIAN_POINT ( 'NONE',  ( -12.24313115516255700, 68.57557696271982200, 0.9006551587447109200 ) ) ;
#2320 = CARTESIAN_POINT ( 'NONE',  ( 38.33821430333772200, -26.30349283000443400, -36.51305634270298100 ) ) ;
#2321 = CARTESIAN_POINT ( 'NONE',  ( 11.29176333583608700, -39.07268862447467200, -68.89002670695242600 ) ) ;
#2322 = CARTESIAN_POINT ( 'NONE',  ( 39.13175153740854000, -26.77111869279824300, -36.17069708632358500 ) ) ;
#2323 = DIRECTION ( 'NONE',  ( 1.000000000000000000, 0.0000000000000000000, 0.0000000000000000000 ) ) ;
#2324 = AXIS2_PLACEMENT_3D ( 'NONE', #3056, #3053, #3049 ) ;
#2325 = CARTESIAN_POINT ( 'NONE',  ( 47.98306183112507000, -20.80427922153322100, -39.90259795069392400 ) ) ;
#2326 = PERSON ( 'UNSPECIFIED', 'UNSPECIFIED', 'UNSPECIFIED', ('UNSPECIFIED'), ('UNSPECIFIED'), ('UNSPECIFIED') ) ;
#2327 = CARTESIAN_POINT ( 'NONE',  ( -12.73991234096130400, -17.20088422441767400, -66.38942420079332900 ) ) ;
#2328 = CARTESIAN_POINT ( 'NONE',  ( 14.43950578932826200, 54.21895463625236300, 57.02536339313994100 ) ) ;
#2329 = CARTESIAN_POINT ( 'NONE',  ( 14.00724169002439200, 53.72237439498749000, 57.60024470037502900 ) ) ;
#2330 = CARTESIAN_POINT ( 'NONE',  ( -12.80877959416147900, -17.30086688433861800, -66.36347774886348800 ) ) ;
#2331 = CARTESIAN_POINT ( 'NONE',  ( -12.90085472731490200, -17.51627174402122500, -66.30694833924349000 ) ) ;
#2332 = CARTESIAN_POINT ( 'NONE',  ( -12.92504264924125900, -17.63389074824877100, -66.27578176290018100 ) ) ;
#2333 = CARTESIAN_POINT ( 'NONE',  ( 13.82969707908881000, 53.57280257804344400, 57.78218002429638700 ) ) ;
#2334 = CARTESIAN_POINT ( 'NONE',  ( -12.90085472731488800, 68.58113858983418300, 0.2420817949776733800 ) ) ;
#2335 = AXIS2_PLACEMENT_3D ( 'NONE', #2705, #2696, #2690 ) ;
#2336 = CARTESIAN_POINT ( 'NONE',  ( 39.64863835280399200, -27.00270666033727500, -35.99809018042090300 ) ) ;
#2337 = CARTESIAN_POINT ( 'NONE',  ( -12.92495723501364000, -17.86712534253086200, -66.21328554904251000 ) ) ;
#2338 = CARTESIAN_POINT ( 'NONE',  ( 12.49192116919672200, 52.91066566459228700, 58.68984924532527000 ) ) ;
#2339 = CARTESIAN_POINT ( 'NONE',  ( 39.30218409868146500, -26.85355841895723800, -36.10948717250895600 ) ) ;
#2340 = CARTESIAN_POINT ( 'NONE',  ( -12.90096245095561900, -17.98396194161096400, -66.18163229575617400 ) ) ;
#2341 = COORDINATED_UNIVERSAL_TIME_OFFSET ( 3, 0, .BEHIND. ) ;
#2342 = EDGE_CURVE ( 'NONE', #2597, #2597, #2952, .T. ) ;
#2343 = EDGE_CURVE ( 'NONE', #246, #246, #1180, .T. ) ;
#2344 = CARTESIAN_POINT ( 'NONE',  ( -12.80803425371126100, -18.20021022154336900, -66.12249003432653200 ) ) ;
#2345 = CARTESIAN_POINT ( 'NONE',  ( -12.80877959416145900, 68.57999092643750300, 0.4647777998713230600 ) ) ;
#2346 = CARTESIAN_POINT ( 'NONE',  ( 47.68367854864217700, -20.16075189590548800, -40.23150674618031500 ) ) ;
#2347 = CARTESIAN_POINT ( 'NONE',  ( -12.56950397015779700, 68.57754899270648300, 0.7388084783236864600 ) ) ;
#2348 = CARTESIAN_POINT ( 'NONE',  ( 36.68435620842406300, -24.31292829645310500, -37.86706465481854200 ) ) ;
#2349 = CARTESIAN_POINT ( 'NONE',  ( 36.50243648141042000, -23.83588910866111700, -38.16917534440133900 ) ) ;
#2350 = CARTESIAN_POINT ( 'NONE',  ( -12.73991234096127000, 68.57917585788956700, 0.5680690691823262500 ) ) ;
#2351 = CARTESIAN_POINT ( 'NONE',  ( -12.80803425371128400, 68.57998185290250600, -0.4662933663936179600 ) ) ;
#2352 = AXIS2_PLACEMENT_3D ( 'NONE', #957, #1638, #3051 ) ;
#2353 = CARTESIAN_POINT ( 'NONE',  ( -12.74012079358744700, -18.29835393088546200, -66.09535888272952800 ) ) ;
#2354 = CARTESIAN_POINT ( 'NONE',  ( 36.91090348588772200, -24.77079436386800600, -37.57046736820932200 ) ) ;
#2355 = CARTESIAN_POINT ( 'NONE',  ( -12.56735697064979200, -18.46463396405388100, -66.04909927463259600 ) ) ;
#2356 = CARTESIAN_POINT ( 'NONE',  ( 36.40375296681718000, -30.29920299984993200, -46.50090575714283100 ) ) ;
#2357 = CARTESIAN_POINT ( 'NONE',  ( -12.46538758644063100, -18.52994481577781400, -66.03076604234581700 ) ) ;
#2358 = EDGE_CURVE ( 'E1137', #2021, #1014, #2297, .T. ) ;
#2359 = CARTESIAN_POINT ( 'NONE',  ( -12.24140721637367700, -18.61908715699535900, -66.00568545553473100 ) ) ;
#2360 = DIRECTION ( 'NONE',  ( 1.000000000000000000, 0.0000000000000000000, 0.0000000000000000000 ) ) ;
#2361 = CARTESIAN_POINT ( 'NONE',  ( -12.12015908209975600, -18.64212034982419700, -65.99916760106413000 ) ) ;
#2362 = AXIS2_PLACEMENT_3D ( 'NONE', #2406, #2217, #2215 ) ;
#2363 = CARTESIAN_POINT ( 'NONE',  ( -11.87885808141342600, -18.64199697118346000, -65.99920245046200800 ) ) ;
#2364 = CARTESIAN_POINT ( 'NONE',  ( 13.43256580311223800, 53.30601090593683700, 58.12160874379491600 ) ) ;
#2365 = AXIS2_PLACEMENT_3D ( 'NONE', #2446, #880, #1460 ) ;
#2366 = CARTESIAN_POINT ( 'NONE',  ( -11.75713470315971800, -18.61861987794102900, -66.00581714908284400 ) ) ;
#2367 = CARTESIAN_POINT ( 'NONE',  ( 43.86165625847266400, 44.62388132707142300, -5.806482870444321900 ) ) ;
#2368 = CARTESIAN_POINT ( 'NONE',  ( -11.53452662291418600, -18.52979686040395200, -66.03080744614278800 ) ) ;
#2369 = CARTESIAN_POINT ( 'NONE',  ( 45.82215772396640600, -22.97145179681238500, -50.52299431201501500 ) ) ;
#2370 = DIRECTION ( 'NONE',  ( -1.000000000000000000, 0.0000000000000000000, 0.0000000000000000000 ) ) ;
#2371 = CARTESIAN_POINT ( 'NONE',  ( -17.00000000000000000, 96.57438808116189900, -27.50000000000000000 ) ) ;
#2372 = CARTESIAN_POINT ( 'NONE',  ( -11.43133073184091200, -18.46344023798447900, -66.04943172858760600 ) ) ;
#2373 = EDGE_CURVE ( 'NONE', #787, #787, #1274, .T. ) ;
#2374 = CARTESIAN_POINT ( 'NONE',  ( 46.00594062444972100, -23.07384747802650400, -50.47635021477244500 ) ) ;
#2375 = CARTESIAN_POINT ( 'NONE',  ( 46.53485564941664200, -23.40057827242043900, -50.32614042712484100 ) ) ;
#2376 = CARTESIAN_POINT ( 'NONE',  ( -11.26063940365834200, -18.29901605236278400, -66.09517432162768100 ) ) ;
#2377 = CARTESIAN_POINT ( 'NONE',  ( -11.19191929596461100, -18.20011208754892400, -66.12251692034617200 ) ) ;
#2378 = FACE_OUTER_BOUND ( 'NONE', #2672, .T. ) ;
#2379 = PLANE ( 'NONE',  #678 ) ;
#2380 = CARTESIAN_POINT ( 'NONE',  ( -11.09906093062226700, -17.98400639107524800, -66.18162009203588500 ) ) ;
#2381 = CARTESIAN_POINT ( 'NONE',  ( -11.07499999999999000, -17.86824888453016100, -66.21298509401572100 ) ) ;
#2382 = VERTEX_POINT ( 'NONE', #1706 ) ;
#2383 = CARTESIAN_POINT ( 'NONE',  ( 13.21585210848599700, 53.19013094289491800, 58.27723456215886700 ) ) ;
#2384 = CARTESIAN_POINT ( 'NONE',  ( -12.92504264924125400, 68.58147602718729300, 0.1204040576036126500 ) ) ;
#2385 = CARTESIAN_POINT ( 'NONE',  ( 12.74692171327598100, 52.99263367843598600, 58.56092218832687700 ) ) ;
#2386 = CARTESIAN_POINT ( 'NONE',  ( 46.86135815564884400, -23.64582603489861900, -50.21171458715799900 ) ) ;
#2387 = DIRECTION ( 'NONE',  ( -1.000000000000000000, 0.0000000000000000000, 0.0000000000000000000 ) ) ;
#2388 = DIRECTION ( 'NONE',  ( -2.242141400523138000E-016, 0.0000000000000000000, 1.000000000000000000 ) ) ;
#2389 = AXIS2_PLACEMENT_3D ( 'NONE', #1552, #2065, #2802 ) ;
#2390 = AXIS2_PLACEMENT_3D ( 'NONE', #2538, #2533, #2525 ) ;
#2391 = DIRECTION ( 'NONE',  ( -1.000000000000000000, 0.0000000000000000000, -2.449212707644755000E-016 ) ) ;
#2392 = CARTESIAN_POINT ( 'NONE',  ( 10.26068604324911100, 52.74171479790335600, 59.27153123936754000 ) ) ;
#2393 = CARTESIAN_POINT ( 'NONE',  ( 18.50000000000000000, 0.0000000000000000000, 2.265521754571399900E-015 ) ) ;
#2394 = CARTESIAN_POINT ( 'NONE',  ( -17.00000000000000000, 0.0000000000000000000, -27.50000000000000000 ) ) ;
#2395 = FACE_OUTER_BOUND ( 'NONE', #2262, .T. ) ;
#2396 = CARTESIAN_POINT ( 'NONE',  ( -11.07499999999999600, -17.75019198819595100, -66.24461834404941400 ) ) ;
#2397 = DIRECTION ( 'NONE',  ( 0.0000000000000000000, -1.000000000000000000, 0.0000000000000000000 ) ) ;
#2398 = PLANE ( 'NONE',  #2362 ) ;
#2399 = EDGE_CURVE ( 'E952', #2640, #1101, #1844, .T. ) ;
#2400 = CARTESIAN_POINT ( 'NONE',  ( -28.50000000000000000, -132.5000000000000000, -27.50000000000000000 ) ) ;
#2401 = DIRECTION ( 'NONE',  ( 0.0000000000000000000, 0.4999999999999998900, 0.8660254037844387100 ) ) ;
#2402 = CLOSED_SHELL ( 'NONE', ( #1982, #1965, #1732, #1614, #2218, #1623, #1948, #1723 ) ) ;
#2403 = CARTESIAN_POINT ( 'NONE',  ( 44.03205080756889300, 55.50000000000000000, 3.000000000000000000 ) ) ;
#2404 = CARTESIAN_POINT ( 'NONE',  ( 40.56794919243110100, -25.15192378864664800, -49.56440991003640300 ) ) ;
#2405 = CARTESIAN_POINT ( 'NONE',  ( 6.482763390675683200, 54.75076547995895700, 57.96907537157887400 ) ) ;
#2406 = CARTESIAN_POINT ( 'NONE',  ( -28.50000000000000000, 0.0000000000000000000, 0.0000000000000000000 ) ) ;
#2407 = CARTESIAN_POINT ( 'NONE',  ( -19.30000000000000100, 132.5000000000000000, 0.0000000000000000000 ) ) ;
#2408 = LINE ( 'NONE', #1963, #1456 ) ;
#2409 = DIRECTION ( 'NONE',  ( 0.0000000000000000000, 0.0000000000000000000, -1.000000000000000000 ) ) ;
#2410 = EDGE_CURVE ( 'E246', #2947, #1748, #493, .T. ) ;
#2411 = DIRECTION ( 'NONE',  ( 1.000000000000000000, 0.0000000000000000000, 0.0000000000000000000 ) ) ;
#2412 = VECTOR ( 'NONE', #2729, 1000.000000000000100 ) ;
#2413 = CARTESIAN_POINT ( 'NONE',  ( -17.00000000000000000, -96.57438808116189900, -27.50000000000000000 ) ) ;
#2414 = CARTESIAN_POINT ( 'NONE',  ( 9.115573883340241300, 52.97953070000772200, 59.24660531626700100 ) ) ;
#2415 = CARTESIAN_POINT ( 'NONE',  ( 40.56794919243110100, 55.50000000000000000, 3.000000000000000000 ) ) ;
#2416 = CIRCLE ( 'NONE', #793, 53.50000000000000000 ) ;
#2417 = CARTESIAN_POINT ( 'NONE',  ( -12.90096245095563500, 68.58113971732541400, -0.2421064242879021900 ) ) ;
#2418 = CARTESIAN_POINT ( 'NONE',  ( 42.29999999999999700, -27.75000000000000000, -48.06440991003640300 ) ) ;
#2419 = CARTESIAN_POINT ( 'NONE',  ( -19.30000000000000100, -58.01886792452830100, 84.49888144085780100 ) ) ;
#2420 = DIRECTION ( 'NONE',  ( -1.000000000000000000, 0.0000000000000000000, -6.123031769111888800E-017 ) ) ;
#2421 = CARTESIAN_POINT ( 'NONE',  ( 48.26156100205117400, 44.99482591477202200, 0.7847153165450760900 ) ) ;
#2422 = DIRECTION ( 'NONE',  ( 0.0000000000000000000, 0.0000000000000000000, 1.000000000000000000 ) ) ;
#2423 = VERTEX_POINT ( 'NONE', #1515 ) ;
#2424 = DIRECTION ( 'NONE',  ( -1.000000000000000000, 0.0000000000000000000, 0.0000000000000000000 ) ) ;
#2425 = CARTESIAN_POINT ( 'NONE',  ( 9.394868985639206500, 52.90084489787813700, 59.27329879846576700 ) ) ;
#2426 = CARTESIAN_POINT ( 'NONE',  ( 45.76410161513780400, 55.50000000000000000, 2.121080424092025200E-016 ) ) ;
#2427 = CARTESIAN_POINT ( 'NONE',  ( -19.30000000000000100, 0.0000000000000000000, 0.0000000000000000000 ) ) ;
#2428 = ADVANCED_FACE ( 'E1384', ( #2307 ), #520, .F. ) ;
#2429 = CARTESIAN_POINT ( 'NONE',  ( 6.239763639662517600, 55.15136987631897400, 57.61491119270556300 ) ) ;
#2430 = DIRECTION ( 'NONE',  ( 7.521836210197537800E-017, 0.0000000000000000000, -1.000000000000000000 ) ) ;
#2431 = PLANE ( 'NONE',  #894 ) ;
#2432 = EDGE_CURVE ( 'E570', #1032, #1722, #3057, .T. ) ;
#2433 = DIRECTION ( 'NONE',  ( 1.000000000000000000, 0.0000000000000000000, 6.123031769111888800E-017 ) ) ;
#2434 = CARTESIAN_POINT ( 'NONE',  ( -19.30000000000000100, -98.74208829065749200, 27.50000000000000000 ) ) ;
#2435 = CIRCLE ( 'NONE', #2390, 88.00000000000000000 ) ;
#2436 = CARTESIAN_POINT ( 'NONE',  ( 8.574813363150340700, 53.17294486389960200, 59.15399489641460200 ) ) ;
#2437 = CC_DESIGN_PERSON_AND_ORGANIZATION_ASSIGNMENT ( #1074, #1319, ( #1357 ) ) ;
#2438 = CARTESIAN_POINT ( 'NONE',  ( 42.29999999999999000, 44.59820624195550200, 6.000000000000000000 ) ) ;
#2439 = DIRECTION ( 'NONE',  ( -6.769652589177783600E-017, 0.0000000000000000000, 1.000000000000000000 ) ) ;
#2440 = CARTESIAN_POINT ( 'NONE',  ( -12.74012079358747200, 68.57917663401275400, -0.5681149686838309300 ) ) ;
#2441 = ADVANCED_FACE ( 'E645', ( #1887 ), #2998, .T. ) ;
#2442 = DIRECTION ( 'NONE',  ( 0.0000000000000000000, 0.0000000000000000000, -1.000000000000000000 ) ) ;
#2443 = CARTESIAN_POINT ( 'NONE',  ( -40.00000000000000000, 0.0000000000000000000, 0.0000000000000000000 ) ) ;
#2444 = DIRECTION ( 'NONE',  ( 1.000000000000000000, 0.0000000000000000000, 0.0000000000000000000 ) ) ;
#2445 = CARTESIAN_POINT ( 'NONE',  ( -11.87885808141347100, 68.57523801626778900, -0.9249357723121521800 ) ) ;
#2446 = CARTESIAN_POINT ( 'NONE',  ( 25.93000000000000300, 0.0000000000000000000, 0.0000000000000000000 ) ) ;
#2447 = EDGE_CURVE ( 'E555', #2173, #1722, #1960, .T. ) ;
#2448 = DATE_AND_TIME ( #231, #2572 ) ;
#2449 = CARTESIAN_POINT ( 'NONE',  ( 11.69280115879571000, 52.74691629607460200, 59.00107537239345100 ) ) ;
#2450 = CARTESIAN_POINT ( 'NONE',  ( 42.69404301076827600, 44.59822624705502400, -5.999851301396701000 ) ) ;
#2451 = CARTESIAN_POINT ( 'NONE',  ( -19.30000000000000100, -132.5000000000000000, 0.0000000000000000000 ) ) ;
#2452 = CARTESIAN_POINT ( 'NONE',  ( 10.83700514004628300, 52.70307744858625700, 59.20328977686759900 ) ) ;
#2453 = DIRECTION ( 'NONE',  ( 0.0000000000000000000, 0.0000000000000000000, 1.000000000000000000 ) ) ;
#2454 = CARTESIAN_POINT ( 'NONE',  ( 9.972008751604672500, 52.78097008982553700, 59.28587641634173600 ) ) ;
#2455 = DIRECTION ( 'NONE',  ( -1.000000000000000000, 0.0000000000000000000, 0.0000000000000000000 ) ) ;
#2456 = CARTESIAN_POINT ( 'NONE',  ( -18.65547891535638000, 97.17719388131415300, -27.50000000000000400 ) ) ;
#2457 = CARTESIAN_POINT ( 'NONE',  ( -39.69999999999999600, 0.0000000000000000000, 0.0000000000000000000 ) ) ;
#2458 = CARTESIAN_POINT ( 'NONE',  ( -12.56735697064982600, 68.57752972324219300, -0.7407020147118790200 ) ) ;
#2459 = VECTOR ( 'NONE', #2091, 1000.000000000000000 ) ;
#2460 = CARTESIAN_POINT ( 'NONE',  ( -12.46538758644066800, 68.57672487297503500, -0.8085324428030750100 ) ) ;
#2461 = CARTESIAN_POINT ( 'NONE',  ( 40.56794919243110100, 55.50000000000000000, 3.000000000000000000 ) ) ;
#2462 = DIRECTION ( 'NONE',  ( -3.465867039119933800E-017, -0.8243793311303196900, 0.5660377358490569200 ) ) ;
#2463 = EDGE_LOOP ( 'NONE', ( #1704, #1073, #975, #2620 ) ) ;
#2464 = DIRECTION ( 'NONE',  ( 5.047700834310157500E-017, 0.5660377358490569200, -0.8243793311303196900 ) ) ;
#2465 = CARTESIAN_POINT ( 'NONE',  ( 11.96556489315609200, 52.78833619500419200, 58.90926801919692900 ) ) ;
#2466 = CARTESIAN_POINT ( 'NONE',  ( 12.70938334794137400, -40.01560664326681400, -68.09726646608281400 ) ) ;
#2467 = CARTESIAN_POINT ( 'NONE',  ( -12.24140721637371800, 68.57557062206785800, -0.9011286659300495900 ) ) ;
#2468 = AXIS2_PLACEMENT_3D ( 'NONE', #797, #238, #2462 ) ;
#2469 = AXIS2_PLACEMENT_3D ( 'NONE', #2995, #2993, #2985 ) ;
#2470 = CARTESIAN_POINT ( 'NONE',  ( 40.56794919243110100, -29.03557621135329800, -44.29109322510219500 ) ) ;
#2471 = CARTESIAN_POINT ( 'NONE',  ( -11.53452662291422100, 68.57672657230324400, -0.8083788127951737600 ) ) ;
#2472 = CARTESIAN_POINT ( 'NONE',  ( 44.03205080756889300, 52.87500000000000000, -3.000000000000000000 ) ) ;
#2473 = CARTESIAN_POINT ( 'NONE',  ( -11.07499999999999800, 68.58147545195106400, -0.1222214927079517400 ) ) ;
#2474 = CARTESIAN_POINT ( 'NONE',  ( -40.00000000000000000, 132.5000000000000000, 0.0000000000000000000 ) ) ;
#2475 = CARTESIAN_POINT ( 'NONE',  ( 28.00000000000000000, 0.0000000000000000000, 4.163661602996085000E-015 ) ) ;
#2476 = DIRECTION ( 'NONE',  ( 0.0000000000000000000, 0.0000000000000000000, -1.000000000000000000 ) ) ;
#2477 = DIRECTION ( 'NONE',  ( 0.4999999999999998900, 0.0000000000000000000, 0.8660254037844387100 ) ) ;
#2478 = CARTESIAN_POINT ( 'NONE',  ( -17.33833542942290200, 96.59453773563819800, 27.50000000000000000 ) ) ;
#2479 = CARTESIAN_POINT ( 'NONE',  ( 44.03205080756889300, 55.50000000000000000, -3.000000000000000000 ) ) ;
#2480 = EDGE_CURVE ( 'NONE', #1992, #1992, #505, .T. ) ;
#2481 = CARTESIAN_POINT ( 'NONE',  ( 6.628491514601738500, 54.55935860213726600, 58.13281585785672000 ) ) ;
#2482 = FACE_OUTER_BOUND ( 'NONE', #1970, .T. ) ;
#2483 = DIRECTION ( 'NONE',  ( 0.0000000000000000000, -0.8243793311303196900, -0.5660377358490569200 ) ) ;
#2484 = CARTESIAN_POINT ( 'NONE',  ( -17.22555694984308500, 96.58782123649378100, 27.50000000000000000 ) ) ;
#2485 = B_SPLINE_CURVE_WITH_KNOTS ( 'NONE', 3,
 ( #2270, #2134, #1046, #844, #530, #983, #2321, #3043, #1444, #2896, #251, #1008, #2496, #1109, #199, #2856, #669, #477, #2931, #2227, #1375, #1631, #2466, #825, #2973, #1940, #910, #2316, #1134, #2040, #861, #427 ),
 .UNSPECIFIED., .T., .F.,
 ( 4, 2, 2, 2, 2, 2, 2, 2, 2, 2, 2, 2, 2, 2, 2, 4 ),
 ( 0.0000000000000000000, 0.0003635773820320384000, 0.0007271547640640768000, 0.001090732146096115100, 0.001454309528128153600, 0.001817886910160191900, 0.002181464292192230200, 0.002545041674224268500, 0.002908619056256307200, 0.003272196438288345500, 0.003635773820320383800, 0.003999351202352422100, 0.004362928584384460400, 0.004726505966416498700, 0.005090083348448537000, 0.005817238112512625700 ),
 .UNSPECIFIED. ) ;
#2486 = AXIS2_PLACEMENT_3D ( 'NONE', #2166, #2165, #2155 ) ;
#2487 = CARTESIAN_POINT ( 'NONE',  ( -11.43133073184095100, 68.57754189006200800, -0.7394629184568241000 ) ) ;
#2488 = ADVANCED_FACE ( 'E842', ( #916, #705 ), #2955, .F. ) ;
#2489 = CARTESIAN_POINT ( 'NONE',  ( -11.26063940365836500, 68.57916973132641700, -0.5688022968471396800 ) ) ;
#2490 = AXIS2_PLACEMENT_3D ( 'NONE', #1679, #733, #447 ) ;
#2491 = CARTESIAN_POINT ( 'NONE',  ( 38.83589838486224700, 55.50000000000000000, -6.363241272276080100E-016 ) ) ;
#2492 = CARTESIAN_POINT ( 'NONE',  ( -17.33833542942290200, -96.59453773563819800, 27.50000000000000000 ) ) ;
#2493 = DIRECTION ( 'NONE',  ( 3.465867039119933800E-017, -0.8243793311303196900, -0.5660377358490569200 ) ) ;
#2494 = ADVANCED_FACE ( 'E554', ( #1924 ), #2787, .T. ) ;
#2495 = CC_DESIGN_SECURITY_CLASSIFICATION ( #2904, ( #2959 ) ) ;
#2496 = CARTESIAN_POINT ( 'NONE',  ( 12.28413759844886500, -38.75358218634091400, -68.90047109105000800 ) ) ;
#2497 = CARTESIAN_POINT ( 'NONE',  ( 37.09014323270600500, 44.90095646090732400, 3.001854831107563900 ) ) ;
#2498 = DATE_AND_TIME ( #815, #3030 ) ;
#2499 = DIRECTION ( 'NONE',  ( 0.0000000000000000000, 0.0000000000000000000, 1.000000000000000000 ) ) ;
#2500 = DIRECTION ( 'NONE',  ( -0.8660254037844384900, 0.0000000000000000000, -0.5000000000000003300 ) ) ;
#2501 = DIRECTION ( 'NONE',  ( -1.000000000000000000, 0.0000000000000000000, -3.204937810639275000E-016 ) ) ;
#2502 = DIRECTION ( 'NONE',  ( 1.000000000000000000, -0.0000000000000000000, -0.0000000000000000000 ) ) ;
#2503 = CARTESIAN_POINT ( 'NONE',  ( 40.37093343667866900, 44.63951242614979300, -5.684827994094442600 ) ) ;
#2504 = CARTESIAN_POINT ( 'NONE',  ( -19.30000000000000100, 132.5000000000000000, 0.0000000000000000000 ) ) ;
#2505 = AXIS2_PLACEMENT_3D ( 'NONE', #204, #181, #116 ) ;
#2506 = CARTESIAN_POINT ( 'NONE',  ( -17.33833542942290200, 96.59453773563819800, 27.50000000000000000 ) ) ;
#2507 = DATE_AND_TIME ( #737, #1305 ) ;
#2508 = CARTESIAN_POINT ( 'NONE',  ( 37.78459309987773200, 44.82536069323179400, -3.970397620536869600 ) ) ;
#2509 = CARTESIAN_POINT ( 'NONE',  ( 18.25000000000000000, 0.0000000000000000000, 0.0000000000000000000 ) ) ;
#2510 = CARTESIAN_POINT ( 'NONE',  ( 46.26671097478041600, 44.77341949286827800, 4.518629548434105900 ) ) ;
#2511 = CARTESIAN_POINT ( 'NONE',  ( -11.19191929596463600, 68.57998242385652100, -0.4661916176201073600 ) ) ;
#2512 = AXIS2_PLACEMENT_3D ( 'NONE', #757, #1664, #2010 ) ;
#2513 = CARTESIAN_POINT ( 'NONE',  ( -19.30000000000000100, 132.5000000000000000, 27.50000000000000000 ) ) ;
#2514 = CARTESIAN_POINT ( 'NONE',  ( 38.83589838486224700, -26.43750000000000000, -45.79109322510220200 ) ) ;
#2515 = AXIS2_PLACEMENT_3D ( 'NONE', #2124, #2109, #2105 ) ;
#2516 = CARTESIAN_POINT ( 'NONE',  ( 7.560190307408216600, 58.59549161296040200, 53.93977065090457800 ) ) ;
#2517 = CARTESIAN_POINT ( 'NONE',  ( -11.09906093062228300, 68.58113943380473600, -0.2421525177287315900 ) ) ;
#2518 = CARTESIAN_POINT ( 'NONE',  ( -18.34748630955476800, 96.91139664817303900, 27.50000000000000700 ) ) ;
#2519 = CARTESIAN_POINT ( 'NONE',  ( -17.00000000000000000, 96.57438808116189900, 27.50000000000000000 ) ) ;
#2520 = PLANE ( 'NONE',  #1544 ) ;
#2521 = CARTESIAN_POINT ( 'NONE',  ( 45.76410161513780400, -27.75000000000000000, -48.06440991003640300 ) ) ;
#2522 = DIRECTION ( 'NONE',  ( 0.5000000000000001100, -0.7500000000000001100, 0.4330127018922190800 ) ) ;
#2523 = CARTESIAN_POINT ( 'NONE',  ( -17.11277847336814200, 96.58110468501263300, 27.50000000000000000 ) ) ;
#2524 = CARTESIAN_POINT ( 'NONE',  ( 8.310662424517092400, 53.28922523517640300, 59.08702856244400400 ) ) ;
#2525 = DIRECTION ( 'NONE',  ( 0.0000000000000000000, 0.0000000000000000000, -1.000000000000000000 ) ) ;
#2526 = AXIS2_PLACEMENT_3D ( 'NONE', #442, #1572, #2824 ) ;
#2527 = B_SPLINE_CURVE_WITH_KNOTS ( 'NONE', 3,
 ( #1536, #1523, #2196, #2250, #2356, #2967, #2960, #2956, #2946, #2938, #2753, #2772, #2789, #2805, #1990, #1975, #1954, #1976, #1980, #850, #856, #862, #870, #882, #997, #1195, #1020, #1026, #1028, #1037, #1056, #1231, #1244, #1247, #1250, #1262, #1778, #1746, #1766, #1749, #1825, #2911, #2897, #2895, #2889, #2879, #2728, #2721, #2718, #2709, #2694, #2386, #2375, #2374, #2369, #2711, #399, #403, #405, #407, #408, #421, #423, #428, #432, #446, #450, #456, #459, #465, #468, #475, #479, #503, #523, #180, #191, #213, #289, #484, #490, #492, #495, #501, #509, #511 ),
 .UNSPECIFIED., .T., .F.,
 ( 4, 2, 2, 2, 2, 2, 2, 2, 2, 2, 2, 2, 2, 2, 2, 2, 2, 2, 2, 2, 2, 2, 2, 2, 2, 2, 2, 2, 2, 2, 2, 2, 2, 2, 2, 2, 2, 2, 2, 2, 2, 2, 4 ),
 ( 0.0000000000000000000, 0.001271814629221474600, 0.002543629258442949300, 0.003815443887664423700, 0.004451351202275175000, 0.005087258516885925400, 0.005723165831496676700, 0.006359073146107427200, 0.007630887775328928900, 0.008902702404550429800, 0.01017451703377193200, 0.01144633166299343300, 0.01271814629221493600, 0.01335405360682567800, 0.01398996092143641900, 0.01526177555065788900, 0.01589768286526862700, 0.01653359017987936600, 0.01716949749449010000, 0.01780540480910083900, 0.01907721943832231900, 0.02034903406754379500, 0.02162084869676527500, 0.02289266332598675600, 0.02352857064059750400, 0.02416447795520824900, 0.02543629258442974300, 0.02607219989904048900, 0.02670810721365123000, 0.02797992184287272100, 0.02925173647209421500, 0.02988764378670495300, 0.03052355110131568800, 0.03179536573053714400, 0.03243127304514785400, 0.03306718035975856500, 0.03433899498897998600, 0.03561080961820140700, 0.03688262424742282800, 0.03751853156203353200, 0.03815443887664422800, 0.03942625350586563500, 0.04069806813508704300 ),
 .UNSPECIFIED. ) ;
#2528 = DIRECTION ( 'NONE',  ( -1.000000000000000000, 0.0000000000000000000, -6.123031769111888800E-017 ) ) ;
#2529 = CARTESIAN_POINT ( 'NONE',  ( -11.07499999999999900, 68.58147545195106400, 6.776263578034402700E-017 ) ) ;
#2530 = CARTESIAN_POINT ( 'NONE',  ( -28.50000000000000000, 0.0000000000000000000, 27.50000000000000000 ) ) ;
#2531 = EDGE_CURVE ( 'E1215', #1477, #2679, #2975, .T. ) ;
#2532 = CARTESIAN_POINT ( 'NONE',  ( 28.00000000000000000, 58.01886792452830100, 84.49888144085780100 ) ) ;
#2533 = DIRECTION ( 'NONE',  ( 1.000000000000000000, 0.0000000000000000000, 0.0000000000000000000 ) ) ;
#2534 = CARTESIAN_POINT ( 'NONE',  ( -19.30000000000000100, 148.0660377358489900, -22.67043160608379900 ) ) ;
#2535 = DIRECTION ( 'NONE',  ( -1.000000000000000000, 0.0000000000000000000, 0.0000000000000000000 ) ) ;
#2536 = VERTEX_POINT ( 'NONE', #1430 ) ;
#2537 = CARTESIAN_POINT ( 'NONE',  ( 7.816597529793984500, 53.55216336884681300, 58.91648480698993500 ) ) ;
#2538 = CARTESIAN_POINT ( 'NONE',  ( -28.50000000000000000, 0.0000000000000000000, 0.0000000000000000000 ) ) ;
#2539 = DIRECTION ( 'NONE',  ( 0.0000000000000000000, 0.0000000000000000000, -1.000000000000000000 ) ) ;
#2540 = CARTESIAN_POINT ( 'NONE',  ( 7.587014565202987400, 53.69799736431668400, 58.81366704913939700 ) ) ;
#2541 = DIRECTION ( 'NONE',  ( -1.000000000000000000, 0.0000000000000000000, 0.0000000000000000000 ) ) ;
#2542 = EDGE_CURVE ( 'E1126', #1953, #1823, #2659, .T. ) ;
#2543 = CARTESIAN_POINT ( 'NONE',  ( -19.30000000000000100, 148.0660377358489900, 22.67043160608379900 ) ) ;
#2544 = DIRECTION ( 'NONE',  ( 6.769652589177783600E-017, 0.0000000000000000000, -1.000000000000000000 ) ) ;
#2545 = AXIS2_PLACEMENT_3D ( 'NONE', #1488, #3054, #1590 ) ;
#2546 = LOCAL_TIME ( 9, 14, 16.00000000000000000, #1111 ) ;
#2547 = DIRECTION ( 'NONE',  ( 0.0000000000000000000, -1.000000000000000000, 0.0000000000000000000 ) ) ;
#2548 = CARTESIAN_POINT ( 'NONE',  ( 44.03205080756889300, -25.15192378864664800, -49.56440991003640300 ) ) ;
#2549 = AXIS2_PLACEMENT_3D ( 'NONE', #841, #76, #2966 ) ;
#2550 = CARTESIAN_POINT ( 'NONE',  ( 42.29999999999999700, 55.50000000000000000, 0.0000000000000000000 ) ) ;
#2551 = CARTESIAN_POINT ( 'NONE',  ( 6.967129694577471900, 54.19386506721069500, 58.43431255089023300 ) ) ;
#2552 = CARTESIAN_POINT ( 'NONE',  ( 6.061405630816940600, 57.00118607553032700, 55.80509787501676300 ) ) ;
#2553 = DIRECTION ( 'NONE',  ( 0.0000000000000000000, 0.0000000000000000000, 1.000000000000000000 ) ) ;
#2554 = B_SPLINE_CURVE_WITH_KNOTS ( 'NONE', 3,
 ( #1677, #1714, #1977, #742, #1167, #3039, #2688, #49, #306, #1616, #2084, #2233, #1600, #2943, #4, #2434 ),
 .UNSPECIFIED., .F., .F.,
 ( 4, 2, 2, 2, 2, 2, 2, 4 ),
 ( 0.007437572612230243900, 0.007836364207171668900, 0.008235155802113093900, 0.008633947397054518900, 0.009032738991995943900, 0.009830322181878800900, 0.01022911377682024800, 0.01062790537176169600 ),
 .UNSPECIFIED. ) ;
#2555 = AXIS2_PLACEMENT_3D ( 'NONE', #2573, #2569, #2567 ) ;
#2556 = CARTESIAN_POINT ( 'NONE',  ( 54.30000000000000400, 0.0000000000000000000, 0.0000000000000000000 ) ) ;
#2557 = DIRECTION ( 'NONE',  ( 0.0000000000000000000, 1.000000000000000000, 0.0000000000000000000 ) ) ;
#2558 = DIRECTION ( 'NONE',  ( 1.000000000000000000, 0.0000000000000000000, 0.0000000000000000000 ) ) ;
#2559 = CARTESIAN_POINT ( 'NONE',  ( 14.31094543168175700, 54.04433502997396500, 57.22317023689270600 ) ) ;
#2560 = DIRECTION ( 'NONE',  ( 0.0000000000000000000, 0.0000000000000000000, 1.000000000000000000 ) ) ;
#2561 = EDGE_CURVE ( 'E1221', #2679, #1482, #2563, .T. ) ;
#2562 = CARTESIAN_POINT ( 'NONE',  ( 44.03205080756889300, -23.83942378864664800, -47.29109322510220200 ) ) ;
#2563 = LINE ( 'NONE', #2773, #1780 ) ;
#2564 = CARTESIAN_POINT ( 'NONE',  ( 40.56794919243110100, 52.87500000000000000, -3.000000000000000000 ) ) ;
#2565 = DIRECTION ( 'NONE',  ( 0.0000000000000000000, -1.000000000000000000, 0.0000000000000000000 ) ) ;
#2566 = CARTESIAN_POINT ( 'NONE',  ( -19.30000000000000100, -98.74208829065749200, 27.50000000000000000 ) ) ;
#2567 = DIRECTION ( 'NONE',  ( 0.0000000000000000000, 0.0000000000000000000, -1.000000000000000000 ) ) ;
#2568 = DIRECTION ( 'NONE',  ( 0.0000000000000000000, -1.000000000000000000, 0.0000000000000000000 ) ) ;
#2569 = DIRECTION ( 'NONE',  ( 0.0000000000000000000, -1.000000000000000000, 0.0000000000000000000 ) ) ;
#2570 = VERTEX_POINT ( 'NONE', #2747 ) ;
#2571 = CARTESIAN_POINT ( 'NONE',  ( -19.30000000000000100, -58.01886792452830100, -84.49888144085780100 ) ) ;
#2572 = LOCAL_TIME ( 9, 14, 16.00000000000000000, #2341 ) ;
#2573 = CARTESIAN_POINT ( 'NONE',  ( 42.29999999999999700, 45.00000000000000000, 0.0000000000000000000 ) ) ;
#2574 = VERTEX_POINT ( 'NONE', #1508 ) ;
#2575 = CARTESIAN_POINT ( 'NONE',  ( -17.33833542942290200, -96.59453773563819800, -27.50000000000000000 ) ) ;
#2576 = CARTESIAN_POINT ( 'NONE',  ( -17.47298407797496400, -96.60187477616342700, -27.50000000000000700 ) ) ;
#2577 = DIRECTION ( 'NONE',  ( -1.000000000000000000, 0.0000000000000000000, 0.0000000000000000000 ) ) ;
#2578 = EDGE_CURVE ( 'E885', #1830, #1608, #2675, .T. ) ;
#2579 = CARTESIAN_POINT ( 'NONE',  ( 41.52081668038967200, 44.60332994371869800, -5.962295090757964800 ) ) ;
#2580 = DIRECTION ( 'NONE',  ( 0.0000000000000000000, 0.0000000000000000000, -1.000000000000000000 ) ) ;
#2581 = CARTESIAN_POINT ( 'NONE',  ( 5.972113509472606600, 55.98070930705994600, 56.83819338444018100 ) ) ;
#2582 = AXIS2_PLACEMENT_3D ( 'NONE', #1492, #1555, #1550 ) ;
#2583 = CARTESIAN_POINT ( 'NONE',  ( 5.951058058337629600, 56.39833962135430300, 56.42604343243703400 ) ) ;
#2584 = AXIS2_PLACEMENT_3D ( 'NONE', #1873, #1931, #1818 ) ;
#2585 = CARTESIAN_POINT ( 'NONE',  ( -17.60504484095475800, -96.62271839584065000, -27.49999999999999600 ) ) ;
#2586 = DIRECTION ( 'NONE',  ( 0.0000000000000000000, 0.4999999999999998900, 0.8660254037844387100 ) ) ;
#2587 = DIRECTION ( 'NONE',  ( 1.000000000000000000, 0.0000000000000000000, 0.0000000000000000000 ) ) ;
#2588 = PLANE ( 'NONE',  #814 ) ;
#2589 = CARTESIAN_POINT ( 'NONE',  ( 6.136873200937023000, 57.19776544975564300, 55.59531922539705600 ) ) ;
#2590 = DATE_AND_TIME ( #1702, #2546 ) ;
#2591 = DIRECTION ( 'NONE',  ( 1.000000000000000000, 0.0000000000000000000, 0.0000000000000000000 ) ) ;
#2592 = ORIENTED_EDGE ( 'NONE', *, *, #751, .F. ) ;
#2593 = CARTESIAN_POINT ( 'NONE',  ( 6.339489140084638500, 57.56621095804440800, 55.19082657725037000 ) ) ;
#2594 = CARTESIAN_POINT ( 'NONE',  ( -17.86241190912121000, -96.68985152048250600, -27.50000000000000400 ) ) ;
#2595 = CARTESIAN_POINT ( 'NONE',  ( -17.00000000000000000, 0.0000000000000000000, 0.0000000000000000000 ) ) ;
#2596 = CARTESIAN_POINT ( 'NONE',  ( -17.98929635402009800, -96.73682728896697800, -27.49999999999999600 ) ) ;
#2597 = VERTEX_POINT ( 'NONE', #1494 ) ;
#2598 = CARTESIAN_POINT ( 'NONE',  ( -18.23021642915616500, -96.85441988941444400, -27.50000000000000400 ) ) ;
#2599 = EDGE_CURVE ( 'NONE', #486, #486, #1164, .T. ) ;
#2600 = ORIENTED_EDGE ( 'NONE', *, *, #2293, .T. ) ;
#2601 = CARTESIAN_POINT ( 'NONE',  ( 5.969192760526929000, 56.60238911625104000, 56.21941911118353400 ) ) ;
#2602 = CARTESIAN_POINT ( 'NONE',  ( 6.771579743507888200, 58.06381557409749700, 54.61524180008259300 ) ) ;
#2603 = CARTESIAN_POINT ( 'NONE',  ( 45.76410161513780400, 55.50000000000000000, 2.121080424092025200E-016 ) ) ;
#2604 = CARTESIAN_POINT ( 'NONE',  ( -18.34336129073674500, -96.92424244275888200, -27.49999999999999600 ) ) ;
#2605 = CARTESIAN_POINT ( 'NONE',  ( -18.55559567589200000, -97.08507333018837900, -27.50000000000000400 ) ) ;
#2606 = CARTESIAN_POINT ( 'NONE',  ( 36.30035398663541500, 44.99995280180009900, -0.4020252349529937500 ) ) ;
#2607 = CARTESIAN_POINT ( 'NONE',  ( 42.29999999999999700, -27.41170000000000000, -47.47845712183580200 ) ) ;
#2608 = ORIENTED_EDGE ( 'NONE', *, *, #968, .F. ) ;
#2609 = CARTESIAN_POINT ( 'NONE',  ( -18.65553940853229500, -97.17725552257387300, -27.49999999999999600 ) ) ;
#2610 = FACE_OUTER_BOUND ( 'NONE', #1967, .T. ) ;
#2611 = CARTESIAN_POINT ( 'NONE',  ( 6.466350900752090100, 57.73945568341197500, 54.99479222197878400 ) ) ;
#2612 = CARTESIAN_POINT ( 'NONE',  ( -19.30000000000000100, 157.2794260643690100, 27.50000000000000000 ) ) ;
#2613 = EDGE_CURVE ( 'E1119', #1823, #1477, #2997, .T. ) ;
#2614 = VERTEX_POINT ( 'NONE', #1605 ) ;
#2615 = CARTESIAN_POINT ( 'NONE',  ( 6.950039697843628500, 58.21399006866761300, 54.43264552701219800 ) ) ;
#2616 = CARTESIAN_POINT ( 'NONE',  ( -18.83372795052369100, -97.37603463525918800, -27.50000000000000400 ) ) ;
#2617 = CARTESIAN_POINT ( 'NONE',  ( -17.00000000000000000, -96.57438808116189900, 27.50000000000000000 ) ) ;
#2618 = ORIENTED_EDGE ( 'NONE', *, *, #2293, .F. ) ;
#2619 = CARTESIAN_POINT ( 'NONE',  ( -18.91273243962907500, -97.48286416590102000, -27.49999999999999600 ) ) ;
#2620 = ORIENTED_EDGE ( 'NONE', *, *, #2978, .T. ) ;
#2621 = DIRECTION ( 'NONE',  ( 0.0000000000000000000, -1.000000000000000000, 0.0000000000000000000 ) ) ;
#2622 = CARTESIAN_POINT ( 'NONE',  ( -19.05099541646810500, -97.71108347678328700, -27.50000000000000400 ) ) ;
#2623 = ORIENTED_EDGE ( 'NONE', *, *, #1659, .T. ) ;
#2624 = CARTESIAN_POINT ( 'NONE',  ( -19.11033023601630300, -97.83334141913466900, -27.49999999999999600 ) ) ;
#2625 = AXIS2_PLACEMENT_3D ( 'NONE', #2043, #1756, #1489 ) ;
#2626 = CARTESIAN_POINT ( 'NONE',  ( 38.83589838486224700, 52.87500000000000000, -1.110223024625155900E-015 ) ) ;
#2627 = ORIENTED_EDGE ( 'NONE', *, *, #1849, .T. ) ;
#2628 = CARTESIAN_POINT ( 'NONE',  ( -19.20437885164872300, -98.08266958847418900, -27.50000000000000400 ) ) ;
#2629 = DIRECTION ( 'NONE',  ( 0.0000000000000000000, 0.0000000000000000000, 1.000000000000000000 ) ) ;
#2630 = EDGE_LOOP ( 'NONE', ( #1051 ) ) ;
#2631 = CARTESIAN_POINT ( 'NONE',  ( 7.343552310085243600, 58.47889158948078900, 54.09598939404559600 ) ) ;
#2632 = EDGE_CURVE ( 'E994', #2819, #2247, #1499, .T. ) ;
#2633 = CARTESIAN_POINT ( 'NONE',  ( -40.00000000000000000, -58.01886792452830100, -84.49888144085780100 ) ) ;
#2634 = CIRCLE ( 'NONE', #2162, 45.00000000000000000 ) ;
#2635 = EDGE_CURVE ( 'E168', #1123, #1811, #337, .T. ) ;
#2636 = DIRECTION ( 'NONE',  ( 1.000000000000000000, 0.0000000000000000000, 0.0000000000000000000 ) ) ;
#2637 = AXIS2_PLACEMENT_3D ( 'NONE', #1086, #1088, #1090 ) ;
#2638 = CARTESIAN_POINT ( 'NONE',  ( -17.00000000000000000, 0.0000000000000000000, -27.50000000000000000 ) ) ;
#2639 = DIRECTION ( 'NONE',  ( -1.000000000000000000, 0.0000000000000000000, 0.0000000000000000000 ) ) ;
#2640 = VERTEX_POINT ( 'NONE', #2657 ) ;
#2641 = CARTESIAN_POINT ( 'NONE',  ( -19.23989344007999900, -98.21079115547941300, -27.49999999999999600 ) ) ;
#2642 = PLANE ( 'NONE',  #1253 ) ;
#2643 = DIRECTION ( 'NONE',  ( 0.0000000000000000000, -0.8660254037844387100, 0.4999999999999998900 ) ) ;
#2644 = LINE ( 'NONE', #2725, #1607 ) ;
#2645 = CARTESIAN_POINT ( 'NONE',  ( 44.03205080756889300, 55.50000000000000000, 3.000000000000000000 ) ) ;
#2646 = CARTESIAN_POINT ( 'NONE',  ( -19.28786924802807300, -98.47395944666610000, -27.50000000000000000 ) ) ;
#2647 = EDGE_LOOP ( 'NONE', ( #1361 ) ) ;
#2648 = DIRECTION ( 'NONE',  ( 0.0000000000000000000, 0.4999999999999998900, 0.8660254037844387100 ) ) ;
#2649 = CLOSED_SHELL ( 'NONE', ( #1968, #1989, #1923, #1928, #2118, #1937, #1938, #2428 ) ) ;
#2650 = CARTESIAN_POINT ( 'NONE',  ( 0.0000000000000000000, 0.0000000000000000000, 0.0000000000000000000 ) ) ;
#2651 = CARTESIAN_POINT ( 'NONE',  ( -19.30000000000000100, 0.0000000000000000000, 0.0000000000000000000 ) ) ;
#2652 = EDGE_CURVE ( 'E744', #2714, #2171, #2644, .T. ) ;
#2653 = DIRECTION ( 'NONE',  ( 0.0000000000000000000, 1.000000000000000000, 0.0000000000000000000 ) ) ;
#2654 = CLOSED_SHELL ( 'NONE', ( #2188, #1983, #2074, #2143, #1647, #1961, #2097, #2825, #1667, #2026, #1618, #1695, #2095, #1794, #1694, #2494, #2059, #1651, #1740, #1657, #2441, #2130, #1202, #1650, #2136, #1755, #2170, #2087, #2163, #2069, #2175, #2857, #1676, #2488, #2011, #1729, #1942, #1743, #2020, #1639, #1964, #1909, #1765, #2096, #1783, #2127, #2180, #2041, #271, #1807, #1741, #1612, #2930, #1817, #275, #2046, #2142, #1842, #2189, #1847, #763, #1855, #2159, #1859, #1808, #1864, #2737, #1865, #1876, #985, #1881, #1883, #1898, #1905, #2174, #1730 ) ) ;
#2655 = CC_DESIGN_PERSON_AND_ORGANIZATION_ASSIGNMENT ( #2115, #1290, ( #2904 ) ) ;
#2656 = CARTESIAN_POINT ( 'NONE',  ( 41.91049847157892600, 44.59818635247197000, -6.000147839225685500 ) ) ;
#2657 = CARTESIAN_POINT ( 'NONE',  ( 44.03205080756889300, -29.03557621135329800, -44.29109322510219500 ) ) ;
#2658 = DIRECTION ( 'NONE',  ( 1.250251153857158300E-016, 0.0000000000000000000, -1.000000000000000000 ) ) ;
#2659 = LINE ( 'NONE', #2774, #1176 ) ;
#2660 = AXIS2_PLACEMENT_3D ( 'NONE', #2427, #2424, #2422 ) ;
#2661 = VERTEX_POINT ( 'NONE', #1710 ) ;
#2662 = ORIENTED_EDGE ( 'NONE', *, *, #716, .T. ) ;
#2663 = CARTESIAN_POINT ( 'NONE',  ( 18.50000000000000000, 0.0000000000000000000, 0.0000000000000000000 ) ) ;
#2664 = CARTESIAN_POINT ( 'NONE',  ( -17.98883810729450500, 96.73662350892324500, -27.50000000000000400 ) ) ;
#2665 = CIRCLE ( 'NONE', #2954, 27.50000000000000000 ) ;
#2666 = DIRECTION ( 'NONE',  ( 0.0000000000000000000, 1.000000000000000000, 0.0000000000000000000 ) ) ;
#2667 = VECTOR ( 'NONE', #2731, 1000.000000000000100 ) ;
#2668 = AXIS2_PLACEMENT_3D ( 'NONE', #802, #2686, #2560 ) ;
#2669 = CARTESIAN_POINT ( 'NONE',  ( -17.00000000000000000, 0.0000000000000000000, 0.0000000000000000000 ) ) ;
#2670 = DIRECTION ( 'NONE',  ( 0.0000000000000000000, -0.8660254037844384900, 0.5000000000000002200 ) ) ;
#2671 = AXIS2_PLACEMENT_3D ( 'NONE', #2750, #2748, #2544 ) ;
#2672 = EDGE_LOOP ( 'NONE', ( #974 ) ) ;
#2673 = DIRECTION ( 'NONE',  ( -1.000000000000000000, -0.0000000000000000000, -1.224606353822375800E-016 ) ) ;
#2674 = DIRECTION ( 'NONE',  ( 0.0000000000000000000, -1.000000000000000000, 0.0000000000000000000 ) ) ;
#2675 = LINE ( 'NONE', #2735, #2412 ) ;
#2676 = CARTESIAN_POINT ( 'NONE',  ( -18.25000000000000000, 0.0000000000000000000, 0.0000000000000000000 ) ) ;
#2677 = CARTESIAN_POINT ( 'NONE',  ( 38.63181013865519700, 44.74761154263588000, 4.764465868908330600 ) ) ;
#2678 = CARTESIAN_POINT ( 'NONE',  ( 38.83589838486224700, -26.43750000000000000, -45.79109322510220200 ) ) ;
#2679 = VERTEX_POINT ( 'NONE', #2626 ) ;
#2680 = CARTESIAN_POINT ( 'NONE',  ( -19.29999999999999000, -98.60895732973119700, -27.49999999999999300 ) ) ;
#2681 = CARTESIAN_POINT ( 'NONE',  ( 42.29999999999999700, -22.50000000000000000, -38.97114317029975400 ) ) ;
#2682 = EDGE_LOOP ( 'NONE', ( #770 ) ) ;
#2683 = CARTESIAN_POINT ( 'NONE',  ( 44.03205080756889300, -25.15192378864664800, -49.56440991003640300 ) ) ;
#2684 = ORIENTED_EDGE ( 'NONE', *, *, #298, .T. ) ;
#2685 = CARTESIAN_POINT ( 'NONE',  ( 45.76410161513780400, 52.87500000000000000, 2.121080424092025200E-016 ) ) ;
#2686 = DIRECTION ( 'NONE',  ( 0.0000000000000000000, 1.000000000000000000, 0.0000000000000000000 ) ) ;
#2687 = DIRECTION ( 'NONE',  ( -0.4999999999999998900, 0.0000000000000000000, 0.8660254037844387100 ) ) ;
#2688 = CARTESIAN_POINT ( 'NONE',  ( -18.34407340366958300, -96.92470873797246600, 27.49999999999999600 ) ) ;
#2689 = ORIENTED_EDGE ( 'NONE', *, *, #1155, .F. ) ;
#2690 = DIRECTION ( 'NONE',  ( 0.0000000000000000000, 0.0000000000000000000, 1.000000000000000000 ) ) ;
#2691 = AXIS2_PLACEMENT_3D ( 'NONE', #1025, #2370, #1484 ) ;
#2692 = DIRECTION ( 'NONE',  ( -6.769652589177783600E-017, 0.0000000000000000000, 1.000000000000000000 ) ) ;
#2693 = ORIENTED_EDGE ( 'NONE', *, *, #1427, .T. ) ;
#2694 = CARTESIAN_POINT ( 'NONE',  ( 47.31100775337437600, -24.05497220316897300, -50.01630888988608300 ) ) ;
#2695 = DIRECTION ( 'NONE',  ( 0.0000000000000000000, 1.000000000000000000, 0.0000000000000000000 ) ) ;
#2696 = DIRECTION ( 'NONE',  ( -1.000000000000000000, 0.0000000000000000000, 0.0000000000000000000 ) ) ;
#2697 = EDGE_CURVE ( 'E16', #1197, #1255, #1506, .T. ) ;
#2698 = CARTESIAN_POINT ( 'NONE',  ( -19.30000000000000100, -98.74208829065749200, -27.50000000000000000 ) ) ;
#2699 = DIRECTION ( 'NONE',  ( 1.000000000000000000, 0.0000000000000000000, 0.0000000000000000000 ) ) ;
#2700 = DIRECTION ( 'NONE',  ( -2.449212707644755000E-016, 0.0000000000000000000, 1.000000000000000000 ) ) ;
#2701 = ORIENTED_EDGE ( 'NONE', *, *, #1532, .T. ) ;
#2702 = EDGE_CURVE ( 'NONE', #1036, #1036, #1839, .T. ) ;
#2703 = PLANE ( 'NONE',  #142 ) ;
#2704 = EDGE_LOOP ( 'NONE', ( #1317, #2689, #2627, #2818 ) ) ;
#2705 = CARTESIAN_POINT ( 'NONE',  ( 6.540737725975560600, 0.0000000000000000000, 0.0000000000000000000 ) ) ;
#2706 = LOCAL_TIME ( 9, 14, 16.00000000000000000, #2776 ) ;
#2707 = CARTESIAN_POINT ( 'NONE',  ( 7.797527198862181500, 58.69558757686990400, 53.79615756342639800 ) ) ;
#2708 = CARTESIAN_POINT ( 'NONE',  ( 38.83589838486224700, -27.75000000000000000, -48.06440991003640300 ) ) ;
#2709 = CARTESIAN_POINT ( 'NONE',  ( 47.45484650350815800, -24.19907328618391100, -49.94679610033531200 ) ) ;
#2710 = CARTESIAN_POINT ( 'NONE',  ( 40.56794919243110100, -25.15192378864664800, -49.56440991003640300 ) ) ;
#2711 = CARTESIAN_POINT ( 'NONE',  ( 45.44795109963140300, -22.78427355378223500, -50.60768153681412700 ) ) ;
#2712 = ORIENTED_EDGE ( 'NONE', *, *, #855, .T. ) ;
#2713 = DIRECTION ( 'NONE',  ( 1.000000000000000000, 0.0000000000000000000, 1.224606353822375800E-016 ) ) ;
#2714 = VERTEX_POINT ( 'NONE', #2617 ) ;
#2715 = DIRECTION ( 'NONE',  ( 0.0000000000000000000, 0.8660254037844384900, -0.5000000000000002200 ) ) ;
#2716 = EDGE_CURVE ( 'E98', #2738, #917, #291, .T. ) ;
#2717 = CARTESIAN_POINT ( 'NONE',  ( 28.00000000000000000, -58.01886792452830100, 84.49888144085780100 ) ) ;
#2718 = CARTESIAN_POINT ( 'NONE',  ( 47.72459678129067800, -24.49759463912007000, -49.80105867846514700 ) ) ;
#2719 = FACE_OUTER_BOUND ( 'NONE', #1055, .T. ) ;
#2720 = ORIENTED_EDGE ( 'NONE', *, *, #2578, .T. ) ;
#2721 = CARTESIAN_POINT ( 'NONE',  ( 47.85027844299942500, -24.65157572199794000, -49.72505651504720000 ) ) ;
#2722 = CARTESIAN_POINT ( 'NONE',  ( 40.56794919243110100, 55.50000000000000000, -3.000000000000000000 ) ) ;
#2723 = DIRECTION ( 'NONE',  ( -6.123031769111887500E-017, -0.4999999999999998900, -0.8660254037844387100 ) ) ;
#2724 = CARTESIAN_POINT ( 'NONE',  ( 37.09552273207987100, 44.90033107084101300, -3.011115332558214100 ) ) ;
#2725 = CARTESIAN_POINT ( 'NONE',  ( -17.00000000000000000, 0.0000000000000000000, 27.50000000000000000 ) ) ;
#2726 = EDGE_LOOP ( 'NONE', ( #1365 ) ) ;
#2727 = AXIS2_PLACEMENT_3D ( 'NONE', #1805, #1886, #1880 ) ;
#2728 = CARTESIAN_POINT ( 'NONE',  ( 48.19998314331557800, -25.12733791684930700, -49.48729749360548900 ) ) ;
#2729 = DIRECTION ( 'NONE',  ( 0.4999999999999999400, 0.7499999999999998900, -0.4330127018922194600 ) ) ;
#2730 = CARTESIAN_POINT ( 'NONE',  ( 42.29999999999999700, -27.41170000000000000, -47.47845712183580200 ) ) ;
#2731 = DIRECTION ( 'NONE',  ( 0.4999999999999999400, 0.7499999999999998900, -0.4330127018922194600 ) ) ;
#2732 = DIRECTION ( 'NONE',  ( -1.000000000000000000, 0.0000000000000000000, -2.449212707644755000E-016 ) ) ;
#2733 = ORIENTED_EDGE ( 'NONE', *, *, #396, .F. ) ;
#2734 = DIRECTION ( 'NONE',  ( 7.885106708985486600E-017, 0.0000000000000000000, -1.000000000000000000 ) ) ;
#2735 = CARTESIAN_POINT ( 'NONE',  ( 38.83589838486224700, -27.75000000000000000, -48.06440991003640300 ) ) ;
#2736 = PLANE ( 'NONE',  #783 ) ;
#2737 = ADVANCED_FACE ( 'E1329', ( #1564, #2610 ), #264, .T. ) ;
#2738 = VERTEX_POINT ( 'NONE', #2566 ) ;
#2739 = DIRECTION ( 'NONE',  ( 1.000000000000000000, 0.0000000000000000000, 6.123031769111888800E-017 ) ) ;
#2740 = CARTESIAN_POINT ( 'NONE',  ( 28.00000000000000000, 0.0000000000000000000, 0.0000000000000000000 ) ) ;
#2741 = CARTESIAN_POINT ( 'NONE',  ( -19.30000000000000100, 98.74208829065749200, -27.50000000000000000 ) ) ;
#2742 = EDGE_CURVE ( 'NONE', #225, #225, #2435, .T. ) ;
#2743 = DIRECTION ( 'NONE',  ( 0.0000000000000000000, 0.0000000000000000000, 1.000000000000000000 ) ) ;
#2744 = DIRECTION ( 'NONE',  ( 0.4999999999999998900, 0.0000000000000000000, 0.8660254037844387100 ) ) ;
#2745 = ORIENTED_EDGE ( 'NONE', *, *, #969, .T. ) ;
#2746 = CARTESIAN_POINT ( 'NONE',  ( 40.73533072734817000, -17.28394535429396900, -41.54842180205996300 ) ) ;
#2747 = CARTESIAN_POINT ( 'NONE',  ( 44.03205080756889300, -30.34807621135330200, -46.56440991003640300 ) ) ;
#2748 = DIRECTION ( 'NONE',  ( 1.000000000000000000, 0.0000000000000000000, 6.123031769111888800E-017 ) ) ;
#2749 = ORGANIZATION ( 'UNSPECIFIED', 'UNSPECIFIED', '' ) ;
#2750 = CARTESIAN_POINT ( 'NONE',  ( -40.00000000000000000, 0.0000000000000000000, 0.0000000000000000000 ) ) ;
#2751 = VERTEX_POINT ( 'NONE', #2543 ) ;
#2752 = DIRECTION ( 'NONE',  ( 0.0000000000000000000, -1.000000000000000000, 0.0000000000000000000 ) ) ;
#2753 = CARTESIAN_POINT ( 'NONE',  ( 38.24803965181503400, -31.98511495647146000, -45.35654944376148000 ) ) ;
#2754 = ORIENTED_EDGE ( 'NONE', *, *, #177, .T. ) ;
#2755 = DIRECTION ( 'NONE',  ( 0.0000000000000000000, -1.000000000000000000, 0.0000000000000000000 ) ) ;
#2756 = AXIS2_PLACEMENT_3D ( 'NONE', #3059, #1018, #2023 ) ;
#2757 = CARTESIAN_POINT ( 'NONE',  ( -12.00000000000000000, 0.0000000000000000000, 0.0000000000000000000 ) ) ;
#2758 = EDGE_LOOP ( 'NONE', ( #1715 ) ) ;
#2759 = CARTESIAN_POINT ( 'NONE',  ( 38.83589838486224700, 55.50000000000000000, -1.110223024625155900E-015 ) ) ;
#2760 = AXIS2_PLACEMENT_3D ( 'NONE', #1019, #1023, #1030 ) ;
#2761 = ORIENTED_EDGE ( 'NONE', *, *, #2343, .T. ) ;
#2762 = DIRECTION ( 'NONE',  ( -1.000000000000000000, 0.0000000000000000000, -6.123031769111888800E-017 ) ) ;
#2763 = CARTESIAN_POINT ( 'NONE',  ( 0.0000000000000000000, 0.0000000000000000000, 0.0000000000000000000 ) ) ;
#2764 = EDGE_CURVE ( 'NONE', #43, #43, #1815, .T. ) ;
#2765 = EDGE_LOOP ( 'NONE', ( #1718 ) ) ;
#2766 = CARTESIAN_POINT ( 'NONE',  ( 45.76410161513780400, -27.75000000000000000, -48.06440991003640300 ) ) ;
#2767 = DIRECTION ( 'NONE',  ( 1.224606353822375800E-016, 0.0000000000000000000, -1.000000000000000000 ) ) ;
#2768 = ORIENTED_EDGE ( 'NONE', *, *, #138, .F. ) ;
#2769 = CARTESIAN_POINT ( 'NONE',  ( 28.00000000000000000, -148.0660377358489900, -22.67043160608379900 ) ) ;
#2770 = DIRECTION ( 'NONE',  ( 1.000000000000000000, 0.0000000000000000000, 0.0000000000000000000 ) ) ;
#2771 = CARTESIAN_POINT ( 'NONE',  ( 16.65000000000000200, 0.0000000000000000000, 1.812417403657119800E-015 ) ) ;
#2772 = CARTESIAN_POINT ( 'NONE',  ( 38.59880522731039300, -32.17928922086674200, -45.21899491876048000 ) ) ;
#2773 = CARTESIAN_POINT ( 'NONE',  ( 38.83589838486224700, 52.87500000000000000, -6.363241272276080100E-016 ) ) ;
#2774 = CARTESIAN_POINT ( 'NONE',  ( 44.03205080756889300, 55.50000000000000000, -3.000000000000000000 ) ) ;
#2775 = DIRECTION ( 'NONE',  ( -1.000000000000000000, 0.0000000000000000000, -6.409875621278550000E-016 ) ) ;
#2776 = COORDINATED_UNIVERSAL_TIME_OFFSET ( 3, 0, .BEHIND. ) ;
#2777 = EDGE_CURVE ( 'E25', #1255, #1067, #507, .T. ) ;
#2778 = CARTESIAN_POINT ( 'NONE',  ( -19.30000000000000100, -132.5000000000000000, 27.50000000000000000 ) ) ;
#2779 = DIRECTION ( 'NONE',  ( 0.0000000000000000000, 0.0000000000000000000, -1.000000000000000000 ) ) ;
#2780 = EDGE_CURVE ( 'NONE', #1066, #1066, #2416, .T. ) ;
#2781 = DIRECTION ( 'NONE',  ( 0.0000000000000000000, -0.8243793311303196900, 0.5660377358490569200 ) ) ;
#2782 = DIRECTION ( 'NONE',  ( 1.000000000000000000, 0.0000000000000000000, 0.0000000000000000000 ) ) ;
#2783 = EDGE_LOOP ( 'NONE', ( #1535 ) ) ;
#2784 = DIRECTION ( 'NONE',  ( 1.000000000000000000, 0.0000000000000000000, 0.0000000000000000000 ) ) ;
#2785 = EDGE_CURVE ( 'E113', #917, #1896, #2665, .T. ) ;
#2786 = DIRECTION ( 'NONE',  ( 0.0000000000000000000, 0.4999999999999998900, 0.8660254037844387100 ) ) ;
#2787 = PLANE ( 'NONE',  #3037 ) ;
#2788 = FACE_OUTER_BOUND ( 'NONE', #1900, .T. ) ;
#2789 = CARTESIAN_POINT ( 'NONE',  ( 38.77982150792290400, -32.26940520639763600, -45.15468942349291100 ) ) ;
#2790 = CARTESIAN_POINT ( 'NONE',  ( -19.30000000000000100, 148.0660377358489900, 22.67043160608379900 ) ) ;
#2791 = DIRECTION ( 'NONE',  ( 0.0000000000000000000, 0.0000000000000000000, -1.000000000000000000 ) ) ;
#2792 = DIRECTION ( 'NONE',  ( 1.000000000000000000, 0.0000000000000000000, 0.0000000000000000000 ) ) ;
#2793 = B_SPLINE_CURVE_WITH_KNOTS ( 'NONE', 3,
 ( #1190, #867, #874, #878, #879, #884, #887, #889, #892, #898, #899, #908, #913, #921, #923, #929, #931, #934, #938, #942, #945, #948, #952, #955, #959, #966, #971, #980, #989, #990, #993, #999 ),
 .UNSPECIFIED., .T., .F.,
 ( 4, 2, 2, 2, 2, 2, 2, 2, 2, 2, 2, 2, 2, 2, 2, 4 ),
 ( 0.0000000000000000000, 0.0003635636603812525200, 0.0007271273207625050400, 0.001090690981143757400, 0.001454254641525010100, 0.001817818301906262500, 0.002181381962287514900, 0.002544945622668767500, 0.002908509283050020100, 0.003272072943431272800, 0.003635636603812525000, 0.003999200264193777600, 0.004362763924575029800, 0.004726327584956282800, 0.005089891245337535000, 0.005817018566100029900 ),
 .UNSPECIFIED. ) ;
#2794 = CARTESIAN_POINT ( 'NONE',  ( 7.162526698536508400, 54.01821587088247900, 58.57316542698780600 ) ) ;
#2795 = AXIS2_PLACEMENT_3D ( 'NONE', #963, #773, #2090 ) ;
#2796 = CARTESIAN_POINT ( 'NONE',  ( -19.30000000000000100, 157.2794260643690100, 0.0000000000000000000 ) ) ;
#2797 = ORIENTED_EDGE ( 'NONE', *, *, #1863, .F. ) ;
#2798 = CARTESIAN_POINT ( 'NONE',  ( -40.00000000000000000, 58.01886792452830100, 84.49888144085780100 ) ) ;
#2799 = DIRECTION ( 'NONE',  ( -1.000000000000000000, 0.0000000000000000000, -3.204937810639275000E-016 ) ) ;
#2800 = EDGE_CURVE ( 'E124', #972, #1320, #2224, .T. ) ;
#2801 = CARTESIAN_POINT ( 'NONE',  ( -19.30000000000000100, 157.2794260643690100, 0.0000000000000000000 ) ) ;
#2802 = DIRECTION ( 'NONE',  ( 1.000000000000000000, 0.0000000000000000000, 0.0000000000000000000 ) ) ;
#2803 = DIRECTION ( 'NONE',  ( 0.0000000000000000000, -1.000000000000000000, 0.0000000000000000000 ) ) ;
#2804 = DIRECTION ( 'NONE',  ( 1.000000000000000000, 0.0000000000000000000, 0.0000000000000000000 ) ) ;
#2805 = CARTESIAN_POINT ( 'NONE',  ( 39.15314489955578400, -32.43583791270101800, -45.03528514629136500 ) ) ;
#2806 = CARTESIAN_POINT ( 'NONE',  ( 11.90138440379430000, -68.96631169486310900, 38.75570797289230300 ) ) ;
#2807 = CIRCLE ( 'NONE', #2122, 55.50000000000000000 ) ;
#2808 = DIRECTION ( 'NONE',  ( 3.465867039119933800E-017, 0.8243793311303196900, -0.5660377358490569200 ) ) ;
#2809 = CARTESIAN_POINT ( 'NONE',  ( 11.65971905187379000, -68.98510437184141600, 38.79647849973505900 ) ) ;
#2810 = DIRECTION ( 'NONE',  ( -1.000000000000000000, 0.0000000000000000000, 0.0000000000000000000 ) ) ;
#2811 = FACE_BOUND ( 'NONE', #1574, .T. ) ;
#2812 = CARTESIAN_POINT ( 'NONE',  ( -40.00000000000000000, -148.0660377358489900, -22.67043160608379900 ) ) ;
#2813 = AXIS2_PLACEMENT_3D ( 'NONE', #2763, #2942, #2699 ) ;
#2814 = AXIS2_PLACEMENT_3D ( 'NONE', #2730, #2723, #2715 ) ;
#2815 = ORIENTED_EDGE ( 'NONE', *, *, #226, .F. ) ;
#2816 = CARTESIAN_POINT ( 'NONE',  ( -28.50000000000000000, 132.5000000000000000, -27.50000000000000000 ) ) ;
#2817 = CARTESIAN_POINT ( 'NONE',  ( 45.76410161513780400, -27.75000000000000000, -48.06440991003640300 ) ) ;
#2818 = ORIENTED_EDGE ( 'NONE', *, *, #1169, .T. ) ;
#2819 = VERTEX_POINT ( 'NONE', #2514 ) ;
#2820 = CARTESIAN_POINT ( 'NONE',  ( 44.03205080756889300, 55.50000000000000000, -3.000000000000000000 ) ) ;
#2821 = CARTESIAN_POINT ( 'NONE',  ( -19.30000000000000100, 157.2794260643690100, -27.50000000000000000 ) ) ;
#2822 = CARTESIAN_POINT ( 'NONE',  ( 11.43276989062135300, -68.95282872832612500, 38.92117999516534600 ) ) ;
#2823 = CARTESIAN_POINT ( 'NONE',  ( 47.99454963414103000, 44.96004471475841800, -1.930503016385786400 ) ) ;
#2824 = DIRECTION ( 'NONE',  ( 0.0000000000000000000, 0.0000000000000000000, 1.000000000000000000 ) ) ;
#2825 = ADVANCED_FACE ( 'E203', ( #1594 ), #2012, .T. ) ;
#2826 = CYLINDRICAL_SURFACE ( 'NONE', #415, 92.25000000000000000 ) ;
#2827 = EDGE_CURVE ( 'E1009', #1608, #2247, #12, .T. ) ;
#2828 = CARTESIAN_POINT ( 'NONE',  ( 11.20460874323226400, -68.84165323767831500, 39.18288261117091100 ) ) ;
#2829 = AXIS2_PLACEMENT_3D ( 'NONE', #1734, #1609, #790 ) ;
#2830 = EDGE_LOOP ( 'NONE', ( #901, #1152, #2623, #1724 ) ) ;
#2831 = CARTESIAN_POINT ( 'NONE',  ( 39.63548982826387900, 44.67627804571382900, 5.390086266485896600 ) ) ;
#2832 = CARTESIAN_POINT ( 'NONE',  ( -17.00000000000000000, -96.57438808116189900, 27.50000000000000000 ) ) ;
#2833 = EDGE_LOOP ( 'NONE', ( #776 ) ) ;
#2834 = CARTESIAN_POINT ( 'NONE',  ( 11.14698897814259700, -68.79451044491970900, 39.28199234595509600 ) ) ;
#2835 = CARTESIAN_POINT ( 'NONE',  ( 11.07808707628868900, -68.68633438255945100, 39.49023181902160200 ) ) ;
#2836 = ORIENTED_EDGE ( 'NONE', *, *, #254, .T. ) ;
#2837 = CARTESIAN_POINT ( 'NONE',  ( 11.06716446976533400, -68.62630221041745000, 39.59751892455653900 ) ) ;
#2838 = CARTESIAN_POINT ( 'NONE',  ( 40.56794919243110100, -30.34807621135330200, -46.56440991003640300 ) ) ;
#2839 = EDGE_CURVE ( 'NONE', #55, #55, #1307, .T. ) ;
#2840 = APPROVAL_PERSON_ORGANIZATION ( #1522, #2253, #1303 ) ;
#2841 = CARTESIAN_POINT ( 'NONE',  ( 11.09389432257099500, -68.50111316323474900, 39.80625570955314200 ) ) ;
#2842 = EDGE_CURVE ( 'NONE', #482, #482, #807, .T. ) ;
#2843 = CARTESIAN_POINT ( 'NONE',  ( 11.13141557143185900, -68.43731130173543400, 39.90539808461372200 ) ) ;
#2844 = AXIS2_PLACEMENT_3D ( 'NONE', #41, #45, #48 ) ;
#2845 = DIRECTION ( 'NONE',  ( -0.5000000000000001100, -0.7500000000000001100, 0.4330127018922190800 ) ) ;
#2846 = DIRECTION ( 'NONE',  ( -1.000000000000000000, 0.0000000000000000000, -6.123031769111888800E-017 ) ) ;
#2847 = EDGE_LOOP ( 'NONE', ( #1175 ) ) ;
#2848 = CARTESIAN_POINT ( 'NONE',  ( 39.28748583935870900, 44.69863939181850300, 5.203893763981061400 ) ) ;
#2849 = CARTESIAN_POINT ( 'NONE',  ( -12.12015908209980700, 68.57523628707632200, -0.9250639666155168200 ) ) ;
#2850 = CARTESIAN_POINT ( 'NONE',  ( 11.24853412109252400, -68.31574210057043200, 40.08047714911853600 ) ) ;
#2851 = EDGE_LOOP ( 'NONE', ( #1678, #1837, #1210, #2240 ) ) ;
#2852 = CARTESIAN_POINT ( 'NONE',  ( 11.32856856143210300, -68.25789641543740100, 40.15641671181342100 ) ) ;
#2853 = EDGE_CURVE ( 'E264', #1412, #2173, #1832, .T. ) ;
#2854 = DIRECTION ( 'NONE',  ( -1.000000000000000000, 0.0000000000000000000, -6.123031769111888800E-017 ) ) ;
#2855 = VERTEX_POINT ( 'NONE', #1673 ) ;
#2856 = CARTESIAN_POINT ( 'NONE',  ( 12.76575243462344600, -39.02510735706667300, -68.65924143288141600 ) ) ;
#2857 = ADVANCED_FACE ( 'E836', ( #51, #2875 ), #2398, .F. ) ;
#2858 = ORIENTED_EDGE ( 'NONE', *, *, #1213, .F. ) ;
#2859 = DIRECTION ( 'NONE',  ( 0.0000000000000000000, 1.000000000000000000, 0.0000000000000000000 ) ) ;
#2860 = CARTESIAN_POINT ( 'NONE',  ( 39.30218409868145800, 44.69851241849969600, -5.201120186571981400 ) ) ;
#2861 = DIRECTION ( 'NONE',  ( 0.0000000000000000000, 0.0000000000000000000, -1.000000000000000000 ) ) ;
#2862 = CARTESIAN_POINT ( 'NONE',  ( -18.50000000000000000, 0.0000000000000000000, 0.0000000000000000000 ) ) ;
#2863 = DIRECTION ( 'NONE',  ( -1.000000000000000000, 0.0000000000000000000, 0.0000000000000000000 ) ) ;
#2864 = AXIS2_PLACEMENT_3D ( 'NONE', #1686, #2713, #1399 ) ;
#2865 = CARTESIAN_POINT ( 'NONE',  ( -18.83482773047551700, 97.37738166783790900, 27.50000000000001100 ) ) ;
#2866 = CARTESIAN_POINT ( 'NONE',  ( 11.51664725217326100, -68.15807503829356100, 40.27230233035864900 ) ) ;
#2867 = EDGE_CURVE ( 'E61', #1125, #812, #345, .T. ) ;
#2868 = DIRECTION ( 'NONE',  ( 0.0000000000000000000, 0.0000000000000000000, 1.000000000000000000 ) ) ;
#2869 = CARTESIAN_POINT ( 'NONE',  ( -19.11048492302282800, 97.83363832272499400, 27.50000000000000000 ) ) ;
#2870 = CARTESIAN_POINT ( 'NONE',  ( 11.62653157926014600, -68.11519543460795500, 40.31325582323846400 ) ) ;
#2871 = CARTESIAN_POINT ( 'NONE',  ( 11.85678850824046100, -68.05146849629828400, 40.35379638270006100 ) ) ;
#2872 = CARTESIAN_POINT ( 'NONE',  ( 11.97960480072247900, -68.02990420138286300, 40.35388391035722600 ) ) ;
#2873 = ORIENTED_EDGE ( 'NONE', *, *, #2978, .F. ) ;
#2874 = CARTESIAN_POINT ( 'NONE',  ( -40.00000000000000000, -58.01886792452830100, 84.49888144085780100 ) ) ;
#2875 = FACE_OUTER_BOUND ( 'NONE', #1188, .T. ) ;
#2876 = PLANE ( 'NONE',  #2668 ) ;
#2877 = ORIENTED_EDGE ( 'NONE', *, *, #2561, .F. ) ;
#2878 = DIRECTION ( 'NONE',  ( -1.000000000000000000, 0.0000000000000000000, 0.0000000000000000000 ) ) ;
#2879 = CARTESIAN_POINT ( 'NONE',  ( 48.39750157486251700, -25.46399286466708700, -49.31525458197794600 ) ) ;
#2880 = CARTESIAN_POINT ( 'NONE',  ( 12.21835359212680700, -68.01137417197857400, 40.31351587517894300 ) ) ;
#2881 = CARTESIAN_POINT ( 'NONE',  ( 12.33561862751429100, -68.01417247158509800, 40.27306477719557200 ) ) ;
#2882 = EDGE_CURVE ( 'NONE', #2153, #2153, #1238, .T. ) ;
#2883 = DIRECTION ( 'NONE',  ( 1.000000000000000000, 0.0000000000000000000, 0.0000000000000000000 ) ) ;
#2884 = CARTESIAN_POINT ( 'NONE',  ( 54.30000000000000400, 0.0000000000000000000, 0.0000000000000000000 ) ) ;
#2885 = PLANE ( 'NONE',  #2263 ) ;
#2886 = CARTESIAN_POINT ( 'NONE',  ( 28.00000000000000000, 148.0660377358489900, -22.67043160608379900 ) ) ;
#2887 = CARTESIAN_POINT ( 'NONE',  ( 12.54814089799477900, -68.04400457936944200, 40.15684862228384600 ) ) ;
#2888 = CARTESIAN_POINT ( 'NONE',  ( -19.30000000000000100, 98.74208829065749200, 27.50000000000000000 ) ) ;
#2889 = CARTESIAN_POINT ( 'NONE',  ( 48.71247256983183100, -26.17054362607484600, -48.94396707882212600 ) ) ;
#2890 = CARTESIAN_POINT ( 'NONE',  ( 12.64233152360476400, -68.07066969000099700, 40.08204652881242000 ) ) ;
#2891 = CARTESIAN_POINT ( 'NONE',  ( 12.79604619290854700, -68.14546440361084500, 39.90578849466579200 ) ) ;
#2892 = DIRECTION ( 'NONE',  ( 0.0000000000000000000, 0.0000000000000000000, 1.000000000000000000 ) ) ;
#2893 = CARTESIAN_POINT ( 'NONE',  ( 12.85312375872680800, -68.19247990995391700, 39.80700599840957900 ) ) ;
#2894 = ORIENTED_EDGE ( 'NONE', *, *, #2652, .T. ) ;
#2895 = CARTESIAN_POINT ( 'NONE',  ( 48.82581342090685400, -26.53053590065705300, -48.74993357694928900 ) ) ;
#2896 = CARTESIAN_POINT ( 'NONE',  ( 11.80380058891885000, -38.76987200317903200, -68.97522801063539100 ) ) ;
#2897 = CARTESIAN_POINT ( 'NONE',  ( 48.96521039567710400, -27.26312977195396300, -48.34404941635133900 ) ) ;
#2898 = EDGE_CURVE ( 'NONE', #2536, #2536, #2634, .T. ) ;
#2899 = EDGE_LOOP ( 'NONE', ( #1327, #1663, #2662, #1308 ) ) ;
#2900 = DIRECTION ( 'NONE',  ( 0.0000000000000000000, -0.2588190451025210700, -0.9659258262890682000 ) ) ;
#2901 = SHAPE_DEFINITION_REPRESENTATION ( #2182, #1699 ) ;
#2902 = DIRECTION ( 'NONE',  ( -0.5000000000000001100, -0.7500000000000001100, 0.4330127018922190800 ) ) ;
#2903 = CARTESIAN_POINT ( 'NONE',  ( -12.00000000000000000, 0.0000000000000000000, 0.0000000000000000000 ) ) ;
#2904 = SECURITY_CLASSIFICATION ( '', '', #1291 ) ;
#2905 = CARTESIAN_POINT ( 'NONE',  ( -17.33833542942290200, -96.59453773563819800, -27.50000000000000000 ) ) ;
#2906 = DIRECTION ( 'NONE',  ( 1.000000000000000000, 0.0000000000000000000, 0.0000000000000000000 ) ) ;
#2907 = ORIENTED_EDGE ( 'NONE', *, *, #508, .F. ) ;
#2908 = PLANE ( 'NONE',  #2512 ) ;
#2909 = APPROVAL ( #1282, 'UNSPECIFIED' ) ;
#2910 = ORIENTED_EDGE ( 'NONE', *, *, #2410, .T. ) ;
#2911 = CARTESIAN_POINT ( 'NONE',  ( 48.99030924273792900, -27.63955087105823700, -48.12987528651378700 ) ) ;
#2912 = DIRECTION ( 'NONE',  ( 0.4999999999999999400, 0.7499999999999998900, -0.4330127018922194600 ) ) ;
#2913 = DIRECTION ( 'NONE',  ( 1.000000000000000000, 0.0000000000000000000, 6.123031769111888800E-017 ) ) ;
#2914 = EDGE_CURVE ( 'NONE', #117, #117, #375, .T. ) ;
#2915 = CARTESIAN_POINT ( 'NONE',  ( 12.92176406786452100, -68.30018468771857000, 39.59959113655101200 ) ) ;
#2916 = EDGE_LOOP ( 'NONE', ( #1438 ) ) ;
#2917 = DIRECTION ( 'NONE',  ( 1.000000000000000000, 0.0000000000000000000, 0.0000000000000000000 ) ) ;
#2918 = VERTEX_POINT ( 'NONE', #1403 ) ;
#2919 = CARTESIAN_POINT ( 'NONE',  ( 45.76410161513780400, -26.43750000000000000, -45.79109322510220200 ) ) ;
#2920 = DIRECTION ( 'NONE',  ( 1.000000000000000000, 0.0000000000000000000, 1.224606353822375800E-016 ) ) ;
#2921 = CARTESIAN_POINT ( 'NONE',  ( 12.93269507134794700, -68.36076401055048300, 39.49134140686000200 ) ) ;
#2922 = CARTESIAN_POINT ( 'NONE',  ( 12.90637420779537700, -68.48475597006965600, 39.28458232635519900 ) ) ;
#2923 = CARTESIAN_POINT ( 'NONE',  ( -19.30000000000000100, -148.0660377358489900, 22.67043160608379900 ) ) ;
#2924 = FACE_OUTER_BOUND ( 'NONE', #1630, .T. ) ;
#2925 = DIRECTION ( 'NONE',  ( 0.0000000000000000000, 0.0000000000000000000, 1.000000000000000000 ) ) ;
#2926 = DIRECTION ( 'NONE',  ( 0.0000000000000000000, 0.8243793311303196900, 0.5660377358490569200 ) ) ;
#2927 = CARTESIAN_POINT ( 'NONE',  ( 12.86872114143713700, -68.54921100713394800, 39.18438933933874300 ) ) ;
#2928 = CC_DESIGN_APPROVAL ( #2909, ( #2904 ) ) ;
#2929 = CARTESIAN_POINT ( 'NONE',  ( 45.76410161513780400, 55.50000000000000000, 2.121080424092025200E-016 ) ) ;
#2930 = ADVANCED_FACE ( 'E1157', ( #1894 ), #2191, .T. ) ;
#2931 = CARTESIAN_POINT ( 'NONE',  ( 12.92987233538936600, -39.40904856968509800, -68.40877120589172500 ) ) ;
#2932 = CARTESIAN_POINT ( 'NONE',  ( 12.75223846560271700, -68.67042274974655000, 39.00984664031659600 ) ) ;
#2933 = CARTESIAN_POINT ( 'NONE',  ( -19.30000000000000100, 148.0660377358489900, -22.67043160608379900 ) ) ;
#2934 = CARTESIAN_POINT ( 'NONE',  ( 12.67230330374771800, -68.72842747970555900, 38.93367093897747100 ) ) ;
#2935 = DIRECTION ( 'NONE',  ( -1.000000000000000000, 0.0000000000000000000, 0.0000000000000000000 ) ) ;
#2936 = DIRECTION ( 'NONE',  ( -6.123031769111887500E-017, -0.4999999999999998900, -0.8660254037844387100 ) ) ;
#2937 = VECTOR ( 'NONE', #1972, 1000.000000000000000 ) ;
#2938 = CARTESIAN_POINT ( 'NONE',  ( 38.07828961403653500, -31.88105790426883600, -45.42979831892683500 ) ) ;
#2939 = CARTESIAN_POINT ( 'NONE',  ( 40.74680187066169900, 44.62484911914629000, -5.798805269133506400 ) ) ;
#2940 = CARTESIAN_POINT ( 'NONE',  ( 12.48403323751308700, -68.82857113167160900, 38.81741178565356900 ) ) ;
#2941 = CARTESIAN_POINT ( 'NONE',  ( 12.37501211035981200, -68.87127286602235200, 38.77656171130032400 ) ) ;
#2942 = DIRECTION ( 'NONE',  ( 0.0000000000000000000, 1.000000000000000000, 0.0000000000000000000 ) ) ;
#2943 = CARTESIAN_POINT ( 'NONE',  ( -19.28778367349065100, -98.47362495314691000, 27.50000000000000000 ) ) ;
#2944 = EDGE_CURVE ( 'E915', #992, #1994, #2945, .T. ) ;
#2945 = LINE ( 'NONE', #2086, #1284 ) ;
#2946 = CARTESIAN_POINT ( 'NONE',  ( 37.75035974393987500, -31.65843810358109800, -45.58521388822731500 ) ) ;
#2947 = VERTEX_POINT ( 'NONE', #2094 ) ;
#2948 = CARTESIAN_POINT ( 'NONE',  ( 37.52512288692584300, 44.85256664911759100, 3.654351996976128400 ) ) ;
#2949 = CARTESIAN_POINT ( 'NONE',  ( 41.51085515313181400, -17.13936648304342100, -41.60827126680508300 ) ) ;
#2950 = CARTESIAN_POINT ( 'NONE',  ( 12.14318851751840200, -68.93557130345360000, 38.73557629314967700 ) ) ;
#2951 = ORIENTED_EDGE ( 'NONE', *, *, #1549, .T. ) ;
#2952 = CIRCLE ( 'NONE', #2042, 77.36904887319150200 ) ;
#2953 = DIRECTION ( 'NONE',  ( 0.0000000000000000000, 0.0000000000000000000, 1.000000000000000000 ) ) ;
#2954 = AXIS2_PLACEMENT_3D ( 'NONE', #2451, #2444, #2442 ) ;
#2955 = PLANE ( 'NONE',  #1041 ) ;
#2956 = CARTESIAN_POINT ( 'NONE',  ( 37.59139958933796100, -31.53919400779731700, -45.66784713032188800 ) ) ;
#2957 = ORIENTED_EDGE ( 'NONE', *, *, #1833, .T. ) ;
#2958 = CARTESIAN_POINT ( 'NONE',  ( 41.90313767207111800, -17.10295069827109800, -41.62317956875120500 ) ) ;
#2959 = PRODUCT_DEFINITION_FORMATION_WITH_SPECIFIED_SOURCE ( 'ANY', '', #1140, .NOT_KNOWN. ) ;
#2960 = CARTESIAN_POINT ( 'NONE',  ( 37.13962612502430700, -31.16395403546931300, -45.92548366206783300 ) ) ;
#2961 = CARTESIAN_POINT ( 'NONE',  ( 11.90138440379430000, -68.96631169486310900, 38.75570797289230300 ) ) ;
#2962 = DIRECTION ( 'NONE',  ( 0.0000000000000000000, 1.000000000000000000, 0.0000000000000000000 ) ) ;
#2963 = AXIS2_PLACEMENT_3D ( 'NONE', #52, #2784, #558 ) ;
#2964 = DIRECTION ( 'NONE',  ( 0.0000000000000000000, 0.0000000000000000000, 1.000000000000000000 ) ) ;
#2965 = CARTESIAN_POINT ( 'NONE',  ( 39.13175153740854000, 44.71030189574712200, -5.099120332529943200 ) ) ;
#2966 = DIRECTION ( 'NONE',  ( 6.123031769111888800E-017, 0.0000000000000000000, -1.000000000000000000 ) ) ;
#2967 = CARTESIAN_POINT ( 'NONE',  ( 36.87177589557032300, -30.89137381409957300, -46.10964066806806700 ) ) ;
#2968 = CARTESIAN_POINT ( 'NONE',  ( -19.30000000000000100, 157.2794260643690100, -27.50000000000000000 ) ) ;
#2969 = DIRECTION ( 'NONE',  ( 1.000000000000000000, 0.0000000000000000000, 0.0000000000000000000 ) ) ;
#2970 = CIRCLE ( 'NONE', #852, 68.58147545195109300 ) ;
#2971 = ORIENTED_EDGE ( 'NONE', *, *, #2343, .F. ) ;
#2972 = CARTESIAN_POINT ( 'NONE',  ( -18.50000000000000000, 0.0000000000000000000, 0.0000000000000000000 ) ) ;
#2973 = CARTESIAN_POINT ( 'NONE',  ( 12.42431445952821900, -40.23208827456634400, -68.02227979924087700 ) ) ;
#2974 = CARTESIAN_POINT ( 'NONE',  ( -17.22555694984309200, -96.58782123649378100, 27.50000000000000000 ) ) ;
#2975 = LINE ( 'NONE', #2759, #1130 ) ;
#2976 = CARTESIAN_POINT ( 'NONE',  ( 12.02221707975455300, -68.95691535637395500, 38.73532270947092100 ) ) ;
#2977 = ORIENTED_EDGE ( 'NONE', *, *, #1406, .T. ) ;
#2978 = EDGE_CURVE ( 'E1194', #1823, #1006, #1322, .T. ) ;
#2979 = CARTESIAN_POINT ( 'NONE',  ( -17.11277847336810600, -96.58110468501263300, 27.50000000000000000 ) ) ;
#2980 = AXIS2_PLACEMENT_3D ( 'NONE', #2407, #1348, #386 ) ;
#2981 = DIRECTION ( 'NONE',  ( 1.000000000000000000, 0.0000000000000000000, 0.0000000000000000000 ) ) ;
#2982 = CARTESIAN_POINT ( 'NONE',  ( 40.56794919243110100, -29.03557621135329800, -44.29109322510219500 ) ) ;
#2983 = DIRECTION ( 'NONE',  ( 0.0000000000000000000, 0.0000000000000000000, 1.000000000000000000 ) ) ;
#2984 = DIRECTION ( 'NONE',  ( 0.0000000000000000000, 0.0000000000000000000, 1.000000000000000000 ) ) ;
#2985 = DIRECTION ( 'NONE',  ( 0.0000000000000000000, 0.0000000000000000000, 1.000000000000000000 ) ) ;
#2986 = EDGE_LOOP ( 'NONE', ( #1177, #2243, #1141, #2858, #1126, #2052 ) ) ;
#2987 = EDGE_LOOP ( 'NONE', ( #2047, #1471, #967, #2977 ) ) ;
#2988 = DIRECTION ( 'NONE',  ( 0.0000000000000000000, -0.4999999999999998900, -0.8660254037844387100 ) ) ;
#2989 = VERTEX_POINT ( 'NONE', #1566 ) ;
#2990 = DIRECTION ( 'NONE',  ( 1.000000000000000000, 0.0000000000000000000, 0.0000000000000000000 ) ) ;
#2991 = DIRECTION ( 'NONE',  ( -0.8660254037844387100, 0.4330127018922192400, -0.2500000000000001100 ) ) ;
#2992 = CONICAL_SURFACE ( 'NONE', #549, 6.000000000000002700, 0.7853981633974503900 ) ;
#2993 = DIRECTION ( 'NONE',  ( -1.000000000000000000, 0.0000000000000000000, 0.0000000000000000000 ) ) ;
#2994 = CARTESIAN_POINT ( 'NONE',  ( -17.33833542942290200, -96.59453773563819800, 27.50000000000000000 ) ) ;
#2995 = CARTESIAN_POINT ( 'NONE',  ( -19.30000000000000100, 0.0000000000000000000, 0.0000000000000000000 ) ) ;
#2996 = DIRECTION ( 'NONE',  ( 0.0000000000000000000, -1.000000000000000000, 0.0000000000000000000 ) ) ;
#2997 = LINE ( 'NONE', #2722, #198 ) ;
#2998 = PLANE ( 'NONE',  #1354 ) ;
#2999 = CC_DESIGN_APPROVAL ( #2138, ( #1357 ) ) ;
#3000 = CARTESIAN_POINT ( 'NONE',  ( -18.25000000000000000, 0.0000000000000000000, -2.234906595725840100E-015 ) ) ;
#3001 = CC_DESIGN_PERSON_AND_ORGANIZATION_ASSIGNMENT ( #720, #1295, ( #2959 ) ) ;
#3002 = CARTESIAN_POINT ( 'NONE',  ( -28.50000000000000000, 0.0000000000000000000, 27.50000000000000000 ) ) ;
#3003 = SPHERICAL_SURFACE ( 'NONE', #1491, 80.00000000000000000 ) ;
#3004 = DIRECTION ( 'NONE',  ( 1.000000000000000000, 0.0000000000000000000, 0.0000000000000000000 ) ) ;
#3005 = DIRECTION ( 'NONE',  ( 0.0000000000000000000, 0.0000000000000000000, -1.000000000000000000 ) ) ;
#3006 = EDGE_CURVE ( 'NONE', #1986, #1986, #2807, .T. ) ;
#3007 = DIRECTION ( 'NONE',  ( 1.000000000000000000, 0.0000000000000000000, 6.123031769111888800E-017 ) ) ;
#3008 = CARTESIAN_POINT ( 'NONE',  ( -40.00000000000000000, -132.5000000000000000, -8.113017094073249300E-015 ) ) ;
#3009 = CARTESIAN_POINT ( 'NONE',  ( 36.90614159764427200, 44.92295031389736000, 2.657218595669908800 ) ) ;
#3010 = AXIS2_PLACEMENT_3D ( 'NONE', #1670, #1768, #1668 ) ;
#3011 = COORDINATED_UNIVERSAL_TIME_OFFSET ( 3, 0, .BEHIND. ) ;
#3012 = DIRECTION ( 'NONE',  ( 0.0000000000000000000, 0.0000000000000000000, -1.000000000000000000 ) ) ;
#3013 = DIRECTION ( 'NONE',  ( 0.0000000000000000000, 0.0000000000000000000, 1.000000000000000000 ) ) ;
#3014 = EDGE_CURVE ( 'E1200', #1006, #2679, #270, .T. ) ;
#3015 = CARTESIAN_POINT ( 'NONE',  ( 0.0000000000000000000, 0.0000000000000000000, 0.0000000000000000000 ) ) ;
#3016 = DIRECTION ( 'NONE',  ( 0.0000000000000000000, 1.000000000000000000, 0.0000000000000000000 ) ) ;
#3017 = DIRECTION ( 'NONE',  ( -1.000000000000000000, -2.775557561562890400E-016, 1.602468905319635000E-016 ) ) ;
#3018 = B_SPLINE_CURVE_WITH_KNOTS ( 'NONE', 3,
 ( #3058, #620, #1299, #3031, #3033, #2869, #149, #1318, #2865, #1314, #2518, #2164, #631, #832 ),
 .UNSPECIFIED., .F., .F.,
 ( 4, 2, 2, 2, 2, 2, 4 ),
 ( 0.01103283832472780900, 0.01143161301684228300, 0.01183038770895675600, 0.01222916240107123000, 0.01262793709318570300, 0.01342548647741468100, 0.01422303586164365900 ),
 .UNSPECIFIED. ) ;
#3019 = EDGE_CURVE ( 'NONE', #2228, #2228, #1947, .T. ) ;
#3020 = DIRECTION ( 'NONE',  ( 0.0000000000000000000, 0.0000000000000000000, 1.000000000000000000 ) ) ;
#3021 = CARTESIAN_POINT ( 'NONE',  ( -17.00000000000000000, 132.5000000000000000, -27.50000000000000000 ) ) ;
#3022 = DIRECTION ( 'NONE',  ( -0.5000000000000001100, 0.7500000000000001100, -0.4330127018922190800 ) ) ;
#3023 = DIRECTION ( 'NONE',  ( -1.000000000000000000, 0.0000000000000000000, 0.0000000000000000000 ) ) ;
#3024 = ORIENTED_EDGE ( 'NONE', *, *, #2242, .F. ) ;
#3025 = DIRECTION ( 'NONE',  ( 1.000000000000000000, -0.0000000000000000000, -0.0000000000000000000 ) ) ;
#3026 = EDGE_CURVE ( 'NONE', #129, #129, #1108, .T. ) ;
#3027 = CARTESIAN_POINT ( 'NONE',  ( 36.33971667220618700, 44.99465746904400700, -0.7924682303872588900 ) ) ;
#3028 = VERTEX_POINT ( 'NONE', #1643 ) ;
#3029 = CARTESIAN_POINT ( 'NONE',  ( 18.50000000000000000, 0.0000000000000000000, 0.0000000000000000000 ) ) ;
#3030 = LOCAL_TIME ( 9, 14, 16.00000000000000000, #3011 ) ;
#3031 = CARTESIAN_POINT ( 'NONE',  ( -19.24006107084973000, 98.21162706452101100, 27.49999999999999600 ) ) ;
#3032 = CARTESIAN_POINT ( 'NONE',  ( -19.30000000000000100, 0.0000000000000000000, 0.0000000000000000000 ) ) ;
#3033 = CARTESIAN_POINT ( 'NONE',  ( -19.20468993442621700, 98.08360802752933700, 27.49999999999999600 ) ) ;
#3034 = AXIS2_PLACEMENT_3D ( 'NONE', #3029, #3025, #3020 ) ;
#3035 = CARTESIAN_POINT ( 'NONE',  ( 47.76895535405586900, 44.93221454556854900, -2.475724478478227700 ) ) ;
#3036 = DIRECTION ( 'NONE',  ( 1.000000000000000000, 0.0000000000000000000, 0.0000000000000000000 ) ) ;
#3037 = AXIS2_PLACEMENT_3D ( 'NONE', #2796, #2782, #2779 ) ;
#3038 = CARTESIAN_POINT ( 'NONE',  ( -28.50000000000000000, 132.5000000000000000, 27.50000000000000000 ) ) ;
#3039 = CARTESIAN_POINT ( 'NONE',  ( -18.22842071090305500, -96.85344052171859600, 27.49999999999999600 ) ) ;
#3040 = CARTESIAN_POINT ( 'NONE',  ( 44.03205080756889300, -29.03557621135329800, -44.29109322510219500 ) ) ;
#3041 = DIRECTION ( 'NONE',  ( 0.5000000000000003300, 0.0000000000000000000, -0.8660254037844383700 ) ) ;
#3042 = B_SPLINE_CURVE_WITH_KNOTS ( 'NONE', 3,
 ( #2994, #2974, #2979, #2832 ),
 .UNSPECIFIED., .F., .F.,
 ( 4, 4 ),
 ( 0.1883802157482523400, 0.1887191506465872900 ),
 .UNSPECIFIED. ) ;
#3043 = CARTESIAN_POINT ( 'NONE',  ( 11.47086573453748100, -38.91956453841306300, -68.94709153186093400 ) ) ;
#3044 = CARTESIAN_POINT ( 'NONE',  ( 43.66256643927269500, 44.61860379443644600, 5.846509862707726800 ) ) ;
#3045 = PLANE ( 'NONE',  #977 ) ;
#3046 = AXIS2_PLACEMENT_3D ( 'NONE', #2884, #2878, #2868 ) ;
#3047 = CARTESIAN_POINT ( 'NONE',  ( 44.03205080756889300, -30.34807621135330200, -46.56440991003640300 ) ) ;
#3048 = EDGE_CURVE ( 'NONE', #2918, #2918, #1610, .T. ) ;
#3049 = DIRECTION ( 'NONE',  ( 0.0000000000000000000, -0.8660254037844383700, 0.5000000000000002200 ) ) ;
#3050 = PLANE ( 'NONE',  #1774 ) ;
#3051 = DIRECTION ( 'NONE',  ( 1.000000000000000000, 0.0000000000000000000, 3.204937810639275000E-016 ) ) ;
#3052 = CARTESIAN_POINT ( 'NONE',  ( 44.41730326473841500, 44.64806920119411900, 5.617444094050070700 ) ) ;
#3053 = DIRECTION ( 'NONE',  ( 0.0000000000000000000, 0.4999999999999998900, 0.8660254037844387100 ) ) ;
#3054 = DIRECTION ( 'NONE',  ( -3.204937810639271500E-016, 0.8660254037844387100, -0.4999999999999998900 ) ) ;
#3055 = EDGE_CURVE ( 'E193', #2099, #869, #2408, .T. ) ;
#3056 = CARTESIAN_POINT ( 'NONE',  ( 42.29999999999999700, -22.50000000000000000, -38.97114317029975400 ) ) ;
#3057 = CIRCLE ( 'NONE', #2469, 102.5000000000000000 ) ;
#3058 = CARTESIAN_POINT ( 'NONE',  ( -19.30000000000000100, 98.74208829065749200, 27.50000000000000000 ) ) ;
#3059 = CARTESIAN_POINT ( 'NONE',  ( -39.69999999999999600, 0.0000000000000000000, 0.0000000000000000000 ) ) ;
#3060 = DIRECTION ( 'NONE',  ( 1.345284840313882800E-016, 0.0000000000000000000, -1.000000000000000000 ) ) ;
ENDSEC;
END-ISO-10303-21;
