ISO-10303-21;
HEADER;
FILE_DESCRIPTION (( 'STEP AP203' ),
    '1' );
FILE_NAME ('UCFL-205.STEP',
    '2019-03-08T12:13:19',
    ( '' ),
    ( '' ),
    'SwSTEP 2.0',
    'SolidWorks 2017',
    '' );
FILE_SCHEMA (( 'CONFIG_CONTROL_DESIGN' ));
ENDSEC;

DATA;
#1 = ADVANCED_FACE ( 'E1326', ( #2544, #2601 ), #68, .T. ) ;
#2 = CARTESIAN_POINT ( 'NONE',  ( 8.986467685543807700, 22.78301660337248400, 22.58854142235471200 ) ) ;
#3 = CARTESIAN_POINT ( 'NONE',  ( 8.683217335594722600, 21.69620530688951000, 23.65956697454988600 ) ) ;
#4 = EDGE_LOOP ( 'NONE', ( #2434 ) ) ;
#5 = FACE_BOUND ( 'NONE', #718, .T. ) ;
#6 = CARTESIAN_POINT ( 'NONE',  ( 12.69527108866025200, -8.367298027054086900, -9.287124740962816800 ) ) ;
#7 = CARTESIAN_POINT ( 'NONE',  ( -4.323508979975187600, 25.63449886265681200, 0.4387113656334647400 ) ) ;
#8 = ORIENTED_EDGE ( 'NONE', *, *, #2109, .F. ) ;
#9 = CARTESIAN_POINT ( 'NONE',  ( 4.484667738855592700, 24.60809593954199300, 21.01369176379914400 ) ) ;
#10 = ORIENTED_EDGE ( 'NONE', *, *, #2279, .F. ) ;
#11 = EDGE_LOOP ( 'NONE', ( #2163 ) ) ;
#12 = CARTESIAN_POINT ( 'NONE',  ( 8.589149518026799200, 21.57043769646362800, 23.78196103401018700 ) ) ;
#13 = CARTESIAN_POINT ( 'NONE',  ( 8.833903188415318300, 21.95636025526535900, 23.40562847351042200 ) ) ;
#14 = FACE_OUTER_BOUND ( 'NONE', #1406, .T. ) ;
#15 = CARTESIAN_POINT ( 'NONE',  ( 4.656110218945458200, 24.66055964450844200, 20.93565241471819100 ) ) ;
#16 = CARTESIAN_POINT ( 'NONE',  ( 16.58534567297564500, -7.767865662606940400, -9.794744376844091600 ) ) ;
#17 = EDGE_LOOP ( 'NONE', ( #200 ) ) ;
#18 = CARTESIAN_POINT ( 'NONE',  ( 12.36942559668537500, -8.200772130514705400, -9.434495147654692100 ) ) ;
#19 = CARTESIAN_POINT ( 'NONE',  ( 11.93973659122153200, -4.454673356052251300, -11.68012988958391100 ) ) ;
#20 = ORIENTED_EDGE ( 'NONE', *, *, #2345, .F. ) ;
#21 = CARTESIAN_POINT ( 'NONE',  ( 8.889735942656232100, 23.19302874773686400, 22.17594482579258000 ) ) ;
#22 = EDGE_LOOP ( 'NONE', ( #705, #1174, #2480, #712 ) ) ;
#23 = CARTESIAN_POINT ( 'NONE',  ( 8.371641806101882500, 21.33772372544230600, 24.00888687963059100 ) ) ;
#24 = CARTESIAN_POINT ( 'NONE',  ( 12.21497702129549300, -4.192297566275599700, -11.77684975120566900 ) ) ;
#25 = ORIENTED_EDGE ( 'NONE', *, *, #2568, .F. ) ;
#26 = ADVANCED_FACE ( 'E118', ( #453 ), #482, .T. ) ;
#27 = CARTESIAN_POINT ( 'NONE',  ( 12.36683619593042100, -4.071971027242304000, -11.81869541065045900 ) ) ;
#28 = EDGE_LOOP ( 'NONE', ( #896 ) ) ;
#29 = CARTESIAN_POINT ( 'NONE',  ( 12.69408388663351200, -3.859838496821833300, -11.88966593453672300 ) ) ;
#30 = CARTESIAN_POINT ( 'NONE',  ( 12.86617974752733700, -3.769897049706583100, -11.91821367022308200 ) ) ;
#31 = CARTESIAN_POINT ( 'NONE',  ( 8.890666061406040700, 22.09004656682382300, 23.27476811442298700 ) ) ;
#32 = TOROIDAL_SURFACE ( 'NONE', #1532, 23.80632475061125000, 1.700000000000000000 ) ;
#33 = LINE ( 'NONE', #1814, #1060 ) ;
#34 = CARTESIAN_POINT ( 'NONE',  ( 13.41811073783575900, -3.565054002296969700, -11.98090040014327500 ) ) ;
#35 = EDGE_LOOP ( 'NONE', ( #2575 ) ) ;
#36 = CARTESIAN_POINT ( 'NONE',  ( 13.80487115869175500, -3.488678530080453500, -12.00336230192202600 ) ) ;
#37 = FACE_OUTER_BOUND ( 'NONE', #1262, .T. ) ;
#38 = CC_DESIGN_DATE_AND_TIME_ASSIGNMENT ( #1332, #105, ( #465 ) ) ;
#39 = ORIENTED_EDGE ( 'NONE', *, *, #2102, .F. ) ;
#40 = CARTESIAN_POINT ( 'NONE',  ( 14.00102370763157100, -3.469254338402482800, -12.00892477849186900 ) ) ;
#41 = CARTESIAN_POINT ( 'NONE',  ( 14.20000000000000300, -3.469254338402481900, -12.00892477849186300 ) ) ;
#42 = VERTEX_POINT ( 'NONE', #473 ) ;
#43 = CARTESIAN_POINT ( 'NONE',  ( 8.967326619027877800, 22.36417334034157600, 23.00491286389822300 ) ) ;
#44 = EDGE_LOOP ( 'NONE', ( #1396 ) ) ;
#45 = CARTESIAN_POINT ( 'NONE',  ( 8.986840326919287100, 22.50555311674603200, 22.86496570512316900 ) ) ;
#46 = CONICAL_SURFACE ( 'NONE', #1701, 16.40000000000000200, 0.7853981633974503900 ) ;
#47 = EDGE_LOOP ( 'NONE', ( #1475, #25, #2053, #1334 ) ) ;
#48 = CARTESIAN_POINT ( 'NONE',  ( 15.06602540378445100, -9.236538105676650900, -12.99815328507796200 ) ) ;
#49 = VERTEX_POINT ( 'NONE', #505 ) ;
#50 = CARTESIAN_POINT ( 'NONE',  ( 14.20000000000000300, 12.13466109951160200, 2.999999999999999600 ) ) ;
#51 = SPHERICAL_SURFACE ( 'NONE', #1581, 26.00000000000000000 ) ;
#52 = CARTESIAN_POINT ( 'NONE',  ( 14.59447646006290900, 12.13955356186681200, 2.980401679168922500 ) ) ;
#53 = VERTEX_POINT ( 'NONE', #509 ) ;
#54 = CARTESIAN_POINT ( 'NONE',  ( 3.298787394776184500, 23.81150325961899500, 22.02032381534204900 ) ) ;
#55 = ORIENTED_EDGE ( 'NONE', *, *, #2021, .T. ) ;
#56 = CARTESIAN_POINT ( 'NONE',  ( 5.018008852697662700, 24.74249083110357400, 20.80417226061223300 ) ) ;
#57 = EDGE_LOOP ( 'NONE', ( #1103 ) ) ;
#58 = CARTESIAN_POINT ( 'NONE',  ( 4.160489563559997000, 24.47981996275843400, 21.19347755072673300 ) ) ;
#59 = ORIENTED_EDGE ( 'NONE', *, *, #2117, .T. ) ;
#60 = CARTESIAN_POINT ( 'NONE',  ( 16.80216078692538800, 12.41007513195486200, -1.505586124824015000 ) ) ;
#61 = FACE_OUTER_BOUND ( 'NONE', #2208, .T. ) ;
#62 = CARTESIAN_POINT ( 'NONE',  ( 16.45936140856260400, 12.34245885673916400, 1.983246822974011200 ) ) ;
#63 = ORIENTED_EDGE ( 'NONE', *, *, #2721, .F. ) ;
#64 = CARTESIAN_POINT ( 'NONE',  ( 3.076139869826860300, 23.45107457599537800, 22.42579723815185100 ) ) ;
#65 = CARTESIAN_POINT ( 'NONE',  ( 2.997468659987340800, 23.18060502779746200, 22.71276260127891400 ) ) ;
#66 = ORIENTED_EDGE ( 'NONE', *, *, #1034, .F. ) ;
#67 = CARTESIAN_POINT ( 'NONE',  ( -9.500000000000000000, 0.0000000000000000000, 15.50000000000000000 ) ) ;
#68 = CONICAL_SURFACE ( 'NONE', #1967, 17.00000000000000000, 0.7853981633974461700 ) ;
#69 = DIRECTION ( 'NONE',  ( 0.0000000000000000000, 0.0000000000000000000, 1.000000000000000000 ) ) ;
#70 = CARTESIAN_POINT ( 'NONE',  ( 15.16977342204038400, 12.17200998730051600, 2.845725346697515000 ) ) ;
#71 = CARTESIAN_POINT ( 'NONE',  ( 2.997985766338743900, 22.89956413059798700, 22.99262114373894400 ) ) ;
#72 = ORIENTED_EDGE ( 'NONE', *, *, #2129, .T. ) ;
#73 = CARTESIAN_POINT ( 'NONE',  ( 16.80216078692538100, -7.508913397660396800, -9.994647264734418000 ) ) ;
#74 = ORIENTED_EDGE ( 'NONE', *, *, #2401, .T. ) ;
#75 = CARTESIAN_POINT ( 'NONE',  ( 12.87071192227977400, -8.438222151390165800, -9.222380603764893400 ) ) ;
#76 = CARTESIAN_POINT ( 'NONE',  ( 13.41273872596905300, -8.607230522950644100, -9.065824343788557700 ) ) ;
#77 = CARTESIAN_POINT ( 'NONE',  ( 15.70470070713328100, 12.22653350663340400, 2.602731912253466000 ) ) ;
#78 = CARTESIAN_POINT ( 'NONE',  ( 13.80889454099681800, -8.665529954891177100, -9.008806282199465400 ) ) ;
#79 = ORIENTED_EDGE ( 'NONE', *, *, #2371, .T. ) ;
#80 = VERTEX_POINT ( 'NONE', #500 ) ;
#81 = ORIENTED_EDGE ( 'NONE', *, *, #2136, .F. ) ;
#82 = CARTESIAN_POINT ( 'NONE',  ( 16.03023795474892700, 12.27085035120979300, 2.385071624523353900 ) ) ;
#83 = CARTESIAN_POINT ( 'NONE',  ( 16.18377839685252100, 12.29499708758061700, 2.258894687124596100 ) ) ;
#84 = B_SPLINE_CURVE_WITH_KNOTS ( 'NONE', 3,
 ( #2724, #2448, #235, #125, #121, #98, #7, #2847, #130, #131, #132, #134, #2853, #146, #150, #154, #162, #165 ),
 .UNSPECIFIED., .T., .F.,
 ( 4, 2, 2, 2, 2, 2, 2, 2, 4 ),
 ( 0.0000000000000000000, 0.0003345248418695537800, 0.0006690496837391075500, 0.001003574525608661300, 0.001338099367478215100, 0.001672624209347767400, 0.002007149051217320100, 0.002341673893086872100, 0.002676198734956424100 ),
 .UNSPECIFIED. ) ;
#85 = CARTESIAN_POINT ( 'NONE',  ( -4.522516308620219600, 23.00742530422537200, 0.3786762580805104200 ) ) ;
#86 = EDGE_LOOP ( 'NONE', ( #804 ) ) ;
#87 = CARTESIAN_POINT ( 'NONE',  ( 16.80265385973028100, 12.41016778629352800, 1.505014022706543400 ) ) ;
#88 = EDGE_LOOP ( 'NONE', ( #2663 ) ) ;
#89 = EDGE_LOOP ( 'NONE', ( #269 ) ) ;
#90 = CARTESIAN_POINT ( 'NONE',  ( 16.89538269150785200, 12.43019508533123100, 1.331559699388171800 ) ) ;
#91 = VERTEX_POINT ( 'NONE', #516 ) ;
#92 = ORIENTED_EDGE ( 'NONE', *, *, #787, .T. ) ;
#93 = ORIENTED_EDGE ( 'NONE', *, *, #2245, .T. ) ;
#94 = DIRECTION ( 'NONE',  ( 2.288405812698380100E-017, 0.9275345683433531300, -0.3737373737373739800 ) ) ;
#95 = CARTESIAN_POINT ( 'NONE',  ( 17.10328153755570900, 12.47708421173362800, 0.7810302027737242600 ) ) ;
#96 = VECTOR ( 'NONE', #236, 1000.000000000000000 ) ;
#97 = ORIENTED_EDGE ( 'NONE', *, *, #2447, .T. ) ;
#98 = CARTESIAN_POINT ( 'NONE',  ( -4.439593404950668000, 25.61501736143189600, 0.4164224573532946400 ) ) ;
#99 = CARTESIAN_POINT ( 'NONE',  ( 17.18064636342540300, 12.49531270053621400, 0.3934451933313340400 ) ) ;
#100 = SPHERICAL_SURFACE ( 'NONE', #1812, 26.00000000000000000 ) ;
#101 = CARTESIAN_POINT ( 'NONE',  ( 6.951387733052620800, 20.62545656863253600, 24.73695404025138000 ) ) ;
#102 = VERTEX_POINT ( 'NONE', #520 ) ;
#103 = CARTESIAN_POINT ( 'NONE',  ( 17.19987831715290500, 12.49997079612190900, 0.1983092448445296400 ) ) ;
#104 = CYLINDRICAL_SURFACE ( 'NONE', #1864, 23.01040764008565300 ) ;
#105 = DATE_TIME_ROLE ( 'classification_date' ) ;
#106 = CARTESIAN_POINT ( 'NONE',  ( 17.20012054271905200, 12.50002893024737600, -0.1946103889057433900 ) ) ;
#107 = FACE_OUTER_BOUND ( 'NONE', #2707, .T. ) ;
#108 = ADVANCED_FACE ( 'E1352', ( #210, #230 ), #526, .T. ) ;
#109 = CARTESIAN_POINT ( 'NONE',  ( 17.18046673866758000, 12.49527057558517000, -0.3942288005861709400 ) ) ;
#110 = ADVANCED_FACE ( 'E1160', ( #264 ), #543, .T. ) ;
#111 = FACE_OUTER_BOUND ( 'NONE', #2735, .T. ) ;
#112 = CARTESIAN_POINT ( 'NONE',  ( 17.10359707484182200, 12.47715836037240300, -0.7795654908250706500 ) ) ;
#113 = CARTESIAN_POINT ( 'NONE',  ( 17.04673027270095500, 12.46388609854723800, -0.9669420786040936500 ) ) ;
#114 = ORIENTED_EDGE ( 'NONE', *, *, #2187, .F. ) ;
#115 = PERSON_AND_ORGANIZATION_ROLE ( 'classification_officer' ) ;
#116 = ORIENTED_EDGE ( 'NONE', *, *, #2721, .T. ) ;
#117 = VERTEX_POINT ( 'NONE', #571 ) ;
#118 = CARTESIAN_POINT ( 'NONE',  ( 16.89574594591469000, 12.43027069845876300, -1.331091290622746100 ) ) ;
#119 = CARTESIAN_POINT ( 'NONE',  ( 16.58534567297565600, 12.36643028522524000, -1.829796808580406200 ) ) ;
#120 = EDGE_LOOP ( 'NONE', ( #232 ) ) ;
#121 = CARTESIAN_POINT ( 'NONE',  ( -4.625089574547872400, 25.58385911796580500, 0.2953146630530899500 ) ) ;
#122 = CIRCLE ( 'NONE', #1377, 32.83160344433714800 ) ;
#123 = EDGE_LOOP ( 'NONE', ( #728 ) ) ;
#124 = CARTESIAN_POINT ( 'NONE',  ( 16.46049503729540200, 12.34265272959099700, -1.982129260621095000 ) ) ;
#125 = CARTESIAN_POINT ( 'NONE',  ( -4.693255513163819600, 25.57239512189918400, 0.1960114538455663100 ) ) ;
#126 = ORIENTED_EDGE ( 'NONE', *, *, #905, .T. ) ;
#127 = ORIENTED_EDGE ( 'NONE', *, *, #1735, .F. ) ;
#128 = CARTESIAN_POINT ( 'NONE',  ( 16.18239554647700400, 12.29476029422024300, -2.260261515125096200 ) ) ;
#129 = CARTESIAN_POINT ( 'NONE',  ( 16.03174015644051000, 12.27108312511623100, -2.383862308967641800 ) ) ;
#130 = CARTESIAN_POINT ( 'NONE',  ( -4.006985012982104500, 25.68753412319772500, 0.3273013072992859200 ) ) ;
#131 = CARTESIAN_POINT ( 'NONE',  ( -3.884251111495602400, 25.70807112335019100, 0.1419041580936781200 ) ) ;
#132 = CARTESIAN_POINT ( 'NONE',  ( -3.861183423766251500, 25.71192742565567400, 0.02298255414774315300 ) ) ;
#133 = EDGE_LOOP ( 'NONE', ( #2811, #2321, #213, #72 ) ) ;
#134 = CARTESIAN_POINT ( 'NONE',  ( -3.906536922613225800, 25.70434149812246000, -0.1956399552903107800 ) ) ;
#135 = ADVANCED_FACE ( 'E1389', ( #2474, #1252 ), #2427, .T. ) ;
#136 = CARTESIAN_POINT ( 'NONE',  ( -3.191233068804240100, 28.94242879798120100, -15.50000000000000000 ) ) ;
#137 = EDGE_LOOP ( 'NONE', ( #947 ) ) ;
#138 = VERTEX_POINT ( 'NONE', #584 ) ;
#139 = SECURITY_CLASSIFICATION_LEVEL ( 'unclassified' ) ;
#140 = ADVANCED_BREP_SHAPE_REPRESENTATION ( 'UCFL-205', ( #371, #678 ), #766 ) ;
#141 = EDGE_LOOP ( 'NONE', ( #601 ) ) ;
#142 = B_SPLINE_CURVE_WITH_KNOTS ( 'NONE', 3,
 ( #1507, #1500, #1538, #1539, #1547, #1549, #1564, #1574, #1576, #1578, #1579, #1588, #1592, #1593, #1597, #1604, #1606, #1615 ),
 .UNSPECIFIED., .T., .F.,
 ( 4, 2, 2, 2, 2, 2, 2, 2, 4 ),
 ( 0.0000000000000000000, 0.0003345269924418994700, 0.0006690539848837985000, 0.001003580977325697800, 0.001338107969767596800, 0.001672634962209496000, 0.002007161954651395200, 0.002341688947093294200, 0.002676215939535193600 ),
 .UNSPECIFIED. ) ;
#143 = ORIENTED_EDGE ( 'NONE', *, *, #2231, .T. ) ;
#144 = LINE ( 'NONE', #48, #166 ) ;
#145 = ORIENTED_EDGE ( 'NONE', *, *, #2156, .T. ) ;
#146 = CARTESIAN_POINT ( 'NONE',  ( -4.161111490687955200, 25.66172366739906300, -0.4169172256785546600 ) ) ;
#147 = FACE_OUTER_BOUND ( 'NONE', #2499, .T. ) ;
#148 = LINE ( 'NONE', #1495, #2675 ) ;
#149 = CARTESIAN_POINT ( 'NONE',  ( 12.86617974752732800, 12.20642433099744100, 2.694280220413630900 ) ) ;
#150 = CARTESIAN_POINT ( 'NONE',  ( -4.277442717600791900, 25.64222485307577400, -0.4384576540113573900 ) ) ;
#151 = FACE_OUTER_BOUND ( 'NONE', #373, .T. ) ;
#152 = CARTESIAN_POINT ( 'NONE',  ( 13.22714032633645500, 12.17227071778726000, 2.844603035113623800 ) ) ;
#153 = CARTESIAN_POINT ( 'NONE',  ( 13.41811073783575700, 12.15829110788370700, 2.903022868219074800 ) ) ;
#154 = CARTESIAN_POINT ( 'NONE',  ( -4.493220340123566600, 25.60601507189279100, -0.3942332374533048000 ) ) ;
#155 = ORIENTED_EDGE ( 'NONE', *, *, #1112, .T. ) ;
#156 = CIRCLE ( 'NONE', #1456, 23.80632475061125000 ) ;
#157 = EDGE_LOOP ( 'NONE', ( #851 ) ) ;
#158 = EDGE_LOOP ( 'NONE', ( #126 ) ) ;
#159 = CARTESIAN_POINT ( 'NONE',  ( 13.80487115869174500, 12.13955594933315200, 2.980396918273982500 ) ) ;
#160 = ADVANCED_FACE ( 'E1377', ( #1893, #2537, #2355, #147 ), #104, .F. ) ;
#161 = EDGE_LOOP ( 'NONE', ( #2761 ) ) ;
#162 = CARTESIAN_POINT ( 'NONE',  ( -4.592332803021993600, 25.58936150024029400, -0.3284041577452768700 ) ) ;
#163 = EDGE_LOOP ( 'NONE', ( #658, #285, #1324, #1589 ) ) ;
#164 = ORIENTED_EDGE ( 'NONE', *, *, #2093, .T. ) ;
#165 = CARTESIAN_POINT ( 'NONE',  ( -4.654465190668839900, 25.57891659864130300, -0.2344769255259464300 ) ) ;
#166 = VECTOR ( 'NONE', #720, 1000.000000000000000 ) ;
#167 = CLOSED_SHELL ( 'NONE', ( #135, #353, #179, #2329, #2118, #308, #351, #2150 ) ) ;
#168 = ADVANCED_FACE ( 'E909', ( #1358, #844 ), #532, .T. ) ;
#169 = VERTEX_POINT ( 'NONE', #614 ) ;
#170 = CARTESIAN_POINT ( 'NONE',  ( 14.00102370763157800, 12.13466109951160600, 2.999999999999999100 ) ) ;
#171 = VERTEX_POINT ( 'NONE', #616 ) ;
#172 = FACE_OUTER_BOUND ( 'NONE', #1282, .T. ) ;
#173 = DIRECTION ( 'NONE',  ( 0.0000000000000000000, 0.0000000000000000000, 1.000000000000000000 ) ) ;
#174 = ADVANCED_FACE ( 'E224', ( #396 ), #619, .T. ) ;
#175 = DIRECTION ( 'NONE',  ( -1.000000000000000000, 0.0000000000000000000, 0.0000000000000000000 ) ) ;
#176 = ORIENTED_EDGE ( 'NONE', *, *, #2345, .T. ) ;
#177 = ORIENTED_EDGE ( 'NONE', *, *, #1997, .F. ) ;
#178 = CARTESIAN_POINT ( 'NONE',  ( -3.000000000000000000, 28.92907903741469900, 15.50000000000000000 ) ) ;
#179 = ADVANCED_FACE ( 'E1395', ( #2405, #61 ), #643, .T. ) ;
#180 = EDGE_LOOP ( 'NONE', ( #1526 ) ) ;
#181 = ORIENTED_EDGE ( 'NONE', *, *, #1793, .T. ) ;
#182 = CARTESIAN_POINT ( 'NONE',  ( -3.005203820042829900, 0.0000000000000000000, 0.0000000000000000000 ) ) ;
#183 = DIRECTION ( 'NONE',  ( 1.000000000000000000, 0.0000000000000000000, 0.0000000000000000000 ) ) ;
#184 = DIRECTION ( 'NONE',  ( 0.0000000000000000000, 0.0000000000000000000, -1.000000000000000000 ) ) ;
#185 = ORIENTED_EDGE ( 'NONE', *, *, #2733, .F. ) ;
#186 = CARTESIAN_POINT ( 'NONE',  ( -4.299999999999999800, 30.26136150274804800, 15.50000000000000000 ) ) ;
#187 = ORIENTED_EDGE ( 'NONE', *, *, #2245, .F. ) ;
#188 = ADVANCED_FACE ( 'E1244', ( #469 ), #656, .T. ) ;
#189 = FACE_BOUND ( 'NONE', #1890, .T. ) ;
#190 = CARTESIAN_POINT ( 'NONE',  ( 14.98272114505820700, 12.15834987809365600, -2.902776904064426700 ) ) ;
#191 = DIRECTION ( 'NONE',  ( -1.000000000000000000, -0.0000000000000000000, -1.224606353822375800E-016 ) ) ;
#192 = ORIENTED_EDGE ( 'NONE', *, *, #2119, .T. ) ;
#193 = DIRECTION ( 'NONE',  ( 1.020425574104004100E-016, 0.0000000000000000000, -1.000000000000000000 ) ) ;
#194 = ORIENTED_EDGE ( 'NONE', *, *, #1944, .T. ) ;
#195 = ORIENTED_EDGE ( 'NONE', *, *, #2255, .F. ) ;
#196 = CARTESIAN_POINT ( 'NONE',  ( -4.300000000000013100, 29.94499751400247300, 15.50000000000000900 ) ) ;
#197 = CARTESIAN_POINT ( 'NONE',  ( -8.500000000000000000, 0.0000000000000000000, 0.0000000000000000000 ) ) ;
#198 = DIRECTION ( 'NONE',  ( 1.000000000000000000, 0.0000000000000000000, 1.224606353822375800E-016 ) ) ;
#199 = EDGE_LOOP ( 'NONE', ( #2270 ) ) ;
#200 = ORIENTED_EDGE ( 'NONE', *, *, #2066, .F. ) ;
#201 = CARTESIAN_POINT ( 'NONE',  ( 15.16971642243857400, 12.17201118000159500, -2.845714800451576700 ) ) ;
#202 = EDGE_LOOP ( 'NONE', ( #39 ) ) ;
#203 = DIRECTION ( 'NONE',  ( 1.020425574104004100E-016, 0.0000000000000000000, -1.000000000000000000 ) ) ;
#204 = ADVANCED_FACE ( 'E1202', ( #2309 ), #667, .T. ) ;
#205 = CARTESIAN_POINT ( 'NONE',  ( 11.00000000000000000, -12.70707070707070100, 31.53617532367404400 ) ) ;
#206 = EDGE_LOOP ( 'NONE', ( #2057 ) ) ;
#207 = CARTESIAN_POINT ( 'NONE',  ( 11.00000000000000000, -55.29292929292930100, 14.37678580932196000 ) ) ;
#208 = ORIENTED_EDGE ( 'NONE', *, *, #2424, .T. ) ;
#209 = CARTESIAN_POINT ( 'NONE',  ( 15.53185457172974400, 12.20620099893386100, -2.695293317102761300 ) ) ;
#210 = FACE_OUTER_BOUND ( 'NONE', #2196, .T. ) ;
#211 = CARTESIAN_POINT ( 'NONE',  ( 9.891233068804240200, 0.0000000000000000000, 0.0000000000000000000 ) ) ;
#212 = ORIENTED_EDGE ( 'NONE', *, *, #2796, .T. ) ;
#213 = ORIENTED_EDGE ( 'NONE', *, *, #2109, .T. ) ;
#214 = ORIENTED_EDGE ( 'NONE', *, *, #2637, .F. ) ;
#215 = EDGE_LOOP ( 'NONE', ( #259 ) ) ;
#216 = ORIENTED_EDGE ( 'NONE', *, *, #938, .T. ) ;
#217 = DIRECTION ( 'NONE',  ( -1.000000000000000000, 0.0000000000000000000, 0.0000000000000000000 ) ) ;
#218 = DIRECTION ( 'NONE',  ( 0.0000000000000000000, 0.0000000000000000000, 1.000000000000000000 ) ) ;
#219 = CARTESIAN_POINT ( 'NONE',  ( -4.299999999999999800, 55.29292929292930100, 14.37678580932198000 ) ) ;
#220 = VERTEX_POINT ( 'NONE', #677 ) ;
#221 = EDGE_LOOP ( 'NONE', ( #266, #2081, #1064, #2485 ) ) ;
#222 = CARTESIAN_POINT ( 'NONE',  ( -4.198526305198550200, 29.62996140648360900, 15.50000000000000000 ) ) ;
#223 = CARTESIAN_POINT ( 'NONE',  ( -3.902294115033669200, 29.25649261375848600, 15.50000000000000200 ) ) ;
#224 = VERTEX_POINT ( 'NONE', #670 ) ;
#225 = DIRECTION ( 'NONE',  ( 5.679323628915830700E-017, -0.3737373737373739800, -0.9275345683433531300 ) ) ;
#226 = VERTEX_POINT ( 'NONE', #668 ) ;
#227 = CARTESIAN_POINT ( 'NONE',  ( 15.70752294894770400, 12.22688981321086600, -2.601047109767376000 ) ) ;
#228 = CARTESIAN_POINT ( 'NONE',  ( -3.779950808638485900, 29.15047543995799400, 15.50000000000000200 ) ) ;
#229 = PERSON_AND_ORGANIZATION_ROLE ( 'design_supplier' ) ;
#230 = FACE_BOUND ( 'NONE', #605, .T. ) ;
#231 = CARTESIAN_POINT ( 'NONE',  ( -3.504279873303788300, 28.99839471061601500, 15.50000000000000500 ) ) ;
#232 = ORIENTED_EDGE ( 'NONE', *, *, #1908, .F. ) ;
#233 = PERSON_AND_ORGANIZATION_ROLE ( 'creator' ) ;
#234 = APPROVAL_ROLE ( '' ) ;
#235 = CARTESIAN_POINT ( 'NONE',  ( -4.738826270389331800, 25.56473124752916000, -0.02240297053035995200 ) ) ;
#236 = DIRECTION ( 'NONE',  ( -1.000000000000000000, 0.0000000000000000000, -6.123031769111888800E-017 ) ) ;
#237 = ORIENTED_EDGE ( 'NONE', *, *, #2037, .T. ) ;
#238 = APPROVAL_STATUS ( 'not_yet_approved' ) ;
#239 = DIRECTION ( 'NONE',  ( 0.0000000000000000000, 0.8660254037844389300, -0.4999999999999998300 ) ) ;
#240 = EDGE_LOOP ( 'NONE', ( #195 ) ) ;
#241 = DIRECTION ( 'NONE',  ( 0.0000000000000000000, -0.4999999999999998900, -0.8660254037844387100 ) ) ;
#242 = DATE_TIME_ROLE ( 'creation_date' ) ;
#243 = ORIENTED_EDGE ( 'NONE', *, *, #2103, .T. ) ;
#244 = ORIENTED_EDGE ( 'NONE', *, *, #966, .F. ) ;
#245 = APPROVAL_ROLE ( '' ) ;
#246 = FACE_OUTER_BOUND ( 'NONE', #2315, .T. ) ;
#247 = PERSON_AND_ORGANIZATION_ROLE ( 'creator' ) ;
#248 = DIRECTION ( 'NONE',  ( 1.000000000000000000, 0.0000000000000000000, 6.123031769111888800E-017 ) ) ;
#249 = ORIENTED_EDGE ( 'NONE', *, *, #786, .F. ) ;
#250 = PLANE ( 'NONE',  #1435 ) ;
#251 = ADVANCED_FACE ( 'E821', ( #2681, #1981 ), #416, .F. ) ;
#252 = EDGE_LOOP ( 'NONE', ( #637 ) ) ;
#253 = APPROVAL_ROLE ( '' ) ;
#254 = APPROVAL_STATUS ( 'not_yet_approved' ) ;
#255 = ORIENTED_EDGE ( 'NONE', *, *, #2002, .T. ) ;
#256 = ORIENTED_EDGE ( 'NONE', *, *, #2087, .F. ) ;
#257 = APPLICATION_PROTOCOL_DEFINITION ( 'international standard', 'config_control_design', 1994, #260 ) ;
#258 = CARTESIAN_POINT ( 'NONE',  ( 14.20000000000000300, 12.13466109951160200, 2.999999999999999600 ) ) ;
#259 = ORIENTED_EDGE ( 'NONE', *, *, #958, .T. ) ;
#260 = APPLICATION_CONTEXT ( 'configuration controlled 3d designs of mechanical parts and assemblies' ) ;
#261 = PERSON_AND_ORGANIZATION_ROLE ( 'design_owner' ) ;
#262 = ORIENTED_EDGE ( 'NONE', *, *, #2022, .T. ) ;
#263 = CARTESIAN_POINT ( 'NONE',  ( -3.191233068804240100, 28.94242879798120100, 15.50000000000000000 ) ) ;
#264 = FACE_OUTER_BOUND ( 'NONE', #2368, .T. ) ;
#265 = MECHANICAL_CONTEXT ( 'NONE', #270, 'mechanical' ) ;
#266 = ORIENTED_EDGE ( 'NONE', *, *, #1988, .F. ) ;
#267 = DIRECTION ( 'NONE',  ( 1.000000000000000000, 0.0000000000000000000, 0.0000000000000000000 ) ) ;
#268 = DIRECTION ( 'NONE',  ( -1.000000000000000000, 0.0000000000000000000, -6.123031769111888800E-017 ) ) ;
#269 = ORIENTED_EDGE ( 'NONE', *, *, #922, .F. ) ;
#270 = APPLICATION_CONTEXT ( 'configuration controlled 3d designs of mechanical parts and assemblies' ) ;
#271 = ADVANCED_FACE ( 'E1385', ( #2143 ), #100, .F. ) ;
#272 = EDGE_LOOP ( 'NONE', ( #672 ) ) ;
#273 = APPLICATION_PROTOCOL_DEFINITION ( 'international standard', 'config_control_design', 1994, #270 ) ;
#274 = ORIENTED_EDGE ( 'NONE', *, *, #2412, .T. ) ;
#275 =( NAMED_UNIT ( * ) SI_UNIT ( $, .STERADIAN. ) SOLID_ANGLE_UNIT ( ) );
#276 =( NAMED_UNIT ( * ) PLANE_ANGLE_UNIT ( ) SI_UNIT ( $, .RADIAN. ) );
#277 = CARTESIAN_POINT ( 'NONE',  ( -9.500000000000000000, -49.50000000000000000, -15.50000000000000000 ) ) ;
#278 =( LENGTH_UNIT ( ) NAMED_UNIT ( * ) SI_UNIT ( .MILLI., .METRE. ) );
#279 = ORIENTED_EDGE ( 'NONE', *, *, #2311, .F. ) ;
#280 = DIRECTION ( 'NONE',  ( 0.06162841671621927000, 0.7044160264027586900, 0.7071067811865476800 ) ) ;
#281 = ORIENTED_EDGE ( 'NONE', *, *, #2380, .T. ) ;
#282 = PRODUCT ( 'UCFL-205', 'UCFL-205', '', ( #265 ) ) ;
#283 = CARTESIAN_POINT ( 'NONE',  ( -17.00000000000000000, -49.50000000000000000, 0.0000000000000000000 ) ) ;
#284 = DIRECTION ( 'NONE',  ( 0.0000000000000000000, 0.0000000000000000000, 1.000000000000000000 ) ) ;
#285 = ORIENTED_EDGE ( 'NONE', *, *, #2286, .T. ) ;
#286 = CARTESIAN_POINT ( 'NONE',  ( 14.20000000000000100, 17.00000000000000000, -2.458750000000000200 ) ) ;
#287 = CARTESIAN_POINT ( 'NONE',  ( 14.20000000000000100, 13.04125000000000200, 3.000000000000000000 ) ) ;
#288 = CARTESIAN_POINT ( 'NONE',  ( 8.500000000000000000, 0.0000000000000000000, 1.040915400749019900E-015 ) ) ;
#289 = CARTESIAN_POINT ( 'NONE',  ( 14.20000000000000100, 12.50000000000000000, -2.458750000000000200 ) ) ;
#290 = CARTESIAN_POINT ( 'NONE',  ( 14.20000000000000100, -5.631298788646684100, -15.75369561453712000 ) ) ;
#291 = CARTESIAN_POINT ( 'NONE',  ( 14.20000000000000100, -10.62933996155499000, -13.49305686433546100 ) ) ;
#292 = DIRECTION ( 'NONE',  ( -1.000000000000000000, 0.0000000000000000000, -2.449212707644755000E-016 ) ) ;
#293 = DIRECTION ( 'NONE',  ( 0.0000000000000000000, 0.0000000000000000000, -1.000000000000000000 ) ) ;
#294 = CARTESIAN_POINT ( 'NONE',  ( 14.20000000000000100, -3.922548788646683900, -12.79405379710380000 ) ) ;
#295 = CARTESIAN_POINT ( 'NONE',  ( 14.20000000000000100, -8.379339961554990200, -9.595942547305501300 ) ) ;
#296 = CARTESIAN_POINT ( 'NONE',  ( 8.500000000000000000, -30.00000000000000000, 0.0000000000000000000 ) ) ;
#297 = ORIENTED_EDGE ( 'NONE', *, *, #2338, .F. ) ;
#298 = APPROVAL_STATUS ( 'not_yet_approved' ) ;
#299 = CARTESIAN_POINT ( 'NONE',  ( -8.500000000000000000, 28.60000000000000100, 0.0000000000000000000 ) ) ;
#300 = CARTESIAN_POINT ( 'NONE',  ( -8.250000000000000000, 0.0000000000000000000, 0.0000000000000000000 ) ) ;
#301 = DIRECTION ( 'NONE',  ( -6.123031769111887500E-017, -0.4999999999999998900, -0.8660254037844387100 ) ) ;
#302 = CARTESIAN_POINT ( 'NONE',  ( -9.500000000000000000, 0.0000000000000000000, -28.60000000000000100 ) ) ;
#303 = ORIENTED_EDGE ( 'NONE', *, *, #2500, .F. ) ;
#304 = ORIENTED_EDGE ( 'NONE', *, *, #2262, .T. ) ;
#305 = CARTESIAN_POINT ( 'NONE',  ( -9.500000000000000000, -30.59999999999999800, 0.0000000000000000000 ) ) ;
#306 = CARTESIAN_POINT ( 'NONE',  ( 5.790305505606175600, 20.46328556700016700, 24.01864958995407300 ) ) ;
#307 = CARTESIAN_POINT ( 'NONE',  ( 4.792808778398140600, 19.61257624750145100, 16.38218046993904800 ) ) ;
#308 = ADVANCED_FACE ( 'E1406', ( #2488, #2790 ), #2798, .F. ) ;
#309 = DIRECTION ( 'NONE',  ( -2.186045297813892500E-016, 0.0000000000000000000, 1.000000000000000000 ) ) ;
#310 = CARTESIAN_POINT ( 'NONE',  ( -16.00000000000000000, -49.50000000000000000, 0.0000000000000000000 ) ) ;
#311 = B_SPLINE_CURVE_WITH_KNOTS ( 'NONE', 3,
 ( #1135, #928, #1140, #1142, #1143, #1147, #1148, #1152, #1156, #1160, #1162, #1169, #1170, #1180, #1182, #1186, #1188, #1191, #1194, #1198, #1199, #660, #73, #16, #1203, #1206, #1209, #1224, #1213, #1208, #1218, #1219, #1228, #78, #76, #75, #6, #18, #1240, #1236, #1230, #2727, #2739, #2753, #2754, #2774, #2788, #2807, #2825, #2832, #2834, #2842, #2848, #2852, #19, #24, #27, #29, #30, #2564, #34, #36, #40, #41 ),
 .UNSPECIFIED., .T., .F.,
 ( 4, 2, 2, 2, 2, 2, 2, 2, 2, 2, 2, 2, 2, 2, 2, 2, 2, 2, 2, 2, 2, 2, 2, 2, 2, 2, 2, 2, 2, 2, 2, 4 ),
 ( 0.0000000000000000000, 0.0005882810348985875600, 0.001176562069797175100, 0.001764843104695762800, 0.002353124139594350200, 0.002941405174492939400, 0.003529686209391528600, 0.004117967244290117800, 0.004706248279188707400, 0.005294529314087297000, 0.005882810348985885800, 0.006471091383884476300, 0.007059372418783065900, 0.007647653453681655500, 0.008235934488580244300, 0.008824215523478834800, 0.009412496558377425300, 0.01058905862817460800, 0.01117733966307320000, 0.01176562069797179100, 0.01235390173287038300, 0.01294218276776897700, 0.01353046380266756700, 0.01411874483756616000, 0.01470702587246475200, 0.01529530690736334200, 0.01588358794226193600, 0.01647186897716052700, 0.01706015001205911700, 0.01764843104695771100, 0.01823671208185630200, 0.01882499311675489600 ),
 .UNSPECIFIED. ) ;
#312 = CARTESIAN_POINT ( 'NONE',  ( 5.790305505606171200, 20.46328556700012400, 24.78409268058849700 ) ) ;
#313 = DIRECTION ( 'NONE',  ( -0.06162841671621946400, -0.7044160264027585800, 0.7071067811865476800 ) ) ;
#314 = CARTESIAN_POINT ( 'NONE',  ( -3.000000000000000000, -49.50000000000000000, 0.0000000000000000000 ) ) ;
#315 = ORIENTED_EDGE ( 'NONE', *, *, #2500, .T. ) ;
#316 = DIRECTION ( 'NONE',  ( -1.000000000000000000, 0.0000000000000000000, 0.0000000000000000000 ) ) ;
#317 = ORIENTED_EDGE ( 'NONE', *, *, #2086, .T. ) ;
#318 = CARTESIAN_POINT ( 'NONE',  ( -4.299999999999999800, 63.46228429725189800, -15.50000000000000000 ) ) ;
#319 = DIRECTION ( 'NONE',  ( 0.0000000000000000000, -1.000000000000000000, 0.0000000000000000000 ) ) ;
#320 = ORIENTED_EDGE ( 'NONE', *, *, #2555, .T. ) ;
#321 = CARTESIAN_POINT ( 'NONE',  ( -3.000000000000000000, -49.50000000000000000, -8.000000000000000000 ) ) ;
#322 = ORIENTED_EDGE ( 'NONE', *, *, #2237, .F. ) ;
#323 = CARTESIAN_POINT ( 'NONE',  ( -3.000000000000000000, 0.0000000000000000000, -15.50000000000000000 ) ) ;
#324 = CARTESIAN_POINT ( 'NONE',  ( -3.000000000000000000, 49.50000000000000000, -8.000000000000000000 ) ) ;
#325 = EDGE_LOOP ( 'NONE', ( #626 ) ) ;
#326 = DESIGN_CONTEXT ( 'detailed design', #260, 'design' ) ;
#327 = CARTESIAN_POINT ( 'NONE',  ( 11.00000000000000200, 0.0000000000000000000, -30.00000000000000000 ) ) ;
#328 = FACE_BOUND ( 'NONE', #1031, .T. ) ;
#329 = CARTESIAN_POINT ( 'NONE',  ( 11.00000000000000000, 0.0000000000000000000, 30.85816097696945100 ) ) ;
#330 = CARTESIAN_POINT ( 'NONE',  ( -8.277488643184913300, 0.0000000000000000000, 24.64717391024670000 ) ) ;
#331 = CARTESIAN_POINT ( 'NONE',  ( -15.99999999999999600, 0.0000000000000000000, -30.59999999999999800 ) ) ;
#332 = EDGE_LOOP ( 'NONE', ( #1163 ) ) ;
#333 = CARTESIAN_POINT ( 'NONE',  ( -16.00000000000000000, 49.50000000000000000, -8.000000000000000000 ) ) ;
#334 = CARTESIAN_POINT ( 'NONE',  ( 19.09999999999999800, 0.0000000000000000000, 0.0000000000000000000 ) ) ;
#335 = ORIENTED_EDGE ( 'NONE', *, *, #1735, .T. ) ;
#336 = DIRECTION ( 'NONE',  ( -1.000000000000000000, 0.0000000000000000000, 0.0000000000000000000 ) ) ;
#337 = CARTESIAN_POINT ( 'NONE',  ( -16.00000000000000000, -49.50000000000000000, -8.000000000000000000 ) ) ;
#338 = DIRECTION ( 'NONE',  ( 0.0000000000000000000, 0.0000000000000000000, 1.000000000000000000 ) ) ;
#339 = ADVANCED_FACE ( 'E1083', ( #2656, #1824 ), #1077, .T. ) ;
#340 = CARTESIAN_POINT ( 'NONE',  ( 2.997985766338744800, 22.89956413059799800, 22.99262114373894800 ) ) ;
#341 = CARTESIAN_POINT ( 'NONE',  ( 8.277488643184915100, 0.0000000000000000000, -24.64717391024670000 ) ) ;
#342 = CIRCLE ( 'NONE', #1603, 23.01040764008565300 ) ;
#343 = DIRECTION ( 'NONE',  ( 1.000000000000000000, 0.0000000000000000000, 0.0000000000000000000 ) ) ;
#344 = CYLINDRICAL_SURFACE ( 'NONE', #1609, 8.000000000000000000 ) ;
#345 = CARTESIAN_POINT ( 'NONE',  ( 8.500000000000000000, 0.0000000000000000000, 24.57132475061125400 ) ) ;
#346 = PLANE ( 'NONE',  #1421 ) ;
#347 = ADVANCED_FACE ( 'E839', ( #2442, #1190 ), #715, .F. ) ;
#348 = CARTESIAN_POINT ( 'NONE',  ( -9.500000000000000000, 0.0000000000000000000, 15.50000000000000000 ) ) ;
#349 = CARTESIAN_POINT ( 'NONE',  ( -8.500000000000000000, 0.0000000000000000000, -24.57132475061125400 ) ) ;
#350 = CARTESIAN_POINT ( 'NONE',  ( -14.30000000000000100, 0.0000000000000000000, 13.10000000000000100 ) ) ;
#351 = ADVANCED_FACE ( 'E1409', ( #1462 ), #1070, .F. ) ;
#352 = DIRECTION ( 'NONE',  ( 0.0000000000000000000, 0.0000000000000000000, 1.000000000000000000 ) ) ;
#353 = ADVANCED_FACE ( 'E1392', ( #246, #2818 ), #827, .T. ) ;
#354 = EDGE_LOOP ( 'NONE', ( #513 ) ) ;
#355 = DIRECTION ( 'NONE',  ( 1.000000000000000000, 0.0000000000000000000, 0.0000000000000000000 ) ) ;
#356 = ORIENTED_EDGE ( 'NONE', *, *, #2246, .F. ) ;
#357 = CARTESIAN_POINT ( 'NONE',  ( 13.33397459621556000, -6.638461894323340200, -14.49815328507796200 ) ) ;
#358 = PLANE ( 'NONE',  #1202 ) ;
#359 = ORIENTED_EDGE ( 'NONE', *, *, #2171, .T. ) ;
#360 = EDGE_LOOP ( 'NONE', ( #176 ) ) ;
#361 = CARTESIAN_POINT ( 'NONE',  ( -13.70000000000000100, 0.0000000000000000000, 17.00000000000000000 ) ) ;
#362 = ORIENTED_EDGE ( 'NONE', *, *, #2303, .T. ) ;
#363 = EDGE_LOOP ( 'NONE', ( #2617, #1021, #97, #446 ) ) ;
#364 = CARTESIAN_POINT ( 'NONE',  ( 19.09999999999999800, 0.0000000000000000000, 17.00000000000000000 ) ) ;
#365 = EDGE_LOOP ( 'NONE', ( #164 ) ) ;
#366 = ADVANCED_FACE ( 'E859', ( #871, #189 ), #754, .T. ) ;
#367 = CIRCLE ( 'NONE', #1596, 23.01040764008565300 ) ;
#368 = CARTESIAN_POINT ( 'NONE',  ( 19.69999999999999900, 0.0000000000000000000, 16.40000000000000200 ) ) ;
#369 = CARTESIAN_POINT ( 'NONE',  ( 14.20000000000000100, -6.250000000000000000, -10.82531754730550100 ) ) ;
#370 = CARTESIAN_POINT ( 'NONE',  ( 19.09999999999999800, 0.0000000000000000000, 12.50000000000000000 ) ) ;
#371 = BREP_WITH_VOIDS ( 'NONE', #1200, ( #1728, #1720 ) );
#372 = CARTESIAN_POINT ( 'NONE',  ( 8.499999999999994700, 0.0000000000000000000, 23.80632475061125000 ) ) ;
#373 = EDGE_LOOP ( 'NONE', ( #127, #759, #853, #155 ) ) ;
#374 = CARTESIAN_POINT ( 'NONE',  ( 9.891233068804240200, 0.0000000000000000000, 32.02655753263234600 ) ) ;
#375 = EDGE_LOOP ( 'NONE', ( #2845 ) ) ;
#376 = CARTESIAN_POINT ( 'NONE',  ( -8.499999999999998200, 0.0000000000000000000, -17.00000000000000000 ) ) ;
#377 = ORIENTED_EDGE ( 'NONE', *, *, #2337, .F. ) ;
#378 = EDGE_LOOP ( 'NONE', ( #589 ) ) ;
#379 = CARTESIAN_POINT ( 'NONE',  ( -8.249999999999998200, 0.0000000000000000000, -17.00000000000000000 ) ) ;
#380 = DIRECTION ( 'NONE',  ( 1.000000000000000000, 0.0000000000000000000, 0.0000000000000000000 ) ) ;
#381 = PRODUCT_RELATED_PRODUCT_CATEGORY ( 'detail', '', ( #282 ) ) ;
#382 = CARTESIAN_POINT ( 'NONE',  ( -3.005203820042829900, 0.0000000000000000000, -23.01040764008565300 ) ) ;
#383 = CARTESIAN_POINT ( 'NONE',  ( -4.654465190668839900, 25.57891659864130000, -0.2344769255259465100 ) ) ;
#384 = ORIENTED_EDGE ( 'NONE', *, *, #2324, .F. ) ;
#385 = DIRECTION ( 'NONE',  ( 0.0000000000000000000, 0.0000000000000000000, -1.000000000000000000 ) ) ;
#386 = CARTESIAN_POINT ( 'NONE',  ( -3.875000000000000000, 23.01040764008565300, 0.0000000000000000000 ) ) ;
#387 = LINE ( 'NONE', #1799, #1484 ) ;
#388 = CARTESIAN_POINT ( 'NONE',  ( 8.250000000000000000, 0.0000000000000000000, 17.00000000000000000 ) ) ;
#389 = DIRECTION ( 'NONE',  ( 0.0000000000000000000, -1.000000000000000000, 0.0000000000000000000 ) ) ;
#390 = CARTESIAN_POINT ( 'NONE',  ( -3.875000000000000000, -5.955531732826719900, -22.22634701299799800 ) ) ;
#391 = CARTESIAN_POINT ( 'NONE',  ( 14.20000000000000100, 16.45875000000000200, 3.000000000000000000 ) ) ;
#392 = CARTESIAN_POINT ( 'NONE',  ( 10.70740921551689900, -8.956784413953260000, -14.44908346442675800 ) ) ;
#393 = ORIENTED_EDGE ( 'NONE', *, *, #2406, .T. ) ;
#394 = CARTESIAN_POINT ( 'NONE',  ( -4.574501519915068900, -6.937192755856199400, -24.63634089130105000 ) ) ;
#395 = LINE ( 'NONE', #207, #96 ) ;
#396 = FACE_OUTER_BOUND ( 'NONE', #221, .T. ) ;
#397 = CARTESIAN_POINT ( 'NONE',  ( -3.005203820042829900, 0.0000000000000000000, -17.00000000000000000 ) ) ;
#398 = CARTESIAN_POINT ( 'NONE',  ( 4.243966873920689900, -22.42231863265765300, 12.45906787477103900 ) ) ;
#399 = ORIENTED_EDGE ( 'NONE', *, *, #2217, .F. ) ;
#400 = DIRECTION ( 'NONE',  ( 0.0000000000000000000, 0.0000000000000000000, 1.000000000000000000 ) ) ;
#401 = ORIENTED_EDGE ( 'NONE', *, *, #1020, .F. ) ;
#402 = CARTESIAN_POINT ( 'NONE',  ( 3.929311504279605400, -13.03029685198260000, -22.15337164071034700 ) ) ;
#403 = FACE_OUTER_BOUND ( 'NONE', #1157, .T. ) ;
#404 = CARTESIAN_POINT ( 'NONE',  ( 8.250000000000000000, -23.01040764008565300, 0.0000000000000000000 ) ) ;
#405 = CARTESIAN_POINT ( 'NONE',  ( 4.724999999999999600, -19.92759756774970000, 11.50520382004282100 ) ) ;
#406 = CARTESIAN_POINT ( 'NONE',  ( 4.724999999999999600, -11.50520382004282100, -19.92759756774970000 ) ) ;
#407 = CARTESIAN_POINT ( 'NONE',  ( 3.005203820042829900, 0.0000000000000000000, 23.01040764008565300 ) ) ;
#408 = ORIENTED_EDGE ( 'NONE', *, *, #2629, .F. ) ;
#409 = CARTESIAN_POINT ( 'NONE',  ( 19.69999999999999900, 0.0000000000000000000, 13.10000000000000100 ) ) ;
#410 = EDGE_LOOP ( 'NONE', ( #442 ) ) ;
#411 = ADVANCED_FACE ( 'E1382', ( #597, #1743 ), #1207, .F. ) ;
#412 = CARTESIAN_POINT ( 'NONE',  ( -8.250000000000000000, -23.01040764008565300, -1.010300241903460100E-015 ) ) ;
#413 = CARTESIAN_POINT ( 'NONE',  ( 8.500000000000000000, 0.0000000000000000000, 17.00000000000000000 ) ) ;
#414 = EDGE_LOOP ( 'NONE', ( #74 ) ) ;
#415 = CARTESIAN_POINT ( 'NONE',  ( -8.499999999999996400, 0.0000000000000000000, -23.80632475061125000 ) ) ;
#416 = CYLINDRICAL_SURFACE ( 'NONE', #1785, 8.000000000000000000 ) ;
#417 = B_SPLINE_CURVE_WITH_KNOTS ( 'NONE', 3,
 ( #2460, #2567, #2476, #2508, #2514, #2516, #2519, #2523, #2533, #2538, #2547, #2553, #2557, #2566, #2570, #2574, #2582, #2584 ),
 .UNSPECIFIED., .T., .F.,
 ( 4, 2, 2, 2, 2, 2, 2, 2, 4 ),
 ( 0.0000000000000000000, 0.0003321556022651141800, 0.0006643112045302283700, 0.0009964668067953424400, 0.001328622409060456700, 0.001660778011325571000, 0.001992933613590684900, 0.002325089215855799200, 0.002657244818120913500 ),
 .UNSPECIFIED. ) ;
#418 = EDGE_LOOP ( 'NONE', ( #498 ) ) ;
#419 = CARTESIAN_POINT ( 'NONE',  ( -13.70000000000000100, 0.0000000000000000000, 12.50000000000000000 ) ) ;
#420 = CARTESIAN_POINT ( 'NONE',  ( 3.005203820042829900, 0.0000000000000000000, 17.00000000000000000 ) ) ;
#421 = CARTESIAN_POINT ( 'NONE',  ( -14.30000000000000100, 0.0000000000000000000, 16.40000000000000200 ) ) ;
#422 = EDGE_LOOP ( 'NONE', ( #472 ) ) ;
#423 = CARTESIAN_POINT ( 'NONE',  ( -3.063744340591067200, -28.93352918543556400, -15.50000000000000000 ) ) ;
#424 = CARTESIAN_POINT ( 'NONE',  ( 14.20000000000000100, 12.13466109951160000, 3.000000000000000000 ) ) ;
#425 = VERTEX_POINT ( 'NONE', #780 ) ;
#426 = CARTESIAN_POINT ( 'NONE',  ( 11.57822100320230000, 16.86112582874429900, -2.168510107678489600 ) ) ;
#427 = ORIENTED_EDGE ( 'NONE', *, *, #1988, .T. ) ;
#428 = DIRECTION ( 'NONE',  ( 0.0000000000000000000, 0.0000000000000000000, 1.000000000000000000 ) ) ;
#429 = EDGE_LOOP ( 'NONE', ( #1792 ) ) ;
#430 = CC_DESIGN_SECURITY_CLASSIFICATION ( #465, ( #536 ) ) ;
#431 = ORIENTED_EDGE ( 'NONE', *, *, #2365, .T. ) ;
#432 = CARTESIAN_POINT ( 'NONE',  ( 0.0000000000000000000, 0.0000000000000000000, 0.0000000000000000000 ) ) ;
#433 = B_SPLINE_CURVE_WITH_KNOTS ( 'NONE', 3,
 ( #1342, #1337, #1436, #1437, #1438, #1439, #1441, #1443, #1446, #1447, #1448, #1452, #1454, #1460, #1465, #1483, #1486, #1490 ),
 .UNSPECIFIED., .T., .F.,
 ( 4, 2, 2, 2, 2, 2, 2, 2, 4 ),
 ( 0.0000000000000000000, 0.0003321556022651126700, 0.0006643112045302253300, 0.0009964668067953381100, 0.001328622409060450700, 0.001660778011325563200, 0.001992933613590676200, 0.002325089215855788800, 0.002657244818120901300 ),
 .UNSPECIFIED. ) ;
#434 = CIRCLE ( 'NONE', #1602, 13.10000000000000100 ) ;
#435 = CARTESIAN_POINT ( 'NONE',  ( 15.06602540378445100, 15.87500000000000000, -1.500000000000000000 ) ) ;
#436 = CIRCLE ( 'NONE', #1572, 23.01040764008565300 ) ;
#437 = CC_DESIGN_APPROVAL ( #821, ( #465 ) ) ;
#438 = DIRECTION ( 'NONE',  ( 0.0000000000000000000, 0.8660254037844387100, -0.4999999999999998900 ) ) ;
#439 = DIRECTION ( 'NONE',  ( -1.000000000000000000, 0.0000000000000000000, 0.0000000000000000000 ) ) ;
#440 = ADVANCED_FACE ( 'E1308', ( #111, #1820 ), #2808, .F. ) ;
#441 = DIRECTION ( 'NONE',  ( 0.0000000000000000000, -0.4999999999999998900, -0.8660254037844387100 ) ) ;
#442 = ORIENTED_EDGE ( 'NONE', *, *, #1755, .T. ) ;
#443 = CC_DESIGN_PERSON_AND_ORGANIZATION_ASSIGNMENT ( #1345, #115, ( #465 ) ) ;
#444 = EDGE_LOOP ( 'NONE', ( #2479 ) ) ;
#445 = DIRECTION ( 'NONE',  ( 0.0000000000000000000, -1.000000000000000000, 0.0000000000000000000 ) ) ;
#446 = ORIENTED_EDGE ( 'NONE', *, *, #2528, .T. ) ;
#447 = CARTESIAN_POINT ( 'NONE',  ( 15.06602540378445100, 17.00000000000000000, -1.500000000000000000 ) ) ;
#448 = CIRCLE ( 'NONE', #1450, 12.50000000000000000 ) ;
#449 = CARTESIAN_POINT ( 'NONE',  ( 14.20000000000000100, -3.469254338402480100, -12.00892477849186000 ) ) ;
#450 = ORIENTED_EDGE ( 'NONE', *, *, #2011, .F. ) ;
#451 = CARTESIAN_POINT ( 'NONE',  ( 15.93205080756890100, -7.937500000000000000, -13.74815328507796000 ) ) ;
#452 = DIRECTION ( 'NONE',  ( -1.000000000000000000, 0.0000000000000000000, -3.204937810639275000E-016 ) ) ;
#453 = FACE_OUTER_BOUND ( 'NONE', #133, .T. ) ;
#454 = CARTESIAN_POINT ( 'NONE',  ( 19.69999999999999900, 0.0000000000000000000, 0.0000000000000000000 ) ) ;
#455 = VERTEX_POINT ( 'NONE', #741 ) ;
#456 = DIRECTION ( 'NONE',  ( 0.0000000000000000000, 0.0000000000000000000, -1.000000000000000000 ) ) ;
#457 = DIRECTION ( 'NONE',  ( -1.000000000000000000, 0.0000000000000000000, 0.0000000000000000000 ) ) ;
#458 = VECTOR ( 'NONE', #892, 1000.000000000000000 ) ;
#459 = DIRECTION ( 'NONE',  ( 1.000000000000000000, 0.0000000000000000000, 0.0000000000000000000 ) ) ;
#460 = EDGE_LOOP ( 'NONE', ( #2744 ) ) ;
#461 = PLANE ( 'NONE',  #771 ) ;
#462 = DIRECTION ( 'NONE',  ( 0.0000000000000000000, -1.000000000000000000, 0.0000000000000000000 ) ) ;
#463 = CARTESIAN_POINT ( 'NONE',  ( -3.348747388331985600, 28.95179304623574600, 15.50000000000000700 ) ) ;
#464 = CARTESIAN_POINT ( 'NONE',  ( 15.93205080756890100, 17.00000000000000000, 1.060540212046012100E-016 ) ) ;
#465 = SECURITY_CLASSIFICATION ( '', '', #139 ) ;
#466 = DIRECTION ( 'NONE',  ( -1.000000000000000000, 0.0000000000000000000, 0.0000000000000000000 ) ) ;
#467 = EDGE_LOOP ( 'NONE', ( #765 ) ) ;
#468 = CARTESIAN_POINT ( 'NONE',  ( -4.299999999999999800, -49.50000000000000000, 15.50000000000000000 ) ) ;
#469 = FACE_OUTER_BOUND ( 'NONE', #1146, .T. ) ;
#470 = CARTESIAN_POINT ( 'NONE',  ( -4.299999999999999800, 63.46228429725189800, 0.0000000000000000000 ) ) ;
#471 = ADVANCED_FACE ( 'E1335', ( #2631, #1453 ), #666, .T. ) ;
#472 = ORIENTED_EDGE ( 'NONE', *, *, #1061, .T. ) ;
#473 = CARTESIAN_POINT ( 'NONE',  ( 12.46794919243112100, 15.87500000000000000, -5.551115123125779700E-016 ) ) ;
#474 = ORIENTED_EDGE ( 'NONE', *, *, #2763, .F. ) ;
#475 = ORIENTED_EDGE ( 'NONE', *, *, #1061, .F. ) ;
#476 = DIRECTION ( 'NONE',  ( 0.0000000000000000000, 0.0000000000000000000, 1.000000000000000000 ) ) ;
#477 = DIRECTION ( 'NONE',  ( 0.0000000000000000000, 0.0000000000000000000, 1.000000000000000000 ) ) ;
#478 = ORIENTED_EDGE ( 'NONE', *, *, #2193, .T. ) ;
#479 = CARTESIAN_POINT ( 'NONE',  ( -4.299999999999999800, 63.46228429725189800, 0.0000000000000000000 ) ) ;
#480 = ORIENTED_EDGE ( 'NONE', *, *, #2064, .T. ) ;
#481 = CARTESIAN_POINT ( 'NONE',  ( 6.036819172471050300, 23.28094967261119700, 23.36987911821540100 ) ) ;
#482 = PLANE ( 'NONE',  #1927 ) ;
#483 = DIRECTION ( 'NONE',  ( -1.000000000000000000, 0.0000000000000000000, 0.0000000000000000000 ) ) ;
#484 = CARTESIAN_POINT ( 'NONE',  ( 19.09999999999999800, 0.0000000000000000000, 0.0000000000000000000 ) ) ;
#485 = CARTESIAN_POINT ( 'NONE',  ( -14.30000000000000100, 0.0000000000000000000, 0.0000000000000000000 ) ) ;
#486 = DIRECTION ( 'NONE',  ( -1.000000000000000000, 0.0000000000000000000, 0.0000000000000000000 ) ) ;
#487 = VERTEX_POINT ( 'NONE', #803 ) ;
#488 = DIRECTION ( 'NONE',  ( 0.0000000000000000000, 0.0000000000000000000, 1.000000000000000000 ) ) ;
#489 = DIRECTION ( 'NONE',  ( 1.000000000000000000, 0.0000000000000000000, 0.0000000000000000000 ) ) ;
#490 = EDGE_LOOP ( 'NONE', ( #256 ) ) ;
#491 = CARTESIAN_POINT ( 'NONE',  ( -14.30000000000000100, 0.0000000000000000000, 0.0000000000000000000 ) ) ;
#492 = CARTESIAN_POINT ( 'NONE',  ( 15.93205080756890100, -7.937500000000000000, -13.74815328507796000 ) ) ;
#493 = CC_DESIGN_PERSON_AND_ORGANIZATION_ASSIGNMENT ( #1349, #229, ( #536 ) ) ;
#494 = CARTESIAN_POINT ( 'NONE',  ( 19.09999999999999800, 0.0000000000000000000, 0.0000000000000000000 ) ) ;
#495 = ORIENTED_EDGE ( 'NONE', *, *, #2279, .T. ) ;
#496 = DIRECTION ( 'NONE',  ( 0.0000000000000000000, 0.0000000000000000000, -1.000000000000000000 ) ) ;
#497 = PLANE ( 'NONE',  #751 ) ;
#498 = ORIENTED_EDGE ( 'NONE', *, *, #2102, .T. ) ;
#499 = CARTESIAN_POINT ( 'NONE',  ( 15.06602540378445100, 17.00000000000000000, 1.500000000000000000 ) ) ;
#500 = CARTESIAN_POINT ( 'NONE',  ( -4.299999999999999800, -30.26136150274804800, -15.50000000000000000 ) ) ;
#501 = CARTESIAN_POINT ( 'NONE',  ( 15.93205080756890100, 17.00000000000000000, 1.060540212046012100E-016 ) ) ;
#502 = LINE ( 'NONE', #205, #2376 ) ;
#503 = ORIENTED_EDGE ( 'NONE', *, *, #2371, .F. ) ;
#504 = DIRECTION ( 'NONE',  ( 0.0000000000000000000, -1.000000000000000000, 0.0000000000000000000 ) ) ;
#505 = CARTESIAN_POINT ( 'NONE',  ( -16.00000000000000000, 55.29292929292930100, -14.37678580932198000 ) ) ;
#506 = CC_DESIGN_PERSON_AND_ORGANIZATION_ASSIGNMENT ( #1361, #233, ( #536 ) ) ;
#507 = DIRECTION ( 'NONE',  ( -1.000000000000000000, 0.0000000000000000000, 0.0000000000000000000 ) ) ;
#508 = CARTESIAN_POINT ( 'NONE',  ( -4.299999999999999800, 0.0000000000000000000, 0.0000000000000000000 ) ) ;
#509 = CARTESIAN_POINT ( 'NONE',  ( -4.299999999999999800, 55.29292929292930100, -14.37678580932198000 ) ) ;
#510 = CARTESIAN_POINT ( 'NONE',  ( 8.500000000000000000, 0.0000000000000000000, -104.0000000000000000 ) ) ;
#511 = EDGE_LOOP ( 'NONE', ( #249, #699, #1300, #1736 ) ) ;
#512 = CC_DESIGN_APPROVAL ( #530, ( #536 ) ) ;
#513 = ORIENTED_EDGE ( 'NONE', *, *, #1961, .F. ) ;
#514 = DIRECTION ( 'NONE',  ( 0.0000000000000000000, 0.0000000000000000000, 1.000000000000000000 ) ) ;
#515 = ORIENTED_EDGE ( 'NONE', *, *, #2239, .T. ) ;
#516 = CARTESIAN_POINT ( 'NONE',  ( -3.191233068804240100, -28.94242879798120100, -15.50000000000000000 ) ) ;
#517 = CARTESIAN_POINT ( 'NONE',  ( -4.299999999999999800, -49.50000000000000000, 0.0000000000000000000 ) ) ;
#518 = DIRECTION ( 'NONE',  ( 0.5000000000000003300, 0.0000000000000000000, -0.8660254037844383700 ) ) ;
#519 = FACE_OUTER_BOUND ( 'NONE', #1992, .T. ) ;
#520 = CARTESIAN_POINT ( 'NONE',  ( -16.00000000000000000, -12.70707070707070100, -31.53617532367404400 ) ) ;
#521 = DIRECTION ( 'NONE',  ( 1.000000000000000000, 0.0000000000000000000, 0.0000000000000000000 ) ) ;
#522 = VERTEX_POINT ( 'NONE', #797 ) ;
#523 = DIRECTION ( 'NONE',  ( -6.123031769111888800E-017, 1.000000000000000000, 0.0000000000000000000 ) ) ;
#524 = ADVANCED_FACE ( 'E912', ( #778 ), #824, .T. ) ;
#525 = DIRECTION ( 'NONE',  ( 0.0000000000000000000, 0.0000000000000000000, -1.000000000000000000 ) ) ;
#526 = PLANE ( 'NONE',  #1917 ) ;
#527 = CARTESIAN_POINT ( 'NONE',  ( 15.06602540378445100, 15.87500000000000000, 1.500000000000000000 ) ) ;
#528 = CARTESIAN_POINT ( 'NONE',  ( -3.127488696866364200, -28.93797910551945700, 15.50000000000000000 ) ) ;
#529 = ORIENTED_EDGE ( 'NONE', *, *, #2002, .F. ) ;
#530 = APPROVAL ( #238, 'UNSPECIFIED' ) ;
#531 = CARTESIAN_POINT ( 'NONE',  ( -4.299999999999999800, 63.46228429725189800, 15.50000000000000000 ) ) ;
#532 = CONICAL_SURFACE ( 'NONE', #1896, 3.000000000000000400, 0.7853981633974490600 ) ;
#533 = EDGE_LOOP ( 'NONE', ( #274 ) ) ;
#534 = CARTESIAN_POINT ( 'NONE',  ( -3.191233068804240100, 0.0000000000000000000, 0.0000000000000000000 ) ) ;
#535 = ORIENTED_EDGE ( 'NONE', *, *, #948, .T. ) ;
#536 = PRODUCT_DEFINITION_FORMATION_WITH_SPECIFIED_SOURCE ( 'ANY', '', #282, .NOT_KNOWN. ) ;
#537 = DIRECTION ( 'NONE',  ( 1.000000000000000000, 0.0000000000000000000, 0.0000000000000000000 ) ) ;
#538 = CARTESIAN_POINT ( 'NONE',  ( 14.20000000000000100, 18.00000000000000000, 0.0000000000000000000 ) ) ;
#539 = DIRECTION ( 'NONE',  ( -1.000000000000000000, 0.0000000000000000000, 0.0000000000000000000 ) ) ;
#540 = DIRECTION ( 'NONE',  ( 0.0000000000000000000, 0.0000000000000000000, -1.000000000000000000 ) ) ;
#541 = DIRECTION ( 'NONE',  ( -1.000000000000000000, 0.0000000000000000000, -3.204937810639275000E-016 ) ) ;
#542 = ADVANCED_FACE ( 'E1323', ( #834, #888 ), #46, .T. ) ;
#543 = PLANE ( 'NONE',  #1894 ) ;
#544 = DIRECTION ( 'NONE',  ( 0.0000000000000000000, 0.0000000000000000000, 1.000000000000000000 ) ) ;
#545 = EDGE_LOOP ( 'NONE', ( #114, #1750, #1244, #1654, #2748 ) ) ;
#546 = CARTESIAN_POINT ( 'NONE',  ( 11.00000000000000000, 55.29292929292930100, 14.37678580932198000 ) ) ;
#547 = DIRECTION ( 'NONE',  ( 0.0000000000000000000, 0.0000000000000000000, 1.000000000000000000 ) ) ;
#548 = CARTESIAN_POINT ( 'NONE',  ( -3.000000000000000000, -28.92907903741469900, -15.50000000000000000 ) ) ;
#549 = VERTEX_POINT ( 'NONE', #843 ) ;
#550 = DIRECTION ( 'NONE',  ( 0.0000000000000000000, -1.000000000000000000, 0.0000000000000000000 ) ) ;
#551 = CARTESIAN_POINT ( 'NONE',  ( 9.830000000000000100, 0.0000000000000000000, 0.0000000000000000000 ) ) ;
#552 = PERSON ( 'UNSPECIFIED', 'UNSPECIFIED', 'UNSPECIFIED', ('UNSPECIFIED'), ('UNSPECIFIED'), ('UNSPECIFIED') ) ;
#553 = ORIENTED_EDGE ( 'NONE', *, *, #2749, .T. ) ;
#554 = CARTESIAN_POINT ( 'NONE',  ( -3.127488696866367800, -28.93797910551945700, -15.50000000000000000 ) ) ;
#555 = VERTEX_POINT ( 'NONE', #846 ) ;
#556 = CARTESIAN_POINT ( 'NONE',  ( -3.191233068804240100, -28.94242879798120100, -15.50000000000000000 ) ) ;
#557 = ORIENTED_EDGE ( 'NONE', *, *, #2058, .F. ) ;
#558 = CARTESIAN_POINT ( 'NONE',  ( -3.191233068804240100, -28.94242879798120100, 15.50000000000000000 ) ) ;
#559 = DIRECTION ( 'NONE',  ( -0.8660254037844387100, 0.0000000000000000000, 0.4999999999999998900 ) ) ;
#560 = ORIENTED_EDGE ( 'NONE', *, *, #2036, .T. ) ;
#561 = CARTESIAN_POINT ( 'NONE',  ( -4.299999999999999800, -12.70707070707070100, 31.53617532367404400 ) ) ;
#562 = DIRECTION ( 'NONE',  ( 0.4999999999999998900, 0.0000000000000000000, 0.8660254037844387100 ) ) ;
#563 = EDGE_LOOP ( 'NONE', ( #2640 ) ) ;
#564 = DIRECTION ( 'NONE',  ( -1.000000000000000000, 0.0000000000000000000, 0.0000000000000000000 ) ) ;
#565 = EDGE_LOOP ( 'NONE', ( #1214, #798, #262, #2520, #255, #1778, #2558, #427 ) ) ;
#566 = CARTESIAN_POINT ( 'NONE',  ( -3.000000000000000000, 49.50000000000000000, -15.50000000000000000 ) ) ;
#567 = EDGE_LOOP ( 'NONE', ( #317, #1367, #893, #2510, #838, #237, #2542, #2221 ) ) ;
#568 = CARTESIAN_POINT ( 'NONE',  ( -13.70000000000000100, 0.0000000000000000000, 0.0000000000000000000 ) ) ;
#569 = DIRECTION ( 'NONE',  ( -0.4999999999999998900, 0.0000000000000000000, 0.8660254037844387100 ) ) ;
#570 = DIRECTION ( 'NONE',  ( -1.000000000000000000, 0.0000000000000000000, 0.0000000000000000000 ) ) ;
#571 = CARTESIAN_POINT ( 'NONE',  ( 15.93205080756890100, 17.00000000000000000, 1.060540212046012100E-016 ) ) ;
#572 = DIRECTION ( 'NONE',  ( 0.0000000000000000000, 0.0000000000000000000, 1.000000000000000000 ) ) ;
#573 = CARTESIAN_POINT ( 'NONE',  ( -3.191233068804240100, 0.0000000000000000000, 0.0000000000000000000 ) ) ;
#574 = VERTEX_POINT ( 'NONE', #812 ) ;
#575 = CARTESIAN_POINT ( 'NONE',  ( 15.06602540378445100, 17.00000000000000000, -1.500000000000000000 ) ) ;
#576 = LINE ( 'NONE', #1990, #2029 ) ;
#577 = DIRECTION ( 'NONE',  ( 0.0000000000000000000, 0.0000000000000000000, 1.000000000000000000 ) ) ;
#578 = ADVANCED_FACE ( 'E318', ( #618 ), #836, .F. ) ;
#579 = ORIENTED_EDGE ( 'NONE', *, *, #2312, .F. ) ;
#580 = CARTESIAN_POINT ( 'NONE',  ( -52.00000000000000000, 0.0000000000000000000, 0.0000000000000000000 ) ) ;
#581 = ORIENTED_EDGE ( 'NONE', *, *, #2689, .F. ) ;
#582 = DIRECTION ( 'NONE',  ( 0.4999999999999998900, 0.0000000000000000000, 0.8660254037844387100 ) ) ;
#583 = CC_DESIGN_DATE_AND_TIME_ASSIGNMENT ( #1387, #242, ( #645 ) ) ;
#584 = CARTESIAN_POINT ( 'NONE',  ( -4.299999999999999800, 30.26136150274804800, 15.50000000000000000 ) ) ;
#585 = DIRECTION ( 'NONE',  ( 1.000000000000000000, 0.0000000000000000000, 6.409875621278550000E-016 ) ) ;
#586 = CARTESIAN_POINT ( 'NONE',  ( -3.063744340591066700, -28.93352918543556700, 15.50000000000000000 ) ) ;
#587 = CARTESIAN_POINT ( 'NONE',  ( 13.33397459621556000, 17.00000000000000000, -1.500000000000000000 ) ) ;
#588 = ORIENTED_EDGE ( 'NONE', *, *, #2186, .T. ) ;
#589 = ORIENTED_EDGE ( 'NONE', *, *, #2093, .F. ) ;
#590 = CARTESIAN_POINT ( 'NONE',  ( 12.46794919243112100, 17.00000000000000000, -3.181620636138040000E-016 ) ) ;
#591 = DIRECTION ( 'NONE',  ( 1.000000000000000000, 0.0000000000000000000, 0.0000000000000000000 ) ) ;
#592 = CARTESIAN_POINT ( 'NONE',  ( -3.000000000000000000, -28.92907903741469900, 15.50000000000000000 ) ) ;
#593 = EDGE_LOOP ( 'NONE', ( #984 ) ) ;
#594 = PLANE ( 'NONE',  #1238 ) ;
#595 = EDGE_LOOP ( 'NONE', ( #20 ) ) ;
#596 = CARTESIAN_POINT ( 'NONE',  ( 13.33397459621556000, 17.00000000000000000, -1.500000000000000000 ) ) ;
#597 = FACE_OUTER_BOUND ( 'NONE', #2169, .T. ) ;
#598 = DIRECTION ( 'NONE',  ( -1.000000000000000000, 0.0000000000000000000, 0.0000000000000000000 ) ) ;
#599 = CARTESIAN_POINT ( 'NONE',  ( 13.33397459621556000, -9.236538105676661600, -12.99815328507796200 ) ) ;
#600 = DIRECTION ( 'NONE',  ( 0.0000000000000000000, -0.8660254037844387100, 0.4999999999999997800 ) ) ;
#601 = ORIENTED_EDGE ( 'NONE', *, *, #2348, .T. ) ;
#602 = CARTESIAN_POINT ( 'NONE',  ( 15.06602540378445100, 17.00000000000000000, 1.500000000000000000 ) ) ;
#603 = CARTESIAN_POINT ( 'NONE',  ( 14.20000000000000100, -8.229375000000001000, -14.25369561453712000 ) ) ;
#604 = DIRECTION ( 'NONE',  ( -0.4999999999999998900, 0.0000000000000000000, -0.8660254037844387100 ) ) ;
#605 = EDGE_LOOP ( 'NONE', ( #2343 ) ) ;
#606 = B_SPLINE_CURVE_WITH_KNOTS ( 'NONE', 3,
 ( #1830, #1821, #1854, #1858, #1862, #1866, #1871, #1877, #1882, #1897, #1915, #1922, #1923, #1928, #1934, #1941, #1949, #1954 ),
 .UNSPECIFIED., .T., .F.,
 ( 4, 2, 2, 2, 2, 2, 2, 2, 4 ),
 ( 0.0000000000000000000, 0.0003345036526043667500, 0.0006690073052087335000, 0.001003510957813100300, 0.001338014610417467000, 0.001672518263021833700, 0.002007021915626200600, 0.002341525568230567300, 0.002676029220834934000 ),
 .UNSPECIFIED. ) ;
#607 = CC_DESIGN_PERSON_AND_ORGANIZATION_ASSIGNMENT ( #1407, #247, ( #645 ) ) ;
#608 = CARTESIAN_POINT ( 'NONE',  ( 13.33397459621556000, 17.00000000000000000, 1.500000000000000000 ) ) ;
#609 = DIRECTION ( 'NONE',  ( 0.0000000000000000000, 0.4999999999999998900, 0.8660254037844387100 ) ) ;
#610 = EDGE_LOOP ( 'NONE', ( #1816 ) ) ;
#611 = CC_DESIGN_APPROVAL ( #638, ( #645 ) ) ;
#612 = VERTEX_POINT ( 'NONE', #861 ) ;
#613 = DIRECTION ( 'NONE',  ( 0.0000000000000000000, 0.0000000000000000000, -1.000000000000000000 ) ) ;
#614 = CARTESIAN_POINT ( 'NONE',  ( -3.191233068804240100, -28.94242879798120100, 15.50000000000000000 ) ) ;
#615 = DIRECTION ( 'NONE',  ( 0.0000000000000000000, -1.000000000000000000, 0.0000000000000000000 ) ) ;
#616 = CARTESIAN_POINT ( 'NONE',  ( -3.000000000000000000, -28.92907903741469900, 15.50000000000000000 ) ) ;
#617 = CARTESIAN_POINT ( 'NONE',  ( -3.000000000000000000, 28.92907903741469900, 15.50000000000000000 ) ) ;
#618 = FACE_OUTER_BOUND ( 'NONE', #806, .T. ) ;
#619 = PLANE ( 'NONE',  #1859 ) ;
#620 = CARTESIAN_POINT ( 'NONE',  ( 14.20000000000000100, 17.00000000000000000, 0.0000000000000000000 ) ) ;
#621 = EDGE_LOOP ( 'NONE', ( #1803 ) ) ;
#622 = DIRECTION ( 'NONE',  ( -1.000000000000000000, 0.0000000000000000000, 0.0000000000000000000 ) ) ;
#623 = EDGE_LOOP ( 'NONE', ( #1277, #1171, #279, #1283 ) ) ;
#624 = CARTESIAN_POINT ( 'NONE',  ( 11.00000000000000000, -55.29292929292930100, 14.37678580932196000 ) ) ;
#625 = DIRECTION ( 'NONE',  ( -5.679323628915830700E-017, -0.3737373737373739800, 0.9275345683433531300 ) ) ;
#626 = ORIENTED_EDGE ( 'NONE', *, *, #2103, .F. ) ;
#627 = CARTESIAN_POINT ( 'NONE',  ( 15.93205080756890100, 17.00000000000000000, 1.060540212046012100E-016 ) ) ;
#628 = DIRECTION ( 'NONE',  ( 2.288405812698380100E-017, -0.9275345683433531300, -0.3737373737373739800 ) ) ;
#629 = DIRECTION ( 'NONE',  ( 0.0000000000000000000, 0.9275345683433531300, -0.3737373737373739800 ) ) ;
#630 = CARTESIAN_POINT ( 'NONE',  ( -3.127488696866367800, 28.93797910551945700, 15.50000000000000000 ) ) ;
#631 = VERTEX_POINT ( 'NONE', #862 ) ;
#632 = DIRECTION ( 'NONE',  ( 0.0000000000000000000, 0.0000000000000000000, 1.000000000000000000 ) ) ;
#633 = DIRECTION ( 'NONE',  ( -0.0000000000000000000, -1.000000000000000000, -0.0000000000000000000 ) ) ;
#634 = DIRECTION ( 'NONE',  ( 1.000000000000000000, 0.0000000000000000000, 0.0000000000000000000 ) ) ;
#635 = DIRECTION ( 'NONE',  ( 6.409875621278550000E-016, 0.0000000000000000000, -1.000000000000000000 ) ) ;
#636 = CARTESIAN_POINT ( 'NONE',  ( -4.299999999999999800, -55.29292929292930100, -14.37678580932198000 ) ) ;
#637 = ORIENTED_EDGE ( 'NONE', *, *, #2018, .T. ) ;
#638 = APPROVAL ( #254, 'UNSPECIFIED' ) ;
#639 = CARTESIAN_POINT ( 'NONE',  ( 8.250000000000000000, 0.0000000000000000000, 0.0000000000000000000 ) ) ;
#640 = CARTESIAN_POINT ( 'NONE',  ( 14.20000000000000100, 13.04125000000000200, 0.0000000000000000000 ) ) ;
#641 = TOROIDAL_SURFACE ( 'NONE', #1513, 20.00520382004285100, 4.250000000000000000 ) ;
#642 = DIRECTION ( 'NONE',  ( 0.5000000000000003300, 0.0000000000000000000, -0.8660254037844383700 ) ) ;
#643 = PLANE ( 'NONE',  #1834 ) ;
#644 = CONICAL_SURFACE ( 'NONE', #1459, 2.458750000000000200, 0.7853981633974490600 ) ;
#645 = PRODUCT_DEFINITION ( 'UNKNOWN', '', #536, #326 ) ;
#646 = EDGE_LOOP ( 'NONE', ( #750 ) ) ;
#647 = CARTESIAN_POINT ( 'NONE',  ( -16.00000000000000000, 12.70707070707070100, 31.53617532367399800 ) ) ;
#648 = DIRECTION ( 'NONE',  ( 0.0000000000000000000, 0.0000000000000000000, 1.000000000000000000 ) ) ;
#649 = DIRECTION ( 'NONE',  ( 0.8660254037844387100, 0.0000000000000000000, 0.4999999999999998900 ) ) ;
#650 = CARTESIAN_POINT ( 'NONE',  ( 13.33397459621556000, 17.00000000000000000, 1.500000000000000000 ) ) ;
#651 = CARTESIAN_POINT ( 'NONE',  ( -14.30000000000000100, 0.0000000000000000000, 0.0000000000000000000 ) ) ;
#652 = ORIENTED_EDGE ( 'NONE', *, *, #2507, .T. ) ;
#653 = DIRECTION ( 'NONE',  ( -1.000000000000000000, 0.0000000000000000000, 0.0000000000000000000 ) ) ;
#654 = DIRECTION ( 'NONE',  ( 0.0000000000000000000, 0.0000000000000000000, 1.000000000000000000 ) ) ;
#655 = DIRECTION ( 'NONE',  ( -1.000000000000000000, 0.0000000000000000000, 0.0000000000000000000 ) ) ;
#656 = PLANE ( 'NONE',  #1823 ) ;
#657 = ORIENTED_EDGE ( 'NONE', *, *, #1793, .F. ) ;
#658 = ORIENTED_EDGE ( 'NONE', *, *, #2036, .F. ) ;
#659 = CC_DESIGN_PERSON_AND_ORGANIZATION_ASSIGNMENT ( #1431, #261, ( #282 ) ) ;
#660 = CARTESIAN_POINT ( 'NONE',  ( 16.89574594591469000, -7.367894221664895000, -10.09938455547125400 ) ) ;
#661 = DIRECTION ( 'NONE',  ( 0.0000000000000000000, 0.0000000000000000000, -1.000000000000000000 ) ) ;
#662 = ORIENTED_EDGE ( 'NONE', *, *, #2179, .T. ) ;
#663 = CARTESIAN_POINT ( 'NONE',  ( -16.00000000000000000, -55.29292929292930100, -14.37678580932198000 ) ) ;
#664 = DIRECTION ( 'NONE',  ( -1.000000000000000000, 0.0000000000000000000, 0.0000000000000000000 ) ) ;
#665 = DIRECTION ( 'NONE',  ( -1.000000000000000000, 0.0000000000000000000, -6.409875621278550000E-016 ) ) ;
#666 = TOROIDAL_SURFACE ( 'NONE', #1703, 13.10000000000000100, 0.5999999999999999800 ) ;
#667 = PLANE ( 'NONE',  #1811 ) ;
#668 = CARTESIAN_POINT ( 'NONE',  ( -4.299999999999999800, -55.29292929292930100, 14.37678580932196000 ) ) ;
#669 = EDGE_LOOP ( 'NONE', ( #581 ) ) ;
#670 = CARTESIAN_POINT ( 'NONE',  ( 12.46794919243112100, -8.500000000000000000, -14.72243186433546000 ) ) ;
#671 = PLANE ( 'NONE',  #866 ) ;
#672 = ORIENTED_EDGE ( 'NONE', *, *, #2246, .T. ) ;
#673 = DIRECTION ( 'NONE',  ( 0.4999999999999998900, 0.0000000000000000000, -0.8660254037844387100 ) ) ;
#674 = EDGE_LOOP ( 'NONE', ( #735 ) ) ;
#675 = DIRECTION ( 'NONE',  ( 0.0000000000000000000, -1.000000000000000000, 0.0000000000000000000 ) ) ;
#676 = ORIENTED_EDGE ( 'NONE', *, *, #1286, .F. ) ;
#677 = CARTESIAN_POINT ( 'NONE',  ( -4.299999999999999800, 30.26136150274804800, -15.50000000000000000 ) ) ;
#678 = AXIS2_PLACEMENT_3D ( 'NONE', #432, #284, #267 ) ;
#679 = DIRECTION ( 'NONE',  ( -1.119176436114069100E-016, 0.0000000000000000000, 1.000000000000000000 ) ) ;
#680 = DIRECTION ( 'NONE',  ( 1.000000000000000000, 0.0000000000000000000, 0.0000000000000000000 ) ) ;
#681 = DIRECTION ( 'NONE',  ( 0.0000000000000000000, 0.0000000000000000000, 1.000000000000000000 ) ) ;
#682 = ORIENTED_EDGE ( 'NONE', *, *, #2195, .F. ) ;
#683 = DIRECTION ( 'NONE',  ( 0.0000000000000000000, 0.0000000000000000000, -1.000000000000000000 ) ) ;
#684 = DIRECTION ( 'NONE',  ( 1.000000000000000000, 0.0000000000000000000, 0.0000000000000000000 ) ) ;
#685 = DIRECTION ( 'NONE',  ( 0.0000000000000000000, -1.000000000000000000, 0.0000000000000000000 ) ) ;
#686 = CARTESIAN_POINT ( 'NONE',  ( 14.20000000000000100, 12.50000000000000000, 0.0000000000000000000 ) ) ;
#687 = CARTESIAN_POINT ( 'NONE',  ( -17.00000000000000000, 49.50000000000000000, 0.0000000000000000000 ) ) ;
#688 = DIRECTION ( 'NONE',  ( 1.000000000000000000, 0.0000000000000000000, 0.0000000000000000000 ) ) ;
#689 = ORIENTED_EDGE ( 'NONE', *, *, #2180, .T. ) ;
#690 = ORIENTED_EDGE ( 'NONE', *, *, #2817, .F. ) ;
#691 = CARTESIAN_POINT ( 'NONE',  ( -16.00000000000000000, -55.29292929292930100, 14.37678580932196000 ) ) ;
#692 = ORIENTED_EDGE ( 'NONE', *, *, #2419, .T. ) ;
#693 = CARTESIAN_POINT ( 'NONE',  ( 0.0000000000000000000, 0.0000000000000000000, 0.0000000000000000000 ) ) ;
#694 = DIRECTION ( 'NONE',  ( -1.000000000000000000, 0.0000000000000000000, -6.123031769111888800E-017 ) ) ;
#695 = CARTESIAN_POINT ( 'NONE',  ( 12.46794919243112100, 17.00000000000000000, -5.551115123125779700E-016 ) ) ;
#696 = ORIENTED_EDGE ( 'NONE', *, *, #1137, .F. ) ;
#697 = CARTESIAN_POINT ( 'NONE',  ( 14.20000000000000100, 12.50000000000000000, 0.0000000000000000000 ) ) ;
#698 = DIRECTION ( 'NONE',  ( 0.0000000000000000000, 1.000000000000000000, 0.0000000000000000000 ) ) ;
#699 = ORIENTED_EDGE ( 'NONE', *, *, #787, .F. ) ;
#700 = CARTESIAN_POINT ( 'NONE',  ( 4.299999999999999800, 0.0000000000000000000, 0.0000000000000000000 ) ) ;
#701 = FACE_OUTER_BOUND ( 'NONE', #610, .T. ) ;
#702 = CARTESIAN_POINT ( 'NONE',  ( -9.500000000000000000, 0.0000000000000000000, -15.50000000000000000 ) ) ;
#703 = DIRECTION ( 'NONE',  ( 0.0000000000000000000, -0.8660254037844387100, 0.4999999999999998900 ) ) ;
#704 = ORIENTED_EDGE ( 'NONE', *, *, #2364, .F. ) ;
#705 = ORIENTED_EDGE ( 'NONE', *, *, #2074, .F. ) ;
#706 = DIRECTION ( 'NONE',  ( 0.0000000000000000000, 1.000000000000000000, 0.0000000000000000000 ) ) ;
#707 = DIRECTION ( 'NONE',  ( 1.000000000000000000, 0.0000000000000000000, 0.0000000000000000000 ) ) ;
#708 = CARTESIAN_POINT ( 'NONE',  ( -9.500000000000000000, 0.0000000000000000000, 0.0000000000000000000 ) ) ;
#709 = VERTEX_POINT ( 'NONE', #848 ) ;
#710 = DIRECTION ( 'NONE',  ( 1.000000000000000000, 5.551115123125780700E-016, -3.204937810639275000E-016 ) ) ;
#711 = DIRECTION ( 'NONE',  ( 0.0000000000000000000, 0.0000000000000000000, 1.000000000000000000 ) ) ;
#712 = ORIENTED_EDGE ( 'NONE', *, *, #2568, .T. ) ;
#713 = CARTESIAN_POINT ( 'NONE',  ( -3.504187341420625900, -28.99833438731580100, 15.50000000000000200 ) ) ;
#714 = EDGE_LOOP ( 'NONE', ( #1643 ) ) ;
#715 = PLANE ( 'NONE',  #1744 ) ;
#716 = DIRECTION ( 'NONE',  ( 0.0000000000000000000, 0.0000000000000000000, -1.000000000000000000 ) ) ;
#717 = DIRECTION ( 'NONE',  ( 0.0000000000000000000, 1.000000000000000000, 0.0000000000000000000 ) ) ;
#718 = EDGE_LOOP ( 'NONE', ( #795 ) ) ;
#719 = EDGE_LOOP ( 'NONE', ( #976 ) ) ;
#720 = DIRECTION ( 'NONE',  ( -1.000000000000000000, -2.775557561562890400E-016, 1.602468905319635000E-016 ) ) ;
#721 = DIRECTION ( 'NONE',  ( 1.000000000000000000, 0.0000000000000000000, 0.0000000000000000000 ) ) ;
#722 = ORIENTED_EDGE ( 'NONE', *, *, #2406, .F. ) ;
#723 = ADVANCED_FACE ( 'E1329', ( #762, #14 ), #869, .T. ) ;
#724 = DIRECTION ( 'NONE',  ( 0.0000000000000000000, 0.0000000000000000000, -1.000000000000000000 ) ) ;
#725 = EDGE_LOOP ( 'NONE', ( #1884 ) ) ;
#726 = CARTESIAN_POINT ( 'NONE',  ( 11.00000000000000000, 49.50000000000000000, -1.377682148050173800E-015 ) ) ;
#727 = DIRECTION ( 'NONE',  ( 1.000000000000000000, 0.0000000000000000000, 6.123031769111888800E-017 ) ) ;
#728 = ORIENTED_EDGE ( 'NONE', *, *, #2255, .T. ) ;
#729 = EDGE_LOOP ( 'NONE', ( #2332 ) ) ;
#730 = CARTESIAN_POINT ( 'NONE',  ( 0.0000000000000000000, 0.0000000000000000000, 0.0000000000000000000 ) ) ;
#731 = CARTESIAN_POINT ( 'NONE',  ( 15.06602540378445100, -7.200961894323341100, -15.47243186433545000 ) ) ;
#732 = CARTESIAN_POINT ( 'NONE',  ( -3.063744340591067200, 28.93352918543556400, 15.50000000000000000 ) ) ;
#733 = CARTESIAN_POINT ( 'NONE',  ( 0.0000000000000000000, 0.0000000000000000000, 0.0000000000000000000 ) ) ;
#734 = CARTESIAN_POINT ( 'NONE',  ( 13.33397459621556000, -6.638461894323340200, -14.49815328507796200 ) ) ;
#735 = ORIENTED_EDGE ( 'NONE', *, *, #922, .T. ) ;
#736 = CARTESIAN_POINT ( 'NONE',  ( -14.30000000000000100, 0.0000000000000000000, 0.0000000000000000000 ) ) ;
#737 = DIRECTION ( 'NONE',  ( -1.000000000000000000, 0.0000000000000000000, 0.0000000000000000000 ) ) ;
#738 = CARTESIAN_POINT ( 'NONE',  ( 8.500000000000000000, 0.0000000000000000000, 0.0000000000000000000 ) ) ;
#739 = DIRECTION ( 'NONE',  ( 1.000000000000000000, 0.0000000000000000000, 0.0000000000000000000 ) ) ;
#740 = DIRECTION ( 'NONE',  ( 0.0000000000000000000, 0.0000000000000000000, 1.000000000000000000 ) ) ;
#741 = CARTESIAN_POINT ( 'NONE',  ( -3.191233068804240100, 28.94242879798120100, 15.50000000000000000 ) ) ;
#742 = DIRECTION ( 'NONE',  ( 0.0000000000000000000, 0.4999999999999998900, 0.8660254037844387100 ) ) ;
#743 = CARTESIAN_POINT ( 'NONE',  ( 0.0000000000000000000, 0.0000000000000000000, 0.0000000000000000000 ) ) ;
#744 = DIRECTION ( 'NONE',  ( 0.0000000000000000000, 0.0000000000000000000, 1.000000000000000000 ) ) ;
#745 = DIRECTION ( 'NONE',  ( 0.0000000000000000000, -0.4999999999999998900, -0.8660254037844387100 ) ) ;
#746 = DIRECTION ( 'NONE',  ( 0.0000000000000000000, -1.000000000000000000, 0.0000000000000000000 ) ) ;
#747 = EDGE_LOOP ( 'NONE', ( #216 ) ) ;
#748 = CARTESIAN_POINT ( 'NONE',  ( 15.93205080756890100, -8.500000000000000000, -14.72243186433546000 ) ) ;
#749 = CARTESIAN_POINT ( 'NONE',  ( 13.33397459621556000, -7.200961894323341100, -15.47243186433545000 ) ) ;
#750 = ORIENTED_EDGE ( 'NONE', *, *, #2426, .F. ) ;
#751 = AXIS2_PLACEMENT_3D ( 'NONE', #451, #441, #438 ) ;
#752 = DIRECTION ( 'NONE',  ( 1.000000000000000000, 0.0000000000000000000, 0.0000000000000000000 ) ) ;
#753 = CARTESIAN_POINT ( 'NONE',  ( 13.33397459621556000, -9.236538105676661600, -12.99815328507796200 ) ) ;
#754 = PLANE ( 'NONE',  #1727 ) ;
#755 = EDGE_LOOP ( 'NONE', ( #1383 ) ) ;
#756 = DIRECTION ( 'NONE',  ( 0.0000000000000000000, 0.0000000000000000000, 1.000000000000000000 ) ) ;
#757 = DIRECTION ( 'NONE',  ( -1.000000000000000000, 0.0000000000000000000, 0.0000000000000000000 ) ) ;
#758 = CARTESIAN_POINT ( 'NONE',  ( 11.74124999999999900, -8.500000000000000000, -14.72243186433546000 ) ) ;
#759 = ORIENTED_EDGE ( 'NONE', *, *, #1311, .F. ) ;
#760 = DIRECTION ( 'NONE',  ( -0.5000000000000001100, 0.7500000000000001100, -0.4330127018922190800 ) ) ;
#761 = VERTEX_POINT ( 'NONE', #877 ) ;
#762 = FACE_BOUND ( 'NONE', #1930, .T. ) ;
#763 = DIRECTION ( 'NONE',  ( 0.0000000000000000000, 0.8660254037844387100, -0.4999999999999998900 ) ) ;
#764 = DIRECTION ( 'NONE',  ( 0.4999999999999999400, 0.7499999999999998900, -0.4330127018922194600 ) ) ;
#765 = ORIENTED_EDGE ( 'NONE', *, *, #1925, .T. ) ;
#766 =( GEOMETRIC_REPRESENTATION_CONTEXT ( 3 ) GLOBAL_UNCERTAINTY_ASSIGNED_CONTEXT ( ( #1940 ) ) GLOBAL_UNIT_ASSIGNED_CONTEXT ( ( #278, #276, #275 ) ) REPRESENTATION_CONTEXT ( 'NONE', 'WORKASPACE' ) );
#767 = DIRECTION ( 'NONE',  ( 1.000000000000000000, 0.0000000000000000000, 0.0000000000000000000 ) ) ;
#768 = CARTESIAN_POINT ( 'NONE',  ( 12.46794919243112100, -7.937500000000000000, -13.74815328507796000 ) ) ;
#769 = ORIENTED_EDGE ( 'NONE', *, *, #981, .F. ) ;
#770 = CARTESIAN_POINT ( 'NONE',  ( -3.191233068804240100, 28.94242879798120100, 15.50000000000000000 ) ) ;
#771 = AXIS2_PLACEMENT_3D ( 'NONE', #470, #459, #456 ) ;
#772 = AXIS2_PLACEMENT_3D ( 'NONE', #485, #483, #477 ) ;
#773 = DIRECTION ( 'NONE',  ( 0.0000000000000000000, -1.000000000000000000, 0.0000000000000000000 ) ) ;
#774 = CARTESIAN_POINT ( 'NONE',  ( -4.299999999999999800, 0.0000000000000000000, 0.0000000000000000000 ) ) ;
#775 = DIRECTION ( 'NONE',  ( 0.0000000000000000000, -0.2588190451025210700, -0.9659258262890682000 ) ) ;
#776 = ORIENTED_EDGE ( 'NONE', *, *, #2179, .F. ) ;
#777 = DIRECTION ( 'NONE',  ( -6.123031769111887500E-017, -0.4999999999999998900, -0.8660254037844387100 ) ) ;
#778 = FACE_OUTER_BOUND ( 'NONE', #999, .T. ) ;
#779 = DIRECTION ( 'NONE',  ( 1.000000000000000000, 0.0000000000000000000, 0.0000000000000000000 ) ) ;
#780 = CARTESIAN_POINT ( 'NONE',  ( 15.06602540378445100, -6.638461894323340200, -14.49815328507796200 ) ) ;
#781 = VERTEX_POINT ( 'NONE', #885 ) ;
#782 = AXIS2_PLACEMENT_3D ( 'NONE', #538, #523, #514 ) ;
#783 = DIRECTION ( 'NONE',  ( 1.224606353822375800E-016, 0.0000000000000000000, -1.000000000000000000 ) ) ;
#784 = DIRECTION ( 'NONE',  ( 0.0000000000000000000, 0.8660254037844387100, -0.4999999999999997800 ) ) ;
#785 = CARTESIAN_POINT ( 'NONE',  ( 14.20000000000000100, -8.229375000000001000, -14.25369561453712000 ) ) ;
#786 = EDGE_CURVE ( 'E1203', #985, #42, #1971, .T. ) ;
#787 = EDGE_CURVE ( 'E1197', #1130, #985, #2840, .T. ) ;
#788 = CARTESIAN_POINT ( 'NONE',  ( -6.799999999999999800, 0.0000000000000000000, 2.081830801498040000E-016 ) ) ;
#789 = VERTEX_POINT ( 'NONE', #898 ) ;
#790 = DIRECTION ( 'NONE',  ( 0.0000000000000000000, 1.000000000000000000, 0.0000000000000000000 ) ) ;
#791 = CIRCLE ( 'NONE', #1470, 17.00000000000000000 ) ;
#792 = CARTESIAN_POINT ( 'NONE',  ( 8.500000000000000000, 0.0000000000000000000, 0.0000000000000000000 ) ) ;
#793 = PLANE ( 'NONE',  #1335 ) ;
#794 = CARTESIAN_POINT ( 'NONE',  ( -13.70000000000000100, 0.0000000000000000000, 0.0000000000000000000 ) ) ;
#795 = ORIENTED_EDGE ( 'NONE', *, *, #2424, .F. ) ;
#796 = DIRECTION ( 'NONE',  ( 0.0000000000000000000, 0.0000000000000000000, 1.000000000000000000 ) ) ;
#797 = CARTESIAN_POINT ( 'NONE',  ( 13.33397459621556000, 17.00000000000000000, 1.500000000000000000 ) ) ;
#798 = ORIENTED_EDGE ( 'NONE', *, *, #2303, .F. ) ;
#799 = EDGE_LOOP ( 'NONE', ( #2736, #652, #535, #1853, #2126, #1806 ) ) ;
#800 = DIRECTION ( 'NONE',  ( -2.288405812698380100E-017, 0.9275345683433531300, 0.3737373737373739800 ) ) ;
#801 = PLANE ( 'NONE',  #907 ) ;
#802 = DIRECTION ( 'NONE',  ( -1.000000000000000000, 0.0000000000000000000, 0.0000000000000000000 ) ) ;
#803 = CARTESIAN_POINT ( 'NONE',  ( 15.06602540378445100, 17.00000000000000000, -1.500000000000000000 ) ) ;
#804 = ORIENTED_EDGE ( 'NONE', *, *, #2396, .F. ) ;
#805 = B_SPLINE_CURVE_WITH_KNOTS ( 'NONE', 3,
 ( #1346, #1357, #1362, #1365, #1366, #1375, #1379, #1382, #1390, #1392, #1398, #1402, #1405, #1410, #1411, #1415, #1419, #1420 ),
 .UNSPECIFIED., .T., .F.,
 ( 4, 2, 2, 2, 2, 2, 2, 2, 4 ),
 ( 0.0000000000000000000, 0.0003321556022651126100, 0.0006643112045302252200, 0.0009964668067953378900, 0.001328622409060450400, 0.001660778011325563000, 0.001992933613590675800, 0.002325089215855788300, 0.002657244818120900900 ),
 .UNSPECIFIED. ) ;
#806 = EDGE_LOOP ( 'NONE', ( #399, #362, #143, #955 ) ) ;
#807 = CARTESIAN_POINT ( 'NONE',  ( 12.46794919243112100, -8.500000000000000000, -14.72243186433546000 ) ) ;
#808 = DIRECTION ( 'NONE',  ( 0.0000000000000000000, 0.0000000000000000000, 1.000000000000000000 ) ) ;
#809 = DIRECTION ( 'NONE',  ( 0.0000000000000000000, 0.0000000000000000000, -1.000000000000000000 ) ) ;
#810 = DIRECTION ( 'NONE',  ( 0.0000000000000000000, -1.000000000000000000, 0.0000000000000000000 ) ) ;
#811 = FACE_OUTER_BOUND ( 'NONE', #206, .T. ) ;
#812 = CARTESIAN_POINT ( 'NONE',  ( 12.46794919243112100, -7.937500000000000000, -13.74815328507796000 ) ) ;
#813 = ORIENTED_EDGE ( 'NONE', *, *, #948, .F. ) ;
#814 = DIRECTION ( 'NONE',  ( 0.0000000000000000000, -1.000000000000000000, 0.0000000000000000000 ) ) ;
#815 = CARTESIAN_POINT ( 'NONE',  ( 15.06602540378445100, -7.200961894323341100, -15.47243186433545000 ) ) ;
#816 = DIRECTION ( 'NONE',  ( 0.0000000000000000000, 0.4999999999999998900, 0.8660254037844387100 ) ) ;
#817 = CARTESIAN_POINT ( 'NONE',  ( -4.299999999999999800, 0.0000000000000000000, 0.0000000000000000000 ) ) ;
#818 = CARTESIAN_POINT ( 'NONE',  ( -16.00000000000000000, 55.29292929292930100, -14.37678580932198000 ) ) ;
#819 = ADVANCED_FACE ( 'E996', ( #1149 ), #889, .T. ) ;
#820 = CARTESIAN_POINT ( 'NONE',  ( -14.30000000000000100, 0.0000000000000000000, 0.0000000000000000000 ) ) ;
#821 = APPROVAL ( #298, 'UNSPECIFIED' ) ;
#822 = DIRECTION ( 'NONE',  ( 0.0000000000000000000, 0.4999999999999998900, 0.8660254037844387100 ) ) ;
#823 = FACE_OUTER_BOUND ( 'NONE', #725, .T. ) ;
#824 = PLANE ( 'NONE',  #1696 ) ;
#825 = CARTESIAN_POINT ( 'NONE',  ( 13.33397459621556000, -9.799038105676650900, -13.97243186433546200 ) ) ;
#826 = DIRECTION ( 'NONE',  ( 0.0000000000000000000, 0.0000000000000000000, -1.000000000000000000 ) ) ;
#827 = TOROIDAL_SURFACE ( 'NONE', #1734, 20.00520382004285100, 4.250000000000000000 ) ;
#828 = PLANE ( 'NONE',  #921 ) ;
#829 = ORIENTED_EDGE ( 'NONE', *, *, #1979, .F. ) ;
#830 = AXIS2_PLACEMENT_3D ( 'NONE', #551, #598, #544 ) ;
#831 = DIRECTION ( 'NONE',  ( -0.8660254037844387100, -0.4330127018922196300, 0.2499999999999997500 ) ) ;
#832 = CARTESIAN_POINT ( 'NONE',  ( -16.00000000000000000, 49.50000000000000000, -3.030900725710384900E-015 ) ) ;
#833 = DIRECTION ( 'NONE',  ( -0.5000000000000001100, 0.7500000000000001100, -0.4330127018922190800 ) ) ;
#834 = FACE_OUTER_BOUND ( 'NONE', #157, .T. ) ;
#835 = DIRECTION ( 'NONE',  ( 2.288405812698385100E-017, 0.9275345683433531300, -0.3737373737373739800 ) ) ;
#836 = PLANE ( 'NONE',  #1675 ) ;
#837 = CARTESIAN_POINT ( 'NONE',  ( -3.000000000000000000, 0.0000000000000000000, 0.0000000000000000000 ) ) ;
#838 = ORIENTED_EDGE ( 'NONE', *, *, #2050, .T. ) ;
#839 = DIRECTION ( 'NONE',  ( 0.0000000000000000000, 0.0000000000000000000, -1.000000000000000000 ) ) ;
#840 = DIRECTION ( 'NONE',  ( 1.000000000000000000, 0.0000000000000000000, 0.0000000000000000000 ) ) ;
#841 = VERTEX_POINT ( 'NONE', #927 ) ;
#842 = CARTESIAN_POINT ( 'NONE',  ( 14.20000000000000100, 12.50000000000000000, 0.0000000000000000000 ) ) ;
#843 = CARTESIAN_POINT ( 'NONE',  ( -4.299999999999999800, 49.50000000000000000, -15.50000000000000000 ) ) ;
#844 = FACE_OUTER_BOUND ( 'NONE', #714, .T. ) ;
#845 = DIRECTION ( 'NONE',  ( -1.000000000000000000, 0.0000000000000000000, 0.0000000000000000000 ) ) ;
#846 = CARTESIAN_POINT ( 'NONE',  ( -3.000000000000000000, -28.92907903741469900, -15.50000000000000000 ) ) ;
#847 = CARTESIAN_POINT ( 'NONE',  ( 14.20000000000000100, -9.000000000000000000, -15.58845726811990100 ) ) ;
#848 = CARTESIAN_POINT ( 'NONE',  ( 15.06602540378445100, 15.87500000000000000, -1.500000000000000000 ) ) ;
#849 = B_SPLINE_CURVE_WITH_KNOTS ( 'NONE', 3,
 ( #2004, #1999, #2006, #2013, #2019, #2026, #2027, #2034, #2040, #2047, #2049, #2054, #2059, #2065, #2067, #2080, #2383, #2370, #2330, #2298, #2247, #2082, #2088, #2090, #2092, #2098, #2105, #2108, #2115, #2138, #2149, #2152, #2158, #2165, #2170, #2177, #2183, #2192, #2198, #2203, #2212, #2215, #2220, #2226, #2228, #2235, #2236, #2253, #2272, #2274, #2278, #2283, #2291, #2302, #2308, #2323, #2331, #2335, #2340, #2342, #2360, #2361, #2379, #2382, #2390, #2666 ),
 .UNSPECIFIED., .T., .F.,
 ( 4, 2, 2, 2, 2, 2, 2, 2, 2, 2, 2, 2, 2, 2, 2, 2, 2, 2, 2, 2, 2, 2, 2, 2, 2, 2, 2, 2, 2, 2, 2, 2, 4 ),
 ( 0.0000000000000000000, 0.0006628046670690411900, 0.001325609334138082400, 0.001988414001207123400, 0.002651218668276164800, 0.003314023335345205700, 0.003976828002414246700, 0.004639632669483287700, 0.005302437336552329500, 0.005965242003621370500, 0.006628046670690411500, 0.007290851337759453300, 0.007953656004828493400, 0.008616460671897535300, 0.009279265338966575400, 0.009942070006035617200, 0.01060487467310465900, 0.01126767934017369600, 0.01193048400724273200, 0.01259328867431177100, 0.01325609334138080900, 0.01391889800844984900, 0.01458170267551889300, 0.01524450734258793600, 0.01590731200965698000, 0.01657011667672602200, 0.01723292134379506400, 0.01789572601086410900, 0.01855853067793315100, 0.01922133534500219600, 0.01988414001207123800, 0.02054694467914028000, 0.02120974934620932200 ),
 .UNSPECIFIED. ) ;
#850 = AXIS2_PLACEMENT_3D ( 'NONE', #620, #615, #613 ) ;
#851 = ORIENTED_EDGE ( 'NONE', *, *, #2044, .T. ) ;
#852 = CARTESIAN_POINT ( 'NONE',  ( -8.250000000000000000, 0.0000000000000000000, -1.010300241903460100E-015 ) ) ;
#853 = ORIENTED_EDGE ( 'NONE', *, *, #2729, .T. ) ;
#854 = CARTESIAN_POINT ( 'NONE',  ( -4.299999999999999800, 63.46228429725189800, 15.50000000000000000 ) ) ;
#855 = CARTESIAN_POINT ( 'NONE',  ( 11.00000000000000000, -55.29292929292930100, -14.37678580932198000 ) ) ;
#856 = DIRECTION ( 'NONE',  ( -5.679323628915830700E-017, 0.3737373737373739800, 0.9275345683433531300 ) ) ;
#857 = EDGE_LOOP ( 'NONE', ( #2184 ) ) ;
#858 = DIRECTION ( 'NONE',  ( 0.0000000000000000000, 0.8660254037844384900, -0.5000000000000002200 ) ) ;
#859 = DIRECTION ( 'NONE',  ( -2.288405812698380100E-017, -0.9275345683433531300, 0.3737373737373739800 ) ) ;
#860 = DIRECTION ( 'NONE',  ( 0.0000000000000000000, 0.0000000000000000000, 1.000000000000000000 ) ) ;
#861 = CARTESIAN_POINT ( 'NONE',  ( -3.000000000000000000, 49.50000000000000000, 15.50000000000000000 ) ) ;
#862 = CARTESIAN_POINT ( 'NONE',  ( -4.299999999999999800, -12.70707070707070100, -31.53617532367404400 ) ) ;
#863 = DIRECTION ( 'NONE',  ( 0.0000000000000000000, 1.000000000000000000, 0.0000000000000000000 ) ) ;
#864 = DIRECTION ( 'NONE',  ( 0.0000000000000000000, -1.000000000000000000, 0.0000000000000000000 ) ) ;
#865 = EDGE_LOOP ( 'NONE', ( #1376, #588, #1700, #2326 ) ) ;
#866 = AXIS2_PLACEMENT_3D ( 'NONE', #702, #661, #655 ) ;
#867 = ORIENTED_EDGE ( 'NONE', *, *, #2849, .T. ) ;
#868 = AXIS2_PLACEMENT_3D ( 'NONE', #726, #694, #679 ) ;
#869 = PLANE ( 'NONE',  #1666 ) ;
#870 = CARTESIAN_POINT ( 'NONE',  ( 19.69999999999999900, 16.40000000000000200, 0.0000000000000000000 ) ) ;
#871 = FACE_OUTER_BOUND ( 'NONE', #913, .T. ) ;
#872 = DIRECTION ( 'NONE',  ( 1.000000000000000000, 0.0000000000000000000, 0.0000000000000000000 ) ) ;
#873 = DIRECTION ( 'NONE',  ( 1.000000000000000000, 0.0000000000000000000, 0.0000000000000000000 ) ) ;
#874 = DIRECTION ( 'NONE',  ( 0.0000000000000000000, 0.0000000000000000000, -1.000000000000000000 ) ) ;
#875 = CARTESIAN_POINT ( 'NONE',  ( -3.901934136465056800, -29.25617907362358100, 15.50000000000000000 ) ) ;
#876 = DIRECTION ( 'NONE',  ( 0.0000000000000000000, 0.0000000000000000000, -1.000000000000000000 ) ) ;
#877 = CARTESIAN_POINT ( 'NONE',  ( -4.299999999999999800, -30.26136150274804800, 15.50000000000000000 ) ) ;
#878 = ORIENTED_EDGE ( 'NONE', *, *, #2224, .T. ) ;
#879 = DIRECTION ( 'NONE',  ( 1.000000000000000000, 0.0000000000000000000, 1.224606353822375800E-016 ) ) ;
#880 = CARTESIAN_POINT ( 'NONE',  ( 13.33397459621556000, 15.87500000000000000, -1.500000000000000000 ) ) ;
#881 = ORIENTED_EDGE ( 'NONE', *, *, #2207, .F. ) ;
#882 = ORIENTED_EDGE ( 'NONE', *, *, #2207, .T. ) ;
#883 = DIRECTION ( 'NONE',  ( 0.0000000000000000000, 0.4999999999999998900, 0.8660254037844387100 ) ) ;
#884 = ORIENTED_EDGE ( 'NONE', *, *, #2490, .F. ) ;
#885 = CARTESIAN_POINT ( 'NONE',  ( 15.06602540378445100, -9.236538105676650900, -12.99815328507796200 ) ) ;
#886 = CARTESIAN_POINT ( 'NONE',  ( 11.74124999999999900, 17.00000000000000000, 0.0000000000000000000 ) ) ;
#887 = EDGE_LOOP ( 'NONE', ( #692 ) ) ;
#888 = FACE_BOUND ( 'NONE', #755, .T. ) ;
#889 = PLANE ( 'NONE',  #1662 ) ;
#890 = VERTEX_POINT ( 'NONE', #920 ) ;
#891 = ADVANCED_FACE ( 'E360', ( #1003 ), #932, .T. ) ;
#892 = DIRECTION ( 'NONE',  ( -0.4999999999999998900, 0.0000000000000000000, 0.8660254037844387100 ) ) ;
#893 = ORIENTED_EDGE ( 'NONE', *, *, #2064, .F. ) ;
#894 = PLANE ( 'NONE',  #933 ) ;
#895 = CARTESIAN_POINT ( 'NONE',  ( 13.33397459621556000, 17.00000000000000000, -1.500000000000000000 ) ) ;
#896 = ORIENTED_EDGE ( 'NONE', *, *, #1925, .F. ) ;
#897 = AXIS2_PLACEMENT_3D ( 'NONE', #738, #779, #773 ) ;
#898 = CARTESIAN_POINT ( 'NONE',  ( 13.33397459621556000, -9.799038105676650900, -13.97243186433546200 ) ) ;
#899 = ORIENTED_EDGE ( 'NONE', *, *, #2164, .T. ) ;
#900 = AXIS2_PLACEMENT_3D ( 'NONE', #686, #685, #683 ) ;
#901 = CARTESIAN_POINT ( 'NONE',  ( -8.500000000000000000, 0.0000000000000000000, 0.0000000000000000000 ) ) ;
#902 = CARTESIAN_POINT ( 'NONE',  ( 11.00000000000000000, 55.29292929292930100, -14.37678580932198000 ) ) ;
#903 = CARTESIAN_POINT ( 'NONE',  ( -3.780144430383522500, -29.15059153539385800, 15.49999999999999600 ) ) ;
#904 = EDGE_LOOP ( 'NONE', ( #244 ) ) ;
#905 = EDGE_CURVE ( 'NONE', #1697, #1697, #1428, .T. ) ;
#906 = ORIENTED_EDGE ( 'NONE', *, *, #1112, .F. ) ;
#907 = AXIS2_PLACEMENT_3D ( 'NONE', #792, #757, #756 ) ;
#908 = CARTESIAN_POINT ( 'NONE',  ( 12.46794919243112100, -8.500000000000000000, -14.72243186433546000 ) ) ;
#909 = CIRCLE ( 'NONE', #1524, 3.000000000000000000 ) ;
#910 = CARTESIAN_POINT ( 'NONE',  ( 15.06602540378445100, -9.799038105676650900, -13.97243186433546200 ) ) ;
#911 = AXIS2_PLACEMENT_3D ( 'NONE', #640, #633, #632 ) ;
#912 = DIRECTION ( 'NONE',  ( 0.8660254037844387100, -0.4330127018922192400, 0.2500000000000001100 ) ) ;
#913 = EDGE_LOOP ( 'NONE', ( #2800 ) ) ;
#914 = DIRECTION ( 'NONE',  ( -0.4999999999999999400, -0.7499999999999998900, 0.4330127018922194600 ) ) ;
#915 = CIRCLE ( 'NONE', #1481, 23.01040764008565300 ) ;
#916 = EDGE_CURVE ( 'NONE', #1688, #1688, #311, .T. ) ;
#917 = AXIS2_PLACEMENT_3D ( 'NONE', #788, #879, #783 ) ;
#918 = ORIENTED_EDGE ( 'NONE', *, *, #2751, .F. ) ;
#919 = CARTESIAN_POINT ( 'NONE',  ( -16.00000000000000000, -55.29292929292930100, 14.37678580932196000 ) ) ;
#920 = CARTESIAN_POINT ( 'NONE',  ( 15.06602540378445100, -9.799038105676650900, -13.97243186433546200 ) ) ;
#921 = AXIS2_PLACEMENT_3D ( 'NONE', #842, #814, #809 ) ;
#922 = EDGE_CURVE ( 'NONE', #1686, #1686, #1095, .T. ) ;
#923 = CARTESIAN_POINT ( 'NONE',  ( -3.000000000000000000, 0.0000000000000000000, 0.0000000000000000000 ) ) ;
#924 = CARTESIAN_POINT ( 'NONE',  ( 11.57822100320229800, 16.86112582874429900, -2.168510107678490100 ) ) ;
#925 = AXIS2_PLACEMENT_3D ( 'NONE', #847, #301, #858 ) ;
#926 = CARTESIAN_POINT ( 'NONE',  ( -16.00000000000000000, -12.70707070707070100, 31.53617532367404400 ) ) ;
#927 = CARTESIAN_POINT ( 'NONE',  ( 15.93205080756890100, 15.87500000000000000, 1.060540212046012100E-016 ) ) ;
#928 = CARTESIAN_POINT ( 'NONE',  ( 14.39897629236843100, -3.469254338402480500, -12.00892477849185800 ) ) ;
#929 = DIRECTION ( 'NONE',  ( -0.06162841671621946400, -0.7044160264027585800, 0.7071067811865476800 ) ) ;
#930 = ORIENTED_EDGE ( 'NONE', *, *, #2763, .T. ) ;
#931 = DIRECTION ( 'NONE',  ( -0.5000000000000001100, -0.7500000000000001100, 0.4330127018922190800 ) ) ;
#932 = PLANE ( 'NONE',  #1649 ) ;
#933 = AXIS2_PLACEMENT_3D ( 'NONE', #886, #863, #860 ) ;
#934 = DIRECTION ( 'NONE',  ( 0.06162841671621927000, 0.7044160264027586900, 0.7071067811865476800 ) ) ;
#935 = DIRECTION ( 'NONE',  ( 5.679323628915830700E-017, 0.3737373737373739800, -0.9275345683433531300 ) ) ;
#936 = DIRECTION ( 'NONE',  ( -2.288405812698380100E-017, 0.9275345683433531300, 0.3737373737373739800 ) ) ;
#937 = FACE_OUTER_BOUND ( 'NONE', #418, .T. ) ;
#938 = EDGE_CURVE ( 'NONE', #1681, #1681, #2843, .T. ) ;
#939 = VERTEX_POINT ( 'NONE', #136 ) ;
#940 = AXIS2_PLACEMENT_3D ( 'NONE', #998, #995, #990 ) ;
#941 = DIRECTION ( 'NONE',  ( 1.000000000000000000, 0.0000000000000000000, 0.0000000000000000000 ) ) ;
#942 = CARTESIAN_POINT ( 'NONE',  ( 15.93205080756890100, -7.937500000000000000, -13.74815328507796000 ) ) ;
#943 = EDGE_LOOP ( 'NONE', ( #769 ) ) ;
#944 = DIRECTION ( 'NONE',  ( 0.0000000000000000000, 0.0000000000000000000, -1.000000000000000000 ) ) ;
#945 = DIRECTION ( 'NONE',  ( 0.0000000000000000000, 0.4999999999999998900, 0.8660254037844387100 ) ) ;
#946 = AXIS2_PLACEMENT_3D ( 'NONE', #983, #934, #929 ) ;
#947 = ORIENTED_EDGE ( 'NONE', *, *, #2446, .T. ) ;
#948 = EDGE_CURVE ( 'E955', #781, #2714, #144, .T. ) ;
#949 = CARTESIAN_POINT ( 'NONE',  ( 11.73552750926206300, 16.84077283640999700, -2.326763630926999700 ) ) ;
#950 = EDGE_LOOP ( 'NONE', ( #281 ) ) ;
#951 = DIRECTION ( 'NONE',  ( 0.0000000000000000000, 0.0000000000000000000, -1.000000000000000000 ) ) ;
#952 = AXIS2_PLACEMENT_3D ( 'NONE', #1057, #1043, #1040 ) ;
#953 = DIRECTION ( 'NONE',  ( -1.000000000000000000, 0.0000000000000000000, 0.0000000000000000000 ) ) ;
#954 = DIRECTION ( 'NONE',  ( 0.0000000000000000000, 0.4999999999999998900, 0.8660254037844387100 ) ) ;
#955 = ORIENTED_EDGE ( 'NONE', *, *, #2186, .F. ) ;
#956 = CARTESIAN_POINT ( 'NONE',  ( 11.90609962552264300, 16.82046715736863300, -2.467325363805116500 ) ) ;
#957 = CARTESIAN_POINT ( 'NONE',  ( 12.27191996715710500, 16.78213073019739800, -2.715860452519006900 ) ) ;
#958 = EDGE_CURVE ( 'NONE', #1677, #1677, #2815, .T. ) ;
#959 = ORIENTED_EDGE ( 'NONE', *, *, #1092, .F. ) ;
#960 = AXIS2_PLACEMENT_3D ( 'NONE', #1017, #1013, #1012 ) ;
#961 = DIRECTION ( 'NONE',  ( 1.000000000000000000, 0.0000000000000000000, 1.224606353822375800E-016 ) ) ;
#962 = CARTESIAN_POINT ( 'NONE',  ( 12.46881666370451900, 16.76400244550189500, -2.824243033939728400 ) ) ;
#963 = EDGE_LOOP ( 'NONE', ( #2468 ) ) ;
#964 = AXIS2_PLACEMENT_3D ( 'NONE', #1102, #1075, #1072 ) ;
#965 = CARTESIAN_POINT ( 'NONE',  ( 15.06602540378445100, -7.200961894323341100, -15.47243186433545000 ) ) ;
#966 = EDGE_CURVE ( 'NONE', #1673, #1673, #2837, .T. ) ;
#967 = ADVANCED_FACE ( 'E824', ( #403, #519 ), #344, .F. ) ;
#968 = CARTESIAN_POINT ( 'NONE',  ( 12.87379207812822200, 16.73310749462939400, -3.001872795560831100 ) ) ;
#969 = CARTESIAN_POINT ( 'NONE',  ( 13.08300869114862100, 16.72017761507618500, -3.072209689187363100 ) ) ;
#970 = AXIS2_PLACEMENT_3D ( 'NONE', #1127, #1115, #1104 ) ;
#971 = DIRECTION ( 'NONE',  ( 1.224606353822375800E-016, 0.0000000000000000000, -1.000000000000000000 ) ) ;
#972 = CARTESIAN_POINT ( 'NONE',  ( 13.51479551879628900, 16.70068658333342200, -3.176457067126614600 ) ) ;
#973 = EDGE_CURVE ( 'NONE', #1667, #1667, #2069, .T. ) ;
#974 = AXIS2_PLACEMENT_3D ( 'NONE', #1167, #1159, #1183 ) ;
#975 = CARTESIAN_POINT ( 'NONE',  ( 13.73702949305097900, 16.69423152647941700, -3.209802796674551900 ) ) ;
#976 = ORIENTED_EDGE ( 'NONE', *, *, #973, .F. ) ;
#977 = AXIS2_PLACEMENT_3D ( 'NONE', #1249, #1204, #1189 ) ;
#978 = CARTESIAN_POINT ( 'NONE',  ( 14.17816042294971400, 16.68886460698940500, -3.237591447791925400 ) ) ;
#979 = CARTESIAN_POINT ( 'NONE',  ( 14.39914470752125900, 16.68983940849443600, -3.232626394078465600 ) ) ;
#980 = CARTESIAN_POINT ( 'NONE',  ( 14.84197210343210900, 16.69918372516669400, -3.184003109005116200 ) ) ;
#981 = EDGE_CURVE ( 'NONE', #1664, #1664, #1006, .T. ) ;
#982 = CARTESIAN_POINT ( 'NONE',  ( 15.06135696803027500, 16.70756211158934700, -3.140271781200655100 ) ) ;
#983 = CARTESIAN_POINT ( 'NONE',  ( 5.941834375207180100, 22.19526847191794900, 22.28005079171165200 ) ) ;
#984 = ORIENTED_EDGE ( 'NONE', *, *, #1975, .T. ) ;
#985 = VERTEX_POINT ( 'NONE', #1272 ) ;
#986 = CARTESIAN_POINT ( 'NONE',  ( 15.48459354856877300, 16.73029197861815800, -3.016830933712739200 ) ) ;
#987 = DIRECTION ( 'NONE',  ( -1.000000000000000000, 0.0000000000000000000, 0.0000000000000000000 ) ) ;
#988 = CARTESIAN_POINT ( 'NONE',  ( 15.69023971453712800, 16.74467991319907200, -2.936972361706653000 ) ) ;
#989 = EDGE_LOOP ( 'NONE', ( #495 ) ) ;
#990 = DIRECTION ( 'NONE',  ( -0.5000000000000003300, 0.0000000000000000000, 0.8660254037844384900 ) ) ;
#991 = EDGE_CURVE ( 'NONE', #1660, #1660, #342, .T. ) ;
#992 = FACE_BOUND ( 'NONE', #1672, .T. ) ;
#993 = CARTESIAN_POINT ( 'NONE',  ( 16.08892344778323000, 16.77825260880538100, -2.738676951382998900 ) ) ;
#994 = CARTESIAN_POINT ( 'NONE',  ( 16.27790435178715000, 16.79711405804895800, -2.621990696787672700 ) ) ;
#995 = DIRECTION ( 'NONE',  ( -0.8660254037844384900, 0.0000000000000000000, -0.5000000000000003300 ) ) ;
#996 = AXIS2_PLACEMENT_3D ( 'NONE', #1319, #1259, #1254 ) ;
#997 = CARTESIAN_POINT ( 'NONE',  ( 16.62854988421486300, 16.83627629384059100, -2.357472470806067500 ) ) ;
#998 = CARTESIAN_POINT ( 'NONE',  ( 15.06602540378445100, 17.00000000000000000, 1.500000000000000000 ) ) ;
#999 = EDGE_LOOP ( 'NONE', ( #884, #303, #2830, #1904 ) ) ;
#1000 = CARTESIAN_POINT ( 'NONE',  ( 16.79136982326640400, 16.85668516928898700, -2.209118939368416500 ) ) ;
#1001 = AXIS2_PLACEMENT_3D ( 'NONE', #1226, #1223, #1222 ) ;
#1002 = CARTESIAN_POINT ( 'NONE',  ( 11.00000000000000000, 55.29292929292930100, -14.37678580932198000 ) ) ;
#1003 = FACE_OUTER_BOUND ( 'NONE', #2140, .T. ) ;
#1004 = CARTESIAN_POINT ( 'NONE',  ( 17.08942432117558900, 16.89693119302971500, -1.876634658856977100 ) ) ;
#1005 = CARTESIAN_POINT ( 'NONE',  ( 17.21918190275076600, 16.91600521007839900, -1.698577476671105300 ) ) ;
#1006 = CIRCLE ( 'NONE', #1623, 17.00000000000000000 ) ;
#1007 = AXIS2_PLACEMENT_3D ( 'NONE', #1266, #1264, #1260 ) ;
#1008 = EDGE_LOOP ( 'NONE', ( #2513 ) ) ;
#1009 = DIRECTION ( 'NONE',  ( 0.5000000000000001100, -0.7500000000000001100, 0.4330127018922190800 ) ) ;
#1010 = CARTESIAN_POINT ( 'NONE',  ( 17.43996896094714100, 16.94986445940864400, -1.318519062937353500 ) ) ;
#1011 = AXIS2_PLACEMENT_3D ( 'NONE', #1288, #1284, #1278 ) ;
#1012 = DIRECTION ( 'NONE',  ( 0.0000000000000000000, 0.8660254037844387100, -0.4999999999999997800 ) ) ;
#1013 = DIRECTION ( 'NONE',  ( -6.123031769111887500E-017, -0.4999999999999998900, -0.8660254037844387100 ) ) ;
#1014 = CARTESIAN_POINT ( 'NONE',  ( 17.53180071087257700, 16.96479309378829100, -1.113923143137995000 ) ) ;
#1015 = CARTESIAN_POINT ( 'NONE',  ( 17.66754510997484200, 16.98731193249370000, -0.6901179551512660600 ) ) ;
#1016 = AXIS2_PLACEMENT_3D ( 'NONE', #1471, #1464, #1341 ) ;
#1017 = CARTESIAN_POINT ( 'NONE',  ( 14.20000000000000100, -8.229375000000001000, -14.25369561453712000 ) ) ;
#1018 = CARTESIAN_POINT ( 'NONE',  ( 17.71119506168217900, 16.99483093396578300, -0.4737999086870352000 ) ) ;
#1019 = DIRECTION ( 'NONE',  ( 2.288405812698385100E-017, -0.9275345683433531300, -0.3737373737373739800 ) ) ;
#1020 = EDGE_CURVE ( 'NONE', #1658, #1658, #434, .T. ) ;
#1021 = ORIENTED_EDGE ( 'NONE', *, *, #2501, .F. ) ;
#1022 = AXIS2_PLACEMENT_3D ( 'NONE', #1308, #1307, #1304 ) ;
#1023 = CARTESIAN_POINT ( 'NONE',  ( 17.74943202251126800, 17.00140371845755600, -0.03219362622561284400 ) ) ;
#1024 = CARTESIAN_POINT ( 'NONE',  ( 15.93205080756890100, -8.500000000000000000, -14.72243186433546000 ) ) ;
#1025 = PLANE ( 'NONE',  #940 ) ;
#1026 = CARTESIAN_POINT ( 'NONE',  ( 17.74313381046949800, 17.00030256385024400, 0.1943777474047495800 ) ) ;
#1027 = AXIS2_PLACEMENT_3D ( 'NONE', #1359, #1354, #1353 ) ;
#1028 = CARTESIAN_POINT ( 'NONE',  ( 17.68077130520349600, 16.98963517516010300, 0.6327452774232451600 ) ) ;
#1029 = AXIS2_PLACEMENT_3D ( 'NONE', #1400, #1397, #1384 ) ;
#1030 = ADVANCED_FACE ( 'E1363', ( #811 ), #51, .T. ) ;
#1031 = EDGE_LOOP ( 'NONE', ( #1765 ) ) ;
#1032 = CARTESIAN_POINT ( 'NONE',  ( 17.62472348411097300, 16.98007639505725700, 0.8489393223591453800 ) ) ;
#1033 = CARTESIAN_POINT ( 'NONE',  ( 15.06602540378445100, -6.638461894323340200, -14.49815328507796200 ) ) ;
#1034 = EDGE_CURVE ( 'NONE', #1657, #1657, #367, .T. ) ;
#1035 = CARTESIAN_POINT ( 'NONE',  ( 17.46553603568506900, 16.95406944137559100, 1.266183925044970000 ) ) ;
#1036 = AXIS2_PLACEMENT_3D ( 'NONE', #1924, #1898, #1939 ) ;
#1037 = CARTESIAN_POINT ( 'NONE',  ( 17.36446635639534000, 16.93797099202759100, 1.462842162929670800 ) ) ;
#1038 = CARTESIAN_POINT ( 'NONE',  ( 17.12230028310190400, 16.90180971054847700, 1.834011185577126400 ) ) ;
#1039 = DIRECTION ( 'NONE',  ( -1.000000000000000000, 0.0000000000000000000, -6.123031769111888800E-017 ) ) ;
#1040 = DIRECTION ( 'NONE',  ( 6.123031769111888800E-017, 0.0000000000000000000, -1.000000000000000000 ) ) ;
#1041 = AXIS2_PLACEMENT_3D ( 'NONE', #1461, #1457, #1455 ) ;
#1042 = CARTESIAN_POINT ( 'NONE',  ( 16.98043071001088200, 16.88167697374801400, 2.008474962124354100 ) ) ;
#1043 = DIRECTION ( 'NONE',  ( 1.000000000000000000, 0.0000000000000000000, 6.123031769111888800E-017 ) ) ;
#1044 = CARTESIAN_POINT ( 'NONE',  ( 16.66956607622915600, 16.84140823778224700, 2.322058932890056900 ) ) ;
#1045 = AXIS2_PLACEMENT_3D ( 'NONE', #1424, #1423, #1413 ) ;
#1046 = DIRECTION ( 'NONE',  ( 0.0000000000000000000, -1.000000000000000000, 0.0000000000000000000 ) ) ;
#1047 = EDGE_LOOP ( 'NONE', ( #899, #662, #359, #1360 ) ) ;
#1048 = DIRECTION ( 'NONE',  ( 1.000000000000000000, 0.0000000000000000000, 0.0000000000000000000 ) ) ;
#1049 = FACE_OUTER_BOUND ( 'NONE', #467, .T. ) ;
#1050 = DIRECTION ( 'NONE',  ( -1.000000000000000000, -2.775557561562890400E-016, 1.602468905319635000E-016 ) ) ;
#1051 = EDGE_CURVE ( 'NONE', #1652, #1652, #805, .T. ) ;
#1052 = CARTESIAN_POINT ( 'NONE',  ( 16.49881336703904100, 16.82101397807780800, 2.463659829911141400 ) ) ;
#1053 = CARTESIAN_POINT ( 'NONE',  ( 15.06602540378445100, -9.799038105676650900, -13.97243186433546200 ) ) ;
#1054 = ORIENTED_EDGE ( 'NONE', *, *, #1878, .F. ) ;
#1055 = AXIS2_PLACEMENT_3D ( 'NONE', #2132, #1976, #1959 ) ;
#1056 = ORIENTED_EDGE ( 'NONE', *, *, #2028, .T. ) ;
#1057 = CARTESIAN_POINT ( 'NONE',  ( 11.00000000000000000, 0.0000000000000000000, 1.653218577660209900E-015 ) ) ;
#1058 = CARTESIAN_POINT ( 'NONE',  ( 16.13024335170504400, 16.78232608483184100, 2.714712174537124300 ) ) ;
#1059 = CARTESIAN_POINT ( 'NONE',  ( 15.93673218376628100, 16.76448490337019200, 2.821386990573590700 ) ) ;
#1060 = VECTOR ( 'NONE', #1809, 1000.000000000000000 ) ;
#1061 = EDGE_CURVE ( 'NONE', #1650, #1650, #433, .T. ) ;
#1062 = AXIS2_PLACEMENT_3D ( 'NONE', #1883, #1880, #1875 ) ;
#1063 = PLANE ( 'NONE',  #952 ) ;
#1064 = ORIENTED_EDGE ( 'NONE', *, *, #1996, .T. ) ;
#1065 = CARTESIAN_POINT ( 'NONE',  ( 15.53235215379190700, 16.73351876968417400, 2.999588006799007700 ) ) ;
#1066 = AXIS2_PLACEMENT_3D ( 'NONE', #2023, #2007, #2001 ) ;
#1067 = AXIS2_PLACEMENT_3D ( 'NONE', #1947, #1972, #1938 ) ;
#1068 = VERTEX_POINT ( 'NONE', #1433 ) ;
#1069 = CARTESIAN_POINT ( 'NONE',  ( 15.31934012544720500, 16.72030936411990600, 3.071495034887000900 ) ) ;
#1070 = SPHERICAL_SURFACE ( 'NONE', #1740, 26.00000000000000000 ) ;
#1071 = CARTESIAN_POINT ( 'NONE',  ( 14.88760640782724000, 16.70076956625683800, 3.176023122711884900 ) ) ;
#1072 = DIRECTION ( 'NONE',  ( 0.4999999999999999400, 0.7499999999999998900, -0.4330127018922194600 ) ) ;
#1073 = CARTESIAN_POINT ( 'NONE',  ( 14.66908332520731100, 16.69436815646215100, 3.209093719439420200 ) ) ;
#1074 = CARTESIAN_POINT ( 'NONE',  ( 14.22681049575103200, 16.68886436575991900, 3.237594295910429600 ) ) ;
#1075 = DIRECTION ( 'NONE',  ( -0.8660254037844387100, 0.4330127018922192400, -0.2500000000000001100 ) ) ;
#1076 = AXIS2_PLACEMENT_3D ( 'NONE', #2045, #2039, #2032 ) ;
#1077 = CONICAL_SURFACE ( 'NONE', #1784, 2.458750000000000200, 0.7853981633974490600 ) ;
#1078 = CARTESIAN_POINT ( 'NONE',  ( 14.00121274921949100, 16.68984788412755200, 3.232581052366319400 ) ) ;
#1079 = B_SPLINE_CURVE_WITH_KNOTS ( 'NONE', 3,
 ( #1887, #1874, #1865, #1860, #1856, #1850, #1842, #1837, #1833, #1828, #1826, #1822, #1818, #1817, #1810, #1807, #1802, #1795, #1790, #1789, #1786, #1781, #1777, #1772, #1771, #1753, #1746, #1729, #1725, #1719, #1718, #1713, #1706, #1693, #1690, #1687, #1682, #1653, #1642, #1635, #1626, #1620, #1618, #1613, #1607, #1595, #1580, #1577, #1567, #1562, #1552, #1543, #1542, #1537, #1536, #1530, #1527, #1525, #1519, #1511, #1502, #1491 ),
 .UNSPECIFIED., .T., .F.,
 ( 4, 2, 2, 2, 2, 2, 2, 2, 2, 2, 2, 2, 2, 2, 2, 2, 2, 2, 2, 2, 2, 2, 2, 2, 2, 2, 2, 2, 2, 2, 4 ),
 ( 0.0000000000000000000, 0.0004832942269433728900, 0.0009665884538867457800, 0.001449882680830118600, 0.001933176907773491600, 0.002416471134716864300, 0.002899765361660237200, 0.003383059588603610200, 0.003866353815546983100, 0.004349648042490355200, 0.004832942269433728600, 0.005316236496377102000, 0.005799530723320474500, 0.006282824950263847000, 0.006766119177207220400, 0.007249413404150593800, 0.007732707631093966300, 0.008216001858037337900, 0.008699296084980710400, 0.009665884538867469300, 0.01014917876581084900, 0.01063247299275422800, 0.01111576721969760900, 0.01159906144664098900, 0.01208235567358436800, 0.01256564990052774800, 0.01304894412747112700, 0.01353223835441450700, 0.01401553258135788600, 0.01449882680830126600, 0.01546541526218802800 ),
 .UNSPECIFIED. ) ;
#1080 = CARTESIAN_POINT ( 'NONE',  ( -4.299999999999999800, 55.29292929292930100, 14.37678580932198000 ) ) ;
#1081 = DIRECTION ( 'NONE',  ( 0.0000000000000000000, -0.9275345683433531300, 0.3737373737373739800 ) ) ;
#1082 = EDGE_CURVE ( 'NONE', #1647, #1647, #436, .T. ) ;
#1083 = AXIS2_PLACEMENT_3D ( 'NONE', #2218, #2181, #2176 ) ;
#1084 = CARTESIAN_POINT ( 'NONE',  ( 13.56056153741020200, 16.69911434782767800, 3.184365345498303900 ) ) ;
#1085 = CARTESIAN_POINT ( 'NONE',  ( 13.34402579444756800, 16.70731894820518800, 3.141566160549422300 ) ) ;
#1086 = ORIENTED_EDGE ( 'NONE', *, *, #2005, .T. ) ;
#1087 = AXIS2_PLACEMENT_3D ( 'NONE', #2120, #2111, #2100 ) ;
#1088 = CARTESIAN_POINT ( 'NONE',  ( 12.91861255264504900, 16.73007479593219700, 3.018036066828796700 ) ) ;
#1089 = CARTESIAN_POINT ( 'NONE',  ( 12.70868101915582400, 16.74477717861049800, 2.936386230311456700 ) ) ;
#1090 = CARTESIAN_POINT ( 'NONE',  ( 12.31346820702201100, 16.77804484983391800, 2.739915668745883000 ) ) ;
#1091 = EDGE_LOOP ( 'NONE', ( #1752 ) ) ;
#1092 = EDGE_CURVE ( 'NONE', #1644, #1644, #142, .T. ) ;
#1093 = CARTESIAN_POINT ( 'NONE',  ( 12.12608122198442800, 16.79669130153175200, 2.624738339471484900 ) ) ;
#1094 = EDGE_LOOP ( 'NONE', ( #959 ) ) ;
#1095 = B_SPLINE_CURVE_WITH_KNOTS ( 'NONE', 3,
 ( #50, #1139, #52, #1761, #70, #1225, #77, #82, #83, #62, #1556, #87, #90, #2072, #95, #99, #103, #106, #109, #112, #113, #118, #60, #119, #124, #128, #129, #227, #209, #201, #190, #2810, #2791, #2838, #2797, #2781, #1708, #1715, #1716, #1724, #1741, #1845, #2076, #1889, #1910, #1911, #1919, #1933, #2113, #2128, #2135, #2142, #2160, #2416, #2429, #2432, #2437, #2452, #149, #152, #153, #159, #170, #258 ),
 .UNSPECIFIED., .T., .F.,
 ( 4, 2, 2, 2, 2, 2, 2, 2, 2, 2, 2, 2, 2, 2, 2, 2, 2, 2, 2, 2, 2, 2, 2, 2, 2, 2, 2, 2, 2, 2, 2, 4 ),
 ( 0.0000000000000000000, 0.0005882810348985913600, 0.001176562069797182700, 0.001764843104695774100, 0.002353124139594365400, 0.002941405174492955500, 0.003529686209391545500, 0.004117967244290136900, 0.004706248279188727400, 0.005294529314087318700, 0.005882810348985910100, 0.006471091383884501400, 0.007059372418783091900, 0.007647653453681684200, 0.008235934488580275500, 0.008824215523478866000, 0.009412496558377456500, 0.01058905862817463600, 0.01117733966307322400, 0.01176562069797181300, 0.01235390173287040400, 0.01294218276776899200, 0.01353046380266758300, 0.01411874483756617000, 0.01470702587246475700, 0.01529530690736334400, 0.01588358794226193300, 0.01647186897716052000, 0.01706015001205910700, 0.01764843104695769400, 0.01823671208185628100, 0.01882499311675486800 ),
 .UNSPECIFIED. ) ;
#1096 = CARTESIAN_POINT ( 'NONE',  ( 11.77266625253609100, 16.83611841847919500, 2.358645083218154700 ) ) ;
#1097 = PLANE ( 'NONE',  #964 ) ;
#1098 = CARTESIAN_POINT ( 'NONE',  ( 11.00000000000000000, 55.29292929292930100, 14.37678580932198000 ) ) ;
#1099 = CARTESIAN_POINT ( 'NONE',  ( 11.60676610846505600, 16.85693893786173400, 2.206995608923577800 ) ) ;
#1100 = CARTESIAN_POINT ( 'NONE',  ( 11.31303149501416900, 16.89659752543755600, 1.879418004591991900 ) ) ;
#1101 = AXIS2_PLACEMENT_3D ( 'NONE', #2288, #2290, #2233 ) ;
#1102 = CARTESIAN_POINT ( 'NONE',  ( 15.93205080756890100, -8.500000000000000000, -14.72243186433546000 ) ) ;
#1103 = ORIENTED_EDGE ( 'NONE', *, *, #1328, .T. ) ;
#1104 = DIRECTION ( 'NONE',  ( -5.102127870520020600E-017, 0.0000000000000000000, 1.000000000000000000 ) ) ;
#1105 = CARTESIAN_POINT ( 'NONE',  ( 11.18298137000491000, 16.91567756131660300, 1.702081508140896200 ) ) ;
#1106 = CARTESIAN_POINT ( 'NONE',  ( 10.95943492841073000, 16.94995180150287000, 1.317711176819420100 ) ) ;
#1107 = ORIENTED_EDGE ( 'NONE', *, *, #2453, .F. ) ;
#1108 = ORIENTED_EDGE ( 'NONE', *, *, #2022, .F. ) ;
#1109 = AXIS2_PLACEMENT_3D ( 'NONE', #2411, #2400, #2398 ) ;
#1110 = CARTESIAN_POINT ( 'NONE',  ( 10.86798664937006700, 16.96482941787802900, 1.112993466199482000 ) ) ;
#1111 = CARTESIAN_POINT ( 'NONE',  ( 10.73334165669830200, 16.98716378173373400, 0.6931509835931789500 ) ) ;
#1112 = EDGE_CURVE ( 'E1239', #522, #2153, #148, .T. ) ;
#1113 = AXIS2_PLACEMENT_3D ( 'NONE', #2191, #2190, #2185 ) ;
#1114 = CARTESIAN_POINT ( 'NONE',  ( 10.68866953493326300, 16.99485406733948200, 0.4738979701120568100 ) ) ;
#1115 = DIRECTION ( 'NONE',  ( -1.000000000000000000, 0.0000000000000000000, -6.123031769111888800E-017 ) ) ;
#1116 = CARTESIAN_POINT ( 'NONE',  ( 10.65037835514976200, 17.00143645694849000, 0.02832766464600488400 ) ) ;
#1117 = ORIENTED_EDGE ( 'NONE', *, *, #1870, .T. ) ;
#1118 = AXIS2_PLACEMENT_3D ( 'NONE', #2210, #2205, #2204 ) ;
#1119 = DIRECTION ( 'NONE',  ( 0.4999999999999999400, 0.7499999999999998900, -0.4330127018922194600 ) ) ;
#1120 = CARTESIAN_POINT ( 'NONE',  ( 10.65672235828497900, 17.00032731220768800, -0.1929807435356506700 ) ) ;
#1121 = CARTESIAN_POINT ( 'NONE',  ( 12.46794919243112100, -8.500000000000000000, -14.72243186433546000 ) ) ;
#1122 = AXIS2_PLACEMENT_3D ( 'NONE', #2503, #2420, #2414 ) ;
#1123 = EDGE_LOOP ( 'NONE', ( #2529, #431, #529, #79 ) ) ;
#1124 = AXIS2_PLACEMENT_3D ( 'NONE', #2389, #2386, #2373 ) ;
#1125 = CARTESIAN_POINT ( 'NONE',  ( 10.71916979236375900, 16.98964510578680300, -0.6327159465234835100 ) ) ;
#1126 = CARTESIAN_POINT ( 'NONE',  ( 10.77626063235331200, 16.97991417431677200, -0.8517450709852031300 ) ) ;
#1127 = CARTESIAN_POINT ( 'NONE',  ( 11.00000000000000000, 0.0000000000000000000, 1.653218577660209900E-015 ) ) ;
#1128 = CARTESIAN_POINT ( 'NONE',  ( 10.93427169893820400, 16.95410230216281300, -1.265452551820252200 ) ) ;
#1129 = CARTESIAN_POINT ( 'NONE',  ( 11.03625278844744200, 16.93785393221874000, -1.464339632012176400 ) ) ;
#1130 = VERTEX_POINT ( 'NONE', #1632 ) ;
#1131 = CARTESIAN_POINT ( 'NONE',  ( 11.28038545347550100, 16.90141847466078700, -1.837726838094857500 ) ) ;
#1132 = FACE_OUTER_BOUND ( 'NONE', #120, .T. ) ;
#1133 = CARTESIAN_POINT ( 'NONE',  ( 11.42091449714253300, 16.88147882107860200, -2.010256584429979600 ) ) ;
#1134 = CARTESIAN_POINT ( 'NONE',  ( 11.57822100320229800, 16.86112582874429900, -2.168510107678490100 ) ) ;
#1135 = CARTESIAN_POINT ( 'NONE',  ( 14.20000000000000300, -3.469254338402481900, -12.00892477849186300 ) ) ;
#1136 = AXIS2_PLACEMENT_3D ( 'NONE', #2458, #2425, #2423 ) ;
#1137 = EDGE_CURVE ( 'NONE', #1641, #1641, #1472, .T. ) ;
#1138 = ADVANCED_FACE ( 'E554', ( #1575 ), #1624, .T. ) ;
#1139 = CARTESIAN_POINT ( 'NONE',  ( 14.39897629236842900, 12.13466109951160000, 3.000000000000000000 ) ) ;
#1140 = CARTESIAN_POINT ( 'NONE',  ( 14.59447646006291400, -3.488673213291317000, -12.00336261476298600 ) ) ;
#1141 = AXIS2_PLACEMENT_3D ( 'NONE', #2590, #2550, #2545 ) ;
#1142 = CARTESIAN_POINT ( 'NONE',  ( 14.97885715977003700, -3.564332904421694300, -11.98111371271815000 ) ) ;
#1143 = CARTESIAN_POINT ( 'NONE',  ( 15.16977342204037700, -3.621534551216929000, -11.96413253746890100 ) ) ;
#1144 = AXIS2_PLACEMENT_3D ( 'NONE', #2540, #2535, #2576 ) ;
#1145 = ADVANCED_FACE ( 'E1374', ( #1049, #1132 ), #2410, .F. ) ;
#1146 = EDGE_LOOP ( 'NONE', ( #657, #906, #116, #930 ) ) ;
#1147 = CARTESIAN_POINT ( 'NONE',  ( 15.53268982043122800, -3.769280906705211100, -11.91841018450564100 ) ) ;
#1148 = CARTESIAN_POINT ( 'NONE',  ( 15.70470070713328800, -3.859234798064751400, -11.88985457309290600 ) ) ;
#1149 = FACE_OUTER_BOUND ( 'NONE', #47, .T. ) ;
#1150 = CARTESIAN_POINT ( 'NONE',  ( 13.33397459621556000, -9.799038105676650900, -13.97243186433546200 ) ) ;
#1151 = DIRECTION ( 'NONE',  ( -0.5000000000000001100, 0.7500000000000001100, -0.4330127018922190800 ) ) ;
#1152 = CARTESIAN_POINT ( 'NONE',  ( 16.03023795474892000, -4.069892558922251900, -11.81940394244655600 ) ) ;
#1153 = EDGE_LOOP ( 'NONE', ( #2549, #1442, #2325, #2604 ) ) ;
#1154 = AXIS2_PLACEMENT_3D ( 'NONE', #2646, #2600, #2596 ) ;
#1155 = AXIS2_PLACEMENT_3D ( 'NONE', #2565, #2560, #2554 ) ;
#1156 = CARTESIAN_POINT ( 'NONE',  ( 16.18377839685252800, -4.191238360266707400, -11.77722716086280200 ) ) ;
#1157 = EDGE_LOOP ( 'NONE', ( #1848 ) ) ;
#1158 = CARTESIAN_POINT ( 'NONE',  ( 19.09999999999999800, 0.0000000000000000000, 0.0000000000000000000 ) ) ;
#1159 = DIRECTION ( 'NONE',  ( -1.000000000000000000, 0.0000000000000000000, 0.0000000000000000000 ) ) ;
#1160 = CARTESIAN_POINT ( 'NONE',  ( 16.45936140856260400, -4.453687297699309200, -11.68050632658736500 ) ) ;
#1161 = AXIS2_PLACEMENT_3D ( 'NONE', #2702, #2712, #2678 ) ;
#1162 = CARTESIAN_POINT ( 'NONE',  ( 16.58329293038264000, -4.595847138622146700, -11.62564066066553500 ) ) ;
#1163 = ORIENTED_EDGE ( 'NONE', *, *, #2087, .T. ) ;
#1164 = ORIENTED_EDGE ( 'NONE', *, *, #1020, .T. ) ;
#1165 = DIRECTION ( 'NONE',  ( 0.0000000000000000000, 0.0000000000000000000, 1.000000000000000000 ) ) ;
#1166 = ORIENTED_EDGE ( 'NONE', *, *, #2211, .T. ) ;
#1167 = CARTESIAN_POINT ( 'NONE',  ( -8.500000000000000000, 0.0000000000000000000, 0.0000000000000000000 ) ) ;
#1168 = AXIS2_PLACEMENT_3D ( 'NONE', #2726, #2713, #2728 ) ;
#1169 = CARTESIAN_POINT ( 'NONE',  ( 16.80265385973028800, -4.901703516431085800, -11.50002757951075700 ) ) ;
#1170 = CARTESIAN_POINT ( 'NONE',  ( 16.89538269150785500, -5.061933016339892800, -11.43064456758740900 ) ) ;
#1171 = ORIENTED_EDGE ( 'NONE', *, *, #2237, .T. ) ;
#1172 = DIRECTION ( 'NONE',  ( 0.5000000000000001100, -0.7500000000000001100, 0.4330127018922190800 ) ) ;
#1173 = AXIS2_PLACEMENT_3D ( 'NONE', #2687, #2683, #2682 ) ;
#1174 = ORIENTED_EDGE ( 'NONE', *, *, #2555, .F. ) ;
#1175 = AXIS2_PLACEMENT_3D ( 'NONE', #2784, #2742, #2737 ) ;
#1176 = ORIENTED_EDGE ( 'NONE', *, *, #2849, .F. ) ;
#1177 = CARTESIAN_POINT ( 'NONE',  ( 9.891233068804240200, 0.0000000000000000000, 0.0000000000000000000 ) ) ;
#1178 = ORIENTED_EDGE ( 'NONE', *, *, #2018, .F. ) ;
#1179 = CARTESIAN_POINT ( 'NONE',  ( 15.06602540378445100, -7.200961894323341100, -15.47243186433545000 ) ) ;
#1180 = CARTESIAN_POINT ( 'NONE',  ( 17.04526546535557000, -5.390972629756021200, -11.27919390726344800 ) ) ;
#1181 = ORIENTED_EDGE ( 'NONE', *, *, #2470, .F. ) ;
#1182 = CARTESIAN_POINT ( 'NONE',  ( 17.10328153755571300, -5.562150109141857300, -11.19598699390591500 ) ) ;
#1183 = DIRECTION ( 'NONE',  ( 0.0000000000000000000, 1.000000000000000000, 0.0000000000000000000 ) ) ;
#1184 = CARTESIAN_POINT ( 'NONE',  ( 13.33397459621556000, -7.200961894323341100, -15.47243186433545000 ) ) ;
#1185 = AXIS2_PLACEMENT_3D ( 'NONE', #2627, #2619, #2613 ) ;
#1186 = CARTESIAN_POINT ( 'NONE',  ( 17.18064636342539900, -5.906922817846294500, -11.01798082356036600 ) ) ;
#1187 = DIRECTION ( 'NONE',  ( 1.000000000000000000, 5.551115123125780700E-016, -3.204937810639275000E-016 ) ) ;
#1188 = CARTESIAN_POINT ( 'NONE',  ( 17.19987831715290100, -6.078244554220287200, -10.92444687842743500 ) ) ;
#1189 = DIRECTION ( 'NONE',  ( -1.000000000000000000, -5.551115123125780700E-016, 3.204937810639275000E-016 ) ) ;
#1190 = FACE_OUTER_BOUND ( 'NONE', #414, .T. ) ;
#1191 = CARTESIAN_POINT ( 'NONE',  ( 17.20012054271904800, -6.418552005756435400, -10.72803740718177500 ) ) ;
#1192 = AXIS2_PLACEMENT_3D ( 'NONE', #481, #280, #313 ) ;
#1193 = CARTESIAN_POINT ( 'NONE',  ( -3.348721368710807500, -28.95179149936562600, 15.50000000000000200 ) ) ;
#1194 = CARTESIAN_POINT ( 'NONE',  ( 17.18046673866757200, -6.589047444003680800, -10.62410734532388000 ) ) ;
#1195 = CARTESIAN_POINT ( 'NONE',  ( -3.191233068804240100, -28.94242879798120100, 15.50000000000000000 ) ) ;
#1196 = AXIS2_PLACEMENT_3D ( 'NONE', #2769, #2768, #2765 ) ;
#1197 = AXIS2_PLACEMENT_3D ( 'NONE', #2750, #2746, #2745 ) ;
#1198 = CARTESIAN_POINT ( 'NONE',  ( 17.10359707484181900, -6.913702699154399100, -10.41575336171135100 ) ) ;
#1199 = CARTESIAN_POINT ( 'NONE',  ( 17.04673027270094800, -7.069339453332897700, -10.31057095191557200 ) ) ;
#1200 = CLOSED_SHELL ( 'NONE', ( #2213, #2161, #2096, #2439, #26, #2284, #2242, #2472, #174, #2276, #578, #2372, #891, #2645, #2293, #1138, #2812, #2374, #2743, #2483, #2015, #2648, #2137, #2016, #2104, #2199, #251, #967, #2175, #2248, #2509, #2339, #347, #2463, #2349, #2615, #2632, #2317, #1993, #366, #168, #524, #2477, #1855, #2299, #819, #2451, #2835, #2559, #339, #2546, #2304, #2494, #110, #2166, #204, #1235, #188, #2267, #440, #2552, #2197, #2755, #2367, #542, #1, #723, #2070, #471, #1936, #1274, #2580, #2147, #108, #2387, #2139, #1030 ) ) ;
#1201 = CARTESIAN_POINT ( 'NONE',  ( -4.300000000000006900, -29.94433998796106200, 15.50000000000000000 ) ) ;
#1202 = AXIS2_PLACEMENT_3D ( 'NONE', #546, #225, #94 ) ;
#1203 = CARTESIAN_POINT ( 'NONE',  ( 16.46049503729538400, -7.887900658077833200, -9.697986183604596600 ) ) ;
#1204 = DIRECTION ( 'NONE',  ( 6.409875621278545100E-016, -0.8660254037844387100, 0.4999999999999998900 ) ) ;
#1205 = VECTOR ( 'NONE', #1839, 1000.000000000000000 ) ;
#1206 = CARTESIAN_POINT ( 'NONE',  ( 16.18239554647700400, -8.104824038404761000, -9.517443990672424200 ) ) ;
#1207 = CYLINDRICAL_SURFACE ( 'NONE', #1707, 0.4250000000000000400 ) ;
#1208 = CARTESIAN_POINT ( 'NONE',  ( 15.16971642243856900, -8.550466899117227000, -9.118413496803791300 ) ) ;
#1209 = CARTESIAN_POINT ( 'NONE',  ( 16.03174015644050200, -8.200026881248321700, -9.435138563817377000 ) ) ;
#1210 = VERTEX_POINT ( 'NONE', #1766 ) ;
#1211 = PLANE ( 'NONE',  #977 ) ;
#1212 = VERTEX_POINT ( 'NONE', #1749 ) ;
#1213 = CARTESIAN_POINT ( 'NONE',  ( 15.53185457172973600, -8.437292982728354900, -9.223233490224339800 ) ) ;
#1214 = ORIENTED_EDGE ( 'NONE', *, *, #2297, .T. ) ;
#1215 = CARTESIAN_POINT ( 'NONE',  ( -3.191233068804240100, 28.94242879798120100, -15.50000000000000000 ) ) ;
#1216 = AXIS2_PLACEMENT_3D ( 'NONE', #2801, #2799, #2795 ) ;
#1217 = DIRECTION ( 'NONE',  ( -0.5000000000000001100, -0.7500000000000001100, 0.4330127018922190800 ) ) ;
#1218 = CARTESIAN_POINT ( 'NONE',  ( 14.98272114505820300, -8.593053479485362800, -9.078051410496321700 ) ) ;
#1219 = CARTESIAN_POINT ( 'NONE',  ( 14.59662048462720600, -8.650714403921368100, -9.023121733341355400 ) ) ;
#1220 = VERTEX_POINT ( 'NONE', #1756 ) ;
#1221 = AXIS2_PLACEMENT_3D ( 'NONE', #310, #248, #293 ) ;
#1222 = DIRECTION ( 'NONE',  ( 0.0000000000000000000, -0.8660254037844389300, 0.4999999999999998300 ) ) ;
#1223 = DIRECTION ( 'NONE',  ( 0.0000000000000000000, 0.4999999999999998900, 0.8660254037844387100 ) ) ;
#1224 = CARTESIAN_POINT ( 'NONE',  ( 15.70752294894770700, -8.366017780104073200, -9.288273632630090800 ) ) ;
#1225 = CARTESIAN_POINT ( 'NONE',  ( 15.53268982043121900, 12.20628644585766400, 2.694912073046461700 ) ) ;
#1226 = CARTESIAN_POINT ( 'NONE',  ( 14.20000000000000100, -8.500000000000000000, -14.72243186433546000 ) ) ;
#1227 = AXIS2_PLACEMENT_3D ( 'NONE', #733, #790, #707 ) ;
#1228 = CARTESIAN_POINT ( 'NONE',  ( 14.39745887959346100, -8.665344864497194900, -9.008984314930314600 ) ) ;
#1229 = CARTESIAN_POINT ( 'NONE',  ( -4.299999999999999800, 12.70707070707070100, 31.53617532367399800 ) ) ;
#1230 = CARTESIAN_POINT ( 'NONE',  ( 11.81580122257234500, -7.769052592660948200, -9.793802492355281300 ) ) ;
#1231 = EDGE_LOOP ( 'NONE', ( #450, #93, #2095, #2159, #503 ) ) ;
#1232 = AXIS2_PLACEMENT_3D ( 'NONE', #508, #507, #488 ) ;
#1233 = CARTESIAN_POINT ( 'NONE',  ( -4.197929426232481600, -29.62892924648819100, 15.50000000000000200 ) ) ;
#1234 = ORIENTED_EDGE ( 'NONE', *, *, #2461, .T. ) ;
#1235 = ADVANCED_FACE ( 'E1223', ( #151 ), #1757, .T. ) ;
#1236 = CARTESIAN_POINT ( 'NONE',  ( 11.94201388175422300, -7.890058143443207300, -9.696218154417140400 ) ) ;
#1237 = AXIS2_PLACEMENT_3D ( 'NONE', #832, #727, #716 ) ;
#1238 = AXIS2_PLACEMENT_3D ( 'NONE', #1849, #951, #987 ) ;
#1239 = DIRECTION ( 'NONE',  ( -1.000000000000000000, 0.0000000000000000000, 0.0000000000000000000 ) ) ;
#1240 = CARTESIAN_POINT ( 'NONE',  ( 12.21885301637236600, -8.105594726080227000, -9.516774566075595100 ) ) ;
#1241 = ORIENTED_EDGE ( 'NONE', *, *, #2396, .T. ) ;
#1242 = AXIS2_PLACEMENT_3D ( 'NONE', #817, #845, #796 ) ;
#1243 = AXIS2_PLACEMENT_3D ( 'NONE', #1698, #1601, #1631 ) ;
#1244 = ORIENTED_EDGE ( 'NONE', *, *, #1979, .T. ) ;
#1245 = DIRECTION ( 'NONE',  ( 1.000000000000000000, 0.0000000000000000000, 0.0000000000000000000 ) ) ;
#1246 = AXIS2_PLACEMENT_3D ( 'NONE', #1886, #1931, #1913 ) ;
#1247 = DIRECTION ( 'NONE',  ( 0.0000000000000000000, -1.000000000000000000, 0.0000000000000000000 ) ) ;
#1248 = EDGE_LOOP ( 'NONE', ( #475 ) ) ;
#1249 = CARTESIAN_POINT ( 'NONE',  ( 13.33397459621556000, -7.200961894323341100, -15.47243186433545000 ) ) ;
#1250 = ORIENTED_EDGE ( 'NONE', *, *, #2447, .F. ) ;
#1251 = AXIS2_PLACEMENT_3D ( 'NONE', #1563, #1868, #2710 ) ;
#1252 = FACE_OUTER_BOUND ( 'NONE', #215, .T. ) ;
#1253 = CARTESIAN_POINT ( 'NONE',  ( 15.93205080756890100, -8.500000000000000000, -14.72243186433546000 ) ) ;
#1254 = DIRECTION ( 'NONE',  ( 0.0000000000000000000, 0.0000000000000000000, -1.000000000000000000 ) ) ;
#1255 = AXIS2_PLACEMENT_3D ( 'NONE', #1497, #1585, #2819 ) ;
#1256 = CARTESIAN_POINT ( 'NONE',  ( 3.005203820042829900, 0.0000000000000000000, 0.0000000000000000000 ) ) ;
#1257 = ORIENTED_EDGE ( 'NONE', *, *, #991, .T. ) ;
#1258 = DIRECTION ( 'NONE',  ( 1.000000000000000000, -0.0000000000000000000, -0.0000000000000000000 ) ) ;
#1259 = DIRECTION ( 'NONE',  ( 1.000000000000000000, 0.0000000000000000000, 0.0000000000000000000 ) ) ;
#1260 = DIRECTION ( 'NONE',  ( 0.0000000000000000000, 0.8660254037844387100, -0.4999999999999997800 ) ) ;
#1261 = DIRECTION ( 'NONE',  ( 0.0000000000000000000, 0.0000000000000000000, 1.000000000000000000 ) ) ;
#1262 = EDGE_LOOP ( 'NONE', ( #813, #2352, #2133, #320 ) ) ;
#1263 = AXIS2_PLACEMENT_3D ( 'NONE', #1918, #2833, #1760 ) ;
#1264 = DIRECTION ( 'NONE',  ( -0.0000000000000000000, 0.4999999999999998900, 0.8660254037844387100 ) ) ;
#1265 = CARTESIAN_POINT ( 'NONE',  ( -13.70000000000000100, 0.0000000000000000000, 0.0000000000000000000 ) ) ;
#1266 = CARTESIAN_POINT ( 'NONE',  ( 14.20000000000000100, -6.520625000000000800, -11.29405379710380000 ) ) ;
#1267 = AXIS2_PLACEMENT_3D ( 'NONE', #2804, #2571, #1560 ) ;
#1268 = DIRECTION ( 'NONE',  ( -1.000000000000000000, 0.0000000000000000000, 0.0000000000000000000 ) ) ;
#1269 = CARTESIAN_POINT ( 'NONE',  ( -4.299999999999999800, -30.26136150274804800, 15.50000000000000000 ) ) ;
#1270 = DIRECTION ( 'NONE',  ( 0.0000000000000000000, 0.0000000000000000000, 1.000000000000000000 ) ) ;
#1271 = AXIS2_PLACEMENT_3D ( 'NONE', #2691, #2759, #2734 ) ;
#1272 = CARTESIAN_POINT ( 'NONE',  ( 13.33397459621556000, 15.87500000000000000, -1.500000000000000000 ) ) ;
#1273 = AXIS2_PLACEMENT_3D ( 'NONE', #1388, #1239, #1521 ) ;
#1274 = ADVANCED_FACE ( 'E1343', ( #937, #1351 ), #32, .T. ) ;
#1275 = EDGE_LOOP ( 'NONE', ( #1330 ) ) ;
#1276 = AXIS2_PLACEMENT_3D ( 'NONE', #2586, #2073, #2518 ) ;
#1277 = ORIENTED_EDGE ( 'NONE', *, *, #2193, .F. ) ;
#1278 = DIRECTION ( 'NONE',  ( 0.0000000000000000000, -0.8660254037844389300, 0.4999999999999998300 ) ) ;
#1279 = AXIS2_PLACEMENT_3D ( 'NONE', #1566, #2697, #2594 ) ;
#1280 = CARTESIAN_POINT ( 'NONE',  ( 0.0000000000000000000, 0.0000000000000000000, 0.0000000000000000000 ) ) ;
#1281 = AXIS2_PLACEMENT_3D ( 'NONE', #2561, #2457, #2522 ) ;
#1282 = EDGE_LOOP ( 'NONE', ( #2116 ) ) ;
#1283 = ORIENTED_EDGE ( 'NONE', *, *, #2262, .F. ) ;
#1284 = DIRECTION ( 'NONE',  ( 0.0000000000000000000, 0.4999999999999998900, 0.8660254037844387100 ) ) ;
#1285 = CARTESIAN_POINT ( 'NONE',  ( -8.500000000000000000, 0.0000000000000000000, 0.0000000000000000000 ) ) ;
#1286 = EDGE_CURVE ( 'E1161', #841, #709, #387, .T. ) ;
#1287 = DIRECTION ( 'NONE',  ( 1.000000000000000000, 0.0000000000000000000, 1.224606353822375800E-016 ) ) ;
#1288 = CARTESIAN_POINT ( 'NONE',  ( 14.20000000000000100, -6.250000000000000000, -10.82531754730550100 ) ) ;
#1289 = AXIS2_PLACEMENT_3D ( 'NONE', #2773, #2740, #2756 ) ;
#1290 = DIRECTION ( 'NONE',  ( 1.457363531875928500E-016, 0.0000000000000000000, -1.000000000000000000 ) ) ;
#1291 = EDGE_LOOP ( 'NONE', ( #2692, #1692, #63, #2621, #185, #2043 ) ) ;
#1292 = AXIS2_PLACEMENT_3D ( 'NONE', #2062, #1048, #1046 ) ;
#1293 = DIRECTION ( 'NONE',  ( 0.0000000000000000000, 1.000000000000000000, 0.0000000000000000000 ) ) ;
#1294 = DIRECTION ( 'NONE',  ( -1.000000000000000000, 0.0000000000000000000, 0.0000000000000000000 ) ) ;
#1295 = EDGE_LOOP ( 'NONE', ( #696 ) ) ;
#1296 = AXIS2_PLACEMENT_3D ( 'NONE', #1417, #1327, #1445 ) ;
#1297 = ORIENTED_EDGE ( 'NONE', *, *, #1908, .T. ) ;
#1298 = CARTESIAN_POINT ( 'NONE',  ( 8.500000000000000000, 0.0000000000000000000, 0.0000000000000000000 ) ) ;
#1299 = DIRECTION ( 'NONE',  ( -1.000000000000000000, 0.0000000000000000000, 0.0000000000000000000 ) ) ;
#1300 = ORIENTED_EDGE ( 'NONE', *, *, #2733, .T. ) ;
#1301 = AXIS2_PLACEMENT_3D ( 'NONE', #67, #69, #1479 ) ;
#1302 = DIRECTION ( 'NONE',  ( 0.0000000000000000000, 0.0000000000000000000, 1.000000000000000000 ) ) ;
#1303 = APPROVAL_DATE_TIME ( #1310, #821 ) ;
#1304 = DIRECTION ( 'NONE',  ( 0.0000000000000000000, -1.000000000000000000, 0.0000000000000000000 ) ) ;
#1305 = B_SPLINE_CURVE_WITH_KNOTS ( 'NONE', 3,
 ( #2320, #2328, #2275, #2268, #2266, #2261, #2258, #2257, #2251, #2250, #2244, #2241 ),
 .UNSPECIFIED., .F., .F.,
 ( 4, 2, 2, 2, 2, 4 ),
 ( 0.007128323156530665800, 0.007363644857246227900, 0.007598966557961790000, 0.008069609959392910800, 0.008540253360824029800, 0.009010896762255150500 ),
 .UNSPECIFIED. ) ;
#1306 = AXIS2_PLACEMENT_3D ( 'NONE', #2473, #2083, #2493 ) ;
#1307 = DIRECTION ( 'NONE',  ( 1.000000000000000000, 0.0000000000000000000, 0.0000000000000000000 ) ) ;
#1308 = CARTESIAN_POINT ( 'NONE',  ( 8.500000000000000000, 0.0000000000000000000, 0.0000000000000000000 ) ) ;
#1309 = CARTESIAN_POINT ( 'NONE',  ( -8.250000000000000000, 0.0000000000000000000, -1.010300241903460100E-015 ) ) ;
#1310 = DATE_AND_TIME ( #1314, #1318 ) ;
#1311 = EDGE_CURVE ( 'E1218', #2642, #42, #33, .T. ) ;
#1312 = DIRECTION ( 'NONE',  ( -1.000000000000000000, 0.0000000000000000000, -1.224606353822375800E-016 ) ) ;
#1313 = EDGE_LOOP ( 'NONE', ( #1176, #690, #553, #92 ) ) ;
#1314 = CALENDAR_DATE ( 2019, 8, 3 ) ;
#1315 = DIRECTION ( 'NONE',  ( 0.0000000000000000000, -1.000000000000000000, 0.0000000000000000000 ) ) ;
#1316 = AXIS2_PLACEMENT_3D ( 'NONE', #1386, #1370, #1331 ) ;
#1317 = AXIS2_PLACEMENT_3D ( 'NONE', #1177, #953, #1165 ) ;
#1318 = LOCAL_TIME ( 9, 13, 19.00000000000000000, #1321 ) ;
#1319 = CARTESIAN_POINT ( 'NONE',  ( -4.299999999999999800, 63.46228429725189800, 0.0000000000000000000 ) ) ;
#1320 = ORIENTED_EDGE ( 'NONE', *, *, #2465, .F. ) ;
#1321 = COORDINATED_UNIVERSAL_TIME_OFFSET ( 3, 0, .BEHIND. ) ;
#1322 = CARTESIAN_POINT ( 'NONE',  ( 19.69999999999999900, 0.0000000000000000000, 0.0000000000000000000 ) ) ;
#1323 = APPROVAL_PERSON_ORGANIZATION ( #1329, #821, #245 ) ;
#1324 = ORIENTED_EDGE ( 'NONE', *, *, #2269, .F. ) ;
#1325 = DIRECTION ( 'NONE',  ( 0.0000000000000000000, 0.0000000000000000000, 1.000000000000000000 ) ) ;
#1326 = DIRECTION ( 'NONE',  ( 1.000000000000000000, 0.0000000000000000000, 0.0000000000000000000 ) ) ;
#1327 = DIRECTION ( 'NONE',  ( -1.000000000000000000, 0.0000000000000000000, 0.0000000000000000000 ) ) ;
#1328 = EDGE_CURVE ( 'NONE', #1638, #1638, #1676, .T. ) ;
#1329 = PERSON_AND_ORGANIZATION ( #552, #1434 ) ;
#1330 = ORIENTED_EDGE ( 'NONE', *, *, #1328, .F. ) ;
#1331 = DIRECTION ( 'NONE',  ( 1.407644935110082800E-016, 0.0000000000000000000, -1.000000000000000000 ) ) ;
#1332 = DATE_AND_TIME ( #1333, #1338 ) ;
#1333 = CALENDAR_DATE ( 2019, 8, 3 ) ;
#1334 = ORIENTED_EDGE ( 'NONE', *, *, #2629, .T. ) ;
#1335 = AXIS2_PLACEMENT_3D ( 'NONE', #852, #961, #971 ) ;
#1336 = AXIS2_PLACEMENT_3D ( 'NONE', #1900, #2344, #1633 ) ;
#1337 = CARTESIAN_POINT ( 'NONE',  ( 4.724999999999998800, -19.87144115133494900, 11.60246958644415500 ) ) ;
#1338 = LOCAL_TIME ( 9, 13, 19.00000000000000000, #1339 ) ;
#1339 = COORDINATED_UNIVERSAL_TIME_OFFSET ( 3, 0, .BEHIND. ) ;
#1340 = EDGE_LOOP ( 'NONE', ( #377, #1622, #384, #322, #297, #1056 ) ) ;
#1341 = DIRECTION ( 'NONE',  ( 1.000000000000000000, 0.0000000000000000000, 0.0000000000000000000 ) ) ;
#1342 = CARTESIAN_POINT ( 'NONE',  ( 4.724999999999999600, -19.92759756774970000, 11.50520382004282100 ) ) ;
#1343 = AXIS2_PLACEMENT_3D ( 'NONE', #901, #941, #944 ) ;
#1344 = EDGE_LOOP ( 'NONE', ( #1912 ) ) ;
#1345 = PERSON_AND_ORGANIZATION ( #552, #1434 ) ;
#1346 = CARTESIAN_POINT ( 'NONE',  ( 4.724999999999999600, -11.50520382004282100, -19.92759756774970000 ) ) ;
#1347 = EDGE_LOOP ( 'NONE', ( #10 ) ) ;
#1348 = EDGE_CURVE ( 'NONE', #1634, #1634, #606, .T. ) ;
#1349 = PERSON_AND_ORGANIZATION ( #552, #1434 ) ;
#1350 = CARTESIAN_POINT ( 'NONE',  ( 3.005203820042829900, 0.0000000000000000000, 0.0000000000000000000 ) ) ;
#1351 = FACE_OUTER_BOUND ( 'NONE', #4, .T. ) ;
#1352 = DIRECTION ( 'NONE',  ( -1.000000000000000000, 0.0000000000000000000, 0.0000000000000000000 ) ) ;
#1353 = DIRECTION ( 'NONE',  ( 0.0000000000000000000, 1.000000000000000000, 0.0000000000000000000 ) ) ;
#1354 = DIRECTION ( 'NONE',  ( -1.000000000000000000, 0.0000000000000000000, 0.0000000000000000000 ) ) ;
#1355 = AXIS2_PLACEMENT_3D ( 'NONE', #1158, #539, #744 ) ;
#1356 = DIRECTION ( 'NONE',  ( 0.0000000000000000000, 0.0000000000000000000, 1.000000000000000000 ) ) ;
#1357 = CARTESIAN_POINT ( 'NONE',  ( 4.724999999999998800, -11.60246958644415500, -19.87144115133494900 ) ) ;
#1358 = FACE_BOUND ( 'NONE', #137, .T. ) ;
#1359 = CARTESIAN_POINT ( 'NONE',  ( -8.500000000000000000, 0.0000000000000000000, 0.0000000000000000000 ) ) ;
#1360 = ORIENTED_EDGE ( 'NONE', *, *, #1996, .F. ) ;
#1361 = PERSON_AND_ORGANIZATION ( #552, #1434 ) ;
#1362 = CARTESIAN_POINT ( 'NONE',  ( 4.678918127154274100, -11.69711059541775600, -19.81571630722225000 ) ) ;
#1363 = AXIS2_PLACEMENT_3D ( 'NONE', #837, #873, #874 ) ;
#1364 = FACE_OUTER_BOUND ( 'NONE', #1153, .T. ) ;
#1365 = CARTESIAN_POINT ( 'NONE',  ( 4.522068451503060700, -11.83189767192364900, -19.73553157457065400 ) ) ;
#1366 = CARTESIAN_POINT ( 'NONE',  ( 4.411095126136014100, -11.87125148173212400, -19.71172869191991900 ) ) ;
#1367 = ORIENTED_EDGE ( 'NONE', *, *, #2079, .T. ) ;
#1368 = APPROVAL_DATE_TIME ( #1371, #530 ) ;
#1369 = AXIS2_PLACEMENT_3D ( 'NONE', #736, #737, #740 ) ;
#1370 = DIRECTION ( 'NONE',  ( 1.000000000000000000, 0.0000000000000000000, 1.683833736505770000E-016 ) ) ;
#1371 = DATE_AND_TIME ( #1374, #1378 ) ;
#1372 = EDGE_LOOP ( 'NONE', ( #2654 ) ) ;
#1373 = B_SPLINE_CURVE_WITH_KNOTS ( 'NONE', 3,
 ( #548, #423, #554, #556 ),
 .UNSPECIFIED., .F., .F.,
 ( 4, 4 ),
 ( 0.06203292634502941700, 0.06222462466704604300 ),
 .UNSPECIFIED. ) ;
#1374 = CALENDAR_DATE ( 2019, 8, 3 ) ;
#1375 = CARTESIAN_POINT ( 'NONE',  ( 4.189356656745420800, -11.87135245950136100, -19.71166787840838100 ) ) ;
#1376 = ORIENTED_EDGE ( 'NONE', *, *, #2324, .T. ) ;
#1377 = AXIS2_PLACEMENT_3D ( 'NONE', #573, #664, #681 ) ;
#1378 = LOCAL_TIME ( 9, 13, 19.00000000000000000, #1380 ) ;
#1379 = CARTESIAN_POINT ( 'NONE',  ( 4.079011313834296700, -11.83276795239420300, -19.73501333832133400 ) ) ;
#1380 = COORDINATED_UNIVERSAL_TIME_OFFSET ( 3, 0, .BEHIND. ) ;
#1381 = APPROVAL_PERSON_ORGANIZATION ( #1385, #530, #234 ) ;
#1382 = CARTESIAN_POINT ( 'NONE',  ( 3.920254911347350800, -11.69645746752335700, -19.81610535875667600 ) ) ;
#1383 = ORIENTED_EDGE ( 'NONE', *, *, #938, .F. ) ;
#1384 = DIRECTION ( 'NONE',  ( 0.0000000000000000000, 0.0000000000000000000, -1.000000000000000000 ) ) ;
#1385 = PERSON_AND_ORGANIZATION ( #552, #1434 ) ;
#1386 = CARTESIAN_POINT ( 'NONE',  ( 8.277488643184911500, 0.0000000000000000000, 8.733337627193010100E-016 ) ) ;
#1387 = DATE_AND_TIME ( #1393, #1395 ) ;
#1388 = CARTESIAN_POINT ( 'NONE',  ( -4.299999999999999800, 0.0000000000000000000, 0.0000000000000000000 ) ) ;
#1389 = AXIS2_PLACEMENT_3D ( 'NONE', #923, #634, #826 ) ;
#1390 = CARTESIAN_POINT ( 'NONE',  ( 3.875039295951179700, -11.60141296868187400, -19.87205035181162000 ) ) ;
#1391 = AXIS2_PLACEMENT_3D ( 'NONE', #568, #570, #572 ) ;
#1392 = CARTESIAN_POINT ( 'NONE',  ( 3.874960757296174000, -11.40925522872489300, -19.98299434971269400 ) ) ;
#1393 = CALENDAR_DATE ( 2019, 8, 3 ) ;
#1394 = VERTEX_POINT ( 'NONE', #1957 ) ;
#1395 = LOCAL_TIME ( 9, 13, 19.00000000000000000, #1404 ) ;
#1396 = ORIENTED_EDGE ( 'NONE', *, *, #1082, .T. ) ;
#1397 = DIRECTION ( 'NONE',  ( 1.000000000000000000, 0.0000000000000000000, 0.0000000000000000000 ) ) ;
#1398 = CARTESIAN_POINT ( 'NONE',  ( 3.920892646553218300, -11.31266826916258200, -20.03767829539704300 ) ) ;
#1399 = EDGE_LOOP ( 'NONE', ( #55 ) ) ;
#1400 = CARTESIAN_POINT ( 'NONE',  ( -9.500000000000000000, 0.0000000000000000000, 0.0000000000000000000 ) ) ;
#1401 = AXIS2_PLACEMENT_3D ( 'NONE', #534, #466, #547 ) ;
#1402 = CARTESIAN_POINT ( 'NONE',  ( 4.077483691379781000, -11.17576939280492000, -20.11435291817234400 ) ) ;
#1403 = ORIENTED_EDGE ( 'NONE', *, *, #2286, .F. ) ;
#1404 = COORDINATED_UNIVERSAL_TIME_OFFSET ( 3, 0, .BEHIND. ) ;
#1405 = CARTESIAN_POINT ( 'NONE',  ( 4.187466920611904600, -11.13528058172623500, -20.13664287169513400 ) ) ;
#1406 = EDGE_LOOP ( 'NONE', ( #1178 ) ) ;
#1407 = PERSON_AND_ORGANIZATION ( #552, #1434 ) ;
#1408 = AXIS2_PLACEMENT_3D ( 'NONE', #517, #521, #525 ) ;
#1409 = APPROVAL_DATE_TIME ( #1414, #638 ) ;
#1410 = CARTESIAN_POINT ( 'NONE',  ( 4.411667114557502600, -11.13508066203374700, -20.13675342318025200 ) ) ;
#1411 = CARTESIAN_POINT ( 'NONE',  ( 4.521743190771409200, -11.17533587145240000, -20.11459364208709000 ) ) ;
#1412 = AXIS2_PLACEMENT_3D ( 'NONE', #484, #486, #428 ) ;
#1413 = DIRECTION ( 'NONE',  ( 0.0000000000000000000, -1.000000000000000000, 0.0000000000000000000 ) ) ;
#1414 = DATE_AND_TIME ( #1416, #1418 ) ;
#1415 = CARTESIAN_POINT ( 'NONE',  ( 4.678817460865542600, -11.31217409555766200, -20.03795714282907900 ) ) ;
#1416 = CALENDAR_DATE ( 2019, 8, 3 ) ;
#1417 = CARTESIAN_POINT ( 'NONE',  ( -3.000000000000000000, 49.50000000000000000, 0.0000000000000000000 ) ) ;
#1418 = LOCAL_TIME ( 9, 13, 19.00000000000000000, #1422 ) ;
#1419 = CARTESIAN_POINT ( 'NONE',  ( 4.725000000000001400, -11.40793805364148700, -19.98375398416445100 ) ) ;
#1420 = CARTESIAN_POINT ( 'NONE',  ( 4.724999999999999600, -11.50520382004282100, -19.92759756774970000 ) ) ;
#1421 = AXIS2_PLACEMENT_3D ( 'NONE', #323, #380, #385 ) ;
#1422 = COORDINATED_UNIVERSAL_TIME_OFFSET ( 3, 0, .BEHIND. ) ;
#1423 = DIRECTION ( 'NONE',  ( -1.000000000000000000, 0.0000000000000000000, 0.0000000000000000000 ) ) ;
#1424 = CARTESIAN_POINT ( 'NONE',  ( -9.500000000000000000, 0.0000000000000000000, 0.0000000000000000000 ) ) ;
#1425 = APPROVAL_PERSON_ORGANIZATION ( #1426, #638, #253 ) ;
#1426 = PERSON_AND_ORGANIZATION ( #552, #1434 ) ;
#1427 = AXIS2_PLACEMENT_3D ( 'NONE', #454, #457, #400 ) ;
#1428 = B_SPLINE_CURVE_WITH_KNOTS ( 'NONE', 3,
 ( #924, #949, #956, #957, #962, #968, #969, #972, #975, #978, #979, #980, #982, #986, #988, #993, #994, #997, #1000, #1004, #1005, #1010, #1014, #1015, #1018, #1023, #1026, #1028, #1032, #1035, #1037, #1038, #1042, #1044, #1052, #1058, #1059, #1065, #1069, #1071, #1073, #1074, #1078, #1084, #1085, #1088, #1089, #1090, #1093, #1096, #1099, #1100, #1105, #1106, #1110, #1111, #1114, #1116, #1120, #1125, #1126, #1128, #1129, #1131, #1133, #1134 ),
 .UNSPECIFIED., .T., .F.,
 ( 4, 2, 2, 2, 2, 2, 2, 2, 2, 2, 2, 2, 2, 2, 2, 2, 2, 2, 2, 2, 2, 2, 2, 2, 2, 2, 2, 2, 2, 2, 2, 2, 4 ),
 ( 0.0000000000000000000, 0.0006651652256444837900, 0.001330330451288967600, 0.001995495676933451000, 0.002660660902577935200, 0.003325826128222418800, 0.003990991353866902100, 0.004656156579511385800, 0.005321321805155870300, 0.005986487030800354000, 0.006651652256444837700, 0.007316817482089321400, 0.007981982707733804200, 0.008647147933378288700, 0.009312313159022771500, 0.009977478384667257800, 0.01064264361031174200, 0.01130780883595622700, 0.01197297406160071000, 0.01263813928724519400, 0.01330330451288967700, 0.01396846973853416200, 0.01463363496417864600, 0.01529880018982312900, 0.01596396541546761200, 0.01662913064111209600, 0.01729429586675657700, 0.01795946109240106200, 0.01862462631804554700, 0.01928979154369003100, 0.01995495676933451600, 0.02062012199497900000, 0.02128528722062348500 ),
 .UNSPECIFIED. ) ;
#1429 = B_SPLINE_CURVE_WITH_KNOTS ( 'NONE', 3,
 ( #2644, #2650, #2653, #2660, #2662, #2670, #2673, #2680, #2684, #2686, #2694, #85, #2696, #2698, #2699, #2700, #2706, #2709 ),
 .UNSPECIFIED., .T., .F.,
 ( 4, 2, 2, 2, 2, 2, 2, 2, 4 ),
 ( 0.0000000000000000000, 0.0003321556022651138000, 0.0006643112045302276100, 0.0009964668067953413600, 0.001328622409060455200, 0.001660778011325569100, 0.001992933613590682700, 0.002325089215855796600, 0.002657244818120910400 ),
 .UNSPECIFIED. ) ;
#1430 = EDGE_LOOP ( 'NONE', ( #2227, #478, #2397, #1730, #81 ) ) ;
#1431 = PERSON_AND_ORGANIZATION ( #552, #1434 ) ;
#1432 = ORIENTED_EDGE ( 'NONE', *, *, #2359, .F. ) ;
#1433 = CARTESIAN_POINT ( 'NONE',  ( -16.00000000000000000, -55.29292929292930100, -14.37678580932198000 ) ) ;
#1434 = ORGANIZATION ( 'UNSPECIFIED', 'UNSPECIFIED', '' ) ;
#1435 = AXIS2_PLACEMENT_3D ( 'NONE', #348, #352, #355 ) ;
#1436 = CARTESIAN_POINT ( 'NONE',  ( 4.678918127154273200, -19.81571630722225000, 11.69711059541775600 ) ) ;
#1437 = CARTESIAN_POINT ( 'NONE',  ( 4.522068451503061600, -19.73553157457065400, 11.83189767192364900 ) ) ;
#1438 = CARTESIAN_POINT ( 'NONE',  ( 4.411095126136010500, -19.71172869191991900, 11.87125148173212200 ) ) ;
#1439 = CARTESIAN_POINT ( 'NONE',  ( 4.189356656745419900, -19.71166787840838100, 11.87135245950135800 ) ) ;
#1440 = PLANE ( 'NONE',  #996 ) ;
#1441 = CARTESIAN_POINT ( 'NONE',  ( 4.079011313834294900, -19.73501333832133400, 11.83276795239420100 ) ) ;
#1442 = ORIENTED_EDGE ( 'NONE', *, *, #2356, .T. ) ;
#1443 = CARTESIAN_POINT ( 'NONE',  ( 3.920254911347349000, -19.81610535875667600, 11.69645746752335700 ) ) ;
#1444 = ORIENTED_EDGE ( 'NONE', *, *, #2817, .T. ) ;
#1445 = DIRECTION ( 'NONE',  ( 0.0000000000000000000, -1.000000000000000000, 0.0000000000000000000 ) ) ;
#1446 = CARTESIAN_POINT ( 'NONE',  ( 3.875039295951179700, -19.87205035181162000, 11.60141296868187200 ) ) ;
#1447 = CARTESIAN_POINT ( 'NONE',  ( 3.874960757296174000, -19.98299434971269400, 11.40925522872489000 ) ) ;
#1448 = CARTESIAN_POINT ( 'NONE',  ( 3.920892646553218300, -20.03767829539704300, 11.31266826916258200 ) ) ;
#1449 = EDGE_LOOP ( 'NONE', ( #1590 ) ) ;
#1450 = AXIS2_PLACEMENT_3D ( 'NONE', #334, #336, #338 ) ;
#1451 = AXIS2_PLACEMENT_3D ( 'NONE', #314, #316, #319 ) ;
#1452 = CARTESIAN_POINT ( 'NONE',  ( 4.077483691379780100, -20.11435291817234400, 11.17576939280492000 ) ) ;
#1453 = FACE_OUTER_BOUND ( 'NONE', #2776, .T. ) ;
#1454 = CARTESIAN_POINT ( 'NONE',  ( 4.187466920611903700, -20.13664287169513400, 11.13528058172623500 ) ) ;
#1455 = DIRECTION ( 'NONE',  ( -0.06162841671621946400, -0.7044160264027585800, 0.7071067811865476800 ) ) ;
#1456 = AXIS2_PLACEMENT_3D ( 'NONE', #288, #292, #309 ) ;
#1457 = DIRECTION ( 'NONE',  ( 0.06162841671621927000, 0.7044160264027586900, 0.7071067811865476800 ) ) ;
#1458 = EDGE_LOOP ( 'NONE', ( #1257 ) ) ;
#1459 = AXIS2_PLACEMENT_3D ( 'NONE', #369, #241, #239 ) ;
#1460 = CARTESIAN_POINT ( 'NONE',  ( 4.411667114557504400, -20.13675342318025200, 11.13508066203374700 ) ) ;
#1461 = CARTESIAN_POINT ( 'NONE',  ( 5.941834375207180100, 22.19526847191794900, 22.28005079171165200 ) ) ;
#1462 = FACE_OUTER_BOUND ( 'NONE', #1295, .T. ) ;
#1463 = EDGE_LOOP ( 'NONE', ( #243 ) ) ;
#1464 = DIRECTION ( 'NONE',  ( 0.0000000000000000000, 1.000000000000000000, 0.0000000000000000000 ) ) ;
#1465 = CARTESIAN_POINT ( 'NONE',  ( 4.521743190771411000, -20.11459364208709000, 11.17533587145240000 ) ) ;
#1466 = CARTESIAN_POINT ( 'NONE',  ( 2.998244319514446100, 22.75904368199825000, 23.13255041496896400 ) ) ;
#1467 = VERTEX_POINT ( 'NONE', #286 ) ;
#1468 = AXIS2_PLACEMENT_3D ( 'NONE', #211, #217, #218 ) ;
#1469 = ORIENTED_EDGE ( 'NONE', *, *, #1137, .T. ) ;
#1470 = AXIS2_PLACEMENT_3D ( 'NONE', #197, #198, #203 ) ;
#1471 = CARTESIAN_POINT ( 'NONE',  ( 0.0000000000000000000, 0.0000000000000000000, 0.0000000000000000000 ) ) ;
#1472 = B_SPLINE_CURVE_WITH_KNOTS ( 'NONE', 3,
 ( #1627, #1639, #1640, #1645, #1655, #1656, #1661, #1663, #1665, #1669, #1670, #1674, #1684, #1691, #1695, #2060, #1704, #1705 ),
 .UNSPECIFIED., .T., .F.,
 ( 4, 2, 2, 2, 2, 2, 2, 2, 4 ),
 ( 0.0000000000000000000, 0.0003344161788481439000, 0.0006688323576962878000, 0.001003248536544431700, 0.001337664715392575600, 0.001672080894240719300, 0.002006497073088863400, 0.002340913251937007300, 0.002675329430785149900 ),
 .UNSPECIFIED. ) ;
#1473 = VERTEX_POINT ( 'NONE', #287 ) ;
#1474 = CARTESIAN_POINT ( 'NONE',  ( 3.017819509628228800, 22.61878367787861100, 23.26797943445739800 ) ) ;
#1475 = ORIENTED_EDGE ( 'NONE', *, *, #2602, .F. ) ;
#1476 = AXIS2_PLACEMENT_3D ( 'NONE', #2597, #175, #173 ) ;
#1477 = VERTEX_POINT ( 'NONE', #289 ) ;
#1478 = CARTESIAN_POINT ( 'NONE',  ( 3.151565580407315300, 22.19776706370270200, 23.65860475582701400 ) ) ;
#1479 = DIRECTION ( 'NONE',  ( 1.000000000000000000, 0.0000000000000000000, 0.0000000000000000000 ) ) ;
#1480 = PLANE ( 'NONE',  #1301 ) ;
#1481 = AXIS2_PLACEMENT_3D ( 'NONE', #182, #183, #184 ) ;
#1482 = VERTEX_POINT ( 'NONE', #290 ) ;
#1483 = CARTESIAN_POINT ( 'NONE',  ( 4.678817460865542600, -20.03795714282907900, 11.31217409555766200 ) ) ;
#1484 = VECTOR ( 'NONE', #1804, 1000.000000000000000 ) ;
#1485 = VERTEX_POINT ( 'NONE', #291 ) ;
#1486 = CARTESIAN_POINT ( 'NONE',  ( 4.725000000000001400, -19.98375398416445100, 11.40793805364148700 ) ) ;
#1487 = AXIS2_PLACEMENT_3D ( 'NONE', #300, #191, #193 ) ;
#1488 = ORIENTED_EDGE ( 'NONE', *, *, #1878, .T. ) ;
#1489 = VERTEX_POINT ( 'NONE', #294 ) ;
#1490 = CARTESIAN_POINT ( 'NONE',  ( 4.724999999999999600, -19.92759756774970000, 11.50520382004282100 ) ) ;
#1491 = CARTESIAN_POINT ( 'NONE',  ( 4.792808778398140600, 19.61257624750144800, 16.38218046993904800 ) ) ;
#1492 = VERTEX_POINT ( 'NONE', #295 ) ;
#1493 = AXIS2_PLACEMENT_3D ( 'NONE', #2395, #2417, #2436 ) ;
#1494 = DIRECTION ( 'NONE',  ( 1.000000000000000000, 0.0000000000000000000, 0.0000000000000000000 ) ) ;
#1495 = CARTESIAN_POINT ( 'NONE',  ( 13.33397459621556000, 17.00000000000000000, 1.500000000000000000 ) ) ;
#1496 = VERTEX_POINT ( 'NONE', #296 ) ;
#1497 = CARTESIAN_POINT ( 'NONE',  ( -16.00000000000000000, 0.0000000000000000000, 0.0000000000000000000 ) ) ;
#1498 = ORIENTED_EDGE ( 'NONE', *, *, #2461, .F. ) ;
#1499 = AXIS2_PLACEMENT_3D ( 'NONE', #2611, #2618, #2641 ) ;
#1500 = CARTESIAN_POINT ( 'NONE',  ( 3.874172589839746100, -12.94976036015636600, -22.21052196470114000 ) ) ;
#1501 = VERTEX_POINT ( 'NONE', #299 ) ;
#1502 = CARTESIAN_POINT ( 'NONE',  ( 5.096019149118941300, 19.63804382940838500, 16.26298301499311800 ) ) ;
#1503 = ORIENTED_EDGE ( 'NONE', *, *, #2689, .T. ) ;
#1504 = VERTEX_POINT ( 'NONE', #302 ) ;
#1505 = ORIENTED_EDGE ( 'NONE', *, *, #2200, .T. ) ;
#1506 = VERTEX_POINT ( 'NONE', #305 ) ;
#1507 = CARTESIAN_POINT ( 'NONE',  ( 3.929311504279605400, -13.03029685198260000, -22.15337164071035000 ) ) ;
#1508 = VERTEX_POINT ( 'NONE', #306 ) ;
#1509 = CARTESIAN_POINT ( 'NONE',  ( 8.250000000000000000, 0.0000000000000000000, 0.0000000000000000000 ) ) ;
#1510 = EDGE_LOOP ( 'NONE', ( #1297 ) ) ;
#1511 = CARTESIAN_POINT ( 'NONE',  ( 5.417097950128907200, 19.61666655889091300, 16.18472298673028200 ) ) ;
#1512 = VERTEX_POINT ( 'NONE', #307 ) ;
#1513 = AXIS2_PLACEMENT_3D ( 'NONE', #1969, #1962, #1973 ) ;
#1514 = VERTEX_POINT ( 'NONE', #312 ) ;
#1515 = DIRECTION ( 'NONE',  ( 1.000000000000000000, 0.0000000000000000000, 0.0000000000000000000 ) ) ;
#1516 = VERTEX_POINT ( 'NONE', #321 ) ;
#1517 = DIRECTION ( 'NONE',  ( 0.0000000000000000000, -1.000000000000000000, 0.0000000000000000000 ) ) ;
#1518 = VERTEX_POINT ( 'NONE', #1835 ) ;
#1519 = CARTESIAN_POINT ( 'NONE',  ( 5.887970615031568000, 19.51982354710765200, 16.13487665080229800 ) ) ;
#1520 = VERTEX_POINT ( 'NONE', #324 ) ;
#1521 = DIRECTION ( 'NONE',  ( 0.0000000000000000000, 0.0000000000000000000, 1.000000000000000000 ) ) ;
#1522 = CARTESIAN_POINT ( 'NONE',  ( 3.736043049325062300, 21.42036795545888200, 24.31650108412550200 ) ) ;
#1523 = VERTEX_POINT ( 'NONE', #327 ) ;
#1524 = AXIS2_PLACEMENT_3D ( 'NONE', #2407, #2408, #2413 ) ;
#1525 = CARTESIAN_POINT ( 'NONE',  ( 6.045141119354582300, 19.47641461779613800, 16.12922811027942800 ) ) ;
#1526 = ORIENTED_EDGE ( 'NONE', *, *, #1841, .F. ) ;
#1527 = CARTESIAN_POINT ( 'NONE',  ( 6.351938376700329200, 19.36885794876887700, 16.14083881245512600 ) ) ;
#1528 = CARTESIAN_POINT ( 'NONE',  ( 3.094015652516671500, 22.33890074090357900, 23.53035225937811200 ) ) ;
#1529 = VERTEX_POINT ( 'NONE', #329 ) ;
#1530 = CARTESIAN_POINT ( 'NONE',  ( 6.499335255323273900, 19.30568389987699600, 16.15782340175988800 ) ) ;
#1531 = ORIENTED_EDGE ( 'NONE', *, *, #2359, .T. ) ;
#1532 = AXIS2_PLACEMENT_3D ( 'NONE', #1788, #1794, #1763 ) ;
#1533 = AXIS2_PLACEMENT_3D ( 'NONE', #1773, #1774, #1780 ) ;
#1534 = DIRECTION ( 'NONE',  ( 0.0000000000000000000, -1.000000000000000000, 0.0000000000000000000 ) ) ;
#1535 = VERTEX_POINT ( 'NONE', #330 ) ;
#1536 = CARTESIAN_POINT ( 'NONE',  ( 6.782353633909969500, 19.16090626753852200, 16.21374098956526700 ) ) ;
#1537 = CARTESIAN_POINT ( 'NONE',  ( 6.919174503205258700, 19.07829366313369200, 16.25330368103884700 ) ) ;
#1538 = CARTESIAN_POINT ( 'NONE',  ( 3.860728799071594600, -12.84737732689432100, -22.27222774565888100 ) ) ;
#1539 = CARTESIAN_POINT ( 'NONE',  ( 3.922197875147279700, -12.65658544241437000, -22.37050890259610000 ) ) ;
#1540 = ORIENTED_EDGE ( 'NONE', *, *, #2348, .F. ) ;
#1541 = VERTEX_POINT ( 'NONE', #331 ) ;
#1542 = CARTESIAN_POINT ( 'NONE',  ( 7.170364309424895700, 18.90022128963100900, 16.35217588957961300 ) ) ;
#1543 = CARTESIAN_POINT ( 'NONE',  ( 7.285716379741157500, 18.80451352835043700, 16.41142640845885800 ) ) ;
#1544 = ORIENTED_EDGE ( 'NONE', *, *, #2478, .F. ) ;
#1545 = ORIENTED_EDGE ( 'NONE', *, *, #2187, .T. ) ;
#1546 = VERTEX_POINT ( 'NONE', #333 ) ;
#1547 = CARTESIAN_POINT ( 'NONE',  ( 3.997367303560323700, -12.56895658912603000, -22.40658152766351200 ) ) ;
#1548 = AXIS2_PLACEMENT_3D ( 'NONE', #1738, #1636, #1494 ) ;
#1549 = CARTESIAN_POINT ( 'NONE',  ( 4.191024755700090600, -12.45991570980628500, -22.43208244582680800 ) ) ;
#1550 = VERTEX_POINT ( 'NONE', #337 ) ;
#1551 = EDGE_LOOP ( 'NONE', ( #1935 ) ) ;
#1552 = CARTESIAN_POINT ( 'NONE',  ( 7.495598997679875800, 18.59954808911625400, 16.54989774925623500 ) ) ;
#1553 = VERTEX_POINT ( 'NONE', #340 ) ;
#1554 = CARTESIAN_POINT ( 'NONE',  ( 3.393316102061488600, 21.79358434045666800, 24.01122195208139200 ) ) ;
#1555 = ORIENTED_EDGE ( 'NONE', *, *, #786, .T. ) ;
#1556 = CARTESIAN_POINT ( 'NONE',  ( 16.58329293038263300, 12.36602371671671800, 1.832699956375962100 ) ) ;
#1557 = VERTEX_POINT ( 'NONE', #341 ) ;
#1558 = AXIS2_PLACEMENT_3D ( 'NONE', #1721, #1732, #1733 ) ;
#1559 = AXIS2_PLACEMENT_3D ( 'NONE', #1847, #2033, #2014 ) ;
#1560 = DIRECTION ( 'NONE',  ( 1.000000000000000000, 0.0000000000000000000, 0.0000000000000000000 ) ) ;
#1561 = VERTEX_POINT ( 'NONE', #345 ) ;
#1562 = CARTESIAN_POINT ( 'NONE',  ( 7.589342670799291000, 18.49061626612716900, 16.62903999249290300 ) ) ;
#1563 = CARTESIAN_POINT ( 'NONE',  ( 15.06602540378445100, 17.00000000000000000, -1.500000000000000000 ) ) ;
#1564 = CARTESIAN_POINT ( 'NONE',  ( 4.308328894671625200, -12.43809294398392300, -22.42197321995947900 ) ) ;
#1565 = VERTEX_POINT ( 'NONE', #349 ) ;
#1566 = CARTESIAN_POINT ( 'NONE',  ( -4.299999999999999800, 49.50000000000000000, 0.0000000000000000000 ) ) ;
#1567 = CARTESIAN_POINT ( 'NONE',  ( 7.747511897427387800, 18.26836806797110700, 16.80085624842567800 ) ) ;
#1568 = VERTEX_POINT ( 'NONE', #350 ) ;
#1569 = CARTESIAN_POINT ( 'NONE',  ( 3.301580929642910200, 21.92492725858192400, 23.89914508132805100 ) ) ;
#1570 = VERTEX_POINT ( 'NONE', #361 ) ;
#1571 = CARTESIAN_POINT ( 'NONE',  ( 4.011396809069408300, 21.19989102006591300, 24.48654996317757300 ) ) ;
#1572 = AXIS2_PLACEMENT_3D ( 'NONE', #1509, #1515, #1517 ) ;
#1573 = VERTEX_POINT ( 'NONE', #364 ) ;
#1574 = CARTESIAN_POINT ( 'NONE',  ( 4.522764390536727900, -12.47256219730334500, -22.36051277423031900 ) ) ;
#1575 = FACE_OUTER_BOUND ( 'NONE', #2614, .T. ) ;
#1576 = CARTESIAN_POINT ( 'NONE',  ( 4.616154054717141800, -12.52849979127707900, -22.31009370416843400 ) ) ;
#1577 = CARTESIAN_POINT ( 'NONE',  ( 7.813272680008901200, 18.15364507815720100, 16.89451330225434200 ) ) ;
#1578 = CARTESIAN_POINT ( 'NONE',  ( 4.725079625118970800, -12.68741757512791700, -22.19719631341553900 ) ) ;
#1579 = CARTESIAN_POINT ( 'NONE',  ( 4.739307336497796000, -12.79044210683567900, -22.13495057613531700 ) ) ;
#1580 = CARTESIAN_POINT ( 'NONE',  ( 7.915891442546246100, 17.91860398192621400, 17.09645967224338700 ) ) ;
#1581 = AXIS2_PLACEMENT_3D ( 'NONE', #1280, #1293, #1326 ) ;
#1582 = EDGE_LOOP ( 'NONE', ( #722 ) ) ;
#1583 = VERTEX_POINT ( 'NONE', #368 ) ;
#1584 = CARTESIAN_POINT ( 'NONE',  ( 3.610000876295151000, 21.54153564455981500, 24.21975995571815300 ) ) ;
#1585 = DIRECTION ( 'NONE',  ( 1.000000000000000000, 0.0000000000000000000, 6.123031769111888800E-017 ) ) ;
#1586 = VERTEX_POINT ( 'NONE', #370 ) ;
#1587 = CARTESIAN_POINT ( 'NONE',  ( 4.488194607867476400, 20.91792803099314200, 24.68926879304095600 ) ) ;
#1588 = CARTESIAN_POINT ( 'NONE',  ( 4.678031202009291800, -12.98145798938922400, -22.03656626765614500 ) ) ;
#1589 = ORIENTED_EDGE ( 'NONE', *, *, #2146, .F. ) ;
#1590 = ORIENTED_EDGE ( 'NONE', *, *, #1092, .T. ) ;
#1591 = VERTEX_POINT ( 'NONE', #372 ) ;
#1592 = CARTESIAN_POINT ( 'NONE',  ( 4.603569977277471600, -13.06887132190889400, -22.00055625525389000 ) ) ;
#1593 = CARTESIAN_POINT ( 'NONE',  ( 4.408270211266540200, -13.17895005067000200, -21.97487563130447400 ) ) ;
#1594 = VERTEX_POINT ( 'NONE', #374 ) ;
#1595 = CARTESIAN_POINT ( 'NONE',  ( 7.951376673972429600, 17.80161911496072600, 17.20185942331289300 ) ) ;
#1596 = AXIS2_PLACEMENT_3D ( 'NONE', #1350, #1352, #1356 ) ;
#1597 = CARTESIAN_POINT ( 'NONE',  ( 4.290750143358168100, -13.20014284157280000, -21.98540766797643200 ) ) ;
#1598 = B_SPLINE_CURVE_WITH_KNOTS ( 'NONE', 3,
 ( #1215, #2431, #2502, #2511 ),
 .UNSPECIFIED., .F., .F.,
 ( 4, 4 ),
 ( 0.06140810874170710800, 0.06159980711510426600 ),
 .UNSPECIFIED. ) ;
#1599 = VERTEX_POINT ( 'NONE', #376 ) ;
#1600 = EDGE_LOOP ( 'NONE', ( #214, #408, #1234, #315 ) ) ;
#1601 = DIRECTION ( 'NONE',  ( 0.06162841671621927000, 0.7044160264027586900, 0.7071067811865476800 ) ) ;
#1602 = AXIS2_PLACEMENT_3D ( 'NONE', #1322, #1294, #1325 ) ;
#1603 = AXIS2_PLACEMENT_3D ( 'NONE', #1309, #1312, #1315 ) ;
#1604 = CARTESIAN_POINT ( 'NONE',  ( 4.078632978013424700, -13.16613488377901600, -22.04609043369298500 ) ) ;
#1605 = VERTEX_POINT ( 'NONE', #379 ) ;
#1606 = CARTESIAN_POINT ( 'NONE',  ( 3.984450418719464300, -13.11083334380883300, -22.09622131671956100 ) ) ;
#1607 = CARTESIAN_POINT ( 'NONE',  ( 7.991730890217579200, 17.56869260634832100, 17.42123070356769800 ) ) ;
#1608 = VERTEX_POINT ( 'NONE', #382 ) ;
#1609 = AXIS2_PLACEMENT_3D ( 'NONE', #283, #1245, #1247 ) ;
#1610 = VERTEX_POINT ( 'NONE', #383 ) ;
#1611 = CARTESIAN_POINT ( 'NONE',  ( 4.661970138255442800, 20.83907397457840100, 24.74175180536714100 ) ) ;
#1612 = CARTESIAN_POINT ( 'NONE',  ( 4.161678444770094700, 21.09916482295754700, 24.56106079476290200 ) ) ;
#1613 = CARTESIAN_POINT ( 'NONE',  ( 7.996343140330488100, 17.45145846770059700, 17.53657039907659200 ) ) ;
#1614 = VERTEX_POINT ( 'NONE', #386 ) ;
#1615 = CARTESIAN_POINT ( 'NONE',  ( 3.929311504279605400, -13.03029685198260000, -22.15337164071035000 ) ) ;
#1616 = EDGE_LOOP ( 'NONE', ( #1488 ) ) ;
#1617 = AXIS2_PLACEMENT_3D ( 'NONE', #1285, #1287, #1290 ) ;
#1618 = CARTESIAN_POINT ( 'NONE',  ( 7.973635260804441800, 17.22623615701223800, 17.76806506685686000 ) ) ;
#1619 = VERTEX_POINT ( 'NONE', #388 ) ;
#1620 = CARTESIAN_POINT ( 'NONE',  ( 7.946787498224654900, 17.11800215199573900, 17.88431660749195700 ) ) ;
#1621 = VERTEX_POINT ( 'NONE', #390 ) ;
#1622 = ORIENTED_EDGE ( 'NONE', *, *, #2200, .F. ) ;
#1623 = AXIS2_PLACEMENT_3D ( 'NONE', #1298, #1299, #1302 ) ;
#1624 = PLANE ( 'NONE',  #1558 ) ;
#1625 = VERTEX_POINT ( 'NONE', #391 ) ;
#1626 = CARTESIAN_POINT ( 'NONE',  ( 7.862175751781504300, 16.91026261772271200, 18.11782051965499500 ) ) ;
#1627 = CARTESIAN_POINT ( 'NONE',  ( 4.243966873920690800, -22.42231863265766000, 12.45906787477104100 ) ) ;
#1628 = VERTEX_POINT ( 'NONE', #392 ) ;
#1629 = AXIS2_PLACEMENT_3D ( 'NONE', #1265, #1268, #1270 ) ;
#1630 = ORIENTED_EDGE ( 'NONE', *, *, #1948, .T. ) ;
#1631 = DIRECTION ( 'NONE',  ( -0.06162841671621927000, -0.7044160264027584700, 0.7071067811865480200 ) ) ;
#1632 = CARTESIAN_POINT ( 'NONE',  ( 13.33397459621556000, 17.00000000000000000, -1.500000000000000000 ) ) ;
#1633 = DIRECTION ( 'NONE',  ( 0.0000000000000000000, 0.0000000000000000000, 1.000000000000000000 ) ) ;
#1634 = VERTEX_POINT ( 'NONE', #394 ) ;
#1635 = CARTESIAN_POINT ( 'NONE',  ( 7.803896159696227700, 16.81080844205749600, 18.23518327552602600 ) ) ;
#1636 = DIRECTION ( 'NONE',  ( 0.0000000000000000000, 1.000000000000000000, 0.0000000000000000000 ) ) ;
#1637 = EDGE_LOOP ( 'NONE', ( #2771 ) ) ;
#1638 = VERTEX_POINT ( 'NONE', #397 ) ;
#1639 = CARTESIAN_POINT ( 'NONE',  ( 4.354536439152524500, -22.41361768363826100, 12.43706316915871000 ) ) ;
#1640 = CARTESIAN_POINT ( 'NONE',  ( 4.468576039581643400, -22.38181931236095700, 12.45385404402341600 ) ) ;
#1641 = VERTEX_POINT ( 'NONE', #398 ) ;
#1642 = CARTESIAN_POINT ( 'NONE',  ( 7.589899906848359000, 16.53897943969456800, 18.57308584627151800 ) ) ;
#1643 = ORIENTED_EDGE ( 'NONE', *, *, #2486, .T. ) ;
#1644 = VERTEX_POINT ( 'NONE', #402 ) ;
#1645 = CARTESIAN_POINT ( 'NONE',  ( 4.645077579693143800, -22.28920630460547200, 12.55496016289589400 ) ) ;
#1646 = AXIS2_PLACEMENT_3D ( 'NONE', #1256, #1258, #1261 ) ;
#1647 = VERTEX_POINT ( 'NONE', #404 ) ;
#1648 = VERTEX_POINT ( 'NONE', #1987 ) ;
#1649 = AXIS2_PLACEMENT_3D ( 'NONE', #902, #935, #936 ) ;
#1650 = VERTEX_POINT ( 'NONE', #405 ) ;
#1651 = EDGE_LOOP ( 'NONE', ( #1503 ) ) ;
#1652 = VERTEX_POINT ( 'NONE', #406 ) ;
#1653 = CARTESIAN_POINT ( 'NONE',  ( 7.388838061085710500, 16.38590262203208100, 18.78858754984109300 ) ) ;
#1654 = ORIENTED_EDGE ( 'NONE', *, *, #2079, .F. ) ;
#1655 = CARTESIAN_POINT ( 'NONE',  ( 4.706149776200685900, -22.22828736854699400, 12.63993030433150200 ) ) ;
#1656 = CARTESIAN_POINT ( 'NONE',  ( 4.736134270848715700, -22.11341211315819100, 12.82881444386885400 ) ) ;
#1657 = VERTEX_POINT ( 'NONE', #407 ) ;
#1658 = VERTEX_POINT ( 'NONE', #409 ) ;
#1659 = AXIS2_PLACEMENT_3D ( 'NONE', #651, #653, #654 ) ;
#1660 = VERTEX_POINT ( 'NONE', #412 ) ;
#1661 = CARTESIAN_POINT ( 'NONE',  ( 4.705498157320608500, -22.05968413601318500, 12.93218375201829300 ) ) ;
#1662 = AXIS2_PLACEMENT_3D ( 'NONE', #908, #912, #914 ) ;
#1663 = CARTESIAN_POINT ( 'NONE',  ( 4.568643832610650400, -21.99050408370817800, 13.09801425256316200 ) ) ;
#1664 = VERTEX_POINT ( 'NONE', #413 ) ;
#1665 = CARTESIAN_POINT ( 'NONE',  ( 4.465454793896830300, -21.97615287351285900, 13.15754157798820900 ) ) ;
#1666 = AXIS2_PLACEMENT_3D ( 'NONE', #870, #872, #876 ) ;
#1667 = VERTEX_POINT ( 'NONE', #415 ) ;
#1668 = CARTESIAN_POINT ( 'NONE',  ( 5.021627360799037400, 20.70865169856669400, 24.82220088418621300 ) ) ;
#1669 = CARTESIAN_POINT ( 'NONE',  ( 4.246972820996067100, -21.99332129204237800, 13.20111822595145100 ) ) ;
#1670 = CARTESIAN_POINT ( 'NONE',  ( 4.131673066251127400, -22.02517866743871600, 13.18458249571980400 ) ) ;
#1671 = CARTESIAN_POINT ( 'NONE',  ( 5.596395400156373200, 20.58005422243551100, 24.88295903650611900 ) ) ;
#1672 = EDGE_LOOP ( 'NONE', ( #1630 ) ) ;
#1673 = VERTEX_POINT ( 'NONE', #419 ) ;
#1674 = CARTESIAN_POINT ( 'NONE',  ( 3.955407185986810500, -22.11743180141105800, 13.08382198550552600 ) ) ;
#1675 = AXIS2_PLACEMENT_3D ( 'NONE', #855, #856, #859 ) ;
#1676 = CIRCLE ( 'NONE', #1559, 17.00000000000000000 ) ;
#1677 = VERTEX_POINT ( 'NONE', #420 ) ;
#1678 = CARTESIAN_POINT ( 'NONE',  ( 5.210168224635646400, 20.65610587892933800, 24.85077560685908100 ) ) ;
#1679 = CARTESIAN_POINT ( 'NONE',  ( 5.790658536311265300, 20.55699116227578600, 24.88648132319651300 ) ) ;
#1680 = ORIENTED_EDGE ( 'NONE', *, *, #2156, .F. ) ;
#1681 = VERTEX_POINT ( 'NONE', #421 ) ;
#1682 = CARTESIAN_POINT ( 'NONE',  ( 7.030002586433450800, 16.21982326845951400, 19.06626170653560900 ) ) ;
#1683 = CARTESIAN_POINT ( 'NONE',  ( 2.997985766338743900, 22.89956413059798700, 22.99262114373894400 ) ) ;
#1684 = CARTESIAN_POINT ( 'NONE',  ( 3.894102031070312700, -22.17794544950421800, 12.99951458314449200 ) ) ;
#1685 = VERTEX_POINT ( 'NONE', #1963 ) ;
#1686 = VERTEX_POINT ( 'NONE', #424 ) ;
#1687 = CARTESIAN_POINT ( 'NONE',  ( 6.899159244669178300, 16.17400812778859600, 19.15279283702051000 ) ) ;
#1688 = VERTEX_POINT ( 'NONE', #449 ) ;
#1689 = VECTOR ( 'NONE', #864, 1000.000000000000000 ) ;
#1690 = CARTESIAN_POINT ( 'NONE',  ( 6.622361625083246200, 16.10457878336786300, 19.30837329698756800 ) ) ;
#1691 = CARTESIAN_POINT ( 'NONE',  ( 3.863690702395896600, -22.29387047285990400, 12.80889955782782500 ) ) ;
#1692 = ORIENTED_EDGE ( 'NONE', *, *, #2705, .F. ) ;
#1693 = CARTESIAN_POINT ( 'NONE',  ( 6.478255725751116900, 16.08117452325311800, 19.37663698243059000 ) ) ;
#1694 = SHAPE_DEFINITION_REPRESENTATION ( #1815, #140 ) ;
#1695 = CARTESIAN_POINT ( 'NONE',  ( 3.895128650394769700, -22.34753341672423900, 12.70544090196099200 ) ) ;
#1696 = AXIS2_PLACEMENT_3D ( 'NONE', #815, #831, #833 ) ;
#1697 = VERTEX_POINT ( 'NONE', #426 ) ;
#1698 = CARTESIAN_POINT ( 'NONE',  ( 6.036819172471050300, 23.28094967261119700, 23.36987911821540100 ) ) ;
#1699 = ADVANCED_FACE ( 'E1368', ( #2732, #172 ), #641, .T. ) ;
#1700 = ORIENTED_EDGE ( 'NONE', *, *, #2312, .T. ) ;
#1701 = AXIS2_PLACEMENT_3D ( 'NONE', #820, #840, #839 ) ;
#1702 = LINE ( 'NONE', #435, #1714 ) ;
#1703 = AXIS2_PLACEMENT_3D ( 'NONE', #794, #802, #808 ) ;
#1704 = CARTESIAN_POINT ( 'NONE',  ( 4.133397308688858900, -22.43101958167705200, 12.48107258038337400 ) ) ;
#1705 = CARTESIAN_POINT ( 'NONE',  ( 4.243966873920690800, -22.42231863265766000, 12.45906787477104100 ) ) ;
#1706 = CARTESIAN_POINT ( 'NONE',  ( 6.178927745068619100, 16.05637920735407300, 19.49460363062861400 ) ) ;
#1707 = AXIS2_PLACEMENT_3D ( 'NONE', #774, #775, #767 ) ;
#1708 = CARTESIAN_POINT ( 'NONE',  ( 12.69527108866026000, 12.22653496731581200, -2.602730281982847900 ) ) ;
#1709 = AXIS2_PLACEMENT_3D ( 'NONE', #785, #777, #784 ) ;
#1710 = FACE_OUTER_BOUND ( 'NONE', #799, .T. ) ;
#1711 = LINE ( 'NONE', #447, #1748 ) ;
#1712 = ORIENTED_EDGE ( 'NONE', *, *, #1961, .T. ) ;
#1713 = CARTESIAN_POINT ( 'NONE',  ( 6.022059708095811800, 16.05522493681987900, 19.54458196468486300 ) ) ;
#1714 = VECTOR ( 'NONE', #452, 1000.000000000000000 ) ;
#1715 = CARTESIAN_POINT ( 'NONE',  ( 12.36942559668538000, 12.27089853500733500, -2.384829421845830100 ) ) ;
#1716 = CARTESIAN_POINT ( 'NONE',  ( 12.21885301637236900, 12.29456589935120900, -2.261263662528855400 ) ) ;
#1717 = ORIENTED_EDGE ( 'NONE', *, *, #2044, .F. ) ;
#1718 = CARTESIAN_POINT ( 'NONE',  ( 5.708732513237121600, 16.07557506406202200, 19.62173270957626100 ) ) ;
#1719 = CARTESIAN_POINT ( 'NONE',  ( 5.551458605081530900, 16.09677696538628300, 19.64946140247527100 ) ) ;
#1720 = ORIENTED_CLOSED_SHELL ( 'NONE', *, #167, .F. );
#1721 = CARTESIAN_POINT ( 'NONE',  ( -4.299999999999999800, 63.46228429725189800, 0.0000000000000000000 ) ) ;
#1722 = ORIENTED_EDGE ( 'NONE', *, *, #2021, .F. ) ;
#1723 = FACE_OUTER_BOUND ( 'NONE', #623, .T. ) ;
#1724 = CARTESIAN_POINT ( 'NONE',  ( 11.94201388175422500, 12.34220031408271000, -1.984881712349539000 ) ) ;
#1725 = CARTESIAN_POINT ( 'NONE',  ( 5.235681881853066600, 16.16138155913997900, 19.68307994335784300 ) ) ;
#1726 = CYLINDRICAL_SURFACE ( 'NONE', #772, 17.00000000000000000 ) ;
#1727 = AXIS2_PLACEMENT_3D ( 'NONE', #758, #745, #763 ) ;
#1728 = ORIENTED_CLOSED_SHELL ( 'NONE', *, #2430, .F. );
#1729 = CARTESIAN_POINT ( 'NONE',  ( 5.077450597905839300, 16.20503458374402300, 19.68863478088860900 ) ) ;
#1730 = ORIENTED_EDGE ( 'NONE', *, *, #2356, .F. ) ;
#1731 = EDGE_LOOP ( 'NONE', ( #401 ) ) ;
#1732 = DIRECTION ( 'NONE',  ( 1.000000000000000000, 0.0000000000000000000, 0.0000000000000000000 ) ) ;
#1733 = DIRECTION ( 'NONE',  ( 0.0000000000000000000, 0.0000000000000000000, -1.000000000000000000 ) ) ;
#1734 = AXIS2_PLACEMENT_3D ( 'NONE', #743, #752, #746 ) ;
#1735 = EDGE_CURVE ( 'E1224', #42, #2153, #576, .T. ) ;
#1736 = ORIENTED_EDGE ( 'NONE', *, *, #1311, .T. ) ;
#1737 = VECTOR ( 'NONE', #462, 1000.000000000000000 ) ;
#1738 = CARTESIAN_POINT ( 'NONE',  ( -4.299999999999999800, 0.0000000000000000000, 0.0000000000000000000 ) ) ;
#1739 = LINE ( 'NONE', #464, #1737 ) ;
#1740 = AXIS2_PLACEMENT_3D ( 'NONE', #730, #717, #739 ) ;
#1741 = CARTESIAN_POINT ( 'NONE',  ( 11.81580122257234300, 12.36620805435748900, -1.831295662404103500 ) ) ;
#1742 = FACE_OUTER_BOUND ( 'NONE', #2715, .T. ) ;
#1743 = FACE_OUTER_BOUND ( 'NONE', #2628, .T. ) ;
#1744 = AXIS2_PLACEMENT_3D ( 'NONE', #708, #721, #724 ) ;
#1745 = CYLINDRICAL_SURFACE ( 'NONE', #782, 3.000000000000000000 ) ;
#1746 = CARTESIAN_POINT ( 'NONE',  ( 4.773222653502180900, 16.31120173071851200, 19.67706872401553800 ) ) ;
#1747 = LINE ( 'NONE', #499, #1764 ) ;
#1748 = VECTOR ( 'NONE', #445, 1000.000000000000000 ) ;
#1749 = CARTESIAN_POINT ( 'NONE',  ( 15.06602540378445100, 15.87500000000000000, 1.500000000000000000 ) ) ;
#1750 = ORIENTED_EDGE ( 'NONE', *, *, #2125, .T. ) ;
#1751 = FACE_OUTER_BOUND ( 'NONE', #2821, .T. ) ;
#1752 = ORIENTED_EDGE ( 'NONE', *, *, #2638, .F. ) ;
#1753 = CARTESIAN_POINT ( 'NONE',  ( 4.625469574694634800, 16.37400984509224600, 19.66020015408143700 ) ) ;
#1754 = FACE_OUTER_BOUND ( 'NONE', #57, .T. ) ;
#1755 = EDGE_CURVE ( 'NONE', #1628, #1628, #849, .T. ) ;
#1756 = CARTESIAN_POINT ( 'NONE',  ( -4.299999999999999800, 12.70707070707070100, -31.53617532367399800 ) ) ;
#1757 = PLANE ( 'NONE',  #1533 ) ;
#1758 = CARTESIAN_POINT ( 'NONE',  ( -16.00000000000000000, 55.29292929292930100, 14.37678580932196000 ) ) ;
#1759 = VECTOR ( 'NONE', #518, 1000.000000000000100 ) ;
#1760 = DIRECTION ( 'NONE',  ( 1.000000000000000000, 0.0000000000000000000, 0.0000000000000000000 ) ) ;
#1761 = CARTESIAN_POINT ( 'NONE',  ( 14.97885715977003000, 12.15811529305485500, 2.903754013585111900 ) ) ;
#1762 = AXIS2_PLACEMENT_3D ( 'NONE', #700, #703, #688 ) ;
#1763 = DIRECTION ( 'NONE',  ( -2.449212707644755000E-016, 0.0000000000000000000, 1.000000000000000000 ) ) ;
#1764 = VECTOR ( 'NONE', #504, 1000.000000000000000 ) ;
#1765 = ORIENTED_EDGE ( 'NONE', *, *, #916, .T. ) ;
#1766 = CARTESIAN_POINT ( 'NONE',  ( -3.000000000000000000, -49.50000000000000000, -15.50000000000000000 ) ) ;
#1767 = DIRECTION ( 'NONE',  ( 0.0000000000000000000, 1.000000000000000000, 0.0000000000000000000 ) ) ;
#1768 = EDGE_LOOP ( 'NONE', ( #1712 ) ) ;
#1769 = VECTOR ( 'NONE', #541, 1000.000000000000000 ) ;
#1770 = FACE_OUTER_BOUND ( 'NONE', #89, .T. ) ;
#1771 = CARTESIAN_POINT ( 'NONE',  ( 4.339058857766934500, 16.51991147926221600, 19.60336017723295000 ) ) ;
#1772 = CARTESIAN_POINT ( 'NONE',  ( 4.204445116510001400, 16.60100317047155400, 19.56413338085887700 ) ) ;
#1773 = CARTESIAN_POINT ( 'NONE',  ( 12.46794919243112100, 17.00000000000000000, -3.181620636138040000E-016 ) ) ;
#1774 = DIRECTION ( 'NONE',  ( 0.8660254037844387100, 0.0000000000000000000, -0.4999999999999998900 ) ) ;
#1775 = FACE_OUTER_BOUND ( 'NONE', #161, .T. ) ;
#1776 = LINE ( 'NONE', #527, #1759 ) ;
#1777 = CARTESIAN_POINT ( 'NONE',  ( 3.953717550291307800, 16.77787356322934900, 19.46527821986102300 ) ) ;
#1778 = ORIENTED_EDGE ( 'NONE', *, *, #2195, .T. ) ;
#1779 = FACE_OUTER_BOUND ( 'NONE', #429, .T. ) ;
#1780 = DIRECTION ( 'NONE',  ( -0.4999999999999998900, 0.0000000000000000000, -0.8660254037844387100 ) ) ;
#1781 = CARTESIAN_POINT ( 'NONE',  ( 3.836196782294181200, 16.87493235734675100, 19.40480803736087300 ) ) ;
#1782 = FACE_OUTER_BOUND ( 'NONE', #360, .T. ) ;
#1783 = ORIENTED_EDGE ( 'NONE', *, *, #2705, .T. ) ;
#1784 = AXIS2_PLACEMENT_3D ( 'NONE', #697, #706, #711 ) ;
#1785 = AXIS2_PLACEMENT_3D ( 'NONE', #687, #680, #675 ) ;
#1786 = CARTESIAN_POINT ( 'NONE',  ( 3.626123485589196200, 17.07945248945442500, 19.26576896757732300 ) ) ;
#1787 = VECTOR ( 'NONE', #569, 1000.000000000000000 ) ;
#1788 = CARTESIAN_POINT ( 'NONE',  ( 6.799999999999999800, 0.0000000000000000000, 6.245492404494119900E-016 ) ) ;
#1789 = CARTESIAN_POINT ( 'NONE',  ( 3.533877344872026000, 17.18619107267568000, 19.18782653351264100 ) ) ;
#1790 = CARTESIAN_POINT ( 'NONE',  ( 3.374868793704703900, 17.40860332127836300, 19.01517632794771700 ) ) ;
#1791 = TOROIDAL_SURFACE ( 'NONE', #830, 30.85816097696945100, 1.169999999999999900 ) ;
#1792 = ORIENTED_EDGE ( 'NONE', *, *, #1975, .F. ) ;
#1793 = EDGE_CURVE ( 'E1245', #2153, #1212, #2524, .T. ) ;
#1794 = DIRECTION ( 'NONE',  ( -1.000000000000000000, 0.0000000000000000000, -2.449212707644755000E-016 ) ) ;
#1795 = CARTESIAN_POINT ( 'NONE',  ( 3.308086180412116200, 17.52504405784893700, 18.91971037930288800 ) ) ;
#1796 = LINE ( 'NONE', #575, #1769 ) ;
#1797 = VECTOR ( 'NONE', #585, 1000.000000000000000 ) ;
#1798 = ORIENTED_EDGE ( 'NONE', *, *, #1755, .F. ) ;
#1799 = CARTESIAN_POINT ( 'NONE',  ( 15.93205080756890100, 15.87500000000000000, 1.060540212046012100E-016 ) ) ;
#1800 = LINE ( 'NONE', #608, #1797 ) ;
#1801 = LINE ( 'NONE', #590, #1813 ) ;
#1802 = CARTESIAN_POINT ( 'NONE',  ( 3.206426855376567800, 17.75712535413074600, 18.71975881848077700 ) ) ;
#1803 = ORIENTED_EDGE ( 'NONE', *, *, #2638, .T. ) ;
#1804 = DIRECTION ( 'NONE',  ( -0.4999999999999998900, 0.0000000000000000000, -0.8660254037844387100 ) ) ;
#1805 = LINE ( 'NONE', #587, #1787 ) ;
#1806 = ORIENTED_EDGE ( 'NONE', *, *, #2637, .T. ) ;
#1807 = CARTESIAN_POINT ( 'NONE',  ( 3.170545683678644500, 17.87389649630594600, 18.61445593364571800 ) ) ;
#1808 = VECTOR ( 'NONE', #604, 1000.000000000000000 ) ;
#1809 = DIRECTION ( 'NONE',  ( 0.0000000000000000000, -1.000000000000000000, 0.0000000000000000000 ) ) ;
#1810 = CARTESIAN_POINT ( 'NONE',  ( 3.129572318106522900, 18.10894964353707000, 18.39288518727201100 ) ) ;
#1811 = AXIS2_PLACEMENT_3D ( 'NONE', #596, #649, #673 ) ;
#1812 = AXIS2_PLACEMENT_3D ( 'NONE', #693, #698, #684 ) ;
#1813 = VECTOR ( 'NONE', #582, 1000.000000000000000 ) ;
#1814 = CARTESIAN_POINT ( 'NONE',  ( 12.46794919243112100, 17.00000000000000000, -5.551115123125779700E-016 ) ) ;
#1815 = PRODUCT_DEFINITION_SHAPE ( 'NONE', 'NONE',  #645 ) ;
#1816 = ORIENTED_EDGE ( 'NONE', *, *, #2005, .F. ) ;
#1817 = CARTESIAN_POINT ( 'NONE',  ( 3.125094189365510200, 18.22501816194131800, 18.27863379549439000 ) ) ;
#1818 = CARTESIAN_POINT ( 'NONE',  ( 3.147374958604297400, 18.44929119621859600, 18.04836943749678100 ) ) ;
#1819 = LINE ( 'NONE', #627, #1808 ) ;
#1820 = FACE_BOUND ( 'NONE', #375, .T. ) ;
#1821 = CARTESIAN_POINT ( 'NONE',  ( -4.660135110488637300, -6.863489115330768400, -24.64119410271853600 ) ) ;
#1822 = CARTESIAN_POINT ( 'NONE',  ( 3.174392209404609300, 18.55925577611502000, 17.93052372065622200 ) ) ;
#1823 = AXIS2_PLACEMENT_3D ( 'NONE', #650, #635, #665 ) ;
#1824 = FACE_BOUND ( 'NONE', #1091, .T. ) ;
#1825 = LINE ( 'NONE', #602, #1852 ) ;
#1826 = CARTESIAN_POINT ( 'NONE',  ( 3.259337694708379600, 18.76813072883903300, 17.69633884441817900 ) ) ;
#1827 = CIRCLE ( 'NONE', #1487, 17.00000000000000000 ) ;
#1828 = CARTESIAN_POINT ( 'NONE',  ( 3.316406126943114000, 18.86577692294079600, 17.58152320325338600 ) ) ;
#1829 = CYLINDRICAL_SURFACE ( 'NONE', #868, 15.50000000000000000 ) ;
#1830 = CARTESIAN_POINT ( 'NONE',  ( -4.574501519915068900, -6.937192755856199400, -24.63634089130105300 ) ) ;
#1831 = FACE_OUTER_BOUND ( 'NONE', #2492, .T. ) ;
#1832 = VERTEX_POINT ( 'NONE', #1998 ) ;
#1833 = CARTESIAN_POINT ( 'NONE',  ( 3.458981479191059400, 19.04782622726333200, 17.35631901625803100 ) ) ;
#1834 = AXIS2_PLACEMENT_3D ( 'NONE', #639, #622, #648 ) ;
#1835 = CARTESIAN_POINT ( 'NONE',  ( 15.06602540378445100, 17.00000000000000000, 1.500000000000000000 ) ) ;
#1836 = FACE_OUTER_BOUND ( 'NONE', #1430, .T. ) ;
#1837 = CARTESIAN_POINT ( 'NONE',  ( 3.545645051204193700, 19.13286263279859500, 17.24494338472840500 ) ) ;
#1838 = EDGE_LOOP ( 'NONE', ( #208 ) ) ;
#1839 = DIRECTION ( 'NONE',  ( 1.000000000000000000, 0.0000000000000000000, 6.409875621278550000E-016 ) ) ;
#1840 = CIRCLE ( 'NONE', #850, 2.458750000000000200 ) ;
#1841 = EDGE_CURVE ( 'NONE', #1625, #1625, #909, .T. ) ;
#1842 = CARTESIAN_POINT ( 'NONE',  ( 3.741066197897336700, 19.28257653807365900, 17.03563234674424700 ) ) ;
#1843 = CARTESIAN_POINT ( 'NONE',  ( 11.00000000000000000, 12.70707070707070100, 31.53617532367399800 ) ) ;
#1844 = VECTOR ( 'NONE', #710, 1000.000000000000000 ) ;
#1845 = CARTESIAN_POINT ( 'NONE',  ( 11.59873810528031000, 12.40988562712360700, -1.507144375468699500 ) ) ;
#1846 = CYLINDRICAL_SURFACE ( 'NONE', #897, 30.00000000000000000 ) ;
#1847 = CARTESIAN_POINT ( 'NONE',  ( -3.005203820042829900, 0.0000000000000000000, 0.0000000000000000000 ) ) ;
#1848 = ORIENTED_EDGE ( 'NONE', *, *, #2364, .T. ) ;
#1849 = CARTESIAN_POINT ( 'NONE',  ( -9.500000000000000000, 0.0000000000000000000, -15.50000000000000000 ) ) ;
#1850 = CARTESIAN_POINT ( 'NONE',  ( 3.850103187317333000, 19.34807935334726600, 16.93678918960669200 ) ) ;
#1851 = LINE ( 'NONE', #734, #1844 ) ;
#1852 = VECTOR ( 'NONE', #642, 1000.000000000000100 ) ;
#1853 = ORIENTED_EDGE ( 'NONE', *, *, #2074, .T. ) ;
#1854 = CARTESIAN_POINT ( 'NONE',  ( -4.714677524984701900, -6.758096445397821000, -24.65993536523020400 ) ) ;
#1855 = ADVANCED_FACE ( 'E954', ( #37 ), #2403, .T. ) ;
#1856 = CARTESIAN_POINT ( 'NONE',  ( 4.090921253684549600, 19.46028325834013700, 16.75076225342927600 ) ) ;
#1857 = CIRCLE ( 'NONE', #900, 2.458750000000000200 ) ;
#1858 = CARTESIAN_POINT ( 'NONE',  ( -4.732584174402512100, -6.542355468439323500, -24.71462514188717900 ) ) ;
#1859 = AXIS2_PLACEMENT_3D ( 'NONE', #624, #625, #628 ) ;
#1860 = CARTESIAN_POINT ( 'NONE',  ( 4.222402700957138300, 19.50646044524927800, 16.66419174302426900 ) ) ;
#1861 = VECTOR ( 'NONE', #742, 1000.000000000000000 ) ;
#1862 = CARTESIAN_POINT ( 'NONE',  ( -4.695033146079656400, -6.432924553233229800, -24.75048784603291100 ) ) ;
#1863 = FACE_OUTER_BOUND ( 'NONE', #1372, .T. ) ;
#1864 = AXIS2_PLACEMENT_3D ( 'NONE', #580, #591, #550 ) ;
#1865 = CARTESIAN_POINT ( 'NONE',  ( 4.496904703216775300, 19.57591092965896000, 16.51022499797167600 ) ) ;
#1866 = CARTESIAN_POINT ( 'NONE',  ( -4.550365394057070700, -6.276171450582878300, -24.81766205488454300 ) ) ;
#1867 = CIRCLE ( 'NONE', #911, 3.000000000000000000 ) ;
#1868 = DIRECTION ( 'NONE',  ( -3.204937810639275000E-016, 0.0000000000000000000, 1.000000000000000000 ) ) ;
#1869 = VERTEX_POINT ( 'NONE', #2655 ) ;
#1870 = EDGE_CURVE ( 'NONE', #1621, #1621, #417, .T. ) ;
#1871 = CARTESIAN_POINT ( 'NONE',  ( -4.444594396145018500, -6.228734628569919900, -24.84876586212595100 ) ) ;
#1872 = VERTEX_POINT ( 'NONE', #2443 ) ;
#1873 = FACE_OUTER_BOUND ( 'NONE', #141, .T. ) ;
#1874 = CARTESIAN_POINT ( 'NONE',  ( 4.641203593037742400, 19.59984245654797500, 16.44177919741201100 ) ) ;
#1875 = DIRECTION ( 'NONE',  ( -0.06162841671621927000, -0.7044160264027584700, 0.7071067811865480200 ) ) ;
#1876 = AXIS2_PLACEMENT_3D ( 'NONE', #491, #564, #577 ) ;
#1877 = CARTESIAN_POINT ( 'NONE',  ( -4.222824808717654800, -6.221319034111144400, -24.88926795630659700 ) ) ;
#1878 = EDGE_CURVE ( 'NONE', #1619, #1619, #2089, .T. ) ;
#1879 = FACE_BOUND ( 'NONE', #378, .T. ) ;
#1880 = DIRECTION ( 'NONE',  ( 0.06162841671621927000, 0.7044160264027586900, 0.7071067811865476800 ) ) ;
#1881 = VECTOR ( 'NONE', #764, 1000.000000000000100 ) ;
#1882 = CARTESIAN_POINT ( 'NONE',  ( -4.110173783591062800, -6.261401475358472800, -24.89806787448340200 ) ) ;
#1883 = CARTESIAN_POINT ( 'NONE',  ( 5.975190755754829800, 22.57653364620840400, 22.66277233702885100 ) ) ;
#1884 = ORIENTED_EDGE ( 'NONE', *, *, #2426, .T. ) ;
#1885 = CYLINDRICAL_SURFACE ( 'NONE', #1476, 12.50000000000000000 ) ;
#1886 = CARTESIAN_POINT ( 'NONE',  ( 14.20000000000000100, 16.45875000000000200, 0.0000000000000000000 ) ) ;
#1887 = CARTESIAN_POINT ( 'NONE',  ( 4.792808778398140600, 19.61257624750144800, 16.38218046993904800 ) ) ;
#1888 = LINE ( 'NONE', #768, #1881 ) ;
#1889 = CARTESIAN_POINT ( 'NONE',  ( 11.35443077809009800, 12.46361857706397900, -0.9704399335172690900 ) ) ;
#1890 = EDGE_LOOP ( 'NONE', ( #1250, #1107, #1498, #1320, #1181, #1544 ) ) ;
#1891 = CARTESIAN_POINT ( 'NONE',  ( 6.181439768698927800, 20.54018144833910900, 24.86917626208032300 ) ) ;
#1892 = FACE_OUTER_BOUND ( 'NONE', #887, .T. ) ;
#1893 = FACE_OUTER_BOUND ( 'NONE', #1458, .T. ) ;
#1894 = AXIS2_PLACEMENT_3D ( 'NONE', #501, #559, #562 ) ;
#1895 = CARTESIAN_POINT ( 'NONE',  ( 6.380008252606318200, 20.54683077023484500, 24.84785778003717000 ) ) ;
#1896 = AXIS2_PLACEMENT_3D ( 'NONE', #603, #609, #600 ) ;
#1897 = CARTESIAN_POINT ( 'NONE',  ( -3.941056951882986800, -6.406830696681846700, -24.88841198982756700 ) ) ;
#1898 = DIRECTION ( 'NONE',  ( -1.000000000000000000, 0.0000000000000000000, 0.0000000000000000000 ) ) ;
#1899 = LINE ( 'NONE', #749, #1861 ) ;
#1900 = CARTESIAN_POINT ( 'NONE',  ( 8.500000000000000000, 0.0000000000000000000, 0.0000000000000000000 ) ) ;
#1901 = FACE_OUTER_BOUND ( 'NONE', #857, .T. ) ;
#1902 = FACE_OUTER_BOUND ( 'NONE', #989, .T. ) ;
#1903 = CARTESIAN_POINT ( 'NONE',  ( -9.500000000000000000, 49.50000000000000000, 15.50000000000000000 ) ) ;
#1904 = ORIENTED_EDGE ( 'NONE', *, *, #2501, .T. ) ;
#1905 = CARTESIAN_POINT ( 'NONE',  ( 11.00000000000000000, -12.70707070707070100, -31.53617532367404400 ) ) ;
#1906 = LINE ( 'NONE', #807, #1909 ) ;
#1907 = VERTEX_POINT ( 'NONE', #2589 ) ;
#1908 = EDGE_CURVE ( 'NONE', #1614, #1614, #1429, .T. ) ;
#1909 = VECTOR ( 'NONE', #816, 1000.000000000000000 ) ;
#1910 = CARTESIAN_POINT ( 'NONE',  ( 11.29692624687069200, 12.47703650119462200, -0.7813424471037027100 ) ) ;
#1911 = CARTESIAN_POINT ( 'NONE',  ( 11.21999835093831300, 12.49515956138395700, -0.3973957817389933100 ) ) ;
#1912 = ORIENTED_EDGE ( 'NONE', *, *, #1034, .T. ) ;
#1913 = DIRECTION ( 'NONE',  ( 0.0000000000000000000, 0.0000000000000000000, 1.000000000000000000 ) ) ;
#1914 = CYLINDRICAL_SURFACE ( 'NONE', #925, 3.000000000000001300 ) ;
#1915 = CARTESIAN_POINT ( 'NONE',  ( -3.885492030448337400, -6.512815357033149500, -24.86963310411461900 ) ) ;
#1916 = B_SPLINE_CURVE_WITH_KNOTS ( 'NONE', 3,
 ( #1195, #1193, #713, #903, #875, #1233, #1201, #1269 ),
 .UNSPECIFIED., .F., .F.,
 ( 4, 2, 2, 4 ),
 ( 0.004624946679003062500, 0.005096223831874024900, 0.005567500984744987300, 0.006510055290486904300 ),
 .UNSPECIFIED. ) ;
#1917 = AXIS2_PLACEMENT_3D ( 'NONE', #510, #537, #540 ) ;
#1918 = CARTESIAN_POINT ( 'NONE',  ( 0.0000000000000000000, 0.0000000000000000000, 0.0000000000000000000 ) ) ;
#1919 = CARTESIAN_POINT ( 'NONE',  ( 11.20011081334417600, 12.49997340480128500, -0.1996070343081363900 ) ) ;
#1920 = CARTESIAN_POINT ( 'NONE',  ( 7.965959570010792100, 24.23196284227403300, 21.12188611732391800 ) ) ;
#1921 = TOROIDAL_SURFACE ( 'NONE', #917, 23.80632475061125000, 1.700000000000000000 ) ;
#1922 = CARTESIAN_POINT ( 'NONE',  ( -3.867326417676870200, -6.728533752981812600, -24.81497698650717300 ) ) ;
#1923 = CARTESIAN_POINT ( 'NONE',  ( -3.904174454541254200, -6.837547820479293200, -24.77938893665300700 ) ) ;
#1924 = CARTESIAN_POINT ( 'NONE',  ( -14.30000000000000100, 0.0000000000000000000, 0.0000000000000000000 ) ) ;
#1925 = EDGE_CURVE ( 'NONE', #1610, #1610, #84, .T. ) ;
#1926 = VERTEX_POINT ( 'NONE', #2725 ) ;
#1927 = AXIS2_PLACEMENT_3D ( 'NONE', #479, #489, #496 ) ;
#1928 = CARTESIAN_POINT ( 'NONE',  ( -4.050238482567654500, -6.995954233780104800, -24.71163586321101500 ) ) ;
#1929 = CARTESIAN_POINT ( 'NONE',  ( -4.299999999999999800, 63.46228429725189800, -15.50000000000000000 ) ) ;
#1930 = EDGE_LOOP ( 'NONE', ( #1164 ) ) ;
#1931 = DIRECTION ( 'NONE',  ( -6.123031769111888800E-017, 1.000000000000000000, 0.0000000000000000000 ) ) ;
#1932 = VECTOR ( 'NONE', #822, 1000.000000000000000 ) ;
#1933 = CARTESIAN_POINT ( 'NONE',  ( 11.19989011905124300, 12.50002637142384100, 0.1962620762996990200 ) ) ;
#1934 = CARTESIAN_POINT ( 'NONE',  ( -4.156317687211643600, -7.042664794744976800, -24.68072839217863300 ) ) ;
#1935 = ORIENTED_EDGE ( 'NONE', *, *, #2380, .F. ) ;
#1936 = ADVANCED_FACE ( 'E1338', ( #2651, #1775, #701, #328 ), #1885, .F. ) ;
#1937 = LINE ( 'NONE', #825, #1932 ) ;
#1938 = DIRECTION ( 'NONE',  ( 0.0000000000000000000, 0.0000000000000000000, 1.000000000000000000 ) ) ;
#1939 = DIRECTION ( 'NONE',  ( 0.0000000000000000000, 0.0000000000000000000, 1.000000000000000000 ) ) ;
#1940 = UNCERTAINTY_MEASURE_WITH_UNIT (LENGTH_MEASURE( 1.000000000000000100E-005 ), #278, 'distance_accuracy_value', 'NONE');
#1941 = CARTESIAN_POINT ( 'NONE',  ( -4.375791572584068600, -7.050126571703679600, -24.64062948735118400 ) ) ;
#1942 = CIRCLE ( 'NONE', #1468, 32.02655753263234600 ) ;
#1943 = FACE_OUTER_BOUND ( 'NONE', #621, .T. ) ;
#1944 = EDGE_CURVE ( 'NONE', #1608, #1608, #915, .T. ) ;
#1945 = CONICAL_SURFACE ( 'NONE', #946, 2.458750000000000700, 0.7853981633974476100 ) ;
#1946 = VERTEX_POINT ( 'NONE', #178 ) ;
#1947 = CARTESIAN_POINT ( 'NONE',  ( -3.129999999999999900, 0.0000000000000000000, 0.0000000000000000000 ) ) ;
#1948 = EDGE_CURVE ( 'NONE', #1605, #1605, #1827, .T. ) ;
#1949 = CARTESIAN_POINT ( 'NONE',  ( -4.488867929341500600, -7.010896396381630400, -24.63148767988357300 ) ) ;
#1950 = FACE_OUTER_BOUND ( 'NONE', #444, .T. ) ;
#1951 = ORIENTED_EDGE ( 'NONE', *, *, #2217, .T. ) ;
#1952 = FACE_BOUND ( 'NONE', #1291, .T. ) ;
#1953 = LINE ( 'NONE', #910, #1955 ) ;
#1954 = CARTESIAN_POINT ( 'NONE',  ( -4.574501519915068900, -6.937192755856199400, -24.63634089130105300 ) ) ;
#1955 = VECTOR ( 'NONE', #883, 1000.000000000000000 ) ;
#1956 = FACE_OUTER_BOUND ( 'NONE', #950, .T. ) ;
#1957 = CARTESIAN_POINT ( 'NONE',  ( -4.299999999999999800, -49.50000000000000000, -15.50000000000000000 ) ) ;
#1958 = CIRCLE ( 'NONE', #1451, 15.50000000000000000 ) ;
#1959 = DIRECTION ( 'NONE',  ( -5.102127870520020600E-017, 0.0000000000000000000, 1.000000000000000000 ) ) ;
#1960 = FACE_OUTER_BOUND ( 'NONE', #646, .T. ) ;
#1961 = EDGE_CURVE ( 'NONE', #1599, #1599, #791, .T. ) ;
#1962 = DIRECTION ( 'NONE',  ( 1.000000000000000000, 0.0000000000000000000, 0.0000000000000000000 ) ) ;
#1963 = CARTESIAN_POINT ( 'NONE',  ( -4.299999999999999800, -55.29292929292930100, -14.37678580932198000 ) ) ;
#1964 = VECTOR ( 'NONE', #931, 1000.000000000000100 ) ;
#1965 = DIRECTION ( 'NONE',  ( 0.0000000000000000000, 1.000000000000000000, 0.0000000000000000000 ) ) ;
#1966 = CARTESIAN_POINT ( 'NONE',  ( -3.000000000000000000, 0.0000000000000000000, -15.50000000000000000 ) ) ;
#1967 = AXIS2_PLACEMENT_3D ( 'NONE', #494, #439, #476 ) ;
#1968 = FACE_OUTER_BOUND ( 'NONE', #669, .T. ) ;
#1969 = CARTESIAN_POINT ( 'NONE',  ( 0.0000000000000000000, 0.0000000000000000000, 0.0000000000000000000 ) ) ;
#1970 = VECTOR ( 'NONE', #945, 1000.000000000000000 ) ;
#1971 = LINE ( 'NONE', #880, #458 ) ;
#1972 = DIRECTION ( 'NONE',  ( -1.000000000000000000, 0.0000000000000000000, 0.0000000000000000000 ) ) ;
#1973 = DIRECTION ( 'NONE',  ( 0.0000000000000000000, -1.000000000000000000, 0.0000000000000000000 ) ) ;
#1974 = LINE ( 'NONE', #942, #1964 ) ;
#1975 = EDGE_CURVE ( 'NONE', #1594, #1594, #1942, .T. ) ;
#1976 = DIRECTION ( 'NONE',  ( -1.000000000000000000, 0.0000000000000000000, -6.123031769111888800E-017 ) ) ;
#1977 = ORIENTED_EDGE ( 'NONE', *, *, #2117, .F. ) ;
#1978 = LINE ( 'NONE', #965, #1982 ) ;
#1979 = EDGE_CURVE ( 'E154', #138, #455, #2794, .T. ) ;
#1980 = DIRECTION ( 'NONE',  ( 0.4999999999999998900, 0.0000000000000000000, 0.8660254037844387100 ) ) ;
#1981 = FACE_OUTER_BOUND ( 'NONE', #2101, .T. ) ;
#1982 = VECTOR ( 'NONE', #954, 1000.000000000000000 ) ;
#1983 = VERTEX_POINT ( 'NONE', #219 ) ;
#1984 = EDGE_LOOP ( 'NONE', ( #1717 ) ) ;
#1985 = VECTOR ( 'NONE', #1009, 1000.000000000000100 ) ;
#1986 = B_SPLINE_CURVE_WITH_KNOTS ( 'NONE', 3,
 ( #1683, #1466, #1474, #1528, #1478, #1569, #1554, #1584, #1522, #1571, #1612, #1587, #1611, #1668, #1678, #1671, #1679, #1891, #1895, #2623, #101, #2077, #2496, #2378, #2720, #2471, #23, #12, #3, #13, #31, #43, #45, #2, #2498, #21, #2097, #2506, #2042, #2130, #2122, #1920, #2252, #2259, #2489, #2263, #2280, #2194, #2347, #2357, #2454, #2316, #56, #15, #9, #58, #2531, #2622, #2805, #2310, #54, #64, #65, #71 ),
 .UNSPECIFIED., .T., .F.,
 ( 4, 2, 2, 2, 2, 2, 2, 2, 2, 2, 2, 2, 2, 2, 2, 2, 2, 2, 2, 2, 2, 2, 2, 2, 2, 2, 2, 2, 2, 2, 2, 4 ),
 ( 0.0000000000000000000, 0.0005864573831393621100, 0.001172914766278724200, 0.001759372149418086600, 0.002345829532557448500, 0.002932286915696811000, 0.003518744298836173100, 0.004105201681975535200, 0.004691659065114896900, 0.005278116448254260300, 0.005864573831393622000, 0.006451031214532982800, 0.007037488597672343600, 0.007623945980811703600, 0.008210403363951063500, 0.008796860747090424300, 0.009383318130229783400, 0.009969775513369144200, 0.01055623289650850300, 0.01114269027964786400, 0.01172914766278722500, 0.01231560504592658600, 0.01290206242906594300, 0.01348851981220530400, 0.01407497719534466500, 0.01466143457848402600, 0.01524789196162338500, 0.01583434934476274400, 0.01642080672790210600, 0.01700726411104146500, 0.01759372149418082400, 0.01876663626045953900 ),
 .UNSPECIFIED. ) ;
#1987 = CARTESIAN_POINT ( 'NONE',  ( -3.000000000000000000, 28.92907903741469900, -15.50000000000000000 ) ) ;
#1988 = EDGE_CURVE ( 'E225', #226, #2534, #395, .T. ) ;
#1989 = FACE_OUTER_BOUND ( 'NONE', #2201, .T. ) ;
#1990 = CARTESIAN_POINT ( 'NONE',  ( 12.46794919243112100, 15.87500000000000000, -3.181620636138040000E-016 ) ) ;
#1991 = FACE_BOUND ( 'NONE', #86, .T. ) ;
#1992 = EDGE_LOOP ( 'NONE', ( #2456 ) ) ;
#1993 = ADVANCED_FACE ( 'E856', ( #823, #5 ), #644, .T. ) ;
#1994 = CIRCLE ( 'NONE', #960, 3.000000000000000400 ) ;
#1995 = EDGE_LOOP ( 'NONE', ( #1117 ) ) ;
#1996 = EDGE_CURVE ( 'E219', #2738, #2527, #502, .T. ) ;
#1997 = EDGE_CURVE ( 'NONE', #1591, #1591, #156, .T. ) ;
#1998 = CARTESIAN_POINT ( 'NONE',  ( -16.00000000000000000, 55.29292929292930100, 14.37678580932198000 ) ) ;
#1999 = CARTESIAN_POINT ( 'NONE',  ( 10.74802290674793200, -9.144396767572370500, -14.33278519478924900 ) ) ;
#2000 = LINE ( 'NONE', #1024, #1970 ) ;
#2001 = DIRECTION ( 'NONE',  ( 0.0000000000000000000, 0.0000000000000000000, 1.000000000000000000 ) ) ;
#2002 = EDGE_CURVE ( 'E282', #1210, #1926, #1958, .T. ) ;
#2003 = FACE_BOUND ( 'NONE', #2063, .T. ) ;
#2004 = CARTESIAN_POINT ( 'NONE',  ( 10.70740921551690100, -8.956784413953261700, -14.44908346442676200 ) ) ;
#2005 = EDGE_CURVE ( 'NONE', #1586, #1586, #448, .T. ) ;
#2006 = CARTESIAN_POINT ( 'NONE',  ( 10.81259590696807900, -9.322055921034154500, -14.21761890136539500 ) ) ;
#2007 = DIRECTION ( 'NONE',  ( -1.000000000000000000, 0.0000000000000000000, 0.0000000000000000000 ) ) ;
#2008 = LINE ( 'NONE', #1053, #2035 ) ;
#2009 = ORIENTED_EDGE ( 'NONE', *, *, #2129, .F. ) ;
#2010 = DIRECTION ( 'NONE',  ( -1.000000000000000000, 0.0000000000000000000, -6.123031769111888800E-017 ) ) ;
#2011 = EDGE_CURVE ( 'E273', #1394, #1210, #2475, .T. ) ;
#2012 = CYLINDRICAL_SURFACE ( 'NONE', #970, 34.00000000000000000 ) ;
#2013 = CARTESIAN_POINT ( 'NONE',  ( 10.98584277376553200, -9.659728796102330200, -13.99039146718567200 ) ) ;
#2014 = DIRECTION ( 'NONE',  ( 0.0000000000000000000, 0.0000000000000000000, -1.000000000000000000 ) ) ;
#2015 = ADVANCED_FACE ( 'E645', ( #2690 ), #250, .T. ) ;
#2016 = ADVANCED_FACE ( 'E733', ( #2573, #2846 ), #346, .T. ) ;
#2017 = VERTEX_POINT ( 'NONE', #357 ) ;
#2018 = EDGE_CURVE ( 'NONE', #1583, #1583, #2813, .T. ) ;
#2019 = CARTESIAN_POINT ( 'NONE',  ( 11.09619807303494800, -9.821232091520597500, -13.87718972404532500 ) ) ;
#2020 = PLANE ( 'NONE',  #1066 ) ;
#2021 = EDGE_CURVE ( 'NONE', #1573, #1573, #2722, .T. ) ;
#2022 = EDGE_CURVE ( 'E264', #1685, #1394, #2676, .T. ) ;
#2023 = CARTESIAN_POINT ( 'NONE',  ( -14.30000000000000100, 13.10000000000000100, 0.0000000000000000000 ) ) ;
#2024 = ORIENTED_EDGE ( 'NONE', *, *, #2659, .F. ) ;
#2025 = FACE_OUTER_BOUND ( 'NONE', #595, .T. ) ;
#2026 = CARTESIAN_POINT ( 'NONE',  ( 11.35169494313776400, -10.11550937898014600, -13.66416716951413300 ) ) ;
#2027 = CARTESIAN_POINT ( 'NONE',  ( 11.49686945582887200, -10.24946883030384700, -13.56363004268061100 ) ) ;
#2028 = EDGE_CURVE ( 'E70', #939, #91, #2816, .T. ) ;
#2029 = VECTOR ( 'NONE', #1980, 1000.000000000000000 ) ;
#2030 = LINE ( 'NONE', #1033, #1985 ) ;
#2031 = DIRECTION ( 'NONE',  ( 0.0000000000000000000, -1.000000000000000000, 0.0000000000000000000 ) ) ;
#2032 = DIRECTION ( 'NONE',  ( 0.0000000000000000000, 0.0000000000000000000, -1.000000000000000000 ) ) ;
#2033 = DIRECTION ( 'NONE',  ( -1.000000000000000000, -0.0000000000000000000, -0.0000000000000000000 ) ) ;
#2034 = CARTESIAN_POINT ( 'NONE',  ( 11.82086498753625600, -10.49327889060426800, -13.37590256252179300 ) ) ;
#2035 = VECTOR ( 'NONE', #1050, 1000.000000000000000 ) ;
#2036 = EDGE_CURVE ( 'E98', #761, #2803, #2422, .T. ) ;
#2037 = EDGE_CURVE ( 'E61', #555, #91, #1373, .T. ) ;
#2038 = VECTOR ( 'NONE', #1151, 1000.000000000000100 ) ;
#2039 = DIRECTION ( 'NONE',  ( 1.000000000000000000, 0.0000000000000000000, 0.0000000000000000000 ) ) ;
#2040 = CARTESIAN_POINT ( 'NONE',  ( 11.99695172193697300, -10.60080227104983100, -13.29049639148819400 ) ) ;
#2041 = FACE_OUTER_BOUND ( 'NONE', #1047, .T. ) ;
#2042 = CARTESIAN_POINT ( 'NONE',  ( 8.587956264848557500, 23.70116938213032000, 21.65929851478061300 ) ) ;
#2043 = ORIENTED_EDGE ( 'NONE', *, *, #2749, .F. ) ;
#2044 = EDGE_CURVE ( 'NONE', #1570, #1570, #2679, .T. ) ;
#2045 = CARTESIAN_POINT ( 'NONE',  ( -3.000000000000000000, -49.50000000000000000, 0.0000000000000000000 ) ) ;
#2046 = CYLINDRICAL_SURFACE ( 'NONE', #974, 28.60000000000000100 ) ;
#2047 = CARTESIAN_POINT ( 'NONE',  ( 12.36949309494467600, -10.78674208085976700, -13.14003418576470000 ) ) ;
#2048 = VERTEX_POINT ( 'NONE', #566 ) ;
#2049 = CARTESIAN_POINT ( 'NONE',  ( 12.56865573369292700, -10.86633446830016900, -13.07401586349588000 ) ) ;
#2050 = EDGE_CURVE ( 'E52', #171, #555, #2469, .T. ) ;
#2051 = FACE_OUTER_BOUND ( 'NONE', #363, .T. ) ;
#2052 = VECTOR ( 'NONE', #1119, 1000.000000000000100 ) ;
#2053 = ORIENTED_EDGE ( 'NONE', *, *, #2465, .T. ) ;
#2054 = CARTESIAN_POINT ( 'NONE',  ( 12.98086698740006500, -10.99554253720929400, -12.96553739296336300 ) ) ;
#2055 = LINE ( 'NONE', #1150, #2038 ) ;
#2056 = LINE ( 'NONE', #1121, #2052 ) ;
#2057 = ORIENTED_EDGE ( 'NONE', *, *, #2384, .T. ) ;
#2058 = EDGE_CURVE ( 'E43', #169, #171, #2593, .T. ) ;
#2059 = CARTESIAN_POINT ( 'NONE',  ( 13.19225144597004400, -11.04497355076461700, -12.92326225333340200 ) ) ;
#2060 = CARTESIAN_POINT ( 'NONE',  ( 4.030611353569807600, -22.41614854250011700, 12.54125042270507400 ) ) ;
#2061 = VECTOR ( 'NONE', #1187, 1000.000000000000000 ) ;
#2062 = CARTESIAN_POINT ( 'NONE',  ( -52.00000000000000000, 0.0000000000000000000, 0.0000000000000000000 ) ) ;
#2063 = EDGE_LOOP ( 'NONE', ( #1540 ) ) ;
#2064 = EDGE_CURVE ( 'E34', #169, #455, #122, .T. ) ;
#2065 = CARTESIAN_POINT ( 'NONE',  ( 13.62524306054101700, -11.11527343361700700, -12.86284744920229700 ) ) ;
#2066 = EDGE_CURVE ( 'NONE', #1568, #1568, #2814, .T. ) ;
#2067 = CARTESIAN_POINT ( 'NONE',  ( 13.84895650489282400, -11.13605181775600200, -12.84478132704656500 ) ) ;
#2068 = FACE_OUTER_BOUND ( 'NONE', #460, .T. ) ;
#2069 = CIRCLE ( 'NONE', #1617, 23.80632475061125000 ) ;
#2070 = ADVANCED_FACE ( 'E1332', ( #2829, #2647 ), #2639, .T. ) ;
#2071 = LINE ( 'NONE', #1179, #2099 ) ;
#2072 = CARTESIAN_POINT ( 'NONE',  ( 17.04526546535557300, 12.46355477277881500, 0.9708777051564101400 ) ) ;
#2073 = DIRECTION ( 'NONE',  ( -1.000000000000000000, 0.0000000000000000000, 0.0000000000000000000 ) ) ;
#2074 = EDGE_CURVE ( 'E976', #2714, #574, #2521, .T. ) ;
#2075 = LINE ( 'NONE', #1184, #2061 ) ;
#2076 = CARTESIAN_POINT ( 'NONE',  ( 11.50623914260777000, 12.42983794724098200, -1.335166770267811400 ) ) ;
#2077 = CARTESIAN_POINT ( 'NONE',  ( 7.314634013774474800, 20.72560970399785100, 24.62389288809001900 ) ) ;
#2078 = EDGE_LOOP ( 'NONE', ( #393 ) ) ;
#2079 = EDGE_CURVE ( 'E25', #1946, #455, #2265, .T. ) ;
#2080 = CARTESIAN_POINT ( 'NONE',  ( 14.29231776603158200, -11.14749902042655300, -12.83484799352839200 ) ) ;
#2081 = ORIENTED_EDGE ( 'NONE', *, *, #2269, .T. ) ;
#2082 = CARTESIAN_POINT ( 'NONE',  ( 16.18389640531107400, -10.71637046832176500, -13.19737161261261200 ) ) ;
#2083 = DIRECTION ( 'NONE',  ( -1.000000000000000000, 0.0000000000000000000, 0.0000000000000000000 ) ) ;
#2084 = DIRECTION ( 'NONE',  ( -1.000000000000000000, 0.0000000000000000000, 0.0000000000000000000 ) ) ;
#2085 = VECTOR ( 'NONE', #1217, 1000.000000000000100 ) ;
#2086 = EDGE_CURVE ( 'E16', #1648, #1946, #2827, .T. ) ;
#2087 = EDGE_CURVE ( 'NONE', #1565, #1565, #2484, .T. ) ;
#2088 = CARTESIAN_POINT ( 'NONE',  ( 16.37148973461230000, -10.61883958151956300, -13.27628465438088600 ) ) ;
#2089 = CIRCLE ( 'NONE', #1499, 17.00000000000000000 ) ;
#2090 = CARTESIAN_POINT ( 'NONE',  ( 16.71407695560558800, -10.39937811439189700, -13.44888185374913200 ) ) ;
#2091 = ADVANCED_FACE ( 'E1371', ( #992, #2441 ), #793, .T. ) ;
#2092 = CARTESIAN_POINT ( 'NONE',  ( 16.87127359477919300, -10.27674949049283800, -13.54317572635071300 ) ) ;
#2093 = EDGE_CURVE ( 'NONE', #1561, #1561, #2375, .T. ) ;
#2094 = FACE_OUTER_BOUND ( 'NONE', #1600, .T. ) ;
#2095 = ORIENTED_EDGE ( 'NONE', *, *, #2337, .T. ) ;
#2096 = ADVANCED_FACE ( 'E6', ( #2466, #2674, #2219 ), #2764, .T. ) ;
#2097 = CARTESIAN_POINT ( 'NONE',  ( 8.831734616870587500, 23.32603477558570400, 22.04108429543307700 ) ) ;
#2098 = CARTESIAN_POINT ( 'NONE',  ( 17.15553804143922200, -10.00248755730113500, -13.74697899580835000 ) ) ;
#2099 = VECTOR ( 'NONE', #1172, 1000.000000000000100 ) ;
#2100 = DIRECTION ( 'NONE',  ( 0.0000000000000000000, 0.0000000000000000000, -1.000000000000000000 ) ) ;
#2101 = EDGE_LOOP ( 'NONE', ( #356 ) ) ;
#2102 = EDGE_CURVE ( 'NONE', #1557, #1557, #2760, .T. ) ;
#2103 = EDGE_CURVE ( 'NONE', #1553, #1553, #1986, .T. ) ;
#2104 = ADVANCED_FACE ( 'E759', ( #2708 ), #1480, .T. ) ;
#2105 = CARTESIAN_POINT ( 'NONE',  ( 17.28158365481125000, -9.850899267332687600, -13.85632465221741900 ) ) ;
#2106 = LINE ( 'NONE', #1253, #2085 ) ;
#2107 = DIRECTION ( 'NONE',  ( 1.000000000000000000, 0.0000000000000000000, 0.0000000000000000000 ) ) ;
#2108 = CARTESIAN_POINT ( 'NONE',  ( 17.48862865556548500, -9.530790639233556400, -14.07842246254465800 ) ) ;
#2109 = EDGE_CURVE ( 'E129', #1983, #2450, #2758, .T. ) ;
#2110 = CIRCLE ( 'NONE', #1007, 3.000000000000000400 ) ;
#2111 = DIRECTION ( 'NONE',  ( 1.000000000000000000, 0.0000000000000000000, 0.0000000000000000000 ) ) ;
#2112 = CIRCLE ( 'NONE', #1011, 2.458750000000000200 ) ;
#2113 = CARTESIAN_POINT ( 'NONE',  ( 11.21917978695917400, 12.49535548670665900, 0.3914937937115256000 ) ) ;
#2114 = FACE_OUTER_BOUND ( 'NONE', #1582, .T. ) ;
#2115 = CARTESIAN_POINT ( 'NONE',  ( 17.57156639475433100, -9.360634603842727900, -14.19243242265227200 ) ) ;
#2116 = ORIENTED_EDGE ( 'NONE', *, *, #1944, .F. ) ;
#2117 = EDGE_CURVE ( 'E361', #53, #49, #2741, .T. ) ;
#2118 = ADVANCED_FACE ( 'E1401', ( #2775, #2719, #2793, #2802 ), #2668, .F. ) ;
#2119 = EDGE_CURVE ( 'E140', #169, #761, #1916, .T. ) ;
#2120 = CARTESIAN_POINT ( 'NONE',  ( -3.000000000000000000, 49.50000000000000000, 0.0000000000000000000 ) ) ;
#2121 = CIRCLE ( 'NONE', #1001, 2.458750000000000200 ) ;
#2122 = CARTESIAN_POINT ( 'NONE',  ( 8.243223643540995100, 24.03693941862348300, 21.31785700253933400 ) ) ;
#2123 = EDGE_CURVE ( 'E418', #612, #2048, #2839, .T. ) ;
#2124 = FACE_OUTER_BOUND ( 'NONE', #163, .T. ) ;
#2125 = EDGE_CURVE ( 'E119', #1872, #138, #2667, .T. ) ;
#2126 = ORIENTED_EDGE ( 'NONE', *, *, #2602, .T. ) ;
#2127 = CIRCLE ( 'NONE', #1027, 28.60000000000000100 ) ;
#2128 = CARTESIAN_POINT ( 'NONE',  ( 11.29564091490077100, 12.47733630595472200, 0.7766948163783256000 ) ) ;
#2129 = EDGE_CURVE ( 'E134', #2450, #138, #2806, .T. ) ;
#2130 = CARTESIAN_POINT ( 'NONE',  ( 8.367782695703802200, 23.93102514343101500, 21.42537906708211900 ) ) ;
#2131 = CIRCLE ( 'NONE', #1029, 28.60000000000000100 ) ;
#2132 = CARTESIAN_POINT ( 'NONE',  ( 11.00000000000000000, 0.0000000000000000000, 1.653218577660209900E-015 ) ) ;
#2133 = ORIENTED_EDGE ( 'NONE', *, *, #2478, .T. ) ;
#2134 = CARTESIAN_POINT ( 'NONE',  ( -3.000000000000000000, 0.0000000000000000000, 15.50000000000000000 ) ) ;
#2135 = CARTESIAN_POINT ( 'NONE',  ( 11.35377505007014200, 12.46377309492444000, 0.9681994951951498100 ) ) ;
#2136 = EDGE_CURVE ( 'E79', #939, #1648, #1598, .T. ) ;
#2137 = ADVANCED_FACE ( 'E707', ( #2392, #1364 ), #2444, .T. ) ;
#2138 = CARTESIAN_POINT ( 'NONE',  ( 17.69216643967444800, -8.997164478121719700, -14.42559009579274600 ) ) ;
#2139 = ADVANCED_FACE ( 'E1360', ( #2809, #2661 ), #2685, .T. ) ;
#2140 = EDGE_LOOP ( 'NONE', ( #1977, #2318, #2688, #881 ) ) ;
#2141 = EDGE_CURVE ( 'E124', #1983, #1872, #2569, .T. ) ;
#2142 = CARTESIAN_POINT ( 'NONE',  ( 11.50392248319496100, 12.43034501825194100, 1.330252890046756700 ) ) ;
#2143 = FACE_OUTER_BOUND ( 'NONE', #963, .T. ) ;
#2144 = CIRCLE ( 'NONE', #1022, 30.00000000000000000 ) ;
#2145 = DIRECTION ( 'NONE',  ( 0.0000000000000000000, -1.000000000000000000, 0.0000000000000000000 ) ) ;
#2146 = EDGE_CURVE ( 'E113', #2803, #226, #2717, .T. ) ;
#2147 = ADVANCED_FACE ( 'E1349', ( #2664, #2822 ), #2585, .T. ) ;
#2148 = CYLINDRICAL_SURFACE ( 'NONE', #1036, 17.00000000000000000 ) ;
#2149 = CARTESIAN_POINT ( 'NONE',  ( 17.72749441581717300, -8.810273974595261800, -14.54055892528540100 ) ) ;
#2150 = ADVANCED_FACE ( 'E1411', ( #2652 ), #2820, .F. ) ;
#2151 = CARTESIAN_POINT ( 'NONE',  ( -3.000000000000000000, 0.0000000000000000000, 15.50000000000000000 ) ) ;
#2152 = CARTESIAN_POINT ( 'NONE',  ( 17.74843057109460500, -8.429540336305866100, -14.76453965031486100 ) ) ;
#2153 = VERTEX_POINT ( 'NONE', #2785 ) ;
#2154 = CIRCLE ( 'NONE', #1041, 2.458750000000000700 ) ;
#2155 = ORIENTED_EDGE ( 'NONE', *, *, #2796, .F. ) ;
#2156 = EDGE_CURVE ( 'E188', #1983, #1832, #2657, .T. ) ;
#2157 = CARTESIAN_POINT ( 'NONE',  ( -3.000000000000000000, 0.0000000000000000000, -15.50000000000000000 ) ) ;
#2158 = CARTESIAN_POINT ( 'NONE',  ( 17.73341191145350100, -8.232525012511382900, -14.87525805819628900 ) ) ;
#2159 = ORIENTED_EDGE ( 'NONE', *, *, #2037, .F. ) ;
#2160 = CARTESIAN_POINT ( 'NONE',  ( 11.59595526769350100, 12.41046348250328500, 1.502540360071162400 ) ) ;
#2161 = ADVANCED_FACE ( 'E3', ( #2394, #2556 ), #2836, .F. ) ;
#2162 = CIRCLE ( 'NONE', #1045, 30.59999999999999800 ) ;
#2163 = ORIENTED_EDGE ( 'NONE', *, *, #1051, .F. ) ;
#2164 = EDGE_CURVE ( 'E168', #2738, #2450, #2548, .T. ) ;
#2165 = CARTESIAN_POINT ( 'NONE',  ( 17.65387428085287500, -7.847372812917742000, -15.08199291587946800 ) ) ;
#2166 = ADVANCED_FACE ( 'E1181', ( #2635 ), #2792, .T. ) ;
#2167 = FACE_OUTER_BOUND ( 'NONE', #1399, .T. ) ;
#2168 = FACE_BOUND ( 'NONE', #410, .T. ) ;
#2169 = EDGE_LOOP ( 'NONE', ( #2823 ) ) ;
#2170 = CARTESIAN_POINT ( 'NONE',  ( 17.59013377159079300, -7.658395448665673100, -15.17865174102678500 ) ) ;
#2171 = EDGE_CURVE ( 'E214', #2701, #2527, #2783, .T. ) ;
#2172 = SPHERICAL_SURFACE ( 'NONE', #1016, 26.00000000000000000 ) ;
#2173 = FACE_BOUND ( 'NONE', #158, .T. ) ;
#2174 = DIRECTION ( 'NONE',  ( 0.0000000000000000000, 1.000000000000000000, 0.0000000000000000000 ) ) ;
#2175 = ADVANCED_FACE ( 'E827', ( #2543, #2762 ), #2445, .F. ) ;
#2176 = DIRECTION ( 'NONE',  ( 0.0000000000000000000, 0.0000000000000000000, -1.000000000000000000 ) ) ;
#2177 = CARTESIAN_POINT ( 'NONE',  ( 17.41546562034699300, -7.288106973312144600, -15.35988236507940700 ) ) ;
#2178 = FACE_OUTER_BOUND ( 'NONE', #28, .T. ) ;
#2179 = EDGE_CURVE ( 'E198', #2450, #2701, #2599, .T. ) ;
#2180 = EDGE_CURVE ( 'E193', #1832, #2701, #2455, .T. ) ;
#2181 = DIRECTION ( 'NONE',  ( 1.000000000000000000, 0.0000000000000000000, 0.0000000000000000000 ) ) ;
#2182 = CYLINDRICAL_SURFACE ( 'NONE', #1055, 34.00000000000000000 ) ;
#2183 = CARTESIAN_POINT ( 'NONE',  ( 17.30648696913256400, -7.111439944920166000, -15.44216391612176200 ) ) ;
#2184 = ORIENTED_EDGE ( 'NONE', *, *, #973, .T. ) ;
#2185 = DIRECTION ( 'NONE',  ( 5.782411586589357400E-017, 0.0000000000000000000, -1.000000000000000000 ) ) ;
#2186 = EDGE_CURVE ( 'E334', #631, #102, #2449, .T. ) ;
#2187 = EDGE_CURVE ( 'E409', #1872, #612, #2402, .T. ) ;
#2188 = CIRCLE ( 'NONE', #1062, 3.000000000000002200 ) ;
#2189 = EDGE_LOOP ( 'NONE', ( #2230, #2716, #878, #2563, #2730, #2240, #882, #579 ) ) ;
#2190 = DIRECTION ( 'NONE',  ( 1.000000000000000000, 0.0000000000000000000, 6.123031769111888800E-017 ) ) ;
#2191 = CARTESIAN_POINT ( 'NONE',  ( 11.00000000000000000, 0.0000000000000000000, 0.0000000000000000000 ) ) ;
#2192 = CARTESIAN_POINT ( 'NONE',  ( 17.05185188460991000, -6.779806501366802100, -15.59061346793653000 ) ) ;
#2193 = EDGE_CURVE ( 'E576', #220, #549, #2780, .T. ) ;
#2194 = CARTESIAN_POINT ( 'NONE',  ( 6.375110914686798600, 24.76994467210630200, 20.64116104902797100 ) ) ;
#2195 = EDGE_CURVE ( 'E291', #1926, #2803, #2633, .T. ) ;
#2196 = EDGE_LOOP ( 'NONE', ( #177 ) ) ;
#2197 = ADVANCED_FACE ( 'E1314', ( #2504, #2583 ), #2841, .F. ) ;
#2198 = CARTESIAN_POINT ( 'NONE',  ( 16.90399841416778800, -6.622684074522951800, -15.65769784145424200 ) ) ;
#2199 = ADVANCED_FACE ( 'E790', ( #2669 ), #594, .T. ) ;
#2200 = EDGE_CURVE ( 'E570', #631, #80, #2515, .T. ) ;
#2201 = EDGE_LOOP ( 'NONE', ( #918, #474, #1783, #212 ) ) ;
#2202 = FACE_OUTER_BOUND ( 'NONE', #865, .T. ) ;
#2203 = CARTESIAN_POINT ( 'NONE',  ( 16.58203336308720200, -6.339570989680970200, -15.77445040919067900 ) ) ;
#2204 = DIRECTION ( 'NONE',  ( 0.0000000000000000000, 0.0000000000000000000, 1.000000000000000000 ) ) ;
#2205 = DIRECTION ( 'NONE',  ( -1.000000000000000000, 0.0000000000000000000, 0.0000000000000000000 ) ) ;
#2206 = FACE_OUTER_BOUND ( 'NONE', #1340, .T. ) ;
#2207 = EDGE_CURVE ( 'E376', #49, #1907, #2517, .T. ) ;
#2208 = EDGE_LOOP ( 'NONE', ( #2415 ) ) ;
#2209 = LINE ( 'NONE', #1966, #2225 ) ;
#2210 = CARTESIAN_POINT ( 'NONE',  ( 11.00000000000000000, 0.0000000000000000000, 0.0000000000000000000 ) ) ;
#2211 = EDGE_CURVE ( 'E382', #49, #1832, #2581, .T. ) ;
#2212 = CARTESIAN_POINT ( 'NONE',  ( 16.40752970784448900, -6.212443759534963300, -15.82466812683698300 ) ) ;
#2213 = ADVANCED_FACE ( 'E0', ( #2487, #2577 ), #2369, .F. ) ;
#2214 = FACE_OUTER_BOUND ( 'NONE', #943, .T. ) ;
#2215 = CARTESIAN_POINT ( 'NONE',  ( 16.03226500009642700, -5.987038640445533100, -15.91131506531522000 ) ) ;
#2216 = TOROIDAL_SURFACE ( 'NONE', #1067, 34.00000000000000000, 1.169999999999999900 ) ;
#2217 = EDGE_CURVE ( 'E319', #1685, #631, #2844, .T. ) ;
#2218 = CARTESIAN_POINT ( 'NONE',  ( -8.500000000000000000, 0.0000000000000000000, 0.0000000000000000000 ) ) ;
#2219 = FACE_BOUND ( 'NONE', #325, .T. ) ;
#2220 = CARTESIAN_POINT ( 'NONE',  ( 15.83324414061214300, -5.890204519906116200, -15.94718007439621300 ) ) ;
#2221 = ORIENTED_EDGE ( 'NONE', *, *, #2136, .T. ) ;
#2222 = PLANE ( 'NONE',  #1083 ) ;
#2223 = VECTOR ( 'NONE', #2031, 1000.000000000000000 ) ;
#2224 = EDGE_CURVE ( 'E240', #2534, #2527, #2512, .T. ) ;
#2225 = VECTOR ( 'NONE', #1965, 1000.000000000000000 ) ;
#2226 = CARTESIAN_POINT ( 'NONE',  ( 15.42369987219080600, -5.732262212779112100, -16.00463156512784500 ) ) ;
#2227 = ORIENTED_EDGE ( 'NONE', *, *, #2338, .T. ) ;
#2228 = CARTESIAN_POINT ( 'NONE',  ( 15.21114168101142300, -5.670133760564758600, -16.02659614443455600 ) ) ;
#2229 = FACE_BOUND ( 'NONE', #17, .T. ) ;
#2230 = ORIENTED_EDGE ( 'NONE', *, *, #2231, .F. ) ;
#2231 = EDGE_CURVE ( 'E329', #1068, #102, #2428, .T. ) ;
#2232 = CIRCLE ( 'NONE', #1076, 8.000000000000000000 ) ;
#2233 = DIRECTION ( 'NONE',  ( 0.0000000000000000000, -1.000000000000000000, 0.0000000000000000000 ) ) ;
#2234 = EDGE_LOOP ( 'NONE', ( #2665, #480, #829, #2009, #2695, #1403 ) ) ;
#2235 = CARTESIAN_POINT ( 'NONE',  ( 14.77346837387501000, -5.581594262663605500, -16.05764635077325400 ) ) ;
#2236 = CARTESIAN_POINT ( 'NONE',  ( 14.55354777539555000, -5.556141447980595900, -16.06640445614897000 ) ) ;
#2237 = EDGE_CURVE ( 'E581', #220, #1220, #2630, .T. ) ;
#2238 = FACE_OUTER_BOUND ( 'NONE', #747, .T. ) ;
#2239 = EDGE_CURVE ( 'NONE', #1550, #1550, #2592, .T. ) ;
#2240 = ORIENTED_EDGE ( 'NONE', *, *, #2211, .F. ) ;
#2241 = CARTESIAN_POINT ( 'NONE',  ( -4.299999999999999800, 30.26136150274804800, -15.50000000000000000 ) ) ;
#2242 = ADVANCED_FACE ( 'E182', ( #107 ), #358, .F. ) ;
#2243 = VECTOR ( 'NONE', #2174, 1000.000000000000000 ) ;
#2244 = CARTESIAN_POINT ( 'NONE',  ( -4.300000000000006000, 30.10350020794338700, -15.50000000000000000 ) ) ;
#2245 = EDGE_CURVE ( 'E555', #1394, #80, #2591, .T. ) ;
#2246 = EDGE_CURVE ( 'NONE', #1546, #1546, #2603, .T. ) ;
#2247 = CARTESIAN_POINT ( 'NONE',  ( 15.79425536204127100, -10.87994659822651000, -13.06284714430401600 ) ) ;
#2248 = ADVANCED_FACE ( 'E830', ( #2358, #2770 ), #2786, .F. ) ;
#2249 = EDGE_LOOP ( 'NONE', ( #1241 ) ) ;
#2250 = CARTESIAN_POINT ( 'NONE',  ( -4.274764069787721600, 29.94616025974783100, -15.50000000000000500 ) ) ;
#2251 = CARTESIAN_POINT ( 'NONE',  ( -4.174500758873819000, 29.64671023432790900, -15.49999999999999600 ) ) ;
#2252 = CARTESIAN_POINT ( 'NONE',  ( 7.811368653594835900, 24.32180461600751900, 21.03274341949693100 ) ) ;
#2253 = CARTESIAN_POINT ( 'NONE',  ( 14.11162765175193500, -5.541505491087515400, -16.07145845375517000 ) ) ;
#2254 = EDGE_LOOP ( 'NONE', ( #515 ) ) ;
#2255 = EDGE_CURVE ( 'NONE', #1541, #1541, #2388, .T. ) ;
#2256 = LINE ( 'NONE', #2134, #2223 ) ;
#2257 = CARTESIAN_POINT ( 'NONE',  ( -4.099201574718787100, 29.50489610913359700, -15.50000000000000400 ) ) ;
#2258 = CARTESIAN_POINT ( 'NONE',  ( -3.903860930378925300, 29.25831236728705800, -15.50000000000000400 ) ) ;
#2259 = CARTESIAN_POINT ( 'NONE',  ( 7.484780838449580600, 24.47823088588841100, 20.88146333975831200 ) ) ;
#2260 = LINE ( 'NONE', #2151, #2271 ) ;
#2261 = CARTESIAN_POINT ( 'NONE',  ( -3.782525580416485200, 29.15210683973215600, -15.50000000000000000 ) ) ;
#2262 = EDGE_CURVE ( 'E436', #549, #53, #2616, .T. ) ;
#2263 = CARTESIAN_POINT ( 'NONE',  ( 6.949104814536169300, 24.65873626691069700, 20.71912407670412300 ) ) ;
#2264 = FACE_OUTER_BOUND ( 'NONE', #533, .T. ) ;
#2265 = B_SPLINE_CURVE_WITH_KNOTS ( 'NONE', 3,
 ( #617, #732, #630, #770 ),
 .UNSPECIFIED., .F., .F.,
 ( 4, 4 ),
 ( 0.06203292634502941700, 0.06222462466704604300 ),
 .UNSPECIFIED. ) ;
#2266 = CARTESIAN_POINT ( 'NONE',  ( -3.573609988739789900, 29.03653819385586100, -15.50000000000000000 ) ) ;
#2267 = ADVANCED_FACE ( 'E1265', ( #2779 ), #2772, .T. ) ;
#2268 = CARTESIAN_POINT ( 'NONE',  ( -3.500902276853286000, 29.00591145385127200, -15.50000000000000000 ) ) ;
#2269 = EDGE_CURVE ( 'E108', #226, #2738, #2505, .T. ) ;
#2270 = ORIENTED_EDGE ( 'NONE', *, *, #2401, .F. ) ;
#2271 = VECTOR ( 'NONE', #2145, 1000.000000000000000 ) ;
#2272 = CARTESIAN_POINT ( 'NONE',  ( 13.88793386700615100, -5.552578997675827700, -16.06766483632864600 ) ) ;
#2273 = ORIENTED_EDGE ( 'NONE', *, *, #2703, .T. ) ;
#2274 = CARTESIAN_POINT ( 'NONE',  ( 13.44629147428514700, -5.611922540966104700, -16.04703437437021700 ) ) ;
#2275 = CARTESIAN_POINT ( 'NONE',  ( -3.349111448316469500, 28.96106010055173400, -15.50000000000000200 ) ) ;
#2276 = ADVANCED_FACE ( 'E245', ( #2409 ), #2497, .T. ) ;
#2277 = CIRCLE ( 'NONE', #1113, 30.00000000000000000 ) ;
#2278 = CARTESIAN_POINT ( 'NONE',  ( 13.23094783905961200, -5.659525361543169100, -16.03042572038452800 ) ) ;
#2279 = EDGE_CURVE ( 'NONE', #1535, #1535, #2626, .T. ) ;
#2280 = CARTESIAN_POINT ( 'NONE',  ( 6.758418910623944100, 24.70423279649989500, 20.68303839564308100 ) ) ;
#2281 = CYLINDRICAL_SURFACE ( 'NONE', #1101, 30.59999999999999800 ) ;
#2282 = ORIENTED_EDGE ( 'NONE', *, *, #2365, .F. ) ;
#2283 = CARTESIAN_POINT ( 'NONE',  ( 12.81103756683860900, -5.789671610931691200, -15.98388184178948100 ) ) ;
#2284 = ADVANCED_FACE ( 'E139', ( #2462 ), #2495, .F. ) ;
#2285 = CIRCLE ( 'NONE', #1118, 30.85816097696945100 ) ;
#2286 = EDGE_CURVE ( 'E103', #761, #2738, #2491, .T. ) ;
#2287 = FACE_BOUND ( 'NONE', #332, .T. ) ;
#2288 = CARTESIAN_POINT ( 'NONE',  ( -17.00000000000000000, 0.0000000000000000000, 0.0000000000000000000 ) ) ;
#2289 = EDGE_CURVE ( 'E427', #2048, #549, #2433, .T. ) ;
#2290 = DIRECTION ( 'NONE',  ( 1.000000000000000000, 0.0000000000000000000, 0.0000000000000000000 ) ) ;
#2291 = CARTESIAN_POINT ( 'NONE',  ( 12.60449823998401600, -5.873280608684620300, -15.95355434874680800 ) ) ;
#2292 = FACE_OUTER_BOUND ( 'NONE', #240, .T. ) ;
#2293 = ADVANCED_FACE ( 'E454', ( #2385, #2539, #2620, #2587 ), #2605, .F. ) ;
#2294 = LINE ( 'NONE', #2157, #2243 ) ;
#2295 = CARTESIAN_POINT ( 'NONE',  ( -3.191233068804240100, -28.94242879798120100, -15.50000000000000000 ) ) ;
#2296 = CARTESIAN_POINT ( 'NONE',  ( -3.350433499782647900, -28.95189328579651900, -15.49999999999999800 ) ) ;
#2297 = EDGE_CURVE ( 'E246', #2534, #1068, #2363, .T. ) ;
#2298 = CARTESIAN_POINT ( 'NONE',  ( 15.59162619278076900, -10.94682103895014800, -13.00661060681124300 ) ) ;
#2299 = ADVANCED_FACE ( 'E975', ( #2459 ), #2578, .T. ) ;
#2300 = CARTESIAN_POINT ( 'NONE',  ( -3.504470852435607000, -28.99826459332225800, -15.50000000000000200 ) ) ;
#2301 = CYLINDRICAL_SURFACE ( 'NONE', #1109, 0.4250000000000000400 ) ;
#2302 = CARTESIAN_POINT ( 'NONE',  ( 12.21353923402844200, -6.072518068805297100, -15.87878602950498100 ) ) ;
#2303 = EDGE_CURVE ( 'E255', #1685, #1068, #2831, .T. ) ;
#2304 = ADVANCED_FACE ( 'E1136', ( #2530, #2381 ), #2333, .T. ) ;
#2305 = CARTESIAN_POINT ( 'NONE',  ( -3.782317793218313200, -29.15201889882689200, -15.49999999999999600 ) ) ;
#2306 = CARTESIAN_POINT ( 'NONE',  ( -3.902581508647097000, -29.25685766363822200, -15.49999999999999800 ) ) ;
#2307 = LINE ( 'NONE', #2366, #2319 ) ;
#2308 = CARTESIAN_POINT ( 'NONE',  ( 12.02999200016679100, -6.187187358660309200, -15.83471473122338000 ) ) ;
#2309 = FACE_OUTER_BOUND ( 'NONE', #511, .T. ) ;
#2310 = CARTESIAN_POINT ( 'NONE',  ( 3.391321339720785800, 23.92579941211650800, 21.88751966586435700 ) ) ;
#2311 = EDGE_CURVE ( 'E366', #53, #1220, #2536, .T. ) ;
#2312 = EDGE_CURVE ( 'E350', #102, #1907, #2525, .T. ) ;
#2313 = CARTESIAN_POINT ( 'NONE',  ( -4.197925860040861300, -29.62919895935719300, -15.50000000000000200 ) ) ;
#2314 = FACE_OUTER_BOUND ( 'NONE', #199, .T. ) ;
#2315 = EDGE_LOOP ( 'NONE', ( #2658 ) ) ;
#2316 = CARTESIAN_POINT ( 'NONE',  ( 5.207725191815242700, 24.77144201323845300, 20.75141265379797100 ) ) ;
#2317 = ADVANCED_FACE ( 'E854', ( #2336 ), #2464, .T. ) ;
#2318 = ORIENTED_EDGE ( 'NONE', *, *, #2311, .T. ) ;
#2319 = VECTOR ( 'NONE', #2393, 1000.000000000000000 ) ;
#2320 = CARTESIAN_POINT ( 'NONE',  ( -3.191233068804240100, 28.94242879798120100, -15.50000000000000000 ) ) ;
#2321 = ORIENTED_EDGE ( 'NONE', *, *, #2141, .F. ) ;
#2322 = CIRCLE ( 'NONE', #1087, 8.000000000000000000 ) ;
#2323 = CARTESIAN_POINT ( 'NONE',  ( 11.68714776883713600, -6.446330190951201200, -15.73099822324126200 ) ) ;
#2324 = EDGE_CURVE ( 'E340', #1220, #631, #2435, .T. ) ;
#2325 = ORIENTED_EDGE ( 'NONE', *, *, #2123, .F. ) ;
#2326 = ORIENTED_EDGE ( 'NONE', *, *, #2334, .F. ) ;
#2327 = FACE_OUTER_BOUND ( 'NONE', #1449, .T. ) ;
#2328 = CARTESIAN_POINT ( 'NONE',  ( -3.269825618947008300, 28.94710113604353900, -15.50000000000000400 ) ) ;
#2329 = ADVANCED_FACE ( 'E1398', ( #2327, #2346 ), #2301, .F. ) ;
#2330 = CARTESIAN_POINT ( 'NONE',  ( 15.17116659653652800, -11.05258358253905900, -12.91685745400189900 ) ) ;
#2331 = CARTESIAN_POINT ( 'NONE',  ( 11.52618411735031300, -6.592847758993072700, -15.67046693129911500 ) ) ;
#2332 = ORIENTED_EDGE ( 'NONE', *, *, #2384, .F. ) ;
#2333 = CONICAL_SURFACE ( 'NONE', #1144, 3.000000000000000000, 0.7853981633974490600 ) ;
#2334 = EDGE_CURVE ( 'E355', #1220, #1907, #2307, .T. ) ;
#2335 = CARTESIAN_POINT ( 'NONE',  ( 11.24258277801888400, -6.906384170411419300, -15.53483289607229000 ) ) ;
#2336 = FACE_OUTER_BOUND ( 'NONE', #1838, .T. ) ;
#2337 = EDGE_CURVE ( 'E597', #80, #91, #2649, .T. ) ;
#2338 = EDGE_CURVE ( 'E625', #939, #220, #1305, .T. ) ;
#2339 = ADVANCED_FACE ( 'E836', ( #2314, #2292 ), #2281, .F. ) ;
#2340 = CARTESIAN_POINT ( 'NONE',  ( 11.11921929333525000, -7.073203218617700300, -15.45988543600288200 ) ) ;
#2341 = VECTOR ( 'NONE', #2467, 1000.000000000000100 ) ;
#2342 = CARTESIAN_POINT ( 'NONE',  ( 10.91121481763280300, -7.427052530082658400, -15.29304260706778400 ) ) ;
#2343 = ORIENTED_EDGE ( 'NONE', *, *, #981, .T. ) ;
#2344 = DIRECTION ( 'NONE',  ( 1.000000000000000000, -0.0000000000000000000, -0.0000000000000000000 ) ) ;
#2345 = EDGE_CURVE ( 'NONE', #1529, #1529, #2285, .T. ) ;
#2346 = FACE_OUTER_BOUND ( 'NONE', #11, .T. ) ;
#2347 = CARTESIAN_POINT ( 'NONE',  ( 6.180459638428236400, 24.79086988093677500, 20.63471937665865500 ) ) ;
#2348 = EDGE_CURVE ( 'NONE', #1523, #1523, #2277, .T. ) ;
#2349 = ADVANCED_FACE ( 'E845', ( #2287, #2264 ), #2222, .F. ) ;
#2350 = CARTESIAN_POINT ( 'NONE',  ( -4.299999999999999800, -30.26136150274804800, -15.50000000000000000 ) ) ;
#2351 = EDGE_CURVE ( 'E670', #612, #1946, #2260, .T. ) ;
#2352 = ORIENTED_EDGE ( 'NONE', *, *, #2528, .F. ) ;
#2353 = VECTOR ( 'NONE', #2731, 1000.000000000000000 ) ;
#2354 = CARTESIAN_POINT ( 'NONE',  ( -4.300000000000005200, -29.94330044479984600, -15.50000000000000200 ) ) ;
#2355 = FACE_BOUND ( 'NONE', #1510, .T. ) ;
#2356 = EDGE_CURVE ( 'E695', #1648, #2048, #2294, .T. ) ;
#2357 = CARTESIAN_POINT ( 'NONE',  ( 5.784929584887907000, 24.80803497264623300, 20.65214271716873300 ) ) ;
#2358 = FACE_OUTER_BOUND ( 'NONE', #729, .T. ) ;
#2359 = EDGE_CURVE ( 'NONE', #1520, #1520, #2322, .T. ) ;
#2360 = CARTESIAN_POINT ( 'NONE',  ( 10.82655844284110800, -7.615887355431007100, -15.20012239229582500 ) ) ;
#2361 = CARTESIAN_POINT ( 'NONE',  ( 10.70796230469332700, -7.994714720106785000, -15.00433262412876300 ) ) ;
#2362 = ORIENTED_EDGE ( 'NONE', *, *, #1870, .F. ) ;
#2363 = CIRCLE ( 'NONE', #1155, 15.50000000000000000 ) ;
#2364 = EDGE_CURVE ( 'NONE', #1516, #1516, #2232, .T. ) ;
#2365 = EDGE_CURVE ( 'E744', #171, #1926, #2256, .T. ) ;
#2366 = CARTESIAN_POINT ( 'NONE',  ( 11.00000000000000000, 12.70707070707070100, -31.53617532367399800 ) ) ;
#2367 = ADVANCED_FACE ( 'E1320', ( #2238, #2229 ), #2020, .T. ) ;
#2368 = EDGE_LOOP ( 'NONE', ( #676, #2155, #2273, #1444 ) ) ;
#2369 = SPHERICAL_SURFACE ( 'NONE', #1227, 26.00000000000000000 ) ;
#2370 = CARTESIAN_POINT ( 'NONE',  ( 14.95149168634010600, -11.09144986451135800, -12.88335013690933400 ) ) ;
#2371 = EDGE_CURVE ( 'E754', #1210, #555, #2209, .T. ) ;
#2372 = ADVANCED_FACE ( 'E339', ( #2202 ), #2182, .T. ) ;
#2373 = DIRECTION ( 'NONE',  ( 0.0000000000000000000, 0.0000000000000000000, 1.000000000000000000 ) ) ;
#2374 = ADVANCED_FACE ( 'E596', ( #2206 ), #2216, .F. ) ;
#2375 = CIRCLE ( 'NONE', #1336, 24.57132475061125400 ) ;
#2376 = VECTOR ( 'NONE', #268, 1000.000000000000000 ) ;
#2377 = VECTOR ( 'NONE', #2718, 1000.000000000000100 ) ;
#2378 = CARTESIAN_POINT ( 'NONE',  ( 7.815336023888741000, 20.94204162811481900, 24.39962414565057400 ) ) ;
#2379 = CARTESIAN_POINT ( 'NONE',  ( 10.67236858744162800, -8.186772741113113500, -14.90056472050848800 ) ) ;
#2380 = EDGE_CURVE ( 'NONE', #1514, #1514, #2188, .T. ) ;
#2381 = FACE_OUTER_BOUND ( 'NONE', #1637, .T. ) ;
#2382 = CARTESIAN_POINT ( 'NONE',  ( 10.65149708764911700, -8.576153877711593800, -14.67990672894441100 ) ) ;
#2383 = CARTESIAN_POINT ( 'NONE',  ( 14.51282411513036600, -11.13860163831855300, -12.84260582553315200 ) ) ;
#2384 = EDGE_CURVE ( 'NONE', #1512, #1512, #1079, .T. ) ;
#2385 = FACE_BOUND ( 'NONE', #123, .T. ) ;
#2386 = DIRECTION ( 'NONE',  ( -1.000000000000000000, 0.0000000000000000000, 0.0000000000000000000 ) ) ;
#2387 = ADVANCED_FACE ( 'E1355', ( #2168, #2167, #2173, #2214 ), #2148, .T. ) ;
#2388 = CIRCLE ( 'NONE', #1196, 30.59999999999999800 ) ;
#2389 = CARTESIAN_POINT ( 'NONE',  ( -4.299999999999999800, 0.0000000000000000000, 0.0000000000000000000 ) ) ;
#2390 = CARTESIAN_POINT ( 'NONE',  ( 10.66679552428586900, -8.769172060334151200, -14.56538173406427300 ) ) ;
#2391 = VECTOR ( 'NONE', #760, 1000.000000000000100 ) ;
#2392 = FACE_BOUND ( 'NONE', #2399, .T. ) ;
#2393 = DIRECTION ( 'NONE',  ( -1.000000000000000000, 0.0000000000000000000, -6.123031769111888800E-017 ) ) ;
#2394 = FACE_BOUND ( 'NONE', #365, .T. ) ;
#2395 = CARTESIAN_POINT ( 'NONE',  ( 15.06602540378445100, -9.799038105676650900, -13.97243186433546200 ) ) ;
#2396 = EDGE_CURVE ( 'NONE', #1508, #1508, #2154, .T. ) ;
#2397 = ORIENTED_EDGE ( 'NONE', *, *, #2289, .F. ) ;
#2398 = DIRECTION ( 'NONE',  ( 1.000000000000000000, 0.0000000000000000000, 0.0000000000000000000 ) ) ;
#2399 = EDGE_LOOP ( 'NONE', ( #1432 ) ) ;
#2400 = DIRECTION ( 'NONE',  ( 0.0000000000000000000, -0.4999999999999998900, -0.8660254037844387100 ) ) ;
#2401 = EDGE_CURVE ( 'NONE', #1506, #1506, #2162, .T. ) ;
#2402 = LINE ( 'NONE', #1903, #2588 ) ;
#2403 = PLANE ( 'NONE',  #1493 ) ;
#2404 = VECTOR ( 'NONE', #1767, 1000.000000000000000 ) ;
#2405 = FACE_BOUND ( 'NONE', #1616, .T. ) ;
#2406 = EDGE_CURVE ( 'NONE', #1504, #1504, #2131, .T. ) ;
#2407 = CARTESIAN_POINT ( 'NONE',  ( 14.20000000000000100, 16.45875000000000200, 0.0000000000000000000 ) ) ;
#2408 = DIRECTION ( 'NONE',  ( -6.123031769111888800E-017, 1.000000000000000000, 0.0000000000000000000 ) ) ;
#2409 = FACE_OUTER_BOUND ( 'NONE', #565, .T. ) ;
#2410 = CYLINDRICAL_SURFACE ( 'NONE', #1548, 0.4250000000000000400 ) ;
#2411 = CARTESIAN_POINT ( 'NONE',  ( 4.299999999999999800, 0.0000000000000000000, 0.0000000000000000000 ) ) ;
#2412 = EDGE_CURVE ( 'NONE', #1501, #1501, #2127, .T. ) ;
#2413 = DIRECTION ( 'NONE',  ( 0.0000000000000000000, 0.0000000000000000000, 1.000000000000000000 ) ) ;
#2414 = DIRECTION ( 'NONE',  ( 0.0000000000000000000, -0.8660254037844387100, 0.4999999999999998900 ) ) ;
#2415 = ORIENTED_EDGE ( 'NONE', *, *, #1082, .F. ) ;
#2416 = CARTESIAN_POINT ( 'NONE',  ( 11.81439422297309100, 12.36647362048205400, 1.829634274414375400 ) ) ;
#2417 = DIRECTION ( 'NONE',  ( -3.204937810639271500E-016, 0.8660254037844387100, -0.4999999999999998900 ) ) ;
#2418 = ADVANCED_FACE ( 'E1387', ( #2178 ), #2172, .F. ) ;
#2419 = EDGE_CURVE ( 'NONE', #1496, #1496, #2144, .T. ) ;
#2420 = DIRECTION ( 'NONE',  ( 0.0000000000000000000, 0.4999999999999998900, 0.8660254037844387100 ) ) ;
#2421 = EDGE_LOOP ( 'NONE', ( #1086 ) ) ;
#2422 = LINE ( 'NONE', #531, #2747 ) ;
#2423 = DIRECTION ( 'NONE',  ( 1.020425574104004100E-016, 0.0000000000000000000, -1.000000000000000000 ) ) ;
#2424 = EDGE_CURVE ( 'NONE', #1492, #1492, #2112, .T. ) ;
#2425 = DIRECTION ( 'NONE',  ( 1.000000000000000000, 0.0000000000000000000, 6.123031769111888800E-017 ) ) ;
#2426 = EDGE_CURVE ( 'NONE', #1489, #1489, #2110, .T. ) ;
#2427 = CYLINDRICAL_SURFACE ( 'NONE', #1876, 17.00000000000000000 ) ;
#2428 = LINE ( 'NONE', #663, #2595 ) ;
#2429 = CARTESIAN_POINT ( 'NONE',  ( 11.93973659122153400, 12.34262588190772400, 1.982204652889019800 ) ) ;
#2430 = CLOSED_SHELL ( 'NONE', ( #2789, #1699, #2091, #1145, #160, #411, #271, #2418 ) ) ;
#2431 = CARTESIAN_POINT ( 'NONE',  ( -3.127488696866364200, 28.93797910551945700, -15.50000000000000000 ) ) ;
#2432 = CARTESIAN_POINT ( 'NONE',  ( 12.21497702129549600, 12.29519984423435400, 2.257788682984486400 ) ) ;
#2433 = LINE ( 'NONE', #2634, #2608 ) ;
#2434 = ORIENTED_EDGE ( 'NONE', *, *, #1997, .T. ) ;
#2435 = CIRCLE ( 'NONE', #1124, 34.00000000000000000 ) ;
#2436 = DIRECTION ( 'NONE',  ( 1.000000000000000000, 2.775557561562890400E-016, -1.602468905319635000E-016 ) ) ;
#2437 = CARTESIAN_POINT ( 'NONE',  ( 12.36683619593041400, 12.27127597883500700, 2.382917352259175100 ) ) ;
#2438 = DIRECTION ( 'NONE',  ( -2.288405812698385100E-017, -0.9275345683433531300, 0.3737373737373739800 ) ) ;
#2439 = ADVANCED_FACE ( 'E97', ( #2124 ), #1440, .T. ) ;
#2440 = CARTESIAN_POINT ( 'NONE',  ( -9.500000000000000000, -49.50000000000000000, 15.50000000000000000 ) ) ;
#2441 = FACE_OUTER_BOUND ( 'NONE', #35, .T. ) ;
#2442 = FACE_BOUND ( 'NONE', #2078, .T. ) ;
#2443 = CARTESIAN_POINT ( 'NONE',  ( -4.299999999999999800, 49.50000000000000000, 15.50000000000000000 ) ) ;
#2444 = PLANE ( 'NONE',  #1281 ) ;
#2445 = CYLINDRICAL_SURFACE ( 'NONE', #1243, 3.000000000000002200 ) ;
#2446 = EDGE_CURVE ( 'NONE', #1485, #1485, #2121, .T. ) ;
#2447 = EDGE_CURVE ( 'E867', #2625, #890, #2106, .T. ) ;
#2448 = CARTESIAN_POINT ( 'NONE',  ( -4.716597578315687000, 25.56847169704231600, -0.1405496933066156000 ) ) ;
#2449 = LINE ( 'NONE', #1905, #2607 ) ;
#2450 = VERTEX_POINT ( 'NONE', #1229 ) ;
#2451 = ADVANCED_FACE ( 'E1017', ( #2094 ), #1211, .T. ) ;
#2452 = CARTESIAN_POINT ( 'NONE',  ( 12.69408388663350900, 12.22667199023016600, 2.602114774515509800 ) ) ;
#2453 = EDGE_CURVE ( 'E874', #2636, #2625, #2071, .T. ) ;
#2454 = CARTESIAN_POINT ( 'NONE',  ( 5.590054953117743300, 24.80397365282151900, 20.67579171874324800 ) ) ;
#2455 = LINE ( 'NONE', #1758, #2693 ) ;
#2456 = ORIENTED_EDGE ( 'NONE', *, *, #2239, .F. ) ;
#2457 = DIRECTION ( 'NONE',  ( 1.000000000000000000, 0.0000000000000000000, 0.0000000000000000000 ) ) ;
#2458 = CARTESIAN_POINT ( 'NONE',  ( -16.00000000000000000, 0.0000000000000000000, 0.0000000000000000000 ) ) ;
#2459 = FACE_OUTER_BOUND ( 'NONE', #22, .T. ) ;
#2460 = CARTESIAN_POINT ( 'NONE',  ( -3.875000000000000900, -5.955531732826719900, -22.22634701299799400 ) ) ;
#2461 = EDGE_CURVE ( 'E881', #1869, #2636, #2075, .T. ) ;
#2462 = FACE_OUTER_BOUND ( 'NONE', #2234, .T. ) ;
#2463 = ADVANCED_FACE ( 'E842', ( #2068, #2114 ), #2046, .F. ) ;
#2464 = PLANE ( 'NONE',  #1122 ) ;
#2465 = EDGE_CURVE ( 'E888', #224, #1869, #2056, .T. ) ;
#2466 = FACE_BOUND ( 'NONE', #593, .T. ) ;
#2467 = DIRECTION ( 'NONE',  ( 0.0000000000000000000, -0.9275345683433531300, -0.3737373737373739800 ) ) ;
#2468 = ORIENTED_EDGE ( 'NONE', *, *, #1348, .F. ) ;
#2469 = CIRCLE ( 'NONE', #1389, 32.81983567833614800 ) ;
#2470 = EDGE_CURVE ( 'E895', #789, #224, #2055, .T. ) ;
#2471 = CARTESIAN_POINT ( 'NONE',  ( 8.247395204492153900, 21.22927084599609800, 24.11488299691236400 ) ) ;
#2472 = ADVANCED_FACE ( 'E203', ( #2041 ), #2012, .T. ) ;
#2473 = CARTESIAN_POINT ( 'NONE',  ( -4.299999999999999800, 0.0000000000000000000, 0.0000000000000000000 ) ) ;
#2474 = FACE_OUTER_BOUND ( 'NONE', #2826, .T. ) ;
#2475 = LINE ( 'NONE', #277, #2541 ) ;
#2476 = CARTESIAN_POINT ( 'NONE',  ( -3.921081872845726000, -6.169856444415810200, -22.16794714232800700 ) ) ;
#2477 = ADVANCED_FACE ( 'E933', ( #2051 ), #1097, .T. ) ;
#2478 = EDGE_CURVE ( 'E902', #890, #789, #2008, .T. ) ;
#2479 = ORIENTED_EDGE ( 'NONE', *, *, #916, .F. ) ;
#2480 = ORIENTED_EDGE ( 'NONE', *, *, #2470, .T. ) ;
#2481 = CARTESIAN_POINT ( 'NONE',  ( -4.299999999999999800, 55.29292929292930100, -14.37678580932198000 ) ) ;
#2482 = VECTOR ( 'NONE', #2850, 1000.000000000000000 ) ;
#2483 = ADVANCED_FACE ( 'E642', ( #2003, #2025 ), #1063, .T. ) ;
#2484 = CIRCLE ( 'NONE', #1343, 24.57132475061125400 ) ;
#2485 = ORIENTED_EDGE ( 'NONE', *, *, #2224, .F. ) ;
#2486 = EDGE_CURVE ( 'NONE', #1482, #1482, #1994, .T. ) ;
#2487 = FACE_BOUND ( 'NONE', #490, .T. ) ;
#2488 = FACE_OUTER_BOUND ( 'NONE', #2598, .T. ) ;
#2489 = CARTESIAN_POINT ( 'NONE',  ( 7.312350373917214000, 24.54552393787623300, 20.81857998739484100 ) ) ;
#2490 = EDGE_CURVE ( 'E913', #425, #2766, #2030, .T. ) ;
#2491 = CIRCLE ( 'NONE', #1185, 34.00000000000000000 ) ;
#2492 = EDGE_LOOP ( 'NONE', ( #1166, #1680, #2612, #1545, #2828, #2851, #304, #59 ) ) ;
#2493 = DIRECTION ( 'NONE',  ( 0.0000000000000000000, 0.0000000000000000000, 1.000000000000000000 ) ) ;
#2494 = ADVANCED_FACE ( 'E1139', ( #1989 ), #1025, .T. ) ;
#2495 = TOROIDAL_SURFACE ( 'NONE', #1161, 34.00000000000000000, 1.169999999999999900 ) ;
#2496 = CARTESIAN_POINT ( 'NONE',  ( 7.490212354336219600, 20.79018866329159500, 24.55536268976670700 ) ) ;
#2497 = CYLINDRICAL_SURFACE ( 'NONE', #1168, 15.50000000000000000 ) ;
#2498 = CARTESIAN_POINT ( 'NONE',  ( 8.967218275938474600, 22.92049344303432400, 22.45070429431396500 ) ) ;
#2499 = EDGE_LOOP ( 'NONE', ( #194 ) ) ;
#2500 = EDGE_CURVE ( 'E918', #2636, #425, #1978, .T. ) ;
#2501 = EDGE_CURVE ( 'E928', #2625, #2766, #2000, .T. ) ;
#2502 = CARTESIAN_POINT ( 'NONE',  ( -3.063744340591066700, 28.93352918543556700, -15.50000000000000000 ) ) ;
#2503 = CARTESIAN_POINT ( 'NONE',  ( 14.20000000000000100, -6.250000000000000000, -10.82531754730550100 ) ) ;
#2504 = FACE_OUTER_BOUND ( 'NONE', #563, .T. ) ;
#2505 = LINE ( 'NONE', #2723, #2377 ) ;
#2506 = CARTESIAN_POINT ( 'NONE',  ( 8.681387915273417000, 23.57913845883274800, 21.78374214005899700 ) ) ;
#2507 = EDGE_CURVE ( 'E934', #2766, #781, #1974, .T. ) ;
#2508 = CARTESIAN_POINT ( 'NONE',  ( -4.077931548496937200, -6.320804098599540800, -22.12538010061916400 ) ) ;
#2509 = ADVANCED_FACE ( 'E833', ( #1956, #1991 ), #1945, .F. ) ;
#2510 = ORIENTED_EDGE ( 'NONE', *, *, #2058, .T. ) ;
#2511 = CARTESIAN_POINT ( 'NONE',  ( -3.000000000000000000, 28.92907903741469900, -15.50000000000000000 ) ) ;
#2512 = LINE ( 'NONE', #691, #2551 ) ;
#2513 = ORIENTED_EDGE ( 'NONE', *, *, #2659, .T. ) ;
#2514 = CARTESIAN_POINT ( 'NONE',  ( -4.188904873863982900, -6.364977599214767200, -22.11257379700247600 ) ) ;
#2515 = CIRCLE ( 'NONE', #1242, 34.00000000000000000 ) ;
#2516 = CARTESIAN_POINT ( 'NONE',  ( -4.410643343254581500, -6.365090875944940100, -22.11254119063088900 ) ) ;
#2517 = LINE ( 'NONE', #818, #2752 ) ;
#2518 = DIRECTION ( 'NONE',  ( 0.0000000000000000000, 0.0000000000000000000, 1.000000000000000000 ) ) ;
#2519 = CARTESIAN_POINT ( 'NONE',  ( -4.520988686165704700, -6.321778854393344600, -22.12510476800219500 ) ) ;
#2520 = ORIENTED_EDGE ( 'NONE', *, *, #2011, .T. ) ;
#2521 = LINE ( 'NONE', #753, #2391 ) ;
#2522 = DIRECTION ( 'NONE',  ( 0.0000000000000000000, 0.0000000000000000000, -1.000000000000000000 ) ) ;
#2523 = CARTESIAN_POINT ( 'NONE',  ( -4.679745088652647500, -6.169124877368106200, -22.16815389531491200 ) ) ;
#2524 = LINE ( 'NONE', #2609, #1205 ) ;
#2525 = CIRCLE ( 'NONE', #1136, 34.00000000000000000 ) ;
#2526 = DIRECTION ( 'NONE',  ( -1.000000000000000000, 0.0000000000000000000, -6.123031769111888800E-017 ) ) ;
#2527 = VERTEX_POINT ( 'NONE', #926 ) ;
#2528 = EDGE_CURVE ( 'E949', #890, #781, #1953, .T. ) ;
#2529 = ORIENTED_EDGE ( 'NONE', *, *, #2050, .F. ) ;
#2530 = FACE_BOUND ( 'NONE', #1651, .T. ) ;
#2531 = CARTESIAN_POINT ( 'NONE',  ( 4.007079556463445200, 24.40322902881176100, 21.29615490067279300 ) ) ;
#2532 = CARTESIAN_POINT ( 'NONE',  ( 11.00000000000000000, -55.29292929292930100, -14.37678580932198000 ) ) ;
#2533 = CARTESIAN_POINT ( 'NONE',  ( -4.724960704048821300, -6.062839311609669000, -22.19759328252584400 ) ) ;
#2534 = VERTEX_POINT ( 'NONE', #919 ) ;
#2535 = DIRECTION ( 'NONE',  ( 0.0000000000000000000, -1.000000000000000000, 0.0000000000000000000 ) ) ;
#2536 = LINE ( 'NONE', #2481, #2341 ) ;
#2537 = FACE_BOUND ( 'NONE', #1995, .T. ) ;
#2538 = CARTESIAN_POINT ( 'NONE',  ( -4.725039242703824800, -5.848514768267268200, -22.25502287260553700 ) ) ;
#2539 = FACE_BOUND ( 'NONE', #2254, .T. ) ;
#2540 = CARTESIAN_POINT ( 'NONE',  ( 14.20000000000000100, 16.45875000000000200, 0.0000000000000000000 ) ) ;
#2541 = VECTOR ( 'NONE', #343, 1000.000000000000000 ) ;
#2542 = ORIENTED_EDGE ( 'NONE', *, *, #2028, .F. ) ;
#2543 = FACE_OUTER_BOUND ( 'NONE', #1551, .T. ) ;
#2544 = FACE_BOUND ( 'NONE', #252, .T. ) ;
#2545 = DIRECTION ( 'NONE',  ( 0.5000000000000001100, -0.7500000000000001100, 0.4330127018922190800 ) ) ;
#2546 = ADVANCED_FACE ( 'E1086', ( #1968, #1952 ), #894, .T. ) ;
#2547 = CARTESIAN_POINT ( 'NONE',  ( -4.679107353446783100, -5.741065682938839600, -22.28284496338216400 ) ) ;
#2548 = CIRCLE ( 'NONE', #1273, 34.00000000000000000 ) ;
#2549 = ORIENTED_EDGE ( 'NONE', *, *, #2086, .F. ) ;
#2550 = DIRECTION ( 'NONE',  ( 0.8660254037844386000, 0.4330127018922195200, -0.2499999999999999400 ) ) ;
#2551 = VECTOR ( 'NONE', #800, 1000.000000000000100 ) ;
#2552 = ADVANCED_FACE ( 'E1311', ( #1960, #1950 ), #1914, .F. ) ;
#2553 = CARTESIAN_POINT ( 'NONE',  ( -4.522516308620219600, -5.588986670024718600, -22.32147492528729400 ) ) ;
#2554 = DIRECTION ( 'NONE',  ( 0.0000000000000000000, 0.0000000000000000000, -1.000000000000000000 ) ) ;
#2555 = EDGE_CURVE ( 'E970', #789, #2714, #1937, .T. ) ;
#2556 = FACE_OUTER_BOUND ( 'NONE', #202, .T. ) ;
#2557 = CARTESIAN_POINT ( 'NONE',  ( -4.412533079388099500, -5.544108417241928600, -22.33252609164101100 ) ) ;
#2558 = ORIENTED_EDGE ( 'NONE', *, *, #2146, .T. ) ;
#2559 = ADVANCED_FACE ( 'E1081', ( #1943 ), #828, .T. ) ;
#2560 = DIRECTION ( 'NONE',  ( 1.000000000000000000, 0.0000000000000000000, 6.123031769111888800E-017 ) ) ;
#2561 = CARTESIAN_POINT ( 'NONE',  ( -3.000000000000000000, 0.0000000000000000000, -15.50000000000000000 ) ) ;
#2562 = VECTOR ( 'NONE', #2084, 1000.000000000000000 ) ;
#2563 = ORIENTED_EDGE ( 'NONE', *, *, #2171, .F. ) ;
#2564 = CARTESIAN_POINT ( 'NONE',  ( 13.22714032633645700, -3.622636866802908500, -11.96379718090202000 ) ) ;
#2565 = CARTESIAN_POINT ( 'NONE',  ( -16.00000000000000000, -49.50000000000000000, -3.030900725710384900E-015 ) ) ;
#2566 = CARTESIAN_POINT ( 'NONE',  ( -4.188332885442502400, -5.543886696817955900, -22.33258113315172700 ) ) ;
#2567 = CARTESIAN_POINT ( 'NONE',  ( -3.875000000000000400, -6.064017598680412600, -22.19727831285230500 ) ) ;
#2568 = EDGE_CURVE ( 'E991', #224, #574, #1906, .T. ) ;
#2569 = CIRCLE ( 'NONE', #1279, 15.50000000000000000 ) ;
#2570 = CARTESIAN_POINT ( 'NONE',  ( -4.078256809228590500, -5.588505616620321500, -22.32159524315106600 ) ) ;
#2571 = DIRECTION ( 'NONE',  ( 0.0000000000000000000, 1.000000000000000000, 0.0000000000000000000 ) ) ;
#2572 = EDGE_LOOP ( 'NONE', ( #1722 ) ) ;
#2573 = FACE_BOUND ( 'NONE', #2782, .T. ) ;
#2574 = CARTESIAN_POINT ( 'NONE',  ( -3.921182539134457000, -5.740516176865082100, -22.28298640777782000 ) ) ;
#2575 = ORIENTED_EDGE ( 'NONE', *, *, #991, .F. ) ;
#2576 = DIRECTION ( 'NONE',  ( 0.0000000000000000000, 0.0000000000000000000, -1.000000000000000000 ) ) ;
#2577 = FACE_OUTER_BOUND ( 'NONE', #1347, .T. ) ;
#2578 = PLANE ( 'NONE',  #1141 ) ;
#2579 = ORIENTED_EDGE ( 'NONE', *, *, #2751, .T. ) ;
#2580 = ADVANCED_FACE ( 'E1346', ( #1902, #1901 ), #1921, .T. ) ;
#2581 = CIRCLE ( 'NONE', #1237, 15.50000000000000000 ) ;
#2582 = CARTESIAN_POINT ( 'NONE',  ( -3.875000000000001800, -5.847045866973026300, -22.25541571314368700 ) ) ;
#2583 = FACE_BOUND ( 'NONE', #180, .T. ) ;
#2584 = CARTESIAN_POINT ( 'NONE',  ( -3.875000000000000900, -5.955531732826719900, -22.22634701299799400 ) ) ;
#2585 = PLANE ( 'NONE',  #1271 ) ;
#2586 = CARTESIAN_POINT ( 'NONE',  ( -14.30000000000000100, 0.0000000000000000000, 0.0000000000000000000 ) ) ;
#2587 = FACE_OUTER_BOUND ( 'NONE', #2189, .T. ) ;
#2588 = VECTOR ( 'NONE', #2107, 1000.000000000000000 ) ;
#2589 = CARTESIAN_POINT ( 'NONE',  ( -16.00000000000000000, 12.70707070707070100, -31.53617532367399800 ) ) ;
#2590 = CARTESIAN_POINT ( 'NONE',  ( 13.33397459621556000, -9.799038105676650900, -13.97243186433546200 ) ) ;
#2591 = LINE ( 'NONE', #318, #2482 ) ;
#2592 = CIRCLE ( 'NONE', #1221, 8.000000000000000000 ) ;
#2593 = B_SPLINE_CURVE_WITH_KNOTS ( 'NONE', 3,
 ( #558, #528, #586, #592 ),
 .UNSPECIFIED., .F., .F.,
 ( 4, 4 ),
 ( 0.06140810874170710800, 0.06159980711510426600 ),
 .UNSPECIFIED. ) ;
#2594 = DIRECTION ( 'NONE',  ( 0.0000000000000000000, 0.0000000000000000000, -1.000000000000000000 ) ) ;
#2595 = VECTOR ( 'NONE', #835, 1000.000000000000100 ) ;
#2596 = DIRECTION ( 'NONE',  ( 6.123031769111888800E-017, 0.0000000000000000000, -1.000000000000000000 ) ) ;
#2597 = CARTESIAN_POINT ( 'NONE',  ( -14.30000000000000100, 0.0000000000000000000, 0.0000000000000000000 ) ) ;
#2598 = EDGE_LOOP ( 'NONE', ( #1469 ) ) ;
#2599 = LINE ( 'NONE', #1843, #2353 ) ;
#2600 = DIRECTION ( 'NONE',  ( 1.000000000000000000, 0.0000000000000000000, 6.123031769111888800E-017 ) ) ;
#2601 = FACE_OUTER_BOUND ( 'NONE', #2572, .T. ) ;
#2602 = EDGE_CURVE ( 'E997', #574, #2017, #1888, .T. ) ;
#2603 = CIRCLE ( 'NONE', #1216, 8.000000000000000000 ) ;
#2604 = ORIENTED_EDGE ( 'NONE', *, *, #2351, .T. ) ;
#2605 = PLANE ( 'NONE',  #1154 ) ;
#2606 = EDGE_LOOP ( 'NONE', ( #1531 ) ) ;
#2607 = VECTOR ( 'NONE', #2010, 1000.000000000000000 ) ;
#2608 = VECTOR ( 'NONE', #2711, 1000.000000000000000 ) ;
#2609 = CARTESIAN_POINT ( 'NONE',  ( 13.33397459621556000, 15.87500000000000000, 1.500000000000000000 ) ) ;
#2610 = EDGE_LOOP ( 'NONE', ( #2579, #2767, #867, #1555, #335, #181 ) ) ;
#2611 = CARTESIAN_POINT ( 'NONE',  ( 8.250000000000000000, 0.0000000000000000000, 0.0000000000000000000 ) ) ;
#2612 = ORIENTED_EDGE ( 'NONE', *, *, #2141, .T. ) ;
#2613 = DIRECTION ( 'NONE',  ( 0.0000000000000000000, 0.0000000000000000000, 1.000000000000000000 ) ) ;
#2614 = EDGE_LOOP ( 'NONE', ( #187, #1108, #1951, #1505 ) ) ;
#2615 = ADVANCED_FACE ( 'E848', ( #1892, #1879 ), #801, .F. ) ;
#2616 = CIRCLE ( 'NONE', #1197, 15.50000000000000000 ) ;
#2617 = ORIENTED_EDGE ( 'NONE', *, *, #2507, .F. ) ;
#2618 = DIRECTION ( 'NONE',  ( 1.000000000000000000, -0.0000000000000000000, -0.0000000000000000000 ) ) ;
#2619 = DIRECTION ( 'NONE',  ( -1.000000000000000000, 0.0000000000000000000, 0.0000000000000000000 ) ) ;
#2620 = FACE_BOUND ( 'NONE', #272, .T. ) ;
#2621 = ORIENTED_EDGE ( 'NONE', *, *, #2729, .F. ) ;
#2622 = CARTESIAN_POINT ( 'NONE',  ( 3.732193709960260900, 24.23189660407828700, 21.51638934324206100 ) ) ;
#2623 = CARTESIAN_POINT ( 'NONE',  ( 6.764445157961675100, 20.58965464770195900, 24.78163547985818100 ) ) ;
#2624 = VECTOR ( 'NONE', #810, 1000.000000000000000 ) ;
#2625 = VERTEX_POINT ( 'NONE', #748 ) ;
#2626 = CIRCLE ( 'NONE', #1173, 24.64717391024670000 ) ;
#2627 = CARTESIAN_POINT ( 'NONE',  ( -4.299999999999999800, 0.0000000000000000000, 0.0000000000000000000 ) ) ;
#2628 = EDGE_LOOP ( 'NONE', ( #2362 ) ) ;
#2629 = EDGE_CURVE ( 'E1012', #1869, #2017, #1899, .T. ) ;
#2630 = CIRCLE ( 'NONE', #1232, 34.00000000000000000 ) ;
#2631 = FACE_OUTER_BOUND ( 'NONE', #904, .T. ) ;
#2632 = ADVANCED_FACE ( 'E851', ( #1873, #1863 ), #1846, .F. ) ;
#2633 = LINE ( 'NONE', #2440, #2562 ) ;
#2634 = CARTESIAN_POINT ( 'NONE',  ( -9.500000000000000000, 49.50000000000000000, -15.50000000000000000 ) ) ;
#2635 = FACE_OUTER_BOUND ( 'NONE', #1313, .T. ) ;
#2636 = VERTEX_POINT ( 'NONE', #731 ) ;
#2637 = EDGE_CURVE ( 'E1018', #2017, #425, #1851, .T. ) ;
#2638 = EDGE_CURVE ( 'NONE', #1477, #1477, #1857, .T. ) ;
#2639 = TOROIDAL_SURFACE ( 'NONE', #1355, 13.10000000000000100, 0.5999999999999999800 ) ;
#2640 = ORIENTED_EDGE ( 'NONE', *, *, #905, .F. ) ;
#2641 = DIRECTION ( 'NONE',  ( 0.0000000000000000000, 0.0000000000000000000, 1.000000000000000000 ) ) ;
#2642 = VERTEX_POINT ( 'NONE', #695 ) ;
#2643 = VECTOR ( 'NONE', #2526, 1000.000000000000000 ) ;
#2644 = CARTESIAN_POINT ( 'NONE',  ( -3.875000000000000000, 23.01040764008564900, -3.388131789017201400E-017 ) ) ;
#2645 = ADVANCED_FACE ( 'E381', ( #1831 ), #1829, .T. ) ;
#2646 = CARTESIAN_POINT ( 'NONE',  ( -16.00000000000000000, 0.0000000000000000000, 0.0000000000000000000 ) ) ;
#2647 = FACE_OUTER_BOUND ( 'NONE', #2421, .T. ) ;
#2648 = ADVANCED_FACE ( 'E676', ( #1836 ), #671, .T. ) ;
#2649 = B_SPLINE_CURVE_WITH_KNOTS ( 'NONE', 3,
 ( #2350, #2354, #2313, #2306, #2305, #2300, #2296, #2295 ),
 .UNSPECIFIED., .F., .F.,
 ( 4, 2, 2, 4 ),
 ( 0.001268419174681692500, 0.002212529496782018300, 0.002684584657832177000, 0.003156639818882335800 ),
 .UNSPECIFIED. ) ;
#2650 = CARTESIAN_POINT ( 'NONE',  ( -3.874999999999999600, 23.01040764008564600, -0.1123128328294913000 ) ) ;
#2651 = FACE_BOUND ( 'NONE', #674, .T. ) ;
#2652 = FACE_OUTER_BOUND ( 'NONE', #1094, .T. ) ;
#2653 = CARTESIAN_POINT ( 'NONE',  ( -3.921081872845724200, 23.00946901394891600, -0.2221367728967743900 ) ) ;
#2654 = ORIENTED_EDGE ( 'NONE', *, *, #2419, .F. ) ;
#2655 = CARTESIAN_POINT ( 'NONE',  ( 13.33397459621556000, -7.200961894323341100, -15.47243186433545000 ) ) ;
#2656 = FACE_OUTER_BOUND ( 'NONE', #1008, .T. ) ;
#2657 = LINE ( 'NONE', #1098, #2777 ) ;
#2658 = ORIENTED_EDGE ( 'NONE', *, *, #958, .F. ) ;
#2659 = EDGE_CURVE ( 'NONE', #1473, #1473, #1867, .T. ) ;
#2660 = CARTESIAN_POINT ( 'NONE',  ( -4.077931548496937200, 23.00742053672992100, -0.3789581715785110300 ) ) ;
#2661 = FACE_OUTER_BOUND ( 'NONE', #354, .T. ) ;
#2662 = CARTESIAN_POINT ( 'NONE',  ( -4.188904873863981100, 23.00648354057531000, -0.4249410119337232400 ) ) ;
#2663 = ORIENTED_EDGE ( 'NONE', *, *, #1051, .T. ) ;
#2664 = FACE_OUTER_BOUND ( 'NONE', #719, .T. ) ;
#2665 = ORIENTED_EDGE ( 'NONE', *, *, #2119, .F. ) ;
#2666 = CARTESIAN_POINT ( 'NONE',  ( 10.70740921551690100, -8.956784413953261700, -14.44908346442676200 ) ) ;
#2667 = LINE ( 'NONE', #854, #2624 ) ;
#2668 = CYLINDRICAL_SURFACE ( 'NONE', #1292, 23.01040764008565300 ) ;
#2669 = FACE_OUTER_BOUND ( 'NONE', #1231, .T. ) ;
#2670 = CARTESIAN_POINT ( 'NONE',  ( -4.410643343254578900, 23.00648136341403600, -0.4250588680028728500 ) ) ;
#2671 = VECTOR ( 'NONE', #629, 1000.000000000000100 ) ;
#2672 = ORIENTED_EDGE ( 'NONE', *, *, #2066, .T. ) ;
#2673 = CARTESIAN_POINT ( 'NONE',  ( -4.520988686165702900, 23.00740687120811100, -0.3799709746990879200 ) ) ;
#2674 = FACE_OUTER_BOUND ( 'NONE', #567, .T. ) ;
#2675 = VECTOR ( 'NONE', #1534, 1000.000000000000000 ) ;
#2676 = CIRCLE ( 'NONE', #1408, 15.50000000000000000 ) ;
#2677 = ORIENTED_EDGE ( 'NONE', *, *, #1948, .F. ) ;
#2678 = DIRECTION ( 'NONE',  ( 0.0000000000000000000, 0.0000000000000000000, 1.000000000000000000 ) ) ;
#2679 = CIRCLE ( 'NONE', #1391, 17.00000000000000000 ) ;
#2680 = CARTESIAN_POINT ( 'NONE',  ( -4.679745088652647500, 23.00947937851390500, -0.2213766217810969300 ) ) ;
#2681 = FACE_OUTER_BOUND ( 'NONE', #2606, .T. ) ;
#2682 = DIRECTION ( 'NONE',  ( -7.038224675550413800E-017, 0.0000000000000000000, 1.000000000000000000 ) ) ;
#2683 = DIRECTION ( 'NONE',  ( -1.000000000000000000, 0.0000000000000000000, -4.592273826833919600E-017 ) ) ;
#2684 = CARTESIAN_POINT ( 'NONE',  ( -4.724960704048818600, 23.01040691429329500, -0.1110931747669386500 ) ) ;
#2685 = CYLINDRICAL_SURFACE ( 'NONE', #1276, 17.00000000000000000 ) ;
#2686 = CARTESIAN_POINT ( 'NONE',  ( -4.725039242703824800, 23.01040836489453800, 0.1107923085201503500 ) ) ;
#2687 = CARTESIAN_POINT ( 'NONE',  ( -8.277488643184911500, 0.0000000000000000000, 1.403327558943800000E-016 ) ) ;
#2688 = ORIENTED_EDGE ( 'NONE', *, *, #2334, .T. ) ;
#2689 = EDGE_CURVE ( 'NONE', #1467, #1467, #1840, .T. ) ;
#2690 = FACE_OUTER_BOUND ( 'NONE', #545, .T. ) ;
#2691 = CARTESIAN_POINT ( 'NONE',  ( -8.500000000000000000, 0.0000000000000000000, -104.0000000000000000 ) ) ;
#2692 = ORIENTED_EDGE ( 'NONE', *, *, #2703, .F. ) ;
#2693 = VECTOR ( 'NONE', #2438, 1000.000000000000100 ) ;
#2694 = CARTESIAN_POINT ( 'NONE',  ( -4.679107353446785700, 23.00947257125520600, 0.2217810420175790300 ) ) ;
#2695 = ORIENTED_EDGE ( 'NONE', *, *, #2164, .F. ) ;
#2696 = CARTESIAN_POINT ( 'NONE',  ( -4.412533079388096800, 23.00648456468593400, 0.4248855738050769100 ) ) ;
#2697 = DIRECTION ( 'NONE',  ( 1.000000000000000000, 0.0000000000000000000, 0.0000000000000000000 ) ) ;
#2698 = CARTESIAN_POINT ( 'NONE',  ( -4.188332885442510400, 23.00648034523422300, 0.4251139850800511000 ) ) ;
#2699 = CARTESIAN_POINT ( 'NONE',  ( -4.078256809228590500, 23.00741701657456800, 0.3791720605422501700 ) ) ;
#2700 = CARTESIAN_POINT ( 'NONE',  ( -3.921182539134458800, 23.00946697341266000, 0.2223484326293458400 ) ) ;
#2701 = VERTEX_POINT ( 'NONE', #647 ) ;
#2702 = CARTESIAN_POINT ( 'NONE',  ( -3.129999999999999900, 0.0000000000000000000, 0.0000000000000000000 ) ) ;
#2703 = EDGE_CURVE ( 'E1094', #117, #487, #1819, .T. ) ;
#2704 = VECTOR ( 'NONE', #1081, 1000.000000000000100 ) ;
#2705 = EDGE_CURVE ( 'E1101', #1518, #117, #1825, .T. ) ;
#2706 = CARTESIAN_POINT ( 'NONE',  ( -3.875000000000000400, 23.01040764008564900, 0.1123128328294912400 ) ) ;
#2707 = EDGE_LOOP ( 'NONE', ( #8, #145, #689, #776 ) ) ;
#2708 = FACE_OUTER_BOUND ( 'NONE', #2787, .T. ) ;
#2709 = CARTESIAN_POINT ( 'NONE',  ( -3.875000000000000000, 23.01040764008564900, -3.388131789017201400E-017 ) ) ;
#2710 = DIRECTION ( 'NONE',  ( 1.000000000000000000, 0.0000000000000000000, 3.204937810639275000E-016 ) ) ;
#2711 = DIRECTION ( 'NONE',  ( -1.000000000000000000, 0.0000000000000000000, 0.0000000000000000000 ) ) ;
#2712 = DIRECTION ( 'NONE',  ( -1.000000000000000000, 0.0000000000000000000, 0.0000000000000000000 ) ) ;
#2713 = DIRECTION ( 'NONE',  ( -1.000000000000000000, 0.0000000000000000000, -6.123031769111888800E-017 ) ) ;
#2714 = VERTEX_POINT ( 'NONE', #599 ) ;
#2715 = EDGE_LOOP ( 'NONE', ( #2677 ) ) ;
#2716 = ORIENTED_EDGE ( 'NONE', *, *, #2297, .F. ) ;
#2717 = CIRCLE ( 'NONE', #1289, 15.50000000000000000 ) ;
#2718 = DIRECTION ( 'NONE',  ( 0.0000000000000000000, 0.9275345683433531300, 0.3737373737373739800 ) ) ;
#2719 = FACE_BOUND ( 'NONE', #422, .T. ) ;
#2720 = CARTESIAN_POINT ( 'NONE',  ( 7.966957969504687000, 21.02980917345365000, 24.31184497370471900 ) ) ;
#2721 = EDGE_CURVE ( 'E1108', #522, #1518, #1800, .T. ) ;
#2722 = CIRCLE ( 'NONE', #1412, 17.00000000000000000 ) ;
#2723 = CARTESIAN_POINT ( 'NONE',  ( -4.299999999999999800, -55.29292929292930100, 14.37678580932196000 ) ) ;
#2724 = CARTESIAN_POINT ( 'NONE',  ( -4.654465190668839900, 25.57891659864130300, -0.2344769255259464300 ) ) ;
#2725 = CARTESIAN_POINT ( 'NONE',  ( -3.000000000000000000, -49.50000000000000000, 15.50000000000000000 ) ) ;
#2726 = CARTESIAN_POINT ( 'NONE',  ( 11.00000000000000000, -49.50000000000000000, -1.377682148050173800E-015 ) ) ;
#2727 = CARTESIAN_POINT ( 'NONE',  ( 11.59873810528030800, -7.510168129888527700, -9.993704023414085900 ) ) ;
#2728 = DIRECTION ( 'NONE',  ( -1.119176436114069100E-016, 0.0000000000000000000, 1.000000000000000000 ) ) ;
#2729 = EDGE_CURVE ( 'E1115', #2642, #522, #1801, .T. ) ;
#2730 = ORIENTED_EDGE ( 'NONE', *, *, #2180, .F. ) ;
#2731 = DIRECTION ( 'NONE',  ( -1.000000000000000000, 0.0000000000000000000, -6.123031769111888800E-017 ) ) ;
#2732 = FACE_OUTER_BOUND ( 'NONE', #1275, .T. ) ;
#2733 = EDGE_CURVE ( 'E1122', #1130, #2642, #1805, .T. ) ;
#2734 = DIRECTION ( 'NONE',  ( 0.0000000000000000000, 0.0000000000000000000, 1.000000000000000000 ) ) ;
#2735 = EDGE_LOOP ( 'NONE', ( #1798 ) ) ;
#2736 = ORIENTED_EDGE ( 'NONE', *, *, #2490, .T. ) ;
#2737 = DIRECTION ( 'NONE',  ( 0.0000000000000000000, 0.0000000000000000000, 1.000000000000000000 ) ) ;
#2738 = VERTEX_POINT ( 'NONE', #561 ) ;
#2739 = CARTESIAN_POINT ( 'NONE',  ( 11.50623914260776600, -7.371207314961234000, -10.09697204210061200 ) ) ;
#2740 = DIRECTION ( 'NONE',  ( 1.000000000000000000, 0.0000000000000000000, 0.0000000000000000000 ) ) ;
#2741 = LINE ( 'NONE', #1002, #2778 ) ;
#2742 = DIRECTION ( 'NONE',  ( 0.0000000000000000000, 1.000000000000000000, 0.0000000000000000000 ) ) ;
#2743 = ADVANCED_FACE ( 'E639', ( #1779, #1782 ), #1791, .T. ) ;
#2744 = ORIENTED_EDGE ( 'NONE', *, *, #2412, .F. ) ;
#2745 = DIRECTION ( 'NONE',  ( 0.0000000000000000000, 0.0000000000000000000, -1.000000000000000000 ) ) ;
#2746 = DIRECTION ( 'NONE',  ( 1.000000000000000000, 0.0000000000000000000, 0.0000000000000000000 ) ) ;
#2747 = VECTOR ( 'NONE', #389, 1000.000000000000000 ) ;
#2748 = ORIENTED_EDGE ( 'NONE', *, *, #2351, .F. ) ;
#2749 = EDGE_CURVE ( 'E1129', #487, #1130, #1796, .T. ) ;
#2750 = CARTESIAN_POINT ( 'NONE',  ( -4.299999999999999800, 49.50000000000000000, 0.0000000000000000000 ) ) ;
#2751 = EDGE_CURVE ( 'E1140', #1212, #841, #1776, .T. ) ;
#2752 = VECTOR ( 'NONE', #1019, 1000.000000000000100 ) ;
#2753 = CARTESIAN_POINT ( 'NONE',  ( 11.35443077809009600, -7.072234923804820100, -10.30859034405843400 ) ) ;
#2754 = CARTESIAN_POINT ( 'NONE',  ( 11.29692624687068300, -6.915180658844204400, -10.41475935042840300 ) ) ;
#2755 = ADVANCED_FACE ( 'E1317', ( #1751, #1770 ), #1745, .F. ) ;
#2756 = DIRECTION ( 'NONE',  ( 0.0000000000000000000, 0.0000000000000000000, -1.000000000000000000 ) ) ;
#2757 = DIRECTION ( 'NONE',  ( -1.000000000000000000, 0.0000000000000000000, -6.123031769111888800E-017 ) ) ;
#2758 = LINE ( 'NONE', #1080, #2704 ) ;
#2759 = DIRECTION ( 'NONE',  ( -1.000000000000000000, 0.0000000000000000000, 0.0000000000000000000 ) ) ;
#2760 = CIRCLE ( 'NONE', #1316, 24.64717391024670000 ) ;
#2761 = ORIENTED_EDGE ( 'NONE', *, *, #966, .T. ) ;
#2762 = FACE_OUTER_BOUND ( 'NONE', #1463, .T. ) ;
#2763 = EDGE_CURVE ( 'E1145', #1518, #1212, #1747, .T. ) ;
#2764 = CONICAL_SURFACE ( 'NONE', #1317, 32.02655753263234600, 0.06145875305636795000 ) ;
#2765 = DIRECTION ( 'NONE',  ( 1.133806193448893700E-016, 0.0000000000000000000, -1.000000000000000000 ) ) ;
#2766 = VERTEX_POINT ( 'NONE', #492 ) ;
#2767 = ORIENTED_EDGE ( 'NONE', *, *, #1286, .T. ) ;
#2768 = DIRECTION ( 'NONE',  ( 1.000000000000000000, 0.0000000000000000000, 6.123031769111888800E-017 ) ) ;
#2769 = CARTESIAN_POINT ( 'NONE',  ( -16.00000000000000000, 0.0000000000000000000, 0.0000000000000000000 ) ) ;
#2770 = FACE_OUTER_BOUND ( 'NONE', #2249, .T. ) ;
#2771 = ORIENTED_EDGE ( 'NONE', *, *, #1841, .T. ) ;
#2772 = PLANE ( 'NONE',  #1175 ) ;
#2773 = CARTESIAN_POINT ( 'NONE',  ( -4.299999999999999800, -49.50000000000000000, 0.0000000000000000000 ) ) ;
#2774 = CARTESIAN_POINT ( 'NONE',  ( 11.21999835093831300, -6.591734623034716900, -10.62242771362903500 ) ) ;
#2775 = FACE_OUTER_BOUND ( 'NONE', #44, .T. ) ;
#2776 = EDGE_LOOP ( 'NONE', ( #2672 ) ) ;
#2777 = VECTOR ( 'NONE', #2757, 1000.000000000000000 ) ;
#2778 = VECTOR ( 'NONE', #1039, 1000.000000000000000 ) ;
#2779 = FACE_OUTER_BOUND ( 'NONE', #2610, .T. ) ;
#2780 = LINE ( 'NONE', #1929, #2404 ) ;
#2781 = CARTESIAN_POINT ( 'NONE',  ( 12.87071192227978000, 12.20592696192435200, -2.696524443998023400 ) ) ;
#2782 = EDGE_LOOP ( 'NONE', ( #704 ) ) ;
#2783 = CIRCLE ( 'NONE', #1255, 34.00000000000000000 ) ;
#2784 = CARTESIAN_POINT ( 'NONE',  ( 15.93205080756890100, 15.87500000000000000, 4.428471395355839400E-016 ) ) ;
#2785 = CARTESIAN_POINT ( 'NONE',  ( 13.33397459621556000, 15.87500000000000000, 1.500000000000000000 ) ) ;
#2786 = CYLINDRICAL_SURFACE ( 'NONE', #1192, 2.458750000000000700 ) ;
#2787 = EDGE_LOOP ( 'NONE', ( #192, #560, #682, #2282, #557 ) ) ;
#2788 = CARTESIAN_POINT ( 'NONE',  ( 11.20011081334417600, -6.422851464885553700, -10.72549099803371700 ) ) ;
#2789 = ADVANCED_FACE ( 'E1365', ( #1742, #1754 ), #1726, .T. ) ;
#2790 = FACE_OUTER_BOUND ( 'NONE', #1248, .T. ) ;
#2791 = CARTESIAN_POINT ( 'NONE',  ( 14.39745887959346700, 12.13468171127379200, -2.999916627742436900 ) ) ;
#2792 = PLANE ( 'NONE',  #1251 ) ;
#2793 = FACE_BOUND ( 'NONE', #88, .T. ) ;
#2794 = B_SPLINE_CURVE_WITH_KNOTS ( 'NONE', 3,
 ( #186, #196, #222, #223, #228, #231, #463, #263 ),
 .UNSPECIFIED., .F., .F.,
 ( 4, 2, 2, 4 ),
 ( 0.006533370727664109700, 0.007477799435847686300, 0.007950013789939479000, 0.008422228144031271600 ),
 .UNSPECIFIED. ) ;
#2795 = DIRECTION ( 'NONE',  ( 0.0000000000000000000, 0.0000000000000000000, -1.000000000000000000 ) ) ;
#2796 = EDGE_CURVE ( 'E1155', #117, #841, #1739, .T. ) ;
#2797 = CARTESIAN_POINT ( 'NONE',  ( 13.41273872596906400, 12.15484944944359700, -2.921168117209801600 ) ) ;
#2798 = CYLINDRICAL_SURFACE ( 'NONE', #1762, 0.4250000000000000400 ) ;
#2799 = DIRECTION ( 'NONE',  ( 1.000000000000000000, 0.0000000000000000000, 6.123031769111888800E-017 ) ) ;
#2800 = ORIENTED_EDGE ( 'NONE', *, *, #2446, .F. ) ;
#2801 = CARTESIAN_POINT ( 'NONE',  ( -16.00000000000000000, 49.50000000000000000, 0.0000000000000000000 ) ) ;
#2802 = FACE_OUTER_BOUND ( 'NONE', #1344, .T. ) ;
#2803 = VERTEX_POINT ( 'NONE', #468 ) ;
#2804 = CARTESIAN_POINT ( 'NONE',  ( 0.0000000000000000000, 0.0000000000000000000, 0.0000000000000000000 ) ) ;
#2805 = CARTESIAN_POINT ( 'NONE',  ( 3.608930014662810000, 24.13664783796780000, 21.63472600032427100 ) ) ;
#2806 = CIRCLE ( 'NONE', #1306, 34.00000000000000000 ) ;
#2807 = CARTESIAN_POINT ( 'NONE',  ( 11.19989011905124000, -6.080045241836893800, -10.92347142377830600 ) ) ;
#2808 = CONICAL_SURFACE ( 'NONE', #1709, 3.000000000000000400, 0.7853981633974476100 ) ;
#2809 = FACE_OUTER_BOUND ( 'NONE', #1984, .T. ) ;
#2810 = CARTESIAN_POINT ( 'NONE',  ( 14.59662048462722000, 12.13960984447377500, -2.980177568009189300 ) ) ;
#2811 = ORIENTED_EDGE ( 'NONE', *, *, #2125, .F. ) ;
#2812 = ADVANCED_FACE ( 'E575', ( #1723 ), #461, .T. ) ;
#2813 = CIRCLE ( 'NONE', #1427, 16.40000000000000200 ) ;
#2814 = CIRCLE ( 'NONE', #1369, 13.10000000000000100 ) ;
#2815 = CIRCLE ( 'NONE', #1646, 17.00000000000000000 ) ;
#2816 = CIRCLE ( 'NONE', #1401, 32.83160344433714800 ) ;
#2817 = EDGE_CURVE ( 'E1176', #487, #709, #1711, .T. ) ;
#2818 = FACE_OUTER_BOUND ( 'NONE', #2824, .T. ) ;
#2819 = DIRECTION ( 'NONE',  ( 1.020425574104004100E-016, 0.0000000000000000000, -1.000000000000000000 ) ) ;
#2820 = SPHERICAL_SURFACE ( 'NONE', #1267, 26.00000000000000000 ) ;
#2821 = EDGE_LOOP ( 'NONE', ( #2024 ) ) ;
#2822 = FACE_BOUND ( 'NONE', #1768, .T. ) ;
#2823 = ORIENTED_EDGE ( 'NONE', *, *, #1348, .T. ) ;
#2824 = EDGE_LOOP ( 'NONE', ( #66 ) ) ;
#2825 = CARTESIAN_POINT ( 'NONE',  ( 11.21917978695917600, -5.908634172575197000, -11.01704217766099900 ) ) ;
#2826 = EDGE_LOOP ( 'NONE', ( #1054 ) ) ;
#2827 = CIRCLE ( 'NONE', #1363, 32.81983567833614800 ) ;
#2828 = ORIENTED_EDGE ( 'NONE', *, *, #2123, .T. ) ;
#2829 = FACE_OUTER_BOUND ( 'NONE', #1731, .T. ) ;
#2830 = ORIENTED_EDGE ( 'NONE', *, *, #2453, .T. ) ;
#2831 = LINE ( 'NONE', #2532, #2643 ) ;
#2832 = CARTESIAN_POINT ( 'NONE',  ( 11.29564091490076900, -5.566030711006033200, -11.19403762070783300 ) ) ;
#2833 = DIRECTION ( 'NONE',  ( 0.0000000000000000000, 1.000000000000000000, 0.0000000000000000000 ) ) ;
#2834 = CARTESIAN_POINT ( 'NONE',  ( 11.35377505007014100, -5.393401188691943700, -11.27804387480713700 ) ) ;
#2835 = ADVANCED_FACE ( 'E1038', ( #1710 ), #497, .T. ) ;
#2836 = SPHERICAL_SURFACE ( 'NONE', #1263, 26.00000000000000000 ) ;
#2837 = CIRCLE ( 'NONE', #1629, 12.50000000000000000 ) ;
#2838 = CARTESIAN_POINT ( 'NONE',  ( 13.80889454099682300, 12.13462007560316800, -3.000165937091046500 ) ) ;
#2839 = CIRCLE ( 'NONE', #1296, 15.50000000000000000 ) ;
#2840 = LINE ( 'NONE', #895, #1689 ) ;
#2841 = CONICAL_SURFACE ( 'NONE', #1246, 3.000000000000000000, 0.7853981633974476100 ) ;
#2842 = CARTESIAN_POINT ( 'NONE',  ( 11.50392248319495200, -5.063139712887806200, -11.43012100863489700 ) ) ;
#2843 = CIRCLE ( 'NONE', #1659, 16.40000000000000200 ) ;
#2844 = LINE ( 'NONE', #636, #2671 ) ;
#2845 = ORIENTED_EDGE ( 'NONE', *, *, #2486, .F. ) ;
#2846 = FACE_OUTER_BOUND ( 'NONE', #1123, .T. ) ;
#2847 = CARTESIAN_POINT ( 'NONE',  ( -4.105397782381168700, 25.67105935170696900, 0.3938912430776870300 ) ) ;
#2848 = CARTESIAN_POINT ( 'NONE',  ( 11.59595526769350800, -4.903993619218594400, -11.49904682862252000 ) ) ;
#2849 = EDGE_CURVE ( 'E1182', #709, #985, #1702, .T. ) ;
#2850 = DIRECTION ( 'NONE',  ( 0.0000000000000000000, 1.000000000000000000, 0.0000000000000000000 ) ) ;
#2851 = ORIENTED_EDGE ( 'NONE', *, *, #2289, .T. ) ;
#2852 = CARTESIAN_POINT ( 'NONE',  ( 11.81439422297308500, -4.598727048963464600, -11.62449744777476600 ) ) ;
#2853 = CARTESIAN_POINT ( 'NONE',  ( -3.974021165307003700, 25.69305428282565300, -0.2946994917176148900 ) ) ;
ENDSEC;
END-ISO-10303-21;
