ISO-10303-21;
HEADER;
FILE_DESCRIPTION (( 'STEP AP203' ),
    '1' );
FILE_NAME ('UCFL-216.STEP',
    '2019-03-08T12:11:39',
    ( '' ),
    ( '' ),
    'SwSTEP 2.0',
    'SolidWorks 2017',
    '' );
FILE_SCHEMA (( 'CONFIG_CONTROL_DESIGN' ));
ENDSEC;

DATA;
#1 = ORIENTED_EDGE ( 'NONE', *, *, #1198, .T. ) ;
#2 = FACE_OUTER_BOUND ( 'NONE', #1170, .T. ) ;
#3 = AXIS2_PLACEMENT_3D ( 'NONE', #2326, #1999, #2030 ) ;
#4 = VERTEX_POINT ( 'NONE', #1932 ) ;
#5 = CARTESIAN_POINT ( 'NONE',  ( 35.60699367198654400, 48.59721400257551900, -6.269851114258465000 ) ) ;
#6 = VECTOR ( 'NONE', #1258, 1000.000000000000000 ) ;
#7 = CARTESIAN_POINT ( 'NONE',  ( 35.29999999999999700, -20.00000000000000000, -34.64101615137754900 ) ) ;
#8 = VERTEX_POINT ( 'NONE', #397 ) ;
#9 = DIRECTION ( 'NONE',  ( 0.0000000000000000000, 1.000000000000000000, 0.0000000000000000000 ) ) ;
#10 = VECTOR ( 'NONE', #610, 1000.000000000000000 ) ;
#11 = AXIS2_PLACEMENT_3D ( 'NONE', #1136, #1144, #1152 ) ;
#12 = EDGE_CURVE ( 'NONE', #247, #247, #1836, .T. ) ;
#13 = ORIENTED_EDGE ( 'NONE', *, *, #1943, .T. ) ;
#14 = CARTESIAN_POINT ( 'NONE',  ( 30.60096819064282400, -28.25909925292609900, -40.03056300567787000 ) ) ;
#15 = CARTESIAN_POINT ( 'NONE',  ( 10.19035892034659200, -52.94697741085170200, 29.61645232376282900 ) ) ;
#16 = AXIS2_PLACEMENT_3D ( 'NONE', #1186, #1187, #1199 ) ;
#17 = EDGE_LOOP ( 'NONE', ( #1403, #3037, #1924, #1897 ) ) ;
#18 = CARTESIAN_POINT ( 'NONE',  ( -13.29756689048706000, -83.59448982772313700, 28.50000000000000000 ) ) ;
#19 = ORIENTED_EDGE ( 'NONE', *, *, #2651, .T. ) ;
#20 = ADVANCED_FACE ( 'E418', ( #1880 ), #2177, .T. ) ;
#21 = CARTESIAN_POINT ( 'NONE',  ( 14.45351224038893000, 47.28185215526391300, 49.55408409361367500 ) ) ;
#22 = ORIENTED_EDGE ( 'NONE', *, *, #2333, .T. ) ;
#23 = VECTOR ( 'NONE', #629, 1000.000000000000000 ) ;
#24 = FACE_BOUND ( 'NONE', #1082, .T. ) ;
#25 = ADVANCED_FACE ( 'E1430', ( #1299, #385 ), #574, .F. ) ;
#26 = EDGE_LOOP ( 'NONE', ( #1095, #381, #1965, #1365, #56, #476 ) ) ;
#27 = ADVANCED_FACE ( 'E932', ( #680 ), #332, .F. ) ;
#28 = CARTESIAN_POINT ( 'NONE',  ( 16.34149821858320500, 60.78087406051627500, 61.33883027930750100 ) ) ;
#29 = EDGE_CURVE ( 'E33', #1540, #1818, #1011, .T. ) ;
#30 = ORIENTED_EDGE ( 'NONE', *, *, #1007, .T. ) ;
#31 = EDGE_LOOP ( 'NONE', ( #203 ) ) ;
#32 = CARTESIAN_POINT ( 'NONE',  ( 13.97063012920901500, 57.95098539589660200, 64.20508871953326500 ) ) ;
#33 = CARTESIAN_POINT ( 'NONE',  ( 35.16390202020494400, -18.86374972890858400, -45.22343481805823000 ) ) ;
#34 = CARTESIAN_POINT ( 'NONE',  ( 13.56064594057189900, 57.80286353531150200, 64.37045595674669600 ) ) ;
#35 = ORIENTED_EDGE ( 'NONE', *, *, #161, .T. ) ;
#36 = CARTESIAN_POINT ( 'NONE',  ( 11.10354023926661200, -52.43114133984372000, 30.52051875580478300 ) ) ;
#37 = AXIS2_PLACEMENT_3D ( 'NONE', #3003, #3015, #3019 ) ;
#38 = VERTEX_POINT ( 'NONE', #494 ) ;
#39 = CARTESIAN_POINT ( 'NONE',  ( 37.41774021344734500, -14.93713680108772800, -37.10643786287492000 ) ) ;
#40 = CARTESIAN_POINT ( 'NONE',  ( 16.27768882930232400, 61.59675404749336300, 60.52599767259705700 ) ) ;
#41 = CARTESIAN_POINT ( 'NONE',  ( 37.23040019463697100, -14.87420380892022100, -37.13167655400163600 ) ) ;
#42 = PLANE ( 'NONE',  #2677 ) ;
#43 = FACE_OUTER_BOUND ( 'NONE', #1043, .T. ) ;
#44 = AXIS2_PLACEMENT_3D ( 'NONE', #1419, #1720, #1806 ) ;
#45 = CARTESIAN_POINT ( 'NONE',  ( 13.21826213847626400, 50.82067282033032300, 46.28847184814004800 ) ) ;
#46 = CIRCLE ( 'NONE', #2614, 88.00385435046430900 ) ;
#47 = CARTESIAN_POINT ( 'NONE',  ( -10.34830165070644400, -17.11463533251548300, -67.08214276479795000 ) ) ;
#48 = EDGE_LOOP ( 'NONE', ( #2182 ) ) ;
#49 = CARTESIAN_POINT ( 'NONE',  ( 41.71453190642166200, -26.00077603157789200, -41.53314408222441000 ) ) ;
#50 = CARTESIAN_POINT ( 'NONE',  ( 38.30687696977921800, -15.32078026537203600, -36.95026157688647600 ) ) ;
#51 = DIRECTION ( 'NONE',  ( 0.0000000000000000000, 0.4999999999999998900, 0.8660254037844387100 ) ) ;
#52 = ORIENTED_EDGE ( 'NONE', *, *, #1717, .T. ) ;
#53 = ORIENTED_EDGE ( 'NONE', *, *, #2776, .T. ) ;
#54 = AXIS2_PLACEMENT_3D ( 'NONE', #1088, #1121, #1122 ) ;
#55 = ADVANCED_FACE ( 'E1357', ( #1163 ), #449, .T. ) ;
#56 = ORIENTED_EDGE ( 'NONE', *, *, #2022, .T. ) ;
#57 = LINE ( 'NONE', #1949, #2789 ) ;
#58 = EDGE_CURVE ( 'NONE', #484, #484, #1591, .T. ) ;
#59 = TOROIDAL_SURFACE ( 'NONE', #2311, 90.00000000000000000, 1.980000000000000000 ) ;
#60 = ORIENTED_EDGE ( 'NONE', *, *, #474, .T. ) ;
#61 = PLANE ( 'NONE',  #2607 ) ;
#62 = ADVANCED_FACE ( 'E906', ( #1054, #1552 ), #230, .F. ) ;
#63 = ORIENTED_EDGE ( 'NONE', *, *, #1542, .F. ) ;
#64 = CARTESIAN_POINT ( 'NONE',  ( 31.83589838486224700, -23.37500000000000000, -40.48668762692250300 ) ) ;
#65 = EDGE_LOOP ( 'NONE', ( #186 ) ) ;
#66 = CARTESIAN_POINT ( 'NONE',  ( 11.12500000000000000, -52.53938997441809300, 30.33363094478899700 ) ) ;
#67 = ORIENTED_EDGE ( 'NONE', *, *, #903, .F. ) ;
#68 = DIRECTION ( 'NONE',  ( 1.000000000000000000, 0.0000000000000000000, 6.409875621278550000E-016 ) ) ;
#69 = CARTESIAN_POINT ( 'NONE',  ( 33.56794919243110100, -21.90192378864670200, -43.93524478543749700 ) ) ;
#70 = ADVANCED_FACE ( 'E1427', ( #43, #1734 ), #1694, .F. ) ;
#71 = AXIS2_PLACEMENT_3D ( 'NONE', #1137, #1140, #1143 ) ;
#72 = ADVANCED_FACE ( 'E755', ( #1452 ), #572, .T. ) ;
#73 = CARTESIAN_POINT ( 'NONE',  ( 41.09729286433561400, -18.63503337245934700, -35.39450401006920500 ) ) ;
#74 = CARTESIAN_POINT ( 'NONE',  ( 37.03205080756885100, -21.90192378864664800, -43.93524478543749700 ) ) ;
#75 = VERTEX_POINT ( 'NONE', #579 ) ;
#76 = ADVANCED_FACE ( 'E1252', ( #1192 ), #587, .T. ) ;
#77 = AXIS2_PLACEMENT_3D ( 'NONE', #1092, #1096, #1097 ) ;
#78 = ORIENTED_EDGE ( 'NONE', *, *, #2234, .T. ) ;
#79 = CARTESIAN_POINT ( 'NONE',  ( -9.475000000000001400, -15.70184279124515000, -58.60007506938600100 ) ) ;
#80 = ORIENTED_EDGE ( 'NONE', *, *, #2605, .T. ) ;
#81 = VERTEX_POINT ( 'NONE', #605 ) ;
#82 = CARTESIAN_POINT ( 'NONE',  ( 29.02626568926196500, 48.95304547729712400, -2.153476239514523700 ) ) ;
#83 = CARTESIAN_POINT ( 'NONE',  ( -10.92834851087952000, -18.42153859922100200, -66.64255349776901500 ) ) ;
#84 = ORIENTED_EDGE ( 'NONE', *, *, #2728, .F. ) ;
#85 = FACE_BOUND ( 'NONE', #543, .T. ) ;
#86 = CARTESIAN_POINT ( 'NONE',  ( -140.0000000000000000, 0.0000000000000000000, 0.0000000000000000000 ) ) ;
#87 = CARTESIAN_POINT ( 'NONE',  ( -34.00000000000000000, 47.51072961373390800, -76.43775619136570800 ) ) ;
#88 = ORIENTED_EDGE ( 'NONE', *, *, #1848, .T. ) ;
#89 = AXIS2_PLACEMENT_3D ( 'NONE', #1394, #1395, #1399 ) ;
#90 = ADVANCED_FACE ( 'E324', ( #194 ), #459, .T. ) ;
#91 = CARTESIAN_POINT ( 'NONE',  ( 16.49999999999998200, 0.0000000000000000000, 67.61506794123981500 ) ) ;
#92 = B_SPLINE_CURVE_WITH_KNOTS ( 'NONE', 3,
 ( #2210, #2207, #2226, #2227 ),
 .UNSPECIFIED., .F., .F.,
 ( 4, 4 ),
 ( 0.1649752367945132600, 0.1652994752622069500 ),
 .UNSPECIFIED. ) ;
#93 = EDGE_LOOP ( 'NONE', ( #856 ) ) ;
#94 = CARTESIAN_POINT ( 'NONE',  ( -9.552830686991580200, -17.59407877570156100, -67.07610220649773700 ) ) ;
#95 = VERTEX_POINT ( 'NONE', #612 ) ;
#96 = CARTESIAN_POINT ( 'NONE',  ( 5.972337781607241600, 48.42232802330227800, 50.19657047289104700 ) ) ;
#97 = CARTESIAN_POINT ( 'NONE',  ( 37.96248099036537800, -15.14867622040610100, -37.02081516542448700 ) ) ;
#98 = DIRECTION ( 'NONE',  ( -1.000000000000000000, 0.0000000000000000000, 0.0000000000000000000 ) ) ;
#99 = AXIS2_PLACEMENT_3D ( 'NONE', #2668, #2392, #2140 ) ;
#100 = CARTESIAN_POINT ( 'NONE',  ( -16.49999999999999300, 0.0000000000000000000, -67.61506794123981500 ) ) ;
#101 = DIRECTION ( 'NONE',  ( 0.0000000000000000000, -1.000000000000000000, 0.0000000000000000000 ) ) ;
#102 = CARTESIAN_POINT ( 'NONE',  ( 10.75945214451870200, -59.55158808046351000, 35.18315509338798100 ) ) ;
#103 = CIRCLE ( 'NONE', #2368, 28.49999999999999600 ) ;
#104 = DIRECTION ( 'NONE',  ( 0.0000000000000000000, 0.4999999999999998900, 0.8660254037844387100 ) ) ;
#105 = CARTESIAN_POINT ( 'NONE',  ( -9.513912187550246800, -18.21274044788505700, -66.91631621499588800 ) ) ;
#106 = CONICAL_SURFACE ( 'NONE', #326, 5.323399999999999500, 0.7853981633974490600 ) ;
#107 = DIRECTION ( 'NONE',  ( 0.0000000000000000000, 0.0000000000000000000, -1.000000000000000000 ) ) ;
#108 = LINE ( 'NONE', #2147, #2812 ) ;
#109 = CARTESIAN_POINT ( 'NONE',  ( -12.45191459565650600, -83.28824504925252400, 28.50000000000000400 ) ) ;
#110 = AXIS2_PLACEMENT_3D ( 'NONE', #1052, #1059, #1067 ) ;
#111 = CARTESIAN_POINT ( 'NONE',  ( 41.64731016816939000, -26.17322806560231600, -41.42464359979040700 ) ) ;
#112 = FACE_OUTER_BOUND ( 'NONE', #2246, .T. ) ;
#113 = CARTESIAN_POINT ( 'NONE',  ( -14.20000000000000100, -47.51072961373390800, 76.43775619136570800 ) ) ;
#114 = DIRECTION ( 'NONE',  ( 0.0000000000000000000, -1.000000000000000000, 0.0000000000000000000 ) ) ;
#115 = ORIENTED_EDGE ( 'NONE', *, *, #2223, .F. ) ;
#116 = FACE_OUTER_BOUND ( 'NONE', #941, .T. ) ;
#117 = EDGE_LOOP ( 'NONE', ( #2430 ) ) ;
#118 = CIRCLE ( 'NONE', #1830, 40.00000000000000000 ) ;
#119 = CARTESIAN_POINT ( 'NONE',  ( 37.03205080756890100, 46.75000000000000000, -3.000000000000000000 ) ) ;
#120 = ORIENTED_EDGE ( 'NONE', *, *, #2860, .F. ) ;
#121 = CARTESIAN_POINT ( 'NONE',  ( -10.08434725387899200, 60.66165369511389100, -0.8248855470883670300 ) ) ;
#122 = CARTESIAN_POINT ( 'NONE',  ( 6.746350011668892100, 59.92123712843185500, 62.95371311688999300 ) ) ;
#123 = VERTEX_POINT ( 'NONE', #621 ) ;
#124 = CARTESIAN_POINT ( 'NONE',  ( 28.63464454374574300, -24.98528551730693100, -42.15345767433114300 ) ) ;
#125 = CARTESIAN_POINT ( 'NONE',  ( -14.20000000000002800, 85.23978310326158700, -28.49999999999999600 ) ) ;
#126 = ORIENTED_EDGE ( 'NONE', *, *, #1066, .T. ) ;
#127 = FACE_OUTER_BOUND ( 'NONE', #1379, .T. ) ;
#128 = CARTESIAN_POINT ( 'NONE',  ( -10.71507546600976100, 60.66298996461304000, -0.7211235030074681900 ) ) ;
#129 = ORIENTED_EDGE ( 'NONE', *, *, #2333, .F. ) ;
#130 = CARTESIAN_POINT ( 'NONE',  ( 13.57415247748594700, 46.31072467073595100, 50.70644722193197400 ) ) ;
#131 = CARTESIAN_POINT ( 'NONE',  ( 33.56794919243110100, -27.09807621135330200, -40.93524478543749700 ) ) ;
#132 = CARTESIAN_POINT ( 'NONE',  ( 41.10784376420811300, -21.33383900909154500, -33.83807971585768800 ) ) ;
#133 = CARTESIAN_POINT ( 'NONE',  ( 29.97659999999999800, 49.00000000000000000, 0.0000000000000000000 ) ) ;
#134 = VECTOR ( 'NONE', #1788, 1000.000000000000000 ) ;
#135 = DIRECTION ( 'NONE',  ( 1.224606353822375800E-016, 0.0000000000000000000, -1.000000000000000000 ) ) ;
#136 = CONICAL_SURFACE ( 'NONE', #3091, 6.000000000000002700, 0.7853981633974503900 ) ;
#137 = CARTESIAN_POINT ( 'NONE',  ( -9.496459760733387200, -15.91037936275810700, -58.54388504237840600 ) ) ;
#138 = CARTESIAN_POINT ( 'NONE',  ( 7.358739758452997200, 63.42579770817428700, 59.36877834006641300 ) ) ;
#139 = FACE_OUTER_BOUND ( 'NONE', #2285, .T. ) ;
#140 = CYLINDRICAL_SURFACE ( 'NONE', #2213, 12.49999999999999600 ) ;
#141 = CARTESIAN_POINT ( 'NONE',  ( -13.29774769179303100, 83.59501934490174300, -28.50000000000000400 ) ) ;
#142 = EDGE_LOOP ( 'NONE', ( #435 ) ) ;
#143 = CARTESIAN_POINT ( 'NONE',  ( -9.556578836191722100, -18.30871757071859600, -66.88403898744709900 ) ) ;
#144 = CARTESIAN_POINT ( 'NONE',  ( 13.36276423840295600, 64.21964021386662600, 57.98765603233085400 ) ) ;
#145 = ORIENTED_EDGE ( 'NONE', *, *, #2775, .F. ) ;
#146 = AXIS2_PLACEMENT_3D ( 'NONE', #324, #1991, #1580 ) ;
#147 = FACE_OUTER_BOUND ( 'NONE', #1530, .T. ) ;
#148 = ORIENTED_EDGE ( 'NONE', *, *, #2223, .T. ) ;
#149 = EDGE_LOOP ( 'NONE', ( #297 ) ) ;
#150 = EDGE_CURVE ( 'E1015', #2331, #1317, #1347, .T. ) ;
#151 = CARTESIAN_POINT ( 'NONE',  ( 41.40689463474740300, -26.66764867922715300, -41.10804823655715300 ) ) ;
#152 = EDGE_LOOP ( 'NONE', ( #2252 ) ) ;
#153 = FACE_BOUND ( 'NONE', #533, .T. ) ;
#154 = VERTEX_POINT ( 'NONE', #2646 ) ;
#155 = EDGE_CURVE ( 'E1041', #8, #1671, #2158, .T. ) ;
#156 = ORIENTED_EDGE ( 'NONE', *, *, #2498, .F. ) ;
#157 = CIRCLE ( 'NONE', #3021, 5.323400000000003000 ) ;
#158 = ORIENTED_EDGE ( 'NONE', *, *, #897, .T. ) ;
#159 = ADVANCED_FACE ( 'E1067', ( #784 ), #633, .T. ) ;
#160 = AXIS2_PLACEMENT_3D ( 'NONE', #1014, #1037, #1038 ) ;
#161 = EDGE_CURVE ( 'NONE', #2036, #2036, #2829, .T. ) ;
#162 = PLANE ( 'NONE',  #1733 ) ;
#163 = CARTESIAN_POINT ( 'NONE',  ( 14.56061887297856600, 49.11080740886252700, 47.70955601927619900 ) ) ;
#164 = DIRECTION ( 'NONE',  ( 0.0000000000000000000, 0.0000000000000000000, 1.000000000000000000 ) ) ;
#165 = CARTESIAN_POINT ( 'NONE',  ( 39.26682124347765800, -15.95931565953462300, -36.67938768438580900 ) ) ;
#166 = ORIENTED_EDGE ( 'NONE', *, *, #1621, .F. ) ;
#167 = CARTESIAN_POINT ( 'NONE',  ( 15.71092542511671300, 59.21725929445256000, 62.90004022509282300 ) ) ;
#168 = CARTESIAN_POINT ( 'NONE',  ( -34.00000000000000000, 131.5450643776823700, -24.20528946059915000 ) ) ;
#169 = ORIENTED_EDGE ( 'NONE', *, *, #1712, .T. ) ;
#170 = CARTESIAN_POINT ( 'NONE',  ( 6.727935321818863600, 47.22890498061998000, 51.22744057732746400 ) ) ;
#171 = CARTESIAN_POINT ( 'NONE',  ( 33.94455525887976700, 48.61197009255227600, 6.155301336985794500 ) ) ;
#172 = CARTESIAN_POINT ( 'NONE',  ( 39.81939629974792200, -16.46743948263058500, -36.45408995034767200 ) ) ;
#173 = CARTESIAN_POINT ( 'NONE',  ( -12.57945950608366000, -83.30857965634027100, -28.50000000000000700 ) ) ;
#174 = LINE ( 'NONE', #74, #2945 ) ;
#175 = VERTEX_POINT ( 'NONE', #648 ) ;
#176 = DIRECTION ( 'NONE',  ( 0.0000000000000000000, 0.0000000000000000000, -1.000000000000000000 ) ) ;
#177 = B_SPLINE_CURVE_WITH_KNOTS ( 'NONE', 3,
 ( #653, #652, #693, #694, #696, #699, #708, #713, #723, #728, #729, #732, #736, #739, #741, #745, #747, #750, #753, #760, #765, #772, #775, #776, #781, #785, #786, #789 ),
 .UNSPECIFIED., .T., .F.,
 ( 4, 2, 2, 2, 2, 2, 2, 2, 2, 2, 2, 2, 2, 4 ),
 ( 0.0000000000000000000, 0.0003223832103661376300, 0.0006447664207322752600, 0.001289532841464533200, 0.001611916051830664700, 0.001934299262196796200, 0.002256682472562928300, 0.002579065682929059800, 0.003223832103661331500, 0.003546215314027468200, 0.003868598524393604500, 0.004190981734759741600, 0.004513364945125878300, 0.005158131365858150900 ),
 .UNSPECIFIED. ) ;
#178 = DIRECTION ( 'NONE',  ( 0.0000000000000000000, -1.000000000000000000, 0.0000000000000000000 ) ) ;
#179 = EDGE_LOOP ( 'NONE', ( #2360 ) ) ;
#180 = ORIENTED_EDGE ( 'NONE', *, *, #707, .T. ) ;
#181 = CARTESIAN_POINT ( 'NONE',  ( -23.00000000000000000, -116.5000000000000000, 28.50000000000000000 ) ) ;
#182 = ORIENTED_EDGE ( 'NONE', *, *, #150, .T. ) ;
#183 = EDGE_CURVE ( 'NONE', #2609, #2609, #177, .T. ) ;
#184 = VERTEX_POINT ( 'NONE', #659 ) ;
#185 = VERTEX_POINT ( 'NONE', #687 ) ;
#186 = ORIENTED_EDGE ( 'NONE', *, *, #183, .T. ) ;
#187 = ORIENTED_EDGE ( 'NONE', *, *, #761, .T. ) ;
#188 = ADVANCED_FACE ( 'E718', ( #812, #235 ), #716, .T. ) ;
#189 = CIRCLE ( 'NONE', #1899, 12.50000000000000000 ) ;
#190 = CARTESIAN_POINT ( 'NONE',  ( 40.06756049023563500, -16.74334985785231900, -36.32861763570510800 ) ) ;
#191 = B_SPLINE_CURVE_WITH_KNOTS ( 'NONE', 3,
 ( #1402, #2817, #647, #343, #1215, #2507, #1445, #14, #946, #705, #3082, #1065, #1519, #692, #1094, #1104, #1111, #2826, #2475, #2762, #1619, #1883, #244, #2508, #453, #1290, #1612, #438, #928, #1656, #2258, #1826, #1079, #2184, #548, #151, #323, #111, #49, #2237, #691, #2212, #997, #779, #1180, #1432, #2504, #3065, #1954, #872, #233, #817, #799, #1556, #2070, #1827, #2784, #1885, #1479, #1783, #33, #460, #830, #1958, #2828, #501, #763, #810, #2732, #2882, #769, #2679, #2976, #1865, #2042, #792, #311, #2594, #2456, #2457, #238, #1185, #124, #1831 ),
 .UNSPECIFIED., .T., .F.,
 ( 4, 2, 2, 2, 2, 2, 2, 2, 2, 2, 2, 2, 2, 2, 2, 2, 2, 2, 2, 2, 2, 2, 2, 2, 2, 2, 2, 2, 2, 2, 2, 2, 2, 2, 2, 2, 2, 2, 2, 2, 2, 4 ),
 ( 0.0000000000000000000, 0.001267537734667183000, 0.002535075469334366000, 0.003802613204001549000, 0.004436382071335145300, 0.005070150938668741500, 0.005703919806002337800, 0.006337688673335934100, 0.007605226408003101400, 0.008872764142670268000, 0.01014030187733743600, 0.01140783961200460300, 0.01267537734667177100, 0.01330914621400534600, 0.01394291508133892000, 0.01521045281600608500, 0.01584422168333966500, 0.01647799055067324100, 0.01711175941800682100, 0.01774552828534039700, 0.01901306602000754600, 0.02028060375467469200, 0.02154814148934183400, 0.02281567922400898700, 0.02408321695867612900, 0.02535075469334327800, 0.02598452356067684400, 0.02661829242801041700, 0.02788583016267757000, 0.02915336789734472600, 0.02978713676467830200, 0.03042090563201187800, 0.03168844336667905200, 0.03232221223401264600, 0.03295598110134622500, 0.03422351883601342000, 0.03549105657068061400, 0.03675859430534780800, 0.03739236317268140200, 0.03802613204001499500, 0.03929366977468218300, 0.04056120750934936300 ),
 .UNSPECIFIED. ) ;
#192 = DIRECTION ( 'NONE',  ( 1.000000000000000000, 0.0000000000000000000, 1.224606353822375800E-016 ) ) ;
#193 = CIRCLE ( 'NONE', #1283, 28.50000000000000000 ) ;
#194 = FACE_OUTER_BOUND ( 'NONE', #2892, .T. ) ;
#195 = CARTESIAN_POINT ( 'NONE',  ( -11.12976283980988500, -17.82744172936625300, -66.77067005101002900 ) ) ;
#196 = EDGE_LOOP ( 'NONE', ( #981 ) ) ;
#197 = VERTEX_POINT ( 'NONE', #800 ) ;
#198 = CARTESIAN_POINT ( 'NONE',  ( -34.00000000000000000, -116.5000000000000000, -7.133332011015350700E-015 ) ) ;
#199 = ADVANCED_FACE ( 'E1336', ( #457 ), #808, .T. ) ;
#200 = VECTOR ( 'NONE', #1268, 1000.000000000000000 ) ;
#201 = EDGE_LOOP ( 'NONE', ( #1637, #84, #182, #148 ) ) ;
#202 = CIRCLE ( 'NONE', #71, 90.00000000000000000 ) ;
#203 = ORIENTED_EDGE ( 'NONE', *, *, #2860, .T. ) ;
#204 = CARTESIAN_POINT ( 'NONE',  ( -12.00000000000000000, 83.26120573555088800, -28.50000000000000000 ) ) ;
#205 = ADVANCED_FACE ( 'E1022', ( #2552, #1068 ), #943, .T. ) ;
#206 = EDGE_LOOP ( 'NONE', ( #2698 ) ) ;
#207 = CARTESIAN_POINT ( 'NONE',  ( 28.62985409523247100, 48.99922619463279000, 0.3482737255804962400 ) ) ;
#208 = ORIENTED_EDGE ( 'NONE', *, *, #794, .T. ) ;
#209 = DIRECTION ( 'NONE',  ( 0.06162841671621927000, 0.7044160264027586900, 0.7071067811865476800 ) ) ;
#210 = AXIS2_PLACEMENT_3D ( 'NONE', #3080, #3087, #3089 ) ;
#211 = CARTESIAN_POINT ( 'NONE',  ( -12.32362519336101900, -83.28113889490690300, -28.50000000000000000 ) ) ;
#212 = CARTESIAN_POINT ( 'NONE',  ( -13.83407617471575800, -84.15142256216422800, 28.50000000000000400 ) ) ;
#213 = CARTESIAN_POINT ( 'NONE',  ( 9.513165661808768500, 64.42015054578668300, 58.10028246376708700 ) ) ;
#214 = EDGE_CURVE ( 'E1125', #2422, #184, #567, .T. ) ;
#215 = AXIS2_PLACEMENT_3D ( 'NONE', #295, #2323, #1465 ) ;
#216 = ADVANCED_FACE ( 'E1109', ( #1586 ), #844, .T. ) ;
#217 = CARTESIAN_POINT ( 'NONE',  ( 40.49850962767512600, -17.34367992382043200, -36.04478926904343400 ) ) ;
#218 = LINE ( 'NONE', #1109, #1689 ) ;
#219 = EDGE_LOOP ( 'NONE', ( #2588 ) ) ;
#220 = CARTESIAN_POINT ( 'NONE',  ( 30.71057818697675400, 48.78700805180616100, -4.571348094026499000 ) ) ;
#221 = FACE_OUTER_BOUND ( 'NONE', #2283, .T. ) ;
#222 = DIRECTION ( 'NONE',  ( 0.0000000000000000000, 0.0000000000000000000, 1.000000000000000000 ) ) ;
#223 = ORIENTED_EDGE ( 'NONE', *, *, #1245, .F. ) ;
#224 = EDGE_LOOP ( 'NONE', ( #293 ) ) ;
#225 = CARTESIAN_POINT ( 'NONE',  ( 9.474923870444326800, -52.64692419761814100, 30.14737827719016400 ) ) ;
#226 = ORIENTED_EDGE ( 'NONE', *, *, #1400, .F. ) ;
#227 = VECTOR ( 'NONE', #828, 1000.000000000000000 ) ;
#228 = EDGE_LOOP ( 'NONE', ( #1045 ) ) ;
#229 = CARTESIAN_POINT ( 'NONE',  ( 40.68349396209411900, -17.65552634047993100, -35.89306975434533300 ) ) ;
#230 = CONICAL_SURFACE ( 'NONE', #835, 4.458750000000002900, 0.7853981633974433900 ) ;
#231 = ORIENTED_EDGE ( 'NONE', *, *, #1724, .F. ) ;
#232 = VERTEX_POINT ( 'NONE', #849 ) ;
#233 = CARTESIAN_POINT ( 'NONE',  ( 39.52496731714449400, -20.16010681830926300, -44.66124212783290700 ) ) ;
#234 = CARTESIAN_POINT ( 'NONE',  ( 40.85073045974723300, -17.97300643683221800, -35.73610181950008500 ) ) ;
#235 = FACE_OUTER_BOUND ( 'NONE', #1501, .T. ) ;
#236 = ORIENTED_EDGE ( 'NONE', *, *, #2605, .F. ) ;
#237 = CARTESIAN_POINT ( 'NONE',  ( -10.56095649955063300, -17.14563849384985500, -67.04107133681972600 ) ) ;
#238 = CARTESIAN_POINT ( 'NONE',  ( 28.65203578069328200, -23.87409428284899000, -42.79265012714380800 ) ) ;
#239 = CARTESIAN_POINT ( 'NONE',  ( 40.98291906720465500, -18.30132511742815300, -35.56820043040794800 ) ) ;
#240 = ADVANCED_FACE ( 'E1498', ( #2122 ), #2298, .F. ) ;
#241 = CARTESIAN_POINT ( 'NONE',  ( 35.63576047508119900, 48.59616228996651400, 6.278145624150310400 ) ) ;
#242 = ORIENTED_EDGE ( 'NONE', *, *, #2041, .F. ) ;
#243 = CARTESIAN_POINT ( 'NONE',  ( 16.25000000000000000, 0.0000000000000000000, 49.00000000000000000 ) ) ;
#244 = CARTESIAN_POINT ( 'NONE',  ( 37.12315101571670100, -29.55002789914703200, -39.08726001542355300 ) ) ;
#245 = FACE_OUTER_BOUND ( 'NONE', #668, .T. ) ;
#246 = CIRCLE ( 'NONE', #1939, 77.00000000000000000 ) ;
#247 = VERTEX_POINT ( 'NONE', #957 ) ;
#248 = FACE_BOUND ( 'NONE', #2666, .T. ) ;
#249 = CARTESIAN_POINT ( 'NONE',  ( 47.30000000000000400, 0.0000000000000000000, 0.0000000000000000000 ) ) ;
#250 = CARTESIAN_POINT ( 'NONE',  ( -10.76142666948264000, -18.56167269247840000, -66.63074367658410300 ) ) ;
#251 = FACE_OUTER_BOUND ( 'NONE', #709, .T. ) ;
#252 = ORIENTED_EDGE ( 'NONE', *, *, #679, .F. ) ;
#253 = FACE_OUTER_BOUND ( 'NONE', #2931, .T. ) ;
#254 = EDGE_CURVE ( 'NONE', #534, #534, #632, .T. ) ;
#255 = CARTESIAN_POINT ( 'NONE',  ( 12.19279179726570400, 45.71372759365123500, 51.59143226770786600 ) ) ;
#256 = ORIENTED_EDGE ( 'NONE', *, *, #150, .F. ) ;
#257 = CARTESIAN_POINT ( 'NONE',  ( 11.37490152984995500, 45.58596931857677200, 51.89042474171591100 ) ) ;
#258 = FACE_OUTER_BOUND ( 'NONE', #196, .T. ) ;
#259 = ORIENTED_EDGE ( 'NONE', *, *, #2728, .T. ) ;
#260 = ORIENTED_EDGE ( 'NONE', *, *, #2271, .T. ) ;
#261 = EDGE_LOOP ( 'NONE', ( #2777 ) ) ;
#262 = CARTESIAN_POINT ( 'NONE',  ( 31.04786035788220000, 48.76102606068050000, -4.833460222416720200 ) ) ;
#263 = FACE_BOUND ( 'NONE', #2335, .T. ) ;
#264 = CIRCLE ( 'NONE', #2648, 68.04111506107850000 ) ;
#265 = AXIS2_PLACEMENT_3D ( 'NONE', #993, #1022, #1026 ) ;
#266 = CARTESIAN_POINT ( 'NONE',  ( -13.75867916449053200, 84.04694954189534400, 28.50000000000000400 ) ) ;
#267 = EDGE_LOOP ( 'NONE', ( #156 ) ) ;
#268 = PLANE ( 'NONE',  #2388 ) ;
#269 = EDGE_CURVE ( 'NONE', #4, #4, #1873, .T. ) ;
#270 = AXIS2_PLACEMENT_3D ( 'NONE', #1443, #1272, #1457 ) ;
#271 = CIRCLE ( 'NONE', #721, 67.61506794123981500 ) ;
#272 = CARTESIAN_POINT ( 'NONE',  ( -16.25000000000000000, -60.66726188957799300, -1.989985324961364600E-015 ) ) ;
#273 = CARTESIAN_POINT ( 'NONE',  ( 5.830457994611200500, 49.25849201443782000, 49.39324860697945500 ) ) ;
#274 = ORIENTED_EDGE ( 'NONE', *, *, #1972, .F. ) ;
#275 = ADVANCED_FACE ( 'E1196', ( #1033, #1183 ), #106, .T. ) ;
#276 = CARTESIAN_POINT ( 'NONE',  ( 24.00000000000000000, 131.5450643776823700, -24.20528946059915000 ) ) ;
#277 = ORIENTED_EDGE ( 'NONE', *, *, #1084, .F. ) ;
#278 = ORIENTED_EDGE ( 'NONE', *, *, #1245, .T. ) ;
#279 = CARTESIAN_POINT ( 'NONE',  ( -33.99999999999999300, 0.0000000000000000000, -81.00000000000000000 ) ) ;
#280 = CARTESIAN_POINT ( 'NONE',  ( 10.71524801905737500, -52.89621958145313100, 29.70704177646902600 ) ) ;
#281 = ORIENTED_EDGE ( 'NONE', *, *, #1929, .F. ) ;
#282 = CARTESIAN_POINT ( 'NONE',  ( 41.14576582907015700, -18.80555616913783700, -35.30422925817351400 ) ) ;
#283 = CARTESIAN_POINT ( 'NONE',  ( 5.873706392252130600, 49.66902138740785900, 48.97524039296874300 ) ) ;
#284 = CARTESIAN_POINT ( 'NONE',  ( 15.03583644810284500, 58.55993628426205800, 63.56591126371449700 ) ) ;
#285 = FACE_OUTER_BOUND ( 'NONE', #2803, .T. ) ;
#286 = FACE_OUTER_BOUND ( 'NONE', #3073, .T. ) ;
#287 = CARTESIAN_POINT ( 'NONE',  ( 9.575697653313199000, -35.01247727810825000, -59.85342470814859400 ) ) ;
#288 = DIRECTION ( 'NONE',  ( 0.0000000000000000000, -1.000000000000000000, 0.0000000000000000000 ) ) ;
#289 = ORIENTED_EDGE ( 'NONE', *, *, #29, .F. ) ;
#290 = AXIS2_PLACEMENT_3D ( 'NONE', #1000, #1001, #1004 ) ;
#291 = CARTESIAN_POINT ( 'NONE',  ( 16.50000000000000000, 0.0000000000000000000, 0.0000000000000000000 ) ) ;
#292 = CARTESIAN_POINT ( 'NONE',  ( 14.34935869553420100, 47.10040315725839800, 49.75675324718795200 ) ) ;
#293 = ORIENTED_EDGE ( 'NONE', *, *, #1848, .F. ) ;
#294 = VERTEX_POINT ( 'NONE', #931 ) ;
#295 = CARTESIAN_POINT ( 'NONE',  ( 24.00000000000000000, 116.5000000000000000, -3.581973584930455100E-015 ) ) ;
#296 = CARTESIAN_POINT ( 'NONE',  ( 15.33311583588169700, 58.81008395117987000, 63.31090735564323800 ) ) ;
#297 = ORIENTED_EDGE ( 'NONE', *, *, #1084, .T. ) ;
#298 = CIRCLE ( 'NONE', #2751, 60.66726188957799300 ) ;
#299 = CARTESIAN_POINT ( 'NONE',  ( 16.50000000000000000, 0.0000000000000000000, 0.0000000000000000000 ) ) ;
#300 = CARTESIAN_POINT ( 'NONE',  ( -10.71633959148351800, 60.66299885229141600, 0.7203845514362785500 ) ) ;
#301 = ORIENTED_EDGE ( 'NONE', *, *, #2858, .T. ) ;
#302 = ORIENTED_EDGE ( 'NONE', *, *, #1494, .T. ) ;
#303 = CARTESIAN_POINT ( 'NONE',  ( -9.679491811307560300, -18.47838516566171300, -66.81967322095577800 ) ) ;
#304 = AXIS2_PLACEMENT_3D ( 'NONE', #1537, #1930, #1792 ) ;
#305 = CARTESIAN_POINT ( 'NONE',  ( -34.00000000000000000, -47.51072961373390800, -76.43775619136570800 ) ) ;
#306 = CARTESIAN_POINT ( 'NONE',  ( -13.49404414221201500, -83.76331902476616200, -28.50000000000000400 ) ) ;
#307 = AXIS2_PLACEMENT_3D ( 'NONE', #2144, #2145, #2138 ) ;
#308 = CIRCLE ( 'NONE', #2883, 84.03802283138779200 ) ;
#309 = CARTESIAN_POINT ( 'NONE',  ( 7.031436355745147400, 59.51586764574430100, 63.31351212806049500 ) ) ;
#310 = VERTEX_POINT ( 'NONE', #929 ) ;
#311 = CARTESIAN_POINT ( 'NONE',  ( 29.10565835660716500, -22.43927871552293900, -43.56051186238955400 ) ) ;
#312 = B_SPLINE_CURVE_WITH_KNOTS ( 'NONE', 3,
 ( #1488, #1473, #1492, #1497, #1500, #1505, #1510, #1516, #1517, #1521, #1522, #1524, #1528, #1531, #1533, #1534, #1536, #1539, #1541, #1548, #1553, #1557, #1559, #1562, #1563, #1570, #1572, #1585, #1590, #1596, #1601, #1604, #1607, #1608, #1611, #1613, #1617, #1628, #1642, #1645, #1648, #1649, #1652, #1655, #1658, #1666, #1670, #1677, #1687, #1688, #1692, #1695, #1699, #1700, #1704, #1711, #1713, #1716, #1726, #1731, #1732, #1735, #2056, #1739, #1740, #1752, #1759, #1767, #1770, #1773, #1782, #1785, #1787, #1791, #1794, #1795, #1798, #1799, #1802, #1803, #1809, #1814, #1819 ),
 .UNSPECIFIED., .T., .F.,
 ( 4, 2, 2, 2, 2, 2, 2, 2, 1, 2, 2, 2, 2, 2, 2, 2, 2, 2, 2, 2, 2, 2, 2, 2, 2, 2, 2, 2, 2, 2, 2, 2, 2, 2, 2, 2, 2, 2, 2, 2, 2, 4 ),
 ( 0.0000000000000000000, 0.001173932649242593400, 0.001760898973863879400, 0.002347865298485165200, 0.003521797947727737600, 0.004695730596970309500, 0.005869663246212881500, 0.006456629570834173500, 0.007043595895455467300, 0.007630562220076759400, 0.008217528544698052300, 0.009391461193940639800, 0.01056539384318322700, 0.01173932649242581700, 0.01232629281704711100, 0.01291325914166840600, 0.01408719179091099400, 0.01526112444015358100, 0.01584809076477487400, 0.01643505708939616700, 0.01760898973863877400, 0.01878292238788138000, 0.01995685503712398700, 0.02113078768636659400, 0.02171775401098790700, 0.02230472033560921800, 0.02347865298485182800, 0.02465258563409443800, 0.02582651828333704800, 0.02641348460795835500, 0.02700045093257965800, 0.02817438358182227200, 0.02934831623106488900, 0.02993528255568619600, 0.03052224888030749900, 0.03169618152955011600, 0.03287011417879273600, 0.03404404682803535700, 0.03521797947727797100, 0.03580494580189928800, 0.03639191212652060500, 0.03756584477576324600 ),
 .UNSPECIFIED. ) ;
#313 = CARTESIAN_POINT ( 'NONE',  ( -14.20000000000000100, 85.36831965079321100, -28.50000000000000000 ) ) ;
#314 = VECTOR ( 'NONE', #1982, 1000.000000000000100 ) ;
#315 = CIRCLE ( 'NONE', #3050, 6.000000000000002700 ) ;
#316 = DIRECTION ( 'NONE',  ( 1.000000000000000000, 0.0000000000000000000, 6.123031769111888800E-017 ) ) ;
#317 = CARTESIAN_POINT ( 'NONE',  ( -11.02067919227326900, 60.66591878143491100, -0.4158832791893296600 ) ) ;
#318 = CARTESIAN_POINT ( 'NONE',  ( 6.370420336925858100, 61.06717195912397500, 61.87280442385642200 ) ) ;
#319 = ORIENTED_EDGE ( 'NONE', *, *, #2612, .F. ) ;
#320 = ORIENTED_EDGE ( 'NONE', *, *, #1071, .F. ) ;
#321 = CARTESIAN_POINT ( 'NONE',  ( 14.65939293831435800, 47.86497837438525900, 48.92986236692326000 ) ) ;
#322 = FACE_OUTER_BOUND ( 'NONE', #3067, .T. ) ;
#323 = CARTESIAN_POINT ( 'NONE',  ( 41.49365121107791800, -26.50612879209510800, -41.21242653861280300 ) ) ;
#324 = CARTESIAN_POINT ( 'NONE',  ( -12.00000000000000000, -116.5000000000000000, 0.0000000000000000000 ) ) ;
#325 = ORIENTED_EDGE ( 'NONE', *, *, #915, .F. ) ;
#326 = AXIS2_PLACEMENT_3D ( 'NONE', #907, #916, #881 ) ;
#327 = ORIENTED_EDGE ( 'NONE', *, *, #269, .T. ) ;
#328 = AXIS2_PLACEMENT_3D ( 'NONE', #919, #924, #925 ) ;
#329 = CARTESIAN_POINT ( 'NONE',  ( 7.315289475884138200, 46.71310943768806800, 51.61838498581551000 ) ) ;
#330 = EDGE_LOOP ( 'NONE', ( #2885 ) ) ;
#331 = CARTESIAN_POINT ( 'NONE',  ( 8.206503009204031000, 63.98601878758188400, 58.69116069147699500 ) ) ;
#332 = CYLINDRICAL_SURFACE ( 'NONE', #921, 5.000000000000000900 ) ;
#333 = SHAPE_DEFINITION_REPRESENTATION ( #1222, #2171 ) ;
#334 = CIRCLE ( 'NONE', #3053, 90.00000000000000000 ) ;
#335 = CARTESIAN_POINT ( 'NONE',  ( -12.83906955865012200, 83.36517336520397200, -28.49999999999999600 ) ) ;
#336 = CARTESIAN_POINT ( 'NONE',  ( -14.20000000000000100, 0.0000000000000000000, 0.0000000000000000000 ) ) ;
#337 = DIRECTION ( 'NONE',  ( -1.000000000000000000, 0.0000000000000000000, 0.0000000000000000000 ) ) ;
#338 = ORIENTED_EDGE ( 'NONE', *, *, #1790, .T. ) ;
#339 = DIRECTION ( 'NONE',  ( 1.000000000000000000, 0.0000000000000000000, 0.0000000000000000000 ) ) ;
#340 = CARTESIAN_POINT ( 'NONE',  ( 13.15915364604915900, 64.28141651764451600, 57.93685701815640200 ) ) ;
#341 = ORIENTED_EDGE ( 'NONE', *, *, #2483, .F. ) ;
#342 = DIRECTION ( 'NONE',  ( -1.000000000000000000, 0.0000000000000000000, 0.0000000000000000000 ) ) ;
#343 = CARTESIAN_POINT ( 'NONE',  ( 29.20783630668847800, -26.71575667810256100, -41.07824916426552900 ) ) ;
#344 = EDGE_CURVE ( 'E163', #1263, #2878, #1574, .T. ) ;
#345 = FACE_OUTER_BOUND ( 'NONE', #2796, .T. ) ;
#346 = CARTESIAN_POINT ( 'NONE',  ( -12.32362519336101900, 83.28113889490690300, 28.50000000000000000 ) ) ;
#347 = CARTESIAN_POINT ( 'NONE',  ( 41.26114209207239000, -20.67834001740210000, -34.24258430444879100 ) ) ;
#348 = CONICAL_SURFACE ( 'NONE', #2382, 49.00000000000000000, 0.7853981633974503900 ) ;
#349 = CARTESIAN_POINT ( 'NONE',  ( 12.93126436404707400, 45.95678739270397300, 51.19416210643650100 ) ) ;
#350 = AXIS2_PLACEMENT_3D ( 'NONE', #858, #833, #874 ) ;
#351 = CARTESIAN_POINT ( 'NONE',  ( 36.48123718450070600, 48.60907481846813700, 6.177347624219654800 ) ) ;
#352 = DIRECTION ( 'NONE',  ( -7.709882115452475700E-017, 0.0000000000000000000, 1.000000000000000000 ) ) ;
#353 = LINE ( 'NONE', #560, #2055 ) ;
#354 = ORIENTED_EDGE ( 'NONE', *, *, #2234, .F. ) ;
#355 = AXIS2_PLACEMENT_3D ( 'NONE', #3045, #2951, #3057 ) ;
#356 = CIRCLE ( 'NONE', #2479, 28.50000000000000000 ) ;
#357 = ORIENTED_EDGE ( 'NONE', *, *, #1105, .T. ) ;
#358 = FACE_OUTER_BOUND ( 'NONE', #939, .T. ) ;
#359 = AXIS2_PLACEMENT_3D ( 'NONE', #1909, #1921, #1934 ) ;
#360 = EDGE_LOOP ( 'NONE', ( #2598 ) ) ;
#361 = PLANE ( 'NONE',  #2948 ) ;
#362 = CARTESIAN_POINT ( 'NONE',  ( 41.29977727530815200, -19.65764033640149200, -34.83863901827361800 ) ) ;
#363 = TOROIDAL_SURFACE ( 'NONE', #2058, 42.00000000000000000, 2.000000000000000000 ) ;
#364 = EDGE_CURVE ( 'NONE', #2327, #2327, #700, .T. ) ;
#365 = CARTESIAN_POINT ( 'NONE',  ( 41.31081852663528800, 48.92394331704358000, 2.735351824257003200 ) ) ;
#366 = VERTEX_POINT ( 'NONE', #287 ) ;
#367 = CARTESIAN_POINT ( 'NONE',  ( 10.99077718180645000, -60.10045057215193500, 34.16358194473736600 ) ) ;
#368 = ORIENTED_EDGE ( 'NONE', *, *, #1181, .F. ) ;
#369 = EDGE_CURVE ( 'E1047', #1671, #38, #2092, .T. ) ;
#370 = ADVANCED_FACE ( 'E721', ( #1306, #1108 ), #1018, .T. ) ;
#371 = CARTESIAN_POINT ( 'NONE',  ( 41.30022080352804900, -20.33647896292764700, -34.44678817584152600 ) ) ;
#372 = ADVANCED_FACE ( 'E1088', ( #718 ), #1031, .T. ) ;
#373 = CARTESIAN_POINT ( 'NONE',  ( -12.00000000000000000, 0.0000000000000000000, 28.50000000000000000 ) ) ;
#374 = AXIS2_PLACEMENT_3D ( 'NONE', #845, #852, #853 ) ;
#375 = VECTOR ( 'NONE', #2426, 1000.000000000000000 ) ;
#376 = CIRCLE ( 'NONE', #2968, 81.00000000000000000 ) ;
#377 = EDGE_LOOP ( 'NONE', ( #1259 ) ) ;
#378 = CARTESIAN_POINT ( 'NONE',  ( 30.90440588191438600, 48.77121139217381100, 4.736045228491797800 ) ) ;
#379 = DIRECTION ( 'NONE',  ( -1.000000000000000000, 0.0000000000000000000, 0.0000000000000000000 ) ) ;
#380 = ORIENTED_EDGE ( 'NONE', *, *, #2498, .T. ) ;
#381 = ORIENTED_EDGE ( 'NONE', *, *, #369, .T. ) ;
#382 = APPROVAL_STATUS ( 'not_yet_approved' ) ;
#383 = ORIENTED_EDGE ( 'NONE', *, *, #1972, .T. ) ;
#384 = ORIENTED_EDGE ( 'NONE', *, *, #1409, .T. ) ;
#385 = FACE_OUTER_BOUND ( 'NONE', #1078, .T. ) ;
#386 = CARTESIAN_POINT ( 'NONE',  ( 16.44404637688204900, 0.0000000000000000000, 1.898447400139145200E-015 ) ) ;
#387 = ORIENTED_EDGE ( 'NONE', *, *, #1630, .F. ) ;
#388 = EDGE_CURVE ( 'E1289', #1029, #2286, #2699, .T. ) ;
#389 = ADVANCED_FACE ( 'E176', ( #285 ), #934, .T. ) ;
#390 = CARTESIAN_POINT ( 'NONE',  ( 28.64629212880903700, 48.99725276092398500, 0.5594983469457167600 ) ) ;
#391 = EDGE_LOOP ( 'NONE', ( #902, #412, #1834, #1931 ) ) ;
#392 = CARTESIAN_POINT ( 'NONE',  ( -9.868927565179015800, -16.41129835738326300, -58.40555728414076200 ) ) ;
#393 = CARTESIAN_POINT ( 'NONE',  ( 40.99442543884009600, -21.64971268943378700, -33.63662512368134800 ) ) ;
#394 = ORIENTED_EDGE ( 'NONE', *, *, #344, .F. ) ;
#395 = EDGE_LOOP ( 'NONE', ( #2558, #1781, #1599, #2980 ) ) ;
#396 = DIRECTION ( 'NONE',  ( -1.000000000000000000, 0.0000000000000000000, -6.123031769111888800E-017 ) ) ;
#397 = CARTESIAN_POINT ( 'NONE',  ( 38.76410161513775400, -24.50000000000000000, -42.43524478543749700 ) ) ;
#398 = ORIENTED_EDGE ( 'NONE', *, *, #1189, .F. ) ;
#399 = ORIENTED_EDGE ( 'NONE', *, *, #1515, .F. ) ;
#400 = DIRECTION ( 'NONE',  ( 1.000000000000000000, 0.0000000000000000000, 6.123031769111888800E-017 ) ) ;
#401 = AXIS2_PLACEMENT_3D ( 'NONE', #893, #900, #904 ) ;
#402 = LINE ( 'NONE', #1311, #2413 ) ;
#403 = CARTESIAN_POINT ( 'NONE',  ( -12.58146985608970100, -83.30899079807535700, 28.49999999999999600 ) ) ;
#404 = CARTESIAN_POINT ( 'NONE',  ( 39.82351300805891700, -23.33299919481383400, -32.49077174812902800 ) ) ;
#405 = AXIS2_PLACEMENT_3D ( 'NONE', #2938, #3027, #3036 ) ;
#406 = DIRECTION ( 'NONE',  ( 0.0000000000000000000, 0.0000000000000000000, 1.000000000000000000 ) ) ;
#407 = CARTESIAN_POINT ( 'NONE',  ( 24.00000000000000000, 0.0000000000000000000, 3.551358426084894400E-015 ) ) ;
#408 = EDGE_CURVE ( 'E774', #1945, #837, #1797, .T. ) ;
#409 = CARTESIAN_POINT ( 'NONE',  ( 32.89760460698071400, 48.64780860765751000, -5.865601480367999400 ) ) ;
#410 = CARTESIAN_POINT ( 'NONE',  ( 16.25000000000000000, 0.0000000000000000000, 0.0000000000000000000 ) ) ;
#411 = CARTESIAN_POINT ( 'NONE',  ( 49.29999999999999700, 0.0000000000000000000, 0.0000000000000000000 ) ) ;
#412 = ORIENTED_EDGE ( 'NONE', *, *, #3090, .F. ) ;
#413 = AXIS2_PLACEMENT_3D ( 'NONE', #813, #815, #818 ) ;
#414 = EDGE_LOOP ( 'NONE', ( #2369 ) ) ;
#415 = CARTESIAN_POINT ( 'NONE',  ( 10.51565274612101700, -52.12209036199858000, 31.04519868655008400 ) ) ;
#416 = CARTESIAN_POINT ( 'NONE',  ( -12.00000000000000000, 0.0000000000000000000, -28.50000000000000000 ) ) ;
#417 = EDGE_LOOP ( 'NONE', ( #2979 ) ) ;
#418 = VERTEX_POINT ( 'NONE', #1086 ) ;
#419 = LINE ( 'NONE', #1811, #1005 ) ;
#420 = VERTEX_POINT ( 'NONE', #1081 ) ;
#421 = CARTESIAN_POINT ( 'NONE',  ( 37.47815750433304800, 48.63959739834381000, -5.932517136924973400 ) ) ;
#422 = VECTOR ( 'NONE', #2898, 1000.000000000000200 ) ;
#423 = FACE_OUTER_BOUND ( 'NONE', #330, .T. ) ;
#424 = DIRECTION ( 'NONE',  ( 0.0000000000000000000, 0.0000000000000000000, 1.000000000000000000 ) ) ;
#425 = ORIENTED_EDGE ( 'NONE', *, *, #707, .F. ) ;
#426 = ADVANCED_FACE ( 'E1462', ( #2010, #651 ), #1075, .T. ) ;
#427 = CYLINDRICAL_SURFACE ( 'NONE', #1321, 60.66726188957799300 ) ;
#428 = DIRECTION ( 'NONE',  ( 0.0000000000000000000, 0.0000000000000000000, 1.000000000000000000 ) ) ;
#429 = DIRECTION ( 'NONE',  ( 0.4999999999999999400, 0.7499999999999998900, -0.4330127018922194600 ) ) ;
#430 = CARTESIAN_POINT ( 'NONE',  ( 40.49810958370216000, -22.54447090326938500, -33.04205022642959500 ) ) ;
#431 = ORIENTED_EDGE ( 'NONE', *, *, #408, .F. ) ;
#432 = CARTESIAN_POINT ( 'NONE',  ( 40.07191736974561300, -23.08482391139737900, -32.66798288174665300 ) ) ;
#433 = EDGE_CURVE ( 'E1352', #2518, #455, #2706, .T. ) ;
#434 = CARTESIAN_POINT ( 'NONE',  ( 10.08315328521516100, -52.93643994012082000, 29.63531187824815700 ) ) ;
#435 = ORIENTED_EDGE ( 'NONE', *, *, #1964, .F. ) ;
#436 = CARTESIAN_POINT ( 'NONE',  ( 35.29999999999999700, 50.00000000000000000, 0.0000000000000000000 ) ) ;
#437 = CARTESIAN_POINT ( 'NONE',  ( 9.883660408516480100, -52.89589035154874400, 29.70762810410801100 ) ) ;
#438 = CARTESIAN_POINT ( 'NONE',  ( 39.40007432441783700, -28.66348521897317900, -39.74190660815995800 ) ) ;
#439 = PLANE ( 'NONE',  #2316 ) ;
#440 = DIRECTION ( 'NONE',  ( -6.123031769111888800E-017, 1.000000000000000000, 0.0000000000000000000 ) ) ;
#441 = CARTESIAN_POINT ( 'NONE',  ( 38.47531287400510500, -24.24929218528096400, -31.81169306340329300 ) ) ;
#442 = SPHERICAL_SURFACE ( 'NONE', #1076, 70.00000000000000000 ) ;
#443 = DIRECTION ( 'NONE',  ( -0.06162841671621953300, -0.7044160264027583600, 0.7071067811865476800 ) ) ;
#444 = FACE_OUTER_BOUND ( 'NONE', #911, .T. ) ;
#445 = AXIS2_PLACEMENT_3D ( 'NONE', #822, #825, #821 ) ;
#446 = CARTESIAN_POINT ( 'NONE',  ( -10.66175375368221300, -17.18116385175175500, -67.01601655840131900 ) ) ;
#447 = CARTESIAN_POINT ( 'NONE',  ( 37.71126602632711700, 48.64820227355022600, 5.862344287637013100 ) ) ;
#448 = DIRECTION ( 'NONE',  ( 0.06162841671621927000, 0.7044160264027586900, 0.7071067811865476800 ) ) ;
#449 = PLANE ( 'NONE',  #876 ) ;
#450 = DIRECTION ( 'NONE',  ( 0.0000000000000000000, 0.8660254037844387100, -0.4999999999999998900 ) ) ;
#451 = ORIENTED_EDGE ( 'NONE', *, *, #1898, .T. ) ;
#452 = CARTESIAN_POINT ( 'NONE',  ( 35.29999999999999700, -24.61019963450608100, -31.97931615137754200 ) ) ;
#453 = CARTESIAN_POINT ( 'NONE',  ( 38.31055434621777800, -29.19927049903380500, -39.35028820128389500 ) ) ;
#454 = CARTESIAN_POINT ( 'NONE',  ( 38.96216541949063800, -23.98753049072022800, -32.01009729985216300 ) ) ;
#455 = VERTEX_POINT ( 'NONE', #1110 ) ;
#456 = CARTESIAN_POINT ( 'NONE',  ( 11.40481214601244100, 61.77728551552190300, 62.01326471006020600 ) ) ;
#457 = FACE_OUTER_BOUND ( 'NONE', #395, .T. ) ;
#458 = EDGE_LOOP ( 'NONE', ( #1204 ) ) ;
#459 = CYLINDRICAL_SURFACE ( 'NONE', #599, 28.50000000000000000 ) ;
#460 = CARTESIAN_POINT ( 'NONE',  ( 34.73998591271793400, -18.88315827677247300, -45.21533416964225400 ) ) ;
#461 = VECTOR ( 'NONE', #2143, 1000.000000000000000 ) ;
#462 = ADVANCED_FACE ( 'E1025', ( #2549 ), #1115, .T. ) ;
#463 = CARTESIAN_POINT ( 'NONE',  ( -12.21575012382011500, 83.27449459151884500, 28.50000000000000000 ) ) ;
#464 = ORIENTED_EDGE ( 'NONE', *, *, #1256, .T. ) ;
#465 = DIRECTION ( 'NONE',  ( -0.4999999999999998900, 0.0000000000000000000, -0.8660254037844387100 ) ) ;
#466 = CARTESIAN_POINT ( 'NONE',  ( -12.10787505936522600, 83.26785020508673100, 28.50000000000000000 ) ) ;
#467 = ORIENTED_EDGE ( 'NONE', *, *, #2022, .F. ) ;
#468 = PERSON_AND_ORGANIZATION_ROLE ( 'design_owner' ) ;
#469 = CARTESIAN_POINT ( 'NONE',  ( -14.20000000000000100, 142.3977118876569800, 0.0000000000000000000 ) ) ;
#470 = EDGE_LOOP ( 'NONE', ( #2515 ) ) ;
#471 = CARTESIAN_POINT ( 'NONE',  ( 28.82852870460963500, 48.97558522205087400, 1.598375791871994500 ) ) ;
#472 = EDGE_LOOP ( 'NONE', ( #505 ) ) ;
#473 = CARTESIAN_POINT ( 'NONE',  ( 38.30744312538809700, -24.33013158703736100, -31.74985834774192400 ) ) ;
#474 = EDGE_CURVE ( 'E182', #1984, #1950, #202, .T. ) ;
#475 = CARTESIAN_POINT ( 'NONE',  ( -23.00000000000000000, 0.0000000000000000000, -77.00000000000000000 ) ) ;
#476 = ORIENTED_EDGE ( 'NONE', *, *, #1237, .T. ) ;
#477 = CARTESIAN_POINT ( 'NONE',  ( -12.00000000000000000, 83.26120573555088800, 28.50000000000000000 ) ) ;
#478 = DIRECTION ( 'NONE',  ( 0.0000000000000000000, -0.8660254037844383700, 0.5000000000000002200 ) ) ;
#479 = DIRECTION ( 'NONE',  ( 1.000000000000000000, 0.0000000000000000000, 0.0000000000000000000 ) ) ;
#480 = AXIS2_PLACEMENT_3D ( 'NONE', #796, #798, #804 ) ;
#481 = LINE ( 'NONE', #2516, #590 ) ;
#482 = CARTESIAN_POINT ( 'NONE',  ( -12.32362519336101900, 83.28113889490690300, 28.50000000000000000 ) ) ;
#483 = DIRECTION ( 'NONE',  ( 1.000000000000000000, 0.0000000000000000000, 6.123031769111888800E-017 ) ) ;
#484 = VERTEX_POINT ( 'NONE', #2934 ) ;
#485 = FACE_OUTER_BOUND ( 'NONE', #906, .T. ) ;
#486 = ADVANCED_FACE ( 'E1046', ( #1986 ), #1106, .T. ) ;
#487 = CARTESIAN_POINT ( 'NONE',  ( 24.00000000000000000, 0.0000000000000000000, 84.03802283138779200 ) ) ;
#488 = FACE_OUTER_BOUND ( 'NONE', #2209, .T. ) ;
#489 = ORIENTED_EDGE ( 'NONE', *, *, #2004, .F. ) ;
#490 = CARTESIAN_POINT ( 'NONE',  ( -12.32362519336101900, 83.28113889490690300, 28.50000000000000000 ) ) ;
#491 = LINE ( 'NONE', #1254, #2278 ) ;
#492 = VERTEX_POINT ( 'NONE', #1131 ) ;
#493 = CARTESIAN_POINT ( 'NONE',  ( 13.97307117081409100, 63.99517668196553900, 58.18270760585856700 ) ) ;
#494 = CARTESIAN_POINT ( 'NONE',  ( 37.03205080756890100, -25.97307621135330200, -38.98668762692249600 ) ) ;
#495 = LINE ( 'NONE', #2317, #23 ) ;
#496 = EDGE_LOOP ( 'NONE', ( #341, #2514, #1303, #302 ) ) ;
#497 = ORIENTED_EDGE ( 'NONE', *, *, #214, .F. ) ;
#498 = EDGE_LOOP ( 'NONE', ( #22 ) ) ;
#499 = CARTESIAN_POINT ( 'NONE',  ( 35.29999999999999700, 48.32339999999999900, 6.000000000000000000 ) ) ;
#500 = LINE ( 'NONE', #2562, #2754 ) ;
#501 = CARTESIAN_POINT ( 'NONE',  ( 32.88209261346894200, -19.25880539079319200, -45.05666313031666400 ) ) ;
#502 = EDGE_CURVE ( 'E994', #2422, #232, #1386, .T. ) ;
#503 = CARTESIAN_POINT ( 'NONE',  ( 33.56794919243110100, 49.00000000000000000, 3.000000000000000000 ) ) ;
#504 = EDGE_CURVE ( 'NONE', #1412, #1412, #1912, .T. ) ;
#505 = ORIENTED_EDGE ( 'NONE', *, *, #2946, .T. ) ;
#506 = CARTESIAN_POINT ( 'NONE',  ( -9.927858462793077300, -17.21444739581264800, -67.12013211677911800 ) ) ;
#507 = CARTESIAN_POINT ( 'NONE',  ( -13.96579597180822000, 84.37437576220426600, 28.50000000000000400 ) ) ;
#508 = ORIENTED_EDGE ( 'NONE', *, *, #2836, .T. ) ;
#509 = CARTESIAN_POINT ( 'NONE',  ( -34.00000000000000000, 0.0000000000000000000, 0.0000000000000000000 ) ) ;
#510 = FACE_OUTER_BOUND ( 'NONE', #1230, .T. ) ;
#511 = DIRECTION ( 'NONE',  ( -0.06162841671621943600, -0.7044160264027586900, 0.7071067811865476800 ) ) ;
#512 = ORIENTED_EDGE ( 'NONE', *, *, #1597, .F. ) ;
#513 = DIRECTION ( 'NONE',  ( 6.409875621278550000E-016, 0.0000000000000000000, -1.000000000000000000 ) ) ;
#514 = CIRCLE ( 'NONE', #37, 5.323399999999999500 ) ;
#515 = CARTESIAN_POINT ( 'NONE',  ( -10.40716892937792800, 60.66165136264556400, -0.8250570518165336600 ) ) ;
#516 = DIRECTION ( 'NONE',  ( -1.000000000000000000, 0.0000000000000000000, -6.409875621278550000E-016 ) ) ;
#517 = AXIS2_PLACEMENT_3D ( 'NONE', #133, #2463, #3020 ) ;
#518 = DIRECTION ( 'NONE',  ( 1.529713445542093600E-016, 0.0000000000000000000, -1.000000000000000000 ) ) ;
#519 = CARTESIAN_POINT ( 'NONE',  ( 13.97460212466434400, 50.11585898470312400, 46.83159223381449000 ) ) ;
#520 = ORIENTED_EDGE ( 'NONE', *, *, #1459, .T. ) ;
#521 = CARTESIAN_POINT ( 'NONE',  ( -12.22000000000000100, 0.0000000000000000000, 0.0000000000000000000 ) ) ;
#522 = FACE_OUTER_BOUND ( 'NONE', #1161, .T. ) ;
#523 = CARTESIAN_POINT ( 'NONE',  ( 37.96021861113511900, -24.47885182052847200, -31.63533817889167900 ) ) ;
#524 = CARTESIAN_POINT ( 'NONE',  ( 16.08684224048443700, 59.81729347180630200, 62.29941206915085400 ) ) ;
#525 = FACE_OUTER_BOUND ( 'NONE', #228, .T. ) ;
#526 = CARTESIAN_POINT ( 'NONE',  ( 35.29999999999999700, -20.33830000000000000, -35.22696893957810000 ) ) ;
#527 = EDGE_LOOP ( 'NONE', ( #722 ) ) ;
#528 = CARTESIAN_POINT ( 'NONE',  ( 41.98179334740641600, 49.00059672851731600, -0.3430607021048570600 ) ) ;
#529 = DIRECTION ( 'NONE',  ( 7.709882115452475700E-017, 0.0000000000000000000, -1.000000000000000000 ) ) ;
#530 = ORIENTED_EDGE ( 'NONE', *, *, #2241, .T. ) ;
#531 = ORIENTED_EDGE ( 'NONE', *, *, #2686, .T. ) ;
#532 = CARTESIAN_POINT ( 'NONE',  ( 9.832044171791842800, -60.37456952488528800, 34.03366430033668200 ) ) ;
#533 = EDGE_LOOP ( 'NONE', ( #2960 ) ) ;
#534 = VERTEX_POINT ( 'NONE', #983 ) ;
#535 = B_SPLINE_CURVE_WITH_KNOTS ( 'NONE', 3,
 ( #1902, #1906, #1963, #1966 ),
 .UNSPECIFIED., .F., .F.,
 ( 4, 4 ),
 ( 0.1649752367945132600, 0.1652994752622069500 ),
 .UNSPECIFIED. ) ;
#536 = CARTESIAN_POINT ( 'NONE',  ( -14.14399558144319400, 84.85864872220868400, -28.50000000000000400 ) ) ;
#537 = CARTESIAN_POINT ( 'NONE',  ( 11.30982734874855900, 60.69160431482870200, 60.92343638355640000 ) ) ;
#538 = ADVANCED_FACE ( 'E1476', ( #2984 ), #851, .T. ) ;
#539 = CARTESIAN_POINT ( 'NONE',  ( 5.908512029625658400, 48.63252430315709800, 50.00051706722127400 ) ) ;
#540 = CARTESIAN_POINT ( 'NONE',  ( 7.160397808756830100, 51.35267675362834400, 47.02888468638957400 ) ) ;
#541 = DIRECTION ( 'NONE',  ( 0.06162841671621927000, 0.7044160264027586900, 0.7071067811865476800 ) ) ;
#542 = CARTESIAN_POINT ( 'NONE',  ( -10.51530916535679500, -16.47679210751565300, -58.38693083558209900 ) ) ;
#543 = EDGE_LOOP ( 'NONE', ( #2813, #673, #1721, #2411, #398, #256 ) ) ;
#544 = CARTESIAN_POINT ( 'NONE',  ( -14.20000000000000100, 85.36831965079321100, 28.50000000000000000 ) ) ;
#545 = CARTESIAN_POINT ( 'NONE',  ( 29.60722463390355200, 48.89036725925181800, -3.280596639838405000 ) ) ;
#546 = CARTESIAN_POINT ( 'NONE',  ( -33.30000000000000400, 0.0000000000000000000, 0.0000000000000000000 ) ) ;
#547 = DIRECTION ( 'NONE',  ( -1.000000000000000000, 0.0000000000000000000, 0.0000000000000000000 ) ) ;
#548 = CARTESIAN_POINT ( 'NONE',  ( 41.21414483529320400, -26.98128584355567800, -40.90287679523456900 ) ) ;
#549 = CARTESIAN_POINT ( 'NONE',  ( 37.78054461763375100, -24.54672781990181500, -31.58265240051228400 ) ) ;
#550 = CARTESIAN_POINT ( 'NONE',  ( 36.86210966803279400, -24.81666899520551100, -31.37098984324358900 ) ) ;
#551 = DIRECTION ( 'NONE',  ( 0.0000000000000000000, 0.0000000000000000000, 1.000000000000000000 ) ) ;
#552 = DIRECTION ( 'NONE',  ( 0.0000000000000000000, 0.0000000000000000000, 1.000000000000000000 ) ) ;
#553 = CARTESIAN_POINT ( 'NONE',  ( 9.475038142203775500, -52.48540398454557700, 30.42713638477117400 ) ) ;
#554 = DIRECTION ( 'NONE',  ( 0.0000000000000000000, 1.000000000000000000, 0.0000000000000000000 ) ) ;
#555 = CARTESIAN_POINT ( 'NONE',  ( 29.91110862445677300, -22.26630042119295900, -33.23167675689196400 ) ) ;
#556 = CARTESIAN_POINT ( 'NONE',  ( -23.00000000000000000, 0.0000000000000000000, -28.50000000000000000 ) ) ;
#557 = DIRECTION ( 'NONE',  ( 0.0000000000000000000, 0.0000000000000000000, -1.000000000000000000 ) ) ;
#558 = FACE_OUTER_BOUND ( 'NONE', #1113, .T. ) ;
#559 = DIRECTION ( 'NONE',  ( 0.0000000000000000000, 0.0000000000000000000, 1.000000000000000000 ) ) ;
#560 = CARTESIAN_POINT ( 'NONE',  ( 37.03205080756890100, 49.00000000000000000, -3.000000000000000000 ) ) ;
#561 = ORIENTED_EDGE ( 'NONE', *, *, #1968, .T. ) ;
#562 = VERTEX_POINT ( 'NONE', #1411 ) ;
#563 = EDGE_LOOP ( 'NONE', ( #281 ) ) ;
#564 = CARTESIAN_POINT ( 'NONE',  ( 29.11813350731906200, 48.94262830429813200, 2.404555610029094100 ) ) ;
#565 = CARTESIAN_POINT ( 'NONE',  ( 35.29999999999999700, 48.32339999999999900, 0.0000000000000000000 ) ) ;
#566 = EDGE_LOOP ( 'NONE', ( #1518 ) ) ;
#567 = LINE ( 'NONE', #811, #227 ) ;
#568 = CARTESIAN_POINT ( 'NONE',  ( 40.99931162806868200, 48.89079040061646700, 3.290612582791907500 ) ) ;
#569 = FACE_BOUND ( 'NONE', #2714, .T. ) ;
#570 = DIRECTION ( 'NONE',  ( -6.123031769111888800E-017, 1.000000000000000000, 0.0000000000000000000 ) ) ;
#571 = ORIENTED_EDGE ( 'NONE', *, *, #1490, .T. ) ;
#572 = PLANE ( 'NONE',  #639 ) ;
#573 = CARTESIAN_POINT ( 'NONE',  ( -12.57934582169941100, 83.30855411414401600, 28.50000000000000700 ) ) ;
#574 = CYLINDRICAL_SURFACE ( 'NONE', #949, 6.000000000000000000 ) ;
#575 = AXIS2_PLACEMENT_3D ( 'NONE', #625, #644, #645 ) ;
#576 = DIRECTION ( 'NONE',  ( -1.217349807703022600E-016, 0.0000000000000000000, 1.000000000000000000 ) ) ;
#577 = EDGE_LOOP ( 'NONE', ( #242 ) ) ;
#578 = CARTESIAN_POINT ( 'NONE',  ( 14.62514521252344800, 48.89883824374857100, 47.90714234611674300 ) ) ;
#579 = CARTESIAN_POINT ( 'NONE',  ( -14.20000000000000100, 131.5450643776823700, -24.20528946059915000 ) ) ;
#580 = DIRECTION ( 'NONE',  ( 0.0000000000000000000, 0.0000000000000000000, -1.000000000000000000 ) ) ;
#581 = CIRCLE ( 'NONE', #2683, 60.66726188957799300 ) ;
#582 = CARTESIAN_POINT ( 'NONE',  ( 8.535584726796257000, 46.03422096320033300, 52.03920643030522800 ) ) ;
#583 = DIRECTION ( 'NONE',  ( -1.000000000000000000, 0.0000000000000000000, 0.0000000000000000000 ) ) ;
#584 = CARTESIAN_POINT ( 'NONE',  ( 37.23607753368617100, -24.72653396192188400, -31.44235416589592100 ) ) ;
#585 = CARTESIAN_POINT ( 'NONE',  ( -23.00000000000000000, 0.0000000000000000000, -28.50000000000000000 ) ) ;
#586 = CARTESIAN_POINT ( 'NONE',  ( 30.15137748928544100, 48.83707220669641900, 3.995553545793174300 ) ) ;
#587 = PLANE ( 'NONE',  #618 ) ;
#588 = FACE_OUTER_BOUND ( 'NONE', #1015, .T. ) ;
#589 = FACE_BOUND ( 'NONE', #2384, .T. ) ;
#590 = VECTOR ( 'NONE', #731, 1000.000000000000000 ) ;
#591 = CARTESIAN_POINT ( 'NONE',  ( 37.03205080756885100, 49.00000000000000000, 3.000000000000000000 ) ) ;
#592 = DIRECTION ( 'NONE',  ( -0.8660254037844384900, 0.0000000000000000000, -0.5000000000000003300 ) ) ;
#593 = ORIENTED_EDGE ( 'NONE', *, *, #686, .F. ) ;
#594 = AXIS2_PLACEMENT_3D ( 'NONE', #2872, #2871, #2876 ) ;
#595 = DIRECTION ( 'NONE',  ( -0.5000000000000003300, 0.0000000000000000000, 0.8660254037844384900 ) ) ;
#596 = DIRECTION ( 'NONE',  ( -1.000000000000000000, 0.0000000000000000000, -6.123031769111888800E-017 ) ) ;
#597 = ORIENTED_EDGE ( 'NONE', *, *, #2763, .F. ) ;
#598 = FACE_OUTER_BOUND ( 'NONE', #2116, .T. ) ;
#599 = AXIS2_PLACEMENT_3D ( 'NONE', #606, #596, #576 ) ;
#600 = CARTESIAN_POINT ( 'NONE',  ( -33.30000000000000400, 0.0000000000000000000, 0.0000000000000000000 ) ) ;
#601 = ORIENTED_EDGE ( 'NONE', *, *, #1189, .T. ) ;
#602 = CARTESIAN_POINT ( 'NONE',  ( 37.03205080756890100, -27.09807621135330200, -40.93524478543749700 ) ) ;
#603 = VECTOR ( 'NONE', #2276, 1000.000000000000200 ) ;
#604 = DIRECTION ( 'NONE',  ( 0.0000000000000000000, 0.0000000000000000000, 1.000000000000000000 ) ) ;
#605 = CARTESIAN_POINT ( 'NONE',  ( -14.20000000000000100, -131.5450643776823700, -24.20528946059915000 ) ) ;
#606 = CARTESIAN_POINT ( 'NONE',  ( 24.00000000000000000, -116.5000000000000000, -3.581973584930455100E-015 ) ) ;
#607 = ORIENTED_EDGE ( 'NONE', *, *, #1060, .F. ) ;
#608 = ORIENTED_EDGE ( 'NONE', *, *, #2061, .T. ) ;
#609 = CARTESIAN_POINT ( 'NONE',  ( 16.32515376138032800, 60.61498504199167300, 61.50409290633414400 ) ) ;
#610 = DIRECTION ( 'NONE',  ( -1.000000000000000000, -2.775557561562890400E-016, 1.602468905319635000E-016 ) ) ;
#611 = ORIENTED_EDGE ( 'NONE', *, *, #910, .F. ) ;
#612 = CARTESIAN_POINT ( 'NONE',  ( 37.03205080756885100, 49.00000000000000000, 3.000000000000000000 ) ) ;
#613 = APPROVAL_STATUS ( 'not_yet_approved' ) ;
#614 = VECTOR ( 'NONE', #2916, 1000.000000000000000 ) ;
#615 = CARTESIAN_POINT ( 'NONE',  ( 38.76410161513775400, -24.50000000000000000, -42.43524478543749700 ) ) ;
#616 = B_SPLINE_CURVE_WITH_KNOTS ( 'NONE', 3,
 ( #898, #2162, #137, #3010, #846, #392, #773, #2121, #542, #2486, #1877, #2314, #1020, #2416, #2590, #3038, #2365, #1888, #2539, #1148, #2111, #1913, #1266, #2602, #2110, #1056, #2153, #2615 ),
 .UNSPECIFIED., .T., .F.,
 ( 4, 2, 2, 2, 2, 2, 2, 2, 2, 2, 2, 2, 2, 4 ),
 ( 0.0000000000000000000, 0.0003223832103661310700, 0.0006447664207322621400, 0.001289532841464524100, 0.001611916051830657700, 0.001934299262196790800, 0.002256682472562924400, 0.002579065682929057700, 0.003223832103661329300, 0.003546215314027463000, 0.003868598524393596700, 0.004190981734759730400, 0.004513364945125864500, 0.005158131365858125700 ),
 .UNSPECIFIED. ) ;
#617 = CYLINDRICAL_SURFACE ( 'NONE', #2087, 0.8249999999999992900 ) ;
#618 = AXIS2_PLACEMENT_3D ( 'NONE', #591, #592, #595 ) ;
#619 = DIRECTION ( 'NONE',  ( 0.0000000000000000000, 0.0000000000000000000, 1.000000000000000000 ) ) ;
#620 = VECTOR ( 'NONE', #905, 1000.000000000000000 ) ;
#621 = CARTESIAN_POINT ( 'NONE',  ( 33.56794919243110100, 46.75000000000000000, -3.000000000000000000 ) ) ;
#622 = CARTESIAN_POINT ( 'NONE',  ( 34.52064436442296400, -24.94010318339908800, -31.27294833521389400 ) ) ;
#623 = CARTESIAN_POINT ( 'NONE',  ( 8.342214688306226500, 51.82136503366774600, 46.31458371583569500 ) ) ;
#624 = AXIS2_PLACEMENT_3D ( 'NONE', #670, #676, #681 ) ;
#625 = CARTESIAN_POINT ( 'NONE',  ( 37.03205080756890100, -27.09807621135330200, -40.93524478543749700 ) ) ;
#626 = LINE ( 'NONE', #1206, #1125 ) ;
#627 = DIRECTION ( 'NONE',  ( 0.0000000000000000000, 1.000000000000000000, 0.0000000000000000000 ) ) ;
#628 = EDGE_LOOP ( 'NONE', ( #467, #1009, #530, #1653 ) ) ;
#629 = DIRECTION ( 'NONE',  ( 0.0000000000000000000, -1.000000000000000000, 0.0000000000000000000 ) ) ;
#630 = DIRECTION ( 'NONE',  ( 0.0000000000000000000, 0.4999999999999998900, 0.8660254037844387100 ) ) ;
#631 = VERTEX_POINT ( 'NONE', #1217 ) ;
#632 = CIRCLE ( 'NONE', #401, 49.00000000000000000 ) ;
#633 = PLANE ( 'NONE',  #575 ) ;
#634 = ORIENTED_EDGE ( 'NONE', *, *, #2907, .F. ) ;
#635 = ORIENTED_EDGE ( 'NONE', *, *, #1409, .F. ) ;
#636 = ADVANCED_FACE ( 'E303', ( #147 ), #1130, .T. ) ;
#637 = CARTESIAN_POINT ( 'NONE',  ( 35.29999999999999700, 48.32339999999999900, 0.0000000000000000000 ) ) ;
#638 = ORIENTED_EDGE ( 'NONE', *, *, #2308, .T. ) ;
#639 = AXIS2_PLACEMENT_3D ( 'NONE', #556, #580, #583 ) ;
#640 = CIRCLE ( 'NONE', #2353, 49.00000000000000000 ) ;
#641 = ADVANCED_FACE ( 'E1459', ( #1017, #1633 ), #2808, .T. ) ;
#642 = FACE_OUTER_BOUND ( 'NONE', #458, .T. ) ;
#643 = ORIENTED_EDGE ( 'NONE', *, *, #2437, .F. ) ;
#644 = DIRECTION ( 'NONE',  ( -3.204937810639271500E-016, 0.8660254037844387100, -0.4999999999999998900 ) ) ;
#645 = DIRECTION ( 'NONE',  ( 1.000000000000000000, 2.775557561562890400E-016, -1.602468905319635000E-016 ) ) ;
#646 = FACE_OUTER_BOUND ( 'NONE', #2096, .T. ) ;
#647 = CARTESIAN_POINT ( 'NONE',  ( 28.89350892614176700, -26.05395033131754100, -41.50115518173321800 ) ) ;
#648 = CARTESIAN_POINT ( 'NONE',  ( -12.00000000000000000, -116.5000000000000000, -28.50000000000000000 ) ) ;
#649 = CARTESIAN_POINT ( 'NONE',  ( 36.09218327213294200, -24.93862363668588600, -31.27412852295359600 ) ) ;
#650 = CARTESIAN_POINT ( 'NONE',  ( 9.307610014828691500, 64.37306326884741700, 58.17035429024179600 ) ) ;
#651 = FACE_BOUND ( 'NONE', #894, .T. ) ;
#652 = CARTESIAN_POINT ( 'NONE',  ( 11.12500000000000000, -30.42803497128270600, -52.48488578430936300 ) ) ;
#653 = CARTESIAN_POINT ( 'NONE',  ( 11.12499999999999600, -30.33363094478899700, -52.53938997441809300 ) ) ;
#654 = AXIS2_PLACEMENT_3D ( 'NONE', #2914, #2924, #2929 ) ;
#655 = CARTESIAN_POINT ( 'NONE',  ( 37.03205080756890100, 46.75000000000000000, -3.000000000000000000 ) ) ;
#656 = CARTESIAN_POINT ( 'NONE',  ( 31.33817099018568100, -23.78918781041436100, -32.15822979722410900 ) ) ;
#657 = CARTESIAN_POINT ( 'NONE',  ( 11.12499999999999600, -52.64839835463552500, 30.14482289180155000 ) ) ;
#658 = CARTESIAN_POINT ( 'NONE',  ( -11.04254872746231800, -17.52767416257512400, -66.86444859918790900 ) ) ;
#659 = CARTESIAN_POINT ( 'NONE',  ( 33.56794919243110100, -20.77692378864670200, -41.98668762692250300 ) ) ;
#660 = CARTESIAN_POINT ( 'NONE',  ( 35.69414423245240900, -24.96975283175438400, -31.24918308603226800 ) ) ;
#661 = AXIS2_PLACEMENT_3D ( 'NONE', #2580, #2700, #2704 ) ;
#662 = CARTESIAN_POINT ( 'NONE',  ( -14.14341232540691000, -84.85616573529117100, 28.50000000000000400 ) ) ;
#663 = CARTESIAN_POINT ( 'NONE',  ( 33.56794919243110100, 49.00000000000000000, 3.000000000000000000 ) ) ;
#664 = FACE_OUTER_BOUND ( 'NONE', #417, .T. ) ;
#665 = CARTESIAN_POINT ( 'NONE',  ( 34.91047465379377700, -24.96999117783286000, -31.24899263339890300 ) ) ;
#666 = CARTESIAN_POINT ( 'NONE',  ( 36.66291267003456500, -14.72206903093398500, -37.19223270918472200 ) ) ;
#667 = VECTOR ( 'NONE', #2889, 1000.000000000000000 ) ;
#668 = EDGE_LOOP ( 'NONE', ( #571, #2397, #1243, #3088, #561, #52 ) ) ;
#669 = CARTESIAN_POINT ( 'NONE',  ( -9.510640182071600900, -17.69508214886712600, -67.05552543462553700 ) ) ;
#670 = CARTESIAN_POINT ( 'NONE',  ( 16.25000000000000000, 0.0000000000000000000, 0.0000000000000000000 ) ) ;
#671 = ADVANCED_FACE ( 'E1315', ( #2211 ), #1251, .T. ) ;
#672 = CARTESIAN_POINT ( 'NONE',  ( 29.30266613340285500, 48.92214923138741500, 2.784277297372646800 ) ) ;
#673 = ORIENTED_EDGE ( 'NONE', *, *, #2940, .F. ) ;
#674 = ADVANCED_FACE ( 'E786', ( #263, #1461 ), #1250, .T. ) ;
#675 = ORIENTED_EDGE ( 'NONE', *, *, #1576, .T. ) ;
#676 = DIRECTION ( 'NONE',  ( 1.000000000000000000, 0.0000000000000000000, 0.0000000000000000000 ) ) ;
#677 = EDGE_LOOP ( 'NONE', ( #2618 ) ) ;
#678 = ADVANCED_FACE ( 'E972', ( #1839, #85 ), #162, .T. ) ;
#679 = EDGE_CURVE ( 'E649', #185, #1158, #2324, .T. ) ;
#680 = FACE_OUTER_BOUND ( 'NONE', #843, .T. ) ;
#681 = DIRECTION ( 'NONE',  ( 0.0000000000000000000, -1.000000000000000000, 0.0000000000000000000 ) ) ;
#682 = ORIENTED_EDGE ( 'NONE', *, *, #1801, .T. ) ;
#683 = ADVANCED_FACE ( 'E812', ( #1049, #2395 ), #1370, .T. ) ;
#684 = CARTESIAN_POINT ( 'NONE',  ( 10.88713030371406600, 51.83676501121974000, 45.76577634960614900 ) ) ;
#685 = CIRCLE ( 'NONE', #2827, 90.00000000000000000 ) ;
#686 = EDGE_CURVE ( 'E198', #863, #1685, #2168, .T. ) ;
#687 = CARTESIAN_POINT ( 'NONE',  ( -14.20000000000000100, -47.51072961373390800, -76.43775619136570800 ) ) ;
#688 = EDGE_LOOP ( 'NONE', ( #2083, #115, #601, #158 ) ) ;
#689 = DIRECTION ( 'NONE',  ( -6.123031769111887500E-017, -0.4999999999999998900, -0.8660254037844387100 ) ) ;
#690 = ORIENTED_EDGE ( 'NONE', *, *, #1576, .F. ) ;
#691 = CARTESIAN_POINT ( 'NONE',  ( 41.94810646355140400, -25.11853363137311800, -42.07419243491030900 ) ) ;
#692 = CARTESIAN_POINT ( 'NONE',  ( 32.16271907867529500, -29.14024509975630300, -39.39360864871677800 ) ) ;
#693 = CARTESIAN_POINT ( 'NONE',  ( 11.10354023926661600, -30.52051875580478000, -52.43114133984372000 ) ) ;
#694 = CARTESIAN_POINT ( 'NONE',  ( 11.02072060919034200, -30.69304656301233800, -52.33033097547592400 ) ) ;
#695 = DIRECTION ( 'NONE',  ( -0.5000000000000001100, 0.7500000000000001100, -0.4330127018922190800 ) ) ;
#696 = CARTESIAN_POINT ( 'NONE',  ( 10.95942970227839600, -30.77193774336476300, -52.28393926689140900 ) ) ;
#697 = CIRCLE ( 'NONE', #654, 28.50000000000000000 ) ;
#698 = DIRECTION ( 'NONE',  ( 1.000000000000000000, 0.0000000000000000000, 0.0000000000000000000 ) ) ;
#699 = CARTESIAN_POINT ( 'NONE',  ( 10.73107243482096800, -30.96856749129371200, -52.16787960980666100 ) ) ;
#700 = CIRCLE ( 'NONE', #290, 12.50000000000000000 ) ;
#701 = CARTESIAN_POINT ( 'NONE',  ( -9.475000000000001400, 60.66726188957799300, 0.0000000000000000000 ) ) ;
#702 = CARTESIAN_POINT ( 'NONE',  ( -9.564645258836147700, 60.66591749538464000, 0.4316144054894236500 ) ) ;
#703 = CARTESIAN_POINT ( 'NONE',  ( 10.12812014096719300, -59.56238277879713600, 35.35237577426065800 ) ) ;
#704 = CARTESIAN_POINT ( 'NONE',  ( 32.13123071747654100, -24.25260853351643000, -31.80916737852368200 ) ) ;
#705 = CARTESIAN_POINT ( 'NONE',  ( 31.08822058172376800, -28.59539284479563600, -39.79097400750470100 ) ) ;
#706 = DIRECTION ( 'NONE',  ( -0.06162841671621949200, -0.7044160264027593500, 0.7071067811865468000 ) ) ;
#707 = EDGE_CURVE ( 'E749', #1382, #1540, #500, .T. ) ;
#708 = CARTESIAN_POINT ( 'NONE',  ( 10.51565274612102200, -31.04519868655010100, -52.12209036199862300 ) ) ;
#709 = EDGE_LOOP ( 'NONE', ( #923 ) ) ;
#710 = LINE ( 'NONE', #2438, #2717 ) ;
#711 = CARTESIAN_POINT ( 'NONE',  ( 35.29999999999999700, -15.14214757729336800, -38.22696893957810000 ) ) ;
#712 = CARTESIAN_POINT ( 'NONE',  ( -9.474999999999999600, 60.66726188957797200, 0.2180167604349036700 ) ) ;
#713 = CARTESIAN_POINT ( 'NONE',  ( 10.19283107062207500, -31.04534604776739200, -52.12200258965773300 ) ) ;
#714 = ORIENTED_EDGE ( 'NONE', *, *, #2093, .T. ) ;
#715 = CARTESIAN_POINT ( 'NONE',  ( 30.09576268513371000, -22.55194335476088700, -33.03810578994359300 ) ) ;
#716 = TOROIDAL_SURFACE ( 'NONE', #480, 84.03802283138779200, 1.980000000000000000 ) ;
#717 = CARTESIAN_POINT ( 'NONE',  ( 28.95172679421818500, 48.96153470272741300, -1.951795563283819300 ) ) ;
#718 = FACE_OUTER_BOUND ( 'NONE', #688, .T. ) ;
#719 = CARTESIAN_POINT ( 'NONE',  ( 37.03205080756885100, 46.75000000000000000, 3.000000000000000000 ) ) ;
#720 = EDGE_CURVE ( 'NONE', #366, #366, #1581, .T. ) ;
#721 = AXIS2_PLACEMENT_3D ( 'NONE', #2473, #2477, #2492 ) ;
#722 = ORIENTED_EDGE ( 'NONE', *, *, #254, .F. ) ;
#723 = CARTESIAN_POINT ( 'NONE',  ( 10.08469083464319200, -31.02700871637752300, -52.13293681222234000 ) ) ;
#724 = CARTESIAN_POINT ( 'NONE',  ( -16.49999999999999300, 0.0000000000000000000, -49.00000000000000000 ) ) ;
#725 = VERTEX_POINT ( 'NONE', #2582 ) ;
#726 = CARTESIAN_POINT ( 'NONE',  ( 13.37228011551436200, 46.18091281704094800, 50.87820314425666600 ) ) ;
#727 = ADVANCED_FACE ( 'E1456', ( #1421, #901 ), #2016, .T. ) ;
#728 = CARTESIAN_POINT ( 'NONE',  ( 9.884924533990240300, -30.95600625517701600, -52.17512862737162700 ) ) ;
#729 = CARTESIAN_POINT ( 'NONE',  ( 9.793978908535592600, -30.90397585866717400, -52.20600411244227200 ) ) ;
#730 = EDGE_LOOP ( 'NONE', ( #2079, #2587, #836, #259 ) ) ;
#731 = DIRECTION ( 'NONE',  ( -1.000000000000000000, 0.0000000000000000000, -6.123031769111888800E-017 ) ) ;
#732 = CARTESIAN_POINT ( 'NONE',  ( 9.639892247260974000, -30.77140991878329900, -52.28425117443713100 ) ) ;
#733 = VERTEX_POINT ( 'NONE', #2566 ) ;
#734 = CARTESIAN_POINT ( 'NONE',  ( 10.51899462271416800, 45.58045931292928500, 52.07550516032699800 ) ) ;
#735 = CIRCLE ( 'NONE', #210, 5.000000000000000900 ) ;
#736 = CARTESIAN_POINT ( 'NONE',  ( 9.579320807726739800, -30.69312487550459800, -52.33028516905147100 ) ) ;
#737 = CARTESIAN_POINT ( 'NONE',  ( 35.29999999999999700, 39.54743986657040000, 6.000000000000000000 ) ) ;
#738 = CARTESIAN_POINT ( 'NONE',  ( 30.78456749123470400, -23.34015633110856700, -32.48560146910708100 ) ) ;
#739 = CARTESIAN_POINT ( 'NONE',  ( 9.496438911328361600, -30.52048328706879900, -52.43116211206193400 ) ) ;
#740 = CARTESIAN_POINT ( 'NONE',  ( 7.833557564651511200, 51.66939497018425000, 46.57248204601051400 ) ) ;
#741 = CARTESIAN_POINT ( 'NONE',  ( 9.475038142203775500, -30.42713638477118100, -52.48540398454558400 ) ) ;
#742 = CARTESIAN_POINT ( 'NONE',  ( 11.12500000000000000, -30.33363094478899700, -52.53938997441809300 ) ) ;
#743 = CARTESIAN_POINT ( 'NONE',  ( -14.20000000000000100, 142.3977118876569800, -28.50000000000000000 ) ) ;
#744 = LINE ( 'NONE', #2001, #2009 ) ;
#745 = CARTESIAN_POINT ( 'NONE',  ( 9.474923870444326800, -30.14737827719015700, -52.64692419761814100 ) ) ;
#746 = FACE_OUTER_BOUND ( 'NONE', #2174, .T. ) ;
#747 = CARTESIAN_POINT ( 'NONE',  ( 9.564085269085415700, -29.96012523767910500, -52.75349043040344600 ) ) ;
#748 = CARTESIAN_POINT ( 'NONE',  ( -9.793331871837892800, 60.66372015023843300, 0.6599360237926396000 ) ) ;
#749 = CARTESIAN_POINT ( 'NONE',  ( -9.579279390809663400, 60.66591929471601200, -0.4157925553693827500 ) ) ;
#750 = CARTESIAN_POINT ( 'NONE',  ( 9.792064023523668200, -29.76120909329964100, -52.86580082057680800 ) ) ;
#751 = CARTESIAN_POINT ( 'NONE',  ( -9.937999412759465300, -18.65640873465053000, -66.73219908870036900 ) ) ;
#752 = VERTEX_POINT ( 'NONE', #2723 ) ;
#753 = CARTESIAN_POINT ( 'NONE',  ( 9.883660408516485400, -29.70762810410802900, -52.89589035154877200 ) ) ;
#754 = CIRCLE ( 'NONE', #2768, 90.00000000000000000 ) ;
#755 = EDGE_LOOP ( 'NONE', ( #1118, #497, #1605, #2905 ) ) ;
#756 = FACE_OUTER_BOUND ( 'NONE', #1538, .T. ) ;
#757 = B_SPLINE_CURVE_WITH_KNOTS ( 'NONE', 3,
 ( #1089, #1101, #1151, #211 ),
 .UNSPECIFIED., .F., .F.,
 ( 4, 4 ),
 ( 0.1671586085901968800, 0.1674828470504177200 ),
 .UNSPECIFIED. ) ;
#758 = CARTESIAN_POINT ( 'NONE',  ( -10.51684671478483500, 60.66195771317787700, 0.8032870344227732700 ) ) ;
#759 = ADVANCED_FACE ( 'E1487', ( #756, #598 ), #2433, .F. ) ;
#760 = CARTESIAN_POINT ( 'NONE',  ( 10.08315328521515900, -29.63531187824815300, -52.93643994012082000 ) ) ;
#761 = EDGE_CURVE ( 'E1235', #420, #2481, #2584, .T. ) ;
#762 = EDGE_LOOP ( 'NONE', ( #597, #2633, #383, #1354, #2371 ) ) ;
#763 = CARTESIAN_POINT ( 'NONE',  ( 32.68453507775017600, -19.32882396119780200, -45.02670219937672900 ) ) ;
#764 = ORIENTED_EDGE ( 'NONE', *, *, #2675, .F. ) ;
#765 = CARTESIAN_POINT ( 'NONE',  ( 10.19035892034659700, -29.61645232376282500, -52.94697741085168000 ) ) ;
#766 = AXIS2_PLACEMENT_3D ( 'NONE', #2287, #2390, #2398 ) ;
#767 = LINE ( 'NONE', #655, #375 ) ;
#768 = VERTEX_POINT ( 'NONE', #2561 ) ;
#769 = CARTESIAN_POINT ( 'NONE',  ( 31.19846072647145300, -20.07559389768899600, -44.69948641425489900 ) ) ;
#770 = DIRECTION ( 'NONE',  ( 0.0000000000000000000, 0.8660254037844384900, -0.5000000000000002200 ) ) ;
#771 = ORIENTED_EDGE ( 'NONE', *, *, #2913, .F. ) ;
#772 = CARTESIAN_POINT ( 'NONE',  ( 10.40795850232451900, -29.61625864734062900, -52.94708574534368500 ) ) ;
#773 = CARTESIAN_POINT ( 'NONE',  ( -10.08434725387899000, -16.49716953737442200, -58.38116187989793100 ) ) ;
#774 = CARTESIAN_POINT ( 'NONE',  ( 11.30982734874855900, 60.69160431482870200, 60.92343638355640000 ) ) ;
#775 = CARTESIAN_POINT ( 'NONE',  ( 10.51507449065450000, -29.63486282681685000, -52.93669126753134400 ) ) ;
#776 = CARTESIAN_POINT ( 'NONE',  ( 10.71524801905737300, -29.70704177646901900, -52.89621958145311700 ) ) ;
#777 = FACE_OUTER_BOUND ( 'NONE', #117, .T. ) ;
#778 = CARTESIAN_POINT ( 'NONE',  ( 30.53116838647798700, -23.08820210275439400, -32.66560127911647300 ) ) ;
#779 = CARTESIAN_POINT ( 'NONE',  ( 41.82443059180138100, -23.28264241756797400, -43.11719929338035900 ) ) ;
#780 = CARTESIAN_POINT ( 'NONE',  ( 34.51072664636574000, -14.61434496024765700, -37.23475617692336900 ) ) ;
#781 = CARTESIAN_POINT ( 'NONE',  ( 10.80666812816210500, -29.76033871364228400, -52.86629075007275700 ) ) ;
#782 = FACE_BOUND ( 'NONE', #65, .T. ) ;
#783 = CARTESIAN_POINT ( 'NONE',  ( -14.20000000000000800, 85.23902960944259600, 28.49999999999999600 ) ) ;
#784 = FACE_OUTER_BOUND ( 'NONE', #201, .T. ) ;
#785 = CARTESIAN_POINT ( 'NONE',  ( 11.03535474116384700, -29.95916970789917100, -52.75403289763867300 ) ) ;
#786 = CARTESIAN_POINT ( 'NONE',  ( 11.12499999999999100, -30.14482289180158100, -52.64839835463553900 ) ) ;
#787 = CARTESIAN_POINT ( 'NONE',  ( 6.419553893298435700, 61.92207483269241700, 61.01313274572118000 ) ) ;
#788 = ORIENTED_EDGE ( 'NONE', *, *, #926, .T. ) ;
#789 = CARTESIAN_POINT ( 'NONE',  ( 11.12499999999999600, -30.33363094478899700, -52.53938997441809300 ) ) ;
#790 = CIRCLE ( 'NONE', #2359, 6.000000000000000000 ) ;
#791 = ORIENTED_EDGE ( 'NONE', *, *, #1093, .T. ) ;
#792 = CARTESIAN_POINT ( 'NONE',  ( 29.19411853034638300, -22.26477591993941700, -43.64991785972642900 ) ) ;
#793 = EDGE_LOOP ( 'NONE', ( #1417 ) ) ;
#794 = EDGE_CURVE ( 'NONE', #562, #562, #118, .T. ) ;
#795 = EDGE_LOOP ( 'NONE', ( #2628 ) ) ;
#796 = CARTESIAN_POINT ( 'NONE',  ( 22.02000000000000300, 0.0000000000000000000, 0.0000000000000000000 ) ) ;
#797 = VERTEX_POINT ( 'NONE', #1745 ) ;
#798 = DIRECTION ( 'NONE',  ( -1.000000000000000000, 0.0000000000000000000, 0.0000000000000000000 ) ) ;
#799 = CARTESIAN_POINT ( 'NONE',  ( 38.81221977972919000, -19.73259270954860500, -44.85125551526510200 ) ) ;
#800 = CARTESIAN_POINT ( 'NONE',  ( -14.20000000000000100, 116.5000000000000000, -28.50000000000000000 ) ) ;
#801 = ORIENTED_EDGE ( 'NONE', *, *, #1706, .F. ) ;
#802 = CARTESIAN_POINT ( 'NONE',  ( -12.32362519336101900, 83.28113889490690300, -28.50000000000000000 ) ) ;
#803 = CARTESIAN_POINT ( 'NONE',  ( 37.10393676795448000, 48.62602431521199300, 6.042633990667828100 ) ) ;
#804 = DIRECTION ( 'NONE',  ( 0.0000000000000000000, 0.0000000000000000000, 1.000000000000000000 ) ) ;
#805 = ADVANCED_FACE ( 'E1473', ( #2284, #358 ), #2890, .T. ) ;
#806 = DIRECTION ( 'NONE',  ( 1.000000000000000000, 0.0000000000000000000, 6.123031769111888800E-017 ) ) ;
#807 = FACE_OUTER_BOUND ( 'NONE', #2663, .T. ) ;
#808 = PLANE ( 'NONE',  #413 ) ;
#809 = CARTESIAN_POINT ( 'NONE',  ( -34.00000000000000000, 0.0000000000000000000, 0.0000000000000000000 ) ) ;
#810 = CARTESIAN_POINT ( 'NONE',  ( 32.29491953047394000, -19.48623017943594600, -44.95880536745133300 ) ) ;
#811 = CARTESIAN_POINT ( 'NONE',  ( 33.56794919243110100, -21.90192378864670200, -43.93524478543749700 ) ) ;
#812 = FACE_OUTER_BOUND ( 'NONE', #566, .T. ) ;
#813 = CARTESIAN_POINT ( 'NONE',  ( 31.83589838486224700, 49.00000000000000000, -6.363241272276080100E-016 ) ) ;
#814 = AXIS2_PLACEMENT_3D ( 'NONE', #565, #570, #559 ) ;
#815 = DIRECTION ( 'NONE',  ( 0.8660254037844387100, 0.0000000000000000000, -0.4999999999999998900 ) ) ;
#816 = AXIS2_PLACEMENT_3D ( 'NONE', #1173, #1165, #1200 ) ;
#817 = CARTESIAN_POINT ( 'NONE',  ( 38.99591109383835200, -19.83455674394934200, -44.80629947454590900 ) ) ;
#818 = DIRECTION ( 'NONE',  ( -0.4999999999999998900, 0.0000000000000000000, -0.8660254037844387100 ) ) ;
#819 = CARTESIAN_POINT ( 'NONE',  ( 40.45131807622456000, 48.83732667436596800, -3.992394222895130800 ) ) ;
#820 = CARTESIAN_POINT ( 'NONE',  ( 31.58903805478442100, 48.72091106941418600, 5.228193725624651100 ) ) ;
#821 = DIRECTION ( 'NONE',  ( 0.0000000000000000000, -0.8660254037844384900, 0.5000000000000002200 ) ) ;
#822 = CARTESIAN_POINT ( 'NONE',  ( 35.29999999999999700, -24.16170000000000000, -41.84929199723694600 ) ) ;
#823 = CARTESIAN_POINT ( 'NONE',  ( 7.772639341285625400, 46.41067654971816800, 51.82394139647242800 ) ) ;
#824 = AXIS2_PLACEMENT_3D ( 'NONE', #2450, #2451, #2454 ) ;
#825 = DIRECTION ( 'NONE',  ( 0.0000000000000000000, 0.4999999999999998900, 0.8660254037844387100 ) ) ;
#826 = CIRCLE ( 'NONE', #2540, 49.00000000000000000 ) ;
#827 = LINE ( 'NONE', #1978, #314 ) ;
#828 = DIRECTION ( 'NONE',  ( 0.0000000000000000000, 0.4999999999999998900, 0.8660254037844387100 ) ) ;
#829 = EDGE_LOOP ( 'NONE', ( #1738 ) ) ;
#830 = CARTESIAN_POINT ( 'NONE',  ( 34.52640786752587600, -18.90192562315671100, -45.20750048415184400 ) ) ;
#831 = CARTESIAN_POINT ( 'NONE',  ( -13.97644235685467400, -84.37027020842447200, -28.49999999999999600 ) ) ;
#832 = CARTESIAN_POINT ( 'NONE',  ( 33.74509560975003800, -24.81834853039587300, -31.36966083016119100 ) ) ;
#833 = DIRECTION ( 'NONE',  ( 0.0000000000000000000, 1.000000000000000000, 0.0000000000000000000 ) ) ;
#834 = EDGE_LOOP ( 'NONE', ( #1595 ) ) ;
#835 = AXIS2_PLACEMENT_3D ( 'NONE', #537, #541, #511 ) ;
#836 = ORIENTED_EDGE ( 'NONE', *, *, #2148, .T. ) ;
#837 = VERTEX_POINT ( 'NONE', #1916 ) ;
#838 = ADVANCED_FACE ( 'E1151', ( #3071 ), #1920, .T. ) ;
#839 = CIRCLE ( 'NONE', #2915, 49.00000000000000000 ) ;
#840 = CARTESIAN_POINT ( 'NONE',  ( 30.09031083507236200, -17.34431415998668400, -36.04555448135121800 ) ) ;
#841 = ADVANCED_FACE ( 'E903', ( #1723, #322 ), #2702, .F. ) ;
#842 = CARTESIAN_POINT ( 'NONE',  ( 24.00000000000000000, 0.0000000000000000000, 3.551358426084894400E-015 ) ) ;
#843 = EDGE_LOOP ( 'NONE', ( #19, #2046 ) ) ;
#844 = PLANE ( 'NONE',  #374 ) ;
#845 = CARTESIAN_POINT ( 'NONE',  ( 31.83589838486224700, -24.50000000000000000, -42.43524478543749700 ) ) ;
#846 = CARTESIAN_POINT ( 'NONE',  ( -9.640570297721600600, -16.19133015602037100, -58.46677078071140700 ) ) ;
#847 = DIRECTION ( 'NONE',  ( 0.0000000000000000000, 0.0000000000000000000, 1.000000000000000000 ) ) ;
#848 = CARTESIAN_POINT ( 'NONE',  ( 29.45479320354538900, -21.17337273098096500, -33.93707560446811300 ) ) ;
#849 = CARTESIAN_POINT ( 'NONE',  ( 37.03205080756885100, -21.90192378864664800, -43.93524478543749700 ) ) ;
#850 = CARTESIAN_POINT ( 'NONE',  ( 31.83589838486224700, -23.37500000000000000, -40.48668762692250300 ) ) ;
#851 = SPHERICAL_SURFACE ( 'NONE', #816, 70.00000000000000000 ) ;
#852 = DIRECTION ( 'NONE',  ( 0.8660254037844387100, -0.4330127018922192400, 0.2500000000000001100 ) ) ;
#853 = DIRECTION ( 'NONE',  ( -0.4999999999999999400, -0.7499999999999998900, 0.4330127018922194600 ) ) ;
#854 = LINE ( 'NONE', #1856, #2199 ) ;
#855 = VECTOR ( 'NONE', #1623, 1000.000000000000000 ) ;
#856 = ORIENTED_EDGE ( 'NONE', *, *, #1630, .T. ) ;
#857 = ADVANCED_FACE ( 'E1130', ( #1159 ), #2300, .T. ) ;
#858 = CARTESIAN_POINT ( 'NONE',  ( 0.0000000000000000000, 0.0000000000000000000, 0.0000000000000000000 ) ) ;
#859 = FACE_OUTER_BOUND ( 'NONE', #1129, .T. ) ;
#860 = SECURITY_CLASSIFICATION_LEVEL ( 'unclassified' ) ;
#861 = EDGE_LOOP ( 'NONE', ( #2886 ) ) ;
#862 = ORIENTED_EDGE ( 'NONE', *, *, #1729, .F. ) ;
#863 = VERTEX_POINT ( 'NONE', #2134 ) ;
#864 = CARTESIAN_POINT ( 'NONE',  ( -12.32362519336101900, 0.0000000000000000000, 0.0000000000000000000 ) ) ;
#865 = FACE_OUTER_BOUND ( 'NONE', #1055, .T. ) ;
#866 = EDGE_LOOP ( 'NONE', ( #2597 ) ) ;
#867 = ORIENTED_EDGE ( 'NONE', *, *, #1577, .F. ) ;
#868 = CARTESIAN_POINT ( 'NONE',  ( 29.61714661166016100, -21.65250396668544000, -33.63338543312794100 ) ) ;
#869 = CIRCLE ( 'NONE', #2523, 42.00000000000000000 ) ;
#870 = B_SPLINE_CURVE_WITH_KNOTS ( 'NONE', 3,
 ( #1134, #1398, #36, #987, #2870, #914, #415, #1751, #967, #2857, #2563, #2569, #1278, #1248, #553, #225, #1197, #1859, #437, #434, #15, #2485, #1588, #280, #2112, #1757, #657, #896 ),
 .UNSPECIFIED., .T., .F.,
 ( 4, 2, 2, 2, 2, 2, 2, 2, 2, 2, 2, 2, 2, 4 ),
 ( 0.0000000000000000000, 0.0003223832103661359500, 0.0006447664207322719000, 0.001289532841464526200, 0.001611916051830656200, 0.001934299262196786000, 0.002256682472562916200, 0.002579065682929046000, 0.003223832103661314600, 0.003546215314027453900, 0.003868598524393593200, 0.004190981734759733000, 0.004513364945125872300, 0.005158131365858150900 ),
 .UNSPECIFIED. ) ;
#871 = ADVANCED_FACE ( 'E961', ( #1010, #1383 ), #2307, .F. ) ;
#872 = CARTESIAN_POINT ( 'NONE',  ( 39.85179747402565900, -20.40451672100074300, -44.55048390554148300 ) ) ;
#873 = CARTESIAN_POINT ( 'NONE',  ( 29.33975679633465800, -20.68356420338012600, -34.23941333315136900 ) ) ;
#874 = DIRECTION ( 'NONE',  ( 1.000000000000000000, 0.0000000000000000000, 0.0000000000000000000 ) ) ;
#875 = EDGE_LOOP ( 'NONE', ( #1589 ) ) ;
#876 = AXIS2_PLACEMENT_3D ( 'NONE', #503, #513, #516 ) ;
#877 = DIRECTION ( 'NONE',  ( 0.0000000000000000000, 0.0000000000000000000, -1.000000000000000000 ) ) ;
#878 = FACE_OUTER_BOUND ( 'NONE', #829, .T. ) ;
#879 = DIRECTION ( 'NONE',  ( -1.000000000000000000, 0.0000000000000000000, 0.0000000000000000000 ) ) ;
#880 = ORIENTED_EDGE ( 'NONE', *, *, #12, .T. ) ;
#881 = DIRECTION ( 'NONE',  ( 0.0000000000000000000, 0.0000000000000000000, 1.000000000000000000 ) ) ;
#882 = AXIS2_PLACEMENT_3D ( 'NONE', #2412, #2403, #2423 ) ;
#883 = CARTESIAN_POINT ( 'NONE',  ( 34.75590721795810400, 48.59905051436916100, -6.255622308033364800 ) ) ;
#884 = DIRECTION ( 'NONE',  ( 0.4999999999999998900, 0.0000000000000000000, 0.8660254037844387100 ) ) ;
#885 = VECTOR ( 'NONE', #1301, 1000.000000000000000 ) ;
#886 = AXIS2_PLACEMENT_3D ( 'NONE', #2500, #2510, #2406 ) ;
#887 = CARTESIAN_POINT ( 'NONE',  ( -11.04790220802598500, -18.24231580977794900, -66.67213505610165200 ) ) ;
#888 = CARTESIAN_POINT ( 'NONE',  ( 41.82472053950585400, 48.98197366403554300, 1.345221883883918700 ) ) ;
#889 = CARTESIAN_POINT ( 'NONE',  ( 29.68443363843692100, -21.80999722218787800, -33.53143509900076000 ) ) ;
#890 = DIRECTION ( 'NONE',  ( 0.5000000000000003300, 0.0000000000000000000, -0.8660254037844383700 ) ) ;
#891 = FACE_OUTER_BOUND ( 'NONE', #866, .T. ) ;
#892 = CARTESIAN_POINT ( 'NONE',  ( 36.85318119257473800, -14.76680210812158300, -37.17451947449850300 ) ) ;
#893 = CARTESIAN_POINT ( 'NONE',  ( -16.25000000000000000, 0.0000000000000000000, 0.0000000000000000000 ) ) ;
#894 = EDGE_LOOP ( 'NONE', ( #2391 ) ) ;
#895 = ADVANCED_FACE ( 'E1273', ( #865 ), #2774, .T. ) ;
#896 = CARTESIAN_POINT ( 'NONE',  ( 11.12499999999999600, -52.53938997441806400, 30.33363094478898200 ) ) ;
#897 = EDGE_CURVE ( 'E1104', #1233, #2834, #2512, .T. ) ;
#898 = CARTESIAN_POINT ( 'NONE',  ( -9.474999999999999600, -15.70184279124515000, -58.60007506938601600 ) ) ;
#899 = ORIENTED_EDGE ( 'NONE', *, *, #1128, .F. ) ;
#900 = DIRECTION ( 'NONE',  ( -1.000000000000000000, -0.0000000000000000000, -1.224606353822375800E-016 ) ) ;
#901 = FACE_OUTER_BOUND ( 'NONE', #1291, .T. ) ;
#902 = ORIENTED_EDGE ( 'NONE', *, *, #1490, .F. ) ;
#903 = EDGE_CURVE ( 'E1214', #95, #1355, #1985, .T. ) ;
#904 = DIRECTION ( 'NONE',  ( 1.416100796715760900E-016, 0.0000000000000000000, -1.000000000000000000 ) ) ;
#905 = DIRECTION ( 'NONE',  ( 0.4999999999999998900, 0.0000000000000000000, 0.8660254037844387100 ) ) ;
#906 = EDGE_LOOP ( 'NONE', ( #2424 ) ) ;
#907 = CARTESIAN_POINT ( 'NONE',  ( 35.29999999999999700, 40.00000000000000000, 0.0000000000000000000 ) ) ;
#908 = CARTESIAN_POINT ( 'NONE',  ( 40.39654430584111800, -17.18978955790426600, -36.11839131108822400 ) ) ;
#909 = LINE ( 'NONE', #1405, #1300 ) ;
#910 = EDGE_CURVE ( 'E1026', #797, #1671, #2447, .T. ) ;
#911 = EDGE_LOOP ( 'NONE', ( #1760, #917, #78, #2367 ) ) ;
#912 = CARTESIAN_POINT ( 'NONE',  ( 29.50252670134717200, -21.33450319747653300, -33.83599440001037800 ) ) ;
#913 = ORIENTED_EDGE ( 'NONE', *, *, #1837, .F. ) ;
#914 = CARTESIAN_POINT ( 'NONE',  ( 10.73107243482097000, -52.16787960980666800, 30.96856749129372200 ) ) ;
#915 = EDGE_CURVE ( 'E208', #2645, #2107, #1543, .T. ) ;
#916 = DIRECTION ( 'NONE',  ( 0.0000000000000000000, 1.000000000000000000, 0.0000000000000000000 ) ) ;
#917 = ORIENTED_EDGE ( 'NONE', *, *, #1669, .T. ) ;
#918 = B_SPLINE_CURVE_WITH_KNOTS ( 'NONE', 3,
 ( #1257, #144, #340, #1992, #3000, #1463, #935, #1903, #2091, #213, #650, #3064, #1085, #1529 ),
 .UNSPECIFIED., .F., .F.,
 ( 4, 2, 2, 2, 2, 2, 4 ),
 ( 0.005625018371640818700, 0.006281215087700720500, 0.006937411803760622400, 0.008249805235880428700, 0.009562198668000235900, 0.01021839538406014000, 0.01087459210012004300 ),
 .UNSPECIFIED. ) ;
#919 = CARTESIAN_POINT ( 'NONE',  ( -12.00000000000000000, -116.5000000000000000, 0.0000000000000000000 ) ) ;
#920 = DIRECTION ( 'NONE',  ( 0.0000000000000000000, 0.0000000000000000000, 1.000000000000000000 ) ) ;
#921 = AXIS2_PLACEMENT_3D ( 'NONE', #456, #448, #443 ) ;
#922 = AXIS2_PLACEMENT_3D ( 'NONE', #2203, #2255, #2261 ) ;
#923 = ORIENTED_EDGE ( 'NONE', *, *, #2891, .F. ) ;
#924 = DIRECTION ( 'NONE',  ( 1.000000000000000000, 0.0000000000000000000, 0.0000000000000000000 ) ) ;
#925 = DIRECTION ( 'NONE',  ( 0.0000000000000000000, 0.0000000000000000000, -1.000000000000000000 ) ) ;
#926 = EDGE_CURVE ( 'E319', #733, #1718, #1476, .T. ) ;
#927 = CARTESIAN_POINT ( 'NONE',  ( 11.72669105235742000, 51.60331401652079100, 45.82213100025813200 ) ) ;
#928 = CARTESIAN_POINT ( 'NONE',  ( 39.56850985031671500, -28.55956724914660700, -39.81669836786011300 ) ) ;
#929 = CARTESIAN_POINT ( 'NONE',  ( -34.00000000000000000, 131.5450643776823700, 24.20528946059915000 ) ) ;
#930 = DIRECTION ( 'NONE',  ( -1.000000000000000000, 0.0000000000000000000, 0.0000000000000000000 ) ) ;
#931 = CARTESIAN_POINT ( 'NONE',  ( -12.32362519336101900, 83.28113889490690300, -28.50000000000000000 ) ) ;
#932 = CARTESIAN_POINT ( 'NONE',  ( 49.29999999999999700, 0.0000000000000000000, 42.00000000000000000 ) ) ;
#933 = PERSON_AND_ORGANIZATION_ROLE ( 'creator' ) ;
#934 = PLANE ( 'NONE',  #110 ) ;
#935 = CARTESIAN_POINT ( 'NONE',  ( 11.44378967206749400, 64.57480257738241400, 57.75969520125523400 ) ) ;
#936 = EDGE_LOOP ( 'NONE', ( #226 ) ) ;
#937 = CARTESIAN_POINT ( 'NONE',  ( -14.18870379698581100, 85.11120359982739100, 28.50000000000000000 ) ) ;
#938 = CARTESIAN_POINT ( 'NONE',  ( 8.912429555702923200, 58.08199501751335700, 64.48379503809836400 ) ) ;
#939 = EDGE_LOOP ( 'NONE', ( #2132 ) ) ;
#940 = EDGE_LOOP ( 'NONE', ( #399 ) ) ;
#941 = EDGE_LOOP ( 'NONE', ( #1526 ) ) ;
#942 = CARTESIAN_POINT ( 'NONE',  ( 8.087886126478869300, 51.74538000192600200, 46.44353288092310100 ) ) ;
#943 = CONICAL_SURFACE ( 'NONE', #445, 6.000000000000002700, 0.7853981633974482800 ) ;
#944 = CARTESIAN_POINT ( 'NONE',  ( 8.722455685505385900, 58.16907802829722800, 64.42020736198308800 ) ) ;
#945 = CARTESIAN_POINT ( 'NONE',  ( 8.539601872205279800, 58.26458249662250200, 64.34810680062749100 ) ) ;
#946 = CARTESIAN_POINT ( 'NONE',  ( 30.76008172870293200, -28.37643342895590600, -39.94741706626524500 ) ) ;
#947 = FACE_OUTER_BOUND ( 'NONE', #2051, .T. ) ;
#948 = FACE_OUTER_BOUND ( 'NONE', #2545, .T. ) ;
#949 = AXIS2_PLACEMENT_3D ( 'NONE', #436, #440, #428 ) ;
#950 = CARTESIAN_POINT ( 'NONE',  ( 35.69698934433696300, -14.57756751057853800, -37.24908757908744400 ) ) ;
#951 = AXIS2_PLACEMENT_3D ( 'NONE', #1967, #1989, #2002 ) ;
#952 = DIRECTION ( 'NONE',  ( -3.204937810639275000E-016, 0.0000000000000000000, 1.000000000000000000 ) ) ;
#953 = TOROIDAL_SURFACE ( 'NONE', #594, 42.00000000000000000, 2.000000000000000000 ) ;
#954 = CARTESIAN_POINT ( 'NONE',  ( 9.306653473703992300, 57.92487437978429200, 64.59411691936891500 ) ) ;
#955 = ORIENTED_EDGE ( 'NONE', *, *, #12, .F. ) ;
#956 = CARTESIAN_POINT ( 'NONE',  ( 28.70622413453624900, -25.34684698510895400, -41.93491800294209800 ) ) ;
#957 = CARTESIAN_POINT ( 'NONE',  ( 49.29999999999999700, 0.0000000000000000000, 47.00000000000000000 ) ) ;
#958 = ORIENTED_EDGE ( 'NONE', *, *, #2139, .T. ) ;
#959 = CARTESIAN_POINT ( 'NONE',  ( 9.512334991653736100, 57.85450099748216200, 64.64103776756846300 ) ) ;
#960 = VECTOR ( 'NONE', #1277, 1000.000000000000100 ) ;
#961 = CARTESIAN_POINT ( 'NONE',  ( 6.957513373136546200, 51.22231424753062600, 47.20119972274208200 ) ) ;
#962 = DIRECTION ( 'NONE',  ( -1.000000000000000000, 0.0000000000000000000, 0.0000000000000000000 ) ) ;
#963 = AXIS2_PLACEMENT_3D ( 'NONE', #407, #396, #352 ) ;
#964 = CARTESIAN_POINT ( 'NONE',  ( 10.13636379131954100, 57.67455149001411700, 64.75306676625055500 ) ) ;
#965 = CARTESIAN_POINT ( 'NONE',  ( 10.56380101116086000, 57.59413806124979400, 64.79113484423304200 ) ) ;
#966 = CARTESIAN_POINT ( 'NONE',  ( 10.03783630647804000, -60.38255520955679900, 33.95863466998010000 ) ) ;
#967 = CARTESIAN_POINT ( 'NONE',  ( 10.08469083464319700, -52.13293681222233300, 31.02700871637751200 ) ) ;
#968 = CIRCLE ( 'NONE', #1841, 77.00000000000000000 ) ;
#969 = CARTESIAN_POINT ( 'NONE',  ( 11.22216806871432100, 57.53347063008451600, 64.79370755861060600 ) ) ;
#970 = CARTESIAN_POINT ( 'NONE',  ( -12.82983268739374900, -83.37540088967050200, 28.50000000000000000 ) ) ;
#971 = CARTESIAN_POINT ( 'NONE',  ( 11.44324005498751400, 57.52362429724526300, 64.78522106839284300 ) ) ;
#972 = CARTESIAN_POINT ( 'NONE',  ( -34.00000000000000000, -116.5000000000000000, -12.50000000000000000 ) ) ;
#973 = CARTESIAN_POINT ( 'NONE',  ( 11.87927054646427800, 57.52462793819364600, 64.75034513864176200 ) ) ;
#974 = EDGE_LOOP ( 'NONE', ( #1498 ) ) ;
#975 = CARTESIAN_POINT ( 'NONE',  ( 12.09559793871033900, 57.53533520105318600, 64.72397561615959200 ) ) ;
#976 = ORIENTED_EDGE ( 'NONE', *, *, #2858, .F. ) ;
#977 = ORIENTED_EDGE ( 'NONE', *, *, #1444, .T. ) ;
#978 = CARTESIAN_POINT ( 'NONE',  ( 12.73951346800934700, 57.59798259446634500, 64.61800889135523100 ) ) ;
#979 = DIRECTION ( 'NONE',  ( -1.000000000000000000, 0.0000000000000000000, 0.0000000000000000000 ) ) ;
#980 = AXIS2_PLACEMENT_3D ( 'NONE', #2421, #2396, #2275 ) ;
#981 = ORIENTED_EDGE ( 'NONE', *, *, #2061, .F. ) ;
#982 = CARTESIAN_POINT ( 'NONE',  ( 13.16517100148453400, 57.68201364450374800, 64.50995000567346000 ) ) ;
#983 = CARTESIAN_POINT ( 'NONE',  ( -16.24999999999999300, 0.0000000000000000000, -49.00000000000000000 ) ) ;
#984 = AXIS2_PLACEMENT_3D ( 'NONE', #546, #547, #552 ) ;
#985 = CARTESIAN_POINT ( 'NONE',  ( 29.29966652886329800, -19.66096891965601000, -34.83681359575270900 ) ) ;
#986 = CARTESIAN_POINT ( 'NONE',  ( 13.56064594057189900, 57.80286353531150200, 64.37045595674669600 ) ) ;
#987 = CARTESIAN_POINT ( 'NONE',  ( 11.02072060919033800, -52.33033097547593100, 30.69304656301233400 ) ) ;
#988 = CARTESIAN_POINT ( 'NONE',  ( -9.868927565179033600, 60.66299274930769100, -0.7356263613699671700 ) ) ;
#989 = AXIS2_PLACEMENT_3D ( 'NONE', #411, #379, #424 ) ;
#990 = CARTESIAN_POINT ( 'NONE',  ( 38.76410161513775400, -23.37500000000000000, -40.48668762692250300 ) ) ;
#991 = DIRECTION ( 'NONE',  ( -0.06162841671621953300, -0.7044160264027583600, 0.7071067811865476800 ) ) ;
#992 = CARTESIAN_POINT ( 'NONE',  ( -10.19204149767547400, 60.66165063549086500, 0.8251105190242943300 ) ) ;
#993 = CARTESIAN_POINT ( 'NONE',  ( 24.00000000000000000, 0.0000000000000000000, 3.551358426084894400E-015 ) ) ;
#994 = CARTESIAN_POINT ( 'NONE',  ( 34.97010594690907900, 48.59733841770438500, -6.268868423690849800 ) ) ;
#995 = ORIENTED_EDGE ( 'NONE', *, *, #761, .F. ) ;
#996 = CARTESIAN_POINT ( 'NONE',  ( 8.539601872205279800, 58.26458249662250200, 64.34810680062749100 ) ) ;
#997 = CARTESIAN_POINT ( 'NONE',  ( 41.96506052263135400, -24.01397486102053200, -42.71420518075562000 ) ) ;
#998 = DIRECTION ( 'NONE',  ( -1.000000000000000000, 0.0000000000000000000, 0.0000000000000000000 ) ) ;
#999 = FACE_BOUND ( 'NONE', #472, .T. ) ;
#1000 = CARTESIAN_POINT ( 'NONE',  ( -12.00000000000000000, 116.5000000000000000, 0.0000000000000000000 ) ) ;
#1001 = DIRECTION ( 'NONE',  ( 1.000000000000000000, 0.0000000000000000000, 0.0000000000000000000 ) ) ;
#1002 = ADVANCED_FACE ( 'E1519', ( #2339, #1102 ), #617, .F. ) ;
#1003 = SPHERICAL_SURFACE ( 'NONE', #2853, 70.00000000000000000 ) ;
#1004 = DIRECTION ( 'NONE',  ( 0.0000000000000000000, 0.0000000000000000000, -1.000000000000000000 ) ) ;
#1005 = VECTOR ( 'NONE', #3011, 1000.000000000000000 ) ;
#1006 = ORIENTED_EDGE ( 'NONE', *, *, #2448, .F. ) ;
#1007 = EDGE_CURVE ( 'E488', #863, #1382, #2302, .T. ) ;
#1008 = EDGE_CURVE ( 'E272', #310, #2773, #402, .T. ) ;
#1009 = ORIENTED_EDGE ( 'NONE', *, *, #897, .F. ) ;
#1010 = FACE_OUTER_BOUND ( 'NONE', #2901, .T. ) ;
#1011 = B_SPLINE_CURVE_WITH_KNOTS ( 'NONE', 3,
 ( #477, #466, #463, #490 ),
 .UNSPECIFIED., .F., .F.,
 ( 4, 4 ),
 ( 0.1671586085901968800, 0.1674828470504177200 ),
 .UNSPECIFIED. ) ;
#1012 = CARTESIAN_POINT ( 'NONE',  ( -14.10994358151495800, 84.73244920037879500, -28.50000000000000400 ) ) ;
#1013 = DIRECTION ( 'NONE',  ( -0.5000000000000001100, -0.7500000000000001100, 0.4330127018922190800 ) ) ;
#1014 = CARTESIAN_POINT ( 'NONE',  ( 33.56794919243110100, -27.09807621135330200, -40.93524478543749700 ) ) ;
#1015 = EDGE_LOOP ( 'NONE', ( #231 ) ) ;
#1016 = ADVANCED_FACE ( 'E1378', ( #245 ), #1338, .T. ) ;
#1017 = FACE_OUTER_BOUND ( 'NONE', #1156, .T. ) ;
#1018 = PLANE ( 'NONE',  #265 ) ;
#1019 = EDGE_LOOP ( 'NONE', ( #1889 ) ) ;
#1020 = CARTESIAN_POINT ( 'NONE',  ( -11.02067919227326000, -16.10320756936886300, -58.49113921334915000 ) ) ;
#1021 = CARTESIAN_POINT ( 'NONE',  ( 6.602932643345811300, 62.46872514746935700, 60.43889780751096200 ) ) ;
#1022 = DIRECTION ( 'NONE',  ( 1.000000000000000000, 0.0000000000000000000, 6.123031769111888800E-017 ) ) ;
#1023 = EDGE_LOOP ( 'NONE', ( #2641 ) ) ;
#1024 = CARTESIAN_POINT ( 'NONE',  ( 31.64000288209918600, -23.98909081135864700, -32.00893815833483600 ) ) ;
#1025 = CARTESIAN_POINT ( 'NONE',  ( 41.93671576255407300, 48.99522814909617100, 0.7160332771845808700 ) ) ;
#1026 = DIRECTION ( 'NONE',  ( 6.123031769111888800E-017, 0.0000000000000000000, -1.000000000000000000 ) ) ;
#1027 = CARTESIAN_POINT ( 'NONE',  ( 29.45233585736257000, -18.81297556054957500, -35.30026686311234100 ) ) ;
#1028 = CARTESIAN_POINT ( 'NONE',  ( 49.29999999999999700, 0.0000000000000000000, 0.0000000000000000000 ) ) ;
#1029 = VERTEX_POINT ( 'NONE', #1323 ) ;
#1030 = CARTESIAN_POINT ( 'NONE',  ( 32.63509138712400700, -15.14996404521818400, -37.02028553367438900 ) ) ;
#1031 = PLANE ( 'NONE',  #160 ) ;
#1032 = FACE_OUTER_BOUND ( 'NONE', #527, .T. ) ;
#1033 = FACE_OUTER_BOUND ( 'NONE', #31, .T. ) ;
#1034 = EDGE_CURVE ( 'NONE', #3083, #3083, #1855, .T. ) ;
#1035 = AXIS2_PLACEMENT_3D ( 'NONE', #2263, #2273, #2472 ) ;
#1036 = LINE ( 'NONE', #2361, #1919 ) ;
#1037 = DIRECTION ( 'NONE',  ( 0.8660254037844386000, 0.4330127018922195200, -0.2499999999999999400 ) ) ;
#1038 = DIRECTION ( 'NONE',  ( 0.5000000000000001100, -0.7500000000000001100, 0.4330127018922190800 ) ) ;
#1039 = CIRCLE ( 'NONE', #2653, 5.000000000000000900 ) ;
#1040 = CARTESIAN_POINT ( 'NONE',  ( 8.087886126478867500, 51.74538000192599400, 46.44353288092310800 ) ) ;
#1041 = CARTESIAN_POINT ( 'NONE',  ( 34.12267585702476700, 48.60776394041388200, -6.187678898332895200 ) ) ;
#1042 = CARTESIAN_POINT ( 'NONE',  ( -12.00000000000000000, 0.0000000000000000000, -28.50000000000000000 ) ) ;
#1043 = EDGE_LOOP ( 'NONE', ( #1100 ) ) ;
#1044 = CARTESIAN_POINT ( 'NONE',  ( 29.30033776819573500, -20.34782547513972200, -34.44014051652742800 ) ) ;
#1045 = ORIENTED_EDGE ( 'NONE', *, *, #1093, .F. ) ;
#1046 = DIRECTION ( 'NONE',  ( 0.0000000000000000000, -1.000000000000000000, 0.0000000000000000000 ) ) ;
#1047 = EDGE_LOOP ( 'NONE', ( #327 ) ) ;
#1048 = CARTESIAN_POINT ( 'NONE',  ( 37.03205080756890100, 49.00000000000000000, -3.000000000000000000 ) ) ;
#1049 = FACE_BOUND ( 'NONE', #1675, .T. ) ;
#1050 = EDGE_LOOP ( 'NONE', ( #880 ) ) ;
#1051 = CARTESIAN_POINT ( 'NONE',  ( 33.12522141156076600, 48.63829993313076700, 5.943664731721317400 ) ) ;
#1052 = CARTESIAN_POINT ( 'NONE',  ( -14.20000000000000100, 142.3977118876569800, 0.0000000000000000000 ) ) ;
#1053 = CARTESIAN_POINT ( 'NONE',  ( 29.49978739449358000, -18.64459033250928500, -35.38947553640473800 ) ) ;
#1054 = FACE_BOUND ( 'NONE', #1549, .T. ) ;
#1055 = EDGE_LOOP ( 'NONE', ( #1646, #771, #675, #1322 ) ) ;
#1056 = CARTESIAN_POINT ( 'NONE',  ( -9.564645258836154800, -15.28458733516313500, -58.71048651259515300 ) ) ;
#1057 = CARTESIAN_POINT ( 'NONE',  ( 6.272971403990417200, 47.80734862421910900, 50.74635118532940900 ) ) ;
#1058 = DIRECTION ( 'NONE',  ( 0.0000000000000000000, -1.000000000000000000, 0.0000000000000000000 ) ) ;
#1059 = DIRECTION ( 'NONE',  ( 1.000000000000000000, 0.0000000000000000000, 0.0000000000000000000 ) ) ;
#1060 = EDGE_CURVE ( 'E497', #1382, #837, #103, .T. ) ;
#1061 = CARTESIAN_POINT ( 'NONE',  ( 40.76873157068906300, -22.10631943548366600, -33.33682338387810500 ) ) ;
#1062 = ORIENTED_EDGE ( 'NONE', *, *, #1790, .F. ) ;
#1063 = ORIENTED_EDGE ( 'NONE', *, *, #155, .T. ) ;
#1064 = DIRECTION ( 'NONE',  ( 0.0000000000000000000, 0.0000000000000000000, -1.000000000000000000 ) ) ;
#1065 = CARTESIAN_POINT ( 'NONE',  ( 31.60874614675309500, -28.88843666444559900, -39.57868267936713400 ) ) ;
#1066 = EDGE_CURVE ( 'NONE', #3078, #3078, #2564, .T. ) ;
#1067 = DIRECTION ( 'NONE',  ( 0.0000000000000000000, 0.0000000000000000000, -1.000000000000000000 ) ) ;
#1068 = FACE_OUTER_BOUND ( 'NONE', #360, .T. ) ;
#1069 = DIRECTION ( 'NONE',  ( -1.000000000000000000, -0.0000000000000000000, -0.0000000000000000000 ) ) ;
#1070 = CARTESIAN_POINT ( 'NONE',  ( 29.33826993591029400, -19.32016600151650500, -35.02682894395347500 ) ) ;
#1071 = EDGE_CURVE ( 'NONE', #3075, #3075, #246, .T. ) ;
#1072 = DIRECTION ( 'NONE',  ( 0.0000000000000000000, 1.000000000000000000, 0.0000000000000000000 ) ) ;
#1073 = LINE ( 'NONE', #373, #134 ) ;
#1074 = PERSON ( 'UNSPECIFIED', 'UNSPECIFIED', 'UNSPECIFIED', ('UNSPECIFIED'), ('UNSPECIFIED'), ('UNSPECIFIED') ) ;
#1075 = PLANE ( 'NONE',  #77 ) ;
#1076 = AXIS2_PLACEMENT_3D ( 'NONE', #1851, #1828, #1440 ) ;
#1077 = ADVANCED_FACE ( 'E952', ( #1437, #2568 ), #1352, .F. ) ;
#1078 = EDGE_LOOP ( 'NONE', ( #1456 ) ) ;
#1079 = CARTESIAN_POINT ( 'NONE',  ( 40.87694420394824100, -27.42841982815565100, -40.60435098769687600 ) ) ;
#1080 = CARTESIAN_POINT ( 'NONE',  ( 29.61400843521557400, -18.30930462226979200, -35.56409835294321200 ) ) ;
#1081 = CARTESIAN_POINT ( 'NONE',  ( 33.56794919243110100, 49.00000000000000000, -3.000000000000000000 ) ) ;
#1082 = EDGE_LOOP ( 'NONE', ( #1454 ) ) ;
#1083 = ORIENTED_EDGE ( 'NONE', *, *, #2376, .F. ) ;
#1084 = EDGE_CURVE ( 'NONE', #3072, #3072, #189, .T. ) ;
#1085 = CARTESIAN_POINT ( 'NONE',  ( 8.722111897174786000, 64.19783087521798800, 58.41443905880283400 ) ) ;
#1086 = CARTESIAN_POINT ( 'NONE',  ( -12.32362519336101900, -83.28113889490690300, 28.50000000000000000 ) ) ;
#1087 = ORIENTED_EDGE ( 'NONE', *, *, #1846, .T. ) ;
#1088 = CARTESIAN_POINT ( 'NONE',  ( 37.03205080756885100, -21.90192378864664800, -43.93524478543749700 ) ) ;
#1089 = CARTESIAN_POINT ( 'NONE',  ( -12.00000000000000000, -83.26120573555088800, -28.50000000000000000 ) ) ;
#1090 = ORIENTED_EDGE ( 'NONE', *, *, #2041, .T. ) ;
#1091 = EDGE_LOOP ( 'NONE', ( #120 ) ) ;
#1092 = CARTESIAN_POINT ( 'NONE',  ( -16.50000000000000000, 0.0000000000000000000, -280.0000000000000000 ) ) ;
#1093 = EDGE_CURVE ( 'NONE', #154, #154, #968, .T. ) ;
#1094 = CARTESIAN_POINT ( 'NONE',  ( 32.35581896310579000, -29.21540541764712300, -39.33785853522944400 ) ) ;
#1095 = ORIENTED_EDGE ( 'NONE', *, *, #910, .T. ) ;
#1096 = DIRECTION ( 'NONE',  ( -1.000000000000000000, 0.0000000000000000000, 0.0000000000000000000 ) ) ;
#1097 = DIRECTION ( 'NONE',  ( 0.0000000000000000000, 0.0000000000000000000, 1.000000000000000000 ) ) ;
#1098 = VERTEX_POINT ( 'NONE', #1471 ) ;
#1099 = PRODUCT ( 'UCFL-216', 'UCFL-216', '', ( #2617 ) ) ;
#1100 = ORIENTED_EDGE ( 'NONE', *, *, #2220, .F. ) ;
#1101 = CARTESIAN_POINT ( 'NONE',  ( -12.10787505936522600, -83.26785020508673100, -28.50000000000000000 ) ) ;
#1102 = FACE_OUTER_BOUND ( 'NONE', #267, .T. ) ;
#1103 = CARTESIAN_POINT ( 'NONE',  ( 33.56794919243110100, 49.00000000000000000, 3.000000000000000000 ) ) ;
#1104 = CARTESIAN_POINT ( 'NONE',  ( 32.94294441138610100, -29.41705338342274000, -39.18756284406692500 ) ) ;
#1105 = EDGE_CURVE ( 'NONE', #3086, #3086, #312, .T. ) ;
#1106 = PLANE ( 'NONE',  #11 ) ;
#1107 = ADVANCED_FACE ( 'E939', ( #1796 ), #3016, .F. ) ;
#1108 = FACE_OUTER_BOUND ( 'NONE', #414, .T. ) ;
#1109 = CARTESIAN_POINT ( 'NONE',  ( 37.03205080756885100, -21.90192378864664800, -43.93524478543749700 ) ) ;
#1110 = CARTESIAN_POINT ( 'NONE',  ( 33.56794919243110100, 46.75000000000000000, 3.000000000000000000 ) ) ;
#1111 = CARTESIAN_POINT ( 'NONE',  ( 33.34506955135901100, -29.52054607798793400, -39.10941078039501700 ) ) ;
#1112 = CARTESIAN_POINT ( 'NONE',  ( 37.03205080756890100, -27.09807621135330200, -40.93524478543749700 ) ) ;
#1113 = EDGE_LOOP ( 'NONE', ( #129 ) ) ;
#1114 = ORIENTED_EDGE ( 'NONE', *, *, #1459, .F. ) ;
#1115 = PLANE ( 'NONE',  #54 ) ;
#1116 = EDGE_LOOP ( 'NONE', ( #1853 ) ) ;
#1117 = CARTESIAN_POINT ( 'NONE',  ( 6.600008970706538100, 50.93329411014426700, 47.56390603338287100 ) ) ;
#1118 = ORIENTED_EDGE ( 'NONE', *, *, #1237, .F. ) ;
#1119 = CIRCLE ( 'NONE', #2155, 88.02271352118590600 ) ;
#1120 = ADVANCED_FACE ( 'E1522', ( #588 ), #442, .F. ) ;
#1121 = DIRECTION ( 'NONE',  ( -0.8660254037844387100, -0.4330127018922196300, 0.2499999999999997500 ) ) ;
#1122 = DIRECTION ( 'NONE',  ( -0.5000000000000001100, 0.7500000000000001100, -0.4330127018922190800 ) ) ;
#1123 = ORIENTED_EDGE ( 'NONE', *, *, #2338, .F. ) ;
#1124 = DIRECTION ( 'NONE',  ( 0.0000000000000000000, 1.000000000000000000, 0.0000000000000000000 ) ) ;
#1125 = VECTOR ( 'NONE', #101, 1000.000000000000000 ) ;
#1126 = LINE ( 'NONE', #1754, #1310 ) ;
#1127 = DIRECTION ( 'NONE',  ( -1.000000000000000000, 0.0000000000000000000, -1.224606353822375800E-016 ) ) ;
#1128 = EDGE_CURVE ( 'E408', #752, #2020, #854, .T. ) ;
#1129 = EDGE_LOOP ( 'NONE', ( #88 ) ) ;
#1130 = PLANE ( 'NONE',  #3034 ) ;
#1131 = CARTESIAN_POINT ( 'NONE',  ( -12.00000000000000000, -83.26120573555088800, -28.50000000000000000 ) ) ;
#1132 = AXIS2_PLACEMENT_3D ( 'NONE', #2156, #2172, #2146 ) ;
#1133 = ORIENTED_EDGE ( 'NONE', *, *, #1337, .F. ) ;
#1134 = CARTESIAN_POINT ( 'NONE',  ( 11.12499999999999600, -52.53938997441806400, 30.33363094478898200 ) ) ;
#1135 = ORIENTED_EDGE ( 'NONE', *, *, #2453, .T. ) ;
#1136 = CARTESIAN_POINT ( 'NONE',  ( 38.76410161513775400, -24.50000000000000000, -42.43524478543749700 ) ) ;
#1137 = CARTESIAN_POINT ( 'NONE',  ( -14.20000000000000100, 0.0000000000000000000, 0.0000000000000000000 ) ) ;
#1138 = ADVANCED_FACE ( 'E1442', ( #1714, #2380 ), #1840, .T. ) ;
#1139 = CARTESIAN_POINT ( 'NONE',  ( 15.33021590169287400, 63.08891242758234300, 59.04841211466253300 ) ) ;
#1140 = DIRECTION ( 'NONE',  ( -1.000000000000000000, 0.0000000000000000000, 0.0000000000000000000 ) ) ;
#1141 = ADVANCED_FACE ( 'E1500', ( #1336 ), #2655, .F. ) ;
#1142 = DIRECTION ( 'NONE',  ( 0.0000000000000000000, -0.8660254037844387100, 0.4999999999999998900 ) ) ;
#1143 = DIRECTION ( 'NONE',  ( 0.0000000000000000000, 0.0000000000000000000, 1.000000000000000000 ) ) ;
#1144 = DIRECTION ( 'NONE',  ( -0.8660254037844387100, 0.4330127018922192400, -0.2500000000000001100 ) ) ;
#1145 = CONICAL_SURFACE ( 'NONE', #2455, 86.01530931020188600, 0.05820889804366299900 ) ;
#1146 = CARTESIAN_POINT ( 'NONE',  ( -11.08595123038942600, -17.62479302405317200, -66.83172925132136300 ) ) ;
#1147 = CARTESIAN_POINT ( 'NONE',  ( 30.77810912930133100, -16.47005726211818900, -36.45290793130798300 ) ) ;
#1148 = CARTESIAN_POINT ( 'NONE',  ( -10.51684671478484600, -14.92455427690211600, -58.80285761160643400 ) ) ;
#1149 = CYLINDRICAL_SURFACE ( 'NONE', #2691, 60.66726188957799300 ) ;
#1150 = CARTESIAN_POINT ( 'NONE',  ( 14.87394204562709100, 58.44211811318690800, 63.68699303734950900 ) ) ;
#1151 = CARTESIAN_POINT ( 'NONE',  ( -12.21575012382011500, -83.27449459151884500, -28.50000000000000000 ) ) ;
#1152 = DIRECTION ( 'NONE',  ( 0.4999999999999999400, 0.7499999999999998900, -0.4330127018922194600 ) ) ;
#1153 = DIRECTION ( 'NONE',  ( -0.0000000000000000000, -1.000000000000000000, -0.0000000000000000000 ) ) ;
#1154 = EDGE_CURVE ( 'NONE', #3069, #3069, #1665, .T. ) ;
#1155 = CARTESIAN_POINT ( 'NONE',  ( 29.90632162059478800, -17.65512484898723100, -35.89469053214089900 ) ) ;
#1156 = EDGE_LOOP ( 'NONE', ( #2851 ) ) ;
#1157 = CARTESIAN_POINT ( 'NONE',  ( 33.56794919243110100, -21.90192378864670200, -43.93524478543749700 ) ) ;
#1158 = VERTEX_POINT ( 'NONE', #1896 ) ;
#1159 = FACE_OUTER_BOUND ( 'NONE', #755, .T. ) ;
#1160 = CARTESIAN_POINT ( 'NONE',  ( 14.36309549758764500, 63.79969590349332300, 58.36379142946504600 ) ) ;
#1161 = EDGE_LOOP ( 'NONE', ( #387 ) ) ;
#1162 = AXIS2_PLACEMENT_3D ( 'NONE', #1406, #1489, #1824 ) ;
#1163 = FACE_OUTER_BOUND ( 'NONE', #17, .T. ) ;
#1164 = CIRCLE ( 'NONE', #2899, 90.00000000000000000 ) ;
#1165 = DIRECTION ( 'NONE',  ( 0.0000000000000000000, 1.000000000000000000, 0.0000000000000000000 ) ) ;
#1166 = CARTESIAN_POINT ( 'NONE',  ( -12.32362519336101900, -83.28113889490690300, 28.50000000000000000 ) ) ;
#1167 = CARTESIAN_POINT ( 'NONE',  ( -12.00000000000000000, 0.0000000000000000000, 0.0000000000000000000 ) ) ;
#1168 = DIRECTION ( 'NONE',  ( 1.000000000000000000, 5.551115123125780700E-016, -3.204937810639275000E-016 ) ) ;
#1169 = CARTESIAN_POINT ( 'NONE',  ( 30.52546697321126600, -16.75185106213178400, -36.32468468604410100 ) ) ;
#1170 = EDGE_LOOP ( 'NONE', ( #126 ) ) ;
#1171 = DIRECTION ( 'NONE',  ( -1.000000000000000000, 0.0000000000000000000, 0.0000000000000000000 ) ) ;
#1172 = ORIENTED_EDGE ( 'NONE', *, *, #2453, .F. ) ;
#1173 = CARTESIAN_POINT ( 'NONE',  ( 0.0000000000000000000, 0.0000000000000000000, 0.0000000000000000000 ) ) ;
#1174 = CARTESIAN_POINT ( 'NONE',  ( 11.40481214601244100, 61.77728551552190300, 62.01326471006020600 ) ) ;
#1175 = B_SPLINE_CURVE_WITH_KNOTS ( 'NONE', 3,
 ( #2880, #950, #2165, #666, #892, #41, #39, #97, #50, #2094, #165, #172, #190, #908, #217, #229, #234, #239, #73, #282, #2279, #362, #371, #347, #132, #393, #1061, #2998, #430, #1451, #432, #404, #1825, #454, #441, #473, #523, #549, #584, #550, #649, #660, #665, #622, #832, #1373, #1319, #1314, #1188, #704, #1024, #656, #738, #778, #715, #555, #889, #868, #912, #848, #873, #1044, #985, #1070, #1027, #1053, #1080, #1833, #1155, #840, #1169, #1147, #1177, #1203, #1209, #1030, #1273, #1293, #2527, #1280, #780, #1304, #2538 ),
 .UNSPECIFIED., .T., .F.,
 ( 4, 2, 2, 2, 2, 2, 2, 2, 1, 2, 2, 2, 2, 2, 2, 2, 2, 2, 2, 2, 2, 2, 2, 2, 2, 2, 2, 2, 2, 2, 2, 2, 2, 2, 2, 2, 2, 2, 2, 2, 2, 4 ),
 ( 0.0000000000000000000, 0.001173932649242623300, 0.001760898973863926000, 0.002347865298485228900, 0.003521797947727829100, 0.004695730596970430100, 0.005869663246213030700, 0.006456629570834340100, 0.007043595895455648600, 0.007630562220076958800, 0.008217528544698267400, 0.009391461193940908700, 0.01056539384318355200, 0.01173932649242619500, 0.01232629281704751000, 0.01291325914166882600, 0.01408719179091144800, 0.01526112444015407200, 0.01584809076477538400, 0.01643505708939669800, 0.01760898973863930400, 0.01878292238788191100, 0.01995685503712452100, 0.02113078768636712800, 0.02171775401098843100, 0.02230472033560973500, 0.02347865298485232000, 0.02465258563409491000, 0.02582651828333749600, 0.02641348460795878200, 0.02700045093258007400, 0.02817438358182264600, 0.02934831623106521800, 0.02993528255568650400, 0.03052224888030778300, 0.03169618152955035900, 0.03287011417879293800, 0.03404404682803552400, 0.03521797947727810900, 0.03580494580189939900, 0.03639191212652068800, 0.03756584477576328800 ),
 .UNSPECIFIED. ) ;
#1176 = DIRECTION ( 'NONE',  ( -1.000000000000000000, 0.0000000000000000000, 0.0000000000000000000 ) ) ;
#1177 = CARTESIAN_POINT ( 'NONE',  ( 31.33012942766048100, -15.96179904297591700, -36.67830767875641800 ) ) ;
#1178 = CARTESIAN_POINT ( 'NONE',  ( -5.833630944789010000, 0.0000000000000000000, 0.0000000000000000000 ) ) ;
#1179 = CIRCLE ( 'NONE', #2420, 28.50000000000000000 ) ;
#1180 = CARTESIAN_POINT ( 'NONE',  ( 41.71017802595263600, -22.92331709532688000, -43.30911347676675400 ) ) ;
#1181 = EDGE_CURVE ( 'E111', #294, #1945, #535, .T. ) ;
#1182 = ADVANCED_FACE ( 'E1524', ( #2115 ), #1003, .F. ) ;
#1183 = FACE_BOUND ( 'NONE', #48, .T. ) ;
#1184 = CARTESIAN_POINT ( 'NONE',  ( -13.28971065727827200, -83.60481958365322400, -28.49999999999999600 ) ) ;
#1185 = CARTESIAN_POINT ( 'NONE',  ( 28.60934693607733700, -24.61815540580980500, -42.36897104185913300 ) ) ;
#1186 = CARTESIAN_POINT ( 'NONE',  ( 22.12362519336105000, 0.0000000000000000000, 0.0000000000000000000 ) ) ;
#1187 = DIRECTION ( 'NONE',  ( -1.000000000000000000, 0.0000000000000000000, 0.0000000000000000000 ) ) ;
#1188 = CARTESIAN_POINT ( 'NONE',  ( 32.30170238102256500, -24.33434284883441700, -31.74662913752079200 ) ) ;
#1189 = EDGE_CURVE ( 'E1008', #1317, #1233, #827, .T. ) ;
#1190 = VERTEX_POINT ( 'NONE', #1946 ) ;
#1191 = AXIS2_PLACEMENT_3D ( 'NONE', #2068, #2119, #2129 ) ;
#1192 = FACE_OUTER_BOUND ( 'NONE', #391, .T. ) ;
#1193 = ADVANCED_FACE ( 'E1433', ( #859, #1578 ), #1977, .T. ) ;
#1194 = ORIENTED_EDGE ( 'NONE', *, *, #1597, .T. ) ;
#1195 = CARTESIAN_POINT ( 'NONE',  ( 47.30000000000000400, 0.0000000000000000000, 49.00000000000000000 ) ) ;
#1196 = ORIENTED_EDGE ( 'NONE', *, *, #1725, .T. ) ;
#1197 = CARTESIAN_POINT ( 'NONE',  ( 9.564085269085406800, -52.75349043040341000, 29.96012523767910800 ) ) ;
#1198 = EDGE_CURVE ( 'E304', #1887, #733, #2657, .T. ) ;
#1199 = DIRECTION ( 'NONE',  ( 0.0000000000000000000, 0.0000000000000000000, 1.000000000000000000 ) ) ;
#1200 = DIRECTION ( 'NONE',  ( 1.000000000000000000, 0.0000000000000000000, 0.0000000000000000000 ) ) ;
#1201 = ORIENTED_EDGE ( 'NONE', *, *, #504, .T. ) ;
#1202 = CIRCLE ( 'NONE', #146, 28.50000000000001100 ) ;
#1203 = CARTESIAN_POINT ( 'NONE',  ( 31.63167984845478000, -15.73185329649432900, -36.77713803711460400 ) ) ;
#1204 = ORIENTED_EDGE ( 'NONE', *, *, #794, .F. ) ;
#1205 = CARTESIAN_POINT ( 'NONE',  ( 5.833630944789010000, 0.0000000000000000000, 60.66726188957799300 ) ) ;
#1206 = CARTESIAN_POINT ( 'NONE',  ( 37.03205080756885100, 49.00000000000000000, 3.000000000000000000 ) ) ;
#1207 = EDGE_LOOP ( 'NONE', ( #801 ) ) ;
#1208 = DIRECTION ( 'NONE',  ( 1.224606353822375800E-016, 0.0000000000000000000, -1.000000000000000000 ) ) ;
#1209 = CARTESIAN_POINT ( 'NONE',  ( 32.28773914306468400, -15.32347707298576200, -36.94915615730730000 ) ) ;
#1210 = CARTESIAN_POINT ( 'NONE',  ( 8.087886126478867500, 51.74538000192599400, 46.44353288092310800 ) ) ;
#1211 = CARTESIAN_POINT ( 'NONE',  ( -13.50354835244135300, -83.75552448345172300, 28.50000000000000700 ) ) ;
#1212 = ORIENTED_EDGE ( 'NONE', *, *, #2505, .T. ) ;
#1213 = DIRECTION ( 'NONE',  ( 0.0000000000000000000, -1.000000000000000000, 0.0000000000000000000 ) ) ;
#1214 = CARTESIAN_POINT ( 'NONE',  ( 16.25000000000000000, -60.66726188957799300, 0.0000000000000000000 ) ) ;
#1215 = CARTESIAN_POINT ( 'NONE',  ( 29.40942210907262200, -27.03480766126962100, -40.86861358849905900 ) ) ;
#1216 = CARTESIAN_POINT ( 'NONE',  ( 24.00000000000000000, -131.5450643776823700, 24.20528946059915000 ) ) ;
#1217 = CARTESIAN_POINT ( 'NONE',  ( -14.20000000000000100, -116.5000000000000000, -28.50000000000000000 ) ) ;
#1218 = ADVANCED_FACE ( 'E1481', ( #258, #558 ), #1667, .T. ) ;
#1219 = CARTESIAN_POINT ( 'NONE',  ( 41.87203346071066800, 48.98752975935633500, -1.182412141467228800 ) ) ;
#1220 = CARTESIAN_POINT ( 'NONE',  ( -11.12507612955566700, 60.66726292484607800, 0.2150666532632367900 ) ) ;
#1221 = DIRECTION ( 'NONE',  ( -5.200342327992897300E-017, -0.5278969957081547400, 0.8493084021262856700 ) ) ;
#1222 = PRODUCT_DEFINITION_SHAPE ( 'NONE', 'NONE',  #2169 ) ;
#1223 = DIRECTION ( 'NONE',  ( 3.232330075539747900E-017, -0.8493084021262855600, -0.5278969957081546300 ) ) ;
#1224 = CIRCLE ( 'NONE', #2370, 28.50000000000000000 ) ;
#1225 = CARTESIAN_POINT ( 'NONE',  ( 6.184436621405750700, 50.43393334649842800, 48.14827429579127500 ) ) ;
#1226 = DIRECTION ( 'NONE',  ( 1.000000000000000000, 0.0000000000000000000, 1.224606353822375800E-016 ) ) ;
#1227 = EDGE_LOOP ( 'NONE', ( #1701 ) ) ;
#1228 = ORIENTED_EDGE ( 'NONE', *, *, #2797, .F. ) ;
#1229 = CARTESIAN_POINT ( 'NONE',  ( -9.475000000000003200, 60.66726188957798600, -0.1090083802174532400 ) ) ;
#1230 = EDGE_LOOP ( 'NONE', ( #2480 ) ) ;
#1231 = ORIENTED_EDGE ( 'NONE', *, *, #1712, .F. ) ;
#1232 = CARTESIAN_POINT ( 'NONE',  ( 7.896138304343232900, 58.66109987528305700, 64.03841473761728800 ) ) ;
#1233 = VERTEX_POINT ( 'NONE', #2034 ) ;
#1234 = CARTESIAN_POINT ( 'NONE',  ( -14.85000000000000000, 0.0000000000000000000, 2.020600483806925100E-016 ) ) ;
#1235 = EDGE_LOOP ( 'NONE', ( #1261 ) ) ;
#1236 = DIRECTION ( 'NONE',  ( 1.000000000000000000, 0.0000000000000000000, 0.0000000000000000000 ) ) ;
#1237 = EDGE_CURVE ( 'E1131', #184, #797, #2848, .T. ) ;
#1238 = CARTESIAN_POINT ( 'NONE',  ( 33.56794919243110100, 49.00000000000000000, -3.000000000000000000 ) ) ;
#1239 = DIRECTION ( 'NONE',  ( 0.8660254037844387100, 0.0000000000000000000, 0.4999999999999998900 ) ) ;
#1240 = EDGE_LOOP ( 'NONE', ( #357 ) ) ;
#1241 = CARTESIAN_POINT ( 'NONE',  ( 37.03205080756885100, 49.00000000000000000, 3.000000000000000000 ) ) ;
#1242 = DIRECTION ( 'NONE',  ( 0.4999999999999998900, 0.0000000000000000000, -0.8660254037844387100 ) ) ;
#1243 = ORIENTED_EDGE ( 'NONE', *, *, #2483, .T. ) ;
#1244 = DIRECTION ( 'NONE',  ( 0.0000000000000000000, -0.4999999999999998900, -0.8660254037844387100 ) ) ;
#1245 = EDGE_CURVE ( 'E187', #1887, #1950, #1948, .T. ) ;
#1246 = CARTESIAN_POINT ( 'NONE',  ( -14.20000000000000500, -85.24003164022798300, 28.50000000000001100 ) ) ;
#1247 = CARTESIAN_POINT ( 'NONE',  ( -12.00000000000000000, 0.0000000000000000000, -28.50000000000000000 ) ) ;
#1248 = CARTESIAN_POINT ( 'NONE',  ( 9.496438911328359800, -52.43116211206192600, 30.52048328706880300 ) ) ;
#1249 = CARTESIAN_POINT ( 'NONE',  ( -14.20000000000000100, -85.36831965079321100, 28.50000000000000000 ) ) ;
#1250 = PLANE ( 'NONE',  #2764 ) ;
#1251 = PLANE ( 'NONE',  #1582 ) ;
#1252 = CARTESIAN_POINT ( 'NONE',  ( 7.127093244168691800, 63.20731659175017800, 59.62133813037741000 ) ) ;
#1253 = DIRECTION ( 'NONE',  ( 0.0000000000000000000, 0.0000000000000000000, -1.000000000000000000 ) ) ;
#1254 = CARTESIAN_POINT ( 'NONE',  ( 33.56794919243110100, 46.75000000000000000, 3.000000000000000000 ) ) ;
#1255 = CARTESIAN_POINT ( 'NONE',  ( 29.97659999999999800, -24.50000000000000000, -42.43524478543749700 ) ) ;
#1256 = EDGE_CURVE ( 'E20', #1945, #1540, #1719, .T. ) ;
#1257 = CARTESIAN_POINT ( 'NONE',  ( 13.56064594057216000, 64.14961228148961000, 58.04785850568369900 ) ) ;
#1258 = DIRECTION ( 'NONE',  ( -1.000000000000000000, 0.0000000000000000000, -6.123031769111888800E-017 ) ) ;
#1259 = ORIENTED_EDGE ( 'NONE', *, *, #1964, .T. ) ;
#1260 = EDGE_LOOP ( 'NONE', ( #1062, #1396, #236, #1631, #2971, #3046 ) ) ;
#1261 = ORIENTED_EDGE ( 'NONE', *, *, #2625, .T. ) ;
#1262 = DIRECTION ( 'NONE',  ( 0.0000000000000000000, 0.0000000000000000000, 1.000000000000000000 ) ) ;
#1263 = VERTEX_POINT ( 'NONE', #2021 ) ;
#1264 = CARTESIAN_POINT ( 'NONE',  ( -12.00000000000000000, 0.0000000000000000000, -28.50000000000000000 ) ) ;
#1265 = EDGE_LOOP ( 'NONE', ( #955 ) ) ;
#1266 = CARTESIAN_POINT ( 'NONE',  ( -10.08492550934552200, -14.92405547820686000, -58.80298415218042900 ) ) ;
#1267 = DIRECTION ( 'NONE',  ( 0.0000000000000000000, 0.0000000000000000000, 1.000000000000000000 ) ) ;
#1268 = DIRECTION ( 'NONE',  ( 0.0000000000000000000, 0.4999999999999998900, 0.8660254037844387100 ) ) ;
#1269 = ORIENTED_EDGE ( 'NONE', *, *, #2265, .T. ) ;
#1270 = CARTESIAN_POINT ( 'NONE',  ( -23.00000000000000000, 0.0000000000000000000, 0.0000000000000000000 ) ) ;
#1271 = ORIENTED_EDGE ( 'NONE', *, *, #2015, .T. ) ;
#1272 = DIRECTION ( 'NONE',  ( 1.000000000000000000, 0.0000000000000000000, 0.0000000000000000000 ) ) ;
#1273 = CARTESIAN_POINT ( 'NONE',  ( 33.17619532908533800, -14.93932271950101900, -37.10555719261130000 ) ) ;
#1274 = CARTESIAN_POINT ( 'NONE',  ( -10.80602109146440300, 60.66371372078348400, -0.6606261153256423000 ) ) ;
#1275 = CARTESIAN_POINT ( 'NONE',  ( 37.03205080756885100, -20.77692378864670200, -41.98668762692250300 ) ) ;
#1276 = EDGE_CURVE ( 'E46', #418, #1818, #1119, .T. ) ;
#1277 = DIRECTION ( 'NONE',  ( 0.5000000000000001100, -0.7500000000000001100, 0.4330127018922190800 ) ) ;
#1278 = CARTESIAN_POINT ( 'NONE',  ( 9.579320807726739800, -52.33028516905146400, 30.69312487550459100 ) ) ;
#1279 = DIRECTION ( 'NONE',  ( 1.000000000000000000, 0.0000000000000000000, 0.0000000000000000000 ) ) ;
#1280 = CARTESIAN_POINT ( 'NONE',  ( 33.92925540005327200, -14.72372706009029900, -37.19157697655447900 ) ) ;
#1281 = CARTESIAN_POINT ( 'NONE',  ( 14.26264733648121900, 49.72251310666720100, 47.16286079940513800 ) ) ;
#1282 = EDGE_CURVE ( 'E203', #2645, #863, #193, .T. ) ;
#1283 = AXIS2_PLACEMENT_3D ( 'NONE', #2098, #2104, #2114 ) ;
#1284 = DIRECTION ( 'NONE',  ( -3.232330075539748500E-017, 0.8493084021262856700, 0.5278969957081547400 ) ) ;
#1285 = DIRECTION ( 'NONE',  ( 0.0000000000000000000, -0.8493084021262860000, 0.5278969957081539600 ) ) ;
#1286 = LINE ( 'NONE', #181, #1750 ) ;
#1287 = EDGE_LOOP ( 'NONE', ( #899, #976, #788, #354, #1433, #145, #1879, #1871 ) ) ;
#1288 = CARTESIAN_POINT ( 'NONE',  ( -12.45270790002508800, -83.28828899164511800, -28.50000000000001100 ) ) ;
#1289 = CARTESIAN_POINT ( 'NONE',  ( -34.00000000000000000, -131.5450643776823700, 24.20528946059915000 ) ) ;
#1290 = CARTESIAN_POINT ( 'NONE',  ( 38.86688590950649300, -28.94993212426216200, -39.53368278823229100 ) ) ;
#1291 = EDGE_LOOP ( 'NONE', ( #2987 ) ) ;
#1292 = EDGE_LOOP ( 'NONE', ( #1727 ) ) ;
#1293 = CARTESIAN_POINT ( 'NONE',  ( 33.36035384334080300, -14.87717274251429500, -37.13048739685170600 ) ) ;
#1294 = VECTOR ( 'NONE', #2576, 1000.000000000000000 ) ;
#1295 = EDGE_LOOP ( 'NONE', ( #35 ) ) ;
#1296 = ADVANCED_FACE ( 'E261', ( #2289 ), #2085, .F. ) ;
#1297 = DIRECTION ( 'NONE',  ( 1.000000000000000000, 0.0000000000000000000, 0.0000000000000000000 ) ) ;
#1298 = ORIENTED_EDGE ( 'NONE', *, *, #1943, .F. ) ;
#1299 = FACE_OUTER_BOUND ( 'NONE', #1091, .T. ) ;
#1300 = VECTOR ( 'NONE', #1348, 1000.000000000000000 ) ;
#1301 = DIRECTION ( 'NONE',  ( 1.000000000000000000, 0.0000000000000000000, 0.0000000000000000000 ) ) ;
#1302 = CARTESIAN_POINT ( 'NONE',  ( 10.30000000000000100, 0.0000000000000000000, 0.0000000000000000000 ) ) ;
#1303 = ORIENTED_EDGE ( 'NONE', *, *, #2612, .T. ) ;
#1304 = CARTESIAN_POINT ( 'NONE',  ( 34.90301065566303900, -14.57756751057854000, -37.24908757908745100 ) ) ;
#1305 = ORIENTED_EDGE ( 'NONE', *, *, #1282, .F. ) ;
#1306 = FACE_BOUND ( 'NONE', #1207, .T. ) ;
#1307 = DIRECTION ( 'NONE',  ( 0.0000000000000000000, -0.8660254037844387100, 0.4999999999999998900 ) ) ;
#1308 = VECTOR ( 'NONE', #1285, 1000.000000000000200 ) ;
#1309 = CARTESIAN_POINT ( 'NONE',  ( -23.00000000000000000, 116.5000000000000000, 28.50000000000000000 ) ) ;
#1310 = VECTOR ( 'NONE', #2643, 1000.000000000000000 ) ;
#1311 = CARTESIAN_POINT ( 'NONE',  ( -34.00000000000000000, 131.5450643776823700, 24.20528946059915000 ) ) ;
#1312 = PERSON_AND_ORGANIZATION_ROLE ( 'classification_officer' ) ;
#1313 = DIRECTION ( 'NONE',  ( -1.000000000000000000, 0.0000000000000000000, 0.0000000000000000000 ) ) ;
#1314 = CARTESIAN_POINT ( 'NONE',  ( 32.64823547909416100, -24.48216333221828100, -31.63277385962998900 ) ) ;
#1315 = CARTESIAN_POINT ( 'NONE',  ( 38.76410161513775400, 46.75000000000000000, 8.856942790711678800E-016 ) ) ;
#1316 = CYLINDRICAL_SURFACE ( 'NONE', #2328, 77.00000000000000000 ) ;
#1317 = VERTEX_POINT ( 'NONE', #2270 ) ;
#1318 = CARTESIAN_POINT ( 'NONE',  ( -13.84247461625498600, -84.14254547940153400, -28.50000000000000000 ) ) ;
#1319 = CARTESIAN_POINT ( 'NONE',  ( 32.82518197692881800, -24.54876531814317900, -31.58106734982669300 ) ) ;
#1320 = ORIENTED_EDGE ( 'NONE', *, *, #1198, .F. ) ;
#1321 = AXIS2_PLACEMENT_3D ( 'NONE', #86, #1279, #1455 ) ;
#1322 = ORIENTED_EDGE ( 'NONE', *, *, #388, .T. ) ;
#1323 = CARTESIAN_POINT ( 'NONE',  ( 37.03205080756890100, 49.00000000000000000, -3.000000000000000000 ) ) ;
#1324 = ORIENTED_EDGE ( 'NONE', *, *, #2139, .F. ) ;
#1325 = ADVANCED_FACE ( 'E1495', ( #253, #221 ), #1748, .F. ) ;
#1326 = DIRECTION ( 'NONE',  ( -3.232330075539749200E-017, -0.8493084021262860000, 0.5278969957081539600 ) ) ;
#1327 = AXIS2_PLACEMENT_3D ( 'NONE', #2017, #2025, #2028 ) ;
#1328 = FACE_BOUND ( 'NONE', #219, .T. ) ;
#1329 = APPLICATION_CONTEXT ( 'configuration controlled 3d designs of mechanical parts and assemblies' ) ;
#1330 = CARTESIAN_POINT ( 'NONE',  ( 33.70880530677586500, 48.61832697520614500, -6.105149071539215400 ) ) ;
#1331 = CARTESIAN_POINT ( 'NONE',  ( -14.02068476343752800, 84.49018930586416300, 28.49999999999999600 ) ) ;
#1332 = ADVANCED_FACE ( 'E1436', ( #2269, #1736 ), #1815, .T. ) ;
#1333 = VECTOR ( 'NONE', #1058, 1000.000000000000000 ) ;
#1334 = ADVANCED_FACE ( 'E838', ( #3055 ), #2181, .T. ) ;
#1335 = CARTESIAN_POINT ( 'NONE',  ( 14.60853405817959100, 47.66295762681032500, 49.14181531657259000 ) ) ;
#1336 = FACE_OUTER_BOUND ( 'NONE', #875, .T. ) ;
#1337 = EDGE_CURVE ( 'E434', #1813, #2757, #1953, .T. ) ;
#1338 = PLANE ( 'NONE',  #1996 ) ;
#1339 = AXIS2_PLACEMENT_3D ( 'NONE', #1366, #1367, #1371 ) ;
#1340 = CARTESIAN_POINT ( 'NONE',  ( 30.40181555312437600, 48.81383191062129600, -4.279479327407836200 ) ) ;
#1341 = DIRECTION ( 'NONE',  ( -1.000000000000000000, 0.0000000000000000000, 0.0000000000000000000 ) ) ;
#1342 = EDGE_CURVE ( 'E59', #418, #1882, #92, .T. ) ;
#1343 = DIRECTION ( 'NONE',  ( 0.0000000000000000000, 1.000000000000000000, 0.0000000000000000000 ) ) ;
#1344 = FACE_BOUND ( 'NONE', #2166, .T. ) ;
#1345 = CIRCLE ( 'NONE', #2555, 4.458750000000002900 ) ;
#1346 = DIRECTION ( 'NONE',  ( 0.0000000000000000000, 0.0000000000000000000, 1.000000000000000000 ) ) ;
#1347 = LINE ( 'NONE', #602, #10 ) ;
#1348 = DIRECTION ( 'NONE',  ( -1.000000000000000000, 0.0000000000000000000, -6.123031769111888800E-017 ) ) ;
#1349 = EDGE_LOOP ( 'NONE', ( #2049 ) ) ;
#1350 = DIRECTION ( 'NONE',  ( 0.06162841671621927000, 0.7044160264027586900, 0.7071067811865476800 ) ) ;
#1351 = ORIENTED_EDGE ( 'NONE', *, *, #2015, .F. ) ;
#1352 = PLANE ( 'NONE',  #1869 ) ;
#1353 = DIRECTION ( 'NONE',  ( 0.0000000000000000000, -1.000000000000000000, 0.0000000000000000000 ) ) ;
#1354 = ORIENTED_EDGE ( 'NONE', *, *, #2526, .F. ) ;
#1355 = VERTEX_POINT ( 'NONE', #2233 ) ;
#1356 = EDGE_LOOP ( 'NONE', ( #1914 ) ) ;
#1357 = ORIENTED_EDGE ( 'NONE', *, *, #1128, .T. ) ;
#1358 = CARTESIAN_POINT ( 'NONE',  ( -23.00000000000000000, 0.0000000000000000000, 0.0000000000000000000 ) ) ;
#1359 = EDGE_LOOP ( 'NONE', ( #635 ) ) ;
#1360 = CARTESIAN_POINT ( 'NONE',  ( 16.34123486695122900, 61.27356198519763100, 60.84801735962361800 ) ) ;
#1361 = FACE_BOUND ( 'NONE', #795, .T. ) ;
#1362 = VERTEX_POINT ( 'NONE', #2186 ) ;
#1363 = CARTESIAN_POINT ( 'NONE',  ( 47.30000000000000400, 0.0000000000000000000, 0.0000000000000000000 ) ) ;
#1364 = CARTESIAN_POINT ( 'NONE',  ( 9.651853529786324200, 45.69687408142134200, 52.14136665829164500 ) ) ;
#1365 = ORIENTED_EDGE ( 'NONE', *, *, #2386, .T. ) ;
#1366 = CARTESIAN_POINT ( 'NONE',  ( -16.50000000000000000, 0.0000000000000000000, 0.0000000000000000000 ) ) ;
#1367 = DIRECTION ( 'NONE',  ( 1.000000000000000000, 0.0000000000000000000, 1.224606353822375800E-016 ) ) ;
#1368 = ORIENTED_EDGE ( 'NONE', *, *, #2441, .T. ) ;
#1369 = DIRECTION ( 'NONE',  ( -1.000000000000000000, 0.0000000000000000000, 0.0000000000000000000 ) ) ;
#1370 = PLANE ( 'NONE',  #2490 ) ;
#1371 = DIRECTION ( 'NONE',  ( 1.026234849003982900E-016, 0.0000000000000000000, -1.000000000000000000 ) ) ;
#1372 = VECTOR ( 'NONE', #1493, 1000.000000000000000 ) ;
#1373 = CARTESIAN_POINT ( 'NONE',  ( 33.36692238169814600, -24.72722605764117200, -31.44180443124326600 ) ) ;
#1374 = DIRECTION ( 'NONE',  ( 0.0000000000000000000, 0.0000000000000000000, 1.000000000000000000 ) ) ;
#1375 = VECTOR ( 'NONE', #630, 1000.000000000000000 ) ;
#1376 = CARTESIAN_POINT ( 'NONE',  ( -12.00000000000000000, 116.5000000000000000, 0.0000000000000000000 ) ) ;
#1377 = CARTESIAN_POINT ( 'NONE',  ( -16.50000000000000000, 0.0000000000000000000, 0.0000000000000000000 ) ) ;
#1378 = DIRECTION ( 'NONE',  ( -1.000000000000000000, 0.0000000000000000000, 0.0000000000000000000 ) ) ;
#1379 = EDGE_LOOP ( 'NONE', ( #913 ) ) ;
#1380 = CARTESIAN_POINT ( 'NONE',  ( 16.44404637688206000, 0.0000000000000000000, -68.04111506107850000 ) ) ;
#1381 = DIRECTION ( 'NONE',  ( 0.0000000000000000000, -1.000000000000000000, 0.0000000000000000000 ) ) ;
#1382 = VERTEX_POINT ( 'NONE', #2232 ) ;
#1383 = FACE_BOUND ( 'NONE', #1349, .T. ) ;
#1384 = CARTESIAN_POINT ( 'NONE',  ( -9.757567702320205400, -18.54912949575336300, -66.78870774240735400 ) ) ;
#1385 = EDGE_LOOP ( 'NONE', ( #611, #1228, #2089, #1063 ) ) ;
#1386 = LINE ( 'NONE', #1157, #2478 ) ;
#1387 = DIRECTION ( 'NONE',  ( 0.0000000000000000000, 0.0000000000000000000, 1.000000000000000000 ) ) ;
#1388 = AXIS2_PLACEMENT_3D ( 'NONE', #2173, #2193, #2195 ) ;
#1389 = CARTESIAN_POINT ( 'NONE',  ( -13.58906170335648500, 83.85319833565790800, 28.49999999999999600 ) ) ;
#1390 = ORIENTED_EDGE ( 'NONE', *, *, #2560, .F. ) ;
#1391 = CARTESIAN_POINT ( 'NONE',  ( -33.30000000000000400, 0.0000000000000000000, 47.00000000000000000 ) ) ;
#1392 = ORIENTED_EDGE ( 'NONE', *, *, #2533, .T. ) ;
#1393 = CARTESIAN_POINT ( 'NONE',  ( 8.607900771506201900, 51.87725544362039900, 46.20325984385042500 ) ) ;
#1394 = CARTESIAN_POINT ( 'NONE',  ( 5.833630944789010000, 0.0000000000000000000, 0.0000000000000000000 ) ) ;
#1395 = DIRECTION ( 'NONE',  ( -1.000000000000000000, 0.0000000000000000000, 0.0000000000000000000 ) ) ;
#1396 = ORIENTED_EDGE ( 'NONE', *, *, #1276, .T. ) ;
#1397 = ORIENTED_EDGE ( 'NONE', *, *, #2965, .T. ) ;
#1398 = CARTESIAN_POINT ( 'NONE',  ( 11.12499999999999600, -52.48488578430934100, 30.42803497128269500 ) ) ;
#1399 = DIRECTION ( 'NONE',  ( 0.0000000000000000000, 0.0000000000000000000, 1.000000000000000000 ) ) ;
#1400 = EDGE_CURVE ( 'NONE', #3066, #3066, #1407, .T. ) ;
#1401 = CARTESIAN_POINT ( 'NONE',  ( 35.29999999999999700, 49.00000000000000000, -5.323399999999999500 ) ) ;
#1402 = CARTESIAN_POINT ( 'NONE',  ( 28.70622413453625300, -25.34684698510895700, -41.93491800294210500 ) ) ;
#1403 = ORIENTED_EDGE ( 'NONE', *, *, #1717, .F. ) ;
#1404 = CARTESIAN_POINT ( 'NONE',  ( 35.29999999999999700, -25.00000000000000000, -43.30127018922194500 ) ) ;
#1405 = CARTESIAN_POINT ( 'NONE',  ( 24.00000000000000000, 131.5450643776823700, 24.20528946059915000 ) ) ;
#1406 = CARTESIAN_POINT ( 'NONE',  ( 11.40481214601244100, 61.77728551552190300, 62.01326471006020600 ) ) ;
#1407 = CIRCLE ( 'NONE', #1035, 6.000000000000000000 ) ;
#1408 = CARTESIAN_POINT ( 'NONE',  ( 22.12362519336105000, 0.0000000000000000000, 0.0000000000000000000 ) ) ;
#1409 = EDGE_CURVE ( 'NONE', #3062, #3062, #2760, .T. ) ;
#1410 = CARTESIAN_POINT ( 'NONE',  ( 16.50000000000000000, 0.0000000000000000000, 0.0000000000000000000 ) ) ;
#1411 = CARTESIAN_POINT ( 'NONE',  ( 47.30000000000000400, 0.0000000000000000000, 40.00000000000000000 ) ) ;
#1412 = VERTEX_POINT ( 'NONE', #1684 ) ;
#1413 = DIRECTION ( 'NONE',  ( 1.000000000000000000, 0.0000000000000000000, 0.0000000000000000000 ) ) ;
#1414 = FACE_BOUND ( 'NONE', #206, .T. ) ;
#1415 = CARTESIAN_POINT ( 'NONE',  ( -13.18117905373141800, -83.53642590012511000, -28.50000000000000400 ) ) ;
#1416 = DIRECTION ( 'NONE',  ( 0.0000000000000000000, -1.000000000000000000, 0.0000000000000000000 ) ) ;
#1417 = ORIENTED_EDGE ( 'NONE', *, *, #2625, .F. ) ;
#1418 = AXIS2_PLACEMENT_3D ( 'NONE', #2256, #2229, #2222 ) ;
#1419 = CARTESIAN_POINT ( 'NONE',  ( -14.20000000000000100, 142.3977118876569800, 0.0000000000000000000 ) ) ;
#1420 = EDGE_LOOP ( 'NONE', ( #634 ) ) ;
#1421 = FACE_OUTER_BOUND ( 'NONE', #1227, .T. ) ;
#1422 = CARTESIAN_POINT ( 'NONE',  ( 31.04786035788220000, 48.76102606068049300, -4.833460222416722000 ) ) ;
#1423 = DIRECTION ( 'NONE',  ( 1.000000000000000000, 0.0000000000000000000, 0.0000000000000000000 ) ) ;
#1424 = DIRECTION ( 'NONE',  ( 0.0000000000000000000, 0.0000000000000000000, -1.000000000000000000 ) ) ;
#1425 = EDGE_LOOP ( 'NONE', ( #1805 ) ) ;
#1426 = CARTESIAN_POINT ( 'NONE',  ( -9.884751980942612100, 60.66299080993277900, 0.7210569410187768200 ) ) ;
#1427 = CARTESIAN_POINT ( 'NONE',  ( -10.80793597647633300, 60.66373104867756200, 0.6589372881504723700 ) ) ;
#1428 = CARTESIAN_POINT ( 'NONE',  ( 15.46798983763798700, 58.94166775290418100, 63.17772456289941400 ) ) ;
#1429 = SPHERICAL_SURFACE ( 'NONE', #2570, 70.00000000000000000 ) ;
#1430 = CARTESIAN_POINT ( 'NONE',  ( -34.00000000000000000, -47.51072961373390800, 76.43775619136570800 ) ) ;
#1431 = CARTESIAN_POINT ( 'NONE',  ( 37.87682581052334300, 48.65683913414436300, -5.789404125372308300 ) ) ;
#1432 = CARTESIAN_POINT ( 'NONE',  ( 41.39320450312733600, -22.21819282983035700, -43.67504647018524400 ) ) ;
#1433 = ORIENTED_EDGE ( 'NONE', *, *, #1008, .F. ) ;
#1434 = ADVANCED_FACE ( 'E1511', ( #746, #116 ), #2695, .F. ) ;
#1435 = DIRECTION ( 'NONE',  ( -1.000000000000000000, 0.0000000000000000000, -6.123031769111888800E-017 ) ) ;
#1436 = CARTESIAN_POINT ( 'NONE',  ( -9.469497656660388800, -17.90172882058644500, -67.00648042992850200 ) ) ;
#1437 = FACE_BOUND ( 'NONE', #2818, .T. ) ;
#1438 = B_SPLINE_CURVE_WITH_KNOTS ( 'NONE', 3,
 ( #2191, #3051, #2254, #831, #1318, #1709, #306, #1184, #1415, #1592, #1453, #173, #1288, #2461 ),
 .UNSPECIFIED., .F., .F.,
 ( 4, 2, 2, 2, 2, 2, 4 ),
 ( 0.002390405085475993900, 0.003160599955013004500, 0.003930794824550014700, 0.004315892259318519800, 0.004700989694087024900, 0.005086087128855530800, 0.005471184563624035900 ),
 .UNSPECIFIED. ) ;
#1439 = CARTESIAN_POINT ( 'NONE',  ( 7.368365716777046400, 59.13141336328873600, 63.64588327226733400 ) ) ;
#1440 = DIRECTION ( 'NONE',  ( 1.000000000000000000, 0.0000000000000000000, 0.0000000000000000000 ) ) ;
#1441 = FACE_BOUND ( 'NONE', #2769, .T. ) ;
#1442 = CARTESIAN_POINT ( 'NONE',  ( 29.63435582523778000, 48.88761270785671100, 3.321678054584841400 ) ) ;
#1443 = CARTESIAN_POINT ( 'NONE',  ( -14.20000000000000100, -116.5000000000000000, 0.0000000000000000000 ) ) ;
#1444 = EDGE_CURVE ( 'NONE', #3058, #3058, #1564, .T. ) ;
#1445 = CARTESIAN_POINT ( 'NONE',  ( 30.14824650162941900, -27.88932820585422000, -40.28989988544571300 ) ) ;
#1446 = CARTESIAN_POINT ( 'NONE',  ( 29.28804648531082200, 48.92406728845121200, -2.733078081610719900 ) ) ;
#1447 = CARTESIAN_POINT ( 'NONE',  ( -14.20000000000000100, 47.51072961373390800, -76.43775619136570800 ) ) ;
#1448 = EDGE_CURVE ( 'E247', #1950, #2107, #685, .T. ) ;
#1449 = FACE_OUTER_BOUND ( 'NONE', #2126, .T. ) ;
#1450 = ORIENTED_EDGE ( 'NONE', *, *, #1494, .F. ) ;
#1451 = CARTESIAN_POINT ( 'NONE',  ( 40.39738779971428800, -22.68332780292765000, -32.94682366982451800 ) ) ;
#1452 = FACE_OUTER_BOUND ( 'NONE', #1690, .T. ) ;
#1453 = CARTESIAN_POINT ( 'NONE',  ( -12.82839800135643800, -83.37489259583618700, -28.50000000000000400 ) ) ;
#1454 = ORIENTED_EDGE ( 'NONE', *, *, #1682, .T. ) ;
#1455 = DIRECTION ( 'NONE',  ( 0.0000000000000000000, -1.000000000000000000, 0.0000000000000000000 ) ) ;
#1456 = ORIENTED_EDGE ( 'NONE', *, *, #1105, .F. ) ;
#1457 = DIRECTION ( 'NONE',  ( 0.0000000000000000000, 0.0000000000000000000, -1.000000000000000000 ) ) ;
#1458 = CARTESIAN_POINT ( 'NONE',  ( 7.896323172371981300, 63.81443168723276200, 58.90466656092140600 ) ) ;
#1459 = EDGE_CURVE ( 'E398', #81, #185, #2408, .T. ) ;
#1460 = CARTESIAN_POINT ( 'NONE',  ( -34.00000000000000000, -116.5000000000000000, 0.0000000000000000000 ) ) ;
#1461 = FACE_OUTER_BOUND ( 'NONE', #3030, .T. ) ;
#1462 = CARTESIAN_POINT ( 'NONE',  ( 16.50000000000000000, 0.0000000000000000000, 0.0000000000000000000 ) ) ;
#1463 = CARTESIAN_POINT ( 'NONE',  ( 11.87977367234898600, 64.53973109512200800, 57.76083478567405600 ) ) ;
#1464 = DIRECTION ( 'NONE',  ( 1.000000000000000000, 0.0000000000000000000, 6.123031769111888800E-017 ) ) ;
#1465 = DIRECTION ( 'NONE',  ( -1.217349807703022600E-016, 0.0000000000000000000, 1.000000000000000000 ) ) ;
#1466 = SPHERICAL_SURFACE ( 'NONE', #882, 70.00000000000000000 ) ;
#1467 = FACE_OUTER_BOUND ( 'NONE', #1832, .T. ) ;
#1468 = CARTESIAN_POINT ( 'NONE',  ( 40.84542699992392300, 48.87541854628970100, -3.495973277306848400 ) ) ;
#1469 = VECTOR ( 'NONE', #1072, 1000.000000000000000 ) ;
#1470 = DIRECTION ( 'NONE',  ( 0.0000000000000000000, 0.0000000000000000000, -1.000000000000000000 ) ) ;
#1471 = CARTESIAN_POINT ( 'NONE',  ( 13.56064594057216000, 64.14961228148961000, 58.04785850568369900 ) ) ;
#1472 = CARTESIAN_POINT ( 'NONE',  ( -16.50000000000000000, 0.0000000000000000000, 0.0000000000000000000 ) ) ;
#1473 = CARTESIAN_POINT ( 'NONE',  ( 35.69698934433698400, 39.54743986657039300, 6.000000000000000900 ) ) ;
#1474 = ADVANCED_FACE ( 'E1445', ( #1512, #2503 ), #363, .T. ) ;
#1475 = DIRECTION ( 'NONE',  ( 1.000000000000000000, 0.0000000000000000000, 0.0000000000000000000 ) ) ;
#1476 = LINE ( 'NONE', #1289, #2187 ) ;
#1477 = CARTESIAN_POINT ( 'NONE',  ( -16.50000000000000000, 0.0000000000000000000, 0.0000000000000000000 ) ) ;
#1478 = DIRECTION ( 'NONE',  ( -1.000000000000000000, 0.0000000000000000000, 0.0000000000000000000 ) ) ;
#1479 = CARTESIAN_POINT ( 'NONE',  ( 36.00805646250784500, -18.88675166663730600, -45.21383535405760800 ) ) ;
#1480 = CARTESIAN_POINT ( 'NONE',  ( 31.04786035788220000, 48.76102606068049300, -4.833460222416722000 ) ) ;
#1481 = DIRECTION ( 'NONE',  ( 0.0000000000000000000, 1.000000000000000000, 0.0000000000000000000 ) ) ;
#1482 = VECTOR ( 'NONE', #1046, 1000.000000000000000 ) ;
#1483 = DIRECTION ( 'NONE',  ( 0.0000000000000000000, 0.0000000000000000000, -1.000000000000000000 ) ) ;
#1484 = CARTESIAN_POINT ( 'NONE',  ( 10.03783630647803800, -60.38255520955679100, 33.95863466998008600 ) ) ;
#1485 = FACE_OUTER_BOUND ( 'NONE', #498, .T. ) ;
#1486 = CARTESIAN_POINT ( 'NONE',  ( 14.37947625897124700, 49.52144143222160000, 47.33859168652686100 ) ) ;
#1487 = PLANE ( 'NONE',  #3004 ) ;
#1488 = CARTESIAN_POINT ( 'NONE',  ( 35.30000000000001100, 39.54743986657040000, 6.000000000000000900 ) ) ;
#1489 = DIRECTION ( 'NONE',  ( 0.06162841671621927000, 0.7044160264027586900, 0.7071067811865476800 ) ) ;
#1490 = EDGE_CURVE ( 'E1253', #2794, #768, #2251, .T. ) ;
#1491 = CARTESIAN_POINT ( 'NONE',  ( 31.83589838486224700, 49.00000000000000000, -1.110223024625155900E-015 ) ) ;
#1492 = CARTESIAN_POINT ( 'NONE',  ( 36.08723107066426600, 39.55341412274337600, 5.960989265021894700 ) ) ;
#1493 = DIRECTION ( 'NONE',  ( 0.0000000000000000000, 1.000000000000000000, 0.0000000000000000000 ) ) ;
#1494 = EDGE_CURVE ( 'E1310', #420, #123, #3063, .T. ) ;
#1495 = CONICAL_SURFACE ( 'NONE', #886, 5.323400000000003000, 0.7853981633974490600 ) ;
#1496 = EDGE_LOOP ( 'NONE', ( #384 ) ) ;
#1497 = CARTESIAN_POINT ( 'NONE',  ( 36.66291267003457200, 39.57045286508349600, 5.846430577535369500 ) ) ;
#1498 = ORIENTED_EDGE ( 'NONE', *, *, #1034, .F. ) ;
#1499 = CARTESIAN_POINT ( 'NONE',  ( 31.96084750586083300, 48.69684496669387400, 5.445139317595687700 ) ) ;
#1500 = CARTESIAN_POINT ( 'NONE',  ( 36.85318119257474500, 39.57747929245584800, 5.798833978958356300 ) ) ;
#1501 = EDGE_LOOP ( 'NONE', ( #1087 ) ) ;
#1502 = ORIENTED_EDGE ( 'NONE', *, *, #1898, .F. ) ;
#1503 = CARTESIAN_POINT ( 'NONE',  ( 16.26100591296398800, 60.29084566282282500, 61.82709284789180500 ) ) ;
#1504 = CARTESIAN_POINT ( 'NONE',  ( 38.86403017951901300, 48.71096297376579500, 5.317918287696059600 ) ) ;
#1505 = CARTESIAN_POINT ( 'NONE',  ( 37.23040019463697800, 39.59407708533256500, 5.684399917408648600 ) ) ;
#1506 = ADVANCED_FACE ( 'E1468', ( #2491, #510, #1361, #2334 ), #2215, .T. ) ;
#1507 = B_SPLINE_CURVE_WITH_KNOTS ( 'NONE', 3,
 ( #1923, #783, #937, #2603, #2343, #1331, #507, #2977, #266, #1389, #2902, #1918, #2494, #2225, #1998, #573, #1768, #346 ),
 .UNSPECIFIED., .F., .F.,
 ( 4, 2, 2, 2, 2, 2, 2, 2, 4 ),
 ( 0.01017590655456465100, 0.01056091232793251100, 0.01094591810130037200, 0.01133092387466823200, 0.01171592964803609000, 0.01210093542140395000, 0.01248594119477181000, 0.01287094696813967000, 0.01325595274150753000 ),
 .UNSPECIFIED. ) ;
#1508 = FACE_OUTER_BOUND ( 'NONE', #1295, .T. ) ;
#1509 = FACE_OUTER_BOUND ( 'NONE', #1287, .T. ) ;
#1510 = CARTESIAN_POINT ( 'NONE',  ( 37.41774021344735200, 39.60368623374228700, 5.617279001892052600 ) ) ;
#1511 = ADVANCED_FACE ( 'E0', ( #1328, #1810 ), #1466, .F. ) ;
#1512 = FACE_OUTER_BOUND ( 'NONE', #793, .T. ) ;
#1513 = DIRECTION ( 'NONE',  ( 0.0000000000000000000, -1.000000000000000000, 0.0000000000000000000 ) ) ;
#1514 = CIRCLE ( 'NONE', #2288, 68.02756794123980900 ) ;
#1515 = EDGE_CURVE ( 'NONE', #3054, #3054, #2637, .T. ) ;
#1516 = CARTESIAN_POINT ( 'NONE',  ( 37.96248099036539300, 39.63530451226884600, 5.391269142135312700 ) ) ;
#1517 = CARTESIAN_POINT ( 'NONE',  ( 38.30687696977919600, 39.66025533474974200, 5.206945872831751000 ) ) ;
#1518 = ORIENTED_EDGE ( 'NONE', *, *, #504, .F. ) ;
#1519 = CARTESIAN_POINT ( 'NONE',  ( 31.78968346061438100, -28.97691609652807900, -39.51390413989607000 ) ) ;
#1520 = EDGE_CURVE ( 'NONE', #3052, #3052, #271, .T. ) ;
#1521 = CARTESIAN_POINT ( 'NONE',  ( 38.95865861727697400, 39.71498869424405600, 4.771562800195880500 ) ) ;
#1522 = CARTESIAN_POINT ( 'NONE',  ( 39.26682124347765100, 39.74493935970347300, 4.518521054021110000 ) ) ;
#1523 = ORIENTED_EDGE ( 'NONE', *, *, #1660, .T. ) ;
#1524 = CARTESIAN_POINT ( 'NONE',  ( 39.81939629974791500, 39.80388771015938000, 3.965824047932868400 ) ) ;
#1525 = EDGE_CURVE ( 'E1316', #123, #1988, #710, .T. ) ;
#1526 = ORIENTED_EDGE ( 'NONE', *, *, #183, .F. ) ;
#1527 = DIRECTION ( 'NONE',  ( -3.232330075539749800E-017, -0.8493084021262860000, 0.5278969957081540700 ) ) ;
#1528 = CARTESIAN_POINT ( 'NONE',  ( 40.06756049023562800, 39.83318068581817800, 3.664142496501867200 ) ) ;
#1529 = CARTESIAN_POINT ( 'NONE',  ( 8.539601872205731000, 64.12550296485899500, 58.50948890423280300 ) ) ;
#1530 = EDGE_LOOP ( 'NONE', ( #1320, #278, #638, #2401 ) ) ;
#1531 = CARTESIAN_POINT ( 'NONE',  ( 40.39654430584110400, 39.87433919818168000, 3.172401212690529400 ) ) ;
#1532 = LINE ( 'NONE', #850, #1573 ) ;
#1533 = CARTESIAN_POINT ( 'NONE',  ( 40.49850962767513400, 39.88754314295855600, 3.002327225387066500 ) ) ;
#1534 = CARTESIAN_POINT ( 'NONE',  ( 40.68349409666002700, 39.91207389823701800, 2.656400633845607200 ) ) ;
#1535 = VECTOR ( 'NONE', #9, 1000.000000000000000 ) ;
#1536 = CARTESIAN_POINT ( 'NONE',  ( 40.85073045974725400, 39.93487522633047600, 2.302970753072097800 ) ) ;
#1537 = CARTESIAN_POINT ( 'NONE',  ( 24.00000000000000000, 0.0000000000000000000, 0.0000000000000000000 ) ) ;
#1538 = EDGE_LOOP ( 'NONE', ( #2869 ) ) ;
#1539 = CARTESIAN_POINT ( 'NONE',  ( 40.98291906720465500, 39.95362769834397200, 1.934687740592952100 ) ) ;
#1540 = VERTEX_POINT ( 'NONE', #2465 ) ;
#1541 = CARTESIAN_POINT ( 'NONE',  ( 41.09729286433561400, 39.97005631329980000, 1.558839704113992100 ) ) ;
#1542 = EDGE_CURVE ( 'E455', #1765, #2757, #2815, .T. ) ;
#1543 = LINE ( 'NONE', #3014, #1308 ) ;
#1544 = ORIENTED_EDGE ( 'NONE', *, *, #2338, .T. ) ;
#1545 = EDGE_LOOP ( 'NONE', ( #1201 ) ) ;
#1546 = CARTESIAN_POINT ( 'NONE',  ( 10.14073237382114100, -60.38654805189254700, 33.92111985480179500 ) ) ;
#1547 = ADVANCED_FACE ( 'E969', ( #947, #1414 ), #1495, .T. ) ;
#1548 = CARTESIAN_POINT ( 'NONE',  ( 41.14576582907015000, 39.97713748317703200, 1.366025254318215600 ) ) ;
#1549 = EDGE_LOOP ( 'NONE', ( #1560 ) ) ;
#1550 = CARTESIAN_POINT ( 'NONE',  ( 13.76840421558622500, 57.87108957294637400, 64.29291892461336000 ) ) ;
#1551 = CARTESIAN_POINT ( 'NONE',  ( 30.58727399618550900, 48.79765146660548700, 4.459315057405793100 ) ) ;
#1552 = FACE_OUTER_BOUND ( 'NONE', #2291, .T. ) ;
#1553 = CARTESIAN_POINT ( 'NONE',  ( 41.26152973548092700, 39.99417469668645700, 0.7849686032026211800 ) ) ;
#1554 = ORIENTED_EDGE ( 'NONE', *, *, #1342, .F. ) ;
#1555 = B_SPLINE_CURVE_WITH_KNOTS ( 'NONE', 3,
 ( #802, #2221, #335, #141, #2690, #2214, #2445, #1012, #536, #2201, #125, #313 ),
 .UNSPECIFIED., .F., .F.,
 ( 4, 2, 2, 2, 2, 4 ),
 ( 0.01218900426756741900, 0.01295776016674764900, 0.01372651606592787700, 0.01449527196510810700, 0.01487964991469820100, 0.01526402786428829500 ),
 .UNSPECIFIED. ) ;
#1556 = CARTESIAN_POINT ( 'NONE',  ( 38.43852170464552400, -19.54630412904254700, -44.93275343478854500 ) ) ;
#1557 = CARTESIAN_POINT ( 'NONE',  ( 41.29977727530815200, 39.99996659130145800, 0.3953035993554276900 ) ) ;
#1558 = ORIENTED_EDGE ( 'NONE', *, *, #2763, .T. ) ;
#1559 = CARTESIAN_POINT ( 'NONE',  ( 41.30022080352806300, 40.00003312052403000, -0.3885133175023928700 ) ) ;
#1560 = ORIENTED_EDGE ( 'NONE', *, *, #2467, .F. ) ;
#1561 = EDGE_CURVE ( 'NONE', #3047, #3047, #1702, .T. ) ;
#1562 = CARTESIAN_POINT ( 'NONE',  ( 41.26114209207238300, 39.99411790758400500, -0.7866756109381825000 ) ) ;
#1563 = CARTESIAN_POINT ( 'NONE',  ( 41.10784376420813400, 39.97155615376143300, -1.556606684191866000 ) ) ;
#1564 = CIRCLE ( 'NONE', #2696, 81.00000000000000000 ) ;
#1565 = DIRECTION ( 'NONE',  ( 0.0000000000000000000, 0.0000000000000000000, 1.000000000000000000 ) ) ;
#1566 = CARTESIAN_POINT ( 'NONE',  ( 10.24822736377627800, -60.37952963186538800, 33.90129904135122300 ) ) ;
#1567 = APPLICATION_PROTOCOL_DEFINITION ( 'international standard', 'config_control_design', 1994, #1329 ) ;
#1568 = EDGE_CURVE ( 'E1221', #2518, #95, #1866, .T. ) ;
#1569 = CYLINDRICAL_SURFACE ( 'NONE', #2671, 6.000000000000002700 ) ;
#1570 = CARTESIAN_POINT ( 'NONE',  ( 40.99442543884009600, 39.95502819939881100, -1.930888611843313500 ) ) ;
#1571 = ADVANCED_FACE ( 'E1448', ( #1847, #2427 ), #953, .T. ) ;
#1572 = CARTESIAN_POINT ( 'NONE',  ( 40.76873157068906300, 39.92369564965538600, -2.476222523363476900 ) ) ;
#1573 = VECTOR ( 'NONE', #2272, 1000.000000000000100 ) ;
#1574 = B_SPLINE_CURVE_WITH_KNOTS ( 'NONE', 3,
 ( #945, #944, #938, #954, #959, #964, #965, #969, #971, #973, #975, #978, #982, #986 ),
 .UNSPECIFIED., .F., .F.,
 ( 4, 2, 2, 2, 2, 2, 4 ),
 ( 0.02070071587910475200, 0.02135679574323810800, 0.02201287560737146300, 0.02332503533563817800, 0.02398111519977153300, 0.02463719506390488900, 0.02594935479217158600 ),
 .UNSPECIFIED. ) ;
#1575 = CARTESIAN_POINT ( 'NONE',  ( 6.558030193689522700, 47.41866690714964200, 51.07393836454300400 ) ) ;
#1576 = EDGE_CURVE ( 'E1207', #1355, #1029, #2571, .T. ) ;
#1577 = EDGE_CURVE ( 'E445', #75, #1813, #2264, .T. ) ;
#1578 = FACE_BOUND ( 'NONE', #1116, .T. ) ;
#1579 = LINE ( 'NONE', #131, #2350 ) ;
#1580 = DIRECTION ( 'NONE',  ( 0.0000000000000000000, -1.000000000000000000, 0.0000000000000000000 ) ) ;
#1581 = B_SPLINE_CURVE_WITH_KNOTS ( 'NONE', 3,
 ( #2589, #2579, #2591, #2592, #2596, #2599, #2600, #2606, #2610, #2624, #2629, #2630, #2634, #2636, #1935, #2640, #2642, #2644, #2649, #2652, #2656, #1708, #2664, #2669, #1997, #2676, #2682, #2685, #2688, #2692 ),
 .UNSPECIFIED., .T., .F.,
 ( 4, 2, 2, 2, 2, 2, 2, 2, 2, 2, 2, 2, 2, 2, 4 ),
 ( 0.0000000000000000000, 0.0003241986773211556400, 0.0006483973546423112800, 0.001296794709284638800, 0.001620993386605804100, 0.001945192063926968900, 0.002269390741248134100, 0.002593589418569299300, 0.002917788095890464100, 0.003241986773211629400, 0.003566185450532793700, 0.003890384127853958500, 0.004214582805175124200, 0.004538781482496288100, 0.005187178837138616000 ),
 .UNSPECIFIED. ) ;
#1582 = AXIS2_PLACEMENT_3D ( 'NONE', #1238, #1239, #1242 ) ;
#1583 = CARTESIAN_POINT ( 'NONE',  ( 10.56866467579760800, -60.31673455238534100, 33.91469573895672300 ) ) ;
#1584 = ORIENTED_EDGE ( 'NONE', *, *, #2008, .F. ) ;
#1585 = CARTESIAN_POINT ( 'NONE',  ( 40.68367824925542200, 39.91209758880459200, -2.656071824329354400 ) ) ;
#1586 = FACE_OUTER_BOUND ( 'NONE', #628, .T. ) ;
#1587 = CARTESIAN_POINT ( 'NONE',  ( 31.83589838486224700, 49.00000000000000000, -6.363241272276080100E-016 ) ) ;
#1588 = CARTESIAN_POINT ( 'NONE',  ( 10.51507449065450000, -52.93669126753135900, 29.63486282681683500 ) ) ;
#1589 = ORIENTED_EDGE ( 'NONE', *, *, #1561, .F. ) ;
#1590 = CARTESIAN_POINT ( 'NONE',  ( 40.49810958370216000, 39.88749034084408200, -3.003059403895603600 ) ) ;
#1591 = CIRCLE ( 'NONE', #984, 42.00000000000000000 ) ;
#1592 = CARTESIAN_POINT ( 'NONE',  ( -12.95125518902565900, -83.42157393330640500, -28.49999999999999600 ) ) ;
#1593 = B_SPLINE_CURVE_WITH_KNOTS ( 'NONE', 3,
 ( #2268, #1229, #2414, #749, #2661, #988, #121, #515, #1728, #128, #1274, #2159, #317, #3032, #2955, #1220, #1703, #1427, #300, #758, #2419, #992, #2667, #1426, #748, #702, #712, #2194 ),
 .UNSPECIFIED., .T., .F.,
 ( 4, 2, 2, 2, 2, 2, 2, 2, 2, 2, 2, 2, 2, 4 ),
 ( 0.0000000000000000000, 0.0003223832103661368700, 0.0006447664207322736300, 0.001289532841464547500, 0.001611916051830681800, 0.001934299262196816100, 0.002256682472562950400, 0.002579065682929085000, 0.003223832103661353200, 0.003546215314027488200, 0.003868598524393622300, 0.004190981734759757300, 0.004513364945125892200, 0.005158131365858157000 ),
 .UNSPECIFIED. ) ;
#1594 = CIRCLE ( 'NONE', #2530, 5.323399999999999500 ) ;
#1595 = ORIENTED_EDGE ( 'NONE', *, *, #720, .F. ) ;
#1596 = CARTESIAN_POINT ( 'NONE',  ( 40.39738779971428100, 39.87445017353830000, -3.170926284792948500 ) ) ;
#1597 = EDGE_CURVE ( 'E343', #81, #631, #697, .T. ) ;
#1598 = CARTESIAN_POINT ( 'NONE',  ( 10.01630233481351900, 51.95405883305422600, 45.83158404601369500 ) ) ;
#1599 = ORIENTED_EDGE ( 'NONE', *, *, #2304, .T. ) ;
#1600 = CARTESIAN_POINT ( 'NONE',  ( 11.13041936322985700, -59.87705984141128100, 34.50888648660323800 ) ) ;
#1601 = CARTESIAN_POINT ( 'NONE',  ( 40.07191736974561300, 39.83371502168645200, -3.658052508287256800 ) ) ;
#1602 = CARTESIAN_POINT ( 'NONE',  ( 11.09402142397570000, 45.57056377184525800, 51.96472036790044800 ) ) ;
#1603 = VECTOR ( 'NONE', #890, 1000.000000000000100 ) ;
#1604 = CARTESIAN_POINT ( 'NONE',  ( 39.82351300805893100, 39.80433331984834700, -3.961584175126121800 ) ) ;
#1605 = ORIENTED_EDGE ( 'NONE', *, *, #502, .T. ) ;
#1606 = CARTESIAN_POINT ( 'NONE',  ( -10.35528332846246600, -18.73829435675072100, -66.64601464160243400 ) ) ;
#1607 = CARTESIAN_POINT ( 'NONE',  ( 39.26455616152661300, 39.74469130162430000, -4.520908487548661400 ) ) ;
#1608 = CARTESIAN_POINT ( 'NONE',  ( 38.96216541949066700, 39.71532268464375200, -4.768762129091459000 ) ) ;
#1609 = CARTESIAN_POINT ( 'NONE',  ( 12.76058511337562100, 51.12356059297597700, 46.08291316495951400 ) ) ;
#1610 = ADVANCED_FACE ( 'E1484', ( #2993, #127 ), #2904, .T. ) ;
#1611 = CARTESIAN_POINT ( 'NONE',  ( 38.47531287400510500, 39.67438042294094900, -5.094656524543139200 ) ) ;
#1612 = CARTESIAN_POINT ( 'NONE',  ( 39.04945575164268900, -28.85863952887748600, -39.60042234992339200 ) ) ;
#1613 = CARTESIAN_POINT ( 'NONE',  ( 38.30744312538805500, 39.66124968922061800, -5.195582857921591500 ) ) ;
#1614 = CYLINDRICAL_SURFACE ( 'NONE', #215, 28.50000000000000000 ) ;
#1615 = CARTESIAN_POINT ( 'NONE',  ( 35.29999999999999700, 40.67660000000000100, 0.0000000000000000000 ) ) ;
#1616 = CARTESIAN_POINT ( 'NONE',  ( 10.76119844649607600, -60.24442825951673800, 33.98260141362703700 ) ) ;
#1617 = CARTESIAN_POINT ( 'NONE',  ( 37.96021861113511200, 39.63643243049615700, -5.381638442606781100 ) ) ;
#1618 = DIRECTION ( 'NONE',  ( 0.0000000000000000000, 0.0000000000000000000, 1.000000000000000000 ) ) ;
#1619 = CARTESIAN_POINT ( 'NONE',  ( 35.86516116475682000, -29.72337266141770600, -38.95541867942090200 ) ) ;
#1620 = FACE_OUTER_BOUND ( 'NONE', #1359, .T. ) ;
#1621 = EDGE_CURVE ( 'NONE', #3040, #3040, #376, .T. ) ;
#1622 = DIRECTION ( 'NONE',  ( 0.0000000000000000000, 0.8660254037844384900, -0.5000000000000002200 ) ) ;
#1623 = DIRECTION ( 'NONE',  ( 0.0000000000000000000, -1.000000000000000000, 0.0000000000000000000 ) ) ;
#1624 = VECTOR ( 'NONE', #2031, 1000.000000000000000 ) ;
#1625 = CARTESIAN_POINT ( 'NONE',  ( 39.70239859320727800, 48.77172653983552000, -4.730915838227556200 ) ) ;
#1626 = VERTEX_POINT ( 'NONE', #3092 ) ;
#1627 = ORIENTED_EDGE ( 'NONE', *, *, #1071, .T. ) ;
#1628 = CARTESIAN_POINT ( 'NONE',  ( 37.78054461763378000, 39.62474320768813400, -5.466763671561048800 ) ) ;
#1629 = CARTESIAN_POINT ( 'NONE',  ( 10.46299635425968000, -60.34460018475184700, 33.89788747384241000 ) ) ;
#1630 = EDGE_CURVE ( 'NONE', #3035, #3035, #514, .T. ) ;
#1631 = ORIENTED_EDGE ( 'NONE', *, *, #2249, .F. ) ;
#1632 = CARTESIAN_POINT ( 'NONE',  ( -31.30000000000000100, 0.0000000000000000000, 49.00000000000000000 ) ) ;
#1633 = FACE_OUTER_BOUND ( 'NONE', #470, .T. ) ;
#1634 = DIRECTION ( 'NONE',  ( -1.000000000000000000, -2.775557561562890400E-016, 1.602468905319635000E-016 ) ) ;
#1635 = CARTESIAN_POINT ( 'NONE',  ( -13.75899720677986700, -84.04730952347071600, 28.50000000000000000 ) ) ;
#1636 = FACE_OUTER_BOUND ( 'NONE', #1019, .T. ) ;
#1637 = ORIENTED_EDGE ( 'NONE', *, *, #2393, .F. ) ;
#1638 = ADVANCED_FACE ( 'E654', ( #286 ), #2989, .T. ) ;
#1639 = PERSON_AND_ORGANIZATION_ROLE ( 'design_supplier' ) ;
#1640 = CARTESIAN_POINT ( 'NONE',  ( 11.92352135040307600, 45.65710357443773400, 51.70438758174431400 ) ) ;
#1641 = ORIENTED_EDGE ( 'NONE', *, *, #2376, .T. ) ;
#1642 = CARTESIAN_POINT ( 'NONE',  ( 37.23607753368617800, 39.59314444341428200, -5.692629475615079000 ) ) ;
#1643 = DIRECTION ( 'NONE',  ( 0.0000000000000000000, 0.4999999999999998900, 0.8660254037844387100 ) ) ;
#1644 = FACE_OUTER_BOUND ( 'NONE', #563, .T. ) ;
#1645 = CARTESIAN_POINT ( 'NONE',  ( 36.86210966803281500, 39.57640864371529000, -5.806370865535816600 ) ) ;
#1646 = ORIENTED_EDGE ( 'NONE', *, *, #2404, .F. ) ;
#1647 = CARTESIAN_POINT ( 'NONE',  ( -16.50000000000000000, 0.0000000000000000000, -68.02756794123980900 ) ) ;
#1648 = CARTESIAN_POINT ( 'NONE',  ( 36.09218327213296400, 39.55350160044024900, -5.960417343312244000 ) ) ;
#1649 = CARTESIAN_POINT ( 'NONE',  ( 35.69414423245241600, 39.54746281589214600, -5.999848735501581500 ) ) ;
#1650 = ADVANCED_FACE ( 'E1465', ( #777, #1441 ), #3056, .T. ) ;
#1651 = CARTESIAN_POINT ( 'NONE',  ( 11.34318372929622000, 61.07286948911919900, 61.30615792887370200 ) ) ;
#1652 = CARTESIAN_POINT ( 'NONE',  ( 34.91047465379379800, 39.54741705211265000, -6.000150375577128200 ) ) ;
#1653 = ORIENTED_EDGE ( 'NONE', *, *, #214, .T. ) ;
#1654 = DIRECTION ( 'NONE',  ( 0.0000000000000000000, 0.0000000000000000000, -1.000000000000000000 ) ) ;
#1655 = CARTESIAN_POINT ( 'NONE',  ( 34.52064436442298500, 39.55321930123305700, -5.962288762221819000 ) ) ;
#1656 = CARTESIAN_POINT ( 'NONE',  ( 40.05342096079073900, -28.22868770857047200, -40.05264774961477800 ) ) ;
#1657 = ORIENTED_EDGE ( 'NONE', *, *, #2189, .T. ) ;
#1658 = CARTESIAN_POINT ( 'NONE',  ( 33.74509560975006700, 39.57609745221916600, -5.808489892218434000 ) ) ;
#1659 = CARTESIAN_POINT ( 'NONE',  ( 11.08720367061382500, -59.72121265959262400, 34.79170349994585400 ) ) ;
#1660 = EDGE_CURVE ( 'E917', #1626, #1263, #735, .T. ) ;
#1661 = CARTESIAN_POINT ( 'NONE',  ( 29.19427385182073900, 48.93432966007896600, -2.543521601085946500 ) ) ;
#1662 = ORIENTED_EDGE ( 'NONE', *, *, #1525, .F. ) ;
#1663 = CARTESIAN_POINT ( 'NONE',  ( -34.00000000000000000, 47.51072961373390800, 76.43775619136570800 ) ) ;
#1664 = AXIS2_PLACEMENT_3D ( 'NONE', #1864, #1872, #2033 ) ;
#1665 = CIRCLE ( 'NONE', #359, 49.00000000000000000 ) ;
#1666 = CARTESIAN_POINT ( 'NONE',  ( 33.36692238169817400, 39.59301440709940300, -5.693503715416161600 ) ) ;
#1667 = TOROIDAL_SURFACE ( 'NONE', #1327, 54.83363094478900000, 8.250000000000000000 ) ;
#1668 = CARTESIAN_POINT ( 'NONE',  ( -10.88464551206506100, 69.14611831080220800, -0.5820778515131580500 ) ) ;
#1669 = EDGE_CURVE ( 'E277', #2107, #2773, #2957, .T. ) ;
#1670 = CARTESIAN_POINT ( 'NONE',  ( 32.82518197692883900, 39.62438926264880500, -5.469320722141044500 ) ) ;
#1671 = VERTEX_POINT ( 'NONE', #3060 ) ;
#1672 = CARTESIAN_POINT ( 'NONE',  ( -14.02102066879946700, -84.49101249529901700, 28.50000000000000700 ) ) ;
#1673 = CARTESIAN_POINT ( 'NONE',  ( -9.749768642634812500, -17.33727396233231100, -67.11462322880511500 ) ) ;
#1674 = CARTESIAN_POINT ( 'NONE',  ( 6.445462471415897500, 50.77557927281218000, 47.75334302251442200 ) ) ;
#1675 = EDGE_LOOP ( 'NONE', ( #2355 ) ) ;
#1676 = ORIENTED_EDGE ( 'NONE', *, *, #1276, .F. ) ;
#1677 = CARTESIAN_POINT ( 'NONE',  ( 32.64823547909416800, 39.63586742071702000, -5.385788455485933200 ) ) ;
#1678 = DIRECTION ( 'NONE',  ( 6.123031769111888800E-017, 0.0000000000000000000, -1.000000000000000000 ) ) ;
#1679 = CYLINDRICAL_SURFACE ( 'NONE', #2381, 4.458749999999998400 ) ;
#1680 = ORIENTED_EDGE ( 'NONE', *, *, #2526, .T. ) ;
#1681 = CARTESIAN_POINT ( 'NONE',  ( 10.84885032591919100, -60.19954317138499500, 34.03423455717693000 ) ) ;
#1682 = EDGE_CURVE ( 'NONE', #3028, #3028, #1175, .T. ) ;
#1683 = FACE_BOUND ( 'NONE', #1292, .T. ) ;
#1684 = CARTESIAN_POINT ( 'NONE',  ( 22.12362519336105000, 0.0000000000000000000, 86.01530931020188600 ) ) ;
#1685 = VERTEX_POINT ( 'NONE', #544 ) ;
#1686 = DIRECTION ( 'NONE',  ( 1.000000000000000000, 0.0000000000000000000, 0.0000000000000000000 ) ) ;
#1687 = CARTESIAN_POINT ( 'NONE',  ( 32.30170238102257200, 39.66055874203350100, -5.200844522730397700 ) ) ;
#1688 = CARTESIAN_POINT ( 'NONE',  ( 32.13123071747657600, 39.67385128979098900, -5.098791408802662200 ) ) ;
#1689 = VECTOR ( 'NONE', #2559, 1000.000000000000100 ) ;
#1690 = EDGE_LOOP ( 'NONE', ( #2501, #2939, #2086, #431, #368 ) ) ;
#1691 = CARTESIAN_POINT ( 'NONE',  ( -140.0000000000000000, 0.0000000000000000000, 0.0000000000000000000 ) ) ;
#1692 = CARTESIAN_POINT ( 'NONE',  ( 31.64000288209920700, 39.71509899896238200, -4.770692977161033400 ) ) ;
#1693 = DIRECTION ( 'NONE',  ( 1.000000000000000000, 0.0000000000000000000, 6.123031769111888800E-017 ) ) ;
#1694 = CONICAL_SURFACE ( 'NONE', #814, 6.000000000000000000, 0.7853981633974503900 ) ;
#1695 = CARTESIAN_POINT ( 'NONE',  ( 31.33817099018569500, 39.74443785034095800, -4.522926080605898000 ) ) ;
#1696 = EDGE_CURVE ( 'NONE', #3024, #3024, #2541, .T. ) ;
#1697 = CARTESIAN_POINT ( 'NONE',  ( 40.19098552750709500, 48.81367278109214400, 4.271632924461170200 ) ) ;
#1698 = ORIENTED_EDGE ( 'NONE', *, *, #720, .T. ) ;
#1699 = CARTESIAN_POINT ( 'NONE',  ( 30.78456749123471100, 39.80343429501810000, -3.970367576486708100 ) ) ;
#1700 = CARTESIAN_POINT ( 'NONE',  ( 30.53116838647797900, 39.83334158898549800, -3.662168909136393600 ) ) ;
#1701 = ORIENTED_EDGE ( 'NONE', *, *, #2342, .T. ) ;
#1702 = B_SPLINE_CURVE_WITH_KNOTS ( 'NONE', 3,
 ( #2509, #2517, #2521, #2936, #2726, #2722, #2681, #2639, #2734, #2738, #2740, #2745, #2749, #2750, #2758, #2767, #2780, #2783, #2786, #2788, #2802, #2805, #2807, #2814, #2819, #2825, #2830, #2833, #2839, #2842, #2849, #2852 ),
 .UNSPECIFIED., .T., .F.,
 ( 4, 2, 2, 2, 2, 2, 2, 2, 2, 2, 2, 2, 2, 2, 2, 4 ),
 ( 0.0000000000000000000, 0.0003241867363922934600, 0.0006483734727845869200, 0.0009725602091768801600, 0.001296746945569173600, 0.001620933681961467100, 0.001945120418353760300, 0.002269307154746054000, 0.002593493891138347200, 0.002917680627530640500, 0.003241867363922934200, 0.003566054100315227400, 0.003890240836707520600, 0.004214427573099814800, 0.004538614309492108000, 0.005186987782276694500 ),
 .UNSPECIFIED. ) ;
#1703 = CARTESIAN_POINT ( 'NONE',  ( -11.03591473091459300, 60.66592546986818500, 0.4305156588083061100 ) ) ;
#1704 = CARTESIAN_POINT ( 'NONE',  ( 30.09576268513371000, 39.88781058438932100, -3.011502954958801900 ) ) ;
#1705 = CARTESIAN_POINT ( 'NONE',  ( 0.0000000000000000000, 0.0000000000000000000, 0.0000000000000000000 ) ) ;
#1706 = EDGE_CURVE ( 'NONE', #3022, #3022, #1976, .T. ) ;
#1707 = FACE_OUTER_BOUND ( 'NONE', #2044, .T. ) ;
#1708 = CARTESIAN_POINT ( 'NONE',  ( 10.87166556181050900, -35.09764208975467200, -59.58166037151705300 ) ) ;
#1709 = CARTESIAN_POINT ( 'NONE',  ( -13.58893048035122700, -83.85310977976874400, -28.50000000000000400 ) ) ;
#1710 = VECTOR ( 'NONE', #695, 1000.000000000000100 ) ;
#1711 = CARTESIAN_POINT ( 'NONE',  ( 29.91110862445679100, 39.91262649241780000, -2.667343434603272300 ) ) ;
#1712 = EDGE_CURVE ( 'E192', #1362, #1887, #2781, .T. ) ;
#1713 = CARTESIAN_POINT ( 'NONE',  ( 29.68443363843692500, 39.94407323217777900, -2.122294101382371500 ) ) ;
#1714 = FACE_BOUND ( 'NONE', #1235, .T. ) ;
#1715 = CARTESIAN_POINT ( 'NONE',  ( -31.30000000000000100, 0.0000000000000000000, 0.0000000000000000000 ) ) ;
#1716 = CARTESIAN_POINT ( 'NONE',  ( 29.61714661166017100, 39.95361818370496800, -1.934925774128969800 ) ) ;
#1717 = EDGE_CURVE ( 'E1358', #455, #2794, #491, .T. ) ;
#1718 = VERTEX_POINT ( 'NONE', #1430 ) ;
#1719 = CIRCLE ( 'NONE', #1418, 88.00385435046430900 ) ;
#1720 = DIRECTION ( 'NONE',  ( 1.000000000000000000, 0.0000000000000000000, 0.0000000000000000000 ) ) ;
#1721 = ORIENTED_EDGE ( 'NONE', *, *, #502, .F. ) ;
#1722 = CARTESIAN_POINT ( 'NONE',  ( 41.76986066382953300, 48.97540353984325600, -1.602463796403945700 ) ) ;
#1723 = FACE_OUTER_BOUND ( 'NONE', #1047, .T. ) ;
#1724 = EDGE_CURVE ( 'NONE', #3017, #3017, #2105, .T. ) ;
#1725 = EDGE_CURVE ( 'E515', #197, #75, #356, .T. ) ;
#1726 = CARTESIAN_POINT ( 'NONE',  ( 29.50252670134717500, 39.97008231145525800, -1.558224546129845800 ) ) ;
#1727 = ORIENTED_EDGE ( 'NONE', *, *, #2891, .T. ) ;
#1728 = CARTESIAN_POINT ( 'NONE',  ( -10.51530916535680800, 60.66195201146225500, -0.8037093457129519400 ) ) ;
#1729 = EDGE_CURVE ( 'E655', #2100, #197, #1892, .T. ) ;
#1730 = CIRCLE ( 'NONE', #2863, 88.02271352118590600 ) ;
#1731 = CARTESIAN_POINT ( 'NONE',  ( 29.45479320354538900, 39.97705596911300300, -1.368140866592158400 ) ) ;
#1732 = CARTESIAN_POINT ( 'NONE',  ( 29.33975679633467200, 39.99398385887477800, -0.7927853743579645900 ) ) ;
#1733 = AXIS2_PLACEMENT_3D ( 'NONE', #1255, #1244, #450 ) ;
#1734 = FACE_BOUND ( 'NONE', #936, .T. ) ;
#1735 = CARTESIAN_POINT ( 'NONE',  ( 29.30033776819570000, 39.99994933478830500, -0.4016635149794645100 ) ) ;
#1736 = FACE_BOUND ( 'NONE', #224, .T. ) ;
#1737 = CARTESIAN_POINT ( 'NONE',  ( 14.70247821544217000, 48.27332996379890800, 48.51399938035375900 ) ) ;
#1738 = ORIENTED_EDGE ( 'NONE', *, *, #1706, .T. ) ;
#1739 = CARTESIAN_POINT ( 'NONE',  ( 29.33826993591030800, 39.99420668023401500, 0.7816599093310123700 ) ) ;
#1740 = CARTESIAN_POINT ( 'NONE',  ( 29.45233585736258100, 39.97741564410010500, 1.357618675344430600 ) ) ;
#1741 = DIRECTION ( 'NONE',  ( 1.000000000000000000, 0.0000000000000000000, 0.0000000000000000000 ) ) ;
#1742 = DIRECTION ( 'NONE',  ( 0.0000000000000000000, 0.0000000000000000000, 1.000000000000000000 ) ) ;
#1743 = CARTESIAN_POINT ( 'NONE',  ( -13.96497711582330200, -84.37274973789624300, 28.50000000000000000 ) ) ;
#1744 = CARTESIAN_POINT ( 'NONE',  ( 8.539601872205731000, 64.12550296485899500, 58.50948890423280300 ) ) ;
#1745 = CARTESIAN_POINT ( 'NONE',  ( 37.03205080756885100, -20.77692378864670200, -41.98668762692250300 ) ) ;
#1746 = CARTESIAN_POINT ( 'NONE',  ( 38.10402351496497900, 48.66700873801779200, 5.706174659076809000 ) ) ;
#1747 = CARTESIAN_POINT ( 'NONE',  ( -16.50000000000000000, 0.0000000000000000000, 0.0000000000000000000 ) ) ;
#1748 = CYLINDRICAL_SURFACE ( 'NONE', #307, 0.8249999999999992900 ) ;
#1749 = CARTESIAN_POINT ( 'NONE',  ( 11.04644767783088000, -60.04519766365438500, 34.24269142677999900 ) ) ;
#1750 = VECTOR ( 'NONE', #962, 1000.000000000000000 ) ;
#1751 = CARTESIAN_POINT ( 'NONE',  ( 10.19283107062207300, -52.12200258965772500, 31.04534604776738900 ) ) ;
#1752 = CARTESIAN_POINT ( 'NONE',  ( 29.49978739449357000, 39.97048000738904200, 1.548048897095562100 ) ) ;
#1753 = CARTESIAN_POINT ( 'NONE',  ( -33.30000000000000400, 0.0000000000000000000, 0.0000000000000000000 ) ) ;
#1754 = CARTESIAN_POINT ( 'NONE',  ( 37.03205080756890100, -27.09807621135330200, -40.93524478543749700 ) ) ;
#1755 = CARTESIAN_POINT ( 'NONE',  ( 47.30000000000000400, 0.0000000000000000000, 0.0000000000000000000 ) ) ;
#1756 = LINE ( 'NONE', #2084, #461 ) ;
#1757 = CARTESIAN_POINT ( 'NONE',  ( 11.03535474116384700, -52.75403289763868700, 29.95916970789917900 ) ) ;
#1758 = CARTESIAN_POINT ( 'NONE',  ( 38.76410161513775400, -24.50000000000000000, -42.43524478543749700 ) ) ;
#1759 = CARTESIAN_POINT ( 'NONE',  ( 29.61400843521557400, 39.95406494747202700, 1.925726247958106500 ) ) ;
#1760 = ORIENTED_EDGE ( 'NONE', *, *, #1448, .T. ) ;
#1761 = DIRECTION ( 'NONE',  ( -1.000000000000000000, 0.0000000000000000000, 0.0000000000000000000 ) ) ;
#1762 = ADVANCED_FACE ( 'E1424', ( #2072, #1981 ), #1569, .F. ) ;
#1763 = CARTESIAN_POINT ( 'NONE',  ( 38.64428980253782000, 48.69717166975065200, -5.442201449041286700 ) ) ;
#1764 = CIRCLE ( 'NONE', #2779, 68.02756794123980900 ) ;
#1765 = VERTEX_POINT ( 'NONE', #168 ) ;
#1766 = VERTEX_POINT ( 'NONE', #2497 ) ;
#1767 = CARTESIAN_POINT ( 'NONE',  ( 29.68093349632357600, 39.94456624791939700, 2.112980767412027100 ) ) ;
#1768 = CARTESIAN_POINT ( 'NONE',  ( -12.45261288859754100, 83.28828372881079600, 28.50000000000001100 ) ) ;
#1769 = EDGE_LOOP ( 'NONE', ( #2866 ) ) ;
#1770 = CARTESIAN_POINT ( 'NONE',  ( 29.90632162059479200, 39.91327628630841700, 2.657558639861597800 ) ) ;
#1771 = ORIENTED_EDGE ( 'NONE', *, *, #2035, .F. ) ;
#1772 = ADVANCED_FACE ( 'E460', ( #139 ), #1614, .T. ) ;
#1773 = CARTESIAN_POINT ( 'NONE',  ( 30.09031083507235800, 39.88852295433952100, 3.002160566908962400 ) ) ;
#1774 = ADVANCED_FACE ( 'E1199', ( #522, #248 ), #3007, .T. ) ;
#1775 = DIRECTION ( 'NONE',  ( 1.000000000000000000, 0.0000000000000000000, 0.0000000000000000000 ) ) ;
#1776 = ORIENTED_EDGE ( 'NONE', *, *, #1154, .F. ) ;
#1777 = CARTESIAN_POINT ( 'NONE',  ( -10.03979182746668600, -18.69212858570947200, -66.70696079084885400 ) ) ;
#1778 = DIRECTION ( 'NONE',  ( 0.0000000000000000000, 0.0000000000000000000, 1.000000000000000000 ) ) ;
#1779 = EDGE_CURVE ( 'NONE', #3012, #3012, #315, .T. ) ;
#1780 = CARTESIAN_POINT ( 'NONE',  ( 11.11586771174279400, -59.77066574144255600, 34.69750392806884800 ) ) ;
#1781 = ORIENTED_EDGE ( 'NONE', *, *, #2349, .F. ) ;
#1782 = CARTESIAN_POINT ( 'NONE',  ( 30.52546697321128000, 39.83402525363966600, 3.654813762802579200 ) ) ;
#1783 = CARTESIAN_POINT ( 'NONE',  ( 35.37533103875878700, -18.86293764355311700, -45.22377314467127000 ) ) ;
#1784 = DIRECTION ( 'NONE',  ( 0.4999999999999998900, 0.0000000000000000000, 0.8660254037844387100 ) ) ;
#1785 = CARTESIAN_POINT ( 'NONE',  ( 30.77810912930133100, 39.80417294138707300, 3.962965974875261000 ) ) ;
#1786 = ORIENTED_EDGE ( 'NONE', *, *, #161, .F. ) ;
#1787 = CARTESIAN_POINT ( 'NONE',  ( 31.33012942766048800, 39.74524573911285300, 4.515830378058924000 ) ) ;
#1788 = DIRECTION ( 'NONE',  ( 0.0000000000000000000, -1.000000000000000000, 0.0000000000000000000 ) ) ;
#1789 = CARTESIAN_POINT ( 'NONE',  ( -33.30000000000000400, 0.0000000000000000000, 0.0000000000000000000 ) ) ;
#1790 = EDGE_CURVE ( 'E219', #418, #1984, #2843, .T. ) ;
#1791 = CARTESIAN_POINT ( 'NONE',  ( 31.63167984845477300, 39.71586246687537200, 4.764384415183243100 ) ) ;
#1792 = DIRECTION ( 'NONE',  ( 4.505775262277421000E-017, 0.0000000000000000000, -1.000000000000000000 ) ) ;
#1793 = ADVANCED_FACE ( 'E1490', ( #485, #2462, #1344, #1485 ), #427, .F. ) ;
#1794 = CARTESIAN_POINT ( 'NONE',  ( 32.28773914306467700, 39.66064641711921700, 5.204057659139561300 ) ) ;
#1795 = CARTESIAN_POINT ( 'NONE',  ( 32.63509138712402800, 39.63548975012467700, 5.389889037257392000 ) ) ;
#1796 = FACE_OUTER_BOUND ( 'NONE', #2705, .T. ) ;
#1797 = LINE ( 'NONE', #1042, #1469 ) ;
#1798 = CARTESIAN_POINT ( 'NONE',  ( 33.17619532908536000, 39.60401651012829700, 5.614945605883739300 ) ) ;
#1799 = CARTESIAN_POINT ( 'NONE',  ( 33.36035384334080300, 39.59453171182865100, 5.681234166919058900 ) ) ;
#1800 = VECTOR ( 'NONE', #554, 1000.000000000000000 ) ;
#1801 = EDGE_CURVE ( 'E361', #175, #1190, #1202, .T. ) ;
#1802 = CARTESIAN_POINT ( 'NONE',  ( 33.73641211272130400, 39.57789182545233300, 5.796019478156250000 ) ) ;
#1803 = CARTESIAN_POINT ( 'NONE',  ( 33.92925540005327900, 39.57071399854579100, 5.844666815850671600 ) ) ;
#1804 = ORIENTED_EDGE ( 'NONE', *, *, #2437, .T. ) ;
#1805 = ORIENTED_EDGE ( 'NONE', *, *, #364, .T. ) ;
#1806 = DIRECTION ( 'NONE',  ( 0.0000000000000000000, 0.0000000000000000000, -1.000000000000000000 ) ) ;
#1807 = B_SPLINE_CURVE_WITH_KNOTS ( 'NONE', 3,
 ( #1210, #740, #2650, #540, #961, #1117, #1674, #1225, #2941, #1926, #283, #273, #1959, #539, #96, #2253, #1057, #1575, #170, #1835, #329, #823, #2073, #582, #2005, #2330, #1364, #2176, #734, #1602, #257, #1640, #255, #2057, #349, #726, #130, #2389, #2689, #292, #21, #1335, #321, #1737, #2242, #578, #163, #1486, #1281, #519, #2746, #2835, #45, #1609, #2099, #2352, #927, #2103, #684, #2230, #1598, #2460, #1936, #1393, #623, #1040 ),
 .UNSPECIFIED., .T., .F.,
 ( 4, 2, 2, 2, 2, 2, 2, 2, 2, 2, 2, 2, 2, 2, 2, 2, 2, 2, 2, 2, 2, 2, 2, 2, 2, 2, 2, 2, 2, 2, 2, 2, 4 ),
 ( 0.0000000000000000000, 0.0008727771787011028900, 0.001745554357402205800, 0.002618331536103308700, 0.003491108714804411600, 0.004363885893505514000, 0.005236663072206617300, 0.006109440250907720700, 0.006982217429608823100, 0.007854994608309925600, 0.008727771787011028000, 0.009600548965712132200, 0.01047332614441323500, 0.01134610332311433700, 0.01221888050181544100, 0.01309165768051654400, 0.01396443485921764600, 0.01483721203791874900, 0.01570998921661985100, 0.01658276639532095500, 0.01745554357402205600, 0.01832832075272316000, 0.01920109793142426400, 0.02007387511012536500, 0.02094665228882646900, 0.02181942946752757400, 0.02269220664622867400, 0.02356498382492977800, 0.02443776100363088300, 0.02531053818233198300, 0.02618331536103308800, 0.02705609253973418800, 0.02792886971843529200 ),
 .UNSPECIFIED. ) ;
#1808 = LINE ( 'NONE', #1758, #2581 ) ;
#1809 = CARTESIAN_POINT ( 'NONE',  ( 34.51072664636574700, 39.55341723305900800, 5.960984093218129900 ) ) ;
#1810 = FACE_OUTER_BOUND ( 'NONE', #940, .T. ) ;
#1811 = CARTESIAN_POINT ( 'NONE',  ( -14.20000000000000100, 142.3977118876569800, 28.50000000000000000 ) ) ;
#1812 = CIRCLE ( 'NONE', #2409, 5.323400000000003000 ) ;
#1813 = VERTEX_POINT ( 'NONE', #1447 ) ;
#1814 = CARTESIAN_POINT ( 'NONE',  ( 34.90301065566302400, 39.54743986657040700, 6.000000000000000900 ) ) ;
#1815 = CONICAL_SURFACE ( 'NONE', #1132, 47.00000000000000000, 0.7853981633974490600 ) ;
#1816 = DATE_TIME_ROLE ( 'creation_date' ) ;
#1817 = ADVANCED_FACE ( 'E633', ( #807 ), #1860, .T. ) ;
#1818 = VERTEX_POINT ( 'NONE', #482 ) ;
#1819 = CARTESIAN_POINT ( 'NONE',  ( 35.30000000000001100, 39.54743986657040000, 6.000000000000000900 ) ) ;
#1820 = CARTESIAN_POINT ( 'NONE',  ( 10.98996809872098800, -59.63607211585529900, 34.96814926437636500 ) ) ;
#1821 = DIRECTION ( 'NONE',  ( 1.000000000000000000, 0.0000000000000000000, 0.0000000000000000000 ) ) ;
#1822 = CARTESIAN_POINT ( 'NONE',  ( 28.62687722670536800, 48.99958023371034700, -0.2929749661673878300 ) ) ;
#1823 = CARTESIAN_POINT ( 'NONE',  ( -11.13056886468582500, -17.93496659191353300, -66.74173447408421100 ) ) ;
#1824 = DIRECTION ( 'NONE',  ( -0.06162841671621953300, -0.7044160264027583600, 0.7071067811865476800 ) ) ;
#1825 = CARTESIAN_POINT ( 'NONE',  ( 39.26455616152660600, -23.78756724921399600, -32.15945808900274000 ) ) ;
#1826 = CARTESIAN_POINT ( 'NONE',  ( 40.75091627500445700, -27.57211893693559200, -40.50686125838635800 ) ) ;
#1827 = CARTESIAN_POINT ( 'NONE',  ( 37.66542612058045600, -19.23184280605671500, -45.06843711003576700 ) ) ;
#1828 = DIRECTION ( 'NONE',  ( 0.0000000000000000000, 1.000000000000000000, 0.0000000000000000000 ) ) ;
#1829 = EDGE_CURVE ( 'NONE', #3009, #3009, #1858, .T. ) ;
#1830 = AXIS2_PLACEMENT_3D ( 'NONE', #1755, #1761, #1778 ) ;
#1831 = CARTESIAN_POINT ( 'NONE',  ( 28.70622413453625300, -25.34684698510895700, -41.93491800294210500 ) ) ;
#1832 = EDGE_LOOP ( 'NONE', ( #608 ) ) ;
#1833 = CARTESIAN_POINT ( 'NONE',  ( 29.68093349632357600, -18.14238810167291400, -35.64949949755467200 ) ) ;
#1834 = ORIENTED_EDGE ( 'NONE', *, *, #903, .T. ) ;
#1835 = CARTESIAN_POINT ( 'NONE',  ( 7.106397300194066300, 46.87678480340216000, 51.49904281997813600 ) ) ;
#1836 = CIRCLE ( 'NONE', #989, 47.00000000000000000 ) ;
#1837 = EDGE_CURVE ( 'NONE', #3001, #3001, #581, .T. ) ;
#1838 = EDGE_LOOP ( 'NONE', ( #2262 ) ) ;
#1839 = FACE_OUTER_BOUND ( 'NONE', #142, .T. ) ;
#1840 = PLANE ( 'NONE',  #1664 ) ;
#1841 = AXIS2_PLACEMENT_3D ( 'NONE', #1477, #1478, #1481 ) ;
#1842 = ORIENTED_EDGE ( 'NONE', *, *, #1577, .T. ) ;
#1843 =( NAMED_UNIT ( * ) SI_UNIT ( $, .STERADIAN. ) SOLID_ANGLE_UNIT ( ) );
#1844 = CARTESIAN_POINT ( 'NONE',  ( -10.76142666948263800, -18.56167269247840300, -66.63074367658411700 ) ) ;
#1845 = CARTESIAN_POINT ( 'NONE',  ( -14.20000000000000100, -131.5450643776823700, 24.20528946059915000 ) ) ;
#1846 = EDGE_CURVE ( 'NONE', #2997, #2997, #308, .T. ) ;
#1847 = FACE_OUTER_BOUND ( 'NONE', #1420, .T. ) ;
#1848 = EDGE_CURVE ( 'NONE', #2994, #2994, #2366, .T. ) ;
#1849 = CARTESIAN_POINT ( 'NONE',  ( 10.92280214537319500, -59.60148841170485700, 35.04806454118725200 ) ) ;
#1850 = ORIENTED_EDGE ( 'NONE', *, *, #2776, .F. ) ;
#1851 = CARTESIAN_POINT ( 'NONE',  ( 0.0000000000000000000, 0.0000000000000000000, 0.0000000000000000000 ) ) ;
#1852 = CARTESIAN_POINT ( 'NONE',  ( 10.66414532551959300, -59.53672847800543600, 35.23727707570987600 ) ) ;
#1853 = ORIENTED_EDGE ( 'NONE', *, *, #58, .F. ) ;
#1854 = DIRECTION ( 'NONE',  ( 3.232330075539749200E-017, 0.8493084021262860000, -0.5278969957081539600 ) ) ;
#1855 = CIRCLE ( 'NONE', #1339, 67.61506794123981500 ) ;
#1856 = CARTESIAN_POINT ( 'NONE',  ( -34.00000000000000000, -131.5450643776823700, -24.20528946059915000 ) ) ;
#1857 = DIRECTION ( 'NONE',  ( 0.0000000000000000000, 1.000000000000000000, 0.0000000000000000000 ) ) ;
#1858 = CIRCLE ( 'NONE', #99, 49.00000000000000000 ) ;
#1859 = CARTESIAN_POINT ( 'NONE',  ( 9.792064023523662900, -52.86580082057680100, 29.76120909329963700 ) ) ;
#1860 = PLANE ( 'NONE',  #44 ) ;
#1861 = ADVANCED_FACE ( 'E397', ( #2949 ), #2329, .F. ) ;
#1862 = CYLINDRICAL_SURFACE ( 'NONE', #2809, 90.00000000000000000 ) ;
#1863 = CARTESIAN_POINT ( 'NONE',  ( 28.68149260273301200, 48.99305155332047000, -0.9271942278456599700 ) ) ;
#1864 = CARTESIAN_POINT ( 'NONE',  ( 49.29999999999999700, 47.00000000000000000, 0.0000000000000000000 ) ) ;
#1865 = CARTESIAN_POINT ( 'NONE',  ( 29.71622404895222000, -21.44285217354804700, -44.06033047983979900 ) ) ;
#1866 = LINE ( 'NONE', #2519, #1940 ) ;
#1867 = ORIENTED_EDGE ( 'NONE', *, *, #2004, .T. ) ;
#1868 = ADVANCED_FACE ( 'E1421', ( #1644, #2442 ), #136, .F. ) ;
#1869 = AXIS2_PLACEMENT_3D ( 'NONE', #1358, #1423, #1424 ) ;
#1870 = DIRECTION ( 'NONE',  ( 0.0000000000000000000, 0.0000000000000000000, 1.000000000000000000 ) ) ;
#1871 = ORIENTED_EDGE ( 'NONE', *, *, #2093, .F. ) ;
#1872 = DIRECTION ( 'NONE',  ( 1.000000000000000000, 0.0000000000000000000, 0.0000000000000000000 ) ) ;
#1873 = CIRCLE ( 'NONE', #328, 12.50000000000000000 ) ;
#1874 = CARTESIAN_POINT ( 'NONE',  ( -10.84253796298505500, -17.28861361533682800, -66.95935386144070400 ) ) ;
#1875 = CARTESIAN_POINT ( 'NONE',  ( 41.90663651357309800, 48.99163820858650800, 0.9288442173570817800 ) ) ;
#1876 = EDGE_LOOP ( 'NONE', ( #1172, #1271, #2484, #260 ) ) ;
#1877 = CARTESIAN_POINT ( 'NONE',  ( -10.80602109146439600, -16.33904028389996200, -58.42566518117291700 ) ) ;
#1878 = DIRECTION ( 'NONE',  ( 0.0000000000000000000, 0.0000000000000000000, -1.000000000000000000 ) ) ;
#1879 = ORIENTED_EDGE ( 'NONE', *, *, #1542, .T. ) ;
#1880 = FACE_OUTER_BOUND ( 'NONE', #2525, .T. ) ;
#1881 = CARTESIAN_POINT ( 'NONE',  ( -31.30000000000000100, 0.0000000000000000000, 40.00000000000000000 ) ) ;
#1882 = VERTEX_POINT ( 'NONE', #2244 ) ;
#1883 = CARTESIAN_POINT ( 'NONE',  ( 36.70371013267776300, -29.62885856144792000, -39.02735280805249100 ) ) ;
#1884 = CARTESIAN_POINT ( 'NONE',  ( -12.94987521119109500, -83.42092187446490900, 28.50000000000000700 ) ) ;
#1885 = CARTESIAN_POINT ( 'NONE',  ( 36.42802817737933200, -18.93744516769773500, -45.19272136817369300 ) ) ;
#1886 = CARTESIAN_POINT ( 'NONE',  ( 33.56794919243110100, -25.97307621135330200, -38.98668762692249600 ) ) ;
#1887 = VERTEX_POINT ( 'NONE', #1845 ) ;
#1888 = CARTESIAN_POINT ( 'NONE',  ( -10.80793597647634200, -15.06444439784547600, -58.76721005867324300 ) ) ;
#1889 = ORIENTED_EDGE ( 'NONE', *, *, #1066, .F. ) ;
#1890 = DIRECTION ( 'NONE',  ( 1.000000000000000000, 0.0000000000000000000, 0.0000000000000000000 ) ) ;
#1891 = CARTESIAN_POINT ( 'NONE',  ( 11.03504164571511500, 57.55078935710540100, 64.07624874417192000 ) ) ;
#1892 = LINE ( 'NONE', #1941, #1372 ) ;
#1893 = PERSON_AND_ORGANIZATION_ROLE ( 'creator' ) ;
#1894 = DIRECTION ( 'NONE',  ( 0.0000000000000000000, 0.0000000000000000000, 1.000000000000000000 ) ) ;
#1895 = FACE_BOUND ( 'NONE', #1496, .T. ) ;
#1896 = CARTESIAN_POINT ( 'NONE',  ( -14.20000000000000100, -85.36831965079321100, -28.50000000000000000 ) ) ;
#1897 = ORIENTED_EDGE ( 'NONE', *, *, #3090, .T. ) ;
#1898 = EDGE_CURVE ( 'NONE', #2990, #2990, #616, .T. ) ;
#1899 = AXIS2_PLACEMENT_3D ( 'NONE', #1460, #1464, #1470 ) ;
#1900 = ADVANCED_FACE ( 'E964', ( #878, #2183 ), #2040, .F. ) ;
#1901 = FACE_OUTER_BOUND ( 'NONE', #762, .T. ) ;
#1902 = CARTESIAN_POINT ( 'NONE',  ( -12.32362519336101900, 83.28113889490690300, -28.50000000000000000 ) ) ;
#1903 = CARTESIAN_POINT ( 'NONE',  ( 10.56266383945263100, 64.57110819951775200, 57.84081062239733500 ) ) ;
#1904 = DIRECTION ( 'NONE',  ( 1.000000000000000000, 0.0000000000000000000, 0.0000000000000000000 ) ) ;
#1905 = CIRCLE ( 'NONE', #2743, 90.00000000000000000 ) ;
#1906 = CARTESIAN_POINT ( 'NONE',  ( -12.21575012382012700, 83.27449459151884500, -28.50000000000000000 ) ) ;
#1907 = DIRECTION ( 'NONE',  ( 1.000000000000000000, 0.0000000000000000000, 0.0000000000000000000 ) ) ;
#1908 = EDGE_LOOP ( 'NONE', ( #274, #252, #1584, #1298, #2027, #2431 ) ) ;
#1909 = CARTESIAN_POINT ( 'NONE',  ( 5.833630944789019800, 0.0000000000000000000, 0.0000000000000000000 ) ) ;
#1910 = CARTESIAN_POINT ( 'NONE',  ( -34.00000000000000000, 116.5000000000000000, -7.133332011015350700E-015 ) ) ;
#1911 = ORIENTED_EDGE ( 'NONE', *, *, #58, .T. ) ;
#1912 = CIRCLE ( 'NONE', #16, 86.01530931020188600 ) ;
#1913 = CARTESIAN_POINT ( 'NONE',  ( -10.19204149767548500, -14.90339493195213900, -58.80820933078319300 ) ) ;
#1914 = ORIENTED_EDGE ( 'NONE', *, *, #2189, .F. ) ;
#1915 = FACE_OUTER_BOUND ( 'NONE', #2547, .T. ) ;
#1916 = CARTESIAN_POINT ( 'NONE',  ( -12.00000000000000000, 116.5000000000000000, -28.50000000000000000 ) ) ;
#1917 = ORIENTED_EDGE ( 'NONE', *, *, #1007, .F. ) ;
#1918 = CARTESIAN_POINT ( 'NONE',  ( -13.29310374762785200, 83.60717658369732400, 28.49999999999999600 ) ) ;
#1919 = VECTOR ( 'NONE', #465, 1000.000000000000000 ) ;
#1920 = PLANE ( 'NONE',  #2190 ) ;
#1921 = DIRECTION ( 'NONE',  ( 1.000000000000000000, -0.0000000000000000000, -0.0000000000000000000 ) ) ;
#1922 = CARTESIAN_POINT ( 'NONE',  ( -16.44404637688205300, 0.0000000000000000000, 68.04111506107850000 ) ) ;
#1923 = CARTESIAN_POINT ( 'NONE',  ( -14.20000000000000100, 85.36831965079321100, 28.50000000000000000 ) ) ;
#1924 = ORIENTED_EDGE ( 'NONE', *, *, #1568, .T. ) ;
#1925 = CARTESIAN_POINT ( 'NONE',  ( -10.02901169470972900, -17.16948592639307200, -67.11661108518413200 ) ) ;
#1926 = CARTESIAN_POINT ( 'NONE',  ( 5.923493129949908300, 49.86697205579476100, 48.76763519051309700 ) ) ;
#1927 = DIRECTION ( 'NONE',  ( 0.0000000000000000000, -1.000000000000000000, 0.0000000000000000000 ) ) ;
#1928 = DIRECTION ( 'NONE',  ( 0.0000000000000000000, 0.0000000000000000000, 1.000000000000000000 ) ) ;
#1929 = EDGE_CURVE ( 'NONE', #2986, #2986, #191, .T. ) ;
#1930 = DIRECTION ( 'NONE',  ( 1.000000000000000000, 0.0000000000000000000, 6.123031769111888800E-017 ) ) ;
#1931 = ORIENTED_EDGE ( 'NONE', *, *, #2913, .T. ) ;
#1932 = CARTESIAN_POINT ( 'NONE',  ( -12.00000000000000000, -116.5000000000000000, -12.50000000000000000 ) ) ;
#1933 = CARTESIAN_POINT ( 'NONE',  ( -35.00000000000000000, 116.5000000000000000, 0.0000000000000000000 ) ) ;
#1934 = DIRECTION ( 'NONE',  ( 0.0000000000000000000, 0.0000000000000000000, 1.000000000000000000 ) ) ;
#1935 = CARTESIAN_POINT ( 'NONE',  ( 10.97245121219344100, -34.14217775022517300, -60.11596065266643800 ) ) ;
#1936 = CARTESIAN_POINT ( 'NONE',  ( 9.161855614521908100, 51.94910089232714500, 46.01562915391432500 ) ) ;
#1937 = CARTESIAN_POINT ( 'NONE',  ( 31.83589838486224700, -24.50000000000000000, -42.43524478543749700 ) ) ;
#1938 = CARTESIAN_POINT ( 'NONE',  ( 35.29999999999999700, 40.00000000000000000, 0.0000000000000000000 ) ) ;
#1939 = AXIS2_PLACEMENT_3D ( 'NONE', #1410, #1413, #1416 ) ;
#1940 = VECTOR ( 'NONE', #2867, 1000.000000000000000 ) ;
#1941 = CARTESIAN_POINT ( 'NONE',  ( -14.20000000000000100, 142.3977118876569800, -28.50000000000000000 ) ) ;
#1942 = FACE_OUTER_BOUND ( 'NONE', #2888, .T. ) ;
#1943 = EDGE_CURVE ( 'E660', #2100, #1813, #334, .T. ) ;
#1944 = CARTESIAN_POINT ( 'NONE',  ( -14.20000000000000100, 116.5000000000000000, 0.0000000000000000000 ) ) ;
#1945 = VERTEX_POINT ( 'NONE', #204 ) ;
#1946 = CARTESIAN_POINT ( 'NONE',  ( -12.00000000000000000, -116.5000000000000000, 28.50000000000000000 ) ) ;
#1947 = ADVANCED_FACE ( 'E724', ( #646 ), #1487, .T. ) ;
#1948 = LINE ( 'NONE', #2047, #1624 ) ;
#1949 = CARTESIAN_POINT ( 'NONE',  ( 37.03205080756890100, -25.97307621135330200, -38.98668762692249600 ) ) ;
#1950 = VERTEX_POINT ( 'NONE', #113 ) ;
#1951 = CARTESIAN_POINT ( 'NONE',  ( 0.0000000000000000000, 0.0000000000000000000, 0.0000000000000000000 ) ) ;
#1952 = DIRECTION ( 'NONE',  ( 1.000000000000000000, 0.0000000000000000000, 0.0000000000000000000 ) ) ;
#1953 = LINE ( 'NONE', #2217, #1956 ) ;
#1954 = CARTESIAN_POINT ( 'NONE',  ( 40.45239037895997600, -20.94823812967253600, -44.29741796197657800 ) ) ;
#1955 = DIRECTION ( 'NONE',  ( 0.0000000000000000000, -0.4999999999999998900, -0.8660254037844387100 ) ) ;
#1956 = VECTOR ( 'NONE', #2218, 1000.000000000000000 ) ;
#1957 = FACE_BOUND ( 'NONE', #1240, .T. ) ;
#1958 = CARTESIAN_POINT ( 'NONE',  ( 33.89376178423309900, -18.98458217957564600, -45.17288134067474200 ) ) ;
#1959 = CARTESIAN_POINT ( 'NONE',  ( 5.837821847270984900, 49.04901624430650700, 49.60038793231525700 ) ) ;
#1960 = LINE ( 'NONE', #743, #1800 ) ;
#1961 = EDGE_LOOP ( 'NONE', ( #2529 ) ) ;
#1962 = CARTESIAN_POINT ( 'NONE',  ( 6.456676797219814500, 60.63065265420944200, 62.29359132226056100 ) ) ;
#1963 = CARTESIAN_POINT ( 'NONE',  ( -12.10787505936523300, 83.26785020508673100, -28.50000000000000000 ) ) ;
#1964 = EDGE_CURVE ( 'NONE', #2982, #2982, #157, .T. ) ;
#1965 = ORIENTED_EDGE ( 'NONE', *, *, #2393, .T. ) ;
#1966 = CARTESIAN_POINT ( 'NONE',  ( -12.00000000000000000, 83.26120573555088800, -28.50000000000000000 ) ) ;
#1967 = CARTESIAN_POINT ( 'NONE',  ( -33.30000000000000400, 42.00000000000000000, 0.0000000000000000000 ) ) ;
#1968 = EDGE_CURVE ( 'E1337', #1988, #455, #744, .T. ) ;
#1969 = CARTESIAN_POINT ( 'NONE',  ( 9.839707103019204500, -59.67045045739439500, 35.25094593807409600 ) ) ;
#1970 = DIRECTION ( 'NONE',  ( 0.0000000000000000000, 1.000000000000000000, 0.0000000000000000000 ) ) ;
#1971 = CARTESIAN_POINT ( 'NONE',  ( 6.419447020317519100, 60.77713431499913800, 62.15373384648851400 ) ) ;
#1972 = EDGE_CURVE ( 'E676', #1158, #1766, #1438, .T. ) ;
#1973 = DIRECTION ( 'NONE',  ( 1.000000000000000000, 0.0000000000000000000, 0.0000000000000000000 ) ) ;
#1974 = CARTESIAN_POINT ( 'NONE',  ( 29.98375556373203200, 48.85292858825015800, -3.797025234226755900 ) ) ;
#1975 = ADVANCED_FACE ( 'E197', ( #1449 ), #361, .T. ) ;
#1976 = CIRCLE ( 'NONE', #304, 77.00000000000000000 ) ;
#1977 = PLANE ( 'NONE',  #951 ) ;
#1978 = CARTESIAN_POINT ( 'NONE',  ( 33.56794919243110100, -27.09807621135330200, -40.93524478543749700 ) ) ;
#1979 = DIRECTION ( 'NONE',  ( -1.000000000000000000, 0.0000000000000000000, 0.0000000000000000000 ) ) ;
#1980 = EDGE_LOOP ( 'NONE', ( #977 ) ) ;
#1981 = FACE_OUTER_BOUND ( 'NONE', #1023, .T. ) ;
#1982 = DIRECTION ( 'NONE',  ( -0.5000000000000001100, 0.7500000000000001100, -0.4330127018922190800 ) ) ;
#1983 = ADVANCED_FACE ( 'E1502', ( #251, #2970 ), #2616, .T. ) ;
#1984 = VERTEX_POINT ( 'NONE', #1249 ) ;
#1985 = LINE ( 'NONE', #1241, #1603 ) ;
#1986 = FACE_OUTER_BOUND ( 'NONE', #730, .T. ) ;
#1987 = DIRECTION ( 'NONE',  ( 0.0000000000000000000, 0.4999999999999998900, 0.8660254037844387100 ) ) ;
#1988 = VERTEX_POINT ( 'NONE', #2436 ) ;
#1989 = DIRECTION ( 'NONE',  ( -1.000000000000000000, 0.0000000000000000000, 0.0000000000000000000 ) ) ;
#1990 = ORIENTED_EDGE ( 'NONE', *, *, #1060, .T. ) ;
#1991 = DIRECTION ( 'NONE',  ( -1.000000000000000000, 0.0000000000000000000, 0.0000000000000000000 ) ) ;
#1992 = CARTESIAN_POINT ( 'NONE',  ( 12.74029691515527700, 64.38834927702750100, 57.85452048697126100 ) ) ;
#1993 = EDGE_LOOP ( 'NONE', ( #1662, #1450, #187, #2524 ) ) ;
#1994 = CARTESIAN_POINT ( 'NONE',  ( 9.752019365194364300, -59.71518746066443100, 35.19952070301055600 ) ) ;
#1995 = VECTOR ( 'NONE', #1013, 1000.000000000000100 ) ;
#1996 = AXIS2_PLACEMENT_3D ( 'NONE', #1315, #1343, #1346 ) ;
#1997 = CARTESIAN_POINT ( 'NONE',  ( 10.49271506895629500, -35.30315175338103700, -59.52816318904812900 ) ) ;
#1998 = CARTESIAN_POINT ( 'NONE',  ( -12.82838161317590300, 83.37488349141105500, 28.50000000000000400 ) ) ;
#1999 = DIRECTION ( 'NONE',  ( -1.000000000000000000, 0.0000000000000000000, 0.0000000000000000000 ) ) ;
#2000 = AXIS2_PLACEMENT_3D ( 'NONE', #1363, #1341, #1387 ) ;
#2001 = CARTESIAN_POINT ( 'NONE',  ( 31.83589838486224700, 46.75000000000000000, -6.363241272276080100E-016 ) ) ;
#2002 = DIRECTION ( 'NONE',  ( 0.0000000000000000000, 0.0000000000000000000, 1.000000000000000000 ) ) ;
#2003 = CARTESIAN_POINT ( 'NONE',  ( 0.0000000000000000000, 0.0000000000000000000, 0.0000000000000000000 ) ) ;
#2004 = EDGE_CURVE ( 'E137', #1098, #1626, #918, .T. ) ;
#2005 = CARTESIAN_POINT ( 'NONE',  ( 8.804740602727639100, 45.93171216768901400, 52.08494433215742700 ) ) ;
#2006 = DIRECTION ( 'NONE',  ( -1.000000000000000000, 0.0000000000000000000, -6.123031769111888800E-017 ) ) ;
#2007 = CARTESIAN_POINT ( 'NONE',  ( 24.00000000000000000, -131.5450643776823700, 24.20528946059915000 ) ) ;
#2008 = EDGE_CURVE ( 'E419', #1813, #185, #2881, .T. ) ;
#2009 = VECTOR ( 'NONE', #1784, 1000.000000000000000 ) ;
#2010 = FACE_OUTER_BOUND ( 'NONE', #974, .T. ) ;
#2011 = CARTESIAN_POINT ( 'NONE',  ( 34.36993445683312100, 48.60301893360011900, 6.224747966251057600 ) ) ;
#2012 = CARTESIAN_POINT ( 'NONE',  ( 24.00000000000000000, 0.0000000000000000000, 0.0000000000000000000 ) ) ;
#2013 = ORIENTED_EDGE ( 'NONE', *, *, #2304, .F. ) ;
#2014 = CLOSED_SHELL ( 'NONE', ( #1983, #2678, #2687, #1434, #2267, #1002, #1120, #1182 ) ) ;
#2015 = EDGE_CURVE ( 'E823', #1882, #1190, #1073, .T. ) ;
#2016 = TOROIDAL_SURFACE ( 'NONE', #661, 67.61506794123981500, 1.649999999999999900 ) ;
#2017 = CARTESIAN_POINT ( 'NONE',  ( 0.0000000000000000000, 0.0000000000000000000, 0.0000000000000000000 ) ) ;
#2018 = PRODUCT_RELATED_PRODUCT_CATEGORY ( 'detail', '', ( #1099 ) ) ;
#2019 = DIRECTION ( 'NONE',  ( -5.200342327992899800E-017, 0.5278969957081540700, 0.8493084021262860000 ) ) ;
#2020 = VERTEX_POINT ( 'NONE', #305 ) ;
#2021 = CARTESIAN_POINT ( 'NONE',  ( 8.539601872205279800, 58.26458249662250200, 64.34810680062749100 ) ) ;
#2022 = EDGE_CURVE ( 'E1110', #2834, #184, #1532, .T. ) ;
#2023 = CARTESIAN_POINT ( 'NONE',  ( 33.56794919243110100, -20.77692378864670200, -41.98668762692250300 ) ) ;
#2024 = CC_DESIGN_SECURITY_CLASSIFICATION ( #2062, ( #2117 ) ) ;
#2025 = DIRECTION ( 'NONE',  ( 1.000000000000000000, 0.0000000000000000000, 0.0000000000000000000 ) ) ;
#2026 = ORIENTED_EDGE ( 'NONE', *, *, #1342, .T. ) ;
#2027 = ORIENTED_EDGE ( 'NONE', *, *, #3013, .F. ) ;
#2028 = DIRECTION ( 'NONE',  ( 0.0000000000000000000, -1.000000000000000000, 0.0000000000000000000 ) ) ;
#2029 = CC_DESIGN_APPROVAL ( #2032, ( #2062 ) ) ;
#2030 = DIRECTION ( 'NONE',  ( 0.0000000000000000000, 0.0000000000000000000, 1.000000000000000000 ) ) ;
#2031 = DIRECTION ( 'NONE',  ( 0.0000000000000000000, 0.8493084021262856700, 0.5278969957081547400 ) ) ;
#2032 = APPROVAL ( #613, 'UNSPECIFIED' ) ;
#2033 = DIRECTION ( 'NONE',  ( 0.0000000000000000000, 0.0000000000000000000, -1.000000000000000000 ) ) ;
#2034 = CARTESIAN_POINT ( 'NONE',  ( 31.83589838486224700, -24.50000000000000000, -42.43524478543749700 ) ) ;
#2035 = EDGE_CURVE ( 'E413', #185, #2020, #481, .T. ) ;
#2036 = VERTEX_POINT ( 'NONE', #1214 ) ;
#2037 = APPROVAL_ROLE ( '' ) ;
#2038 = CC_DESIGN_DATE_AND_TIME_ASSIGNMENT ( #2739, #2534, ( #2062 ) ) ;
#2039 = DIRECTION ( 'NONE',  ( 1.000000000000000000, 5.551115123125780700E-016, -3.204937810639275000E-016 ) ) ;
#2040 = CYLINDRICAL_SURFACE ( 'NONE', #3042, 77.00000000000000000 ) ;
#2041 = EDGE_CURVE ( 'NONE', #2978, #2978, #2108, .T. ) ;
#2042 = CARTESIAN_POINT ( 'NONE',  ( 29.48558721382207900, -21.75972850715631400, -43.90508534325793000 ) ) ;
#2043 = CC_DESIGN_PERSON_AND_ORGANIZATION_ASSIGNMENT ( #2761, #1312, ( #2062 ) ) ;
#2044 = EDGE_LOOP ( 'NONE', ( #531 ) ) ;
#2045 = CARTESIAN_POINT ( 'NONE',  ( 40.01969694356411400, 48.79826096044108400, -4.452469040394071000 ) ) ;
#2046 = ORIENTED_EDGE ( 'NONE', *, *, #1660, .F. ) ;
#2047 = CARTESIAN_POINT ( 'NONE',  ( -14.20000000000000100, -131.5450643776823700, 24.20528946059915000 ) ) ;
#2048 = ORIENTED_EDGE ( 'NONE', *, *, #1669, .F. ) ;
#2049 = ORIENTED_EDGE ( 'NONE', *, *, #2946, .F. ) ;
#2050 = APPROVAL_ROLE ( '' ) ;
#2051 = EDGE_LOOP ( 'NONE', ( #1090 ) ) ;
#2052 = EDGE_LOOP ( 'NONE', ( #325, #1212, #2927, #2048 ) ) ;
#2053 = FACE_OUTER_BOUND ( 'NONE', #2662, .T. ) ;
#2054 = ORIENTED_EDGE ( 'NONE', *, *, #1725, .F. ) ;
#2055 = VECTOR ( 'NONE', #2228, 1000.000000000000000 ) ;
#2056 = CARTESIAN_POINT ( 'NONE',  ( 29.29966652886329100, 40.00005002065295700, 0.3915082504379345800 ) ) ;
#2057 = CARTESIAN_POINT ( 'NONE',  ( 12.69522592834333900, 45.86352202077178200, 51.33666849562806100 ) ) ;
#2058 = AXIS2_PLACEMENT_3D ( 'NONE', #2347, #2348, #2362 ) ;
#2059 = FACE_OUTER_BOUND ( 'NONE', #2295, .T. ) ;
#2060 = DIRECTION ( 'NONE',  ( 1.000000000000000000, -0.0000000000000000000, -0.0000000000000000000 ) ) ;
#2061 = EDGE_CURVE ( 'NONE', #2974, #2974, #839, .T. ) ;
#2062 = SECURITY_CLASSIFICATION ( '', '', #860 ) ;
#2063 = DIRECTION ( 'NONE',  ( 1.000000000000000000, 0.0000000000000000000, 0.0000000000000000000 ) ) ;
#2064 = ADVANCED_FACE ( 'E869', ( #1901 ), #2770, .T. ) ;
#2065 = CARTESIAN_POINT ( 'NONE',  ( -14.20000000000000100, -85.36831965079321100, 28.50000000000000000 ) ) ;
#2066 =( LENGTH_UNIT ( ) NAMED_UNIT ( * ) SI_UNIT ( .MILLI., .METRE. ) );
#2067 = APPROVAL_ROLE ( '' ) ;
#2068 = CARTESIAN_POINT ( 'NONE',  ( 24.00000000000000000, 131.5450643776823700, 24.20528946059915000 ) ) ;
#2069 = CARTESIAN_POINT ( 'NONE',  ( -35.00000000000000000, 0.0000000000000000000, 0.0000000000000000000 ) ) ;
#2070 = CARTESIAN_POINT ( 'NONE',  ( 38.24795393278883900, -19.46154428595705000, -44.96949237338869700 ) ) ;
#2071 = DIRECTION ( 'NONE',  ( 0.0000000000000000000, 0.8660254037844384900, -0.5000000000000002200 ) ) ;
#2072 = FACE_OUTER_BOUND ( 'NONE', #577, .T. ) ;
#2073 = CARTESIAN_POINT ( 'NONE',  ( 8.020760519740099100, 46.27282952697376600, 51.90931862840808700 ) ) ;
#2074 = CC_DESIGN_PERSON_AND_ORGANIZATION_ASSIGNMENT ( #2765, #1639, ( #2117 ) ) ;
#2075 = ORIENTED_EDGE ( 'NONE', *, *, #679, .T. ) ;
#2076 = CARTESIAN_POINT ( 'NONE',  ( -12.32362519336101900, 0.0000000000000000000, 0.0000000000000000000 ) ) ;
#2077 = DIRECTION ( 'NONE',  ( -1.000000000000000000, 0.0000000000000000000, 0.0000000000000000000 ) ) ;
#2078 = CARTESIAN_POINT ( 'NONE',  ( -12.22000000000000100, 0.0000000000000000000, 0.0000000000000000000 ) ) ;
#2079 = ORIENTED_EDGE ( 'NONE', *, *, #369, .F. ) ;
#2080 = ORIENTED_EDGE ( 'NONE', *, *, #1282, .T. ) ;
#2081 = DIRECTION ( 'NONE',  ( 0.0000000000000000000, 0.0000000000000000000, 1.000000000000000000 ) ) ;
#2082 = AXIS2_PLACEMENT_3D ( 'NONE', #2759, #3029, #884 ) ;
#2083 = ORIENTED_EDGE ( 'NONE', *, *, #2386, .F. ) ;
#2084 = CARTESIAN_POINT ( 'NONE',  ( -23.00000000000000000, 116.5000000000000000, -28.50000000000000000 ) ) ;
#2085 = PLANE ( 'NONE',  #1191 ) ;
#2086 = ORIENTED_EDGE ( 'NONE', *, *, #2533, .F. ) ;
#2087 = AXIS2_PLACEMENT_3D ( 'NONE', #1302, #1307, #1297 ) ;
#2088 = CC_DESIGN_PERSON_AND_ORGANIZATION_ASSIGNMENT ( #2766, #1893, ( #2117 ) ) ;
#2089 = ORIENTED_EDGE ( 'NONE', *, *, #2940, .T. ) ;
#2090 = DIRECTION ( 'NONE',  ( 0.0000000000000000000, 0.8660254037844387100, -0.4999999999999998900 ) ) ;
#2091 = CARTESIAN_POINT ( 'NONE',  ( 10.13520188906239900, 64.53248912925231200, 57.92135190758118300 ) ) ;
#2092 = LINE ( 'NONE', #990, #1995 ) ;
#2093 = EDGE_CURVE ( 'E429', #2020, #2757, #1164, .T. ) ;
#2094 = CARTESIAN_POINT ( 'NONE',  ( 38.95865861727696700, -15.72519974639956600, -36.77997052032503700 ) ) ;
#2095 = ADVANCED_FACE ( 'E282', ( #444 ), #1862, .T. ) ;
#2096 = EDGE_LOOP ( 'NONE', ( #1917, #2583, #80, #289, #425 ) ) ;
#2097 = CC_DESIGN_APPROVAL ( #2102, ( #2117 ) ) ;
#2098 = CARTESIAN_POINT ( 'NONE',  ( -14.20000000000000100, 116.5000000000000000, 0.0000000000000000000 ) ) ;
#2099 = CARTESIAN_POINT ( 'NONE',  ( 12.51710534557911600, 51.25909829778512300, 45.99904406132017000 ) ) ;
#2100 = VERTEX_POINT ( 'NONE', #2988 ) ;
#2101 = CARTESIAN_POINT ( 'NONE',  ( -35.00000000000000000, -116.5000000000000000, 0.0000000000000000000 ) ) ;
#2102 = APPROVAL ( #2574, 'UNSPECIFIED' ) ;
#2103 = CARTESIAN_POINT ( 'NONE',  ( 11.17077136452567900, 51.77159146673299300, 45.77118279062822400 ) ) ;
#2104 = DIRECTION ( 'NONE',  ( 1.000000000000000000, 0.0000000000000000000, 0.0000000000000000000 ) ) ;
#2105 = B_SPLINE_CURVE_WITH_KNOTS ( 'NONE', 3,
 ( #1484, #1546, #1566, #1629, #1583, #1616, #1681, #367, #1749, #2468, #1600, #1780, #1659, #1820, #1849, #102, #1852, #2983, #703, #1969, #1994, #3002, #2306, #2301, #2260, #2248, #532, #2357 ),
 .UNSPECIFIED., .T., .F.,
 ( 4, 2, 2, 2, 2, 2, 2, 2, 2, 2, 2, 2, 2, 4 ),
 ( 0.0000000000000000000, 0.0003241089736623207300, 0.0006482179473246414500, 0.0009723269209869622900, 0.001296435894649282900, 0.001620544868311603600, 0.001944653841973924600, 0.002268762815636245300, 0.002592871789298565800, 0.003241089736623204700, 0.003565198710285522100, 0.003889307683947839200, 0.004537525631272457600, 0.005185743578597075200 ),
 .UNSPECIFIED. ) ;
#2106 = CARTESIAN_POINT ( 'NONE',  ( 33.56794919243110100, -21.90192378864670200, -43.93524478543749700 ) ) ;
#2107 = VERTEX_POINT ( 'NONE', #3026 ) ;
#2108 = CIRCLE ( 'NONE', #2962, 6.000000000000002700 ) ;
#2109 = CARTESIAN_POINT ( 'NONE',  ( 35.29999999999999700, 40.67660000000000100, 6.000000000000000000 ) ) ;
#2110 = CARTESIAN_POINT ( 'NONE',  ( -9.793331871837910500, -15.06347687257143300, -58.76745802339461700 ) ) ;
#2111 = CARTESIAN_POINT ( 'NONE',  ( -10.40964107965341500, -14.90361004804006800, -58.80815481484616200 ) ) ;
#2112 = CARTESIAN_POINT ( 'NONE',  ( 10.80666812816210500, -52.86629075007276400, 29.76033871364228700 ) ) ;
#2113 = DIRECTION ( 'NONE',  ( 5.200342327992899800E-017, 0.5278969957081540700, -0.8493084021262860000 ) ) ;
#2114 = DIRECTION ( 'NONE',  ( 0.0000000000000000000, 0.0000000000000000000, -1.000000000000000000 ) ) ;
#2115 = FACE_OUTER_BOUND ( 'NONE', #834, .T. ) ;
#2116 = EDGE_LOOP ( 'NONE', ( #1083 ) ) ;
#2117 = PRODUCT_DEFINITION_FORMATION_WITH_SPECIFIED_SOURCE ( 'ANY', '', #1099, .NOT_KNOWN. ) ;
#2118 = CARTESIAN_POINT ( 'NONE',  ( -10.76142666948263800, -18.56167269247840300, -66.63074367658411700 ) ) ;
#2119 = DIRECTION ( 'NONE',  ( 5.200342327992899800E-017, -0.5278969957081540700, -0.8493084021262860000 ) ) ;
#2120 = EDGE_LOOP ( 'NONE', ( #1390 ) ) ;
#2121 = CARTESIAN_POINT ( 'NONE',  ( -10.40716892937791200, -16.49733459453348800, -58.38111523821653700 ) ) ;
#2122 = FACE_OUTER_BOUND ( 'NONE', #1838, .T. ) ;
#2123 = APPLICATION_CONTEXT ( 'configuration controlled 3d designs of mechanical parts and assemblies' ) ;
#2124 = CARTESIAN_POINT ( 'NONE',  ( 36.23843518570337400, 48.60316852997617300, -6.223582254224156800 ) ) ;
#2125 = CC_DESIGN_DATE_AND_TIME_ASSIGNMENT ( #2810, #1816, ( #2169 ) ) ;
#2126 = EDGE_LOOP ( 'NONE', ( #593, #1305, #2748, #3031 ) ) ;
#2127 = CARTESIAN_POINT ( 'NONE',  ( 35.29999999999999700, -24.16170000000000000, -41.84929199723694600 ) ) ;
#2128 = DIRECTION ( 'NONE',  ( 0.06162841671621927000, 0.7044160264027586900, 0.7071067811865476800 ) ) ;
#2129 = DIRECTION ( 'NONE',  ( 3.232330075539749800E-017, 0.8493084021262860000, -0.5278969957081540700 ) ) ;
#2130 = FACE_BOUND ( 'NONE', #149, .T. ) ;
#2131 = CARTESIAN_POINT ( 'NONE',  ( 16.50000000000000000, 0.0000000000000000000, 49.00000000000000000 ) ) ;
#2132 = ORIENTED_EDGE ( 'NONE', *, *, #1829, .F. ) ;
#2133 = CARTESIAN_POINT ( 'NONE',  ( -11.08965087717111200, -18.14174579936368300, -66.69264137284906700 ) ) ;
#2134 = CARTESIAN_POINT ( 'NONE',  ( -14.20000000000000100, 116.5000000000000000, 28.50000000000000000 ) ) ;
#2135 = CARTESIAN_POINT ( 'NONE',  ( 35.29999999999999700, -24.16170000000000000, -41.84929199723694600 ) ) ;
#2136 = CC_DESIGN_PERSON_AND_ORGANIZATION_ASSIGNMENT ( #2824, #933, ( #2169 ) ) ;
#2137 = DIRECTION ( 'NONE',  ( -0.06162841671621943600, -0.7044160264027586900, 0.7071067811865476800 ) ) ;
#2138 = DIRECTION ( 'NONE',  ( 1.000000000000000000, 0.0000000000000000000, 0.0000000000000000000 ) ) ;
#2139 = EDGE_CURVE ( 'NONE', #2966, #2966, #2399, .T. ) ;
#2140 = DIRECTION ( 'NONE',  ( 1.416100796715760900E-016, 0.0000000000000000000, -1.000000000000000000 ) ) ;
#2141 = CC_DESIGN_APPROVAL ( #2163, ( #2169 ) ) ;
#2142 = CARTESIAN_POINT ( 'NONE',  ( 35.29999999999999700, -18.96554757729336800, -44.84929199723695300 ) ) ;
#2143 = DIRECTION ( 'NONE',  ( -1.000000000000000000, 0.0000000000000000000, 0.0000000000000000000 ) ) ;
#2144 = CARTESIAN_POINT ( 'NONE',  ( -10.30000000000000100, 0.0000000000000000000, 0.0000000000000000000 ) ) ;
#2145 = DIRECTION ( 'NONE',  ( 0.0000000000000000000, -0.2588190451025210700, -0.9659258262890682000 ) ) ;
#2146 = DIRECTION ( 'NONE',  ( 0.0000000000000000000, 0.0000000000000000000, -1.000000000000000000 ) ) ;
#2147 = CARTESIAN_POINT ( 'NONE',  ( -23.00000000000000000, -116.5000000000000000, -28.50000000000000000 ) ) ;
#2148 = EDGE_CURVE ( 'E980', #8, #2331, #1808, .T. ) ;
#2149 = AXIS2_PLACEMENT_3D ( 'NONE', #2772, #2791, #2981 ) ;
#2150 = FACE_OUTER_BOUND ( 'NONE', #1908, .T. ) ;
#2151 = DIRECTION ( 'NONE',  ( -6.123031769111887500E-017, -0.4999999999999998900, -0.8660254037844387100 ) ) ;
#2152 = CARTESIAN_POINT ( 'NONE',  ( -34.00000000000000000, 116.5000000000000000, -12.50000000000000000 ) ) ;
#2153 = CARTESIAN_POINT ( 'NONE',  ( -9.475000000000001400, -15.49125477177719100, -58.65650195913811900 ) ) ;
#2154 = LINE ( 'NONE', #2466, #6 ) ;
#2155 = AXIS2_PLACEMENT_3D ( 'NONE', #2076, #2077, #2081 ) ;
#2156 = CARTESIAN_POINT ( 'NONE',  ( -33.30000000000000400, 0.0000000000000000000, 0.0000000000000000000 ) ) ;
#2157 = ORIENTED_EDGE ( 'NONE', *, *, #2265, .F. ) ;
#2158 = LINE ( 'NONE', #615, #1375 ) ;
#2159 = CARTESIAN_POINT ( 'NONE',  ( -10.96010775273901800, 60.66519469430057400, -0.5066971127122367200 ) ) ;
#2160 = ORIENTED_EDGE ( 'NONE', *, *, #2965, .F. ) ;
#2161 = EDGE_CURVE ( 'E98', #294, #1766, #1730, .T. ) ;
#2162 = CARTESIAN_POINT ( 'NONE',  ( -9.474999999999997900, -15.80713680097912600, -58.57186162450995700 ) ) ;
#2163 = APPROVAL ( #382, 'UNSPECIFIED' ) ;
#2164 = TOROIDAL_SURFACE ( 'NONE', #2502, 54.83363094478900000, 8.250000000000000000 ) ;
#2165 = CARTESIAN_POINT ( 'NONE',  ( 36.08723107066425900, -14.61433892617639800, -37.23475606921289900 ) ) ;
#2166 = EDGE_LOOP ( 'NONE', ( #1641 ) ) ;
#2167 = CARTESIAN_POINT ( 'NONE',  ( -12.00000000000000000, 116.5000000000000000, -12.50000000000000000 ) ) ;
#2168 = LINE ( 'NONE', #2567, #2933 ) ;
#2169 = PRODUCT_DEFINITION ( 'UNKNOWN', '', #2117, #2578 ) ;
#2170 = DIRECTION ( 'NONE',  ( 0.0000000000000000000, 0.0000000000000000000, -1.000000000000000000 ) ) ;
#2171 = ADVANCED_BREP_SHAPE_REPRESENTATION ( 'UCFL-216', ( #2236, #2198 ), #2224 ) ;
#2172 = DIRECTION ( 'NONE',  ( 1.000000000000000000, 0.0000000000000000000, 0.0000000000000000000 ) ) ;
#2173 = CARTESIAN_POINT ( 'NONE',  ( -23.00000000000000000, 0.0000000000000000000, 28.50000000000000000 ) ) ;
#2174 = EDGE_LOOP ( 'NONE', ( #1698 ) ) ;
#2175 = CARTESIAN_POINT ( 'NONE',  ( 39.22230377518293000, 48.73559837193795400, 5.090116766562342600 ) ) ;
#2176 = CARTESIAN_POINT ( 'NONE',  ( 10.22601469639261200, 45.60627169964546100, 52.11123966531030800 ) ) ;
#2177 = CYLINDRICAL_SURFACE ( 'NONE', #963, 90.00000000000000000 ) ;
#2178 = CC_DESIGN_PERSON_AND_ORGANIZATION_ASSIGNMENT ( #2859, #468, ( #1099 ) ) ;
#2179 = EDGE_LOOP ( 'NONE', ( #166 ) ) ;
#2180 = PLANE ( 'NONE',  #2458 ) ;
#2181 = PLANE ( 'NONE',  #1388 ) ;
#2182 = ORIENTED_EDGE ( 'NONE', *, *, #2686, .F. ) ;
#2183 = FACE_OUTER_BOUND ( 'NONE', #2660, .T. ) ;
#2184 = CARTESIAN_POINT ( 'NONE',  ( 41.10815010753912400, -27.13340213349345500, -40.80208355052194900 ) ) ;
#2185 = DIRECTION ( 'NONE',  ( 1.000000000000000000, 0.0000000000000000000, 1.768875844410099700E-016 ) ) ;
#2186 = CARTESIAN_POINT ( 'NONE',  ( -14.20000000000000100, -116.5000000000000000, 28.50000000000000000 ) ) ;
#2187 = VECTOR ( 'NONE', #1284, 1000.000000000000000 ) ;
#2188 = UNCERTAINTY_MEASURE_WITH_UNIT (LENGTH_MEASURE( 1.000000000000000100E-005 ), #2066, 'distance_accuracy_value', 'NONE');
#2189 = EDGE_CURVE ( 'NONE', #2963, #2963, #2925, .T. ) ;
#2190 = AXIS2_PLACEMENT_3D ( 'NONE', #2884, #1955, #2090 ) ;
#2191 = CARTESIAN_POINT ( 'NONE',  ( -14.20000000000000100, -85.36831965079321100, -28.50000000000000000 ) ) ;
#2192 = DIRECTION ( 'NONE',  ( 0.0000000000000000000, 0.0000000000000000000, -1.000000000000000000 ) ) ;
#2193 = DIRECTION ( 'NONE',  ( 0.0000000000000000000, 0.0000000000000000000, 1.000000000000000000 ) ) ;
#2194 = CARTESIAN_POINT ( 'NONE',  ( -9.475000000000001400, 60.66726188957797900, 1.084202172485504400E-016 ) ) ;
#2195 = DIRECTION ( 'NONE',  ( 1.000000000000000000, 0.0000000000000000000, 0.0000000000000000000 ) ) ;
#2196 = CARTESIAN_POINT ( 'NONE',  ( 6.602956192396787200, 60.20016114606516300, 62.69882533392257100 ) ) ;
#2197 = EDGE_CURVE ( 'NONE', #2961, #2961, #1764, .T. ) ;
#2198 = AXIS2_PLACEMENT_3D ( 'NONE', #2658, #1618, #2372 ) ;
#2199 = VECTOR ( 'NONE', #1854, 1000.000000000000200 ) ;
#2200 = CARTESIAN_POINT ( 'NONE',  ( 15.81898752696999800, 59.36126757584298000, 62.75553967189598100 ) ) ;
#2201 = CARTESIAN_POINT ( 'NONE',  ( -14.18883438648639100, 85.11213878962935600, -28.50000000000000400 ) ) ;
#2202 = AXIS2_PLACEMENT_3D ( 'NONE', #2531, #2532, #2543 ) ;
#2203 = CARTESIAN_POINT ( 'NONE',  ( 10.30000000000000100, 0.0000000000000000000, 0.0000000000000000000 ) ) ;
#2204 = CARTESIAN_POINT ( 'NONE',  ( 31.83589838486224700, 49.00000000000000000, -1.110223024625155900E-015 ) ) ;
#2205 = EDGE_LOOP ( 'NONE', ( #2623 ) ) ;
#2206 = ORIENTED_EDGE ( 'NONE', *, *, #1256, .F. ) ;
#2207 = CARTESIAN_POINT ( 'NONE',  ( -12.21575012382012700, -83.27449459151884500, 28.50000000000000000 ) ) ;
#2208 = CARTESIAN_POINT ( 'NONE',  ( 6.346154292538660300, 61.35530114966451300, 61.58975543994184700 ) ) ;
#2209 = EDGE_LOOP ( 'NONE', ( #764, #1842, #2846, #63 ) ) ;
#2210 = CARTESIAN_POINT ( 'NONE',  ( -12.32362519336101900, -83.28113889490690300, 28.50000000000000000 ) ) ;
#2211 = FACE_OUTER_BOUND ( 'NONE', #1993, .T. ) ;
#2212 = CARTESIAN_POINT ( 'NONE',  ( 41.99039300442709100, -24.38950415240642400, -42.50094690756941400 ) ) ;
#2213 = AXIS2_PLACEMENT_3D ( 'NONE', #1933, #1686, #288 ) ;
#2214 = CARTESIAN_POINT ( 'NONE',  ( -13.84337880175014300, 84.14388140193979400, -28.50000000000000400 ) ) ;
#2215 = CYLINDRICAL_SURFACE ( 'NONE', #766, 49.00000000000000000 ) ;
#2216 = DIRECTION ( 'NONE',  ( 7.709882115452475700E-017, 0.0000000000000000000, -1.000000000000000000 ) ) ;
#2217 = CARTESIAN_POINT ( 'NONE',  ( 24.00000000000000000, 47.51072961373390800, -76.43775619136570800 ) ) ;
#2218 = DIRECTION ( 'NONE',  ( -1.000000000000000000, 0.0000000000000000000, -6.123031769111888800E-017 ) ) ;
#2219 = CARTESIAN_POINT ( 'NONE',  ( 31.83589838486224700, -24.50000000000000000, -42.43524478543749700 ) ) ;
#2220 = EDGE_CURVE ( 'NONE', #2958, #2958, #3081, .T. ) ;
#2221 = CARTESIAN_POINT ( 'NONE',  ( -12.58031628956199600, 83.29535742360928900, -28.49999999999999600 ) ) ;
#2222 = DIRECTION ( 'NONE',  ( 0.0000000000000000000, 0.0000000000000000000, -1.000000000000000000 ) ) ;
#2223 = EDGE_CURVE ( 'E1083', #1317, #725, #1579, .T. ) ;
#2224 =( GEOMETRIC_REPRESENTATION_CONTEXT ( 3 ) GLOBAL_UNCERTAINTY_ASSIGNED_CONTEXT ( ( #2188 ) ) GLOBAL_UNIT_ASSIGNED_CONTEXT ( ( #2066, #2321, #1843 ) ) REPRESENTATION_CONTEXT ( 'NONE', 'WORKASPACE' ) );
#2225 = CARTESIAN_POINT ( 'NONE',  ( -12.95094383855327700, 83.42138421787159100, 28.49999999999999600 ) ) ;
#2226 = CARTESIAN_POINT ( 'NONE',  ( -12.10787505936523300, -83.26785020508673100, 28.50000000000000000 ) ) ;
#2227 = CARTESIAN_POINT ( 'NONE',  ( -12.00000000000000000, -83.26120573555088800, 28.50000000000000000 ) ) ;
#2228 = DIRECTION ( 'NONE',  ( -1.000000000000000000, 0.0000000000000000000, -3.204937810639275000E-016 ) ) ;
#2229 = DIRECTION ( 'NONE',  ( 1.000000000000000000, 0.0000000000000000000, 0.0000000000000000000 ) ) ;
#2230 = CARTESIAN_POINT ( 'NONE',  ( 10.30827058952973600, 51.92846294959886700, 45.79585561058786400 ) ) ;
#2231 = DIRECTION ( 'NONE',  ( -0.5000000000000001100, -0.7500000000000001100, 0.4330127018922190800 ) ) ;
#2232 = CARTESIAN_POINT ( 'NONE',  ( -12.00000000000000000, 116.5000000000000000, 28.50000000000000000 ) ) ;
#2233 = CARTESIAN_POINT ( 'NONE',  ( 38.76410161513775400, 49.00000000000000000, 2.121080424092025200E-016 ) ) ;
#2234 = EDGE_CURVE ( 'E293', #2773, #1718, #754, .T. ) ;
#2235 = ADVANCED_FACE ( 'E949', ( #2741, #891 ), #2604, .F. ) ;
#2236 = BREP_WITH_VOIDS ( 'NONE', #2394, ( #2729, #2725 ) );
#2237 = CARTESIAN_POINT ( 'NONE',  ( 41.88200245830697800, -25.47573190046998800, -41.85877124966432200 ) ) ;
#2238 = CARTESIAN_POINT ( 'NONE',  ( 15.83397567752785700, 62.53255205179969800, 59.59577331511884100 ) ) ;
#2239 = VECTOR ( 'NONE', #2006, 1000.000000000000000 ) ;
#2240 = DIRECTION ( 'NONE',  ( 0.0000000000000000000, 0.0000000000000000000, 1.000000000000000000 ) ) ;
#2241 = EDGE_CURVE ( 'E1001', #1233, #2422, #2985, .T. ) ;
#2242 = CARTESIAN_POINT ( 'NONE',  ( 14.69565830182049400, 48.48009928260380300, 48.30945189579146900 ) ) ;
#2243 = CARTESIAN_POINT ( 'NONE',  ( 36.26908571369267500, 48.60490939304588000, 6.209936259052915900 ) ) ;
#2244 = CARTESIAN_POINT ( 'NONE',  ( -12.00000000000000000, -83.26120573555088800, 28.50000000000000000 ) ) ;
#2245 = EDGE_LOOP ( 'NONE', ( #1911 ) ) ;
#2246 = EDGE_LOOP ( 'NONE', ( #2928 ) ) ;
#2247 = FACE_BOUND ( 'NONE', #93, .T. ) ;
#2248 = CARTESIAN_POINT ( 'NONE',  ( 9.657718694189409100, -60.32094895969154200, 34.17833525480288200 ) ) ;
#2249 = EDGE_CURVE ( 'E213', #2107, #1685, #1905, .T. ) ;
#2250 = AXIS2_PLACEMENT_3D ( 'NONE', #1747, #1236, #2170 ) ;
#2251 = LINE ( 'NONE', #2374, #2487 ) ;
#2252 = ORIENTED_EDGE ( 'NONE', *, *, #2560, .T. ) ;
#2253 = CARTESIAN_POINT ( 'NONE',  ( 6.155558769799097400, 48.00801106776159300, 50.57100282338731000 ) ) ;
#2254 = CARTESIAN_POINT ( 'NONE',  ( -14.15396962097669100, -84.85164594212108100, -28.50000000000000000 ) ) ;
#2255 = DIRECTION ( 'NONE',  ( 0.0000000000000000000, -0.4999999999999998900, -0.8660254037844387100 ) ) ;
#2256 = CARTESIAN_POINT ( 'NONE',  ( -12.00000000000000000, 0.0000000000000000000, 0.0000000000000000000 ) ) ;
#2257 = VECTOR ( 'NONE', #2354, 1000.000000000000000 ) ;
#2258 = CARTESIAN_POINT ( 'NONE',  ( 40.34971930513519600, -27.98281474351419400, -40.22526924390810900 ) ) ;
#2259 = AXIS2_PLACEMENT_3D ( 'NONE', #2106, #2318, #2332 ) ;
#2260 = CARTESIAN_POINT ( 'NONE',  ( 9.464987453728861400, -60.15203187394961000, 34.52816370008132200 ) ) ;
#2261 = DIRECTION ( 'NONE',  ( 1.000000000000000000, 0.0000000000000000000, 0.0000000000000000000 ) ) ;
#2262 = ORIENTED_EDGE ( 'NONE', *, *, #2441, .F. ) ;
#2263 = CARTESIAN_POINT ( 'NONE',  ( 35.29999999999999700, 48.32339999999999900, 0.0000000000000000000 ) ) ;
#2264 = LINE ( 'NONE', #2854, #422 ) ;
#2265 = EDGE_CURVE ( 'E370', #1190, #1362, #1286, .T. ) ;
#2266 = AXIS2_PLACEMENT_3D ( 'NONE', #600, #2720, #847 ) ;
#2267 = ADVANCED_FACE ( 'E1514', ( #1508, #569, #782, #2 ), #1149, .F. ) ;
#2268 = CARTESIAN_POINT ( 'NONE',  ( -9.475000000000001400, 60.66726188957797900, 1.084202172485504400E-016 ) ) ;
#2269 = FACE_OUTER_BOUND ( 'NONE', #152, .T. ) ;
#2270 = CARTESIAN_POINT ( 'NONE',  ( 33.56794919243110100, -27.09807621135330200, -40.93524478543749700 ) ) ;
#2271 = EDGE_CURVE ( 'E833', #175, #492, #2855, .T. ) ;
#2272 = DIRECTION ( 'NONE',  ( 0.4999999999999999400, 0.7499999999999998900, -0.4330127018922194600 ) ) ;
#2273 = DIRECTION ( 'NONE',  ( -6.123031769111888800E-017, 1.000000000000000000, 0.0000000000000000000 ) ) ;
#2274 = LINE ( 'NONE', #1587, #620 ) ;
#2275 = DIRECTION ( 'NONE',  ( 0.0000000000000000000, 0.0000000000000000000, -1.000000000000000000 ) ) ;
#2276 = DIRECTION ( 'NONE',  ( 0.0000000000000000000, 0.8493084021262860000, -0.5278969957081539600 ) ) ;
#2277 = LINE ( 'NONE', #1886, #1710 ) ;
#2278 = VECTOR ( 'NONE', #68, 1000.000000000000000 ) ;
#2279 = CARTESIAN_POINT ( 'NONE',  ( 41.26152973548090600, -19.31728459679655800, -35.02845559232456900 ) ) ;
#2280 = CARTESIAN_POINT ( 'NONE',  ( -14.20000000000000100, -131.5450643776823700, -24.20528946059915000 ) ) ;
#2281 = CARTESIAN_POINT ( 'NONE',  ( -14.20000000000000100, 0.0000000000000000000, 0.0000000000000000000 ) ) ;
#2282 = EDGE_LOOP ( 'NONE', ( #451 ) ) ;
#2283 = EDGE_LOOP ( 'NONE', ( #1502 ) ) ;
#2284 = FACE_OUTER_BOUND ( 'NONE', #2120, .T. ) ;
#2285 = EDGE_LOOP ( 'NONE', ( #2542, #2476, #2080, #30, #1990, #1392, #1196, #2701 ) ) ;
#2286 = VERTEX_POINT ( 'NONE', #119 ) ;
#2287 = CARTESIAN_POINT ( 'NONE',  ( -33.30000000000000400, 0.0000000000000000000, 0.0000000000000000000 ) ) ;
#2288 = AXIS2_PLACEMENT_3D ( 'NONE', #299, #2425, #1262 ) ;
#2289 = FACE_OUTER_BOUND ( 'NONE', #2052, .T. ) ;
#2290 = CONICAL_SURFACE ( 'NONE', #2535, 6.000000000000000000, 0.7853981633974482800 ) ;
#2291 = EDGE_LOOP ( 'NONE', ( #1867, #1523, #2325, #1544 ) ) ;
#2292 = APPLICATION_PROTOCOL_DEFINITION ( 'international standard', 'config_control_design', 1994, #2123 ) ;
#2293 = ORIENTED_EDGE ( 'NONE', *, *, #2448, .T. ) ;
#2294 = DIRECTION ( 'NONE',  ( -1.000000000000000000, 0.0000000000000000000, 0.0000000000000000000 ) ) ;
#2295 = EDGE_LOOP ( 'NONE', ( #1324 ) ) ;
#2296 = AXIS2_PLACEMENT_3D ( 'NONE', #2823, #879, #2548 ) ;
#2297 = CARTESIAN_POINT ( 'NONE',  ( -34.00000000000000000, 0.0000000000000000000, 0.0000000000000000000 ) ) ;
#2298 = SPHERICAL_SURFACE ( 'NONE', #350, 70.00000000000000000 ) ;
#2299 = CARTESIAN_POINT ( 'NONE',  ( 40.75596482476581200, 48.86600162552966300, 3.635579729696510200 ) ) ;
#2300 = PLANE ( 'NONE',  #2259 ) ;
#2301 = CARTESIAN_POINT ( 'NONE',  ( 9.448778612385545700, -60.03748108455833000, 34.73138425228067700 ) ) ;
#2302 = LINE ( 'NONE', #1309, #885 ) ;
#2303 = DIRECTION ( 'NONE',  ( 0.0000000000000000000, 0.4999999999999998900, 0.8660254037844387100 ) ) ;
#2304 = EDGE_CURVE ( 'E1228', #2481, #2518, #2274, .T. ) ;
#2305 = FACE_OUTER_BOUND ( 'NONE', #1260, .T. ) ;
#2306 = CARTESIAN_POINT ( 'NONE',  ( 9.554113062429424400, -59.86919907689077300, 34.99156793518941600 ) ) ;
#2307 = PLANE ( 'NONE',  #2149 ) ;
#2308 = EDGE_CURVE ( 'E298', #1950, #1718, #3061, .T. ) ;
#2309 = ADVANCED_FACE ( 'E1194', ( #1707 ), #42, .T. ) ;
#2310 = CARTESIAN_POINT ( 'NONE',  ( -23.00000000000000000, 0.0000000000000000000, 28.50000000000000000 ) ) ;
#2311 = AXIS2_PLACEMENT_3D ( 'NONE', #2078, #2577, #222 ) ;
#2312 = CARTESIAN_POINT ( 'NONE',  ( 41.40607282899753000, 48.93436763465597000, 2.542814804332998800 ) ) ;
#2313 = DIRECTION ( 'NONE',  ( 1.000000000000000000, 0.0000000000000000000, 6.123031769111888800E-017 ) ) ;
#2314 = CARTESIAN_POINT ( 'NONE',  ( -10.96010775273901100, -16.19073958901226000, -58.46693544921107800 ) ) ;
#2315 = FACE_OUTER_BOUND ( 'NONE', #2435, .T. ) ;
#2316 = AXIS2_PLACEMENT_3D ( 'NONE', #2346, #51, #1142 ) ;
#2317 = CARTESIAN_POINT ( 'NONE',  ( 38.76410161513775400, 49.00000000000000000, 2.121080424092025200E-016 ) ) ;
#2318 = DIRECTION ( 'NONE',  ( 6.409875621278545100E-016, -0.8660254037844387100, 0.4999999999999998900 ) ) ;
#2319 = DIRECTION ( 'NONE',  ( 8.566535683836084200E-017, 0.0000000000000000000, -1.000000000000000000 ) ) ;
#2320 = AXIS2_PLACEMENT_3D ( 'NONE', #2101, #2063, #1927 ) ;
#2321 =( NAMED_UNIT ( * ) PLANE_ANGLE_UNIT ( ) SI_UNIT ( $, .RADIAN. ) );
#2322 = EDGE_LOOP ( 'NONE', ( #208 ) ) ;
#2323 = DIRECTION ( 'NONE',  ( -1.000000000000000000, 0.0000000000000000000, -6.123031769111888800E-017 ) ) ;
#2324 = CIRCLE ( 'NONE', #2202, 90.00000000000000000 ) ;
#2325 = ORIENTED_EDGE ( 'NONE', *, *, #344, .T. ) ;
#2326 = CARTESIAN_POINT ( 'NONE',  ( -33.30000000000000400, 0.0000000000000000000, 0.0000000000000000000 ) ) ;
#2327 = VERTEX_POINT ( 'NONE', #2167 ) ;
#2328 = AXIS2_PLACEMENT_3D ( 'NONE', #1377, #930, #627 ) ;
#2329 = PLANE ( 'NONE',  #3084 ) ;
#2330 = CARTESIAN_POINT ( 'NONE',  ( 9.367489315075879100, 45.76164069917425800, 52.13645030372040200 ) ) ;
#2331 = VERTEX_POINT ( 'NONE', #1112 ) ;
#2332 = DIRECTION ( 'NONE',  ( -1.000000000000000000, -5.551115123125780700E-016, 3.204937810639275000E-016 ) ) ;
#2333 = EDGE_CURVE ( 'NONE', #2953, #2953, #298, .T. ) ;
#2334 = FACE_OUTER_BOUND ( 'NONE', #1356, .T. ) ;
#2335 = EDGE_LOOP ( 'NONE', ( #2551 ) ) ;
#2336 = CARTESIAN_POINT ( 'NONE',  ( -10.92100211530397900, -17.36005737838503300, -66.92810957316758900 ) ) ;
#2337 = CARTESIAN_POINT ( 'NONE',  ( -14.20000000000000100, 0.0000000000000000000, 0.0000000000000000000 ) ) ;
#2338 = EDGE_CURVE ( 'E927', #2878, #1098, #1039, .T. ) ;
#2339 = FACE_OUTER_BOUND ( 'NONE', #1961, .T. ) ;
#2340 = DIRECTION ( 'NONE',  ( -1.000000000000000000, 0.0000000000000000000, 0.0000000000000000000 ) ) ;
#2341 = DIRECTION ( 'NONE',  ( 0.0000000000000000000, 0.0000000000000000000, 1.000000000000000000 ) ) ;
#2342 = EDGE_CURVE ( 'NONE', #2950, #2950, #264, .T. ) ;
#2343 = CARTESIAN_POINT ( 'NONE',  ( -14.10991530714120000, 84.73223696813020900, 28.50000000000000400 ) ) ;
#2344 = CARTESIAN_POINT ( 'NONE',  ( 24.00000000000000000, -47.51072961373390800, 76.43775619136570800 ) ) ;
#2345 = AXIS2_PLACEMENT_3D ( 'NONE', #2910, #192, #135 ) ;
#2346 = CARTESIAN_POINT ( 'NONE',  ( 35.29999999999999700, -20.00000000000000000, -34.64101615137754900 ) ) ;
#2347 = CARTESIAN_POINT ( 'NONE',  ( 47.30000000000000400, 0.0000000000000000000, 0.0000000000000000000 ) ) ;
#2348 = DIRECTION ( 'NONE',  ( -1.000000000000000000, 0.0000000000000000000, 0.0000000000000000000 ) ) ;
#2349 = EDGE_CURVE ( 'E1331', #2481, #1988, #3041, .T. ) ;
#2350 = VECTOR ( 'NONE', #1987, 1000.000000000000000 ) ;
#2351 = CARTESIAN_POINT ( 'NONE',  ( -14.10993397805637500, -84.73237595732543100, 28.50000000000000400 ) ) ;
#2352 = CARTESIAN_POINT ( 'NONE',  ( 12.00128942111009100, 51.49882046735547900, 45.86856965059447300 ) ) ;
#2353 = AXIS2_PLACEMENT_3D ( 'NONE', #410, #2060, #1565 ) ;
#2354 = DIRECTION ( 'NONE',  ( 0.0000000000000000000, -1.000000000000000000, 0.0000000000000000000 ) ) ;
#2355 = ORIENTED_EDGE ( 'NONE', *, *, #269, .F. ) ;
#2356 = ORIENTED_EDGE ( 'NONE', *, *, #408, .T. ) ;
#2357 = CARTESIAN_POINT ( 'NONE',  ( 10.03783630647803800, -60.38255520955679100, 33.95863466998008600 ) ) ;
#2358 = ADVANCED_FACE ( 'E439', ( #488 ), #61, .T. ) ;
#2359 = AXIS2_PLACEMENT_3D ( 'NONE', #1615, #1153, #2877 ) ;
#2360 = ORIENTED_EDGE ( 'NONE', *, *, #1621, .T. ) ;
#2361 = CARTESIAN_POINT ( 'NONE',  ( 38.76410161513775400, 46.75000000000000000, 2.121080424092025200E-016 ) ) ;
#2362 = DIRECTION ( 'NONE',  ( 0.0000000000000000000, 0.0000000000000000000, 1.000000000000000000 ) ) ;
#2363 = CARTESIAN_POINT ( 'NONE',  ( 33.56794919243110100, 49.00000000000000000, -3.000000000000000000 ) ) ;
#2364 = CARTESIAN_POINT ( 'NONE',  ( 29.85154452512101400, 48.86581478139584800, -3.628011963618129600 ) ) ;
#2365 = CARTESIAN_POINT ( 'NONE',  ( -11.03591473091459600, -15.28565070690720900, -58.71020983878788300 ) ) ;
#2366 = CIRCLE ( 'NONE', #3, 47.00000000000000000 ) ;
#2367 = ORIENTED_EDGE ( 'NONE', *, *, #2308, .F. ) ;
#2368 = AXIS2_PLACEMENT_3D ( 'NONE', #1376, #1378, #1381 ) ;
#2369 = ORIENTED_EDGE ( 'NONE', *, *, #1846, .F. ) ;
#2370 = AXIS2_PLACEMENT_3D ( 'NONE', #198, #400, #1878 ) ;
#2371 = ORIENTED_EDGE ( 'NONE', *, *, #2271, .F. ) ;
#2372 = DIRECTION ( 'NONE',  ( 1.000000000000000000, 0.0000000000000000000, 0.0000000000000000000 ) ) ;
#2373 = CARTESIAN_POINT ( 'NONE',  ( 16.02147908227021500, 62.23301068026953700, 59.89313644518912100 ) ) ;
#2374 = CARTESIAN_POINT ( 'NONE',  ( 37.03205080756885100, 46.75000000000000000, 3.000000000000000000 ) ) ;
#2375 = CARTESIAN_POINT ( 'NONE',  ( -5.833630944789019800, 0.0000000000000000000, -49.00000000000000000 ) ) ;
#2376 = EDGE_CURVE ( 'NONE', #2943, #2943, #1593, .T. ) ;
#2377 = DIRECTION ( 'NONE',  ( 0.5000000000000003300, 0.0000000000000000000, -0.8660254037844383700 ) ) ;
#2378 = CARTESIAN_POINT ( 'NONE',  ( 28.76281461206604500, 48.98331263610516800, -1.341875054737381200 ) ) ;
#2379 = CARTESIAN_POINT ( 'NONE',  ( 41.72089644791407200, 48.96980681871871600, 1.755064066180478600 ) ) ;
#2380 = FACE_OUTER_BOUND ( 'NONE', #1265, .T. ) ;
#2381 = AXIS2_PLACEMENT_3D ( 'NONE', #1174, #2128, #706 ) ;
#2382 = AXIS2_PLACEMENT_3D ( 'NONE', #249, #1369, #2608 ) ;
#2383 = CARTESIAN_POINT ( 'NONE',  ( 24.00000000000000000, -131.5450643776823700, -24.20528946059915000 ) ) ;
#2384 = EDGE_LOOP ( 'NONE', ( #3077, #489, #1006, #394 ) ) ;
#2385 = EDGE_LOOP ( 'NONE', ( #1804 ) ) ;
#2386 = EDGE_CURVE ( 'E1089', #725, #2834, #2277, .T. ) ;
#2387 = CARTESIAN_POINT ( 'NONE',  ( 24.00000000000000400, 0.0000000000000000000, -77.00000000000000000 ) ) ;
#2388 = AXIS2_PLACEMENT_3D ( 'NONE', #2906, #952, #2620 ) ;
#2389 = CARTESIAN_POINT ( 'NONE',  ( 13.92973025681116900, 46.59742373528926900, 50.34607572679026800 ) ) ;
#2390 = DIRECTION ( 'NONE',  ( -1.000000000000000000, 0.0000000000000000000, 0.0000000000000000000 ) ) ;
#2391 = ORIENTED_EDGE ( 'NONE', *, *, #1829, .T. ) ;
#2392 = DIRECTION ( 'NONE',  ( 1.000000000000000000, 0.0000000000000000000, 1.224606353822375800E-016 ) ) ;
#2393 = EDGE_CURVE ( 'E1068', #38, #725, #57, .T. ) ;
#2394 = CLOSED_SHELL ( 'NONE', ( #1511, #2417, #2716, #389, #1975, #2875, #1296, #2095, #636, #90, #1861, #20, #2358, #1772, #2715, #1817, #1638, #2506, #188, #370, #1947, #72, #674, #683, #1334, #2064, #3070, #841, #62, #27, #1107, #2799, #2235, #1077, #2864, #3043, #871, #1900, #2874, #1547, #678, #205, #462, #486, #159, #372, #216, #857, #838, #2309, #275, #1774, #2611, #76, #895, #2787, #671, #199, #55, #1016, #1868, #1762, #70, #25, #1193, #1332, #2831, #1138, #1474, #1571, #2996, #727, #641, #426, #1650, #1506, #805, #538 ) ) ;
#2395 = FACE_OUTER_BOUND ( 'NONE', #1876, .T. ) ;
#2396 = DIRECTION ( 'NONE',  ( 1.000000000000000000, 0.0000000000000000000, 6.123031769111888800E-017 ) ) ;
#2397 = ORIENTED_EDGE ( 'NONE', *, *, #2404, .T. ) ;
#2398 = DIRECTION ( 'NONE',  ( 0.0000000000000000000, 0.0000000000000000000, 1.000000000000000000 ) ) ;
#2399 = CIRCLE ( 'NONE', #2844, 77.00000000000000000 ) ;
#2400 = CARTESIAN_POINT ( 'NONE',  ( 5.833630944789019800, 0.0000000000000000000, 49.00000000000000000 ) ) ;
#2401 = ORIENTED_EDGE ( 'NONE', *, *, #926, .F. ) ;
#2402 = CARTESIAN_POINT ( 'NONE',  ( 13.56064594057216000, 64.14961228148961000, 58.04785850568369900 ) ) ;
#2403 = DIRECTION ( 'NONE',  ( 0.0000000000000000000, 1.000000000000000000, 0.0000000000000000000 ) ) ;
#2404 = EDGE_CURVE ( 'E1274', #768, #2286, #1036, .T. ) ;
#2405 = CARTESIAN_POINT ( 'NONE',  ( -10.85159498145731900, -18.49943322405269800, -66.63351910657395600 ) ) ;
#2406 = DIRECTION ( 'NONE',  ( 0.0000000000000000000, 0.8660254037844383700, -0.5000000000000002200 ) ) ;
#2407 = PLANE ( 'NONE',  #2428 ) ;
#2408 = LINE ( 'NONE', #2280, #603 ) ;
#2409 = AXIS2_PLACEMENT_3D ( 'NONE', #7, #2303, #2546 ) ;
#2410 = CARTESIAN_POINT ( 'NONE',  ( 39.72193898304212200, 48.77411607521447900, 4.701336025378872700 ) ) ;
#2411 = ORIENTED_EDGE ( 'NONE', *, *, #2241, .F. ) ;
#2412 = CARTESIAN_POINT ( 'NONE',  ( 0.0000000000000000000, 0.0000000000000000000, 0.0000000000000000000 ) ) ;
#2413 = VECTOR ( 'NONE', #1326, 1000.000000000000200 ) ;
#2414 = CARTESIAN_POINT ( 'NONE',  ( -9.496459760733388900, 60.66695972761953500, -0.2159739092845244500 ) ) ;
#2415 = AXIS2_PLACEMENT_3D ( 'NONE', #2713, #2733, #2693 ) ;
#2416 = CARTESIAN_POINT ( 'NONE',  ( -11.10356108867163600, -15.91033972634434900, -58.54389592681609100 ) ) ;
#2417 = ADVANCED_FACE ( 'E3', ( #999, #112 ), #1429, .F. ) ;
#2418 = CARTESIAN_POINT ( 'NONE',  ( 14.87464460883600000, 63.46320131503333100, 58.68499990945725400 ) ) ;
#2419 = CARTESIAN_POINT ( 'NONE',  ( -10.40964107965340100, 60.66165365327979200, 0.8248886230765529700 ) ) ;
#2420 = AXIS2_PLACEMENT_3D ( 'NONE', #1910, #483, #1654 ) ;
#2421 = CARTESIAN_POINT ( 'NONE',  ( -34.00000000000000000, 116.5000000000000000, 0.0000000000000000000 ) ) ;
#2422 = VERTEX_POINT ( 'NONE', #69 ) ;
#2423 = DIRECTION ( 'NONE',  ( 1.000000000000000000, 0.0000000000000000000, 0.0000000000000000000 ) ) ;
#2424 = ORIENTED_EDGE ( 'NONE', *, *, #1837, .T. ) ;
#2425 = DIRECTION ( 'NONE',  ( 1.000000000000000000, -0.0000000000000000000, -0.0000000000000000000 ) ) ;
#2426 = DIRECTION ( 'NONE',  ( -1.000000000000000000, 0.0000000000000000000, -3.204937810639275000E-016 ) ) ;
#2427 = FACE_OUTER_BOUND ( 'NONE', #2245, .T. ) ;
#2428 = AXIS2_PLACEMENT_3D ( 'NONE', #509, #1693, #1678 ) ;
#2429 = CARTESIAN_POINT ( 'NONE',  ( 8.206382086167106800, 58.44685089668192300, 64.20926588405197300 ) ) ;
#2430 = ORIENTED_EDGE ( 'NONE', *, *, #1520, .F. ) ;
#2431 = ORIENTED_EDGE ( 'NONE', *, *, #2161, .T. ) ;
#2432 = CARTESIAN_POINT ( 'NONE',  ( 31.74298380084742600, 48.71052791509528400, -5.321839211155221100 ) ) ;
#2433 = CYLINDRICAL_SURFACE ( 'NONE', #2415, 0.8249999999999992900 ) ;
#2434 = DIRECTION ( 'NONE',  ( -0.0000000000000000000, 0.4999999999999998900, 0.8660254037844387100 ) ) ;
#2435 = EDGE_LOOP ( 'NONE', ( #1776 ) ) ;
#2436 = CARTESIAN_POINT ( 'NONE',  ( 31.83589838486224700, 46.75000000000000000, -1.110223024625155900E-015 ) ) ;
#2437 = EDGE_CURVE ( 'NONE', #2942, #2942, #1807, .T. ) ;
#2438 = CARTESIAN_POINT ( 'NONE',  ( 33.56794919243110100, 46.75000000000000000, -3.000000000000000000 ) ) ;
#2439 = DIRECTION ( 'NONE',  ( 0.0000000000000000000, 0.0000000000000000000, -1.000000000000000000 ) ) ;
#2440 = ORIENTED_EDGE ( 'NONE', *, *, #29, .T. ) ;
#2441 = EDGE_CURVE ( 'NONE', #2937, #2937, #2792, .T. ) ;
#2442 = FACE_BOUND ( 'NONE', #677, .T. ) ;
#2443 = DIRECTION ( 'NONE',  ( 1.000000000000000000, 0.0000000000000000000, 0.0000000000000000000 ) ) ;
#2444 = FACE_OUTER_BOUND ( 'NONE', #261, .T. ) ;
#2445 = CARTESIAN_POINT ( 'NONE',  ( -13.97682920749180900, 84.37095646011602000, -28.49999999999999600 ) ) ;
#2446 = CARTESIAN_POINT ( 'NONE',  ( -34.00000000000000000, 131.5450643776823700, -24.20528946059915000 ) ) ;
#2447 = LINE ( 'NONE', #1275, #960 ) ;
#2448 = EDGE_CURVE ( 'E150', #2878, #1098, #2528, .T. ) ;
#2449 = CARTESIAN_POINT ( 'NONE',  ( 15.03401755056968100, 63.34356587186270800, 58.80052611518676300 ) ) ;
#2450 = CARTESIAN_POINT ( 'NONE',  ( -16.44404637688204900, 0.0000000000000000000, 1.153009674288126200E-016 ) ) ;
#2451 = DIRECTION ( 'NONE',  ( -1.000000000000000000, 0.0000000000000000000, -5.442694905877229800E-017 ) ) ;
#2452 = CARTESIAN_POINT ( 'NONE',  ( 6.370421412566379600, 61.63964626067861000, 61.30250836264190200 ) ) ;
#2453 = EDGE_CURVE ( 'E72', #1882, #492, #46, .T. ) ;
#2454 = DIRECTION ( 'NONE',  ( -5.099044818473645200E-017, 0.0000000000000000000, 1.000000000000000000 ) ) ;
#2455 = AXIS2_PLACEMENT_3D ( 'NONE', #1408, #98, #1928 ) ;
#2456 = CARTESIAN_POINT ( 'NONE',  ( 28.88517829007825100, -22.96943671507406700, -43.28332788603957200 ) ) ;
#2457 = CARTESIAN_POINT ( 'NONE',  ( 28.71940901224225200, -23.50805577621210300, -42.99461939842378700 ) ) ;
#2458 = AXIS2_PLACEMENT_3D ( 'NONE', #2665, #979, #2654 ) ;
#2459 = FACE_OUTER_BOUND ( 'NONE', #496, .T. ) ;
#2460 = CARTESIAN_POINT ( 'NONE',  ( 9.444966910609709400, 51.96421704818615000, 45.94123838648842900 ) ) ;
#2461 = CARTESIAN_POINT ( 'NONE',  ( -12.32362519336101900, -83.28113889490690300, -28.50000000000000000 ) ) ;
#2462 = FACE_BOUND ( 'NONE', #2282, .T. ) ;
#2463 = DIRECTION ( 'NONE',  ( 0.0000000000000000000, 1.000000000000000000, 0.0000000000000000000 ) ) ;
#2464 = VECTOR ( 'NONE', #1435, 1000.000000000000000 ) ;
#2465 = CARTESIAN_POINT ( 'NONE',  ( -12.00000000000000000, 83.26120573555088800, 28.50000000000000000 ) ) ;
#2466 = CARTESIAN_POINT ( 'NONE',  ( 24.00000000000000000, 131.5450643776823700, -24.20528946059915000 ) ) ;
#2467 = EDGE_CURVE ( 'NONE', #2935, #2935, #1345, .T. ) ;
#2468 = CARTESIAN_POINT ( 'NONE',  ( 11.11589617554351300, -59.93399799053337800, 34.41459606041205200 ) ) ;
#2469 = VECTOR ( 'NONE', #429, 1000.000000000000100 ) ;
#2470 = CARTESIAN_POINT ( 'NONE',  ( 29.75414677514920200, 48.87546061786730400, 3.495401657882618800 ) ) ;
#2471 = DIRECTION ( 'NONE',  ( -7.709882115452475700E-017, 0.0000000000000000000, 1.000000000000000000 ) ) ;
#2472 = DIRECTION ( 'NONE',  ( 0.0000000000000000000, 0.0000000000000000000, 1.000000000000000000 ) ) ;
#2473 = CARTESIAN_POINT ( 'NONE',  ( 16.50000000000000000, 0.0000000000000000000, 2.020600483806925200E-015 ) ) ;
#2474 = CARTESIAN_POINT ( 'NONE',  ( -14.20000000000000100, 0.0000000000000000000, 0.0000000000000000000 ) ) ;
#2475 = CARTESIAN_POINT ( 'NONE',  ( 34.59700969020470000, -29.71343567347830800, -38.96295708651517500 ) ) ;
#2476 = ORIENTED_EDGE ( 'NONE', *, *, #2505, .F. ) ;
#2477 = DIRECTION ( 'NONE',  ( -1.000000000000000000, 0.0000000000000000000, -2.449212707644755000E-016 ) ) ;
#2478 = VECTOR ( 'NONE', #1168, 1000.000000000000000 ) ;
#2479 = AXIS2_PLACEMENT_3D ( 'NONE', #1944, #1775, #3006 ) ;
#2480 = ORIENTED_EDGE ( 'NONE', *, *, #1696, .T. ) ;
#2481 = VERTEX_POINT ( 'NONE', #1491 ) ;
#2482 = DIRECTION ( 'NONE',  ( -1.000000000000000000, 0.0000000000000000000, 0.0000000000000000000 ) ) ;
#2483 = EDGE_CURVE ( 'E1295', #2286, #123, #767, .T. ) ;
#2484 = ORIENTED_EDGE ( 'NONE', *, *, #1801, .F. ) ;
#2485 = CARTESIAN_POINT ( 'NONE',  ( 10.40795850232451300, -52.94708574534368500, 29.61625864734062600 ) ) ;
#2486 = CARTESIAN_POINT ( 'NONE',  ( -10.71507546600974700, -16.39728895120392900, -58.40930821028491200 ) ) ;
#2487 = VECTOR ( 'NONE', #2377, 1000.000000000000100 ) ;
#2488 = CARTESIAN_POINT ( 'NONE',  ( 30.01227474966238500, 48.85022294273182600, 3.831997103863935100 ) ) ;
#2489 = DIRECTION ( 'NONE',  ( -1.000000000000000000, 0.0000000000000000000, 0.0000000000000000000 ) ) ;
#2490 = AXIS2_PLACEMENT_3D ( 'NONE', #1264, #2544, #2550 ) ;
#2491 = FACE_BOUND ( 'NONE', #2205, .T. ) ;
#2492 = DIRECTION ( 'NONE',  ( -2.565587122509957200E-016, 0.0000000000000000000, 1.000000000000000000 ) ) ;
#2493 = DIRECTION ( 'NONE',  ( -0.4999999999999998900, 0.0000000000000000000, 0.8660254037844387100 ) ) ;
#2494 = CARTESIAN_POINT ( 'NONE',  ( -13.18231050458878400, 83.53702539491855800, 28.50000000000000400 ) ) ;
#2495 = CARTESIAN_POINT ( 'NONE',  ( 41.30180043330003100, 48.92262438860350900, -2.776402759555534500 ) ) ;
#2496 = DIRECTION ( 'NONE',  ( 3.232330075539749200E-017, -0.8493084021262860000, -0.5278969957081539600 ) ) ;
#2497 = CARTESIAN_POINT ( 'NONE',  ( -12.32362519336101900, -83.28113889490690300, -28.50000000000000000 ) ) ;
#2498 = EDGE_CURVE ( 'NONE', #2930, #2930, #870, .T. ) ;
#2499 = AXIS2_PLACEMENT_3D ( 'NONE', #1753, #2895, #1870 ) ;
#2500 = CARTESIAN_POINT ( 'NONE',  ( 35.29999999999999700, -20.00000000000000000, -34.64101615137754900 ) ) ;
#2501 = ORIENTED_EDGE ( 'NONE', *, *, #3013, .T. ) ;
#2502 = AXIS2_PLACEMENT_3D ( 'NONE', #1705, #1952, #114 ) ;
#2503 = FACE_OUTER_BOUND ( 'NONE', #2322, .T. ) ;
#2504 = CARTESIAN_POINT ( 'NONE',  ( 41.19447966235729600, -21.88203769007859400, -43.84404922349364100 ) ) ;
#2505 = EDGE_CURVE ( 'E267', #2645, #310, #909, .T. ) ;
#2506 = ADVANCED_FACE ( 'E675', ( #2150 ), #2747, .F. ) ;
#2507 = CARTESIAN_POINT ( 'NONE',  ( 29.87950372169001400, -27.62032803186205900, -40.47520081902283800 ) ) ;
#2508 = CARTESIAN_POINT ( 'NONE',  ( 37.92452934476511900, -29.33527665194450800, -39.24868899858404300 ) ) ;
#2509 = CARTESIAN_POINT ( 'NONE',  ( -10.88464551206506300, 69.14611831080222300, -0.5820778515131580500 ) ) ;
#2510 = DIRECTION ( 'NONE',  ( 0.0000000000000000000, -0.4999999999999998900, -0.8660254037844387100 ) ) ;
#2511 = FACE_BOUND ( 'NONE', #1050, .T. ) ;
#2512 = LINE ( 'NONE', #1937, #200 ) ;
#2513 = CARTESIAN_POINT ( 'NONE',  ( -5.833630944789019800, 0.0000000000000000000, 0.0000000000000000000 ) ) ;
#2514 = ORIENTED_EDGE ( 'NONE', *, *, #388, .F. ) ;
#2515 = ORIENTED_EDGE ( 'NONE', *, *, #1034, .T. ) ;
#2516 = CARTESIAN_POINT ( 'NONE',  ( 24.00000000000000000, -47.51072961373390800, -76.43775619136570800 ) ) ;
#2517 = CARTESIAN_POINT ( 'NONE',  ( -10.96155348435741100, 69.13466210568235200, -0.5048306229407958400 ) ) ;
#2518 = VERTEX_POINT ( 'NONE', #663 ) ;
#2519 = CARTESIAN_POINT ( 'NONE',  ( 33.56794919243110100, 49.00000000000000000, 3.000000000000000000 ) ) ;
#2520 = AXIS2_PLACEMENT_3D ( 'NONE', #3023, #337, #1267 ) ;
#2521 = CARTESIAN_POINT ( 'NONE',  ( -11.02201671518508300, 69.12565275189390900, -0.4136385293089183700 ) ) ;
#2522 = CARTESIAN_POINT ( 'NONE',  ( 38.07187805418988100, 48.66635432503452600, -5.709113593323574600 ) ) ;
#2523 = AXIS2_PLACEMENT_3D ( 'NONE', #1028, #1979, #551 ) ;
#2524 = ORIENTED_EDGE ( 'NONE', *, *, #2349, .T. ) ;
#2525 = EDGE_LOOP ( 'NONE', ( #2626, #2721, #714, #1133 ) ) ;
#2526 = EDGE_CURVE ( 'E85', #492, #1766, #757, .T. ) ;
#2527 = CARTESIAN_POINT ( 'NONE',  ( 33.73641211272130400, -14.76944580381342200, -37.17346948815231400 ) ) ;
#2528 = B_SPLINE_CURVE_WITH_KNOTS ( 'NONE', 3,
 ( #3049, #1550, #32, #2595, #2926, #1150, #284, #296, #1428, #167, #2200, #2575, #524, #2737, #1503, #609, #28, #1360, #40, #2373, #2238, #2847, #1139, #2449, #2418, #1160, #493, #2402 ),
 .UNSPECIFIED., .F., .F.,
 ( 4, 2, 2, 2, 2, 2, 2, 2, 2, 2, 2, 2, 2, 4 ),
 ( 0.001452797568764212000, 0.002143576024657025900, 0.002834354480549839800, 0.003525132936442653700, 0.004215911392335467200, 0.004906689848228284200, 0.005597468304121087200, 0.006288246760013891200, 0.006979025215906695100, 0.008360582127692315100, 0.009742139039477936900, 0.01043291749537075000, 0.01112369595126356400, 0.01250525286304920500 ),
 .UNSPECIFIED. ) ;
#2529 = ORIENTED_EDGE ( 'NONE', *, *, #1724, .T. ) ;
#2530 = AXIS2_PLACEMENT_3D ( 'NONE', #1938, #1213, #107 ) ;
#2531 = CARTESIAN_POINT ( 'NONE',  ( -14.20000000000000100, 0.0000000000000000000, 0.0000000000000000000 ) ) ;
#2532 = DIRECTION ( 'NONE',  ( -1.000000000000000000, 0.0000000000000000000, 0.0000000000000000000 ) ) ;
#2533 = EDGE_CURVE ( 'E506', #837, #197, #1756, .T. ) ;
#2534 = DATE_TIME_ROLE ( 'classification_date' ) ;
#2535 = AXIS2_PLACEMENT_3D ( 'NONE', #637, #2708, #1483 ) ;
#2536 = DIRECTION ( 'NONE',  ( 0.0000000000000000000, 0.0000000000000000000, 1.000000000000000000 ) ) ;
#2537 = AXIS2_PLACEMENT_3D ( 'NONE', #521, #2482, #1374 ) ;
#2538 = CARTESIAN_POINT ( 'NONE',  ( 35.29999999999999700, -14.57756751057853800, -37.24908757908744400 ) ) ;
#2539 = CARTESIAN_POINT ( 'NONE',  ( -10.71633959148352800, -15.00490139291343000, -58.78240653328172300 ) ) ;
#2540 = AXIS2_PLACEMENT_3D ( 'NONE', #1715, #1171, #1742 ) ;
#2541 = CIRCLE ( 'NONE', #2000, 49.00000000000000000 ) ;
#2542 = ORIENTED_EDGE ( 'NONE', *, *, #2775, .T. ) ;
#2543 = DIRECTION ( 'NONE',  ( 0.0000000000000000000, 0.0000000000000000000, 1.000000000000000000 ) ) ;
#2544 = DIRECTION ( 'NONE',  ( 1.000000000000000000, 0.0000000000000000000, 0.0000000000000000000 ) ) ;
#2545 = EDGE_LOOP ( 'NONE', ( #2806 ) ) ;
#2546 = DIRECTION ( 'NONE',  ( 0.0000000000000000000, -0.8660254037844383700, 0.5000000000000002200 ) ) ;
#2547 = EDGE_LOOP ( 'NONE', ( #464, #2440, #1676, #2026, #1135, #1680, #2947, #2622 ) ) ;
#2548 = DIRECTION ( 'NONE',  ( 0.0000000000000000000, 0.0000000000000000000, 1.000000000000000000 ) ) ;
#2549 = FACE_OUTER_BOUND ( 'NONE', #1385, .T. ) ;
#2550 = DIRECTION ( 'NONE',  ( 0.0000000000000000000, 0.0000000000000000000, -1.000000000000000000 ) ) ;
#2551 = ORIENTED_EDGE ( 'NONE', *, *, #364, .F. ) ;
#2552 = FACE_BOUND ( 'NONE', #377, .T. ) ;
#2553 = DIRECTION ( 'NONE',  ( 0.0000000000000000000, -1.000000000000000000, 0.0000000000000000000 ) ) ;
#2554 = CARTESIAN_POINT ( 'NONE',  ( 33.56794919243110100, 49.00000000000000000, -3.000000000000000000 ) ) ;
#2555 = AXIS2_PLACEMENT_3D ( 'NONE', #774, #1350, #2137 ) ;
#2556 = CARTESIAN_POINT ( 'NONE',  ( 35.29999999999999700, 40.00000000000000000, 0.0000000000000000000 ) ) ;
#2557 = VECTOR ( 'NONE', #3068, 1000.000000000000000 ) ;
#2558 = ORIENTED_EDGE ( 'NONE', *, *, #1968, .F. ) ;
#2559 = DIRECTION ( 'NONE',  ( 0.5000000000000001100, -0.7500000000000001100, 0.4330127018922190800 ) ) ;
#2560 = EDGE_CURVE ( 'NONE', #2917, #2917, #826, .T. ) ;
#2561 = CARTESIAN_POINT ( 'NONE',  ( 38.76410161513775400, 46.75000000000000000, 2.121080424092025200E-016 ) ) ;
#2562 = CARTESIAN_POINT ( 'NONE',  ( -12.00000000000000000, 0.0000000000000000000, 28.50000000000000000 ) ) ;
#2563 = CARTESIAN_POINT ( 'NONE',  ( 9.793978908535592600, -52.20600411244226500, 30.90397585866716000 ) ) ;
#2564 = CIRCLE ( 'NONE', #89, 60.66726188957799300 ) ;
#2565 = DIRECTION ( 'NONE',  ( 0.0000000000000000000, -1.000000000000000000, 0.0000000000000000000 ) ) ;
#2566 = CARTESIAN_POINT ( 'NONE',  ( -34.00000000000000000, -131.5450643776823700, 24.20528946059915000 ) ) ;
#2567 = CARTESIAN_POINT ( 'NONE',  ( -14.20000000000000100, 142.3977118876569800, 28.50000000000000000 ) ) ;
#2568 = FACE_OUTER_BOUND ( 'NONE', #179, .T. ) ;
#2569 = CARTESIAN_POINT ( 'NONE',  ( 9.639892247260982900, -52.28425117443713100, 30.77140991878329900 ) ) ;
#2570 = AXIS2_PLACEMENT_3D ( 'NONE', #2922, #1124, #1904 ) ;
#2571 = LINE ( 'NONE', #2887, #667 ) ;
#2572 = DIRECTION ( 'NONE',  ( 0.0000000000000000000, -1.000000000000000000, 0.0000000000000000000 ) ) ;
#2573 = FACE_OUTER_BOUND ( 'NONE', #1425, .T. ) ;
#2574 = APPROVAL_STATUS ( 'not_yet_approved' ) ;
#2575 = CARTESIAN_POINT ( 'NONE',  ( 16.00744521480751800, 59.66187568544185600, 62.45463307670333800 ) ) ;
#2576 = DIRECTION ( 'NONE',  ( -0.4999999999999998900, 0.0000000000000000000, 0.8660254037844387100 ) ) ;
#2577 = DIRECTION ( 'NONE',  ( -1.000000000000000000, 0.0000000000000000000, 0.0000000000000000000 ) ) ;
#2578 = DESIGN_CONTEXT ( 'detailed design', #2123, 'design' ) ;
#2579 = CARTESIAN_POINT ( 'NONE',  ( 9.523350017195005200, -34.93323287269057400, -59.90815521181499300 ) ) ;
#2580 = CARTESIAN_POINT ( 'NONE',  ( 14.85000000000000000, 0.0000000000000000000, 1.616480387045539900E-015 ) ) ;
#2581 = VECTOR ( 'NONE', #2231, 1000.000000000000100 ) ;
#2582 = CARTESIAN_POINT ( 'NONE',  ( 33.56794919243110100, -25.97307621135330200, -38.98668762692249600 ) ) ;
#2583 = ORIENTED_EDGE ( 'NONE', *, *, #686, .T. ) ;
#2584 = LINE ( 'NONE', #2554, #1294 ) ;
#2585 = DIRECTION ( 'NONE',  ( -3.232330075539749800E-017, 0.8493084021262860000, 0.5278969957081540700 ) ) ;
#2586 = CARTESIAN_POINT ( 'NONE',  ( 32.49765288358700100, 48.66694153784961700, -5.706689382486966400 ) ) ;
#2587 = ORIENTED_EDGE ( 'NONE', *, *, #155, .F. ) ;
#2588 = ORIENTED_EDGE ( 'NONE', *, *, #2197, .F. ) ;
#2589 = CARTESIAN_POINT ( 'NONE',  ( 9.575697653313200800, -35.01247727810824300, -59.85342470814859400 ) ) ;
#2590 = CARTESIAN_POINT ( 'NONE',  ( -11.12496185779622600, -15.80613471297018600, -58.57212959619837300 ) ) ;
#2591 = CARTESIAN_POINT ( 'NONE',  ( 9.490845573771279600, -34.84487641028656700, -59.96474173871126100 ) ) ;
#2592 = CARTESIAN_POINT ( 'NONE',  ( 9.468163392269751500, -34.65935422504571100, -60.07574269390055800 ) ) ;
#2593 = EDGE_LOOP ( 'NONE', ( #791 ) ) ;
#2594 = CARTESIAN_POINT ( 'NONE',  ( 28.95131391324628100, -22.79155795340612300, -43.37723261162280200 ) ) ;
#2595 = CARTESIAN_POINT ( 'NONE',  ( 14.35180957255244900, 58.12867034756171600, 64.01426291872901700 ) ) ;
#2596 = CARTESIAN_POINT ( 'NONE',  ( 9.478551371530961900, -34.56296058974442800, -60.12961436982984500 ) ) ;
#2597 = ORIENTED_EDGE ( 'NONE', *, *, #1444, .F. ) ;
#2598 = ORIENTED_EDGE ( 'NONE', *, *, #1779, .T. ) ;
#2599 = CARTESIAN_POINT ( 'NONE',  ( 9.571307225784638100, -34.28697342207831200, -60.27304830457017500 ) ) ;
#2600 = CARTESIAN_POINT ( 'NONE',  ( 9.719005035094376400, -34.11946329153178000, -60.34442913755409400 ) ) ;
#2601 = CARTESIAN_POINT ( 'NONE',  ( 35.29999999999999700, 40.00000000000000000, -5.323399999999999500 ) ) ;
#2602 = CARTESIAN_POINT ( 'NONE',  ( -9.884751980942626300, -15.00424983293476800, -58.78257279218949100 ) ) ;
#2603 = CARTESIAN_POINT ( 'NONE',  ( -14.14392145519038900, 84.85842748236036900, 28.49999999999999600 ) ) ;
#2604 = CYLINDRICAL_SURFACE ( 'NONE', #2735, 81.00000000000000000 ) ;
#2605 = EDGE_CURVE ( 'E233', #1685, #1818, #1507, .T. ) ;
#2606 = CARTESIAN_POINT ( 'NONE',  ( 10.00263040471036600, -33.96578251480581700, -60.38447435948739900 ) ) ;
#2607 = AXIS2_PLACEMENT_3D ( 'NONE', #276, #2113, #2585 ) ;
#2608 = DIRECTION ( 'NONE',  ( 0.0000000000000000000, 0.0000000000000000000, 1.000000000000000000 ) ) ;
#2609 = VERTEX_POINT ( 'NONE', #742 ) ;
#2610 = CARTESIAN_POINT ( 'NONE',  ( 10.10712952551885200, -33.93001099101807900, -60.38718529710408900 ) ) ;
#2611 = ADVANCED_FACE ( 'E1249', ( #2247, #423 ), #2290, .T. ) ;
#2612 = EDGE_CURVE ( 'E1242', #1029, #420, #353, .T. ) ;
#2613 = CARTESIAN_POINT ( 'NONE',  ( -5.833630944789010000, 0.0000000000000000000, -60.66726188957799300 ) ) ;
#2614 = AXIS2_PLACEMENT_3D ( 'NONE', #1167, #479, #557 ) ;
#2615 = CARTESIAN_POINT ( 'NONE',  ( -9.474999999999999600, -15.70184279124515000, -58.60007506938601600 ) ) ;
#2616 = CYLINDRICAL_SURFACE ( 'NONE', #2919, 49.00000000000000000 ) ;
#2617 = MECHANICAL_CONTEXT ( 'NONE', #1329, 'mechanical' ) ;
#2618 = ORIENTED_EDGE ( 'NONE', *, *, #1779, .F. ) ;
#2619 = DIRECTION ( 'NONE',  ( 0.0000000000000000000, 0.8660254037844384900, -0.5000000000000002200 ) ) ;
#2620 = DIRECTION ( 'NONE',  ( 1.000000000000000000, 0.0000000000000000000, 3.204937810639275000E-016 ) ) ;
#2621 = ADVANCED_FACE ( 'E1478', ( #1032, #1467 ), #2709, .T. ) ;
#2622 = ORIENTED_EDGE ( 'NONE', *, *, #1181, .T. ) ;
#2623 = ORIENTED_EDGE ( 'NONE', *, *, #1929, .T. ) ;
#2624 = CARTESIAN_POINT ( 'NONE',  ( 10.32143645159169600, -33.89468425297138100, -60.37077264844418800 ) ) ;
#2625 = EDGE_CURVE ( 'NONE', #2912, #2912, #869, .T. ) ;
#2626 = ORIENTED_EDGE ( 'NONE', *, *, #2008, .T. ) ;
#2627 = CARTESIAN_POINT ( 'NONE',  ( -10.58109004553327800, -18.68615162932980700, -66.62519281660441100 ) ) ;
#2628 = ORIENTED_EDGE ( 'NONE', *, *, #2220, .T. ) ;
#2629 = CARTESIAN_POINT ( 'NONE',  ( 10.42942600722651600, -33.89511198851355500, -60.35197126952855500 ) ) ;
#2630 = CARTESIAN_POINT ( 'NONE',  ( 10.63728237320420400, -33.93272649789079100, -60.29452940196272700 ) ) ;
#2631 = CARTESIAN_POINT ( 'NONE',  ( -34.00000000000000000, 0.0000000000000000000, 0.0000000000000000000 ) ) ;
#2632 = DIRECTION ( 'NONE',  ( 0.0000000000000000000, 0.0000000000000000000, -1.000000000000000000 ) ) ;
#2633 = ORIENTED_EDGE ( 'NONE', *, *, #3048, .T. ) ;
#2634 = CARTESIAN_POINT ( 'NONE',  ( 10.73361447997934800, -33.96932868989770800, -60.25683401722677200 ) ) ;
#2635 = DIRECTION ( 'NONE',  ( 1.000000000000000000, 0.0000000000000000000, 0.0000000000000000000 ) ) ;
#2636 = CARTESIAN_POINT ( 'NONE',  ( 10.90176894246663200, -34.07417037119496700, -60.16738455896680200 ) ) ;
#2637 = CIRCLE ( 'NONE', #824, 68.04111506107850000 ) ;
#2638 = CARTESIAN_POINT ( 'NONE',  ( 35.29999999999999700, -14.57756751057854100, -37.24908757908745100 ) ) ;
#2639 = CARTESIAN_POINT ( 'NONE',  ( -11.01811258349745300, 69.12623449076477300, 0.4202161695163876300 ) ) ;
#2640 = CARTESIAN_POINT ( 'NONE',  ( 11.07588110423940000, -34.29859245688068400, -60.00785886503899000 ) ) ;
#2641 = ORIENTED_EDGE ( 'NONE', *, *, #1682, .F. ) ;
#2642 = CARTESIAN_POINT ( 'NONE',  ( 11.10903516514930300, -34.38805983252425600, -59.95049919067282900 ) ) ;
#2643 = DIRECTION ( 'NONE',  ( 0.0000000000000000000, 0.4999999999999998900, 0.8660254037844387100 ) ) ;
#2644 = CARTESIAN_POINT ( 'NONE',  ( 11.13178978003721300, -34.57244675761587200, -59.84012747347326700 ) ) ;
#2645 = VERTEX_POINT ( 'NONE', #2710 ) ;
#2646 = CARTESIAN_POINT ( 'NONE',  ( -16.50000000000000000, 77.00000000000000000, 0.0000000000000000000 ) ) ;
#2647 = DIRECTION ( 'NONE',  ( 0.0000000000000000000, -1.000000000000000000, 0.0000000000000000000 ) ) ;
#2648 = AXIS2_PLACEMENT_3D ( 'NONE', #386, #2185, #518 ) ;
#2649 = CARTESIAN_POINT ( 'NONE',  ( 11.12161236757186300, -34.66922976456265800, -59.78600140074345100 ) ) ;
#2650 = CARTESIAN_POINT ( 'NONE',  ( 7.597477436791098000, 51.57537616671552200, 46.71556069713032100 ) ) ;
#2651 = EDGE_CURVE ( 'E124', #1626, #1263, #3059, .T. ) ;
#2652 = CARTESIAN_POINT ( 'NONE',  ( 11.05997338606060700, -34.85337776062791400, -59.69029037445589100 ) ) ;
#2653 = AXIS2_PLACEMENT_3D ( 'NONE', #1651, #209, #991 ) ;
#2654 = DIRECTION ( 'NONE',  ( 0.0000000000000000000, 0.0000000000000000000, 1.000000000000000000 ) ) ;
#2655 = SPHERICAL_SURFACE ( 'NONE', #2991, 70.00000000000000000 ) ;
#2656 = CARTESIAN_POINT ( 'NONE',  ( 11.00840702704913100, -34.94185415039753200, -59.64808168109301800 ) ) ;
#2657 = LINE ( 'NONE', #2007, #2239 ) ;
#2658 = CARTESIAN_POINT ( 'NONE',  ( 0.0000000000000000000, 0.0000000000000000000, 0.0000000000000000000 ) ) ;
#2659 = CARTESIAN_POINT ( 'NONE',  ( -9.671779567906028800, -17.41613261236596000, -67.10548915055136400 ) ) ;
#2660 = EDGE_LOOP ( 'NONE', ( #320 ) ) ;
#2661 = CARTESIAN_POINT ( 'NONE',  ( -9.640570297721616600, 60.66518848673308600, -0.5073101759813835000 ) ) ;
#2662 = EDGE_LOOP ( 'NONE', ( #1786 ) ) ;
#2663 = EDGE_LOOP ( 'NONE', ( #2753, #512, #520, #2075 ) ) ;
#2664 = CARTESIAN_POINT ( 'NONE',  ( 10.78762102346337800, -35.16421134944145900, -59.55768170448271800 ) ) ;
#2665 = CARTESIAN_POINT ( 'NONE',  ( 16.25000000000000000, 0.0000000000000000000, 0.0000000000000000000 ) ) ;
#2666 = EDGE_LOOP ( 'NONE', ( #690, #67, #2670, #2013, #995, #319 ) ) ;
#2667 = CARTESIAN_POINT ( 'NONE',  ( -10.08492550934550300, 60.66195084338442500, 0.8038015880751565600 ) ) ;
#2668 = CARTESIAN_POINT ( 'NONE',  ( -16.50000000000000000, 0.0000000000000000000, 0.0000000000000000000 ) ) ;
#2669 = CARTESIAN_POINT ( 'NONE',  ( 10.59668005929869100, -35.26776591326056100, -59.53072346607967100 ) ) ;
#2670 = ORIENTED_EDGE ( 'NONE', *, *, #1568, .F. ) ;
#2671 = AXIS2_PLACEMENT_3D ( 'NONE', #1404, #3079, #2619 ) ;
#2672 = DIRECTION ( 'NONE',  ( -1.000000000000000000, 0.0000000000000000000, 0.0000000000000000000 ) ) ;
#2673 = CARTESIAN_POINT ( 'NONE',  ( -14.18858213734561200, -85.10991333269403500, 28.50000000000000700 ) ) ;
#2674 = CARTESIAN_POINT ( 'NONE',  ( 7.493188295003385200, 59.01009193755387400, 63.74843436607717700 ) ) ;
#2675 = EDGE_CURVE ( 'E440', #75, #1765, #2154, .T. ) ;
#2676 = CARTESIAN_POINT ( 'NONE',  ( 10.27891257701147500, -35.33842328664428600, -59.54453460856514400 ) ) ;
#2677 = AXIS2_PLACEMENT_3D ( 'NONE', #2556, #1513, #176 ) ;
#2678 = ADVANCED_FACE ( 'E1505', ( #2315, #1636 ), #2164, .T. ) ;
#2679 = CARTESIAN_POINT ( 'NONE',  ( 30.55008536682597500, -20.56916687944908900, -44.47452000784785800 ) ) ;
#2680 = DIRECTION ( 'NONE',  ( 0.0000000000000000000, 0.0000000000000000000, -1.000000000000000000 ) ) ;
#2681 = CARTESIAN_POINT ( 'NONE',  ( -11.10202798417953800, 69.11372973308662900, 0.2214010485371011300 ) ) ;
#2682 = CARTESIAN_POINT ( 'NONE',  ( 10.16980363534360200, -35.33785088024177400, -59.56360547058688600 ) ) ;
#2683 = AXIS2_PLACEMENT_3D ( 'NONE', #2944, #1127, #178 ) ;
#2684 = CARTESIAN_POINT ( 'NONE',  ( 41.57426402796660600, 48.95310513530891700, 2.152147890873994400 ) ) ;
#2685 = CARTESIAN_POINT ( 'NONE',  ( 9.861530442677533900, -35.28218825718953900, -59.64867340518061700 ) ) ;
#2686 = EDGE_CURVE ( 'NONE', #2911, #2911, #1594, .T. ) ;
#2687 = ADVANCED_FACE ( 'E1508', ( #1683, #2053 ), #2180, .T. ) ;
#2688 = CARTESIAN_POINT ( 'NONE',  ( 9.680392925549597300, -35.17096608894359400, -59.74396370081579700 ) ) ;
#2689 = CARTESIAN_POINT ( 'NONE',  ( 14.08618259133608100, 46.75624966660102200, 50.15495133452869700 ) ) ;
#2690 = CARTESIAN_POINT ( 'NONE',  ( -13.50561634524893700, 83.75769988809356900, -28.50000000000001100 ) ) ;
#2691 = AXIS2_PLACEMENT_3D ( 'NONE', #1691, #698, #1353 ) ;
#2692 = CARTESIAN_POINT ( 'NONE',  ( 9.575697653313200800, -35.01247727810824300, -59.85342470814859400 ) ) ;
#2693 = DIRECTION ( 'NONE',  ( 1.000000000000000000, 0.0000000000000000000, 0.0000000000000000000 ) ) ;
#2694 = CARTESIAN_POINT ( 'NONE',  ( 31.38514252878765000, 48.73504406955482400, -5.095572350806950400 ) ) ;
#2695 = CYLINDRICAL_SURFACE ( 'NONE', #922, 0.8249999999999992900 ) ;
#2696 = AXIS2_PLACEMENT_3D ( 'NONE', #2297, #2313, #2319 ) ;
#2697 = CARTESIAN_POINT ( 'NONE',  ( 6.456784526628895900, 62.06231297232906700, 60.86736145831622500 ) ) ;
#2698 = ORIENTED_EDGE ( 'NONE', *, *, #2836, .F. ) ;
#2699 = LINE ( 'NONE', #1048, #1482 ) ;
#2700 = DIRECTION ( 'NONE',  ( -1.000000000000000000, 0.0000000000000000000, -2.449212707644755000E-016 ) ) ;
#2701 = ORIENTED_EDGE ( 'NONE', *, *, #2675, .T. ) ;
#2702 = CYLINDRICAL_SURFACE ( 'NONE', #2320, 12.49999999999999600 ) ;
#2703 = CARTESIAN_POINT ( 'NONE',  ( 39.88245507761478600, 48.78723485889997800, 4.563684152459729600 ) ) ;
#2704 = DIRECTION ( 'NONE',  ( -2.449212707644755000E-016, 0.0000000000000000000, 1.000000000000000000 ) ) ;
#2705 = EDGE_LOOP ( 'NONE', ( #2293, #1123 ) ) ;
#2706 = LINE ( 'NONE', #1103, #1333 ) ;
#2707 = CARTESIAN_POINT ( 'NONE',  ( 36.89843939091687700, 48.61963561114296100, 6.093669782451698300 ) ) ;
#2708 = DIRECTION ( 'NONE',  ( 0.0000000000000000000, -1.000000000000000000, 0.0000000000000000000 ) ) ;
#2709 = CYLINDRICAL_SURFACE ( 'NONE', #2520, 49.00000000000000000 ) ;
#2710 = CARTESIAN_POINT ( 'NONE',  ( -14.20000000000000100, 131.5450643776823700, 24.20528946059915000 ) ) ;
#2711 = APPROVAL_DATE_TIME ( #2712, #2032 ) ;
#2712 = DATE_AND_TIME ( #2719, #2724 ) ;
#2713 = CARTESIAN_POINT ( 'NONE',  ( -10.30000000000000100, 0.0000000000000000000, 0.0000000000000000000 ) ) ;
#2714 = EDGE_LOOP ( 'NONE', ( #380 ) ) ;
#2715 = ADVANCED_FACE ( 'E533', ( #2861, #2130, #1895, #1509 ), #2407, .F. ) ;
#2716 = ADVANCED_FACE ( 'E6', ( #2920, #1915, #589 ), #1145, .T. ) ;
#2717 = VECTOR ( 'NONE', #2493, 1000.000000000000000 ) ;
#2718 = CARTESIAN_POINT ( 'NONE',  ( 41.48476108321145300, 48.94295610777540200, -2.396891641615551900 ) ) ;
#2719 = CALENDAR_DATE ( 2019, 8, 3 ) ;
#2720 = DIRECTION ( 'NONE',  ( -1.000000000000000000, 0.0000000000000000000, 0.0000000000000000000 ) ) ;
#2721 = ORIENTED_EDGE ( 'NONE', *, *, #2035, .T. ) ;
#2722 = CARTESIAN_POINT ( 'NONE',  ( -11.12444275448575400, 69.11038890256827500, 0.1123672273082092800 ) ) ;
#2723 = CARTESIAN_POINT ( 'NONE',  ( -34.00000000000000000, -131.5450643776823700, -24.20528946059915000 ) ) ;
#2724 = LOCAL_TIME ( 9, 11, 39.00000000000000000, #2727 ) ;
#2725 = ORIENTED_CLOSED_SHELL ( 'NONE', *, #2014, .F. );
#2726 = CARTESIAN_POINT ( 'NONE',  ( -11.12553618241883100, 69.11022594123686200, -0.1040300952337168000 ) ) ;
#2727 = COORDINATED_UNIVERSAL_TIME_OFFSET ( 3, 0, .BEHIND. ) ;
#2728 = EDGE_CURVE ( 'E1062', #2331, #38, #1126, .T. ) ;
#2729 = ORIENTED_CLOSED_SHELL ( 'NONE', *, #2975, .F. );
#2730 = APPROVAL_PERSON_ORGANIZATION ( #2736, #2032, #2050 ) ;
#2731 = CARTESIAN_POINT ( 'NONE',  ( 41.99149420239874800, 49.00177637706139700, 0.07906982070204222900 ) ) ;
#2732 = CARTESIAN_POINT ( 'NONE',  ( 32.10256758428587900, -19.57388930740214400, -44.92074705816638400 ) ) ;
#2733 = DIRECTION ( 'NONE',  ( 0.0000000000000000000, 1.000000000000000000, 0.0000000000000000000 ) ) ;
#2734 = CARTESIAN_POINT ( 'NONE',  ( -10.95585947348318000, 69.13551041604765100, 0.5119384436319076600 ) ) ;
#2735 = AXIS2_PLACEMENT_3D ( 'NONE', #2069, #1741, #2565 ) ;
#2736 = PERSON_AND_ORGANIZATION ( #1074, #2865 ) ;
#2737 = CARTESIAN_POINT ( 'NONE',  ( 16.21330596670820200, 60.13129162054598700, 61.98612890003863600 ) ) ;
#2738 = CARTESIAN_POINT ( 'NONE',  ( -10.80239572631435300, 69.15837009125587500, 0.6631976727997178600 ) ) ;
#2739 = DATE_AND_TIME ( #2744, #2752 ) ;
#2740 = CARTESIAN_POINT ( 'NONE',  ( -10.71080193372916300, 69.17201078920521700, 0.7235414192110473100 ) ) ;
#2741 = FACE_OUTER_BOUND ( 'NONE', #2179, .T. ) ;
#2742 = CARTESIAN_POINT ( 'NONE',  ( 32.72838518476146400, 48.65562369281375500, 5.801942343865929000 ) ) ;
#2743 = AXIS2_PLACEMENT_3D ( 'NONE', #336, #2672, #2240 ) ;
#2744 = CALENDAR_DATE ( 2019, 8, 3 ) ;
#2745 = CARTESIAN_POINT ( 'NONE',  ( -10.51087972275438000, 69.20177363455363200, 0.8048603335986921300 ) ) ;
#2746 = CARTESIAN_POINT ( 'NONE',  ( 13.80729970331770100, 50.30257228359265300, 46.68077102496395300 ) ) ;
#2747 = TOROIDAL_SURFACE ( 'NONE', #2537, 90.00000000000000000, 1.980000000000000000 ) ;
#2748 = ORIENTED_EDGE ( 'NONE', *, *, #915, .T. ) ;
#2749 = CARTESIAN_POINT ( 'NONE',  ( -10.40430139107703800, 69.21763521979916300, 0.8255010565774427700 ) ) ;
#2750 = CARTESIAN_POINT ( 'NONE',  ( -10.18791734124130600, 69.24982698063436700, 0.8244805954033497300 ) ) ;
#2751 = AXIS2_PLACEMENT_3D ( 'NONE', #1178, #1821, #2632 ) ;
#2752 = LOCAL_TIME ( 9, 11, 39.00000000000000000, #2755 ) ;
#2753 = ORIENTED_EDGE ( 'NONE', *, *, #3048, .F. ) ;
#2754 = VECTOR ( 'NONE', #2553, 1000.000000000000000 ) ;
#2755 = COORDINATED_UNIVERSAL_TIME_OFFSET ( 3, 0, .BEHIND. ) ;
#2756 = CARTESIAN_POINT ( 'NONE',  ( 40.58780156043058400, 48.85023080299615100, -3.831881747216600700 ) ) ;
#2757 = VERTEX_POINT ( 'NONE', #87 ) ;
#2758 = CARTESIAN_POINT ( 'NONE',  ( -10.08143900208111000, 69.26566212540144800, 0.8027731750966077300 ) ) ;
#2759 = CARTESIAN_POINT ( 'NONE',  ( 38.76410161513775400, 49.00000000000000000, 2.121080424092025200E-016 ) ) ;
#2760 = CIRCLE ( 'NONE', #980, 12.50000000000000000 ) ;
#2761 = PERSON_AND_ORGANIZATION ( #1074, #2865 ) ;
#2762 = CARTESIAN_POINT ( 'NONE',  ( 35.44382096146024000, -29.74025036880270500, -38.94249340307432300 ) ) ;
#2763 = EDGE_CURVE ( 'E352', #631, #175, #108, .T. ) ;
#2764 = AXIS2_PLACEMENT_3D ( 'NONE', #1247, #2798, #1253 ) ;
#2765 = PERSON_AND_ORGANIZATION ( #1074, #2865 ) ;
#2766 = PERSON_AND_ORGANIZATION ( #1074, #2865 ) ;
#2767 = CARTESIAN_POINT ( 'NONE',  ( -9.882763525302255700, 69.29519943323573700, 0.7198106727798541100 ) ) ;
#2768 = AXIS2_PLACEMENT_3D ( 'NONE', #2631, #806, #529 ) ;
#2769 = EDGE_LOOP ( 'NONE', ( #1657 ) ) ;
#2770 = PLANE ( 'NONE',  #2879 ) ;
#2771 = APPROVAL_DATE_TIME ( #2778, #2102 ) ;
#2772 = CARTESIAN_POINT ( 'NONE',  ( 16.50000000000000000, 0.0000000000000000000, 0.0000000000000000000 ) ) ;
#2773 = VERTEX_POINT ( 'NONE', #1663 ) ;
#2774 = PLANE ( 'NONE',  #2082 ) ;
#2775 = EDGE_CURVE ( 'E461', #1765, #310, #1179, .T. ) ;
#2776 = EDGE_CURVE ( 'E334', #81, #752, #2822, .T. ) ;
#2777 = ORIENTED_EDGE ( 'NONE', *, *, #2907, .T. ) ;
#2778 = DATE_AND_TIME ( #2782, #2785 ) ;
#2779 = AXIS2_PLACEMENT_3D ( 'NONE', #1472, #2443, #1064 ) ;
#2780 = CARTESIAN_POINT ( 'NONE',  ( -9.791509918878588800, 69.30876133676980500, 0.6585162884966031500 ) ) ;
#2781 = CIRCLE ( 'NONE', #270, 28.50000000000000000 ) ;
#2782 = CALENDAR_DATE ( 2019, 8, 3 ) ;
#2783 = CARTESIAN_POINT ( 'NONE',  ( -9.639602585113962600, 69.33133266505748800, 0.5060445822514453300 ) ) ;
#2784 = CARTESIAN_POINT ( 'NONE',  ( 37.26273882725975300, -19.11126623051205100, -45.11949021440102600 ) ) ;
#2785 = LOCAL_TIME ( 9, 11, 39.00000000000000000, #2795 ) ;
#2786 = CARTESIAN_POINT ( 'NONE',  ( -9.578123094967605100, 69.34046492787079800, 0.4137057184830125700 ) ) ;
#2787 = ADVANCED_FACE ( 'E1294', ( #2459 ), #268, .T. ) ;
#2788 = CARTESIAN_POINT ( 'NONE',  ( -9.496029042572837800, 69.35265830444143400, 0.2142180831263923200 ) ) ;
#2789 = VECTOR ( 'NONE', #1634, 1000.000000000000000 ) ;
#2790 = DIRECTION ( 'NONE',  ( -1.000000000000000000, 0.0000000000000000000, -6.123031769111888800E-017 ) ) ;
#2791 = DIRECTION ( 'NONE',  ( -1.000000000000000000, 0.0000000000000000000, 0.0000000000000000000 ) ) ;
#2792 = B_SPLINE_CURVE_WITH_KNOTS ( 'NONE', 3,
 ( #1844, #2405, #83, #887, #2133, #1823, #195, #1146, #658, #2336, #1874, #446, #237, #47, #2793, #1925, #506, #1673, #2659, #94, #669, #1436, #2964, #105, #143, #303, #1384, #751, #1777, #1606, #2627, #2118 ),
 .UNSPECIFIED., .T., .F.,
 ( 4, 2, 2, 2, 2, 2, 2, 2, 2, 2, 2, 2, 2, 2, 2, 4 ),
 ( 0.0000000000000000000, 0.0003241717438969085300, 0.0006483434877938170700, 0.0009725152316907256000, 0.001296686975587634100, 0.001620858719484542700, 0.001945030463381451200, 0.002269202207278359500, 0.002593373951175268300, 0.002917545695072177000, 0.003241717438969085300, 0.003565889182865993200, 0.003890060926762902400, 0.004214232670659810700, 0.004538404414556719000, 0.005186747902350540900 ),
 .UNSPECIFIED. ) ;
#2793 = CARTESIAN_POINT ( 'NONE',  ( -10.23967353305142300, -17.11966887438176600, -67.09752476565101600 ) ) ;
#2794 = VERTEX_POINT ( 'NONE', #719 ) ;
#2795 = COORDINATED_UNIVERSAL_TIME_OFFSET ( 3, 0, .BEHIND. ) ;
#2796 = EDGE_LOOP ( 'NONE', ( #508 ) ) ;
#2797 = EDGE_CURVE ( 'E1031', #232, #797, #174, .T. ) ;
#2798 = DIRECTION ( 'NONE',  ( 1.000000000000000000, 0.0000000000000000000, 0.0000000000000000000 ) ) ;
#2799 = ADVANCED_FACE ( 'E946', ( #1942, #948 ), #1679, .F. ) ;
#2800 = AXIS2_PLACEMENT_3D ( 'NONE', #291, #2489, #2536 ) ;
#2801 = APPROVAL_PERSON_ORGANIZATION ( #2804, #2102, #2067 ) ;
#2802 = CARTESIAN_POINT ( 'NONE',  ( -9.474582913970405000, 69.35584306297610600, 0.1049752873373579200 ) ) ;
#2803 = EDGE_LOOP ( 'NONE', ( #2160, #60, #223, #1231 ) ) ;
#2804 = PERSON_AND_ORGANIZATION ( #1074, #2865 ) ;
#2805 = CARTESIAN_POINT ( 'NONE',  ( -9.475429718032323500, 69.35571730443344100, -0.1114317143227253800 ) ) ;
#2806 = ORIENTED_EDGE ( 'NONE', *, *, #2467, .T. ) ;
#2807 = CARTESIAN_POINT ( 'NONE',  ( -9.497497276918213800, 69.35244026175712400, -0.2200154803743255600 ) ) ;
#2808 = TOROIDAL_SURFACE ( 'NONE', #2959, 67.61506794123981500, 1.649999999999999900 ) ;
#2809 = AXIS2_PLACEMENT_3D ( 'NONE', #842, #2790, #2471 ) ;
#2810 = DATE_AND_TIME ( #2811, #2816 ) ;
#2811 = CALENDAR_DATE ( 2019, 8, 3 ) ;
#2812 = VECTOR ( 'NONE', #2635, 1000.000000000000000 ) ;
#2813 = ORIENTED_EDGE ( 'NONE', *, *, #2148, .F. ) ;
#2814 = CARTESIAN_POINT ( 'NONE',  ( -9.581765718692752300, 69.33992385602994100, -0.4201868028783008500 ) ) ;
#2815 = LINE ( 'NONE', #2446, #3039 ) ;
#2816 = LOCAL_TIME ( 9, 11, 39.00000000000000000, #2820 ) ;
#2817 = CARTESIAN_POINT ( 'NONE',  ( 28.77780372532676300, -25.70840845291098700, -41.71637833155305900 ) ) ;
#2818 = EDGE_LOOP ( 'NONE', ( #958 ) ) ;
#2819 = CARTESIAN_POINT ( 'NONE',  ( -9.643148631569371100, 69.33080589366824100, -0.5109076535976542200 ) ) ;
#2820 = COORDINATED_UNIVERSAL_TIME_OFFSET ( 3, 0, .BEHIND. ) ;
#2821 = EDGE_LOOP ( 'NONE', ( #1114, #53, #1357, #1771 ) ) ;
#2822 = LINE ( 'NONE', #2383, #614 ) ;
#2823 = CARTESIAN_POINT ( 'NONE',  ( -31.30000000000000100, 0.0000000000000000000, 0.0000000000000000000 ) ) ;
#2824 = PERSON_AND_ORGANIZATION ( #1074, #2865 ) ;
#2825 = CARTESIAN_POINT ( 'NONE',  ( -9.798188279516663700, 69.30776889438722300, -0.6638262934679553000 ) ) ;
#2826 = CARTESIAN_POINT ( 'NONE',  ( 34.16999820119835400, -29.66881750756476800, -38.99705014530079700 ) ) ;
#2827 = AXIS2_PLACEMENT_3D ( 'NONE', #2337, #2340, #2341 ) ;
#2828 = CARTESIAN_POINT ( 'NONE',  ( 33.48274896657145000, -19.07411021671061500, -45.13531022955209700 ) ) ;
#2829 = CIRCLE ( 'NONE', #624, 60.66726188957799300 ) ;
#2830 = CARTESIAN_POINT ( 'NONE',  ( -9.889381303554863200, 69.29421577494473200, -0.7236042579357419000 ) ) ;
#2831 = ADVANCED_FACE ( 'E1439', ( #2511, #664 ), #348, .T. ) ;
#2832 = APPROVAL_DATE_TIME ( #2837, #2163 ) ;
#2833 = CARTESIAN_POINT ( 'NONE',  ( -10.08878329620114100, 69.26457001105318100, -0.8047349501602298900 ) ) ;
#2834 = VERTEX_POINT ( 'NONE', #64 ) ;
#2835 = CARTESIAN_POINT ( 'NONE',  ( 13.43056030965832500, 50.65394753011390300, 46.40993790465047700 ) ) ;
#2836 = EDGE_CURVE ( 'NONE', #2909, #2909, #1812, .T. ) ;
#2837 = DATE_AND_TIME ( #2838, #2841 ) ;
#2838 = CALENDAR_DATE ( 2019, 8, 3 ) ;
#2839 = CARTESIAN_POINT ( 'NONE',  ( -10.19644940915704000, 69.24855789579724800, -0.8254420395949292300 ) ) ;
#2840 = CARTESIAN_POINT ( 'NONE',  ( 16.50000000000000000, 0.0000000000000000000, 68.02756794123980900 ) ) ;
#2841 = LOCAL_TIME ( 9, 11, 39.00000000000000000, #2845 ) ;
#2842 = CARTESIAN_POINT ( 'NONE',  ( -10.51749263588237000, 69.20079508651393500, -0.8240941061038707900 ) ) ;
#2843 = B_SPLINE_CURVE_WITH_KNOTS ( 'NONE', 3,
 ( #1166, #109, #403, #970, #1884, #18, #1211, #1635, #212, #1743, #1672, #2351, #662, #2673, #1246, #2065 ),
 .UNSPECIFIED., .F., .F.,
 ( 4, 2, 2, 2, 2, 2, 2, 4 ),
 ( 0.007255323571551548400, 0.007639968113455036600, 0.008024612655358524800, 0.008793901739165520300, 0.009178546281069031900, 0.009563190822972543500, 0.009947835364876055100, 0.01033247990677956700 ),
 .UNSPECIFIED. ) ;
#2844 = AXIS2_PLACEMENT_3D ( 'NONE', #1270, #1907, #877 ) ;
#2845 = COORDINATED_UNIVERSAL_TIME_OFFSET ( 3, 0, .BEHIND. ) ;
#2846 = ORIENTED_EDGE ( 'NONE', *, *, #1337, .T. ) ;
#2847 = CARTESIAN_POINT ( 'NONE',  ( 15.46771572829513600, 62.95290252715094000, 59.18175660726670600 ) ) ;
#2848 = LINE ( 'NONE', #2023, #3025 ) ;
#2849 = CARTESIAN_POINT ( 'NONE',  ( -10.73082956748036300, 69.16903072104194900, -0.7365723086578822600 ) ) ;
#2850 = APPROVAL_PERSON_ORGANIZATION ( #2856, #2163, #2037 ) ;
#2851 = ORIENTED_EDGE ( 'NONE', *, *, #1515, .T. ) ;
#2852 = CARTESIAN_POINT ( 'NONE',  ( -10.88464551206506300, 69.14611831080222300, -0.5820778515131580500 ) ) ;
#2853 = AXIS2_PLACEMENT_3D ( 'NONE', #1951, #1970, #1973 ) ;
#2854 = CARTESIAN_POINT ( 'NONE',  ( -14.20000000000000100, 131.5450643776823700, -24.20528946059915000 ) ) ;
#2855 = LINE ( 'NONE', #416, #1535 ) ;
#2856 = PERSON_AND_ORGANIZATION ( #1074, #2865 ) ;
#2857 = CARTESIAN_POINT ( 'NONE',  ( 9.884924533990238500, -52.17512862737164200, 30.95600625517701600 ) ) ;
#2858 = EDGE_CURVE ( 'E325', #733, #752, #1224, .T. ) ;
#2859 = PERSON_AND_ORGANIZATION ( #1074, #2865 ) ;
#2860 = EDGE_CURVE ( 'NONE', #2903, #2903, #790, .T. ) ;
#2861 = FACE_BOUND ( 'NONE', #1980, .T. ) ;
#2862 = EDGE_LOOP ( 'NONE', ( #338, #1397, #2157, #1351, #1554 ) ) ;
#2863 = AXIS2_PLACEMENT_3D ( 'NONE', #864, #3085, #619 ) ;
#2864 = ADVANCED_FACE ( 'E955', ( #525, #2059 ), #1316, .F. ) ;
#2865 = ORGANIZATION ( 'UNSPECIFIED', 'UNSPECIFIED', '' ) ;
#2866 = ORIENTED_EDGE ( 'NONE', *, *, #1154, .T. ) ;
#2867 = DIRECTION ( 'NONE',  ( 1.000000000000000000, 0.0000000000000000000, 6.409875621278550000E-016 ) ) ;
#2868 = CARTESIAN_POINT ( 'NONE',  ( 35.21370938464675500, 48.59520500562070600, 6.285458389404450200 ) ) ;
#2869 = ORIENTED_EDGE ( 'NONE', *, *, #1561, .T. ) ;
#2870 = CARTESIAN_POINT ( 'NONE',  ( 10.95942970227839600, -52.28393926689141600, 30.77193774336477000 ) ) ;
#2871 = DIRECTION ( 'NONE',  ( -1.000000000000000000, 0.0000000000000000000, 0.0000000000000000000 ) ) ;
#2872 = CARTESIAN_POINT ( 'NONE',  ( -31.30000000000000100, 0.0000000000000000000, 0.0000000000000000000 ) ) ;
#2873 = CARTESIAN_POINT ( 'NONE',  ( 36.65510782144905000, 48.61194261402411600, -6.155532492246162100 ) ) ;
#2874 = ADVANCED_FACE ( 'E967', ( #345 ), #439, .T. ) ;
#2875 = ADVANCED_FACE ( 'E218', ( #2305 ), #59, .F. ) ;
#2876 = DIRECTION ( 'NONE',  ( 0.0000000000000000000, 0.0000000000000000000, 1.000000000000000000 ) ) ;
#2877 = DIRECTION ( 'NONE',  ( 0.0000000000000000000, 0.0000000000000000000, 1.000000000000000000 ) ) ;
#2878 = VERTEX_POINT ( 'NONE', #34 ) ;
#2879 = AXIS2_PLACEMENT_3D ( 'NONE', #585, #2680, #998 ) ;
#2880 = CARTESIAN_POINT ( 'NONE',  ( 35.29999999999999700, -14.57756751057853800, -37.24908757908744400 ) ) ;
#2881 = CIRCLE ( 'NONE', #2923, 90.00000000000000000 ) ;
#2882 = CARTESIAN_POINT ( 'NONE',  ( 31.54618758740338800, -19.85756827596460300, -44.79642416191471500 ) ) ;
#2883 = AXIS2_PLACEMENT_3D ( 'NONE', #2012, #342, #920 ) ;
#2884 = CARTESIAN_POINT ( 'NONE',  ( 38.76410161513775400, -23.37500000000000000, -40.48668762692250300 ) ) ;
#2885 = ORIENTED_EDGE ( 'NONE', *, *, #1400, .T. ) ;
#2886 = ORIENTED_EDGE ( 'NONE', *, *, #254, .T. ) ;
#2887 = CARTESIAN_POINT ( 'NONE',  ( 38.76410161513775400, 49.00000000000000000, 2.121080424092025200E-016 ) ) ;
#2888 = EDGE_LOOP ( 'NONE', ( #643 ) ) ;
#2889 = DIRECTION ( 'NONE',  ( -0.4999999999999998900, 0.0000000000000000000, -0.8660254037844387100 ) ) ;
#2890 = CYLINDRICAL_SURFACE ( 'NONE', #2499, 49.00000000000000000 ) ;
#2891 = EDGE_CURVE ( 'NONE', #2900, #2900, #640, .T. ) ;
#2892 = EDGE_LOOP ( 'NONE', ( #301, #1850, #1194, #1558, #682, #1269, #169, #1 ) ) ;
#2893 = CARTESIAN_POINT ( 'NONE',  ( 28.62005044386266300, 49.00040155875976200, -0.07816227358839512900 ) ) ;
#2894 = VERTEX_POINT ( 'NONE', #2840 ) ;
#2895 = DIRECTION ( 'NONE',  ( -1.000000000000000000, 0.0000000000000000000, 0.0000000000000000000 ) ) ;
#2896 = VERTEX_POINT ( 'NONE', #1881 ) ;
#2897 = CARTESIAN_POINT ( 'NONE',  ( 29.49452113148952000, 48.90208639553953400, -3.101616031727603600 ) ) ;
#2898 = DIRECTION ( 'NONE',  ( 0.0000000000000000000, -0.8493084021262860000, -0.5278969957081539600 ) ) ;
#2899 = AXIS2_PLACEMENT_3D ( 'NONE', #809, #316, #2216 ) ;
#2900 = VERTEX_POINT ( 'NONE', #243 ) ;
#2901 = EDGE_LOOP ( 'NONE', ( #1627 ) ) ;
#2902 = CARTESIAN_POINT ( 'NONE',  ( -13.49603669389926200, 83.76514700475726700, 28.50000000000000400 ) ) ;
#2903 = VERTEX_POINT ( 'NONE', #2109 ) ;
#2904 = PLANE ( 'NONE',  #2345 ) ;
#2905 = ORIENTED_EDGE ( 'NONE', *, *, #2797, .T. ) ;
#2906 = CARTESIAN_POINT ( 'NONE',  ( 37.03205080756890100, 49.00000000000000000, -3.000000000000000000 ) ) ;
#2907 = EDGE_CURVE ( 'NONE', #2896, #2896, #3076, .T. ) ;
#2908 = CARTESIAN_POINT ( 'NONE',  ( 35.29999999999999700, -29.11019963450608100, -39.77354478543749400 ) ) ;
#2909 = VERTEX_POINT ( 'NONE', #452 ) ;
#2910 = CARTESIAN_POINT ( 'NONE',  ( -16.25000000000000000, 0.0000000000000000000, -1.989985324961364600E-015 ) ) ;
#2911 = VERTEX_POINT ( 'NONE', #2601 ) ;
#2912 = VERTEX_POINT ( 'NONE', #932 ) ;
#2913 = EDGE_CURVE ( 'E1268', #1355, #768, #495, .T. ) ;
#2914 = CARTESIAN_POINT ( 'NONE',  ( -14.20000000000000100, -116.5000000000000000, 0.0000000000000000000 ) ) ;
#2915 = AXIS2_PLACEMENT_3D ( 'NONE', #2513, #1069, #2192 ) ;
#2916 = DIRECTION ( 'NONE',  ( -1.000000000000000000, 0.0000000000000000000, -6.123031769111888800E-017 ) ) ;
#2917 = VERTEX_POINT ( 'NONE', #1632 ) ;
#2918 = CARTESIAN_POINT ( 'NONE',  ( -23.00000000000000000, -81.00000000000000000, 0.0000000000000000000 ) ) ;
#2919 = AXIS2_PLACEMENT_3D ( 'NONE', #1789, #2294, #1894 ) ;
#2920 = FACE_BOUND ( 'NONE', #1545, .T. ) ;
#2921 = CYLINDRICAL_SURFACE ( 'NONE', #2266, 40.00000000000000000 ) ;
#2922 = CARTESIAN_POINT ( 'NONE',  ( 0.0000000000000000000, 0.0000000000000000000, 0.0000000000000000000 ) ) ;
#2923 = AXIS2_PLACEMENT_3D ( 'NONE', #2281, #1313, #604 ) ;
#2924 = DIRECTION ( 'NONE',  ( 1.000000000000000000, 0.0000000000000000000, 0.0000000000000000000 ) ) ;
#2925 = CIRCLE ( 'NONE', #2800, 49.00000000000000000 ) ;
#2926 = CARTESIAN_POINT ( 'NONE',  ( 14.53246459456183700, 58.22695788615519100, 63.91068894477096100 ) ) ;
#2927 = ORIENTED_EDGE ( 'NONE', *, *, #1008, .T. ) ;
#2928 = ORIENTED_EDGE ( 'NONE', *, *, #2342, .F. ) ;
#2929 = DIRECTION ( 'NONE',  ( 0.0000000000000000000, 0.0000000000000000000, -1.000000000000000000 ) ) ;
#2930 = VERTEX_POINT ( 'NONE', #66 ) ;
#2931 = EDGE_LOOP ( 'NONE', ( #1368 ) ) ;
#2932 = CARTESIAN_POINT ( 'NONE',  ( 16.50000000000000000, -77.00000000000000000, 0.0000000000000000000 ) ) ;
#2933 = VECTOR ( 'NONE', #2572, 1000.000000000000000 ) ;
#2934 = CARTESIAN_POINT ( 'NONE',  ( -33.30000000000000400, 0.0000000000000000000, 42.00000000000000000 ) ) ;
#2935 = VERTEX_POINT ( 'NONE', #1891 ) ;
#2936 = CARTESIAN_POINT ( 'NONE',  ( -11.10443270926627500, 69.11337134663121200, -0.2128214890419157500 ) ) ;
#2937 = VERTEX_POINT ( 'NONE', #250 ) ;
#2938 = CARTESIAN_POINT ( 'NONE',  ( -14.20000000000000100, 142.3977118876569800, 0.0000000000000000000 ) ) ;
#2939 = ORIENTED_EDGE ( 'NONE', *, *, #1729, .T. ) ;
#2940 = EDGE_CURVE ( 'E987', #232, #8, #218, .T. ) ;
#2941 = CARTESIAN_POINT ( 'NONE',  ( 6.078016548478831100, 50.24860056542637200, 48.35515247625227200 ) ) ;
#2942 = VERTEX_POINT ( 'NONE', #942 ) ;
#2943 = VERTEX_POINT ( 'NONE', #701 ) ;
#2944 = CARTESIAN_POINT ( 'NONE',  ( -16.25000000000000000, 0.0000000000000000000, -1.989985324961364600E-015 ) ) ;
#2945 = VECTOR ( 'NONE', #1643, 1000.000000000000000 ) ;
#2946 = EDGE_CURVE ( 'NONE', #2894, #2894, #1514, .T. ) ;
#2947 = ORIENTED_EDGE ( 'NONE', *, *, #2161, .F. ) ;
#2948 = AXIS2_PLACEMENT_3D ( 'NONE', #469, #3008, #2439 ) ;
#2949 = FACE_OUTER_BOUND ( 'NONE', #2821, .T. ) ;
#2950 = VERTEX_POINT ( 'NONE', #1380 ) ;
#2951 = DIRECTION ( 'NONE',  ( 1.000000000000000000, 0.0000000000000000000, 0.0000000000000000000 ) ) ;
#2952 = CARTESIAN_POINT ( 'NONE',  ( -23.00000000000000000, 0.0000000000000000000, 0.0000000000000000000 ) ) ;
#2953 = VERTEX_POINT ( 'NONE', #2613 ) ;
#2954 = CARTESIAN_POINT ( 'NONE',  ( 39.00903691026245200, 48.72075452377728100, -5.229813856986046600 ) ) ;
#2955 = CARTESIAN_POINT ( 'NONE',  ( -11.12496185779622800, 60.66726137089106900, -0.1079710813528555300 ) ) ;
#2956 = DIRECTION ( 'NONE',  ( -1.000000000000000000, 0.0000000000000000000, 0.0000000000000000000 ) ) ;
#2957 = LINE ( 'NONE', #3074, #2557 ) ;
#2958 = VERTEX_POINT ( 'NONE', #262 ) ;
#2959 = AXIS2_PLACEMENT_3D ( 'NONE', #1234, #1226, #1208 ) ;
#2960 = ORIENTED_EDGE ( 'NONE', *, *, #2197, .T. ) ;
#2961 = VERTEX_POINT ( 'NONE', #1647 ) ;
#2962 = AXIS2_PLACEMENT_3D ( 'NONE', #526, #2434, #770 ) ;
#2963 = VERTEX_POINT ( 'NONE', #2131 ) ;
#2964 = CARTESIAN_POINT ( 'NONE',  ( -9.470050273665148000, -18.00885032791172700, -66.97769235499906400 ) ) ;
#2965 = EDGE_CURVE ( 'E177', #1984, #1362, #419, .T. ) ;
#2966 = VERTEX_POINT ( 'NONE', #475 ) ;
#2967 = DIRECTION ( 'NONE',  ( 0.0000000000000000000, -1.000000000000000000, 0.0000000000000000000 ) ) ;
#2968 = AXIS2_PLACEMENT_3D ( 'NONE', #2952, #2956, #2967 ) ;
#2969 = CARTESIAN_POINT ( 'NONE',  ( 7.137760638937388400, 59.38390366257173300, 63.42877584502137700 ) ) ;
#2970 = FACE_OUTER_BOUND ( 'NONE', #1769, .T. ) ;
#2971 = ORIENTED_EDGE ( 'NONE', *, *, #1448, .F. ) ;
#2972 = CARTESIAN_POINT ( 'NONE',  ( 35.39543379742892200, 48.59642970795832900, -6.275908877437735200 ) ) ;
#2973 = PLANE ( 'NONE',  #2250 ) ;
#2974 = VERTEX_POINT ( 'NONE', #2375 ) ;
#2975 = CLOSED_SHELL ( 'NONE', ( #2621, #1218, #1610, #759, #1793, #1325, #240, #1141 ) ) ;
#2976 = CARTESIAN_POINT ( 'NONE',  ( 30.24698774951167500, -20.84820560367971600, -44.34479624979724800 ) ) ;
#2977 = CARTESIAN_POINT ( 'NONE',  ( -13.83530095526728200, 84.15325566620222700, 28.49999999999999600 ) ) ;
#2978 = VERTEX_POINT ( 'NONE', #711 ) ;
#2979 = ORIENTED_EDGE ( 'NONE', *, *, #1696, .F. ) ;
#2980 = ORIENTED_EDGE ( 'NONE', *, *, #433, .T. ) ;
#2981 = DIRECTION ( 'NONE',  ( 0.0000000000000000000, 0.0000000000000000000, 1.000000000000000000 ) ) ;
#2982 = VERTEX_POINT ( 'NONE', #2908 ) ;
#2983 = CARTESIAN_POINT ( 'NONE',  ( 10.35914710225002500, -59.52486899876427600, 35.34862031799085700 ) ) ;
#2984 = FACE_OUTER_BOUND ( 'NONE', #2385, .T. ) ;
#2985 = LINE ( 'NONE', #2219, #2469 ) ;
#2986 = VERTEX_POINT ( 'NONE', #956 ) ;
#2987 = ORIENTED_EDGE ( 'NONE', *, *, #1520, .T. ) ;
#2988 = CARTESIAN_POINT ( 'NONE',  ( -14.20000000000000100, 85.36831965079321100, -28.50000000000000000 ) ) ;
#2989 = PLANE ( 'NONE',  #405 ) ;
#2990 = VERTEX_POINT ( 'NONE', #79 ) ;
#2991 = AXIS2_PLACEMENT_3D ( 'NONE', #2003, #1857, #1890 ) ;
#2992 = CARTESIAN_POINT ( 'NONE',  ( 40.33932256020430900, 48.82702782896014100, 4.116702818914761000 ) ) ;
#2993 = FACE_BOUND ( 'NONE', #861, .T. ) ;
#2994 = VERTEX_POINT ( 'NONE', #1391 ) ;
#2995 = CARTESIAN_POINT ( 'NONE',  ( 6.746266310728073800, 62.72476920935540800, 60.16086140327613700 ) ) ;
#2996 = ADVANCED_FACE ( 'E1451', ( #1957, #2444, #642, #24 ), #2921, .F. ) ;
#2997 = VERTEX_POINT ( 'NONE', #487 ) ;
#2998 = CARTESIAN_POINT ( 'NONE',  ( 40.68367824925539400, -22.25627446854758800, -33.23685451806371600 ) ) ;
#2999 = CARTESIAN_POINT ( 'NONE',  ( 28.72906251409753500, 48.98740005491781300, 1.187392913853622800 ) ) ;
#3000 = CARTESIAN_POINT ( 'NONE',  ( 12.52506905359218900, 64.43332182061833200, 57.82318542169051800 ) ) ;
#3001 = VERTEX_POINT ( 'NONE', #272 ) ;
#3002 = CARTESIAN_POINT ( 'NONE',  ( 9.609445228678373100, -59.81451921851536500, 35.06983897793050900 ) ) ;
#3003 = CARTESIAN_POINT ( 'NONE',  ( 35.29999999999999700, 49.00000000000000000, 0.0000000000000000000 ) ) ;
#3004 = AXIS2_PLACEMENT_3D ( 'NONE', #2310, #164, #339 ) ;
#3005 = CARTESIAN_POINT ( 'NONE',  ( 40.96723492615467400, 48.88777338515335200, -3.319414222389931900 ) ) ;
#3006 = DIRECTION ( 'NONE',  ( 0.0000000000000000000, 0.0000000000000000000, -1.000000000000000000 ) ) ;
#3007 = PLANE ( 'NONE',  #517 ) ;
#3008 = DIRECTION ( 'NONE',  ( 1.000000000000000000, 0.0000000000000000000, 0.0000000000000000000 ) ) ;
#3009 = VERTEX_POINT ( 'NONE', #724 ) ;
#3010 = CARTESIAN_POINT ( 'NONE',  ( -9.579279390809652700, -16.10312006973500900, -58.49116319019306300 ) ) ;
#3011 = DIRECTION ( 'NONE',  ( 0.0000000000000000000, -1.000000000000000000, 0.0000000000000000000 ) ) ;
#3012 = VERTEX_POINT ( 'NONE', #2142 ) ;
#3013 = EDGE_CURVE ( 'E704', #294, #2100, #1555, .T. ) ;
#3014 = CARTESIAN_POINT ( 'NONE',  ( -14.20000000000000100, 131.5450643776823700, 24.20528946059915000 ) ) ;
#3015 = DIRECTION ( 'NONE',  ( 0.0000000000000000000, -1.000000000000000000, 0.0000000000000000000 ) ) ;
#3016 = CYLINDRICAL_SURFACE ( 'NONE', #1162, 5.000000000000000900 ) ;
#3017 = VERTEX_POINT ( 'NONE', #966 ) ;
#3018 = CARTESIAN_POINT ( 'NONE',  ( 37.27345753201944200, 48.63183873989479600, -5.995593967234157200 ) ) ;
#3019 = DIRECTION ( 'NONE',  ( 0.0000000000000000000, 0.0000000000000000000, -1.000000000000000000 ) ) ;
#3020 = DIRECTION ( 'NONE',  ( 0.0000000000000000000, 0.0000000000000000000, 1.000000000000000000 ) ) ;
#3021 = AXIS2_PLACEMENT_3D ( 'NONE', #3044, #104, #478 ) ;
#3022 = VERTEX_POINT ( 'NONE', #2387 ) ;
#3023 = CARTESIAN_POINT ( 'NONE',  ( -33.30000000000000400, 0.0000000000000000000, 0.0000000000000000000 ) ) ;
#3024 = VERTEX_POINT ( 'NONE', #1195 ) ;
#3025 = VECTOR ( 'NONE', #2039, 1000.000000000000000 ) ;
#3026 = CARTESIAN_POINT ( 'NONE',  ( -14.20000000000000100, 47.51072961373390800, 76.43775619136570800 ) ) ;
#3027 = DIRECTION ( 'NONE',  ( 1.000000000000000000, 0.0000000000000000000, 0.0000000000000000000 ) ) ;
#3028 = VERTEX_POINT ( 'NONE', #2638 ) ;
#3029 = DIRECTION ( 'NONE',  ( -0.8660254037844387100, 0.0000000000000000000, 0.4999999999999998900 ) ) ;
#3030 = EDGE_LOOP ( 'NONE', ( #2206, #2356, #607, #180 ) ) ;
#3031 = ORIENTED_EDGE ( 'NONE', *, *, #2249, .T. ) ;
#3032 = CARTESIAN_POINT ( 'NONE',  ( -11.10356108867163600, 60.66695998252018300, -0.2159328063490143500 ) ) ;
#3033 = FACE_OUTER_BOUND ( 'NONE', #2593, .T. ) ;
#3034 = AXIS2_PLACEMENT_3D ( 'NONE', #1216, #1221, #1223 ) ;
#3035 = VERTEX_POINT ( 'NONE', #1401 ) ;
#3036 = DIRECTION ( 'NONE',  ( 0.0000000000000000000, 0.0000000000000000000, -1.000000000000000000 ) ) ;
#3037 = ORIENTED_EDGE ( 'NONE', *, *, #433, .F. ) ;
#3038 = CARTESIAN_POINT ( 'NONE',  ( -11.12507612955567600, -15.49410462443173000, -58.65573941520906900 ) ) ;
#3039 = VECTOR ( 'NONE', #2496, 1000.000000000000200 ) ;
#3040 = VERTEX_POINT ( 'NONE', #2918 ) ;
#3041 = LINE ( 'NONE', #2204, #855 ) ;
#3042 = AXIS2_PLACEMENT_3D ( 'NONE', #1462, #1475, #2647 ) ;
#3043 = ADVANCED_FACE ( 'E958', ( #153, #3033 ), #2973, .F. ) ;
#3044 = CARTESIAN_POINT ( 'NONE',  ( 35.29999999999999700, -24.50000000000000000, -42.43524478543749700 ) ) ;
#3045 = CARTESIAN_POINT ( 'NONE',  ( 16.50000000000000000, 0.0000000000000000000, -280.0000000000000000 ) ) ;
#3046 = ORIENTED_EDGE ( 'NONE', *, *, #474, .F. ) ;
#3047 = VERTEX_POINT ( 'NONE', #1668 ) ;
#3048 = EDGE_CURVE ( 'E634', #631, #1158, #1960, .T. ) ;
#3049 = CARTESIAN_POINT ( 'NONE',  ( 13.56064594057189900, 57.80286353531150200, 64.37045595674669600 ) ) ;
#3050 = AXIS2_PLACEMENT_3D ( 'NONE', #2135, #689, #1622 ) ;
#3051 = CARTESIAN_POINT ( 'NONE',  ( -14.20000000000000600, -85.11159736532245300, -28.49999999999999600 ) ) ;
#3052 = VERTEX_POINT ( 'NONE', #91 ) ;
#3053 = AXIS2_PLACEMENT_3D ( 'NONE', #2474, #1176, #406 ) ;
#3054 = VERTEX_POINT ( 'NONE', #1922 ) ;
#3055 = FACE_OUTER_BOUND ( 'NONE', #2862, .T. ) ;
#3056 = PLANE ( 'NONE',  #355 ) ;
#3057 = DIRECTION ( 'NONE',  ( 0.0000000000000000000, 0.0000000000000000000, -1.000000000000000000 ) ) ;
#3058 = VERTEX_POINT ( 'NONE', #279 ) ;
#3059 = B_SPLINE_CURVE_WITH_KNOTS ( 'NONE', 3,
 ( #1744, #331, #1458, #138, #1252, #2995, #1021, #2697, #787, #2452, #2208, #318, #1971, #1962, #2196, #122, #309, #2969, #1439, #2674, #1232, #2429, #996 ),
 .UNSPECIFIED., .F., .F.,
 ( 4, 2, 2, 2, 2, 1, 2, 2, 2, 2, 2, 4 ),
 ( 0.002675594659859802100, 0.003887681176875959700, 0.005099767693892115500, 0.006311854210908247900, 0.006917897469416321000, 0.007523940727924394200, 0.008129983986432467300, 0.008736027244940540400, 0.009948113761956688500, 0.01055415702046474900, 0.01116020027897281200, 0.01237228679598895700 ),
 .UNSPECIFIED. ) ;
#3060 = CARTESIAN_POINT ( 'NONE',  ( 38.76410161513775400, -23.37500000000000000, -40.48668762692250300 ) ) ;
#3061 = LINE ( 'NONE', #2344, #2464 ) ;
#3062 = VERTEX_POINT ( 'NONE', #2152 ) ;
#3063 = LINE ( 'NONE', #2363, #2257 ) ;
#3064 = CARTESIAN_POINT ( 'NONE',  ( 8.912162952583070600, 64.26182361860243500, 58.32751274104444400 ) ) ;
#3065 = CARTESIAN_POINT ( 'NONE',  ( 40.72612518212790900, -21.24906602253581400, -44.15429105933041100 ) ) ;
#3066 = VERTEX_POINT ( 'NONE', #499 ) ;
#3067 = EDGE_LOOP ( 'NONE', ( #277 ) ) ;
#3068 = DIRECTION ( 'NONE',  ( -1.000000000000000000, 0.0000000000000000000, -6.123031769111888800E-017 ) ) ;
#3069 = VERTEX_POINT ( 'NONE', #2400 ) ;
#3070 = ADVANCED_FACE ( 'E900', ( #2573, #1620 ), #140, .F. ) ;
#3071 = FACE_OUTER_BOUND ( 'NONE', #26, .T. ) ;
#3072 = VERTEX_POINT ( 'NONE', #972 ) ;
#3073 = EDGE_LOOP ( 'NONE', ( #862, #13, #867, #2054 ) ) ;
#3074 = CARTESIAN_POINT ( 'NONE',  ( 24.00000000000000000, 47.51072961373390800, 76.43775619136570800 ) ) ;
#3075 = VERTEX_POINT ( 'NONE', #2932 ) ;
#3076 = CIRCLE ( 'NONE', #2296, 40.00000000000000000 ) ;
#3077 = ORIENTED_EDGE ( 'NONE', *, *, #2651, .F. ) ;
#3078 = VERTEX_POINT ( 'NONE', #1205 ) ;
#3079 = DIRECTION ( 'NONE',  ( -6.123031769111887500E-017, -0.4999999999999998900, -0.8660254037844387100 ) ) ;
#3080 = CARTESIAN_POINT ( 'NONE',  ( 11.34318372929622000, 61.07286948911919900, 61.30615792887370200 ) ) ;
#3081 = B_SPLINE_CURVE_WITH_KNOTS ( 'NONE', 3,
 ( #1422, #2694, #2432, #2586, #409, #1330, #1041, #883, #994, #2972, #5, #2124, #2873, #3018, #421, #1431, #2522, #1763, #2954, #1625, #2045, #819, #2756, #1468, #3005, #2495, #2718, #1722, #1219, #528, #2731, #1025, #1875, #888, #2379, #2684, #2312, #365, #568, #2299, #2992, #1697, #2703, #2410, #2175, #1504, #1746, #447, #803, #2707, #351, #2243, #241, #2868, #2011, #171, #1051, #2742, #1499, #820, #378, #1551, #586, #2488, #2470, #1442, #672, #564, #471, #2999, #390, #207, #2893, #1822, #1863, #2378, #717, #82, #1661, #1446, #2897, #545, #2364, #1974, #1340, #220, #1480 ),
 .UNSPECIFIED., .T., .F.,
 ( 4, 2, 2, 2, 2, 2, 2, 2, 2, 2, 2, 2, 2, 2, 2, 2, 2, 1, 2, 2, 2, 2, 2, 2, 2, 2, 2, 2, 2, 2, 2, 2, 2, 2, 2, 2, 2, 2, 2, 2, 2, 2, 2, 4 ),
 ( 0.0000000000000000000, 0.001270960970475504200, 0.002541921940951008500, 0.003812882911426512500, 0.004448363396664265100, 0.005083843881902016900, 0.006354804852377522200, 0.006990285337615263600, 0.007625765822853005000, 0.008896726793328488600, 0.01016768776380397300, 0.01080316824904170900, 0.01143864873427944000, 0.01270960970475491100, 0.01398057067523037800, 0.01525153164570584500, 0.01588701213094358100, 0.01652249261618131400, 0.01715797310141905000, 0.01779345358665678300, 0.01906441455713224800, 0.01969989504236998500, 0.02033537552760772100, 0.02160633649808319700, 0.02287729746855866500, 0.02351277795379640200, 0.02414825843903413400, 0.02541921940950961000, 0.02669018037998507900, 0.02796114135046055100, 0.02923210232093602700, 0.03050306329141150600, 0.03113854377664924600, 0.03177402426188698200, 0.03304498523236246200, 0.03431594620283794100, 0.03495142668807567400, 0.03558690717331341300, 0.03685786814378889200, 0.03749334862902663200, 0.03812882911426437200, 0.03876430959950210400, 0.03939979008473984400, 0.04067075105521531600 ),
 .UNSPECIFIED. ) ;
#3082 = CARTESIAN_POINT ( 'NONE',  ( 31.25801510013238300, -28.69767437722582300, -39.71721768815682900 ) ) ;
#3083 = VERTEX_POINT ( 'NONE', #100 ) ;
#3084 = AXIS2_PLACEMENT_3D ( 'NONE', #3093, #2019, #1527 ) ;
#3085 = DIRECTION ( 'NONE',  ( -1.000000000000000000, 0.0000000000000000000, 0.0000000000000000000 ) ) ;
#3086 = VERTEX_POINT ( 'NONE', #737 ) ;
#3087 = DIRECTION ( 'NONE',  ( 0.06162841671621927000, 0.7044160264027586900, 0.7071067811865476800 ) ) ;
#3088 = ORIENTED_EDGE ( 'NONE', *, *, #1525, .T. ) ;
#3089 = DIRECTION ( 'NONE',  ( -0.06162841671621953300, -0.7044160264027583600, 0.7071067811865476800 ) ) ;
#3090 = EDGE_CURVE ( 'E1258', #95, #2794, #626, .T. ) ;
#3091 = AXIS2_PLACEMENT_3D ( 'NONE', #2127, #2151, #2071 ) ;
#3092 = CARTESIAN_POINT ( 'NONE',  ( 8.539601872205731000, 64.12550296485899500, 58.50948890423280300 ) ) ;
#3093 = CARTESIAN_POINT ( 'NONE',  ( 24.00000000000000000, -131.5450643776823700, -24.20528946059915000 ) ) ;
ENDSEC;
END-ISO-10303-21;
