ISO-10303-21;
HEADER;
FILE_DESCRIPTION (( 'STEP AP203' ),
    '1' );
FILE_NAME ('UCFL-215.STEP',
    '2019-03-08T12:11:46',
    ( '' ),
    ( '' ),
    'SwSTEP 2.0',
    'SolidWorks 2017',
    '' );
FILE_SCHEMA (( 'CONFIG_CONTROL_DESIGN' ));
ENDSEC;

DATA;
#1 = FACE_BOUND ( 'NONE', #1316, .T. ) ;
#2 = CARTESIAN_POINT ( 'NONE',  ( 9.195522068394035700, -27.54310866171698900, -49.16752116230303200 ) ) ;
#3 = ORIENTED_EDGE ( 'NONE', *, *, #2157, .F. ) ;
#4 = FACE_OUTER_BOUND ( 'NONE', #186, .T. ) ;
#5 = DIRECTION ( 'NONE',  ( 1.137523590804463600E-016, 0.0000000000000000000, -1.000000000000000000 ) ) ;
#6 = CARTESIAN_POINT ( 'NONE',  ( -5.303300858899109300, 0.0000000000000000000, 0.0000000000000000000 ) ) ;
#7 = FACE_OUTER_BOUND ( 'NONE', #1879, .T. ) ;
#8 = EDGE_CURVE ( 'NONE', #1640, #1640, #1323, .T. ) ;
#9 = AXIS2_PLACEMENT_3D ( 'NONE', #1820, #1817, #1816 ) ;
#10 = AXIS2_PLACEMENT_3D ( 'NONE', #1933, #1946, #1918 ) ;
#11 = CARTESIAN_POINT ( 'NONE',  ( 9.460607309264441200, -27.65716044574095600, -49.10349092195334500 ) ) ;
#12 = CARTESIAN_POINT ( 'NONE',  ( 9.668504455887676500, -27.83789473831352300, -49.00140124096674300 ) ) ;
#13 = DIRECTION ( 'NONE',  ( 1.000000000000000000, 0.0000000000000000000, 1.224606353822375800E-016 ) ) ;
#14 = CARTESIAN_POINT ( 'NONE',  ( -12.32362519336101900, 76.01733144023009500, 25.00000000000000000 ) ) ;
#15 = FACE_BOUND ( 'NONE', #2940, .T. ) ;
#16 = FACE_BOUND ( 'NONE', #423, .T. ) ;
#17 = CARTESIAN_POINT ( 'NONE',  ( 9.749999999999996400, -28.00665726375404000, -48.90534723443666800 ) ) ;
#18 = CARTESIAN_POINT ( 'NONE',  ( 9.749999999999998200, -28.17830085889910700, -48.80624875857498800 ) ) ;
#19 = AXIS2_PLACEMENT_3D ( 'NONE', #1951, #1971, #1945 ) ;
#20 = CARTESIAN_POINT ( 'NONE',  ( -9.679828856555237900, 64.27441668077830200, -0.3319494909114784100 ) ) ;
#21 = CARTESIAN_POINT ( 'NONE',  ( -14.20000000000000100, 112.5000000000000000, 25.00000000000000000 ) ) ;
#22 = EDGE_CURVE ( 'E1203', #204, #2779, #2245, .T. ) ;
#23 = DIRECTION ( 'NONE',  ( 0.0000000000000000000, -1.000000000000000000, 0.0000000000000000000 ) ) ;
#24 = CARTESIAN_POINT ( 'NONE',  ( -12.45134776887013400, 76.02437778808399600, 25.00000000000001100 ) ) ;
#25 = EDGE_CURVE ( 'E334', #2796, #2761, #2230, .T. ) ;
#26 = EDGE_LOOP ( 'NONE', ( #912, #308, #2151, #2089, #1902, #3015 ) ) ;
#27 = CARTESIAN_POINT ( 'NONE',  ( -13.29370476331114600, 76.32717360893907700, 24.99999999999999600 ) ) ;
#28 = FACE_OUTER_BOUND ( 'NONE', #1514, .T. ) ;
#29 = CARTESIAN_POINT ( 'NONE',  ( -15.00000000000000000, 0.0000000000000000000, 0.0000000000000000000 ) ) ;
#30 = CARTESIAN_POINT ( 'NONE',  ( -5.303300858899099500, 0.0000000000000000000, 0.0000000000000000000 ) ) ;
#31 = ORIENTED_EDGE ( 'NONE', *, *, #211, .T. ) ;
#32 = EDGE_CURVE ( 'E16', #180, #2923, #2844, .T. ) ;
#33 = DIRECTION ( 'NONE',  ( -1.000000000000000000, -0.0000000000000000000, -0.0000000000000000000 ) ) ;
#34 = VECTOR ( 'NONE', #2007, 1000.000000000000000 ) ;
#35 = AXIS2_PLACEMENT_3D ( 'NONE', #2047, #2072, #2025 ) ;
#36 = FACE_BOUND ( 'NONE', #2647, .T. ) ;
#37 = DIRECTION ( 'NONE',  ( 0.0000000000000000000, 0.0000000000000000000, -1.000000000000000000 ) ) ;
#38 = EDGE_LOOP ( 'NONE', ( #2840 ) ) ;
#39 = CARTESIAN_POINT ( 'NONE',  ( 28.83990269335237100, -22.72944614019924400, -29.82735234934582300 ) ) ;
#40 = EDGE_CURVE ( 'E1218', #2991, #2779, #2199, .T. ) ;
#41 = CARTESIAN_POINT ( 'NONE',  ( 28.53814067145268800, -22.53058784995982900, -29.97832438031852600 ) ) ;
#42 = CARTESIAN_POINT ( 'NONE',  ( -12.57971273692351100, 76.04469581092084200, 25.00000000000000000 ) ) ;
#43 = EDGE_CURVE ( 'NONE', #1616, #1616, #2220, .T. ) ;
#44 = CARTESIAN_POINT ( 'NONE',  ( -12.32362519336101900, -76.01733144023009500, -25.00000000000000000 ) ) ;
#45 = CARTESIAN_POINT ( 'NONE',  ( 9.350156395566459700, 55.43754127789710400, 55.64930367938129800 ) ) ;
#46 = AXIS2_PLACEMENT_3D ( 'NONE', #2002, #1997, #2003 ) ;
#47 = DIRECTION ( 'NONE',  ( -0.06162841671621953300, -0.7044160264027583600, 0.7071067811865476800 ) ) ;
#48 = ORIENTED_EDGE ( 'NONE', *, *, #1085, .T. ) ;
#49 = EDGE_LOOP ( 'NONE', ( #3019 ) ) ;
#50 = CARTESIAN_POINT ( 'NONE',  ( -12.94880077908248900, 76.15618563153098800, 25.00000000000000400 ) ) ;
#51 = DIRECTION ( 'NONE',  ( 1.000000000000000000, 0.0000000000000000000, 0.0000000000000000000 ) ) ;
#52 = ORIENTED_EDGE ( 'NONE', *, *, #598, .F. ) ;
#53 = AXIS2_PLACEMENT_3D ( 'NONE', #2036, #1978, #2009 ) ;
#54 = CARTESIAN_POINT ( 'NONE',  ( 26.69986434439607600, -17.39333952962896700, -33.22284619788100500 ) ) ;
#55 = CARTESIAN_POINT ( 'NONE',  ( 26.65238845804558600, -17.56201590962891500, -33.13400835255510700 ) ) ;
#56 = EDGE_CURVE ( 'E1224', #2779, #727, #2153, .T. ) ;
#57 = APPROVAL_ROLE ( '' ) ;
#58 = APPROVAL_STATUS ( 'not_yet_approved' ) ;
#59 = DIRECTION ( 'NONE',  ( 1.000000000000000000, 0.0000000000000000000, 1.224606353822375800E-016 ) ) ;
#60 = DATE_TIME_ROLE ( 'classification_date' ) ;
#61 = EDGE_CURVE ( 'E1239', #2727, #727, #2823, .T. ) ;
#62 = DIRECTION ( 'NONE',  ( 1.000000000000000000, 0.0000000000000000000, 0.0000000000000000000 ) ) ;
#63 = ADVANCED_FACE ( 'E1365', ( #2827, #2055 ), #1418, .T. ) ;
#64 = PERSON_AND_ORGANIZATION_ROLE ( 'classification_officer' ) ;
#65 = B_SPLINE_CURVE_WITH_KNOTS ( 'NONE', 3,
 ( #1819, #1769, #1900, #1925, #1957, #1931, #1913, #2098, #1935, #1975, #1877, #1947, #1987, #2067, #2120, #2419, #2364, #2269, #2263, #2203, #2398, #2082, #2101, #2158, #2140, #2194, #2239, #2051 ),
 .UNSPECIFIED., .T., .F.,
 ( 4, 2, 2, 2, 2, 2, 2, 2, 2, 2, 2, 2, 2, 4 ),
 ( 0.0000000000000000000, 0.0002945342164026640100, 0.0005890684328053280300, 0.001178136865610681200, 0.001472671082013353400, 0.001767205298416026000, 0.002061739514818698000, 0.002356273731221370700, 0.002945342164026727600, 0.003239876380429408100, 0.003534410596832087600, 0.003828944813234767200, 0.004123479029637446300, 0.004712547462442806400 ),
 .UNSPECIFIED. ) ;
#66 = SECURITY_CLASSIFICATION_LEVEL ( 'unclassified' ) ;
#67 = DIRECTION ( 'NONE',  ( 0.0000000000000000000, 0.0000000000000000000, -1.000000000000000000 ) ) ;
#68 = EDGE_LOOP ( 'NONE', ( #2813 ) ) ;
#69 = EDGE_CURVE ( 'E264', #2327, #1629, #2852, .T. ) ;
#70 = PERSON_AND_ORGANIZATION_ROLE ( 'design_supplier' ) ;
#71 = DIRECTION ( 'NONE',  ( 1.112973347316841600E-016, 0.0000000000000000000, -1.000000000000000000 ) ) ;
#72 = PERSON_AND_ORGANIZATION_ROLE ( 'creator' ) ;
#73 = ORIENTED_EDGE ( 'NONE', *, *, #440, .T. ) ;
#74 = APPROVAL_ROLE ( '' ) ;
#75 = APPROVAL_STATUS ( 'not_yet_approved' ) ;
#76 = CARTESIAN_POINT ( 'NONE',  ( -15.00000000000000000, 0.0000000000000000000, 0.0000000000000000000 ) ) ;
#77 = EDGE_LOOP ( 'NONE', ( #597 ) ) ;
#78 = DATE_TIME_ROLE ( 'creation_date' ) ;
#79 = PERSON_AND_ORGANIZATION_ROLE ( 'creator' ) ;
#80 = CARTESIAN_POINT ( 'NONE',  ( 30.56668416619550400, -23.46344355778360900, -29.25302821041585900 ) ) ;
#81 = APPROVAL_ROLE ( '' ) ;
#82 = VERTEX_POINT ( 'NONE', #1173 ) ;
#83 = LINE ( 'NONE', #975, #34 ) ;
#84 = DESIGN_CONTEXT ( 'detailed design', #94, 'design' ) ;
#85 = DIRECTION ( 'NONE',  ( -2.449212707644755000E-016, 0.0000000000000000000, 1.000000000000000000 ) ) ;
#86 = AXIS2_PLACEMENT_3D ( 'NONE', #2063, #2058, #2064 ) ;
#87 = APPROVAL_STATUS ( 'not_yet_approved' ) ;
#88 = FACE_OUTER_BOUND ( 'NONE', #99, .T. ) ;
#89 = CARTESIAN_POINT ( 'NONE',  ( 30.02492864822080400, -23.28602351746240000, -29.39416301770401300 ) ) ;
#90 = ORIENTED_EDGE ( 'NONE', *, *, #1894, .T. ) ;
#91 = APPLICATION_PROTOCOL_DEFINITION ( 'international standard', 'config_control_design', 1994, #94 ) ;
#92 = CARTESIAN_POINT ( 'NONE',  ( 29.84796620867825800, -23.21979853270201100, -29.44655643745031200 ) ) ;
#93 = EDGE_LOOP ( 'NONE', ( #2898 ) ) ;
#94 = APPLICATION_CONTEXT ( 'configuration controlled 3d designs of mechanical parts and assemblies' ) ;
#95 = CARTESIAN_POINT ( 'NONE',  ( 29.50137992261988300, -23.07277455011270500, -29.56189784981483400 ) ) ;
#96 = EDGE_CURVE ( 'E129', #2937, #2987, #2850, .T. ) ;
#97 = ADVANCED_FACE ( 'E0', ( #1996, #2023 ), #1928, .F. ) ;
#98 = PERSON_AND_ORGANIZATION_ROLE ( 'design_owner' ) ;
#99 = EDGE_LOOP ( 'NONE', ( #871, #1944, #2682, #1357 ) ) ;
#100 = CARTESIAN_POINT ( 'NONE',  ( 29.33089420261490000, -22.99146892122652000, -29.62523458721190700 ) ) ;
#101 = MECHANICAL_CONTEXT ( 'NONE', #107, 'mechanical' ) ;
#102 = CARTESIAN_POINT ( 'NONE',  ( 27.29591944449963500, -21.29840168487050900, -30.86640075482093000 ) ) ;
#103 = DIRECTION ( 'NONE',  ( 1.000000000000000000, 0.0000000000000000000, 0.0000000000000000000 ) ) ;
#104 = EDGE_CURVE ( 'E43', #2142, #995, #1245, .T. ) ;
#105 = EDGE_LOOP ( 'NONE', ( #2361, #3023, #463, #833 ) ) ;
#106 = CARTESIAN_POINT ( 'NONE',  ( 32.45026016601159600, 45.31966857847459100, -6.260266100215074100 ) ) ;
#107 = APPLICATION_CONTEXT ( 'configuration controlled 3d designs of mechanical parts and assemblies' ) ;
#108 = CARTESIAN_POINT ( 'NONE',  ( 33.71768582600908800, 45.33399844950768900, -6.155761041345118500 ) ) ;
#109 = CARTESIAN_POINT ( 'NONE',  ( 26.53827579891642300, -18.06989142427669700, -32.86147703898676300 ) ) ;
#110 = EDGE_CURVE ( 'E1245', #727, #982, #2045, .T. ) ;
#111 = APPLICATION_PROTOCOL_DEFINITION ( 'international standard', 'config_control_design', 1994, #107 ) ;
#112 = CARTESIAN_POINT ( 'NONE',  ( 31.81959584012049900, 45.32541817609701700, -6.218453593056983300 ) ) ;
#113 = CARTESIAN_POINT ( 'NONE',  ( 27.98454506990687200, -22.08354828538805500, -30.30914410938210300 ) ) ;
#114 = CARTESIAN_POINT ( 'NONE',  ( 27.73119497782326100, -21.83263803550124400, -30.49085971726756500 ) ) ;
#115 =( NAMED_UNIT ( * ) SI_UNIT ( $, .STERADIAN. ) SOLID_ANGLE_UNIT ( ) );
#116 = CARTESIAN_POINT ( 'NONE',  ( 21.00000000000000000, 41.54666666666664600, -70.69564688783100300 ) ) ;
#117 = PLANE ( 'NONE',  #1050 ) ;
#118 = VECTOR ( 'NONE', #1984, 1000.000000000000000 ) ;
#119 = DIRECTION ( 'NONE',  ( -1.000000000000000000, 0.0000000000000000000, -6.123031769111888800E-017 ) ) ;
#120 = EDGE_CURVE ( 'NONE', #1612, #1612, #986, .T. ) ;
#121 = DIRECTION ( 'NONE',  ( 0.0000000000000000000, 1.000000000000000000, 0.0000000000000000000 ) ) ;
#122 = EDGE_CURVE ( 'E140', #2142, #1079, #909, .T. ) ;
#123 = CIRCLE ( 'NONE', #800, 82.00000000000000000 ) ;
#124 =( NAMED_UNIT ( * ) PLANE_ANGLE_UNIT ( ) SI_UNIT ( $, .RADIAN. ) );
#125 = CIRCLE ( 'NONE', #818, 25.00000000000000000 ) ;
#126 = EDGE_CURVE ( 'NONE', #1605, #1605, #895, .T. ) ;
#127 =( LENGTH_UNIT ( ) NAMED_UNIT ( * ) SI_UNIT ( .MILLI., .METRE. ) );
#128 = CARTESIAN_POINT ( 'NONE',  ( 32.87190731082326100, 45.32096623798830100, -6.250986216049017900 ) ) ;
#129 = CARTESIAN_POINT ( 'NONE',  ( 27.11124102658664700, -21.01361832900545700, -31.06139815773901700 ) ) ;
#130 = CARTESIAN_POINT ( 'NONE',  ( 26.88448062273573000, -20.55823903904448000, -31.36306681928895700 ) ) ;
#131 = CARTESIAN_POINT ( 'NONE',  ( 26.81719078768687200, -20.40106101035266300, -31.46557238860450000 ) ) ;
#132 = CARTESIAN_POINT ( 'NONE',  ( 26.70258608852166300, -20.08368697298833200, -31.66908671972811700 ) ) ;
#133 = AXIS2_PLACEMENT_3D ( 'NONE', #2095, #2085, #2076 ) ;
#134 = ADVANCED_FACE ( 'E856', ( #1878, #1802 ), #1755, .T. ) ;
#135 = DIRECTION ( 'NONE',  ( 0.0000000000000000000, 0.0000000000000000000, 1.000000000000000000 ) ) ;
#136 = CARTESIAN_POINT ( 'NONE',  ( 26.65484743100203200, -19.92280532506105200, -31.77056262733329100 ) ) ;
#137 = CARTESIAN_POINT ( 'NONE',  ( 26.53978225187837500, -19.43353750674042500, -32.07389759110146300 ) ) ;
#138 = LINE ( 'NONE', #1035, #118 ) ;
#139 = FACE_OUTER_BOUND ( 'NONE', #2842, .T. ) ;
#140 = AXIS2_PLACEMENT_3D ( 'NONE', #2048, #2068, #2043 ) ;
#141 = DIRECTION ( 'NONE',  ( -0.06162841671621953300, -0.7044160264027583600, 0.7071067811865476800 ) ) ;
#142 = PLANE ( 'NONE',  #649 ) ;
#143 = CARTESIAN_POINT ( 'NONE',  ( 26.50032726167669800, -19.09762340845347200, -32.27519171121151200 ) ) ;
#144 = ORIENTED_EDGE ( 'NONE', *, *, #2578, .F. ) ;
#145 = CARTESIAN_POINT ( 'NONE',  ( 26.49967677533534200, -18.41090071602910400, -32.67179142121050700 ) ) ;
#146 = CARTESIAN_POINT ( 'NONE',  ( 21.00000000000000000, 112.5000000000000000, -3.520743267239335000E-015 ) ) ;
#147 = AXIS2_PLACEMENT_3D ( 'NONE', #2132, #2130, #2125 ) ;
#148 = AXIS2_PLACEMENT_3D ( 'NONE', #2018, #2015, #2013 ) ;
#149 = DIRECTION ( 'NONE',  ( -1.000000000000000000, 0.0000000000000000000, -6.123031769111888800E-017 ) ) ;
#150 = CARTESIAN_POINT ( 'NONE',  ( -14.85048457330266200, 0.0000000000000000000, 63.28082733291449800 ) ) ;
#151 = CARTESIAN_POINT ( 'NONE',  ( 32.50000000000000000, 45.07339999999999900, 6.000000000000000000 ) ) ;
#152 = ORIENTED_EDGE ( 'NONE', *, *, #872, .T. ) ;
#153 = DIRECTION ( 'NONE',  ( 1.000000000000000000, 0.0000000000000000000, 0.0000000000000000000 ) ) ;
#154 = CARTESIAN_POINT ( 'NONE',  ( -12.00000000000000000, -112.5000000000000000, -11.50000000000000000 ) ) ;
#155 = CARTESIAN_POINT ( 'NONE',  ( 27.61688564223568300, -15.64460013915060300, -34.08112863680895500 ) ) ;
#156 = CARTESIAN_POINT ( 'NONE',  ( -12.82906513918994300, 76.11091910561714300, 24.99999999999998900 ) ) ;
#157 = CARTESIAN_POINT ( 'NONE',  ( 26.81416546519695400, -17.05734977064235400, -33.39659545946229000 ) ) ;
#158 = CARTESIAN_POINT ( 'NONE',  ( 4.370913783538889600, 55.77382987777490100, 56.00607583220129700 ) ) ;
#159 = CARTESIAN_POINT ( 'NONE',  ( 32.50000000000000000, 45.75000000000000000, -5.323399999999999500 ) ) ;
#160 = CARTESIAN_POINT ( 'NONE',  ( 26.88108252058076900, -16.89018754577408300, -33.48140708710541700 ) ) ;
#161 = CARTESIAN_POINT ( 'NONE',  ( -13.50348654445904400, 76.48985751274499000, 24.99999999999999600 ) ) ;
#162 = CARTESIAN_POINT ( 'NONE',  ( 32.50000000000000000, 38.17660000000000100, 6.000000000000000000 ) ) ;
#163 = CARTESIAN_POINT ( 'NONE',  ( 27.10644239576510700, -16.40202029263386100, -33.72470835716157500 ) ) ;
#164 = CARTESIAN_POINT ( 'NONE',  ( 27.29042636951166800, -16.09039665717231000, -33.87412738515011800 ) ) ;
#165 = VECTOR ( 'NONE', #1215, 1000.000000000000000 ) ;
#166 = CARTESIAN_POINT ( 'NONE',  ( 32.10292695474287000, -13.31229159617296700, -35.05756540974377300 ) ) ;
#167 = ORIENTED_EDGE ( 'NONE', *, *, #2223, .T. ) ;
#168 = CARTESIAN_POINT ( 'NONE',  ( 32.50000000000000000, 37.50000000000000000, -5.323399999999999500 ) ) ;
#169 = EDGE_CURVE ( 'NONE', #1604, #1604, #842, .T. ) ;
#170 = B_SPLINE_CURVE_WITH_KNOTS ( 'NONE', 3,
 ( #914, #942, #938, #892, #971, #987, #989, #997, #917, #1011, #927, #887, #968, #1063, #839, #1064, #1065, #1068, #1109, #1038, #1127, #1125, #1096, #1092, #1158, #1130, #1082, #1136 ),
 .UNSPECIFIED., .T., .F.,
 ( 4, 2, 2, 2, 2, 2, 2, 2, 2, 2, 2, 2, 2, 4 ),
 ( 0.0000000000000000000, 0.0002945125622200313000, 0.0005890251244400626000, 0.001178050248880114100, 0.001472562811100145600, 0.001767075373320176500, 0.002061587935540207900, 0.002356100497760239100, 0.002945125622200302000, 0.003239638184420331000, 0.003534150746640360000, 0.003828663308860389500, 0.004123175871080418500, 0.004712200995520472200 ),
 .UNSPECIFIED. ) ;
#171 = CARTESIAN_POINT ( 'NONE',  ( -9.754417187275056000, 64.26397123049879700, 0.05485773369200966400 ) ) ;
#172 = EDGE_LOOP ( 'NONE', ( #2854 ) ) ;
#173 = CARTESIAN_POINT ( 'NONE',  ( 19.12362519336105000, 0.0000000000000000000, 78.17253264805098900 ) ) ;
#174 = CARTESIAN_POINT ( 'NONE',  ( 27.73488743322790000, -15.49888138444840600, -34.14759334272322600 ) ) ;
#175 = DIRECTION ( 'NONE',  ( 1.000000000000000000, 0.0000000000000000000, 0.0000000000000000000 ) ) ;
#176 = ORIENTED_EDGE ( 'NONE', *, *, #2447, .F. ) ;
#177 = CARTESIAN_POINT ( 'NONE',  ( 28.11618811853385200, -15.08586323615611500, -34.33199773687655900 ) ) ;
#178 = CARTESIAN_POINT ( 'NONE',  ( 28.53007202450485700, -14.70330457377303000, -34.49840847561637200 ) ) ;
#179 = CARTESIAN_POINT ( 'NONE',  ( 28.83160787935584300, -14.47234782076716900, -34.59552547292010900 ) ) ;
#180 = VERTEX_POINT ( 'NONE', #205 ) ;
#181 = CARTESIAN_POINT ( 'NONE',  ( 29.48793035269882900, -14.06194481792361700, -34.76436310549068100 ) ) ;
#182 = ORIENTED_EDGE ( 'NONE', *, *, #2274, .T. ) ;
#183 = CARTESIAN_POINT ( 'NONE',  ( 29.83483227025922000, -13.88781085683114300, -34.83391635797804800 ) ) ;
#184 = CARTESIAN_POINT ( 'NONE',  ( 30.37593047777551900, -13.67607200618154600, -34.91734252902373500 ) ) ;
#185 = DIRECTION ( 'NONE',  ( 0.06162841671621927000, 0.7044160264027586900, 0.7071067811865476800 ) ) ;
#186 = EDGE_LOOP ( 'NONE', ( #2738 ) ) ;
#187 = DIRECTION ( 'NONE',  ( 0.0000000000000000000, 1.000000000000000000, 0.0000000000000000000 ) ) ;
#188 = B_SPLINE_CURVE_WITH_KNOTS ( 'NONE', 3,
 ( #618, #575, #506, #638, #653, #602, #677, #713, #621, #721, #724, #728, #739, #714, #742, #763, #749, #754, #774, #764, #789, #2278, #776, #828, #825, #771, #868, #859 ),
 .UNSPECIFIED., .T., .F.,
 ( 4, 2, 2, 2, 2, 2, 2, 2, 2, 2, 2, 2, 2, 4 ),
 ( 0.0000000000000000000, 0.0002930755042752135000, 0.0005861510085504270000, 0.001172302017100853800, 0.001465377521376067200, 0.001758453025651280700, 0.002051528529926494100, 0.002344604034201707600, 0.002930755042752134900, 0.003223830547027348300, 0.003516906051302562200, 0.003809981555577775700, 0.004103057059852989100, 0.004689208068403416000 ),
 .UNSPECIFIED. ) ;
#189 = CARTESIAN_POINT ( 'NONE',  ( 34.23205080756889600, 45.75000000000000000, 3.000000000000000000 ) ) ;
#190 = VERTEX_POINT ( 'NONE', #236 ) ;
#191 = CARTESIAN_POINT ( 'NONE',  ( -12.00000000000000000, -112.5000000000000000, 25.00000000000000000 ) ) ;
#192 = ORIENTED_EDGE ( 'NONE', *, *, #2976, .F. ) ;
#193 = PLANE ( 'NONE',  #965 ) ;
#194 = CARTESIAN_POINT ( 'NONE',  ( 32.50000000000001400, -13.31229159617296200, -35.05756540974376600 ) ) ;
#195 = CARTESIAN_POINT ( 'NONE',  ( -23.00000000000000000, 0.0000000000000000000, -71.50000000000000000 ) ) ;
#196 = EDGE_CURVE ( 'NONE', #1601, #1601, #784, .T. ) ;
#197 = CARTESIAN_POINT ( 'NONE',  ( 30.93634082285824500, -13.50522543234470200, -34.98374283004316300 ) ) ;
#198 = CARTESIAN_POINT ( 'NONE',  ( -15.00000000000000000, 71.50000000000000000, 0.0000000000000000000 ) ) ;
#199 = EDGE_LOOP ( 'NONE', ( #2774, #1101, #1089, #2039 ) ) ;
#200 = CARTESIAN_POINT ( 'NONE',  ( -33.30000000000000400, 0.0000000000000000000, 0.0000000000000000000 ) ) ;
#201 = ADVANCED_FACE ( 'E707', ( #1765, #1912 ), #1881, .T. ) ;
#202 = CARTESIAN_POINT ( 'NONE',  ( 31.12928440989484000, -13.45924099639792400, -35.00143386292064200 ) ) ;
#203 = CARTESIAN_POINT ( 'NONE',  ( -12.00000000000000000, 112.5000000000000000, -11.50000000000000000 ) ) ;
#204 = VERTEX_POINT ( 'NONE', #2248 ) ;
#205 = CARTESIAN_POINT ( 'NONE',  ( -12.00000000000000000, 75.99728763956311200, -25.00000000000000000 ) ) ;
#206 = CARTESIAN_POINT ( 'NONE',  ( 32.50000000000000000, -17.34054757729336800, -42.03470943493755400 ) ) ;
#207 = EDGE_LOOP ( 'NONE', ( #1076 ) ) ;
#208 = EDGE_CURVE ( 'E113', #3038, #244, #1814, .T. ) ;
#209 = CARTESIAN_POINT ( 'NONE',  ( 32.50000000000000000, -27.48519963450608100, -36.95896222313809400 ) ) ;
#210 = CARTESIAN_POINT ( 'NONE',  ( -15.00000000000000000, 0.0000000000000000000, 0.0000000000000000000 ) ) ;
#211 = EDGE_CURVE ( 'E576', #541, #2347, #1771, .T. ) ;
#212 = CARTESIAN_POINT ( 'NONE',  ( 32.50000000000000000, -13.89214757729336600, -36.06190543011700100 ) ) ;
#213 = EDGE_LOOP ( 'NONE', ( #3024 ) ) ;
#214 = CARTESIAN_POINT ( 'NONE',  ( 29.19827534653206100, 45.42542397298952000, -5.442836130298053900 ) ) ;
#215 = EDGE_LOOP ( 'NONE', ( #1915, #1209, #2020, #1938, #2571, #546, #576, #844 ) ) ;
#216 = EDGE_CURVE ( 'NONE', #1599, #1599, #1916, .T. ) ;
#217 = EDGE_CURVE ( 'NONE', #1597, #1597, #2831, .T. ) ;
#218 = CARTESIAN_POINT ( 'NONE',  ( 32.50000000000000000, -23.36019963450608100, -29.81425264191645400 ) ) ;
#219 = EDGE_LOOP ( 'NONE', ( #1178 ) ) ;
#220 = CARTESIAN_POINT ( 'NONE',  ( 32.50000000000000000, -18.75000000000000000, -32.47595264191645000 ) ) ;
#221 = CARTESIAN_POINT ( 'NONE',  ( 27.52113570930355400, 45.56059571131150000, -4.158679904499774000 ) ) ;
#222 = AXIS2_PLACEMENT_3D ( 'NONE', #2415, #2383, #2336 ) ;
#223 = DIRECTION ( 'NONE',  ( 0.0000000000000000000, 0.0000000000000000000, 1.000000000000000000 ) ) ;
#224 = EDGE_LOOP ( 'NONE', ( #1162, #2216, #2428, #2514 ) ) ;
#225 = SPHERICAL_SURFACE ( 'NONE', #805, 65.00000000000000000 ) ;
#226 = CARTESIAN_POINT ( 'NONE',  ( 15.00000000000000000, -71.50000000000000000, 0.0000000000000000000 ) ) ;
#227 = EDGE_LOOP ( 'NONE', ( #252 ) ) ;
#228 = CARTESIAN_POINT ( 'NONE',  ( -9.575496403220521200, 64.28902773656290000, 0.5191640360847793500 ) ) ;
#229 = CARTESIAN_POINT ( 'NONE',  ( -33.99999999999999300, 0.0000000000000000000, -73.80000000000001100 ) ) ;
#230 = EDGE_CURVE ( 'NONE', #1591, #1591, #2835, .T. ) ;
#231 = CARTESIAN_POINT ( 'NONE',  ( -34.00000000000000000, 112.5000000000000000, -11.50000000000000000 ) ) ;
#232 = CARTESIAN_POINT ( 'NONE',  ( 27.81545471280527700, 45.53244131058464500, -4.467126646847431100 ) ) ;
#233 = EDGE_LOOP ( 'NONE', ( #73 ) ) ;
#234 = DIRECTION ( 'NONE',  ( -1.000000000000000000, 0.0000000000000000000, 0.0000000000000000000 ) ) ;
#235 = EDGE_LOOP ( 'NONE', ( #1954, #685, #1060, #1667 ) ) ;
#236 = CARTESIAN_POINT ( 'NONE',  ( 35.96410161513775000, 43.68750000000000000, 2.121080424092025200E-016 ) ) ;
#237 = CARTESIAN_POINT ( 'NONE',  ( 28.13585899316800700, 45.50423175747235400, -4.742098773034836500 ) ) ;
#238 = CARTESIAN_POINT ( 'NONE',  ( 14.85048457330266900, 0.0000000000000000000, -63.28082733291449800 ) ) ;
#239 = CARTESIAN_POINT ( 'NONE',  ( 12.00000000000000000, 0.0000000000000000000, 1.102145718440140100E-015 ) ) ;
#240 = CARTESIAN_POINT ( 'NONE',  ( -9.624933006897881800, 64.28210253154327300, -0.4146790769855404100 ) ) ;
#241 = CARTESIAN_POINT ( 'NONE',  ( 21.00000000000000400, 0.0000000000000000000, -71.50000000000000000 ) ) ;
#242 = CARTESIAN_POINT ( 'NONE',  ( -23.00000000000000000, -73.80000000000001100, 0.0000000000000000000 ) ) ;
#243 = EDGE_CURVE ( 'E134', #2712, #2937, #2837, .T. ) ;
#244 = VERTEX_POINT ( 'NONE', #2335 ) ;
#245 = CARTESIAN_POINT ( 'NONE',  ( 15.00000000000000000, 0.0000000000000000000, 63.24555320336759900 ) ) ;
#246 = CARTESIAN_POINT ( 'NONE',  ( 28.82564028816396400, 45.45079465633635600, -5.229519453881016100 ) ) ;
#247 = CARTESIAN_POINT ( 'NONE',  ( 38.95370270300994500, 45.72204867878647100, 1.612165804458262500 ) ) ;
#248 = CARTESIAN_POINT ( 'NONE',  ( -14.99999999999999300, 0.0000000000000000000, -62.34555320336760100 ) ) ;
#249 = CARTESIAN_POINT ( 'NONE',  ( 8.901181802965060900, -56.12935057507380100, 31.54782028061425000 ) ) ;
#250 = CARTESIAN_POINT ( 'NONE',  ( 29.96631739962698000, 45.38210790673849000, -5.792917245073849300 ) ) ;
#251 = DIRECTION ( 'NONE',  ( 0.0000000000000000000, 0.0000000000000000000, -1.000000000000000000 ) ) ;
#252 = ORIENTED_EDGE ( 'NONE', *, *, #309, .F. ) ;
#253 = LINE ( 'NONE', #1223, #165 ) ;
#254 = CARTESIAN_POINT ( 'NONE',  ( -8.249999999999996400, -14.68188361900430100, -54.41064850821455700 ) ) ;
#255 = CARTESIAN_POINT ( 'NONE',  ( 8.293653970608179500, -32.45247218285035000, -55.70504781790709400 ) ) ;
#256 = EDGE_LOOP ( 'NONE', ( #333 ) ) ;
#257 = CARTESIAN_POINT ( 'NONE',  ( -9.717484694386154600, 64.26914331488779900, -0.2397110698078998600 ) ) ;
#258 = CARTESIAN_POINT ( 'NONE',  ( 14.75000000000000000, -56.35660171779819900, 0.0000000000000000000 ) ) ;
#259 = VECTOR ( 'NONE', #1386, 1000.000000000000200 ) ;
#260 = CARTESIAN_POINT ( 'NONE',  ( -9.755076484999696300, 64.26387889163356700, -0.04588230015325284900 ) ) ;
#261 = CARTESIAN_POINT ( 'NONE',  ( -8.947100481577443500, 64.37693588099341500, 0.7545911555340095700 ) ) ;
#262 = EDGE_CURVE ( 'NONE', #1584, #1584, #1708, .T. ) ;
#263 = AXIS2_PLACEMENT_3D ( 'NONE', #2271, #2267, #2266 ) ;
#264 = CARTESIAN_POINT ( 'NONE',  ( 5.303300858899099500, 0.0000000000000000000, 56.35660171779819900 ) ) ;
#265 = CARTESIAN_POINT ( 'NONE',  ( 5.303300858899109300, 0.0000000000000000000, 45.75000000000000000 ) ) ;
#266 = CARTESIAN_POINT ( 'NONE',  ( -9.695029529526531000, 64.27228795686231400, 0.3435878442166265300 ) ) ;
#267 = CARTESIAN_POINT ( 'NONE',  ( -8.754011920316363800, 64.40392431776369600, 0.7153293197633158200 ) ) ;
#268 = CARTESIAN_POINT ( 'NONE',  ( 14.75000000000000000, 0.0000000000000000000, 45.75000000000000000 ) ) ;
#269 = LINE ( 'NONE', #1992, #259 ) ;
#270 = CARTESIAN_POINT ( 'NONE',  ( -9.330470239009262200, 64.32331743886088300, 0.6803280625919095900 ) ) ;
#271 = ORIENTED_EDGE ( 'NONE', *, *, #2612, .T. ) ;
#272 = AXIS2_PLACEMENT_3D ( 'NONE', #2233, #2226, #2225 ) ;
#273 = EDGE_LOOP ( 'NONE', ( #2547, #1633, #857, #944 ) ) ;
#274 = CARTESIAN_POINT ( 'NONE',  ( -14.74999999999999500, 0.0000000000000000000, -45.75000000000000000 ) ) ;
#275 = CARTESIAN_POINT ( 'NONE',  ( 38.89096421411967700, 45.71432844909515600, 1.817301113621898800 ) ) ;
#276 = CARTESIAN_POINT ( 'NONE',  ( -14.75000000000000000, -56.35660171779819900, -1.806294371888004900E-015 ) ) ;
#277 = ORIENTED_CLOSED_SHELL ( 'NONE', *, #354, .F. );
#278 = CARTESIAN_POINT ( 'NONE',  ( 38.67209798639452600, 45.68790771876538800, 2.416034734614775900 ) ) ;
#279 = CARTESIAN_POINT ( 'NONE',  ( -9.422126102027931400, -17.24358337862589600, -61.95871506077139700 ) ) ;
#280 = CARTESIAN_POINT ( 'NONE',  ( -8.250000000000000000, 56.35660171779819900, 0.0000000000000000000 ) ) ;
#281 = CARTESIAN_POINT ( 'NONE',  ( -9.238237134696731800, 64.33622162324371600, 0.7178786015351666900 ) ) ;
#282 = CARTESIAN_POINT ( 'NONE',  ( 38.48599814844134000, 45.66599617670153300, 2.794360603331363700 ) ) ;
#283 = CARTESIAN_POINT ( 'NONE',  ( -8.250000000000000000, -14.58616184182361900, -54.43629708110820100 ) ) ;
#284 = ORIENTED_EDGE ( 'NONE', *, *, #875, .T. ) ;
#285 = DIRECTION ( 'NONE',  ( -1.000000000000000000, 0.0000000000000000000, 0.0000000000000000000 ) ) ;
#286 = CARTESIAN_POINT ( 'NONE',  ( -9.045755795328267000, 64.36314222335458600, 0.7549920702129759900 ) ) ;
#287 = ORIENTED_EDGE ( 'NONE', *, *, #398, .T. ) ;
#288 = CARTESIAN_POINT ( 'NONE',  ( 30.36391452409729300, 45.36392824612556000, -5.931893174162019600 ) ) ;
#289 = ORIENTED_EDGE ( 'NONE', *, *, #433, .T. ) ;
#290 = EDGE_CURVE ( 'E79', #809, #180, #757, .T. ) ;
#291 = CARTESIAN_POINT ( 'NONE',  ( -9.624933006897880000, 64.28210253154328800, -0.4146790769855405200 ) ) ;
#292 = CARTESIAN_POINT ( 'NONE',  ( -15.00000000000000000, 0.0000000000000000000, -63.24555320336759900 ) ) ;
#293 = CARTESIAN_POINT ( 'NONE',  ( 21.00000000000000000, 41.54666666666669500, 70.69564688783100300 ) ) ;
#294 = CARTESIAN_POINT ( 'NONE',  ( -5.303300858899099500, 0.0000000000000000000, -56.35660171779819900 ) ) ;
#295 = CARTESIAN_POINT ( 'NONE',  ( 9.042014311985362000, 51.91546114588330600, 59.18483758531403500 ) ) ;
#296 = EDGE_LOOP ( 'NONE', ( #3021 ) ) ;
#297 = EDGE_CURVE ( 'E183', #1199, #1218, #1818, .T. ) ;
#298 = CARTESIAN_POINT ( 'NONE',  ( -5.303300858899109300, 0.0000000000000000000, -45.75000000000000000 ) ) ;
#299 = CARTESIAN_POINT ( 'NONE',  ( 9.750000000000000000, -28.17830085889910000, -48.80624875857499500 ) ) ;
#300 = EDGE_LOOP ( 'NONE', ( #404, #1303, #2209, #613 ) ) ;
#301 = CARTESIAN_POINT ( 'NONE',  ( -8.250000000000000000, -14.58616184182362100, -54.43629708110821500 ) ) ;
#302 = ORIENTED_CLOSED_SHELL ( 'NONE', *, #2909, .F. );
#303 = CARTESIAN_POINT ( 'NONE',  ( 15.00000000000000000, 0.0000000000000000000, 45.75000000000000000 ) ) ;
#304 = EDGE_LOOP ( 'NONE', ( #2756 ) ) ;
#305 = CARTESIAN_POINT ( 'NONE',  ( -14.99999999999999500, 0.0000000000000000000, -45.75000000000000000 ) ) ;
#306 = DIRECTION ( 'NONE',  ( -1.000000000000000000, 0.0000000000000000000, -2.449212707644755000E-016 ) ) ;
#307 = CARTESIAN_POINT ( 'NONE',  ( 14.99999999999998400, 0.0000000000000000000, 62.34555320336760100 ) ) ;
#308 = ORIENTED_EDGE ( 'NONE', *, *, #785, .F. ) ;
#309 = EDGE_CURVE ( 'NONE', #1571, #1571, #1745, .T. ) ;
#310 = CARTESIAN_POINT ( 'NONE',  ( 38.14935085393494800, 45.62884523206613400, 3.332157302131263600 ) ) ;
#311 = CIRCLE ( 'NONE', #838, 11.50000000000000000 ) ;
#312 = DIRECTION ( 'NONE',  ( -1.000000000000000000, 0.0000000000000000000, 0.0000000000000000000 ) ) ;
#313 = CARTESIAN_POINT ( 'NONE',  ( -8.662826035724055600, 64.41666524011077400, 0.6770800751396339700 ) ) ;
#314 = CARTESIAN_POINT ( 'NONE',  ( -8.500023617942607900, 64.43940723017679800, 0.5675802390159913100 ) ) ;
#315 = CARTESIAN_POINT ( 'NONE',  ( 9.042014311985354900, 51.91546114588329900, 58.41939449467962200 ) ) ;
#316 = CARTESIAN_POINT ( 'NONE',  ( 21.00000000000000000, 0.0000000000000000000, 76.19524616923700900 ) ) ;
#317 = CARTESIAN_POINT ( 'NONE',  ( -8.429439740241772200, 64.44926409206999600, 0.4965588073041408700 ) ) ;
#318 = CARTESIAN_POINT ( 'NONE',  ( 9.750000000000000000, -48.80624875857499500, 28.17830085889910000 ) ) ;
#319 = EDGE_LOOP ( 'NONE', ( #1439, #495, #2494, #1948, #2935 ) ) ;
#320 = CARTESIAN_POINT ( 'NONE',  ( -31.30000000000000100, 0.0000000000000000000, 37.50000000000000000 ) ) ;
#321 = ORIENTED_EDGE ( 'NONE', *, *, #3048, .T. ) ;
#322 = CARTESIAN_POINT ( 'NONE',  ( 31.19046159342501300, 45.33755465165472700, -6.129415869469322200 ) ) ;
#323 = CARTESIAN_POINT ( 'NONE',  ( 42.50000000000000000, 0.0000000000000000000, 37.50000000000000000 ) ) ;
#324 = EDGE_CURVE ( 'E744', #995, #1477, #1588, .T. ) ;
#325 = CARTESIAN_POINT ( 'NONE',  ( -8.266752743737567900, 64.47197980477766100, 0.2515692701630328200 ) ) ;
#326 = CARTESIAN_POINT ( 'NONE',  ( 44.50000000000000000, 0.0000000000000000000, 39.50000000000000000 ) ) ;
#327 = CARTESIAN_POINT ( 'NONE',  ( -8.225821546402757500, 64.47769181971503400, 0.04230933138206275500 ) ) ;
#328 = CARTESIAN_POINT ( 'NONE',  ( 42.50000000000000000, 0.0000000000000000000, 45.75000000000000000 ) ) ;
#329 = B_SPLINE_CURVE_WITH_KNOTS ( 'NONE', 3,
 ( #301, #254, #370, #373, #385, #386, #387, #393, #400, #401, #403, #405, #407, #363, #414, #852, #883, #796, #822, #750, #434, #409, #441, #442, #381, #452, #481, #500 ),
 .UNSPECIFIED., .T., .F.,
 ( 4, 2, 2, 2, 2, 2, 2, 2, 2, 2, 2, 2, 2, 4 ),
 ( 0.0000000000000000000, 0.0002930755042752132300, 0.0005861510085504264600, 0.001172302017100856600, 0.001465377521376071800, 0.001758453025651286700, 0.002051528529926501900, 0.002344604034201716700, 0.002930755042752141800, 0.003223830547027352200, 0.003516906051302563100, 0.003809981555577773900, 0.004103057059852983900, 0.004689208068403405600 ),
 .UNSPECIFIED. ) ;
#330 = CARTESIAN_POINT ( 'NONE',  ( 44.50000000000000000, 0.0000000000000000000, 43.75000000000000000 ) ) ;
#331 = CARTESIAN_POINT ( 'NONE',  ( -8.284904836972113900, 64.46944408394453800, -0.2465755405513229100 ) ) ;
#332 = CARTESIAN_POINT ( 'NONE',  ( -8.323882461718369500, 64.46400294184006400, -0.3392278973173031300 ) ) ;
#333 = ORIENTED_EDGE ( 'NONE', *, *, #589, .T. ) ;
#334 = CARTESIAN_POINT ( 'NONE',  ( -31.30000000000000100, 0.0000000000000000000, 45.75000000000000000 ) ) ;
#335 = CARTESIAN_POINT ( 'NONE',  ( -33.30000000000000400, 0.0000000000000000000, 39.50000000000000000 ) ) ;
#336 = CARTESIAN_POINT ( 'NONE',  ( -8.434459031653354100, 64.44856318822581900, -0.5023682961850409700 ) ) ;
#337 = CARTESIAN_POINT ( 'NONE',  ( -8.505125027092471900, 64.43869476030427300, -0.5721536155930083700 ) ) ;
#338 = CARTESIAN_POINT ( 'NONE',  ( -33.30000000000000400, 0.0000000000000000000, 43.75000000000000000 ) ) ;
#339 = CARTESIAN_POINT ( 'NONE',  ( -8.670175933925946800, 64.41563836591750200, -0.6807915129353149200 ) ) ;
#340 = CARTESIAN_POINT ( 'NONE',  ( 32.50000000000000000, 37.01688803775919500, 6.000000000000000000 ) ) ;
#341 = CARTESIAN_POINT ( 'NONE',  ( 27.52113570930355400, 45.56059571131150000, -4.158679904499774900 ) ) ;
#342 = CARTESIAN_POINT ( 'NONE',  ( -8.761905973065921700, 64.40282115480937400, -0.7178988078008379200 ) ) ;
#343 = DIRECTION ( 'NONE',  ( -1.000000000000000000, 0.0000000000000000000, -6.123031769111888800E-017 ) ) ;
#344 = AXIS2_PLACEMENT_3D ( 'NONE', #2355, #2353, #2346 ) ;
#345 = AXIS2_PLACEMENT_3D ( 'NONE', #2371, #2370, #2367 ) ;
#346 = CARTESIAN_POINT ( 'NONE',  ( 32.50000000000000000, -13.31229159617296000, -35.05756540974374500 ) ) ;
#347 = ORIENTED_EDGE ( 'NONE', *, *, #921, .F. ) ;
#348 = CARTESIAN_POINT ( 'NONE',  ( -8.953991904525038200, 64.37597242707946100, -0.7549508057180387400 ) ) ;
#349 = CARTESIAN_POINT ( 'NONE',  ( -9.053649335682552000, 64.36203842473422300, -0.7543923472741955700 ) ) ;
#350 = CARTESIAN_POINT ( 'NONE',  ( 25.90678621682755200, -23.72075964270124600, -39.12017461583209900 ) ) ;
#351 = ORIENTED_EDGE ( 'NONE', *, *, #43, .T. ) ;
#352 = FACE_BOUND ( 'NONE', #922, .T. ) ;
#353 = CARTESIAN_POINT ( 'NONE',  ( -9.340006420971514300, 64.32198766626787300, -0.6963044543002062700 ) ) ;
#354 = CLOSED_SHELL ( 'NONE', ( #2764, #2570, #2879, #2956, #1380, #2811, #2804, #695 ) ) ;
#355 = CARTESIAN_POINT ( 'NONE',  ( 0.0000000000000000000, 0.0000000000000000000, 0.0000000000000000000 ) ) ;
#356 = CARTESIAN_POINT ( 'NONE',  ( -9.515141307583167700, 64.29747423307323100, -0.5801382491336646300 ) ) ;
#357 = CARTESIAN_POINT ( 'NONE',  ( 31.60967746029832200, 45.32861719219443600, -6.195164577004721500 ) ) ;
#358 = CARTESIAN_POINT ( 'NONE',  ( 6.314407619128919800, 48.33439059880449700, 42.99901094050515100 ) ) ;
#359 = ORIENTED_EDGE ( 'NONE', *, *, #433, .F. ) ;
#360 = CARTESIAN_POINT ( 'NONE',  ( -9.624933006897881800, 64.28210253154327300, -0.4146790769855404100 ) ) ;
#361 = DIRECTION ( 'NONE',  ( 0.0000000000000000000, -1.000000000000000000, 0.0000000000000000000 ) ) ;
#362 = ORIENTED_EDGE ( 'NONE', *, *, #56, .T. ) ;
#363 = CARTESIAN_POINT ( 'NONE',  ( -9.730510118945296900, -14.77570591548126100, -54.38523083036122300 ) ) ;
#364 = CARTESIAN_POINT ( 'NONE',  ( -34.00000000000000000, -112.5000000000000000, -11.50000000000000000 ) ) ;
#365 = CARTESIAN_POINT ( 'NONE',  ( 30.76794919243110000, 45.75000000000000000, -3.000000000000000000 ) ) ;
#366 = EDGE_CURVE ( 'E188', #1199, #557, #1643, .T. ) ;
#367 = CARTESIAN_POINT ( 'NONE',  ( -34.00000000000000000, 125.1666666666665900, -21.55355088043630100 ) ) ;
#368 = CARTESIAN_POINT ( 'NONE',  ( 8.905939340709572600, -55.37246174452347700, 32.85747146066370300 ) ) ;
#369 = CARTESIAN_POINT ( 'NONE',  ( -14.20000000000000100, -112.5000000000000000, 25.00000000000000000 ) ) ;
#370 = CARTESIAN_POINT ( 'NONE',  ( -8.269508845530936000, -14.77574196678268200, -54.38522093554221500 ) ) ;
#371 = AXIS2_PLACEMENT_3D ( 'NONE', #2414, #2410, #2409 ) ;
#372 = VECTOR ( 'NONE', #2206, 1000.000000000000000 ) ;
#373 = CARTESIAN_POINT ( 'NONE',  ( -8.344799401956686700, -14.95096604794472300, -54.33731150056912900 ) ) ;
#374 = CARTESIAN_POINT ( 'NONE',  ( 9.195688413093821000, -55.35668288281589600, 32.80375971310320400 ) ) ;
#375 = ORIENTED_EDGE ( 'NONE', *, *, #1122, .T. ) ;
#376 = CIRCLE ( 'NONE', #820, 73.80000000000001100 ) ;
#377 = ADVANCED_BREP_SHAPE_REPRESENTATION ( 'UCFL-215', ( #2284, #2444 ), #2481 ) ;
#378 = AXIS2_PLACEMENT_3D ( 'NONE', #2575, #2567, #2607 ) ;
#379 = CARTESIAN_POINT ( 'NONE',  ( 34.23205080756889600, -20.27692378864670200, -41.12066222313809800 ) ) ;
#380 = CARTESIAN_POINT ( 'NONE',  ( 8.468825718018496900, -55.54073441019083600, 32.68815467849331200 ) ) ;
#381 = CARTESIAN_POINT ( 'NONE',  ( -8.539392690735576600, -14.00584692474141400, -54.58852989927938600 ) ) ;
#382 = EDGE_LOOP ( 'NONE', ( #1573 ) ) ;
#383 = FACE_OUTER_BOUND ( 'NONE', #49, .T. ) ;
#384 = EDGE_CURVE ( 'NONE', #1565, #1565, #1581, .T. ) ;
#385 = CARTESIAN_POINT ( 'NONE',  ( -8.400518408122161800, -15.03116073872037700, -54.31515029213788600 ) ) ;
#386 = CARTESIAN_POINT ( 'NONE',  ( -8.608116042000148100, -15.23114299169474400, -54.25954284062894600 ) ) ;
#387 = CARTESIAN_POINT ( 'NONE',  ( -8.803952162691798500, -15.30921436497652800, -54.23739035680586800 ) ) ;
#388 = CARTESIAN_POINT ( 'NONE',  ( 8.702061346189880800, -55.42400918780517600, 32.82517190327811800 ) ) ;
#389 = CARTESIAN_POINT ( 'NONE',  ( 30.98057140207299700, 45.34332426662813000, -6.086719567117923700 ) ) ;
#390 = AXIS2_PLACEMENT_3D ( 'NONE', #2463, #2457, #2454 ) ;
#391 = CARTESIAN_POINT ( 'NONE',  ( 42.50000000000000000, 0.0000000000000000000, 0.0000000000000000000 ) ) ;
#392 = VECTOR ( 'NONE', #1700, 1000.000000000000000 ) ;
#393 = CARTESIAN_POINT ( 'NONE',  ( -9.097426256185517700, -15.30936442517482700, -54.23734800004907400 ) ) ;
#394 = CARTESIAN_POINT ( 'NONE',  ( 8.302891895065240400, -55.68320219112672500, 32.48773135027586500 ) ) ;
#395 = AXIS2_PLACEMENT_3D ( 'NONE', #2445, #2432, #2430 ) ;
#396 = DIRECTION ( 'NONE',  ( 0.0000000000000000000, 0.0000000000000000000, 1.000000000000000000 ) ) ;
#397 = CARTESIAN_POINT ( 'NONE',  ( 8.402085085618033100, -55.58635187062898800, 32.62778203150486400 ) ) ;
#398 = EDGE_CURVE ( 'NONE', #1562, #1562, #1512, .T. ) ;
#399 = DIRECTION ( 'NONE',  ( 0.4999999999999998900, 0.0000000000000000000, 0.8660254037844387100 ) ) ;
#400 = CARTESIAN_POINT ( 'NONE',  ( -9.195735542463928900, -15.29068793720629800, -54.24262925941836500 ) ) ;
#401 = CARTESIAN_POINT ( 'NONE',  ( -9.377341212131350200, -15.21840717009545900, -54.26295282946665600 ) ) ;
#402 = ORIENTED_EDGE ( 'NONE', *, *, #424, .F. ) ;
#403 = CARTESIAN_POINT ( 'NONE',  ( -9.460019151547385300, -15.16545014783278900, -54.27780923090554000 ) ) ;
#404 = ORIENTED_EDGE ( 'NONE', *, *, #2422, .F. ) ;
#405 = CARTESIAN_POINT ( 'NONE',  ( -9.600097914727060200, -15.03062392135642100, -54.31529984845633400 ) ) ;
#406 = AXIS2_PLACEMENT_3D ( 'NONE', #2676, #2685, #2675 ) ;
#407 = CARTESIAN_POINT ( 'NONE',  ( -9.655162918554347900, -14.95104565277858600, -54.33728969741675700 ) ) ;
#408 = CIRCLE ( 'NONE', #878, 82.00000000000000000 ) ;
#409 = CARTESIAN_POINT ( 'NONE',  ( -8.901856090611023100, -13.86032836867591400, -54.62561537137305800 ) ) ;
#410 = EDGE_LOOP ( 'NONE', ( #1029 ) ) ;
#411 = DIRECTION ( 'NONE',  ( 0.0000000000000000000, 0.0000000000000000000, 1.000000000000000000 ) ) ;
#412 = CARTESIAN_POINT ( 'NONE',  ( 8.230150721856849900, -55.88671038295840500, 32.15555296829280300 ) ) ;
#413 = PLANE ( 'NONE',  #2476 ) ;
#414 = CARTESIAN_POINT ( 'NONE',  ( -9.749965326353557100, -14.68097265355820000, -54.41089212295149500 ) ) ;
#415 = DIRECTION ( 'NONE',  ( -1.000000000000000000, 0.0000000000000000000, 0.0000000000000000000 ) ) ;
#416 = AXIS2_PLACEMENT_3D ( 'NONE', #2586, #2585, #2580 ) ;
#417 = CARTESIAN_POINT ( 'NONE',  ( 35.96410161513775000, 45.75000000000000000, 2.121080424092025200E-016 ) ) ;
#418 = CARTESIAN_POINT ( 'NONE',  ( 8.270120216489328200, -55.73444826859012800, 32.40811980134185400 ) ) ;
#419 = CARTESIAN_POINT ( 'NONE',  ( 8.524151962426902400, -56.10925131687194100, 31.68800271028084100 ) ) ;
#420 = DIRECTION ( 'NONE',  ( 0.0000000000000000000, -1.000000000000000000, 0.0000000000000000000 ) ) ;
#421 = CARTESIAN_POINT ( 'NONE',  ( 8.285427279420199300, -55.98242618203226300, 31.97434001439213700 ) ) ;
#422 = CARTESIAN_POINT ( 'NONE',  ( 8.901181802965057300, -56.12935057507380100, 31.54782028061425000 ) ) ;
#423 = EDGE_LOOP ( 'NONE', ( #2809 ) ) ;
#424 = EDGE_CURVE ( 'NONE', #1559, #1559, #1528, .T. ) ;
#425 = DIRECTION ( 'NONE',  ( 0.0000000000000000000, -0.8660254037844387100, 0.4999999999999998900 ) ) ;
#426 = AXIS2_PLACEMENT_3D ( 'NONE', #2593, #2601, #2590 ) ;
#427 = EDGE_LOOP ( 'NONE', ( #192, #1228, #637, #321 ) ) ;
#428 = CARTESIAN_POINT ( 'NONE',  ( 8.705653947182366200, -56.14002669039224700, 31.58399347934016200 ) ) ;
#429 = EDGE_CURVE ( 'NONE', #1552, #1552, #700, .T. ) ;
#430 = DIRECTION ( 'NONE',  ( 0.0000000000000000000, 0.4999999999999998900, 0.8660254037844387100 ) ) ;
#431 = AXIS2_PLACEMENT_3D ( 'NONE', #2748, #2701, #2700 ) ;
#432 = PLANE ( 'NONE',  #2498 ) ;
#433 = EDGE_CURVE ( 'NONE', #1549, #1549, #1507, .T. ) ;
#434 = CARTESIAN_POINT ( 'NONE',  ( -9.099673597212902400, -13.86052392249826300, -54.62556575251707600 ) ) ;
#435 = CARTESIAN_POINT ( 'NONE',  ( 29.03589838486225000, -21.84375000000000000, -37.83448482783265400 ) ) ;
#436 = CARTESIAN_POINT ( 'NONE',  ( 37.76573063113888700, 45.58865248994893400, 3.842596760610245400 ) ) ;
#437 = AXIS2_PLACEMENT_3D ( 'NONE', #2670, #2666, #2663 ) ;
#438 = EDGE_LOOP ( 'NONE', ( #2354 ) ) ;
#439 = CARTESIAN_POINT ( 'NONE',  ( 32.50000000000000000, -18.75000000000000000, -32.47595264191645000 ) ) ;
#440 = EDGE_CURVE ( 'NONE', #1545, #1545, #1502, .T. ) ;
#441 = CARTESIAN_POINT ( 'NONE',  ( -8.804477931605992700, -13.87910911535336000, -54.62085958826337900 ) ) ;
#442 = CARTESIAN_POINT ( 'NONE',  ( -8.622501819389526600, -13.95200788251263700, -54.60228427495475500 ) ) ;
#443 = LINE ( 'NONE', #616, #392 ) ;
#444 = ORIENTED_EDGE ( 'NONE', *, *, #43, .F. ) ;
#445 = DIRECTION ( 'NONE',  ( 1.000000000000000000, 0.0000000000000000000, 0.0000000000000000000 ) ) ;
#446 = LINE ( 'NONE', #1679, #372 ) ;
#447 = CARTESIAN_POINT ( 'NONE',  ( -14.20000000000000100, 0.0000000000000000000, 0.0000000000000000000 ) ) ;
#448 = DIRECTION ( 'NONE',  ( 0.0000000000000000000, 0.0000000000000000000, 1.000000000000000000 ) ) ;
#449 = DIRECTION ( 'NONE',  ( 0.0000000000000000000, 0.0000000000000000000, 1.000000000000000000 ) ) ;
#450 = DIRECTION ( 'NONE',  ( -1.000000000000000000, 0.0000000000000000000, 0.0000000000000000000 ) ) ;
#451 = DIRECTION ( 'NONE',  ( -1.000000000000000000, 0.0000000000000000000, 0.0000000000000000000 ) ) ;
#452 = CARTESIAN_POINT ( 'NONE',  ( -8.331495544112339500, -14.20684559938110600, -54.53669631683770500 ) ) ;
#453 = CARTESIAN_POINT ( 'NONE',  ( -14.20000000000000100, 0.0000000000000000000, 0.0000000000000000000 ) ) ;
#454 = EDGE_CURVE ( 'NONE', #1541, #1541, #1595, .T. ) ;
#455 = CARTESIAN_POINT ( 'NONE',  ( 0.0000000000000000000, 0.0000000000000000000, 0.0000000000000000000 ) ) ;
#456 = PLANE ( 'NONE',  #1138 ) ;
#457 = AXIS2_PLACEMENT_3D ( 'NONE', #1967, #1866, #1862 ) ;
#458 = DIRECTION ( 'NONE',  ( -1.000000000000000000, 0.0000000000000000000, 0.0000000000000000000 ) ) ;
#459 = CARTESIAN_POINT ( 'NONE',  ( -14.20000000000000100, 134.8977118876569800, -25.00000000000000000 ) ) ;
#460 = VECTOR ( 'NONE', #1747, 1000.000000000000000 ) ;
#461 = AXIS2_PLACEMENT_3D ( 'NONE', #2716, #2713, #2707 ) ;
#462 = CARTESIAN_POINT ( 'NONE',  ( 30.76794919243110000, -25.47307621135330200, -38.12066222313810500 ) ) ;
#463 = ORIENTED_EDGE ( 'NONE', *, *, #2739, .T. ) ;
#464 = CARTESIAN_POINT ( 'NONE',  ( -14.20000000000000100, 0.0000000000000000000, 0.0000000000000000000 ) ) ;
#465 = DIRECTION ( 'NONE',  ( 0.0000000000000000000, 1.000000000000000000, 0.0000000000000000000 ) ) ;
#466 = EDGE_CURVE ( 'E409', #541, #2733, #1415, .T. ) ;
#467 = DIRECTION ( 'NONE',  ( 1.000000000000000000, 0.0000000000000000000, 6.123031769111888800E-017 ) ) ;
#468 = DIRECTION ( 'NONE',  ( 0.0000000000000000000, 0.0000000000000000000, 1.000000000000000000 ) ) ;
#469 = DIRECTION ( 'NONE',  ( 0.0000000000000000000, 1.000000000000000000, 0.0000000000000000000 ) ) ;
#470 = CARTESIAN_POINT ( 'NONE',  ( 30.76794919243110000, -24.44182621135329800, -36.33448482783264700 ) ) ;
#471 = CARTESIAN_POINT ( 'NONE',  ( -14.20000000000000100, 134.8977118876569800, 0.0000000000000000000 ) ) ;
#472 = CARTESIAN_POINT ( 'NONE',  ( -12.32362519336101900, 76.01733144023009500, -25.00000000000000000 ) ) ;
#473 = CARTESIAN_POINT ( 'NONE',  ( 29.03589838486225000, 45.75000000000000000, -1.110223024625155900E-015 ) ) ;
#474 = CIRCLE ( 'NONE', #882, 63.28082733291449800 ) ;
#475 = CARTESIAN_POINT ( 'NONE',  ( 29.03589838486225000, 45.75000000000000000, -6.363241272276080100E-016 ) ) ;
#476 = EDGE_LOOP ( 'NONE', ( #351 ) ) ;
#477 = ADVANCED_FACE ( 'E118', ( #1397 ), #2737, .T. ) ;
#478 = DIRECTION ( 'NONE',  ( -0.8660254037844387100, 0.0000000000000000000, 0.4999999999999998900 ) ) ;
#479 = CARTESIAN_POINT ( 'NONE',  ( -33.30000000000000400, 0.0000000000000000000, 0.0000000000000000000 ) ) ;
#480 = EDGE_CURVE ( 'E103', #1079, #2714, #1445, .T. ) ;
#481 = CARTESIAN_POINT ( 'NONE',  ( -8.250000000000005300, -14.39471828746226100, -54.48759422689551000 ) ) ;
#482 = CARTESIAN_POINT ( 'NONE',  ( -14.20000000000003100, 77.96779834528587100, 25.00000000000000700 ) ) ;
#483 = ORIENTED_EDGE ( 'NONE', *, *, #2218, .T. ) ;
#484 = AXIS2_PLACEMENT_3D ( 'NONE', #2864, #2860, #2851 ) ;
#485 = DIRECTION ( 'NONE',  ( 1.000000000000000000, 0.0000000000000000000, 0.0000000000000000000 ) ) ;
#486 = CARTESIAN_POINT ( 'NONE',  ( 38.02675357951237300, 45.61567182718340500, 3.507316562371562100 ) ) ;
#487 = DIRECTION ( 'NONE',  ( 6.123031769111888800E-017, 0.0000000000000000000, -1.000000000000000000 ) ) ;
#488 = DIRECTION ( 'NONE',  ( -1.000000000000000000, 0.0000000000000000000, 0.0000000000000000000 ) ) ;
#489 = DIRECTION ( 'NONE',  ( 0.0000000000000000000, 0.0000000000000000000, -1.000000000000000000 ) ) ;
#490 = ORIENTED_EDGE ( 'NONE', *, *, #785, .T. ) ;
#491 = AXIS2_PLACEMENT_3D ( 'NONE', #2934, #2924, #2917 ) ;
#492 = LINE ( 'NONE', #2433, #460 ) ;
#493 = DIRECTION ( 'NONE',  ( 0.0000000000000000000, 0.0000000000000000000, -1.000000000000000000 ) ) ;
#494 = DIRECTION ( 'NONE',  ( 0.0000000000000000000, 0.0000000000000000000, -1.000000000000000000 ) ) ;
#495 = ORIENTED_EDGE ( 'NONE', *, *, #753, .T. ) ;
#496 = CIRCLE ( 'NONE', #891, 71.50000000000000000 ) ;
#497 = PLANE ( 'NONE',  #2615 ) ;
#498 = CARTESIAN_POINT ( 'NONE',  ( -14.20000000000000100, -112.5000000000000000, -25.00000000000000000 ) ) ;
#499 = VECTOR ( 'NONE', #149, 1000.000000000000000 ) ;
#500 = CARTESIAN_POINT ( 'NONE',  ( -8.250000000000000000, -14.58616184182362100, -54.43629708110821500 ) ) ;
#501 = DIRECTION ( 'NONE',  ( 1.000000000000000000, 0.0000000000000000000, 6.123031769111888800E-017 ) ) ;
#502 = CIRCLE ( 'NONE', #916, 25.00000000000000700 ) ;
#503 = EDGE_CURVE ( 'NONE', #1537, #1537, #1460, .T. ) ;
#504 = DIRECTION ( 'NONE',  ( 0.0000000000000000000, 0.0000000000000000000, 1.000000000000000000 ) ) ;
#505 = DIRECTION ( 'NONE',  ( -1.000000000000000000, 0.0000000000000000000, 0.0000000000000000000 ) ) ;
#506 = CARTESIAN_POINT ( 'NONE',  ( -8.269508845530941300, 56.35633289660105300, -0.1963398180719694900 ) ) ;
#507 = AXIS2_PLACEMENT_3D ( 'NONE', #2889, #2883, #2881 ) ;
#508 = CARTESIAN_POINT ( 'NONE',  ( -14.14322861122913400, 77.58528426394399000, 24.99999999999999600 ) ) ;
#509 = AXIS2_PLACEMENT_3D ( 'NONE', #2962, #2948, #2936 ) ;
#510 = CARTESIAN_POINT ( 'NONE',  ( -23.00000000000000000, 0.0000000000000000000, -25.00000000000000000 ) ) ;
#511 = CARTESIAN_POINT ( 'NONE',  ( -15.00000000000000000, 0.0000000000000000000, -260.0000000000000000 ) ) ;
#512 = PLANE ( 'NONE',  #2640 ) ;
#513 = AXIS2_PLACEMENT_3D ( 'NONE', #1151, #1116, #1115 ) ;
#514 = CARTESIAN_POINT ( 'NONE',  ( -13.96427219975823600, 77.10320250324284100, 24.99999999999999600 ) ) ;
#515 = CARTESIAN_POINT ( 'NONE',  ( -34.00000000000000000, -125.1666666666665900, 21.55355088043625100 ) ) ;
#516 = CARTESIAN_POINT ( 'NONE',  ( -14.02048397470187000, 77.22107157309562800, 24.99999999999999600 ) ) ;
#517 = DIRECTION ( 'NONE',  ( 1.000000000000000000, 0.0000000000000000000, 0.0000000000000000000 ) ) ;
#518 = VERTEX_POINT ( 'NONE', #2891 ) ;
#519 = CARTESIAN_POINT ( 'NONE',  ( 32.50000000000000000, -22.53670000000000000, -39.03470943493755400 ) ) ;
#520 = EDGE_LOOP ( 'NONE', ( #1338 ) ) ;
#521 = EDGE_CURVE ( 'NONE', #1521, #1521, #1403, .T. ) ;
#522 = CARTESIAN_POINT ( 'NONE',  ( -14.20000000000000100, 41.54666666666664600, -70.69564688783100300 ) ) ;
#523 = CARTESIAN_POINT ( 'NONE',  ( 34.23205080756889600, 43.68750000000000000, -3.000000000000000000 ) ) ;
#524 = CARTESIAN_POINT ( 'NONE',  ( 37.62764086911766300, 45.57483711561614800, 4.002522901141319700 ) ) ;
#525 = DIRECTION ( 'NONE',  ( -1.000000000000000000, 0.0000000000000000000, -3.204937810639275000E-016 ) ) ;
#526 = DIRECTION ( 'NONE',  ( -0.4999999999999998900, 0.0000000000000000000, -0.8660254037844387100 ) ) ;
#527 = DIRECTION ( 'NONE',  ( -1.000000000000000000, 0.0000000000000000000, -6.123031769111888800E-017 ) ) ;
#528 = SPHERICAL_SURFACE ( 'NONE', #904, 65.00000000000000000 ) ;
#529 = CARTESIAN_POINT ( 'NONE',  ( 35.96410161513775000, -22.87500000000000000, -39.62066222313809800 ) ) ;
#530 = CARTESIAN_POINT ( 'NONE',  ( 21.00000000000000000, 0.0000000000000000000, 3.367667473011539800E-015 ) ) ;
#531 = ADVANCED_FACE ( 'E839', ( #1326, #1324 ), #2838, .F. ) ;
#532 = EDGE_CURVE ( 'NONE', #1518, #1518, #603, .T. ) ;
#533 = CARTESIAN_POINT ( 'NONE',  ( 37.19160402656250100, 45.53309784435996500, 4.460198588891850900 ) ) ;
#534 = VECTOR ( 'NONE', #121, 1000.000000000000000 ) ;
#535 = B_SPLINE_CURVE_WITH_KNOTS ( 'NONE', 3,
 ( #240, #20, #257, #260, #171, #266, #228, #270, #281, #286, #261, #267, #313, #314, #317, #325, #327, #331, #332, #336, #337, #339, #342, #348, #349, #353, #356, #360 ),
 .UNSPECIFIED., .T., .F.,
 ( 4, 2, 2, 2, 2, 2, 2, 2, 2, 2, 2, 2, 2, 4 ),
 ( 0.0000000000000000000, 0.0002945322045642717900, 0.0005890644091285433600, 0.001178128818257087800, 0.001472661022821357800, 0.001767193227385627500, 0.002061725431949897200, 0.002356257636514167000, 0.002945322045642709400, 0.003239854250206980900, 0.003534386454771252800, 0.003828918659335524700, 0.004123450863899796200, 0.004712515273028340000 ),
 .UNSPECIFIED. ) ;
#536 = CARTESIAN_POINT ( 'NONE',  ( 15.00000000000000000, 0.0000000000000000000, 0.0000000000000000000 ) ) ;
#537 = EDGE_CURVE ( 'NONE', #1515, #1515, #1350, .T. ) ;
#538 = DIRECTION ( 'NONE',  ( 0.0000000000000000000, -0.4999999999999998900, -0.8660254037844387100 ) ) ;
#539 = CARTESIAN_POINT ( 'NONE',  ( 9.000000000000000000, 0.0000000000000000000, 0.0000000000000000000 ) ) ;
#540 = CARTESIAN_POINT ( 'NONE',  ( -13.75841692993742300, 76.77970135115941700, 25.00000000000000000 ) ) ;
#541 = VERTEX_POINT ( 'NONE', #21 ) ;
#542 = CARTESIAN_POINT ( 'NONE',  ( -13.83341473423962700, 76.88315988110804300, 25.00000000000000400 ) ) ;
#543 = CARTESIAN_POINT ( 'NONE',  ( 9.460048715326570000, -55.38972026863389400, 32.67255944863778400 ) ) ;
#544 = DIRECTION ( 'NONE',  ( 1.000000000000000000, 0.0000000000000000000, 0.0000000000000000000 ) ) ;
#545 = CARTESIAN_POINT ( 'NONE',  ( 33.29229320969754000, -23.67354865128482500, -29.08297064774617300 ) ) ;
#546 = ORIENTED_EDGE ( 'NONE', *, *, #1147, .F. ) ;
#547 = CARTESIAN_POINT ( 'NONE',  ( -23.00000000000000000, 0.0000000000000000000, 0.0000000000000000000 ) ) ;
#548 = DIRECTION ( 'NONE',  ( -0.5000000000000001100, 0.7500000000000001100, -0.4330127018922190800 ) ) ;
#549 = CARTESIAN_POINT ( 'NONE',  ( 9.534787090578650000, -55.41331825318110300, 32.61076333854363400 ) ) ;
#550 = CARTESIAN_POINT ( 'NONE',  ( 0.0000000000000000000, 0.0000000000000000000, 0.0000000000000000000 ) ) ;
#551 = DIRECTION ( 'NONE',  ( -0.8660254037844387100, -0.4330127018922196300, 0.2499999999999997500 ) ) ;
#552 = CARTESIAN_POINT ( 'NONE',  ( 9.290063569441992200, -55.36123954132857200, 32.76946214666938300 ) ) ;
#553 = PLANE ( 'NONE',  #2692 ) ;
#554 = CARTESIAN_POINT ( 'NONE',  ( 37.88351842594205000, -21.00360367248204000, -31.06652362605267100 ) ) ;
#555 = CARTESIAN_POINT ( 'NONE',  ( 32.89421144620495600, -23.70447640778507300, -29.05766333098060600 ) ) ;
#556 = EDGE_LOOP ( 'NONE', ( #2975 ) ) ;
#557 = VERTEX_POINT ( 'NONE', #2958 ) ;
#558 = DIRECTION ( 'NONE',  ( 0.0000000000000000000, 0.0000000000000000000, 1.000000000000000000 ) ) ;
#559 = LINE ( 'NONE', #116, #499 ) ;
#560 = DIRECTION ( 'NONE',  ( -1.000000000000000000, 0.0000000000000000000, 0.0000000000000000000 ) ) ;
#561 = ORIENTED_EDGE ( 'NONE', *, *, #2258, .T. ) ;
#562 = CARTESIAN_POINT ( 'NONE',  ( 36.87146266820143100, 45.50482857858290200, 4.736496907209616600 ) ) ;
#563 = EDGE_CURVE ( 'NONE', #1505, #1505, #1264, .T. ) ;
#564 = DIRECTION ( 'NONE',  ( -4.231032868236114900E-017, 0.0000000000000000000, 1.000000000000000000 ) ) ;
#565 = LINE ( 'NONE', #2674, #534 ) ;
#566 = CARTESIAN_POINT ( 'NONE',  ( 9.655404254616621900, -55.47731876453568100, 32.46613869235960700 ) ) ;
#567 = DIRECTION ( 'NONE',  ( -5.482619457076910500E-017, 0.0000000000000000000, 1.000000000000000000 ) ) ;
#568 = DIRECTION ( 'NONE',  ( -1.000000000000000000, 0.0000000000000000000, -4.592273826833909800E-017 ) ) ;
#569 = CARTESIAN_POINT ( 'NONE',  ( -33.30000000000000400, 39.50000000000000000, 0.0000000000000000000 ) ) ;
#570 = EDGE_CURVE ( 'NONE', #1503, #1503, #1347, .T. ) ;
#571 = ORIENTED_EDGE ( 'NONE', *, *, #869, .F. ) ;
#572 = CARTESIAN_POINT ( 'NONE',  ( -14.85048457330266000, 0.0000000000000000000, 2.364798491489970500E-016 ) ) ;
#573 = CARTESIAN_POINT ( 'NONE',  ( -14.18845145150388400, 77.83770478545213200, 25.00000000000000400 ) ) ;
#574 = ADVANCED_FACE ( 'E824', ( #1279, #1329 ), #1113, .F. ) ;
#575 = CARTESIAN_POINT ( 'NONE',  ( -8.250000000000000000, 56.35660171779817800, -0.09909847586167892800 ) ) ;
#576 = ORIENTED_EDGE ( 'NONE', *, *, #606, .T. ) ;
#577 = PLANE ( 'NONE',  #2705 ) ;
#578 = CARTESIAN_POINT ( 'NONE',  ( -14.10971281452635600, 77.46193721974853500, 24.99999999999999600 ) ) ;
#579 = EDGE_LOOP ( 'NONE', ( #2004, #1214, #867, #2884 ) ) ;
#580 = DIRECTION ( 'NONE',  ( 3.102336096350024700E-017, -0.8621420352174509200, -0.5066666666666670400 ) ) ;
#581 = ORIENTED_EDGE ( 'NONE', *, *, #2382, .T. ) ;
#582 = FACE_OUTER_BOUND ( 'NONE', #2442, .T. ) ;
#583 = CIRCLE ( 'NONE', #996, 25.00000000000000700 ) ;
#584 = EDGE_LOOP ( 'NONE', ( #2947 ) ) ;
#585 = CARTESIAN_POINT ( 'NONE',  ( -34.00000000000000000, -112.5000000000000000, -6.888410740250869700E-015 ) ) ;
#586 = DIRECTION ( 'NONE',  ( 0.8660254037844387100, 0.0000000000000000000, -0.4999999999999998900 ) ) ;
#587 = CARTESIAN_POINT ( 'NONE',  ( -14.20000000000000100, 125.1666666666665900, 21.55355088043625100 ) ) ;
#588 = ORIENTED_EDGE ( 'NONE', *, *, #324, .F. ) ;
#589 = EDGE_CURVE ( 'NONE', #1499, #1499, #1146, .T. ) ;
#590 = AXIS2_PLACEMENT_3D ( 'NONE', #3003, #3009, #141 ) ;
#591 = CARTESIAN_POINT ( 'NONE',  ( -14.20000000000000100, 125.1666666666665900, -21.55355088043630100 ) ) ;
#592 = EDGE_LOOP ( 'NONE', ( #2927 ) ) ;
#593 = ORIENTED_EDGE ( 'NONE', *, *, #2053, .F. ) ;
#594 = EDGE_CURVE ( 'NONE', #1494, #1494, #535, .T. ) ;
#595 = CARTESIAN_POINT ( 'NONE',  ( 15.00000000000000000, 0.0000000000000000000, 0.0000000000000000000 ) ) ;
#596 = DIRECTION ( 'NONE',  ( -1.000000000000000000, 0.0000000000000000000, 0.0000000000000000000 ) ) ;
#597 = ORIENTED_EDGE ( 'NONE', *, *, #262, .F. ) ;
#598 = EDGE_CURVE ( 'NONE', #1490, #1490, #329, .T. ) ;
#599 = DIRECTION ( 'NONE',  ( -1.000000000000000000, 0.0000000000000000000, 0.0000000000000000000 ) ) ;
#600 = CIRCLE ( 'NONE', #941, 73.80000000000001100 ) ;
#601 = ORIENTED_EDGE ( 'NONE', *, *, #2976, .T. ) ;
#602 = CARTESIAN_POINT ( 'NONE',  ( -8.608116042000173000, 56.35280363733198100, -0.6687513138687933800 ) ) ;
#603 = B_SPLINE_CURVE_WITH_KNOTS ( 'NONE', 3,
 ( #2965, #2939, #2969, #2978, #2980, #2983, #2984, #2990, #2992, #2997, #2998, #3004, #3016, #3018, #3020, #3028, #3035, #3039, #3045, #3047, #3050, #3051, #2, #974, #11, #12, #17, #18 ),
 .UNSPECIFIED., .T., .F.,
 ( 4, 2, 2, 2, 2, 2, 2, 2, 2, 2, 2, 2, 2, 4 ),
 ( 0.0000000000000000000, 0.0002930755042752190800, 0.0005861510085504381700, 0.001172302017100872700, 0.001465377521376090000, 0.001758453025651307100, 0.002051528529926524500, 0.002344604034201741800, 0.002930755042752165700, 0.003223830547027376100, 0.003516906051302586100, 0.003809981555577796100, 0.004103057059853006500, 0.004689208068403422900 ),
 .UNSPECIFIED. ) ;
#604 = ORIENTED_EDGE ( 'NONE', *, *, #930, .F. ) ;
#605 = CIRCLE ( 'NONE', #1007, 25.00000000000000000 ) ;
#606 = EDGE_CURVE ( 'E376', #2746, #766, #1118, .T. ) ;
#607 = EDGE_CURVE ( 'NONE', #1487, #1487, #188, .T. ) ;
#608 = DIRECTION ( 'NONE',  ( -1.000000000000000000, 0.0000000000000000000, 0.0000000000000000000 ) ) ;
#609 = CARTESIAN_POINT ( 'NONE',  ( -12.00000000000000000, -112.5000000000000000, 0.0000000000000000000 ) ) ;
#610 = CARTESIAN_POINT ( 'NONE',  ( 19.12362519336105000, 0.0000000000000000000, 0.0000000000000000000 ) ) ;
#611 = AXIS2_PLACEMENT_3D ( 'NONE', #3040, #3026, #3025 ) ;
#612 = DIRECTION ( 'NONE',  ( 0.0000000000000000000, -1.000000000000000000, 0.0000000000000000000 ) ) ;
#613 = ORIENTED_EDGE ( 'NONE', *, *, #25, .F. ) ;
#614 = CIRCLE ( 'NONE', #898, 82.00000000000000000 ) ;
#615 = DIRECTION ( 'NONE',  ( 0.0000000000000000000, 0.0000000000000000000, 1.000000000000000000 ) ) ;
#616 = CARTESIAN_POINT ( 'NONE',  ( 21.00000000000000000, 125.1666666666665900, -21.55355088043630100 ) ) ;
#617 = EDGE_LOOP ( 'NONE', ( #2906 ) ) ;
#618 = CARTESIAN_POINT ( 'NONE',  ( -8.250000000000000000, 56.35660171779818500, 1.355252715606880500E-017 ) ) ;
#619 = ORIENTED_EDGE ( 'NONE', *, *, #2044, .T. ) ;
#620 = CARTESIAN_POINT ( 'NONE',  ( 37.96858331768971300, -20.85404553478247900, -31.16716158643980400 ) ) ;
#621 = CARTESIAN_POINT ( 'NONE',  ( -9.195735542463952000, 56.35187773836365500, -0.7306448715015471100 ) ) ;
#622 = ORIENTED_EDGE ( 'NONE', *, *, #2637, .T. ) ;
#623 = DIRECTION ( 'NONE',  ( 3.102336096350025300E-017, 0.8621420352174510300, -0.5066666666666670400 ) ) ;
#624 = EDGE_CURVE ( 'NONE', #1485, #1485, #170, .T. ) ;
#625 = AXIS2_PLACEMENT_3D ( 'NONE', #2974, #2989, #3008 ) ;
#626 = VECTOR ( 'NONE', #343, 1000.000000000000000 ) ;
#627 = FACE_OUTER_BOUND ( 'NONE', #2730, .T. ) ;
#628 = CARTESIAN_POINT ( 'NONE',  ( 34.06240703809772400, -23.55232483702679900, -29.18122825059949600 ) ) ;
#629 = CARTESIAN_POINT ( 'NONE',  ( 34.43637323382438400, -23.46273511127140300, -29.25360210639644600 ) ) ;
#630 = DIRECTION ( 'NONE',  ( 5.278923071123229600E-017, -0.5066666666666670400, -0.8621420352174510300 ) ) ;
#631 = CARTESIAN_POINT ( 'NONE',  ( 34.98072495357347100, -23.28402268536111900, -29.39574937576606900 ) ) ;
#632 = EDGE_LOOP ( 'NONE', ( #2882 ) ) ;
#633 = EDGE_LOOP ( 'NONE', ( #2900 ) ) ;
#634 = ORIENTED_EDGE ( 'NONE', *, *, #2331, .F. ) ;
#635 = EDGE_CURVE ( 'NONE', #1480, #1480, #1034, .T. ) ;
#636 = PLANE ( 'NONE',  #2735 ) ;
#637 = ORIENTED_EDGE ( 'NONE', *, *, #2757, .T. ) ;
#638 = CARTESIAN_POINT ( 'NONE',  ( -8.344799401956695600, 56.35540726540300900, -0.3779931576652889000 ) ) ;
#639 = CARTESIAN_POINT ( 'NONE',  ( -14.20000000000000100, 78.09609465267780600, -25.00000000000000000 ) ) ;
#640 = CARTESIAN_POINT ( 'NONE',  ( -14.20000000000000500, 77.83788758710619500, -24.99999999999998900 ) ) ;
#641 = DIRECTION ( 'NONE',  ( -1.000000000000000000, 0.0000000000000000000, 0.0000000000000000000 ) ) ;
#642 = EDGE_CURVE ( 'NONE', #1473, #1473, #1105, .T. ) ;
#643 = EDGE_LOOP ( 'NONE', ( #1175 ) ) ;
#644 = CARTESIAN_POINT ( 'NONE',  ( -14.15497155387066100, 77.58391180761806500, -25.00000000000000400 ) ) ;
#645 = EDGE_LOOP ( 'NONE', ( #2893 ) ) ;
#646 = LINE ( 'NONE', #293, #626 ) ;
#647 = CARTESIAN_POINT ( 'NONE',  ( -14.01986500076428900, 77.21949979205744800, -25.00000000000000700 ) ) ;
#648 = CARTESIAN_POINT ( 'NONE',  ( -13.96457947038699600, 77.10380392429901500, -25.00000000000001100 ) ) ;
#649 = AXIS2_PLACEMENT_3D ( 'NONE', #189, #795, #2505 ) ;
#650 = CARTESIAN_POINT ( 'NONE',  ( -13.83383298208933400, 76.88377892024773500, -25.00000000000000000 ) ) ;
#651 = AXIS2_PLACEMENT_3D ( 'NONE', #146, #119, #1690 ) ;
#652 = EDGE_CURVE ( 'NONE', #1470, #1470, #977, .T. ) ;
#653 = CARTESIAN_POINT ( 'NONE',  ( -8.400518408122176000, 56.35475709512632400, -0.4611910234212554500 ) ) ;
#654 = PLANE ( 'NONE',  #760 ) ;
#655 = EDGE_LOOP ( 'NONE', ( #689 ) ) ;
#656 = EDGE_CURVE ( 'NONE', #1467, #1467, #959, .T. ) ;
#657 = CARTESIAN_POINT ( 'NONE',  ( -13.75750893206815900, 76.77851540526130200, -25.00000000000000000 ) ) ;
#658 = CARTESIAN_POINT ( 'NONE',  ( -13.58722603278442700, 76.58522090924032000, -25.00000000000000400 ) ) ;
#659 = CARTESIAN_POINT ( 'NONE',  ( -13.49404116836595500, 76.49765723256720700, -25.00000000000000400 ) ) ;
#660 = CARTESIAN_POINT ( 'NONE',  ( -13.29138664218825900, 76.34092059043874200, -25.00000000000000700 ) ) ;
#661 = EDGE_CURVE ( 'NONE', #1464, #1464, #954, .T. ) ;
#662 = ORIENTED_EDGE ( 'NONE', *, *, #290, .F. ) ;
#663 = CARTESIAN_POINT ( 'NONE',  ( -13.18093577683729300, 76.27138299991784700, -25.00000000000001100 ) ) ;
#664 = CARTESIAN_POINT ( 'NONE',  ( -12.94935704230060100, 76.15634755095140900, -25.00000000000000400 ) ) ;
#665 = EDGE_LOOP ( 'NONE', ( #90 ) ) ;
#666 = EDGE_CURVE ( 'NONE', #1458, #1458, #993, .T. ) ;
#667 = CARTESIAN_POINT ( 'NONE',  ( -12.82720763030646300, 76.11034900577317300, -25.00000000000000400 ) ) ;
#668 = ORIENTED_EDGE ( 'NONE', *, *, #2877, .F. ) ;
#669 = CARTESIAN_POINT ( 'NONE',  ( -12.57943481264402400, 76.04469944464035800, -25.00000000000000400 ) ) ;
#670 = EDGE_CURVE ( 'E291', #1477, #3038, #937, .T. ) ;
#671 = AXIS2_PLACEMENT_3D ( 'NONE', #200, #234, #223 ) ;
#672 = ORIENTED_EDGE ( 'NONE', *, *, #480, .F. ) ;
#673 = CARTESIAN_POINT ( 'NONE',  ( 34.23205080756889600, -20.27692378864670200, -41.12066222313809800 ) ) ;
#674 = CARTESIAN_POINT ( 'NONE',  ( -12.32362519336101900, 76.01733144023009500, -25.00000000000000000 ) ) ;
#675 = CARTESIAN_POINT ( 'NONE',  ( -12.00000000000000000, 75.99728763956311200, 25.00000000000000000 ) ) ;
#676 = ORIENTED_EDGE ( 'NONE', *, *, #2251, .F. ) ;
#677 = CARTESIAN_POINT ( 'NONE',  ( -8.803952162691807400, 56.35161233937344600, -0.7498959543252442500 ) ) ;
#678 = CARTESIAN_POINT ( 'NONE',  ( 21.00000000000000000, 125.1666666666665900, 21.55355088043630100 ) ) ;
#679 = ORIENTED_EDGE ( 'NONE', *, *, #846, .T. ) ;
#680 = AXIS2_PLACEMENT_3D ( 'NONE', #2257, #285, #465 ) ;
#681 = ORIENTED_EDGE ( 'NONE', *, *, #563, .F. ) ;
#682 = DIRECTION ( 'NONE',  ( -3.102336096350025300E-017, 0.8621420352174510300, 0.5066666666666670400 ) ) ;
#683 = DIRECTION ( 'NONE',  ( 5.278923071123229600E-017, 0.5066666666666670400, -0.8621420352174510300 ) ) ;
#684 = ORIENTED_EDGE ( 'NONE', *, *, #32, .F. ) ;
#685 = ORIENTED_EDGE ( 'NONE', *, *, #61, .F. ) ;
#686 = CARTESIAN_POINT ( 'NONE',  ( 21.00000000000000000, 125.1666666666665900, -21.55355088043630100 ) ) ;
#687 = PLANE ( 'NONE',  #2758 ) ;
#688 = DIRECTION ( 'NONE',  ( 0.0000000000000000000, 0.0000000000000000000, -1.000000000000000000 ) ) ;
#689 = ORIENTED_EDGE ( 'NONE', *, *, #1107, .F. ) ;
#690 = CARTESIAN_POINT ( 'NONE',  ( -12.45290546571783200, 76.02446372491850500, -25.00000000000000000 ) ) ;
#691 = ORIENTED_EDGE ( 'NONE', *, *, #834, .T. ) ;
#692 = CARTESIAN_POINT ( 'NONE',  ( 34.23205080756889600, 45.75000000000000000, -3.000000000000000000 ) ) ;
#693 = TOROIDAL_SURFACE ( 'NONE', #1043, 62.34555320336760100, 3.000000000000000000 ) ;
#694 = ORIENTED_EDGE ( 'NONE', *, *, #2812, .F. ) ;
#695 = ADVANCED_FACE ( 'E1411', ( #894 ), #1094, .F. ) ;
#696 = DIRECTION ( 'NONE',  ( -1.000000000000000000, -5.551115123125790600E-016, 3.204937810639275000E-016 ) ) ;
#697 = DIRECTION ( 'NONE',  ( 6.409875621278554900E-016, -0.8660254037844387100, 0.4999999999999998900 ) ) ;
#698 = DIRECTION ( 'NONE',  ( 0.0000000000000000000, -1.000000000000000000, 0.0000000000000000000 ) ) ;
#699 = FACE_OUTER_BOUND ( 'NONE', #2000, .T. ) ;
#700 = B_SPLINE_CURVE_WITH_KNOTS ( 'NONE', 3,
 ( #2589, #2609, #2614, #2618, #2624, #2629, #2630, #2639, #2646, #2651, #2878, #2861, #2830, #2805, #2773, #2655, #2660, #2661, #2667, #2672, #2684, #2687, #2693, #2709, #2715, #2718, #2720, #2726 ),
 .UNSPECIFIED., .T., .F.,
 ( 4, 2, 2, 2, 2, 2, 2, 2, 2, 2, 2, 2, 2, 4 ),
 ( 0.0000000000000000000, 0.0002930755042752163200, 0.0005861510085504326400, 0.001172302017100867900, 0.001465377521376085700, 0.001758453025651303200, 0.002051528529926521000, 0.002344604034201738400, 0.002930755042752163500, 0.003223830547027373500, 0.003516906051302584300, 0.003809981555577794800, 0.004103057059853005600, 0.004689208068403423800 ),
 .UNSPECIFIED. ) ;
#701 = PLANE ( 'NONE',  #2782 ) ;
#702 = AXIS2_PLACEMENT_3D ( 'NONE', #1627, #312, #396 ) ;
#703 = DIRECTION ( 'NONE',  ( -6.123031769111887500E-017, -0.4999999999999998900, -0.8660254037844387100 ) ) ;
#704 = CIRCLE ( 'NONE', #1061, 63.24555320336759900 ) ;
#705 = CARTESIAN_POINT ( 'NONE',  ( 30.76794919243110000, -20.27692378864670200, -41.12066222313809800 ) ) ;
#706 = CARTESIAN_POINT ( 'NONE',  ( 0.0000000000000000000, 0.0000000000000000000, 0.0000000000000000000 ) ) ;
#707 = ORIENTED_EDGE ( 'NONE', *, *, #2406, .F. ) ;
#708 = DIRECTION ( 'NONE',  ( 0.0000000000000000000, 1.000000000000000000, 0.0000000000000000000 ) ) ;
#709 = FACE_OUTER_BOUND ( 'NONE', #1241, .T. ) ;
#710 = DIRECTION ( 'NONE',  ( -0.4999999999999999400, -0.7499999999999998900, 0.4330127018922194600 ) ) ;
#711 = PLANE ( 'NONE',  #2817 ) ;
#712 = CIRCLE ( 'NONE', #1143, 25.00000000000000000 ) ;
#713 = CARTESIAN_POINT ( 'NONE',  ( -9.097426256185549700, 56.35161026432540900, -0.7500518640816215000 ) ) ;
#714 = CARTESIAN_POINT ( 'NONE',  ( -9.730510118945305800, 56.35633312349890600, -0.1963024342212090500 ) ) ;
#715 = AXIS2_PLACEMENT_3D ( 'NONE', #2032, #517, #420 ) ;
#716 = EDGE_CURVE ( 'NONE', #1455, #1455, #65, .T. ) ;
#717 = CARTESIAN_POINT ( 'NONE',  ( 29.03589838486225000, -22.87500000000000000, -39.62066222313809800 ) ) ;
#718 = ORIENTED_EDGE ( 'NONE', *, *, #2178, .F. ) ;
#719 = EDGE_CURVE ( 'E119', #2768, #2712, #858, .T. ) ;
#720 = DIRECTION ( 'NONE',  ( 1.000000000000000000, 0.0000000000000000000, 0.0000000000000000000 ) ) ;
#721 = CARTESIAN_POINT ( 'NONE',  ( -9.377341212131380400, 56.35280116043274700, -0.6555668848122142600 ) ) ;
#722 = DIRECTION ( 'NONE',  ( 0.0000000000000000000, 0.0000000000000000000, 1.000000000000000000 ) ) ;
#723 = EDGE_LOOP ( 'NONE', ( #1167, #707, #2533, #2777 ) ) ;
#724 = CARTESIAN_POINT ( 'NONE',  ( -9.460019151547401300, 56.35344505633478500, -0.6005692096912715900 ) ) ;
#725 = PLANE ( 'NONE',  #2841 ) ;
#726 = CARTESIAN_POINT ( 'NONE',  ( 35.96410161513775000, 43.68750000000000000, 8.856942790711678800E-016 ) ) ;
#727 = VERTEX_POINT ( 'NONE', #2204 ) ;
#728 = CARTESIAN_POINT ( 'NONE',  ( -9.600097914727079700, 56.35476261687926300, -0.4606337896418368200 ) ) ;
#729 = DIRECTION ( 'NONE',  ( 0.4999999999999999400, 0.7499999999999998900, -0.4330127018922194600 ) ) ;
#730 = DIRECTION ( 'NONE',  ( 0.8660254037844387100, -0.4330127018922192400, 0.2500000000000001100 ) ) ;
#731 = DIRECTION ( 'NONE',  ( 0.0000000000000000000, 0.0000000000000000000, 1.000000000000000000 ) ) ;
#732 = DIRECTION ( 'NONE',  ( -1.000000000000000000, 0.0000000000000000000, 0.0000000000000000000 ) ) ;
#733 = EDGE_LOOP ( 'NONE', ( #2792 ) ) ;
#734 = DIRECTION ( 'NONE',  ( 0.0000000000000000000, 1.000000000000000000, 0.0000000000000000000 ) ) ;
#735 = FACE_OUTER_BOUND ( 'NONE', #579, .T. ) ;
#736 = EDGE_LOOP ( 'NONE', ( #2300, #691, #2972, #176 ) ) ;
#737 = CARTESIAN_POINT ( 'NONE',  ( 14.75000000000000000, 0.0000000000000000000, 0.0000000000000000000 ) ) ;
#738 = ORIENTED_EDGE ( 'NONE', *, *, #217, .F. ) ;
#739 = CARTESIAN_POINT ( 'NONE',  ( -9.655162918554356800, 56.35540680842210300, -0.3780756931012561600 ) ) ;
#740 = CIRCLE ( 'NONE', #1091, 62.34555320336760100 ) ;
#741 = PLANE ( 'NONE',  #779 ) ;
#742 = CARTESIAN_POINT ( 'NONE',  ( -9.749965326353562400, 56.35660125635745700, -0.09815549867680038700 ) ) ;
#743 = VERTEX_POINT ( 'NONE', #2141 ) ;
#744 = CARTESIAN_POINT ( 'NONE',  ( 35.96410161513775000, 43.68750000000000000, 2.121080424092025200E-016 ) ) ;
#745 = DIRECTION ( 'NONE',  ( -0.4999999999999998900, 0.0000000000000000000, -0.8660254037844387100 ) ) ;
#746 = FACE_OUTER_BOUND ( 'NONE', #215, .T. ) ;
#747 = EDGE_LOOP ( 'NONE', ( #2276 ) ) ;
#748 = CARTESIAN_POINT ( 'NONE',  ( 35.96410161513775000, -22.87500000000000000, -39.62066222313809800 ) ) ;
#749 = CARTESIAN_POINT ( 'NONE',  ( -9.669013412555214500, 56.35541275828742900, 0.3913778497075470200 ) ) ;
#750 = CARTESIAN_POINT ( 'NONE',  ( -9.197133356226590500, -13.87956259881465300, -54.62074440595528600 ) ) ;
#751 = B_SPLINE_CURVE_WITH_KNOTS ( 'NONE', 3,
 ( #2348, #2296, #2368, #2380, #2455, #2874, #2780, #2745, #2697, #2679, #566, #549, #543, #552, #374, #368, #388, #380, #397, #394, #418, #412, #421, #419, #428, #422 ),
 .UNSPECIFIED., .T., .F.,
 ( 4, 2, 2, 2, 2, 2, 2, 2, 2, 2, 2, 2, 4 ),
 ( 0.0000000000000000000, 0.0002944658963828547600, 0.0005889317927657095300, 0.001177863585531410600, 0.001472329481914266400, 0.001766795378297121800, 0.002061261274679977500, 0.002355727171062832500, 0.002944658963828543200, 0.003239124860211393300, 0.003533590756594243100, 0.004122522549359932500, 0.004711454342125622400 ),
 .UNSPECIFIED. ) ;
#752 = PLANE ( 'NONE',  #2880 ) ;
#753 = EDGE_CURVE ( 'E555', #1629, #2404, #863, .T. ) ;
#754 = CARTESIAN_POINT ( 'NONE',  ( -9.461759971311080300, 56.35346047234099800, 0.5990339061771949900 ) ) ;
#755 = CIRCLE ( 'NONE', #1255, 82.00000000000000000 ) ;
#756 = EDGE_CURVE ( 'E52', #995, #82, #939, .T. ) ;
#757 = B_SPLINE_CURVE_WITH_KNOTS ( 'NONE', 3,
 ( #2345, #2436, #2459, #2462 ),
 .UNSPECIFIED., .F., .F.,
 ( 4, 4 ),
 ( 0.1498582666669998600, 0.1501825119577784600 ),
 .UNSPECIFIED. ) ;
#758 = AXIS2_PLACEMENT_3D ( 'NONE', #1546, #1566, #1582 ) ;
#759 = CARTESIAN_POINT ( 'NONE',  ( 32.50000000000000000, 45.07339999999999900, 0.0000000000000000000 ) ) ;
#760 = AXIS2_PLACEMENT_3D ( 'NONE', #569, #641, #2438 ) ;
#761 = DIRECTION ( 'NONE',  ( 0.0000000000000000000, -1.000000000000000000, 0.0000000000000000000 ) ) ;
#762 = CARTESIAN_POINT ( 'NONE',  ( 35.96410161513775000, 45.75000000000000000, 2.121080424092025200E-016 ) ) ;
#763 = CARTESIAN_POINT ( 'NONE',  ( -9.750069206527179200, 56.35660263880642900, 0.1955151043578487500 ) ) ;
#764 = CARTESIAN_POINT ( 'NONE',  ( -9.197133356226576200, 56.35188281111225500, 0.7302609381473294000 ) ) ;
#765 = EDGE_CURVE ( 'NONE', #1450, #1450, #751, .T. ) ;
#766 = VERTEX_POINT ( 'NONE', #2512 ) ;
#767 = CARTESIAN_POINT ( 'NONE',  ( 30.76794919243110000, -20.27692378864670200, -41.12066222313809800 ) ) ;
#768 = DIRECTION ( 'NONE',  ( 0.0000000000000000000, 0.0000000000000000000, 1.000000000000000000 ) ) ;
#769 = EDGE_LOOP ( 'NONE', ( #684, #284, #571, #167 ) ) ;
#770 = EDGE_CURVE ( 'E168', #2714, #1218, #755, .T. ) ;
#771 = CARTESIAN_POINT ( 'NONE',  ( -8.331495544112334200, 56.35540566486822900, 0.3923765892266932700 ) ) ;
#772 = PLANE ( 'NONE',  #611 ) ;
#773 = PERSON ( 'UNSPECIFIED', 'UNSPECIFIED', 'UNSPECIFIED', ('UNSPECIFIED'), ('UNSPECIFIED'), ('UNSPECIFIED') ) ;
#774 = CARTESIAN_POINT ( 'NONE',  ( -9.378490416556804400, 56.35280906745123300, 0.6548951080101530500 ) ) ;
#775 = FACE_BOUND ( 'NONE', #733, .T. ) ;
#776 = CARTESIAN_POINT ( 'NONE',  ( -8.804477931605953600, 56.35187669852189200, 0.7307287809093662200 ) ) ;
#777 = CARTESIAN_POINT ( 'NONE',  ( 30.76794919243110000, -19.24567378864670200, -39.33448482783270400 ) ) ;
#778 = AXIS2_PLACEMENT_3D ( 'NONE', #519, #703, #919 ) ;
#779 = AXIS2_PLACEMENT_3D ( 'NONE', #748, #806, #729 ) ;
#780 = CARTESIAN_POINT ( 'NONE',  ( 29.03589838486225000, -22.87500000000000000, -39.62066222313809800 ) ) ;
#781 = EDGE_LOOP ( 'NONE', ( #289 ) ) ;
#782 = FACE_BOUND ( 'NONE', #1189, .T. ) ;
#783 = AXIS2_PLACEMENT_3D ( 'NONE', #824, #817, #688 ) ;
#784 = B_SPLINE_CURVE_WITH_KNOTS ( 'NONE', 3,
 ( #1889, #1888, #1895, #1897, #1901, #1903, #1906, #1908, #1909, #1914, #1921, #1932, #1942, #1943, #1950, #1956, #1961, #1964, #1969, #1973, #1977, #1981, #1982, #1986, #1991, #1995, #1999, #2006, #2011, #2012, #2017, #2022, #2026, #2028, #2031, #2035, #2038, #2040, #2042, #2046, #2050, #2054, #2056, #2060, #2062, #2070, #2077, #2086, #2091, #2099, #2102, #2107, #2117, #2118, #2122, #2128, #2129, #2131, #2135, #2136, #2150, #2156, #2164, #2165, #2168, #2169, #2171, #2175, #2181, #2184, #2185, #2190, #2191, #2197, #2210, #2214, #2215, #2221, #2222, #2227, #2228, #2234, #2236, #2240, #2243 ),
 .UNSPECIFIED., .T., .F.,
 ( 4, 2, 2, 2, 2, 2, 2, 2, 1, 2, 2, 2, 2, 2, 2, 2, 2, 2, 2, 2, 2, 2, 2, 2, 2, 2, 2, 2, 2, 2, 2, 2, 2, 2, 2, 2, 2, 2, 2, 2, 2, 2, 4 ),
 ( 0.0000000000000000000, 0.001174161545366145900, 0.001761242318049219000, 0.002348323090732292200, 0.003522484636098459700, 0.004696646181464627700, 0.005870807726830794800, 0.006457888499513884400, 0.007044969272196974000, 0.007632050044880064500, 0.008219130817563154200, 0.009393292362929328200, 0.01056745390829550200, 0.01174161545366167800, 0.01232869622634476400, 0.01291577699902785200, 0.01408993854439403000, 0.01526410008976020700, 0.01585118086244328600, 0.01643826163512636700, 0.01761242318049254700, 0.01878658472585872200, 0.01996074627122490200, 0.02113490781659108800, 0.02172198858927418300, 0.02230906936195727400, 0.02348323090732346700, 0.02465739245268966000, 0.02583155399805585000, 0.02641863477073895200, 0.02700571554342204700, 0.02817987708878824700, 0.02935403863415445000, 0.02994111940683754500, 0.03052820017952064700, 0.03170236172488684300, 0.03228944249756994500, 0.03287652327025304700, 0.03405068481561925000, 0.03522484636098545400, 0.03581192713366855600, 0.03639900790635166400, 0.03757316945171786100 ),
 .UNSPECIFIED. ) ;
#785 = EDGE_CURVE ( 'E570', #2796, #2404, #836, .T. ) ;
#786 = DIRECTION ( 'NONE',  ( 1.000000000000000000, 0.0000000000000000000, 0.0000000000000000000 ) ) ;
#787 = DIRECTION ( 'NONE',  ( -6.123031769111888800E-017, 1.000000000000000000, 0.0000000000000000000 ) ) ;
#788 = CARTESIAN_POINT ( 'NONE',  ( -12.32362519336101900, -76.01733144023009500, -25.00000000000000000 ) ) ;
#789 = CARTESIAN_POINT ( 'NONE',  ( -9.099673597212877500, 56.35161230224952800, 0.7498987436129099800 ) ) ;
#790 = CARTESIAN_POINT ( 'NONE',  ( -12.21575012362969800, -76.01065025900524600, -25.00000000000000000 ) ) ;
#791 = DIRECTION ( 'NONE',  ( 0.0000000000000000000, -1.000000000000000000, 0.0000000000000000000 ) ) ;
#792 = CARTESIAN_POINT ( 'NONE',  ( -12.00000000000000000, -75.99728763956311200, -25.00000000000000000 ) ) ;
#793 = CARTESIAN_POINT ( 'NONE',  ( -12.10787505917463300, -76.00396899213883700, -25.00000000000000000 ) ) ;
#794 = ADVANCED_FACE ( 'E454', ( #775, #831, #782, #746 ), #456, .F. ) ;
#795 = DIRECTION ( 'NONE',  ( -0.8660254037844384900, 0.0000000000000000000, -0.5000000000000003300 ) ) ;
#796 = CARTESIAN_POINT ( 'NONE',  ( -9.461759971311099800, -14.00672650687459800, -54.58830425457514900 ) ) ;
#797 = CARTESIAN_POINT ( 'NONE',  ( -35.00000000000000000, 112.5000000000000000, 0.0000000000000000000 ) ) ;
#798 = EDGE_LOOP ( 'NONE', ( #2723 ) ) ;
#799 = VECTOR ( 'NONE', #2265, 1000.000000000000000 ) ;
#800 = AXIS2_PLACEMENT_3D ( 'NONE', #861, #855, #841 ) ;
#801 = EDGE_CURVE ( 'E246', #1361, #1724, #712, .T. ) ;
#802 = CARTESIAN_POINT ( 'NONE',  ( 9.411784812282679300, 56.14195730429990000, 56.35641046056780100 ) ) ;
#803 = DIRECTION ( 'NONE',  ( 1.000000000000000000, 0.0000000000000000000, 3.204937810639275000E-016 ) ) ;
#804 = DIRECTION ( 'NONE',  ( -3.204937810639275000E-016, 0.0000000000000000000, 1.000000000000000000 ) ) ;
#805 = AXIS2_PLACEMENT_3D ( 'NONE', #1812, #1051, #1003 ) ;
#806 = DIRECTION ( 'NONE',  ( -0.8660254037844387100, 0.4330127018922192400, -0.2500000000000001100 ) ) ;
#807 = DIRECTION ( 'NONE',  ( -0.06162841671621943600, -0.7044160264027586900, 0.7071067811865476800 ) ) ;
#808 = EDGE_CURVE ( 'E154', #2347, #2767, #1123, .T. ) ;
#809 = VERTEX_POINT ( 'NONE', #472 ) ;
#810 = DIRECTION ( 'NONE',  ( 0.06162841671621927000, 0.7044160264027586900, 0.7071067811865476800 ) ) ;
#811 = EDGE_CURVE ( 'NONE', #1448, #1448, #740, .T. ) ;
#812 = ORIENTED_EDGE ( 'NONE', *, *, #2223, .F. ) ;
#813 = DIRECTION ( 'NONE',  ( 0.0000000000000000000, 0.0000000000000000000, -1.000000000000000000 ) ) ;
#814 = EDGE_LOOP ( 'NONE', ( #718, #676, #619, #561 ) ) ;
#815 = ADVANCED_FACE ( 'E1223', ( #735 ), #117, .T. ) ;
#816 = DIRECTION ( 'NONE',  ( 1.000000000000000000, 0.0000000000000000000, 0.0000000000000000000 ) ) ;
#817 = DIRECTION ( 'NONE',  ( 0.0000000000000000000, -1.000000000000000000, 0.0000000000000000000 ) ) ;
#818 = AXIS2_PLACEMENT_3D ( 'NONE', #943, #933, #890 ) ;
#819 = PLANE ( 'NONE',  #2952 ) ;
#820 = AXIS2_PLACEMENT_3D ( 'NONE', #1031, #1066, #1103 ) ;
#821 = PLANE ( 'NONE',  #2922 ) ;
#822 = CARTESIAN_POINT ( 'NONE',  ( -9.378490416556820400, -13.95260013334505800, -54.60213298868543300 ) ) ;
#823 = ORIENTED_EDGE ( 'NONE', *, *, #384, .T. ) ;
#824 = CARTESIAN_POINT ( 'NONE',  ( 32.50000000000000000, 37.50000000000000000, 0.0000000000000000000 ) ) ;
#825 = CARTESIAN_POINT ( 'NONE',  ( -8.539392690735560600, 56.35345077578063700, 0.5999419184228429500 ) ) ;
#826 = EDGE_LOOP ( 'NONE', ( #2717, #2710, #2706, #2698 ) ) ;
#827 = DIRECTION ( 'NONE',  ( 0.5000000000000003300, 0.0000000000000000000, -0.8660254037844383700 ) ) ;
#828 = CARTESIAN_POINT ( 'NONE',  ( -8.622501819389500000, 56.35280191297102400, 0.6555063341525688700 ) ) ;
#829 = CARTESIAN_POINT ( 'NONE',  ( 34.23205080756889600, 43.68750000000000000, 3.000000000000000000 ) ) ;
#830 = CARTESIAN_POINT ( 'NONE',  ( -15.00000000000000000, 0.0000000000000000000, 0.0000000000000000000 ) ) ;
#831 = FACE_BOUND ( 'NONE', #476, .T. ) ;
#832 = ADVANCED_FACE ( 'E1343', ( #709, #699 ), #693, .T. ) ;
#833 = ORIENTED_EDGE ( 'NONE', *, *, #40, .T. ) ;
#834 = EDGE_CURVE ( 'E198', #1218, #2786, #646, .T. ) ;
#835 = DIRECTION ( 'NONE',  ( 0.0000000000000000000, 0.0000000000000000000, 1.000000000000000000 ) ) ;
#836 = CIRCLE ( 'NONE', #1210, 82.00000000000000000 ) ;
#837 = AXIS2_PLACEMENT_3D ( 'NONE', #2219, #2548, #2554 ) ;
#838 = AXIS2_PLACEMENT_3D ( 'NONE', #1630, #1492, #1378 ) ;
#839 = CARTESIAN_POINT ( 'NONE',  ( -8.658834119284886600, -16.02039073624064600, -62.39696577196141200 ) ) ;
#840 = ORIENTED_EDGE ( 'NONE', *, *, #2137, .T. ) ;
#841 = DIRECTION ( 'NONE',  ( 8.462065736472229800E-017, 0.0000000000000000000, -1.000000000000000000 ) ) ;
#842 = B_SPLINE_CURVE_WITH_KNOTS ( 'NONE', 3,
 ( #221, #232, #237, #246, #214, #250, #288, #389, #322, #357, #112, #106, #128, #108, #2161, #2273, #2277, #2282, #2288, #2307, #2441, #2648, #2480, #2483, #2484, #2493, #2515, #2688, #2702, #2703, #2711, #2725, #2929, #2942, #2949, #2964, #2973, #247, #275, #278, #282, #310, #486, #436, #524, #533, #562, #1180, #1570, #1253, #1217, #1658, #1736, #1746, #1751, #1756, #1759, #1762, #1766, #1773, #1775, #1783, #1787, #1792, #1793, #1799, #1801, #1806, #1807, #1810, #1813, #1822, #1825, #1827, #1830, #1834, #1841, #1842, #1845, #1851, #1854, #1856, #1860, #1864, #1867, #1868, #1872, #1831 ),
 .UNSPECIFIED., .T., .F.,
 ( 4, 2, 2, 2, 2, 2, 2, 2, 2, 2, 2, 2, 2, 2, 2, 2, 2, 2, 2, 2, 2, 2, 2, 2, 2, 2, 2, 2, 2, 2, 2, 2, 2, 2, 2, 2, 2, 2, 2, 2, 2, 2, 2, 4 ),
 ( 0.0000000000000000000, 0.001268068153343234000, 0.002536136306686467900, 0.003804204460029702100, 0.004438238536701314200, 0.005072272613372926300, 0.006340340766716170500, 0.007608408920059415500, 0.008876477073402659600, 0.01014454522674590600, 0.01077857930341753600, 0.01141261338008916700, 0.01268068153343242900, 0.01331471561010406100, 0.01394874968677569200, 0.01521681784011896100, 0.01585085191679059700, 0.01648488599346223400, 0.01711892007013386700, 0.01775295414680550000, 0.01902102230014877900, 0.01965505637682041600, 0.02028909045349205200, 0.02155715860683532500, 0.02282522676017860100, 0.02345926083685022700, 0.02409329491352186000, 0.02536136306686513600, 0.02662943122020841900, 0.02789749937355169600, 0.02916556752689497900, 0.03043363568023825500, 0.03106766975690989200, 0.03170170383358152800, 0.03296977198692480100, 0.03423784014026807300, 0.03487187421693971300, 0.03550590829361135300, 0.03677397644695463300, 0.03740801052362627300, 0.03804204460029790600, 0.03867607867696954600, 0.03931011275364117800, 0.04057818090698444400 ),
 .UNSPECIFIED. ) ;
#843 = CARTESIAN_POINT ( 'NONE',  ( 34.23205080756889600, 45.75000000000000000, -3.000000000000000000 ) ) ;
#844 = ORIENTED_EDGE ( 'NONE', *, *, #1152, .F. ) ;
#845 = DIRECTION ( 'NONE',  ( 0.0000000000000000000, -0.8660254037844387100, 0.4999999999999998900 ) ) ;
#846 = EDGE_CURVE ( 'NONE', #1440, #1440, #704, .T. ) ;
#847 = ORIENTED_EDGE ( 'NONE', *, *, #2394, .T. ) ;
#848 = EDGE_LOOP ( 'NONE', ( #668, #2662, #1095, #2448 ) ) ;
#849 = CARTESIAN_POINT ( 'NONE',  ( -14.20000000000000100, 41.54666666666669500, 70.69564688783100300 ) ) ;
#850 = CARTESIAN_POINT ( 'NONE',  ( 9.000000000000000000, 0.0000000000000000000, 0.0000000000000000000 ) ) ;
#851 = EDGE_LOOP ( 'NONE', ( #1124 ) ) ;
#852 = CARTESIAN_POINT ( 'NONE',  ( -9.750069206527182800, -14.39730899146926100, -54.48690100334677300 ) ) ;
#853 = EDGE_LOOP ( 'NONE', ( #52 ) ) ;
#854 = EDGE_CURVE ( 'E400', #1199, #541, #605, .T. ) ;
#855 = DIRECTION ( 'NONE',  ( 1.000000000000000000, 0.0000000000000000000, 6.123031769111888800E-017 ) ) ;
#856 = CARTESIAN_POINT ( 'NONE',  ( 30.76794919243110000, 43.68750000000000000, -3.000000000000000000 ) ) ;
#857 = ORIENTED_EDGE ( 'NONE', *, *, #1152, .T. ) ;
#858 = LINE ( 'NONE', #459, #860 ) ;
#859 = CARTESIAN_POINT ( 'NONE',  ( -8.250000000000000000, 56.35660171779818500, 1.355252715606880500E-017 ) ) ;
#860 = VECTOR ( 'NONE', #2123, 1000.000000000000000 ) ;
#861 = CARTESIAN_POINT ( 'NONE',  ( -34.00000000000000000, 0.0000000000000000000, 0.0000000000000000000 ) ) ;
#862 = EDGE_LOOP ( 'NONE', ( #2945 ) ) ;
#863 = LINE ( 'NONE', #1164, #799 ) ;
#864 = ADVANCED_FACE ( 'E97', ( #627 ), #193, .T. ) ;
#865 = DIRECTION ( 'NONE',  ( 0.0000000000000000000, -1.000000000000000000, 0.0000000000000000000 ) ) ;
#866 = CARTESIAN_POINT ( 'NONE',  ( 34.23205080756889600, 45.75000000000000000, 3.000000000000000000 ) ) ;
#867 = ORIENTED_EDGE ( 'NONE', *, *, #2728, .T. ) ;
#868 = CARTESIAN_POINT ( 'NONE',  ( -8.249999999999998200, 56.35660171779820600, 0.1981969517233578600 ) ) ;
#869 = EDGE_CURVE ( 'E418', #2733, #1829, #583, .T. ) ;
#870 = PLANE ( 'NONE',  #783 ) ;
#871 = ORIENTED_EDGE ( 'NONE', *, *, #2306, .F. ) ;
#872 = EDGE_CURVE ( 'NONE', #1436, #1436, #600, .T. ) ;
#873 = EDGE_LOOP ( 'NONE', ( #681 ) ) ;
#874 = CARTESIAN_POINT ( 'NONE',  ( 0.0000000000000000000, 0.0000000000000000000, 0.0000000000000000000 ) ) ;
#875 = EDGE_CURVE ( 'E695', #180, #1829, #565, .T. ) ;
#876 = DIRECTION ( 'NONE',  ( 0.0000000000000000000, 1.000000000000000000, 0.0000000000000000000 ) ) ;
#877 = EDGE_LOOP ( 'NONE', ( #1351 ) ) ;
#878 = AXIS2_PLACEMENT_3D ( 'NONE', #1886, #2791, #2819 ) ;
#879 = ADVANCED_FACE ( 'E1385', ( #582 ), #528, .F. ) ;
#880 = DIRECTION ( 'NONE',  ( 1.224606353822375800E-016, 0.0000000000000000000, -1.000000000000000000 ) ) ;
#881 = ORIENTED_EDGE ( 'NONE', *, *, #1911, .T. ) ;
#882 = AXIS2_PLACEMENT_3D ( 'NONE', #2292, #2302, #1142 ) ;
#883 = CARTESIAN_POINT ( 'NONE',  ( -9.669013412555225200, -14.20781214358841100, -54.53644467574586200 ) ) ;
#884 = EDGE_CURVE ( 'E355', #2987, #766, #559, .T. ) ;
#885 = DIRECTION ( 'NONE',  ( 0.0000000000000000000, 0.0000000000000000000, 1.000000000000000000 ) ) ;
#886 = EDGE_CURVE ( 'E282', #518, #1477, #502, .T. ) ;
#887 = CARTESIAN_POINT ( 'NONE',  ( -9.040940364798872900, -15.92898773351281200, -62.36616575703019500 ) ) ;
#888 = CARTESIAN_POINT ( 'NONE',  ( 5.176819221307618500, 47.80390564894808100, 43.73868726223044900 ) ) ;
#889 = ORIENTED_EDGE ( 'NONE', *, *, #1040, .T. ) ;
#890 = DIRECTION ( 'NONE',  ( 0.0000000000000000000, 0.0000000000000000000, -1.000000000000000000 ) ) ;
#891 = AXIS2_PLACEMENT_3D ( 'NONE', #2775, #1927, #2244 ) ;
#892 = CARTESIAN_POINT ( 'NONE',  ( -9.681313307858671300, -16.95284455915656000, -61.99905638203377800 ) ) ;
#893 = ORIENTED_EDGE ( 'NONE', *, *, #2324, .T. ) ;
#894 = FACE_OUTER_BOUND ( 'NONE', #2634, .T. ) ;
#895 = B_SPLINE_CURVE_WITH_KNOTS ( 'NONE', 3,
 ( #1610, #1557, #1613, #1617, #1618, #1623, #1624, #1626, #1628, #1631, #1632, #1636, #1641, #1642, #1645, #1648, #1652, #1653, #1659, #1662, #1669, #1674, #1680, #1687, #1694, #1045, #620, #554, #1695, #1697, #1702, #1718, #1703, #1699, #1707, #1712, #1719, #631, #629, #628, #545, #555, #1734, #1729, #1723, #80, #89, #92, #95, #100, #39, #41, #113, #114, #102, #129, #130, #131, #132, #136, #137, #143, #145, #109, #55, #54, #157, #160, #163, #164, #155, #174, #2399, #177, #178, #179, #181, #183, #184, #2208, #197, #202, #2343, #166, #194 ),
 .UNSPECIFIED., .T., .F.,
 ( 4, 2, 2, 2, 2, 2, 2, 2, 1, 2, 2, 2, 2, 2, 2, 2, 2, 2, 2, 2, 2, 2, 2, 2, 2, 2, 2, 2, 2, 2, 2, 2, 2, 2, 2, 2, 2, 2, 2, 2, 2, 2, 4 ),
 ( 0.0000000000000000000, 0.001174161545366154300, 0.001761242318049231200, 0.002348323090732308600, 0.003522484636098464500, 0.004696646181464620700, 0.005870807726830777400, 0.006457888499513867100, 0.007044969272196955800, 0.007632050044880045500, 0.008219130817563135100, 0.009393292362929330000, 0.01056745390829552300, 0.01174161545366171800, 0.01232869622634481500, 0.01291577699902791500, 0.01408993854439410800, 0.01526410008976030400, 0.01585118086244339400, 0.01643826163512647800, 0.01761242318049265800, 0.01878658472585883300, 0.01996074627122500900, 0.02113490781659119900, 0.02172198858927429400, 0.02230906936195739200, 0.02348323090732359500, 0.02465739245268979200, 0.02583155399805599600, 0.02641863477073908400, 0.02700571554342217100, 0.02817987708878834000, 0.02935403863415451600, 0.02994111940683760700, 0.03052820017952069900, 0.03170236172488689900, 0.03228944249757000800, 0.03287652327025310900, 0.03405068481561931300, 0.03522484636098550900, 0.03581192713366861100, 0.03639900790635172000, 0.03757316945171794400 ),
 .UNSPECIFIED. ) ;
#896 = DIRECTION ( 'NONE',  ( -6.123031769111888800E-017, 1.000000000000000000, 0.0000000000000000000 ) ) ;
#897 = EDGE_CURVE ( 'E214', #2786, #1782, #614, .T. ) ;
#898 = AXIS2_PLACEMENT_3D ( 'NONE', #1796, #1803, #2465 ) ;
#899 = CARTESIAN_POINT ( 'NONE',  ( 32.50000000000000000, 45.07339999999999900, 0.0000000000000000000 ) ) ;
#900 = CARTESIAN_POINT ( 'NONE',  ( 4.815991802890391900, 47.51272009476409900, 44.09572845659681000 ) ) ;
#901 = CARTESIAN_POINT ( 'NONE',  ( 6.314407619128920700, 48.33439059880449700, 42.99901094050515100 ) ) ;
#902 = DIRECTION ( 'NONE',  ( 1.000000000000000000, 0.0000000000000000000, 1.224606353822375800E-016 ) ) ;
#903 = CARTESIAN_POINT ( 'NONE',  ( 5.381293982278346100, 47.93555211226928500, 43.56958928746362900 ) ) ;
#904 = AXIS2_PLACEMENT_3D ( 'NONE', #550, #187, #153 ) ;
#905 = EDGE_LOOP ( 'NONE', ( #1017, #2333, #893, #847, #3005, #1163 ) ) ;
#906 = DIRECTION ( 'NONE',  ( 1.000000000000000000, 0.0000000000000000000, 0.0000000000000000000 ) ) ;
#907 = CARTESIAN_POINT ( 'NONE',  ( 5.821326620644607700, 48.16109803846526200, 43.26321051442167900 ) ) ;
#908 = CARTESIAN_POINT ( 'NONE',  ( 6.058786362626799300, 48.25668971294874200, 43.12389106353689500 ) ) ;
#909 = B_SPLINE_CURVE_WITH_KNOTS ( 'NONE', 3,
 ( #1273, #1563, #1564, #1569, #1574, #1579, #1583, #1585, #1587, #1592, #1593, #1596, #1598, #1602 ),
 .UNSPECIFIED., .F., .F.,
 ( 4, 2, 2, 2, 2, 2, 4 ),
 ( 0.007443541022536878300, 0.007827537670981673700, 0.008211534319426467400, 0.008595530967871262800, 0.008979527616316058300, 0.009747520913205612700, 0.01051551421009516900 ),
 .UNSPECIFIED. ) ;
#910 = ORIENTED_EDGE ( 'NONE', *, *, #2274, .F. ) ;
#911 = CARTESIAN_POINT ( 'NONE',  ( -12.00000000000000000, 0.0000000000000000000, 3.673819061467129800E-016 ) ) ;
#912 = ORIENTED_EDGE ( 'NONE', *, *, #1917, .F. ) ;
#913 = CARTESIAN_POINT ( 'NONE',  ( 4.659720592088949500, 47.35412206219923100, 44.28271928918260900 ) ) ;
#914 = CARTESIAN_POINT ( 'NONE',  ( -9.422126102027927900, -17.24358337862589600, -61.95871506077139700 ) ) ;
#915 = B_SPLINE_CURVE_WITH_KNOTS ( 'NONE', 3,
 ( #674, #690, #669, #667, #664, #663, #660, #659, #658, #657, #650, #648, #647, #644, #640, #639 ),
 .UNSPECIFIED., .F., .F.,
 ( 4, 2, 2, 2, 2, 2, 2, 4 ),
 ( 0.01174416685436871500, 0.01212761010981045800, 0.01251105336525220100, 0.01289449662069394400, 0.01327793987613568700, 0.01366138313157743000, 0.01404482638701917300, 0.01481171289790269800 ),
 .UNSPECIFIED. ) ;
#916 = AXIS2_PLACEMENT_3D ( 'NONE', #609, #608, #612 ) ;
#917 = CARTESIAN_POINT ( 'NONE',  ( -9.491109187274034300, -16.08658999246192400, -62.25873635932578800 ) ) ;
#918 = CARTESIAN_POINT ( 'NONE',  ( 4.395088525561987100, 47.01112113433603000, 44.67351325413984900 ) ) ;
#919 = DIRECTION ( 'NONE',  ( 0.0000000000000000000, 0.8660254037844384900, -0.5000000000000002200 ) ) ;
#920 = CARTESIAN_POINT ( 'NONE',  ( -14.20000000000000100, -41.54666666666660300, -70.69564688783110300 ) ) ;
#921 = EDGE_CURVE ( 'E225', #244, #1361, #492, .T. ) ;
#922 = EDGE_LOOP ( 'NONE', ( #3014 ) ) ;
#923 = CARTESIAN_POINT ( 'NONE',  ( 4.286774578930014500, 46.82532359445279700, 44.87869697279105500 ) ) ;
#924 = DIRECTION ( 'NONE',  ( 1.000000000000000000, 0.0000000000000000000, 0.0000000000000000000 ) ) ;
#925 = EDGE_LOOP ( 'NONE', ( #2999 ) ) ;
#926 = DIRECTION ( 'NONE',  ( 3.102336096350025300E-017, -0.8621420352174510300, -0.5066666666666670400 ) ) ;
#927 = CARTESIAN_POINT ( 'NONE',  ( -9.234574046314184800, -15.95692714321090800, -62.33064256412744400 ) ) ;
#928 = CARTESIAN_POINT ( 'NONE',  ( 4.128415204702027300, 46.44320077992254200, 45.28874139567993500 ) ) ;
#929 = DIRECTION ( 'NONE',  ( -5.278923071123229600E-017, -0.5066666666666670400, 0.8621420352174510300 ) ) ;
#930 = EDGE_CURVE ( 'NONE', #1433, #1433, #496, .T. ) ;
#931 = EDGE_CURVE ( 'E361', #2937, #2746, #443, .T. ) ;
#932 = ORIENTED_EDGE ( 'NONE', *, *, #2394, .F. ) ;
#933 = DIRECTION ( 'NONE',  ( 1.000000000000000000, 0.0000000000000000000, 6.123031769111888800E-017 ) ) ;
#934 = CARTESIAN_POINT ( 'NONE',  ( 4.076672460954224400, 46.24521427961791200, 45.49557191254487500 ) ) ;
#935 = CARTESIAN_POINT ( 'NONE',  ( 4.029411612227083800, 45.83505159118064400, 45.91293993488410800 ) ) ;
#936 = CARTESIAN_POINT ( 'NONE',  ( 21.00000000000000000, -125.1666666666665900, 21.55355088043630100 ) ) ;
#937 = LINE ( 'NONE', #1168, #1234 ) ;
#938 = CARTESIAN_POINT ( 'NONE',  ( -9.573353167049731400, -17.11591252943872400, -61.97101101077817000 ) ) ;
#939 = CIRCLE ( 'NONE', #1271, 80.00367321923720000 ) ;
#940 = CARTESIAN_POINT ( 'NONE',  ( 4.034747853896144300, 45.62594090713660900, 46.12026514377531300 ) ) ;
#941 = AXIS2_PLACEMENT_3D ( 'NONE', #547, #596, #2955 ) ;
#942 = CARTESIAN_POINT ( 'NONE',  ( -9.503884447139505200, -17.18684739664310600, -61.96207204127286200 ) ) ;
#943 = CARTESIAN_POINT ( 'NONE',  ( -34.00000000000000000, 112.5000000000000000, -6.888410740250869700E-015 ) ) ;
#944 = ORIENTED_EDGE ( 'NONE', *, *, #884, .F. ) ;
#945 = CARTESIAN_POINT ( 'NONE',  ( 4.101451275691115200, 45.21056706654696500, 46.52168584426588900 ) ) ;
#946 = CARTESIAN_POINT ( 'NONE',  ( 4.163267106471799700, 45.00116352528265700, 46.71882654855987500 ) ) ;
#947 = CARTESIAN_POINT ( 'NONE',  ( 4.342654243260723100, 44.58859699395768700, 47.09654592363858000 ) ) ;
#948 = CARTESIAN_POINT ( 'NONE',  ( 4.458246505824439200, 44.38896873825677100, 47.27397040858627300 ) ) ;
#949 = CARTESIAN_POINT ( 'NONE',  ( 4.739849301455053300, 44.00266521829291100, 47.60655488512954000 ) ) ;
#950 = CARTESIAN_POINT ( 'NONE',  ( -34.00000000000000000, 41.54666666666669500, 70.69564688783100300 ) ) ;
#951 = EDGE_LOOP ( 'NONE', ( #2557 ) ) ;
#952 = CARTESIAN_POINT ( 'NONE',  ( 4.908122286005569100, 43.81423443016862500, 47.76304380679051300 ) ) ;
#953 = CARTESIAN_POINT ( 'NONE',  ( 5.283798367948652900, 43.46488464040098200, 48.04134089270453200 ) ) ;
#954 = CIRCLE ( 'NONE', #1314, 56.35660171779819900 ) ;
#955 = CARTESIAN_POINT ( 'NONE',  ( 35.96410161513775000, -21.84375000000000000, -37.83448482783265400 ) ) ;
#956 = CARTESIAN_POINT ( 'NONE',  ( 5.491457664699382200, 43.30271827198576100, 48.16434425402025700 ) ) ;
#957 = CARTESIAN_POINT ( 'NONE',  ( 5.946654484006865400, 43.00354793285163900, 48.37786415377079400 ) ) ;
#958 = EDGE_LOOP ( 'NONE', ( #881 ) ) ;
#959 = CIRCLE ( 'NONE', #1331, 45.75000000000000000 ) ;
#960 = CARTESIAN_POINT ( 'NONE',  ( -14.20000000000000100, 78.09609465267780600, -25.00000000000000000 ) ) ;
#961 = CARTESIAN_POINT ( 'NONE',  ( -12.32362519336101900, 76.01733144023009500, 25.00000000000000000 ) ) ;
#962 = EDGE_LOOP ( 'NONE', ( #2888 ) ) ;
#963 = CARTESIAN_POINT ( 'NONE',  ( 6.194038412828318100, 42.86735230814374400, 48.46760364783880000 ) ) ;
#964 = CARTESIAN_POINT ( 'NONE',  ( 29.03589838486225000, 43.68750000000000000, -1.110223024625155900E-015 ) ) ;
#965 = AXIS2_PLACEMENT_3D ( 'NONE', #471, #2536, #2374 ) ;
#966 = PRODUCT ( 'UCFL-215', 'UCFL-215', '', ( #101 ) ) ;
#967 = CARTESIAN_POINT ( 'NONE',  ( 6.707736440286889300, 42.63223137434801700, 48.60641654170576900 ) ) ;
#968 = CARTESIAN_POINT ( 'NONE',  ( -8.942156218287218300, -15.93371537105146800, -62.37919769081741400 ) ) ;
#969 = EDGE_CURVE ( 'E25', #2923, #2767, #2363, .T. ) ;
#970 = CARTESIAN_POINT ( 'NONE',  ( 6.976510168644565200, 42.53155384786594300, 48.65677892227019900 ) ) ;
#971 = CARTESIAN_POINT ( 'NONE',  ( -9.718851066029257500, -16.86140688207195400, -62.01811475698730200 ) ) ;
#972 = EDGE_LOOP ( 'NONE', ( #1804 ) ) ;
#973 = PLANE ( 'NONE',  #3013 ) ;
#974 = CARTESIAN_POINT ( 'NONE',  ( 9.377498180610491100, -27.60871581876775900, -49.13071119814150500 ) ) ;
#975 = CARTESIAN_POINT ( 'NONE',  ( -12.00000000000000000, 0.0000000000000000000, -25.00000000000000000 ) ) ;
#976 = EDGE_LOOP ( 'NONE', ( #2876 ) ) ;
#977 = CIRCLE ( 'NONE', #1335, 45.75000000000000000 ) ;
#978 = CARTESIAN_POINT ( 'NONE',  ( 7.538858769940467200, 42.36531010497323300, 48.71789209411822700 ) ) ;
#979 = CARTESIAN_POINT ( 'NONE',  ( 7.823549358698523200, 42.30240363707270700, 48.72764411109767500 ) ) ;
#980 = CARTESIAN_POINT ( 'NONE',  ( 8.398332716102853400, 42.21568885422238500, 48.70716785867074300 ) ) ;
#981 = CARTESIAN_POINT ( 'NONE',  ( 8.691771788183347200, 42.19186886731567700, 48.67632876363921200 ) ) ;
#982 = VERTEX_POINT ( 'NONE', #1852 ) ;
#983 = CARTESIAN_POINT ( 'NONE',  ( -34.00000000000000000, -41.54666666666660300, -70.69564688783110300 ) ) ;
#984 = CARTESIAN_POINT ( 'NONE',  ( 9.268324051483896000, 42.18589812147045100, 48.57503315698417600 ) ) ;
#985 = DIRECTION ( 'NONE',  ( -1.000000000000000000, 0.0000000000000000000, 0.0000000000000000000 ) ) ;
#986 = B_SPLINE_CURVE_WITH_KNOTS ( 'NONE', 3,
 ( #1278, #1248, #1283, #1284, #1287, #1291, #1292, #1298, #1301, #1306, #1307, #1311, #1312, #1315, #1319, #1322, #1327, #1332, #1333, #1336, #1337, #1339, #1342, #1343, #1345, #1348, #1349, #1352, #1353, #1355, #1356, #1363, #1364, #1371, #1376, #1377, #1382, #1383, #1390, #1394, #1395, #1404, #1406, #1407, #1412, #1416, #1421, #1422, #1426, #1429, #1430, #1434, #1437, #1441, #1442, #1447, #1452, #1453, #1459, #1465, #1468, #1471, #1472, #1475, #1478, #1482, #1483, #1489, #1495, #1496, #1500, #1504, #1511, #1516, #1522, #1524, #1526, #1529, #1533, #1535, #1539, #1543, #1550, #1556 ),
 .UNSPECIFIED., .T., .F.,
 ( 4, 2, 2, 2, 2, 2, 2, 2, 2, 2, 2, 2, 2, 2, 2, 2, 2, 2, 2, 2, 2, 2, 2, 2, 2, 2, 2, 2, 2, 2, 2, 2, 2, 2, 2, 2, 2, 2, 2, 2, 2, 4 ),
 ( 0.0000000000000000000, 0.001265000975835313900, 0.002530001951670627800, 0.003795002927505941000, 0.004427503415423595000, 0.005060003903341248600, 0.005692504391258902200, 0.006325004879176555700, 0.007590005855011853300, 0.008855006830847141400, 0.01012000780668242900, 0.01138500878251771900, 0.01265000975835300700, 0.01328251024627064200, 0.01391501073418827800, 0.01518001171002355100, 0.01581251219794118900, 0.01644501268585883000, 0.01707751317377646800, 0.01771001366169410600, 0.01897501463752940600, 0.02024001561336470300, 0.02150501658920000300, 0.02277001756503530300, 0.02403501854087060400, 0.02530001951670590400, 0.02593252000462356300, 0.02656502049254121800, 0.02783002146837651800, 0.02909502244421181800, 0.02972752293212946700, 0.03036002342004711200, 0.03162502439588241200, 0.03225752488380005700, 0.03289002537171770900, 0.03415502634755300500, 0.03542002732338830200, 0.03668502829922359900, 0.03731752878714124400, 0.03795002927505888900, 0.03921503025089418500, 0.04048003122672947500 ),
 .UNSPECIFIED. ) ;
#987 = CARTESIAN_POINT ( 'NONE',  ( -9.773423429855748500, -16.57954642873925600, -62.08572701569314500 ) ) ;
#988 = DIRECTION ( 'NONE',  ( -1.000000000000000000, 0.0000000000000000000, -3.204937810639275000E-016 ) ) ;
#989 = CARTESIAN_POINT ( 'NONE',  ( -9.729285828628354300, -16.37970189033633500, -62.14567630311157800 ) ) ;
#990 = ORIENTED_EDGE ( 'NONE', *, *, #2121, .F. ) ;
#991 = CARTESIAN_POINT ( 'NONE',  ( 9.550088002361597700, 42.20323767688317700, 48.50533571768112000 ) ) ;
#992 = CARTESIAN_POINT ( 'NONE',  ( 34.23205080756889600, 45.75000000000000000, -3.000000000000000000 ) ) ;
#993 = CIRCLE ( 'NONE', #1308, 56.35660171779819900 ) ;
#994 = CARTESIAN_POINT ( 'NONE',  ( -34.00000000000000000, 125.1666666666665900, -21.55355088043630100 ) ) ;
#995 = VERTEX_POINT ( 'NONE', #2167 ) ;
#996 = AXIS2_PLACEMENT_3D ( 'NONE', #2569, #2680, #2731 ) ;
#997 = CARTESIAN_POINT ( 'NONE',  ( -9.562706746691642200, -16.15145911146180100, -62.23097852539520100 ) ) ;
#998 = CARTESIAN_POINT ( 'NONE',  ( -33.30000000000000400, 0.0000000000000000000, 0.0000000000000000000 ) ) ;
#999 = DIRECTION ( 'NONE',  ( 0.0000000000000000000, 0.0000000000000000000, 1.000000000000000000 ) ) ;
#1000 = CARTESIAN_POINT ( 'NONE',  ( 10.10072857150282400, 42.27814143752579000, 48.32824312203668200 ) ) ;
#1001 = CARTESIAN_POINT ( 'NONE',  ( 10.37119604821266300, 42.33661973401456200, 48.21964092409575600 ) ) ;
#1002 = CARTESIAN_POINT ( 'NONE',  ( 10.87622746133482100, 42.48986211936789900, 47.97295219296135100 ) ) ;
#1003 = DIRECTION ( 'NONE',  ( 1.000000000000000000, 0.0000000000000000000, 0.0000000000000000000 ) ) ;
#1004 = EDGE_LOOP ( 'NONE', ( #1590 ) ) ;
#1005 = DIRECTION ( 'NONE',  ( 0.0000000000000000000, 0.8660254037844387100, -0.4999999999999998900 ) ) ;
#1006 = DIRECTION ( 'NONE',  ( 0.0000000000000000000, -0.4999999999999998900, -0.8660254037844387100 ) ) ;
#1007 = AXIS2_PLACEMENT_3D ( 'NONE', #2886, #2509, #2531 ) ;
#1008 = CARTESIAN_POINT ( 'NONE',  ( 11.11365167388413500, 42.58473265720707700, 47.83422744894147600 ) ) ;
#1009 = CARTESIAN_POINT ( 'NONE',  ( 11.55764764911095100, 42.81178647609079500, 47.52533791774554600 ) ) ;
#1010 = EDGE_CURVE ( 'NONE', #1428, #1428, #474, .T. ) ;
#1011 = CARTESIAN_POINT ( 'NONE',  ( -9.326369026286370100, -15.98912519530453700, -62.30871929774171700 ) ) ;
#1012 = CARTESIAN_POINT ( 'NONE',  ( 11.76112497266144400, 42.94291611184864600, 47.35679906136290600 ) ) ;
#1013 = DIRECTION ( 'NONE',  ( 0.0000000000000000000, 0.0000000000000000000, -1.000000000000000000 ) ) ;
#1014 = DIRECTION ( 'NONE',  ( 1.000000000000000000, 0.0000000000000000000, 0.0000000000000000000 ) ) ;
#1015 = CARTESIAN_POINT ( 'NONE',  ( 12.12001898255407000, 43.23183778431196300, 47.00210488694730100 ) ) ;
#1016 = CARTESIAN_POINT ( 'NONE',  ( 12.27821179095730700, 43.39158849359492400, 46.81348114328980600 ) ) ;
#1017 = ORIENTED_EDGE ( 'NONE', *, *, #2178, .T. ) ;
#1018 = CARTESIAN_POINT ( 'NONE',  ( -12.00000000000000000, -112.5000000000000000, 0.0000000000000000000 ) ) ;
#1019 = CARTESIAN_POINT ( 'NONE',  ( 12.54501872931225700, 43.73715009761809800, 46.41950732131764600 ) ) ;
#1020 = CARTESIAN_POINT ( 'NONE',  ( 35.96410161513775000, -21.84375000000000000, -37.83448482783265400 ) ) ;
#1021 = ORIENTED_EDGE ( 'NONE', *, *, #854, .T. ) ;
#1022 = ORIENTED_EDGE ( 'NONE', *, *, #2124, .F. ) ;
#1023 = CARTESIAN_POINT ( 'NONE',  ( 34.23205080756889600, 45.75000000000000000, 3.000000000000000000 ) ) ;
#1024 = PLANE ( 'NONE',  #2109 ) ;
#1025 = CARTESIAN_POINT ( 'NONE',  ( 12.65103259834974200, 43.91908261049144400, 46.21850559913181700 ) ) ;
#1026 = CARTESIAN_POINT ( 'NONE',  ( 12.80988528739371500, 44.30071788806625200, 45.80871026883906400 ) ) ;
#1027 = ORIENTED_EDGE ( 'NONE', *, *, #808, .T. ) ;
#1028 = DIRECTION ( 'NONE',  ( -0.4999999999999998900, 0.0000000000000000000, 0.8660254037844387100 ) ) ;
#1029 = ORIENTED_EDGE ( 'NONE', *, *, #1940, .T. ) ;
#1030 = CARTESIAN_POINT ( 'NONE',  ( 12.86273812840684800, 44.50277548114687700, 45.59756816071549000 ) ) ;
#1031 = CARTESIAN_POINT ( 'NONE',  ( -34.00000000000000000, 0.0000000000000000000, 0.0000000000000000000 ) ) ;
#1032 = EDGE_CURVE ( 'E161', #1218, #2347, #408, .T. ) ;
#1033 = CARTESIAN_POINT ( 'NONE',  ( 12.90981297263282300, 44.91079296321147000, 45.18232712337454200 ) ) ;
#1034 = CIRCLE ( 'NONE', #1392, 56.35660171779819900 ) ;
#1035 = CARTESIAN_POINT ( 'NONE',  ( -23.00000000000000000, 112.5000000000000000, -25.00000000000000000 ) ) ;
#1036 = CARTESIAN_POINT ( 'NONE',  ( 12.90498982115979500, 45.11718946434467600, 44.97761524666598400 ) ) ;
#1037 = EDGE_LOOP ( 'NONE', ( #287 ) ) ;
#1038 = CARTESIAN_POINT ( 'NONE',  ( -8.286329462831016500, -16.92815453186411600, -62.20758859677067000 ) ) ;
#1039 = CARTESIAN_POINT ( 'NONE',  ( 30.76794919243110000, 45.75000000000000000, -3.000000000000000000 ) ) ;
#1040 = EDGE_CURVE ( 'E98', #1079, #3038, #446, .T. ) ;
#1041 = CARTESIAN_POINT ( 'NONE',  ( 12.83848447213309300, 45.53476946236756400, 44.57402278447356300 ) ) ;
#1042 = CARTESIAN_POINT ( 'NONE',  ( -12.00000000000000000, 112.5000000000000000, 25.00000000000000000 ) ) ;
#1043 = AXIS2_PLACEMENT_3D ( 'NONE', #239, #306, #85 ) ;
#1044 = CARTESIAN_POINT ( 'NONE',  ( 12.77595843653523200, 45.74599296359367900, 44.37525963990718500 ) ) ;
#1045 = CARTESIAN_POINT ( 'NONE',  ( 38.19434326101207900, -20.39842680360794000, -31.46882409665108300 ) ) ;
#1046 = ORIENTED_EDGE ( 'NONE', *, *, #931, .F. ) ;
#1047 = CARTESIAN_POINT ( 'NONE',  ( 12.59862130158793500, 46.15481553181926000, 44.00104997416903500 ) ) ;
#1048 = CARTESIAN_POINT ( 'NONE',  ( 12.48362526964293000, 46.35481211981414900, 43.82324955580008900 ) ) ;
#1049 = CARTESIAN_POINT ( 'NONE',  ( 12.19910659604134300, 46.74565920279091800, 43.48691587271988400 ) ) ;
#1050 = AXIS2_PLACEMENT_3D ( 'NONE', #475, #586, #526 ) ;
#1051 = DIRECTION ( 'NONE',  ( 0.0000000000000000000, 1.000000000000000000, 0.0000000000000000000 ) ) ;
#1052 = CARTESIAN_POINT ( 'NONE',  ( 12.03331010691307900, 46.93113848470077400, 43.33303884545584600 ) ) ;
#1053 = CARTESIAN_POINT ( 'NONE',  ( 11.65940098826736100, 47.27963668831888100, 43.05553263398846300 ) ) ;
#1054 = CARTESIAN_POINT ( 'NONE',  ( 11.44842808334859900, 47.44475502549281000, 42.93034482187372400 ) ) ;
#1055 = CARTESIAN_POINT ( 'NONE',  ( 10.99269542722523100, 47.74445005463778800, 42.71667037302965800 ) ) ;
#1056 = CARTESIAN_POINT ( 'NONE',  ( 42.50000000000000000, 0.0000000000000000000, 0.0000000000000000000 ) ) ;
#1057 = CARTESIAN_POINT ( 'NONE',  ( 10.75000238320892400, 47.87828832488027300, 42.62853455422664700 ) ) ;
#1058 = CARTESIAN_POINT ( 'NONE',  ( 10.23540773841120600, 48.11442393704545100, 42.48910024976994700 ) ) ;
#1059 = CARTESIAN_POINT ( 'NONE',  ( 9.961137038314335600, 48.21705944917096800, 42.43790554691999300 ) ) ;
#1060 = ORIENTED_EDGE ( 'NONE', *, *, #2696, .T. ) ;
#1061 = AXIS2_PLACEMENT_3D ( 'NONE', #536, #2825, #2816 ) ;
#1062 = DIRECTION ( 'NONE',  ( 0.4999999999999998900, 0.0000000000000000000, 0.8660254037844387100 ) ) ;
#1063 = CARTESIAN_POINT ( 'NONE',  ( -8.750661943694600700, -15.97934240749517600, -62.39468150154475300 ) ) ;
#1064 = CARTESIAN_POINT ( 'NONE',  ( -8.416601979201505700, -16.18835162403389900, -62.38699178192609900 ) ) ;
#1065 = CARTESIAN_POINT ( 'NONE',  ( -8.299699534841270300, -16.36403118507356100, -62.35681278519026400 ) ) ;
#1066 = DIRECTION ( 'NONE',  ( 1.000000000000000000, 0.0000000000000000000, 6.123031769111888800E-017 ) ) ;
#1067 = CARTESIAN_POINT ( 'NONE',  ( 30.76794919243110000, 45.75000000000000000, 3.000000000000000000 ) ) ;
#1068 = CARTESIAN_POINT ( 'NONE',  ( -8.244823890158910400, -16.64571041631395700, -62.28926762442288400 ) ) ;
#1069 = EDGE_LOOP ( 'NONE', ( #1249 ) ) ;
#1070 = CARTESIAN_POINT ( 'NONE',  ( 9.405370913129038600, 48.38158147924507100, 42.37742880100094600 ) ) ;
#1071 = CARTESIAN_POINT ( 'NONE',  ( 9.121635014846276600, 48.44482386553214300, 42.36721335232843400 ) ) ;
#1072 = CARTESIAN_POINT ( 'NONE',  ( 29.03589838486225000, 45.75000000000000000, -6.363241272276080100E-016 ) ) ;
#1073 = ADVANCED_FACE ( 'E1352', ( #383, #352 ), #2845, .T. ) ;
#1074 = ORIENTED_EDGE ( 'NONE', *, *, #2612, .F. ) ;
#1075 = CARTESIAN_POINT ( 'NONE',  ( 8.542244834592787900, 48.53257965104613400, 42.38755380473086400 ) ) ;
#1076 = ORIENTED_EDGE ( 'NONE', *, *, #2502, .F. ) ;
#1077 = CARTESIAN_POINT ( 'NONE',  ( 8.249623486861530400, 48.55620505406740500, 42.41842992697503700 ) ) ;
#1078 = CARTESIAN_POINT ( 'NONE',  ( 7.676866184496257800, 48.56246726449575800, 42.51866687900063400 ) ) ;
#1079 = VERTEX_POINT ( 'NONE', #2772 ) ;
#1080 = DIRECTION ( 'NONE',  ( 0.0000000000000000000, 0.0000000000000000000, -1.000000000000000000 ) ) ;
#1081 = CARTESIAN_POINT ( 'NONE',  ( 7.392965915985090700, 48.54542412312809300, 42.58840884248043300 ) ) ;
#1082 = CARTESIAN_POINT ( 'NONE',  ( -9.258609411804775000, -17.35705534259146900, -61.95200109976849500 ) ) ;
#1083 = ORIENTED_EDGE ( 'NONE', *, *, #854, .F. ) ;
#1084 = CARTESIAN_POINT ( 'NONE',  ( 6.836887760139987300, 48.46979466582695300, 42.76707479909506300 ) ) ;
#1085 = EDGE_CURVE ( 'NONE', #1425, #1425, #311, .T. ) ;
#1086 = DIRECTION ( 'NONE',  ( 1.000000000000000000, 0.0000000000000000000, 0.0000000000000000000 ) ) ;
#1087 = CARTESIAN_POINT ( 'NONE',  ( 6.314407619128920700, 48.33439059880449700, 42.99901094050515100 ) ) ;
#1088 = DIRECTION ( 'NONE',  ( -1.000000000000000000, 0.0000000000000000000, -6.123031769111888800E-017 ) ) ;
#1089 = ORIENTED_EDGE ( 'NONE', *, *, #1098, .T. ) ;
#1090 = DIRECTION ( 'NONE',  ( -1.000000000000000000, 0.0000000000000000000, 0.0000000000000000000 ) ) ;
#1091 = AXIS2_PLACEMENT_3D ( 'NONE', #76, #59, #71 ) ;
#1092 = CARTESIAN_POINT ( 'NONE',  ( -8.673446862512117100, -17.33089360125463300, -62.04370396484826200 ) ) ;
#1093 = DIRECTION ( 'NONE',  ( -0.4999999999999998900, 0.0000000000000000000, 0.8660254037844387100 ) ) ;
#1094 = SPHERICAL_SURFACE ( 'NONE', #1263, 65.00000000000000000 ) ;
#1095 = ORIENTED_EDGE ( 'NONE', *, *, #2578, .T. ) ;
#1096 = CARTESIAN_POINT ( 'NONE',  ( -8.508957562943940900, -17.23354555778578100, -62.09357699369801500 ) ) ;
#1097 = CARTESIAN_POINT ( 'NONE',  ( 21.00000000000000000, -41.54666666666660300, -70.69564688783110300 ) ) ;
#1098 = EDGE_CURVE ( 'E193', #557, #2786, #269, .T. ) ;
#1099 = DIRECTION ( 'NONE',  ( 0.0000000000000000000, 0.0000000000000000000, 1.000000000000000000 ) ) ;
#1100 = EDGE_CURVE ( 'E273', #1629, #518, #253, .T. ) ;
#1101 = ORIENTED_EDGE ( 'NONE', *, *, #366, .T. ) ;
#1102 = ORIENTED_EDGE ( 'NONE', *, *, #2081, .T. ) ;
#1103 = DIRECTION ( 'NONE',  ( 9.402295262746920700E-017, 0.0000000000000000000, -1.000000000000000000 ) ) ;
#1104 = ORIENTED_EDGE ( 'NONE', *, *, #2387, .F. ) ;
#1105 = CIRCLE ( 'NONE', #1341, 45.75000000000000000 ) ;
#1106 = DIRECTION ( 'NONE',  ( 0.0000000000000000000, -1.000000000000000000, 0.0000000000000000000 ) ) ;
#1107 = EDGE_CURVE ( 'NONE', #1423, #1423, #376, .T. ) ;
#1108 = CARTESIAN_POINT ( 'NONE',  ( 29.03589838486225000, 45.75000000000000000, -1.110223024625155900E-015 ) ) ;
#1109 = CARTESIAN_POINT ( 'NONE',  ( -8.245731929077766900, -16.74301227735597000, -62.26306445783424700 ) ) ;
#1110 = CARTESIAN_POINT ( 'NONE',  ( -12.00000000000000000, 0.0000000000000000000, 0.0000000000000000000 ) ) ;
#1111 = AXIS2_PLACEMENT_3D ( 'NONE', #1776, #1743, #1742 ) ;
#1112 = ADVANCED_FACE ( 'E1363', ( #139 ), #225, .T. ) ;
#1113 = CYLINDRICAL_SURFACE ( 'NONE', #1359, 11.49999999999999600 ) ;
#1114 = DIRECTION ( 'NONE',  ( 1.000000000000000000, 0.0000000000000000000, 0.0000000000000000000 ) ) ;
#1115 = DIRECTION ( 'NONE',  ( 0.0000000000000000000, 0.0000000000000000000, 1.000000000000000000 ) ) ;
#1116 = DIRECTION ( 'NONE',  ( 0.0000000000000000000, 1.000000000000000000, 0.0000000000000000000 ) ) ;
#1117 = DIRECTION ( 'NONE',  ( 0.0000000000000000000, 0.0000000000000000000, -1.000000000000000000 ) ) ;
#1118 = LINE ( 'NONE', #367, #1216 ) ;
#1119 = B_SPLINE_CURVE_WITH_KNOTS ( 'NONE', 3,
 ( #792, #793, #790, #788 ),
 .UNSPECIFIED., .F., .F.,
 ( 4, 4 ),
 ( 0.1518900749154396500, 0.1522143201996877500 ),
 .UNSPECIFIED. ) ;
#1120 = ORIENTED_EDGE ( 'NONE', *, *, #2044, .F. ) ;
#1121 = DIRECTION ( 'NONE',  ( 0.0000000000000000000, 0.0000000000000000000, 1.000000000000000000 ) ) ;
#1122 = EDGE_CURVE ( 'E427', #1829, #2712, #138, .T. ) ;
#1123 = B_SPLINE_CURVE_WITH_KNOTS ( 'NONE', 3,
 ( #1461, #482, #573, #508, #578, #516, #514, #542, #540, #161, #27, #50, #156, #42, #24, #14 ),
 .UNSPECIFIED., .F., .F.,
 ( 4, 2, 2, 2, 2, 2, 2, 4 ),
 ( 0.01057244091474880700, 0.01095634420704595500, 0.01134024749934310300, 0.01172415079164025100, 0.01210805408393739900, 0.01287586066853169500, 0.01325976396082883000, 0.01364366725312596600 ),
 .UNSPECIFIED. ) ;
#1124 = ORIENTED_EDGE ( 'NONE', *, *, #196, .F. ) ;
#1125 = CARTESIAN_POINT ( 'NONE',  ( -8.437758951000493100, -17.16934976572467900, -62.12107186242525400 ) ) ;
#1126 = CARTESIAN_POINT ( 'NONE',  ( 29.03589838486225000, 43.68750000000000000, -6.363241272276080100E-016 ) ) ;
#1127 = CARTESIAN_POINT ( 'NONE',  ( -8.325421626306223300, -17.01527591918965100, -62.17859484555483400 ) ) ;
#1128 = PLANE ( 'NONE',  #2275 ) ;
#1129 = CARTESIAN_POINT ( 'NONE',  ( -14.20000000000000100, -41.54666666666660300, 70.69564688783110300 ) ) ;
#1130 = CARTESIAN_POINT ( 'NONE',  ( -9.053353863217724400, -17.40483947091200200, -61.96891972497834200 ) ) ;
#1131 = CARTESIAN_POINT ( 'NONE',  ( -12.00000000000000000, 0.0000000000000000000, -25.00000000000000000 ) ) ;
#1132 = EDGE_LOOP ( 'NONE', ( #3027 ) ) ;
#1133 = CARTESIAN_POINT ( 'NONE',  ( 14.75000000000000000, 0.0000000000000000000, 0.0000000000000000000 ) ) ;
#1134 = EDGE_LOOP ( 'NONE', ( #3033, #889, #2468, #588, #1580 ) ) ;
#1135 = PLANE ( 'NONE',  #513 ) ;
#1136 = CARTESIAN_POINT ( 'NONE',  ( -9.422126102027927900, -17.24358337862589600, -61.95871506077139700 ) ) ;
#1137 = ORIENTED_EDGE ( 'NONE', *, *, #2382, .F. ) ;
#1138 = AXIS2_PLACEMENT_3D ( 'NONE', #2198, #467, #487 ) ;
#1139 = CARTESIAN_POINT ( 'NONE',  ( -33.30000000000000400, 0.0000000000000000000, 0.0000000000000000000 ) ) ;
#1140 = DIRECTION ( 'NONE',  ( 0.0000000000000000000, 0.0000000000000000000, -1.000000000000000000 ) ) ;
#1141 = CARTESIAN_POINT ( 'NONE',  ( -34.00000000000000000, -112.5000000000000000, 0.0000000000000000000 ) ) ;
#1142 = DIRECTION ( 'NONE',  ( 1.644785837123073100E-016, 0.0000000000000000000, -1.000000000000000000 ) ) ;
#1143 = AXIS2_PLACEMENT_3D ( 'NONE', #585, #501, #493 ) ;
#1144 = CARTESIAN_POINT ( 'NONE',  ( 6.570028875631043000, 48.41209148466025900, 42.87413081747341400 ) ) ;
#1145 = PRODUCT_DEFINITION_SHAPE ( 'NONE', 'NONE',  #2426 ) ;
#1146 = CIRCLE ( 'NONE', #1381, 63.24555320336759900 ) ;
#1147 = EDGE_CURVE ( 'E382', #2746, #557, #125, .T. ) ;
#1148 = DIRECTION ( 'NONE',  ( 1.000000000000000000, 0.0000000000000000000, 6.123031769111888800E-017 ) ) ;
#1149 = CARTESIAN_POINT ( 'NONE',  ( -14.75000000000000000, 0.0000000000000000000, 0.0000000000000000000 ) ) ;
#1150 = DIRECTION ( 'NONE',  ( 1.000000000000000000, 0.0000000000000000000, 0.0000000000000000000 ) ) ;
#1151 = CARTESIAN_POINT ( 'NONE',  ( 27.17659999999999700, 45.75000000000000000, 0.0000000000000000000 ) ) ;
#1152 = EDGE_CURVE ( 'E350', #2761, #766, #123, .T. ) ;
#1153 = EDGE_CURVE ( 'E754', #518, #82, #83, .T. ) ;
#1154 = DIRECTION ( 'NONE',  ( 0.0000000000000000000, 0.0000000000000000000, -1.000000000000000000 ) ) ;
#1155 = DIRECTION ( 'NONE',  ( 1.000000000000000000, 0.0000000000000000000, 6.409875621278550000E-016 ) ) ;
#1156 = DIRECTION ( 'NONE',  ( 1.137523590804463600E-016, 0.0000000000000000000, -1.000000000000000000 ) ) ;
#1157 = ORIENTED_EDGE ( 'NONE', *, *, #2422, .T. ) ;
#1158 = CARTESIAN_POINT ( 'NONE',  ( -8.766144858256037500, -17.36325100658392600, -62.02162433435496800 ) ) ;
#1159 = DIRECTION ( 'NONE',  ( 0.4999999999999998900, 0.0000000000000000000, 0.8660254037844387100 ) ) ;
#1160 = ORIENTED_EDGE ( 'NONE', *, *, #2565, .F. ) ;
#1161 = CARTESIAN_POINT ( 'NONE',  ( 30.76794919243110000, 45.75000000000000000, 3.000000000000000000 ) ) ;
#1162 = ORIENTED_EDGE ( 'NONE', *, *, #756, .F. ) ;
#1163 = ORIENTED_EDGE ( 'NONE', *, *, #2471, .T. ) ;
#1164 = CARTESIAN_POINT ( 'NONE',  ( -14.20000000000000100, 134.8977118876569800, -25.00000000000000000 ) ) ;
#1165 = CARTESIAN_POINT ( 'NONE',  ( 30.76794919243110000, 45.75000000000000000, 3.000000000000000000 ) ) ;
#1166 = PLANE ( 'NONE',  #2857 ) ;
#1167 = ORIENTED_EDGE ( 'NONE', *, *, #2437, .F. ) ;
#1168 = CARTESIAN_POINT ( 'NONE',  ( -23.00000000000000000, -112.5000000000000000, 25.00000000000000000 ) ) ;
#1169 = DIRECTION ( 'NONE',  ( 0.0000000000000000000, -1.000000000000000000, 0.0000000000000000000 ) ) ;
#1170 = ADVANCED_FACE ( 'E1081', ( #28 ), #870, .T. ) ;
#1171 = DIRECTION ( 'NONE',  ( -1.000000000000000000, 0.0000000000000000000, 0.0000000000000000000 ) ) ;
#1172 = DIRECTION ( 'NONE',  ( 1.000000000000000000, -0.0000000000000000000, -0.0000000000000000000 ) ) ;
#1173 = CARTESIAN_POINT ( 'NONE',  ( -12.00000000000000000, -75.99728763956311200, -25.00000000000000000 ) ) ;
#1174 = CARTESIAN_POINT ( 'NONE',  ( -14.20000000000000100, 112.5000000000000000, -25.00000000000000000 ) ) ;
#1175 = ORIENTED_EDGE ( 'NONE', *, *, #563, .T. ) ;
#1176 = CARTESIAN_POINT ( 'NONE',  ( -12.21575012362971300, -76.01065025900524600, 25.00000000000000000 ) ) ;
#1177 = CARTESIAN_POINT ( 'NONE',  ( 44.50000000000000000, 43.75000000000000000, 0.0000000000000000000 ) ) ;
#1178 = ORIENTED_EDGE ( 'NONE', *, *, #532, .F. ) ;
#1179 = CARTESIAN_POINT ( 'NONE',  ( -12.22000000000000100, 0.0000000000000000000, 0.0000000000000000000 ) ) ;
#1180 = CARTESIAN_POINT ( 'NONE',  ( 36.17592490076032200, 45.45088667220887400, 5.228836163836525100 ) ) ;
#1181 = APPROVAL_DATE_TIME ( #1184, #2285 ) ;
#1182 = CARTESIAN_POINT ( 'NONE',  ( -14.20000000000000100, 125.1666666666665900, -21.55355088043630100 ) ) ;
#1183 = DIRECTION ( 'NONE',  ( -1.000000000000000000, 0.0000000000000000000, 0.0000000000000000000 ) ) ;
#1184 = DATE_AND_TIME ( #1186, #1188 ) ;
#1185 = EDGE_LOOP ( 'NONE', ( #2815 ) ) ;
#1186 = CALENDAR_DATE ( 2019, 8, 3 ) ;
#1187 = ADVANCED_FACE ( 'E933', ( #88 ), #741, .T. ) ;
#1188 = LOCAL_TIME ( 9, 11, 46.00000000000000000, #1190 ) ;
#1189 = EDGE_LOOP ( 'NONE', ( #48 ) ) ;
#1190 = COORDINATED_UNIVERSAL_TIME_OFFSET ( 3, 0, .BEHIND. ) ;
#1191 = DIRECTION ( 'NONE',  ( 0.0000000000000000000, -1.000000000000000000, 0.0000000000000000000 ) ) ;
#1192 = ORIENTED_EDGE ( 'NONE', *, *, #886, .T. ) ;
#1193 = CARTESIAN_POINT ( 'NONE',  ( -14.20000000000000100, -112.5000000000000000, 0.0000000000000000000 ) ) ;
#1194 = APPROVAL_PERSON_ORGANIZATION ( #1196, #2285, #57 ) ;
#1195 = EDGE_LOOP ( 'NONE', ( #932, #1137, #1553, #1259 ) ) ;
#1196 = PERSON_AND_ORGANIZATION ( #773, #1309 ) ;
#1197 = DATE_AND_TIME ( #1202, #1211 ) ;
#1198 = DIRECTION ( 'NONE',  ( 1.000000000000000000, 0.0000000000000000000, 0.0000000000000000000 ) ) ;
#1199 = VERTEX_POINT ( 'NONE', #587 ) ;
#1200 = DIRECTION ( 'NONE',  ( 1.000000000000000000, 0.0000000000000000000, 0.0000000000000000000 ) ) ;
#1201 = DIRECTION ( 'NONE',  ( 0.0000000000000000000, 0.0000000000000000000, 1.000000000000000000 ) ) ;
#1202 = CALENDAR_DATE ( 2019, 8, 3 ) ;
#1203 = DIRECTION ( 'NONE',  ( -1.000000000000000000, -0.0000000000000000000, -1.224606353822375800E-016 ) ) ;
#1204 = ORIENTED_EDGE ( 'NONE', *, *, #930, .T. ) ;
#1205 = DIRECTION ( 'NONE',  ( 0.0000000000000000000, 0.0000000000000000000, -1.000000000000000000 ) ) ;
#1206 = DIRECTION ( 'NONE',  ( -1.000000000000000000, 0.0000000000000000000, -6.409875621278550000E-016 ) ) ;
#1207 = DIRECTION ( 'NONE',  ( 0.0000000000000000000, 1.000000000000000000, 0.0000000000000000000 ) ) ;
#1208 = DIRECTION ( 'NONE',  ( 6.409875621278550000E-016, 0.0000000000000000000, -1.000000000000000000 ) ) ;
#1209 = ORIENTED_EDGE ( 'NONE', *, *, #801, .F. ) ;
#1210 = AXIS2_PLACEMENT_3D ( 'NONE', #464, #458, #468 ) ;
#1211 = LOCAL_TIME ( 9, 11, 46.00000000000000000, #1219 ) ;
#1212 = DIRECTION ( 'NONE',  ( 0.0000000000000000000, -0.8621420352174509200, -0.5066666666666670400 ) ) ;
#1213 = CARTESIAN_POINT ( 'NONE',  ( 35.96410161513775000, 45.75000000000000000, 2.121080424092025200E-016 ) ) ;
#1214 = ORIENTED_EDGE ( 'NONE', *, *, #40, .F. ) ;
#1215 = DIRECTION ( 'NONE',  ( 1.000000000000000000, 0.0000000000000000000, 0.0000000000000000000 ) ) ;
#1216 = VECTOR ( 'NONE', #580, 1000.000000000000200 ) ;
#1217 = CARTESIAN_POINT ( 'NONE',  ( 35.03898548433056000, 45.38339873182810200, 5.780540376399285300 ) ) ;
#1218 = VERTEX_POINT ( 'NONE', #849 ) ;
#1219 = COORDINATED_UNIVERSAL_TIME_OFFSET ( 3, 0, .BEHIND. ) ;
#1220 = CARTESIAN_POINT ( 'NONE',  ( 0.0000000000000000000, 0.0000000000000000000, 0.0000000000000000000 ) ) ;
#1221 = CARTESIAN_POINT ( 'NONE',  ( 0.0000000000000000000, 0.0000000000000000000, 0.0000000000000000000 ) ) ;
#1222 = PERSON_AND_ORGANIZATION ( #773, #1309 ) ;
#1223 = CARTESIAN_POINT ( 'NONE',  ( -23.00000000000000000, -112.5000000000000000, -25.00000000000000000 ) ) ;
#1224 = DIRECTION ( 'NONE',  ( 1.000000000000000000, 0.0000000000000000000, 0.0000000000000000000 ) ) ;
#1225 = PERSON_AND_ORGANIZATION ( #773, #1309 ) ;
#1226 = PLANE ( 'NONE',  #2959 ) ;
#1227 = CARTESIAN_POINT ( 'NONE',  ( -12.10787505917461700, -76.00396899213883700, 25.00000000000000000 ) ) ;
#1228 = ORIENTED_EDGE ( 'NONE', *, *, #2902, .F. ) ;
#1229 = PERSON_AND_ORGANIZATION ( #773, #1309 ) ;
#1230 = APPROVAL_DATE_TIME ( #1231, #2349 ) ;
#1231 = DATE_AND_TIME ( #1237, #1239 ) ;
#1232 = CARTESIAN_POINT ( 'NONE',  ( 30.76794919243110000, 45.75000000000000000, 3.000000000000000000 ) ) ;
#1233 = ORIENTED_EDGE ( 'NONE', *, *, #719, .T. ) ;
#1234 = VECTOR ( 'NONE', #1779, 1000.000000000000000 ) ;
#1235 = CARTESIAN_POINT ( 'NONE',  ( -12.32362519336101900, -76.01733144023009500, 25.00000000000000000 ) ) ;
#1236 = CARTESIAN_POINT ( 'NONE',  ( 4.370913783538889600, 55.77382987777489400, 56.00607583220129700 ) ) ;
#1237 = CALENDAR_DATE ( 2019, 8, 3 ) ;
#1238 = CARTESIAN_POINT ( 'NONE',  ( 4.370023402554808800, 56.00798812954561600, 55.77296251790473700 ) ) ;
#1239 = LOCAL_TIME ( 9, 11, 46.00000000000000000, #1244 ) ;
#1240 = CARTESIAN_POINT ( 'NONE',  ( 4.401392458796836500, 56.23691901716692600, 55.53945313720537800 ) ) ;
#1241 = EDGE_LOOP ( 'NONE', ( #3034 ) ) ;
#1242 = CARTESIAN_POINT ( 'NONE',  ( 4.528316314882211200, 56.68454765740814600, 55.07180391216783000 ) ) ;
#1243 = DIRECTION ( 'NONE',  ( 0.0000000000000000000, 0.0000000000000000000, 1.000000000000000000 ) ) ;
#1244 = COORDINATED_UNIVERSAL_TIME_OFFSET ( 3, 0, .BEHIND. ) ;
#1245 = B_SPLINE_CURVE_WITH_KNOTS ( 'NONE', 3,
 ( #1235, #1176, #1227, #1252 ),
 .UNSPECIFIED., .F., .F.,
 ( 4, 4 ),
 ( 0.1498582666669998600, 0.1501825119577784600 ),
 .UNSPECIFIED. ) ;
#1246 = CARTESIAN_POINT ( 'NONE',  ( 4.622974611460599600, 56.89906339453495600, 54.84199037923134800 ) ) ;
#1247 = ORIENTED_EDGE ( 'NONE', *, *, #2877, .T. ) ;
#1248 = CARTESIAN_POINT ( 'NONE',  ( 25.97877140242102100, -24.08129375612367400, -38.90156252804180100 ) ) ;
#1249 = ORIENTED_EDGE ( 'NONE', *, *, #1980, .T. ) ;
#1250 = APPROVAL_PERSON_ORGANIZATION ( #1254, #2349, #74 ) ;
#1251 = CARTESIAN_POINT ( 'NONE',  ( 4.869960843145817900, 57.30511792857974000, 54.39645488436285300 ) ) ;
#1252 = CARTESIAN_POINT ( 'NONE',  ( -12.00000000000000000, -75.99728763956311200, 25.00000000000000000 ) ) ;
#1253 = CARTESIAN_POINT ( 'NONE',  ( 35.23496081897414500, 45.39342762742358400, 5.701493958222229700 ) ) ;
#1254 = PERSON_AND_ORGANIZATION ( #773, #1309 ) ;
#1255 = AXIS2_PLACEMENT_3D ( 'NONE', #447, #451, #449 ) ;
#1256 = CARTESIAN_POINT ( 'NONE',  ( 5.024293609780913000, 57.49924196580177900, 54.17783159432149600 ) ) ;
#1257 = CARTESIAN_POINT ( 'NONE',  ( 5.386661422169464000, 57.85786234121621200, 53.76336933357669800 ) ) ;
#1258 = DIRECTION ( 'NONE',  ( 1.000000000000000000, -0.0000000000000000000, -0.0000000000000000000 ) ) ;
#1259 = ORIENTED_EDGE ( 'NONE', *, *, #2406, .T. ) ;
#1260 = DATE_AND_TIME ( #1265, #1268 ) ;
#1261 = CARTESIAN_POINT ( 'NONE',  ( 30.76794919243110000, 43.68750000000000000, 3.000000000000000000 ) ) ;
#1262 = ADVANCED_FACE ( 'E1320', ( #7, #15 ), #654, .T. ) ;
#1263 = AXIS2_PLACEMENT_3D ( 'NONE', #1681, #1716, #1838 ) ;
#1264 = CIRCLE ( 'NONE', #1401, 5.000000000000000900 ) ;
#1265 = CALENDAR_DATE ( 2019, 8, 3 ) ;
#1266 = CARTESIAN_POINT ( 'NONE',  ( 5.303300858899109300, 0.0000000000000000000, 0.0000000000000000000 ) ) ;
#1267 = CARTESIAN_POINT ( 'NONE',  ( 5.592083555070852100, 58.02061640915080400, 53.56967481796160500 ) ) ;
#1268 = LOCAL_TIME ( 9, 11, 46.00000000000000000, #1272 ) ;
#1269 = DIRECTION ( 'NONE',  ( 1.000000000000000000, 0.0000000000000000000, 6.409875621278550000E-016 ) ) ;
#1270 = CARTESIAN_POINT ( 'NONE',  ( 6.050562483616006100, 58.31447407603379000, 53.20962858590290500 ) ) ;
#1271 = AXIS2_PLACEMENT_3D ( 'NONE', #2315, #2253, #2338 ) ;
#1272 = COORDINATED_UNIVERSAL_TIME_OFFSET ( 3, 0, .BEHIND. ) ;
#1273 = CARTESIAN_POINT ( 'NONE',  ( -12.32362519336101900, -76.01733144023009500, 25.00000000000000000 ) ) ;
#1274 = PERSON_AND_ORGANIZATION ( #773, #1309 ) ;
#1275 = APPROVAL_DATE_TIME ( #1280, #2417 ) ;
#1276 = CARTESIAN_POINT ( 'NONE',  ( 6.306460922118684900, 58.44636307499324300, 53.04213352138813800 ) ) ;
#1277 = CARTESIAN_POINT ( 'NONE',  ( 6.846837907364522000, 58.66795386197267000, 52.74939709470061900 ) ) ;
#1278 = CARTESIAN_POINT ( 'NONE',  ( 25.90678621682755200, -23.72075964270123900, -39.12017461583209900 ) ) ;
#1279 = FACE_OUTER_BOUND ( 'NONE', #3012, .T. ) ;
#1280 = DATE_AND_TIME ( #1282, #1286 ) ;
#1281 = CARTESIAN_POINT ( 'NONE',  ( 7.132729685820145900, 58.75911075953541000, 52.62246298531665900 ) ) ;
#1282 = CALENDAR_DATE ( 2019, 8, 3 ) ;
#1283 = CARTESIAN_POINT ( 'NONE',  ( 26.09504017071384400, -24.42546081561842500, -38.68607846312733000 ) ) ;
#1284 = CARTESIAN_POINT ( 'NONE',  ( 26.41057343018244900, -25.08400351663565400, -38.26236493589967600 ) ) ;
#1285 = CARTESIAN_POINT ( 'NONE',  ( 7.585517074622673700, 58.86650713236822000, 52.46214865403666000 ) ) ;
#1286 = LOCAL_TIME ( 9, 11, 46.00000000000000000, #1290 ) ;
#1287 = CARTESIAN_POINT ( 'NONE',  ( 26.61283064118880800, -25.40117526223073000, -38.05215220669777700 ) ) ;
#1288 = EDGE_LOOP ( 'NONE', ( #3006 ) ) ;
#1289 = CARTESIAN_POINT ( 'NONE',  ( 7.741107452371568200, 58.89743282650573500, 52.41364195490347600 ) ) ;
#1290 = COORDINATED_UNIVERSAL_TIME_OFFSET ( 3, 0, .BEHIND. ) ;
#1291 = CARTESIAN_POINT ( 'NONE',  ( 27.08413439552554200, -25.98271556014005800, -37.65746253247969800 ) ) ;
#1292 = CARTESIAN_POINT ( 'NONE',  ( 27.35340217591423700, -26.24957625899463000, -37.47148344864849900 ) ) ;
#1293 = CARTESIAN_POINT ( 'NONE',  ( 8.053890994130517500, 58.94808319105879200, 52.32895474803035500 ) ) ;
#1294 = APPROVAL_PERSON_ORGANIZATION ( #1300, #2417, #81 ) ;
#1295 = CARTESIAN_POINT ( 'NONE',  ( 8.211751291713824200, 58.96801095341633200, 52.29248832188604000 ) ) ;
#1296 = EDGE_LOOP ( 'NONE', ( #2800 ) ) ;
#1297 = AXIS2_PLACEMENT_3D ( 'NONE', #1732, #1713, #1709 ) ;
#1298 = CARTESIAN_POINT ( 'NONE',  ( 27.80667237336377400, -26.61608547349799300, -37.21114013937533100 ) ) ;
#1299 = CARTESIAN_POINT ( 'NONE',  ( 8.689658079946463300, 59.01199743751459400, 52.20044722467132900 ) ) ;
#1300 = PERSON_AND_ORGANIZATION ( #773, #1309 ) ;
#1301 = CARTESIAN_POINT ( 'NONE',  ( 27.96586965814883600, -26.73228205072185700, -37.12769197568634600 ) ) ;
#1302 = CARTESIAN_POINT ( 'NONE',  ( 9.014901550283871900, 59.02038607720294300, 52.16203042789361900 ) ) ;
#1303 = ORIENTED_EDGE ( 'NONE', *, *, #2387, .T. ) ;
#1304 = CARTESIAN_POINT ( 'NONE',  ( 9.673627285911107900, 58.99370190962959300, 52.13369983637829100 ) ) ;
#1305 = PERSON_AND_ORGANIZATION ( #773, #1309 ) ;
#1306 = CARTESIAN_POINT ( 'NONE',  ( 28.29412175314092100, -26.94906579964008800, -36.97064061667662600 ) ) ;
#1307 = CARTESIAN_POINT ( 'NONE',  ( 28.46393686876010100, -27.05029290349636300, -36.89658382038495400 ) ) ;
#1308 = AXIS2_PLACEMENT_3D ( 'NONE', #1741, #1730, #2385 ) ;
#1309 = ORGANIZATION ( 'UNSPECIFIED', 'UNSPECIFIED', '' ) ;
#1310 = CARTESIAN_POINT ( 'NONE',  ( 9.997933612751269900, 58.95911993735580100, 52.14404621140939600 ) ) ;
#1311 = CARTESIAN_POINT ( 'NONE',  ( 28.81463537525614500, -27.23903059398035600, -36.75746803140607700 ) ) ;
#1312 = CARTESIAN_POINT ( 'NONE',  ( 28.99551957633533000, -27.32653980130594800, -36.69240918626947900 ) ) ;
#1313 = EDGE_LOOP ( 'NONE', ( #2985 ) ) ;
#1314 = AXIS2_PLACEMENT_3D ( 'NONE', #1706, #1670, #1714 ) ;
#1315 = CARTESIAN_POINT ( 'NONE',  ( 29.36837185136245100, -27.48803040829986700, -36.57158533174864300 ) ) ;
#1316 = EDGE_LOOP ( 'NONE', ( #3 ) ) ;
#1317 = CARTESIAN_POINT ( 'NONE',  ( 10.63679080468756100, 58.84886969717174300, 52.21182295437470300 ) ) ;
#1318 = ORIENTED_EDGE ( 'NONE', *, *, #216, .F. ) ;
#1319 = CARTESIAN_POINT ( 'NONE',  ( 29.56132746265024400, -27.56231185228967500, -36.51559125253221100 ) ) ;
#1320 = CARTESIAN_POINT ( 'NONE',  ( 10.95472958966437100, 58.77197830323807200, 52.27032764689175800 ) ) ;
#1321 = CARTESIAN_POINT ( 'NONE',  ( 11.55991057282076900, 58.58028175178191100, 52.43170299055240200 ) ) ;
#1322 = CARTESIAN_POINT ( 'NONE',  ( 30.14773526818921200, -27.76149994368005400, -36.36467210819527200 ) ) ;
#1323 = B_SPLINE_CURVE_WITH_KNOTS ( 'NONE', 3,
 ( #901, #908, #907, #903, #888, #900, #913, #918, #923, #928, #934, #935, #940, #945, #946, #947, #948, #949, #952, #953, #956, #957, #963, #967, #970, #978, #979, #980, #981, #984, #991, #1000, #1001, #1002, #1008, #1009, #1012, #1015, #1016, #1019, #1025, #1026, #1030, #1033, #1036, #1041, #1044, #1047, #1048, #1049, #1052, #1053, #1054, #1055, #1057, #1058, #1059, #1070, #1071, #1075, #1077, #1078, #1081, #1084, #1144, #1087 ),
 .UNSPECIFIED., .T., .F.,
 ( 4, 2, 2, 2, 2, 2, 2, 2, 2, 2, 2, 2, 2, 2, 2, 2, 2, 2, 2, 2, 2, 2, 2, 2, 2, 2, 2, 2, 2, 2, 2, 2, 4 ),
 ( 0.0000000000000000000, 0.0008722124055474860300, 0.001744424811094972100, 0.002616637216642458100, 0.003488849622189944100, 0.004361062027737430200, 0.005233274433284916200, 0.006105486838832402200, 0.006977699244379888300, 0.007849911649927373400, 0.008722124055474860300, 0.009594336461022345500, 0.01046654886656983200, 0.01133876127211731900, 0.01221097367766480400, 0.01308318608321229000, 0.01395539848875977700, 0.01482761089430726200, 0.01569982329985474700, 0.01657203570540223200, 0.01744424811094972100, 0.01831646051649720600, 0.01918867292204469100, 0.02006088532759217600, 0.02093309773313966500, 0.02180531013868715000, 0.02267752254423463900, 0.02354973494978212400, 0.02442194735532960900, 0.02529415976087709400, 0.02616637216642457900, 0.02703858457197206400, 0.02791079697751954600 ),
 .UNSPECIFIED. ) ;
#1324 = FACE_OUTER_BOUND ( 'NONE', #1366, .T. ) ;
#1325 = EDGE_LOOP ( 'NONE', ( #2941 ) ) ;
#1326 = FACE_BOUND ( 'NONE', #2853, .T. ) ;
#1327 = CARTESIAN_POINT ( 'NONE',  ( 30.54929834235626600, -27.86368461325256300, -36.28616979092930000 ) ) ;
#1328 = CARTESIAN_POINT ( 'NONE',  ( 11.84733801242370700, 58.46609267416698700, 52.53386921701881100 ) ) ;
#1329 = FACE_OUTER_BOUND ( 'NONE', #2231, .T. ) ;
#1330 = ORIENTED_EDGE ( 'NONE', *, *, #2814, .F. ) ;
#1331 = AXIS2_PLACEMENT_3D ( 'NONE', #1266, #1258, #835 ) ;
#1332 = CARTESIAN_POINT ( 'NONE',  ( 31.37294789774505000, -28.01003384906494300, -36.17331947854926700 ) ) ;
#1333 = CARTESIAN_POINT ( 'NONE',  ( 31.79919865483954300, -28.05403540129492900, -36.13909070301895800 ) ) ;
#1334 = CARTESIAN_POINT ( 'NONE',  ( 12.39197034088602900, 58.20049758958169400, 52.78027372346861800 ) ) ;
#1335 = AXIS2_PLACEMENT_3D ( 'NONE', #1133, #1172, #1243 ) ;
#1336 = CARTESIAN_POINT ( 'NONE',  ( 32.64442395041855600, -28.08042316066818200, -36.11859097827527900 ) ) ;
#1337 = CARTESIAN_POINT ( 'NONE',  ( 33.06497962668095200, -28.06372166504554500, -36.13161379155953100 ) ) ;
#1338 = ORIENTED_EDGE ( 'NONE', *, *, #872, .F. ) ;
#1339 = CARTESIAN_POINT ( 'NONE',  ( 33.90197677372112400, -27.97033098020142100, -36.20395798436333500 ) ) ;
#1340 = VERTEX_POINT ( 'NONE', #44 ) ;
#1341 = AXIS2_PLACEMENT_3D ( 'NONE', #1149, #1203, #1156 ) ;
#1342 = CARTESIAN_POINT ( 'NONE',  ( 34.32072636806069000, -27.89245524815828100, -36.26418734848186200 ) ) ;
#1343 = CARTESIAN_POINT ( 'NONE',  ( 35.12101209951564600, -27.68021329184566800, -36.42644830249354000 ) ) ;
#1344 = CARTESIAN_POINT ( 'NONE',  ( 12.64963008893065300, 58.04803445450918500, 52.92560118725537400 ) ) ;
#1345 = CARTESIAN_POINT ( 'NONE',  ( 35.50656913358753300, -27.54577698874570400, -36.52854724540199500 ) ) ;
#1346 = ORIENTED_EDGE ( 'NONE', *, *, #466, .T. ) ;
#1347 = CIRCLE ( 'NONE', #1399, 56.35660171779819900 ) ;
#1348 = CARTESIAN_POINT ( 'NONE',  ( 36.06232954205416500, -27.29923042723725100, -36.71273677518365700 ) ) ;
#1349 = CARTESIAN_POINT ( 'NONE',  ( 36.24475326519009900, -27.20894206118756700, -36.77975471478686100 ) ) ;
#1350 = CIRCLE ( 'NONE', #1446, 45.75000000000000000 ) ;
#1351 = ORIENTED_EDGE ( 'NONE', *, *, #2559, .F. ) ;
#1352 = CARTESIAN_POINT ( 'NONE',  ( 36.59539876333759900, -27.01572714175677300, -36.92190910517896900 ) ) ;
#1353 = CARTESIAN_POINT ( 'NONE',  ( 36.76386710400491600, -26.91281746561016400, -36.99703948659139000 ) ) ;
#1354 = ORIENTED_EDGE ( 'NONE', *, *, #884, .T. ) ;
#1355 = CARTESIAN_POINT ( 'NONE',  ( 37.24893534372913000, -26.58505664571080700, -37.23398933747182600 ) ) ;
#1356 = CARTESIAN_POINT ( 'NONE',  ( 37.54541667261617000, -26.34138820240590900, -37.40725789304671200 ) ) ;
#1357 = ORIENTED_EDGE ( 'NONE', *, *, #2318, .T. ) ;
#1358 = VERTEX_POINT ( 'NONE', #150 ) ;
#1359 = AXIS2_PLACEMENT_3D ( 'NONE', #2938, #51, #23 ) ;
#1360 = ADVANCED_FACE ( 'E1308', ( #4, #1 ), #2658, .F. ) ;
#1361 = VERTEX_POINT ( 'NONE', #515 ) ;
#1362 = VERTEX_POINT ( 'NONE', #151 ) ;
#1363 = CARTESIAN_POINT ( 'NONE',  ( 37.94700997476300600, -25.93410255854200500, -37.68968185537937600 ) ) ;
#1364 = CARTESIAN_POINT ( 'NONE',  ( 38.07340382808733600, -25.79131892672624800, -37.78758660277614500 ) ) ;
#1365 = VERTEX_POINT ( 'NONE', #154 ) ;
#1366 = EDGE_LOOP ( 'NONE', ( #152 ) ) ;
#1367 = CARTESIAN_POINT ( 'NONE',  ( 13.11185567281914800, 57.71747968081429300, 53.24579192971239600 ) ) ;
#1368 = CARTESIAN_POINT ( 'NONE',  ( 13.31962162208771800, 57.53808792190109500, 53.42183452775564200 ) ) ;
#1369 = VERTEX_POINT ( 'NONE', #158 ) ;
#1370 = VERTEX_POINT ( 'NONE', #159 ) ;
#1371 = CARTESIAN_POINT ( 'NONE',  ( 38.30522674661117600, -25.49814213016338400, -37.98603139513790000 ) ) ;
#1372 = ORIENTED_EDGE ( 'NONE', *, *, #2559, .T. ) ;
#1373 = CARTESIAN_POINT ( 'NONE',  ( 13.68704651130713800, 57.14938763398369300, 53.80592360849885100 ) ) ;
#1374 = VERTEX_POINT ( 'NONE', #162 ) ;
#1375 = VERTEX_POINT ( 'NONE', #168 ) ;
#1376 = CARTESIAN_POINT ( 'NONE',  ( 38.41151016243482300, -25.34693373264294200, -38.08714144112933300 ) ) ;
#1377 = CARTESIAN_POINT ( 'NONE',  ( 38.60480059036859000, -25.03507605550105800, -38.29284998141118700 ) ) ;
#1378 = DIRECTION ( 'NONE',  ( 0.0000000000000000000, 0.0000000000000000000, -1.000000000000000000 ) ) ;
#1379 = VERTEX_POINT ( 'NONE', #173 ) ;
#1380 = ADVANCED_FACE ( 'E1401', ( #2673, #2665, #16, #2668 ), #2645, .F. ) ;
#1381 = AXIS2_PLACEMENT_3D ( 'NONE', #210, #175, #251 ) ;
#1382 = CARTESIAN_POINT ( 'NONE',  ( 38.69180909438675500, -24.87442777923706000, -38.39744862061943600 ) ) ;
#1383 = CARTESIAN_POINT ( 'NONE',  ( 38.84593468115330200, -24.54322224484717200, -38.60999170885213500 ) ) ;
#1384 = VERTEX_POINT ( 'NONE', #195 ) ;
#1385 = VERTEX_POINT ( 'NONE', #198 ) ;
#1386 = DIRECTION ( 'NONE',  ( -3.102336096350024700E-017, -0.8621420352174509200, 0.5066666666666670400 ) ) ;
#1387 = CARTESIAN_POINT ( 'NONE',  ( 13.84274243343220500, 56.94373164985238100, 54.01036173433691100 ) ) ;
#1388 = EDGE_LOOP ( 'NONE', ( #1639 ) ) ;
#1389 = VERTEX_POINT ( 'NONE', #203 ) ;
#1390 = CARTESIAN_POINT ( 'NONE',  ( 38.91335110555238700, -24.37169235581578900, -38.71854073329943400 ) ) ;
#1391 = CARTESIAN_POINT ( 'NONE',  ( 14.09372767880271800, 56.51779140510879500, 54.43463387416518600 ) ) ;
#1392 = AXIS2_PLACEMENT_3D ( 'NONE', #1998, #1859, #1934 ) ;
#1393 = ADVANCED_FACE ( 'E1338', ( #2356, #2638, #2654, #36 ), #2625, .F. ) ;
#1394 = CARTESIAN_POINT ( 'NONE',  ( 39.08164987903374800, -23.84814074472446100, -39.04481812264724300 ) ) ;
#1395 = CARTESIAN_POINT ( 'NONE',  ( 39.14802100976667300, -23.49186389492003700, -39.26031697788606300 ) ) ;
#1396 = ORIENTED_EDGE ( 'NONE', *, *, #921, .T. ) ;
#1397 = FACE_OUTER_BOUND ( 'NONE', #826, .T. ) ;
#1398 = CARTESIAN_POINT ( 'NONE',  ( 14.19070420556087200, 56.29429349332123400, 54.65766878589051500 ) ) ;
#1399 = AXIS2_PLACEMENT_3D ( 'NONE', #30, #62, #67 ) ;
#1400 = EDGE_LOOP ( 'NONE', ( #1536 ) ) ;
#1401 = AXIS2_PLACEMENT_3D ( 'NONE', #45, #185, #47 ) ;
#1402 = VERTEX_POINT ( 'NONE', #206 ) ;
#1403 = CIRCLE ( 'NONE', #1484, 45.75000000000000000 ) ;
#1404 = CARTESIAN_POINT ( 'NONE',  ( 39.19044579979272700, -22.76452576960083000, -39.68647786018198100 ) ) ;
#1405 = VERTEX_POINT ( 'NONE', #209 ) ;
#1406 = CARTESIAN_POINT ( 'NONE',  ( 39.16497739934099800, -22.38954203157342300, -39.89918053302103100 ) ) ;
#1407 = CARTESIAN_POINT ( 'NONE',  ( 39.02360737739158500, -21.65894032595394600, -40.30045289506016800 ) ) ;
#1408 = VERTEX_POINT ( 'NONE', #212 ) ;
#1409 = CARTESIAN_POINT ( 'NONE',  ( 14.32041646759156200, 55.83806124795974300, 55.11280819366014300 ) ) ;
#1410 = CARTESIAN_POINT ( 'NONE',  ( 14.35289267898299300, 55.60843260595971300, 55.34180890326715000 ) ) ;
#1411 = VERTEX_POINT ( 'NONE', #218 ) ;
#1412 = CARTESIAN_POINT ( 'NONE',  ( 38.90880536686483300, -21.30000572266160600, -40.49109967718634100 ) ) ;
#1413 = CARTESIAN_POINT ( 'NONE',  ( 14.35442942968705900, 55.14604650463643800, 55.80244580643802300 ) ) ;
#1414 = VERTEX_POINT ( 'NONE', #226 ) ;
#1415 = LINE ( 'NONE', #2734, #1532 ) ;
#1416 = CARTESIAN_POINT ( 'NONE',  ( 38.59062857056093100, -20.59572384263868700, -40.85383159816249300 ) ) ;
#1417 = AXIS2_PLACEMENT_3D ( 'NONE', #2848, #2914, #2918 ) ;
#1418 = CYLINDRICAL_SURFACE ( 'NONE', #1828, 45.75000000000000000 ) ;
#1419 = ADVANCED_FACE ( 'E842', ( #2635, #2631 ), #2613, .F. ) ;
#1420 = CARTESIAN_POINT ( 'NONE',  ( 14.32243448460125100, 54.91105865122209900, 56.03629744826447700 ) ) ;
#1421 = CARTESIAN_POINT ( 'NONE',  ( 38.39118623839329600, -20.25987563300095900, -41.02101023009975500 ) ) ;
#1422 = CARTESIAN_POINT ( 'NONE',  ( 37.92159588959567900, -19.62773054212538400, -41.32720695532587000 ) ) ;
#1423 = VERTEX_POINT ( 'NONE', #229 ) ;
#1424 = CARTESIAN_POINT ( 'NONE',  ( 14.19584996732077700, 54.45658517301174600, 56.48840564469976800 ) ) ;
#1425 = VERTEX_POINT ( 'NONE', #231 ) ;
#1426 = CARTESIAN_POINT ( 'NONE',  ( 37.64732461927609800, -19.32738915430432400, -41.46810335629265900 ) ) ;
#1427 = CARTESIAN_POINT ( 'NONE',  ( 14.10187282929151400, 54.23541554608177500, 56.70834314359544200 ) ) ;
#1428 = VERTEX_POINT ( 'NONE', #238 ) ;
#1429 = CARTESIAN_POINT ( 'NONE',  ( 37.04612022633714500, -18.78474814453959900, -41.71672092382508600 ) ) ;
#1430 = CARTESIAN_POINT ( 'NONE',  ( 36.71910575605908600, -18.54083661150010400, -41.82530025239001500 ) ) ;
#1431 = CARTESIAN_POINT ( 'NONE',  ( 13.91440983833383200, 53.91320551613264900, 57.02933327414089600 ) ) ;
#1432 = ORIENTED_EDGE ( 'NONE', *, *, #366, .F. ) ;
#1433 = VERTEX_POINT ( 'NONE', #241 ) ;
#1434 = CARTESIAN_POINT ( 'NONE',  ( 36.18998001061295600, -18.21598501850505200, -41.96730102913252100 ) ) ;
#1435 = CARTESIAN_POINT ( 'NONE',  ( 13.84370416628743400, 53.80694966877033600, 57.13529271472710700 ) ) ;
#1436 = VERTEX_POINT ( 'NONE', #242 ) ;
#1437 = CARTESIAN_POINT ( 'NONE',  ( 36.00635782421905200, -18.11428099331709500, -42.01125487092657800 ) ) ;
#1438 = CARTESIAN_POINT ( 'NONE',  ( 13.68935233375184200, 53.60209467228013100, 57.33995534051689400 ) ) ;
#1439 = ORIENTED_EDGE ( 'NONE', *, *, #1100, .F. ) ;
#1440 = VERTEX_POINT ( 'NONE', #245 ) ;
#1441 = CARTESIAN_POINT ( 'NONE',  ( 35.63296960379173600, -17.92851525564785900, -42.09086661572557400 ) ) ;
#1442 = CARTESIAN_POINT ( 'NONE',  ( 35.44257893688710200, -17.84398838723238300, -42.12673075878837600 ) ) ;
#1443 = CARTESIAN_POINT ( 'NONE',  ( 13.60553222857225600, 53.50305951812583100, 57.43909172145049500 ) ) ;
#1444 = CARTESIAN_POINT ( 'NONE',  ( 13.33457632932216300, 53.21604688565950900, 57.72726418194473300 ) ) ;
#1445 = CIRCLE ( 'NONE', #1519, 82.00000000000000000 ) ;
#1446 = AXIS2_PLACEMENT_3D ( 'NONE', #6, #33, #37 ) ;
#1447 = CARTESIAN_POINT ( 'NONE',  ( 34.86064390577374200, -17.61491690105235400, -42.22327162261991200 ) ) ;
#1448 = VERTEX_POINT ( 'NONE', #248 ) ;
#1449 = CARTESIAN_POINT ( 'NONE',  ( 13.12785196320574200, 53.03785627473134700, 57.90735335289594600 ) ) ;
#1450 = VERTEX_POINT ( 'NONE', #249 ) ;
#1451 = CARTESIAN_POINT ( 'NONE',  ( 12.66170851015013100, 52.71100888464315700, 58.24202281423090700 ) ) ;
#1452 = CARTESIAN_POINT ( 'NONE',  ( 34.45843286908343800, -17.49467011351956800, -42.27301499283984000 ) ) ;
#1453 = CARTESIAN_POINT ( 'NONE',  ( 33.62483120534408700, -17.32137356490841300, -42.34431835312300100 ) ) ;
#1454 = EDGE_LOOP ( 'NONE', ( #3046 ) ) ;
#1455 = VERTEX_POINT ( 'NONE', #255 ) ;
#1456 = CARTESIAN_POINT ( 'NONE',  ( 12.40954491979118400, 52.56736731573488400, 58.39147930167060700 ) ) ;
#1457 = CARTESIAN_POINT ( 'NONE',  ( 11.86854374166269800, 52.31892677267173800, 58.65684449977715100 ) ) ;
#1458 = VERTEX_POINT ( 'NONE', #258 ) ;
#1459 = CARTESIAN_POINT ( 'NONE',  ( 33.20582785015533000, -17.27090478321516900, -42.36482784506463900 ) ) ;
#1460 = CIRCLE ( 'NONE', #1493, 45.75000000000000000 ) ;
#1461 = CARTESIAN_POINT ( 'NONE',  ( -14.20000000000000100, 78.09609465267780600, 25.00000000000000000 ) ) ;
#1462 = CARTESIAN_POINT ( 'NONE',  ( 11.57621863973396300, 52.21332322245798000, 58.77372875555512600 ) ) ;
#1463 = CARTESIAN_POINT ( 'NONE',  ( 10.97163338205261100, 52.04948421300733900, 58.96632617516142000 ) ) ;
#1464 = VERTEX_POINT ( 'NONE', #264 ) ;
#1465 = CARTESIAN_POINT ( 'NONE',  ( 32.57423152532883400, -17.24723199087008000, -42.37446827095674000 ) ) ;
#1466 = CARTESIAN_POINT ( 'NONE',  ( 10.66037029987194300, 51.99080404087432300, 59.04237588893605000 ) ) ;
#1467 = VERTEX_POINT ( 'NONE', #265 ) ;
#1468 = CARTESIAN_POINT ( 'NONE',  ( 32.36317707671023000, -17.24806863250653800, -42.37412817160311100 ) ) ;
#1469 = CARTESIAN_POINT ( 'NONE',  ( 10.02003472324644100, 51.92011820840490800, 59.15468051340129600 ) ) ;
#1470 = VERTEX_POINT ( 'NONE', #268 ) ;
#1471 = CARTESIAN_POINT ( 'NONE',  ( 31.94000634122561900, -17.26748237533813700, -42.36622076929319300 ) ) ;
#1472 = CARTESIAN_POINT ( 'NONE',  ( 31.72680587577676200, -17.28622990071869500, -42.35858400547708400 ) ) ;
#1473 = VERTEX_POINT ( 'NONE', #274 ) ;
#1474 = CARTESIAN_POINT ( 'NONE',  ( 9.689267149297533500, 51.90871805392139000, 59.19053662126803800 ) ) ;
#1475 = CARTESIAN_POINT ( 'NONE',  ( 31.09528921761862100, -17.36875166013995700, -42.32484492926848700 ) ) ;
#1476 = CARTESIAN_POINT ( 'NONE',  ( 9.038053917522882200, 51.93471504538806000, 59.21869786213263600 ) ) ;
#1477 = VERTEX_POINT ( 'NONE', #191 ) ;
#1478 = CARTESIAN_POINT ( 'NONE',  ( 30.68494034837045700, -17.45810393216241600, -42.28823499249956100 ) ) ;
#1479 = EDGE_LOOP ( 'NONE', ( #1046, #1600, #1354, #2083 ) ) ;
#1480 = VERTEX_POINT ( 'NONE', #276 ) ;
#1481 = CARTESIAN_POINT ( 'NONE',  ( 8.714175634873388500, 51.97146993508913200, 59.21183545228281300 ) ) ;
#1482 = CARTESIAN_POINT ( 'NONE',  ( 30.08515162500539800, -17.64240342522716900, -42.21152128629450600 ) ) ;
#1483 = CARTESIAN_POINT ( 'NONE',  ( 29.88786167466482600, -17.71226753125264600, -42.18228707892789200 ) ) ;
#1484 = AXIS2_PLACEMENT_3D ( 'NONE', #2901, #2907, #2913 ) ;
#1485 = VERTEX_POINT ( 'NONE', #279 ) ;
#1486 = CARTESIAN_POINT ( 'NONE',  ( 8.069953819628333100, 52.09360129235728500, 59.15492851454106900 ) ) ;
#1487 = VERTEX_POINT ( 'NONE', #280 ) ;
#1488 = CARTESIAN_POINT ( 'NONE',  ( 7.755451948355339000, 52.17823547521225400, 59.10507108669088400 ) ) ;
#1489 = CARTESIAN_POINT ( 'NONE',  ( 29.49873613308256300, -17.86931276745795900, -42.11599963821963400 ) ) ;
#1490 = VERTEX_POINT ( 'NONE', #283 ) ;
#1491 = CARTESIAN_POINT ( 'NONE',  ( 7.155061539488976900, 52.38899356409179800, 58.96560194369741500 ) ) ;
#1492 = DIRECTION ( 'NONE',  ( 1.000000000000000000, 0.0000000000000000000, 6.123031769111888800E-017 ) ) ;
#1493 = AXIS2_PLACEMENT_3D ( 'NONE', #29, #13, #5 ) ;
#1494 = VERTEX_POINT ( 'NONE', #291 ) ;
#1495 = CARTESIAN_POINT ( 'NONE',  ( 29.30654241442568200, -17.95679181646515200, -42.07881505754134800 ) ) ;
#1496 = CARTESIAN_POINT ( 'NONE',  ( 28.75048921120406600, -18.23991835098949100, -41.95724102578470400 ) ) ;
#1497 = CARTESIAN_POINT ( 'NONE',  ( 6.864741192013535300, 52.51672385963589600, 58.87491234006474600 ) ) ;
#1498 = CARTESIAN_POINT ( 'NONE',  ( 6.319316211050263200, 52.81088493322784700, 58.65438104536691100 ) ) ;
#1499 = VERTEX_POINT ( 'NONE', #292 ) ;
#1500 = CARTESIAN_POINT ( 'NONE',  ( 28.40286036886947900, -18.45751504183831000, -41.86233943886217900 ) ) ;
#1501 = CARTESIAN_POINT ( 'NONE',  ( 6.068138017683101500, 52.97470774369941200, 58.52656652108918700 ) ) ;
#1502 = CIRCLE ( 'NONE', #1542, 4.458750000000002900 ) ;
#1503 = VERTEX_POINT ( 'NONE', #294 ) ;
#1504 = CARTESIAN_POINT ( 'NONE',  ( 27.75445100560338900, -18.95007149403959800, -41.64168722788488700 ) ) ;
#1505 = VERTEX_POINT ( 'NONE', #295 ) ;
#1506 = AXIS2_PLACEMENT_3D ( 'NONE', #2807, #2821, #2829 ) ;
#1507 = CIRCLE ( 'NONE', #1547, 76.19524616923700900 ) ;
#1508 = CARTESIAN_POINT ( 'NONE',  ( 5.607718859677882900, 53.33423980083250600, 58.23585677764683800 ) ) ;
#1509 = CARTESIAN_POINT ( 'NONE',  ( 5.396878397959411300, 53.53226057690869100, 58.07093186305611700 ) ) ;
#1510 = ORIENTED_EDGE ( 'NONE', *, *, #2696, .F. ) ;
#1511 = CARTESIAN_POINT ( 'NONE',  ( 27.45108556824709100, -19.22860875111711500, -41.51422554556344100 ) ) ;
#1512 = CIRCLE ( 'NONE', #1554, 37.50000000000000000 ) ;
#1513 = CARTESIAN_POINT ( 'NONE',  ( 5.034357039070637400, 53.94516661229327800, 57.71676183691762700 ) ) ;
#1514 = EDGE_LOOP ( 'NONE', ( #2953 ) ) ;
#1515 = VERTEX_POINT ( 'NONE', #298 ) ;
#1516 = CARTESIAN_POINT ( 'NONE',  ( 26.91940568240182000, -19.82250591574364100, -41.23394931814994600 ) ) ;
#1517 = CARTESIAN_POINT ( 'NONE',  ( 4.880792931377840200, 54.16085232618451800, 57.52697655005031400 ) ) ;
#1518 = VERTEX_POINT ( 'NONE', #299 ) ;
#1519 = AXIS2_PLACEMENT_3D ( 'NONE', #2856, #2866, #2872 ) ;
#1520 = CARTESIAN_POINT ( 'NONE',  ( 4.692316711256365700, 54.49784816720610100, 57.22254095383467400 ) ) ;
#1521 = VERTEX_POINT ( 'NONE', #303 ) ;
#1522 = CARTESIAN_POINT ( 'NONE',  ( 26.68829795544913700, -20.13894097406997500, -41.08073596390564600 ) ) ;
#1523 = ORIENTED_EDGE ( 'NONE', *, *, #2926, .F. ) ;
#1524 = CARTESIAN_POINT ( 'NONE',  ( 26.39613471095266900, -20.64318874040519000, -40.82837966845254100 ) ) ;
#1525 = CARTESIAN_POINT ( 'NONE',  ( 4.636319246095439400, 54.61304651039881700, 57.11717999916112400 ) ) ;
#1526 = CARTESIAN_POINT ( 'NONE',  ( 26.30742681848973400, -20.81741372941847600, -40.73987052702294400 ) ) ;
#1527 = CARTESIAN_POINT ( 'NONE',  ( 4.540781774763196700, 54.84350090926412900, 56.90374258799627000 ) ) ;
#1528 = CIRCLE ( 'NONE', #1548, 37.50000000000000000 ) ;
#1529 = CARTESIAN_POINT ( 'NONE',  ( 26.15246305468923500, -21.16953367397066500, -40.55801534798018800 ) ) ;
#1530 = CARTESIAN_POINT ( 'NONE',  ( 4.500978292241029500, 54.95906883659279200, 56.79539837613331300 ) ) ;
#1531 = CARTESIAN_POINT ( 'NONE',  ( -12.21575012362969800, 76.01065025900524600, 25.00000000000000000 ) ) ;
#1532 = VECTOR ( 'NONE', #2798, 1000.000000000000000 ) ;
#1533 = CARTESIAN_POINT ( 'NONE',  ( 26.08607117685996000, -21.34728786035902800, -40.46476395185816700 ) ) ;
#1534 = AXIS2_PLACEMENT_3D ( 'NONE', #2785, #2787, #2794 ) ;
#1535 = CARTESIAN_POINT ( 'NONE',  ( 25.91967799137302500, -21.88538799711309900, -40.17782441728696300 ) ) ;
#1536 = ORIENTED_EDGE ( 'NONE', *, *, #2262, .T. ) ;
#1537 = VERTEX_POINT ( 'NONE', #305 ) ;
#1538 = CARTESIAN_POINT ( 'NONE',  ( 4.404925911528845700, 55.30669962279468900, 56.46552342644974200 ) ) ;
#1539 = CARTESIAN_POINT ( 'NONE',  ( 25.85209828985855700, -22.25055188831622000, -39.97697124031828500 ) ) ;
#1540 = ORIENTED_EDGE ( 'NONE', *, *, #2471, .F. ) ;
#1541 = VERTEX_POINT ( 'NONE', #307 ) ;
#1542 = AXIS2_PLACEMENT_3D ( 'NONE', #2760, #2762, #2763 ) ;
#1543 = CARTESIAN_POINT ( 'NONE',  ( 25.80928504489489200, -22.99377797449219300, -39.55415860998236600 ) ) ;
#1544 = ORIENTED_EDGE ( 'NONE', *, *, #2318, .F. ) ;
#1545 = VERTEX_POINT ( 'NONE', #315 ) ;
#1546 = CARTESIAN_POINT ( 'NONE',  ( 15.00000000000000000, 0.0000000000000000000, 0.0000000000000000000 ) ) ;
#1547 = AXIS2_PLACEMENT_3D ( 'NONE', #2747, #2750, #2751 ) ;
#1548 = AXIS2_PLACEMENT_3D ( 'NONE', #2595, #2597, #2599 ) ;
#1549 = VERTEX_POINT ( 'NONE', #316 ) ;
#1550 = CARTESIAN_POINT ( 'NONE',  ( 25.83480103123407900, -23.36022552927881400, -39.33878670362239700 ) ) ;
#1551 = CARTESIAN_POINT ( 'NONE',  ( 4.370913783538889600, 55.77382987777489400, 56.00607583220129700 ) ) ;
#1552 = VERTEX_POINT ( 'NONE', #318 ) ;
#1553 = ORIENTED_EDGE ( 'NONE', *, *, #2124, .T. ) ;
#1554 = AXIS2_PLACEMENT_3D ( 'NONE', #2573, #2576, #2582 ) ;
#1555 = VECTOR ( 'NONE', #2526, 1000.000000000000000 ) ;
#1556 = CARTESIAN_POINT ( 'NONE',  ( 25.90678621682755200, -23.72075964270123900, -39.12017461583209900 ) ) ;
#1557 = CARTESIAN_POINT ( 'NONE',  ( 32.89707304525712300, -13.31229159617295800, -35.05756540974375200 ) ) ;
#1558 = ORIENTED_EDGE ( 'NONE', *, *, #297, .T. ) ;
#1559 = VERTEX_POINT ( 'NONE', #320 ) ;
#1560 = EDGE_LOOP ( 'NONE', ( #1965, #1233, #2744, #1891, #662 ) ) ;
#1561 = DIRECTION ( 'NONE',  ( 0.0000000000000000000, -0.4999999999999998900, -0.8660254037844387100 ) ) ;
#1562 = VERTEX_POINT ( 'NONE', #323 ) ;
#1563 = CARTESIAN_POINT ( 'NONE',  ( -12.45327790450900600, -76.02448427205568700, 25.00000000000001100 ) ) ;
#1564 = CARTESIAN_POINT ( 'NONE',  ( -12.57995400849937100, -76.04480270409825900, 25.00000000000000400 ) ) ;
#1565 = VERTEX_POINT ( 'NONE', #326 ) ;
#1566 = DIRECTION ( 'NONE',  ( 1.000000000000000000, 0.0000000000000000000, 0.0000000000000000000 ) ) ;
#1567 = EDGE_LOOP ( 'NONE', ( #2908 ) ) ;
#1568 = CARTESIAN_POINT ( 'NONE',  ( 4.371804164522970400, 55.53967162600415700, 56.23918914649785700 ) ) ;
#1569 = CARTESIAN_POINT ( 'NONE',  ( -12.82764071816264500, -76.11049819430628800, 25.00000000000000000 ) ) ;
#1570 = CARTESIAN_POINT ( 'NONE',  ( 35.80987185842787600, 45.42594969098255600, 5.438457056874975500 ) ) ;
#1571 = VERTEX_POINT ( 'NONE', #328 ) ;
#1572 = DIRECTION ( 'NONE',  ( 0.0000000000000000000, 0.0000000000000000000, 1.000000000000000000 ) ) ;
#1573 = ORIENTED_EDGE ( 'NONE', *, *, #2218, .F. ) ;
#1574 = CARTESIAN_POINT ( 'NONE',  ( -12.94991955615837400, -76.15662716033989500, 25.00000000000000400 ) ) ;
#1575 = EDGE_LOOP ( 'NONE', ( #2808 ) ) ;
#1576 = ADVANCED_FACE ( 'E1355', ( #2623, #2650, #2620, #2627 ), #2594, .T. ) ;
#1577 = DIRECTION ( 'NONE',  ( 0.0000000000000000000, 0.8621420352174509200, 0.5066666666666670400 ) ) ;
#1578 = CARTESIAN_POINT ( 'NONE',  ( -14.20000000000000100, -125.1666666666665900, 21.55355088043630100 ) ) ;
#1579 = CARTESIAN_POINT ( 'NONE',  ( -13.18036882317511500, -76.27110118508468900, 25.00000000000000000 ) ) ;
#1580 = ORIENTED_EDGE ( 'NONE', *, *, #104, .F. ) ;
#1581 = CIRCLE ( 'NONE', #1609, 39.50000000000000000 ) ;
#1582 = DIRECTION ( 'NONE',  ( 0.0000000000000000000, -1.000000000000000000, 0.0000000000000000000 ) ) ;
#1583 = CARTESIAN_POINT ( 'NONE',  ( -13.28888955080292300, -76.33918256547200100, 25.00000000000000400 ) ) ;
#1584 = VERTEX_POINT ( 'NONE', #330 ) ;
#1585 = CARTESIAN_POINT ( 'NONE',  ( -13.49283295402726100, -76.49653298893703400, 25.00000000000000400 ) ) ;
#1586 = DIRECTION ( 'NONE',  ( -1.000000000000000000, 0.0000000000000000000, -6.123031769111888800E-017 ) ) ;
#1587 = CARTESIAN_POINT ( 'NONE',  ( -13.58782348432995400, -76.58587647102564200, 25.00000000000000000 ) ) ;
#1588 = LINE ( 'NONE', #2488, #1634 ) ;
#1589 = DIRECTION ( 'NONE',  ( 1.000000000000000000, 2.775557561562890400E-016, -1.602468905319635000E-016 ) ) ;
#1590 = ORIENTED_EDGE ( 'NONE', *, *, #2262, .F. ) ;
#1591 = VERTEX_POINT ( 'NONE', #334 ) ;
#1592 = CARTESIAN_POINT ( 'NONE',  ( -13.84192997239570000, -76.87439020879148200, 25.00000000000000000 ) ) ;
#1593 = CARTESIAN_POINT ( 'NONE',  ( -13.97592828667630200, -77.10094950433035900, 25.00000000000000400 ) ) ;
#1594 = DIRECTION ( 'NONE',  ( -3.204937810639271500E-016, 0.8660254037844387100, -0.4999999999999998900 ) ) ;
#1595 = CIRCLE ( 'NONE', #1534, 62.34555320336760100 ) ;
#1596 = CARTESIAN_POINT ( 'NONE',  ( -14.15396059312045400, -77.58122837635112000, 25.00000000000000000 ) ) ;
#1597 = VERTEX_POINT ( 'NONE', #335 ) ;
#1598 = CARTESIAN_POINT ( 'NONE',  ( -14.20000000000001400, -77.83996794619133700, 25.00000000000000400 ) ) ;
#1599 = VERTEX_POINT ( 'NONE', #338 ) ;
#1600 = ORIENTED_EDGE ( 'NONE', *, *, #96, .T. ) ;
#1601 = VERTEX_POINT ( 'NONE', #340 ) ;
#1602 = CARTESIAN_POINT ( 'NONE',  ( -14.20000000000000100, -78.09609465267780600, 25.00000000000000000 ) ) ;
#1603 = DIRECTION ( 'NONE',  ( 0.0000000000000000000, 0.8660254037844383700, -0.5000000000000002200 ) ) ;
#1604 = VERTEX_POINT ( 'NONE', #341 ) ;
#1605 = VERTEX_POINT ( 'NONE', #346 ) ;
#1606 = ADVANCED_FACE ( 'E381', ( #2611 ), #2587, .T. ) ;
#1607 = CARTESIAN_POINT ( 'NONE',  ( 21.00000000000000000, -112.5000000000000000, -3.520743267239335000E-015 ) ) ;
#1608 = ORIENTED_EDGE ( 'NONE', *, *, #846, .F. ) ;
#1609 = AXIS2_PLACEMENT_3D ( 'NONE', #2546, #2550, #2551 ) ;
#1610 = CARTESIAN_POINT ( 'NONE',  ( 32.50000000000001400, -13.31229159617296200, -35.05756540974376600 ) ) ;
#1611 = ADVANCED_FACE ( 'E1139', ( #2600 ), #142, .T. ) ;
#1612 = VERTEX_POINT ( 'NONE', #350 ) ;
#1613 = CARTESIAN_POINT ( 'NONE',  ( 33.28738098904248900, -13.34928261385848600, -35.04358197256385700 ) ) ;
#1614 = PLANE ( 'NONE',  #1922 ) ;
#1615 = B_SPLINE_CURVE_WITH_KNOTS ( 'NONE', 3,
 ( #1551, #1568, #1538, #1530, #1527, #1525, #1520, #1517, #1513, #1509, #1508, #1501, #1498, #1497, #1491, #1488, #1486, #1481, #1476, #1474, #1469, #1466, #1463, #1462, #1457, #1456, #1451, #1449, #1444, #1443, #1438, #1435, #1431, #1427, #1424, #1420, #1413, #1410, #1409, #1398, #1391, #1387, #1373, #1368, #1367, #1344, #1334, #1328, #1321, #1320, #1317, #1310, #1304, #1302, #1299, #1295, #1293, #1289, #1285, #1281, #1277, #1276, #1270, #1267, #1257, #1256, #1251, #1246, #1242, #1240, #1238, #1236 ),
 .UNSPECIFIED., .T., .F.,
 ( 4, 2, 2, 2, 2, 2, 2, 2, 2, 2, 2, 2, 2, 2, 2, 2, 2, 2, 2, 2, 2, 2, 2, 2, 2, 2, 2, 2, 2, 2, 2, 2, 2, 2, 2, 4 ),
 ( 0.0000000000000000000, 0.0009771520225164509600, 0.001465728033774683700, 0.001954304045032916700, 0.002931456067549382100, 0.003908608090065848100, 0.004885760112582314400, 0.005862912135098779000, 0.006840064157615248000, 0.007817216180131715200, 0.008794368202648183300, 0.009771520225164653100, 0.01074867224768112100, 0.01172582427019758800, 0.01270297629271405600, 0.01319155230397228400, 0.01368012831523051200, 0.01465728033774696600, 0.01563443236026342000, 0.01661158438277987200, 0.01758873640529632800, 0.01856588842781278100, 0.01954304045032924000, 0.02052019247284569300, 0.02149734449536214900, 0.02247449651787860100, 0.02345164854039505400, 0.02442880056291151000, 0.02491737657416974100, 0.02540595258542796600, 0.02638310460794442500, 0.02736025663046088400, 0.02833740865297734400, 0.02931456067549380000, 0.03029171269801025900, 0.03126886472052671500 ),
 .UNSPECIFIED. ) ;
#1616 = VERTEX_POINT ( 'NONE', #364 ) ;
#1617 = CARTESIAN_POINT ( 'NONE',  ( 33.86314058522515300, -13.45762858639014000, -35.00205320797469000 ) ) ;
#1618 = CARTESIAN_POINT ( 'NONE',  ( 34.05343154734831800, -13.50261477773295100, -34.98475022575501500 ) ) ;
#1619 = CARTESIAN_POINT ( 'NONE',  ( 34.23205080756889600, -25.47307621135330200, -38.12066222313810500 ) ) ;
#1620 = DIRECTION ( 'NONE',  ( 0.0000000000000000000, 1.000000000000000000, 0.0000000000000000000 ) ) ;
#1621 = AXIS2_PLACEMENT_3D ( 'NONE', #2508, #2516, #2519 ) ;
#1622 = AXIS2_PLACEMENT_3D ( 'NONE', #1684, #1666, #1705 ) ;
#1623 = CARTESIAN_POINT ( 'NONE',  ( 34.43068912711304800, -13.61061176223709300, -34.94287626472628000 ) ) ;
#1624 = CARTESIAN_POINT ( 'NONE',  ( 34.61802732169366000, -13.67388272669194600, -34.91820061906948800 ) ) ;
#1625 = EDGE_LOOP ( 'NONE', ( #2932 ) ) ;
#1626 = CARTESIAN_POINT ( 'NONE',  ( 35.16273682067716800, -13.88651629258847100, -34.83443523933340900 ) ) ;
#1627 = CARTESIAN_POINT ( 'NONE',  ( -33.30000000000000400, 0.0000000000000000000, 0.0000000000000000000 ) ) ;
#1628 = CARTESIAN_POINT ( 'NONE',  ( 35.50710061774271500, -14.05947187073819500, -34.76534903166432100 ) ) ;
#1629 = VERTEX_POINT ( 'NONE', #498 ) ;
#1630 = CARTESIAN_POINT ( 'NONE',  ( -34.00000000000000000, 112.5000000000000000, 0.0000000000000000000 ) ) ;
#1631 = CARTESIAN_POINT ( 'NONE',  ( 36.15882114631263300, -14.46574280239584500, -34.59827347935812000 ) ) ;
#1632 = CARTESIAN_POINT ( 'NONE',  ( 36.46689213473322200, -14.70081879831026800, -34.49946739226221100 ) ) ;
#1633 = ORIENTED_EDGE ( 'NONE', *, *, #25, .T. ) ;
#1634 = VECTOR ( 'NONE', #2525, 1000.000000000000000 ) ;
#1635 = AXIS2_PLACEMENT_3D ( 'NONE', #2591, #2560, #2451 ) ;
#1636 = CARTESIAN_POINT ( 'NONE',  ( 37.01934096630916600, -15.21081751921191800, -34.27766552855885600 ) ) ;
#1637 = SHAPE_DEFINITION_REPRESENTATION ( #1145, #377 ) ;
#1638 = CARTESIAN_POINT ( 'NONE',  ( -12.00000000000000000, 75.99728763956311200, 25.00000000000000000 ) ) ;
#1639 = ORIENTED_EDGE ( 'NONE', *, *, #262, .T. ) ;
#1640 = VERTEX_POINT ( 'NONE', #358 ) ;
#1641 = CARTESIAN_POINT ( 'NONE',  ( 37.26747758644790300, -15.48766644991793100, -34.15392374716793000 ) ) ;
#1642 = CARTESIAN_POINT ( 'NONE',  ( 37.59646490228433900, -15.93547086634231700, -33.94610210489231200 ) ) ;
#1643 = LINE ( 'NONE', #2496, #1555 ) ;
#1644 = LINE ( 'NONE', #365, #1654 ) ;
#1645 = CARTESIAN_POINT ( 'NONE',  ( 37.69840399462698600, -16.08975594279182500, -33.87329080773606200 ) ) ;
#1646 = ORIENTED_EDGE ( 'NONE', *, *, #2728, .F. ) ;
#1647 = VECTOR ( 'NONE', #2469, 1000.000000000000200 ) ;
#1648 = CARTESIAN_POINT ( 'NONE',  ( 37.88337203035838700, -16.40236766219510800, -33.72302555129875400 ) ) ;
#1649 = FACE_OUTER_BOUND ( 'NONE', #2802, .T. ) ;
#1650 = EDGE_LOOP ( 'NONE', ( #1608 ) ) ;
#1651 = CARTESIAN_POINT ( 'NONE',  ( 32.50000000000000000, 37.50000000000000000, 0.0000000000000000000 ) ) ;
#1652 = CARTESIAN_POINT ( 'NONE',  ( 38.05061033545354100, -16.72057360465603500, -33.56740065075943800 ) ) ;
#1653 = CARTESIAN_POINT ( 'NONE',  ( 38.18282494742199900, -17.04952878253170200, -33.40058335190236200 ) ) ;
#1654 = VECTOR ( 'NONE', #361, 1000.000000000000000 ) ;
#1655 = DIRECTION ( 'NONE',  ( 0.0000000000000000000, 0.0000000000000000000, 1.000000000000000000 ) ) ;
#1656 = FACE_OUTER_BOUND ( 'NONE', #645, .T. ) ;
#1657 = DIRECTION ( 'NONE',  ( -1.000000000000000000, 0.0000000000000000000, 0.0000000000000000000 ) ) ;
#1658 = CARTESIAN_POINT ( 'NONE',  ( 34.63824969138855200, 45.36526301772177300, 5.921185593122650900 ) ) ;
#1659 = CARTESIAN_POINT ( 'NONE',  ( 38.29722968133853600, -17.38382348281360400, -33.22782088961193400 ) ) ;
#1660 = ORIENTED_EDGE ( 'NONE', *, *, #2137, .F. ) ;
#1661 = CONICAL_SURFACE ( 'NONE', #2632, 43.75000000000000000, 0.7853981633974490600 ) ;
#1662 = CARTESIAN_POINT ( 'NONE',  ( 38.34572082706741700, -17.55462204940013000, -33.13793594951430100 ) ) ;
#1663 = CARTESIAN_POINT ( 'NONE',  ( -33.30000000000000400, 0.0000000000000000000, 0.0000000000000000000 ) ) ;
#1664 = ADVANCED_FACE ( 'E859', ( #2583, #2598 ), #772, .T. ) ;
#1665 = TOROIDAL_SURFACE ( 'NONE', #2473, 39.50000000000000000, 2.000000000000000000 ) ;
#1666 = DIRECTION ( 'NONE',  ( -6.123031769111888800E-017, 1.000000000000000000, 0.0000000000000000000 ) ) ;
#1667 = ORIENTED_EDGE ( 'NONE', *, *, #2814, .T. ) ;
#1668 = FACE_OUTER_BOUND ( 'NONE', #958, .T. ) ;
#1669 = CARTESIAN_POINT ( 'NONE',  ( 38.46150911138115400, -18.06694414805490500, -32.86313658670838600 ) ) ;
#1670 = DIRECTION ( 'NONE',  ( -1.000000000000000000, 0.0000000000000000000, 0.0000000000000000000 ) ) ;
#1671 = AXIS2_PLACEMENT_3D ( 'NONE', #2427, #2429, #2435 ) ;
#1672 = DIRECTION ( 'NONE',  ( 0.5000000000000003300, 0.0000000000000000000, -0.8660254037844383700 ) ) ;
#1673 = FACE_OUTER_BOUND ( 'NONE', #1037, .T. ) ;
#1674 = CARTESIAN_POINT ( 'NONE',  ( 38.49977534829783800, -18.40753934454274100, -32.67363088866751800 ) ) ;
#1675 = FACE_OUTER_BOUND ( 'NONE', #848, .T. ) ;
#1676 = CARTESIAN_POINT ( 'NONE',  ( 34.23205080756889600, 45.75000000000000000, 3.000000000000000000 ) ) ;
#1677 = AXIS2_PLACEMENT_3D ( 'NONE', #2407, #2412, #2413 ) ;
#1678 = SPHERICAL_SURFACE ( 'NONE', #2561, 65.00000000000000000 ) ;
#1679 = CARTESIAN_POINT ( 'NONE',  ( -14.20000000000000100, 134.8977118876569800, 25.00000000000000000 ) ) ;
#1680 = CARTESIAN_POINT ( 'NONE',  ( 38.50022269815256200, -19.08653058429190400, -32.28169776242671000 ) ) ;
#1681 = CARTESIAN_POINT ( 'NONE',  ( 0.0000000000000000000, 0.0000000000000000000, 0.0000000000000000000 ) ) ;
#1682 = EDGE_LOOP ( 'NONE', ( #3002 ) ) ;
#1683 = FACE_BOUND ( 'NONE', #1839, .T. ) ;
#1684 = CARTESIAN_POINT ( 'NONE',  ( 32.50000000000000000, 46.75000000000000000, 0.0000000000000000000 ) ) ;
#1685 = FACE_OUTER_BOUND ( 'NONE', #747, .T. ) ;
#1686 = FACE_OUTER_BOUND ( 'NONE', #296, .T. ) ;
#1687 = CARTESIAN_POINT ( 'NONE',  ( 38.46112371886225400, -19.42827749115863500, -32.07710087161601800 ) ) ;
#1688 = AXIS2_PLACEMENT_3D ( 'NONE', #2390, #2391, #2395 ) ;
#1689 = ORIENTED_EDGE ( 'NONE', *, *, #801, .T. ) ;
#1690 = DIRECTION ( 'NONE',  ( 0.0000000000000000000, 0.0000000000000000000, 1.000000000000000000 ) ) ;
#1691 = EDGE_LOOP ( 'NONE', ( #2951, #1120, #2538, #990, #1022, #1660 ) ) ;
#1692 = FACE_OUTER_BOUND ( 'NONE', #319, .T. ) ;
#1693 = AXIS2_PLACEMENT_3D ( 'NONE', #2352, #2359, #2360 ) ;
#1694 = CARTESIAN_POINT ( 'NONE',  ( 38.30778805530523800, -20.08307317849478900, -31.67125728967062100 ) ) ;
#1695 = CARTESIAN_POINT ( 'NONE',  ( 37.69797247315054300, -21.29090259986510200, -30.87033728228194500 ) ) ;
#1696 = CYLINDRICAL_SURFACE ( 'NONE', #2649, 82.00000000000000000 ) ;
#1697 = CARTESIAN_POINT ( 'NONE',  ( 37.59726228347453500, -21.42929322941032700, -30.77437178974717100 ) ) ;
#1698 = CIRCLE ( 'NONE', #2608, 82.00000000000000000 ) ;
#1699 = CARTESIAN_POINT ( 'NONE',  ( 36.16228704403535200, -22.72788969918326900, -29.82852793004935800 ) ) ;
#1700 = DIRECTION ( 'NONE',  ( -1.000000000000000000, 0.0000000000000000000, -6.123031769111888800E-017 ) ) ;
#1701 = CYLINDRICAL_SURFACE ( 'NONE', #2659, 0.7500000000000006700 ) ;
#1702 = CARTESIAN_POINT ( 'NONE',  ( 37.27181870055689900, -21.82935658747414100, -30.49320351224923800 ) ) ;
#1703 = CARTESIAN_POINT ( 'NONE',  ( 36.46457764613708000, -22.52896842450320100, -29.97957181484338200 ) ) ;
#1704 = FACE_OUTER_BOUND ( 'NONE', #736, .T. ) ;
#1705 = DIRECTION ( 'NONE',  ( 0.0000000000000000000, 0.0000000000000000000, 1.000000000000000000 ) ) ;
#1706 = CARTESIAN_POINT ( 'NONE',  ( 5.303300858899099500, 0.0000000000000000000, 0.0000000000000000000 ) ) ;
#1707 = CARTESIAN_POINT ( 'NONE',  ( 35.67548794449576400, -22.98825252117623600, -29.62772786066504300 ) ) ;
#1708 = CIRCLE ( 'NONE', #1635, 43.75000000000000000 ) ;
#1709 = DIRECTION ( 'NONE',  ( 0.5000000000000001100, -0.7500000000000001100, 0.4330127018922190800 ) ) ;
#1710 = ORIENTED_EDGE ( 'NONE', *, *, #2739, .F. ) ;
#1711 = LINE ( 'NONE', #523, #1731 ) ;
#1712 = CARTESIAN_POINT ( 'NONE',  ( 35.50761980623674700, -23.06865302882997800, -29.56511594023581000 ) ) ;
#1713 = DIRECTION ( 'NONE',  ( 0.8660254037844386000, 0.4330127018922195200, -0.2499999999999999400 ) ) ;
#1714 = DIRECTION ( 'NONE',  ( 0.0000000000000000000, 0.0000000000000000000, 1.000000000000000000 ) ) ;
#1715 = FACE_OUTER_BOUND ( 'NONE', #38, .T. ) ;
#1716 = DIRECTION ( 'NONE',  ( 0.0000000000000000000, 1.000000000000000000, 0.0000000000000000000 ) ) ;
#1717 = FACE_BOUND ( 'NONE', #2393, .T. ) ;
#1718 = CARTESIAN_POINT ( 'NONE',  ( 37.02328036093715700, -22.07664246191827900, -30.31420462559161800 ) ) ;
#1719 = CARTESIAN_POINT ( 'NONE',  ( 35.16035424021557500, -23.21655795462704900, -29.44911322711729400 ) ) ;
#1720 = EDGE_LOOP ( 'NONE', ( #2653 ) ) ;
#1721 = PLANE ( 'NONE',  #1297 ) ;
#1722 = CONICAL_SURFACE ( 'NONE', #2743, 78.17253264805098900, 0.05876668005424496400 ) ;
#1723 = CARTESIAN_POINT ( 'NONE',  ( 30.94466756080611000, -23.55396999788861500, -29.17990006852545900 ) ) ;
#1724 = VERTEX_POINT ( 'NONE', #3043 ) ;
#1725 = CIRCLE ( 'NONE', #2729, 63.28082733291449800 ) ;
#1726 = FACE_OUTER_BOUND ( 'NONE', #665, .T. ) ;
#1727 = DIRECTION ( 'NONE',  ( 6.123031769111888800E-017, 0.0000000000000000000, -1.000000000000000000 ) ) ;
#1728 = DIRECTION ( 'NONE',  ( 1.000000000000000000, 0.0000000000000000000, 6.123031769111888800E-017 ) ) ;
#1729 = CARTESIAN_POINT ( 'NONE',  ( 31.72052778434318700, -23.67502145057157400, -29.08177143823163000 ) ) ;
#1730 = DIRECTION ( 'NONE',  ( 1.000000000000000000, 0.0000000000000000000, 0.0000000000000000000 ) ) ;
#1731 = VECTOR ( 'NONE', #525, 1000.000000000000000 ) ;
#1732 = CARTESIAN_POINT ( 'NONE',  ( 30.76794919243110000, -25.47307621135330200, -38.12066222313810500 ) ) ;
#1733 = FACE_OUTER_BOUND ( 'NONE', #814, .T. ) ;
#1734 = CARTESIAN_POINT ( 'NONE',  ( 32.11045712453755400, -23.70471576250813700, -29.05746807005993700 ) ) ;
#1735 = FACE_OUTER_BOUND ( 'NONE', #219, .T. ) ;
#1736 = CARTESIAN_POINT ( 'NONE',  ( 34.43320229637539100, 45.35716061648538800, 5.982741634342291400 ) ) ;
#1737 = ADVANCED_FACE ( 'E827', ( #2581, #2588 ), #2552, .F. ) ;
#1738 = EDGE_LOOP ( 'NONE', ( #1540, #1993, #1102, #2264 ) ) ;
#1739 = DIRECTION ( 'NONE',  ( 0.0000000000000000000, 0.0000000000000000000, 1.000000000000000000 ) ) ;
#1740 = FACE_BOUND ( 'NONE', #304, .T. ) ;
#1741 = CARTESIAN_POINT ( 'NONE',  ( 14.75000000000000000, 0.0000000000000000000, 0.0000000000000000000 ) ) ;
#1742 = DIRECTION ( 'NONE',  ( 0.4999999999999998900, 0.0000000000000000000, -0.8660254037844387100 ) ) ;
#1743 = DIRECTION ( 'NONE',  ( 0.8660254037844387100, 0.0000000000000000000, 0.4999999999999998900 ) ) ;
#1744 = EDGE_LOOP ( 'NONE', ( #1929, #2080, #1157, #490 ) ) ;
#1745 = CIRCLE ( 'NONE', #1621, 45.75000000000000000 ) ;
#1746 = CARTESIAN_POINT ( 'NONE',  ( 33.81693066157640700, 45.33653618952201500, 6.137740052164466500 ) ) ;
#1747 = DIRECTION ( 'NONE',  ( -1.000000000000000000, 0.0000000000000000000, -6.123031769111888800E-017 ) ) ;
#1748 = AXIS2_PLACEMENT_3D ( 'NONE', #1875, #2256, #2636 ) ;
#1749 = UNCERTAINTY_MEASURE_WITH_UNIT (LENGTH_MEASURE( 1.000000000000000100E-005 ), #127, 'distance_accuracy_value', 'NONE');
#1750 = VECTOR ( 'NONE', #2260, 1000.000000000000000 ) ;
#1751 = CARTESIAN_POINT ( 'NONE',  ( 33.40068530730005800, 45.32750031745085600, 6.203308924086421400 ) ) ;
#1752 = PLANE ( 'NONE',  #2602 ) ;
#1753 = EDGE_LOOP ( 'NONE', ( #694, #1330, #271, #2182 ) ) ;
#1754 = PLANE ( 'NONE',  #1111 ) ;
#1755 = CONICAL_SURFACE ( 'NONE', #1871, 5.323400000000003000, 0.7853981633974490600 ) ;
#1756 = CARTESIAN_POINT ( 'NONE',  ( 32.55757466499479600, 45.31966766131186100, 6.260275529431511100 ) ) ;
#1757 = ORIENTED_EDGE ( 'NONE', *, *, #211, .F. ) ;
#1758 = FACE_OUTER_BOUND ( 'NONE', #2568, .T. ) ;
#1759 = CARTESIAN_POINT ( 'NONE',  ( 32.12738749239396400, 45.32099723774877700, 6.250757550894248600 ) ) ;
#1760 = FACE_BOUND ( 'NONE', #2689, .T. ) ;
#1761 = DIRECTION ( 'NONE',  ( 1.000000000000000000, 0.0000000000000000000, 0.0000000000000000000 ) ) ;
#1762 = CARTESIAN_POINT ( 'NONE',  ( 31.28795591637385000, 45.33389150284564600, 6.156544630903736600 ) ) ;
#1763 = ORIENTED_EDGE ( 'NONE', *, *, #216, .T. ) ;
#1764 = FACE_BOUND ( 'NONE', #1650, .T. ) ;
#1765 = FACE_BOUND ( 'NONE', #382, .T. ) ;
#1766 = CARTESIAN_POINT ( 'NONE',  ( 30.87544776662729300, 45.34534878576409500, 6.072629400695984900 ) ) ;
#1767 = ADVANCED_FACE ( 'E139', ( #2574 ), #2606, .F. ) ;
#1768 = FACE_OUTER_BOUND ( 'NONE', #199, .T. ) ;
#1769 = CARTESIAN_POINT ( 'NONE',  ( 8.260210048034247500, -32.37366921622640300, -55.75593590641215500 ) ) ;
#1770 = DIRECTION ( 'NONE',  ( 0.0000000000000000000, 0.0000000000000000000, 1.000000000000000000 ) ) ;
#1771 = LINE ( 'NONE', #2261, #1750 ) ;
#1772 = LINE ( 'NONE', #692, #1774 ) ;
#1773 = CARTESIAN_POINT ( 'NONE',  ( 30.06506761821861300, 45.37719564190609100, 5.829888508108243900 ) ) ;
#1774 = VECTOR ( 'NONE', #698, 1000.000000000000000 ) ;
#1775 = CARTESIAN_POINT ( 'NONE',  ( 29.66661522955632400, 45.39773460101401500, 5.669720255703392600 ) ) ;
#1776 = CARTESIAN_POINT ( 'NONE',  ( 30.76794919243110000, 45.75000000000000000, -3.000000000000000000 ) ) ;
#1777 = FACE_OUTER_BOUND ( 'NONE', #1479, .T. ) ;
#1778 = CARTESIAN_POINT ( 'NONE',  ( -23.00000000000000000, 0.0000000000000000000, 25.00000000000000000 ) ) ;
#1779 = DIRECTION ( 'NONE',  ( -1.000000000000000000, 0.0000000000000000000, 0.0000000000000000000 ) ) ;
#1780 = SPHERICAL_SURFACE ( 'NONE', #2806, 65.00000000000000000 ) ;
#1781 = PLANE ( 'NONE',  #2592 ) ;
#1782 = VERTEX_POINT ( 'NONE', #2986 ) ;
#1783 = CARTESIAN_POINT ( 'NONE',  ( 28.91793575079795200, 45.44412496175292700, 5.285029909340419600 ) ) ;
#1784 = FACE_OUTER_BOUND ( 'NONE', #723, .T. ) ;
#1785 = CARTESIAN_POINT ( 'NONE',  ( 21.00000000000000000, 0.0000000000000000000, 3.367667473011539800E-015 ) ) ;
#1786 = AXIS2_PLACEMENT_3D ( 'NONE', #2303, #2321, #2322 ) ;
#1787 = CARTESIAN_POINT ( 'NONE',  ( 28.56326549647130300, 45.47012461964222800, 5.059532307310320200 ) ) ;
#1788 = ORIENTED_EDGE ( 'NONE', *, *, #869, .T. ) ;
#1789 = FACE_OUTER_BOUND ( 'NONE', #2994, .T. ) ;
#1790 = DIRECTION ( 'NONE',  ( -0.4999999999999998900, 0.0000000000000000000, -0.8660254037844387100 ) ) ;
#1791 = DIRECTION ( 'NONE',  ( 0.0000000000000000000, -1.000000000000000000, 0.0000000000000000000 ) ) ;
#1792 = CARTESIAN_POINT ( 'NONE',  ( 28.06223530308189100, 45.51133615513917600, 4.668825483732383000 ) ) ;
#1793 = CARTESIAN_POINT ( 'NONE',  ( 27.89990634260461300, 45.52549495815337400, 4.529152962363313300 ) ) ;
#1794 = FACE_OUTER_BOUND ( 'NONE', #1738, .T. ) ;
#1795 = DIRECTION ( 'NONE',  ( 0.0000000000000000000, 0.0000000000000000000, -1.000000000000000000 ) ) ;
#1796 = CARTESIAN_POINT ( 'NONE',  ( -34.00000000000000000, 0.0000000000000000000, 0.0000000000000000000 ) ) ;
#1797 = ORIENTED_EDGE ( 'NONE', *, *, #208, .T. ) ;
#1798 = CONICAL_SURFACE ( 'NONE', #2930, 6.000000000000000000, 0.7853981633974503900 ) ;
#1799 = CARTESIAN_POINT ( 'NONE',  ( 27.59308806228270300, 45.55353925711941100, 4.237803545636959200 ) ) ;
#1800 = DIRECTION ( 'NONE',  ( 0.0000000000000000000, -1.000000000000000000, 0.0000000000000000000 ) ) ;
#1801 = CARTESIAN_POINT ( 'NONE',  ( 27.44773141611435500, 45.56749078157625400, 4.085547388653050200 ) ) ;
#1802 = FACE_BOUND ( 'NONE', #2154, .T. ) ;
#1803 = DIRECTION ( 'NONE',  ( 1.000000000000000000, 0.0000000000000000000, 6.123031769111888800E-017 ) ) ;
#1804 = ORIENTED_EDGE ( 'NONE', *, *, #1085, .F. ) ;
#1805 = FACE_OUTER_BOUND ( 'NONE', #2686, .T. ) ;
#1806 = CARTESIAN_POINT ( 'NONE',  ( 27.03572460688191400, 45.60853888077824800, 3.609062972074691600 ) ) ;
#1807 = CARTESIAN_POINT ( 'NONE',  ( 26.79286185284662400, 45.63484517487446400, 3.265345245034566800 ) ) ;
#1808 = CARTESIAN_POINT ( 'NONE',  ( 32.50000000000000000, 45.75000000000000000, 0.0000000000000000000 ) ) ;
#1809 = LINE ( 'NONE', #744, #1811 ) ;
#1810 = CARTESIAN_POINT ( 'NONE',  ( 26.37629849415898800, 45.68201179236149300, 2.520986375722696700 ) ) ;
#1811 = VECTOR ( 'NONE', #745, 1000.000000000000000 ) ;
#1812 = CARTESIAN_POINT ( 'NONE',  ( 0.0000000000000000000, 0.0000000000000000000, 0.0000000000000000000 ) ) ;
#1813 = CARTESIAN_POINT ( 'NONE',  ( 26.20954090481465900, 45.70205994209315700, 2.132151519768458800 ) ) ;
#1814 = CIRCLE ( 'NONE', #1786, 25.00000000000000000 ) ;
#1815 = EDGE_LOOP ( 'NONE', ( #2691 ) ) ;
#1816 = DIRECTION ( 'NONE',  ( 0.0000000000000000000, 0.0000000000000000000, 1.000000000000000000 ) ) ;
#1817 = DIRECTION ( 'NONE',  ( -0.0000000000000000000, -1.000000000000000000, -0.0000000000000000000 ) ) ;
#1818 = LINE ( 'NONE', #2458, #1647 ) ;
#1819 = CARTESIAN_POINT ( 'NONE',  ( 8.293653970608179500, -32.45247218285035000, -55.70504781790708600 ) ) ;
#1820 = CARTESIAN_POINT ( 'NONE',  ( 32.50000000000000000, 38.17660000000000100, 0.0000000000000000000 ) ) ;
#1821 = FACE_BOUND ( 'NONE', #2683, .T. ) ;
#1822 = CARTESIAN_POINT ( 'NONE',  ( 26.02325690195530700, 45.72488118317561900, 1.529118716108981000 ) ) ;
#1823 = AXIS2_PLACEMENT_3D ( 'NONE', #1221, #1207, #1224 ) ;
#1824 = FACE_OUTER_BOUND ( 'NONE', #172, .T. ) ;
#1825 = CARTESIAN_POINT ( 'NONE',  ( 25.97173332879414400, 45.73129752343654500, 1.324519621343455400 ) ) ;
#1826 = EDGE_LOOP ( 'NONE', ( #634 ) ) ;
#1827 = CARTESIAN_POINT ( 'NONE',  ( 25.89062060714762100, 45.74146587433993000, 0.9078684216302925800 ) ) ;
#1828 = AXIS2_PLACEMENT_3D ( 'NONE', #1139, #1171, #1121 ) ;
#1829 = VERTEX_POINT ( 'NONE', #2968 ) ;
#1830 = CARTESIAN_POINT ( 'NONE',  ( 25.86108483773503900, 45.74521103231524000, 0.6948984349418657600 ) ) ;
#1831 = CARTESIAN_POINT ( 'NONE',  ( 27.52113570930355400, 45.56059571131150000, -4.158679904499774000 ) ) ;
#1832 = AXIS2_PLACEMENT_3D ( 'NONE', #1193, #1198, #1205 ) ;
#1833 = LINE ( 'NONE', #762, #1840 ) ;
#1834 = CARTESIAN_POINT ( 'NONE',  ( 25.80829197535702600, 45.75191470203884600, 0.06054751133229277500 ) ) ;
#1835 = CARTESIAN_POINT ( 'NONE',  ( 35.96410161513775000, 45.75000000000000000, 2.121080424092025200E-016 ) ) ;
#1836 = CYLINDRICAL_SURFACE ( 'NONE', #2890, 11.49999999999999600 ) ;
#1837 = ADVANCED_FACE ( 'E554', ( #2579 ), #2970, .T. ) ;
#1838 = DIRECTION ( 'NONE',  ( 1.000000000000000000, 0.0000000000000000000, 0.0000000000000000000 ) ) ;
#1839 = EDGE_LOOP ( 'NONE', ( #1318 ) ) ;
#1840 = VECTOR ( 'NONE', #761, 1000.000000000000000 ) ;
#1841 = CARTESIAN_POINT ( 'NONE',  ( 25.81919932640979100, 45.75050538808349600, -0.3609401221753962300 ) ) ;
#1842 = CARTESIAN_POINT ( 'NONE',  ( 25.90432880389350200, 45.73974662862930500, -0.9910643813623588600 ) ) ;
#1843 = FACE_OUTER_BOUND ( 'NONE', #2766, .T. ) ;
#1844 = DIRECTION ( 'NONE',  ( 1.000000000000000000, 0.0000000000000000000, 0.0000000000000000000 ) ) ;
#1845 = CARTESIAN_POINT ( 'NONE',  ( 25.94462872241800600, 45.73467281562128800, -1.202011040808669900 ) ) ;
#1846 = CYLINDRICAL_SURFACE ( 'NONE', #2911, 4.458750000000002900 ) ;
#1847 = FACE_OUTER_BOUND ( 'NONE', #972, .T. ) ;
#1848 = CARTESIAN_POINT ( 'NONE',  ( 0.0000000000000000000, 0.0000000000000000000, 0.0000000000000000000 ) ) ;
#1849 = FACE_OUTER_BOUND ( 'NONE', #233, .T. ) ;
#1850 = FACE_OUTER_BOUND ( 'NONE', #2867, .T. ) ;
#1851 = CARTESIAN_POINT ( 'NONE',  ( 26.04700656298094000, 45.72196103562201600, -1.614746776190596000 ) ) ;
#1852 = CARTESIAN_POINT ( 'NONE',  ( 34.23205080756889600, 43.68750000000000000, 3.000000000000000000 ) ) ;
#1853 = FACE_OUTER_BOUND ( 'NONE', #2014, .T. ) ;
#1854 = CARTESIAN_POINT ( 'NONE',  ( 26.10897205823605900, 45.71433702970685400, -1.816928499073915600 ) ) ;
#1855 = FACE_BOUND ( 'NONE', #798, .T. ) ;
#1856 = CARTESIAN_POINT ( 'NONE',  ( 26.25369372622955300, 45.69686499213540300, -2.213225954782359000 ) ) ;
#1857 = FACE_BOUND ( 'NONE', #1904, .T. ) ;
#1858 = EDGE_LOOP ( 'NONE', ( #2885 ) ) ;
#1859 = DIRECTION ( 'NONE',  ( -1.000000000000000000, 0.0000000000000000000, -1.224606353822375800E-016 ) ) ;
#1860 = CARTESIAN_POINT ( 'NONE',  ( 26.33645197310809000, 45.68701640392117700, -2.407340867699306200 ) ) ;
#1861 = FACE_OUTER_BOUND ( 'NONE', #1400, .T. ) ;
#1862 = DIRECTION ( 'NONE',  ( -1.000000000000000000, 0.0000000000000000000, 0.0000000000000000000 ) ) ;
#1863 = ORIENTED_EDGE ( 'NONE', *, *, #22, .T. ) ;
#1864 = CARTESIAN_POINT ( 'NONE',  ( 26.52265826594156600, 45.66539481983643600, -2.787556975904961200 ) ) ;
#1865 = VECTOR ( 'NONE', #865, 1000.000000000000000 ) ;
#1866 = DIRECTION ( 'NONE',  ( 0.0000000000000000000, 0.0000000000000000000, -1.000000000000000000 ) ) ;
#1867 = CARTESIAN_POINT ( 'NONE',  ( 26.62668589038196000, 45.65355822511131100, -2.974526434566358500 ) ) ;
#1868 = CARTESIAN_POINT ( 'NONE',  ( 26.96568083997156500, 45.61615612727204200, -3.515614408120850700 ) ) ;
#1869 = VERTEX_POINT ( 'NONE', #2961 ) ;
#1870 = FACE_BOUND ( 'NONE', #256, .T. ) ;
#1871 = AXIS2_PLACEMENT_3D ( 'NONE', #220, #1561, #1603 ) ;
#1872 = CARTESIAN_POINT ( 'NONE',  ( 27.22681670580182700, 45.58875011203834800, -3.850233162152111100 ) ) ;
#1873 = ORIENTED_EDGE ( 'NONE', *, *, #1940, .F. ) ;
#1874 = CYLINDRICAL_SURFACE ( 'NONE', #2966, 0.7500000000000006700 ) ;
#1875 = CARTESIAN_POINT ( 'NONE',  ( -12.00000000000000000, 0.0000000000000000000, -25.00000000000000000 ) ) ;
#1876 = AXIS2_PLACEMENT_3D ( 'NONE', #1141, #1148, #1154 ) ;
#1877 = CARTESIAN_POINT ( 'NONE',  ( 9.231486577585789300, -31.54488593396643400, -56.07771155113740500 ) ) ;
#1878 = FACE_OUTER_BOUND ( 'NONE', #410, .T. ) ;
#1879 = EDGE_LOOP ( 'NONE', ( #1763 ) ) ;
#1880 = FACE_OUTER_BOUND ( 'NONE', #427, .T. ) ;
#1881 = PLANE ( 'NONE',  #1748 ) ;
#1882 = VECTOR ( 'NONE', #827, 1000.000000000000100 ) ;
#1883 = AXIS2_PLACEMENT_3D ( 'NONE', #1110, #1114, #1117 ) ;
#1884 = LINE ( 'NONE', #866, #1865 ) ;
#1885 = FACE_OUTER_BOUND ( 'NONE', #1296, .T. ) ;
#1886 = CARTESIAN_POINT ( 'NONE',  ( -14.20000000000000100, 0.0000000000000000000, 0.0000000000000000000 ) ) ;
#1887 = ADVANCED_FACE ( 'E645', ( #2549 ), #2931, .T. ) ;
#1888 = CARTESIAN_POINT ( 'NONE',  ( 32.89707304525713000, 37.01688803775921600, 6.000000000000000900 ) ) ;
#1889 = CARTESIAN_POINT ( 'NONE',  ( 32.50000000000000000, 37.01688803775920900, 6.000000000000000900 ) ) ;
#1890 = LINE ( 'NONE', #829, #1882 ) ;
#1891 = ORIENTED_EDGE ( 'NONE', *, *, #875, .F. ) ;
#1892 = SPHERICAL_SURFACE ( 'NONE', #2995, 65.00000000000000000 ) ;
#1893 = FACE_OUTER_BOUND ( 'NONE', #2460, .T. ) ;
#1894 = EDGE_CURVE ( 'NONE', #1414, #1414, #2572, .T. ) ;
#1895 = CARTESIAN_POINT ( 'NONE',  ( 33.28738098904253200, 37.02327353477196000, 5.960973120382540500 ) ) ;
#1896 = FACE_OUTER_BOUND ( 'NONE', #1132, .T. ) ;
#1897 = CARTESIAN_POINT ( 'NONE',  ( 33.86314058522517500, 37.04148155591576600, 5.846378373477824300 ) ) ;
#1898 = ORIENTED_EDGE ( 'NONE', *, *, #243, .T. ) ;
#1899 = FACE_OUTER_BOUND ( 'NONE', #2752, .T. ) ;
#1900 = CARTESIAN_POINT ( 'NONE',  ( 8.245888045414060800, -32.28916203019826300, -55.80703447812491200 ) ) ;
#1901 = CARTESIAN_POINT ( 'NONE',  ( 34.05343154734830300, 37.04898982942371800, 5.798767697845615700 ) ) ;
#1902 = ORIENTED_EDGE ( 'NONE', *, *, #2910, .F. ) ;
#1903 = CARTESIAN_POINT ( 'NONE',  ( 34.43068912711304800, 37.06672440766781300, 5.684302585218537400 ) ) ;
#1904 = EDGE_LOOP ( 'NONE', ( #2862 ) ) ;
#1905 = CYLINDRICAL_SURFACE ( 'NONE', #3042, 45.75000000000000000 ) ;
#1906 = CARTESIAN_POINT ( 'NONE',  ( 34.61802732169368100, 37.07699015390166900, 5.617170499850293400 ) ) ;
#1907 = FACE_OUTER_BOUND ( 'NONE', #2186, .T. ) ;
#1908 = CARTESIAN_POINT ( 'NONE',  ( 35.16273682067716100, 37.11076399004083700, 5.391141740218594200 ) ) ;
#1909 = CARTESIAN_POINT ( 'NONE',  ( 35.50710061774271500, 37.13741136822312700, 5.206814711980164200 ) ) ;
#1910 = EDGE_LOOP ( 'NONE', ( #2699, #1432, #1021, #1346, #1788, #375, #1898, #2563 ) ) ;
#1911 = EDGE_CURVE ( 'NONE', #1411, #1411, #2541, .T. ) ;
#1912 = FACE_OUTER_BOUND ( 'NONE', #769, .T. ) ;
#1913 = CARTESIAN_POINT ( 'NONE',  ( 8.565810910308032400, -31.65919567818341200, -56.11916739865925800 ) ) ;
#1914 = CARTESIAN_POINT ( 'NONE',  ( 36.15882114631262600, 37.19585516140346500, 4.771435988192361100 ) ) ;
#1915 = ORIENTED_EDGE ( 'NONE', *, *, #2145, .F. ) ;
#1916 = CIRCLE ( 'NONE', #1693, 43.75000000000000000 ) ;
#1917 = EDGE_CURVE ( 'E597', #2404, #1340, #2075, .T. ) ;
#1918 = DIRECTION ( 'NONE',  ( -3.102336096350025300E-017, -0.8621420352174510300, 0.5066666666666670400 ) ) ;
#1919 = CIRCLE ( 'NONE', #2103, 6.000000000000000000 ) ;
#1920 = TOROIDAL_SURFACE ( 'NONE', #3001, 62.34555320336760100, 3.000000000000000000 ) ;
#1921 = CARTESIAN_POINT ( 'NONE',  ( 36.46689213473323600, 37.22782457788708400, 4.518451160362594100 ) ) ;
#1922 = AXIS2_PLACEMENT_3D ( 'NONE', #1619, #1594, #1589 ) ;
#1923 = PLANE ( 'NONE',  #457 ) ;
#1924 = FACE_OUTER_BOUND ( 'NONE', #962, .T. ) ;
#1925 = CARTESIAN_POINT ( 'NONE',  ( 8.256130607008520500, -32.11764222331394300, -55.90441053197628900 ) ) ;
#1926 = VECTOR ( 'NONE', #1269, 1000.000000000000000 ) ;
#1927 = DIRECTION ( 'NONE',  ( 1.000000000000000000, 0.0000000000000000000, 6.123031769111888800E-017 ) ) ;
#1928 = SPHERICAL_SURFACE ( 'NONE', #1823, 65.00000000000000000 ) ;
#1929 = ORIENTED_EDGE ( 'NONE', *, *, #753, .F. ) ;
#1930 = FACE_OUTER_BOUND ( 'NONE', #1858, .T. ) ;
#1931 = CARTESIAN_POINT ( 'NONE',  ( 8.408062512839983100, -31.79257680364574400, -56.06759485945117700 ) ) ;
#1932 = CARTESIAN_POINT ( 'NONE',  ( 37.01934096630915100, 37.29073788976406000, 3.965878380312516600 ) ) ;
#1933 = CARTESIAN_POINT ( 'NONE',  ( 21.00000000000000000, -125.1666666666665900, -21.55355088043630100 ) ) ;
#1934 = DIRECTION ( 'NONE',  ( 0.0000000000000000000, -1.000000000000000000, 0.0000000000000000000 ) ) ;
#1935 = CARTESIAN_POINT ( 'NONE',  ( 8.940174648088472500, -31.53597163896687400, -56.12989887237384300 ) ) ;
#1936 = FACE_OUTER_BOUND ( 'NONE', #213, .T. ) ;
#1937 = VECTOR ( 'NONE', #1212, 1000.000000000000200 ) ;
#1938 = ORIENTED_EDGE ( 'NONE', *, *, #897, .F. ) ;
#1939 = PLANE ( 'NONE',  #10 ) ;
#1940 = EDGE_CURVE ( 'NONE', #1408, #1408, #2535, .T. ) ;
#1941 = CONICAL_SURFACE ( 'NONE', #2180, 45.75000000000000000, 0.7853981633974482800 ) ;
#1942 = CARTESIAN_POINT ( 'NONE',  ( 37.26747758644787500, 37.32199882892300000, 3.664249282615080100 ) ) ;
#1943 = CARTESIAN_POINT ( 'NONE',  ( 37.59646490228433200, 37.36592221546830200, 3.172528460926900000 ) ) ;
#1944 = ORIENTED_EDGE ( 'NONE', *, *, #2258, .F. ) ;
#1945 = DIRECTION ( 'NONE',  ( 0.0000000000000000000, 0.0000000000000000000, 1.000000000000000000 ) ) ;
#1946 = DIRECTION ( 'NONE',  ( -5.278923071123229600E-017, 0.5066666666666670400, 0.8621420352174510300 ) ) ;
#1947 = CARTESIAN_POINT ( 'NONE',  ( 9.409999445908154000, -31.60553778675644000, -56.01385362095329900 ) ) ;
#1948 = ORIENTED_EDGE ( 'NONE', *, *, #2849, .F. ) ;
#1949 = LINE ( 'NONE', #1039, #1953 ) ;
#1950 = CARTESIAN_POINT ( 'NONE',  ( 37.69840399462700000, 37.38000832067326200, 3.002508016718686200 ) ) ;
#1951 = CARTESIAN_POINT ( 'NONE',  ( -31.30000000000000100, 0.0000000000000000000, 0.0000000000000000000 ) ) ;
#1952 = ORIENTED_EDGE ( 'NONE', *, *, #466, .F. ) ;
#1953 = VECTOR ( 'NONE', #1028, 1000.000000000000000 ) ;
#1954 = ORIENTED_EDGE ( 'NONE', *, *, #110, .F. ) ;
#1955 = VECTOR ( 'NONE', #988, 1000.000000000000000 ) ;
#1956 = CARTESIAN_POINT ( 'NONE',  ( 37.88337186669844000, 37.40618011261519600, 2.656645596735408300 ) ) ;
#1957 = CARTESIAN_POINT ( 'NONE',  ( 8.281063867882654300, -32.03141348695227500, -55.95017599019430300 ) ) ;
#1958 = CARTESIAN_POINT ( 'NONE',  ( 29.03589838486225000, -21.84375000000000000, -37.83448482783265400 ) ) ;
#1959 = EDGE_LOOP ( 'NONE', ( #910 ) ) ;
#1960 = LINE ( 'NONE', #992, #1955 ) ;
#1961 = CARTESIAN_POINT ( 'NONE',  ( 38.05061033545353400, 37.43050850489598200, 2.303258817900048200 ) ) ;
#1962 = EDGE_LOOP ( 'NONE', ( #402 ) ) ;
#1963 = FACE_OUTER_BOUND ( 'NONE', #905, .T. ) ;
#1964 = CARTESIAN_POINT ( 'NONE',  ( 38.18282494742199900, 37.45051807523287800, 1.934966627724764800 ) ) ;
#1965 = ORIENTED_EDGE ( 'NONE', *, *, #2910, .T. ) ;
#1966 = VECTOR ( 'NONE', #1062, 1000.000000000000000 ) ;
#1967 = CARTESIAN_POINT ( 'NONE',  ( -23.00000000000000000, 0.0000000000000000000, -25.00000000000000000 ) ) ;
#1968 = ADVANCED_FACE ( 'E1371', ( #2528, #2542 ), #2894, .T. ) ;
#1969 = CARTESIAN_POINT ( 'NONE',  ( 38.29722968133855700, 37.46804874420999500, 1.559077693784930400 ) ) ;
#1970 = FACE_OUTER_BOUND ( 'NONE', #227, .T. ) ;
#1971 = DIRECTION ( 'NONE',  ( -1.000000000000000000, 0.0000000000000000000, 0.0000000000000000000 ) ) ;
#1972 = FACE_OUTER_BOUND ( 'NONE', #224, .T. ) ;
#1973 = CARTESIAN_POINT ( 'NONE',  ( 38.34572082706740300, 37.47560538596103900, 1.366219326142200200 ) ) ;
#1974 = LINE ( 'NONE', #1072, #1966 ) ;
#1975 = CARTESIAN_POINT ( 'NONE',  ( 9.135783959815064700, -31.53088510213899200, -56.10125233441988300 ) ) ;
#1976 = FACE_BOUND ( 'NONE', #1388, .T. ) ;
#1977 = CARTESIAN_POINT ( 'NONE',  ( 38.46150911138117600, 37.49378320615473800, 0.7851356923840567800 ) ) ;
#1978 = DIRECTION ( 'NONE',  ( 0.06162841671621927000, 0.7044160264027586900, 0.7071067811865476800 ) ) ;
#1979 = FACE_OUTER_BOUND ( 'NONE', #2377, .T. ) ;
#1980 = EDGE_CURVE ( 'NONE', #1405, #1405, #2524, .T. ) ;
#1981 = CARTESIAN_POINT ( 'NONE',  ( 38.49977534829783100, 37.49996405573336500, 0.3954187507981986600 ) ) ;
#1982 = CARTESIAN_POINT ( 'NONE',  ( 38.50022269815256200, 37.50003563169873600, -0.3885714748920581200 ) ) ;
#1983 = FACE_BOUND ( 'NONE', #2146, .T. ) ;
#1984 = DIRECTION ( 'NONE',  ( -1.000000000000000000, 0.0000000000000000000, 0.0000000000000000000 ) ) ;
#1985 = VERTEX_POINT ( 'NONE', #2681 ) ;
#1986 = CARTESIAN_POINT ( 'NONE',  ( 38.46112371886226100, 37.49372298015475000, -0.7868314233087576600 ) ) ;
#1987 = CARTESIAN_POINT ( 'NONE',  ( 9.489469541994205700, -31.65108543786937600, -55.97471323577648400 ) ) ;
#1988 = ADVANCED_FACE ( 'E1377', ( #2506, #2503, #2517, #2537 ), #2491, .F. ) ;
#1989 = CIRCLE ( 'NONE', #2669, 11.50000000000000000 ) ;
#1990 = CARTESIAN_POINT ( 'NONE',  ( 34.23205080756889600, 43.68750000000000000, -3.000000000000000000 ) ) ;
#1991 = CARTESIAN_POINT ( 'NONE',  ( 38.30778805530522400, 37.46964997189523000, -1.556822913803064000 ) ) ;
#1992 = CARTESIAN_POINT ( 'NONE',  ( -34.00000000000000000, 125.1666666666665900, 21.55355088043625100 ) ) ;
#1993 = ORIENTED_EDGE ( 'NONE', *, *, #2466, .F. ) ;
#1994 = FACE_BOUND ( 'NONE', #2610, .T. ) ;
#1995 = CARTESIAN_POINT ( 'NONE',  ( 38.19434326101207200, 37.45201449672768500, -1.931143760836319600 ) ) ;
#1996 = FACE_BOUND ( 'NONE', #2340, .T. ) ;
#1997 = DIRECTION ( 'NONE',  ( 0.0000000000000000000, 0.4999999999999998900, 0.8660254037844387100 ) ) ;
#1998 = CARTESIAN_POINT ( 'NONE',  ( -14.75000000000000000, 0.0000000000000000000, -1.806294371888004900E-015 ) ) ;
#1999 = CARTESIAN_POINT ( 'NONE',  ( 37.96858331768970600, 37.41857646510261800, -2.476552411579148400 ) ) ;
#2000 = EDGE_LOOP ( 'NONE', ( #3032 ) ) ;
#2001 = VECTOR ( 'NONE', #1155, 1000.000000000000000 ) ;
#2002 = CARTESIAN_POINT ( 'NONE',  ( 32.50000000000000000, -22.53670000000000000, -39.03470943493755400 ) ) ;
#2003 = DIRECTION ( 'NONE',  ( 0.0000000000000000000, -0.8660254037844384900, 0.5000000000000002200 ) ) ;
#2004 = ORIENTED_EDGE ( 'NONE', *, *, #56, .F. ) ;
#2005 = LINE ( 'NONE', #1161, #2001 ) ;
#2006 = CARTESIAN_POINT ( 'NONE',  ( 37.88351842594202200, 37.40620050367206800, -2.656392538363224500 ) ) ;
#2007 = DIRECTION ( 'NONE',  ( 0.0000000000000000000, 1.000000000000000000, 0.0000000000000000000 ) ) ;
#2008 = FACE_OUTER_BOUND ( 'NONE', #77, .T. ) ;
#2009 = DIRECTION ( 'NONE',  ( -0.06162841671621943600, -0.7044160264027586900, 0.7071067811865476800 ) ) ;
#2010 = TOROIDAL_SURFACE ( 'NONE', #2863, 82.00000000000000000, 1.980000000000000000 ) ;
#2011 = CARTESIAN_POINT ( 'NONE',  ( 37.69797247315054300, 37.37994760978257600, -3.003293879842343600 ) ) ;
#2012 = CARTESIAN_POINT ( 'NONE',  ( 37.59726228347454900, 37.36603437013338400, -3.171126426941616800 ) ) ;
#2013 = DIRECTION ( 'NONE',  ( 0.0000000000000000000, 0.0000000000000000000, -1.000000000000000000 ) ) ;
#2014 = EDGE_LOOP ( 'NONE', ( #2507 ) ) ;
#2015 = DIRECTION ( 'NONE',  ( 0.0000000000000000000, -1.000000000000000000, 0.0000000000000000000 ) ) ;
#2016 = FACE_BOUND ( 'NONE', #2213, .T. ) ;
#2017 = CARTESIAN_POINT ( 'NONE',  ( 37.27181870055692100, 37.32256717811377900, -3.658175596897160100 ) ) ;
#2018 = CARTESIAN_POINT ( 'NONE',  ( 32.50000000000000000, 37.50000000000000000, 0.0000000000000000000 ) ) ;
#2019 = FACE_OUTER_BOUND ( 'NONE', #862, .T. ) ;
#2020 = ORIENTED_EDGE ( 'NONE', *, *, #2053, .T. ) ;
#2021 = CYLINDRICAL_SURFACE ( 'NONE', #758, 71.50000000000000000 ) ;
#2022 = CARTESIAN_POINT ( 'NONE',  ( 37.02328036093720000, 37.29119253224126100, -3.961830889491648300 ) ) ;
#2023 = FACE_OUTER_BOUND ( 'NONE', #2721, .T. ) ;
#2024 = FACE_OUTER_BOUND ( 'NONE', #584, .T. ) ;
#2025 = DIRECTION ( 'NONE',  ( 1.000000000000000000, 0.0000000000000000000, 0.0000000000000000000 ) ) ;
#2026 = CARTESIAN_POINT ( 'NONE',  ( 36.46457764613711600, 37.22755499848592100, -4.520873069255547900 ) ) ;
#2027 = ORIENTED_EDGE ( 'NONE', *, *, #69, .T. ) ;
#2028 = CARTESIAN_POINT ( 'NONE',  ( 36.16228704403535900, 37.19620779450802000, -4.768665888878670600 ) ) ;
#2029 = FACE_OUTER_BOUND ( 'NONE', #26, .T. ) ;
#2030 = CYLINDRICAL_SURFACE ( 'NONE', #2539, 25.00000000000000000 ) ;
#2031 = CARTESIAN_POINT ( 'NONE',  ( 35.67548794449578500, 37.15249124433601900, -5.094546741617755000 ) ) ;
#2032 = CARTESIAN_POINT ( 'NONE',  ( -130.0000000000000000, 0.0000000000000000000, 0.0000000000000000000 ) ) ;
#2033 = EDGE_CURVE ( 'E867', #2960, #1985, #2495, .T. ) ;
#2034 = FACE_OUTER_BOUND ( 'NONE', #2071, .T. ) ;
#2035 = CARTESIAN_POINT ( 'NONE',  ( 35.50761980623674000, 37.13846798449142000, -5.195481583937688400 ) ) ;
#2036 = CARTESIAN_POINT ( 'NONE',  ( 9.316800015018799300, 55.05627610360660600, 55.26658213406410200 ) ) ;
#2037 = FACE_OUTER_BOUND ( 'NONE', #2556, .T. ) ;
#2038 = CARTESIAN_POINT ( 'NONE',  ( 35.16035424021559000, 37.11195915092144300, -5.381572363582054500 ) ) ;
#2039 = ORIENTED_EDGE ( 'NONE', *, *, #834, .F. ) ;
#2040 = CARTESIAN_POINT ( 'NONE',  ( 34.98072495357347800, 37.09947706537454300, -5.466680459932858200 ) ) ;
#2041 = ORIENTED_EDGE ( 'NONE', *, *, #969, .F. ) ;
#2042 = CARTESIAN_POINT ( 'NONE',  ( 34.43637323382439800, 37.06573013197699900, -5.692523595427920700 ) ) ;
#2043 = DIRECTION ( 'NONE',  ( 0.0000000000000000000, 0.0000000000000000000, 1.000000000000000000 ) ) ;
#2044 = EDGE_CURVE ( 'E874', #3031, #2960, #2545, .T. ) ;
#2045 = LINE ( 'NONE', #1261, #1926 ) ;
#2046 = CARTESIAN_POINT ( 'NONE',  ( 34.06240703809773200, 37.04784739716468800, -5.806297501748638900 ) ) ;
#2047 = CARTESIAN_POINT ( 'NONE',  ( -9.000000000000000000, 0.0000000000000000000, 0.0000000000000000000 ) ) ;
#2048 = CARTESIAN_POINT ( 'NONE',  ( 19.02000000000000000, 0.0000000000000000000, 0.0000000000000000000 ) ) ;
#2049 = VECTOR ( 'NONE', #1169, 1000.000000000000000 ) ;
#2050 = CARTESIAN_POINT ( 'NONE',  ( 33.29229320969754000, 37.02336572410778400, -5.960409205866406000 ) ) ;
#2051 = CARTESIAN_POINT ( 'NONE',  ( 8.293653970608179500, -32.45247218285035000, -55.70504781790708600 ) ) ;
#2052 = CONICAL_SURFACE ( 'NONE', #3049, 5.323399999999999500, 0.7853981633974490600 ) ;
#2053 = EDGE_CURVE ( 'E240', #1361, #1782, #2489, .T. ) ;
#2054 = CARTESIAN_POINT ( 'NONE',  ( 32.89421144620496300, 37.01691282313731100, -5.999847087060451200 ) ) ;
#2055 = FACE_OUTER_BOUND ( 'NONE', #2188, .T. ) ;
#2056 = CARTESIAN_POINT ( 'NONE',  ( 32.11045712453755400, 37.01686339958115500, -6.000152004791480900 ) ) ;
#2057 = FACE_OUTER_BOUND ( 'NONE', #235, .T. ) ;
#2058 = DIRECTION ( 'NONE',  ( 0.0000000000000000000, -0.2588190451025210700, -0.9659258262890682000 ) ) ;
#2059 = TOROIDAL_SURFACE ( 'NONE', #2357, 51.05330085889910000, 7.500000000000000000 ) ;
#2060 = CARTESIAN_POINT ( 'NONE',  ( 31.72052778434321500, 37.02306357784711100, -5.962284292220669400 ) ) ;
#2061 = LINE ( 'NONE', #1578, #2090 ) ;
#2062 = CARTESIAN_POINT ( 'NONE',  ( 30.94466756080612400, 37.04751973817865700, -5.808386343885316300 ) ) ;
#2063 = CARTESIAN_POINT ( 'NONE',  ( -9.000000000000000000, 0.0000000000000000000, 0.0000000000000000000 ) ) ;
#2064 = DIRECTION ( 'NONE',  ( 1.000000000000000000, 0.0000000000000000000, 0.0000000000000000000 ) ) ;
#2065 = FACE_BOUND ( 'NONE', #207, .T. ) ;
#2066 = CYLINDRICAL_SURFACE ( 'NONE', #3029, 45.75000000000000000 ) ;
#2067 = CARTESIAN_POINT ( 'NONE',  ( 9.621645146762709500, -31.76805079962322900, -55.88581802634263300 ) ) ;
#2068 = DIRECTION ( 'NONE',  ( -1.000000000000000000, 0.0000000000000000000, 0.0000000000000000000 ) ) ;
#2069 = FACE_OUTER_BOUND ( 'NONE', #2832, .T. ) ;
#2070 = CARTESIAN_POINT ( 'NONE',  ( 30.56668416619550400, 37.06558734673478000, -5.693424076095008800 ) ) ;
#2071 = EDGE_LOOP ( 'NONE', ( #1204 ) ) ;
#2072 = DIRECTION ( 'NONE',  ( 0.0000000000000000000, 1.000000000000000000, 0.0000000000000000000 ) ) ;
#2073 = FACE_OUTER_BOUND ( 'NONE', #2388, .T. ) ;
#2074 = CYLINDRICAL_SURFACE ( 'NONE', #1622, 6.000000000000000000 ) ;
#2075 = B_SPLINE_CURVE_WITH_KNOTS ( 'NONE', 3,
 ( #2870, #2903, #2834, #2833, #2826, #2822, #2810, #2801, #2795, #2788, #2783, #2781, #2778, #2771, #2754, #2753 ),
 .UNSPECIFIED., .F., .F.,
 ( 4, 2, 2, 2, 2, 2, 2, 4 ),
 ( 0.002180806270189174000, 0.002565025985261377100, 0.002949245700333580300, 0.003333465415405783400, 0.003717685130477986100, 0.004101904845550188900, 0.004486124560622392400, 0.005254563990766817000 ),
 .UNSPECIFIED. ) ;
#2076 = DIRECTION ( 'NONE',  ( 0.0000000000000000000, 0.8660254037844384900, -0.5000000000000002200 ) ) ;
#2077 = CARTESIAN_POINT ( 'NONE',  ( 30.02492864822080400, 37.09910365504394000, -5.469206410392305700 ) ) ;
#2078 = FACE_OUTER_BOUND ( 'NONE', #2755, .T. ) ;
#2079 = CARTESIAN_POINT ( 'NONE',  ( -12.32362519336101900, 76.01733144023009500, 25.00000000000000000 ) ) ;
#2080 = ORIENTED_EDGE ( 'NONE', *, *, #69, .F. ) ;
#2081 = EDGE_CURVE ( 'E881', #2865, #3031, #2492, .T. ) ;
#2082 = CARTESIAN_POINT ( 'NONE',  ( 9.157514964375232900, -32.81450818454382600, -55.35664250613411500 ) ) ;
#2083 = ORIENTED_EDGE ( 'NONE', *, *, #606, .F. ) ;
#2084 = FACE_OUTER_BOUND ( 'NONE', #592, .T. ) ;
#2085 = DIRECTION ( 'NONE',  ( -6.123031769111887500E-017, -0.4999999999999998900, -0.8660254037844387100 ) ) ;
#2086 = CARTESIAN_POINT ( 'NONE',  ( 29.84796620867828700, 37.11136519515516600, -5.385657181351412200 ) ) ;
#2087 = FACE_OUTER_BOUND ( 'NONE', #556, .T. ) ;
#2088 = CARTESIAN_POINT ( 'NONE',  ( 30.76794919243110000, -19.24567378864670200, -39.33448482783270400 ) ) ;
#2089 = ORIENTED_EDGE ( 'NONE', *, *, #2378, .F. ) ;
#2090 = VECTOR ( 'NONE', #1577, 1000.000000000000200 ) ;
#2091 = CARTESIAN_POINT ( 'NONE',  ( 29.50137992261987900, 37.13774179707657900, -5.200659971281261600 ) ) ;
#2092 = DIRECTION ( 'NONE',  ( 0.0000000000000000000, 0.4999999999999998900, 0.8660254037844387100 ) ) ;
#2093 = EDGE_CURVE ( 'E34', #2142, #2767, #2485, .T. ) ;
#2094 = ADVANCED_FACE ( 'E1136', ( #2474, #2479 ), #2449, .T. ) ;
#2095 = CARTESIAN_POINT ( 'NONE',  ( 32.50000000000000000, -23.37500000000000000, -40.48668762692250300 ) ) ;
#2096 = CARTESIAN_POINT ( 'NONE',  ( 34.23205080756889600, 45.75000000000000000, -3.000000000000000000 ) ) ;
#2097 = LINE ( 'NONE', #1676, #2100 ) ;
#2098 = CARTESIAN_POINT ( 'NONE',  ( 8.841735425019377800, -31.55534127085315900, -56.13460462334086300 ) ) ;
#2099 = CARTESIAN_POINT ( 'NONE',  ( 29.33089420261492100, 37.15194020621216700, -5.098578862496621500 ) ) ;
#2100 = VECTOR ( 'NONE', #1672, 1000.000000000000100 ) ;
#2101 = CARTESIAN_POINT ( 'NONE',  ( 9.059771576872700300, -32.83356245373778400, -55.36142583096017900 ) ) ;
#2102 = CARTESIAN_POINT ( 'NONE',  ( 28.83990269335237900, 37.19596793226254800, -4.770601596689797200 ) ) ;
#2103 = AXIS2_PLACEMENT_3D ( 'NONE', #899, #896, #885 ) ;
#2104 = DIRECTION ( 'NONE',  ( -1.000000000000000000, 0.0000000000000000000, -6.123031769111888800E-017 ) ) ;
#2105 = EDGE_LOOP ( 'NONE', ( #2954 ) ) ;
#2106 = FACE_OUTER_BOUND ( 'NONE', #2946, .T. ) ;
#2107 = CARTESIAN_POINT ( 'NONE',  ( 28.53814067145268800, 37.22728440122615000, -4.522899250102975400 ) ) ;
#2108 = FACE_OUTER_BOUND ( 'NONE', #1195, .T. ) ;
#2109 = AXIS2_PLACEMENT_3D ( 'NONE', #1020, #1006, #1005 ) ;
#2110 = FACE_OUTER_BOUND ( 'NONE', #851, .T. ) ;
#2111 = DIRECTION ( 'NONE',  ( 1.000000000000000000, 5.551115123125780700E-016, -3.204937810639275000E-016 ) ) ;
#2112 = CARTESIAN_POINT ( 'NONE',  ( 21.00000000000000000, -41.54666666666660300, 70.69564688783110300 ) ) ;
#2113 = FACE_OUTER_BOUND ( 'NONE', #877, .T. ) ;
#2114 = ADVANCED_FACE ( 'E836', ( #2467, #2464 ), #2446, .F. ) ;
#2115 = AXIS2_PLACEMENT_3D ( 'NONE', #1808, #1800, #1795 ) ;
#2116 = FACE_OUTER_BOUND ( 'NONE', #105, .T. ) ;
#2117 = CARTESIAN_POINT ( 'NONE',  ( 27.98454506990687600, 37.29026290838239500, -3.970341766155283100 ) ) ;
#2118 = CARTESIAN_POINT ( 'NONE',  ( 27.73119497782327200, 37.32217811613195100, -3.662189311740671600 ) ) ;
#2119 = VECTOR ( 'NONE', #1790, 1000.000000000000000 ) ;
#2120 = CARTESIAN_POINT ( 'NONE',  ( 9.673199309575910100, -31.83898473981317100, -55.83652869736305700 ) ) ;
#2121 = EDGE_CURVE ( 'E888', #2858, #2865, #2470, .T. ) ;
#2122 = CARTESIAN_POINT ( 'NONE',  ( 27.29591944449963500, 37.38028801950137100, -3.011756541692680100 ) ) ;
#2123 = DIRECTION ( 'NONE',  ( 0.0000000000000000000, 1.000000000000000000, 0.0000000000000000000 ) ) ;
#2124 = EDGE_CURVE ( 'E895', #3011, #2858, #2453, .T. ) ;
#2125 = DIRECTION ( 'NONE',  ( 0.0000000000000000000, 0.0000000000000000000, -1.000000000000000000 ) ) ;
#2126 = EDGE_LOOP ( 'NONE', ( #604 ) ) ;
#2127 = FACE_OUTER_BOUND ( 'NONE', #1134, .T. ) ;
#2128 = CARTESIAN_POINT ( 'NONE',  ( 27.11124102658666100, 37.40676904616786700, -2.667628219479519600 ) ) ;
#2129 = CARTESIAN_POINT ( 'NONE',  ( 26.88448062273574000, 37.44033212561528500, -2.122423855241033100 ) ) ;
#2130 = DIRECTION ( 'NONE',  ( 1.000000000000000000, 0.0000000000000000000, 0.0000000000000000000 ) ) ;
#2131 = CARTESIAN_POINT ( 'NONE',  ( 26.81719078768689400, 37.45051553832603700, -1.935050904819392200 ) ) ;
#2132 = CARTESIAN_POINT ( 'NONE',  ( -14.20000000000000100, 134.8977118876569800, 0.0000000000000000000 ) ) ;
#2133 = CARTESIAN_POINT ( 'NONE',  ( 30.76794919243110000, -20.27692378864670200, -41.12066222313809800 ) ) ;
#2134 = FACE_OUTER_BOUND ( 'NONE', #976, .T. ) ;
#2135 = CARTESIAN_POINT ( 'NONE',  ( 26.70258608852166700, 37.46807710043112400, -1.558439760398428600 ) ) ;
#2136 = CARTESIAN_POINT ( 'NONE',  ( 26.65484743100202500, 37.47551699032563000, -1.368374212488111500 ) ) ;
#2137 = EDGE_CURVE ( 'E902', #1985, #3011, #2461, .T. ) ;
#2138 = LINE ( 'NONE', #1835, #2119 ) ;
#2139 = DIRECTION ( 'NONE',  ( 0.4999999999999999400, 0.7499999999999998900, -0.4330127018922194600 ) ) ;
#2140 = CARTESIAN_POINT ( 'NONE',  ( 8.767741685744988800, -32.82434428220256700, -55.41388631855910100 ) ) ;
#2141 = CARTESIAN_POINT ( 'NONE',  ( 34.23205080756889600, -24.44182621135329800, -36.33448482783264700 ) ) ;
#2142 = VERTEX_POINT ( 'NONE', #2518 ) ;
#2143 = FACE_BOUND ( 'NONE', #2126, .T. ) ;
#2144 = DIRECTION ( 'NONE',  ( 0.0000000000000000000, 0.8621420352174509200, -0.5066666666666670400 ) ) ;
#2145 = EDGE_CURVE ( 'E329', #1724, #2761, #2443, .T. ) ;
#2146 = EDGE_LOOP ( 'NONE', ( #144, #1074, #1510, #1646, #1710, #2981 ) ) ;
#2147 = FACE_OUTER_BOUND ( 'NONE', #632, .T. ) ;
#2148 = DIRECTION ( 'NONE',  ( 0.0000000000000000000, 0.4999999999999998900, 0.8660254037844387100 ) ) ;
#2149 = PLANE ( 'NONE',  #147 ) ;
#2150 = CARTESIAN_POINT ( 'NONE',  ( 26.53978225187836100, 37.49357886564457900, -0.7929883706841759400 ) ) ;
#2151 = ORIENTED_EDGE ( 'NONE', *, *, #3007, .F. ) ;
#2152 = TOROIDAL_SURFACE ( 'NONE', #2529, 51.05330085889910000, 7.500000000000000000 ) ;
#2153 = LINE ( 'NONE', #1126, #2187 ) ;
#2154 = EDGE_LOOP ( 'NONE', ( #2892 ) ) ;
#2155 = FACE_OUTER_BOUND ( 'NONE', #1962, .T. ) ;
#2156 = CARTESIAN_POINT ( 'NONE',  ( 26.50032726167669100, 37.49994763814884600, -0.4014311680233148500 ) ) ;
#2157 = EDGE_CURVE ( 'NONE', #1402, #1402, #2434, .T. ) ;
#2158 = CARTESIAN_POINT ( 'NONE',  ( 8.864390170240160000, -32.83865444119728500, -55.39002722392271500 ) ) ;
#2159 = CONICAL_SURFACE ( 'NONE', #53, 4.458750000000002900, 0.7853981633974433900 ) ;
#2160 = FACE_OUTER_BOUND ( 'NONE', #1560, .T. ) ;
#2161 = CARTESIAN_POINT ( 'NONE',  ( 34.13417863557895500, 45.34567183198576100, -6.070211263282305800 ) ) ;
#2162 = FACE_OUTER_BOUND ( 'NONE', #643, .T. ) ;
#2163 = CARTESIAN_POINT ( 'NONE',  ( -14.20000000000000100, -125.1666666666665900, -21.55355088043630100 ) ) ;
#2164 = CARTESIAN_POINT ( 'NONE',  ( 26.49967677533533500, 37.50005171592933800, 0.3915879839709460700 ) ) ;
#2165 = CARTESIAN_POINT ( 'NONE',  ( 26.53827579891639500, 37.49381963377992100, 0.7817535024431988600 ) ) ;
#2166 = CONICAL_SURFACE ( 'NONE', #46, 6.000000000000002700, 0.7853981633974490600 ) ;
#2167 = CARTESIAN_POINT ( 'NONE',  ( -12.00000000000000000, -75.99728763956311200, 25.00000000000000000 ) ) ;
#2168 = CARTESIAN_POINT ( 'NONE',  ( 26.65238845804560300, 37.47590091733297200, 1.357852256872430100 ) ) ;
#2169 = CARTESIAN_POINT ( 'NONE',  ( 26.69986434439609000, 37.46849855820270400, 1.548349209633751200 ) ) ;
#2170 = CIRCLE ( 'NONE', #2115, 5.323399999999999500 ) ;
#2171 = CARTESIAN_POINT ( 'NONE',  ( 26.81416546519694700, 37.45097495312756300, 1.926199507118203200 ) ) ;
#2172 = FACE_OUTER_BOUND ( 'NONE', #2605, .T. ) ;
#2173 = EDGE_CURVE ( 'E70', #809, #1340, #2418, .T. ) ;
#2174 = DIRECTION ( 'NONE',  ( -0.5000000000000001100, 0.7500000000000001100, -0.4330127018922190800 ) ) ;
#2175 = CARTESIAN_POINT ( 'NONE',  ( 26.88108252058077200, 37.44084286476866900, 2.113372054228818400 ) ) ;
#2176 = EDGE_LOOP ( 'NONE', ( #2919 ) ) ;
#2177 = FACE_BOUND ( 'NONE', #438, .T. ) ;
#2178 = EDGE_CURVE ( 'E913', #1869, #2769, #2421, .T. ) ;
#2179 = CARTESIAN_POINT ( 'NONE',  ( -14.20000000000000100, -78.09609465267780600, -25.00000000000000000 ) ) ;
#2180 = AXIS2_PLACEMENT_3D ( 'NONE', #1056, #1090, #1099 ) ;
#2181 = CARTESIAN_POINT ( 'NONE',  ( 27.10644239576510400, 37.40746431884020500, 2.657787931772000800 ) ) ;
#2182 = ORIENTED_EDGE ( 'NONE', *, *, #2868, .T. ) ;
#2183 = VECTOR ( 'NONE', #1106, 1000.000000000000000 ) ;
#2184 = CARTESIAN_POINT ( 'NONE',  ( 27.29042636951165700, 37.38105317515630300, 3.002371430495637000 ) ) ;
#2185 = CARTESIAN_POINT ( 'NONE',  ( 27.61688564223568000, 37.33742325869716400, 3.491943165850485800 ) ) ;
#2186 = EDGE_LOOP ( 'NONE', ( #2797 ) ) ;
#2187 = VECTOR ( 'NONE', #1159, 1000.000000000000000 ) ;
#2188 = EDGE_LOOP ( 'NONE', ( #2950 ) ) ;
#2189 = FACE_OUTER_BOUND ( 'NONE', #300, .T. ) ;
#2190 = CARTESIAN_POINT ( 'NONE',  ( 27.73488743322792200, 37.32212400512290900, 3.651371662187583100 ) ) ;
#2191 = CARTESIAN_POINT ( 'NONE',  ( 27.98467808791921000, 37.29105488517960500, 3.956094136862618800 ) ) ;
#2192 = CARTESIAN_POINT ( 'NONE',  ( 30.76794919243110000, -24.44182621135329800, -36.33448482783264700 ) ) ;
#2193 = CYLINDRICAL_SURFACE ( 'NONE', #35, 0.7500000000000006700 ) ;
#2194 = CARTESIAN_POINT ( 'NONE',  ( 8.503138790177462900, -32.73453389759095700, -55.50842815487813200 ) ) ;
#2195 = TOROIDAL_SURFACE ( 'NONE', #19, 39.50000000000000000, 2.000000000000000000 ) ;
#2196 = FACE_BOUND ( 'NONE', #1069, .T. ) ;
#2197 = CARTESIAN_POINT ( 'NONE',  ( 28.11618811853386600, 37.27531382088302100, 4.101258067909376400 ) ) ;
#2198 = CARTESIAN_POINT ( 'NONE',  ( -34.00000000000000000, 0.0000000000000000000, 0.0000000000000000000 ) ) ;
#2199 = LINE ( 'NONE', #1108, #2183 ) ;
#2200 = FACE_OUTER_BOUND ( 'NONE', #1454, .T. ) ;
#2201 = ORIENTED_EDGE ( 'NONE', *, *, #1032, .T. ) ;
#2202 = FACE_OUTER_BOUND ( 'NONE', #2344, .T. ) ;
#2203 = CARTESIAN_POINT ( 'NONE',  ( 9.428521468829648800, -32.69461556097456900, -55.38208075218044300 ) ) ;
#2204 = CARTESIAN_POINT ( 'NONE',  ( 30.76794919243110000, 43.68750000000000000, 3.000000000000000000 ) ) ;
#2205 = FACE_OUTER_BOUND ( 'NONE', #1625, .T. ) ;
#2206 = DIRECTION ( 'NONE',  ( 0.0000000000000000000, -1.000000000000000000, 0.0000000000000000000 ) ) ;
#2207 = FACE_OUTER_BOUND ( 'NONE', #781, .T. ) ;
#2208 = CARTESIAN_POINT ( 'NONE',  ( 30.56012425567596900, -13.61357559407282000, -34.94172199422222000 ) ) ;
#2209 = ORIENTED_EDGE ( 'NONE', *, *, #2145, .T. ) ;
#2210 = CARTESIAN_POINT ( 'NONE',  ( 28.53007202450487500, 37.22815041690268600, 4.515768957340815100 ) ) ;
#2211 = CYLINDRICAL_SURFACE ( 'NONE', #86, 0.7500000000000006700 ) ;
#2212 = DIRECTION ( 'NONE',  ( -1.000000000000000000, 0.0000000000000000000, -6.123031769111888800E-017 ) ) ;
#2213 = EDGE_LOOP ( 'NONE', ( #2577 ) ) ;
#2214 = CARTESIAN_POINT ( 'NONE',  ( 28.83160787935587500, 37.19677782720406600, 4.764341871271337700 ) ) ;
#2215 = CARTESIAN_POINT ( 'NONE',  ( 29.48793035269882200, 37.13779400470319600, 5.204180113808540400 ) ) ;
#2216 = ORIENTED_EDGE ( 'NONE', *, *, #324, .T. ) ;
#2217 = CARTESIAN_POINT ( 'NONE',  ( 30.76794919243110000, 45.75000000000000000, -3.000000000000000000 ) ) ;
#2218 = EDGE_CURVE ( 'NONE', #1389, #1389, #2420, .T. ) ;
#2219 = CARTESIAN_POINT ( 'NONE',  ( 15.00000000000000000, 0.0000000000000000000, -260.0000000000000000 ) ) ;
#2220 = CIRCLE ( 'NONE', #1876, 11.50000000000000000 ) ;
#2221 = CARTESIAN_POINT ( 'NONE',  ( 29.83483227025923100, 37.11096190772687500, 5.389761174019927400 ) ) ;
#2222 = CARTESIAN_POINT ( 'NONE',  ( 30.37593047777553000, 37.07734166586813300, 5.614845483173438000 ) ) ;
#2223 = EDGE_CURVE ( 'E670', #2733, #2923, #2392, .T. ) ;
#2224 = CIRCLE ( 'NONE', #9, 6.000000000000000000 ) ;
#2225 = DIRECTION ( 'NONE',  ( 0.0000000000000000000, 0.0000000000000000000, 1.000000000000000000 ) ) ;
#2226 = DIRECTION ( 'NONE',  ( -1.000000000000000000, 0.0000000000000000000, 0.0000000000000000000 ) ) ;
#2227 = CARTESIAN_POINT ( 'NONE',  ( 30.56012425567598400, 37.06720669600630900, 5.681158696304219500 ) ) ;
#2228 = CARTESIAN_POINT ( 'NONE',  ( 30.93634082285825200, 37.04942272645146100, 5.796003106775398100 ) ) ;
#2229 = ORIENTED_EDGE ( 'NONE', *, *, #670, .T. ) ;
#2230 = LINE ( 'NONE', #1097, #2847 ) ;
#2231 = EDGE_LOOP ( 'NONE', ( #444 ) ) ;
#2232 = CIRCLE ( 'NONE', #148, 5.323399999999999500 ) ;
#2233 = CARTESIAN_POINT ( 'NONE',  ( -14.20000000000000100, 0.0000000000000000000, 0.0000000000000000000 ) ) ;
#2234 = CARTESIAN_POINT ( 'NONE',  ( 31.12928440989485100, 37.04175139236913600, 5.844672312922742900 ) ) ;
#2235 = CYLINDRICAL_SURFACE ( 'NONE', #133, 6.000000000000002700 ) ;
#2236 = CARTESIAN_POINT ( 'NONE',  ( 31.71064182476483900, 37.02327681701477500, 5.960967737607835400 ) ) ;
#2237 = CARTESIAN_POINT ( 'NONE',  ( 30.76794919243110000, -25.47307621135330200, -38.12066222313810500 ) ) ;
#2238 = TOROIDAL_SURFACE ( 'NONE', #140, 76.19524616923700900, 1.980000000000000000 ) ;
#2239 = CARTESIAN_POINT ( 'NONE',  ( 8.360541815756045400, -32.61007811609823600, -55.60327164089692100 ) ) ;
#2240 = CARTESIAN_POINT ( 'NONE',  ( 32.10292695474285600, 37.01688803775919500, 6.000000000000000900 ) ) ;
#2241 = FACE_OUTER_BOUND ( 'NONE', #93, .T. ) ;
#2242 = FACE_OUTER_BOUND ( 'NONE', #2252, .T. ) ;
#2243 = CARTESIAN_POINT ( 'NONE',  ( 32.50000000000000000, 37.01688803775920900, 6.000000000000000900 ) ) ;
#2244 = DIRECTION ( 'NONE',  ( 4.852373359375684400E-017, 0.0000000000000000000, -1.000000000000000000 ) ) ;
#2245 = LINE ( 'NONE', #856, #2843 ) ;
#2246 = FACE_OUTER_BOUND ( 'NONE', #853, .T. ) ;
#2247 = PRODUCT_RELATED_PRODUCT_CATEGORY ( 'detail', '', ( #966 ) ) ;
#2248 = CARTESIAN_POINT ( 'NONE',  ( 30.76794919243110000, 43.68750000000000000, -3.000000000000000000 ) ) ;
#2249 = FACE_OUTER_BOUND ( 'NONE', #1826, .T. ) ;
#2250 = CARTESIAN_POINT ( 'NONE',  ( 21.00000000000000000, -125.1666666666665900, -21.55355088043625100 ) ) ;
#2251 = EDGE_CURVE ( 'E918', #3031, #1869, #2411, .T. ) ;
#2252 = EDGE_LOOP ( 'NONE', ( #1873 ) ) ;
#2253 = DIRECTION ( 'NONE',  ( 1.000000000000000000, 0.0000000000000000000, 0.0000000000000000000 ) ) ;
#2254 = VECTOR ( 'NONE', #2092, 1000.000000000000000 ) ;
#2255 = LINE ( 'NONE', #2133, #2254 ) ;
#2256 = DIRECTION ( 'NONE',  ( 1.000000000000000000, 0.0000000000000000000, 0.0000000000000000000 ) ) ;
#2257 = CARTESIAN_POINT ( 'NONE',  ( -15.00000000000000000, 0.0000000000000000000, 0.0000000000000000000 ) ) ;
#2258 = EDGE_CURVE ( 'E928', #2960, #2769, #2379, .T. ) ;
#2259 = LINE ( 'NONE', #2088, #2272 ) ;
#2260 = DIRECTION ( 'NONE',  ( 0.0000000000000000000, -1.000000000000000000, 0.0000000000000000000 ) ) ;
#2261 = CARTESIAN_POINT ( 'NONE',  ( -14.20000000000000100, 134.8977118876569800, 25.00000000000000000 ) ) ;
#2262 = EDGE_CURVE ( 'NONE', #1385, #1385, #2376, .T. ) ;
#2263 = CARTESIAN_POINT ( 'NONE',  ( 9.574713238605468700, -32.57048274368472100, -55.43012080494635500 ) ) ;
#2264 = ORIENTED_EDGE ( 'NONE', *, *, #2251, .T. ) ;
#2265 = DIRECTION ( 'NONE',  ( 0.0000000000000000000, 1.000000000000000000, 0.0000000000000000000 ) ) ;
#2266 = DIRECTION ( 'NONE',  ( 0.0000000000000000000, 0.0000000000000000000, 1.000000000000000000 ) ) ;
#2267 = DIRECTION ( 'NONE',  ( -1.000000000000000000, 0.0000000000000000000, 0.0000000000000000000 ) ) ;
#2268 = VECTOR ( 'NONE', #2104, 1000.000000000000000 ) ;
#2269 = CARTESIAN_POINT ( 'NONE',  ( 9.634698687997261100, -32.49669749703891600, -55.46302286139569300 ) ) ;
#2270 = CC_DESIGN_SECURITY_CLASSIFICATION ( #2311, ( #2358 ) ) ;
#2271 = CARTESIAN_POINT ( 'NONE',  ( 19.12362519336105000, 0.0000000000000000000, 0.0000000000000000000 ) ) ;
#2272 = VECTOR ( 'NONE', #2111, 1000.000000000000000 ) ;
#2273 = CARTESIAN_POINT ( 'NONE',  ( 34.93965118791388800, 45.37743733617305300, -5.828001327789332100 ) ) ;
#2274 = EDGE_CURVE ( 'NONE', #1384, #1384, #2366, .T. ) ;
#2275 = AXIS2_PLACEMENT_3D ( 'NONE', #1131, #1086, #1080 ) ;
#2276 = ORIENTED_EDGE ( 'NONE', *, *, #230, .T. ) ;
#2277 = CARTESIAN_POINT ( 'NONE',  ( 35.33148574118234100, 45.39759681477767100, -5.670914251641068700 ) ) ;
#2278 = CARTESIAN_POINT ( 'NONE',  ( -8.901856090610998300, 56.35160961733043200, 0.7501004764052744400 ) ) ;
#2279 = LINE ( 'NONE', #2112, #2268 ) ;
#2280 = CARTESIAN_POINT ( 'NONE',  ( 29.03589838486225000, -22.87500000000000000, -39.62066222313809800 ) ) ;
#2281 = CC_DESIGN_APPROVAL ( #2285, ( #2311 ) ) ;
#2282 = CARTESIAN_POINT ( 'NONE',  ( 36.08952158853261900, 45.44460730511804800, -5.280978308058889700 ) ) ;
#2283 = FACE_OUTER_BOUND ( 'NONE', #2564, .T. ) ;
#2284 = BREP_WITH_VOIDS ( 'NONE', #2971, ( #302, #277 ) );
#2285 = APPROVAL ( #58, 'UNSPECIFIED' ) ;
#2286 = FACE_OUTER_BOUND ( 'NONE', #1720, .T. ) ;
#2287 = VECTOR ( 'NONE', #2139, 1000.000000000000100 ) ;
#2288 = CARTESIAN_POINT ( 'NONE',  ( 36.44423609504308800, 45.47071492322889000, -5.054116633341569000 ) ) ;
#2289 = VECTOR ( 'NONE', #2148, 1000.000000000000000 ) ;
#2290 = VECTOR ( 'NONE', #2144, 1000.000000000000200 ) ;
#2291 = EDGE_LOOP ( 'NONE', ( #2704 ) ) ;
#2292 = CARTESIAN_POINT ( 'NONE',  ( 14.85048457330266000, 0.0000000000000000000, 1.582119927431765100E-015 ) ) ;
#2293 = LINE ( 'NONE', #2163, #2290 ) ;
#2294 = CC_DESIGN_DATE_AND_TIME_ASSIGNMENT ( #1197, #60, ( #2311 ) ) ;
#2295 = VECTOR ( 'NONE', #2174, 1000.000000000000100 ) ;
#2296 = CARTESIAN_POINT ( 'NONE',  ( 8.998945730856405600, -56.12401251741457700, 31.52973368125129700 ) ) ;
#2297 = CC_DESIGN_PERSON_AND_ORGANIZATION_ASSIGNMENT ( #1222, #64, ( #2311 ) ) ;
#2298 = LINE ( 'NONE', #435, #2287 ) ;
#2299 = DIRECTION ( 'NONE',  ( 0.0000000000000000000, 0.4999999999999998900, 0.8660254037844387100 ) ) ;
#2300 = ORIENTED_EDGE ( 'NONE', *, *, #770, .T. ) ;
#2301 = CARTESIAN_POINT ( 'NONE',  ( -14.20000000000000100, 78.09609465267780600, 25.00000000000000000 ) ) ;
#2302 = DIRECTION ( 'NONE',  ( 1.000000000000000000, 0.0000000000000000000, 1.683833736505770000E-016 ) ) ;
#2303 = CARTESIAN_POINT ( 'NONE',  ( -14.20000000000000100, -112.5000000000000000, 0.0000000000000000000 ) ) ;
#2304 = VECTOR ( 'NONE', #2212, 1000.000000000000000 ) ;
#2305 = DIRECTION ( 'NONE',  ( -1.000000000000000000, -2.775557561562890400E-016, 1.602468905319635000E-016 ) ) ;
#2306 = EDGE_CURVE ( 'E934', #2769, #743, #2362, .T. ) ;
#2307 = CARTESIAN_POINT ( 'NONE',  ( 36.94043498987461000, 45.51156942209789200, -4.666521871887785400 ) ) ;
#2308 = LINE ( 'NONE', #2192, #2295 ) ;
#2309 = DIRECTION ( 'NONE',  ( 0.0000000000000000000, 0.4999999999999998900, 0.8660254037844387100 ) ) ;
#2310 = ORIENTED_EDGE ( 'NONE', *, *, #2812, .T. ) ;
#2311 = SECURITY_CLASSIFICATION ( '', '', #66 ) ;
#2312 = VECTOR ( 'NONE', #2299, 1000.000000000000000 ) ;
#2313 = CC_DESIGN_PERSON_AND_ORGANIZATION_ASSIGNMENT ( #1225, #70, ( #2358 ) ) ;
#2314 = CARTESIAN_POINT ( 'NONE',  ( 34.23205080756889600, -25.47307621135330200, -38.12066222313810500 ) ) ;
#2315 = CARTESIAN_POINT ( 'NONE',  ( -12.00000000000000000, 0.0000000000000000000, 0.0000000000000000000 ) ) ;
#2316 = LINE ( 'NONE', #2237, #2312 ) ;
#2317 = ADVANCED_FACE ( 'E339', ( #2424 ), #2328, .T. ) ;
#2318 = EDGE_CURVE ( 'E949', #1985, #743, #2337, .T. ) ;
#2319 = CC_DESIGN_PERSON_AND_ORGANIZATION_ASSIGNMENT ( #1229, #72, ( #2358 ) ) ;
#2320 = CIRCLE ( 'NONE', #263, 78.17253264805098900 ) ;
#2321 = DIRECTION ( 'NONE',  ( 1.000000000000000000, 0.0000000000000000000, 0.0000000000000000000 ) ) ;
#2322 = DIRECTION ( 'NONE',  ( 0.0000000000000000000, 0.0000000000000000000, -1.000000000000000000 ) ) ;
#2323 = CIRCLE ( 'NONE', #272, 82.00000000000000000 ) ;
#2324 = EDGE_CURVE ( 'E955', #743, #2993, #2330, .T. ) ;
#2325 = VECTOR ( 'NONE', #2305, 1000.000000000000000 ) ;
#2326 = LINE ( 'NONE', #2250, #2304 ) ;
#2327 = VERTEX_POINT ( 'NONE', #2329 ) ;
#2328 = CYLINDRICAL_SURFACE ( 'NONE', #222, 82.00000000000000000 ) ;
#2329 = CARTESIAN_POINT ( 'NONE',  ( -14.20000000000000100, -125.1666666666665900, -21.55355088043625100 ) ) ;
#2330 = LINE ( 'NONE', #2332, #2325 ) ;
#2331 = EDGE_CURVE ( 'NONE', #1379, #1379, #2320, .T. ) ;
#2332 = CARTESIAN_POINT ( 'NONE',  ( 34.23205080756889600, -24.44182621135329800, -36.33448482783264700 ) ) ;
#2333 = ORIENTED_EDGE ( 'NONE', *, *, #2306, .T. ) ;
#2334 = VECTOR ( 'NONE', #2309, 1000.000000000000000 ) ;
#2335 = CARTESIAN_POINT ( 'NONE',  ( -14.20000000000000100, -125.1666666666665900, 21.55355088043630100 ) ) ;
#2336 = DIRECTION ( 'NONE',  ( -4.231032868236114900E-017, 0.0000000000000000000, 1.000000000000000000 ) ) ;
#2337 = LINE ( 'NONE', #2314, #2334 ) ;
#2338 = DIRECTION ( 'NONE',  ( 0.0000000000000000000, 0.0000000000000000000, -1.000000000000000000 ) ) ;
#2339 = CC_DESIGN_APPROVAL ( #2349, ( #2358 ) ) ;
#2340 = EDGE_LOOP ( 'NONE', ( #3041 ) ) ;
#2341 = DIRECTION ( 'NONE',  ( -0.5000000000000001100, -0.7500000000000001100, 0.4330127018922190800 ) ) ;
#2342 = CARTESIAN_POINT ( 'NONE',  ( -12.10787505917463300, 76.00396899213883700, 25.00000000000000000 ) ) ;
#2343 = CARTESIAN_POINT ( 'NONE',  ( 31.71064182476484600, -13.34928891659955700, -35.04358212368219200 ) ) ;
#2344 = EDGE_LOOP ( 'NONE', ( #2928 ) ) ;
#2345 = CARTESIAN_POINT ( 'NONE',  ( -12.32362519336101900, 76.01733144023009500, -25.00000000000000000 ) ) ;
#2346 = DIRECTION ( 'NONE',  ( 0.0000000000000000000, 0.0000000000000000000, -1.000000000000000000 ) ) ;
#2347 = VERTEX_POINT ( 'NONE', #2301 ) ;
#2348 = CARTESIAN_POINT ( 'NONE',  ( 8.901181802965057300, -56.12935057507380100, 31.54782028061425000 ) ) ;
#2349 = APPROVAL ( #75, 'UNSPECIFIED' ) ;
#2350 = ORIENTED_EDGE ( 'NONE', *, *, #110, .T. ) ;
#2351 = LINE ( 'NONE', #2280, #2289 ) ;
#2352 = CARTESIAN_POINT ( 'NONE',  ( -33.30000000000000400, 0.0000000000000000000, 0.0000000000000000000 ) ) ;
#2353 = DIRECTION ( 'NONE',  ( 1.000000000000000000, 0.0000000000000000000, 0.0000000000000000000 ) ) ;
#2354 = ORIENTED_EDGE ( 'NONE', *, *, #440, .F. ) ;
#2355 = CARTESIAN_POINT ( 'NONE',  ( -23.00000000000000000, 0.0000000000000000000, 0.0000000000000000000 ) ) ;
#2356 = FACE_BOUND ( 'NONE', #951, .T. ) ;
#2357 = AXIS2_PLACEMENT_3D ( 'NONE', #1220, #1200, #1191 ) ;
#2358 = PRODUCT_DEFINITION_FORMATION_WITH_SPECIFIED_SOURCE ( 'ANY', '', #966, .NOT_KNOWN. ) ;
#2359 = DIRECTION ( 'NONE',  ( -1.000000000000000000, 0.0000000000000000000, 0.0000000000000000000 ) ) ;
#2360 = DIRECTION ( 'NONE',  ( 0.0000000000000000000, 0.0000000000000000000, 1.000000000000000000 ) ) ;
#2361 = ORIENTED_EDGE ( 'NONE', *, *, #22, .F. ) ;
#2362 = LINE ( 'NONE', #2375, #2369 ) ;
#2363 = B_SPLINE_CURVE_WITH_KNOTS ( 'NONE', 3,
 ( #1638, #2342, #1531, #2079 ),
 .UNSPECIFIED., .F., .F.,
 ( 4, 4 ),
 ( 0.1518900749154396500, 0.1522143201996877500 ),
 .UNSPECIFIED. ) ;
#2364 = CARTESIAN_POINT ( 'NONE',  ( 9.761471514594223500, -32.25761373668221000, -55.58056060953131800 ) ) ;
#2365 = CC_DESIGN_DATE_AND_TIME_ASSIGNMENT ( #1260, #78, ( #2426 ) ) ;
#2366 = CIRCLE ( 'NONE', #344, 71.50000000000000000 ) ;
#2367 = DIRECTION ( 'NONE',  ( 0.0000000000000000000, 1.000000000000000000, 0.0000000000000000000 ) ) ;
#2368 = CARTESIAN_POINT ( 'NONE',  ( 9.097319270074899900, -56.10891284888919000, 31.52837533318089700 ) ) ;
#2369 = VECTOR ( 'NONE', #2341, 1000.000000000000100 ) ;
#2370 = DIRECTION ( 'NONE',  ( -1.000000000000000000, 0.0000000000000000000, 0.0000000000000000000 ) ) ;
#2371 = CARTESIAN_POINT ( 'NONE',  ( -15.00000000000000000, 0.0000000000000000000, 0.0000000000000000000 ) ) ;
#2372 = EDGE_LOOP ( 'NONE', ( #2694, #2520, #2408, #2384, #2915, #672 ) ) ;
#2373 = VECTOR ( 'NONE', #2389, 1000.000000000000000 ) ;
#2374 = DIRECTION ( 'NONE',  ( 0.0000000000000000000, 0.0000000000000000000, -1.000000000000000000 ) ) ;
#2375 = CARTESIAN_POINT ( 'NONE',  ( 35.96410161513775000, -21.84375000000000000, -37.83448482783265400 ) ) ;
#2376 = CIRCLE ( 'NONE', #345, 71.50000000000000000 ) ;
#2377 = EDGE_LOOP ( 'NONE', ( #1160 ) ) ;
#2378 = EDGE_CURVE ( 'E124', #2768, #2987, #2323, .T. ) ;
#2379 = LINE ( 'NONE', #2397, #2373 ) ;
#2380 = CARTESIAN_POINT ( 'NONE',  ( 9.286695797294523700, -56.06089564105798200, 31.55856510088445800 ) ) ;
#2381 = VECTOR ( 'NONE', #2405, 1000.000000000000000 ) ;
#2382 = EDGE_CURVE ( 'E970', #3011, #2993, #2316, .T. ) ;
#2383 = DIRECTION ( 'NONE',  ( -1.000000000000000000, 0.0000000000000000000, -6.123031769111888800E-017 ) ) ;
#2384 = ORIENTED_EDGE ( 'NONE', *, *, #1032, .F. ) ;
#2385 = DIRECTION ( 'NONE',  ( 0.0000000000000000000, -1.000000000000000000, 0.0000000000000000000 ) ) ;
#2386 = VECTOR ( 'NONE', #2501, 1000.000000000000000 ) ;
#2387 = EDGE_CURVE ( 'E255', #2327, #1724, #2326, .T. ) ;
#2388 = EDGE_LOOP ( 'NONE', ( #2963 ) ) ;
#2389 = DIRECTION ( 'NONE',  ( 0.0000000000000000000, 0.4999999999999998900, 0.8660254037844387100 ) ) ;
#2390 = CARTESIAN_POINT ( 'NONE',  ( -33.30000000000000400, 0.0000000000000000000, 0.0000000000000000000 ) ) ;
#2391 = DIRECTION ( 'NONE',  ( -1.000000000000000000, 0.0000000000000000000, 0.0000000000000000000 ) ) ;
#2392 = LINE ( 'NONE', #2472, #2381 ) ;
#2393 = EDGE_LOOP ( 'NONE', ( #2828 ) ) ;
#2394 = EDGE_CURVE ( 'E976', #2993, #2530, #2308, .T. ) ;
#2395 = DIRECTION ( 'NONE',  ( 0.0000000000000000000, 0.0000000000000000000, 1.000000000000000000 ) ) ;
#2396 = CC_DESIGN_PERSON_AND_ORGANIZATION_ASSIGNMENT ( #1274, #79, ( #2426 ) ) ;
#2397 = CARTESIAN_POINT ( 'NONE',  ( 35.96410161513775000, -22.87500000000000000, -39.62066222313809800 ) ) ;
#2398 = CARTESIAN_POINT ( 'NONE',  ( 9.343450858883233700, -32.74444777314370500, -55.36705666140912300 ) ) ;
#2399 = CARTESIAN_POINT ( 'NONE',  ( 27.98467808791919600, -15.21944942030411800, -34.27304793291664000 ) ) ;
#2400 = CC_DESIGN_APPROVAL ( #2417, ( #2426 ) ) ;
#2401 = VERTEX_POINT ( 'NONE', #2217 ) ;
#2402 = CARTESIAN_POINT ( 'NONE',  ( 34.23205080756889600, -20.27692378864670200, -41.12066222313809800 ) ) ;
#2403 = ORIENTED_EDGE ( 'NONE', *, *, #1100, .T. ) ;
#2404 = VERTEX_POINT ( 'NONE', #2179 ) ;
#2405 = DIRECTION ( 'NONE',  ( 0.0000000000000000000, -1.000000000000000000, 0.0000000000000000000 ) ) ;
#2406 = EDGE_CURVE ( 'E991', #2858, #2530, #2351, .T. ) ;
#2407 = CARTESIAN_POINT ( 'NONE',  ( -31.30000000000000100, 0.0000000000000000000, 0.0000000000000000000 ) ) ;
#2408 = ORIENTED_EDGE ( 'NONE', *, *, #808, .F. ) ;
#2409 = DIRECTION ( 'NONE',  ( 0.0000000000000000000, 0.0000000000000000000, -1.000000000000000000 ) ) ;
#2410 = DIRECTION ( 'NONE',  ( 1.000000000000000000, 0.0000000000000000000, 0.0000000000000000000 ) ) ;
#2411 = LINE ( 'NONE', #2402, #2386 ) ;
#2412 = DIRECTION ( 'NONE',  ( -1.000000000000000000, 0.0000000000000000000, 0.0000000000000000000 ) ) ;
#2413 = DIRECTION ( 'NONE',  ( 0.0000000000000000000, 0.0000000000000000000, 1.000000000000000000 ) ) ;
#2414 = CARTESIAN_POINT ( 'NONE',  ( -12.00000000000000000, 112.5000000000000000, 0.0000000000000000000 ) ) ;
#2415 = CARTESIAN_POINT ( 'NONE',  ( 21.00000000000000000, 0.0000000000000000000, 3.367667473011539800E-015 ) ) ;
#2416 = VECTOR ( 'NONE', #2475, 1000.000000000000100 ) ;
#2417 = APPROVAL ( #87, 'UNSPECIFIED' ) ;
#2418 = CIRCLE ( 'NONE', #395, 80.02271352118599200 ) ;
#2419 = CARTESIAN_POINT ( 'NONE',  ( 9.772371737075014100, -32.07237209785174800, -55.68574667825235000 ) ) ;
#2420 = CIRCLE ( 'NONE', #371, 11.50000000000000000 ) ;
#2421 = LINE ( 'NONE', #2450, #2416 ) ;
#2422 = EDGE_CURVE ( 'E319', #2327, #2796, #2293, .T. ) ;
#2423 = VECTOR ( 'NONE', #2513, 1000.000000000000200 ) ;
#2424 = FACE_OUTER_BOUND ( 'NONE', #273, .T. ) ;
#2425 = ADVANCED_FACE ( 'E575', ( #2283 ), #2149, .T. ) ;
#2426 = PRODUCT_DEFINITION ( 'UNKNOWN', '', #2358, #84 ) ;
#2427 = CARTESIAN_POINT ( 'NONE',  ( -14.20000000000000100, 112.5000000000000000, 0.0000000000000000000 ) ) ;
#2428 = ORIENTED_EDGE ( 'NONE', *, *, #886, .F. ) ;
#2429 = DIRECTION ( 'NONE',  ( 1.000000000000000000, 0.0000000000000000000, 0.0000000000000000000 ) ) ;
#2430 = DIRECTION ( 'NONE',  ( 0.0000000000000000000, 0.0000000000000000000, 1.000000000000000000 ) ) ;
#2431 = VECTOR ( 'NONE', #2521, 1000.000000000000000 ) ;
#2432 = DIRECTION ( 'NONE',  ( -1.000000000000000000, 0.0000000000000000000, 0.0000000000000000000 ) ) ;
#2433 = CARTESIAN_POINT ( 'NONE',  ( 21.00000000000000000, -125.1666666666665900, 21.55355088043630100 ) ) ;
#2434 = CIRCLE ( 'NONE', #390, 6.000000000000002700 ) ;
#2435 = DIRECTION ( 'NONE',  ( 0.0000000000000000000, 0.0000000000000000000, -1.000000000000000000 ) ) ;
#2436 = CARTESIAN_POINT ( 'NONE',  ( -12.21575012362971300, 76.01065025900524600, -25.00000000000000000 ) ) ;
#2437 = EDGE_CURVE ( 'E997', #2530, #2859, #2298, .T. ) ;
#2438 = DIRECTION ( 'NONE',  ( 0.0000000000000000000, 0.0000000000000000000, 1.000000000000000000 ) ) ;
#2439 = VECTOR ( 'NONE', #2566, 1000.000000000000100 ) ;
#2440 = CC_DESIGN_PERSON_AND_ORGANIZATION_ASSIGNMENT ( #1305, #98, ( #966 ) ) ;
#2441 = CARTESIAN_POINT ( 'NONE',  ( 37.09981391238946500, 45.52547098079599400, -4.529384582166119200 ) ) ;
#2442 = EDGE_LOOP ( 'NONE', ( #2896 ) ) ;
#2443 = LINE ( 'NONE', #2544, #2423 ) ;
#2444 = AXIS2_PLACEMENT_3D ( 'NONE', #355, #135, #103 ) ;
#2445 = CARTESIAN_POINT ( 'NONE',  ( -12.32362519336101900, 0.0000000000000000000, 0.0000000000000000000 ) ) ;
#2446 = CYLINDRICAL_SURFACE ( 'NONE', #378, 73.80000000000001100 ) ;
#2447 = EDGE_CURVE ( 'E219', #2714, #1782, #2279, .T. ) ;
#2448 = ORIENTED_EDGE ( 'NONE', *, *, #2902, .T. ) ;
#2449 = CONICAL_SURFACE ( 'NONE', #426, 6.000000000000000000, 0.7853981633974490600 ) ;
#2450 = CARTESIAN_POINT ( 'NONE',  ( 34.23205080756889600, -19.24567378864670200, -39.33448482783270400 ) ) ;
#2451 = DIRECTION ( 'NONE',  ( 0.0000000000000000000, 0.0000000000000000000, 1.000000000000000000 ) ) ;
#2452 = VERTEX_POINT ( 'NONE', #2096 ) ;
#2453 = LINE ( 'NONE', #2562, #2439 ) ;
#2454 = DIRECTION ( 'NONE',  ( 0.0000000000000000000, 0.8660254037844384900, -0.5000000000000002200 ) ) ;
#2455 = CARTESIAN_POINT ( 'NONE',  ( 9.376252769896039400, -56.02813866450594600, 31.59023961746546000 ) ) ;
#2456 = VECTOR ( 'NONE', #2534, 1000.000000000000100 ) ;
#2457 = DIRECTION ( 'NONE',  ( -6.123031769111887500E-017, -0.4999999999999998900, -0.8660254037844387100 ) ) ;
#2458 = CARTESIAN_POINT ( 'NONE',  ( -14.20000000000000100, 125.1666666666665900, 21.55355088043630100 ) ) ;
#2459 = CARTESIAN_POINT ( 'NONE',  ( -12.10787505917461700, 76.00396899213883700, -25.00000000000000000 ) ) ;
#2460 = EDGE_LOOP ( 'NONE', ( #2803 ) ) ;
#2461 = LINE ( 'NONE', #2555, #2431 ) ;
#2462 = CARTESIAN_POINT ( 'NONE',  ( -12.00000000000000000, 75.99728763956311200, -25.00000000000000000 ) ) ;
#2463 = CARTESIAN_POINT ( 'NONE',  ( 32.50000000000000000, -22.53670000000000000, -39.03470943493755400 ) ) ;
#2464 = FACE_OUTER_BOUND ( 'NONE', #655, .T. ) ;
#2465 = DIRECTION ( 'NONE',  ( 8.462065736472229800E-017, 0.0000000000000000000, -1.000000000000000000 ) ) ;
#2466 = EDGE_CURVE ( 'E1012', #2865, #2859, #2255, .T. ) ;
#2467 = FACE_OUTER_BOUND ( 'NONE', #520, .T. ) ;
#2468 = ORIENTED_EDGE ( 'NONE', *, *, #670, .F. ) ;
#2469 = DIRECTION ( 'NONE',  ( 0.0000000000000000000, -0.8621420352174509200, 0.5066666666666670400 ) ) ;
#2470 = LINE ( 'NONE', #2543, #2456 ) ;
#2471 = EDGE_CURVE ( 'E1018', #2859, #1869, #2259, .T. ) ;
#2472 = CARTESIAN_POINT ( 'NONE',  ( -12.00000000000000000, 0.0000000000000000000, 25.00000000000000000 ) ) ;
#2473 = AXIS2_PLACEMENT_3D ( 'NONE', #391, #415, #411 ) ;
#2474 = FACE_BOUND ( 'NONE', #2291, .T. ) ;
#2475 = DIRECTION ( 'NONE',  ( 0.5000000000000001100, -0.7500000000000001100, 0.4330127018922190800 ) ) ;
#2476 = AXIS2_PLACEMENT_3D ( 'NONE', #417, #478, #399 ) ;
#2477 = VECTOR ( 'NONE', #2616, 1000.000000000000000 ) ;
#2478 = EDGE_LOOP ( 'NONE', ( #3000 ) ) ;
#2479 = FACE_OUTER_BOUND ( 'NONE', #1682, .T. ) ;
#2480 = CARTESIAN_POINT ( 'NONE',  ( 37.55380938254139500, 45.56763700564436400, -4.083983152687833900 ) ) ;
#2481 =( GEOMETRIC_REPRESENTATION_CONTEXT ( 3 ) GLOBAL_UNCERTAINTY_ASSIGNED_CONTEXT ( ( #1749 ) ) GLOBAL_UNIT_ASSIGNED_CONTEXT ( ( #127, #124, #115 ) ) REPRESENTATION_CONTEXT ( 'NONE', 'WORKASPACE' ) );
#2482 = VECTOR ( 'NONE', #2622, 1000.000000000000200 ) ;
#2483 = CARTESIAN_POINT ( 'NONE',  ( 37.96965925389468300, 45.60909006811667200, -3.602394458807543800 ) ) ;
#2484 = CARTESIAN_POINT ( 'NONE',  ( 38.21110372455370200, 45.63529061592903700, -3.258528055345653000 ) ) ;
#2485 = CIRCLE ( 'NONE', #416, 80.02271352118599200 ) ;
#2486 = ADVANCED_FACE ( 'E1311', ( #2242, #2286 ), #2235, .F. ) ;
#2487 = VECTOR ( 'NONE', #2656, 1000.000000000000100 ) ;
#2488 = CARTESIAN_POINT ( 'NONE',  ( -12.00000000000000000, 0.0000000000000000000, 25.00000000000000000 ) ) ;
#2489 = LINE ( 'NONE', #2628, #2482 ) ;
#2490 = ORIENTED_EDGE ( 'NONE', *, *, #169, .F. ) ;
#2491 = CYLINDRICAL_SURFACE ( 'NONE', #406, 56.35660171779819900 ) ;
#2492 = LINE ( 'NONE', #2633, #2477 ) ;
#2493 = CARTESIAN_POINT ( 'NONE',  ( 38.51898122245144400, 45.67015632758895500, -2.707976123515311300 ) ) ;
#2494 = ORIENTED_EDGE ( 'NONE', *, *, #1917, .T. ) ;
#2495 = LINE ( 'NONE', #2643, #2510 ) ;
#2496 = CARTESIAN_POINT ( 'NONE',  ( 21.00000000000000000, 125.1666666666665900, 21.55355088043625100 ) ) ;
#2497 = ADVANCED_FACE ( 'E1382', ( #2241, #2246 ), #2211, .F. ) ;
#2498 = AXIS2_PLACEMENT_3D ( 'NONE', #439, #430, #425 ) ;
#2499 = ADVANCED_FACE ( 'E639', ( #2249, #2207 ), #2238, .T. ) ;
#2500 = ORIENTED_EDGE ( 'NONE', *, *, #2447, .T. ) ;
#2501 = DIRECTION ( 'NONE',  ( 0.0000000000000000000, 0.4999999999999998900, 0.8660254037844387100 ) ) ;
#2502 = EDGE_CURVE ( 'NONE', #1375, #1375, #2232, .T. ) ;
#2503 = FACE_BOUND ( 'NONE', #1567, .T. ) ;
#2504 = ORIENTED_EDGE ( 'NONE', *, *, #384, .F. ) ;
#2505 = DIRECTION ( 'NONE',  ( -0.5000000000000003300, 0.0000000000000000000, 0.8660254037844384900 ) ) ;
#2506 = FACE_OUTER_BOUND ( 'NONE', #2176, .T. ) ;
#2507 = ORIENTED_EDGE ( 'NONE', *, *, #8, .F. ) ;
#2508 = CARTESIAN_POINT ( 'NONE',  ( 42.50000000000000000, 0.0000000000000000000, 0.0000000000000000000 ) ) ;
#2509 = DIRECTION ( 'NONE',  ( 1.000000000000000000, 0.0000000000000000000, 0.0000000000000000000 ) ) ;
#2510 = VECTOR ( 'NONE', #2644, 1000.000000000000100 ) ;
#2511 = ADVANCED_FACE ( 'E1374', ( #2205, #2202 ), #2193, .F. ) ;
#2512 = CARTESIAN_POINT ( 'NONE',  ( -34.00000000000000000, 41.54666666666664600, -70.69564688783100300 ) ) ;
#2513 = DIRECTION ( 'NONE',  ( 3.102336096350024700E-017, 0.8621420352174509200, -0.5066666666666670400 ) ) ;
#2514 = ORIENTED_EDGE ( 'NONE', *, *, #1153, .T. ) ;
#2515 = CARTESIAN_POINT ( 'NONE',  ( 38.61249423707055700, 45.68103923526707200, -2.518625770901697700 ) ) ;
#2516 = DIRECTION ( 'NONE',  ( -1.000000000000000000, 0.0000000000000000000, 0.0000000000000000000 ) ) ;
#2517 = FACE_BOUND ( 'NONE', #617, .T. ) ;
#2518 = CARTESIAN_POINT ( 'NONE',  ( -12.32362519336101900, -76.01733144023009500, 25.00000000000000000 ) ) ;
#2519 = DIRECTION ( 'NONE',  ( 0.0000000000000000000, 0.0000000000000000000, 1.000000000000000000 ) ) ;
#2520 = ORIENTED_EDGE ( 'NONE', *, *, #2093, .T. ) ;
#2521 = DIRECTION ( 'NONE',  ( -1.000000000000000000, -2.775557561562890400E-016, 1.602468905319635000E-016 ) ) ;
#2522 = ADVANCED_FACE ( 'E909', ( #2196, #2200 ), #2166, .T. ) ;
#2523 = VERTEX_POINT ( 'NONE', #1990 ) ;
#2524 = CIRCLE ( 'NONE', #437, 5.323400000000003000 ) ;
#2525 = DIRECTION ( 'NONE',  ( 0.0000000000000000000, -1.000000000000000000, 0.0000000000000000000 ) ) ;
#2526 = DIRECTION ( 'NONE',  ( -1.000000000000000000, 0.0000000000000000000, -6.123031769111888800E-017 ) ) ;
#2527 = ADVANCED_FACE ( 'E833', ( #2162, #2177 ), #2159, .F. ) ;
#2528 = FACE_BOUND ( 'NONE', #1325, .T. ) ;
#2529 = AXIS2_PLACEMENT_3D ( 'NONE', #1848, #1844, #1791 ) ;
#2530 = VERTEX_POINT ( 'NONE', #1958 ) ;
#2531 = DIRECTION ( 'NONE',  ( 0.0000000000000000000, 0.0000000000000000000, -1.000000000000000000 ) ) ;
#2532 = ADVANCED_FACE ( 'E1335', ( #2155, #2172 ), #2195, .T. ) ;
#2533 = ORIENTED_EDGE ( 'NONE', *, *, #2121, .T. ) ;
#2534 = DIRECTION ( 'NONE',  ( 0.4999999999999999400, 0.7499999999999998900, -0.4330127018922194600 ) ) ;
#2535 = CIRCLE ( 'NONE', #461, 6.000000000000002700 ) ;
#2536 = DIRECTION ( 'NONE',  ( 1.000000000000000000, 0.0000000000000000000, 0.0000000000000000000 ) ) ;
#2537 = FACE_OUTER_BOUND ( 'NONE', #633, .T. ) ;
#2538 = ORIENTED_EDGE ( 'NONE', *, *, #2081, .F. ) ;
#2539 = AXIS2_PLACEMENT_3D ( 'NONE', #1607, #1586, #1572 ) ;
#2540 = ORIENTED_EDGE ( 'NONE', *, *, #2740, .T. ) ;
#2541 = CIRCLE ( 'NONE', #484, 5.323400000000000400 ) ;
#2542 = FACE_OUTER_BOUND ( 'NONE', #2818, .T. ) ;
#2543 = CARTESIAN_POINT ( 'NONE',  ( 29.03589838486225000, -22.87500000000000000, -39.62066222313809800 ) ) ;
#2544 = CARTESIAN_POINT ( 'NONE',  ( -34.00000000000000000, -125.1666666666665900, -21.55355088043630100 ) ) ;
#2545 = LINE ( 'NONE', #2657, #2487 ) ;
#2546 = CARTESIAN_POINT ( 'NONE',  ( 44.50000000000000000, 0.0000000000000000000, 0.0000000000000000000 ) ) ;
#2547 = ORIENTED_EDGE ( 'NONE', *, *, #3007, .T. ) ;
#2548 = DIRECTION ( 'NONE',  ( 1.000000000000000000, 0.0000000000000000000, 0.0000000000000000000 ) ) ;
#2549 = FACE_OUTER_BOUND ( 'NONE', #2642, .T. ) ;
#2550 = DIRECTION ( 'NONE',  ( -1.000000000000000000, 0.0000000000000000000, 0.0000000000000000000 ) ) ;
#2551 = DIRECTION ( 'NONE',  ( 0.0000000000000000000, 0.0000000000000000000, 1.000000000000000000 ) ) ;
#2552 = CYLINDRICAL_SURFACE ( 'NONE', #590, 5.000000000000000900 ) ;
#2553 = ADVANCED_FACE ( 'E318', ( #2189 ), #1939, .F. ) ;
#2554 = DIRECTION ( 'NONE',  ( 0.0000000000000000000, 0.0000000000000000000, -1.000000000000000000 ) ) ;
#2555 = CARTESIAN_POINT ( 'NONE',  ( 34.23205080756889600, -25.47307621135330200, -38.12066222313810500 ) ) ;
#2556 = EDGE_LOOP ( 'NONE', ( #1689, #1104, #2027, #2403, #1192, #2229, #1797, #1396 ) ) ;
#2557 = ORIENTED_EDGE ( 'NONE', *, *, #196, .T. ) ;
#2558 = ADVANCED_FACE ( 'E676', ( #2160 ), #1923, .T. ) ;
#2559 = EDGE_CURVE ( 'NONE', #1374, #1374, #2224, .T. ) ;
#2560 = DIRECTION ( 'NONE',  ( -1.000000000000000000, 0.0000000000000000000, 0.0000000000000000000 ) ) ;
#2561 = AXIS2_PLACEMENT_3D ( 'NONE', #455, #469, #445 ) ;
#2562 = CARTESIAN_POINT ( 'NONE',  ( 30.76794919243110000, -25.47307621135330200, -38.12066222313810500 ) ) ;
#2563 = ORIENTED_EDGE ( 'NONE', *, *, #931, .T. ) ;
#2564 = EDGE_LOOP ( 'NONE', ( #1757, #1083, #1558, #2201 ) ) ;
#2565 = EDGE_CURVE ( 'NONE', #1370, #1370, #2170, .T. ) ;
#2566 = DIRECTION ( 'NONE',  ( -0.5000000000000001100, 0.7500000000000001100, -0.4330127018922190800 ) ) ;
#2567 = DIRECTION ( 'NONE',  ( 1.000000000000000000, 0.0000000000000000000, 0.0000000000000000000 ) ) ;
#2568 = EDGE_LOOP ( 'NONE', ( #2921, #2912, #2904, #2873, #2820, #2790, #2765, #2759 ) ) ;
#2569 = CARTESIAN_POINT ( 'NONE',  ( -12.00000000000000000, 112.5000000000000000, 0.0000000000000000000 ) ) ;
#2570 = ADVANCED_FACE ( 'E1392', ( #2147, #2134 ), #2152, .T. ) ;
#2571 = ORIENTED_EDGE ( 'NONE', *, *, #1098, .F. ) ;
#2572 = CIRCLE ( 'NONE', #507, 71.50000000000000000 ) ;
#2573 = CARTESIAN_POINT ( 'NONE',  ( 42.50000000000000000, 0.0000000000000000000, 0.0000000000000000000 ) ) ;
#2574 = FACE_OUTER_BOUND ( 'NONE', #2372, .T. ) ;
#2575 = CARTESIAN_POINT ( 'NONE',  ( -35.00000000000000000, 0.0000000000000000000, 0.0000000000000000000 ) ) ;
#2576 = DIRECTION ( 'NONE',  ( -1.000000000000000000, 0.0000000000000000000, 0.0000000000000000000 ) ) ;
#2577 = ORIENTED_EDGE ( 'NONE', *, *, #2740, .F. ) ;
#2578 = EDGE_CURVE ( 'E1094', #2678, #2452, #2138, .T. ) ;
#2579 = FACE_OUTER_BOUND ( 'NONE', #1744, .T. ) ;
#2580 = DIRECTION ( 'NONE',  ( 0.0000000000000000000, 0.0000000000000000000, 1.000000000000000000 ) ) ;
#2581 = FACE_OUTER_BOUND ( 'NONE', #873, .T. ) ;
#2582 = DIRECTION ( 'NONE',  ( 0.0000000000000000000, 0.0000000000000000000, 1.000000000000000000 ) ) ;
#2583 = FACE_OUTER_BOUND ( 'NONE', #1815, .T. ) ;
#2584 = ADVANCED_FACE ( 'E759', ( #2127 ), #1781, .T. ) ;
#2585 = DIRECTION ( 'NONE',  ( -1.000000000000000000, 0.0000000000000000000, 0.0000000000000000000 ) ) ;
#2586 = CARTESIAN_POINT ( 'NONE',  ( -12.32362519336101900, 0.0000000000000000000, 0.0000000000000000000 ) ) ;
#2587 = CYLINDRICAL_SURFACE ( 'NONE', #651, 25.00000000000000000 ) ;
#2588 = FACE_OUTER_BOUND ( 'NONE', #2770, .T. ) ;
#2589 = CARTESIAN_POINT ( 'NONE',  ( 9.749999999999998200, -48.80624875857500200, 28.17830085889909200 ) ) ;
#2590 = DIRECTION ( 'NONE',  ( 0.0000000000000000000, 0.0000000000000000000, -1.000000000000000000 ) ) ;
#2591 = CARTESIAN_POINT ( 'NONE',  ( 44.50000000000000000, 0.0000000000000000000, 0.0000000000000000000 ) ) ;
#2592 = AXIS2_PLACEMENT_3D ( 'NONE', #1778, #1770, #1761 ) ;
#2593 = CARTESIAN_POINT ( 'NONE',  ( 32.50000000000000000, 45.07339999999999900, 0.0000000000000000000 ) ) ;
#2594 = CYLINDRICAL_SURFACE ( 'NONE', #671, 45.75000000000000000 ) ;
#2595 = CARTESIAN_POINT ( 'NONE',  ( -31.30000000000000100, 0.0000000000000000000, 0.0000000000000000000 ) ) ;
#2596 = ADVANCED_FACE ( 'E1202', ( #2116 ), #1754, .T. ) ;
#2597 = DIRECTION ( 'NONE',  ( -1.000000000000000000, 0.0000000000000000000, 0.0000000000000000000 ) ) ;
#2598 = FACE_BOUND ( 'NONE', #1691, .T. ) ;
#2599 = DIRECTION ( 'NONE',  ( 0.0000000000000000000, 0.0000000000000000000, 1.000000000000000000 ) ) ;
#2600 = FACE_OUTER_BOUND ( 'NONE', #1753, .T. ) ;
#2601 = DIRECTION ( 'NONE',  ( 0.0000000000000000000, -1.000000000000000000, 0.0000000000000000000 ) ) ;
#2602 = AXIS2_PLACEMENT_3D ( 'NONE', #1785, #1728, #1727 ) ;
#2603 = ADVANCED_FACE ( 'E642', ( #2143, #2106 ), #1752, .T. ) ;
#2604 = ADVANCED_FACE ( 'E975', ( #2108 ), #1721, .T. ) ;
#2605 = EDGE_LOOP ( 'NONE', ( #3044 ) ) ;
#2606 = TOROIDAL_SURFACE ( 'NONE', #625, 82.00000000000000000, 1.980000000000000000 ) ;
#2607 = DIRECTION ( 'NONE',  ( 0.0000000000000000000, -1.000000000000000000, 0.0000000000000000000 ) ) ;
#2608 = AXIS2_PLACEMENT_3D ( 'NONE', #453, #450, #448 ) ;
#2609 = CARTESIAN_POINT ( 'NONE',  ( 9.750000000000003600, -48.75669952064416200, 28.26412265647163100 ) ) ;
#2610 = EDGE_LOOP ( 'NONE', ( #823 ) ) ;
#2611 = FACE_OUTER_BOUND ( 'NONE', #1910, .T. ) ;
#2612 = EDGE_CURVE ( 'E1101', #2776, #2678, #2097, .T. ) ;
#2613 = CYLINDRICAL_SURFACE ( 'NONE', #680, 71.50000000000000000 ) ;
#2614 = CARTESIAN_POINT ( 'NONE',  ( 9.730491154469058700, -48.70784604355318200, 28.34820171852525300 ) ) ;
#2615 = AXIS2_PLACEMENT_3D ( 'NONE', #510, #489, #488 ) ;
#2616 = DIRECTION ( 'NONE',  ( 1.000000000000000000, 5.551115123125780700E-016, -3.204937810639275000E-016 ) ) ;
#2617 = ADVANCED_FACE ( 'E1317', ( #2113, #2110 ), #2074, .F. ) ;
#2618 = CARTESIAN_POINT ( 'NONE',  ( 9.655200598043304400, -48.61621775362447600, 28.50505530969632400 ) ) ;
#2619 = ADVANCED_FACE ( 'E1360', ( #2087, #2073 ), #2066, .T. ) ;
#2620 = FACE_BOUND ( 'NONE', #925, .T. ) ;
#2621 = ADVANCED_FACE ( 'E1083', ( #2078, #2065 ), #2052, .T. ) ;
#2622 = DIRECTION ( 'NONE',  ( -3.102336096350024700E-017, 0.8621420352174509200, 0.5066666666666670400 ) ) ;
#2623 = FACE_BOUND ( 'NONE', #1288, .T. ) ;
#2624 = CARTESIAN_POINT ( 'NONE',  ( 9.599481591877824000, -48.57405575677012200, 28.57678168984330500 ) ) ;
#2625 = CYLINDRICAL_SURFACE ( 'NONE', #702, 37.50000000000000000 ) ;
#2626 = ADVANCED_FACE ( 'E954', ( #2069 ), #1614, .T. ) ;
#2627 = FACE_OUTER_BOUND ( 'NONE', #1313, .T. ) ;
#2628 = CARTESIAN_POINT ( 'NONE',  ( -34.00000000000000000, -125.1666666666665900, 21.55355088043625100 ) ) ;
#2629 = CARTESIAN_POINT ( 'NONE',  ( 9.391883957999832300, -48.46858386747125300, 28.75555744529058100 ) ) ;
#2630 = CARTESIAN_POINT ( 'NONE',  ( 9.196047837308192600, -48.42697985294744700, 28.82523511632757600 ) ) ;
#2631 = FACE_OUTER_BOUND ( 'NONE', #1959, .T. ) ;
#2632 = AXIS2_PLACEMENT_3D ( 'NONE', #479, #485, #494 ) ;
#2633 = CARTESIAN_POINT ( 'NONE',  ( 30.76794919243110000, -20.27692378864670200, -41.12066222313809800 ) ) ;
#2634 = EDGE_LOOP ( 'NONE', ( #2793 ) ) ;
#2635 = FACE_OUTER_BOUND ( 'NONE', #1004, .T. ) ;
#2636 = DIRECTION ( 'NONE',  ( 0.0000000000000000000, 0.0000000000000000000, -1.000000000000000000 ) ) ;
#2637 = EDGE_CURVE ( 'E108', #244, #2714, #2061, .T. ) ;
#2638 = FACE_OUTER_BOUND ( 'NONE', #2875, .T. ) ;
#2639 = CARTESIAN_POINT ( 'NONE',  ( 8.902573743814462800, -48.42690010102491300, 28.82536910061325800 ) ) ;
#2640 = AXIS2_PLACEMENT_3D ( 'NONE', #511, #505, #504 ) ;
#2641 = ADVANCED_FACE ( 'E245', ( #2037 ), #2030, .T. ) ;
#2642 = EDGE_LOOP ( 'NONE', ( #1952, #31, #1027, #2041, #812 ) ) ;
#2643 = CARTESIAN_POINT ( 'NONE',  ( 35.96410161513775000, -22.87500000000000000, -39.62066222313809800 ) ) ;
#2644 = DIRECTION ( 'NONE',  ( -0.5000000000000001100, -0.7500000000000001100, 0.4330127018922190800 ) ) ;
#2645 = CYLINDRICAL_SURFACE ( 'NONE', #715, 56.35660171779819900 ) ;
#2646 = CARTESIAN_POINT ( 'NONE',  ( 8.804264457536049800, -48.43683523662691200, 28.80869588904697300 ) ) ;
#2647 = EDGE_LOOP ( 'NONE', ( #3036 ) ) ;
#2648 = CARTESIAN_POINT ( 'NONE',  ( 37.40609376797659300, 45.55346288680141200, -4.238614365245852300 ) ) ;
#2649 = AXIS2_PLACEMENT_3D ( 'NONE', #530, #527, #564 ) ;
#2650 = FACE_OUTER_BOUND ( 'NONE', #2478, .T. ) ;
#2651 = CARTESIAN_POINT ( 'NONE',  ( 8.622658787868628500, -48.47517393694185700, 28.74413815634358800 ) ) ;
#2652 = EDGE_CURVE ( 'NONE', #1369, #1369, #1615, .T. ) ;
#2653 = ORIENTED_EDGE ( 'NONE', *, *, #126, .F. ) ;
#2654 = FACE_OUTER_BOUND ( 'NONE', #2916, .T. ) ;
#2655 = CARTESIAN_POINT ( 'NONE',  ( 8.249930793472822500, -48.90400710837040800, 28.00898027220572200 ) ) ;
#2656 = DIRECTION ( 'NONE',  ( 0.5000000000000001100, -0.7500000000000001100, 0.4330127018922190800 ) ) ;
#2657 = CARTESIAN_POINT ( 'NONE',  ( 34.23205080756889600, -20.27692378864670200, -41.12066222313809800 ) ) ;
#2658 = CONICAL_SURFACE ( 'NONE', #778, 6.000000000000002700, 0.7853981633974503900 ) ;
#2659 = AXIS2_PLACEMENT_3D ( 'NONE', #539, #538, #544 ) ;
#2660 = CARTESIAN_POINT ( 'NONE',  ( 8.330986587444778400, -49.00090801428832100, 27.83876321881843600 ) ) ;
#2661 = CARTESIAN_POINT ( 'NONE',  ( 8.538240028688916200, -49.10304531329809700, 27.65795165569281300 ) ) ;
#2662 = ORIENTED_EDGE ( 'NONE', *, *, #2868, .F. ) ;
#2663 = DIRECTION ( 'NONE',  ( 0.0000000000000000000, -0.8660254037844383700, 0.5000000000000002200 ) ) ;
#2664 = ADVANCED_FACE ( 'E851', ( #2034, #2084 ), #2021, .F. ) ;
#2665 = FACE_BOUND ( 'NONE', #68, .T. ) ;
#2666 = DIRECTION ( 'NONE',  ( 0.0000000000000000000, 0.4999999999999998900, 0.8660254037844387100 ) ) ;
#2667 = CARTESIAN_POINT ( 'NONE',  ( 8.621509583443193800, -49.13041178103191700, 27.60924873337467000 ) ) ;
#2668 = FACE_OUTER_BOUND ( 'NONE', #1575, .T. ) ;
#2669 = AXIS2_PLACEMENT_3D ( 'NONE', #1018, #1014, #1013 ) ;
#2670 = CARTESIAN_POINT ( 'NONE',  ( 32.50000000000000000, -22.87500000000000000, -39.62066222313809800 ) ) ;
#2671 = ADVANCED_FACE ( 'E1244', ( #2057 ), #1226, .T. ) ;
#2672 = CARTESIAN_POINT ( 'NONE',  ( 8.802866643773418400, -49.16729253458052500, 27.54351688172906900 ) ) ;
#2673 = FACE_OUTER_BOUND ( 'NONE', #1185, .T. ) ;
#2674 = CARTESIAN_POINT ( 'NONE',  ( -12.00000000000000000, 0.0000000000000000000, -25.00000000000000000 ) ) ;
#2675 = DIRECTION ( 'NONE',  ( 0.0000000000000000000, -1.000000000000000000, 0.0000000000000000000 ) ) ;
#2676 = CARTESIAN_POINT ( 'NONE',  ( -130.0000000000000000, 0.0000000000000000000, 0.0000000000000000000 ) ) ;
#2677 = ORIENTED_EDGE ( 'NONE', *, *, #398, .F. ) ;
#2678 = VERTEX_POINT ( 'NONE', #1213 ) ;
#2679 = CARTESIAN_POINT ( 'NONE',  ( 9.699367322536257800, -55.51676584751437100, 32.38550167056654800 ) ) ;
#2680 = DIRECTION ( 'NONE',  ( -1.000000000000000000, 0.0000000000000000000, 0.0000000000000000000 ) ) ;
#2681 = CARTESIAN_POINT ( 'NONE',  ( 34.23205080756889600, -25.47307621135330200, -38.12066222313810500 ) ) ;
#2682 = ORIENTED_EDGE ( 'NONE', *, *, #2033, .T. ) ;
#2683 = EDGE_LOOP ( 'NONE', ( #679 ) ) ;
#2684 = CARTESIAN_POINT ( 'NONE',  ( 8.900326402787113600, -49.17687716976625700, 27.52637478888993500 ) ) ;
#2685 = DIRECTION ( 'NONE',  ( 1.000000000000000000, 0.0000000000000000000, 0.0000000000000000000 ) ) ;
#2686 = EDGE_LOOP ( 'NONE', ( #2996 ) ) ;
#2687 = CARTESIAN_POINT ( 'NONE',  ( 9.098143909388987500, -49.17697571095427400, 27.52619874070743200 ) ) ;
#2688 = CARTESIAN_POINT ( 'NONE',  ( 38.78032202251688400, 45.70091991007699100, -2.127613865480895200 ) ) ;
#2689 = EDGE_LOOP ( 'NONE', ( #2982 ) ) ;
#2690 = ADVANCED_FACE ( 'E1368', ( #2024, #2019 ), #2059, .T. ) ;
#2691 = ORIENTED_EDGE ( 'NONE', *, *, #1980, .F. ) ;
#2692 = AXIS2_PLACEMENT_3D ( 'NONE', #673, #551, #548 ) ;
#2693 = CARTESIAN_POINT ( 'NONE',  ( 9.195522068394037500, -49.16752116230301100, 27.54310866171698900 ) ) ;
#2694 = ORIENTED_EDGE ( 'NONE', *, *, #122, .F. ) ;
#2695 = ADVANCED_FACE ( 'E596', ( #2029 ), #2010, .F. ) ;
#2696 = EDGE_CURVE ( 'E1108', #2727, #2776, #2005, .T. ) ;
#2697 = CARTESIAN_POINT ( 'NONE',  ( 9.750115397788922800, -55.60589303459766300, 32.21691550465644100 ) ) ;
#2698 = ORIENTED_EDGE ( 'NONE', *, *, #243, .F. ) ;
#2699 = ORIENTED_EDGE ( 'NONE', *, *, #1147, .T. ) ;
#2700 = DIRECTION ( 'NONE',  ( 1.224606353822375800E-016, 0.0000000000000000000, -1.000000000000000000 ) ) ;
#2701 = DIRECTION ( 'NONE',  ( 1.000000000000000000, 0.0000000000000000000, 1.224606353822375800E-016 ) ) ;
#2702 = CARTESIAN_POINT ( 'NONE',  ( 38.85406846640312000, 45.70985076924670700, -1.926882816832323300 ) ) ;
#2703 = CARTESIAN_POINT ( 'NONE',  ( 39.04060034915135400, 45.73270789702623100, -1.321085671599407000 ) ) ;
#2704 = ORIENTED_EDGE ( 'NONE', *, *, #2565, .T. ) ;
#2705 = AXIS2_PLACEMENT_3D ( 'NONE', #595, #560, #558 ) ;
#2706 = ORIENTED_EDGE ( 'NONE', *, *, #96, .F. ) ;
#2707 = DIRECTION ( 'NONE',  ( 0.0000000000000000000, 0.8660254037844384900, -0.5000000000000002200 ) ) ;
#2708 = ADVANCED_FACE ( 'E1329', ( #1994, #2008 ), #1166, .T. ) ;
#2709 = CARTESIAN_POINT ( 'NONE',  ( 9.377498180610489300, -49.13071119814150500, 27.60871581876776700 ) ) ;
#2710 = ORIENTED_EDGE ( 'NONE', *, *, #2378, .T. ) ;
#2711 = CARTESIAN_POINT ( 'NONE',  ( 39.12104399333478700, 45.74294184327631300, -0.9079717559545078500 ) ) ;
#2712 = VERTEX_POINT ( 'NONE', #1174 ) ;
#2713 = DIRECTION ( 'NONE',  ( -0.0000000000000000000, 0.4999999999999998900, 0.8660254037844387100 ) ) ;
#2714 = VERTEX_POINT ( 'NONE', #1129 ) ;
#2715 = CARTESIAN_POINT ( 'NONE',  ( 9.460607309264439400, -49.10349092195333000, 27.65716044574096000 ) ) ;
#2716 = CARTESIAN_POINT ( 'NONE',  ( 32.50000000000000000, -19.08830000000000000, -33.06190543011700100 ) ) ;
#2717 = ORIENTED_EDGE ( 'NONE', *, *, #719, .F. ) ;
#2718 = CARTESIAN_POINT ( 'NONE',  ( 9.668504455887664100, -49.00140124096670000, 27.83789473831350100 ) ) ;
#2719 = ADVANCED_FACE ( 'E1086', ( #1979, #1983 ), #1135, .T. ) ;
#2720 = CARTESIAN_POINT ( 'NONE',  ( 9.749999999999985800, -48.90534723443669000, 28.00665726375401800 ) ) ;
#2721 = EDGE_LOOP ( 'NONE', ( #1523 ) ) ;
#2722 = ADVANCED_FACE ( 'E733', ( #2016, #1972 ), #1128, .T. ) ;
#2723 = ORIENTED_EDGE ( 'NONE', *, *, #2789, .F. ) ;
#2724 = ORIENTED_EDGE ( 'NONE', *, *, #208, .F. ) ;
#2725 = CARTESIAN_POINT ( 'NONE',  ( 39.17401105703659400, 45.74966747926653500, -0.2740179433607768900 ) ) ;
#2726 = CARTESIAN_POINT ( 'NONE',  ( 9.749999999999998200, -48.80624875857500200, 28.17830085889909200 ) ) ;
#2727 = VERTEX_POINT ( 'NONE', #1067 ) ;
#2728 = EDGE_CURVE ( 'E1115', #2991, #2727, #1974, .T. ) ;
#2729 = AXIS2_PLACEMENT_3D ( 'NONE', #572, #568, #567 ) ;
#2730 = EDGE_LOOP ( 'NONE', ( #2749, #2742, #2736, #2724 ) ) ;
#2731 = DIRECTION ( 'NONE',  ( 0.0000000000000000000, -1.000000000000000000, 0.0000000000000000000 ) ) ;
#2732 = ADVANCED_FACE ( 'E1326', ( #1976, #1970 ), #1941, .T. ) ;
#2733 = VERTEX_POINT ( 'NONE', #1042 ) ;
#2734 = CARTESIAN_POINT ( 'NONE',  ( -23.00000000000000000, 112.5000000000000000, 25.00000000000000000 ) ) ;
#2735 = AXIS2_PLACEMENT_3D ( 'NONE', #678, #630, #623 ) ;
#2736 = ORIENTED_EDGE ( 'NONE', *, *, #2637, .F. ) ;
#2737 = PLANE ( 'NONE',  #1506 ) ;
#2738 = ORIENTED_EDGE ( 'NONE', *, *, #120, .F. ) ;
#2739 = EDGE_CURVE ( 'E1122', #2401, #2991, #1949, .T. ) ;
#2740 = EDGE_CURVE ( 'NONE', #1365, #1365, #1989, .T. ) ;
#2741 = ADVANCED_FACE ( 'E1038', ( #1963 ), #1024, .T. ) ;
#2742 = ORIENTED_EDGE ( 'NONE', *, *, #480, .T. ) ;
#2743 = AXIS2_PLACEMENT_3D ( 'NONE', #610, #599, #615 ) ;
#2744 = ORIENTED_EDGE ( 'NONE', *, *, #1122, .F. ) ;
#2745 = CARTESIAN_POINT ( 'NONE',  ( 9.756398693060692300, -55.65546316637705400, 32.12929746056871500 ) ) ;
#2746 = VERTEX_POINT ( 'NONE', #994 ) ;
#2747 = CARTESIAN_POINT ( 'NONE',  ( 21.00000000000000000, 0.0000000000000000000, 0.0000000000000000000 ) ) ;
#2748 = CARTESIAN_POINT ( 'NONE',  ( -14.75000000000000000, 0.0000000000000000000, -1.806294371888004900E-015 ) ) ;
#2749 = ORIENTED_EDGE ( 'NONE', *, *, #1040, .F. ) ;
#2750 = DIRECTION ( 'NONE',  ( -1.000000000000000000, 0.0000000000000000000, 0.0000000000000000000 ) ) ;
#2751 = DIRECTION ( 'NONE',  ( 0.0000000000000000000, 0.0000000000000000000, 1.000000000000000000 ) ) ;
#2752 = EDGE_LOOP ( 'NONE', ( #347, #622, #2500, #593 ) ) ;
#2753 = CARTESIAN_POINT ( 'NONE',  ( -12.32362519336101900, -76.01733144023009500, -25.00000000000000000 ) ) ;
#2754 = CARTESIAN_POINT ( 'NONE',  ( -12.57947569741887700, -76.03144649892658400, -25.00000000000000000 ) ) ;
#2755 = EDGE_LOOP ( 'NONE', ( #1372 ) ) ;
#2756 = ORIENTED_EDGE ( 'NONE', *, *, #2652, .F. ) ;
#2757 = EDGE_CURVE ( 'E1129', #2452, #2401, #1960, .T. ) ;
#2758 = AXIS2_PLACEMENT_3D ( 'NONE', #686, #683, #682 ) ;
#2759 = ORIENTED_EDGE ( 'NONE', *, *, #290, .T. ) ;
#2760 = CARTESIAN_POINT ( 'NONE',  ( 9.316800015018799300, 55.05627610360660600, 55.26658213406410200 ) ) ;
#2761 = VERTEX_POINT ( 'NONE', #983 ) ;
#2762 = DIRECTION ( 'NONE',  ( 0.06162841671621927000, 0.7044160264027586900, 0.7071067811865476800 ) ) ;
#2763 = DIRECTION ( 'NONE',  ( -0.06162841671621943600, -0.7044160264027586900, 0.7071067811865476800 ) ) ;
#2764 = ADVANCED_FACE ( 'E1389', ( #1924, #1930 ), #1905, .T. ) ;
#2765 = ORIENTED_EDGE ( 'NONE', *, *, #2173, .F. ) ;
#2766 = EDGE_LOOP ( 'NONE', ( #2490 ) ) ;
#2767 = VERTEX_POINT ( 'NONE', #961 ) ;
#2768 = VERTEX_POINT ( 'NONE', #960 ) ;
#2769 = VERTEX_POINT ( 'NONE', #955 ) ;
#2770 = EDGE_LOOP ( 'NONE', ( #2871 ) ) ;
#2771 = CARTESIAN_POINT ( 'NONE',  ( -12.83499123826803500, -76.09964537682108700, -25.00000000000001100 ) ) ;
#2772 = CARTESIAN_POINT ( 'NONE',  ( -14.20000000000000100, -78.09609465267780600, 25.00000000000000000 ) ) ;
#2773 = CARTESIAN_POINT ( 'NONE',  ( 8.250034673646442900, -48.75717060961716200, 28.26330578355396400 ) ) ;
#2774 = ORIENTED_EDGE ( 'NONE', *, *, #297, .F. ) ;
#2775 = CARTESIAN_POINT ( 'NONE',  ( 21.00000000000000000, 0.0000000000000000000, 0.0000000000000000000 ) ) ;
#2776 = VERTEX_POINT ( 'NONE', #1023 ) ;
#2777 = ORIENTED_EDGE ( 'NONE', *, *, #2466, .T. ) ;
#2778 = CARTESIAN_POINT ( 'NONE',  ( -13.17923888524429400, -76.27048610918298300, -24.99999999999999600 ) ) ;
#2779 = VERTEX_POINT ( 'NONE', #964 ) ;
#2780 = CARTESIAN_POINT ( 'NONE',  ( 9.716998054569414100, -55.80625237995526100, 31.87915852463304100 ) ) ;
#2781 = CARTESIAN_POINT ( 'NONE',  ( -13.29004777134163200, -76.33996563567748700, -25.00000000000001100 ) ) ;
#2782 = AXIS2_PLACEMENT_3D ( 'NONE', #705, #697, #696 ) ;
#2783 = CARTESIAN_POINT ( 'NONE',  ( -13.49382751214727900, -76.49741204655175900, -25.00000000000001100 ) ) ;
#2784 = ADVANCED_FACE ( 'E224', ( #1899 ), #973, .T. ) ;
#2785 = CARTESIAN_POINT ( 'NONE',  ( 15.00000000000000000, 0.0000000000000000000, 1.836909530733565100E-015 ) ) ;
#2786 = VERTEX_POINT ( 'NONE', #950 ) ;
#2787 = DIRECTION ( 'NONE',  ( -1.000000000000000000, 0.0000000000000000000, -2.449212707644755000E-016 ) ) ;
#2788 = CARTESIAN_POINT ( 'NONE',  ( -13.58702263131640600, -76.58506278630072500, -25.00000000000001100 ) ) ;
#2789 = EDGE_CURVE ( 'NONE', #1362, #1362, #1919, .T. ) ;
#2790 = ORIENTED_EDGE ( 'NONE', *, *, #2849, .T. ) ;
#2791 = DIRECTION ( 'NONE',  ( -1.000000000000000000, 0.0000000000000000000, 0.0000000000000000000 ) ) ;
#2792 = ORIENTED_EDGE ( 'NONE', *, *, #1107, .T. ) ;
#2793 = ORIENTED_EDGE ( 'NONE', *, *, #716, .F. ) ;
#2794 = DIRECTION ( 'NONE',  ( -2.504190031462894000E-016, 0.0000000000000000000, 1.000000000000000000 ) ) ;
#2795 = CARTESIAN_POINT ( 'NONE',  ( -13.75669989026531900, -76.77752469890829400, -24.99999999999999600 ) ) ;
#2796 = VERTEX_POINT ( 'NONE', #920 ) ;
#2797 = ORIENTED_EDGE ( 'NONE', *, *, #765, .F. ) ;
#2798 = DIRECTION ( 'NONE',  ( 1.000000000000000000, 0.0000000000000000000, 0.0000000000000000000 ) ) ;
#2799 = ADVANCED_FACE ( 'E1346', ( #1896, #1936 ), #1920, .T. ) ;
#2800 = ORIENTED_EDGE ( 'NONE', *, *, #429, .F. ) ;
#2801 = CARTESIAN_POINT ( 'NONE',  ( -13.83365766004987100, -76.88346969925675000, -25.00000000000001100 ) ) ;
#2802 = EDGE_LOOP ( 'NONE', ( #2504 ) ) ;
#2803 = ORIENTED_EDGE ( 'NONE', *, *, #765, .T. ) ;
#2804 = ADVANCED_FACE ( 'E1409', ( #1907 ), #1892, .F. ) ;
#2805 = CARTESIAN_POINT ( 'NONE',  ( 8.269489881054696000, -48.70786493197787300, 28.34816945660975000 ) ) ;
#2806 = AXIS2_PLACEMENT_3D ( 'NONE', #706, #708, #720 ) ;
#2807 = CARTESIAN_POINT ( 'NONE',  ( -14.20000000000000100, 134.8977118876569800, 0.0000000000000000000 ) ) ;
#2808 = ORIENTED_EDGE ( 'NONE', *, *, #661, .T. ) ;
#2809 = ORIENTED_EDGE ( 'NONE', *, *, #532, .T. ) ;
#2810 = CARTESIAN_POINT ( 'NONE',  ( -13.96487606880322800, -77.10431724675480300, -24.99999999999999600 ) ) ;
#2811 = ADVANCED_FACE ( 'E1406', ( #1893, #1885 ), #1874, .F. ) ;
#2812 = EDGE_CURVE ( 'E1140', #982, #190, #1890, .T. ) ;
#2813 = ORIENTED_EDGE ( 'NONE', *, *, #429, .T. ) ;
#2814 = EDGE_CURVE ( 'E1145', #2776, #982, #1884, .T. ) ;
#2815 = ORIENTED_EDGE ( 'NONE', *, *, #666, .T. ) ;
#2816 = DIRECTION ( 'NONE',  ( 0.0000000000000000000, 0.0000000000000000000, 1.000000000000000000 ) ) ;
#2817 = AXIS2_PLACEMENT_3D ( 'NONE', #717, #730, #710 ) ;
#2818 = EDGE_LOOP ( 'NONE', ( #2933 ) ) ;
#2819 = DIRECTION ( 'NONE',  ( 0.0000000000000000000, 0.0000000000000000000, 1.000000000000000000 ) ) ;
#2820 = ORIENTED_EDGE ( 'NONE', *, *, #756, .T. ) ;
#2821 = DIRECTION ( 'NONE',  ( 1.000000000000000000, 0.0000000000000000000, 0.0000000000000000000 ) ) ;
#2822 = CARTESIAN_POINT ( 'NONE',  ( -14.01993730536706400, -77.21981828416404900, -25.00000000000000000 ) ) ;
#2823 = LINE ( 'NONE', #1165, #2049 ) ;
#2824 = ADVANCED_FACE ( 'E845', ( #1870, #1861 ), #819, .F. ) ;
#2825 = DIRECTION ( 'NONE',  ( 1.000000000000000000, -0.0000000000000000000, -0.0000000000000000000 ) ) ;
#2826 = CARTESIAN_POINT ( 'NONE',  ( -14.10936614792104400, -77.46078123679058100, -25.00000000000000000 ) ) ;
#2827 = FACE_OUTER_BOUND ( 'NONE', #2105, .T. ) ;
#2828 = ORIENTED_EDGE ( 'NONE', *, *, #503, .T. ) ;
#2829 = DIRECTION ( 'NONE',  ( 0.0000000000000000000, 0.0000000000000000000, -1.000000000000000000 ) ) ;
#2830 = CARTESIAN_POINT ( 'NONE',  ( 8.344837081445646700, -48.61617609014943000, 28.50512655899014900 ) ) ;
#2831 = CIRCLE ( 'NONE', #1688, 39.50000000000000000 ) ;
#2832 = EDGE_LOOP ( 'NONE', ( #2846, #1544, #840, #581 ) ) ;
#2833 = CARTESIAN_POINT ( 'NONE',  ( -14.14365023366977200, -77.58700951072084700, -24.99999999999999600 ) ) ;
#2834 = CARTESIAN_POINT ( 'NONE',  ( -14.18869535643652000, -77.83970364223309000, -25.00000000000000000 ) ) ;
#2835 = CIRCLE ( 'NONE', #1677, 45.75000000000000000 ) ;
#2836 = ADVANCED_FACE ( 'E1181', ( #1880 ), #821, .T. ) ;
#2837 = CIRCLE ( 'NONE', #1671, 25.00000000000000000 ) ;
#2838 = PLANE ( 'NONE',  #1417 ) ;
#2839 = ADVANCED_FACE ( 'E830', ( #1853, #1849 ), #1846, .F. ) ;
#2840 = ORIENTED_EDGE ( 'NONE', *, *, #716, .T. ) ;
#2841 = AXIS2_PLACEMENT_3D ( 'NONE', #726, #734, #722 ) ;
#2842 = EDGE_LOOP ( 'NONE', ( #2957 ) ) ;
#2843 = VECTOR ( 'NONE', #1093, 1000.000000000000000 ) ;
#2844 = CIRCLE ( 'NONE', #1883, 80.00367321923720000 ) ;
#2845 = PLANE ( 'NONE',  #837 ) ;
#2846 = ORIENTED_EDGE ( 'NONE', *, *, #2324, .F. ) ;
#2847 = VECTOR ( 'NONE', #1088, 1000.000000000000000 ) ;
#2848 = CARTESIAN_POINT ( 'NONE',  ( -23.00000000000000000, 0.0000000000000000000, 0.0000000000000000000 ) ) ;
#2849 = EDGE_CURVE ( 'E61', #82, #1340, #1119, .T. ) ;
#2850 = LINE ( 'NONE', #1182, #1937 ) ;
#2851 = DIRECTION ( 'NONE',  ( 0.0000000000000000000, -0.8660254037844388200, 0.4999999999999998300 ) ) ;
#2852 = CIRCLE ( 'NONE', #1832, 25.00000000000000000 ) ;
#2853 = EDGE_LOOP ( 'NONE', ( #182 ) ) ;
#2854 = ORIENTED_EDGE ( 'NONE', *, *, #666, .F. ) ;
#2855 = ADVANCED_FACE ( 'E821', ( #1850, #1847 ), #1836, .F. ) ;
#2856 = CARTESIAN_POINT ( 'NONE',  ( -14.20000000000000100, 0.0000000000000000000, 0.0000000000000000000 ) ) ;
#2857 = AXIS2_PLACEMENT_3D ( 'NONE', #1177, #1150, #1140 ) ;
#2858 = VERTEX_POINT ( 'NONE', #780 ) ;
#2859 = VERTEX_POINT ( 'NONE', #777 ) ;
#2860 = DIRECTION ( 'NONE',  ( 0.0000000000000000000, 0.4999999999999998900, 0.8660254037844387100 ) ) ;
#2861 = CARTESIAN_POINT ( 'NONE',  ( 8.399902085272923800, -48.57433915563815000, 28.57630187211097500 ) ) ;
#2862 = ORIENTED_EDGE ( 'NONE', *, *, #652, .T. ) ;
#2863 = AXIS2_PLACEMENT_3D ( 'NONE', #1179, #1183, #1201 ) ;
#2864 = CARTESIAN_POINT ( 'NONE',  ( 32.50000000000000000, -18.75000000000000000, -32.47595264191645000 ) ) ;
#2865 = VERTEX_POINT ( 'NONE', #767 ) ;
#2866 = DIRECTION ( 'NONE',  ( -1.000000000000000000, 0.0000000000000000000, 0.0000000000000000000 ) ) ;
#2867 = EDGE_LOOP ( 'NONE', ( #483 ) ) ;
#2868 = EDGE_CURVE ( 'E1155', #2678, #190, #1833, .T. ) ;
#2869 = ADVANCED_FACE ( 'E1314', ( #1843, #1855 ), #1798, .F. ) ;
#2870 = CARTESIAN_POINT ( 'NONE',  ( -14.20000000000000100, -78.09609465267780600, -25.00000000000000000 ) ) ;
#2871 = ORIENTED_EDGE ( 'NONE', *, *, #2652, .T. ) ;
#2872 = DIRECTION ( 'NONE',  ( 0.0000000000000000000, 0.0000000000000000000, 1.000000000000000000 ) ) ;
#2873 = ORIENTED_EDGE ( 'NONE', *, *, #104, .T. ) ;
#2874 = CARTESIAN_POINT ( 'NONE',  ( 9.609696004939799300, -55.91105709270787100, 31.72768738311197000 ) ) ;
#2875 = EDGE_LOOP ( 'NONE', ( #3037 ) ) ;
#2876 = ORIENTED_EDGE ( 'NONE', *, *, #661, .F. ) ;
#2877 = EDGE_CURVE ( 'E1161', #190, #2523, #1809, .T. ) ;
#2878 = CARTESIAN_POINT ( 'NONE',  ( 8.539980848452604100, -48.50323040471089800, 28.69683072049078700 ) ) ;
#2879 = ADVANCED_FACE ( 'E1395', ( #1857, #1824 ), #752, .T. ) ;
#2880 = AXIS2_PLACEMENT_3D ( 'NONE', #737, #732, #731 ) ;
#2881 = DIRECTION ( 'NONE',  ( 0.0000000000000000000, -1.000000000000000000, 0.0000000000000000000 ) ) ;
#2882 = ORIENTED_EDGE ( 'NONE', *, *, #656, .F. ) ;
#2883 = DIRECTION ( 'NONE',  ( 1.000000000000000000, 0.0000000000000000000, 0.0000000000000000000 ) ) ;
#2884 = ORIENTED_EDGE ( 'NONE', *, *, #61, .T. ) ;
#2885 = ORIENTED_EDGE ( 'NONE', *, *, #656, .T. ) ;
#2886 = CARTESIAN_POINT ( 'NONE',  ( -14.20000000000000100, 112.5000000000000000, 0.0000000000000000000 ) ) ;
#2887 = ADVANCED_FACE ( 'E1265', ( #1789 ), #725, .T. ) ;
#2888 = ORIENTED_EDGE ( 'NONE', *, *, #652, .F. ) ;
#2889 = CARTESIAN_POINT ( 'NONE',  ( 15.00000000000000000, 0.0000000000000000000, 0.0000000000000000000 ) ) ;
#2890 = AXIS2_PLACEMENT_3D ( 'NONE', #797, #786, #791 ) ;
#2891 = CARTESIAN_POINT ( 'NONE',  ( -12.00000000000000000, -112.5000000000000000, -25.00000000000000000 ) ) ;
#2892 = ORIENTED_EDGE ( 'NONE', *, *, #1911, .F. ) ;
#2893 = ORIENTED_EDGE ( 'NONE', *, *, #594, .F. ) ;
#2894 = PLANE ( 'NONE',  #431 ) ;
#2895 = ADVANCED_FACE ( 'E996', ( #1784 ), #711, .T. ) ;
#2896 = ORIENTED_EDGE ( 'NONE', *, *, #624, .F. ) ;
#2897 = ADVANCED_FACE ( 'E3', ( #1821, #1805 ), #1780, .F. ) ;
#2898 = ORIENTED_EDGE ( 'NONE', *, *, #624, .T. ) ;
#2899 = ADVANCED_FACE ( 'E1017', ( #1794 ), #701, .T. ) ;
#2900 = ORIENTED_EDGE ( 'NONE', *, *, #570, .T. ) ;
#2901 = CARTESIAN_POINT ( 'NONE',  ( 15.00000000000000000, 0.0000000000000000000, 0.0000000000000000000 ) ) ;
#2902 = EDGE_CURVE ( 'E1176', #2452, #2523, #1772, .T. ) ;
#2903 = CARTESIAN_POINT ( 'NONE',  ( -14.20000000000001500, -77.96727983350946500, -25.00000000000000000 ) ) ;
#2904 = ORIENTED_EDGE ( 'NONE', *, *, #2093, .F. ) ;
#2905 = ADVANCED_FACE ( 'E360', ( #1777 ), #687, .T. ) ;
#2906 = ORIENTED_EDGE ( 'NONE', *, *, #607, .T. ) ;
#2907 = DIRECTION ( 'NONE',  ( -1.000000000000000000, 0.0000000000000000000, 0.0000000000000000000 ) ) ;
#2908 = ORIENTED_EDGE ( 'NONE', *, *, #598, .T. ) ;
#2909 = CLOSED_SHELL ( 'NONE', ( #63, #2690, #1968, #2511, #1988, #2497, #879, #3010 ) ) ;
#2910 = EDGE_CURVE ( 'E625', #809, #2768, #915, .T. ) ;
#2911 = AXIS2_PLACEMENT_3D ( 'NONE', #802, #810, #807 ) ;
#2912 = ORIENTED_EDGE ( 'NONE', *, *, #969, .T. ) ;
#2913 = DIRECTION ( 'NONE',  ( 0.0000000000000000000, 0.0000000000000000000, 1.000000000000000000 ) ) ;
#2914 = DIRECTION ( 'NONE',  ( 1.000000000000000000, 0.0000000000000000000, 0.0000000000000000000 ) ) ;
#2915 = ORIENTED_EDGE ( 'NONE', *, *, #770, .F. ) ;
#2916 = EDGE_LOOP ( 'NONE', ( #2677 ) ) ;
#2917 = DIRECTION ( 'NONE',  ( 1.000000000000000000, 0.0000000000000000000, 0.0000000000000000000 ) ) ;
#2918 = DIRECTION ( 'NONE',  ( 0.0000000000000000000, 0.0000000000000000000, -1.000000000000000000 ) ) ;
#2919 = ORIENTED_EDGE ( 'NONE', *, *, #635, .T. ) ;
#2920 = ADVANCED_FACE ( 'E182', ( #1768 ), #636, .F. ) ;
#2921 = ORIENTED_EDGE ( 'NONE', *, *, #32, .T. ) ;
#2922 = AXIS2_PLACEMENT_3D ( 'NONE', #843, #804, #803 ) ;
#2923 = VERTEX_POINT ( 'NONE', #675 ) ;
#2924 = DIRECTION ( 'NONE',  ( 0.0000000000000000000, 0.0000000000000000000, 1.000000000000000000 ) ) ;
#2925 = ADVANCED_FACE ( 'E6', ( #1760, #1758, #1740 ), #1722, .T. ) ;
#2926 = EDGE_CURVE ( 'NONE', #1358, #1358, #1725, .T. ) ;
#2927 = ORIENTED_EDGE ( 'NONE', *, *, #1894, .F. ) ;
#2928 = ORIENTED_EDGE ( 'NONE', *, *, #607, .F. ) ;
#2929 = CARTESIAN_POINT ( 'NONE',  ( 39.18016679323976300, 45.75045406629492100, -0.05914966837370606200 ) ) ;
#2930 = AXIS2_PLACEMENT_3D ( 'NONE', #759, #787, #768 ) ;
#2931 = PLANE ( 'NONE',  #491 ) ;
#2932 = ORIENTED_EDGE ( 'NONE', *, *, #594, .T. ) ;
#2933 = ORIENTED_EDGE ( 'NONE', *, *, #635, .F. ) ;
#2934 = CARTESIAN_POINT ( 'NONE',  ( -23.00000000000000000, 0.0000000000000000000, 25.00000000000000000 ) ) ;
#2935 = ORIENTED_EDGE ( 'NONE', *, *, #1153, .F. ) ;
#2936 = DIRECTION ( 'NONE',  ( 0.0000000000000000000, 0.0000000000000000000, -1.000000000000000000 ) ) ;
#2937 = VERTEX_POINT ( 'NONE', #591 ) ;
#2938 = CARTESIAN_POINT ( 'NONE',  ( -35.00000000000000000, -112.5000000000000000, 0.0000000000000000000 ) ) ;
#2939 = CARTESIAN_POINT ( 'NONE',  ( 9.750000000000000000, -28.26412265647164200, -48.75669952064415500 ) ) ;
#2940 = EDGE_LOOP ( 'NONE', ( #738 ) ) ;
#2941 = ORIENTED_EDGE ( 'NONE', *, *, #642, .T. ) ;
#2942 = CARTESIAN_POINT ( 'NONE',  ( 39.16901011084454600, 45.74903366155550100, 0.3653286045365425900 ) ) ;
#2943 = ADVANCED_FACE ( 'E848', ( #1726, #1764 ), #577, .F. ) ;
#2944 = ADVANCED_FACE ( 'E912', ( #1733 ), #553, .T. ) ;
#2945 = ORIENTED_EDGE ( 'NONE', *, *, #570, .F. ) ;
#2946 = EDGE_LOOP ( 'NONE', ( #359 ) ) ;
#2947 = ORIENTED_EDGE ( 'NONE', *, *, #537, .F. ) ;
#2948 = DIRECTION ( 'NONE',  ( 1.000000000000000000, 0.0000000000000000000, 0.0000000000000000000 ) ) ;
#2949 = CARTESIAN_POINT ( 'NONE',  ( 39.15189926468760000, 45.74685253081161600, 0.5758803302567423500 ) ) ;
#2950 = ORIENTED_EDGE ( 'NONE', *, *, #537, .T. ) ;
#2951 = ORIENTED_EDGE ( 'NONE', *, *, #2033, .F. ) ;
#2952 = AXIS2_PLACEMENT_3D ( 'NONE', #830, #816, #813 ) ;
#2953 = ORIENTED_EDGE ( 'NONE', *, *, #2502, .T. ) ;
#2954 = ORIENTED_EDGE ( 'NONE', *, *, #642, .F. ) ;
#2955 = DIRECTION ( 'NONE',  ( 0.0000000000000000000, -1.000000000000000000, 0.0000000000000000000 ) ) ;
#2956 = ADVANCED_FACE ( 'E1398', ( #1715, #1735 ), #1701, .F. ) ;
#2957 = ORIENTED_EDGE ( 'NONE', *, *, #8, .T. ) ;
#2958 = CARTESIAN_POINT ( 'NONE',  ( -34.00000000000000000, 125.1666666666665900, 21.55355088043625100 ) ) ;
#2959 = AXIS2_PLACEMENT_3D ( 'NONE', #1232, #1208, #1206 ) ;
#2960 = VERTEX_POINT ( 'NONE', #529 ) ;
#2961 = CARTESIAN_POINT ( 'NONE',  ( 34.23205080756889600, -19.24567378864670200, -39.33448482783270400 ) ) ;
#2962 = CARTESIAN_POINT ( 'NONE',  ( -14.20000000000000100, 134.8977118876569800, 0.0000000000000000000 ) ) ;
#2963 = ORIENTED_EDGE ( 'NONE', *, *, #503, .F. ) ;
#2964 = CARTESIAN_POINT ( 'NONE',  ( 39.09517672109996800, 45.73968440571046300, 0.9936926570177971900 ) ) ;
#2965 = CARTESIAN_POINT ( 'NONE',  ( 9.749999999999998200, -28.17830085889910700, -48.80624875857498800 ) ) ;
#2966 = AXIS2_PLACEMENT_3D ( 'NONE', #850, #845, #924 ) ;
#2967 = ADVANCED_FACE ( 'E203', ( #1704 ), #1696, .T. ) ;
#2968 = CARTESIAN_POINT ( 'NONE',  ( -12.00000000000000000, 112.5000000000000000, -25.00000000000000000 ) ) ;
#2969 = CARTESIAN_POINT ( 'NONE',  ( 9.730491154469062200, -28.34820171852527400, -48.70784604355320400 ) ) ;
#2970 = PLANE ( 'NONE',  #509 ) ;
#2971 = CLOSED_SHELL ( 'NONE', ( #97, #2897, #2925, #864, #477, #1767, #2920, #2967, #2784, #2641, #2553, #2317, #2905, #1606, #794, #1837, #2425, #2695, #2499, #2603, #1887, #2558, #201, #2722, #2584, #2979, #2855, #574, #1737, #2839, #2527, #2114, #531, #1419, #2824, #2943, #2664, #3017, #134, #1664, #2522, #2944, #1187, #2626, #2604, #2895, #2899, #2741, #1170, #2621, #2719, #2094, #1611, #3022, #2836, #2596, #815, #2671, #2887, #1360, #2486, #2869, #2617, #1262, #2988, #2732, #2708, #3030, #2532, #1393, #832, #2799, #2977, #1073, #1576, #2619, #1112 ) ) ;
#2972 = ORIENTED_EDGE ( 'NONE', *, *, #897, .T. ) ;
#2973 = CARTESIAN_POINT ( 'NONE',  ( 39.05556401668006600, 45.73469717399404300, 1.200953108761573500 ) ) ;
#2974 = CARTESIAN_POINT ( 'NONE',  ( -12.22000000000000100, 0.0000000000000000000, 0.0000000000000000000 ) ) ;
#2975 = ORIENTED_EDGE ( 'NONE', *, *, #230, .F. ) ;
#2976 = EDGE_CURVE ( 'E1182', #2523, #204, #1711, .T. ) ;
#2977 = ADVANCED_FACE ( 'E1349', ( #1686, #1717 ), #512, .T. ) ;
#2978 = CARTESIAN_POINT ( 'NONE',  ( 9.655200598043300900, -28.50505530969633500, -48.61621775362449700 ) ) ;
#2979 = ADVANCED_FACE ( 'E790', ( #1692 ), #497, .T. ) ;
#2980 = CARTESIAN_POINT ( 'NONE',  ( 9.599481591877824000, -28.57678168984331200, -48.57405575677012200 ) ) ;
#2981 = ORIENTED_EDGE ( 'NONE', *, *, #2757, .F. ) ;
#2982 = ORIENTED_EDGE ( 'NONE', *, *, #2331, .T. ) ;
#2983 = CARTESIAN_POINT ( 'NONE',  ( 9.391883957999832300, -28.75555744529057700, -48.46858386747123900 ) ) ;
#2984 = CARTESIAN_POINT ( 'NONE',  ( 9.196047837308189100, -28.82523511632756600, -48.42697985294740400 ) ) ;
#2985 = ORIENTED_EDGE ( 'NONE', *, *, #521, .F. ) ;
#2986 = CARTESIAN_POINT ( 'NONE',  ( -34.00000000000000000, -41.54666666666660300, 70.69564688783110300 ) ) ;
#2987 = VERTEX_POINT ( 'NONE', #522 ) ;
#2988 = ADVANCED_FACE ( 'E1323', ( #1685, #1683 ), #1661, .T. ) ;
#2989 = DIRECTION ( 'NONE',  ( -1.000000000000000000, 0.0000000000000000000, 0.0000000000000000000 ) ) ;
#2990 = CARTESIAN_POINT ( 'NONE',  ( 8.902573743814462800, -28.82536910061325500, -48.42690010102492700 ) ) ;
#2991 = VERTEX_POINT ( 'NONE', #473 ) ;
#2992 = CARTESIAN_POINT ( 'NONE',  ( 8.804264457536051600, -28.80869588904696600, -48.43683523662690500 ) ) ;
#2993 = VERTEX_POINT ( 'NONE', #470 ) ;
#2994 = EDGE_LOOP ( 'NONE', ( #2310, #1247, #601, #1863, #362, #2350 ) ) ;
#2995 = AXIS2_PLACEMENT_3D ( 'NONE', #874, #876, #906 ) ;
#2996 = ORIENTED_EDGE ( 'NONE', *, *, #1010, .F. ) ;
#2997 = CARTESIAN_POINT ( 'NONE',  ( 8.622658787868630300, -28.74413815634358100, -48.47517393694185700 ) ) ;
#2998 = CARTESIAN_POINT ( 'NONE',  ( 8.539980848452598700, -28.69683072049078400, -48.50323040471089100 ) ) ;
#2999 = ORIENTED_EDGE ( 'NONE', *, *, #169, .T. ) ;
#3000 = ORIENTED_EDGE ( 'NONE', *, *, #309, .T. ) ;
#3001 = AXIS2_PLACEMENT_3D ( 'NONE', #911, #902, #880 ) ;
#3002 = ORIENTED_EDGE ( 'NONE', *, *, #2789, .T. ) ;
#3003 = CARTESIAN_POINT ( 'NONE',  ( 9.411784812282679300, 56.14195730429990000, 56.35641046056780100 ) ) ;
#3004 = CARTESIAN_POINT ( 'NONE',  ( 8.399902085272922000, -28.57630187211096700, -48.57433915563814300 ) ) ;
#3005 = ORIENTED_EDGE ( 'NONE', *, *, #2437, .T. ) ;
#3006 = ORIENTED_EDGE ( 'NONE', *, *, #120, .T. ) ;
#3007 = EDGE_CURVE ( 'E340', #2987, #2796, #1698, .T. ) ;
#3008 = DIRECTION ( 'NONE',  ( 0.0000000000000000000, 0.0000000000000000000, 1.000000000000000000 ) ) ;
#3009 = DIRECTION ( 'NONE',  ( 0.06162841671621927000, 0.7044160264027586900, 0.7071067811865476800 ) ) ;
#3010 = ADVANCED_FACE ( 'E1387', ( #1656 ), #1678, .F. ) ;
#3011 = VERTEX_POINT ( 'NONE', #462 ) ;
#3012 = EDGE_LOOP ( 'NONE', ( #2540 ) ) ;
#3013 = AXIS2_PLACEMENT_3D ( 'NONE', #936, #929, #926 ) ;
#3014 = ORIENTED_EDGE ( 'NONE', *, *, #521, .T. ) ;
#3015 = ORIENTED_EDGE ( 'NONE', *, *, #2173, .T. ) ;
#3016 = CARTESIAN_POINT ( 'NONE',  ( 8.344837081445639600, -28.50512655899013800, -48.61617609014941600 ) ) ;
#3017 = ADVANCED_FACE ( 'E854', ( #1668 ), #432, .T. ) ;
#3018 = CARTESIAN_POINT ( 'NONE',  ( 8.269489881054696000, -28.34816945660975000, -48.70786493197787300 ) ) ;
#3019 = ORIENTED_EDGE ( 'NONE', *, *, #454, .F. ) ;
#3020 = CARTESIAN_POINT ( 'NONE',  ( 8.250034673646439400, -28.26330578355396400, -48.75717060961717700 ) ) ;
#3021 = ORIENTED_EDGE ( 'NONE', *, *, #811, .F. ) ;
#3022 = ADVANCED_FACE ( 'E1160', ( #1675 ), #413, .T. ) ;
#3023 = ORIENTED_EDGE ( 'NONE', *, *, #3048, .F. ) ;
#3024 = ORIENTED_EDGE ( 'NONE', *, *, #811, .T. ) ;
#3025 = DIRECTION ( 'NONE',  ( 0.0000000000000000000, 0.8660254037844387100, -0.4999999999999998900 ) ) ;
#3026 = DIRECTION ( 'NONE',  ( 0.0000000000000000000, -0.4999999999999998900, -0.8660254037844387100 ) ) ;
#3027 = ORIENTED_EDGE ( 'NONE', *, *, #2926, .T. ) ;
#3028 = CARTESIAN_POINT ( 'NONE',  ( 8.249930793472822500, -28.00898027220573600, -48.90400710837041500 ) ) ;
#3029 = AXIS2_PLACEMENT_3D ( 'NONE', #1663, #1657, #1739 ) ;
#3030 = ADVANCED_FACE ( 'E1332', ( #1649, #1673 ), #1665, .T. ) ;
#3031 = VERTEX_POINT ( 'NONE', #379 ) ;
#3032 = ORIENTED_EDGE ( 'NONE', *, *, #454, .T. ) ;
#3033 = ORIENTED_EDGE ( 'NONE', *, *, #122, .T. ) ;
#3034 = ORIENTED_EDGE ( 'NONE', *, *, #1010, .T. ) ;
#3035 = CARTESIAN_POINT ( 'NONE',  ( 8.330986587444778400, -27.83876321881844600, -49.00090801428836300 ) ) ;
#3036 = ORIENTED_EDGE ( 'NONE', *, *, #126, .T. ) ;
#3037 = ORIENTED_EDGE ( 'NONE', *, *, #424, .T. ) ;
#3038 = VERTEX_POINT ( 'NONE', #369 ) ;
#3039 = CARTESIAN_POINT ( 'NONE',  ( 8.538240028688916200, -27.65795165569280600, -49.10304531329806800 ) ) ;
#3040 = CARTESIAN_POINT ( 'NONE',  ( 27.17659999999999700, -22.87500000000000000, -39.62066222313809800 ) ) ;
#3041 = ORIENTED_EDGE ( 'NONE', *, *, #589, .F. ) ;
#3042 = AXIS2_PLACEMENT_3D ( 'NONE', #998, #985, #999 ) ;
#3043 = CARTESIAN_POINT ( 'NONE',  ( -34.00000000000000000, -125.1666666666665900, -21.55355088043630100 ) ) ;
#3044 = ORIENTED_EDGE ( 'NONE', *, *, #217, .T. ) ;
#3045 = CARTESIAN_POINT ( 'NONE',  ( 8.621509583443192100, -27.60924873337467400, -49.13041178103191000 ) ) ;
#3046 = ORIENTED_EDGE ( 'NONE', *, *, #2157, .T. ) ;
#3047 = CARTESIAN_POINT ( 'NONE',  ( 8.802866643773418400, -27.54351688172908300, -49.16729253458052500 ) ) ;
#3048 = EDGE_CURVE ( 'E1197', #2401, #204, #1644, .T. ) ;
#3049 = AXIS2_PLACEMENT_3D ( 'NONE', #1651, #1620, #1655 ) ;
#3050 = CARTESIAN_POINT ( 'NONE',  ( 8.900326402787113600, -27.52637478888994600, -49.17687716976625000 ) ) ;
#3051 = CARTESIAN_POINT ( 'NONE',  ( 9.098143909388985800, -27.52619874070744300, -49.17697571095428800 ) ) ;
ENDSEC;
END-ISO-10303-21;
