ISO-10303-21;
HEADER;
FILE_DESCRIPTION (( 'STEP AP203' ),
    '1' );
FILE_NAME ('UCFL-217.STEP',
    '2019-03-08T12:11:28',
    ( '' ),
    ( '' ),
    'SwSTEP 2.0',
    'SolidWorks 2017',
    '' );
FILE_SCHEMA (( 'CONFIG_CONTROL_DESIGN' ));
ENDSEC;

DATA;
#1 = ADVANCED_FACE ( 'E851', ( #2502 ), #1926, .T. ) ;
#2 = EDGE_CURVE ( 'E225', #475, #648, #1567, .T. ) ;
#3 = EDGE_CURVE ( 'NONE', #1100, #1100, #238, .T. ) ;
#4 = CARTESIAN_POINT ( 'NONE',  ( 49.60000000000000100, 0.0000000000000000000, 0.0000000000000000000 ) ) ;
#5 = DIRECTION ( 'NONE',  ( 6.123031769111888800E-017, 0.0000000000000000000, -1.000000000000000000 ) ) ;
#6 = CARTESIAN_POINT ( 'NONE',  ( 41.52620640839963800, 52.30184447135867700, 5.107644039515040600 ) ) ;
#7 = DIRECTION ( 'NONE',  ( -1.000000000000000000, 0.0000000000000000000, 0.0000000000000000000 ) ) ;
#8 = CARTESIAN_POINT ( 'NONE',  ( 14.93941611277212500, 67.25630364917185500, 61.80188485350421200 ) ) ;
#9 = CARTESIAN_POINT ( 'NONE',  ( -11.85226177953274300, 64.92405132855699900, -0.2290195856537735900 ) ) ;
#10 = EDGE_LOOP ( 'NONE', ( #2261 ) ) ;
#11 = VERTEX_POINT ( 'NONE', #1141 ) ;
#12 = CARTESIAN_POINT ( 'NONE',  ( 35.23828101578667600, -31.22147722604706000, -42.26996950099854900 ) ) ;
#13 = CARTESIAN_POINT ( 'NONE',  ( 33.94008617706372600, 42.23195833568069400, -4.770769097520512100 ) ) ;
#14 = ORIENTED_EDGE ( 'NONE', *, *, #1107, .T. ) ;
#15 = CARTESIAN_POINT ( 'NONE',  ( -15.50411127641278800, 89.02169771150690300, 28.50000000000000000 ) ) ;
#16 = ADVANCED_FACE ( 'E1314', ( #1911, #1841 ), #1470, .F. ) ;
#17 = CARTESIAN_POINT ( 'NONE',  ( -10.88540629579406300, 64.91847293814080900, -0.8749392441298613500 ) ) ;
#18 = CYLINDRICAL_SURFACE ( 'NONE', #3023, 42.50000000000000000 ) ;
#19 = DIRECTION ( 'NONE',  ( 0.0000000000000000000, 0.8660254037844384900, -0.5000000000000002200 ) ) ;
#20 = CARTESIAN_POINT ( 'NONE',  ( -10.12448213980806200, 74.31349653952710800, 0.1107377466777123100 ) ) ;
#21 = LOCAL_TIME ( 9, 11, 28.00000000000000000, #244 ) ;
#22 = EDGE_CURVE ( 'E1105', #1037, #2529, #1047, .T. ) ;
#23 = CYLINDRICAL_SURFACE ( 'NONE', #160, 28.50000000000000000 ) ;
#24 = CYLINDRICAL_SURFACE ( 'NONE', #2944, 6.000000000000002700 ) ;
#25 = EDGE_CURVE ( 'E108', #475, #1000, #2581, .T. ) ;
#26 = VERTEX_POINT ( 'NONE', #391 ) ;
#27 = DIRECTION ( 'NONE',  ( 0.0000000000000000000, 0.0000000000000000000, -1.000000000000000000 ) ) ;
#28 = DIRECTION ( 'NONE',  ( 0.0000000000000000000, 0.4999999999999998900, 0.8660254037844387100 ) ) ;
#29 = DIRECTION ( 'NONE',  ( 0.0000000000000000000, 1.000000000000000000, 0.0000000000000000000 ) ) ;
#30 = CARTESIAN_POINT ( 'NONE',  ( 33.34366094508415300, 52.32576691814310300, -4.849393431793938400 ) ) ;
#31 = CARTESIAN_POINT ( 'NONE',  ( 31.59946388068486600, 52.47715388956393700, 2.789373387608970600 ) ) ;
#32 = CARTESIAN_POINT ( 'NONE',  ( 39.33205080756889100, 50.03750000000000100, -3.000000000000000000 ) ) ;
#33 = ORIENTED_EDGE ( 'NONE', *, *, #2980, .T. ) ;
#34 = VERTEX_POINT ( 'NONE', #805 ) ;
#35 = ADVANCED_FACE ( 'E1362', ( #97, #419 ), #1808, .T. ) ;
#36 = CARTESIAN_POINT ( 'NONE',  ( 42.18625897757104300, 52.35037364645619100, 4.578489276995683500 ) ) ;
#37 = ORIENTED_EDGE ( 'NONE', *, *, #1080, .T. ) ;
#38 = EDGE_CURVE ( 'NONE', #2932, #2932, #1184, .T. ) ;
#39 = CARTESIAN_POINT ( 'NONE',  ( -10.71050403596692000, -18.40612710083336300, -71.91323152400441600 ) ) ;
#40 = ORIENTED_EDGE ( 'NONE', *, *, #2, .T. ) ;
#41 = CARTESIAN_POINT ( 'NONE',  ( 10.53195894844462700, -37.79639340232331800, -63.91841019562782800 ) ) ;
#42 = CARTESIAN_POINT ( 'NONE',  ( 11.77992176672244000, -32.06503491152449900, -56.45381518140015200 ) ) ;
#43 = DIRECTION ( 'NONE',  ( -1.000000000000000000, 0.0000000000000000000, 0.0000000000000000000 ) ) ;
#44 = CARTESIAN_POINT ( 'NONE',  ( -14.32362519336101900, 88.54928136831280500, 28.50000000000000000 ) ) ;
#45 = CARTESIAN_POINT ( 'NONE',  ( 41.30165758937755500, -21.60339681622561500, -47.90417523590787900 ) ) ;
#46 = FACE_BOUND ( 'NONE', #2310, .T. ) ;
#47 = ORIENTED_EDGE ( 'NONE', *, *, #1296, .T. ) ;
#48 = CARTESIAN_POINT ( 'NONE',  ( -10.12499999999999500, -16.80366310325129900, -62.71212445460442100 ) ) ;
#49 = ADVANCED_FACE ( 'E930', ( #1806 ), #2436, .T. ) ;
#50 = DIRECTION ( 'NONE',  ( 1.000000000000000000, 0.0000000000000000000, 0.0000000000000000000 ) ) ;
#51 = DIRECTION ( 'NONE',  ( 0.0000000000000000000, 0.0000000000000000000, -1.000000000000000000 ) ) ;
#52 = AXIS2_PLACEMENT_3D ( 'NONE', #879, #347, #568 ) ;
#53 = ORIENTED_EDGE ( 'NONE', *, *, #2338, .F. ) ;
#54 = CARTESIAN_POINT ( 'NONE',  ( -14.32362519336101900, 0.0000000000000000000, 0.0000000000000000000 ) ) ;
#55 = VERTEX_POINT ( 'NONE', #1924 ) ;
#56 = ORIENTED_EDGE ( 'NONE', *, *, #408, .F. ) ;
#57 = DIRECTION ( 'NONE',  ( 0.0000000000000000000, -0.8660254037844383700, 0.5000000000000002200 ) ) ;
#58 = AXIS2_PLACEMENT_3D ( 'NONE', #174, #68, #2752 ) ;
#59 = VERTEX_POINT ( 'NONE', #2435 ) ;
#60 = CARTESIAN_POINT ( 'NONE',  ( 33.68093912517522900, 52.30134337495326900, -5.112927551316383700 ) ) ;
#61 = CARTESIAN_POINT ( 'NONE',  ( 51.60000000000000100, 0.0000000000000000000, 0.0000000000000000000 ) ) ;
#62 = ADVANCED_FACE ( 'E1335', ( #2596, #1087, #2494, #2346 ), #18, .F. ) ;
#63 = CARTESIAN_POINT ( 'NONE',  ( 33.19844987688475200, 52.33547314454458600, 4.750007978359470000 ) ) ;
#64 = DIRECTION ( 'NONE',  ( 0.0000000000000000000, 0.8660254037844383700, -0.5000000000000002200 ) ) ;
#65 = VECTOR ( 'NONE', #2500, 1000.000000000000000 ) ;
#66 = CARTESIAN_POINT ( 'NONE',  ( -14.57918012304775600, 88.56335104064633900, -28.50000000000000700 ) ) ;
#67 = EDGE_LOOP ( 'NONE', ( #2703, #1611, #1192, #967 ) ) ;
#68 = DIRECTION ( 'NONE',  ( -1.000000000000000000, 0.0000000000000000000, 0.0000000000000000000 ) ) ;
#69 = EDGE_LOOP ( 'NONE', ( #1599 ) ) ;
#70 = CARTESIAN_POINT ( 'NONE',  ( 37.60000000000000100, -25.93669999999999800, -44.92368218067169700 ) ) ;
#71 = DIRECTION ( 'NONE',  ( 0.0000000000000000000, 0.0000000000000000000, -1.000000000000000000 ) ) ;
#72 = FACE_OUTER_BOUND ( 'NONE', #637, .T. ) ;
#73 = CARTESIAN_POINT ( 'NONE',  ( 42.89287431771770500, 52.40970748470645900, -3.841054134006133000 ) ) ;
#74 = CARTESIAN_POINT ( 'NONE',  ( -11.76607906263347800, 74.07010650467628900, -0.4381763299495676800 ) ) ;
#75 = CARTESIAN_POINT ( 'NONE',  ( 11.22810921212502700, -56.64757637466763600, 31.72109178298388700 ) ) ;
#76 = ADVANCED_FACE ( 'E845', ( #2808, #2665 ), #1016, .F. ) ;
#77 = LINE ( 'NONE', #2290, #2538 ) ;
#78 = EDGE_CURVE ( 'E1112', #1696, #1037, #1208, .T. ) ;
#79 = CARTESIAN_POINT ( 'NONE',  ( 10.32340223985830500, 67.76873703076913100, 61.63470546816428500 ) ) ;
#80 = CARTESIAN_POINT ( 'NONE',  ( 30.94604659225641500, 52.54744508567201000, 0.5590298619175112500 ) ) ;
#81 = DIRECTION ( 'NONE',  ( 1.000000000000000000, 2.775557561562890400E-016, -1.602468905319635000E-016 ) ) ;
#82 = CARTESIAN_POINT ( 'NONE',  ( 39.33205080756889100, -28.87307621135330000, -44.00963496887224800 ) ) ;
#83 = LINE ( 'NONE', #2881, #2669 ) ;
#84 = CARTESIAN_POINT ( 'NONE',  ( 16.26360212754452000, 62.42675502568102500, 66.57249213260794800 ) ) ;
#85 = EDGE_CURVE ( 'E282', #2716, #168, #1030, .T. ) ;
#86 = EDGE_LOOP ( 'NONE', ( #2759, #143, #604, #1586, #1340, #1044, #2779, #1762 ) ) ;
#87 = DIRECTION ( 'NONE',  ( 5.168044445353020000E-017, -0.5362903225806450200, -0.8440335833995871200 ) ) ;
#88 = CARTESIAN_POINT ( 'NONE',  ( -14.10787506040193600, -88.53624190102107100, -28.50000000000000000 ) ) ;
#89 = VECTOR ( 'NONE', #253, 1000.000000000000000 ) ;
#90 = CARTESIAN_POINT ( 'NONE',  ( -16.19999999999999900, -139.2842741935483800, 24.05495712688824700 ) ) ;
#91 = ORIENTED_EDGE ( 'NONE', *, *, #2918, .F. ) ;
#92 = CARTESIAN_POINT ( 'NONE',  ( 11.86687836550938100, -64.21618485156803000, 36.88457597145070800 ) ) ;
#93 = CARTESIAN_POINT ( 'NONE',  ( 39.33205080756889100, -23.67692378864665100, -47.00963496887229800 ) ) ;
#94 = CARTESIAN_POINT ( 'NONE',  ( 10.11784663362609600, -37.13407458480524100, -64.37160066525072500 ) ) ;
#95 = ADVANCED_FACE ( 'E839', ( #1279, #236 ), #1742, .F. ) ;
#96 = CARTESIAN_POINT ( 'NONE',  ( 31.01915811155788200, -25.28078207393373200, -46.07115392750776600 ) ) ;
#97 = FACE_OUTER_BOUND ( 'NONE', #1207, .T. ) ;
#98 = CARTESIAN_POINT ( 'NONE',  ( -16.19999999999999900, -124.0000000000000000, 0.0000000000000000000 ) ) ;
#99 = ORIENTED_EDGE ( 'NONE', *, *, #1266, .F. ) ;
#100 = FACE_OUTER_BOUND ( 'NONE', #806, .T. ) ;
#101 = DIRECTION ( 'NONE',  ( 0.0000000000000000000, 1.000000000000000000, 0.0000000000000000000 ) ) ;
#102 = LINE ( 'NONE', #1446, #1372 ) ;
#103 = ORIENTED_EDGE ( 'NONE', *, *, #820, .F. ) ;
#104 = VERTEX_POINT ( 'NONE', #2636 ) ;
#105 = DIRECTION ( 'NONE',  ( 0.0000000000000000000, -1.000000000000000000, 0.0000000000000000000 ) ) ;
#106 = DIRECTION ( 'NONE',  ( 0.0000000000000000000, 1.000000000000000000, 0.0000000000000000000 ) ) ;
#107 = CARTESIAN_POINT ( 'NONE',  ( -14.32362519336101900, 88.54928136831280500, 28.50000000000000000 ) ) ;
#108 = FACE_OUTER_BOUND ( 'NONE', #1349, .T. ) ;
#109 = CARTESIAN_POINT ( 'NONE',  ( 12.84853943332616000, 67.86612857829763400, 61.31087692728273500 ) ) ;
#110 = ORIENTED_EDGE ( 'NONE', *, *, #2520, .F. ) ;
#111 = CARTESIAN_POINT ( 'NONE',  ( 41.06410161513775100, 52.54999999999999700, 2.121080424092025200E-016 ) ) ;
#112 = EDGE_LOOP ( 'NONE', ( #2326 ) ) ;
#113 = CARTESIAN_POINT ( 'NONE',  ( 10.39623153336663100, -36.57932764033330400, -64.64429055600192000 ) ) ;
#114 = AXIS2_PLACEMENT_3D ( 'NONE', #2921, #1367, #151 ) ;
#115 = DIRECTION ( 'NONE',  ( 0.0000000000000000000, 0.0000000000000000000, 1.000000000000000000 ) ) ;
#116 = ORIENTED_EDGE ( 'NONE', *, *, #1273, .T. ) ;
#117 = PLANE ( 'NONE',  #1383 ) ;
#118 = CARTESIAN_POINT ( 'NONE',  ( -16.15382494538228300, 90.10982686567165000, 28.50000000000000400 ) ) ;
#119 = CARTESIAN_POINT ( 'NONE',  ( 41.16789443919011400, 52.27868461264223800, 5.336685242754147600 ) ) ;
#120 = CARTESIAN_POINT ( 'NONE',  ( 37.69671036803870100, 52.17094412868753700, -6.300404846432882300 ) ) ;
#121 = VERTEX_POINT ( 'NONE', #2625 ) ;
#122 = CARTESIAN_POINT ( 'NONE',  ( 32.82527693386587900, -18.00698244848607400, -38.49812593987153500 ) ) ;
#123 = AXIS2_PLACEMENT_3D ( 'NONE', #939, #2197, #1612 ) ;
#124 = EDGE_CURVE ( 'NONE', #2469, #2469, #3000, .T. ) ;
#125 = PLANE ( 'NONE',  #1109 ) ;
#126 = CARTESIAN_POINT ( 'NONE',  ( -14.00000000000000000, -124.0000000000000000, -28.50000000000000000 ) ) ;
#127 = VECTOR ( 'NONE', #1605, 1000.000000000000000 ) ;
#128 = CARTESIAN_POINT ( 'NONE',  ( -150.0000000000000000, 0.0000000000000000000, 0.0000000000000000000 ) ) ;
#129 = CARTESIAN_POINT ( 'NONE',  ( -11.11628593880028100, -15.95706638166489300, -62.93286645150014600 ) ) ;
#130 = CONICAL_SURFACE ( 'NONE', #1256, 6.000000000000002700, 0.7853981633974490600 ) ;
#131 = CARTESIAN_POINT ( 'NONE',  ( 43.56115733049892200, -21.92840228154660700, -36.40801375420313200 ) ) ;
#132 = ORIENTED_EDGE ( 'NONE', *, *, #1423, .F. ) ;
#133 = CONICAL_SURFACE ( 'NONE', #998, 6.000000000000000000, 0.7853981633974503900 ) ;
#134 = CARTESIAN_POINT ( 'NONE',  ( -16.19999999999999900, 0.0000000000000000000, 0.0000000000000000000 ) ) ;
#135 = CARTESIAN_POINT ( 'NONE',  ( 10.20539508798284000, -64.15491782343050900, 37.48346058803223000 ) ) ;
#136 = AXIS2_PLACEMENT_3D ( 'NONE', #2617, #273, #2295 ) ;
#137 = CARTESIAN_POINT ( 'NONE',  ( 11.16408427274554100, 61.15905031889069900, 68.13331016386874200 ) ) ;
#138 = CIRCLE ( 'NONE', #769, 5.323399999999999500 ) ;
#139 = FACE_OUTER_BOUND ( 'NONE', #379, .T. ) ;
#140 = EDGE_CURVE ( 'E240', #648, #655, #2154, .T. ) ;
#141 = DIRECTION ( 'NONE',  ( -0.0000000000000000000, 0.4999999999999998900, 0.8660254037844387100 ) ) ;
#142 = AXIS2_PLACEMENT_3D ( 'NONE', #1983, #1298, #638 ) ;
#143 = ORIENTED_EDGE ( 'NONE', *, *, #175, .F. ) ;
#144 = CARTESIAN_POINT ( 'NONE',  ( 10.30008292023424200, -56.49295150280374900, 31.99572783639750300 ) ) ;
#145 = CARTESIAN_POINT ( 'NONE',  ( 17.05813877045428800, 65.02139026011690200, 63.97587818608874200 ) ) ;
#146 = CARTESIAN_POINT ( 'NONE',  ( -10.23406887836574300, 74.29727384683759800, 0.4382471845057043800 ) ) ;
#147 = CARTESIAN_POINT ( 'NONE',  ( -36.00000000000000000, 124.0000000000000000, -12.50000000000000000 ) ) ;
#148 =( GEOMETRIC_REPRESENTATION_CONTEXT ( 3 ) GLOBAL_UNCERTAINTY_ASSIGNED_CONTEXT ( ( #2244 ) ) GLOBAL_UNIT_ASSIGNED_CONTEXT ( ( #2646, #2739, #207 ) ) REPRESENTATION_CONTEXT ( 'NONE', 'WORKASPACE' ) );
#149 = ORIENTED_EDGE ( 'NONE', *, *, #1559, .T. ) ;
#150 = CARTESIAN_POINT ( 'NONE',  ( -16.19999999999999900, 50.94758064516129500, -80.18319042296080600 ) ) ;
#151 = DIRECTION ( 'NONE',  ( 1.000000000000000000, 0.0000000000000000000, 0.0000000000000000000 ) ) ;
#152 = CARTESIAN_POINT ( 'NONE',  ( 40.60729481315709000, -25.59024077188260900, -33.93226141579479800 ) ) ;
#153 = CONICAL_SURFACE ( 'NONE', #817, 52.54999999999999700, 0.7853981633974503900 ) ;
#154 = CARTESIAN_POINT ( 'NONE',  ( 31.60034655746893500, -21.59799573459916600, -36.60510773520999800 ) ) ;
#155 = ORIENTED_EDGE ( 'NONE', *, *, #38, .T. ) ;
#156 = AXIS2_PLACEMENT_3D ( 'NONE', #2634, #703, #71 ) ;
#157 = CARTESIAN_POINT ( 'NONE',  ( 44.20666297626164700, 52.54214254075738900, 0.9323395225555518600 ) ) ;
#158 = CARTESIAN_POINT ( 'NONE',  ( 32.89547408553682600, -30.05139703673275900, -43.10961498758246800 ) ) ;
#159 = EDGE_CURVE ( 'NONE', #1788, #1788, #2294, .T. ) ;
#160 = AXIS2_PLACEMENT_3D ( 'NONE', #1143, #1807, #2148 ) ;
#161 = DIRECTION ( 'NONE',  ( -1.000000000000000000, 0.0000000000000000000, 0.0000000000000000000 ) ) ;
#162 = EDGE_CURVE ( 'NONE', #1437, #1437, #1209, .T. ) ;
#163 = CC_DESIGN_APPROVAL ( #2897, ( #2433 ) ) ;
#164 = ORIENTED_EDGE ( 'NONE', *, *, #1524, .T. ) ;
#165 = DIRECTION ( 'NONE',  ( 0.0000000000000000000, 1.000000000000000000, 0.0000000000000000000 ) ) ;
#166 = CARTESIAN_POINT ( 'NONE',  ( -15.49203164140289600, -89.02685656530900400, 28.50000000000000000 ) ) ;
#167 = CARTESIAN_POINT ( 'NONE',  ( -17.50000000000000000, 0.0000000000000000000, 0.0000000000000000000 ) ) ;
#168 = VERTEX_POINT ( 'NONE', #1007 ) ;
#169 = CARTESIAN_POINT ( 'NONE',  ( 10.23564327282743800, -32.84347213695703300, -56.00438580033392100 ) ) ;
#170 = CARTESIAN_POINT ( 'NONE',  ( -10.61802827759113500, -19.98321891990395800, -71.50483708192979300 ) ) ;
#171 = EDGE_LOOP ( 'NONE', ( #2912, #2998, #2589, #570 ) ) ;
#172 = VERTEX_POINT ( 'NONE', #1669 ) ;
#173 = CARTESIAN_POINT ( 'NONE',  ( 11.79725914553434800, 49.05767028665460600, 55.49103910850139000 ) ) ;
#174 = CARTESIAN_POINT ( 'NONE',  ( -34.10000000000000100, 0.0000000000000000000, 0.0000000000000000000 ) ) ;
#175 = EDGE_CURVE ( 'E188', #1220, #278, #1244, .T. ) ;
#176 = CYLINDRICAL_SURFACE ( 'NONE', #322, 0.8750000000000007800 ) ;
#177 = ORIENTED_EDGE ( 'NONE', *, *, #2134, .F. ) ;
#178 = CARTESIAN_POINT ( 'NONE',  ( 39.33205080756889100, -23.67692378864665100, -47.00963496887229800 ) ) ;
#179 = CARTESIAN_POINT ( 'NONE',  ( 32.21099751531063000, 42.41779007151939100, -2.667104967157452000 ) ) ;
#180 = CARTESIAN_POINT ( 'NONE',  ( 39.42545687737384700, -31.35643505350559900, -42.16983190030893500 ) ) ;
#181 = CARTESIAN_POINT ( 'NONE',  ( 40.60669149502049200, -16.58074946870722900, -39.13280975943561700 ) ) ;
#182 = CARTESIAN_POINT ( 'NONE',  ( -10.55968734899355600, -17.54112806872291900, -62.50987424394863000 ) ) ;
#183 = ORIENTED_EDGE ( 'NONE', *, *, #1705, .F. ) ;
#184 = EDGE_CURVE ( 'E1015', #1526, #2663, #1582, .T. ) ;
#185 = EDGE_LOOP ( 'NONE', ( #1259, #412, #2274, #759 ) ) ;
#186 = FACE_OUTER_BOUND ( 'NONE', #1305, .T. ) ;
#187 = CARTESIAN_POINT ( 'NONE',  ( 41.83063653104437700, -21.92962344231947800, -47.75616349546486100 ) ) ;
#188 = CARTESIAN_POINT ( 'NONE',  ( 35.65679264674309900, -16.13110257671581800, -39.31997489487034200 ) ) ;
#189 = LINE ( 'NONE', #3001, #285 ) ;
#190 = PLANE ( 'NONE',  #576 ) ;
#191 = CARTESIAN_POINT ( 'NONE',  ( -14.00000000000000000, -88.52972206631490300, 28.50000000000000000 ) ) ;
#192 = FACE_OUTER_BOUND ( 'NONE', #971, .T. ) ;
#193 = DIRECTION ( 'NONE',  ( -0.4999999999999998900, 0.0000000000000000000, -0.8660254037844387100 ) ) ;
#194 = EDGE_LOOP ( 'NONE', ( #1267 ) ) ;
#195 = DIRECTION ( 'NONE',  ( 1.000000000000000000, 0.0000000000000000000, 0.0000000000000000000 ) ) ;
#196 = DIRECTION ( 'NONE',  ( 0.0000000000000000000, 0.8660254037844384900, -0.5000000000000002200 ) ) ;
#197 = APPROVAL_ROLE ( '' ) ;
#198 = AXIS2_PLACEMENT_3D ( 'NONE', #2373, #2647, #2179 ) ;
#199 = CARTESIAN_POINT ( 'NONE',  ( 36.23926920396471000, -26.11159957723419500, -33.53260910238100200 ) ) ;
#200 = ORIENTED_EDGE ( 'NONE', *, *, #773, .F. ) ;
#201 = DIRECTION ( 'NONE',  ( 0.0000000000000000000, 0.0000000000000000000, 1.000000000000000000 ) ) ;
#202 = ORIENTED_EDGE ( 'NONE', *, *, #820, .T. ) ;
#203 = VERTEX_POINT ( 'NONE', #1647 ) ;
#204 = CARTESIAN_POINT ( 'NONE',  ( 11.22973743896479000, -55.79534422939863700, 33.19721545913939300 ) ) ;
#205 = FACE_OUTER_BOUND ( 'NONE', #1666, .T. ) ;
#206 = DIRECTION ( 'NONE',  ( 0.0000000000000000000, -1.000000000000000000, 0.0000000000000000000 ) ) ;
#207 =( NAMED_UNIT ( * ) SI_UNIT ( $, .STERADIAN. ) SOLID_ANGLE_UNIT ( ) );
#208 = FACE_OUTER_BOUND ( 'NONE', #171, .T. ) ;
#209 = FACE_OUTER_BOUND ( 'NONE', #251, .T. ) ;
#210 = AXIS2_PLACEMENT_3D ( 'NONE', #2452, #1997, #1967 ) ;
#211 = CIRCLE ( 'NONE', #966, 28.50000000000000000 ) ;
#212 = CARTESIAN_POINT ( 'NONE',  ( 31.63826529564201800, -20.57040140913218500, -37.19215070367107500 ) ) ;
#213 = EDGE_LOOP ( 'NONE', ( #2084 ) ) ;
#214 = AXIS2_PLACEMENT_3D ( 'NONE', #301, #1520, #101 ) ;
#215 = CARTESIAN_POINT ( 'NONE',  ( 13.39709452121709500, 61.10806093734413500, 68.00644761962637100 ) ) ;
#216 = DIRECTION ( 'NONE',  ( 0.0000000000000000000, 0.0000000000000000000, -1.000000000000000000 ) ) ;
#217 = ORIENTED_EDGE ( 'NONE', *, *, #3041, .T. ) ;
#218 = CARTESIAN_POINT ( 'NONE',  ( 17.25000000000000000, 0.0000000000000000000, 0.0000000000000000000 ) ) ;
#219 = CARTESIAN_POINT ( 'NONE',  ( 42.69660984823282500, 42.38175991091183200, 3.172296180131708400 ) ) ;
#220 = CARTESIAN_POINT ( 'NONE',  ( -10.88053171555854900, 74.20150245644406100, 0.8743691578666568100 ) ) ;
#221 = ORIENTED_EDGE ( 'NONE', *, *, #673, .F. ) ;
#222 = CARTESIAN_POINT ( 'NONE',  ( 37.60000000000000100, 42.50000000000000000, 0.0000000000000000000 ) ) ;
#223 = DIRECTION ( 'NONE',  ( -1.000000000000000000, 0.0000000000000000000, -6.123031769111888800E-017 ) ) ;
#224 = CARTESIAN_POINT ( 'NONE',  ( -11.00000000000000000, 0.0000000000000000000, 0.0000000000000000000 ) ) ;
#225 = LINE ( 'NONE', #93, #2828 ) ;
#226 = DIRECTION ( 'NONE',  ( -6.123031769111888800E-017, 1.000000000000000000, 0.0000000000000000000 ) ) ;
#227 = ORIENTED_EDGE ( 'NONE', *, *, #1346, .F. ) ;
#228 = EDGE_LOOP ( 'NONE', ( #1672 ) ) ;
#229 = AXIS2_PLACEMENT_3D ( 'NONE', #340, #2940, #1286 ) ;
#230 = CARTESIAN_POINT ( 'NONE',  ( 38.39209007789789800, -26.20189670424988600, -33.46216749354165600 ) ) ;
#231 = ADVANCED_FACE ( 'E1352', ( #2267, #2189, #2417, #1857 ), #402, .T. ) ;
#232 = EDGE_LOOP ( 'NONE', ( #56 ) ) ;
#233 = DIRECTION ( 'NONE',  ( -0.5000000000000003300, 0.0000000000000000000, 0.8660254037844384900 ) ) ;
#234 = CARTESIAN_POINT ( 'NONE',  ( -16.10914078136235300, -89.98929967082338500, -28.50000000000000400 ) ) ;
#235 = EDGE_CURVE ( 'NONE', #2527, #2527, #369, .T. ) ;
#236 = FACE_OUTER_BOUND ( 'NONE', #1455, .T. ) ;
#237 = CARTESIAN_POINT ( 'NONE',  ( 14.87054106139146400, 61.51517883050483000, 67.52389097356541500 ) ) ;
#238 = CIRCLE ( 'NONE', #2376, 64.92436867076460800 ) ;
#239 = EDGE_CURVE ( 'NONE', #2597, #2597, #2797, .T. ) ;
#240 = CARTESIAN_POINT ( 'NONE',  ( 34.08403200552668000, -30.77632339465871800, -42.59496238465844400 ) ) ;
#241 = CARTESIAN_POINT ( 'NONE',  ( -14.00000000000000000, 88.52972206631490300, 28.50000000000000000 ) ) ;
#242 = FACE_OUTER_BOUND ( 'NONE', #2949, .T. ) ;
#243 = EDGE_LOOP ( 'NONE', ( #155 ) ) ;
#244 = COORDINATED_UNIVERSAL_TIME_OFFSET ( 3, 0, .BEHIND. ) ;
#245 = FACE_OUTER_BOUND ( 'NONE', #2324, .T. ) ;
#246 = CIRCLE ( 'NONE', #1397, 95.00000000000000000 ) ;
#247 = DIRECTION ( 'NONE',  ( -1.000000000000000000, 0.0000000000000000000, -6.123031769111888800E-017 ) ) ;
#248 = VERTEX_POINT ( 'NONE', #956 ) ;
#249 = ADVANCED_FACE ( 'E1406', ( #1058 ), #632, .F. ) ;
#250 = DIRECTION ( 'NONE',  ( -1.000000000000000000, 0.0000000000000000000, 0.0000000000000000000 ) ) ;
#251 = EDGE_LOOP ( 'NONE', ( #465 ) ) ;
#252 = LINE ( 'NONE', #2689, #1921 ) ;
#253 = DIRECTION ( 'NONE',  ( 0.0000000000000000000, -1.000000000000000000, 0.0000000000000000000 ) ) ;
#254 = CARTESIAN_POINT ( 'NONE',  ( -15.18032952299593300, -88.80247895930260400, 28.50000000000000000 ) ) ;
#255 = DIRECTION ( 'NONE',  ( 1.000000000000000000, 0.0000000000000000000, 0.0000000000000000000 ) ) ;
#256 = ORIENTED_EDGE ( 'NONE', *, *, #159, .T. ) ;
#257 = CARTESIAN_POINT ( 'NONE',  ( 8.038304657413869200, 54.88652017429782100, 50.47712622923626900 ) ) ;
#258 = DIRECTION ( 'NONE',  ( 0.4999999999999998900, 0.0000000000000000000, 0.8660254037844387100 ) ) ;
#259 = DIRECTION ( 'NONE',  ( 1.000000000000000000, 0.0000000000000000000, 0.0000000000000000000 ) ) ;
#260 = FACE_OUTER_BOUND ( 'NONE', #185, .T. ) ;
#261 = CARTESIAN_POINT ( 'NONE',  ( 16.66453971859031900, 62.91457526395228000, 66.07950837546329100 ) ) ;
#262 = CARTESIAN_POINT ( 'NONE',  ( 43.70756772193021100, 52.48846465411945400, 2.549908155388741300 ) ) ;
#263 = CIRCLE ( 'NONE', #400, 72.94396490477160500 ) ;
#264 = DIRECTION ( 'NONE',  ( -0.8660254037844387100, 0.0000000000000000000, 0.4999999999999998900 ) ) ;
#265 = CARTESIAN_POINT ( 'NONE',  ( 10.34042709520225000, -37.67768666580774100, -64.01969661644851300 ) ) ;
#266 = ADVANCED_FACE ( 'E1136', ( #2004 ), #2652, .T. ) ;
#267 = ORIENTED_EDGE ( 'NONE', *, *, #2769, .T. ) ;
#268 = CARTESIAN_POINT ( 'NONE',  ( 42.02579485659706600, 52.33804610438119200, 4.716836403863565500 ) ) ;
#269 = CARTESIAN_POINT ( 'NONE',  ( -16.19999999999999900, 149.8977118876569800, 0.0000000000000000000 ) ) ;
#270 = B_SPLINE_CURVE_WITH_KNOTS ( 'NONE', 3,
 ( #1115, #66, #2173, #1119, #2355, #2906, #1228, #2247, #2814, #1222, #1898, #906, #1938, #397, #666, #2088 ),
 .UNSPECIFIED., .F., .F.,
 ( 4, 2, 2, 2, 2, 2, 2, 4 ),
 ( 0.01192526059526727500, 0.01269154907216276500, 0.01307469331061050300, 0.01345783754905824000, 0.01384098178750597600, 0.01422412602595371000, 0.01460727026440144400, 0.01499041450284917900 ),
 .UNSPECIFIED. ) ;
#271 = DIRECTION ( 'NONE',  ( 1.000000000000000000, 0.0000000000000000000, 6.123031769111888800E-017 ) ) ;
#272 = ORIENTED_EDGE ( 'NONE', *, *, #1684, .F. ) ;
#273 = DIRECTION ( 'NONE',  ( 0.06162841671621927000, 0.7044160264027586900, 0.7071067811865476800 ) ) ;
#274 = AXIS2_PLACEMENT_3D ( 'NONE', #2040, #2395, #1135 ) ;
#275 = ORIENTED_EDGE ( 'NONE', *, *, #2976, .F. ) ;
#276 = SECURITY_CLASSIFICATION_LEVEL ( 'unclassified' ) ;
#277 = CARTESIAN_POINT ( 'NONE',  ( 11.85223966138637100, -32.66040007041287700, -56.11134594090052000 ) ) ;
#278 = VERTEX_POINT ( 'NONE', #429 ) ;
#279 = DIRECTION ( 'NONE',  ( 0.5000000000000001100, -0.7500000000000001100, 0.4330127018922190800 ) ) ;
#280 = ADVANCED_FACE ( 'E1241', ( #651 ), #583, .T. ) ;
#281 = CARTESIAN_POINT ( 'NONE',  ( 16.12172298750168100, 66.47011742889166900, 62.54761977259030900 ) ) ;
#282 = TOROIDAL_SURFACE ( 'NONE', #210, 58.73718433538230200, 8.750000000000000000 ) ;
#283 = DIRECTION ( 'NONE',  ( 1.320436518345809400E-016, 0.0000000000000000000, -1.000000000000000000 ) ) ;
#284 = CIRCLE ( 'NONE', #1339, 52.54999999999999700 ) ;
#285 = VECTOR ( 'NONE', #1604, 1000.000000000000000 ) ;
#286 = DATE_AND_TIME ( #951, #572 ) ;
#287 = DIRECTION ( 'NONE',  ( 1.000000000000000000, 0.0000000000000000000, 1.224606353822375800E-016 ) ) ;
#288 = CARTESIAN_POINT ( 'NONE',  ( 11.87500000000000000, -56.22615259354869700, 32.46218433538230400 ) ) ;
#289 = CARTESIAN_POINT ( 'NONE',  ( -10.11991368687074000, -19.29763917571754200, -71.76490618310619100 ) ) ;
#290 = FACE_OUTER_BOUND ( 'NONE', #1101, .T. ) ;
#291 = CARTESIAN_POINT ( 'NONE',  ( -11.65717855908766000, -18.60607292424205300, -71.71427635248379300 ) ) ;
#292 = VERTEX_POINT ( 'NONE', #2883 ) ;
#293 = CARTESIAN_POINT ( 'NONE',  ( -34.10000000000000100, 0.0000000000000000000, 0.0000000000000000000 ) ) ;
#294 = EDGE_LOOP ( 'NONE', ( #2382 ) ) ;
#295 = ORIENTED_EDGE ( 'NONE', *, *, #1459, .F. ) ;
#296 = DIRECTION ( 'NONE',  ( -7.304098846218135700E-017, 0.0000000000000000000, 1.000000000000000000 ) ) ;
#297 = CARTESIAN_POINT ( 'NONE',  ( -16.19999999999999900, 0.0000000000000000000, 0.0000000000000000000 ) ) ;
#298 = ADVANCED_FACE ( 'E1080', ( #192, #996 ), #1014, .T. ) ;
#299 = AXIS2_PLACEMENT_3D ( 'NONE', #519, #513, #1909 ) ;
#300 = CARTESIAN_POINT ( 'NONE',  ( -37.00000000000000000, 0.0000000000000000000, 0.0000000000000000000 ) ) ;
#301 = CARTESIAN_POINT ( 'NONE',  ( -17.50000000000000000, 0.0000000000000000000, 0.0000000000000000000 ) ) ;
#302 = EDGE_LOOP ( 'NONE', ( #2046 ) ) ;
#303 = CARTESIAN_POINT ( 'NONE',  ( 10.97424494239729500, -37.85765563892543600, -63.80734391336258000 ) ) ;
#304 = CARTESIAN_POINT ( 'NONE',  ( 32.54308557619399500, -22.61798203724927700, -47.43457399971498500 ) ) ;
#305 = DIRECTION ( 'NONE',  ( 0.0000000000000000000, -1.000000000000000000, 0.0000000000000000000 ) ) ;
#306 = AXIS2_PLACEMENT_3D ( 'NONE', #167, #527, #2844 ) ;
#307 = CARTESIAN_POINT ( 'NONE',  ( -15.29321672328889300, -88.85829543226574900, -28.50000000000000400 ) ) ;
#308 = EDGE_LOOP ( 'NONE', ( #907 ) ) ;
#309 = CARTESIAN_POINT ( 'NONE',  ( 44.24818152757895700, -26.89519124598959700, -45.14787162944148900 ) ) ;
#310 = DIRECTION ( 'NONE',  ( -1.000000000000000000, 0.0000000000000000000, 0.0000000000000000000 ) ) ;
#311 = CARTESIAN_POINT ( 'NONE',  ( 31.98080961734566700, 42.44784742734410100, 2.112655583625658600 ) ) ;
#312 = CARTESIAN_POINT ( 'NONE',  ( -10.77189078787502100, -15.97875016660652400, -62.92737970185523000 ) ) ;
#313 = AXIS2_PLACEMENT_3D ( 'NONE', #855, #1509, #1344 ) ;
#314 = ORIENTED_EDGE ( 'NONE', *, *, #235, .F. ) ;
#315 = ADVANCED_FACE ( 'E1398', ( #986, #448, #2458, #1683 ), #1398, .F. ) ;
#316 = DIRECTION ( 'NONE',  ( 1.000000000000000000, 0.0000000000000000000, 6.123031769111888800E-017 ) ) ;
#317 = CARTESIAN_POINT ( 'NONE',  ( 0.0000000000000000000, 0.0000000000000000000, 0.0000000000000000000 ) ) ;
#318 = VECTOR ( 'NONE', #2760, 1000.000000000000100 ) ;
#319 = EDGE_CURVE ( 'E885', #2056, #439, #2360, .T. ) ;
#320 = PLANE ( 'NONE',  #2582 ) ;
#321 = DIRECTION ( 'NONE',  ( -5.168044445353020000E-017, 0.5362903225806450200, 0.8440335833995871200 ) ) ;
#322 = AXIS2_PLACEMENT_3D ( 'NONE', #2548, #1868, #2074 ) ;
#323 = ORIENTED_EDGE ( 'NONE', *, *, #2816, .F. ) ;
#324 = CARTESIAN_POINT ( 'NONE',  ( 8.426646711141915000, 62.43072992337219100, 67.18509598612449500 ) ) ;
#325 = CARTESIAN_POINT ( 'NONE',  ( 9.788076970555339400, 55.42263023316420600, 49.57429019312640900 ) ) ;
#326 = CARTESIAN_POINT ( 'NONE',  ( 34.43151281310537100, 42.19315874608530200, -5.098969571372109000 ) ) ;
#327 = EDGE_CURVE ( 'NONE', #11, #11, #1759, .T. ) ;
#328 = VECTOR ( 'NONE', #2001, 1000.000000000000100 ) ;
#329 = EDGE_CURVE ( 'NONE', #1627, #1627, #1448, .T. ) ;
#330 = CIRCLE ( 'NONE', #858, 42.50000000000000000 ) ;
#331 = CYLINDRICAL_SURFACE ( 'NONE', #2018, 0.8750000000000007800 ) ;
#332 = DIRECTION ( 'NONE',  ( -1.000000000000000000, 0.0000000000000000000, 0.0000000000000000000 ) ) ;
#333 = CONICAL_SURFACE ( 'NONE', #52, 90.75327041378669400, 0.05746773793831547200 ) ;
#334 = CARTESIAN_POINT ( 'NONE',  ( 7.164124041198524800, 51.17086593473200700, 54.36270907181499000 ) ) ;
#335 = CARTESIAN_POINT ( 'NONE',  ( 37.21048802829708500, 42.07431772432346400, -6.000149002772224600 ) ) ;
#336 = ADVANCED_FACE ( 'E1262', ( #2653 ), #1733, .T. ) ;
#337 = EDGE_CURVE ( 'E291', #168, #1160, #392, .T. ) ;
#338 = CARTESIAN_POINT ( 'NONE',  ( -32.09999999999999400, 0.0000000000000000000, 0.0000000000000000000 ) ) ;
#339 = CARTESIAN_POINT ( 'NONE',  ( -15.84190657833591600, -89.40452765225499800, 28.49999999999999300 ) ) ;
#340 = CARTESIAN_POINT ( 'NONE',  ( -15.75000000000000000, 0.0000000000000000000, 2.143061119189160000E-016 ) ) ;
#341 = EDGE_LOOP ( 'NONE', ( #1064 ) ) ;
#342 = CARTESIAN_POINT ( 'NONE',  ( 10.11609395197609200, -64.45459984347905900, 36.99083780597420200 ) ) ;
#343 = CARTESIAN_POINT ( 'NONE',  ( -14.00000000000000000, 88.52972206631490300, 28.50000000000000000 ) ) ;
#344 = CARTESIAN_POINT ( 'NONE',  ( -16.19999999999999900, -124.0000000000000000, -28.50000000000000000 ) ) ;
#345 = ORIENTED_EDGE ( 'NONE', *, *, #1570, .F. ) ;
#346 = CARTESIAN_POINT ( 'NONE',  ( 38.73116013058188400, -20.70384508073423300, -48.29971332612769400 ) ) ;
#347 = DIRECTION ( 'NONE',  ( -1.000000000000000000, 0.0000000000000000000, 0.0000000000000000000 ) ) ;
#348 = ORIENTED_EDGE ( 'NONE', *, *, #1785, .F. ) ;
#349 = EDGE_CURVE ( 'E113', #1160, #475, #2491, .T. ) ;
#350 = CARTESIAN_POINT ( 'NONE',  ( 11.87499999999999600, -32.46218433538229700, -56.22615259354869700 ) ) ;
#351 = EDGE_LOOP ( 'NONE', ( #103 ) ) ;
#352 = CARTESIAN_POINT ( 'NONE',  ( 30.92008548163986200, 52.55037354393424900, -0.08008509124769808100 ) ) ;
#353 = CARTESIAN_POINT ( 'NONE',  ( 39.57805234795588200, 52.20432902833476900, -6.017761844281186400 ) ) ;
#354 = ORIENTED_EDGE ( 'NONE', *, *, #1928, .T. ) ;
#355 = FACE_OUTER_BOUND ( 'NONE', #1373, .T. ) ;
#356 = ORIENTED_EDGE ( 'NONE', *, *, #2515, .F. ) ;
#357 = CARTESIAN_POINT ( 'NONE',  ( 43.27168531230843500, 52.44495300932191400, -3.326031496086751600 ) ) ;
#358 = CARTESIAN_POINT ( 'NONE',  ( -36.00000000000000000, 139.2842741935483800, -24.05495712688824700 ) ) ;
#359 = CARTESIAN_POINT ( 'NONE',  ( 10.26316687804910200, -64.09680022899483700, 37.56701779677033000 ) ) ;
#360 = VECTOR ( 'NONE', #2246, 1000.000000000000000 ) ;
#361 = ORIENTED_EDGE ( 'NONE', *, *, #1737, .F. ) ;
#362 = CARTESIAN_POINT ( 'NONE',  ( -16.19999999999999900, 0.0000000000000000000, 0.0000000000000000000 ) ) ;
#363 = EDGE_CURVE ( 'E273', #2209, #2716, #2396, .T. ) ;
#364 = CIRCLE ( 'NONE', #910, 93.00409501274100400 ) ;
#365 = DIRECTION ( 'NONE',  ( 0.0000000000000000000, -1.000000000000000000, 0.0000000000000000000 ) ) ;
#366 = CARTESIAN_POINT ( 'NONE',  ( 16.98405071090654800, 65.24706199567265200, 63.75173975167039200 ) ) ;
#367 = CARTESIAN_POINT ( 'NONE',  ( 11.71521979823468000, -36.59117368646537500, -64.41158907812057100 ) ) ;
#368 = CARTESIAN_POINT ( 'NONE',  ( 33.63819496109560000, -25.04676524499131700, -34.33637505330231200 ) ) ;
#369 = CIRCLE ( 'NONE', #2409, 6.000000000000002700 ) ;
#370 = CARTESIAN_POINT ( 'NONE',  ( 12.12101360447975300, 61.04677242428167700, 68.15999240946018700 ) ) ;
#371 = DIRECTION ( 'NONE',  ( 0.0000000000000000000, 0.0000000000000000000, -1.000000000000000000 ) ) ;
#372 = ORIENTED_EDGE ( 'NONE', *, *, #1380, .T. ) ;
#373 = DIRECTION ( 'NONE',  ( -1.000000000000000000, 0.0000000000000000000, -6.123031769111888800E-017 ) ) ;
#374 = ORIENTED_EDGE ( 'NONE', *, *, #1423, .T. ) ;
#375 = AXIS2_PLACEMENT_3D ( 'NONE', #2328, #551, #2408 ) ;
#376 = ORIENTED_EDGE ( 'NONE', *, *, #2204, .T. ) ;
#377 = CARTESIAN_POINT ( 'NONE',  ( -14.32362519336101900, 88.54928136831280500, -28.50000000000000000 ) ) ;
#378 = CARTESIAN_POINT ( 'NONE',  ( 35.86794919243114800, 50.03750000000000100, 3.000000000000000000 ) ) ;
#379 = EDGE_LOOP ( 'NONE', ( #2245 ) ) ;
#380 = DIRECTION ( 'NONE',  ( 0.5000000000000003300, 0.0000000000000000000, -0.8660254037844383700 ) ) ;
#381 = FACE_OUTER_BOUND ( 'NONE', #1148, .T. ) ;
#382 = CARTESIAN_POINT ( 'NONE',  ( 10.06741703310000700, 49.27972541887654500, 55.63490688341164500 ) ) ;
#383 = CARTESIAN_POINT ( 'NONE',  ( 41.56453851552980400, 42.25979395954037400, -4.520937810366383800 ) ) ;
#384 = ORIENTED_EDGE ( 'NONE', *, *, #1932, .T. ) ;
#385 = CARTESIAN_POINT ( 'NONE',  ( 42.15728141031136300, -22.17451414297456200, -47.64330143168289300 ) ) ;
#386 = CARTESIAN_POINT ( 'NONE',  ( 41.06410161513775100, 52.54999999999999700, 2.121080424092025200E-016 ) ) ;
#387 = CARTESIAN_POINT ( 'NONE',  ( 37.60000000000000100, 52.54999999999999700, -5.323399999999999500 ) ) ;
#388 = ORIENTED_EDGE ( 'NONE', *, *, #885, .F. ) ;
#389 = CARTESIAN_POINT ( 'NONE',  ( -14.00000000000000000, 124.0000000000000000, 28.50000000000000000 ) ) ;
#390 = DIRECTION ( 'NONE',  ( -0.5000000000000001100, 0.7500000000000001100, -0.4330127018922190800 ) ) ;
#391 = CARTESIAN_POINT ( 'NONE',  ( -17.44069906773945200, 0.0000000000000000000, 72.94396490477160500 ) ) ;
#392 = LINE ( 'NONE', #1288, #543 ) ;
#393 = CARTESIAN_POINT ( 'NONE',  ( 38.38710712248546000, -15.87759649615453800, -39.42280904719296300 ) ) ;
#394 = EDGE_CURVE ( 'NONE', #2313, #2313, #1505, .T. ) ;
#395 = ORIENTED_EDGE ( 'NONE', *, *, #2038, .F. ) ;
#396 = CARTESIAN_POINT ( 'NONE',  ( 7.355237431460067500, 63.89590588206881000, 65.87980188097192500 ) ) ;
#397 = CARTESIAN_POINT ( 'NONE',  ( -16.18856290949047100, 90.36691379875560400, -28.50000000000000400 ) ) ;
#398 = LINE ( 'NONE', #2168, #318 ) ;
#399 = DIRECTION ( 'NONE',  ( 1.000000000000000000, 0.0000000000000000000, 0.0000000000000000000 ) ) ;
#400 = AXIS2_PLACEMENT_3D ( 'NONE', #2878, #1687, #641 ) ;
#401 = ORIENTED_EDGE ( 'NONE', *, *, #349, .T. ) ;
#402 = CYLINDRICAL_SURFACE ( 'NONE', #463, 52.54999999999999700 ) ;
#403 = CARTESIAN_POINT ( 'NONE',  ( -16.19999999999999900, -139.2842741935483800, -24.05495712688824700 ) ) ;
#404 = APPROVAL_PERSON_ORGANIZATION ( #1577, #2897, #197 ) ;
#405 = CARTESIAN_POINT ( 'NONE',  ( -11.58668511054596300, -19.81452685193004700, -71.40130786419061300 ) ) ;
#406 = ORIENTED_EDGE ( 'NONE', *, *, #394, .F. ) ;
#407 = CARTESIAN_POINT ( 'NONE',  ( -11.87988428051041700, -19.10120591309265600, -71.54736485879068700 ) ) ;
#408 = EDGE_CURVE ( 'NONE', #1596, #1596, #2812, .T. ) ;
#409 = ORIENTED_EDGE ( 'NONE', *, *, #524, .T. ) ;
#410 = CARTESIAN_POINT ( 'NONE',  ( -10.16209964028624800, -18.96479888677824700, -71.84762553264894800 ) ) ;
#411 = EDGE_CURVE ( 'E670', #1075, #3037, #1693, .T. ) ;
#412 = ORIENTED_EDGE ( 'NONE', *, *, #2816, .T. ) ;
#413 = CARTESIAN_POINT ( 'NONE',  ( 33.34366094508415300, 52.32576691814310300, -4.849393431793938400 ) ) ;
#414 = CARTESIAN_POINT ( 'NONE',  ( 36.89485022388500100, -31.52160084490560600, -42.04630150161980100 ) ) ;
#415 = CARTESIAN_POINT ( 'NONE',  ( -14.32362519336101900, -88.54928136831280500, 28.50000000000000000 ) ) ;
#416 = CARTESIAN_POINT ( 'NONE',  ( 32.83114844656307000, 42.34318343498745200, -3.662154969078311100 ) ) ;
#417 = SPHERICAL_SURFACE ( 'NONE', #650, 75.00000000000000000 ) ;
#418 = DIRECTION ( 'NONE',  ( 0.0000000000000000000, 0.0000000000000000000, -1.000000000000000000 ) ) ;
#419 = FACE_OUTER_BOUND ( 'NONE', #2843, .T. ) ;
#420 = CARTESIAN_POINT ( 'NONE',  ( -36.00000000000000000, 124.0000000000000000, -7.592559393698740600E-015 ) ) ;
#421 = FACE_OUTER_BOUND ( 'NONE', #1370, .T. ) ;
#422 = CARTESIAN_POINT ( 'NONE',  ( 40.61436621770687300, -31.00173043103702900, -42.43157156714065800 ) ) ;
#423 = CARTESIAN_POINT ( 'NONE',  ( 34.13589838486225100, -26.27499999999999900, -45.50963496887229800 ) ) ;
#424 = CARTESIAN_POINT ( 'NONE',  ( -11.53871997146576500, -16.12764316407713500, -62.88942117122046900 ) ) ;
#425 = AXIS2_PLACEMENT_3D ( 'NONE', #2286, #316, #27 ) ;
#426 = DIRECTION ( 'NONE',  ( -3.283722682628550400E-017, -0.8440335833995871200, 0.5362903225806450200 ) ) ;
#427 = EDGE_CURVE ( 'E16', #1745, #3037, #2922, .T. ) ;
#428 = ORIENTED_EDGE ( 'NONE', *, *, #1193, .T. ) ;
#429 = CARTESIAN_POINT ( 'NONE',  ( -36.00000000000000000, 139.2842741935483800, 24.05495712688824700 ) ) ;
#430 = CARTESIAN_POINT ( 'NONE',  ( -15.58733369820847000, -89.11618168662236900, 28.50000000000000400 ) ) ;
#431 = CARTESIAN_POINT ( 'NONE',  ( -14.00000000000000000, -124.0000000000000000, -12.50000000000000000 ) ) ;
#432 = PLANE ( 'NONE',  #2682 ) ;
#433 = CARTESIAN_POINT ( 'NONE',  ( 31.91388154920611000, -19.56099685514678700, -37.73132776702271900 ) ) ;
#434 = B_SPLINE_CURVE_WITH_KNOTS ( 'NONE', 3,
 ( #48, #3019, #1392, #1045, #819, #1703, #182, #1906, #1127, #1838, #1069, #1144, #582, #889, #1865, #1876, #541, #546, #496, #904, #3040, #424, #1859, #2950, #129, #2704, #312, #1628, #2456, #2847, #663, #1418 ),
 .UNSPECIFIED., .T., .F.,
 ( 4, 2, 2, 2, 2, 2, 2, 2, 2, 2, 2, 2, 2, 2, 2, 4 ),
 ( 0.0000000000000000000, 0.0003419215172765447000, 0.0006838430345530894000, 0.001025764551829634300, 0.001367686069106176800, 0.001709607586382719400, 0.002051529103659259800, 0.002393450620935800300, 0.002735372138212340700, 0.003077293655488881100, 0.003419215172765421500, 0.003761136690041961900, 0.004103058207318502300, 0.004444979724595042800, 0.004786901241871583200, 0.005470744276424671800 ),
 .UNSPECIFIED. ) ;
#435 = EDGE_LOOP ( 'NONE', ( #116 ) ) ;
#436 = CARTESIAN_POINT ( 'NONE',  ( 8.021734927424294200, 62.81417959256112500, 66.85927965152242800 ) ) ;
#437 = DIRECTION ( 'NONE',  ( -1.000000000000000000, 0.0000000000000000000, 0.0000000000000000000 ) ) ;
#438 = CYLINDRICAL_SURFACE ( 'NONE', #2073, 0.8750000000000007800 ) ;
#439 = VERTEX_POINT ( 'NONE', #1287 ) ;
#440 = CARTESIAN_POINT ( 'NONE',  ( 15.31616516688552700, 52.72889129998976200, 51.08977079699390300 ) ) ;
#441 = CARTESIAN_POINT ( 'NONE',  ( -10.42635250191440300, -19.86988441697641900, -71.56460127590787600 ) ) ;
#442 = EDGE_LOOP ( 'NONE', ( #792 ) ) ;
#443 = VECTOR ( 'NONE', #2477, 1000.000000000000000 ) ;
#444 = AXIS2_PLACEMENT_3D ( 'NONE', #386, #264, #1456 ) ;
#445 = CARTESIAN_POINT ( 'NONE',  ( 7.480141222068270100, 65.90791061331025000, 63.85660970992614000 ) ) ;
#446 = CARTESIAN_POINT ( 'NONE',  ( -14.21575012485650400, -88.54276166833885500, -28.50000000000000000 ) ) ;
#447 = VERTEX_POINT ( 'NONE', #832 ) ;
#448 = FACE_BOUND ( 'NONE', #243, .T. ) ;
#449 = CIRCLE ( 'NONE', #1976, 44.50000000000000000 ) ;
#450 = CARTESIAN_POINT ( 'NONE',  ( 17.25000000000000000, -64.92436867076460800, 0.0000000000000000000 ) ) ;
#451 = CARTESIAN_POINT ( 'NONE',  ( 11.44031265100640700, -55.83992391354394200, 33.12217458512098700 ) ) ;
#452 = CARTESIAN_POINT ( 'NONE',  ( 40.26010359412536100, 42.15799036686731700, -5.381694508227123900 ) ) ;
#453 = CARTESIAN_POINT ( 'NONE',  ( -10.34334765191499300, -19.79505081721374900, -71.59737865818090100 ) ) ;
#454 = LINE ( 'NONE', #1746, #2552 ) ;
#455 = CARTESIAN_POINT ( 'NONE',  ( -14.00000000000000000, -124.0000000000000000, 0.0000000000000000000 ) ) ;
#456 = ORIENTED_EDGE ( 'NONE', *, *, #575, .T. ) ;
#457 = CARTESIAN_POINT ( 'NONE',  ( 35.02314895128108700, 52.22672734300162000, 5.822723627426875700 ) ) ;
#458 = ORIENTED_EDGE ( 'NONE', *, *, #989, .F. ) ;
#459 = CARTESIAN_POINT ( 'NONE',  ( 7.031050995018991200, 53.98893344893367900, 51.58337534796373100 ) ) ;
#460 = CARTESIAN_POINT ( 'NONE',  ( 35.86794919243114800, 50.03750000000000100, 3.000000000000000000 ) ) ;
#461 = EDGE_CURVE ( 'E334', #59, #1895, #2448, .T. ) ;
#462 = CARTESIAN_POINT ( 'NONE',  ( 34.13589838486225100, -26.27499999999999900, -45.50963496887229800 ) ) ;
#463 = AXIS2_PLACEMENT_3D ( 'NONE', #2266, #2813, #3043 ) ;
#464 = CARTESIAN_POINT ( 'NONE',  ( 43.39734513422231300, 42.47182597267917700, 1.558642810042206900 ) ) ;
#465 = ORIENTED_EDGE ( 'NONE', *, *, #1315, .T. ) ;
#466 = AXIS2_PLACEMENT_3D ( 'NONE', #2331, #824, #57 ) ;
#467 = VECTOR ( 'NONE', #2140, 1000.000000000000000 ) ;
#468 = DIRECTION ( 'NONE',  ( 0.0000000000000000000, 0.0000000000000000000, 1.000000000000000000 ) ) ;
#469 = CIRCLE ( 'NONE', #782, 28.49999999999999600 ) ;
#470 = CARTESIAN_POINT ( 'NONE',  ( 36.00708835285072200, 52.19153584990736100, -6.128687213809848300 ) ) ;
#471 = FACE_OUTER_BOUND ( 'NONE', #1125, .T. ) ;
#472 = DIRECTION ( 'NONE',  ( 1.000000000000000000, 0.0000000000000000000, 0.0000000000000000000 ) ) ;
#473 = ORIENTED_EDGE ( 'NONE', *, *, #1264, .T. ) ;
#474 = ADVANCED_FACE ( 'E993', ( #837 ), #117, .T. ) ;
#475 = VERTEX_POINT ( 'NONE', #2217 ) ;
#476 = AXIS2_PLACEMENT_3D ( 'NONE', #61, #332, #468 ) ;
#477 = ORIENTED_EDGE ( 'NONE', *, *, #2338, .T. ) ;
#478 = VERTEX_POINT ( 'NONE', #3026 ) ;
#479 = CARTESIAN_POINT ( 'NONE',  ( 6.638188599045331100, 52.82654054827920500, 52.82402280393727500 ) ) ;
#480 = EDGE_LOOP ( 'NONE', ( #1545 ) ) ;
#481 = APPROVAL_PERSON_ORGANIZATION ( #2466, #860, #2726 ) ;
#482 = AXIS2_PLACEMENT_3D ( 'NONE', #2705, #1523, #697 ) ;
#483 = PLANE ( 'NONE',  #631 ) ;
#484 = DIRECTION ( 'NONE',  ( -1.000000000000000000, 0.0000000000000000000, -6.123031769111888800E-017 ) ) ;
#485 = APPROVAL_STATUS ( 'not_yet_approved' ) ;
#486 = ORIENTED_EDGE ( 'NONE', *, *, #1210, .T. ) ;
#487 = DIRECTION ( 'NONE',  ( 0.0000000000000000000, 1.000000000000000000, 0.0000000000000000000 ) ) ;
#488 = CC_DESIGN_SECURITY_CLASSIFICATION ( #2433, ( #1496 ) ) ;
#489 = TOROIDAL_SURFACE ( 'NONE', #2033, 95.00000000000000000, 1.980000000000000000 ) ;
#490 = VERTEX_POINT ( 'NONE', #378 ) ;
#491 = ADVANCED_FACE ( 'E596', ( #1950 ), #797, .F. ) ;
#492 = EDGE_LOOP ( 'NONE', ( #1002 ) ) ;
#493 = CARTESIAN_POINT ( 'NONE',  ( 10.77164182495669700, -55.79510950010294600, 33.19761017773937800 ) ) ;
#494 = CARTESIAN_POINT ( 'NONE',  ( 11.87500000000000200, -56.16834513185961000, 32.56230979608439900 ) ) ;
#495 = LINE ( 'NONE', #2692, #2909 ) ;
#496 = CARTESIAN_POINT ( 'NONE',  ( -11.85215987799501900, -16.58238726308716000, -62.77108549712316700 ) ) ;
#497 = ORIENTED_EDGE ( 'NONE', *, *, #566, .T. ) ;
#498 = ORIENTED_EDGE ( 'NONE', *, *, #2235, .T. ) ;
#499 = CARTESIAN_POINT ( 'NONE',  ( -32.09999999999999400, 0.0000000000000000000, 0.0000000000000000000 ) ) ;
#500 = AXIS2_PLACEMENT_3D ( 'NONE', #1146, #1167, #1688 ) ;
#501 = CARTESIAN_POINT ( 'NONE',  ( 37.60000000000000100, 42.50000000000000000, 0.0000000000000000000 ) ) ;
#502 = FACE_OUTER_BOUND ( 'NONE', #2953, .T. ) ;
#503 = CARTESIAN_POINT ( 'NONE',  ( 27.00000000000000000, 139.2842741935483800, -24.05495712688824700 ) ) ;
#504 = EDGE_CURVE ( 'NONE', #2570, #2570, #1887, .T. ) ;
#505 = ORIENTED_EDGE ( 'NONE', *, *, #1684, .T. ) ;
#506 = ADVANCED_FACE ( 'E833', ( #676, #2082 ), #931, .F. ) ;
#507 = ORIENTED_EDGE ( 'NONE', *, *, #2175, .T. ) ;
#508 = DIRECTION ( 'NONE',  ( -0.06162841671621949200, -0.7044160264027593500, 0.7071067811865468000 ) ) ;
#509 = DIRECTION ( 'NONE',  ( 1.000000000000000000, 0.0000000000000000000, 0.0000000000000000000 ) ) ;
#510 = TOROIDAL_SURFACE ( 'NONE', #375, 44.50000000000000000, 2.000000000000000000 ) ;
#511 = DIRECTION ( 'NONE',  ( 1.000000000000000000, 0.0000000000000000000, 0.0000000000000000000 ) ) ;
#512 = EDGE_LOOP ( 'NONE', ( #217 ) ) ;
#513 = DIRECTION ( 'NONE',  ( -1.000000000000000000, 0.0000000000000000000, 0.0000000000000000000 ) ) ;
#514 = PLANE ( 'NONE',  #1740 ) ;
#515 = CARTESIAN_POINT ( 'NONE',  ( 10.12504045332016600, -32.56135676150778100, -56.16889473708823700 ) ) ;
#516 = FACE_OUTER_BOUND ( 'NONE', #1347, .T. ) ;
#517 = DIRECTION ( 'NONE',  ( 0.0000000000000000000, 0.0000000000000000000, 1.000000000000000000 ) ) ;
#518 = EDGE_LOOP ( 'NONE', ( #1290 ) ) ;
#519 = CARTESIAN_POINT ( 'NONE',  ( 17.50000000000000000, 0.0000000000000000000, 0.0000000000000000000 ) ) ;
#520 = VERTEX_POINT ( 'NONE', #856 ) ;
#521 = ADVANCED_FACE ( 'E575', ( #355 ), #190, .T. ) ;
#522 = EDGE_CURVE ( 'NONE', #1203, #1203, #1041, .T. ) ;
#523 = ORIENTED_EDGE ( 'NONE', *, *, #2482, .T. ) ;
#524 = EDGE_CURVE ( 'NONE', #574, #574, #1377, .T. ) ;
#525 = CARTESIAN_POINT ( 'NONE',  ( 8.492764722787672600, 55.09633437458772700, 50.17237173830841400 ) ) ;
#526 = DIRECTION ( 'NONE',  ( 0.0000000000000000000, -0.8440335833995871200, 0.5362903225806450200 ) ) ;
#527 = DIRECTION ( 'NONE',  ( 1.000000000000000000, 0.0000000000000000000, 1.224606353822375800E-016 ) ) ;
#528 = ORIENTED_EDGE ( 'NONE', *, *, #1518, .F. ) ;
#529 = CARTESIAN_POINT ( 'NONE',  ( 15.69424797767277400, 66.81344908218163400, 62.21683179407263300 ) ) ;
#530 = ORIENTED_EDGE ( 'NONE', *, *, #1147, .T. ) ;
#531 = CARTESIAN_POINT ( 'NONE',  ( -14.00000000000000000, 0.0000000000000000000, -28.50000000000000000 ) ) ;
#532 = ORIENTED_EDGE ( 'NONE', *, *, #1863, .F. ) ;
#533 = CARTESIAN_POINT ( 'NONE',  ( 7.243897417025613600, 65.26146307511390900, 64.53652160273578900 ) ) ;
#534 = CARTESIAN_POINT ( 'NONE',  ( 32.04967841014313700, 52.43337664562587700, 3.503169524058204100 ) ) ;
#535 = CARTESIAN_POINT ( 'NONE',  ( -14.21575012485651300, -88.54276166833885500, 28.50000000000000000 ) ) ;
#536 = AXIS2_PLACEMENT_3D ( 'NONE', #2755, #1348, #2161 ) ;
#537 = ADVANCED_FACE ( 'E1326', ( #2497, #2584 ), #1235, .T. ) ;
#538 = VECTOR ( 'NONE', #1019, 1000.000000000000000 ) ;
#539 = DIRECTION ( 'NONE',  ( -4.756318026423405400E-017, 0.0000000000000000000, 1.000000000000000000 ) ) ;
#540 = CARTESIAN_POINT ( 'NONE',  ( 15.62847770434869900, 61.91789348182700800, 67.09561355500257200 ) ) ;
#541 = CARTESIAN_POINT ( 'NONE',  ( -11.87495954667982500, -16.91427573463542100, -62.68248532492151500 ) ) ;
#542 = AXIS2_PLACEMENT_3D ( 'NONE', #2284, #2323, #1673 ) ;
#543 = VECTOR ( 'NONE', #813, 1000.000000000000000 ) ;
#544 = CARTESIAN_POINT ( 'NONE',  ( 34.03892934795197800, 52.27828766193124500, -5.340508895006489200 ) ) ;
#545 = ORIENTED_EDGE ( 'NONE', *, *, #2763, .F. ) ;
#546 = CARTESIAN_POINT ( 'NONE',  ( -11.87504034383180100, -16.69364841724589300, -62.74160336377822500 ) ) ;
#547 = CARTESIAN_POINT ( 'NONE',  ( 11.18063276191172900, -64.65371116642313600, 36.33048857790434700 ) ) ;
#548 = TOROIDAL_SURFACE ( 'NONE', #745, 72.49226072907410400, 1.750000000000000000 ) ;
#549 = DIRECTION ( 'NONE',  ( 0.0000000000000000000, 0.0000000000000000000, 1.000000000000000000 ) ) ;
#550 = LINE ( 'NONE', #1232, #65 ) ;
#551 = DIRECTION ( 'NONE',  ( -1.000000000000000000, 0.0000000000000000000, 0.0000000000000000000 ) ) ;
#552 = ADVANCED_FACE ( 'E1368', ( #1493, #1855 ), #432, .T. ) ;
#553 = EDGE_LOOP ( 'NONE', ( #53, #388, #149, #497 ) ) ;
#554 = PERSON_AND_ORGANIZATION_ROLE ( 'creator' ) ;
#555 = EDGE_LOOP ( 'NONE', ( #1576 ) ) ;
#556 = CARTESIAN_POINT ( 'NONE',  ( 11.29243987475579700, -64.62373483256509100, 36.34923504843835900 ) ) ;
#557 = VERTEX_POINT ( 'NONE', #2123 ) ;
#558 = AXIS2_PLACEMENT_3D ( 'NONE', #2369, #671, #2725 ) ;
#559 = DIRECTION ( 'NONE',  ( 0.0000000000000000000, 1.000000000000000000, 0.0000000000000000000 ) ) ;
#560 = EDGE_CURVE ( 'E878', #439, #1118, #1621, .T. ) ;
#561 = CARTESIAN_POINT ( 'NONE',  ( 38.78203718781616500, 52.18282533089052300, 6.201373788973630700 ) ) ;
#562 = CARTESIAN_POINT ( 'NONE',  ( 27.00000000000000000, 0.0000000000000000000, 0.0000000000000000000 ) ) ;
#563 = CARTESIAN_POINT ( 'NONE',  ( 34.13589838486225100, 52.54999999999999700, -1.110223024625155900E-015 ) ) ;
#564 = ADVANCED_FACE ( 'E642', ( #2845, #100 ), #721, .T. ) ;
#565 = CARTESIAN_POINT ( 'NONE',  ( 31.06247269578537400, 52.53435154725587400, -1.345637106122894200 ) ) ;
#566 = EDGE_CURVE ( 'E1152', #1275, #121, #762, .T. ) ;
#567 = CARTESIAN_POINT ( 'NONE',  ( 10.72939503874541800, -64.69583729378048500, 36.39132752400254800 ) ) ;
#568 = DIRECTION ( 'NONE',  ( 0.0000000000000000000, 0.0000000000000000000, 1.000000000000000000 ) ) ;
#569 = DIRECTION ( 'NONE',  ( 0.0000000000000000000, 0.0000000000000000000, -1.000000000000000000 ) ) ;
#570 = ORIENTED_EDGE ( 'NONE', *, *, #2134, .T. ) ;
#571 = DIRECTION ( 'NONE',  ( 6.409875621278550000E-016, 0.0000000000000000000, -1.000000000000000000 ) ) ;
#572 = LOCAL_TIME ( 9, 11, 28.00000000000000000, #763 ) ;
#573 = CARTESIAN_POINT ( 'NONE',  ( 11.87500000000000000, -32.46218433538230400, -56.22615259354869700 ) ) ;
#574 = VERTEX_POINT ( 'NONE', #147 ) ;
#575 = EDGE_CURVE ( 'E193', #278, #1835, #83, .T. ) ;
#576 = AXIS2_PLACEMENT_3D ( 'NONE', #1262, #1313, #921 ) ;
#577 = ORIENTED_EDGE ( 'NONE', *, *, #2758, .F. ) ;
#578 = CIRCLE ( 'NONE', #2224, 95.00000000000000000 ) ;
#579 = CARTESIAN_POINT ( 'NONE',  ( 8.981921458333749400, 55.26989998633450800, 49.89639322250586400 ) ) ;
#580 = CARTESIAN_POINT ( 'NONE',  ( -11.88103609595922600, -19.21522933944191200, -71.51663523073715100 ) ) ;
#581 = FACE_OUTER_BOUND ( 'NONE', #2606, .T. ) ;
#582 = CARTESIAN_POINT ( 'NONE',  ( -11.53668902534975300, -17.47948733849358000, -62.52717676004160600 ) ) ;
#583 = PLANE ( 'NONE',  #1473 ) ;
#584 = DIRECTION ( 'NONE',  ( 0.0000000000000000000, 0.0000000000000000000, 1.000000000000000000 ) ) ;
#585 = VECTOR ( 'NONE', #1547, 1000.000000000000000 ) ;
#586 = CIRCLE ( 'NONE', #1004, 93.02271352118590600 ) ;
#587 = CARTESIAN_POINT ( 'NONE',  ( 31.75229365134490300, 42.47875060015819300, 1.357431204117414600 ) ) ;
#588 = ORIENTED_EDGE ( 'NONE', *, *, #1518, .T. ) ;
#589 = CARTESIAN_POINT ( 'NONE',  ( 36.81079666631330100, 42.07995532732832800, 5.960997587630211000 ) ) ;
#590 = FACE_OUTER_BOUND ( 'NONE', #1790, .T. ) ;
#591 = CARTESIAN_POINT ( 'NONE',  ( 44.29034419131913600, -26.16451841938636800, -45.57520818063778000 ) ) ;
#592 = CARTESIAN_POINT ( 'NONE',  ( 8.492764722787669000, 55.09633437458769800, 50.17237173830839900 ) ) ;
#593 = FACE_OUTER_BOUND ( 'NONE', #69, .T. ) ;
#594 = CARTESIAN_POINT ( 'NONE',  ( 37.60000000000000100, 51.87339999999999700, 0.0000000000000000000 ) ) ;
#595 = EDGE_LOOP ( 'NONE', ( #1985 ) ) ;
#596 = CARTESIAN_POINT ( 'NONE',  ( 35.86794919243114800, -27.61682621135329900, -41.83374614186385500 ) ) ;
#597 = PLANE ( 'NONE',  #2699 ) ;
#598 = CARTESIAN_POINT ( 'NONE',  ( -16.19999999999999900, 50.94758064516129500, 80.18319042296080600 ) ) ;
#599 = LINE ( 'NONE', #1934, #1723 ) ;
#600 = CARTESIAN_POINT ( 'NONE',  ( 41.31543946436556800, 52.28805082759100700, -5.246502622056187400 ) ) ;
#601 = ORIENTED_EDGE ( 'NONE', *, *, #2763, .T. ) ;
#602 = CARTESIAN_POINT ( 'NONE',  ( 10.29988573756341300, -55.95556779505942300, 32.92650518853390900 ) ) ;
#603 = CARTESIAN_POINT ( 'NONE',  ( -10.77026256103520300, 64.91879324512642300, -0.8519598078208831000 ) ) ;
#604 = ORIENTED_EDGE ( 'NONE', *, *, #717, .T. ) ;
#605 = CARTESIAN_POINT ( 'NONE',  ( 11.86370642927402100, -64.04336908537614200, 37.18484360190843300 ) ) ;
#606 = VERTEX_POINT ( 'NONE', #2591 ) ;
#607 = AXIS2_PLACEMENT_3D ( 'NONE', #420, #2237, #634 ) ;
#608 = ORIENTED_EDGE ( 'NONE', *, *, #3041, .F. ) ;
#609 = CARTESIAN_POINT ( 'NONE',  ( 9.668291368122508400, 61.63337066374723600, 67.82096154120354500 ) ) ;
#610 = FACE_OUTER_BOUND ( 'NONE', #1104, .T. ) ;
#611 = CARTESIAN_POINT ( 'NONE',  ( 10.93135914459700500, 49.10813676596775000, 55.62356505597959700 ) ) ;
#612 = DIRECTION ( 'NONE',  ( -1.000000000000000000, 0.0000000000000000000, 0.0000000000000000000 ) ) ;
#613 = EDGE_CURVE ( 'NONE', #2381, #2381, #708, .T. ) ;
#614 = CIRCLE ( 'NONE', #2333, 95.00000000000000000 ) ;
#615 = DIRECTION ( 'NONE',  ( 1.000000000000000000, 0.0000000000000000000, 0.0000000000000000000 ) ) ;
#616 = LINE ( 'NONE', #2908, #3031 ) ;
#617 = AXIS2_PLACEMENT_3D ( 'NONE', #1631, #1299, #1431 ) ;
#618 = CARTESIAN_POINT ( 'NONE',  ( 10.64350314881662700, 49.15152774056233700, 55.64108417791625500 ) ) ;
#619 = EDGE_LOOP ( 'NONE', ( #577, #372, #2142, #1701 ) ) ;
#620 = CARTESIAN_POINT ( 'NONE',  ( 35.86794919243114800, 52.54999999999999700, 3.000000000000000000 ) ) ;
#621 = DESIGN_CONTEXT ( 'detailed design', #1332, 'design' ) ;
#622 = CARTESIAN_POINT ( 'NONE',  ( 13.88373229612001600, 54.40841423635895100, 49.71972581947515800 ) ) ;
#623 = ORIENTED_EDGE ( 'NONE', *, *, #2873, .F. ) ;
#624 = FACE_BOUND ( 'NONE', #1425, .T. ) ;
#625 = EDGE_CURVE ( 'NONE', #645, #645, #1453, .T. ) ;
#626 = CARTESIAN_POINT ( 'NONE',  ( 11.87500000000000200, -56.22615259354869700, 32.46218433538231100 ) ) ;
#627 = CARTESIAN_POINT ( 'NONE',  ( 39.16186303230521300, 42.10156047420129300, -5.806431770303434300 ) ) ;
#628 = CARTESIAN_POINT ( 'NONE',  ( 27.00000000000000000, -124.0000000000000000, -3.735049379158249800E-015 ) ) ;
#629 = CARTESIAN_POINT ( 'NONE',  ( 27.00000000000000000, -50.94758064516129500, -80.18319042296080600 ) ) ;
#630 = CARTESIAN_POINT ( 'NONE',  ( 31.70615961104418500, -28.81808577824389100, -43.94480304517936300 ) ) ;
#631 = AXIS2_PLACEMENT_3D ( 'NONE', #1414, #1908, #5 ) ;
#632 = SPHERICAL_SURFACE ( 'NONE', #2095, 75.00000000000000000 ) ;
#633 = CARTESIAN_POINT ( 'NONE',  ( -10.14776033861363300, 64.92405106056314400, -0.2290631882903794200 ) ) ;
#634 = DIRECTION ( 'NONE',  ( 0.0000000000000000000, 0.0000000000000000000, -1.000000000000000000 ) ) ;
#635 = EDGE_CURVE ( 'E931', #682, #2643, #398, .T. ) ;
#636 = PRODUCT_RELATED_PRODUCT_CATEGORY ( 'detail', '', ( #2212 ) ) ;
#637 = EDGE_LOOP ( 'NONE', ( #2550 ) ) ;
#638 = DIRECTION ( 'NONE',  ( 0.0000000000000000000, -1.000000000000000000, 0.0000000000000000000 ) ) ;
#639 = CARTESIAN_POINT ( 'NONE',  ( 31.63826529564203600, 42.49454803532451300, 0.7815851654838367200 ) ) ;
#640 = EDGE_LOOP ( 'NONE', ( #601 ) ) ;
#641 = DIRECTION ( 'NONE',  ( 1.902527210569362200E-016, 0.0000000000000000000, -1.000000000000000000 ) ) ;
#642 = VERTEX_POINT ( 'NONE', #1842 ) ;
#643 = B_SPLINE_CURVE_WITH_KNOTS ( 'NONE', 3,
 ( #343, #834, #959, #2208 ),
 .UNSPECIFIED., .F., .F.,
 ( 4, 4 ),
 ( 0.1767971580325652900, 0.1771213737312260200 ),
 .UNSPECIFIED. ) ;
#644 = CARTESIAN_POINT ( 'NONE',  ( 15.50544134654718700, 51.68719502980136600, 52.08743166778518900 ) ) ;
#645 = VERTEX_POINT ( 'NONE', #573 ) ;
#646 = CARTESIAN_POINT ( 'NONE',  ( 44.23665898396039600, 52.54550784398792000, 0.7193064826445729800 ) ) ;
#647 = PLANE ( 'NONE',  #1710 ) ;
#648 = VERTEX_POINT ( 'NONE', #2069 ) ;
#649 = CARTESIAN_POINT ( 'NONE',  ( -14.00000000000000000, -88.52972206631490300, 28.50000000000000000 ) ) ;
#650 = AXIS2_PLACEMENT_3D ( 'NONE', #1227, #1852, #2344 ) ;
#651 = FACE_OUTER_BOUND ( 'NONE', #964, .T. ) ;
#652 = CARTESIAN_POINT ( 'NONE',  ( 37.60000000000000100, 51.87339999999999700, 6.000000000000000000 ) ) ;
#653 = CARTESIAN_POINT ( 'NONE',  ( 34.58759569723063300, 42.18077428248284400, 5.203965129310294200 ) ) ;
#654 = FACE_OUTER_BOUND ( 'NONE', #1364, .T. ) ;
#655 = VERTEX_POINT ( 'NONE', #1474 ) ;
#656 = CARTESIAN_POINT ( 'NONE',  ( 13.65100177136018200, 54.56031317196869400, 49.61762013696927900 ) ) ;
#657 = DIRECTION ( 'NONE',  ( -6.123031769111888800E-017, 1.000000000000000000, 0.0000000000000000000 ) ) ;
#658 = SHAPE_DEFINITION_REPRESENTATION ( #2351, #1176 ) ;
#659 = EDGE_CURVE ( 'NONE', #1671, #1671, #2701, .T. ) ;
#660 = DIRECTION ( 'NONE',  ( 0.06162841671621927000, 0.7044160264027586900, 0.7071067811865476800 ) ) ;
#661 = CARTESIAN_POINT ( 'NONE',  ( 0.0000000000000000000, 0.0000000000000000000, 0.0000000000000000000 ) ) ;
#662 = FACE_OUTER_BOUND ( 'NONE', #555, .T. ) ;
#663 = CARTESIAN_POINT ( 'NONE',  ( -10.12500000000000400, -16.58031222246047800, -62.77197114274105200 ) ) ;
#664 = EDGE_LOOP ( 'NONE', ( #1366 ) ) ;
#665 = CARTESIAN_POINT ( 'NONE',  ( -16.19999999999999900, 124.0000000000000000, 0.0000000000000000000 ) ) ;
#666 = CARTESIAN_POINT ( 'NONE',  ( -16.20000000000000300, 90.49642051724589500, -28.50000000000001100 ) ) ;
#667 = EDGE_LOOP ( 'NONE', ( #934 ) ) ;
#668 = CARTESIAN_POINT ( 'NONE',  ( 12.63396031025376400, 49.12950332484841500, 55.24273816122750700 ) ) ;
#669 = CARTESIAN_POINT ( 'NONE',  ( -16.19999999999999900, 0.0000000000000000000, 0.0000000000000000000 ) ) ;
#670 = CARTESIAN_POINT ( 'NONE',  ( 33.84207090847429800, -21.62548267418436500, -47.89450976413881000 ) ) ;
#671 = DIRECTION ( 'NONE',  ( 0.8660254037844387100, 0.0000000000000000000, 0.4999999999999998900 ) ) ;
#672 = CARTESIAN_POINT ( 'NONE',  ( -10.55694917055717300, 74.24945613849820300, 0.7631303556883909400 ) ) ;
#673 = EDGE_CURVE ( 'E754', #2716, #642, #454, .T. ) ;
#674 = DIRECTION ( 'NONE',  ( -1.000000000000000000, 0.0000000000000000000, 0.0000000000000000000 ) ) ;
#675 = EDGE_CURVE ( 'E219', #1000, #655, #877, .T. ) ;
#676 = FACE_OUTER_BOUND ( 'NONE', #1061, .T. ) ;
#677 = CARTESIAN_POINT ( 'NONE',  ( -14.83346396821493100, -88.63063231532143500, 28.49999999999999300 ) ) ;
#678 = DIRECTION ( 'NONE',  ( 0.0000000000000000000, 0.4999999999999998900, 0.8660254037844387100 ) ) ;
#679 = CARTESIAN_POINT ( 'NONE',  ( 10.12495965616820300, -32.36354801202156000, -56.28310092922972500 ) ) ;
#680 = CARTESIAN_POINT ( 'NONE',  ( 39.53583279978432300, 42.11728910200382400, -5.692717130244281200 ) ) ;
#681 = CARTESIAN_POINT ( 'NONE',  ( 31.80247757180919200, 42.47184998503533400, -1.558046591335371400 ) ) ;
#682 = VERTEX_POINT ( 'NONE', #2404 ) ;
#683 = CARTESIAN_POINT ( 'NONE',  ( 34.13589838486225100, -26.27499999999999900, -45.50963496887229800 ) ) ;
#684 = ORIENTED_EDGE ( 'NONE', *, *, #1824, .F. ) ;
#685 = CARTESIAN_POINT ( 'NONE',  ( 15.11154838548121200, 50.52238003021456300, 53.33119892733218100 ) ) ;
#686 = CARTESIAN_POINT ( 'NONE',  ( -14.32362519336101900, -88.54928136831280500, 28.50000000000000000 ) ) ;
#687 = FACE_OUTER_BOUND ( 'NONE', #1886, .T. ) ;
#688 = AXIS2_PLACEMENT_3D ( 'NONE', #2077, #1001, #1776 ) ;
#689 = DIRECTION ( 'NONE',  ( 0.0000000000000000000, 0.0000000000000000000, 1.000000000000000000 ) ) ;
#690 = LINE ( 'NONE', #460, #1172 ) ;
#691 = CARTESIAN_POINT ( 'NONE',  ( 37.60000000000000100, -15.84101706370480400, -39.43744639790224900 ) ) ;
#692 = DIRECTION ( 'NONE',  ( 0.0000000000000000000, 0.8660254037844384900, -0.5000000000000002200 ) ) ;
#693 = CARTESIAN_POINT ( 'NONE',  ( 37.60000000000000100, 53.54999999999999700, 0.0000000000000000000 ) ) ;
#694 = EDGE_LOOP ( 'NONE', ( #1010 ) ) ;
#695 = PRODUCT_DEFINITION ( 'UNKNOWN', '', #1496, #621 ) ;
#696 = ORIENTED_EDGE ( 'NONE', *, *, #2081, .F. ) ;
#697 = DIRECTION ( 'NONE',  ( 0.0000000000000000000, 0.0000000000000000000, -1.000000000000000000 ) ) ;
#698 = DIRECTION ( 'NONE',  ( -1.000000000000000000, 0.0000000000000000000, -2.449212707644755000E-016 ) ) ;
#699 = PLANE ( 'NONE',  #1281 ) ;
#700 = ADVANCED_FACE ( 'E1346', ( #2872, #46 ), #1185, .T. ) ;
#701 = CARTESIAN_POINT ( 'NONE',  ( 31.25081405679331000, 52.51394124685622000, -1.957053307844328800 ) ) ;
#702 = CARTESIAN_POINT ( 'NONE',  ( 34.13589838486225100, -25.01875000000000100, -43.33374614186385500 ) ) ;
#703 = DIRECTION ( 'NONE',  ( 1.000000000000000000, 0.0000000000000000000, 0.0000000000000000000 ) ) ;
#704 = CARTESIAN_POINT ( 'NONE',  ( 6.187184335382289300, 0.0000000000000000000, 0.0000000000000000000 ) ) ;
#705 = ORIENTED_EDGE ( 'NONE', *, *, #1157, .T. ) ;
#706 = CARTESIAN_POINT ( 'NONE',  ( 41.06410161513775100, -26.27499999999999900, -45.50963496887229800 ) ) ;
#707 = ORIENTED_EDGE ( 'NONE', *, *, #363, .T. ) ;
#708 = B_SPLINE_CURVE_WITH_KNOTS ( 'NONE', 3,
 ( #2942, #1245, #633, #1816, #942, #2836, #2785, #603, #17, #1251, #2410, #2662, #2257, #2065, #1699, #9, #2983, #1760, #1560, #2543, #1361, #1971, #1306, #2389, #1378, #2034, #1691, #2487, #1766, #2114, #1754, #2205 ),
 .UNSPECIFIED., .T., .F.,
 ( 4, 2, 2, 2, 2, 2, 2, 2, 2, 2, 2, 2, 2, 2, 2, 4 ),
 ( 0.0000000000000000000, 0.0003419215172765449200, 0.0006838430345530898300, 0.001025764551829634700, 0.001367686069106179700, 0.001709607586382724600, 0.002051529103659269400, 0.002393450620935814600, 0.002735372138212359300, 0.003077293655488904100, 0.003419215172765449300, 0.003761136690041994000, 0.004103058207318538800, 0.004444979724595084400, 0.004786901241871629200, 0.005470744276424715200 ),
 .UNSPECIFIED. ) ;
#709 = DIRECTION ( 'NONE',  ( 0.0000000000000000000, 0.4999999999999998900, 0.8660254037844387100 ) ) ;
#710 = DIRECTION ( 'NONE',  ( 0.0000000000000000000, 0.0000000000000000000, 1.000000000000000000 ) ) ;
#711 = PLANE ( 'NONE',  #1182 ) ;
#712 = CARTESIAN_POINT ( 'NONE',  ( -25.00000000000000000, 0.0000000000000000000, 28.50000000000000000 ) ) ;
#713 = EDGE_CURVE ( 'NONE', #1159, #1159, #1581, .T. ) ;
#714 = ADVANCED_FACE ( 'E842', ( #2457, #2888 ), #2334, .F. ) ;
#715 = CARTESIAN_POINT ( 'NONE',  ( -17.25000000000000000, 0.0000000000000000000, -2.112445960343600000E-015 ) ) ;
#716 = ORIENTED_EDGE ( 'NONE', *, *, #930, .T. ) ;
#717 = EDGE_CURVE ( 'E400', #1220, #2687, #1844, .T. ) ;
#718 = CARTESIAN_POINT ( 'NONE',  ( 31.79972552308064200, -19.89567261389466400, -37.55593034755341400 ) ) ;
#719 = EDGE_LOOP ( 'NONE', ( #1497, #33, #91, #2451 ) ) ;
#720 = CARTESIAN_POINT ( 'NONE',  ( 8.426646711141918500, 62.43072992337220500, 67.18509598612450900 ) ) ;
#721 = PLANE ( 'NONE',  #2372 ) ;
#722 = ORIENTED_EDGE ( 'NONE', *, *, #337, .F. ) ;
#723 = CARTESIAN_POINT ( 'NONE',  ( 10.23017740948521800, -37.50913123408014400, -64.13586004900281500 ) ) ;
#724 = LOCAL_TIME ( 9, 11, 28.00000000000000000, #2575 ) ;
#725 = DIRECTION ( 'NONE',  ( 1.000000000000000000, 0.0000000000000000000, 0.0000000000000000000 ) ) ;
#726 = FACE_OUTER_BOUND ( 'NONE', #480, .T. ) ;
#727 = CARTESIAN_POINT ( 'NONE',  ( 8.264289652051218100, 50.10243239587242700, 55.19540761329502500 ) ) ;
#728 = FACE_OUTER_BOUND ( 'NONE', #2342, .T. ) ;
#729 = CARTESIAN_POINT ( 'NONE',  ( 35.86794919243114800, -28.87307621135330000, -44.00963496887224800 ) ) ;
#730 = CARTESIAN_POINT ( 'NONE',  ( 34.93530766701002900, 42.15709713839151400, 5.389996005377278200 ) ) ;
#731 = ADVANCED_FACE ( 'E97', ( #1015 ), #125, .T. ) ;
#732 = AXIS2_PLACEMENT_3D ( 'NONE', #300, #1384, #980 ) ;
#733 = CARTESIAN_POINT ( 'NONE',  ( 35.19469092522837200, 52.21928002157262200, -5.887615422687771300 ) ) ;
#734 = DIRECTION ( 'NONE',  ( 1.000000000000000000, 0.0000000000000000000, 0.0000000000000000000 ) ) ;
#735 = LINE ( 'NONE', #2780, #2467 ) ;
#736 = CARTESIAN_POINT ( 'NONE',  ( 16.43995720767731000, 62.61390915062872900, 66.38269503885024400 ) ) ;
#737 = EDGE_CURVE ( 'E161', #2345, #2434, #1664, .T. ) ;
#738 = EDGE_LOOP ( 'NONE', ( #1018 ) ) ;
#739 = EDGE_LOOP ( 'NONE', ( #295 ) ) ;
#740 = CARTESIAN_POINT ( 'NONE',  ( -10.89075705710462900, 74.19998654321895500, -0.8755424344204288900 ) ) ;
#741 = CARTESIAN_POINT ( 'NONE',  ( 35.86794919243114800, -22.42067378864670200, -44.83374614186385500 ) ) ;
#742 = CARTESIAN_POINT ( 'NONE',  ( 27.00000000000000000, -50.94758064516120300, 80.18319042296080600 ) ) ;
#743 = ORIENTED_EDGE ( 'NONE', *, *, #2188, .T. ) ;
#744 = CARTESIAN_POINT ( 'NONE',  ( -10.12553631946292000, 74.31334049804182500, -0.1187756013492043700 ) ) ;
#745 = AXIS2_PLACEMENT_3D ( 'NONE', #1521, #795, #2035 ) ;
#746 = ADVANCED_FACE ( 'E454', ( #2194, #1738, #1168, #2817 ), #483, .F. ) ;
#747 = CARTESIAN_POINT ( 'NONE',  ( 10.55842776548347800, -31.79826211022056300, -56.60429406987590500 ) ) ;
#748 = ORIENTED_EDGE ( 'NONE', *, *, #1147, .F. ) ;
#749 = CARTESIAN_POINT ( 'NONE',  ( 10.14101177726427800, -37.33098700303060000, -64.25395378878187100 ) ) ;
#750 = ORIENTED_EDGE ( 'NONE', *, *, #1103, .T. ) ;
#751 = CARTESIAN_POINT ( 'NONE',  ( 35.86794919243114800, 52.54999999999999700, 3.000000000000000000 ) ) ;
#752 = B_SPLINE_CURVE_WITH_KNOTS ( 'NONE', 3,
 ( #1789, #878, #257, #2905, #911, #975, #459, #2778, #2363, #2553, #479, #2049, #2830, #3033, #2446, #334, #1893, #1603, #2985, #727, #771, #1719, #2481, #2496, #382, #618, #611, #1583, #173, #2993, #668, #2957, #2978, #2771, #1728, #1033, #2954, #2340, #685, #2974, #2964, #1404, #644, #2297, #1896, #440, #2239, #2923, #1105, #2583, #1417, #622, #656, #3038, #1609, #2676, #1243, #802, #2915, #2920, #2028, #325, #2463, #579, #1598, #525 ),
 .UNSPECIFIED., .T., .F.,
 ( 4, 2, 2, 2, 2, 2, 2, 2, 2, 2, 2, 2, 2, 2, 2, 2, 2, 2, 2, 2, 2, 2, 2, 2, 2, 2, 2, 2, 2, 2, 2, 2, 4 ),
 ( 0.0000000000000000000, 0.0008728211653419941900, 0.001745642330683988400, 0.002618463496025982600, 0.003491284661367976800, 0.004364105826709971400, 0.005236926992051965100, 0.006109748157393958900, 0.006982569322735953500, 0.007855390488077949900, 0.008728211653419944500, 0.009601032818761940900, 0.01047385398410393700, 0.01134667514944593400, 0.01221949631478792800, 0.01309231748012992500, 0.01396513864547192100, 0.01483795981081391600, 0.01571078097615591000, 0.01658360214149790300, 0.01745642330683989600, 0.01832924447218188900, 0.01920206563752388500, 0.02007488680286587800, 0.02094770796820787400, 0.02182052913354986700, 0.02269335029889186400, 0.02356617146423385700, 0.02443899262957584900, 0.02531181379491784200, 0.02618463496025983900, 0.02705745612560183500, 0.02793027729094382800 ),
 .UNSPECIFIED. ) ;
#753 = CARTESIAN_POINT ( 'NONE',  ( 32.84591227467814900, -22.33847309904091100, -47.56647338607346900 ) ) ;
#754 = CARTESIAN_POINT ( 'NONE',  ( 8.176609121662068000, 66.75149468444126900, 62.91522344701100200 ) ) ;
#755 = ORIENTED_EDGE ( 'NONE', *, *, #635, .F. ) ;
#756 = DIRECTION ( 'NONE',  ( 0.0000000000000000000, 1.000000000000000000, 0.0000000000000000000 ) ) ;
#757 = CALENDAR_DATE ( 2019, 8, 3 ) ;
#758 = DIRECTION ( 'NONE',  ( 1.000000000000000000, 0.0000000000000000000, 6.123031769111888800E-017 ) ) ;
#759 = ORIENTED_EDGE ( 'NONE', *, *, #673, .T. ) ;
#760 = CARTESIAN_POINT ( 'NONE',  ( 37.20307983316347800, -15.84101706370480800, -39.43744639790226400 ) ) ;
#761 = ADVANCED_FACE ( 'E1403', ( #242, #2670 ), #176, .F. ) ;
#762 = LINE ( 'NONE', #111, #2673 ) ;
#763 = COORDINATED_UNIVERSAL_TIME_OFFSET ( 3, 0, .BEHIND. ) ;
#764 = DIRECTION ( 'NONE',  ( -6.123031769111887500E-017, -0.4999999999999998900, -0.8660254037844387100 ) ) ;
#765 = APPROVAL_ROLE ( '' ) ;
#766 = CARTESIAN_POINT ( 'NONE',  ( 31.25023308037982900, -24.56365056580292700, -46.45609914729919200 ) ) ;
#767 = SPHERICAL_SURFACE ( 'NONE', #1450, 75.00000000000000000 ) ;
#768 = DIRECTION ( 'NONE',  ( 0.0000000000000000000, 0.0000000000000000000, 1.000000000000000000 ) ) ;
#769 = AXIS2_PLACEMENT_3D ( 'NONE', #1319, #206, #2027 ) ;
#770 = EDGE_LOOP ( 'NONE', ( #843 ) ) ;
#771 = CARTESIAN_POINT ( 'NONE',  ( 8.493198181882991800, 49.95336237896720600, 55.29568625176985800 ) ) ;
#772 = DIRECTION ( 'NONE',  ( 0.0000000000000000000, -0.8660254037844384900, 0.5000000000000002200 ) ) ;
#773 = EDGE_CURVE ( 'E915', #1118, #2663, #1512, .T. ) ;
#774 = EDGE_LOOP ( 'NONE', ( #1639 ) ) ;
#775 = AXIS2_PLACEMENT_3D ( 'NONE', #2002, #2021, #2309 ) ;
#776 = CARTESIAN_POINT ( 'NONE',  ( 10.93619798039417300, 67.87461461170556700, 61.46558025934076100 ) ) ;
#777 = CARTESIAN_POINT ( 'NONE',  ( 35.30232325063177300, 42.13587304039064200, -5.552932909030297500 ) ) ;
#778 = CARTESIAN_POINT ( 'NONE',  ( 43.56154676978570000, -20.56757658003338900, -37.19374883989162600 ) ) ;
#779 = ORIENTED_EDGE ( 'NONE', *, *, #2624, .T. ) ;
#780 = ADVANCED_FACE ( 'E381', ( #2746 ), #23, .T. ) ;
#781 = CARTESIAN_POINT ( 'NONE',  ( 0.0000000000000000000, 0.0000000000000000000, 0.0000000000000000000 ) ) ;
#782 = AXIS2_PLACEMENT_3D ( 'NONE', #2003, #1186, #2263 ) ;
#783 = CARTESIAN_POINT ( 'NONE',  ( 40.08039607004155900, 42.14699885914227200, -5.466832224803206400 ) ) ;
#784 = FACE_OUTER_BOUND ( 'NONE', #2805, .T. ) ;
#785 = DIRECTION ( 'NONE',  ( 0.0000000000000000000, -1.000000000000000000, 0.0000000000000000000 ) ) ;
#786 = VECTOR ( 'NONE', #678, 1000.000000000000000 ) ;
#787 = CARTESIAN_POINT ( 'NONE',  ( 10.77001107031198400, -31.72156804565715800, -56.64730974286438700 ) ) ;
#788 = CARTESIAN_POINT ( 'NONE',  ( 37.60000000000000100, -25.93669999999999800, -44.92368218067169700 ) ) ;
#789 = EDGE_LOOP ( 'NONE', ( #1864 ) ) ;
#790 = DIRECTION ( 'NONE',  ( -3.283722682628555400E-017, 0.8440335833995871200, 0.5362903225806450200 ) ) ;
#791 = CARTESIAN_POINT ( 'NONE',  ( 35.86794919243114800, -23.67692378864665100, -47.00963496887229800 ) ) ;
#792 = ORIENTED_EDGE ( 'NONE', *, *, #2853, .T. ) ;
#793 = EDGE_CURVE ( 'E255', #2377, #881, #1282, .T. ) ;
#794 = DIRECTION ( 'NONE',  ( -0.8660254037844387100, 0.4330127018922192400, -0.2500000000000001100 ) ) ;
#795 = DIRECTION ( 'NONE',  ( -1.000000000000000000, 0.0000000000000000000, -2.449212707644755000E-016 ) ) ;
#796 = AXIS2_PLACEMENT_3D ( 'NONE', #70, #977, #2959 ) ;
#797 = TOROIDAL_SURFACE ( 'NONE', #1040, 95.00000000000000000, 1.980000000000000000 ) ;
#798 = ADVANCED_FACE ( 'E1395', ( #1369, #726 ), #2924, .F. ) ;
#799 = ORIENTED_EDGE ( 'NONE', *, *, #2933, .F. ) ;
#800 = CARTESIAN_POINT ( 'NONE',  ( 43.15012167489581400, 52.43335805180407800, -3.503441009089850700 ) ) ;
#801 = DIRECTION ( 'NONE',  ( 0.0000000000000000000, 0.0000000000000000000, 1.000000000000000000 ) ) ;
#802 = CARTESIAN_POINT ( 'NONE',  ( 11.50558428030186200, 55.36177660760801400, 49.27250966991531600 ) ) ;
#803 = VECTOR ( 'NONE', #2657, 1000.000000000000100 ) ;
#804 = CARTESIAN_POINT ( 'NONE',  ( -14.22000000000000100, 0.0000000000000000000, 0.0000000000000000000 ) ) ;
#805 = CARTESIAN_POINT ( 'NONE',  ( 27.00000000000000000, 0.0000000000000000000, 88.77598393497258700 ) ) ;
#806 = EDGE_LOOP ( 'NONE', ( #2766 ) ) ;
#807 = CARTESIAN_POINT ( 'NONE',  ( -14.00000000000000000, 0.0000000000000000000, 28.50000000000000000 ) ) ;
#808 = LINE ( 'NONE', #2442, #585 ) ;
#809 = VECTOR ( 'NONE', #1430, 1000.000000000000000 ) ;
#810 = DIRECTION ( 'NONE',  ( 1.000000000000000000, 0.0000000000000000000, 0.0000000000000000000 ) ) ;
#811 = CARTESIAN_POINT ( 'NONE',  ( 35.86794919243114800, -27.61682621135329900, -41.83374614186385500 ) ) ;
#812 = CARTESIAN_POINT ( 'NONE',  ( 41.87293609669239200, -30.35551999561221600, -42.89596050461557300 ) ) ;
#813 = DIRECTION ( 'NONE',  ( -1.000000000000000000, 0.0000000000000000000, 0.0000000000000000000 ) ) ;
#814 = VECTOR ( 'NONE', #1469, 1000.000000000000000 ) ;
#815 = CARTESIAN_POINT ( 'NONE',  ( 17.50000000000000000, 0.0000000000000000000, 0.0000000000000000000 ) ) ;
#816 = VERTEX_POINT ( 'NONE', #935 ) ;
#817 = AXIS2_PLACEMENT_3D ( 'NONE', #1008, #1177, #2852 ) ;
#818 = ORIENTED_EDGE ( 'NONE', *, *, #504, .F. ) ;
#819 = CARTESIAN_POINT ( 'NONE',  ( -10.30060483944527600, -17.32282143470432300, -62.57076011048640400 ) ) ;
#820 = EDGE_CURVE ( 'NONE', #2955, #2955, #1054, .T. ) ;
#821 = CARTESIAN_POINT ( 'NONE',  ( 39.33205080756889100, -23.67692378864665100, -47.00963496887229800 ) ) ;
#822 = FACE_OUTER_BOUND ( 'NONE', #518, .T. ) ;
#823 = DIRECTION ( 'NONE',  ( 0.0000000000000000000, 1.000000000000000000, 0.0000000000000000000 ) ) ;
#824 = DIRECTION ( 'NONE',  ( 0.0000000000000000000, 0.4999999999999998900, 0.8660254037844387100 ) ) ;
#825 = CARTESIAN_POINT ( 'NONE',  ( 43.51663234187140000, -28.76532113563764200, -43.97833708101595800 ) ) ;
#826 = CARTESIAN_POINT ( 'NONE',  ( 11.85223966138637200, -56.11134594090051300, 32.66040007041286900 ) ) ;
#827 = EDGE_LOOP ( 'NONE', ( #1387 ) ) ;
#828 = ORIENTED_EDGE ( 'NONE', *, *, #1940, .T. ) ;
#829 = CARTESIAN_POINT ( 'NONE',  ( 43.29449315399376300, 42.45768493897836000, -1.930678371082920500 ) ) ;
#830 = CARTESIAN_POINT ( 'NONE',  ( 40.40713194934561200, 52.23733344937187400, 5.727308993539602400 ) ) ;
#831 = CARTESIAN_POINT ( 'NONE',  ( 34.60196587040555000, 42.18066298097634400, -5.200995310207574100 ) ) ;
#832 = CARTESIAN_POINT ( 'NONE',  ( 6.187184335382289300, 0.0000000000000000000, 52.54999999999999700 ) ) ;
#833 = FACE_OUTER_BOUND ( 'NONE', #492, .T. ) ;
#834 = CARTESIAN_POINT ( 'NONE',  ( -14.10787506040193600, 88.53624190102107100, 28.50000000000000000 ) ) ;
#835 = CARTESIAN_POINT ( 'NONE',  ( -17.25000000000000000, 0.0000000000000000000, 0.0000000000000000000 ) ) ;
#836 = CARTESIAN_POINT ( 'NONE',  ( -15.84182403037402800, 89.40465596387801400, 28.50000000000000400 ) ) ;
#837 = FACE_OUTER_BOUND ( 'NONE', #1606, .T. ) ;
#838 = PERSON_AND_ORGANIZATION ( #2449, #1956 ) ;
#839 = CARTESIAN_POINT ( 'NONE',  ( 10.23564327282744000, -56.00438580033395700, 32.84347213695701800 ) ) ;
#840 = DIRECTION ( 'NONE',  ( 0.0000000000000000000, -0.8440335833995871200, -0.5362903225806450200 ) ) ;
#841 = EDGE_CURVE ( 'E409', #2687, #1075, #2501, .T. ) ;
#842 = CARTESIAN_POINT ( 'NONE',  ( 17.09698036086445300, 63.88585384527746700, 65.10674368951799800 ) ) ;
#843 = ORIENTED_EDGE ( 'NONE', *, *, #2361, .T. ) ;
#844 = CARTESIAN_POINT ( 'NONE',  ( 42.98359471127962200, -18.90829899602128400, -38.06253181217821400 ) ) ;
#845 = EDGE_CURVE ( 'E25', #3037, #1944, #643, .T. ) ;
#846 = CARTESIAN_POINT ( 'NONE',  ( 11.88323745407531900, 67.93144835660861200, 61.32141401636759100 ) ) ;
#847 = FACE_OUTER_BOUND ( 'NONE', #512, .T. ) ;
#848 = PLANE ( 'NONE',  #2793 ) ;
#849 = PLANE ( 'NONE',  #1162 ) ;
#850 = EDGE_LOOP ( 'NONE', ( #2411 ) ) ;
#851 = AXIS2_PLACEMENT_3D ( 'NONE', #2841, #321, #1031 ) ;
#852 = CARTESIAN_POINT ( 'NONE',  ( 43.15082962252758800, 42.43872436961846300, 2.302732959105184800 ) ) ;
#853 = ORIENTED_EDGE ( 'NONE', *, *, #1427, .F. ) ;
#854 = CARTESIAN_POINT ( 'NONE',  ( 31.00568733379030200, -27.12288160520170500, -45.00946337638581000 ) ) ;
#855 = CARTESIAN_POINT ( 'NONE',  ( -25.00000000000000000, 0.0000000000000000000, 0.0000000000000000000 ) ) ;
#856 = CARTESIAN_POINT ( 'NONE',  ( 11.84318372929621800, 61.07286948911919900, 67.61178265010470100 ) ) ;
#857 = LINE ( 'NONE', #2621, #1540 ) ;
#858 = AXIS2_PLACEMENT_3D ( 'NONE', #338, #674, #1682 ) ;
#859 = VERTEX_POINT ( 'NONE', #150 ) ;
#860 = APPROVAL ( #2686, 'UNSPECIFIED' ) ;
#861 = DIRECTION ( 'NONE',  ( -1.000000000000000000, 0.0000000000000000000, 0.0000000000000000000 ) ) ;
#862 = CARTESIAN_POINT ( 'NONE',  ( -15.97601981036842200, 89.63105607529637100, 28.50000000000000000 ) ) ;
#863 = CARTESIAN_POINT ( 'NONE',  ( 9.465366845827878400, 67.51152452405857200, 61.98945853502638000 ) ) ;
#864 = CARTESIAN_POINT ( 'NONE',  ( 33.38252333123605100, -30.39088696271008100, -42.87090830700564900 ) ) ;
#865 = CARTESIAN_POINT ( 'NONE',  ( 10.17505256662670000, -37.42485351821634500, -64.19394176527998800 ) ) ;
#866 = EDGE_LOOP ( 'NONE', ( #888 ) ) ;
#867 = CARTESIAN_POINT ( 'NONE',  ( 51.60000000000000100, 0.0000000000000000000, 50.54999999999999700 ) ) ;
#868 = CARTESIAN_POINT ( 'NONE',  ( 38.95858632113154800, 52.18557694672001200, -6.178977778763368200 ) ) ;
#869 = CARTESIAN_POINT ( 'NONE',  ( 6.187184335382289300, 0.0000000000000000000, 64.92436867076460800 ) ) ;
#870 = EDGE_LOOP ( 'NONE', ( #716 ) ) ;
#871 = CARTESIAN_POINT ( 'NONE',  ( 44.01563009154875100, -27.77977851140038000, -44.60749872865557100 ) ) ;
#872 = CARTESIAN_POINT ( 'NONE',  ( 44.17286669965263000, 52.53837028940010600, -1.182730248524642300 ) ) ;
#873 = AXIS2_PLACEMENT_3D ( 'NONE', #1269, #1258, #2775 ) ;
#874 = LINE ( 'NONE', #807, #2039 ) ;
#875 = CARTESIAN_POINT ( 'NONE',  ( -34.10000000000000100, 0.0000000000000000000, 0.0000000000000000000 ) ) ;
#876 = CARTESIAN_POINT ( 'NONE',  ( 37.20307983316347800, 42.07433897282286500, 6.000000000000000000 ) ) ;
#877 = LINE ( 'NONE', #742, #1804 ) ;
#878 = CARTESIAN_POINT ( 'NONE',  ( 8.255248981480551900, 54.99983414364976400, 50.31854729361433000 ) ) ;
#879 = CARTESIAN_POINT ( 'NONE',  ( 25.12362519336105400, 0.0000000000000000000, 0.0000000000000000000 ) ) ;
#880 = AXIS2_PLACEMENT_3D ( 'NONE', #2053, #1152, #710 ) ;
#881 = VERTEX_POINT ( 'NONE', #1302 ) ;
#882 = ORIENTED_EDGE ( 'NONE', *, *, #1982, .F. ) ;
#883 = CARTESIAN_POINT ( 'NONE',  ( 36.82073888827052600, -26.20338187432535200, -33.46100418588609700 ) ) ;
#884 = CONICAL_SURFACE ( 'NONE', #2109, 5.323400000000003000, 0.7853981633974490600 ) ;
#885 = EDGE_CURVE ( 'E1142', #2529, #2096, #550, .T. ) ;
#886 = ORIENTED_EDGE ( 'NONE', *, *, #3, .T. ) ;
#887 = CARTESIAN_POINT ( 'NONE',  ( 37.74320019724280700, -31.54883549151283600, -42.02587023394197300 ) ) ;
#888 = ORIENTED_EDGE ( 'NONE', *, *, #659, .T. ) ;
#889 = CARTESIAN_POINT ( 'NONE',  ( -11.70011426243656200, -17.32219510615933100, -62.57093468937628700 ) ) ;
#890 = DIRECTION ( 'NONE',  ( 0.0000000000000000000, -1.000000000000000000, 0.0000000000000000000 ) ) ;
#891 = EDGE_LOOP ( 'NONE', ( #361 ) ) ;
#892 = CARTESIAN_POINT ( 'NONE',  ( 35.86794919243114800, -28.87307621135330000, -44.00963496887224800 ) ) ;
#893 = ORIENTED_EDGE ( 'NONE', *, *, #675, .F. ) ;
#894 = CARTESIAN_POINT ( 'NONE',  ( 32.21099751531065200, -23.51867569187772100, -35.40133129075243100 ) ) ;
#895 = CARTESIAN_POINT ( 'NONE',  ( 41.17124495984186400, -30.74969262474012100, -42.61419560813061500 ) ) ;
#896 = CARTESIAN_POINT ( 'NONE',  ( 40.60729481315711800, 42.18132077987415600, -5.195667889513252600 ) ) ;
#897 = CARTESIAN_POINT ( 'NONE',  ( 33.34366094508415300, 52.32576691814309600, -4.849393431793939300 ) ) ;
#898 = CIRCLE ( 'NONE', #136, 4.458749999999998400 ) ;
#899 = CARTESIAN_POINT ( 'NONE',  ( -32.09999999999999400, 0.0000000000000000000, 52.54999999999999700 ) ) ;
#900 = EDGE_LOOP ( 'NONE', ( #2419 ) ) ;
#901 = CARTESIAN_POINT ( 'NONE',  ( 42.79822291513005400, 42.39413927425841400, -3.002865612548776000 ) ) ;
#902 = DIRECTION ( 'NONE',  ( -1.000000000000000000, 0.0000000000000000000, 0.0000000000000000000 ) ) ;
#903 = EDGE_LOOP ( 'NONE', ( #2777 ) ) ;
#904 = CARTESIAN_POINT ( 'NONE',  ( -11.76506177998287900, -16.37862612569633900, -62.82456007060295600 ) ) ;
#905 = CARTESIAN_POINT ( 'NONE',  ( 43.03048239062202600, -23.02056611127218800, -47.24067230447715100 ) ) ;
#906 = CARTESIAN_POINT ( 'NONE',  ( -16.10950915190076700, 89.99049349089466400, -28.50000000000000000 ) ) ;
#907 = ORIENTED_EDGE ( 'NONE', *, *, #2081, .T. ) ;
#908 = FACE_OUTER_BOUND ( 'NONE', #2574, .T. ) ;
#909 = CARTESIAN_POINT ( 'NONE',  ( -10.16699729489105400, -19.51374863755404500, -71.69978431189295500 ) ) ;
#910 = AXIS2_PLACEMENT_3D ( 'NONE', #2484, #2839, #2273 ) ;
#911 = CARTESIAN_POINT ( 'NONE',  ( 7.464982307479703000, 54.48008171159639100, 51.00274953674074400 ) ) ;
#912 = ORIENTED_EDGE ( 'NONE', *, *, #1315, .F. ) ;
#913 = DIRECTION ( 'NONE',  ( 0.0000000000000000000, 0.8440335833995871200, -0.5362903225806450200 ) ) ;
#914 = EDGE_LOOP ( 'NONE', ( #886 ) ) ;
#915 = FACE_OUTER_BOUND ( 'NONE', #2106, .T. ) ;
#916 = DIRECTION ( 'NONE',  ( -0.5000000000000001100, 0.7500000000000001100, -0.4330127018922190800 ) ) ;
#917 = LINE ( 'NONE', #1153, #2696 ) ;
#918 = DIRECTION ( 'NONE',  ( 0.0000000000000000000, 1.000000000000000000, 0.0000000000000000000 ) ) ;
#919 = CARTESIAN_POINT ( 'NONE',  ( 34.13589838486225100, 50.03750000000000100, -1.110223024625155900E-015 ) ) ;
#920 = EDGE_LOOP ( 'NONE', ( #2764 ) ) ;
#921 = DIRECTION ( 'NONE',  ( 0.0000000000000000000, 0.0000000000000000000, -1.000000000000000000 ) ) ;
#922 = VERTEX_POINT ( 'NONE', #1542 ) ;
#923 = CARTESIAN_POINT ( 'NONE',  ( 34.59125980305324100, -21.25344028042640000, -48.06039121777306600 ) ) ;
#924 = AXIS2_PLACEMENT_3D ( 'NONE', #2128, #1017, #1794 ) ;
#925 = CARTESIAN_POINT ( 'NONE',  ( 33.63819496109562800, 42.25955569252572300, -4.522947458136507700 ) ) ;
#926 = ORIENTED_EDGE ( 'NONE', *, *, #1601, .F. ) ;
#927 = CARTESIAN_POINT ( 'NONE',  ( 11.53793038736512600, -55.87318667375902200, 33.06610309942739400 ) ) ;
#928 = CARTESIAN_POINT ( 'NONE',  ( 32.69786695096699000, 52.37538802604606800, -4.292573665692558800 ) ) ;
#929 = CARTESIAN_POINT ( 'NONE',  ( -25.00000000000000000, 0.0000000000000000000, 0.0000000000000000000 ) ) ;
#930 = EDGE_CURVE ( 'NONE', #1170, #1170, #1901, .T. ) ;
#931 = CYLINDRICAL_SURFACE ( 'NONE', #732, 85.50000000000000000 ) ;
#932 = DIRECTION ( 'NONE',  ( -1.000000000000000000, 0.0000000000000000000, 0.0000000000000000000 ) ) ;
#933 = AXIS2_PLACEMENT_3D ( 'NONE', #362, #1331, #2761 ) ;
#934 = ORIENTED_EDGE ( 'NONE', *, *, #613, .T. ) ;
#935 = CARTESIAN_POINT ( 'NONE',  ( 37.60000000000000100, -15.84101706370480000, -39.43744639790224900 ) ) ;
#936 = EDGE_LOOP ( 'NONE', ( #1732, #528, #2533, #1360 ) ) ;
#937 = DIRECTION ( 'NONE',  ( 0.0000000000000000000, 0.0000000000000000000, 1.000000000000000000 ) ) ;
#938 = CARTESIAN_POINT ( 'NONE',  ( 31.90448675561317800, 52.44722658384790700, -3.289597919816651000 ) ) ;
#939 = CARTESIAN_POINT ( 'NONE',  ( 35.86794919243114800, -23.67692378864665100, -47.00963496887229800 ) ) ;
#940 = MECHANICAL_CONTEXT ( 'NONE', #2207, 'mechanical' ) ;
#941 = FACE_OUTER_BOUND ( 'NONE', #789, .T. ) ;
#942 = CARTESIAN_POINT ( 'NONE',  ( -10.30060483944529500, 64.92218926346831200, -0.5380562248397833300 ) ) ;
#943 = ORIENTED_EDGE ( 'NONE', *, *, #1665, .T. ) ;
#944 = CARTESIAN_POINT ( 'NONE',  ( 31.60034655746891400, 42.49995107425768700, -0.4018591093858334700 ) ) ;
#945 = ORIENTED_EDGE ( 'NONE', *, *, #327, .F. ) ;
#946 = ADVANCED_FACE ( 'E1305', ( #2931, #1129 ), #2967, .F. ) ;
#947 = CARTESIAN_POINT ( 'NONE',  ( 40.01389812817703300, 52.21963856790922900, 5.884442713467206200 ) ) ;
#948 = FACE_BOUND ( 'NONE', #2158, .T. ) ;
#949 = CYLINDRICAL_SURFACE ( 'NONE', #2169, 95.00000000000000000 ) ;
#950 = DIRECTION ( 'NONE',  ( 0.0000000000000000000, 0.0000000000000000000, -1.000000000000000000 ) ) ;
#951 = CALENDAR_DATE ( 2019, 8, 3 ) ;
#952 = CARTESIAN_POINT ( 'NONE',  ( 35.86794919243114800, 52.54999999999999700, -3.000000000000000000 ) ) ;
#953 = ORIENTED_EDGE ( 'NONE', *, *, #1756, .T. ) ;
#954 = CONICAL_SURFACE ( 'NONE', #2733, 50.54999999999999700, 0.7853981633974490600 ) ;
#955 = CARTESIAN_POINT ( 'NONE',  ( 34.98134875772002800, -21.09568381113979300, -48.12984575395461200 ) ) ;
#956 = CARTESIAN_POINT ( 'NONE',  ( 37.60000000000000100, -25.86019963450608500, -34.14437966083864500 ) ) ;
#957 = CARTESIAN_POINT ( 'NONE',  ( 51.60000000000000100, 0.0000000000000000000, 0.0000000000000000000 ) ) ;
#958 = EDGE_LOOP ( 'NONE', ( #779 ) ) ;
#959 = CARTESIAN_POINT ( 'NONE',  ( -14.21575012485650400, 88.54276166833885500, 28.50000000000000000 ) ) ;
#960 = CARTESIAN_POINT ( 'NONE',  ( -36.00000000000000000, -139.2842741935483800, 24.05495712688820100 ) ) ;
#961 = PLANE ( 'NONE',  #2911 ) ;
#962 = FACE_OUTER_BOUND ( 'NONE', #112, .T. ) ;
#963 = ADVANCED_FACE ( 'E182', ( #516 ), #320, .F. ) ;
#964 = EDGE_LOOP ( 'NONE', ( #1573, #2631, #2938, #1164 ) ) ;
#965 = CARTESIAN_POINT ( 'NONE',  ( 0.0000000000000000000, 0.0000000000000000000, 0.0000000000000000000 ) ) ;
#966 = AXIS2_PLACEMENT_3D ( 'NONE', #2493, #1634, #1799 ) ;
#967 = ORIENTED_EDGE ( 'NONE', *, *, #2661, .F. ) ;
#968 = CARTESIAN_POINT ( 'NONE',  ( 31.79204246450521900, 52.45821813482756800, -3.110003841232864600 ) ) ;
#969 = CARTESIAN_POINT ( 'NONE',  ( -17.24999999999999300, 0.0000000000000000000, -52.54999999999999700 ) ) ;
#970 = EDGE_CURVE ( 'E1194', #1194, #1708, #2319, .T. ) ;
#971 = EDGE_LOOP ( 'NONE', ( #1650 ) ) ;
#972 = ORIENTED_EDGE ( 'NONE', *, *, #2520, .T. ) ;
#973 = CARTESIAN_POINT ( 'NONE',  ( 39.15297409213447800, -16.02929892508418100, -39.36133774560755700 ) ) ;
#974 = ADVANCED_FACE ( 'E1392', ( #2426, #2238 ), #2711, .T. ) ;
#975 = CARTESIAN_POINT ( 'NONE',  ( 7.158571618907965100, 54.16029507172805100, 51.38582503551958100 ) ) ;
#976 = ORIENTED_EDGE ( 'NONE', *, *, #566, .F. ) ;
#977 = DIRECTION ( 'NONE',  ( -6.123031769111887500E-017, -0.4999999999999998900, -0.8660254037844387100 ) ) ;
#978 = CARTESIAN_POINT ( 'NONE',  ( -10.33225041626009100, -18.66857692757932000, -71.90091767560440400 ) ) ;
#979 = ORIENTED_EDGE ( 'NONE', *, *, #2609, .F. ) ;
#980 = DIRECTION ( 'NONE',  ( 0.0000000000000000000, -1.000000000000000000, 0.0000000000000000000 ) ) ;
#981 = DIRECTION ( 'NONE',  ( 1.000000000000000000, 0.0000000000000000000, 0.0000000000000000000 ) ) ;
#982 = LINE ( 'NONE', #563, #1053 ) ;
#983 = CYLINDRICAL_SURFACE ( 'NONE', #1063, 4.458749999999998400 ) ;
#984 = PLANE ( 'NONE',  #444 ) ;
#985 = AXIS2_PLACEMENT_3D ( 'NONE', #128, #195, #365 ) ;
#986 = FACE_OUTER_BOUND ( 'NONE', #2061, .T. ) ;
#987 = ADVANCED_FACE ( 'E1035', ( #2819 ), #2539, .T. ) ;
#988 = CARTESIAN_POINT ( 'NONE',  ( -25.00000000000000000, 124.0000000000000000, 28.50000000000000000 ) ) ;
#989 = EDGE_CURVE ( 'NONE', #1247, #1247, #752, .T. ) ;
#990 = VECTOR ( 'NONE', #2269, 1000.000000000000000 ) ;
#991 = CARTESIAN_POINT ( 'NONE',  ( -34.10000000000000100, 0.0000000000000000000, 44.50000000000000000 ) ) ;
#992 = LINE ( 'NONE', #2674, #2619 ) ;
#993 = CARTESIAN_POINT ( 'NONE',  ( 10.23017740948521800, -37.50913123408014400, -64.13586004900281500 ) ) ;
#994 = CARTESIAN_POINT ( 'NONE',  ( 10.46331097465020900, -55.87259065563531400, 33.06711243253418100 ) ) ;
#995 = CARTESIAN_POINT ( 'NONE',  ( 38.39209007789793300, 42.08003546722190400, -5.960424426445342800 ) ) ;
#996 = FACE_BOUND ( 'NONE', #1389, .T. ) ;
#997 = CARTESIAN_POINT ( 'NONE',  ( 43.28299683289351000, 42.45636870777968100, 1.934457291311894000 ) ) ;
#998 = AXIS2_PLACEMENT_3D ( 'NONE', #1090, #657, #1848 ) ;
#999 = CARTESIAN_POINT ( 'NONE',  ( 43.30183009634804800, 52.44760389310987100, 3.299945702037077500 ) ) ;
#1000 = VERTEX_POINT ( 'NONE', #1110 ) ;
#1001 = DIRECTION ( 'NONE',  ( 0.0000000000000000000, 0.4999999999999998900, 0.8660254037844387100 ) ) ;
#1002 = ORIENTED_EDGE ( 'NONE', *, *, #2853, .F. ) ;
#1003 = CARTESIAN_POINT ( 'NONE',  ( 43.56115733049892200, 42.49446595324651100, -0.7865465631224271000 ) ) ;
#1004 = AXIS2_PLACEMENT_3D ( 'NONE', #54, #1711, #1548 ) ;
#1005 = CARTESIAN_POINT ( 'NONE',  ( 31.75474814275230900, 42.47841249020746100, -1.367947070137087700 ) ) ;
#1006 = ADVANCED_FACE ( 'E853', ( #654, #2855 ), #884, .T. ) ;
#1007 = CARTESIAN_POINT ( 'NONE',  ( -14.00000000000000000, -124.0000000000000000, 28.50000000000000000 ) ) ;
#1008 = CARTESIAN_POINT ( 'NONE',  ( 49.60000000000000100, 0.0000000000000000000, 0.0000000000000000000 ) ) ;
#1009 = CC_DESIGN_APPROVAL ( #860, ( #695 ) ) ;
#1010 = ORIENTED_EDGE ( 'NONE', *, *, #1824, .T. ) ;
#1011 = VERTEX_POINT ( 'NONE', #2522 ) ;
#1012 = CARTESIAN_POINT ( 'NONE',  ( -11.85047782494472900, 74.05757156880089600, 0.2353888204552649400 ) ) ;
#1013 = ORIENTED_EDGE ( 'NONE', *, *, #560, .F. ) ;
#1014 = CONICAL_SURFACE ( 'NONE', #1797, 5.323399999999999500, 0.7853981633974490600 ) ;
#1015 = FACE_OUTER_BOUND ( 'NONE', #1179, .T. ) ;
#1016 = PLANE ( 'NONE',  #299 ) ;
#1017 = DIRECTION ( 'NONE',  ( -5.168044445353019300E-017, -0.5362903225806450200, 0.8440335833995871200 ) ) ;
#1018 = ORIENTED_EDGE ( 'NONE', *, *, #1435, .T. ) ;
#1019 = DIRECTION ( 'NONE',  ( -0.4999999999999998900, 0.0000000000000000000, -0.8660254037844387100 ) ) ;
#1020 = ADVANCED_FACE ( 'E821', ( #1916, #245 ), #1438, .F. ) ;
#1021 = FACE_OUTER_BOUND ( 'NONE', #2943, .T. ) ;
#1022 = EDGE_LOOP ( 'NONE', ( #2786, #272, #1662, #1081, #1202, #2195, #2103, #1620 ) ) ;
#1023 = CARTESIAN_POINT ( 'NONE',  ( 39.53016112194534100, 42.11816728299285700, 5.684480440227096300 ) ) ;
#1024 = FACE_OUTER_BOUND ( 'NONE', #920, .T. ) ;
#1025 = EDGE_CURVE ( 'NONE', #2995, #2995, #1516, .T. ) ;
#1026 = CARTESIAN_POINT ( 'NONE',  ( -16.19999999999998500, -90.36868543010705000, 28.49999999999998900 ) ) ;
#1027 = ORIENTED_EDGE ( 'NONE', *, *, #2042, .F. ) ;
#1028 = CARTESIAN_POINT ( 'NONE',  ( 43.18029061944502400, -29.21509991013393700, -43.68079858748364300 ) ) ;
#1029 = CARTESIAN_POINT ( 'NONE',  ( 41.06410161513775100, -26.27499999999999900, -45.50963496887229800 ) ) ;
#1030 = CIRCLE ( 'NONE', #1575, 28.49999999999999600 ) ;
#1031 = DIRECTION ( 'NONE',  ( -3.283722682628550400E-017, -0.8440335833995871200, 0.5362903225806450200 ) ) ;
#1032 = ADVANCED_FACE ( 'E1083', ( #2747, #948 ), #849, .T. ) ;
#1033 = CARTESIAN_POINT ( 'NONE',  ( 14.49940912860029000, 49.88551750233407500, 54.09517937252397200 ) ) ;
#1034 = CARTESIAN_POINT ( 'NONE',  ( -17.49999999999999600, 0.0000000000000000000, -52.54999999999999700 ) ) ;
#1035 = ORIENTED_EDGE ( 'NONE', *, *, #845, .T. ) ;
#1036 = CARTESIAN_POINT ( 'NONE',  ( 14.08990878299086600, 67.59210271993724500, 61.50693515823645200 ) ) ;
#1037 = VERTEX_POINT ( 'NONE', #1519 ) ;
#1038 = CARTESIAN_POINT ( 'NONE',  ( -14.00000000000000000, 0.0000000000000000000, 28.50000000000000000 ) ) ;
#1039 = CARTESIAN_POINT ( 'NONE',  ( 17.44069906773946200, 0.0000000000000000000, -72.94396490477160500 ) ) ;
#1040 = AXIS2_PLACEMENT_3D ( 'NONE', #804, #1335, #1801 ) ;
#1041 = CIRCLE ( 'NONE', #1538, 90.75327041378669400 ) ;
#1042 = B_SPLINE_CURVE_WITH_KNOTS ( 'NONE', 3,
 ( #1078, #88, #446, #1406 ),
 .UNSPECIFIED., .F., .F.,
 ( 4, 4 ),
 ( 0.1767971580325652900, 0.1771213737312260200 ),
 .UNSPECIFIED. ) ;
#1043 = CARTESIAN_POINT ( 'NONE',  ( 36.42164728987855000, 52.18159515776334700, -6.211741463492629100 ) ) ;
#1044 = ORIENTED_EDGE ( 'NONE', *, *, #1570, .T. ) ;
#1045 = CARTESIAN_POINT ( 'NONE',  ( -10.23559933217235100, -17.22926347574777100, -62.59662415931149600 ) ) ;
#1046 = CARTESIAN_POINT ( 'NONE',  ( -11.04904141339929800, -18.34718301193266800, -71.87706881111078900 ) ) ;
#1047 = LINE ( 'NONE', #1591, #360 ) ;
#1048 = CARTESIAN_POINT ( 'NONE',  ( 43.06885362629952100, -23.35834016860932000, -35.50593016532678100 ) ) ;
#1049 = ORIENTED_EDGE ( 'NONE', *, *, #2980, .F. ) ;
#1050 = CONICAL_SURFACE ( 'NONE', #1485, 6.000000000000000000, 0.7853981633974490600 ) ;
#1051 = PERSON_AND_ORGANIZATION ( #2449, #1956 ) ;
#1052 = DIRECTION ( 'NONE',  ( 0.0000000000000000000, -1.000000000000000000, 0.0000000000000000000 ) ) ;
#1053 = VECTOR ( 'NONE', #1052, 1000.000000000000000 ) ;
#1054 = CIRCLE ( 'NONE', #482, 64.92436867076460800 ) ;
#1055 = AXIS2_PLACEMENT_3D ( 'NONE', #2638, #660, #2554 ) ;
#1056 = CARTESIAN_POINT ( 'NONE',  ( 16.77505436345425600, 65.67916807113114400, 63.32380360781907300 ) ) ;
#1057 = CARTESIAN_POINT ( 'NONE',  ( 11.60384368615054200, -37.60446055280449000, -63.84566297893709200 ) ) ;
#1058 = FACE_OUTER_BOUND ( 'NONE', #850, .T. ) ;
#1059 = CARTESIAN_POINT ( 'NONE',  ( 40.74391812968512700, -21.31438678178696100, -48.03342456258599900 ) ) ;
#1060 = DIRECTION ( 'NONE',  ( 6.123031769111888800E-017, 0.0000000000000000000, -1.000000000000000000 ) ) ;
#1061 = EDGE_LOOP ( 'NONE', ( #1472 ) ) ;
#1062 = CARTESIAN_POINT ( 'NONE',  ( -16.01985837525081600, -89.74930832498365900, -28.49999999999999600 ) ) ;
#1063 = AXIS2_PLACEMENT_3D ( 'NONE', #1124, #1843, #508 ) ;
#1064 = ORIENTED_EDGE ( 'NONE', *, *, #1025, .F. ) ;
#1065 = CARTESIAN_POINT ( 'NONE',  ( -15.97575424912213800, -89.63042719909840600, 28.50000000000000400 ) ) ;
#1066 = EDGE_CURVE ( 'E899', #292, #1815, #102, .T. ) ;
#1067 = DIRECTION ( 'NONE',  ( 0.4999999999999999400, 0.7499999999999998900, -0.4330127018922194600 ) ) ;
#1068 = CARTESIAN_POINT ( 'NONE',  ( 31.78301376913708500, -23.53064510622405000, -46.98887643439226000 ) ) ;
#1069 = CARTESIAN_POINT ( 'NONE',  ( -11.22835817504326900, -17.62559207954811000, -62.48611101266418900 ) ) ;
#1070 = DIRECTION ( 'NONE',  ( 1.000000000000000000, 0.0000000000000000000, 6.123031769111888800E-017 ) ) ;
#1071 = CARTESIAN_POINT ( 'NONE',  ( 10.23493822001713800, -32.08073062040232100, -56.44476472350044800 ) ) ;
#1072 = CARTESIAN_POINT ( 'NONE',  ( 27.00000000000000000, 139.2842741935483800, 24.05495712688824700 ) ) ;
#1073 = ORIENTED_EDGE ( 'NONE', *, *, #2609, .T. ) ;
#1074 = DIRECTION ( 'NONE',  ( 0.0000000000000000000, 1.000000000000000000, 0.0000000000000000000 ) ) ;
#1075 = VERTEX_POINT ( 'NONE', #389 ) ;
#1076 = CARTESIAN_POINT ( 'NONE',  ( 11.11450135170291100, -31.70136152637659800, -56.65860327157012900 ) ) ;
#1077 = CARTESIAN_POINT ( 'NONE',  ( 11.48067316637214900, -63.81324170840703400, 37.69718372523290400 ) ) ;
#1078 = CARTESIAN_POINT ( 'NONE',  ( -14.00000000000000000, -88.52972206631490300, -28.50000000000000000 ) ) ;
#1079 = DIRECTION ( 'NONE',  ( 0.0000000000000000000, 0.0000000000000000000, -1.000000000000000000 ) ) ;
#1080 = EDGE_CURVE ( 'E119', #2167, #1959, #808, .T. ) ;
#1081 = ORIENTED_EDGE ( 'NONE', *, *, #1264, .F. ) ;
#1082 = CARTESIAN_POINT ( 'NONE',  ( 39.19990678249134000, 52.19276076986096100, 6.117190499311135500 ) ) ;
#1083 = AXIS2_PLACEMENT_3D ( 'NONE', #455, #725, #2894 ) ;
#1084 = DIRECTION ( 'NONE',  ( 1.000000000000000000, 0.0000000000000000000, 0.0000000000000000000 ) ) ;
#1085 = EDGE_CURVE ( 'NONE', #1692, #1692, #284, .T. ) ;
#1086 = AXIS2_PLACEMENT_3D ( 'NONE', #693, #226, #1702 ) ;
#1087 = FACE_OUTER_BOUND ( 'NONE', #2838, .T. ) ;
#1088 = B_SPLINE_CURVE_WITH_KNOTS ( 'NONE', 3,
 ( #2781, #2546, #2680, #2298, #234, #1062, #2259, #2032, #1441, #1990, #307, #1451, #1837, #2375 ),
 .UNSPECIFIED., .F., .F.,
 ( 4, 2, 2, 2, 2, 2, 4 ),
 ( 0.002251274996851510800, 0.002635167902187719800, 0.003019060807523928900, 0.003402953712860137500, 0.003786846618196346500, 0.004554632428868764600, 0.005322418239541182700 ),
 .UNSPECIFIED. ) ;
#1089 = CARTESIAN_POINT ( 'NONE',  ( 7.194159703628397300, 64.81260325982140100, 64.99132951044390400 ) ) ;
#1090 = CARTESIAN_POINT ( 'NONE',  ( 37.60000000000000100, 51.87339999999999700, 0.0000000000000000000 ) ) ;
#1091 = FACE_BOUND ( 'NONE', #341, .T. ) ;
#1092 = CARTESIAN_POINT ( 'NONE',  ( 35.86794919243114800, 52.54999999999999700, -3.000000000000000000 ) ) ;
#1093 = AXIS2_PLACEMENT_3D ( 'NONE', #1252, #141, #692 ) ;
#1094 = CARTESIAN_POINT ( 'NONE',  ( 10.46331097465021500, -33.06711243253418800, -55.87259065563532800 ) ) ;
#1095 = CIRCLE ( 'NONE', #1587, 52.54999999999999700 ) ;
#1096 = LINE ( 'NONE', #596, #328 ) ;
#1097 = DIRECTION ( 'NONE',  ( 1.000000000000000000, 0.0000000000000000000, 0.0000000000000000000 ) ) ;
#1098 = FACE_OUTER_BOUND ( 'NONE', #2860, .T. ) ;
#1099 = CARTESIAN_POINT ( 'NONE',  ( 34.93530766701003600, -16.41067510224238600, -39.20411507434395300 ) ) ;
#1100 = VERTEX_POINT ( 'NONE', #869 ) ;
#1101 = EDGE_LOOP ( 'NONE', ( #3013 ) ) ;
#1102 = AXIS2_PLACEMENT_3D ( 'NONE', #815, #1514, #1619 ) ;
#1103 = EDGE_CURVE ( 'E70', #2397, #2635, #586, .T. ) ;
#1104 = EDGE_LOOP ( 'NONE', ( #2178 ) ) ;
#1105 = CARTESIAN_POINT ( 'NONE',  ( 14.83760118472531500, 53.53251156505894000, 50.39050204434263200 ) ) ;
#1106 = CARTESIAN_POINT ( 'NONE',  ( 42.36762870291045900, -17.99835447272156200, -38.50217371885472100 ) ) ;
#1107 = EDGE_CURVE ( 'E973', #2563, #557, #1096, .T. ) ;
#1108 = FACE_BOUND ( 'NONE', #1544, .T. ) ;
#1109 = AXIS2_PLACEMENT_3D ( 'NONE', #1191, #2893, #1654 ) ;
#1110 = CARTESIAN_POINT ( 'NONE',  ( -16.19999999999999900, -50.94758064516120300, 80.18319042296080600 ) ) ;
#1111 = DIRECTION ( 'NONE',  ( 1.000000000000000000, 0.0000000000000000000, 0.0000000000000000000 ) ) ;
#1112 = VECTOR ( 'NONE', #1949, 1000.000000000000000 ) ;
#1113 = CARTESIAN_POINT ( 'NONE',  ( 31.63973516301653900, 42.49434068886357400, -0.7926139781982032300 ) ) ;
#1114 = DIRECTION ( 'NONE',  ( 0.0000000000000000000, 1.000000000000000000, 0.0000000000000000000 ) ) ;
#1115 = CARTESIAN_POINT ( 'NONE',  ( -14.32362519336101900, 88.54928136831280500, -28.50000000000000000 ) ) ;
#1116 = CARTESIAN_POINT ( 'NONE',  ( -14.00000000000000000, 88.52972206631490300, -28.50000000000000000 ) ) ;
#1117 = AXIS2_PLACEMENT_3D ( 'NONE', #317, #1234, #1154 ) ;
#1118 = VERTEX_POINT ( 'NONE', #2818 ) ;
#1119 = CARTESIAN_POINT ( 'NONE',  ( -15.18159028753039400, 88.80317852333215000, -28.50000000000000400 ) ) ;
#1120 = CARTESIAN_POINT ( 'NONE',  ( -11.49121041327882000, -19.88075420270590100, -71.39823314038899600 ) ) ;
#1121 = AXIS2_PLACEMENT_3D ( 'NONE', #875, #1856, #1574 ) ;
#1122 = ORIENTED_EDGE ( 'NONE', *, *, #524, .F. ) ;
#1123 = VERTEX_POINT ( 'NONE', #3028 ) ;
#1124 = CARTESIAN_POINT ( 'NONE',  ( 12.21295422959352100, 65.29936564753570800, 65.54879861599290800 ) ) ;
#1125 = EDGE_LOOP ( 'NONE', ( #1725, #2043, #722, #323, #2225 ) ) ;
#1126 = CARTESIAN_POINT ( 'NONE',  ( 8.878372871762414000, 62.07588481863877000, 67.47806223165096600 ) ) ;
#1127 = CARTESIAN_POINT ( 'NONE',  ( -10.88540629579403100, -17.64726358770232300, -62.47997867450974500 ) ) ;
#1128 = EDGE_CURVE ( 'NONE', #104, #104, #330, .T. ) ;
#1129 = FACE_BOUND ( 'NONE', #2615, .T. ) ;
#1130 = FACE_OUTER_BOUND ( 'NONE', #1554, .T. ) ;
#1131 = DIRECTION ( 'NONE',  ( 0.0000000000000000000, -1.000000000000000000, 0.0000000000000000000 ) ) ;
#1132 = LINE ( 'NONE', #2672, #1811 ) ;
#1133 = LINE ( 'NONE', #2144, #2276 ) ;
#1134 = VECTOR ( 'NONE', #2289, 1000.000000000000000 ) ;
#1135 = DIRECTION ( 'NONE',  ( 0.0000000000000000000, 0.0000000000000000000, 1.000000000000000000 ) ) ;
#1136 = CARTESIAN_POINT ( 'NONE',  ( 31.75474814275230900, -22.42388315887492900, -36.10341079388533100 ) ) ;
#1137 = DIRECTION ( 'NONE',  ( 0.0000000000000000000, 0.0000000000000000000, 1.000000000000000000 ) ) ;
#1138 = FACE_OUTER_BOUND ( 'NONE', #2947, .T. ) ;
#1139 = EDGE_LOOP ( 'NONE', ( #2282, #2877, #2926, #1382 ) ) ;
#1140 = DIRECTION ( 'NONE',  ( 0.0000000000000000000, 0.4999999999999998900, 0.8660254037844387100 ) ) ;
#1141 = CARTESIAN_POINT ( 'NONE',  ( 17.50000000000000000, -82.50000000000000000, 0.0000000000000000000 ) ) ;
#1142 = CIRCLE ( 'NONE', #2754, 6.000000000000000000 ) ;
#1143 = CARTESIAN_POINT ( 'NONE',  ( 27.00000000000000000, 124.0000000000000000, -3.735049379158249800E-015 ) ) ;
#1144 = CARTESIAN_POINT ( 'NONE',  ( -11.44023149564783600, -17.54126802769192800, -62.50983507914810400 ) ) ;
#1145 = AXIS2_PLACEMENT_3D ( 'NONE', #1565, #2184, #2876 ) ;
#1146 = CARTESIAN_POINT ( 'NONE',  ( -14.32362519336101900, 0.0000000000000000000, 0.0000000000000000000 ) ) ;
#1147 = EDGE_CURVE ( 'NONE', #248, #248, #1169, .T. ) ;
#1148 = EDGE_LOOP ( 'NONE', ( #2406 ) ) ;
#1149 = CARTESIAN_POINT ( 'NONE',  ( 0.0000000000000000000, 0.0000000000000000000, 0.0000000000000000000 ) ) ;
#1150 = ORIENTED_EDGE ( 'NONE', *, *, #2226, .F. ) ;
#1151 = EDGE_CURVE ( 'NONE', #2414, #2414, #2350, .T. ) ;
#1152 = DIRECTION ( 'NONE',  ( -1.000000000000000000, 0.0000000000000000000, 0.0000000000000000000 ) ) ;
#1153 = CARTESIAN_POINT ( 'NONE',  ( -16.19999999999999900, 149.8977118876569800, 28.50000000000000000 ) ) ;
#1154 = DIRECTION ( 'NONE',  ( 1.000000000000000000, 0.0000000000000000000, 0.0000000000000000000 ) ) ;
#1155 = DIRECTION ( 'NONE',  ( 1.224606353822375800E-016, 0.0000000000000000000, -1.000000000000000000 ) ) ;
#1156 = CARTESIAN_POINT ( 'NONE',  ( -36.00000000000000000, -139.2842741935483800, -24.05495712688824700 ) ) ;
#1157 = EDGE_CURVE ( 'E625', #2397, #2167, #270, .T. ) ;
#1158 = EDGE_LOOP ( 'NONE', ( #2869 ) ) ;
#1159 = VERTEX_POINT ( 'NONE', #2737 ) ;
#1160 = VERTEX_POINT ( 'NONE', #2122 ) ;
#1161 = CARTESIAN_POINT ( 'NONE',  ( 42.98381085472163900, -23.50864288666610900, -35.40655244893875400 ) ) ;
#1162 = AXIS2_PLACEMENT_3D ( 'NONE', #1293, #823, #1304 ) ;
#1163 = DIRECTION ( 'NONE',  ( 0.0000000000000000000, -1.000000000000000000, 0.0000000000000000000 ) ) ;
#1164 = ORIENTED_EDGE ( 'NONE', *, *, #885, .T. ) ;
#1165 = CARTESIAN_POINT ( 'NONE',  ( 16.64102987427733300, 65.88596752104894000, 63.11963140896219200 ) ) ;
#1166 = CARTESIAN_POINT ( 'NONE',  ( -34.10000000000000100, 0.0000000000000000000, 0.0000000000000000000 ) ) ;
#1167 = DIRECTION ( 'NONE',  ( -1.000000000000000000, 0.0000000000000000000, 0.0000000000000000000 ) ) ;
#1168 = FACE_BOUND ( 'NONE', #2438, .T. ) ;
#1169 = CIRCLE ( 'NONE', #688, 5.323400000000003000 ) ;
#1170 = VERTEX_POINT ( 'NONE', #2927 ) ;
#1171 = CC_DESIGN_PERSON_AND_ORGANIZATION_ASSIGNMENT ( #2507, #2031, ( #695 ) ) ;
#1172 = VECTOR ( 'NONE', #1757, 1000.000000000000000 ) ;
#1173 = APPROVAL_DATE_TIME ( #2963, #860 ) ;
#1174 = DIRECTION ( 'NONE',  ( -3.204937810639275000E-016, 0.0000000000000000000, 1.000000000000000000 ) ) ;
#1175 = LINE ( 'NONE', #1029, #803 ) ;
#1176 = ADVANCED_BREP_SHAPE_REPRESENTATION ( 'UCFL-217', ( #1860, #2571 ), #148 ) ;
#1177 = DIRECTION ( 'NONE',  ( -1.000000000000000000, 0.0000000000000000000, 0.0000000000000000000 ) ) ;
#1178 = DIRECTION ( 'NONE',  ( -1.000000000000000000, 0.0000000000000000000, -3.204937810639275000E-016 ) ) ;
#1179 = EDGE_LOOP ( 'NONE', ( #2171, #2593, #1420, #1823 ) ) ;
#1180 = ADVANCED_FACE ( 'E1357', ( #2965, #2423 ), #2889, .T. ) ;
#1181 = CARTESIAN_POINT ( 'NONE',  ( 33.63018221153332400, 42.26031233231937300, 4.515886199256939000 ) ) ;
#1182 = AXIS2_PLACEMENT_3D ( 'NONE', #1371, #2660, #2972 ) ;
#1183 = CARTESIAN_POINT ( 'NONE',  ( -16.19999999999999900, 149.8977118876569800, 28.50000000000000000 ) ) ;
#1184 = B_SPLINE_CURVE_WITH_KNOTS ( 'NONE', 3,
 ( #626, #494, #826, #2223, #1888, #927, #451, #204, #2712, #2602, #493, #2722, #994, #602, #839, #2143, #2827, #1640, #2087, #2903, #144, #2666, #1490, #1461, #2321, #2611, #75, #1979, #2022, #1968, #1268, #1536 ),
 .UNSPECIFIED., .T., .F.,
 ( 4, 2, 2, 2, 2, 2, 2, 2, 2, 2, 2, 2, 2, 2, 2, 4 ),
 ( 0.0000000000000000000, 0.0003419215172765473600, 0.0006838430345530947100, 0.001025764551829642100, 0.001367686069106189400, 0.001709607586382736600, 0.002051529103659284100, 0.002393450620935831500, 0.002735372138212378800, 0.003077293655488926200, 0.003419215172765473100, 0.003761136690042020500, 0.004103058207318568300, 0.004444979724595115600, 0.004786901241871663000, 0.005470744276424736900 ),
 .UNSPECIFIED. ) ;
#1185 = PLANE ( 'NONE',  #2060 ) ;
#1186 = DIRECTION ( 'NONE',  ( -1.000000000000000000, 0.0000000000000000000, 0.0000000000000000000 ) ) ;
#1187 = TOROIDAL_SURFACE ( 'NONE', #1615, 44.50000000000000000, 2.000000000000000000 ) ;
#1188 = CARTESIAN_POINT ( 'NONE',  ( 40.26226896996365700, -16.40939412404394600, -39.20465375964813100 ) ) ;
#1189 = EDGE_CURVE ( 'NONE', #1320, #1320, #2390, .T. ) ;
#1190 = DIRECTION ( 'NONE',  ( 0.0000000000000000000, 0.0000000000000000000, 1.000000000000000000 ) ) ;
#1191 = CARTESIAN_POINT ( 'NONE',  ( -16.19999999999999900, 149.8977118876569800, 0.0000000000000000000 ) ) ;
#1192 = ORIENTED_EDGE ( 'NONE', *, *, #2193, .T. ) ;
#1193 = EDGE_CURVE ( 'E183', #1220, #2345, #1133, .T. ) ;
#1194 = VERTEX_POINT ( 'NONE', #1092 ) ;
#1195 = CARTESIAN_POINT ( 'NONE',  ( 34.45723589769449500, -30.94143132266302800, -42.47517780949259200 ) ) ;
#1196 = CARTESIAN_POINT ( 'NONE',  ( 37.21048802829705700, -26.23344032505433200, -33.43735349477586300 ) ) ;
#1197 = ADVANCED_FACE ( 'E554', ( #1289 ), #848, .T. ) ;
#1198 = LINE ( 'NONE', #358, #2601 ) ;
#1199 = CARTESIAN_POINT ( 'NONE',  ( 34.13589838486225100, 52.54999999999999700, -6.363241272276080100E-016 ) ) ;
#1200 = CARTESIAN_POINT ( 'NONE',  ( 37.99692016683650300, -15.84101706370479700, -39.43744639790223500 ) ) ;
#1201 = CARTESIAN_POINT ( 'NONE',  ( 10.19574952329697800, -36.83689276931414000, -64.52986276716417500 ) ) ;
#1202 = ORIENTED_EDGE ( 'NONE', *, *, #575, .F. ) ;
#1203 = VERTEX_POINT ( 'NONE', #1551 ) ;
#1204 = EDGE_LOOP ( 'NONE', ( #608 ) ) ;
#1205 = DIRECTION ( 'NONE',  ( 0.0000000000000000000, 0.0000000000000000000, 1.000000000000000000 ) ) ;
#1206 = DIRECTION ( 'NONE',  ( 0.0000000000000000000, 0.0000000000000000000, 1.000000000000000000 ) ) ;
#1207 = EDGE_LOOP ( 'NONE', ( #406 ) ) ;
#1208 = LINE ( 'NONE', #1199, #2740 ) ;
#1209 = B_SPLINE_CURVE_WITH_KNOTS ( 'NONE', 3,
 ( #567, #1827, #1730, #547, #556, #2664, #2935, #2946, #2684, #92, #2214, #605, #2023, #1365, #2773, #1077, #2724, #2063, #1588, #2561, #2981, #359, #135, #2256, #342, #2374, #2831, #1655 ),
 .UNSPECIFIED., .T., .F.,
 ( 4, 2, 2, 2, 2, 2, 2, 2, 2, 2, 2, 2, 2, 4 ),
 ( 0.0000000000000000000, 0.0003437399837739582100, 0.0006874799675479164200, 0.001031219951321874500, 0.001374959935095832800, 0.001718699918869791000, 0.002062439902643748900, 0.002406179886417707500, 0.002749919870191665700, 0.003437399837739575900, 0.003781139821513536700, 0.004124879805287497800, 0.004812359772835455800, 0.005499839740383415500 ),
 .UNSPECIFIED. ) ;
#1210 = EDGE_CURVE ( 'E597', #1899, #2635, #1088, .T. ) ;
#1211 = CARTESIAN_POINT ( 'NONE',  ( 31.49259454287246700, 52.48844807532066900, -2.550219760303315200 ) ) ;
#1212 = CARTESIAN_POINT ( 'NONE',  ( 35.67076164123209000, -25.98221861235091300, -33.63298417289554000 ) ) ;
#1213 = ADVANCED_FACE ( 'E1220', ( #1918 ), #2986, .T. ) ;
#1214 = CARTESIAN_POINT ( 'NONE',  ( 16.73300379714667900, 63.01876956068670700, 65.97471693093476100 ) ) ;
#1215 = VERTEX_POINT ( 'NONE', #431 ) ;
#1216 = CARTESIAN_POINT ( 'NONE',  ( 35.86794919243114800, 52.54999999999999700, -3.000000000000000000 ) ) ;
#1217 = FACE_OUTER_BOUND ( 'NONE', #2934, .T. ) ;
#1218 = CARTESIAN_POINT ( 'NONE',  ( 37.60000000000000100, 42.50000000000000000, 0.0000000000000000000 ) ) ;
#1219 = DIRECTION ( 'NONE',  ( 1.000000000000000000, 0.0000000000000000000, 0.0000000000000000000 ) ) ;
#1220 = VERTEX_POINT ( 'NONE', #2231 ) ;
#1221 = CARTESIAN_POINT ( 'NONE',  ( 36.82073888827059000, 42.07977059827752000, -5.962292275287445000 ) ) ;
#1222 = CARTESIAN_POINT ( 'NONE',  ( -15.96407842931230700, 89.63261877563869000, -28.50000000000000000 ) ) ;
#1223 = AXIS2_PLACEMENT_3D ( 'NONE', #1309, #2825, #1772 ) ;
#1224 = EDGE_LOOP ( 'NONE', ( #164 ) ) ;
#1225 = CARTESIAN_POINT ( 'NONE',  ( 42.75656786876570700, 52.39758870118091500, -4.002388058193084000 ) ) ;
#1226 = CARTESIAN_POINT ( 'NONE',  ( 36.46710453951367000, -31.47638113790828700, -42.08026492135032700 ) ) ;
#1227 = CARTESIAN_POINT ( 'NONE',  ( 0.0000000000000000000, 0.0000000000000000000, 0.0000000000000000000 ) ) ;
#1228 = CARTESIAN_POINT ( 'NONE',  ( -15.58733483429773900, 89.11614625504147100, -28.49999999999999600 ) ) ;
#1229 = AXIS2_PLACEMENT_3D ( 'NONE', #1595, #1882, #539 ) ;
#1230 = DIRECTION ( 'NONE',  ( 1.000000000000000000, 0.0000000000000000000, 0.0000000000000000000 ) ) ;
#1231 = ADVANCED_FACE ( 'E203', ( #1715 ), #949, .T. ) ;
#1232 = CARTESIAN_POINT ( 'NONE',  ( 39.33205080756889100, 52.54999999999999700, 3.000000000000000000 ) ) ;
#1233 = CIRCLE ( 'NONE', #2105, 82.50000000000000000 ) ;
#1234 = DIRECTION ( 'NONE',  ( 0.0000000000000000000, 1.000000000000000000, 0.0000000000000000000 ) ) ;
#1235 = PLANE ( 'NONE',  #2991 ) ;
#1236 = VECTOR ( 'NONE', #1402, 1000.000000000000000 ) ;
#1237 = CARTESIAN_POINT ( 'NONE',  ( -25.00000000000000000, 0.0000000000000000000, -82.50000000000000000 ) ) ;
#1238 = ORIENTED_EDGE ( 'NONE', *, *, #2914, .F. ) ;
#1239 = CARTESIAN_POINT ( 'NONE',  ( 30.90940493439477900, -26.39253738700520200, -45.44359400746198200 ) ) ;
#1240 = CARTESIAN_POINT ( 'NONE',  ( 39.33205080756889100, -27.61682621135329900, -41.83374614186385500 ) ) ;
#1241 = CARTESIAN_POINT ( 'NONE',  ( 40.77516623261007600, -25.50901492991960500, -33.99341294508806800 ) ) ;
#1242 = ADVANCED_FACE ( 'E1379', ( #2723, #687 ), #331, .F. ) ;
#1243 = CARTESIAN_POINT ( 'NONE',  ( 12.07463604481885100, 55.23491701994989000, 49.27871847093969400 ) ) ;
#1244 = LINE ( 'NONE', #1443, #3027 ) ;
#1245 = CARTESIAN_POINT ( 'NONE',  ( -10.12500000000000000, 64.92436867076459400, -0.1156149233781765100 ) ) ;
#1246 = FACE_OUTER_BOUND ( 'NONE', #2623, .T. ) ;
#1247 = VERTEX_POINT ( 'NONE', #592 ) ;
#1248 = CARTESIAN_POINT ( 'NONE',  ( 37.99692016683651000, 42.07433897282286500, 5.999999999999999100 ) ) ;
#1249 = ORIENTED_EDGE ( 'NONE', *, *, #3012, .T. ) ;
#1250 = AXIS2_PLACEMENT_3D ( 'NONE', #2459, #794, #1330 ) ;
#1251 = CARTESIAN_POINT ( 'NONE',  ( -11.11366399477382300, 64.91847130368046200, -0.8750605089102280200 ) ) ;
#1252 = CARTESIAN_POINT ( 'NONE',  ( 37.60000000000000100, -21.58830000000000000, -37.39203244903919900 ) ) ;
#1253 = EDGE_LOOP ( 'NONE', ( #2984 ) ) ;
#1254 = CARTESIAN_POINT ( 'NONE',  ( 12.44100717595189900, 61.03914676917614200, 68.14211418864236700 ) ) ;
#1255 = CARTESIAN_POINT ( 'NONE',  ( -37.00000000000000000, 124.0000000000000000, 0.0000000000000000000 ) ) ;
#1256 = AXIS2_PLACEMENT_3D ( 'NONE', #2549, #2731, #772 ) ;
#1257 = ORIENTED_EDGE ( 'NONE', *, *, #970, .T. ) ;
#1258 = DIRECTION ( 'NONE',  ( 1.000000000000000000, 0.0000000000000000000, 0.0000000000000000000 ) ) ;
#1259 = ORIENTED_EDGE ( 'NONE', *, *, #1363, .F. ) ;
#1260 = PLANE ( 'NONE',  #2392 ) ;
#1261 = ADVANCED_FACE ( 'E1078', ( #2317 ), #2801, .T. ) ;
#1262 = CARTESIAN_POINT ( 'NONE',  ( -16.19999999999999900, 149.8977118876569800, 0.0000000000000000000 ) ) ;
#1263 = APPROVAL_STATUS ( 'not_yet_approved' ) ;
#1264 = EDGE_CURVE ( 'E214', #1835, #655, #614, .T. ) ;
#1265 = CARTESIAN_POINT ( 'NONE',  ( 37.46464109282051400, -20.62976292064716700, -48.33130965650076400 ) ) ;
#1266 = EDGE_CURVE ( 'NONE', #2242, #2242, #1989, .T. ) ;
#1267 = ORIENTED_EDGE ( 'NONE', *, *, #239, .F. ) ;
#1268 = CARTESIAN_POINT ( 'NONE',  ( 11.87500000000000400, -56.34176751692685800, 32.26193341397814200 ) ) ;
#1269 = CARTESIAN_POINT ( 'NONE',  ( -37.00000000000000000, -124.0000000000000000, 0.0000000000000000000 ) ) ;
#1270 = AXIS2_PLACEMENT_3D ( 'NONE', #1421, #2811, #937 ) ;
#1271 = EDGE_LOOP ( 'NONE', ( #2185 ) ) ;
#1272 = CARTESIAN_POINT ( 'NONE',  ( 43.28299683289348100, -19.55289519707770300, -37.73552249903186600 ) ) ;
#1273 = EDGE_CURVE ( 'NONE', #34, #34, #1590, .T. ) ;
#1274 = DIRECTION ( 'NONE',  ( 1.000000000000000000, 0.0000000000000000000, 0.0000000000000000000 ) ) ;
#1275 = VERTEX_POINT ( 'NONE', #3044 ) ;
#1276 = ADVANCED_FACE ( 'E830', ( #2198, #2228 ), #983, .F. ) ;
#1277 = CARTESIAN_POINT ( 'NONE',  ( 13.08417393857477500, 61.07003515526490400, 68.06472818660616000 ) ) ;
#1278 = EDGE_LOOP ( 'NONE', ( #256 ) ) ;
#1279 = FACE_OUTER_BOUND ( 'NONE', #595, .T. ) ;
#1280 = CALENDAR_DATE ( 2019, 8, 3 ) ;
#1281 = AXIS2_PLACEMENT_3D ( 'NONE', #2719, #259, #950 ) ;
#1282 = LINE ( 'NONE', #2118, #2600 ) ;
#1283 = CARTESIAN_POINT ( 'NONE',  ( 43.70887004139878200, -28.44997153812162000, -44.18299392218562400 ) ) ;
#1284 = CARTESIAN_POINT ( 'NONE',  ( 32.82527693386588700, 42.34384628626445800, 3.654558724046321800 ) ) ;
#1285 = FACE_BOUND ( 'NONE', #664, .T. ) ;
#1286 = DIRECTION ( 'NONE',  ( 1.224606353822375800E-016, 0.0000000000000000000, -1.000000000000000000 ) ) ;
#1287 = CARTESIAN_POINT ( 'NONE',  ( 35.86794919243114800, -23.67692378864665100, -47.00963496887229800 ) ) ;
#1288 = CARTESIAN_POINT ( 'NONE',  ( -25.00000000000000000, -124.0000000000000000, 28.50000000000000000 ) ) ;
#1289 = FACE_OUTER_BOUND ( 'NONE', #2307, .T. ) ;
#1290 = ORIENTED_EDGE ( 'NONE', *, *, #1594, .F. ) ;
#1291 = CARTESIAN_POINT ( 'NONE',  ( -34.10000000000000100, 44.50000000000000000, 0.0000000000000000000 ) ) ;
#1292 = AXIS2_PLACEMENT_3D ( 'NONE', #297, #2961, #2037 ) ;
#1293 = CARTESIAN_POINT ( 'NONE',  ( 32.27660000000000200, 52.54999999999999700, 0.0000000000000000000 ) ) ;
#1294 = ORIENTED_EDGE ( 'NONE', *, *, #1503, .T. ) ;
#1295 = B_SPLINE_CURVE_WITH_KNOTS ( 'NONE', 3,
 ( #1354, #405, #2116, #2622, #1787, #580, #407, #2875, #2864, #291, #1724, #1422, #2626, #1046, #2698, #39, #2791, #3039, #978, #1465, #410, #1862, #289, #909, #1884, #453, #441, #170, #2422, #1411, #2464, #1326 ),
 .UNSPECIFIED., .T., .F.,
 ( 4, 2, 2, 2, 2, 2, 2, 2, 2, 2, 2, 2, 2, 2, 2, 4 ),
 ( 0.0000000000000000000, 0.0003438062547781945800, 0.0006876125095563891500, 0.001031418764334583800, 0.001375225019112778300, 0.001719031273890973000, 0.002062837528669167600, 0.002406643783447362100, 0.002750450038225556600, 0.003094256293003751100, 0.003438062547781946100, 0.003781868802560140600, 0.004125675057338335100, 0.004469481312116529600, 0.004813287566894724200, 0.005500900076451103700 ),
 .UNSPECIFIED. ) ;
#1296 = EDGE_CURVE ( 'E1158', #121, #2362, #1668, .T. ) ;
#1297 = VERTEX_POINT ( 'NONE', #2177 ) ;
#1298 = DIRECTION ( 'NONE',  ( -1.000000000000000000, 0.0000000000000000000, 0.0000000000000000000 ) ) ;
#1299 = DIRECTION ( 'NONE',  ( 1.000000000000000000, 0.0000000000000000000, 0.0000000000000000000 ) ) ;
#1300 = ORIENTED_EDGE ( 'NONE', *, *, #1601, .T. ) ;
#1301 = DIRECTION ( 'NONE',  ( -1.000000000000000000, 0.0000000000000000000, -6.409875621278550000E-016 ) ) ;
#1302 = CARTESIAN_POINT ( 'NONE',  ( -36.00000000000000000, -139.2842741935483800, -24.05495712688824700 ) ) ;
#1303 = ORIENTED_EDGE ( 'NONE', *, *, #737, .F. ) ;
#1304 = DIRECTION ( 'NONE',  ( 0.0000000000000000000, 0.0000000000000000000, 1.000000000000000000 ) ) ;
#1305 = EDGE_LOOP ( 'NONE', ( #1936, #200, #2329, #2645 ) ) ;
#1306 = CARTESIAN_POINT ( 'NONE',  ( -11.44157223451652100, 64.91988768290765700, 0.7640442512907701400 ) ) ;
#1307 = CARTESIAN_POINT ( 'NONE',  ( 41.70453298425605500, -30.46041043611062400, -42.82149646482066900 ) ) ;
#1308 = CARTESIAN_POINT ( 'NONE',  ( 33.07801101340680100, 42.31575273519813200, 3.962864752094785700 ) ) ;
#1309 = CARTESIAN_POINT ( 'NONE',  ( 0.0000000000000000000, 0.0000000000000000000, 0.0000000000000000000 ) ) ;
#1310 = ORIENTED_EDGE ( 'NONE', *, *, #2330, .F. ) ;
#1311 = CARTESIAN_POINT ( 'NONE',  ( 31.41526872804324100, 52.49637457451842000, 2.407582751357975900 ) ) ;
#1312 = CARTESIAN_POINT ( 'NONE',  ( 43.44580296722133300, -20.05637020092782300, -37.47038235925080600 ) ) ;
#1313 = DIRECTION ( 'NONE',  ( 1.000000000000000000, 0.0000000000000000000, 0.0000000000000000000 ) ) ;
#1314 = CARTESIAN_POINT ( 'NONE',  ( 34.13589838486225100, 52.54999999999999700, -1.110223024625155900E-015 ) ) ;
#1315 = EDGE_CURVE ( 'NONE', #26, #26, #1439, .T. ) ;
#1316 = CARTESIAN_POINT ( 'NONE',  ( 33.49425236775839200, -21.84392106246235300, -47.79560527288596500 ) ) ;
#1317 = ORIENTED_EDGE ( 'NONE', *, *, #363, .F. ) ;
#1318 = CARTESIAN_POINT ( 'NONE',  ( 10.88633600522617300, -33.21706028240501500, -55.78351506938324900 ) ) ;
#1319 = CARTESIAN_POINT ( 'NONE',  ( 37.60000000000000100, 52.54999999999999700, 0.0000000000000000000 ) ) ;
#1320 = VERTEX_POINT ( 'NONE', #1584 ) ;
#1321 = CARTESIAN_POINT ( 'NONE',  ( 37.51228737514407600, 52.16979065859563000, 6.310023425795666400 ) ) ;
#1322 = VERTEX_POINT ( 'NONE', #686 ) ;
#1323 = CARTESIAN_POINT ( 'NONE',  ( -16.19999999999999200, 90.36861458485070400, 28.50000000000000700 ) ) ;
#1324 = ORIENTED_EDGE ( 'NONE', *, *, #1151, .T. ) ;
#1325 = CARTESIAN_POINT ( 'NONE',  ( 40.55318171856897900, -21.22939974072063100, -48.07101122568119700 ) ) ;
#1326 = CARTESIAN_POINT ( 'NONE',  ( -11.49121041327882300, -19.88075420270590100, -71.39823314038901000 ) ) ;
#1327 = CIRCLE ( 'NONE', #607, 28.50000000000000000 ) ;
#1328 = AXIS2_PLACEMENT_3D ( 'NONE', #1166, #2630, #2398 ) ;
#1329 = CARTESIAN_POINT ( 'NONE',  ( 34.79422513338697300, 52.23728601341306200, -5.727682434821157500 ) ) ;
#1330 = DIRECTION ( 'NONE',  ( 0.4999999999999999400, 0.7499999999999998900, -0.4330127018922194600 ) ) ;
#1331 = DIRECTION ( 'NONE',  ( -1.000000000000000000, 0.0000000000000000000, 0.0000000000000000000 ) ) ;
#1332 = APPLICATION_CONTEXT ( 'configuration controlled 3d designs of mechanical parts and assemblies' ) ;
#1333 = CIRCLE ( 'NONE', #1923, 52.54999999999999700 ) ;
#1334 = VERTEX_POINT ( 'NONE', #1817 ) ;
#1335 = DIRECTION ( 'NONE',  ( -1.000000000000000000, 0.0000000000000000000, 0.0000000000000000000 ) ) ;
#1336 = CARTESIAN_POINT ( 'NONE',  ( 37.90863422484775900, 52.17168667767505500, -6.294271601335403000 ) ) ;
#1337 = ORIENTED_EDGE ( 'NONE', *, *, #2275, .F. ) ;
#1338 = CARTESIAN_POINT ( 'NONE',  ( 41.06410161513775100, -26.27499999999999900, -45.50963496887229800 ) ) ;
#1339 = AXIS2_PLACEMENT_3D ( 'NONE', #2521, #2133, #283 ) ;
#1340 = ORIENTED_EDGE ( 'NONE', *, *, #2918, .T. ) ;
#1341 = CARTESIAN_POINT ( 'NONE',  ( 43.39734513422230600, -19.88608871741707800, -37.56100164247300200 ) ) ;
#1342 = CC_DESIGN_DATE_AND_TIME_ASSIGNMENT ( #3025, #1407, ( #695 ) ) ;
#1343 = ORIENTED_EDGE ( 'NONE', *, *, #2418, .T. ) ;
#1344 = DIRECTION ( 'NONE',  ( 0.0000000000000000000, 0.0000000000000000000, -1.000000000000000000 ) ) ;
#1345 = CARTESIAN_POINT ( 'NONE',  ( 17.50000000000000000, 0.0000000000000000000, 0.0000000000000000000 ) ) ;
#1346 = EDGE_CURVE ( 'E124', #2167, #859, #246, .T. ) ;
#1347 = EDGE_LOOP ( 'NONE', ( #2904, #1770, #456, #532 ) ) ;
#1348 = DIRECTION ( 'NONE',  ( 1.000000000000000000, 0.0000000000000000000, 0.0000000000000000000 ) ) ;
#1349 = EDGE_LOOP ( 'NONE', ( #1238, #2512, #2988, #1303, #2789, #799 ) ) ;
#1350 = CARTESIAN_POINT ( 'NONE',  ( 27.00000000000000000, 0.0000000000000000000, 3.857510014540489900E-015 ) ) ;
#1351 = CARTESIAN_POINT ( 'NONE',  ( 10.23017740948522000, -37.50913123408014400, -64.13586004900280100 ) ) ;
#1352 = EDGE_LOOP ( 'NONE', ( #818 ) ) ;
#1353 = CARTESIAN_POINT ( 'NONE',  ( 43.60502404623625200, 52.47760353480825300, -2.781358282431800200 ) ) ;
#1354 = CARTESIAN_POINT ( 'NONE',  ( -11.49121041327882300, -19.88075420270590100, -71.39823314038901000 ) ) ;
#1355 = ORIENTED_EDGE ( 'NONE', *, *, #1296, .F. ) ;
#1356 = AXIS2_PLACEMENT_3D ( 'NONE', #499, #1942, #1358 ) ;
#1357 = CARTESIAN_POINT ( 'NONE',  ( 31.50521984398633200, -28.49723281728383400, -44.15388212018070400 ) ) ;
#1358 = DIRECTION ( 'NONE',  ( 0.0000000000000000000, 0.0000000000000000000, 1.000000000000000000 ) ) ;
#1359 = CARTESIAN_POINT ( 'NONE',  ( 11.74954911037111000, -37.43971035274819300, -63.91580013881829800 ) ) ;
#1360 = ORIENTED_EDGE ( 'NONE', *, *, #773, .T. ) ;
#1361 = CARTESIAN_POINT ( 'NONE',  ( -11.69991707976575800, 64.92219505438906400, 0.5373626325087120800 ) ) ;
#1362 = CARTESIAN_POINT ( 'NONE',  ( -10.46020881074389300, 74.26378608244384300, 0.6980529445897292200 ) ) ;
#1363 = EDGE_CURVE ( 'E52', #2465, #642, #364, .T. ) ;
#1364 = EDGE_LOOP ( 'NONE', ( #1964 ) ) ;
#1365 = CARTESIAN_POINT ( 'NONE',  ( 11.72729933532980200, -63.90155486894895600, 37.47099129552673700 ) ) ;
#1366 = ORIENTED_EDGE ( 'NONE', *, *, #1785, .T. ) ;
#1367 = DIRECTION ( 'NONE',  ( 0.0000000000000000000, 0.0000000000000000000, 1.000000000000000000 ) ) ;
#1368 = EDGE_CURVE ( 'E329', #881, #1895, #1517, .T. ) ;
#1369 = FACE_OUTER_BOUND ( 'NONE', #442, .T. ) ;
#1370 = EDGE_LOOP ( 'NONE', ( #1355, #976, #1907, #2840 ) ) ;
#1371 = CARTESIAN_POINT ( 'NONE',  ( 27.00000000000000000, 139.2842741935483800, -24.05495712688824700 ) ) ;
#1372 = VECTOR ( 'NONE', #2473, 1000.000000000000000 ) ;
#1373 = EDGE_LOOP ( 'NONE', ( #1592, #2444, #428, #1428 ) ) ;
#1374 = CARTESIAN_POINT ( 'NONE',  ( -17.25000000000000000, 0.0000000000000000000, -2.112445960343600000E-015 ) ) ;
#1375 = CARTESIAN_POINT ( 'NONE',  ( 27.00000000000000000, 50.94758064516129500, 80.18319042296080600 ) ) ;
#1376 = DIRECTION ( 'NONE',  ( 1.000000000000000000, -0.0000000000000000000, -0.0000000000000000000 ) ) ;
#1377 = CIRCLE ( 'NONE', #425, 12.50000000000000000 ) ;
#1378 = CARTESIAN_POINT ( 'NONE',  ( -11.11628593880025100, 64.91847371144487500, 0.8748818706825771700 ) ) ;
#1379 = CARTESIAN_POINT ( 'NONE',  ( -11.62050663813598400, 74.09172173030536600, -0.6169250457139708900 ) ) ;
#1380 = EDGE_CURVE ( 'E129', #922, #859, #2124, .T. ) ;
#1381 = CARTESIAN_POINT ( 'NONE',  ( -6.187184335382289300, 0.0000000000000000000, -64.92436867076460800 ) ) ;
#1382 = ORIENTED_EDGE ( 'NONE', *, *, #461, .F. ) ;
#1383 = AXIS2_PLACEMENT_3D ( 'NONE', #683, #2861, #1686 ) ;
#1384 = DIRECTION ( 'NONE',  ( 1.000000000000000000, 0.0000000000000000000, 0.0000000000000000000 ) ) ;
#1385 = CARTESIAN_POINT ( 'NONE',  ( -16.19999999999999900, 0.0000000000000000000, 0.0000000000000000000 ) ) ;
#1386 = VECTOR ( 'NONE', #2455, 1000.000000000000000 ) ;
#1387 = ORIENTED_EDGE ( 'NONE', *, *, #2175, .F. ) ;
#1388 = CARTESIAN_POINT ( 'NONE',  ( -6.187184335382289300, 0.0000000000000000000, 0.0000000000000000000 ) ) ;
#1389 = EDGE_LOOP ( 'NONE', ( #110 ) ) ;
#1390 = DIRECTION ( 'NONE',  ( -0.0000000000000000000, -1.000000000000000000, -0.0000000000000000000 ) ) ;
#1391 = CARTESIAN_POINT ( 'NONE',  ( 41.06410161513775100, -25.01875000000000100, -43.33374614186385500 ) ) ;
#1392 = CARTESIAN_POINT ( 'NONE',  ( -10.14776033861362200, -17.02483894910403700, -62.65253175104661000 ) ) ;
#1393 = ORIENTED_EDGE ( 'NONE', *, *, #1128, .T. ) ;
#1394 = CARTESIAN_POINT ( 'NONE',  ( 36.66699918236685100, 52.17716832669138000, 6.248724542167990700 ) ) ;
#1395 = CARTESIAN_POINT ( 'NONE',  ( -16.19999999999999900, 90.62422413460980400, -28.50000000000000000 ) ) ;
#1396 = CARTESIAN_POINT ( 'NONE',  ( 31.79972552308065700, 42.47222605068753900, 1.547807264765588700 ) ) ;
#1397 = AXIS2_PLACEMENT_3D ( 'NONE', #1385, #2254, #2713 ) ;
#1398 = CYLINDRICAL_SURFACE ( 'NONE', #985, 64.92436867076460800 ) ;
#1399 = CARTESIAN_POINT ( 'NONE',  ( 11.00000000000000000, 0.0000000000000000000, 0.0000000000000000000 ) ) ;
#1400 = VERTEX_POINT ( 'NONE', #1351 ) ;
#1401 = VECTOR ( 'NONE', #2399, 999.9999999999998900 ) ;
#1402 = DIRECTION ( 'NONE',  ( 1.000000000000000000, 5.551115123125780700E-016, -3.204937810639275000E-016 ) ) ;
#1403 = FACE_BOUND ( 'NONE', #1352, .T. ) ;
#1404 = CARTESIAN_POINT ( 'NONE',  ( 15.48612350947912500, 51.47911881946125600, 52.29880621104145900 ) ) ;
#1405 = CARTESIAN_POINT ( 'NONE',  ( 39.53016112194534800, -16.13617917294402900, -39.31764304802798900 ) ) ;
#1406 = CARTESIAN_POINT ( 'NONE',  ( -14.32362519336101900, -88.54928136831280500, -28.50000000000000000 ) ) ;
#1407 = DATE_TIME_ROLE ( 'creation_date' ) ;
#1408 = CARTESIAN_POINT ( 'NONE',  ( 36.19231607905150100, -20.75073743282404900, -48.27952983610532600 ) ) ;
#1409 = EDGE_LOOP ( 'NONE', ( #1831 ) ) ;
#1410 = ORIENTED_EDGE ( 'NONE', *, *, #930, .F. ) ;
#1411 = CARTESIAN_POINT ( 'NONE',  ( -11.06087553376885400, -20.06905528316574600, -71.41388334123190900 ) ) ;
#1412 = CARTESIAN_POINT ( 'NONE',  ( 41.25852360014040000, -16.98353966805601100, -38.95968984676061100 ) ) ;
#1413 = EDGE_LOOP ( 'NONE', ( #2135 ) ) ;
#1414 = CARTESIAN_POINT ( 'NONE',  ( -36.00000000000000000, 0.0000000000000000000, 0.0000000000000000000 ) ) ;
#1415 = CARTESIAN_POINT ( 'NONE',  ( 31.63973516301654600, -21.93359418494606000, -36.40487156452747500 ) ) ;
#1416 = AXIS2_PLACEMENT_3D ( 'NONE', #1861, #1097, #2870 ) ;
#1417 = CARTESIAN_POINT ( 'NONE',  ( 14.30501490926396700, 54.08285725861250600, 49.95493766325427000 ) ) ;
#1418 = CARTESIAN_POINT ( 'NONE',  ( -10.12499999999999500, -16.80366310325129900, -62.71212445460442100 ) ) ;
#1419 = ADVANCED_FACE ( 'E1157', ( #421 ), #984, .T. ) ;
#1420 = ORIENTED_EDGE ( 'NONE', *, *, #25, .F. ) ;
#1421 = CARTESIAN_POINT ( 'NONE',  ( -16.19999999999999900, 0.0000000000000000000, 0.0000000000000000000 ) ) ;
#1422 = CARTESIAN_POINT ( 'NONE',  ( -11.38171093711088700, -18.41698414374757000, -71.80727463761708400 ) ) ;
#1423 = EDGE_CURVE ( 'E61', #642, #2635, #1042, .T. ) ;
#1424 = VERTEX_POINT ( 'NONE', #3017 ) ;
#1425 = EDGE_LOOP ( 'NONE', ( #507 ) ) ;
#1426 = COORDINATED_UNIVERSAL_TIME_OFFSET ( 3, 0, .BEHIND. ) ;
#1427 = EDGE_CURVE ( 'E994', #557, #1526, #1739, .T. ) ;
#1428 = ORIENTED_EDGE ( 'NONE', *, *, #737, .T. ) ;
#1429 = CARTESIAN_POINT ( 'NONE',  ( 11.11459370420593900, -33.21695608125481400, -55.78357711725762200 ) ) ;
#1430 = DIRECTION ( 'NONE',  ( -0.4999999999999998900, 0.0000000000000000000, -0.8660254037844387100 ) ) ;
#1431 = DIRECTION ( 'NONE',  ( 0.0000000000000000000, -1.000000000000000000, 0.0000000000000000000 ) ) ;
#1432 = VECTOR ( 'NONE', #709, 1000.000000000000000 ) ;
#1433 = ADVANCED_FACE ( 'E1014', ( #2833 ), #2439, .T. ) ;
#1434 = CARTESIAN_POINT ( 'NONE',  ( 14.66558408278294800, 67.38004598815777500, 61.69013307938743700 ) ) ;
#1435 = EDGE_CURVE ( 'NONE', #478, #478, #2236, .T. ) ;
#1436 = ORIENTED_EDGE ( 'NONE', *, *, #845, .F. ) ;
#1437 = VERTEX_POINT ( 'NONE', #2215 ) ;
#1438 = CYLINDRICAL_SURFACE ( 'NONE', #1491, 12.49999999999999600 ) ;
#1439 = CIRCLE ( 'NONE', #1229, 72.94396490477160500 ) ;
#1440 = CARTESIAN_POINT ( 'NONE',  ( 17.50000000000000000, 0.0000000000000000000, -300.0000000000000000 ) ) ;
#1441 = CARTESIAN_POINT ( 'NONE',  ( -15.75609235115920900, -89.30721618287212500, -28.50000000000000000 ) ) ;
#1442 = CIRCLE ( 'NONE', #2807, 12.50000000000000000 ) ;
#1443 = CARTESIAN_POINT ( 'NONE',  ( 27.00000000000000000, 139.2842741935483800, 24.05495712688824700 ) ) ;
#1444 = FACE_BOUND ( 'NONE', #667, .T. ) ;
#1445 = VERTEX_POINT ( 'NONE', #1039 ) ;
#1446 = CARTESIAN_POINT ( 'NONE',  ( 39.33205080756889100, -28.87307621135330000, -44.00963496887224800 ) ) ;
#1447 = ORIENTED_EDGE ( 'NONE', *, *, #2551, .F. ) ;
#1448 = CIRCLE ( 'NONE', #1145, 85.50000000000000000 ) ;
#1449 = DIRECTION ( 'NONE',  ( 0.8660254037844386000, 0.4330127018922195200, -0.2499999999999999400 ) ) ;
#1450 = AXIS2_PLACEMENT_3D ( 'NONE', #2424, #29, #981 ) ;
#1451 = CARTESIAN_POINT ( 'NONE',  ( -14.83484577526503200, -88.63142814901438300, -28.50000000000000700 ) ) ;
#1452 = ADVANCED_FACE ( 'E972', ( #1021 ), #597, .T. ) ;
#1453 = B_SPLINE_CURVE_WITH_KNOTS ( 'NONE', 3,
 ( #2798, #1779, #277, #2293, #1763, #2014, #2280, #2824, #1429, #1318, #2483, #2421, #1094, #1958, #169, #2595, #515, #679, #2794, #1071, #1773, #2151, #747, #787, #2430, #1076, #2702, #2651, #1463, #42, #2252, #350 ),
 .UNSPECIFIED., .T., .F.,
 ( 4, 2, 2, 2, 2, 2, 2, 2, 2, 2, 2, 2, 2, 2, 2, 4 ),
 ( 0.0000000000000000000, 0.0003419215172765461100, 0.0006838430345530922200, 0.001025764551829638400, 0.001367686069106184400, 0.001709607586382730500, 0.002051529103659276800, 0.002393450620935822800, 0.002735372138212368900, 0.003077293655488914900, 0.003419215172765461000, 0.003761136690042007000, 0.004103058207318553500, 0.004444979724595099100, 0.004786901241871645600, 0.005470744276424737700 ),
 .UNSPECIFIED. ) ;
#1454 = CARTESIAN_POINT ( 'NONE',  ( -17.50000000000000000, 0.0000000000000000000, 0.0000000000000000000 ) ) ;
#1455 = EDGE_LOOP ( 'NONE', ( #99 ) ) ;
#1456 = DIRECTION ( 'NONE',  ( 0.4999999999999998900, 0.0000000000000000000, 0.8660254037844387100 ) ) ;
#1457 = CARTESIAN_POINT ( 'NONE',  ( 35.86794919243114800, -22.42067378864670200, -44.83374614186385500 ) ) ;
#1458 = ORIENTED_EDGE ( 'NONE', *, *, #1623, .T. ) ;
#1459 = EDGE_CURVE ( 'NONE', #2612, #2612, #1295, .T. ) ;
#1460 = ORIENTED_EDGE ( 'NONE', *, *, #337, .T. ) ;
#1461 = CARTESIAN_POINT ( 'NONE',  ( 10.77001107031198800, -56.64730974286437300, 31.72156804565716500 ) ) ;
#1462 = CARTESIAN_POINT ( 'NONE',  ( 39.33205080756889100, -28.87307621135330000, -44.00963496887224800 ) ) ;
#1463 = CARTESIAN_POINT ( 'NONE',  ( 11.53737524818254900, -31.85416387541604900, -56.57289463492569600 ) ) ;
#1464 = CARTESIAN_POINT ( 'NONE',  ( 36.81079666631328700, -15.87760232087863700, -39.42280909739574900 ) ) ;
#1465 = CARTESIAN_POINT ( 'NONE',  ( -10.20657099819643700, -18.85758246145848100, -71.86953887376321900 ) ) ;
#1466 = ORIENTED_EDGE ( 'NONE', *, *, #1080, .F. ) ;
#1467 = ADVANCED_FACE ( 'E856', ( #2891, #1849 ), #1260, .T. ) ;
#1468 = CARTESIAN_POINT ( 'NONE',  ( 42.49461803019117700, 52.37521141797581200, 4.285022042589216300 ) ) ;
#1469 = DIRECTION ( 'NONE',  ( -0.4999999999999998900, 0.0000000000000000000, 0.8660254037844387100 ) ) ;
#1470 = CYLINDRICAL_SURFACE ( 'NONE', #1086, 6.000000000000000000 ) ;
#1471 = PLANE ( 'NONE',  #2658 ) ;
#1472 = ORIENTED_EDGE ( 'NONE', *, *, #159, .F. ) ;
#1473 = AXIS2_PLACEMENT_3D ( 'NONE', #751, #571, #1301 ) ;
#1474 = CARTESIAN_POINT ( 'NONE',  ( -36.00000000000000000, -50.94758064516120300, 80.18319042296080600 ) ) ;
#1475 = CARTESIAN_POINT ( 'NONE',  ( -16.19999999999999900, 139.2842741935483800, -24.05495712688824700 ) ) ;
#1476 = CARTESIAN_POINT ( 'NONE',  ( 41.11790995365611000, -21.50118425101849700, -47.95009942530888500 ) ) ;
#1477 = CIRCLE ( 'NONE', #1292, 95.00000000000000000 ) ;
#1478 = EDGE_LOOP ( 'NONE', ( #523, #2555, #473, #893 ) ) ;
#1479 = CARTESIAN_POINT ( 'NONE',  ( 41.56453851552981900, -25.04514397247706400, -34.33758622247492600 ) ) ;
#1480 = ADVANCED_FACE ( 'E1371', ( #1098, #381 ), #438, .F. ) ;
#1481 = EDGE_CURVE ( 'E340', #859, #59, #578, .T. ) ;
#1482 = ORIENTED_EDGE ( 'NONE', *, *, #1107, .F. ) ;
#1483 = DIRECTION ( 'NONE',  ( -1.000000000000000000, 0.0000000000000000000, 0.0000000000000000000 ) ) ;
#1484 = CARTESIAN_POINT ( 'NONE',  ( -14.00000000000000000, 124.0000000000000000, -28.50000000000000000 ) ) ;
#1485 = AXIS2_PLACEMENT_3D ( 'NONE', #2368, #2642, #2402 ) ;
#1486 = FACE_OUTER_BOUND ( 'NONE', #435, .T. ) ;
#1487 = CARTESIAN_POINT ( 'NONE',  ( 33.88291521698482000, 52.28818037669155700, 5.245046992391415600 ) ) ;
#1488 = CARTESIAN_POINT ( 'NONE',  ( 39.33205080756889100, 52.54999999999999700, 3.000000000000000000 ) ) ;
#1489 = CIRCLE ( 'NONE', #2694, 64.92436867076460800 ) ;
#1490 = CARTESIAN_POINT ( 'NONE',  ( 10.55842776548346900, -56.60429406987587700, 31.79826211022054800 ) ) ;
#1491 = AXIS2_PLACEMENT_3D ( 'NONE', #1255, #2633, #305 ) ;
#1492 = CARTESIAN_POINT ( 'NONE',  ( 42.12370751947602100, -24.58861070089822200, -34.66596728763932600 ) ) ;
#1493 = FACE_BOUND ( 'NONE', #1980, .T. ) ;
#1494 = DIRECTION ( 'NONE',  ( 0.0000000000000000000, -0.4999999999999998900, -0.8660254037844387100 ) ) ;
#1495 = DIRECTION ( 'NONE',  ( 0.0000000000000000000, 1.000000000000000000, 0.0000000000000000000 ) ) ;
#1496 = PRODUCT_DEFINITION_FORMATION_WITH_SPECIFIED_SOURCE ( 'ANY', '', #2212, .NOT_KNOWN. ) ;
#1497 = ORIENTED_EDGE ( 'NONE', *, *, #427, .F. ) ;
#1498 = ADVANCED_FACE ( 'E1349', ( #139, #2385 ), #2347, .T. ) ;
#1499 = CARTESIAN_POINT ( 'NONE',  ( 43.61256752735654600, 52.47869164425361500, 2.742990566622936800 ) ) ;
#1500 = CARTESIAN_POINT ( 'NONE',  ( 33.55229383666141300, -30.49418687749027900, -42.79744280864495900 ) ) ;
#1501 = EDGE_LOOP ( 'NONE', ( #2882 ) ) ;
#1502 = CARTESIAN_POINT ( 'NONE',  ( 42.69660984823281800, -18.44359087513350600, -38.28982883000839600 ) ) ;
#1503 = EDGE_CURVE ( 'E1179', #2362, #1708, #77, .T. ) ;
#1504 = CARTESIAN_POINT ( 'NONE',  ( 31.59965796317845800, -20.91102456918307700, -37.00184297471025000 ) ) ;
#1505 = CIRCLE ( 'NONE', #2146, 52.54999999999999700 ) ;
#1506 = DIRECTION ( 'NONE',  ( 0.0000000000000000000, 0.0000000000000000000, -1.000000000000000000 ) ) ;
#1507 = ORIENTED_EDGE ( 'NONE', *, *, #793, .F. ) ;
#1508 = CARTESIAN_POINT ( 'NONE',  ( 31.02831161542516000, 52.53823916592399700, 1.188243669075856700 ) ) ;
#1509 = DIRECTION ( 'NONE',  ( 1.000000000000000000, 0.0000000000000000000, 0.0000000000000000000 ) ) ;
#1510 = CARTESIAN_POINT ( 'NONE',  ( -14.32362519336101900, 88.54928136831280500, -28.50000000000000000 ) ) ;
#1511 = SPHERICAL_SURFACE ( 'NONE', #1223, 75.00000000000000000 ) ;
#1512 = LINE ( 'NONE', #821, #1432 ) ;
#1513 = VECTOR ( 'NONE', #1589, 999.9999999999998900 ) ;
#1514 = DIRECTION ( 'NONE',  ( 1.000000000000000000, 0.0000000000000000000, 0.0000000000000000000 ) ) ;
#1515 = ADVANCED_FACE ( 'E1332', ( #2506, #2036 ), #1187, .T. ) ;
#1516 = CIRCLE ( 'NONE', #1652, 6.000000000000000000 ) ;
#1517 = LINE ( 'NONE', #1156, #1513 ) ;
#1518 = EDGE_CURVE ( 'E1009', #439, #1526, #2092, .T. ) ;
#1519 = CARTESIAN_POINT ( 'NONE',  ( 35.86794919243114800, 52.54999999999999700, 3.000000000000000000 ) ) ;
#1520 = DIRECTION ( 'NONE',  ( -1.000000000000000000, 0.0000000000000000000, 0.0000000000000000000 ) ) ;
#1521 = CARTESIAN_POINT ( 'NONE',  ( 15.75000000000000000, 0.0000000000000000000, 1.714448895351329900E-015 ) ) ;
#1522 = ORIENTED_EDGE ( 'NONE', *, *, #1189, .T. ) ;
#1523 = DIRECTION ( 'NONE',  ( 1.000000000000000000, 0.0000000000000000000, 0.0000000000000000000 ) ) ;
#1524 = EDGE_CURVE ( 'NONE', #1297, #1297, #2516, .T. ) ;
#1525 = FACE_BOUND ( 'NONE', #1905, .T. ) ;
#1526 = VERTEX_POINT ( 'NONE', #741 ) ;
#1527 = CARTESIAN_POINT ( 'NONE',  ( -10.29920536846142200, 74.28763018853945300, 0.5362269350336894600 ) ) ;
#1528 = CARTESIAN_POINT ( 'NONE',  ( 37.27065908913548500, 52.17179168868540300, -6.293382596029479400 ) ) ;
#1529 = LINE ( 'NONE', #1462, #1112 ) ;
#1530 = CARTESIAN_POINT ( 'NONE',  ( 15.85888672918350500, 62.07902351247556500, 66.92863151931528900 ) ) ;
#1531 = CARTESIAN_POINT ( 'NONE',  ( -17.50000000000000000, 0.0000000000000000000, -72.92976072907410400 ) ) ;
#1532 = CARTESIAN_POINT ( 'NONE',  ( 30.95198017886466600, -25.64765727835313000, -45.86811465682495700 ) ) ;
#1533 = CARTESIAN_POINT ( 'NONE',  ( -25.00000000000000000, -124.0000000000000000, -28.50000000000000000 ) ) ;
#1534 = CARTESIAN_POINT ( 'NONE',  ( 41.06410161513775100, 50.03750000000000100, 2.121080424092025200E-016 ) ) ;
#1535 = ORIENTED_EDGE ( 'NONE', *, *, #1644, .T. ) ;
#1536 = CARTESIAN_POINT ( 'NONE',  ( 11.87500000000000200, -56.22615259354869700, 32.46218433538231100 ) ) ;
#1537 = PLANE ( 'NONE',  #2842 ) ;
#1538 = AXIS2_PLACEMENT_3D ( 'NONE', #2691, #161, #2196 ) ;
#1539 = DIRECTION ( 'NONE',  ( 0.5000000000000001100, -0.7500000000000001100, 0.4330127018922190800 ) ) ;
#1540 = VECTOR ( 'NONE', #913, 999.9999999999998900 ) ;
#1541 = CARTESIAN_POINT ( 'NONE',  ( 37.93508518119426800, 52.17068312563301200, 6.302732932690781300 ) ) ;
#1542 = CARTESIAN_POINT ( 'NONE',  ( -16.19999999999999900, 139.2842741935483800, -24.05495712688824700 ) ) ;
#1543 = DIRECTION ( 'NONE',  ( 0.0000000000000000000, 0.0000000000000000000, -1.000000000000000000 ) ) ;
#1544 = EDGE_LOOP ( 'NONE', ( #2738 ) ) ;
#1545 = ORIENTED_EDGE ( 'NONE', *, *, #625, .F. ) ;
#1546 = AXIS2_PLACEMENT_3D ( 'NONE', #1149, #2767, #890 ) ;
#1547 = DIRECTION ( 'NONE',  ( 0.0000000000000000000, 1.000000000000000000, 0.0000000000000000000 ) ) ;
#1548 = DIRECTION ( 'NONE',  ( 0.0000000000000000000, 0.0000000000000000000, 1.000000000000000000 ) ) ;
#1549 = CARTESIAN_POINT ( 'NONE',  ( 43.56154676978570700, 42.49451964734083700, 0.7848306073550306300 ) ) ;
#1550 = EDGE_LOOP ( 'NONE', ( #2744 ) ) ;
#1551 = CARTESIAN_POINT ( 'NONE',  ( 25.12362519336105400, 0.0000000000000000000, 90.75327041378669400 ) ) ;
#1552 = CARTESIAN_POINT ( 'NONE',  ( 42.00864767363743400, 52.33597953798830100, -4.744606929056389300 ) ) ;
#1553 = SPHERICAL_SURFACE ( 'NONE', #3036, 75.00000000000000000 ) ;
#1554 = EDGE_LOOP ( 'NONE', ( #1317, #1073, #486, #132, #221 ) ) ;
#1555 = CARTESIAN_POINT ( 'NONE',  ( 31.98439237380688000, -23.06154854222431900, -35.69941273605159900 ) ) ;
#1556 = AXIS2_PLACEMENT_3D ( 'NONE', #562, #2834, #2126 ) ;
#1557 = CARTESIAN_POINT ( 'NONE',  ( 44.01149678546924100, -24.69671584646930300, -46.38677997736969900 ) ) ;
#1558 = ORIENTED_EDGE ( 'NONE', *, *, #1103, .F. ) ;
#1559 = EDGE_CURVE ( 'E1098', #2529, #1275, #495, .T. ) ;
#1560 = CARTESIAN_POINT ( 'NONE',  ( -11.85215987799500300, 64.92405026282284600, 0.2289962894713854800 ) ) ;
#1561 = CARTESIAN_POINT ( 'NONE',  ( 32.88147603945323300, 52.36032544963461500, 4.471697736253470400 ) ) ;
#1562 = EDGE_LOOP ( 'NONE', ( #1658 ) ) ;
#1563 = CARTESIAN_POINT ( 'NONE',  ( 31.07688026358914600, -27.48543257506384700, -44.79098872030755300 ) ) ;
#1564 = FACE_OUTER_BOUND ( 'NONE', #2770, .T. ) ;
#1565 = CARTESIAN_POINT ( 'NONE',  ( -36.00000000000000000, 0.0000000000000000000, 0.0000000000000000000 ) ) ;
#1566 = CARTESIAN_POINT ( 'NONE',  ( 11.20110462875429000, -37.82104782708474000, -63.78962984816881500 ) ) ;
#1567 = LINE ( 'NONE', #2067, #1881 ) ;
#1568 = CARTESIAN_POINT ( 'NONE',  ( 35.42047031229282800, 52.21041234353047900, 5.965472564215784400 ) ) ;
#1569 = EDGE_LOOP ( 'NONE', ( #3020 ) ) ;
#1570 = EDGE_CURVE ( 'E427', #2379, #1959, #616, .T. ) ;
#1571 = CARTESIAN_POINT ( 'NONE',  ( 36.24089643237262200, 52.18560836930054600, 6.178697202637523300 ) ) ;
#1572 = CARTESIAN_POINT ( 'NONE',  ( 40.26226896996366400, 42.15692316445036200, 5.391374707690916400 ) ) ;
#1573 = ORIENTED_EDGE ( 'NONE', *, *, #1623, .F. ) ;
#1574 = DIRECTION ( 'NONE',  ( 0.0000000000000000000, 0.0000000000000000000, 1.000000000000000000 ) ) ;
#1575 = AXIS2_PLACEMENT_3D ( 'NONE', #1903, #2453, #105 ) ;
#1576 = ORIENTED_EDGE ( 'NONE', *, *, #659, .F. ) ;
#1577 = PERSON_AND_ORGANIZATION ( #2449, #1956 ) ;
#1578 = DIRECTION ( 'NONE',  ( 0.5000000000000001100, -0.7500000000000001100, 0.4330127018922190800 ) ) ;
#1579 = AXIS2_PLACEMENT_3D ( 'NONE', #1454, #1651, #1543 ) ;
#1580 = CARTESIAN_POINT ( 'NONE',  ( 44.07128614791656700, 52.52703569122883900, -1.603753165223820600 ) ) ;
#1581 = CIRCLE ( 'NONE', #2210, 64.92436867076460800 ) ;
#1582 = LINE ( 'NONE', #1457, #467 ) ;
#1583 = CARTESIAN_POINT ( 'NONE',  ( 11.50670353823767700, 49.06106700625057500, 55.54900698303482200 ) ) ;
#1584 = CARTESIAN_POINT ( 'NONE',  ( -17.50000000000000000, 82.50000000000000000, 0.0000000000000000000 ) ) ;
#1585 = EDGE_LOOP ( 'NONE', ( #1310, #2534, #2113, #384 ) ) ;
#1586 = ORIENTED_EDGE ( 'NONE', *, *, #841, .T. ) ;
#1587 = AXIS2_PLACEMENT_3D ( 'NONE', #1761, #2136, #1626 ) ;
#1588 = CARTESIAN_POINT ( 'NONE',  ( 10.80976461197065500, -63.82757631789900900, 37.87138835158420800 ) ) ;
#1589 = DIRECTION ( 'NONE',  ( 3.283722682628550400E-017, 0.8440335833995871200, -0.5362903225806450200 ) ) ;
#1590 = CIRCLE ( 'NONE', #1556, 88.77598393497258700 ) ;
#1591 = CARTESIAN_POINT ( 'NONE',  ( 35.86794919243114800, 52.54999999999999700, 3.000000000000000000 ) ) ;
#1592 = ORIENTED_EDGE ( 'NONE', *, *, #1873, .F. ) ;
#1593 = CARTESIAN_POINT ( 'NONE',  ( 32.39021841739740600, -18.59775258719885500, -38.21623629411502100 ) ) ;
#1594 = EDGE_CURVE ( 'NONE', #55, #55, #1900, .T. ) ;
#1595 = CARTESIAN_POINT ( 'NONE',  ( -17.44069906773944800, 0.0000000000000000000, 1.222865198853479900E-016 ) ) ;
#1596 = VERTEX_POINT ( 'NONE', #1613 ) ;
#1597 = AXIS2_PLACEMENT_3D ( 'NONE', #2352, #2343, #3034 ) ;
#1598 = CARTESIAN_POINT ( 'NONE',  ( 8.730280464094793300, 55.19283460552569000, 50.02619618300249700 ) ) ;
#1599 = ORIENTED_EDGE ( 'NONE', *, *, #2162, .F. ) ;
#1600 = DIRECTION ( 'NONE',  ( 1.000000000000000000, 0.0000000000000000000, 6.123031769111888800E-017 ) ) ;
#1601 = EDGE_CURVE ( 'NONE', #606, #606, #1333, .T. ) ;
#1602 = VECTOR ( 'NONE', #247, 1000.000000000000000 ) ;
#1603 = CARTESIAN_POINT ( 'NONE',  ( 7.646494399543875000, 50.60700136959665200, 54.82287357757993400 ) ) ;
#1604 = DIRECTION ( 'NONE',  ( -1.000000000000000000, 0.0000000000000000000, -3.204937810639275000E-016 ) ) ;
#1605 = DIRECTION ( 'NONE',  ( -0.4999999999999998900, 0.0000000000000000000, 0.8660254037844387100 ) ) ;
#1606 = EDGE_LOOP ( 'NONE', ( #853, #1974, #2587, #588 ) ) ;
#1607 = CARTESIAN_POINT ( 'NONE',  ( 11.51442891339403800, -37.67476281772222500, -63.82040148753056700 ) ) ;
#1608 = LINE ( 'NONE', #2579, #2388 ) ;
#1609 = CARTESIAN_POINT ( 'NONE',  ( 12.89945912830481600, 54.94858885770861400, 49.38969214318051800 ) ) ;
#1610 = AXIS2_PLACEMENT_3D ( 'NONE', #628, #2120, #1648 ) ;
#1611 = ORIENTED_EDGE ( 'NONE', *, *, #461, .T. ) ;
#1612 = DIRECTION ( 'NONE',  ( -1.000000000000000000, -5.551115123125780700E-016, 3.204937810639275000E-016 ) ) ;
#1613 = CARTESIAN_POINT ( 'NONE',  ( -36.00000000000000000, -124.0000000000000000, -12.50000000000000000 ) ) ;
#1614 = EDGE_LOOP ( 'NONE', ( #1866, #1874, #943, #1436, #2461 ) ) ;
#1615 = AXIS2_PLACEMENT_3D ( 'NONE', #2111, #2829, #1965 ) ;
#1616 = CARTESIAN_POINT ( 'NONE',  ( 39.33205080756889100, 52.54999999999999700, -3.000000000000000000 ) ) ;
#1617 = EDGE_LOOP ( 'NONE', ( #2800 ) ) ;
#1618 = CARTESIAN_POINT ( 'NONE',  ( 38.54117363926895500, 52.17730615967948200, -6.247575934598347500 ) ) ;
#1619 = DIRECTION ( 'NONE',  ( 0.0000000000000000000, -1.000000000000000000, 0.0000000000000000000 ) ) ;
#1620 = ORIENTED_EDGE ( 'NONE', *, *, #2193, .F. ) ;
#1621 = LINE ( 'NONE', #791, #1236 ) ;
#1622 = CARTESIAN_POINT ( 'NONE',  ( -36.00000000000000000, -50.94758064516129500, -80.18319042296080600 ) ) ;
#1623 = EDGE_CURVE ( 'E1242', #490, #2096, #690, .T. ) ;
#1624 = CARTESIAN_POINT ( 'NONE',  ( 7.599085203847598000, 66.10907968951296700, 63.63834994308597000 ) ) ;
#1625 = FACE_OUTER_BOUND ( 'NONE', #351, .T. ) ;
#1626 = DIRECTION ( 'NONE',  ( 0.0000000000000000000, 0.0000000000000000000, 1.000000000000000000 ) ) ;
#1627 = VERTEX_POINT ( 'NONE', #2799 ) ;
#1628 = CARTESIAN_POINT ( 'NONE',  ( -10.55958544343231700, -16.06380225243664100, -62.90572176060698000 ) ) ;
#1629 = VERTEX_POINT ( 'NONE', #1531 ) ;
#1630 = VERTEX_POINT ( 'NONE', #2097 ) ;
#1631 = CARTESIAN_POINT ( 'NONE',  ( -150.0000000000000000, 0.0000000000000000000, 0.0000000000000000000 ) ) ;
#1632 = CARTESIAN_POINT ( 'NONE',  ( -16.19999999999999900, 90.62422413460980400, 28.50000000000000000 ) ) ;
#1633 = ORIENTED_EDGE ( 'NONE', *, *, #2, .F. ) ;
#1634 = DIRECTION ( 'NONE',  ( 1.000000000000000000, 0.0000000000000000000, 6.123031769111888800E-017 ) ) ;
#1635 = CARTESIAN_POINT ( 'NONE',  ( 51.60000000000000100, 0.0000000000000000000, 44.50000000000000000 ) ) ;
#1636 = ORIENTED_EDGE ( 'NONE', *, *, #2515, .T. ) ;
#1637 = AXIS2_PLACEMENT_3D ( 'NONE', #2948, #2675, #233 ) ;
#1638 = APPLICATION_PROTOCOL_DEFINITION ( 'international standard', 'config_control_design', 1994, #2207 ) ;
#1639 = ORIENTED_EDGE ( 'NONE', *, *, #1128, .F. ) ;
#1640 = CARTESIAN_POINT ( 'NONE',  ( 10.12495965616820300, -56.28310092922970400, 32.36354801202157500 ) ) ;
#1641 = CARTESIAN_POINT ( 'NONE',  ( 31.75229365134491000, -20.06380539342371700, -37.46639274281918100 ) ) ;
#1642 = ORIENTED_EDGE ( 'NONE', *, *, #522, .F. ) ;
#1643 = CARTESIAN_POINT ( 'NONE',  ( -17.50000000000000000, 0.0000000000000000000, -300.0000000000000000 ) ) ;
#1644 = EDGE_CURVE ( 'E43', #1322, #2465, #2721, .T. ) ;
#1645 = DIRECTION ( 'NONE',  ( 3.283722682628550400E-017, 0.8440335833995871200, -0.5362903225806450200 ) ) ;
#1646 = CARTESIAN_POINT ( 'NONE',  ( 42.98381085472161100, 42.41729532454015600, -2.655805723879809800 ) ) ;
#1647 = CARTESIAN_POINT ( 'NONE',  ( 37.60000000000000100, -16.39214757729336800, -40.39203244903920600 ) ) ;
#1648 = DIRECTION ( 'NONE',  ( -1.217349807703022600E-016, 0.0000000000000000000, 1.000000000000000000 ) ) ;
#1649 = AXIS2_PLACEMENT_3D ( 'NONE', #2107, #698, #1963 ) ;
#1650 = ORIENTED_EDGE ( 'NONE', *, *, #1737, .T. ) ;
#1651 = DIRECTION ( 'NONE',  ( 1.000000000000000000, 0.0000000000000000000, 0.0000000000000000000 ) ) ;
#1652 = AXIS2_PLACEMENT_3D ( 'NONE', #594, #1988, #689 ) ;
#1653 = ORIENTED_EDGE ( 'NONE', *, *, #1157, .F. ) ;
#1654 = DIRECTION ( 'NONE',  ( 0.0000000000000000000, 0.0000000000000000000, -1.000000000000000000 ) ) ;
#1655 = CARTESIAN_POINT ( 'NONE',  ( 10.72939503874541800, -64.69583729378048500, 36.39132752400254800 ) ) ;
#1656 = CARTESIAN_POINT ( 'NONE',  ( 38.96272415605321300, 42.09596454075651200, 5.846473749184792900 ) ) ;
#1657 = CARTESIAN_POINT ( 'NONE',  ( -11.70201952089823600, 74.07961995038387200, -0.5349389354093659900 ) ) ;
#1658 = ORIENTED_EDGE ( 'NONE', *, *, #1459, .T. ) ;
#1659 = ADVANCED_FACE ( 'E1386', ( #915, #290 ), #1751, .T. ) ;
#1660 = CYLINDRICAL_SURFACE ( 'NONE', #617, 64.92436867076460800 ) ;
#1661 = APPROVAL ( #485, 'UNSPECIFIED' ) ;
#1662 = ORIENTED_EDGE ( 'NONE', *, *, #140, .T. ) ;
#1663 = CARTESIAN_POINT ( 'NONE',  ( 40.26010359412536800, -25.73967934296554800, -33.81904337609319100 ) ) ;
#1664 = CIRCLE ( 'NONE', #1270, 95.00000000000000000 ) ;
#1665 = EDGE_CURVE ( 'E154', #2434, #1944, #2384, .T. ) ;
#1666 = EDGE_LOOP ( 'NONE', ( #1466, #2147, #2405, #2076 ) ) ;
#1667 = CARTESIAN_POINT ( 'NONE',  ( 33.00638276499307000, 52.35019046133294300, -4.585859312271493200 ) ) ;
#1668 = LINE ( 'NONE', #1534, #809 ) ;
#1669 = CARTESIAN_POINT ( 'NONE',  ( 37.60000000000000100, 42.50000000000000000, -5.323399999999999500 ) ) ;
#1670 = EDGE_LOOP ( 'NONE', ( #1410 ) ) ;
#1671 = VERTEX_POINT ( 'NONE', #897 ) ;
#1672 = ORIENTED_EDGE ( 'NONE', *, *, #38, .F. ) ;
#1673 = DIRECTION ( 'NONE',  ( 0.0000000000000000000, 0.0000000000000000000, 1.000000000000000000 ) ) ;
#1674 = ORIENTED_CLOSED_SHELL ( 'NONE', *, #2258, .F. );
#1675 = CARTESIAN_POINT ( 'NONE',  ( 35.65679264674309200, 42.11764842348197400, 5.690042824946645300 ) ) ;
#1676 = ADVANCED_FACE ( 'E1360', ( #72 ), #767, .T. ) ;
#1677 = VECTOR ( 'NONE', #2460, 1000.000000000000000 ) ;
#1678 = DIRECTION ( 'NONE',  ( 1.000000000000000000, 0.0000000000000000000, 3.204937810639275000E-016 ) ) ;
#1679 = CARTESIAN_POINT ( 'NONE',  ( 49.60000000000000100, 0.0000000000000000000, 0.0000000000000000000 ) ) ;
#1680 = EDGE_CURVE ( 'E570', #59, #1899, #1477, .T. ) ;
#1681 = SPHERICAL_SURFACE ( 'NONE', #2348, 75.00000000000000000 ) ;
#1682 = DIRECTION ( 'NONE',  ( 0.0000000000000000000, 0.0000000000000000000, 1.000000000000000000 ) ) ;
#1683 = FACE_OUTER_BOUND ( 'NONE', #914, .T. ) ;
#1684 = EDGE_CURVE ( 'E246', #648, #881, #211, .T. ) ;
#1685 = VECTOR ( 'NONE', #840, 999.9999999999998900 ) ;
#1686 = DIRECTION ( 'NONE',  ( -0.4999999999999999400, -0.7499999999999998900, 0.4330127018922194600 ) ) ;
#1687 = DIRECTION ( 'NONE',  ( 1.000000000000000000, 0.0000000000000000000, 1.768875844410099700E-016 ) ) ;
#1688 = DIRECTION ( 'NONE',  ( 0.0000000000000000000, 0.0000000000000000000, 1.000000000000000000 ) ) ;
#1689 = ADVANCED_FACE ( 'E3', ( #1108, #2756 ), #417, .F. ) ;
#1690 = ORIENTED_EDGE ( 'NONE', *, *, #2101, .T. ) ;
#1691 = CARTESIAN_POINT ( 'NONE',  ( -10.77189078787498000, 64.91878609477331000, 0.8525168674919479900 ) ) ;
#1692 = VERTEX_POINT ( 'NONE', #1034 ) ;
#1693 = LINE ( 'NONE', #1038, #89 ) ;
#1694 = CARTESIAN_POINT ( 'NONE',  ( 17.25000000000000000, 0.0000000000000000000, 0.0000000000000000000 ) ) ;
#1695 = CARTESIAN_POINT ( 'NONE',  ( 32.20622310955207700, -18.90784792281219500, -38.06409786463135700 ) ) ;
#1696 = VERTEX_POINT ( 'NONE', #1314 ) ;
#1697 = DIRECTION ( 'NONE',  ( -1.000000000000000000, 0.0000000000000000000, -6.123031769111888800E-017 ) ) ;
#1698 = ORIENTED_EDGE ( 'NONE', *, *, #675, .T. ) ;
#1699 = CARTESIAN_POINT ( 'NONE',  ( -11.76435672717256500, 64.92295689491213300, -0.4410883189242117400 ) ) ;
#1700 = CARTESIAN_POINT ( 'NONE',  ( -34.10000000000000100, 0.0000000000000000000, 50.54999999999999700 ) ) ;
#1701 = ORIENTED_EDGE ( 'NONE', *, *, #2776, .F. ) ;
#1702 = DIRECTION ( 'NONE',  ( 0.0000000000000000000, 0.0000000000000000000, 1.000000000000000000 ) ) ;
#1703 = CARTESIAN_POINT ( 'NONE',  ( -10.46206961263484700, -17.47835813673674100, -62.52749123470933800 ) ) ;
#1704 = ADVANCED_FACE ( 'E1323', ( #624, #2648 ), #153, .T. ) ;
#1705 = EDGE_CURVE ( 'E34', #1322, #1944, #2865, .T. ) ;
#1706 = CARTESIAN_POINT ( 'NONE',  ( 41.35394208058888000, -30.65743575194785100, -42.68066068535203800 ) ) ;
#1707 = CARTESIAN_POINT ( 'NONE',  ( 36.04660408630827800, -26.07315967017355300, -33.56253347421603200 ) ) ;
#1708 = VERTEX_POINT ( 'NONE', #2937 ) ;
#1709 = B_SPLINE_CURVE_WITH_KNOTS ( 'NONE', 3,
 ( #2803, #2155, #677, #254, #2300, #166, #430, #339, #1065, #2201, #1026, #2180 ),
 .UNSPECIFIED., .F., .F.,
 ( 4, 2, 2, 2, 2, 4 ),
 ( 0.007365739307955958100, 0.008132795850997872800, 0.008516324122518830600, 0.008899852394039788400, 0.009666908937081695300, 0.01043396548012360400 ),
 .UNSPECIFIED. ) ;
#1710 = AXIS2_PLACEMENT_3D ( 'NONE', #3015, #569, #902 ) ;
#1711 = DIRECTION ( 'NONE',  ( -1.000000000000000000, 0.0000000000000000000, 0.0000000000000000000 ) ) ;
#1712 = CARTESIAN_POINT ( 'NONE',  ( 33.90304779313519400, -30.68690572733006100, -42.65946977120665900 ) ) ;
#1713 = VERTEX_POINT ( 'NONE', #1338 ) ;
#1714 = CARTESIAN_POINT ( 'NONE',  ( 33.94008617706371900, -25.24758640188287400, -34.18856422150523100 ) ) ;
#1715 = FACE_OUTER_BOUND ( 'NONE', #1478, .T. ) ;
#1716 = DIRECTION ( 'NONE',  ( 0.0000000000000000000, 0.4999999999999998900, 0.8660254037844387100 ) ) ;
#1717 = AXIS2_PLACEMENT_3D ( 'NONE', #929, #615, #2041 ) ;
#1718 = DIRECTION ( 'NONE',  ( 0.0000000000000000000, 0.0000000000000000000, 1.000000000000000000 ) ) ;
#1719 = CARTESIAN_POINT ( 'NONE',  ( 8.986010211321199000, 49.68341303027671800, 55.46075942971108900 ) ) ;
#1720 = FACE_BOUND ( 'NONE', #2994, .T. ) ;
#1721 = CARTESIAN_POINT ( 'NONE',  ( -11.45748087261147500, 74.11592529014838200, -0.7808972663231806800 ) ) ;
#1722 = ADVANCED_FACE ( 'E909', ( #186 ), #961, .T. ) ;
#1723 = VECTOR ( 'NONE', #2511, 1000.000000000000000 ) ;
#1724 = CARTESIAN_POINT ( 'NONE',  ( -11.57375879148191800, -18.53049762293997900, -71.74734911459776800 ) ) ;
#1725 = ORIENTED_EDGE ( 'NONE', *, *, #2914, .T. ) ;
#1726 = DIRECTION ( 'NONE',  ( -1.000000000000000000, 0.0000000000000000000, -6.123031769111888800E-017 ) ) ;
#1727 = CARTESIAN_POINT ( 'NONE',  ( 38.31025390059756600, -20.65293048678847400, -48.32141620285083400 ) ) ;
#1728 = CARTESIAN_POINT ( 'NONE',  ( 14.10145219198380300, 49.62480492245650500, 54.43908463030113200 ) ) ;
#1729 = EDGE_LOOP ( 'NONE', ( #696 ) ) ;
#1730 = CARTESIAN_POINT ( 'NONE',  ( 10.95298438990780300, -64.69166466240049800, 36.33227178445081800 ) ) ;
#1731 = VECTOR ( 'NONE', #390, 1000.000000000000100 ) ;
#1732 = ORIENTED_EDGE ( 'NONE', *, *, #184, .F. ) ;
#1733 = PLANE ( 'NONE',  #2315 ) ;
#1734 = CARTESIAN_POINT ( 'NONE',  ( -11.23127052964093200, 74.14949464715584800, -0.8738839981901006500 ) ) ;
#1735 = ADVANCED_FACE ( 'E733', ( #2547, #260 ), #1872, .T. ) ;
#1736 = LINE ( 'NONE', #706, #786 ) ;
#1737 = EDGE_CURVE ( 'NONE', #2264, #2264, #1142, .T. ) ;
#1738 = FACE_BOUND ( 'NONE', #1774, .T. ) ;
#1739 = LINE ( 'NONE', #702, #2279 ) ;
#1740 = AXIS2_PLACEMENT_3D ( 'NONE', #1826, #2787, #2047 ) ;
#1741 = CARTESIAN_POINT ( 'NONE',  ( -36.00000000000000000, 0.0000000000000000000, 0.0000000000000000000 ) ) ;
#1742 = CYLINDRICAL_SURFACE ( 'NONE', #2567, 82.50000000000000000 ) ;
#1743 = CARTESIAN_POINT ( 'NONE',  ( 34.13589838486225100, -26.27499999999999900, -45.50963496887229800 ) ) ;
#1744 = DIRECTION ( 'NONE',  ( 0.5000000000000003300, 0.0000000000000000000, -0.8660254037844383700 ) ) ;
#1745 = VERTEX_POINT ( 'NONE', #2127 ) ;
#1746 = CARTESIAN_POINT ( 'NONE',  ( -14.00000000000000000, 0.0000000000000000000, -28.50000000000000000 ) ) ;
#1747 = CARTESIAN_POINT ( 'NONE',  ( 16.90576714668970100, 63.33700613973098100, 65.65546389121639900 ) ) ;
#1748 = CARTESIAN_POINT ( 'NONE',  ( 42.79859646595463800, 42.39418571387180600, 3.002178610632553200 ) ) ;
#1749 = CARTESIAN_POINT ( 'NONE',  ( 42.11944152129722600, 42.31547892567586900, 3.965779756516091900 ) ) ;
#1750 = AXIS2_PLACEMENT_3D ( 'NONE', #2475, #2884, #2618 ) ;
#1751 = CYLINDRICAL_SURFACE ( 'NONE', #1121, 52.54999999999999700 ) ;
#1752 = ADVANCED_FACE ( 'E339', ( #1792 ), #1995, .T. ) ;
#1753 = CARTESIAN_POINT ( 'NONE',  ( 30.98144591196681600, 52.54347335924707400, -0.9301538850595011400 ) ) ;
#1754 = CARTESIAN_POINT ( 'NONE',  ( -10.12499999999999600, 64.92436867076455100, 0.2312298467563520300 ) ) ;
#1755 = PLANE ( 'NONE',  #1955 ) ;
#1756 = EDGE_CURVE ( 'E946', #292, #2643, #1529, .T. ) ;
#1757 = DIRECTION ( 'NONE',  ( 1.000000000000000000, 0.0000000000000000000, 6.409875621278550000E-016 ) ) ;
#1758 = AXIS2_PLACEMENT_3D ( 'NONE', #665, #2394, #1506 ) ;
#1759 = CIRCLE ( 'NONE', #198, 82.50000000000000000 ) ;
#1760 = CARTESIAN_POINT ( 'NONE',  ( -11.87504034383179500, 64.92436921448725700, 0.1138957296068084500 ) ) ;
#1761 = CARTESIAN_POINT ( 'NONE',  ( 6.187184335382289300, 0.0000000000000000000, 0.0000000000000000000 ) ) ;
#1762 = ORIENTED_EDGE ( 'NONE', *, *, #2758, .T. ) ;
#1763 = CARTESIAN_POINT ( 'NONE',  ( 11.69939516055471200, -32.92706499110975200, -55.95523705904499000 ) ) ;
#1764 = DIRECTION ( 'NONE',  ( 1.000000000000000000, 0.0000000000000000000, 0.0000000000000000000 ) ) ;
#1765 = EDGE_LOOP ( 'NONE', ( #2900 ) ) ;
#1766 = CARTESIAN_POINT ( 'NONE',  ( -10.46262475181745100, 64.92064585717399400, 0.6999321850399721200 ) ) ;
#1767 = DIRECTION ( 'NONE',  ( -6.123031769111887500E-017, -0.4999999999999998900, -0.8660254037844387100 ) ) ;
#1768 = VECTOR ( 'NONE', #2945, 1000.000000000000000 ) ;
#1769 = CARTESIAN_POINT ( 'NONE',  ( 44.12522433993746100, -25.05642231703625800, -46.19364795584870400 ) ) ;
#1770 = ORIENTED_EDGE ( 'NONE', *, *, #175, .T. ) ;
#1771 = CARTESIAN_POINT ( 'NONE',  ( 14.00601435155732400, 61.22733862987973900, 67.85190114494027100 ) ) ;
#1772 = DIRECTION ( 'NONE',  ( 1.000000000000000000, 0.0000000000000000000, 0.0000000000000000000 ) ) ;
#1773 = CARTESIAN_POINT ( 'NONE',  ( 10.30008292023423900, -31.99572783639751000, -56.49295150280373400 ) ) ;
#1774 = EDGE_LOOP ( 'NONE', ( #2187 ) ) ;
#1775 = DIRECTION ( 'NONE',  ( 0.0000000000000000000, 1.000000000000000000, 0.0000000000000000000 ) ) ;
#1776 = DIRECTION ( 'NONE',  ( 0.0000000000000000000, -0.8660254037844383700, 0.5000000000000002200 ) ) ;
#1777 = AXIS2_PLACEMENT_3D ( 'NONE', #1440, #1274, #2093 ) ;
#1778 = FACE_BOUND ( 'NONE', #213, .T. ) ;
#1779 = CARTESIAN_POINT ( 'NONE',  ( 11.87499999999999600, -32.56230979608439200, -56.16834513185961000 ) ) ;
#1780 = FACE_OUTER_BOUND ( 'NONE', #2420, .T. ) ;
#1781 = EDGE_CURVE ( 'E79', #2397, #1745, #2495, .T. ) ;
#1782 = CARTESIAN_POINT ( 'NONE',  ( 43.05895751918360800, 52.42434598126934000, 3.646203781093415600 ) ) ;
#1783 = CARTESIAN_POINT ( 'NONE',  ( 42.37199787438519400, 42.34354176843172700, -3.657952226541178600 ) ) ;
#1784 = CARTESIAN_POINT ( 'NONE',  ( 34.94845574450967300, -25.74304890188820500, -33.81647697449430000 ) ) ;
#1785 = EDGE_CURVE ( 'NONE', #1011, #1011, #434, .T. ) ;
#1786 = EDGE_LOOP ( 'NONE', ( #2509 ) ) ;
#1787 = CARTESIAN_POINT ( 'NONE',  ( -11.83820673505145600, -19.43461278184873800, -71.46443772482177800 ) ) ;
#1788 = VERTEX_POINT ( 'NONE', #1840 ) ;
#1789 = CARTESIAN_POINT ( 'NONE',  ( 8.492764722787672600, 55.09633437458772700, 50.17237173830841400 ) ) ;
#1790 = EDGE_LOOP ( 'NONE', ( #2366 ) ) ;
#1791 = CARTESIAN_POINT ( 'NONE',  ( -11.53238257227836300, 74.10480486834143200, 0.7037404655431979100 ) ) ;
#1792 = FACE_OUTER_BOUND ( 'NONE', #67, .T. ) ;
#1793 = CARTESIAN_POINT ( 'NONE',  ( 8.702779110760058500, 67.14023115077866100, 62.45599921915630400 ) ) ;
#1794 = DIRECTION ( 'NONE',  ( 3.283722682628555400E-017, -0.8440335833995871200, -0.5362903225806450200 ) ) ;
#1795 = CARTESIAN_POINT ( 'NONE',  ( -16.19999999999999900, -90.62422413460980400, -28.50000000000000000 ) ) ;
#1796 = CARTESIAN_POINT ( 'NONE',  ( 36.03537658257982200, 42.10163708083550900, 5.805883886480659200 ) ) ;
#1797 = AXIS2_PLACEMENT_3D ( 'NONE', #222, #559, #2806 ) ;
#1798 = DIRECTION ( 'NONE',  ( 0.0000000000000000000, 0.0000000000000000000, 1.000000000000000000 ) ) ;
#1799 = DIRECTION ( 'NONE',  ( 0.0000000000000000000, 0.0000000000000000000, -1.000000000000000000 ) ) ;
#1800 = CIRCLE ( 'NONE', #156, 28.50000000000000000 ) ;
#1801 = DIRECTION ( 'NONE',  ( 0.0000000000000000000, 0.0000000000000000000, 1.000000000000000000 ) ) ;
#1802 = CARTESIAN_POINT ( 'NONE',  ( 10.24384537767813600, 61.40277328635506400, 67.98519514773310800 ) ) ;
#1803 = CARTESIAN_POINT ( 'NONE',  ( 32.39563229080088300, 42.39444163475715800, -3.011292231535890100 ) ) ;
#1804 = VECTOR ( 'NONE', #1697, 1000.000000000000000 ) ;
#1805 = CARTESIAN_POINT ( 'NONE',  ( 30.93449440399145800, -26.76033063533956700, -45.22793803246406000 ) ) ;
#1806 = FACE_OUTER_BOUND ( 'NONE', #2982, .T. ) ;
#1807 = DIRECTION ( 'NONE',  ( -1.000000000000000000, 0.0000000000000000000, -6.123031769111888800E-017 ) ) ;
#1808 = CYLINDRICAL_SURFACE ( 'NONE', #775, 52.54999999999999700 ) ;
#1809 = PLANE ( 'NONE',  #1416 ) ;
#1810 = CARTESIAN_POINT ( 'NONE',  ( 40.18199509904092500, 52.22786850783015900, -5.810121285729720400 ) ) ;
#1811 = VECTOR ( 'NONE', #3003, 1000.000000000000000 ) ;
#1812 = CARTESIAN_POINT ( 'NONE',  ( -11.87432782389849700, 74.05402867423066500, 0.1197675121004046500 ) ) ;
#1813 = VERTEX_POINT ( 'NONE', #899 ) ;
#1814 = CARTESIAN_POINT ( 'NONE',  ( 11.31149609938351700, -37.78390202988768500, -63.79216469122445000 ) ) ;
#1815 = VERTEX_POINT ( 'NONE', #892 ) ;
#1816 = CARTESIAN_POINT ( 'NONE',  ( -10.23559933217236700, 64.92295743460201200, -0.4409920676093533300 ) ) ;
#1817 = CARTESIAN_POINT ( 'NONE',  ( 49.60000000000000100, 0.0000000000000000000, 42.50000000000000000 ) ) ;
#1818 = EDGE_LOOP ( 'NONE', ( #705, #37, #345, #1049, #2015 ) ) ;
#1819 = CC_DESIGN_APPROVAL ( #1661, ( #1496 ) ) ;
#1820 = CARTESIAN_POINT ( 'NONE',  ( 44.02152982308867000, 52.52168741202123700, 1.760003982985532300 ) ) ;
#1821 = DIRECTION ( 'NONE',  ( 0.4999999999999999400, 0.7499999999999998900, -0.4330127018922194600 ) ) ;
#1822 = CARTESIAN_POINT ( 'NONE',  ( 39.33205080756889100, 50.03750000000000100, 3.000000000000000000 ) ) ;
#1823 = ORIENTED_EDGE ( 'NONE', *, *, #349, .F. ) ;
#1824 = EDGE_CURVE ( 'NONE', #1883, #1883, #449, .T. ) ;
#1825 = VECTOR ( 'NONE', #2057, 1000.000000000000000 ) ;
#1826 = CARTESIAN_POINT ( 'NONE',  ( -25.00000000000000000, 0.0000000000000000000, -28.50000000000000000 ) ) ;
#1827 = CARTESIAN_POINT ( 'NONE',  ( 10.83884731045745100, -64.69958686299145300, 36.35239137418093900 ) ) ;
#1828 = AXIS2_PLACEMENT_3D ( 'NONE', #2890, #373, #2987 ) ;
#1829 = CARTESIAN_POINT ( 'NONE',  ( 44.18232618978009200, -27.25328480532630900, -44.93251734765873800 ) ) ;
#1830 = CARTESIAN_POINT ( 'NONE',  ( 10.12931827653103600, -37.03185082603798200, -64.42865900854683000 ) ) ;
#1831 = ORIENTED_EDGE ( 'NONE', *, *, #124, .F. ) ;
#1832 = CARTESIAN_POINT ( 'NONE',  ( -36.00000000000000000, 50.94758064516129500, 80.18319042296080600 ) ) ;
#1833 = CARTESIAN_POINT ( 'NONE',  ( 43.59977887954600100, -20.90772386314298400, -37.00365683430299400 ) ) ;
#1834 = EDGE_CURVE ( 'E1173', #2782, #2362, #992, .T. ) ;
#1835 = VERTEX_POINT ( 'NONE', #1832 ) ;
#1836 = CARTESIAN_POINT ( 'NONE',  ( 13.16362870986797200, 67.81783915034205300, 61.33731708246228500 ) ) ;
#1837 = CARTESIAN_POINT ( 'NONE',  ( -14.57955422393440900, -88.56337163691068800, -28.50000000000000400 ) ) ;
#1838 = CARTESIAN_POINT ( 'NONE',  ( -11.11366399477379100, -17.64738029745604600, -62.47994571010765000 ) ) ;
#1839 = CARTESIAN_POINT ( 'NONE',  ( 40.22789101090511800, -31.13925551946335800, -42.33045602705689000 ) ) ;
#1840 = CARTESIAN_POINT ( 'NONE',  ( -25.00000000000000000, -85.50000000000000000, 0.0000000000000000000 ) ) ;
#1841 = FACE_OUTER_BOUND ( 'NONE', #2730, .T. ) ;
#1842 = CARTESIAN_POINT ( 'NONE',  ( -14.00000000000000000, -88.52972206631490300, -28.50000000000000000 ) ) ;
#1843 = DIRECTION ( 'NONE',  ( 0.06162841671621927000, 0.7044160264027586900, 0.7071067811865476800 ) ) ;
#1844 = CIRCLE ( 'NONE', #1758, 28.50000000000000000 ) ;
#1845 = CIRCLE ( 'NONE', #2480, 5.323399999999999500 ) ;
#1846 = DATE_AND_TIME ( #2285, #724 ) ;
#1847 = CARTESIAN_POINT ( 'NONE',  ( 44.28185139647542500, 52.55056777573879100, -0.3420964109364040300 ) ) ;
#1848 = DIRECTION ( 'NONE',  ( 0.0000000000000000000, 0.0000000000000000000, 1.000000000000000000 ) ) ;
#1849 = FACE_BOUND ( 'NONE', #2708, .T. ) ;
#1850 = TOROIDAL_SURFACE ( 'NONE', #1546, 58.73718433538230200, 8.750000000000000000 ) ;
#1851 = DIRECTION ( 'NONE',  ( 0.0000000000000000000, 0.0000000000000000000, -1.000000000000000000 ) ) ;
#1852 = DIRECTION ( 'NONE',  ( 0.0000000000000000000, 1.000000000000000000, 0.0000000000000000000 ) ) ;
#1853 = AXIS2_PLACEMENT_3D ( 'NONE', #2717, #50, #2952 ) ;
#1854 = CARTESIAN_POINT ( 'NONE',  ( 8.426646711141915000, 62.43072992337219100, 67.18509598612449500 ) ) ;
#1855 = FACE_OUTER_BOUND ( 'NONE', #1550, .T. ) ;
#1856 = DIRECTION ( 'NONE',  ( -1.000000000000000000, 0.0000000000000000000, 0.0000000000000000000 ) ) ;
#1857 = FACE_OUTER_BOUND ( 'NONE', #294, .T. ) ;
#1858 = CARTESIAN_POINT ( 'NONE',  ( 37.60000000000000100, -30.88519963450608300, -42.84793496887229500 ) ) ;
#1859 = CARTESIAN_POINT ( 'NONE',  ( -11.44157223451654900, -16.06449326350364300, -62.90554535624122700 ) ) ;
#1860 = BREP_WITH_VOIDS ( 'NONE', #2572, ( #2292, #1674 ) );
#1861 = CARTESIAN_POINT ( 'NONE',  ( -14.00000000000000000, 0.0000000000000000000, -28.50000000000000000 ) ) ;
#1862 = CARTESIAN_POINT ( 'NONE',  ( -10.11903165730628600, -19.18404368833801900, -71.79547915208287600 ) ) ;
#1863 = EDGE_CURVE ( 'E198', #2345, #1835, #2977, .T. ) ;
#1864 = ORIENTED_EDGE ( 'NONE', *, *, #504, .T. ) ;
#1865 = CARTESIAN_POINT ( 'NONE',  ( -11.76435672717254700, -17.22935630769666200, -62.59659872633774600 ) ) ;
#1866 = ORIENTED_EDGE ( 'NONE', *, *, #841, .F. ) ;
#1867 = AXIS2_PLACEMENT_3D ( 'NONE', #501, #2649, #1079 ) ;
#1868 = DIRECTION ( 'NONE',  ( 0.0000000000000000000, -0.8660254037844387100, 0.4999999999999998900 ) ) ;
#1869 = DIRECTION ( 'NONE',  ( -1.000000000000000000, 0.0000000000000000000, 0.0000000000000000000 ) ) ;
#1870 = CARTESIAN_POINT ( 'NONE',  ( -10.12500000000000000, 64.92436867076460800, 0.0000000000000000000 ) ) ;
#1871 = CARTESIAN_POINT ( 'NONE',  ( 7.695883173649074900, 63.23240494838744000, 66.48975311952149500 ) ) ;
#1872 = PLANE ( 'NONE',  #2445 ) ;
#1873 = EDGE_CURVE ( 'E576', #2687, #2434, #2098, .T. ) ;
#1874 = ORIENTED_EDGE ( 'NONE', *, *, #1873, .T. ) ;
#1875 = FACE_OUTER_BOUND ( 'NONE', #1904, .T. ) ;
#1876 = CARTESIAN_POINT ( 'NONE',  ( -11.85226177953273600, -17.02479690155322300, -62.65254329510161600 ) ) ;
#1877 = PERSON_AND_ORGANIZATION ( #2449, #1956 ) ;
#1878 = CARTESIAN_POINT ( 'NONE',  ( 8.642218358325306900, 62.24494303415746500, 67.34080565807295200 ) ) ;
#1879 = LINE ( 'NONE', #462, #2192 ) ;
#1880 = CARTESIAN_POINT ( 'NONE',  ( 32.28031949043624800, 52.41209664388472300, -3.808000168153881800 ) ) ;
#1881 = VECTOR ( 'NONE', #2227, 1000.000000000000000 ) ;
#1882 = DIRECTION ( 'NONE',  ( -1.000000000000000000, 0.0000000000000000000, -5.442694905877229800E-017 ) ) ;
#1883 = VERTEX_POINT ( 'NONE', #1635 ) ;
#1884 = CARTESIAN_POINT ( 'NONE',  ( -10.21251460018636300, -19.61542283356134000, -71.66556523762976400 ) ) ;
#1885 = ADVANCED_FACE ( 'E360', ( #1929 ), #711, .T. ) ;
#1886 = EDGE_LOOP ( 'NONE', ( #348 ) ) ;
#1887 = B_SPLINE_CURVE_WITH_KNOTS ( 'NONE', 3,
 ( #324, #1878, #1126, #1894, #609, #1802, #2025, #137, #2488, #370, #1254, #1277, #215, #1771, #2656, #237, #2659, #540, #1530, #84, #736, #261, #1214, #2387, #1747, #2671, #842, #2012, #2734, #145, #366, #1056, #1165, #2854, #281, #529, #2928, #8, #1434, #1036, #1987, #1836, #109, #2327, #846, #2272, #776, #79, #2867, #863, #2573, #1793, #2604, #754, #2917, #2862, #3008, #1624, #445, #2083, #533, #1089, #2899, #2996, #396, #2318, #1871, #436, #2367, #1854 ),
 .UNSPECIFIED., .T., .F.,
 ( 4, 2, 2, 2, 2, 2, 2, 2, 2, 2, 2, 2, 2, 2, 2, 2, 2, 2, 2, 2, 2, 2, 2, 2, 2, 2, 2, 2, 2, 2, 2, 2, 2, 2, 4 ),
 ( 0.0000000000000000000, 0.0009625710743061998200, 0.001925142148612399600, 0.002887713222918599900, 0.003850284297224799300, 0.004812855371530999100, 0.005775426445837199800, 0.006737997520143398700, 0.007700568594449598600, 0.008663139668755790600, 0.009625710743061980900, 0.01010699628021509100, 0.01058828181736819700, 0.01155085289167444300, 0.01251342396598069000, 0.01347599504028693600, 0.01443856611459318200, 0.01540113718889943000, 0.01636370826320568800, 0.01732627933751193900, 0.01828885041181819600, 0.01925142148612444700, 0.02021399256043070200, 0.02117656363473695600, 0.02213913470904321100, 0.02310170578334946500, 0.02406427685765572000, 0.02454556239480884900, 0.02502684793196197800, 0.02598941900626825300, 0.02695199008057453500, 0.02791456115488081000, 0.02887713222918708900, 0.02983970330349336800, 0.03080227437779964700 ),
 .UNSPECIFIED. ) ;
#1888 = CARTESIAN_POINT ( 'NONE',  ( 11.69939516055470800, -55.95523705904496100, 32.92706499110973800 ) ) ;
#1889 = CARTESIAN_POINT ( 'NONE',  ( 31.32510923217882800, 52.50598711809582400, -2.159194047748353100 ) ) ;
#1890 = CARTESIAN_POINT ( 'NONE',  ( 37.59999999999999400, 42.07433897282286500, 6.000000000000000000 ) ) ;
#1891 = ORIENTED_EDGE ( 'NONE', *, *, #2010, .F. ) ;
#1892 = EDGE_CURVE ( 'E952', #2643, #2563, #2176, .T. ) ;
#1893 = CARTESIAN_POINT ( 'NONE',  ( 7.309165658224590500, 50.97736724557803000, 54.52493977638145100 ) ) ;
#1894 = CARTESIAN_POINT ( 'NONE',  ( 9.390132960481938800, 61.77042658673348500, 67.71794928215193500 ) ) ;
#1895 = VERTEX_POINT ( 'NONE', #1622 ) ;
#1896 = CARTESIAN_POINT ( 'NONE',  ( 15.44824379125987500, 52.31136839594793700, 51.47774347758498000 ) ) ;
#1897 = DIRECTION ( 'NONE',  ( 0.0000000000000000000, 0.8660254037844387100, -0.4999999999999998900 ) ) ;
#1898 = CARTESIAN_POINT ( 'NONE',  ( -16.02031328121286100, 89.75032934392677900, -28.50000000000000700 ) ) ;
#1899 = VERTEX_POINT ( 'NONE', #1795 ) ;
#1900 = B_SPLINE_CURVE_WITH_KNOTS ( 'NONE', 3,
 ( #1953, #1657, #74, #2569, #2250, #1812, #1012, #2695, #2566, #1791, #2153, #3014, #1931, #220, #2910, #672, #1362, #1527, #146, #2447, #20, #744, #2729, #1984, #1948, #2774, #2526, #2578, #740, #1734, #1721, #1379 ),
 .UNSPECIFIED., .T., .F.,
 ( 4, 2, 2, 2, 2, 2, 2, 2, 2, 2, 2, 2, 2, 2, 2, 4 ),
 ( 0.0000000000000000000, 0.0003438218657920947200, 0.0006876437315841894300, 0.001031465597376284100, 0.001375287463168378900, 0.001719109328960473600, 0.002062931194752568300, 0.002406753060544663200, 0.002750574926336757700, 0.003094396792128852200, 0.003438218657920947200, 0.003782040523713042100, 0.004125862389505136600, 0.004469684255297231100, 0.004813506121089326400, 0.005501149852673515400 ),
 .UNSPECIFIED. ) ;
#1901 = B_SPLINE_CURVE_WITH_KNOTS ( 'NONE', 3,
 ( #854, #1563, #2715, #1357, #630, #2281, #2969, #158, #2268, #864, #1500, #1712, #240, #1195, #2125, #12, #2425, #1226, #414, #887, #2530, #2989, #180, #1839, #422, #895, #1706, #1307, #812, #2253, #2157, #1937, #1028, #2413, #825, #1283, #2182, #2358, #871, #1829, #309, #591, #2199, #1769, #1557, #2913, #2513, #905, #2655, #385, #187, #45, #1476, #1059, #1325, #3030, #2262, #346, #1727, #2008, #1265, #2078, #2768, #1408, #2951, #2492, #955, #923, #1994, #670, #1316, #753, #304, #2470, #1068, #2517, #2164, #766, #3021, #96, #1532, #1239, #1805, #2523 ),
 .UNSPECIFIED., .T., .F.,
 ( 4, 2, 2, 2, 2, 2, 2, 2, 2, 2, 2, 2, 2, 2, 2, 2, 2, 2, 2, 2, 2, 2, 2, 2, 2, 2, 2, 2, 2, 2, 2, 2, 2, 2, 2, 2, 2, 2, 2, 2, 2, 4 ),
 ( 0.0000000000000000000, 0.001269990021750231500, 0.002539980043500463100, 0.003809970065250694400, 0.004444965076125810000, 0.005079960087000926100, 0.005714955097876042200, 0.006349950108751158300, 0.007619940130501393900, 0.008889930152251627000, 0.01015992017400186300, 0.01142991019575209700, 0.01269990021750233400, 0.01333489522837745000, 0.01396989023925256600, 0.01523988026100281600, 0.01587487527187793000, 0.01650987028275304600, 0.01714486529362816200, 0.01777986030450327800, 0.01904985032625350300, 0.02031984034800372900, 0.02158983036975395400, 0.02285982039150418300, 0.02412981041325441100, 0.02539980043500463700, 0.02603479544587973900, 0.02666979045675484100, 0.02793978047850504500, 0.02920977050025525300, 0.02984476551113035600, 0.03047976052200545100, 0.03174975054375565900, 0.03238474555463075700, 0.03301974056550586300, 0.03428973058725607500, 0.03555972060900627900, 0.03682971063075649000, 0.03746470564163158900, 0.03809970065250669500, 0.03936969067425691300, 0.04063968069600713100 ),
 .UNSPECIFIED. ) ;
#1902 = ADVANCED_FACE ( 'E824', ( #590, #2138 ), #1951, .F. ) ;
#1903 = CARTESIAN_POINT ( 'NONE',  ( -14.00000000000000000, -124.0000000000000000, 0.0000000000000000000 ) ) ;
#1904 = EDGE_LOOP ( 'NONE', ( #828 ) ) ;
#1905 = EDGE_LOOP ( 'NONE', ( #2941 ) ) ;
#1906 = CARTESIAN_POINT ( 'NONE',  ( -10.77026256103517300, -17.62515005824606700, -62.48623558306199000 ) ) ;
#1907 = ORIENTED_EDGE ( 'NONE', *, *, #2226, .T. ) ;
#1908 = DIRECTION ( 'NONE',  ( 1.000000000000000000, 0.0000000000000000000, 6.123031769111888800E-017 ) ) ;
#1909 = DIRECTION ( 'NONE',  ( 0.0000000000000000000, 0.0000000000000000000, 1.000000000000000000 ) ) ;
#1910 = ORIENTED_EDGE ( 'NONE', *, *, #1524, .F. ) ;
#1911 = FACE_OUTER_BOUND ( 'NONE', #891, .T. ) ;
#1912 = CARTESIAN_POINT ( 'NONE',  ( 35.86794919243114800, -28.87307621135330000, -44.00963496887224800 ) ) ;
#1913 = CARTESIAN_POINT ( 'NONE',  ( 10.48681637406403900, -36.50828085873399700, -64.66981766277572800 ) ) ;
#1914 = ADVANCED_FACE ( 'E1199', ( #1564 ), #2736, .T. ) ;
#1915 = ORIENTED_EDGE ( 'NONE', *, *, #394, .T. ) ;
#1916 = FACE_OUTER_BOUND ( 'NONE', #1765, .T. ) ;
#1917 = CARTESIAN_POINT ( 'NONE',  ( -17.50000000000000000, 0.0000000000000000000, 0.0000000000000000000 ) ) ;
#1918 = FACE_OUTER_BOUND ( 'NONE', #1585, .T. ) ;
#1919 = CARTESIAN_POINT ( 'NONE',  ( 51.60000000000000100, 50.54999999999999700, 0.0000000000000000000 ) ) ;
#1920 = VECTOR ( 'NONE', #1114, 1000.000000000000000 ) ;
#1921 = VECTOR ( 'NONE', #2592, 1000.000000000000000 ) ;
#1922 = VERTEX_POINT ( 'NONE', #387 ) ;
#1923 = AXIS2_PLACEMENT_3D ( 'NONE', #1388, #2314, #3022 ) ;
#1924 = CARTESIAN_POINT ( 'NONE',  ( -11.62050663813597900, 74.09172173030539500, -0.6169250457139710000 ) ) ;
#1925 = ORIENTED_EDGE ( 'NONE', *, *, #1066, .F. ) ;
#1926 = PLANE ( 'NONE',  #2450 ) ;
#1927 = EDGE_CURVE ( 'NONE', #1813, #1813, #2568, .T. ) ;
#1928 = EDGE_CURVE ( 'E1126', #2782, #1194, #189, .T. ) ;
#1929 = FACE_OUTER_BOUND ( 'NONE', #619, .T. ) ;
#1930 = ADVANCED_FACE ( 'E1343', ( #209, #847 ), #2393, .T. ) ;
#1931 = CARTESIAN_POINT ( 'NONE',  ( -11.11004174243431200, 74.16747094382014900, 0.8756054534651154200 ) ) ;
#1932 = EDGE_CURVE ( 'E1236', #1037, #490, #1991, .T. ) ;
#1933 = EDGE_LOOP ( 'NONE', ( #275 ) ) ;
#1934 = CARTESIAN_POINT ( 'NONE',  ( 27.00000000000000000, 50.94758064516129500, -80.18319042296080600 ) ) ;
#1935 = CARTESIAN_POINT ( 'NONE',  ( 11.46280211150416100, -36.40686048593303800, -64.56127298772172200 ) ) ;
#1936 = ORIENTED_EDGE ( 'NONE', *, *, #2532, .F. ) ;
#1937 = CARTESIAN_POINT ( 'NONE',  ( 43.05463190475036600, -29.35965530724042700, -43.58372336767670400 ) ) ;
#1938 = CARTESIAN_POINT ( 'NONE',  ( -16.14315309461583300, 90.11381214964477200, -28.50000000000000700 ) ) ;
#1939 = CARTESIAN_POINT ( 'NONE',  ( 42.32544920062274200, 52.36089537773181500, -4.464838486235912300 ) ) ;
#1940 = EDGE_CURVE ( 'NONE', #1445, #1445, #263, .T. ) ;
#1941 = LINE ( 'NONE', #2632, #127 ) ;
#1942 = DIRECTION ( 'NONE',  ( -1.000000000000000000, 0.0000000000000000000, 0.0000000000000000000 ) ) ;
#1943 = DIRECTION ( 'NONE',  ( 0.0000000000000000000, -0.2588190451025210700, -0.9659258262890682000 ) ) ;
#1944 = VERTEX_POINT ( 'NONE', #107 ) ;
#1945 = CARTESIAN_POINT ( 'NONE',  ( 10.85856229617297200, -37.85663191902232000, -63.82773858966535100 ) ) ;
#1946 = ADVANCED_FACE ( 'E951', ( #208 ), #1471, .T. ) ;
#1947 = ORIENTED_EDGE ( 'NONE', *, *, #1892, .T. ) ;
#1948 = CARTESIAN_POINT ( 'NONE',  ( -10.30369469316179700, 74.28696547988529600, -0.5423283968781864600 ) ) ;
#1949 = DIRECTION ( 'NONE',  ( 0.0000000000000000000, 0.4999999999999998900, 0.8660254037844387100 ) ) ;
#1950 = FACE_OUTER_BOUND ( 'NONE', #2896, .T. ) ;
#1951 = CYLINDRICAL_SURFACE ( 'NONE', #873, 12.50000000000001100 ) ;
#1952 = ORIENTED_EDGE ( 'NONE', *, *, #25, .T. ) ;
#1953 = CARTESIAN_POINT ( 'NONE',  ( -11.62050663813598400, 74.09172173030536600, -0.6169250457139708900 ) ) ;
#1954 = ORIENTED_EDGE ( 'NONE', *, *, #1927, .T. ) ;
#1955 = AXIS2_PLACEMENT_3D ( 'NONE', #1291, #1483, #201 ) ;
#1956 = ORGANIZATION ( 'UNSPECIFIED', 'UNSPECIFIED', '' ) ;
#1957 = ADVANCED_FACE ( 'E1384', ( #822 ), #1681, .F. ) ;
#1958 = CARTESIAN_POINT ( 'NONE',  ( 10.29988573756340900, -32.92650518853390900, -55.95556779505943700 ) ) ;
#1959 = VERTEX_POINT ( 'NONE', #2650 ) ;
#1960 = ORIENTED_EDGE ( 'NONE', *, *, #970, .F. ) ;
#1961 = CARTESIAN_POINT ( 'NONE',  ( 35.86794919243114800, -23.67692378864665100, -47.00963496887229800 ) ) ;
#1962 = AXIS2_PLACEMENT_3D ( 'NONE', #1391, #2709, #2249 ) ;
#1963 = DIRECTION ( 'NONE',  ( -2.392977482741230400E-016, 0.0000000000000000000, 1.000000000000000000 ) ) ;
#1964 = ORIENTED_EDGE ( 'NONE', *, *, #2895, .T. ) ;
#1965 = DIRECTION ( 'NONE',  ( 0.0000000000000000000, 0.0000000000000000000, 1.000000000000000000 ) ) ;
#1966 = EDGE_CURVE ( 'E319', #2377, #59, #857, .T. ) ;
#1967 = DIRECTION ( 'NONE',  ( 0.0000000000000000000, -1.000000000000000000, 0.0000000000000000000 ) ) ;
#1968 = CARTESIAN_POINT ( 'NONE',  ( 11.77992176672244500, -56.45381518140015900, 32.06503491152449200 ) ) ;
#1969 = CARTESIAN_POINT ( 'NONE',  ( 43.06885362629952100, 42.42820759247387500, -2.475950893590770400 ) ) ;
#1970 = ADVANCED_FACE ( 'E139', ( #108 ), #489, .F. ) ;
#1971 = CARTESIAN_POINT ( 'NONE',  ( -11.53871997146574400, 64.92065731313297800, 0.6988728852291193900 ) ) ;
#1972 = CARTESIAN_POINT ( 'NONE',  ( 43.59977887954600800, 42.49996878299955900, 0.3952084163595438500 ) ) ;
#1973 = CARTESIAN_POINT ( 'NONE',  ( 34.43151281310536400, -25.51241655497474500, -33.99086255433340400 ) ) ;
#1974 = ORIENTED_EDGE ( 'NONE', *, *, #2418, .F. ) ;
#1975 = CARTESIAN_POINT ( 'NONE',  ( 11.64060122880986000, -36.51874626809603800, -64.46619941118818500 ) ) ;
#1976 = AXIS2_PLACEMENT_3D ( 'NONE', #957, #7, #768 ) ;
#1977 = ORIENTED_EDGE ( 'NONE', *, *, #1503, .F. ) ;
#1978 = LOCAL_TIME ( 9, 11, 28.00000000000000000, #1426 ) ;
#1979 = CARTESIAN_POINT ( 'NONE',  ( 11.44041455656771500, -56.60464331023315800, 31.79764030159418900 ) ) ;
#1980 = EDGE_LOOP ( 'NONE', ( #1915 ) ) ;
#1981 = VERTEX_POINT ( 'NONE', #1858 ) ;
#1982 = EDGE_CURVE ( 'NONE', #1630, #1630, #1442, .T. ) ;
#1983 = CARTESIAN_POINT ( 'NONE',  ( -25.00000000000000000, 0.0000000000000000000, 0.0000000000000000000 ) ) ;
#1984 = CARTESIAN_POINT ( 'NONE',  ( -10.23853148821849900, 74.29661315404250400, -0.4461555945888411300 ) ) ;
#1985 = ORIENTED_EDGE ( 'NONE', *, *, #1189, .F. ) ;
#1986 = ADVANCED_FACE ( 'E224', ( #2637 ), #2218, .T. ) ;
#1987 = CARTESIAN_POINT ( 'NONE',  ( 13.78467452093085700, 67.68103363345296900, 61.43509128384290800 ) ) ;
#1988 = DIRECTION ( 'NONE',  ( -6.123031769111888800E-017, 1.000000000000000000, 0.0000000000000000000 ) ) ;
#1989 = CIRCLE ( 'NONE', #1717, 82.50000000000000000 ) ;
#1990 = CARTESIAN_POINT ( 'NONE',  ( -15.50201028675426200, -89.01976565422681600, -28.50000000000000700 ) ) ;
#1991 = LINE ( 'NONE', #620, #1677 ) ;
#1992 = CARTESIAN_POINT ( 'NONE',  ( 37.60000000000000100, -20.74054757729336600, -47.92368218067170500 ) ) ;
#1993 = LINE ( 'NONE', #1216, #814 ) ;
#1994 = CARTESIAN_POINT ( 'NONE',  ( 34.39876018275299400, -21.34127180635849200, -48.02148877634665100 ) ) ;
#1995 = CYLINDRICAL_SURFACE ( 'NONE', #1828, 95.00000000000000000 ) ;
#1996 = DIRECTION ( 'NONE',  ( -1.000000000000000000, 0.0000000000000000000, 0.0000000000000000000 ) ) ;
#1997 = DIRECTION ( 'NONE',  ( 1.000000000000000000, 0.0000000000000000000, 0.0000000000000000000 ) ) ;
#1998 = EDGE_LOOP ( 'NONE', ( #623 ) ) ;
#1999 = AXIS2_PLACEMENT_3D ( 'NONE', #2303, #2054, #1851 ) ;
#2000 = EDGE_LOOP ( 'NONE', ( #684 ) ) ;
#2001 = DIRECTION ( 'NONE',  ( -0.5000000000000001100, 0.7500000000000001100, -0.4330127018922190800 ) ) ;
#2002 = CARTESIAN_POINT ( 'NONE',  ( -34.10000000000000100, 0.0000000000000000000, 0.0000000000000000000 ) ) ;
#2003 = CARTESIAN_POINT ( 'NONE',  ( -14.00000000000000000, 124.0000000000000000, 0.0000000000000000000 ) ) ;
#2004 = FACE_OUTER_BOUND ( 'NONE', #553, .T. ) ;
#2005 = CARTESIAN_POINT ( 'NONE',  ( 30.92972909820574000, 52.54928666060889200, 0.3473394449437025000 ) ) ;
#2006 = DIRECTION ( 'NONE',  ( -1.000000000000000000, -0.0000000000000000000, -1.224606353822375800E-016 ) ) ;
#2007 = VERTEX_POINT ( 'NONE', #2832 ) ;
#2008 = CARTESIAN_POINT ( 'NONE',  ( 37.67643349191106900, -20.62897567029230900, -48.33164530801536100 ) ) ;
#2009 = AXIS2_PLACEMENT_3D ( 'NONE', #1679, #310, #1206 ) ;
#2010 = EDGE_CURVE ( 'NONE', #1215, #1215, #2091, .T. ) ;
#2011 = EDGE_LOOP ( 'NONE', ( #2454 ) ) ;
#2012 = CARTESIAN_POINT ( 'NONE',  ( 17.14740270004195500, 64.34408260888731900, 64.64982779806763300 ) ) ;
#2013 = CARTESIAN_POINT ( 'NONE',  ( 42.37199787438520100, -24.33965043823035800, -34.84160674439873200 ) ) ;
#2014 = CARTESIAN_POINT ( 'NONE',  ( 11.53793038736511500, -33.06610309942738000, -55.87318667375898000 ) ) ;
#2015 = ORIENTED_EDGE ( 'NONE', *, *, #1781, .F. ) ;
#2016 = CIRCLE ( 'NONE', #306, 72.49226072907410400 ) ;
#2017 = CARTESIAN_POINT ( 'NONE',  ( 42.12370751947603500, 42.31591366830506500, -3.961377866924085600 ) ) ;
#2018 = AXIS2_PLACEMENT_3D ( 'NONE', #2489, #1943, #810 ) ;
#2019 = SPHERICAL_SURFACE ( 'NONE', #1117, 75.00000000000000000 ) ;
#2020 = APPROVAL_PERSON_ORGANIZATION ( #2085, #1661, #765 ) ;
#2021 = DIRECTION ( 'NONE',  ( -1.000000000000000000, 0.0000000000000000000, 0.0000000000000000000 ) ) ;
#2022 = CARTESIAN_POINT ( 'NONE',  ( 11.53737524818254600, -56.57289463492567400, 31.85416387541604200 ) ) ;
#2023 = CARTESIAN_POINT ( 'NONE',  ( 11.83229016519897300, -63.99118481191681700, 37.28456287597867200 ) ) ;
#2024 = PLANE ( 'NONE',  #313 ) ;
#2025 = CARTESIAN_POINT ( 'NONE',  ( 10.54297314772154200, 61.30778294443169300, 68.04761289890169000 ) ) ;
#2026 = ORIENTED_EDGE ( 'NONE', *, *, #635, .T. ) ;
#2027 = DIRECTION ( 'NONE',  ( 0.0000000000000000000, 0.0000000000000000000, -1.000000000000000000 ) ) ;
#2028 = CARTESIAN_POINT ( 'NONE',  ( 10.34867287767865600, 55.45663508687273700, 49.42217351966734600 ) ) ;
#2029 = EDGE_LOOP ( 'NONE', ( #545 ) ) ;
#2030 = CARTESIAN_POINT ( 'NONE',  ( 37.60000000000000100, -21.25000000000000000, -36.80607966083864800 ) ) ;
#2031 = PERSON_AND_ORGANIZATION_ROLE ( 'creator' ) ;
#2032 = CARTESIAN_POINT ( 'NONE',  ( -15.83278140088357100, -89.41235971249645300, -28.49999999999999600 ) ) ;
#2033 = AXIS2_PLACEMENT_3D ( 'NONE', #2476, #2751, #2149 ) ;
#2034 = CARTESIAN_POINT ( 'NONE',  ( -10.88549864829709100, 64.91847053931215300, 0.8751172193882986700 ) ) ;
#2035 = DIRECTION ( 'NONE',  ( -2.449212707644755000E-016, 0.0000000000000000000, 1.000000000000000000 ) ) ;
#2036 = FACE_OUTER_BOUND ( 'NONE', #770, .T. ) ;
#2037 = DIRECTION ( 'NONE',  ( 0.0000000000000000000, 0.0000000000000000000, 1.000000000000000000 ) ) ;
#2038 = EDGE_CURVE ( 'NONE', #816, #816, #2542, .T. ) ;
#2039 = VECTOR ( 'NONE', #2990, 1000.000000000000000 ) ;
#2040 = CARTESIAN_POINT ( 'NONE',  ( 17.25000000000000000, 0.0000000000000000000, 0.0000000000000000000 ) ) ;
#2041 = DIRECTION ( 'NONE',  ( 0.0000000000000000000, 0.0000000000000000000, -1.000000000000000000 ) ) ;
#2042 = EDGE_CURVE ( 'NONE', #1922, #1922, #138, .T. ) ;
#2043 = ORIENTED_EDGE ( 'NONE', *, *, #2588, .T. ) ;
#2044 = CARTESIAN_POINT ( 'NONE',  ( 42.79859646595462400, -18.59712991342983200, -38.21553110628458000 ) ) ;
#2045 = CARTESIAN_POINT ( 'NONE',  ( 31.59965796317846900, 42.50004828753338900, 0.3914429912820186500 ) ) ;
#2046 = ORIENTED_EDGE ( 'NONE', *, *, #1266, .T. ) ;
#2047 = DIRECTION ( 'NONE',  ( -1.000000000000000000, 0.0000000000000000000, 0.0000000000000000000 ) ) ;
#2048 = CONICAL_SURFACE ( 'NONE', #1055, 4.458749999999998400, 0.7853981633974433900 ) ;
#2049 = CARTESIAN_POINT ( 'NONE',  ( 6.657740803967661800, 52.40842960082621000, 53.23642844452282200 ) ) ;
#2050 = CARTESIAN_POINT ( 'NONE',  ( 42.36762870291050800, 42.34303777781054400, 3.664054659733194900 ) ) ;
#2051 = EDGE_LOOP ( 'NONE', ( #530 ) ) ;
#2052 = VERTEX_POINT ( 'NONE', #991 ) ;
#2053 = CARTESIAN_POINT ( 'NONE',  ( -34.10000000000000100, 0.0000000000000000000, 0.0000000000000000000 ) ) ;
#2054 = DIRECTION ( 'NONE',  ( 1.000000000000000000, 0.0000000000000000000, 6.123031769111888800E-017 ) ) ;
#2055 = ORIENTED_EDGE ( 'NONE', *, *, #1680, .F. ) ;
#2056 = VERTEX_POINT ( 'NONE', #423 ) ;
#2057 = DIRECTION ( 'NONE',  ( -1.000000000000000000, -2.775557561562890400E-016, 1.602468905319635000E-016 ) ) ;
#2058 = EDGE_CURVE ( 'E382', #2007, #278, #1327, .T. ) ;
#2059 = PERSON_AND_ORGANIZATION_ROLE ( 'design_supplier' ) ;
#2060 = AXIS2_PLACEMENT_3D ( 'NONE', #1643, #250, #1190 ) ;
#2061 = EDGE_LOOP ( 'NONE', ( #267 ) ) ;
#2062 = VECTOR ( 'NONE', #1067, 1000.000000000000100 ) ;
#2063 = CARTESIAN_POINT ( 'NONE',  ( 11.05465318432955800, -63.78681745860037500, 37.86937195079286800 ) ) ;
#2064 = CIRCLE ( 'NONE', #1649, 72.49226072907410400 ) ;
#2065 = CARTESIAN_POINT ( 'NONE',  ( -11.70011426243658400, 64.92219578797085000, -0.5374060535807898600 ) ) ;
#2066 = ORIENTED_EDGE ( 'NONE', *, *, #140, .F. ) ;
#2067 = CARTESIAN_POINT ( 'NONE',  ( 27.00000000000000000, -139.2842741935483800, 24.05495712688824700 ) ) ;
#2068 = ORIENTED_EDGE ( 'NONE', *, *, #3012, .F. ) ;
#2069 = CARTESIAN_POINT ( 'NONE',  ( -36.00000000000000000, -139.2842741935483800, 24.05495712688820100 ) ) ;
#2070 = CARTESIAN_POINT ( 'NONE',  ( -14.58076695711550600, 88.57686772245340000, 28.50000000000000700 ) ) ;
#2071 = CARTESIAN_POINT ( 'NONE',  ( 40.77516623261009000, 42.19366663674086500, -5.094748482282873200 ) ) ;
#2072 = FACE_OUTER_BOUND ( 'NONE', #1818, .T. ) ;
#2073 = AXIS2_PLACEMENT_3D ( 'NONE', #224, #1495, #734 ) ;
#2074 = DIRECTION ( 'NONE',  ( 1.000000000000000000, 0.0000000000000000000, 0.0000000000000000000 ) ) ;
#2075 = CARTESIAN_POINT ( 'NONE',  ( -14.21575012485651300, 88.54276166833885500, -28.50000000000000000 ) ) ;
#2076 = ORIENTED_EDGE ( 'NONE', *, *, #2443, .F. ) ;
#2077 = CARTESIAN_POINT ( 'NONE',  ( 37.60000000000000100, -21.25000000000000000, -36.80607966083864800 ) ) ;
#2078 = CARTESIAN_POINT ( 'NONE',  ( 37.04000161623281400, -20.64916493256901800, -48.32302348634897300 ) ) ;
#2079 = CYLINDRICAL_SURFACE ( 'NONE', #1102, 82.50000000000000000 ) ;
#2080 = CARTESIAN_POINT ( 'NONE',  ( 37.60000000000000100, -21.25000000000000000, -36.80607966083864800 ) ) ;
#2081 = EDGE_CURVE ( 'NONE', #520, #520, #898, .T. ) ;
#2082 = FACE_OUTER_BOUND ( 'NONE', #2150, .T. ) ;
#2083 = CARTESIAN_POINT ( 'NONE',  ( 7.302349282468010300, 65.48507812982519700, 64.30475292005242200 ) ) ;
#2084 = ORIENTED_EDGE ( 'NONE', *, *, #522, .T. ) ;
#2085 = PERSON_AND_ORGANIZATION ( #2449, #1956 ) ;
#2086 = FACE_OUTER_BOUND ( 'NONE', #958, .T. ) ;
#2087 = CARTESIAN_POINT ( 'NONE',  ( 10.14784012200499000, -56.34037498891807200, 32.26370852735683300 ) ) ;
#2088 = CARTESIAN_POINT ( 'NONE',  ( -16.19999999999999900, 90.62422413460980400, -28.50000000000000000 ) ) ;
#2089 = AXIS2_PLACEMENT_3D ( 'NONE', #1616, #1174, #1678 ) ;
#2090 = ORIENTED_EDGE ( 'NONE', *, *, #2275, .T. ) ;
#2091 = CIRCLE ( 'NONE', #1083, 12.50000000000000000 ) ;
#2092 = LINE ( 'NONE', #1961, #2640 ) ;
#2093 = DIRECTION ( 'NONE',  ( 0.0000000000000000000, 0.0000000000000000000, -1.000000000000000000 ) ) ;
#2094 = CARTESIAN_POINT ( 'NONE',  ( 42.69749128076798400, -23.93689426567421200, -35.11839445234616600 ) ) ;
#2095 = AXIS2_PLACEMENT_3D ( 'NONE', #781, #165, #399 ) ;
#2096 = VERTEX_POINT ( 'NONE', #1822 ) ;
#2097 = CARTESIAN_POINT ( 'NONE',  ( -14.00000000000000000, 124.0000000000000000, -12.50000000000000000 ) ) ;
#2098 = LINE ( 'NONE', #1183, #990 ) ;
#2099 = CARTESIAN_POINT ( 'NONE',  ( 42.69749128076798400, 42.38186886869140600, -3.170761295602841500 ) ) ;
#2100 = DIRECTION ( 'NONE',  ( 1.000000000000000000, 0.0000000000000000000, 0.0000000000000000000 ) ) ;
#2101 = EDGE_CURVE ( 'E1215', #1696, #3009, #982, .T. ) ;
#2102 = CARTESIAN_POINT ( 'NONE',  ( 10.79873386507908400, -36.36275039953434200, -64.70047195497875200 ) ) ;
#2103 = ORIENTED_EDGE ( 'NONE', *, *, #2776, .T. ) ;
#2104 = CARTESIAN_POINT ( 'NONE',  ( 31.80247757180918500, -22.58523292089384100, -36.00267773709463600 ) ) ;
#2105 = AXIS2_PLACEMENT_3D ( 'NONE', #2216, #1600, #2305 ) ;
#2106 = EDGE_LOOP ( 'NONE', ( #2748 ) ) ;
#2107 = CARTESIAN_POINT ( 'NONE',  ( 17.50000000000000000, 0.0000000000000000000, 2.143061119189159800E-015 ) ) ;
#2108 = CARTESIAN_POINT ( 'NONE',  ( 17.50000000000000000, 0.0000000000000000000, 52.54999999999999700 ) ) ;
#2109 = AXIS2_PLACEMENT_3D ( 'NONE', #2030, #1494, #64 ) ;
#2110 = DIRECTION ( 'NONE',  ( 7.304098846218135700E-017, 0.0000000000000000000, -1.000000000000000000 ) ) ;
#2111 = CARTESIAN_POINT ( 'NONE',  ( -32.09999999999999400, 0.0000000000000000000, 0.0000000000000000000 ) ) ;
#2112 = CC_DESIGN_PERSON_AND_ORGANIZATION_ASSIGNMENT ( #1051, #554, ( #1496 ) ) ;
#2113 = ORIENTED_EDGE ( 'NONE', *, *, #78, .T. ) ;
#2114 = CARTESIAN_POINT ( 'NONE',  ( -10.22007823327756000, 64.92295554340636000, 0.4577727840849339900 ) ) ;
#2115 = VERTEX_POINT ( 'NONE', #2556 ) ;
#2116 = CARTESIAN_POINT ( 'NONE',  ( -11.66788539740491300, -19.73172908642749900, -71.41101186283015100 ) ) ;
#2117 = ADVANCED_FACE ( 'E1178', ( #2234 ), #2902, .T. ) ;
#2118 = CARTESIAN_POINT ( 'NONE',  ( 27.00000000000000000, -139.2842741935483800, -24.05495712688820100 ) ) ;
#2119 = CIRCLE ( 'NONE', #2009, 42.50000000000000000 ) ;
#2120 = DIRECTION ( 'NONE',  ( -1.000000000000000000, 0.0000000000000000000, -6.123031769111888800E-017 ) ) ;
#2121 = B_SPLINE_CURVE_WITH_KNOTS ( 'NONE', 3,
 ( #993, #865, #749, #94, #1830, #1201, #2365, #113, #1913, #2322, #2102, #2901, #3032, #2700, #1935, #1975, #367, #2503, #2887, #2790, #2562, #2139, #1359, #1057, #1607, #1814, #1566, #303, #1945, #41, #265, #723 ),
 .UNSPECIFIED., .T., .F.,
 ( 4, 2, 2, 2, 2, 2, 2, 2, 2, 2, 2, 2, 2, 2, 2, 4 ),
 ( 0.0000000000000000000, 0.0003438344698721737800, 0.0006876689397443475500, 0.001031503409616521500, 0.001375337879488695100, 0.001719172349360868900, 0.002063006819233043000, 0.002406841289105216600, 0.002750675758977390200, 0.003094510228849564300, 0.003438344698721737900, 0.003782179168593911900, 0.004126013638466086000, 0.004469848108338259600, 0.004813682578210433200, 0.005501351517954764800 ),
 .UNSPECIFIED. ) ;
#2122 = CARTESIAN_POINT ( 'NONE',  ( -16.19999999999999900, -124.0000000000000000, 28.50000000000000000 ) ) ;
#2123 = CARTESIAN_POINT ( 'NONE',  ( 34.13589838486225100, -25.01875000000000100, -43.33374614186385500 ) ) ;
#2124 = LINE ( 'NONE', #1475, #1685 ) ;
#2125 = CARTESIAN_POINT ( 'NONE',  ( 34.65046760616628800, -31.01744173171638200, -42.41966435354670000 ) ) ;
#2126 = DIRECTION ( 'NONE',  ( 0.0000000000000000000, 0.0000000000000000000, 1.000000000000000000 ) ) ;
#2127 = CARTESIAN_POINT ( 'NONE',  ( -14.00000000000000000, 88.52972206631490300, -28.50000000000000000 ) ) ;
#2128 = CARTESIAN_POINT ( 'NONE',  ( 27.00000000000000000, -139.2842741935483800, 24.05495712688824700 ) ) ;
#2129 = CARTESIAN_POINT ( 'NONE',  ( 43.29449315399376300, -22.90085898538416100, -35.80409455748978300 ) ) ;
#2130 = ORIENTED_EDGE ( 'NONE', *, *, #1025, .T. ) ;
#2131 = LOCAL_TIME ( 9, 11, 28.00000000000000000, #2973 ) ;
#2132 = ADVANCED_FACE ( 'E639', ( #2851, #1486 ), #2316, .T. ) ;
#2133 = DIRECTION ( 'NONE',  ( 1.000000000000000000, 0.0000000000000000000, 1.224606353822375800E-016 ) ) ;
#2134 = EDGE_CURVE ( 'E967', #1815, #2563, #1132, .T. ) ;
#2135 = ORIENTED_EDGE ( 'NONE', *, *, #2624, .F. ) ;
#2136 = DIRECTION ( 'NONE',  ( 1.000000000000000000, -0.0000000000000000000, -0.0000000000000000000 ) ) ;
#2137 = DIRECTION ( 'NONE',  ( 0.0000000000000000000, 0.0000000000000000000, -1.000000000000000000 ) ) ;
#2138 = FACE_OUTER_BOUND ( 'NONE', #232, .T. ) ;
#2139 = CARTESIAN_POINT ( 'NONE',  ( 11.80463745070334600, -37.34604428240138000, -63.96043066695075700 ) ) ;
#2140 = DIRECTION ( 'NONE',  ( 1.000000000000000000, 5.551115123125780700E-016, -3.204937810639275000E-016 ) ) ;
#2141 = VECTOR ( 'NONE', #279, 1000.000000000000100 ) ;
#2142 = ORIENTED_EDGE ( 'NONE', *, *, #2661, .T. ) ;
#2143 = CARTESIAN_POINT ( 'NONE',  ( 10.14773822046725500, -56.11136797430828700, 32.66036244341881900 ) ) ;
#2144 = CARTESIAN_POINT ( 'NONE',  ( -16.19999999999999900, 139.2842741935483800, 24.05495712688824700 ) ) ;
#2145 = ADVANCED_FACE ( 'E848', ( #1780, #1246 ), #2079, .F. ) ;
#2146 = AXIS2_PLACEMENT_3D ( 'NONE', #835, #2006, #2929 ) ;
#2147 = ORIENTED_EDGE ( 'NONE', *, *, #1346, .T. ) ;
#2148 = DIRECTION ( 'NONE',  ( -1.217349807703022600E-016, 0.0000000000000000000, 1.000000000000000000 ) ) ;
#2149 = DIRECTION ( 'NONE',  ( 0.0000000000000000000, 0.0000000000000000000, 1.000000000000000000 ) ) ;
#2150 = EDGE_LOOP ( 'NONE', ( #2202 ) ) ;
#2151 = CARTESIAN_POINT ( 'NONE',  ( 10.46128002853426000, -31.85508698394194500, -56.57237490617173100 ) ) ;
#2152 = CIRCLE ( 'NONE', #466, 5.323400000000003000 ) ;
#2153 = CARTESIAN_POINT ( 'NONE',  ( -11.43519331463005500, 74.11923076824076900, 0.7676793976044129500 ) ) ;
#2154 = LINE ( 'NONE', #960, #2958 ) ;
#2155 = CARTESIAN_POINT ( 'NONE',  ( -14.58119057877359700, -88.56346172703904100, 28.50000000000000000 ) ) ;
#2156 = CYLINDRICAL_SURFACE ( 'NONE', #1610, 28.50000000000000000 ) ;
#2157 = CARTESIAN_POINT ( 'NONE',  ( 42.65381548586334800, -29.77363589057186400, -43.30293656619848300 ) ) ;
#2158 = EDGE_LOOP ( 'NONE', ( #1150, #2160, #2525, #2545, #1337, #2559 ) ) ;
#2159 = CARTESIAN_POINT ( 'NONE',  ( 33.63018221153336600, -17.21928399700362200, -38.85644715128184100 ) ) ;
#2160 = ORIENTED_EDGE ( 'NONE', *, *, #1559, .F. ) ;
#2161 = DIRECTION ( 'NONE',  ( 0.0000000000000000000, 0.0000000000000000000, -1.000000000000000000 ) ) ;
#2162 = EDGE_CURVE ( 'NONE', #447, #447, #1095, .T. ) ;
#2163 = ADVANCED_FACE ( 'E836', ( #2930, #2628 ), #2024, .F. ) ;
#2164 = CARTESIAN_POINT ( 'NONE',  ( 31.40399244627440500, -24.21121133192131900, -46.64074745266855600 ) ) ;
#2165 = CIRCLE ( 'NONE', #536, 28.50000000000000000 ) ;
#2166 = PLANE ( 'NONE',  #851 ) ;
#2167 = VERTEX_POINT ( 'NONE', #1395 ) ;
#2168 = CARTESIAN_POINT ( 'NONE',  ( 41.06410161513775100, -25.01875000000000100, -43.33374614186385500 ) ) ;
#2169 = AXIS2_PLACEMENT_3D ( 'NONE', #2437, #484, #296 ) ;
#2170 = CARTESIAN_POINT ( 'NONE',  ( 39.33205080756889100, -22.42067378864670200, -44.83374614186385500 ) ) ;
#2171 = ORIENTED_EDGE ( 'NONE', *, *, #2588, .F. ) ;
#2172 = CARTESIAN_POINT ( 'NONE',  ( 32.30712602035128400, 52.40970723956442600, 3.841063685947424300 ) ) ;
#2173 = CARTESIAN_POINT ( 'NONE',  ( -14.83363568899456400, 88.63056836330133600, -28.50000000000000000 ) ) ;
#2174 = APPLICATION_PROTOCOL_DEFINITION ( 'international standard', 'config_control_design', 1994, #1332 ) ;
#2175 = EDGE_CURVE ( 'NONE', #2320, #2320, #2339, .T. ) ;
#2176 = LINE ( 'NONE', #2498, #1825 ) ;
#2177 = CARTESIAN_POINT ( 'NONE',  ( 37.60000000000000100, 42.07433897282285100, 6.000000000000000000 ) ) ;
#2178 = ORIENTED_EDGE ( 'NONE', *, *, #2895, .F. ) ;
#2179 = DIRECTION ( 'NONE',  ( 0.0000000000000000000, -1.000000000000000000, 0.0000000000000000000 ) ) ;
#2180 = CARTESIAN_POINT ( 'NONE',  ( -16.19999999999999900, -90.62422413460980400, 28.50000000000000000 ) ) ;
#2181 = ADVANCED_FACE ( 'E1408', ( #833 ), #1553, .F. ) ;
#2182 = CARTESIAN_POINT ( 'NONE',  ( 43.79538817898708900, -28.28761278167421600, -44.28716142598674600 ) ) ;
#2183 = ORIENTED_EDGE ( 'NONE', *, *, #1966, .T. ) ;
#2184 = DIRECTION ( 'NONE',  ( 1.000000000000000000, 0.0000000000000000000, 6.123031769111888800E-017 ) ) ;
#2185 = ORIENTED_EDGE ( 'NONE', *, *, #1927, .F. ) ;
#2186 = CARTESIAN_POINT ( 'NONE',  ( -16.19999999999999900, 90.62422413460980400, 28.50000000000000000 ) ) ;
#2187 = ORIENTED_EDGE ( 'NONE', *, *, #408, .T. ) ;
#2188 = EDGE_CURVE ( 'E264', #2377, #2209, #1800, .T. ) ;
#2189 = FACE_OUTER_BOUND ( 'NONE', #640, .T. ) ;
#2190 = DIRECTION ( 'NONE',  ( 0.0000000000000000000, 0.0000000000000000000, -1.000000000000000000 ) ) ;
#2191 = ADVANCED_FACE ( 'E1320', ( #3018, #2486 ), #954, .T. ) ;
#2192 = VECTOR ( 'NONE', #1716, 1000.000000000000000 ) ;
#2193 = EDGE_CURVE ( 'E350', #1895, #2115, #2206, .T. ) ;
#2194 = FACE_BOUND ( 'NONE', #2970, .T. ) ;
#2195 = ORIENTED_EDGE ( 'NONE', *, *, #2058, .F. ) ;
#2196 = DIRECTION ( 'NONE',  ( 0.0000000000000000000, 0.0000000000000000000, 1.000000000000000000 ) ) ;
#2197 = DIRECTION ( 'NONE',  ( 6.409875621278545100E-016, -0.8660254037844387100, 0.4999999999999998900 ) ) ;
#2198 = FACE_OUTER_BOUND ( 'NONE', #2479, .T. ) ;
#2199 = CARTESIAN_POINT ( 'NONE',  ( 44.26514501819660600, -25.78847354584806700, -45.78899478011777500 ) ) ;
#2200 = CARTESIAN_POINT ( 'NONE',  ( 38.56951538356617000, 52.17890698681278400, 6.234155573575955100 ) ) ;
#2201 = CARTESIAN_POINT ( 'NONE',  ( -16.15391565570313000, -90.10998501035783200, 28.50000000000000400 ) ) ;
#2202 = ORIENTED_EDGE ( 'NONE', *, *, #329, .F. ) ;
#2203 = VERTEX_POINT ( 'NONE', #3011 ) ;
#2204 = EDGE_CURVE ( 'E1200', #1708, #3009, #1941, .T. ) ;
#2205 = CARTESIAN_POINT ( 'NONE',  ( -10.12499999999999800, 64.92436867076457900, 2.710505431213761100E-017 ) ) ;
#2206 = CIRCLE ( 'NONE', #2576, 95.00000000000000000 ) ;
#2207 = APPLICATION_CONTEXT ( 'configuration controlled 3d designs of mechanical parts and assemblies' ) ;
#2208 = CARTESIAN_POINT ( 'NONE',  ( -14.32362519336101900, 88.54928136831280500, 28.50000000000000000 ) ) ;
#2209 = VERTEX_POINT ( 'NONE', #344 ) ;
#2210 = AXIS2_PLACEMENT_3D ( 'NONE', #1374, #3010, #2823 ) ;
#2211 = ADVANCED_FACE ( 'E1317', ( #1024, #1525 ), #1755, .T. ) ;
#2212 = PRODUCT ( 'UCFL-217', 'UCFL-217', '', ( #940 ) ) ;
#2213 = EDGE_LOOP ( 'NONE', ( #1522 ) ) ;
#2214 = CARTESIAN_POINT ( 'NONE',  ( 11.88122053828677200, -64.15587394464171200, 36.98477639061696500 ) ) ;
#2215 = CARTESIAN_POINT ( 'NONE',  ( 10.72939503874542000, -64.69583729378048500, 36.39132752400254800 ) ) ;
#2216 = CARTESIAN_POINT ( 'NONE',  ( 27.00000000000000000, 0.0000000000000000000, 0.0000000000000000000 ) ) ;
#2217 = CARTESIAN_POINT ( 'NONE',  ( -16.19999999999999900, -139.2842741935483800, 24.05495712688820100 ) ) ;
#2218 = PLANE ( 'NONE',  #924 ) ;
#2219 = PERSON_AND_ORGANIZATION_ROLE ( 'classification_officer' ) ;
#2220 = CARTESIAN_POINT ( 'NONE',  ( 35.30232325063175800, -25.87691748492616000, -33.71427000909897500 ) ) ;
#2221 = ORIENTED_EDGE ( 'NONE', *, *, #2532, .T. ) ;
#2222 = CARTESIAN_POINT ( 'NONE',  ( 30.92694224717547500, 52.54959807040494000, -0.2950633234429391200 ) ) ;
#2223 = CARTESIAN_POINT ( 'NONE',  ( 11.76440066782763500, -56.00443439337646400, 32.84338905071812300 ) ) ;
#2224 = AXIS2_PLACEMENT_3D ( 'NONE', #669, #1869, #1798 ) ;
#2225 = ORIENTED_EDGE ( 'NONE', *, *, #1644, .F. ) ;
#2226 = EDGE_CURVE ( 'E1091', #1275, #2782, #2753, .T. ) ;
#2227 = DIRECTION ( 'NONE',  ( -1.000000000000000000, 0.0000000000000000000, -6.123031769111888800E-017 ) ) ;
#2228 = FACE_OUTER_BOUND ( 'NONE', #308, .T. ) ;
#2229 = CARTESIAN_POINT ( 'NONE',  ( 39.71750242512622700, -16.19881563736763800, -39.29190940803970000 ) ) ;
#2230 = FACE_OUTER_BOUND ( 'NONE', #739, .T. ) ;
#2231 = CARTESIAN_POINT ( 'NONE',  ( -16.19999999999999900, 139.2842741935483800, 24.05495712688824700 ) ) ;
#2232 = CARTESIAN_POINT ( 'NONE',  ( 40.95014268648034100, 52.26583577166380900, -5.460529712798771300 ) ) ;
#2233 = CARTESIAN_POINT ( 'NONE',  ( 39.78293836952478600, 52.21163489610075500, -5.954237121778188400 ) ) ;
#2234 = FACE_OUTER_BOUND ( 'NONE', #2975, .T. ) ;
#2235 = EDGE_CURVE ( 'NONE', #1123, #1123, #1233, .T. ) ;
#2236 = CIRCLE ( 'NONE', #274, 52.54999999999999700 ) ;
#2237 = DIRECTION ( 'NONE',  ( 1.000000000000000000, 0.0000000000000000000, 6.123031769111888800E-017 ) ) ;
#2238 = FACE_OUTER_BOUND ( 'NONE', #1253, .T. ) ;
#2239 = CARTESIAN_POINT ( 'NONE',  ( 15.22113422559041700, 52.93791626637540300, 50.90165868866370900 ) ) ;
#2240 = DIRECTION ( 'NONE',  ( 7.304098846218135700E-017, 0.0000000000000000000, -1.000000000000000000 ) ) ;
#2241 = EDGE_LOOP ( 'NONE', ( #1954 ) ) ;
#2242 = VERTEX_POINT ( 'NONE', #1237 ) ;
#2243 = CARTESIAN_POINT ( 'NONE',  ( 32.44594648060678600, 52.39736515333960700, 4.005363959318541900 ) ) ;
#2244 = UNCERTAINTY_MEASURE_WITH_UNIT (LENGTH_MEASURE( 1.000000000000000100E-005 ), #2646, 'distance_accuracy_value', 'NONE');
#2245 = ORIENTED_EDGE ( 'NONE', *, *, #2260, .F. ) ;
#2246 = DIRECTION ( 'NONE',  ( 1.000000000000000000, 0.0000000000000000000, 6.409875621278550000E-016 ) ) ;
#2247 = CARTESIAN_POINT ( 'NONE',  ( -15.75755999537897800, 89.30902800112414800, -28.50000000000000400 ) ) ;
#2248 = ORIENTED_EDGE ( 'NONE', *, *, #2042, .T. ) ;
#2249 = DIRECTION ( 'NONE',  ( 0.0000000000000000000, 0.8660254037844387100, -0.4999999999999998900 ) ) ;
#2250 = CARTESIAN_POINT ( 'NONE',  ( -11.87564342420276700, 74.05383325444464000, -0.1097360207418823100 ) ) ;
#2251 = VECTOR ( 'NONE', #1726, 1000.000000000000000 ) ;
#2252 = CARTESIAN_POINT ( 'NONE',  ( 11.87499999999999600, -32.26193341397810600, -56.34176751692687200 ) ) ;
#2253 = CARTESIAN_POINT ( 'NONE',  ( 42.35769395777822400, -30.02163337200922300, -43.13094152632047700 ) ) ;
#2254 = DIRECTION ( 'NONE',  ( -1.000000000000000000, 0.0000000000000000000, 0.0000000000000000000 ) ) ;
#2255 = EDGE_LOOP ( 'NONE', ( #2248 ) ) ;
#2256 = CARTESIAN_POINT ( 'NONE',  ( 10.09664899499708400, -64.33348196472040600, 37.20637482094795000 ) ) ;
#2257 = CARTESIAN_POINT ( 'NONE',  ( -11.53668902534979100, 64.92063909929632400, -0.7006640685531818600 ) ) ;
#2258 = CLOSED_SHELL ( 'NONE', ( #1659, #2594, #974, #798, #315, #761, #249, #2181 ) ) ;
#2259 = CARTESIAN_POINT ( 'NONE',  ( -15.96476086258191000, -89.63384475850847400, -28.50000000000000400 ) ) ;
#2260 = EDGE_CURVE ( 'NONE', #2308, #2308, #2064, .T. ) ;
#2261 = ORIENTED_EDGE ( 'NONE', *, *, #2976, .T. ) ;
#2262 = CARTESIAN_POINT ( 'NONE',  ( 39.56694233342928900, -20.87818249637966500, -48.22460994306772600 ) ) ;
#2263 = DIRECTION ( 'NONE',  ( 0.0000000000000000000, -1.000000000000000000, 0.0000000000000000000 ) ) ;
#2264 = VERTEX_POINT ( 'NONE', #2540 ) ;
#2265 = CARTESIAN_POINT ( 'NONE',  ( 31.91388154920611000, 42.45678679233225900, 1.925343683606726400 ) ) ;
#2266 = CARTESIAN_POINT ( 'NONE',  ( -34.10000000000000100, 0.0000000000000000000, 0.0000000000000000000 ) ) ;
#2267 = FACE_BOUND ( 'NONE', #870, .T. ) ;
#2268 = CARTESIAN_POINT ( 'NONE',  ( 33.05450154726672500, -30.16982757365287400, -43.02676252780312200 ) ) ;
#2269 = DIRECTION ( 'NONE',  ( 0.0000000000000000000, -1.000000000000000000, 0.0000000000000000000 ) ) ;
#2270 = AXIS2_PLACEMENT_3D ( 'NONE', #1694, #2577, #1137 ) ;
#2271 = FACE_BOUND ( 'NONE', #1729, .T. ) ;
#2272 = CARTESIAN_POINT ( 'NONE',  ( 11.24821151619580200, 67.90691148318299500, 61.40306970694385300 ) ) ;
#2273 = DIRECTION ( 'NONE',  ( 0.0000000000000000000, 0.0000000000000000000, -1.000000000000000000 ) ) ;
#2274 = ORIENTED_EDGE ( 'NONE', *, *, #85, .F. ) ;
#2275 = EDGE_CURVE ( 'E1119', #1194, #1696, #1993, .T. ) ;
#2276 = VECTOR ( 'NONE', #526, 999.9999999999998900 ) ;
#2277 = CC_DESIGN_PERSON_AND_ORGANIZATION_ASSIGNMENT ( #838, #2059, ( #1496 ) ) ;
#2278 = CARTESIAN_POINT ( 'NONE',  ( 44.12500911165596300, 52.53308664003986900, 1.349373124324781700 ) ) ;
#2279 = VECTOR ( 'NONE', #1821, 1000.000000000000100 ) ;
#2280 = CARTESIAN_POINT ( 'NONE',  ( 11.44031265100641000, -33.12217458512100200, -55.83992391354397700 ) ) ;
#2281 = CARTESIAN_POINT ( 'NONE',  ( 32.17506045740711300, -29.40742851671280500, -43.55262254602188000 ) ) ;
#2282 = ORIENTED_EDGE ( 'NONE', *, *, #1966, .F. ) ;
#2283 = DIRECTION ( 'NONE',  ( 0.8660254037844387100, 0.0000000000000000000, -0.4999999999999998900 ) ) ;
#2284 = CARTESIAN_POINT ( 'NONE',  ( 17.50000000000000000, 0.0000000000000000000, 0.0000000000000000000 ) ) ;
#2285 = CALENDAR_DATE ( 2019, 8, 3 ) ;
#2286 = CARTESIAN_POINT ( 'NONE',  ( -36.00000000000000000, 124.0000000000000000, 0.0000000000000000000 ) ) ;
#2287 = ORIENTED_EDGE ( 'NONE', *, *, #162, .T. ) ;
#2288 = CARTESIAN_POINT ( 'NONE',  ( 43.60021922606412700, 42.50003094955721400, -0.3884656162107526000 ) ) ;
#2289 = DIRECTION ( 'NONE',  ( 0.0000000000000000000, -1.000000000000000000, 0.0000000000000000000 ) ) ;
#2290 = CARTESIAN_POINT ( 'NONE',  ( 39.33205080756889100, 50.03750000000000100, -3.000000000000000000 ) ) ;
#2291 = DIRECTION ( 'NONE',  ( 3.283722682628550400E-017, -0.8440335833995871200, -0.5362903225806450200 ) ) ;
#2292 = ORIENTED_CLOSED_SHELL ( 'NONE', *, #2427, .F. );
#2293 = CARTESIAN_POINT ( 'NONE',  ( 11.76440066782762800, -32.84338905071809500, -56.00443439337642100 ) ) ;
#2294 = CIRCLE ( 'NONE', #142, 85.50000000000000000 ) ;
#2295 = DIRECTION ( 'NONE',  ( -0.06162841671621949200, -0.7044160264027593500, 0.7071067811865468000 ) ) ;
#2296 = CARTESIAN_POINT ( 'NONE',  ( 41.06410161513775100, 52.54999999999999700, 2.121080424092025200E-016 ) ) ;
#2297 = CARTESIAN_POINT ( 'NONE',  ( 15.48606715424346800, 52.10302933969919100, 51.67728163193992700 ) ) ;
#2298 = CARTESIAN_POINT ( 'NONE',  ( -16.14348354318913400, -90.11515862315411600, -28.49999999999999600 ) ) ;
#2299 = EDGE_LOOP ( 'NONE', ( #1642 ) ) ;
#2300 = CARTESIAN_POINT ( 'NONE',  ( -15.28879467604887300, -88.87045262787184200, 28.50000000000000400 ) ) ;
#2301 = CARTESIAN_POINT ( 'NONE',  ( 33.93174769521333900, -16.99022553686661800, -38.95678642217872300 ) ) ;
#2302 = EDGE_LOOP ( 'NONE', ( #972 ) ) ;
#2303 = CARTESIAN_POINT ( 'NONE',  ( -36.00000000000000000, -124.0000000000000000, 0.0000000000000000000 ) ) ;
#2304 = CARTESIAN_POINT ( 'NONE',  ( 17.50000000000000000, 0.0000000000000000000, 72.92976072907410400 ) ) ;
#2305 = DIRECTION ( 'NONE',  ( 4.205390244792259600E-017, 0.0000000000000000000, -1.000000000000000000 ) ) ;
#2306 = FACE_BOUND ( 'NONE', #1998, .T. ) ;
#2307 = EDGE_LOOP ( 'NONE', ( #979, #2837, #2183, #3029 ) ) ;
#2308 = VERTEX_POINT ( 'NONE', #2679 ) ;
#2309 = DIRECTION ( 'NONE',  ( 0.0000000000000000000, 0.0000000000000000000, 1.000000000000000000 ) ) ;
#2310 = EDGE_LOOP ( 'NONE', ( #2678 ) ) ;
#2311 = CARTESIAN_POINT ( 'NONE',  ( 41.06410161513775100, 50.03750000000000100, 8.856942790711678800E-016 ) ) ;
#2312 = CIRCLE ( 'NONE', #1328, 44.50000000000000000 ) ;
#2313 = VERTEX_POINT ( 'NONE', #969 ) ;
#2314 = DIRECTION ( 'NONE',  ( -1.000000000000000000, -0.0000000000000000000, -0.0000000000000000000 ) ) ;
#2315 = AXIS2_PLACEMENT_3D ( 'NONE', #2311, #1775, #584 ) ;
#2316 = TOROIDAL_SURFACE ( 'NONE', #1750, 88.77598393497258700, 1.980000000000000000 ) ;
#2317 = FACE_OUTER_BOUND ( 'NONE', #2302, .T. ) ;
#2318 = CARTESIAN_POINT ( 'NONE',  ( 7.561251259593243300, 63.45140311265319600, 66.29162228196872800 ) ) ;
#2319 = LINE ( 'NONE', #952, #1134 ) ;
#2320 = VERTEX_POINT ( 'NONE', #867 ) ;
#2321 = CARTESIAN_POINT ( 'NONE',  ( 10.88371406119974700, -56.65848834436482700, 31.70156693040087600 ) ) ;
#2322 = CARTESIAN_POINT ( 'NONE',  ( 10.68776762661521600, -36.40030578761569300, -64.69777868820342800 ) ) ;
#2323 = DIRECTION ( 'NONE',  ( -1.000000000000000000, 0.0000000000000000000, 0.0000000000000000000 ) ) ;
#2324 = EDGE_LOOP ( 'NONE', ( #1122 ) ) ;
#2325 = DIRECTION ( 'NONE',  ( 0.0000000000000000000, 0.0000000000000000000, 1.000000000000000000 ) ) ;
#2326 = ORIENTED_EDGE ( 'NONE', *, *, #3, .F. ) ;
#2327 = CARTESIAN_POINT ( 'NONE',  ( 12.20934948028439100, 67.92316348432528600, 61.30258382641302000 ) ) ;
#2328 = CARTESIAN_POINT ( 'NONE',  ( 49.60000000000000100, 0.0000000000000000000, 0.0000000000000000000 ) ) ;
#2329 = ORIENTED_EDGE ( 'NONE', *, *, #2551, .T. ) ;
#2330 = EDGE_CURVE ( 'E1221', #3009, #490, #252, .T. ) ;
#2331 = CARTESIAN_POINT ( 'NONE',  ( 37.60000000000000100, -26.27499999999999900, -45.50963496887229800 ) ) ;
#2332 = FACE_OUTER_BOUND ( 'NONE', #719, .T. ) ;
#2333 = AXIS2_PLACEMENT_3D ( 'NONE', #1741, #758, #2110 ) ;
#2334 = PLANE ( 'NONE',  #1597 ) ;
#2335 = CARTESIAN_POINT ( 'NONE',  ( 36.23926920396475300, 42.09589112645237900, -5.847004016141324800 ) ) ;
#2336 = CARTESIAN_POINT ( 'NONE',  ( 37.99408897070676300, -26.23320279949053800, -33.43753984526356500 ) ) ;
#2337 = CARTESIAN_POINT ( 'NONE',  ( 41.25852360014039300, 42.23185096488537500, 4.771668124663071000 ) ) ;
#2338 = EDGE_CURVE ( 'E1137', #2096, #121, #735, .T. ) ;
#2339 = CIRCLE ( 'NONE', #476, 50.54999999999999700 ) ;
#2340 = CARTESIAN_POINT ( 'NONE',  ( 14.98231758956153000, 50.34969093724011900, 53.53058391836147900 ) ) ;
#2341 = CARTESIAN_POINT ( 'NONE',  ( 37.60000000000000100, -15.84101706370480400, -39.43744639790224900 ) ) ;
#2342 = EDGE_LOOP ( 'NONE', ( #912 ) ) ;
#2343 = DIRECTION ( 'NONE',  ( 1.000000000000000000, 0.0000000000000000000, 0.0000000000000000000 ) ) ;
#2344 = DIRECTION ( 'NONE',  ( 1.000000000000000000, 0.0000000000000000000, 0.0000000000000000000 ) ) ;
#2345 = VERTEX_POINT ( 'NONE', #598 ) ;
#2346 = FACE_BOUND ( 'NONE', #2826, .T. ) ;
#2347 = PLANE ( 'NONE',  #1777 ) ;
#2348 = AXIS2_PLACEMENT_3D ( 'NONE', #2796, #918, #1230 ) ;
#2349 = CARTESIAN_POINT ( 'NONE',  ( -16.19999999999999900, 124.0000000000000000, 28.50000000000000000 ) ) ;
#2350 = CIRCLE ( 'NONE', #542, 52.54999999999999700 ) ;
#2351 = PRODUCT_DEFINITION_SHAPE ( 'NONE', 'NONE',  #695 ) ;
#2352 = CARTESIAN_POINT ( 'NONE',  ( -17.50000000000000000, 0.0000000000000000000, 0.0000000000000000000 ) ) ;
#2353 = ORIENTED_EDGE ( 'NONE', *, *, #1834, .F. ) ;
#2354 = CARTESIAN_POINT ( 'NONE',  ( 32.14832393427071400, 52.42419107096641500, -3.638299240902274100 ) ) ;
#2355 = CARTESIAN_POINT ( 'NONE',  ( -15.28995488866765500, 88.87126744426669200, -28.50000000000000400 ) ) ;
#2356 = CALENDAR_DATE ( 2019, 8, 3 ) ;
#2357 = ADVANCED_FACE ( 'E1133', ( #2544, #1217 ), #1050, .T. ) ;
#2358 = CARTESIAN_POINT ( 'NONE',  ( 43.94860585247154500, -27.95308021860920200, -44.49906752224526900 ) ) ;
#2359 = DIRECTION ( 'NONE',  ( 0.0000000000000000000, 0.0000000000000000000, -1.000000000000000000 ) ) ;
#2360 = LINE ( 'NONE', #1743, #2062 ) ;
#2361 = EDGE_CURVE ( 'NONE', #2052, #2052, #2312, .T. ) ;
#2362 = VERTEX_POINT ( 'NONE', #32 ) ;
#2363 = CARTESIAN_POINT ( 'NONE',  ( 6.750796694604551900, 53.42792763215317800, 52.20122804170977600 ) ) ;
#2364 = CARTESIAN_POINT ( 'NONE',  ( 33.07801101340682200, -17.72593482052305100, -38.62794922498983400 ) ) ;
#2365 = CARTESIAN_POINT ( 'NONE',  ( 10.25135953270494000, -36.74283004437207700, -64.57466384166949100 ) ) ;
#2366 = ORIENTED_EDGE ( 'NONE', *, *, #2010, .T. ) ;
#2367 = CARTESIAN_POINT ( 'NONE',  ( 8.211075063958508800, 62.61651681258692300, 67.02938631417602300 ) ) ;
#2368 = CARTESIAN_POINT ( 'NONE',  ( 37.60000000000000100, 51.87339999999999700, 0.0000000000000000000 ) ) ;
#2369 = CARTESIAN_POINT ( 'NONE',  ( 35.86794919243114800, 52.54999999999999700, -3.000000000000000000 ) ) ;
#2370 = ADVANCED_FACE ( 'E318', ( #3007 ), #2166, .F. ) ;
#2371 = ORIENTED_EDGE ( 'NONE', *, *, #2330, .T. ) ;
#2372 = AXIS2_PLACEMENT_3D ( 'NONE', #1350, #271, #1060 ) ;
#2373 = CARTESIAN_POINT ( 'NONE',  ( 17.50000000000000000, 0.0000000000000000000, 0.0000000000000000000 ) ) ;
#2374 = CARTESIAN_POINT ( 'NONE',  ( 10.32418144416643100, -64.63241209097932900, 36.62124334625828900 ) ) ;
#2375 = CARTESIAN_POINT ( 'NONE',  ( -14.32362519336101900, -88.54928136831280500, -28.50000000000000000 ) ) ;
#2376 = AXIS2_PLACEMENT_3D ( 'NONE', #704, #861, #115 ) ;
#2377 = VERTEX_POINT ( 'NONE', #403 ) ;
#2378 = CARTESIAN_POINT ( 'NONE',  ( 41.56676159295408000, 42.26002369355973100, 4.518579777571990700 ) ) ;
#2379 = VERTEX_POINT ( 'NONE', #1484 ) ;
#2380 = CARTESIAN_POINT ( 'NONE',  ( 43.15082962252758800, -19.22513694409243000, -37.90437988784793800 ) ) ;
#2381 = VERTEX_POINT ( 'NONE', #1870 ) ;
#2382 = ORIENTED_EDGE ( 'NONE', *, *, #1151, .F. ) ;
#2383 = CARTESIAN_POINT ( 'NONE',  ( 43.44580296722132600, 42.47848811309138000, 1.365865077916695600 ) ) ;
#2384 = B_SPLINE_CURVE_WITH_KNOTS ( 'NONE', 3,
 ( #2186, #1323, #118, #862, #836, #15, #2765, #2401, #2431, #2070, #2966, #44 ),
 .UNSPECIFIED., .F., .F.,
 ( 4, 2, 2, 2, 2, 4 ),
 ( 0.01037283478397709400, 0.01113997813591358900, 0.01190712148785008300, 0.01267426483978658200, 0.01305783651575483300, 0.01344140819172308400 ),
 .UNSPECIFIED. ) ;
#2385 = FACE_BOUND ( 'NONE', #2714, .T. ) ;
#2386 = ADVANCED_FACE ( 'E1311', ( #662, #1091 ), #133, .F. ) ;
#2387 = CARTESIAN_POINT ( 'NONE',  ( 16.85349457045604300, 63.22990063137294200, 65.76278138788931900 ) ) ;
#2388 = VECTOR ( 'NONE', #1074, 1000.000000000000000 ) ;
#2389 = CARTESIAN_POINT ( 'NONE',  ( -11.22998892968801100, 64.91879331619487900, 0.8519710960163801000 ) ) ;
#2390 = CIRCLE ( 'NONE', #214, 82.50000000000000000 ) ;
#2391 = CARTESIAN_POINT ( 'NONE',  ( 37.60000000000000100, -26.77499999999999900, -46.37566037265670400 ) ) ;
#2392 = AXIS2_PLACEMENT_3D ( 'NONE', #2757, #2858, #1897 ) ;
#2393 = TOROIDAL_SURFACE ( 'NONE', #229, 72.49226072907410400, 1.750000000000000000 ) ;
#2394 = DIRECTION ( 'NONE',  ( 1.000000000000000000, 0.0000000000000000000, 0.0000000000000000000 ) ) ;
#2395 = DIRECTION ( 'NONE',  ( 1.000000000000000000, -0.0000000000000000000, -0.0000000000000000000 ) ) ;
#2396 = LINE ( 'NONE', #1533, #1386 ) ;
#2397 = VERTEX_POINT ( 'NONE', #377 ) ;
#2398 = DIRECTION ( 'NONE',  ( 0.0000000000000000000, 0.0000000000000000000, 1.000000000000000000 ) ) ;
#2399 = DIRECTION ( 'NONE',  ( 0.0000000000000000000, 0.8440335833995871200, 0.5362903225806450200 ) ) ;
#2400 = ORIENTED_EDGE ( 'NONE', *, *, #1363, .T. ) ;
#2401 = CARTESIAN_POINT ( 'NONE',  ( -14.94825242551800100, 88.68752858325969200, 28.50000000000000000 ) ) ;
#2402 = DIRECTION ( 'NONE',  ( 0.0000000000000000000, 0.0000000000000000000, -1.000000000000000000 ) ) ;
#2403 = ADVANCED_FACE ( 'E1329', ( #2849, #2086 ), #510, .T. ) ;
#2404 = CARTESIAN_POINT ( 'NONE',  ( 41.06410161513775100, -25.01875000000000100, -43.33374614186385500 ) ) ;
#2405 = ORIENTED_EDGE ( 'NONE', *, *, #1380, .F. ) ;
#2406 = ORIENTED_EDGE ( 'NONE', *, *, #613, .F. ) ;
#2407 = CARTESIAN_POINT ( 'NONE',  ( -14.10787506040195700, 88.53624190102107100, -28.50000000000000000 ) ) ;
#2408 = DIRECTION ( 'NONE',  ( 0.0000000000000000000, 0.0000000000000000000, 1.000000000000000000 ) ) ;
#2409 = AXIS2_PLACEMENT_3D ( 'NONE', #788, #764, #19 ) ;
#2410 = CARTESIAN_POINT ( 'NONE',  ( -11.22835817504330800, 64.91878732289332300, -0.8524190088036819300 ) ) ;
#2411 = ORIENTED_EDGE ( 'NONE', *, *, #162, .F. ) ;
#2412 = ADVANCED_FACE ( 'E1365', ( #1138, #1625 ), #282, .T. ) ;
#2413 = CARTESIAN_POINT ( 'NONE',  ( 43.41091126340154500, -28.91831100447138400, -43.87784767565620600 ) ) ;
#2414 = VERTEX_POINT ( 'NONE', #2108 ) ;
#2415 = CC_DESIGN_PERSON_AND_ORGANIZATION_ASSIGNMENT ( #1877, #2762, ( #2212 ) ) ;
#2416 = CARTESIAN_POINT ( 'NONE',  ( 31.91711062758022900, -22.90378379367524200, -35.80086923895422000 ) ) ;
#2417 = FACE_BOUND ( 'NONE', #866, .T. ) ;
#2418 = EDGE_CURVE ( 'E988', #2056, #557, #1879, .T. ) ;
#2419 = ORIENTED_EDGE ( 'NONE', *, *, #327, .T. ) ;
#2420 = EDGE_LOOP ( 'NONE', ( #498 ) ) ;
#2421 = CARTESIAN_POINT ( 'NONE',  ( 10.55976850435211200, -33.12229963850746400, -55.83984985920496100 ) ) ;
#2422 = CARTESIAN_POINT ( 'NONE',  ( -10.72609705606130400, -20.02085526984946600, -71.47817405725706400 ) ) ;
#2423 = FACE_OUTER_BOUND ( 'NONE', #903, .T. ) ;
#2424 = CARTESIAN_POINT ( 'NONE',  ( 0.0000000000000000000, 0.0000000000000000000, 0.0000000000000000000 ) ) ;
#2425 = CARTESIAN_POINT ( 'NONE',  ( 35.64094582985618600, -31.32624046328637100, -42.19215476633372900 ) ) ;
#2426 = FACE_BOUND ( 'NONE', #738, .T. ) ;
#2427 = CLOSED_SHELL ( 'NONE', ( #35, #2412, #552, #1480, #2898, #1242, #2614, #1957 ) ) ;
#2428 = ADVANCED_FACE ( 'E1308', ( #610, #2962 ), #24, .F. ) ;
#2429 = ORIENTED_EDGE ( 'NONE', *, *, #1481, .F. ) ;
#2430 = CARTESIAN_POINT ( 'NONE',  ( 10.88371406119974200, -31.70156693040087600, -56.65848834436481200 ) ) ;
#2431 = CARTESIAN_POINT ( 'NONE',  ( -14.82803715875493500, 88.64240535594250000, 28.50000000000000400 ) ) ;
#2432 = CARTESIAN_POINT ( 'NONE',  ( -36.00000000000000000, 0.0000000000000000000, 0.0000000000000000000 ) ) ;
#2433 = SECURITY_CLASSIFICATION ( '', '', #276 ) ;
#2434 = VERTEX_POINT ( 'NONE', #1632 ) ;
#2435 = CARTESIAN_POINT ( 'NONE',  ( -16.19999999999999900, -50.94758064516129500, -80.18319042296080600 ) ) ;
#2436 = PLANE ( 'NONE',  #1250 ) ;
#2437 = CARTESIAN_POINT ( 'NONE',  ( 27.00000000000000000, 0.0000000000000000000, 3.857510014540489900E-015 ) ) ;
#2438 = EDGE_LOOP ( 'NONE', ( #409 ) ) ;
#2439 = PLANE ( 'NONE',  #123 ) ;
#2440 = FACE_OUTER_BOUND ( 'NONE', #2011, .T. ) ;
#2441 = ADVANCED_FACE ( 'E6', ( #1778, #581, #1403 ), #333, .T. ) ;
#2442 = CARTESIAN_POINT ( 'NONE',  ( -16.19999999999999900, 149.8977118876569800, -28.50000000000000000 ) ) ;
#2443 = EDGE_CURVE ( 'E134', #1959, #922, #2165, .T. ) ;
#2444 = ORIENTED_EDGE ( 'NONE', *, *, #717, .F. ) ;
#2445 = AXIS2_PLACEMENT_3D ( 'NONE', #2508, #1111, #2190 ) ;
#2446 = CARTESIAN_POINT ( 'NONE',  ( 6.922551940559974200, 51.57494459553669900, 54.01101458047575200 ) ) ;
#2447 = CARTESIAN_POINT ( 'NONE',  ( -10.14714739774470500, 74.31014179535415600, 0.2266131431348563900 ) ) ;
#2448 = LINE ( 'NONE', #629, #1768 ) ;
#2449 = PERSON ( 'UNSPECIFIED', 'UNSPECIFIED', 'UNSPECIFIED', ('UNSPECIFIED'), ('UNSPECIFIED'), ('UNSPECIFIED') ) ;
#2450 = AXIS2_PLACEMENT_3D ( 'NONE', #2080, #1140, #2620 ) ;
#2451 = ORIENTED_EDGE ( 'NONE', *, *, #411, .T. ) ;
#2452 = CARTESIAN_POINT ( 'NONE',  ( 0.0000000000000000000, 0.0000000000000000000, 0.0000000000000000000 ) ) ;
#2453 = DIRECTION ( 'NONE',  ( -1.000000000000000000, 0.0000000000000000000, 0.0000000000000000000 ) ) ;
#2454 = ORIENTED_EDGE ( 'NONE', *, *, #2260, .T. ) ;
#2455 = DIRECTION ( 'NONE',  ( 1.000000000000000000, 0.0000000000000000000, 0.0000000000000000000 ) ) ;
#2456 = CARTESIAN_POINT ( 'NONE',  ( -10.46262475181748100, -16.12661699401165500, -62.88968427257938000 ) ) ;
#2457 = FACE_BOUND ( 'NONE', #1569, .T. ) ;
#2458 = FACE_BOUND ( 'NONE', #1617, .T. ) ;
#2459 = CARTESIAN_POINT ( 'NONE',  ( 41.06410161513775100, -26.27499999999999900, -45.50963496887229800 ) ) ;
#2460 = DIRECTION ( 'NONE',  ( 0.0000000000000000000, -1.000000000000000000, 0.0000000000000000000 ) ) ;
#2461 = ORIENTED_EDGE ( 'NONE', *, *, #411, .F. ) ;
#2462 = CARTESIAN_POINT ( 'NONE',  ( 37.05605233541400900, 52.17340006467670600, -6.280075795377907600 ) ) ;
#2463 = CARTESIAN_POINT ( 'NONE',  ( 9.513278576792030700, 55.38542172026798500, 49.66930043584713400 ) ) ;
#2464 = CARTESIAN_POINT ( 'NONE',  ( -11.30026101874454300, -20.01320890425761000, -71.39208369278578900 ) ) ;
#2465 = VERTEX_POINT ( 'NONE', #649 ) ;
#2466 = PERSON_AND_ORGANIZATION ( #2449, #1956 ) ;
#2467 = VECTOR ( 'NONE', #380, 1000.000000000000100 ) ;
#2468 = CARTESIAN_POINT ( 'NONE',  ( 41.26206408646886100, -25.24602259313718700, -34.18970910416425800 ) ) ;
#2469 = VERTEX_POINT ( 'NONE', #1700 ) ;
#2470 = CARTESIAN_POINT ( 'NONE',  ( 32.01320133531074000, -23.21334504226549500, -47.14607654853689000 ) ) ;
#2471 = ORIENTED_EDGE ( 'NONE', *, *, #1427, .T. ) ;
#2472 = AXIS2_PLACEMENT_3D ( 'NONE', #98, #1764, #371 ) ;
#2473 = DIRECTION ( 'NONE',  ( -1.000000000000000000, -2.775557561562890400E-016, 1.602468905319635000E-016 ) ) ;
#2474 = CARTESIAN_POINT ( 'NONE',  ( 42.64282566474035700, 52.38775459749476200, 4.129377268661440500 ) ) ;
#2475 = CARTESIAN_POINT ( 'NONE',  ( 25.02000000000000000, 0.0000000000000000000, 0.0000000000000000000 ) ) ;
#2476 = CARTESIAN_POINT ( 'NONE',  ( -14.22000000000000100, 0.0000000000000000000, 0.0000000000000000000 ) ) ;
#2477 = DIRECTION ( 'NONE',  ( 1.000000000000000000, 0.0000000000000000000, 0.0000000000000000000 ) ) ;
#2478 = CARTESIAN_POINT ( 'NONE',  ( 31.98080961734566000, -19.39431030880518100, -37.81724199985873000 ) ) ;
#2479 = EDGE_LOOP ( 'NONE', ( #458 ) ) ;
#2480 = AXIS2_PLACEMENT_3D ( 'NONE', #1218, #1131, #51 ) ;
#2481 = CARTESIAN_POINT ( 'NONE',  ( 9.249356275933561000, 49.56346970785043700, 55.52473855705102300 ) ) ;
#2482 = EDGE_CURVE ( 'E168', #1000, #2345, #2857, .T. ) ;
#2483 = CARTESIAN_POINT ( 'NONE',  ( 10.77164182495669200, -33.19761017773939900, -55.79510950010295300 ) ) ;
#2484 = CARTESIAN_POINT ( 'NONE',  ( -14.00000000000000000, 0.0000000000000000000, 0.0000000000000000000 ) ) ;
#2485 = CARTESIAN_POINT ( 'NONE',  ( 36.04660408630829200, 42.10258643912343500, -5.798751894190191400 ) ) ;
#2486 = FACE_BOUND ( 'NONE', #1409, .T. ) ;
#2487 = CARTESIAN_POINT ( 'NONE',  ( -10.55958544343228100, 64.91987922961591600, 0.7647573735361057300 ) ) ;
#2488 = CARTESIAN_POINT ( 'NONE',  ( 11.48407956568384900, 61.10632104762115100, 68.15583407291211400 ) ) ;
#2489 = CARTESIAN_POINT ( 'NONE',  ( -11.00000000000000000, 0.0000000000000000000, 0.0000000000000000000 ) ) ;
#2490 = AXIS2_PLACEMENT_3D ( 'NONE', #2997, #2283, #193 ) ;
#2491 = CIRCLE ( 'NONE', #2472, 28.50000000000000000 ) ;
#2492 = CARTESIAN_POINT ( 'NONE',  ( 35.17916494410033600, -21.02551530925650500, -48.16051009253489900 ) ) ;
#2493 = CARTESIAN_POINT ( 'NONE',  ( -36.00000000000000000, -124.0000000000000000, -7.592559393698740600E-015 ) ) ;
#2494 = FACE_OUTER_BOUND ( 'NONE', #1413, .T. ) ;
#2495 = B_SPLINE_CURVE_WITH_KNOTS ( 'NONE', 3,
 ( #1510, #2075, #2407, #1116 ),
 .UNSPECIFIED., .F., .F.,
 ( 4, 4 ),
 ( 0.1744710024810667600, 0.1747952181850283300 ),
 .UNSPECIFIED. ) ;
#2496 = CARTESIAN_POINT ( 'NONE',  ( 9.788735666679546200, 49.36240730745909400, 55.61131280314654600 ) ) ;
#2497 = FACE_BOUND ( 'NONE', #694, .T. ) ;
#2498 = CARTESIAN_POINT ( 'NONE',  ( 39.33205080756889100, -27.61682621135329900, -41.83374614186385500 ) ) ;
#2499 = CARTESIAN_POINT ( 'NONE',  ( 39.40571315583216000, 52.19877173295160600, 6.065841584149477100 ) ) ;
#2500 = DIRECTION ( 'NONE',  ( 0.0000000000000000000, -1.000000000000000000, 0.0000000000000000000 ) ) ;
#2501 = LINE ( 'NONE', #988, #443 ) ;
#2502 = FACE_OUTER_BOUND ( 'NONE', #2051, .T. ) ;
#2503 = CARTESIAN_POINT ( 'NONE',  ( 11.82413834984057200, -36.75752525842040800, -64.29686822391201400 ) ) ;
#2504 = APPROVAL_DATE_TIME ( #286, #1661 ) ;
#2505 = CARTESIAN_POINT ( 'NONE',  ( -14.10787506040195700, -88.53624190102107100, 28.50000000000000000 ) ) ;
#2506 = FACE_OUTER_BOUND ( 'NONE', #774, .T. ) ;
#2507 = PERSON_AND_ORGANIZATION ( #2449, #1956 ) ;
#2508 = CARTESIAN_POINT ( 'NONE',  ( -14.00000000000000000, 0.0000000000000000000, -28.50000000000000000 ) ) ;
#2509 = ORIENTED_EDGE ( 'NONE', *, *, #235, .T. ) ;
#2510 = CARTESIAN_POINT ( 'NONE',  ( 39.16186303230520600, -26.07929765552448100, -33.55780502447342400 ) ) ;
#2511 = DIRECTION ( 'NONE',  ( -1.000000000000000000, 0.0000000000000000000, -6.123031769111888800E-017 ) ) ;
#2512 = ORIENTED_EDGE ( 'NONE', *, *, #1705, .T. ) ;
#2513 = CARTESIAN_POINT ( 'NONE',  ( 43.49764294651033900, -23.65433021847000800, -46.92654095262109600 ) ) ;
#2514 = CARTESIAN_POINT ( 'NONE',  ( 39.33205080756889100, -22.42067378864670200, -44.83374614186385500 ) ) ;
#2515 = EDGE_CURVE ( 'E864', #1713, #292, #1175, .T. ) ;
#2516 = B_SPLINE_CURVE_WITH_KNOTS ( 'NONE', 3,
 ( #1890, #1248, #2598, #1656, #2565, #1023, #2871, #1572, #2820, #2337, #2378, #1749, #2050, #219, #1748, #2999, #852, #997, #464, #2383, #1549, #1972, #2288, #1003, #2925, #829, #1969, #1646, #901, #2099, #1783, #2017, #383, #2558, #2071, #896, #452, #783, #680, #627, #995, #2846, #335, #1221, #2335, #2485, #2605, #777, #2863, #831, #326, #13, #925, #2564, #416, #1803, #179, #2599, #2868, #681, #1005, #1113, #944, #2045, #639, #587, #1396, #2265, #311, #2772, #3006, #1284, #1308, #1181, #2956, #653, #730, #1675, #1796, #589, #876, #2518 ),
 .UNSPECIFIED., .T., .F.,
 ( 4, 2, 2, 2, 2, 2, 2, 2, 1, 2, 2, 2, 2, 2, 2, 2, 2, 2, 2, 2, 2, 2, 2, 2, 1, 2, 2, 2, 2, 2, 2, 2, 2, 2, 2, 2, 2, 2, 2, 2, 2, 4 ),
 ( 0.0000000000000000000, 0.001173743410582248000, 0.001760615115873371500, 0.002347486821164495100, 0.003521230231746761300, 0.004694973642329028400, 0.005868717052911296700, 0.006455588758202430500, 0.007042460463493563400, 0.007629332168784698000, 0.008216203874075830900, 0.009389947284658103600, 0.01056369069524037300, 0.01173743410582264700, 0.01232430581111377900, 0.01291117751640491100, 0.01408492092698716500, 0.01525866433756942000, 0.01584553604286053500, 0.01643240774815165100, 0.01760615115873390500, 0.01877989456931615500, 0.01995363797989840900, 0.02054050968518953200, 0.02112738139048065500, 0.02171425309577177900, 0.02230112480106290600, 0.02347486821164515600, 0.02464861162222740900, 0.02582235503280965900, 0.02640922673810078300, 0.02699609844339191000, 0.02816984185397416000, 0.02934358526455641300, 0.02993045696984754000, 0.03051732867513867000, 0.03169107208572093100, 0.03286481549630319900, 0.03403855890688545900, 0.03521230231746772700, 0.03638604572804999400, 0.03755978913863226200 ),
 .UNSPECIFIED. ) ;
#2517 = CARTESIAN_POINT ( 'NONE',  ( 31.49220527087292300, -24.03646496334160800, -46.73100329531203600 ) ) ;
#2518 = CARTESIAN_POINT ( 'NONE',  ( 37.59999999999999400, 42.07433897282286500, 6.000000000000000000 ) ) ;
#2519 = CARTESIAN_POINT ( 'NONE',  ( 41.56676159295408700, -17.21680697037588800, -38.85754397194101300 ) ) ;
#2520 = EDGE_CURVE ( 'NONE', #172, #172, #1845, .T. ) ;
#2521 = CARTESIAN_POINT ( 'NONE',  ( -17.50000000000000000, 0.0000000000000000000, 0.0000000000000000000 ) ) ;
#2522 = CARTESIAN_POINT ( 'NONE',  ( -10.12500000000000000, -16.80366310325129900, -62.71212445460440700 ) ) ;
#2523 = CARTESIAN_POINT ( 'NONE',  ( 31.00568733379030200, -27.12288160520170500, -45.00946337638581000 ) ) ;
#2524 = EDGE_CURVE ( 'E925', #1713, #682, #1736, .T. ) ;
#2525 = ORIENTED_EDGE ( 'NONE', *, *, #22, .F. ) ;
#2526 = CARTESIAN_POINT ( 'NONE',  ( -10.56499846651611200, 74.24826364578312600, -0.7677449119116767100 ) ) ;
#2527 = VERTEX_POINT ( 'NONE', #1992 ) ;
#2528 = CARTESIAN_POINT ( 'NONE',  ( 34.60196587040553600, -25.59452555409164600, -33.92902803489155200 ) ) ;
#2529 = VERTEX_POINT ( 'NONE', #1488 ) ;
#2530 = CARTESIAN_POINT ( 'NONE',  ( 38.16530003216354300, -31.53178903466485000, -42.03870055607135500 ) ) ;
#2531 = CARTESIAN_POINT ( 'NONE',  ( 32.39563229080089700, -23.80507638810739500, -35.20901731918849000 ) ) ;
#2532 = EDGE_CURVE ( 'E910', #2663, #682, #2710, .T. ) ;
#2533 = ORIENTED_EDGE ( 'NONE', *, *, #560, .T. ) ;
#2534 = ORIENTED_EDGE ( 'NONE', *, *, #2101, .F. ) ;
#2535 = EDGE_LOOP ( 'NONE', ( #1027 ) ) ;
#2536 = CARTESIAN_POINT ( 'NONE',  ( 44.29142197457858300, 52.55166171736470200, 0.08084762180861594600 ) ) ;
#2537 = ORIENTED_EDGE ( 'NONE', *, *, #2204, .F. ) ;
#2538 = VECTOR ( 'NONE', #1178, 1000.000000000000000 ) ;
#2539 = PLANE ( 'NONE',  #1962 ) ;
#2540 = CARTESIAN_POINT ( 'NONE',  ( 37.60000000000000100, 43.17660000000000100, 6.000000000000000000 ) ) ;
#2541 = CARTESIAN_POINT ( 'NONE',  ( 34.58759569723062600, -16.58362113885032600, -39.13160464458261600 ) ) ;
#2542 = B_SPLINE_CURVE_WITH_KNOTS ( 'NONE', 3,
 ( #691, #1200, #393, #2795, #973, #1405, #2229, #1188, #181, #1412, #2519, #2815, #1106, #1502, #2044, #844, #2380, #1272, #1341, #1312, #778, #1833, #2960, #131, #2802, #2129, #1048, #1161, #2979, #2094, #2013, #1492, #1479, #2468, #1241, #152, #1663, #2667, #2707, #2510, #230, #2336, #1196, #883, #199, #1707, #1212, #2220, #1784, #2528, #1973, #1714, #368, #2971, #2641, #2531, #894, #1555, #2416, #2104, #1136, #1415, #154, #1504, #212, #1641, #718, #433, #2478, #1695, #1593, #122, #2364, #2159, #2301, #2541, #1099, #188, #2919, #1464, #760, #2341 ),
 .UNSPECIFIED., .T., .F.,
 ( 4, 2, 2, 2, 2, 2, 2, 2, 1, 2, 2, 2, 2, 2, 2, 2, 2, 2, 2, 2, 2, 2, 2, 2, 1, 2, 2, 2, 2, 2, 2, 2, 2, 2, 2, 2, 2, 2, 2, 2, 2, 4 ),
 ( 0.0000000000000000000, 0.001173743410582229300, 0.001760615115873343100, 0.002347486821164456900, 0.003521230231746703600, 0.004694973642328950300, 0.005868717052911197800, 0.006455588758202324700, 0.007042460463493452300, 0.007629332168784579100, 0.008216203874075706000, 0.009389947284657959600, 0.01056369069524021500, 0.01173743410582246900, 0.01232430581111358700, 0.01291117751640470700, 0.01408492092698693100, 0.01525866433756915700, 0.01584553604286027100, 0.01643240774815139100, 0.01760615115873364500, 0.01877989456931589800, 0.01995363797989815200, 0.02054050968518928900, 0.02112738139048043000, 0.02171425309577157100, 0.02230112480106270400, 0.02347486821164497200, 0.02464861162222723200, 0.02582235503280949600, 0.02640922673810062700, 0.02699609844339175700, 0.02816984185397401400, 0.02934358526455626400, 0.02993045696984739800, 0.03051732867513852800, 0.03169107208572080600, 0.03286481549630308800, 0.03403855890688536900, 0.03521230231746765000, 0.03638604572804992500, 0.03755978913863220600 ),
 .UNSPECIFIED. ) ;
#2543 = CARTESIAN_POINT ( 'NONE',  ( -11.76506177998286000, 64.92296547138829500, 0.4396546725164973100 ) ) ;
#2544 = FACE_BOUND ( 'NONE', #2255, .T. ) ;
#2545 = ORIENTED_EDGE ( 'NONE', *, *, #78, .F. ) ;
#2546 = CARTESIAN_POINT ( 'NONE',  ( -16.19999999999999900, -90.49595680900596100, -28.49999999999999600 ) ) ;
#2547 = FACE_BOUND ( 'NONE', #2886, .T. ) ;
#2548 = CARTESIAN_POINT ( 'NONE',  ( 11.00000000000000000, 0.0000000000000000000, 0.0000000000000000000 ) ) ;
#2549 = CARTESIAN_POINT ( 'NONE',  ( 37.60000000000000100, -25.93669999999999800, -44.92368218067169700 ) ) ;
#2550 = ORIENTED_EDGE ( 'NONE', *, *, #989, .T. ) ;
#2551 = EDGE_CURVE ( 'E871', #1118, #1713, #225, .T. ) ;
#2552 = VECTOR ( 'NONE', #756, 1000.000000000000000 ) ;
#2553 = CARTESIAN_POINT ( 'NONE',  ( 6.657081447513574400, 53.03038913513214700, 52.61697455117219100 ) ) ;
#2554 = DIRECTION ( 'NONE',  ( -0.06162841671621949200, -0.7044160264027593500, 0.7071067811865468000 ) ) ;
#2555 = ORIENTED_EDGE ( 'NONE', *, *, #1863, .T. ) ;
#2556 = CARTESIAN_POINT ( 'NONE',  ( -36.00000000000000000, 50.94758064516129500, -80.18319042296080600 ) ) ;
#2557 = DIRECTION ( 'NONE',  ( 1.000000000000000000, 0.0000000000000000000, 0.0000000000000000000 ) ) ;
#2558 = CARTESIAN_POINT ( 'NONE',  ( 41.26206408646886100, 42.23216792877495600, -4.768842358090550300 ) ) ;
#2559 = ORIENTED_EDGE ( 'NONE', *, *, #1928, .F. ) ;
#2560 = DATE_AND_TIME ( #757, #1978 ) ;
#2561 = CARTESIAN_POINT ( 'NONE',  ( 10.50520776456474800, -63.94327230514625200, 37.76124571631922300 ) ) ;
#2562 = CARTESIAN_POINT ( 'NONE',  ( 11.87085916009575300, -37.15092009891790800, -64.06172818924288500 ) ) ;
#2563 = VERTEX_POINT ( 'NONE', #811 ) ;
#2564 = CARTESIAN_POINT ( 'NONE',  ( 33.08458268546142700, 42.31504628010974800, -3.970385289983460600 ) ) ;
#2565 = CARTESIAN_POINT ( 'NONE',  ( 39.15297409213445700, 42.10256787717756300, 5.798888798826274300 ) ) ;
#2566 = CARTESIAN_POINT ( 'NONE',  ( -11.69525014952648000, 74.08062511801247800, 0.5434234773103670000 ) ) ;
#2567 = AXIS2_PLACEMENT_3D ( 'NONE', #1917, #43, #487 ) ;
#2568 = CIRCLE ( 'NONE', #1356, 52.54999999999999700 ) ;
#2569 = CARTESIAN_POINT ( 'NONE',  ( -11.85334116826070500, 74.05714625402656300, -0.2251321320578314700 ) ) ;
#2570 = VERTEX_POINT ( 'NONE', #720 ) ;
#2571 = AXIS2_PLACEMENT_3D ( 'NONE', #661, #1205, #255 ) ;
#2572 = CLOSED_SHELL ( 'NONE', ( #2835, #1689, #2441, #731, #2821, #1970, #963, #1231, #1986, #2804, #2370, #1752, #1885, #780, #746, #1197, #521, #491, #2132, #564, #2654, #2848, #2866, #1735, #2668, #2580, #1020, #1902, #2627, #1276, #506, #2163, #95, #714, #76, #2145, #1, #1006, #1467, #2880, #1722, #49, #1946, #1452, #474, #1433, #987, #1261, #298, #1032, #2357, #266, #1419, #2117, #1914, #1213, #280, #336, #946, #2428, #2386, #16, #2211, #2191, #1704, #537, #2403, #1515, #62, #2639, #1930, #700, #1498, #231, #1180, #1676 ) ) ;
#2573 = CARTESIAN_POINT ( 'NONE',  ( 9.200535991574645000, 67.40111239512764000, 62.13212959681793300 ) ) ;
#2574 = EDGE_LOOP ( 'NONE', ( #2683 ) ) ;
#2575 = COORDINATED_UNIVERSAL_TIME_OFFSET ( 3, 0, .BEHIND. ) ;
#2576 = AXIS2_PLACEMENT_3D ( 'NONE', #2432, #1070, #2240 ) ;
#2577 = DIRECTION ( 'NONE',  ( -1.000000000000000000, 0.0000000000000000000, 0.0000000000000000000 ) ) ;
#2578 = CARTESIAN_POINT ( 'NONE',  ( -10.77654905494884700, 74.21691546721810100, -0.8536558200207787800 ) ) ;
#2579 = CARTESIAN_POINT ( 'NONE',  ( -16.19999999999999900, 149.8977118876569800, -28.50000000000000000 ) ) ;
#2580 = ADVANCED_FACE ( 'E790', ( #1130 ), #647, .T. ) ;
#2581 = LINE ( 'NONE', #90, #1401 ) ;
#2582 = AXIS2_PLACEMENT_3D ( 'NONE', #1072, #87, #1645 ) ;
#2583 = CARTESIAN_POINT ( 'NONE',  ( 14.49662968849246000, 53.90740442013550600, 50.08918422194263100 ) ) ;
#2584 = FACE_OUTER_BOUND ( 'NONE', #827, .T. ) ;
#2585 = CC_DESIGN_PERSON_AND_ORGANIZATION_ASSIGNMENT ( #2859, #2219, ( #2433 ) ) ;
#2586 = FACE_OUTER_BOUND ( 'NONE', #1614, .T. ) ;
#2587 = ORIENTED_EDGE ( 'NONE', *, *, #319, .T. ) ;
#2588 = EDGE_CURVE ( 'E98', #1424, #1160, #917, .T. ) ;
#2589 = ORIENTED_EDGE ( 'NONE', *, *, #1066, .T. ) ;
#2590 = DIRECTION ( 'NONE',  ( -1.000000000000000000, 0.0000000000000000000, -6.123031769111888800E-017 ) ) ;
#2591 = CARTESIAN_POINT ( 'NONE',  ( -6.187184335382289300, 0.0000000000000000000, -52.54999999999999700 ) ) ;
#2592 = DIRECTION ( 'NONE',  ( 0.4999999999999998900, 0.0000000000000000000, 0.8660254037844387100 ) ) ;
#2593 = ORIENTED_EDGE ( 'NONE', *, *, #2933, .T. ) ;
#2594 = ADVANCED_FACE ( 'E1389', ( #593, #962 ), #1850, .T. ) ;
#2595 = CARTESIAN_POINT ( 'NONE',  ( 10.14773822046725500, -32.66036244341884000, -56.11136797430829400 ) ) ;
#2596 = FACE_BOUND ( 'NONE', #1224, .T. ) ;
#2597 = VERTEX_POINT ( 'NONE', #2304 ) ;
#2598 = CARTESIAN_POINT ( 'NONE',  ( 38.38710712248546000, 42.07995237148939100, 5.961002606887851700 ) ) ;
#2599 = CARTESIAN_POINT ( 'NONE',  ( 31.98439237380688000, 42.44737260071857300, -2.122180520148462700 ) ) ;
#2600 = VECTOR ( 'NONE', #2590, 1000.000000000000000 ) ;
#2601 = VECTOR ( 'NONE', #2291, 999.9999999999998900 ) ;
#2602 = CARTESIAN_POINT ( 'NONE',  ( 10.88633600522617900, -55.78351506938326300, 33.21706028240503600 ) ) ;
#2603 = CIRCLE ( 'NONE', #1579, 72.92976072907410400 ) ;
#2604 = CARTESIAN_POINT ( 'NONE',  ( 8.478033313834659500, 66.99400549232986200, 62.63190724697916100 ) ) ;
#2605 = CARTESIAN_POINT ( 'NONE',  ( 35.67076164565109100, 42.11812844581272200, -5.684769325002291000 ) ) ;
#2606 = EDGE_LOOP ( 'NONE', ( #2732, #1035, #183, #1535, #2400, #374, #1558, #2718 ) ) ;
#2607 = DIRECTION ( 'NONE',  ( 0.0000000000000000000, -1.000000000000000000, 0.0000000000000000000 ) ) ;
#2608 = LINE ( 'NONE', #531, #1920 ) ;
#2609 = EDGE_CURVE ( 'E555', #2209, #1899, #1608, .T. ) ;
#2610 = EDGE_LOOP ( 'NONE', ( #477, #47, #1294, #376, #2371, #1458 ) ) ;
#2611 = CARTESIAN_POINT ( 'NONE',  ( 11.11450135170290900, -56.65860327157013600, 31.70136152637659800 ) ) ;
#2612 = VERTEX_POINT ( 'NONE', #1120 ) ;
#2613 = CARTESIAN_POINT ( 'NONE',  ( -34.10000000000000100, 0.0000000000000000000, 0.0000000000000000000 ) ) ;
#2614 = ADVANCED_FACE ( 'E1382', ( #2230 ), #1511, .F. ) ;
#2615 = EDGE_LOOP ( 'NONE', ( #314 ) ) ;
#2616 = CARTESIAN_POINT ( 'NONE',  ( 31.58609703697953100, 52.47882859700891300, -2.740314372366116700 ) ) ;
#2617 = CARTESIAN_POINT ( 'NONE',  ( 12.11796943232966100, 64.21368444684250700, 64.45897028948918700 ) ) ;
#2618 = DIRECTION ( 'NONE',  ( 0.0000000000000000000, 0.0000000000000000000, 1.000000000000000000 ) ) ;
#2619 = VECTOR ( 'NONE', #785, 1000.000000000000000 ) ;
#2620 = DIRECTION ( 'NONE',  ( 0.0000000000000000000, -0.8660254037844387100, 0.4999999999999998900 ) ) ;
#2621 = CARTESIAN_POINT ( 'NONE',  ( -16.19999999999999900, -139.2842741935483800, -24.05495712688824700 ) ) ;
#2622 = CARTESIAN_POINT ( 'NONE',  ( -11.79420247307332800, -19.54136921506737700, -71.44259916103961000 ) ) ;
#2623 = EDGE_LOOP ( 'NONE', ( #945 ) ) ;
#2624 = EDGE_CURVE ( 'NONE', #1334, #1334, #2119, .T. ) ;
#2625 = CARTESIAN_POINT ( 'NONE',  ( 41.06410161513775100, 50.03750000000000100, 2.121080424092025200E-016 ) ) ;
#2626 = CARTESIAN_POINT ( 'NONE',  ( -11.27469880883920800, -18.37955111113208800, -71.83374366708696400 ) ) ;
#2627 = ADVANCED_FACE ( 'E827', ( #2271, #941 ), #2048, .F. ) ;
#2628 = FACE_OUTER_BOUND ( 'NONE', #1278, .T. ) ;
#2629 = CARTESIAN_POINT ( 'NONE',  ( 37.60000000000000100, 43.17660000000000100, 0.0000000000000000000 ) ) ;
#2630 = DIRECTION ( 'NONE',  ( -1.000000000000000000, 0.0000000000000000000, 0.0000000000000000000 ) ) ;
#2631 = ORIENTED_EDGE ( 'NONE', *, *, #1932, .F. ) ;
#2632 = CARTESIAN_POINT ( 'NONE',  ( 35.86794919243114800, 50.03750000000000100, -3.000000000000000000 ) ) ;
#2633 = DIRECTION ( 'NONE',  ( 1.000000000000000000, 0.0000000000000000000, 0.0000000000000000000 ) ) ;
#2634 = CARTESIAN_POINT ( 'NONE',  ( -16.19999999999999900, -124.0000000000000000, 0.0000000000000000000 ) ) ;
#2635 = VERTEX_POINT ( 'NONE', #2809 ) ;
#2636 = CARTESIAN_POINT ( 'NONE',  ( -32.09999999999999400, 0.0000000000000000000, 42.50000000000000000 ) ) ;
#2637 = FACE_OUTER_BOUND ( 'NONE', #2690, .T. ) ;
#2638 = CARTESIAN_POINT ( 'NONE',  ( 12.11796943232966100, 64.21368444684250700, 64.45897028948918700 ) ) ;
#2639 = ADVANCED_FACE ( 'E1340', ( #1875, #2440 ), #548, .T. ) ;
#2640 = VECTOR ( 'NONE', #28, 1000.000000000000000 ) ;
#2641 = CARTESIAN_POINT ( 'NONE',  ( 32.83114844656307000, -24.34311095331093700, -34.83919504726442500 ) ) ;
#2642 = DIRECTION ( 'NONE',  ( 0.0000000000000000000, -1.000000000000000000, 0.0000000000000000000 ) ) ;
#2643 = VERTEX_POINT ( 'NONE', #1240 ) ;
#2644 = CARTESIAN_POINT ( 'NONE',  ( 43.87532561483795500, 52.50603307025376400, 2.158111343995872100 ) ) ;
#2645 = ORIENTED_EDGE ( 'NONE', *, *, #2524, .T. ) ;
#2646 =( LENGTH_UNIT ( ) NAMED_UNIT ( * ) SI_UNIT ( .MILLI., .METRE. ) );
#2647 = DIRECTION ( 'NONE',  ( 1.000000000000000000, 0.0000000000000000000, 0.0000000000000000000 ) ) ;
#2648 = FACE_OUTER_BOUND ( 'NONE', #2029, .T. ) ;
#2649 = DIRECTION ( 'NONE',  ( 0.0000000000000000000, -1.000000000000000000, 0.0000000000000000000 ) ) ;
#2650 = CARTESIAN_POINT ( 'NONE',  ( -16.19999999999999900, 124.0000000000000000, -28.50000000000000000 ) ) ;
#2651 = CARTESIAN_POINT ( 'NONE',  ( 11.44041455656771300, -31.79764030159420300, -56.60464331023316500 ) ) ;
#2652 = PLANE ( 'NONE',  #1637 ) ;
#2653 = FACE_OUTER_BOUND ( 'NONE', #2610, .T. ) ;
#2654 = ADVANCED_FACE ( 'E645', ( #2586 ), #2743, .T. ) ;
#2655 = CARTESIAN_POINT ( 'NONE',  ( 42.75727092736848800, -22.71927385637898000, -47.38594564030595500 ) ) ;
#2656 = CARTESIAN_POINT ( 'NONE',  ( 14.30479029757374600, 61.30965290268917300, 67.75445903298994200 ) ) ;
#2657 = DIRECTION ( 'NONE',  ( -0.5000000000000001100, -0.7500000000000001100, 0.4330127018922190800 ) ) ;
#2658 = AXIS2_PLACEMENT_3D ( 'NONE', #82, #2749, #81 ) ;
#2659 = CARTESIAN_POINT ( 'NONE',  ( 15.13524352726443700, 61.63699380831916100, 67.39221154270232700 ) ) ;
#2660 = DIRECTION ( 'NONE',  ( 5.168044445353020000E-017, 0.5362903225806450200, -0.8440335833995871200 ) ) ;
#2661 = EDGE_CURVE ( 'E355', #859, #2115, #599, .T. ) ;
#2662 = CARTESIAN_POINT ( 'NONE',  ( -11.44023149564787700, 64.91987834083413100, -0.7648279891051278400 ) ) ;
#2663 = VERTEX_POINT ( 'NONE', #2170 ) ;
#2664 = CARTESIAN_POINT ( 'NONE',  ( 11.49574726103307400, -64.54632692110405400, 36.42296894194224400 ) ) ;
#2665 = FACE_BOUND ( 'NONE', #194, .T. ) ;
#2666 = CARTESIAN_POINT ( 'NONE',  ( 10.46128002853425400, -56.57237490617173100, 31.85508698394194100 ) ) ;
#2667 = CARTESIAN_POINT ( 'NONE',  ( 40.08039607004154400, -25.80791501447810500, -33.76695559288936000 ) ) ;
#2668 = ADVANCED_FACE ( 'E759', ( #471 ), #1537, .T. ) ;
#2669 = VECTOR ( 'NONE', #426, 999.9999999999998900 ) ;
#2670 = FACE_OUTER_BOUND ( 'NONE', #228, .T. ) ;
#2671 = CARTESIAN_POINT ( 'NONE',  ( 17.03912126680237500, 63.66277558393114300, 65.32946010216396400 ) ) ;
#2672 = CARTESIAN_POINT ( 'NONE',  ( 35.86794919243114800, -28.87307621135330000, -44.00963496887224800 ) ) ;
#2673 = VECTOR ( 'NONE', #1163, 1000.000000000000000 ) ;
#2674 = CARTESIAN_POINT ( 'NONE',  ( 39.33205080756889100, 52.54999999999999700, -3.000000000000000000 ) ) ;
#2675 = DIRECTION ( 'NONE',  ( -0.8660254037844384900, 0.0000000000000000000, -0.5000000000000003300 ) ) ;
#2676 = CARTESIAN_POINT ( 'NONE',  ( 12.35891829639712500, 55.15067994218118500, 49.30258404701043400 ) ) ;
#2677 = ORIENTED_EDGE ( 'NONE', *, *, #1594, .T. ) ;
#2678 = ORIENTED_EDGE ( 'NONE', *, *, #1085, .T. ) ;
#2679 = CARTESIAN_POINT ( 'NONE',  ( 17.49999999999998600, 0.0000000000000000000, 72.49226072907410400 ) ) ;
#2680 = CARTESIAN_POINT ( 'NONE',  ( -16.18875509900231400, -90.36848610505002500, -28.50000000000000000 ) ) ;
#2681 = LINE ( 'NONE', #729, #1731 ) ;
#2682 = AXIS2_PLACEMENT_3D ( 'NONE', #715, #287, #1155 ) ;
#2683 = ORIENTED_EDGE ( 'NONE', *, *, #713, .T. ) ;
#2684 = CARTESIAN_POINT ( 'NONE',  ( 11.79518630673715900, -64.33417386418857100, 36.70150946252732600 ) ) ;
#2685 = CARTESIAN_POINT ( 'NONE',  ( -14.00000000000000000, 124.0000000000000000, 0.0000000000000000000 ) ) ;
#2686 = APPROVAL_STATUS ( 'not_yet_approved' ) ;
#2687 = VERTEX_POINT ( 'NONE', #2349 ) ;
#2688 = DIRECTION ( 'NONE',  ( 0.0000000000000000000, -0.4999999999999998900, -0.8660254037844387100 ) ) ;
#2689 = CARTESIAN_POINT ( 'NONE',  ( 34.13589838486225100, 50.03750000000000100, -6.363241272276080100E-016 ) ) ;
#2690 = EDGE_LOOP ( 'NONE', ( #1633, #1952, #1698, #2066 ) ) ;
#2691 = CARTESIAN_POINT ( 'NONE',  ( 25.12362519336105400, 0.0000000000000000000, 0.0000000000000000000 ) ) ;
#2692 = CARTESIAN_POINT ( 'NONE',  ( 39.33205080756889100, 52.54999999999999700, 3.000000000000000000 ) ) ;
#2693 = LINE ( 'NONE', #503, #2251 ) ;
#2694 = AXIS2_PLACEMENT_3D ( 'NONE', #218, #472, #2885 ) ;
#2695 = CARTESIAN_POINT ( 'NONE',  ( -11.76133915166703400, 74.07081042813138100, 0.4461873190230177800 ) ) ;
#2696 = VECTOR ( 'NONE', #2607, 1000.000000000000000 ) ;
#2697 = EDGE_LOOP ( 'NONE', ( #2221, #2026, #1947, #14, #2471, #2728 ) ) ;
#2698 = CARTESIAN_POINT ( 'NONE',  ( -10.93382993965593100, -18.35278320500379200, -71.89325414294705800 ) ) ;
#2699 = AXIS2_PLACEMENT_3D ( 'NONE', #1912, #1449, #1539 ) ;
#2700 = CARTESIAN_POINT ( 'NONE',  ( 11.36083671044101500, -36.36765651471362300, -64.60138097950012100 ) ) ;
#2701 = B_SPLINE_CURVE_WITH_KNOTS ( 'NONE', 3,
 ( #30, #60, #544, #1329, #733, #470, #1043, #2462, #1528, #120, #1336, #1618, #868, #353, #2233, #1810, #2727, #2232, #600, #1552, #1939, #1225, #73, #800, #357, #1353, #2742, #1580, #872, #1847, #2536, #646, #157, #2278, #1820, #2644, #262, #1499, #999, #1782, #2474, #1468, #36, #268, #6, #119, #830, #947, #2499, #1082, #561, #2200, #1541, #1321, #1394, #1571, #1568, #457, #2745, #1487, #63, #1561, #2243, #2172, #534, #2874, #31, #1311, #2939, #1508, #80, #2005, #352, #2222, #1753, #565, #701, #1889, #1211, #2616, #968, #938, #2354, #1880, #928, #1667, #413 ),
 .UNSPECIFIED., .T., .F.,
 ( 4, 2, 2, 2, 2, 2, 2, 2, 2, 2, 2, 2, 2, 2, 2, 2, 2, 1, 2, 2, 2, 2, 2, 2, 2, 2, 2, 2, 2, 2, 2, 2, 2, 2, 2, 2, 2, 2, 2, 2, 2, 2, 2, 4 ),
 ( 0.0000000000000000000, 0.001273182915505770700, 0.002546365831011541400, 0.003819548746517312200, 0.004456140204270197900, 0.005092731662023082700, 0.006365914577528874000, 0.007002506035281769200, 0.007639097493034664400, 0.008912280408540456500, 0.01018546332404624700, 0.01082205478179915100, 0.01145864623955205300, 0.01273182915505786100, 0.01400501207056366700, 0.01527819498606947300, 0.01591478644382237800, 0.01655137790157528200, 0.01718796935932818600, 0.01782456081708109000, 0.01909774373258689400, 0.01973433519033978800, 0.02037092664809268500, 0.02164410956359845800, 0.02291729247910422400, 0.02355388393685712400, 0.02419047539461002500, 0.02546365831011579800, 0.02673684122562157400, 0.02801002414112734700, 0.02928320705663312400, 0.03055638997213889700, 0.03119298142989178300, 0.03182957288764467300, 0.03310275580315043300, 0.03437593871865619200, 0.03501253017640907500, 0.03564912163416195800, 0.03692230454966771700, 0.03755889600742060000, 0.03819548746517347600, 0.03883207892292635900, 0.03946867038067923500, 0.04074185329618501500 ),
 .UNSPECIFIED. ) ;
#2702 = CARTESIAN_POINT ( 'NONE',  ( 11.22810921212502300, -31.72109178298390100, -56.64757637466765800 ) ) ;
#2703 = ORIENTED_EDGE ( 'NONE', *, *, #1481, .T. ) ;
#2704 = CARTESIAN_POINT ( 'NONE',  ( -10.88549864829710900, -15.95683823126347500, -62.93292430018250600 ) ) ;
#2705 = CARTESIAN_POINT ( 'NONE',  ( -6.187184335382289300, 0.0000000000000000000, 0.0000000000000000000 ) ) ;
#2706 = CIRCLE ( 'NONE', #1093, 6.000000000000002700 ) ;
#2707 = CARTESIAN_POINT ( 'NONE',  ( 39.53583279978432300, -25.98868220235230100, -33.62828373574665600 ) ) ;
#2708 = EDGE_LOOP ( 'NONE', ( #356, #1447, #1013, #2822, #2068, #1925 ) ) ;
#2709 = DIRECTION ( 'NONE',  ( 0.0000000000000000000, -0.4999999999999998900, -0.8660254037844387100 ) ) ;
#2710 = LINE ( 'NONE', #2514, #2141 ) ;
#2711 = PLANE ( 'NONE',  #2270 ) ;
#2712 = CARTESIAN_POINT ( 'NONE',  ( 11.11459370420593700, -55.78357711725760700, 33.21695608125481400 ) ) ;
#2713 = DIRECTION ( 'NONE',  ( 0.0000000000000000000, 0.0000000000000000000, 1.000000000000000000 ) ) ;
#2714 = EDGE_LOOP ( 'NONE', ( #1324 ) ) ;
#2715 = CARTESIAN_POINT ( 'NONE',  ( 31.19204778528078800, -27.83229431221330300, -44.57601348083555600 ) ) ;
#2716 = VERTEX_POINT ( 'NONE', #126 ) ;
#2717 = CARTESIAN_POINT ( 'NONE',  ( -14.00000000000000000, 0.0000000000000000000, 0.0000000000000000000 ) ) ;
#2718 = ORIENTED_EDGE ( 'NONE', *, *, #1781, .T. ) ;
#2719 = CARTESIAN_POINT ( 'NONE',  ( -16.19999999999999900, 149.8977118876569800, 0.0000000000000000000 ) ) ;
#2720 = AXIS2_PLACEMENT_3D ( 'NONE', #1345, #1376, #2968 ) ;
#2721 = B_SPLINE_CURVE_WITH_KNOTS ( 'NONE', 3,
 ( #415, #535, #2505, #191 ),
 .UNSPECIFIED., .F., .F.,
 ( 4, 4 ),
 ( 0.1744710024810667600, 0.1747952181850283300 ),
 .UNSPECIFIED. ) ;
#2722 = CARTESIAN_POINT ( 'NONE',  ( 10.55976850435212600, -55.83984985920498200, 33.12229963850747800 ) ) ;
#2723 = FACE_OUTER_BOUND ( 'NONE', #1562, .T. ) ;
#2724 = CARTESIAN_POINT ( 'NONE',  ( 11.37908303499252400, -63.79795872363821000, 37.75380940510814300 ) ) ;
#2725 = DIRECTION ( 'NONE',  ( 0.4999999999999998900, 0.0000000000000000000, -0.8660254037844387100 ) ) ;
#2726 = APPROVAL_ROLE ( '' ) ;
#2727 = CARTESIAN_POINT ( 'NONE',  ( 40.37722896719506600, 52.23682631331669100, -5.729275270582332900 ) ) ;
#2728 = ORIENTED_EDGE ( 'NONE', *, *, #184, .T. ) ;
#2729 = CARTESIAN_POINT ( 'NONE',  ( -10.14901800832593400, 74.30986490849704800, -0.2339204113883498700 ) ) ;
#2730 = EDGE_LOOP ( 'NONE', ( #1910 ) ) ;
#2731 = DIRECTION ( 'NONE',  ( 0.0000000000000000000, 0.4999999999999998900, 0.8660254037844387100 ) ) ;
#2732 = ORIENTED_EDGE ( 'NONE', *, *, #427, .T. ) ;
#2733 = AXIS2_PLACEMENT_3D ( 'NONE', #2613, #2100, #216 ) ;
#2734 = CARTESIAN_POINT ( 'NONE',  ( 17.13907769696820400, 64.57114925679569200, 64.42368647488854100 ) ) ;
#2735 = DATE_TIME_ROLE ( 'classification_date' ) ;
#2736 = PLANE ( 'NONE',  #558 ) ;
#2737 = CARTESIAN_POINT ( 'NONE',  ( -17.25000000000000000, -64.92436867076460800, -2.112445960343600000E-015 ) ) ;
#2738 = ORIENTED_EDGE ( 'NONE', *, *, #239, .T. ) ;
#2739 =( NAMED_UNIT ( * ) PLANE_ANGLE_UNIT ( ) SI_UNIT ( $, .RADIAN. ) );
#2740 = VECTOR ( 'NONE', #258, 1000.000000000000000 ) ;
#2741 = CC_DESIGN_DATE_AND_TIME_ASSIGNMENT ( #2560, #2735, ( #2433 ) ) ;
#2742 = CARTESIAN_POINT ( 'NONE',  ( 43.78731687785626300, 52.49664991858081500, -2.400676997966149500 ) ) ;
#2743 = PLANE ( 'NONE',  #114 ) ;
#2744 = ORIENTED_EDGE ( 'NONE', *, *, #713, .F. ) ;
#2745 = CARTESIAN_POINT ( 'NONE',  ( 34.25478118157104700, 52.26554016734600300, 5.463375368503754700 ) ) ;
#2746 = FACE_OUTER_BOUND ( 'NONE', #86, .T. ) ;
#2747 = FACE_OUTER_BOUND ( 'NONE', #2535, .T. ) ;
#2748 = ORIENTED_EDGE ( 'NONE', *, *, #1435, .F. ) ;
#2749 = DIRECTION ( 'NONE',  ( -3.204937810639271500E-016, 0.8660254037844387100, -0.4999999999999998900 ) ) ;
#2750 = ORIENTED_EDGE ( 'NONE', *, *, #2038, .T. ) ;
#2751 = DIRECTION ( 'NONE',  ( -1.000000000000000000, 0.0000000000000000000, 0.0000000000000000000 ) ) ;
#2752 = DIRECTION ( 'NONE',  ( 0.0000000000000000000, 0.0000000000000000000, 1.000000000000000000 ) ) ;
#2753 = LINE ( 'NONE', #2296, #538 ) ;
#2754 = AXIS2_PLACEMENT_3D ( 'NONE', #2629, #1390, #517 ) ;
#2755 = CARTESIAN_POINT ( 'NONE',  ( -16.19999999999999900, 124.0000000000000000, 0.0000000000000000000 ) ) ;
#2756 = FACE_OUTER_BOUND ( 'NONE', #1501, .T. ) ;
#2757 = CARTESIAN_POINT ( 'NONE',  ( 32.27660000000000200, -26.27499999999999900, -45.50963496887229800 ) ) ;
#2758 = EDGE_CURVE ( 'E361', #922, #2007, #2693, .T. ) ;
#2759 = ORIENTED_EDGE ( 'NONE', *, *, #2058, .T. ) ;
#2760 = DIRECTION ( 'NONE',  ( -0.5000000000000001100, -0.7500000000000001100, 0.4330127018922190800 ) ) ;
#2761 = DIRECTION ( 'NONE',  ( 0.0000000000000000000, 0.0000000000000000000, 1.000000000000000000 ) ) ;
#2762 = PERSON_AND_ORGANIZATION_ROLE ( 'design_owner' ) ;
#2763 = EDGE_CURVE ( 'NONE', #2892, #2892, #2992, .T. ) ;
#2764 = ORIENTED_EDGE ( 'NONE', *, *, #124, .T. ) ;
#2765 = CARTESIAN_POINT ( 'NONE',  ( -15.29664844750974600, 88.86005275617753800, 28.50000000000000400 ) ) ;
#2766 = ORIENTED_EDGE ( 'NONE', *, *, #1273, .F. ) ;
#2767 = DIRECTION ( 'NONE',  ( 1.000000000000000000, 0.0000000000000000000, 0.0000000000000000000 ) ) ;
#2768 = CARTESIAN_POINT ( 'NONE',  ( 36.82605708207584200, -20.66795103335544000, -48.31499975559525200 ) ) ;
#2769 = EDGE_CURVE ( 'NONE', #2850, #2850, #1489, .T. ) ;
#2770 = EDGE_LOOP ( 'NONE', ( #2537, #1960, #2090, #1690 ) ) ;
#2771 = CARTESIAN_POINT ( 'NONE',  ( 13.88444799822660000, 49.51225604864934100, 54.59710207489175800 ) ) ;
#2772 = CARTESIAN_POINT ( 'NONE',  ( 32.20622310955209100, 42.41839968431384000, 2.657372300267482100 ) ) ;
#2773 = CARTESIAN_POINT ( 'NONE',  ( 11.65524850908079400, -63.86527947822039400, 37.55522059398628400 ) ) ;
#2774 = CARTESIAN_POINT ( 'NONE',  ( -10.46823878338486000, 74.26259671075848700, -0.7044083892852853700 ) ) ;
#2775 = DIRECTION ( 'NONE',  ( 0.0000000000000000000, -1.000000000000000000, 0.0000000000000000000 ) ) ;
#2776 = EDGE_CURVE ( 'E376', #2007, #2115, #1198, .T. ) ;
#2777 = ORIENTED_EDGE ( 'NONE', *, *, #1085, .F. ) ;
#2778 = CARTESIAN_POINT ( 'NONE',  ( 6.827020100604093100, 53.62343843457379900, 51.99042096710009300 ) ) ;
#2779 = ORIENTED_EDGE ( 'NONE', *, *, #2443, .T. ) ;
#2780 = CARTESIAN_POINT ( 'NONE',  ( 39.33205080756889100, 50.03750000000000100, 3.000000000000000000 ) ) ;
#2781 = CARTESIAN_POINT ( 'NONE',  ( -16.19999999999999900, -90.62422413460980400, -28.50000000000000000 ) ) ;
#2782 = VERTEX_POINT ( 'NONE', #2916 ) ;
#2783 = DIRECTION ( 'NONE',  ( 1.000000000000000000, 0.0000000000000000000, 0.0000000000000000000 ) ) ;
#2784 = EDGE_LOOP ( 'NONE', ( #748 ) ) ;
#2785 = CARTESIAN_POINT ( 'NONE',  ( -10.55968734899359000, 64.91987994707970700, -0.7646826625260984000 ) ) ;
#2786 = ORIENTED_EDGE ( 'NONE', *, *, #1368, .F. ) ;
#2787 = DIRECTION ( 'NONE',  ( 0.0000000000000000000, 0.0000000000000000000, -1.000000000000000000 ) ) ;
#2788 = AXIS2_PLACEMENT_3D ( 'NONE', #134, #932, #1718 ) ;
#2789 = ORIENTED_EDGE ( 'NONE', *, *, #2482, .F. ) ;
#2790 = CARTESIAN_POINT ( 'NONE',  ( 11.88210961068885400, -37.04828214529705800, -64.11905639468206200 ) ) ;
#2791 = CARTESIAN_POINT ( 'NONE',  ( -10.60332908461831100, -18.45405673090658300, -71.91682954627388800 ) ) ;
#2792 = EDGE_LOOP ( 'NONE', ( #395 ) ) ;
#2793 = AXIS2_PLACEMENT_3D ( 'NONE', #269, #1084, #418 ) ;
#2794 = CARTESIAN_POINT ( 'NONE',  ( 10.14784012200498800, -32.26370852735683300, -56.34037498891805000 ) ) ;
#2795 = CARTESIAN_POINT ( 'NONE',  ( 38.96272415605321300, -15.98478748102536600, -39.37941156369644300 ) ) ;
#2796 = CARTESIAN_POINT ( 'NONE',  ( 0.0000000000000000000, 0.0000000000000000000, 0.0000000000000000000 ) ) ;
#2797 = CIRCLE ( 'NONE', #2720, 72.92976072907410400 ) ;
#2798 = CARTESIAN_POINT ( 'NONE',  ( 11.87499999999999600, -32.46218433538229700, -56.22615259354869700 ) ) ;
#2799 = CARTESIAN_POINT ( 'NONE',  ( -35.99999999999999300, 0.0000000000000000000, -85.50000000000000000 ) ) ;
#2800 = ORIENTED_EDGE ( 'NONE', *, *, #625, .T. ) ;
#2801 = PLANE ( 'NONE',  #1867 ) ;
#2802 = CARTESIAN_POINT ( 'NONE',  ( 43.40788973152537300, -22.58452473004830100, -36.00468767904284600 ) ) ;
#2803 = CARTESIAN_POINT ( 'NONE',  ( -14.32362519336101900, -88.54928136831280500, 28.50000000000000000 ) ) ;
#2804 = ADVANCED_FACE ( 'E245', ( #502 ), #2156, .T. ) ;
#2805 = EDGE_LOOP ( 'NONE', ( #202 ) ) ;
#2806 = DIRECTION ( 'NONE',  ( 0.0000000000000000000, 0.0000000000000000000, 1.000000000000000000 ) ) ;
#2807 = AXIS2_PLACEMENT_3D ( 'NONE', #2685, #509, #2137 ) ;
#2808 = FACE_OUTER_BOUND ( 'NONE', #900, .T. ) ;
#2809 = CARTESIAN_POINT ( 'NONE',  ( -14.32362519336101900, -88.54928136831280500, -28.50000000000000000 ) ) ;
#2810 = CIRCLE ( 'NONE', #933, 95.00000000000000000 ) ;
#2811 = DIRECTION ( 'NONE',  ( -1.000000000000000000, 0.0000000000000000000, 0.0000000000000000000 ) ) ;
#2812 = CIRCLE ( 'NONE', #1999, 12.50000000000000000 ) ;
#2813 = DIRECTION ( 'NONE',  ( -1.000000000000000000, 0.0000000000000000000, 0.0000000000000000000 ) ) ;
#2814 = CARTESIAN_POINT ( 'NONE',  ( -15.83276921340208400, 89.41242042636287100, -28.50000000000000700 ) ) ;
#2815 = CARTESIAN_POINT ( 'NONE',  ( 42.11944152129721900, -17.72327344788092800, -38.62916960119839200 ) ) ;
#2816 = EDGE_CURVE ( 'E744', #2465, #168, #874, .T. ) ;
#2817 = FACE_OUTER_BOUND ( 'NONE', #1022, .T. ) ;
#2818 = CARTESIAN_POINT ( 'NONE',  ( 39.33205080756889100, -23.67692378864665100, -47.00963496887229800 ) ) ;
#2819 = FACE_OUTER_BOUND ( 'NONE', #2697, .T. ) ;
#2820 = CARTESIAN_POINT ( 'NONE',  ( 40.60669149502048500, 42.18038210748844800, 5.207054626032006100 ) ) ;
#2821 = ADVANCED_FACE ( 'E118', ( #205 ), #699, .T. ) ;
#2822 = ORIENTED_EDGE ( 'NONE', *, *, #319, .F. ) ;
#2823 = DIRECTION ( 'NONE',  ( 0.0000000000000000000, -1.000000000000000000, 0.0000000000000000000 ) ) ;
#2824 = CARTESIAN_POINT ( 'NONE',  ( 11.22973743896478500, -33.19721545913938600, -55.79534422939864400 ) ) ;
#2825 = DIRECTION ( 'NONE',  ( 0.0000000000000000000, 1.000000000000000000, 0.0000000000000000000 ) ) ;
#2826 = EDGE_LOOP ( 'NONE', ( #2750 ) ) ;
#2827 = CARTESIAN_POINT ( 'NONE',  ( 10.12504045332016600, -56.16889473708820900, 32.56135676150777400 ) ) ;
#2828 = VECTOR ( 'NONE', #1578, 1000.000000000000100 ) ;
#2829 = DIRECTION ( 'NONE',  ( -1.000000000000000000, 0.0000000000000000000, 0.0000000000000000000 ) ) ;
#2830 = CARTESIAN_POINT ( 'NONE',  ( 6.696504199317173400, 52.19749287527254500, 53.43840585680742800 ) ) ;
#2831 = CARTESIAN_POINT ( 'NONE',  ( 10.51049049532133700, -64.68833815535857900, 36.46919982364578800 ) ) ;
#2832 = CARTESIAN_POINT ( 'NONE',  ( -36.00000000000000000, 139.2842741935483800, -24.05495712688824700 ) ) ;
#2833 = FACE_OUTER_BOUND ( 'NONE', #936, .T. ) ;
#2834 = DIRECTION ( 'NONE',  ( -1.000000000000000000, 0.0000000000000000000, 0.0000000000000000000 ) ) ;
#2835 = ADVANCED_FACE ( 'E0', ( #2306, #728 ), #2019, .F. ) ;
#2836 = CARTESIAN_POINT ( 'NONE',  ( -10.46206961263487900, 64.92065059957916200, -0.6994919513799950900 ) ) ;
#2837 = ORIENTED_EDGE ( 'NONE', *, *, #2188, .F. ) ;
#2838 = EDGE_LOOP ( 'NONE', ( #1393 ) ) ;
#2839 = DIRECTION ( 'NONE',  ( 1.000000000000000000, 0.0000000000000000000, 0.0000000000000000000 ) ) ;
#2840 = ORIENTED_EDGE ( 'NONE', *, *, #1834, .T. ) ;
#2841 = CARTESIAN_POINT ( 'NONE',  ( 27.00000000000000000, -139.2842741935483800, -24.05495712688824700 ) ) ;
#2842 = AXIS2_PLACEMENT_3D ( 'NONE', #712, #2325, #1219 ) ;
#2843 = EDGE_LOOP ( 'NONE', ( #1300 ) ) ;
#2844 = DIRECTION ( 'NONE',  ( 1.435786489644738300E-016, 0.0000000000000000000, -1.000000000000000000 ) ) ;
#2845 = FACE_BOUND ( 'NONE', #1158, .T. ) ;
#2846 = CARTESIAN_POINT ( 'NONE',  ( 37.99408897070677700, 42.07436034579789900, -5.999850124356083100 ) ) ;
#2847 = CARTESIAN_POINT ( 'NONE',  ( -10.22007823327757400, -16.36112280425794600, -62.82923979324404900 ) ) ;
#2848 = ADVANCED_FACE ( 'E676', ( #2072 ), #514, .T. ) ;
#2849 = FACE_OUTER_BOUND ( 'NONE', #2000, .T. ) ;
#2850 = VERTEX_POINT ( 'NONE', #450 ) ;
#2851 = FACE_OUTER_BOUND ( 'NONE', #2299, .T. ) ;
#2852 = DIRECTION ( 'NONE',  ( 0.0000000000000000000, 0.0000000000000000000, 1.000000000000000000 ) ) ;
#2853 = EDGE_CURVE ( 'NONE', #1400, #1400, #2121, .T. ) ;
#2854 = CARTESIAN_POINT ( 'NONE',  ( 16.31459241354623700, 66.28178363135235400, 62.73118183412871900 ) ) ;
#2855 = FACE_BOUND ( 'NONE', #2784, .T. ) ;
#2856 = CARTESIAN_POINT ( 'NONE',  ( 49.60000000000000100, 0.0000000000000000000, 52.54999999999999700 ) ) ;
#2857 = CIRCLE ( 'NONE', #2788, 95.00000000000000000 ) ;
#2858 = DIRECTION ( 'NONE',  ( 0.0000000000000000000, -0.4999999999999998900, -0.8660254037844387100 ) ) ;
#2859 = PERSON_AND_ORGANIZATION ( #2449, #1956 ) ;
#2860 = EDGE_LOOP ( 'NONE', ( #2677 ) ) ;
#2861 = DIRECTION ( 'NONE',  ( 0.8660254037844387100, -0.4330127018922192400, 0.2500000000000001100 ) ) ;
#2862 = CARTESIAN_POINT ( 'NONE',  ( 7.905313732370054000, 66.48913428317369800, 63.21509851995657700 ) ) ;
#2863 = CARTESIAN_POINT ( 'NONE',  ( 34.94845574450968000, 42.15745257734766900, -5.385895832653161200 ) ) ;
#2864 = CARTESIAN_POINT ( 'NONE',  ( -11.78655658875545200, -18.78352947471074700, -71.64683732471256400 ) ) ;
#2865 = CIRCLE ( 'NONE', #500, 93.02271352118590600 ) ;
#2866 = ADVANCED_FACE ( 'E707', ( #1720, #2332 ), #1809, .T. ) ;
#2867 = CARTESIAN_POINT ( 'NONE',  ( 10.02524834273979900, 67.69510872167971600, 61.74113491026297900 ) ) ;
#2868 = CARTESIAN_POINT ( 'NONE',  ( 31.91711062758024300, 42.45635413533684500, -1.934823988631983600 ) ) ;
#2869 = ORIENTED_EDGE ( 'NONE', *, *, #2235, .F. ) ;
#2870 = DIRECTION ( 'NONE',  ( 0.0000000000000000000, 0.0000000000000000000, -1.000000000000000000 ) ) ;
#2871 = CARTESIAN_POINT ( 'NONE',  ( 39.71750242512623400, 42.12719952924297900, 5.617368850838862400 ) ) ;
#2872 = FACE_OUTER_BOUND ( 'NONE', #1204, .T. ) ;
#2873 = EDGE_CURVE ( 'NONE', #1629, #1629, #2603, .T. ) ;
#2874 = CARTESIAN_POINT ( 'NONE',  ( 31.93021303936374600, 52.44477218724164700, 3.328786008358885200 ) ) ;
#2875 = CARTESIAN_POINT ( 'NONE',  ( -11.83285775321694200, -18.88641351043376900, -71.61214979453305300 ) ) ;
#2876 = DIRECTION ( 'NONE',  ( 8.115665384686817000E-017, 0.0000000000000000000, -1.000000000000000000 ) ) ;
#2877 = ORIENTED_EDGE ( 'NONE', *, *, #793, .T. ) ;
#2878 = CARTESIAN_POINT ( 'NONE',  ( 17.44069906773944800, 0.0000000000000000000, 2.013512569460425200E-015 ) ) ;
#2879 = FACE_BOUND ( 'NONE', #10, .T. ) ;
#2880 = ADVANCED_FACE ( 'E906', ( #2879, #3002 ), #130, .T. ) ;
#2881 = CARTESIAN_POINT ( 'NONE',  ( -36.00000000000000000, 139.2842741935483800, 24.05495712688824700 ) ) ;
#2882 = ORIENTED_EDGE ( 'NONE', *, *, #1940, .F. ) ;
#2883 = CARTESIAN_POINT ( 'NONE',  ( 39.33205080756889100, -28.87307621135330000, -44.00963496887224800 ) ) ;
#2884 = DIRECTION ( 'NONE',  ( -1.000000000000000000, 0.0000000000000000000, 0.0000000000000000000 ) ) ;
#2885 = DIRECTION ( 'NONE',  ( 0.0000000000000000000, -1.000000000000000000, 0.0000000000000000000 ) ) ;
#2886 = EDGE_LOOP ( 'NONE', ( #1891 ) ) ;
#2887 = CARTESIAN_POINT ( 'NONE',  ( 11.85886246616029300, -36.85257333848235100, -64.23603623358816600 ) ) ;
#2888 = FACE_OUTER_BOUND ( 'NONE', #2213, .T. ) ;
#2889 = CYLINDRICAL_SURFACE ( 'NONE', #58, 52.54999999999999700 ) ;
#2890 = CARTESIAN_POINT ( 'NONE',  ( 27.00000000000000000, 0.0000000000000000000, 3.857510014540489900E-015 ) ) ;
#2891 = FACE_OUTER_BOUND ( 'NONE', #1933, .T. ) ;
#2892 = VERTEX_POINT ( 'NONE', #2856 ) ;
#2893 = DIRECTION ( 'NONE',  ( 1.000000000000000000, 0.0000000000000000000, 0.0000000000000000000 ) ) ;
#2894 = DIRECTION ( 'NONE',  ( 0.0000000000000000000, 0.0000000000000000000, -1.000000000000000000 ) ) ;
#2895 = EDGE_CURVE ( 'NONE', #203, #203, #2706, .T. ) ;
#2896 = EDGE_LOOP ( 'NONE', ( #2907, #2055, #2429, #227, #1653, #750 ) ) ;
#2897 = APPROVAL ( #1263, 'UNSPECIFIED' ) ;
#2898 = ADVANCED_FACE ( 'E1374', ( #908, #1285, #1444, #784 ), #1660, .F. ) ;
#2899 = CARTESIAN_POINT ( 'NONE',  ( 7.201495338054852100, 64.58532680568096400, 65.21660230027221400 ) ) ;
#2900 = ORIENTED_EDGE ( 'NONE', *, *, #1982, .T. ) ;
#2901 = CARTESIAN_POINT ( 'NONE',  ( 11.02611910192764600, -36.32608682428286100, -64.68271372236478100 ) ) ;
#2902 = PLANE ( 'NONE',  #2089 ) ;
#2903 = CARTESIAN_POINT ( 'NONE',  ( 10.23493822001714400, -56.44476472350046900, 32.08073062040232800 ) ) ;
#2904 = ORIENTED_EDGE ( 'NONE', *, *, #1193, .F. ) ;
#2905 = CARTESIAN_POINT ( 'NONE',  ( 7.643968991567989600, 54.62757019919543900, 50.81813675410757000 ) ) ;
#2906 = CARTESIAN_POINT ( 'NONE',  ( -15.49240305363245300, 89.02722102546788100, -28.50000000000000000 ) ) ;
#2907 = ORIENTED_EDGE ( 'NONE', *, *, #1210, .F. ) ;
#2908 = CARTESIAN_POINT ( 'NONE',  ( -25.00000000000000000, 124.0000000000000000, -28.50000000000000000 ) ) ;
#2909 = VECTOR ( 'NONE', #1744, 1000.000000000000100 ) ;
#2910 = CARTESIAN_POINT ( 'NONE',  ( -10.76761365333285000, 74.21823979482204000, 0.8512687960484375300 ) ) ;
#2911 = AXIS2_PLACEMENT_3D ( 'NONE', #178, #2936, #916 ) ;
#2912 = ORIENTED_EDGE ( 'NONE', *, *, #1892, .F. ) ;
#2913 = CARTESIAN_POINT ( 'NONE',  ( 43.69567552755602000, -23.99077465028867500, -46.75578960887324300 ) ) ;
#2914 = EDGE_CURVE ( 'E140', #1322, #1424, #1709, .T. ) ;
#2915 = CARTESIAN_POINT ( 'NONE',  ( 11.21831456743376000, 55.40562679265868700, 49.28947197979903900 ) ) ;
#2916 = CARTESIAN_POINT ( 'NONE',  ( 39.33205080756889100, 52.54999999999999700, -3.000000000000000000 ) ) ;
#2917 = CARTESIAN_POINT ( 'NONE',  ( 8.082092140022009400, 66.66675021072460100, 63.01295153998167100 ) ) ;
#2918 = EDGE_CURVE ( 'E418', #1075, #2379, #469, .T. ) ;
#2919 = CARTESIAN_POINT ( 'NONE',  ( 36.03537658257981500, -16.02277560330277600, -39.36402919615680700 ) ) ;
#2920 = CARTESIAN_POINT ( 'NONE',  ( 10.63817977153494900, 55.45339967345492500, 49.36431611876383100 ) ) ;
#2921 = CARTESIAN_POINT ( 'NONE',  ( -25.00000000000000000, 0.0000000000000000000, 28.50000000000000000 ) ) ;
#2922 = CIRCLE ( 'NONE', #1853, 93.00409501274100400 ) ;
#2923 = CARTESIAN_POINT ( 'NONE',  ( 14.98214085482659600, 53.33852197090379100, 50.55316303023951700 ) ) ;
#2924 = CYLINDRICAL_SURFACE ( 'NONE', #3042, 0.8750000000000007800 ) ;
#2925 = CARTESIAN_POINT ( 'NONE',  ( 43.40788973152540100, 42.47323655039984700, -1.556428309098297100 ) ) ;
#2926 = ORIENTED_EDGE ( 'NONE', *, *, #1368, .T. ) ;
#2927 = CARTESIAN_POINT ( 'NONE',  ( 31.00568733379030200, -27.12288160520169800, -45.00946337638579600 ) ) ;
#2928 = CARTESIAN_POINT ( 'NONE',  ( 15.45758705741697800, 66.97093342700624400, 62.06716123410885900 ) ) ;
#2929 = DIRECTION ( 'NONE',  ( 1.320436518345809400E-016, 0.0000000000000000000, -1.000000000000000000 ) ) ;
#2930 = FACE_BOUND ( 'NONE', #302, .T. ) ;
#2931 = FACE_OUTER_BOUND ( 'NONE', #1670, .T. ) ;
#2932 = VERTEX_POINT ( 'NONE', #288 ) ;
#2933 = EDGE_CURVE ( 'E103', #1424, #1000, #2810, .T. ) ;
#2934 = EDGE_LOOP ( 'NONE', ( #2130 ) ) ;
#2935 = CARTESIAN_POINT ( 'NONE',  ( 11.58807630031672000, -64.49842086758450000, 36.47853236435382500 ) ) ;
#2936 = DIRECTION ( 'NONE',  ( -0.8660254037844387100, -0.4330127018922196300, 0.2499999999999997500 ) ) ;
#2937 = CARTESIAN_POINT ( 'NONE',  ( 35.86794919243114800, 50.03750000000000100, -3.000000000000000000 ) ) ;
#2938 = ORIENTED_EDGE ( 'NONE', *, *, #22, .T. ) ;
#2939 = CARTESIAN_POINT ( 'NONE',  ( 31.12724038593315600, 52.52719203729157700, 1.599967140371773000 ) ) ;
#2940 = DIRECTION ( 'NONE',  ( 1.000000000000000000, 0.0000000000000000000, 1.224606353822375800E-016 ) ) ;
#2941 = ORIENTED_EDGE ( 'NONE', *, *, #2361, .F. ) ;
#2942 = CARTESIAN_POINT ( 'NONE',  ( -10.12499999999999800, 64.92436867076457900, 2.710505431213761100E-017 ) ) ;
#2943 = EDGE_LOOP ( 'NONE', ( #1482, #177, #1249, #1343 ) ) ;
#2944 = AXIS2_PLACEMENT_3D ( 'NONE', #2391, #1767, #196 ) ;
#2945 = DIRECTION ( 'NONE',  ( -1.000000000000000000, 0.0000000000000000000, -6.123031769111888800E-017 ) ) ;
#2946 = CARTESIAN_POINT ( 'NONE',  ( 11.73706397711605300, -64.39290044132103200, 36.61705657425822800 ) ) ;
#2947 = EDGE_LOOP ( 'NONE', ( #926 ) ) ;
#2948 = CARTESIAN_POINT ( 'NONE',  ( 39.33205080756889100, 52.54999999999999700, 3.000000000000000000 ) ) ;
#2949 = EDGE_LOOP ( 'NONE', ( #2287 ) ) ;
#2950 = CARTESIAN_POINT ( 'NONE',  ( -11.22998892968805000, -15.97927921041147800, -62.92724542116071300 ) ) ;
#2951 = CARTESIAN_POINT ( 'NONE',  ( 35.78066046717329800, -20.84043607240898400, -48.24102849114622400 ) ) ;
#2952 = DIRECTION ( 'NONE',  ( 0.0000000000000000000, 0.0000000000000000000, -1.000000000000000000 ) ) ;
#2953 = EDGE_LOOP ( 'NONE', ( #505, #1507, #743, #707, #3024, #1460, #401, #40 ) ) ;
#2954 = CARTESIAN_POINT ( 'NONE',  ( 14.67745094694688400, 50.03235940309785000, 53.91122405149076300 ) ) ;
#2955 = VERTEX_POINT ( 'NONE', #1381 ) ;
#2956 = CARTESIAN_POINT ( 'NONE',  ( 33.93174769521335300, 42.23267945984478200, 4.764426280135762000 ) ) ;
#2957 = CARTESIAN_POINT ( 'NONE',  ( 13.16018325261271600, 49.24386959634016800, 55.01759767159589400 ) ) ;
#2958 = VECTOR ( 'NONE', #790, 999.9999999999998900 ) ;
#2959 = DIRECTION ( 'NONE',  ( 0.0000000000000000000, 0.8660254037844384900, -0.5000000000000002200 ) ) ;
#2960 = CARTESIAN_POINT ( 'NONE',  ( 43.60021922606410500, -21.58643656691388200, -36.61187365583605700 ) ) ;
#2961 = DIRECTION ( 'NONE',  ( -1.000000000000000000, 0.0000000000000000000, 0.0000000000000000000 ) ) ;
#2962 = FACE_OUTER_BOUND ( 'NONE', #2792, .T. ) ;
#2963 = DATE_AND_TIME ( #1280, #21 ) ;
#2964 = CARTESIAN_POINT ( 'NONE',  ( 15.39184298393253800, 51.08198850343303800, 52.71438557900702900 ) ) ;
#2965 = FACE_OUTER_BOUND ( 'NONE', #1271, .T. ) ;
#2966 = CARTESIAN_POINT ( 'NONE',  ( -14.45200051068309000, 88.55634911947161900, 28.50000000000001100 ) ) ;
#2967 = CONICAL_SURFACE ( 'NONE', #796, 6.000000000000002700, 0.7853981633974503900 ) ;
#2968 = DIRECTION ( 'NONE',  ( 0.0000000000000000000, 0.0000000000000000000, 1.000000000000000000 ) ) ;
#2969 = CARTESIAN_POINT ( 'NONE',  ( 32.44329255593709100, -29.67848555750480000, -43.36797744835178700 ) ) ;
#2970 = EDGE_LOOP ( 'NONE', ( #3035 ) ) ;
#2971 = CARTESIAN_POINT ( 'NONE',  ( 33.08458268546141300, -24.59597766399258800, -34.66071239589751900 ) ) ;
#2972 = DIRECTION ( 'NONE',  ( -3.283722682628550400E-017, 0.8440335833995871200, 0.5362903225806450200 ) ) ;
#2973 = COORDINATED_UNIVERSAL_TIME_OFFSET ( 3, 0, .BEHIND. ) ;
#2974 = CARTESIAN_POINT ( 'NONE',  ( 15.31725312686955400, 50.89055681873534800, 52.92088000853078700 ) ) ;
#2975 = EDGE_LOOP ( 'NONE', ( #1977, #2353, #354, #1257 ) ) ;
#2976 = EDGE_CURVE ( 'NONE', #1981, #1981, #2152, .T. ) ;
#2977 = LINE ( 'NONE', #1375, #1602 ) ;
#2978 = CARTESIAN_POINT ( 'NONE',  ( 13.41521663382878600, 49.32194842292017300, 54.88590271329123000 ) ) ;
#2979 = CARTESIAN_POINT ( 'NONE',  ( 42.79822291513006100, -23.79762754174717200, -35.21296877680899200 ) ) ;
#2980 = EDGE_CURVE ( 'E695', #1745, #2379, #2608, .T. ) ;
#2981 = CARTESIAN_POINT ( 'NONE',  ( 10.41283944812257500, -63.99102127721878500, 37.70590392274621600 ) ) ;
#2982 = EDGE_LOOP ( 'NONE', ( #755, #3016, #1636, #953 ) ) ;
#2983 = CARTESIAN_POINT ( 'NONE',  ( -11.87495954667983400, 64.92436812556633200, -0.1145147686098383800 ) ) ;
#2984 = ORIENTED_EDGE ( 'NONE', *, *, #2769, .F. ) ;
#2985 = CARTESIAN_POINT ( 'NONE',  ( 7.841230552379740500, 50.42857636078318300, 54.95961268679796100 ) ) ;
#2986 = PLANE ( 'NONE',  #2490 ) ;
#2987 = DIRECTION ( 'NONE',  ( -7.304098846218135700E-017, 0.0000000000000000000, 1.000000000000000000 ) ) ;
#2988 = ORIENTED_EDGE ( 'NONE', *, *, #1665, .F. ) ;
#2989 = CARTESIAN_POINT ( 'NONE',  ( 39.00534864874564500, -31.43618964949853400, -42.11023681351606700 ) ) ;
#2990 = DIRECTION ( 'NONE',  ( 0.0000000000000000000, -1.000000000000000000, 0.0000000000000000000 ) ) ;
#2991 = AXIS2_PLACEMENT_3D ( 'NONE', #1919, #511, #2359 ) ;
#2992 = CIRCLE ( 'NONE', #3004, 52.54999999999999700 ) ;
#2993 = CARTESIAN_POINT ( 'NONE',  ( 12.36140982642939300, 49.09219208911937200, 55.33749164563116100 ) ) ;
#2994 = EDGE_LOOP ( 'NONE', ( #882 ) ) ;
#2995 = VERTEX_POINT ( 'NONE', #652 ) ;
#2996 = CARTESIAN_POINT ( 'NONE',  ( 7.282115087307257500, 64.12497770576125300, 65.66281666443273900 ) ) ;
#2997 = CARTESIAN_POINT ( 'NONE',  ( 34.13589838486225100, 52.54999999999999700, -6.363241272276080100E-016 ) ) ;
#2998 = ORIENTED_EDGE ( 'NONE', *, *, #1756, .F. ) ;
#2999 = CARTESIAN_POINT ( 'NONE',  ( 42.98359471127962200, 42.41726897971033600, 2.656198633182874400 ) ) ;
#3000 = CIRCLE ( 'NONE', #880, 50.54999999999999700 ) ;
#3001 = CARTESIAN_POINT ( 'NONE',  ( 39.33205080756889100, 52.54999999999999700, -3.000000000000000000 ) ) ;
#3002 = FACE_OUTER_BOUND ( 'NONE', #1786, .T. ) ;
#3003 = DIRECTION ( 'NONE',  ( 0.0000000000000000000, 0.4999999999999998900, 0.8660254037844387100 ) ) ;
#3004 = AXIS2_PLACEMENT_3D ( 'NONE', #4, #612, #801 ) ;
#3005 = APPROVAL_DATE_TIME ( #1846, #2897 ) ;
#3006 = CARTESIAN_POINT ( 'NONE',  ( 32.39021841739738500, 42.39510776133189300, 3.001991953245528100 ) ) ;
#3007 = FACE_OUTER_BOUND ( 'NONE', #1139, .T. ) ;
#3008 = CARTESIAN_POINT ( 'NONE',  ( 7.822743965398431400, 66.39577221984255600, 63.32005238236738600 ) ) ;
#3009 = VERTEX_POINT ( 'NONE', #919 ) ;
#3010 = DIRECTION ( 'NONE',  ( -1.000000000000000000, 0.0000000000000000000, -1.224606353822375800E-016 ) ) ;
#3011 = CARTESIAN_POINT ( 'NONE',  ( -17.49999999999999300, 0.0000000000000000000, -72.49226072907410400 ) ) ;
#3012 = EDGE_CURVE ( 'E892', #1815, #2056, #2681, .T. ) ;
#3013 = ORIENTED_EDGE ( 'NONE', *, *, #2162, .T. ) ;
#3014 = CARTESIAN_POINT ( 'NONE',  ( -11.22309676202805700, 74.15070123628616700, 0.8537872764205159900 ) ) ;
#3015 = CARTESIAN_POINT ( 'NONE',  ( -25.00000000000000000, 0.0000000000000000000, -28.50000000000000000 ) ) ;
#3016 = ORIENTED_EDGE ( 'NONE', *, *, #2524, .F. ) ;
#3017 = CARTESIAN_POINT ( 'NONE',  ( -16.19999999999999900, -90.62422413460980400, 28.50000000000000000 ) ) ;
#3018 = FACE_OUTER_BOUND ( 'NONE', #2241, .T. ) ;
#3019 = CARTESIAN_POINT ( 'NONE',  ( -10.12499999999999100, -16.91533854364670800, -62.68220111053608400 ) ) ;
#3020 = ORIENTED_EDGE ( 'NONE', *, *, #2873, .T. ) ;
#3021 = CARTESIAN_POINT ( 'NONE',  ( 31.18433926796090500, -24.74165268836711100, -46.36156585867951200 ) ) ;
#3022 = DIRECTION ( 'NONE',  ( 0.0000000000000000000, 0.0000000000000000000, -1.000000000000000000 ) ) ;
#3023 = AXIS2_PLACEMENT_3D ( 'NONE', #293, #1996, #549 ) ;
#3024 = ORIENTED_EDGE ( 'NONE', *, *, #85, .T. ) ;
#3025 = DATE_AND_TIME ( #2356, #2131 ) ;
#3026 = CARTESIAN_POINT ( 'NONE',  ( 17.25000000000000000, 0.0000000000000000000, 52.54999999999999700 ) ) ;
#3027 = VECTOR ( 'NONE', #223, 1000.000000000000000 ) ;
#3028 = CARTESIAN_POINT ( 'NONE',  ( 27.00000000000000400, 0.0000000000000000000, -82.50000000000000000 ) ) ;
#3029 = ORIENTED_EDGE ( 'NONE', *, *, #1680, .T. ) ;
#3030 = CARTESIAN_POINT ( 'NONE',  ( 39.97008733689816800, -20.99908282198867200, -48.17228617243287700 ) ) ;
#3031 = VECTOR ( 'NONE', #437, 1000.000000000000000 ) ;
#3032 = CARTESIAN_POINT ( 'NONE',  ( 11.14061677016722900, -36.32695125330705800, -64.66260701682331600 ) ) ;
#3033 = CARTESIAN_POINT ( 'NONE',  ( 6.828408579098442600, 51.78233873271904000, 53.82422208559368900 ) ) ;
#3034 = DIRECTION ( 'NONE',  ( 0.0000000000000000000, 0.0000000000000000000, -1.000000000000000000 ) ) ;
#3035 = ORIENTED_EDGE ( 'NONE', *, *, #329, .T. ) ;
#3036 = AXIS2_PLACEMENT_3D ( 'NONE', #965, #106, #2557 ) ;
#3037 = VERTEX_POINT ( 'NONE', #241 ) ;
#3038 = CARTESIAN_POINT ( 'NONE',  ( 13.15794197778182500, 54.83060995763026600, 49.45258967359645700 ) ) ;
#3039 = CARTESIAN_POINT ( 'NONE',  ( -10.41475823672072000, -18.58475402559621900, -71.91072867222797500 ) ) ;
#3040 = CARTESIAN_POINT ( 'NONE',  ( -11.69991707976578400, -16.28404808511377800, -62.84910458583046700 ) ) ;
#3041 = EDGE_CURVE ( 'NONE', #2203, #2203, #2016, .T. ) ;
#3042 = AXIS2_PLACEMENT_3D ( 'NONE', #1399, #2688, #2783 ) ;
#3043 = DIRECTION ( 'NONE',  ( 0.0000000000000000000, 0.0000000000000000000, 1.000000000000000000 ) ) ;
#3044 = CARTESIAN_POINT ( 'NONE',  ( 41.06410161513775100, 52.54999999999999700, 2.121080424092025200E-016 ) ) ;
ENDSEC;
END-ISO-10303-21;
