ISO-10303-21;
HEADER;
FILE_DESCRIPTION (( 'STEP AP203' ),
    '1' );
FILE_NAME ('UCFL-208.STEP',
    '2019-03-08T12:12:53',
    ( '' ),
    ( '' ),
    'SwSTEP 2.0',
    'SolidWorks 2017',
    '' );
FILE_SCHEMA (( 'CONFIG_CONTROL_DESIGN' ));
ENDSEC;

DATA;
#1 = CYLINDRICAL_SURFACE ( 'NONE', #1489, 45.00000000000000000 ) ;
#2 = CIRCLE ( 'NONE', #1499, 15.50000000000000000 ) ;
#3 = B_SPLINE_CURVE_WITH_KNOTS ( 'NONE', 3,
 ( #2427, #2466, #2479, #2480, #2482, #2483, #2491, #2492, #2495, #2505, #2517, #2535, #2538, #2542, #2547, #2588, #2593, #2601, #2611, #2613, #2617, #2622, #2628, #2632, #2640, #2651, #2659, #2974, #2959, #2931, #2899, #2814, #2663, #2675, #2677, #2681, #2682, #2686, #2694, #2710, #2720, #2738, #2741, #2744, #2749, #2756, #2758, #2762, #2763, #2769, #2773, #2780, #2781, #2785, #2788, #2796, #2806, #2807, #2822, #2835, #2844, #2852, #2856, #2861, #2900, #2908 ),
 .UNSPECIFIED., .T., .F.,
 ( 4, 2, 2, 2, 2, 2, 2, 2, 2, 2, 2, 2, 2, 2, 2, 2, 2, 2, 2, 2, 2, 2, 2, 2, 2, 2, 2, 2, 2, 2, 2, 2, 4 ),
 ( 0.0000000000000000000, 0.0007834887128544082500, 0.001566977425708816500, 0.002350466138563225000, 0.003133954851417633000, 0.003917443564272041000, 0.004700932277126447300, 0.005484420989980853600, 0.006267909702835259100, 0.007051398415689666200, 0.007834887128544073400, 0.008618375841398479700, 0.009401864554252886000, 0.01018535326710729400, 0.01096884197996170000, 0.01175233069281610800, 0.01253581940567051300, 0.01331930811852492100, 0.01410279683137932700, 0.01488628554423373200, 0.01566977425708813600, 0.01645326296994253900, 0.01723675168279694200, 0.01802024039565134500, 0.01880372910850574800, 0.01958721782136015400, 0.02037070653421455700, 0.02115419524706895600, 0.02193768395992335900, 0.02272117267277776200, 0.02350466138563216500, 0.02428815009848656800, 0.02507163881134097000 ),
 .UNSPECIFIED. ) ;
#4 = EDGE_CURVE ( 'E1214', #1173, #2279, #1037, .T. ) ;
#5 = FACE_BOUND ( 'NONE', #307, .T. ) ;
#6 = CARTESIAN_POINT ( 'NONE',  ( 22.19999999999999900, 26.45874999999999800, 0.0000000000000000000 ) ) ;
#7 = FACE_OUTER_BOUND ( 'NONE', #2448, .T. ) ;
#8 = CYLINDRICAL_SURFACE ( 'NONE', #1493, 44.00000000000000000 ) ;
#9 = DIRECTION ( 'NONE',  ( 1.000000000000000000, 0.0000000000000000000, 0.0000000000000000000 ) ) ;
#10 = EDGE_CURVE ( 'NONE', #2642, #2642, #1042, .T. ) ;
#11 = CARTESIAN_POINT ( 'NONE',  ( -14.00000000000000000, 0.0000000000000000000, 15.50000000000000000 ) ) ;
#12 = DIRECTION ( 'NONE',  ( 0.0000000000000000000, 0.0000000000000000000, 1.000000000000000000 ) ) ;
#13 = FACE_OUTER_BOUND ( 'NONE', #2848, .T. ) ;
#14 = EDGE_CURVE ( 'E1229', #1486, #2279, #1030, .T. ) ;
#15 = FACE_OUTER_BOUND ( 'NONE', #1391, .T. ) ;
#16 = CARTESIAN_POINT ( 'NONE',  ( 21.04529946162074700, -14.16955080756886100, -20.54238191913789900 ) ) ;
#17 = ORIENTED_EDGE ( 'NONE', *, *, #2734, .F. ) ;
#18 = DIRECTION ( 'NONE',  ( 0.0000000000000000000, 0.0000000000000000000, 1.000000000000000000 ) ) ;
#19 = FACE_OUTER_BOUND ( 'NONE', #1626, .T. ) ;
#20 = FACE_OUTER_BOUND ( 'NONE', #2921, .T. ) ;
#21 = ORIENTED_EDGE ( 'NONE', *, *, #1084, .T. ) ;
#22 = CARTESIAN_POINT ( 'NONE',  ( 22.19999999999999900, 26.45874999999999800, 0.0000000000000000000 ) ) ;
#23 = DIRECTION ( 'NONE',  ( 1.000000000000000000, 0.0000000000000000000, 0.0000000000000000000 ) ) ;
#24 = FACE_OUTER_BOUND ( 'NONE', #1880, .T. ) ;
#25 = FACE_OUTER_BOUND ( 'NONE', #1072, .T. ) ;
#26 = PLANE ( 'NONE',  #1765 ) ;
#27 = CARTESIAN_POINT ( 'NONE',  ( -7.825566526836821500, 46.41065319679761100, -15.49999999999999800 ) ) ;
#28 = TOROIDAL_SURFACE ( 'NONE', #1502, 46.25365796477680600, 1.260000000000000000 ) ;
#29 = CARTESIAN_POINT ( 'NONE',  ( 26.02345474182081400, 26.47175125127338200, -1.245280402468139600 ) ) ;
#30 = B_SPLINE_CURVE_WITH_KNOTS ( 'NONE', 3,
 ( #2999, #2992, #89, #27, #3005, #77, #33, #2928, #34, #482 ),
 .UNSPECIFIED., .F., .F.,
 ( 4, 2, 2, 2, 4 ),
 ( 0.007713915962536285900, 0.008202544193175212800, 0.008691172423814138800, 0.009179800654453064800, 0.009668428885091990800 ),
 .UNSPECIFIED. ) ;
#31 = EDGE_CURVE ( 'E1235', #2279, #1191, #1041, .T. ) ;
#32 = FACE_OUTER_BOUND ( 'NONE', #2478, .T. ) ;
#33 = CARTESIAN_POINT ( 'NONE',  ( -8.257792575842948700, 46.90322040810606600, -15.50000000000000000 ) ) ;
#34 = CARTESIAN_POINT ( 'NONE',  ( -8.399999999999998600, 47.37374105615876400, -15.50000000000000000 ) ) ;
#35 = CARTESIAN_POINT ( 'NONE',  ( 18.15882837264874900, 26.49998962964992800, 0.2544538578462900400 ) ) ;
#36 = TOROIDAL_SURFACE ( 'NONE', #1508, 50.00000000000000000, 1.260000000000000000 ) ;
#37 = DIRECTION ( 'NONE',  ( 0.0000000000000000000, 0.8660254037844389300, -0.4999999999999995600 ) ) ;
#38 = EDGE_LOOP ( 'NONE', ( #1924 ) ) ;
#39 = FACE_OUTER_BOUND ( 'NONE', #712, .T. ) ;
#40 = B_SPLINE_CURVE_WITH_KNOTS ( 'NONE', 3,
 ( #1334, #1246, #1335, #1339, #1340, #1344, #1349, #1351, #1355, #1357, #1362, #1366, #1367, #1373, #1376, #1377, #1384, #1388 ),
 .UNSPECIFIED., .T., .F.,
 ( 4, 2, 2, 2, 2, 2, 2, 2, 4 ),
 ( 0.0000000000000000000, 0.0004129605286131713300, 0.0008259210572263426700, 0.001238881585839513900, 0.001651842114452685300, 0.002064802643065856800, 0.002477763171679027800, 0.002890723700292199200, 0.003303684228905370700 ),
 .UNSPECIFIED. ) ;
#41 = DIRECTION ( 'NONE',  ( 0.0000000000000000000, 0.0000000000000000000, 1.000000000000000000 ) ) ;
#42 = EDGE_LOOP ( 'NONE', ( #839, #1851, #1488, #1903, #2181, #1603 ) ) ;
#43 = CIRCLE ( 'NONE', #1519, 33.92462120245874500 ) ;
#44 = CARTESIAN_POINT ( 'NONE',  ( 18.18578173186906700, 26.49638756113978400, -0.5035585840593942400 ) ) ;
#45 = CARTESIAN_POINT ( 'NONE',  ( -8.400000000000007500, 47.37293585867215700, 15.50000000000000200 ) ) ;
#46 = PLANE ( 'NONE',  #1723 ) ;
#47 = EDGE_LOOP ( 'NONE', ( #2429 ) ) ;
#48 = CARTESIAN_POINT ( 'NONE',  ( 18.37652449770037700, 26.47175378469712800, -1.245235050481652900 ) ) ;
#49 = FACE_OUTER_BOUND ( 'NONE', #1386, .T. ) ;
#50 = ORIENTED_EDGE ( 'NONE', *, *, #4, .T. ) ;
#51 = DIRECTION ( 'NONE',  ( 1.000000000000000000, 0.0000000000000000000, 0.0000000000000000000 ) ) ;
#52 = FACE_OUTER_BOUND ( 'NONE', #47, .T. ) ;
#53 = DIRECTION ( 'NONE',  ( 0.0000000000000000000, 0.0000000000000000000, 1.000000000000000000 ) ) ;
#54 = CARTESIAN_POINT ( 'NONE',  ( 18.48308574722259900, 26.45874999999999800, -1.478021798722890100 ) ) ;
#55 = FACE_OUTER_BOUND ( 'NONE', #1240, .T. ) ;
#56 = CARTESIAN_POINT ( 'NONE',  ( 0.0000000000000000000, 0.0000000000000000000, 0.0000000000000000000 ) ) ;
#57 = CYLINDRICAL_SURFACE ( 'NONE', #1538, 15.50000000000000000 ) ;
#58 = DIRECTION ( 'NONE',  ( 0.0000000000000000000, 0.0000000000000000000, -1.000000000000000000 ) ) ;
#59 = CARTESIAN_POINT ( 'NONE',  ( 6.841840502995228900, -34.14606520268173300, 19.67878056682851100 ) ) ;
#60 = LINE ( 'NONE', #774, #63 ) ;
#61 = DIRECTION ( 'NONE',  ( -1.000000000000000000, 0.0000000000000000000, 0.0000000000000000000 ) ) ;
#62 = CYLINDRICAL_SURFACE ( 'NONE', #1545, 15.50000000000000000 ) ;
#63 = VECTOR ( 'NONE', #782, 1000.000000000000000 ) ;
#64 = DIRECTION ( 'NONE',  ( 0.0000000000000000000, 0.0000000000000000000, 1.000000000000000000 ) ) ;
#65 = FACE_OUTER_BOUND ( 'NONE', #1055, .T. ) ;
#66 = VECTOR ( 'NONE', #858, 1000.000000000000100 ) ;
#67 = EDGE_CURVE ( 'E1250', #1585, #1191, #1020, .T. ) ;
#68 = ORIENTED_EDGE ( 'NONE', *, *, #2434, .F. ) ;
#69 = FACE_BOUND ( 'NONE', #186, .T. ) ;
#70 = DIRECTION ( 'NONE',  ( 0.0000000000000000000, 0.0000000000000000000, 1.000000000000000000 ) ) ;
#71 = FACE_OUTER_BOUND ( 'NONE', #571, .T. ) ;
#72 = CARTESIAN_POINT ( 'NONE',  ( 26.24117162735125700, 26.49998962964992400, -0.2544538578462892100 ) ) ;
#73 = LINE ( 'NONE', #886, #66 ) ;
#74 = CYLINDRICAL_SURFACE ( 'NONE', #1571, 4.000000000000000000 ) ;
#75 = FACE_OUTER_BOUND ( 'NONE', #38, .T. ) ;
#76 = CONICAL_SURFACE ( 'NONE', #1602, 3.958749999999999300, 0.7853981633974497200 ) ;
#77 = CARTESIAN_POINT ( 'NONE',  ( -8.172714895523151700, 46.75887659257585200, -15.50000000000000500 ) ) ;
#78 = EDGE_LOOP ( 'NONE', ( #2116, #2705, #2989, #1061 ) ) ;
#79 = CARTESIAN_POINT ( 'NONE',  ( 18.29491802419928300, 26.48222820878568500, -1.001855346593925100 ) ) ;
#80 = FACE_OUTER_BOUND ( 'NONE', #945, .T. ) ;
#81 = EDGE_CURVE ( 'E1271', #1862, #2936, #1033, .T. ) ;
#82 = FACE_OUTER_BOUND ( 'NONE', #1217, .T. ) ;
#83 = FACE_OUTER_BOUND ( 'NONE', #1892, .T. ) ;
#84 = CARTESIAN_POINT ( 'NONE',  ( 18.15867196141931600, 26.50001032614584100, -0.2522892219070707600 ) ) ;
#85 = CLOSED_SHELL ( 'NONE', ( #1591, #1643, #392, #1577, #1551, #1558, #1389, #1557 ) ) ;
#86 = CARTESIAN_POINT ( 'NONE',  ( -8.400000000000000400, 0.0000000000000000000, 0.0000000000000000000 ) ) ;
#87 = ORIENTED_EDGE ( 'NONE', *, *, #2418, .T. ) ;
#88 = FACE_BOUND ( 'NONE', #342, .T. ) ;
#89 = CARTESIAN_POINT ( 'NONE',  ( -7.533366149183856400, 46.26467861944335900, -15.50000000000000200 ) ) ;
#90 = DIRECTION ( 'NONE',  ( -1.000000000000000000, 0.0000000000000000000, 0.0000000000000000000 ) ) ;
#91 = FACE_OUTER_BOUND ( 'NONE', #2777, .T. ) ;
#92 = CARTESIAN_POINT ( 'NONE',  ( -7.205943304866109700, 0.0000000000000000000, 0.0000000000000000000 ) ) ;
#93 = DIRECTION ( 'NONE',  ( -6.123031769111888800E-017, 1.000000000000000000, 0.0000000000000000000 ) ) ;
#94 = FACE_OUTER_BOUND ( 'NONE', #1531, .T. ) ;
#95 = VECTOR ( 'NONE', #2263, 1000.000000000000000 ) ;
#96 = CARTESIAN_POINT ( 'NONE',  ( -19.00000000000000000, 0.0000000000000000000, 0.0000000000000000000 ) ) ;
#97 = EDGE_LOOP ( 'NONE', ( #1632 ) ) ;
#98 = FACE_OUTER_BOUND ( 'NONE', #820, .T. ) ;
#99 = EDGE_CURVE ( 'E1277', #2936, #2786, #994, .T. ) ;
#100 = APPROVAL_STATUS ( 'not_yet_approved' ) ;
#101 = FACE_BOUND ( 'NONE', #137, .T. ) ;
#102 = LINE ( 'NONE', #2375, #95 ) ;
#103 = DIRECTION ( 'NONE',  ( 6.123031769111888800E-017, 0.0000000000000000000, -1.000000000000000000 ) ) ;
#104 = CARTESIAN_POINT ( 'NONE',  ( 23.35470053837925200, 26.50000000000000000, -2.000000000000000000 ) ) ;
#105 = CARTESIAN_POINT ( 'NONE',  ( 26.10386650157060000, 26.48207272451084600, -1.005414051503787700 ) ) ;
#106 = DATE_TIME_ROLE ( 'classification_date' ) ;
#107 = PERSON_AND_ORGANIZATION_ROLE ( 'classification_officer' ) ;
#108 = CARTESIAN_POINT ( 'NONE',  ( 26.21290089854484900, 26.49621448481239100, -0.5115185002131298300 ) ) ;
#109 = PLANE ( 'NONE',  #1922 ) ;
#110 = SECURITY_CLASSIFICATION_LEVEL ( 'unclassified' ) ;
#111 = PERSON_AND_ORGANIZATION_ROLE ( 'design_supplier' ) ;
#112 = EDGE_CURVE ( 'E1292', #999, #2786, #1017, .T. ) ;
#113 = CARTESIAN_POINT ( 'NONE',  ( 26.24132803858068600, 26.50001032614584100, 0.2522892219070674300 ) ) ;
#114 = CARTESIAN_POINT ( 'NONE',  ( 26.21421826813094200, 26.49638756113978400, 0.5035585840593884700 ) ) ;
#115 = FACE_OUTER_BOUND ( 'NONE', #251, .T. ) ;
#116 = CARTESIAN_POINT ( 'NONE',  ( 26.10508197580071900, 26.48222820878568100, 1.001855346593915500 ) ) ;
#117 = CYLINDRICAL_SURFACE ( 'NONE', #1598, 4.000000000000000900 ) ;
#118 = PERSON_AND_ORGANIZATION_ROLE ( 'creator' ) ;
#119 = DIRECTION ( 'NONE',  ( 0.0000000000000000000, 1.000000000000000000, 0.0000000000000000000 ) ) ;
#120 = APPROVAL_ROLE ( '' ) ;
#121 = EDGE_CURVE ( 'E1298', #2786, #1646, #983, .T. ) ;
#122 = DIRECTION ( 'NONE',  ( -2.403703357979454600E-016, 0.0000000000000000000, 1.000000000000000000 ) ) ;
#123 = EDGE_LOOP ( 'NONE', ( #1523 ) ) ;
#124 = CARTESIAN_POINT ( 'NONE',  ( 26.02347550229963600, 26.47175378469713200, 1.245235050481641000 ) ) ;
#125 = CARTESIAN_POINT ( 'NONE',  ( 25.91691425277744900, 26.45874999999999800, 1.478021798722890100 ) ) ;
#126 = FACE_OUTER_BOUND ( 'NONE', #507, .T. ) ;
#127 = FACE_OUTER_BOUND ( 'NONE', #840, .T. ) ;
#128 = CARTESIAN_POINT ( 'NONE',  ( -7.000000000000000000, 0.0000000000000000000, -15.50000000000000000 ) ) ;
#129 = CONICAL_SURFACE ( 'NONE', #1649, 25.39999999999999900, 0.7853981633974497200 ) ;
#130 = TOROIDAL_SURFACE ( 'NONE', #1619, 21.10000000000000100, 1.100000000000000100 ) ;
#131 = CARTESIAN_POINT ( 'NONE',  ( -8.400000000000000400, 79.42708333333330000, -13.60472098794100000 ) ) ;
#132 = APPROVAL_STATUS ( 'not_yet_approved' ) ;
#133 = FACE_OUTER_BOUND ( 'NONE', #2228, .T. ) ;
#134 = DATE_TIME_ROLE ( 'creation_date' ) ;
#135 = ORIENTED_EDGE ( 'NONE', *, *, #1868, .T. ) ;
#136 = DIRECTION ( 'NONE',  ( 1.000000000000000000, 0.0000000000000000000, 2.403703357979454600E-016 ) ) ;
#137 = EDGE_LOOP ( 'NONE', ( #1659 ) ) ;
#138 = DIRECTION ( 'NONE',  ( 2.933952722699443000E-017, 0.8777239347058706200, -0.4791666666666667400 ) ) ;
#139 = PERSON_AND_ORGANIZATION_ROLE ( 'creator' ) ;
#140 = APPROVAL_ROLE ( '' ) ;
#141 = CIRCLE ( 'NONE', #1635, 8.000000000000000000 ) ;
#142 = B_SPLINE_CURVE_WITH_KNOTS ( 'NONE', 3,
 ( #1758, #1750, #1776, #1778, #1794, #1797, #1798, #1805, #1808, #1809, #1813, #1815, #1822, #1826, #1827, #1829, #1833, #1834 ),
 .UNSPECIFIED., .T., .F.,
 ( 4, 2, 2, 2, 2, 2, 2, 2, 4 ),
 ( 0.0000000000000000000, 0.0004103072863954415400, 0.0008206145727908830800, 0.001230921859186324600, 0.001641229145581766200, 0.002051536431977207500, 0.002461843718372649100, 0.002872151004768090700, 0.003282458291163532300 ),
 .UNSPECIFIED. ) ;
#143 = VECTOR ( 'NONE', #2059, 1000.000000000000000 ) ;
#144 = APPROVAL_STATUS ( 'not_yet_approved' ) ;
#145 = DIRECTION ( 'NONE',  ( -1.000000000000000000, 0.0000000000000000000, -4.592273826833909800E-017 ) ) ;
#146 = CYLINDRICAL_SURFACE ( 'NONE', #1645, 44.00000000000000000 ) ;
#147 = APPLICATION_PROTOCOL_DEFINITION ( 'international standard', 'config_control_design', 1994, #149 ) ;
#148 = CONICAL_SURFACE ( 'NONE', #1656, 26.50000000000000000, 0.7853981633974482800 ) ;
#149 = APPLICATION_CONTEXT ( 'configuration controlled 3d designs of mechanical parts and assemblies' ) ;
#150 = DIRECTION ( 'NONE',  ( -4.486254031726781600E-017, 0.0000000000000000000, 1.000000000000000000 ) ) ;
#151 = FACE_OUTER_BOUND ( 'NONE', #2103, .T. ) ;
#152 = APPROVAL_ROLE ( '' ) ;
#153 = FACE_OUTER_BOUND ( 'NONE', #1845, .T. ) ;
#154 = EDGE_LOOP ( 'NONE', ( #1990, #2508, #1047, #2870 ) ) ;
#155 = DIRECTION ( 'NONE',  ( 0.0000000000000000000, 0.0000000000000000000, 1.000000000000000000 ) ) ;
#156 = CARTESIAN_POINT ( 'NONE',  ( 30.20000000000000300, 0.0000000000000000000, 0.0000000000000000000 ) ) ;
#157 = LINE ( 'NONE', #2390, #143 ) ;
#158 = FACE_OUTER_BOUND ( 'NONE', #241, .T. ) ;
#159 = PERSON_AND_ORGANIZATION_ROLE ( 'design_owner' ) ;
#160 = CIRCLE ( 'NONE', #1676, 48.72967321974699900 ) ;
#161 = DIRECTION ( 'NONE',  ( -1.000000000000000000, 0.0000000000000000000, 0.0000000000000000000 ) ) ;
#162 = ORIENTED_EDGE ( 'NONE', *, *, #1445, .T. ) ;
#163 = MECHANICAL_CONTEXT ( 'NONE', #167, 'mechanical' ) ;
#164 = DIRECTION ( 'NONE',  ( 1.000000000000000000, 0.0000000000000000000, 0.0000000000000000000 ) ) ;
#165 = B_SPLINE_CURVE_WITH_KNOTS ( 'NONE', 3,
 ( #727, #731, #680, #677, #673, #670, #669, #661, #653, #646, #645, #641, #638, #636, #628, #626, #625, #623, #621, #614, #606, #603, #602, #598, #591, #588, #586, #583 ),
 .UNSPECIFIED., .F., .F.,
 ( 4, 2, 2, 2, 2, 2, 2, 2, 2, 2, 2, 2, 2, 4 ),
 ( 0.02029303667370910300, 0.02148133639104458900, 0.02266963610838007600, 0.02326378596704781900, 0.02385793582571556200, 0.02445208568438330500, 0.02504623554305105200, 0.02623453526038653900, 0.02682868511905428200, 0.02742283497772202500, 0.02801698483638976800, 0.02861113469505751100, 0.02920528455372525500, 0.02979943441239299800 ),
 .UNSPECIFIED. ) ;
#166 = CONICAL_SURFACE ( 'NONE', #1706, 3.958749999999999800, 0.7853981633974497200 ) ;
#167 = APPLICATION_CONTEXT ( 'configuration controlled 3d designs of mechanical parts and assemblies' ) ;
#168 = EDGE_CURVE ( 'E1313', #2618, #1646, #977, .T. ) ;
#169 = DIRECTION ( 'NONE',  ( -1.000000000000000000, 0.0000000000000000000, 0.0000000000000000000 ) ) ;
#170 = FACE_OUTER_BOUND ( 'NONE', #1752, .T. ) ;
#171 = CARTESIAN_POINT ( 'NONE',  ( 6.757213969953749500, -34.28861736762765100, 19.45892425783843300 ) ) ;
#172 = ORIENTED_EDGE ( 'NONE', *, *, #2873, .T. ) ;
#173 = FACE_OUTER_BOUND ( 'NONE', #533, .T. ) ;
#174 = DIRECTION ( 'NONE',  ( 5.374331536713926100E-017, -0.4791666666666667400, -0.8777239347058706200 ) ) ;
#175 = APPLICATION_PROTOCOL_DEFINITION ( 'international standard', 'config_control_design', 1994, #167 ) ;
#176 = FACE_OUTER_BOUND ( 'NONE', #1670, .T. ) ;
#177 = B_SPLINE_CURVE_WITH_KNOTS ( 'NONE', 3,
 ( #2955, #29, #105, #108, #72, #113, #114, #116, #124, #125 ),
 .UNSPECIFIED., .F., .F.,
 ( 4, 2, 2, 2, 4 ),
 ( 3.887676822697592800E-008, 0.0007582168354655294700, 0.001516394794162832000, 0.002274572752860134400, 0.003032750711557437000 ),
 .UNSPECIFIED. ) ;
#178 = DIRECTION ( 'NONE',  ( 0.0000000000000000000, -1.000000000000000000, 0.0000000000000000000 ) ) ;
#179 = DIRECTION ( 'NONE',  ( 0.0000000000000000000, 1.000000000000000000, 0.0000000000000000000 ) ) ;
#180 = CARTESIAN_POINT ( 'NONE',  ( -7.368944205405402800, -46.22054483854067500, -15.50000000000000000 ) ) ;
#181 = FACE_BOUND ( 'NONE', #2196, .T. ) ;
#182 = CARTESIAN_POINT ( 'NONE',  ( -21.00000000000000000, -79.42708333333341400, -13.60472098794100000 ) ) ;
#183 = ORIENTED_EDGE ( 'NONE', *, *, #191, .F. ) ;
#184 =( NAMED_UNIT ( * ) SI_UNIT ( $, .STERADIAN. ) SOLID_ANGLE_UNIT ( ) );
#185 =( NAMED_UNIT ( * ) PLANE_ANGLE_UNIT ( ) SI_UNIT ( $, .RADIAN. ) );
#186 = EDGE_LOOP ( 'NONE', ( #1236 ) ) ;
#187 = CARTESIAN_POINT ( 'NONE',  ( 23.35470053837925200, 26.50000000000000000, 2.000000000000000000 ) ) ;
#188 = DIRECTION ( 'NONE',  ( 1.000000000000000000, 0.0000000000000000000, 0.0000000000000000000 ) ) ;
#189 = FACE_BOUND ( 'NONE', #2826, .T. ) ;
#190 = FACE_OUTER_BOUND ( 'NONE', #1133, .T. ) ;
#191 = EDGE_CURVE ( 'E1319', #1646, #1173, #961, .T. ) ;
#192 = DIRECTION ( 'NONE',  ( -1.000000000000000000, 0.0000000000000000000, 0.0000000000000000000 ) ) ;
#193 = DIRECTION ( 'NONE',  ( 0.0000000000000000000, -1.000000000000000000, 0.0000000000000000000 ) ) ;
#194 = CARTESIAN_POINT ( 'NONE',  ( 30.20000000000000300, 0.0000000000000000000, 0.0000000000000000000 ) ) ;
#195 = ORIENTED_EDGE ( 'NONE', *, *, #1416, .T. ) ;
#196 = DIRECTION ( 'NONE',  ( -1.000000000000000000, 0.0000000000000000000, 0.0000000000000000000 ) ) ;
#197 = FACE_OUTER_BOUND ( 'NONE', #2988, .T. ) ;
#198 = DIRECTION ( 'NONE',  ( 6.009258394948640100E-016, 0.0000000000000000000, -1.000000000000000000 ) ) ;
#199 =( LENGTH_UNIT ( ) NAMED_UNIT ( * ) SI_UNIT ( .MILLI., .METRE. ) );
#200 = CARTESIAN_POINT ( 'NONE',  ( 6.140657975818022000, -34.47776079561179300, 19.32812277859900300 ) ) ;
#201 = CYLINDRICAL_SURFACE ( 'NONE', #1684, 4.000000000000000000 ) ;
#202 = PLANE ( 'NONE',  #1787 ) ;
#203 = DIRECTION ( 'NONE',  ( 0.0000000000000000000, 0.0000000000000000000, 1.000000000000000000 ) ) ;
#204 = DIRECTION ( 'NONE',  ( 0.0000000000000000000, 0.0000000000000000000, 1.000000000000000000 ) ) ;
#205 = TOROIDAL_SURFACE ( 'NONE', #1678, 50.00000000000000000, 1.260000000000000000 ) ;
#206 = CARTESIAN_POINT ( 'NONE',  ( -8.400000000000000400, 47.53682782853729800, -15.50000000000000000 ) ) ;
#207 = CYLINDRICAL_SURFACE ( 'NONE', #1693, 4.000000000000000000 ) ;
#208 = CARTESIAN_POINT ( 'NONE',  ( 6.009156805712126300, -34.47497023112281100, 19.37487931746873600 ) ) ;
#209 = FACE_OUTER_BOUND ( 'NONE', #2964, .T. ) ;
#210 = CARTESIAN_POINT ( 'NONE',  ( 22.19999999999999900, 26.50000000000000000, -3.958749999999999800 ) ) ;
#211 = CARTESIAN_POINT ( 'NONE',  ( 5.896778121606165400, -34.44296035424633800, 19.46611321921986700 ) ) ;
#212 = FACE_BOUND ( 'NONE', #2975, .T. ) ;
#213 = CARTESIAN_POINT ( 'NONE',  ( 22.19999999999999900, 20.04125000000000200, 4.000000000000000000 ) ) ;
#214 = FACE_OUTER_BOUND ( 'NONE', #2373, .T. ) ;
#215 = CARTESIAN_POINT ( 'NONE',  ( 22.19999999999999900, 20.00000000000000000, -3.958749999999999800 ) ) ;
#216 = ORIENTED_EDGE ( 'NONE', *, *, #2462, .F. ) ;
#217 = CARTESIAN_POINT ( 'NONE',  ( 13.80594330486610100, 0.0000000000000000000, 47.51193117856760000 ) ) ;
#218 = CARTESIAN_POINT ( 'NONE',  ( -14.00000000000000000, -45.00000000000000000, 0.0000000000000000000 ) ) ;
#219 = FACE_OUTER_BOUND ( 'NONE', #1326, .T. ) ;
#220 = CARTESIAN_POINT ( 'NONE',  ( -7.000000000000000000, -72.00000000000000000, -8.000000000000000000 ) ) ;
#221 = CARTESIAN_POINT ( 'NONE',  ( -21.00000000000000000, -72.00000000000000000, -8.000000000000000000 ) ) ;
#222 = CARTESIAN_POINT ( 'NONE',  ( 15.00000000000000000, 0.0000000000000000000, 46.25365796477680600 ) ) ;
#223 = SPHERICAL_SURFACE ( 'NONE', #1712, 40.00000000000000000 ) ;
#224 = FACE_OUTER_BOUND ( 'NONE', #78, .T. ) ;
#225 = CONICAL_SURFACE ( 'NONE', #1757, 4.000000000000000000, 0.7853981633974715900 ) ;
#226 = CARTESIAN_POINT ( 'NONE',  ( 6.767115910558252300, 31.62827958548387000, 35.99173516239528700 ) ) ;
#227 = CARTESIAN_POINT ( 'NONE',  ( -10.50000000000000000, 0.0000000000000000000, -38.59727969689055300 ) ) ;
#228 = ORIENTED_EDGE ( 'NONE', *, *, #2454, .F. ) ;
#229 = CARTESIAN_POINT ( 'NONE',  ( 5.363668844413270500, 29.49741029766750000, 26.47893204527954900 ) ) ;
#230 = CARTESIAN_POINT ( 'NONE',  ( 22.19999999999999900, -16.67837806723164800, -20.97029820028765100 ) ) ;
#231 = FACE_OUTER_BOUND ( 'NONE', #1329, .T. ) ;
#232 = CARTESIAN_POINT ( 'NONE',  ( 22.19999999999999900, -6.556523384862244600, -19.35623162359490100 ) ) ;
#233 = CARTESIAN_POINT ( 'NONE',  ( 22.19999999999999900, -13.42837806723164600, -15.34113307568875200 ) ) ;
#234 = CONICAL_SURFACE ( 'NONE', #1771, 4.000000000000000000, 0.7853981633974715900 ) ;
#235 = CARTESIAN_POINT ( 'NONE',  ( 10.50000000000000000, -44.00000000000000000, 0.0000000000000000000 ) ) ;
#236 = CARTESIAN_POINT ( 'NONE',  ( -10.49999999999999500, 0.0000000000000000000, -37.65227969689055200 ) ) ;
#237 = CARTESIAN_POINT ( 'NONE',  ( -3.712310601229375200, 0.0000000000000000000, -26.50000000000000000 ) ) ;
#238 = ORIENTED_EDGE ( 'NONE', *, *, #2203, .F. ) ;
#239 = PLANE ( 'NONE',  #1918 ) ;
#240 = CARTESIAN_POINT ( 'NONE',  ( -6.671666084328270700, 39.43794343443205000, -0.3707955255394740400 ) ) ;
#241 = EDGE_LOOP ( 'NONE', ( #1271, #1529, #87, #2414 ) ) ;
#242 = CARTESIAN_POINT ( 'NONE',  ( -5.774999999999999500, 33.92462120245874500, 0.0000000000000000000 ) ) ;
#243 = CARTESIAN_POINT ( 'NONE',  ( -20.99999999999999600, 0.0000000000000000000, -45.00000000000000000 ) ) ;
#244 = CARTESIAN_POINT ( 'NONE',  ( 10.25000000000000000, -33.92462120245874500, 0.0000000000000000000 ) ) ;
#245 = EDGE_LOOP ( 'NONE', ( #1734, #1688 ) ) ;
#246 = CARTESIAN_POINT ( 'NONE',  ( -10.25000000000000000, -33.92462120245874500, -1.255221512667935900E-015 ) ) ;
#247 = CARTESIAN_POINT ( 'NONE',  ( -21.00000000000000000, 72.00000000000000000, -8.000000000000000000 ) ) ;
#248 = VERTEX_POINT ( 'NONE', #842 ) ;
#249 = FACE_BOUND ( 'NONE', #1149, .T. ) ;
#250 = CARTESIAN_POINT ( 'NONE',  ( 10.50000000000000000, 0.0000000000000000000, 26.50000000000000000 ) ) ;
#251 = EDGE_LOOP ( 'NONE', ( #2819 ) ) ;
#252 = CARTESIAN_POINT ( 'NONE',  ( 21.04529946162074700, 26.50000000000000000, 2.000000000000000000 ) ) ;
#253 = CARTESIAN_POINT ( 'NONE',  ( 3.963520129999160700, 33.93569799569665000, 34.07086112976700300 ) ) ;
#254 = FACE_OUTER_BOUND ( 'NONE', #245, .T. ) ;
#255 = CARTESIAN_POINT ( 'NONE',  ( 3.712310601229375200, 0.0000000000000000000, 26.50000000000000000 ) ) ;
#256 = CONICAL_SURFACE ( 'NONE', #1786, 4.000000000000000000, 0.7853981633974715900 ) ;
#257 = CARTESIAN_POINT ( 'NONE',  ( 22.19999999999999900, -6.333857355994950900, -18.97056274847715000 ) ) ;
#258 = FACE_OUTER_BOUND ( 'NONE', #1282, .T. ) ;
#259 = CARTESIAN_POINT ( 'NONE',  ( 15.00000000000000400, 0.0000000000000000000, -44.00000000000000000 ) ) ;
#260 = CARTESIAN_POINT ( 'NONE',  ( -7.000000000000000000, 72.00000000000000000, -8.000000000000000000 ) ) ;
#261 = CARTESIAN_POINT ( 'NONE',  ( 0.0000000000000000000, 0.0000000000000000000, 0.0000000000000000000 ) ) ;
#262 = DIRECTION ( 'NONE',  ( -1.000000000000000000, 0.0000000000000000000, -6.009258394948640100E-016 ) ) ;
#263 = CARTESIAN_POINT ( 'NONE',  ( -10.50000000000000000, 44.00000000000000000, 0.0000000000000000000 ) ) ;
#264 = ORIENTED_EDGE ( 'NONE', *, *, #2897, .T. ) ;
#265 = FACE_BOUND ( 'NONE', #601, .T. ) ;
#266 = CARTESIAN_POINT ( 'NONE',  ( 6.825000000000000200, -29.37958377509350100, 16.96231060122934800 ) ) ;
#267 = CARTESIAN_POINT ( 'NONE',  ( 6.825000000000000200, -16.96231060122934800, -29.37958377509350100 ) ) ;
#268 = FACE_OUTER_BOUND ( 'NONE', #1200, .T. ) ;
#269 = CARTESIAN_POINT ( 'NONE',  ( 10.50000000000000000, 0.0000000000000000000, 38.59727969689055300 ) ) ;
#270 = CARTESIAN_POINT ( 'NONE',  ( -7.000000000000000000, 72.00000000000000000, -15.50000000000000000 ) ) ;
#271 = FACE_OUTER_BOUND ( 'NONE', #2972, .T. ) ;
#272 = CARTESIAN_POINT ( 'NONE',  ( 10.25000000000000000, 0.0000000000000000000, 26.50000000000000000 ) ) ;
#273 = FACE_OUTER_BOUND ( 'NONE', #500, .T. ) ;
#274 = CARTESIAN_POINT ( 'NONE',  ( -17.89999999999999900, 0.0000000000000000000, 20.00000000000000000 ) ) ;
#275 = FACE_OUTER_BOUND ( 'NONE', #2242, .T. ) ;
#276 = CARTESIAN_POINT ( 'NONE',  ( 30.20000000000000300, 0.0000000000000000000, 21.10000000000000100 ) ) ;
#277 = FACE_OUTER_BOUND ( 'NONE', #757, .T. ) ;
#278 = CARTESIAN_POINT ( 'NONE',  ( 30.20000000000000300, 0.0000000000000000000, 25.39999999999999900 ) ) ;
#279 = CIRCLE ( 'NONE', #1792, 50.00000000000000000 ) ;
#280 = CARTESIAN_POINT ( 'NONE',  ( -10.23828003940248300, 0.0000000000000000000, 38.66752670956315500 ) ) ;
#281 = FACE_OUTER_BOUND ( 'NONE', #830, .T. ) ;
#282 = CARTESIAN_POINT ( 'NONE',  ( -19.00000000000000000, 0.0000000000000000000, 21.10000000000000100 ) ) ;
#283 = DIRECTION ( 'NONE',  ( 1.224606353822375800E-016, 0.0000000000000000000, -1.000000000000000000 ) ) ;
#284 = FACE_BOUND ( 'NONE', #2864, .T. ) ;
#285 = CARTESIAN_POINT ( 'NONE',  ( 6.140657975818020200, -34.47776079561180000, 19.32812277859900300 ) ) ;
#286 = ORIENTED_EDGE ( 'NONE', *, *, #2454, .T. ) ;
#287 = CARTESIAN_POINT ( 'NONE',  ( -14.00000000000000000, 0.0000000000000000000, -44.00000000000000000 ) ) ;
#288 = FACE_OUTER_BOUND ( 'NONE', #2286, .T. ) ;
#289 = CARTESIAN_POINT ( 'NONE',  ( 5.839219247560369500, -20.00324753750049900, -34.14342698865470300 ) ) ;
#290 = CARTESIAN_POINT ( 'NONE',  ( 3.712310601229375200, 0.0000000000000000000, 33.92462120245874500 ) ) ;
#291 = CIRCLE ( 'NONE', #1807, 26.50000000000000000 ) ;
#292 = FACE_OUTER_BOUND ( 'NONE', #2868, .T. ) ;
#293 = FACE_OUTER_BOUND ( 'NONE', #2851, .T. ) ;
#294 = CARTESIAN_POINT ( 'NONE',  ( 18.48308574722259900, -11.94937057495880100, -23.65296055174295000 ) ) ;
#295 = CARTESIAN_POINT ( 'NONE',  ( -6.591715438882960000, -10.63221680920862000, -37.99348961723274700 ) ) ;
#296 = BREP_WITH_VOIDS ( 'NONE', #2707, ( #2365, #2361 ) );
#297 = VECTOR ( 'NONE', #1781, 1000.000000000000000 ) ;
#298 = FACE_BOUND ( 'NONE', #2895, .T. ) ;
#299 = CARTESIAN_POINT ( 'NONE',  ( -5.774999999999999500, -8.780338065085109300, -32.76866776652860100 ) ) ;
#300 = CYLINDRICAL_SURFACE ( 'NONE', #1819, 50.00000000000000000 ) ;
#301 = CARTESIAN_POINT ( 'NONE',  ( -3.712310601229375200, 0.0000000000000000000, -33.92462120245874500 ) ) ;
#302 = LINE ( 'NONE', #1812, #308 ) ;
#303 = CARTESIAN_POINT ( 'NONE',  ( -10.24999999999999600, 0.0000000000000000000, -26.50000000000000000 ) ) ;
#304 = CYLINDRICAL_SURFACE ( 'NONE', #1825, 26.50000000000000000 ) ;
#305 = ORIENTED_EDGE ( 'NONE', *, *, #168, .F. ) ;
#306 = DIRECTION ( 'NONE',  ( 0.0000000000000000000, -1.000000000000000000, 0.0000000000000000000 ) ) ;
#307 = EDGE_LOOP ( 'NONE', ( #1088, #1043, #2352, #1828, #1982, #1637 ) ) ;
#308 = VECTOR ( 'NONE', #1878, 1000.000000000000000 ) ;
#309 = CARTESIAN_POINT ( 'NONE',  ( 23.35470053837925200, 24.87500000000000000, -2.000000000000000000 ) ) ;
#310 = LINE ( 'NONE', #1392, #297 ) ;
#311 = FACE_BOUND ( 'NONE', #2875, .T. ) ;
#312 = FACE_OUTER_BOUND ( 'NONE', #410, .T. ) ;
#313 = CARTESIAN_POINT ( 'NONE',  ( -10.49999999999999600, 0.0000000000000000000, -26.50000000000000000 ) ) ;
#314 = DIRECTION ( 'NONE',  ( 0.0000000000000000000, -1.000000000000000000, 0.0000000000000000000 ) ) ;
#315 = CARTESIAN_POINT ( 'NONE',  ( 10.49999999999999100, 0.0000000000000000000, 37.65227969689055200 ) ) ;
#316 = VECTOR ( 'NONE', #1616, 1000.000000000000000 ) ;
#317 = CARTESIAN_POINT ( 'NONE',  ( 29.10000000000000100, 0.0000000000000000000, 20.00000000000000000 ) ) ;
#318 = FACE_OUTER_BOUND ( 'NONE', #2793, .T. ) ;
#319 = CARTESIAN_POINT ( 'NONE',  ( 6.767115910558246100, 31.62827958548386700, 35.22629207176082400 ) ) ;
#320 = VECTOR ( 'NONE', #1562, 1000.000000000000100 ) ;
#321 = CARTESIAN_POINT ( 'NONE',  ( 29.10000000000000100, 0.0000000000000000000, 26.50000000000000000 ) ) ;
#322 = LINE ( 'NONE', #1573, #316 ) ;
#323 = CARTESIAN_POINT ( 'NONE',  ( -17.89999999999999900, 0.0000000000000000000, 26.50000000000000000 ) ) ;
#324 = CYLINDRICAL_SURFACE ( 'NONE', #1837, 26.50000000000000000 ) ;
#325 = EDGE_LOOP ( 'NONE', ( #2136 ) ) ;
#326 = B_SPLINE_CURVE_WITH_KNOTS ( 'NONE', 3,
 ( #2249, #2243, #2230, #2252 ),
 .UNSPECIFIED., .F., .F.,
 ( 4, 4 ),
 ( 0.09130856349021569700, 0.09151489884422163400 ),
 .UNSPECIFIED. ) ;
#327 = DIRECTION ( 'NONE',  ( 1.000000000000000000, 0.0000000000000000000, 0.0000000000000000000 ) ) ;
#328 = FACE_OUTER_BOUND ( 'NONE', #2703, .T. ) ;
#329 = SPHERICAL_SURFACE ( 'NONE', #1864, 40.00000000000000000 ) ;
#330 = CARTESIAN_POINT ( 'NONE',  ( -19.00000000000000000, 0.0000000000000000000, 25.39999999999999900 ) ) ;
#331 = EDGE_LOOP ( 'NONE', ( #1663 ) ) ;
#332 = CARTESIAN_POINT ( 'NONE',  ( 10.23828003940248800, 0.0000000000000000000, -38.66752670956315500 ) ) ;
#333 = FACE_OUTER_BOUND ( 'NONE', #2768, .T. ) ;
#334 = CARTESIAN_POINT ( 'NONE',  ( 0.0000000000000000000, 0.0000000000000000000, 0.0000000000000000000 ) ) ;
#335 = FACE_OUTER_BOUND ( 'NONE', #2698, .T. ) ;
#336 = DIRECTION ( 'NONE',  ( 0.0000000000000000000, 0.0000000000000000000, 1.000000000000000000 ) ) ;
#337 = FACE_OUTER_BOUND ( 'NONE', #2836, .T. ) ;
#338 = CARTESIAN_POINT ( 'NONE',  ( 25.91691425277744900, 26.45874999999999800, -1.478021798722890100 ) ) ;
#339 = FACE_OUTER_BOUND ( 'NONE', #2549, .T. ) ;
#340 = TOROIDAL_SURFACE ( 'NONE', #1848, 30.21231060122939700, 5.250000000000000000 ) ;
#341 = CARTESIAN_POINT ( 'NONE',  ( 25.76936389706303700, 26.43802218707773100, -1.849079939158385900 ) ) ;
#342 = EDGE_LOOP ( 'NONE', ( #2907 ) ) ;
#343 = DIRECTION ( 'NONE',  ( 0.0000000000000000000, 1.000000000000000000, 0.0000000000000000000 ) ) ;
#344 = LINE ( 'NONE', #1651, #320 ) ;
#345 = CARTESIAN_POINT ( 'NONE',  ( 25.57058359675543000, 26.41115209066118300, -2.190761263473070700 ) ) ;
#346 = CARTESIAN_POINT ( 'NONE',  ( -80.00000000000000000, 0.0000000000000000000, 0.0000000000000000000 ) ) ;
#347 = CARTESIAN_POINT ( 'NONE',  ( 3.712310601229375200, 0.0000000000000000000, 0.0000000000000000000 ) ) ;
#348 = CYLINDRICAL_SURFACE ( 'NONE', #1849, 33.92462120245874500 ) ;
#349 = CARTESIAN_POINT ( 'NONE',  ( 25.06955738879478100, 26.35189709643133300, -2.815299111757779000 ) ) ;
#350 = LINE ( 'NONE', #804, #378 ) ;
#351 = DIRECTION ( 'NONE',  ( 1.000000000000000000, -0.0000000000000000000, -0.0000000000000000000 ) ) ;
#352 = CARTESIAN_POINT ( 'NONE',  ( 24.77839744169530100, 26.32091252011847300, -3.083911434752898200 ) ) ;
#353 = CIRCLE ( 'NONE', #1857, 50.00000000000000000 ) ;
#354 = CARTESIAN_POINT ( 'NONE',  ( 24.28432724371303700, 26.27865094882119500, -3.419830510025418000 ) ) ;
#355 = FACE_BOUND ( 'NONE', #2629, .T. ) ;
#356 = CARTESIAN_POINT ( 'NONE',  ( 24.10988768298199500, 26.26529813532296500, -3.520172003525285500 ) ) ;
#357 = FACE_OUTER_BOUND ( 'NONE', #2616, .T. ) ;
#358 = DIRECTION ( 'NONE',  ( 0.0000000000000000000, 0.0000000000000000000, 1.000000000000000000 ) ) ;
#359 = FACE_OUTER_BOUND ( 'NONE', #2531, .T. ) ;
#360 = CARTESIAN_POINT ( 'NONE',  ( 23.75254392514035500, 26.24173408552269700, -3.691732554847298800 ) ) ;
#361 = CARTESIAN_POINT ( 'NONE',  ( 23.56828295623767700, 26.23139730170575500, -3.763946854764514500 ) ) ;
#362 = CYLINDRICAL_SURFACE ( 'NONE', #1859, 0.5250000000000002400 ) ;
#363 = DIRECTION ( 'NONE',  ( 1.000000000000000000, 0.0000000000000000000, 0.0000000000000000000 ) ) ;
#364 = DIRECTION ( 'NONE',  ( 0.0000000000000000000, -1.000000000000000000, 0.0000000000000000000 ) ) ;
#365 = CIRCLE ( 'NONE', #1863, 15.50000000000000000 ) ;
#366 = CARTESIAN_POINT ( 'NONE',  ( 23.18845837407177900, 26.21432921340688100, -3.881036487402502300 ) ) ;
#367 = CARTESIAN_POINT ( 'NONE',  ( 22.99140571141345300, 26.20758682744813900, -3.925976041474549900 ) ) ;
#368 = FACE_OUTER_BOUND ( 'NONE', #2584, .T. ) ;
#369 = EDGE_LOOP ( 'NONE', ( #1741 ) ) ;
#370 = CARTESIAN_POINT ( 'NONE',  ( 22.59777833826625600, 26.19865477318576900, -3.985145326320752400 ) ) ;
#371 = CARTESIAN_POINT ( 'NONE',  ( 23.35470053837925200, -14.98205080756886100, -21.94967320028759900 ) ) ;
#372 = CARTESIAN_POINT ( 'NONE',  ( 22.40018582093183100, 26.19638765183301400, -3.999909249375798800 ) ) ;
#373 = FACE_BOUND ( 'NONE', #2587, .T. ) ;
#374 = FACE_OUTER_BOUND ( 'NONE', #2596, .T. ) ;
#375 = DIRECTION ( 'NONE',  ( -1.000000000000000000, 0.0000000000000000000, -1.224606353822375800E-016 ) ) ;
#376 = CARTESIAN_POINT ( 'NONE',  ( -10.25000000000000000, 0.0000000000000000000, -1.255221512667935900E-015 ) ) ;
#377 = CARTESIAN_POINT ( 'NONE',  ( 22.00345741013341400, 26.19636006455549900, -4.000089921053370500 ) ) ;
#378 = VECTOR ( 'NONE', #779, 1000.000000000000000 ) ;
#379 = EDGE_LOOP ( 'NONE', ( #2805 ) ) ;
#380 = CARTESIAN_POINT ( 'NONE',  ( 21.80279457573196900, 26.19863960763735400, -3.985246120503350900 ) ) ;
#381 = FACE_OUTER_BOUND ( 'NONE', #2602, .T. ) ;
#382 = SPHERICAL_SURFACE ( 'NONE', #1887, 40.00000000000000000 ) ;
#383 = CARTESIAN_POINT ( 'NONE',  ( 21.40744663889589100, 26.20761503784719400, -3.925788832815329400 ) ) ;
#384 = CARTESIAN_POINT ( 'NONE',  ( 21.21409528412698700, 26.21423842587679000, -3.881643388344313500 ) ) ;
#385 = CARTESIAN_POINT ( 'NONE',  ( 20.64659776246808300, 26.23966865399233900, -3.707235560449580800 ) ) ;
#386 = CYLINDRICAL_SURFACE ( 'NONE', #1874, 26.50000000000000000 ) ;
#387 = CARTESIAN_POINT ( 'NONE',  ( 20.28049248174309200, 26.26458228427237500, -3.531545180462714000 ) ) ;
#388 = FACE_OUTER_BOUND ( 'NONE', #2562, .T. ) ;
#389 = CARTESIAN_POINT ( 'NONE',  ( 19.78981169684257000, 26.30650967004830000, -3.198448446027640600 ) ) ;
#390 = CARTESIAN_POINT ( 'NONE',  ( 19.63480956882529700, 26.32126564598198800, -3.075613522356288600 ) ) ;
#391 = CARTESIAN_POINT ( 'NONE',  ( -22.00000000000000000, 0.0000000000000000000, 0.0000000000000000000 ) ) ;
#392 = ADVANCED_FACE ( 'E1577', ( #972, #951 ), #845, .T. ) ;
#393 = CARTESIAN_POINT ( 'NONE',  ( -10.50000000000000000, 0.0000000000000000000, 0.0000000000000000000 ) ) ;
#394 = CARTESIAN_POINT ( 'NONE',  ( 19.34221004669748500, 26.35139060230708500, -2.805821995404258000 ) ) ;
#395 = CARTESIAN_POINT ( 'NONE',  ( 6.299999999999999800, 0.0000000000000000000, 0.0000000000000000000 ) ) ;
#396 = VECTOR ( 'NONE', #484, 1000.000000000000000 ) ;
#397 = CARTESIAN_POINT ( 'NONE',  ( 19.20495000958405300, 26.36674355767278400, -2.658739594546366100 ) ) ;
#398 = CARTESIAN_POINT ( 'NONE',  ( 18.95697016908367500, 26.39606190088213800, -2.349888974501967500 ) ) ;
#399 = EDGE_LOOP ( 'NONE', ( #2449, #1275, #2639, #1872 ) ) ;
#400 = CARTESIAN_POINT ( 'NONE',  ( 18.84495801977069000, 26.41015866551412800, -2.187021437623270200 ) ) ;
#401 = DIRECTION ( 'NONE',  ( -1.000000000000000000, 0.0000000000000000000, 0.0000000000000000000 ) ) ;
#402 = CARTESIAN_POINT ( 'NONE',  ( 15.00000000000000000, -79.42708333333330000, -13.60472098794100000 ) ) ;
#403 = CARTESIAN_POINT ( 'NONE',  ( 18.64498929926121200, 26.43630600388219400, -1.844252795946759400 ) ) ;
#404 = CYLINDRICAL_SURFACE ( 'NONE', #1881, 0.5250000000000002400 ) ;
#405 = CARTESIAN_POINT ( 'NONE',  ( 22.19999999999999900, 19.59591794226539800, 4.000000000000000000 ) ) ;
#406 = DIRECTION ( 'NONE',  ( 1.000000000000000000, 0.0000000000000000000, 0.0000000000000000000 ) ) ;
#407 = CARTESIAN_POINT ( 'NONE',  ( -21.00000000000000000, 79.42708333333330000, 13.60472098794100000 ) ) ;
#408 = FACE_OUTER_BOUND ( 'NONE', #2569, .T. ) ;
#409 = FACE_OUTER_BOUND ( 'NONE', #2512, .T. ) ;
#410 = EDGE_LOOP ( 'NONE', ( #2391 ) ) ;
#411 = DIRECTION ( 'NONE',  ( 0.0000000000000000000, 0.0000000000000000000, 1.000000000000000000 ) ) ;
#412 = DIRECTION ( 'NONE',  ( -6.123031769111888800E-017, 1.000000000000000000, 0.0000000000000000000 ) ) ;
#413 = DIRECTION ( 'NONE',  ( 0.0000000000000000000, 0.0000000000000000000, 1.000000000000000000 ) ) ;
#414 = CARTESIAN_POINT ( 'NONE',  ( -7.000000000000000000, 72.00000000000000000, 15.50000000000000000 ) ) ;
#415 = CARTESIAN_POINT ( 'NONE',  ( 22.19999999999999900, 26.45874999999999800, 0.0000000000000000000 ) ) ;
#416 = FACE_OUTER_BOUND ( 'NONE', #2687, .T. ) ;
#417 = EDGE_CURVE ( 'NONE', #2637, #2637, #2970, .T. ) ;
#418 = CARTESIAN_POINT ( 'NONE',  ( -7.139999999999999700, 0.0000000000000000000, 0.0000000000000000000 ) ) ;
#419 = CYLINDRICAL_SURFACE ( 'NONE', #1894, 0.5250000000000002400 ) ;
#420 = CIRCLE ( 'NONE', #1900, 48.74172678620929800 ) ;
#421 = EDGE_CURVE ( 'NONE', #2623, #2623, #935, .T. ) ;
#422 = DIRECTION ( 'NONE',  ( 0.0000000000000000000, 0.0000000000000000000, -1.000000000000000000 ) ) ;
#423 = LINE ( 'NONE', #520, #396 ) ;
#424 = DIRECTION ( 'NONE',  ( 0.0000000000000000000, -0.4999999999999998900, -0.8660254037844387100 ) ) ;
#425 = FACE_OUTER_BOUND ( 'NONE', #2459, .T. ) ;
#426 = DIRECTION ( 'NONE',  ( 0.0000000000000000000, -1.000000000000000000, 0.0000000000000000000 ) ) ;
#427 = CARTESIAN_POINT ( 'NONE',  ( 13.74000000000000000, 0.0000000000000000000, 0.0000000000000000000 ) ) ;
#428 = CARTESIAN_POINT ( 'NONE',  ( 0.0000000000000000000, 0.0000000000000000000, 0.0000000000000000000 ) ) ;
#429 = FACE_OUTER_BOUND ( 'NONE', #1446, .T. ) ;
#430 = CARTESIAN_POINT ( 'NONE',  ( 22.19999999999999900, 26.45874999999999800, 0.0000000000000000000 ) ) ;
#431 = PLANE ( 'NONE',  #1890 ) ;
#432 = CYLINDRICAL_SURFACE ( 'NONE', #1898, 33.92462120245874500 ) ;
#433 = CARTESIAN_POINT ( 'NONE',  ( -8.400000000000000400, -79.42708333333330000, 13.60472098794100000 ) ) ;
#434 = FACE_OUTER_BOUND ( 'NONE', #2471, .T. ) ;
#435 = FACE_OUTER_BOUND ( 'NONE', #2501, .T. ) ;
#436 = DIRECTION ( 'NONE',  ( -1.000000000000000000, 0.0000000000000000000, 0.0000000000000000000 ) ) ;
#437 = CARTESIAN_POINT ( 'NONE',  ( 18.48308574722259900, 26.45874999999999800, -1.478021798722890100 ) ) ;
#438 = VERTEX_POINT ( 'NONE', #1032 ) ;
#439 = DIRECTION ( 'NONE',  ( -5.374331536713926100E-017, 0.4791666666666667400, 0.8777239347058706200 ) ) ;
#440 = DIRECTION ( 'NONE',  ( -2.933952722699443000E-017, -0.8777239347058706200, 0.4791666666666667400 ) ) ;
#441 = FACE_OUTER_BOUND ( 'NONE', #2546, .T. ) ;
#442 = SPHERICAL_SURFACE ( 'NONE', #1906, 40.00000000000000000 ) ;
#443 = FACE_OUTER_BOUND ( 'NONE', #2443, .T. ) ;
#444 = DIRECTION ( 'NONE',  ( 0.0000000000000000000, 0.0000000000000000000, 1.000000000000000000 ) ) ;
#445 = CARTESIAN_POINT ( 'NONE',  ( 6.299999999999999800, 0.0000000000000000000, 0.0000000000000000000 ) ) ;
#446 = DIRECTION ( 'NONE',  ( 0.0000000000000000000, -0.8660254037844387100, 0.4999999999999998900 ) ) ;
#447 = DIRECTION ( 'NONE',  ( -6.123031769111888800E-017, 1.000000000000000000, 0.0000000000000000000 ) ) ;
#448 = CARTESIAN_POINT ( 'NONE',  ( -17.89999999999999900, 0.0000000000000000000, 0.0000000000000000000 ) ) ;
#449 = CARTESIAN_POINT ( 'NONE',  ( 22.19999999999999900, 26.45874999999999800, 0.0000000000000000000 ) ) ;
#450 = FACE_BOUND ( 'NONE', #2493, .T. ) ;
#451 = CARTESIAN_POINT ( 'NONE',  ( 18.55658372920651900, 26.44842503390045300, -1.662853779565483400 ) ) ;
#452 = CARTESIAN_POINT ( 'NONE',  ( 21.04529946162074700, 24.87500000000000000, -2.000000000000000000 ) ) ;
#453 = CARTESIAN_POINT ( 'NONE',  ( -7.205943304866109700, 0.0000000000000000000, 0.0000000000000000000 ) ) ;
#454 = CIRCLE ( 'NONE', #1919, 26.50000000000000000 ) ;
#455 = FACE_OUTER_BOUND ( 'NONE', #2745, .T. ) ;
#456 = TOROIDAL_SURFACE ( 'NONE', #1913, 30.21231060122939700, 5.250000000000000000 ) ;
#457 = FACE_OUTER_BOUND ( 'NONE', #552, .T. ) ;
#458 = ORIENTED_EDGE ( 'NONE', *, *, #2496, .T. ) ;
#459 = CYLINDRICAL_SURFACE ( 'NONE', #1923, 20.00000000000000000 ) ;
#460 = CARTESIAN_POINT ( 'NONE',  ( 0.0000000000000000000, 0.0000000000000000000, 0.0000000000000000000 ) ) ;
#461 = EDGE_LOOP ( 'NONE', ( #1793 ) ) ;
#462 = FACE_OUTER_BOUND ( 'NONE', #2476, .T. ) ;
#463 = DIRECTION ( 'NONE',  ( -1.000000000000000000, 0.0000000000000000000, 0.0000000000000000000 ) ) ;
#464 = FACE_OUTER_BOUND ( 'NONE', #1978, .T. ) ;
#465 = DIRECTION ( 'NONE',  ( -1.000000000000000000, 0.0000000000000000000, 0.0000000000000000000 ) ) ;
#466 = CARTESIAN_POINT ( 'NONE',  ( 23.35470053837925200, -11.51794919243112000, -23.94967320028764800 ) ) ;
#467 = FACE_BOUND ( 'NONE', #2455, .T. ) ;
#468 = DIRECTION ( 'NONE',  ( -1.000000000000000000, 0.0000000000000000000, -2.403703357979454600E-016 ) ) ;
#469 = CARTESIAN_POINT ( 'NONE',  ( 23.35470053837925200, 26.50000000000000000, -2.000000000000000000 ) ) ;
#470 = DIRECTION ( 'NONE',  ( 0.0000000000000000000, 0.8660254037844387100, -0.4999999999999998900 ) ) ;
#471 = DIRECTION ( 'NONE',  ( 1.000000000000000000, 0.0000000000000000000, 1.224606353822375800E-016 ) ) ;
#472 = ORIENTED_EDGE ( 'NONE', *, *, #3002, .F. ) ;
#473 = FACE_BOUND ( 'NONE', #2977, .T. ) ;
#474 = CARTESIAN_POINT ( 'NONE',  ( 24.50940107675850000, -13.25000000000000000, -22.94967320028764800 ) ) ;
#475 = FACE_BOUND ( 'NONE', #2937, .T. ) ;
#476 = CYLINDRICAL_SURFACE ( 'NONE', #1938, 7.999999999999992900 ) ;
#477 = DIRECTION ( 'NONE',  ( 0.0000000000000000000, 0.0000000000000000000, 1.000000000000000000 ) ) ;
#478 = FACE_OUTER_BOUND ( 'NONE', #123, .T. ) ;
#479 = CARTESIAN_POINT ( 'NONE',  ( 23.35470053837925200, 26.50000000000000000, -2.000000000000000000 ) ) ;
#480 = EDGE_LOOP ( 'NONE', ( #1605, #1053, #885, #2310 ) ) ;
#481 = CARTESIAN_POINT ( 'NONE',  ( -19.00000000000000000, 0.0000000000000000000, 0.0000000000000000000 ) ) ;
#482 = CARTESIAN_POINT ( 'NONE',  ( -8.400000000000000400, 47.53682782853729800, -15.50000000000000000 ) ) ;
#483 = EDGE_LOOP ( 'NONE', ( #2159 ) ) ;
#484 = DIRECTION ( 'NONE',  ( 0.0000000000000000000, 1.000000000000000000, 0.0000000000000000000 ) ) ;
#485 = DIRECTION ( 'NONE',  ( 0.0000000000000000000, 0.0000000000000000000, 1.000000000000000000 ) ) ;
#486 = FACE_OUTER_BOUND ( 'NONE', #497, .T. ) ;
#487 = CARTESIAN_POINT ( 'NONE',  ( 21.04529946162074700, 26.50000000000000000, -2.000000000000000000 ) ) ;
#488 = B_SPLINE_CURVE_WITH_KNOTS ( 'NONE', 3,
 ( #1673, #1671, #1679, #1686 ),
 .UNSPECIFIED., .F., .F.,
 ( 4, 4 ),
 ( 0.09253147120623721200, 0.09273780655581155600 ),
 .UNSPECIFIED. ) ;
#489 = FACE_OUTER_BOUND ( 'NONE', #2672, .T. ) ;
#490 = EDGE_CURVE ( 'NONE', #2619, #2619, #927, .T. ) ;
#491 = DIRECTION ( 'NONE',  ( 1.000000000000000000, 0.0000000000000000000, 0.0000000000000000000 ) ) ;
#492 = DIRECTION ( 'NONE',  ( 1.000000000000000000, 0.0000000000000000000, 0.0000000000000000000 ) ) ;
#493 = FACE_OUTER_BOUND ( 'NONE', #697, .T. ) ;
#494 = FACE_OUTER_BOUND ( 'NONE', #3004, .T. ) ;
#495 = CARTESIAN_POINT ( 'NONE',  ( -6.299999999999999800, 0.0000000000000000000, 0.0000000000000000000 ) ) ;
#496 = DIRECTION ( 'NONE',  ( -0.4999999999999998900, 0.0000000000000000000, 0.8660254037844387100 ) ) ;
#497 = EDGE_LOOP ( 'NONE', ( #162 ) ) ;
#498 = FACE_OUTER_BOUND ( 'NONE', #1106, .T. ) ;
#499 = CARTESIAN_POINT ( 'NONE',  ( 25.91691425277744900, 26.45874999999999800, -1.478021798722890100 ) ) ;
#500 = EDGE_LOOP ( 'NONE', ( #1249, #472 ) ) ;
#501 = B_SPLINE_CURVE_WITH_KNOTS ( 'NONE', 3,
 ( #550, #534, #557, #558, #561, #515, #566, #575, #563, #579, #568, #584, #594, #599, #600, #604, #607, #609, #610, #613, #616, #622, #631, #632, #635, #639, #576, #647, #642, #655, #657, #658, #660, #662, #640, #648, #675, #678, #683, #687, #693, #695, #714, #696, #700, #702, #527, #709, #710, #672, #732, #703, #668, #749, #1698, #1768, #1644, #1550, #1316, #754, #739, #760, #763, #766 ),
 .UNSPECIFIED., .T., .F.,
 ( 4, 2, 2, 2, 2, 2, 2, 2, 2, 2, 2, 2, 2, 2, 2, 2, 2, 2, 2, 2, 2, 2, 2, 2, 2, 2, 2, 2, 2, 2, 2, 4 ),
 ( 0.0000000000000000000, 0.0005862874903878225900, 0.001172574980775645200, 0.001758862471163467800, 0.002345149961551290300, 0.002931437451939113100, 0.003517724942326935500, 0.004104012432714757900, 0.004690299923102580700, 0.005276587413490403500, 0.005862874903878226300, 0.006449162394266049100, 0.007035449884653871000, 0.007621737375041693800, 0.008208024865429515800, 0.008794312355817339400, 0.009380599846205161400, 0.009966887336592983300, 0.01055317482698080700, 0.01113946231736862900, 0.01172574980775645300, 0.01231203729814427500, 0.01289832478853209800, 0.01348461227891992000, 0.01407089976930774200, 0.01465718725969556600, 0.01524347475008338800, 0.01582976224047121300, 0.01641604973085903200, 0.01700233722124685700, 0.01758862471163467900, 0.01876119969241029500 ),
 .UNSPECIFIED. ) ;
#502 = LINE ( 'NONE', #2396, #513 ) ;
#503 = FACE_OUTER_BOUND ( 'NONE', #2949, .T. ) ;
#504 = EDGE_LOOP ( 'NONE', ( #1747, #1773, #1463, #2930 ) ) ;
#505 = CARTESIAN_POINT ( 'NONE',  ( 19.89059892324149800, 26.50000000000000000, -4.242160848184054900E-016 ) ) ;
#506 = DIRECTION ( 'NONE',  ( 0.4999999999999998900, 0.0000000000000000000, 0.8660254037844387100 ) ) ;
#507 = EDGE_LOOP ( 'NONE', ( #2828 ) ) ;
#508 = CARTESIAN_POINT ( 'NONE',  ( -7.000000000000000000, 0.0000000000000000000, -15.50000000000000000 ) ) ;
#509 = DIRECTION ( 'NONE',  ( 1.000000000000000000, 0.0000000000000000000, 6.009258394948640100E-016 ) ) ;
#510 = DIRECTION ( 'NONE',  ( 0.0000000000000000000, -0.2588190451025210700, -0.9659258262890682000 ) ) ;
#511 = DIRECTION ( 'NONE',  ( 1.000000000000000000, 0.0000000000000000000, 0.0000000000000000000 ) ) ;
#512 = DIRECTION ( 'NONE',  ( 0.4999999999999998900, 0.0000000000000000000, -0.8660254037844387100 ) ) ;
#513 = VECTOR ( 'NONE', #2381, 1000.000000000000100 ) ;
#514 = DIRECTION ( 'NONE',  ( 0.0000000000000000000, 0.0000000000000000000, -1.000000000000000000 ) ) ;
#515 = CARTESIAN_POINT ( 'NONE',  ( 4.267605356228139100, 32.96800400124340800, 34.98410373387037700 ) ) ;
#516 = DIRECTION ( 'NONE',  ( 0.0000000000000000000, 0.0000000000000000000, 1.000000000000000000 ) ) ;
#517 = DIRECTION ( 'NONE',  ( -1.000000000000000000, 0.0000000000000000000, 0.0000000000000000000 ) ) ;
#518 = PLANE ( 'NONE',  #1509 ) ;
#519 = FACE_OUTER_BOUND ( 'NONE', #2316, .T. ) ;
#520 = CARTESIAN_POINT ( 'NONE',  ( -8.400000000000000400, 85.84399847396359500, -15.50000000000000000 ) ) ;
#521 = FACE_BOUND ( 'NONE', #2573, .T. ) ;
#522 = CYLINDRICAL_SURFACE ( 'NONE', #1970, 26.50000000000000000 ) ;
#523 = CARTESIAN_POINT ( 'NONE',  ( 21.04529946162074700, 26.50000000000000000, 2.000000000000000000 ) ) ;
#524 = DIRECTION ( 'NONE',  ( 0.0000000000000000000, -1.000000000000000000, 0.0000000000000000000 ) ) ;
#525 = EDGE_LOOP ( 'NONE', ( #2123, #458, #1483, #1323, #1574 ) ) ;
#526 = CARTESIAN_POINT ( 'NONE',  ( 23.35470053837925200, 26.50000000000000000, 2.000000000000000000 ) ) ;
#527 = CARTESIAN_POINT ( 'NONE',  ( 7.727298672508785800, 35.77851708933925300, 31.79962813553208200 ) ) ;
#528 = FACE_BOUND ( 'NONE', #483, .T. ) ;
#529 = DIRECTION ( 'NONE',  ( 0.0000000000000000000, 0.0000000000000000000, -1.000000000000000000 ) ) ;
#530 = DIRECTION ( 'NONE',  ( 0.0000000000000000000, -1.000000000000000000, 0.0000000000000000000 ) ) ;
#531 = CARTESIAN_POINT ( 'NONE',  ( 21.04529946162074700, -11.51794919243112000, -23.94967320028764800 ) ) ;
#532 = LINE ( 'NONE', #2607, #564 ) ;
#533 = EDGE_LOOP ( 'NONE', ( #659, #2064, #1933, #2163 ) ) ;
#534 = CARTESIAN_POINT ( 'NONE',  ( 3.963776807234928000, 33.79522784129692800, 34.21075281889687900 ) ) ;
#535 = DIRECTION ( 'NONE',  ( 1.000000000000000000, 0.0000000000000000000, 0.0000000000000000000 ) ) ;
#536 = B_SPLINE_CURVE_WITH_KNOTS ( 'NONE', 3,
 ( #1396, #1411, #1401, #1428, #1432, #1436, #1438, #1439, #1443, #1448 ),
 .UNSPECIFIED., .F., .F.,
 ( 4, 2, 2, 2, 4 ),
 ( 0.005152046438750169400, 0.005909693806323420100, 0.006667341173896671600, 0.007424988541469922300, 0.008182635909043172900 ),
 .UNSPECIFIED. ) ;
#537 = CARTESIAN_POINT ( 'NONE',  ( -80.00000000000000000, 0.0000000000000000000, 0.0000000000000000000 ) ) ;
#538 = FACE_OUTER_BOUND ( 'NONE', #2754, .T. ) ;
#539 = DIRECTION ( 'NONE',  ( -0.4999999999999998900, 0.0000000000000000000, -0.8660254037844387100 ) ) ;
#540 = DIRECTION ( 'NONE',  ( 0.0000000000000000000, 0.0000000000000000000, -1.000000000000000000 ) ) ;
#541 = CARTESIAN_POINT ( 'NONE',  ( -8.400000000000000400, -72.00000000000000000, 0.0000000000000000000 ) ) ;
#542 = DIRECTION ( 'NONE',  ( 1.000000000000000000, 0.0000000000000000000, 0.0000000000000000000 ) ) ;
#543 = FACE_BOUND ( 'NONE', #2809, .T. ) ;
#544 = DIRECTION ( 'NONE',  ( 0.0000000000000000000, -0.4999999999999998900, -0.8660254037844387100 ) ) ;
#545 = CONICAL_SURFACE ( 'NONE', #2010, 4.000000000000000000, 0.7853981633974547200 ) ;
#546 = DIRECTION ( 'NONE',  ( 0.0000000000000000000, -1.000000000000000000, 0.0000000000000000000 ) ) ;
#547 = DIRECTION ( 'NONE',  ( 0.0000000000000000000, 0.0000000000000000000, -1.000000000000000000 ) ) ;
#548 = CIRCLE ( 'NONE', #1987, 8.000000000000000000 ) ;
#549 = CARTESIAN_POINT ( 'NONE',  ( 22.19999999999999900, 26.50000000000000000, 0.0000000000000000000 ) ) ;
#550 = CARTESIAN_POINT ( 'NONE',  ( 3.963520129999162500, 33.93569799569666400, 34.07086112976701700 ) ) ;
#551 = EDGE_LOOP ( 'NONE', ( #2422, #1092 ) ) ;
#552 = EDGE_LOOP ( 'NONE', ( #183, #305, #1967, #605 ) ) ;
#553 = CARTESIAN_POINT ( 'NONE',  ( 24.50940107675850000, 26.50000000000000000, 1.414053616061350100E-016 ) ) ;
#554 = FACE_OUTER_BOUND ( 'NONE', #2711, .T. ) ;
#555 = DIRECTION ( 'NONE',  ( 0.0000000000000000000, -1.000000000000000000, 0.0000000000000000000 ) ) ;
#556 = FACE_BOUND ( 'NONE', #650, .T. ) ;
#557 = CARTESIAN_POINT ( 'NONE',  ( 3.983378161341180900, 33.65546551281139600, 34.34661262129765200 ) ) ;
#558 = CARTESIAN_POINT ( 'NONE',  ( 4.059688111466864600, 33.37739252084627100, 34.61069638579742500 ) ) ;
#559 = FACE_BOUND ( 'NONE', #2845, .T. ) ;
#560 = CARTESIAN_POINT ( 'NONE',  ( 24.50940107675850000, -12.43750000000000000, -21.54238191913789900 ) ) ;
#561 = CARTESIAN_POINT ( 'NONE',  ( 4.117322345811239800, 33.23759632795014300, 34.74024619937782200 ) ) ;
#562 = DIRECTION ( 'NONE',  ( -1.000000000000000000, 0.0000000000000000000, 0.0000000000000000000 ) ) ;
#563 = CARTESIAN_POINT ( 'NONE',  ( 4.702878242524538300, 32.47196988978218000, 35.41024664157662000 ) ) ;
#564 = VECTOR ( 'NONE', #2635, 1000.000000000000100 ) ;
#565 = CARTESIAN_POINT ( 'NONE',  ( -7.000000000000000000, -72.00000000000000000, 0.0000000000000000000 ) ) ;
#566 = CARTESIAN_POINT ( 'NONE',  ( 4.359509197944546200, 32.83858695865795600, 35.09815552545201500 ) ) ;
#567 = FACE_BOUND ( 'NONE', #1011, .T. ) ;
#568 = CARTESIAN_POINT ( 'NONE',  ( 5.129304859468018800, 32.15782050234660300, 35.66208463284296200 ) ) ;
#569 = VECTOR ( 'NONE', #2302, 1000.000000000000000 ) ;
#570 = LINE ( 'NONE', #2299, #569 ) ;
#571 = EDGE_LOOP ( 'NONE', ( #1658, #2072, #1621, #2343, #1648, #2823, #2610, #915 ) ) ;
#572 = DIRECTION ( 'NONE',  ( 1.000000000000000000, 0.0000000000000000000, 0.0000000000000000000 ) ) ;
#573 = EDGE_CURVE ( 'NONE', #2606, #2606, #922, .T. ) ;
#574 = ORIENTED_EDGE ( 'NONE', *, *, #2393, .F. ) ;
#575 = CARTESIAN_POINT ( 'NONE',  ( 4.576580606571168300, 32.59081071800278600, 35.31106367080231200 ) ) ;
#576 = CARTESIAN_POINT ( 'NONE',  ( 9.339287800561654900, 32.39717263995700600, 35.11044472124304100 ) ) ;
#577 = CARTESIAN_POINT ( 'NONE',  ( -7.000000000000000000, -72.00000000000000000, 15.50000000000000000 ) ) ;
#578 = CARTESIAN_POINT ( 'NONE',  ( 19.89059892324149800, 24.87500000000000000, -5.551115123125779700E-016 ) ) ;
#579 = CARTESIAN_POINT ( 'NONE',  ( 4.978761958723437100, 32.25616814485235300, 35.58514731362097900 ) ) ;
#580 = DIRECTION ( 'NONE',  ( 0.0000000000000000000, 0.0000000000000000000, -1.000000000000000000 ) ) ;
#581 = CARTESIAN_POINT ( 'NONE',  ( -8.400000000000000400, 85.84399847396359500, 0.0000000000000000000 ) ) ;
#582 = FACE_OUTER_BOUND ( 'NONE', #154, .T. ) ;
#583 = CARTESIAN_POINT ( 'NONE',  ( 18.48308574722259900, 26.45874999999999800, 1.478021798722890100 ) ) ;
#584 = CARTESIAN_POINT ( 'NONE',  ( 5.456270798888873200, 31.98118320290756200, 35.79491714214723400 ) ) ;
#585 = CIRCLE ( 'NONE', #1986, 44.00000000000000000 ) ;
#586 = CARTESIAN_POINT ( 'NONE',  ( 18.55616329599843100, 26.44848409618355900, 1.661796478391159800 ) ) ;
#587 = TOROIDAL_SURFACE ( 'NONE', #1999, 37.65227969689055200, 2.100000000000000100 ) ;
#588 = CARTESIAN_POINT ( 'NONE',  ( 18.64267111750235600, 26.43661679835878100, 1.839874964185578100 ) ) ;
#589 = DIRECTION ( 'NONE',  ( 1.000000000000000000, 0.0000000000000000000, 0.0000000000000000000 ) ) ;
#590 = DIRECTION ( 'NONE',  ( 0.0000000000000000000, 1.000000000000000000, 0.0000000000000000000 ) ) ;
#591 = CARTESIAN_POINT ( 'NONE',  ( 18.84320158145139600, 26.41038081110880900, 2.184406793460973000 ) ) ;
#592 = FACE_OUTER_BOUND ( 'NONE', #2971, .T. ) ;
#593 = EDGE_CURVE ( 'NONE', #2604, #2604, #925, .T. ) ;
#594 = CARTESIAN_POINT ( 'NONE',  ( 5.630343089589946000, 31.90445795962056900, 35.84959288941149000 ) ) ;
#595 = LINE ( 'NONE', #2253, #634 ) ;
#596 = FACE_OUTER_BOUND ( 'NONE', #2960, .T. ) ;
#597 = ORIENTED_EDGE ( 'NONE', *, *, #2329, .T. ) ;
#598 = CARTESIAN_POINT ( 'NONE',  ( 18.95698982236870500, 26.39606009783658500, 2.349899262955447800 ) ) ;
#599 = CARTESIAN_POINT ( 'NONE',  ( 5.990383672446466100, 31.77779888373248000, 35.93378797074023400 ) ) ;
#600 = CARTESIAN_POINT ( 'NONE',  ( 6.179009553939071300, 31.72689935880889700, 35.96395817603995200 ) ) ;
#601 = EDGE_LOOP ( 'NONE', ( #1953 ) ) ;
#602 = CARTESIAN_POINT ( 'NONE',  ( 19.20470556835141800, 26.36677193758549000, 2.658449327332321300 ) ) ;
#603 = CARTESIAN_POINT ( 'NONE',  ( 19.33940812510429900, 26.35169816999530900, 2.802918215057293800 ) ) ;
#604 = CARTESIAN_POINT ( 'NONE',  ( 6.565445240029678300, 31.65334826079629200, 35.99859842624096700 ) ) ;
#605 = ORIENTED_EDGE ( 'NONE', *, *, #906, .T. ) ;
#606 = CARTESIAN_POINT ( 'NONE',  ( 19.63071467166276900, 26.32166859578290600, 3.072150597970461700 ) ) ;
#607 = CARTESIAN_POINT ( 'NONE',  ( 6.759749023550122100, 31.63114513978570800, 36.00295163491276900 ) ) ;
#608 = LINE ( 'NONE', #2220, #611 ) ;
#609 = CARTESIAN_POINT ( 'NONE',  ( 7.150480193981911400, 31.61521851595114900, 35.98650293406996100 ) ) ;
#610 = CARTESIAN_POINT ( 'NONE',  ( 7.348968187434205200, 31.62187813659792800, 35.96520355534512000 ) ) ;
#611 = VECTOR ( 'NONE', #2192, 1000.000000000000000 ) ;
#612 = FACE_BOUND ( 'NONE', #889, .T. ) ;
#613 = CARTESIAN_POINT ( 'NONE',  ( 7.733277001591172700, 31.66391610971849200, 35.89821150479259200 ) ) ;
#614 = CARTESIAN_POINT ( 'NONE',  ( 19.78853388696799300, 26.30662284705246300, 3.197534335355872900 ) ) ;
#615 = FACE_OUTER_BOUND ( 'NONE', #2909, .T. ) ;
#616 = CARTESIAN_POINT ( 'NONE',  ( 7.920113116702626000, 31.69893053794535500, 35.85275969703909000 ) ) ;
#617 = CARTESIAN_POINT ( 'NONE',  ( -14.00000000000000000, 0.0000000000000000000, 0.0000000000000000000 ) ) ;
#618 = CIRCLE ( 'NONE', #2029, 44.00000000000000000 ) ;
#619 = UNCERTAINTY_MEASURE_WITH_UNIT (LENGTH_MEASURE( 1.000000000000000100E-005 ), #199, 'distance_accuracy_value', 'NONE');
#620 = CYLINDRICAL_SURFACE ( 'NONE', #2019, 2.458750000000002900 ) ;
#621 = CARTESIAN_POINT ( 'NONE',  ( 20.11692482448130900, 26.27855473555618800, 3.420554407288262800 ) ) ;
#622 = CARTESIAN_POINT ( 'NONE',  ( 8.283070566017263700, 31.79683743595276700, 35.73752777286328100 ) ) ;
#623 = CARTESIAN_POINT ( 'NONE',  ( 20.28827262721722800, 26.26543330837056400, 3.519164009263592500 ) ) ;
#624 = ORIENTED_EDGE ( 'NONE', *, *, #121, .T. ) ;
#625 = CARTESIAN_POINT ( 'NONE',  ( 20.64522364404076900, 26.24186759446942900, 3.690784111119646200 ) ) ;
#626 = CARTESIAN_POINT ( 'NONE',  ( 20.83236558276913900, 26.23135721990587800, 3.764229103988038900 ) ) ;
#627 = SPHERICAL_SURFACE ( 'NONE', #2012, 40.00000000000000000 ) ;
#628 = CARTESIAN_POINT ( 'NONE',  ( 21.40469456287515700, 26.20567155282946500, 3.940414679662488200 ) ) ;
#629 = FACE_OUTER_BOUND ( 'NONE', #2425, .T. ) ;
#630 = FACE_OUTER_BOUND ( 'NONE', #2608, .T. ) ;
#631 = CARTESIAN_POINT ( 'NONE',  ( 8.458596856580916400, 31.85999807837017200, 35.66754392368179100 ) ) ;
#632 = CARTESIAN_POINT ( 'NONE',  ( 8.783498490939393800, 32.00867460749853400, 35.50858205086545600 ) ) ;
#633 = PLANE ( 'NONE',  #1537 ) ;
#634 = VECTOR ( 'NONE', #2266, 1000.000000000000100 ) ;
#635 = CARTESIAN_POINT ( 'NONE',  ( 8.934967723252958300, 32.09467093595730300, 35.41902059858919900 ) ) ;
#636 = CARTESIAN_POINT ( 'NONE',  ( 21.79626516863381600, 26.19640331132939800, 3.999806693857424400 ) ) ;
#637 = FACE_OUTER_BOUND ( 'NONE', #97, .T. ) ;
#638 = CARTESIAN_POINT ( 'NONE',  ( 22.39898780091587900, 26.19635914213759900, 4.000095962056144900 ) ) ;
#639 = CARTESIAN_POINT ( 'NONE',  ( 9.215039685366372500, 32.29041971793734700, 35.21841830757681900 ) ) ;
#640 = CARTESIAN_POINT ( 'NONE',  ( 9.933901513553538000, 33.96956745766439000, 33.54214707054931900 ) ) ;
#641 = CARTESIAN_POINT ( 'NONE',  ( 22.59813315498687200, 26.19865621627428700, 3.985136781258242300 ) ) ;
#642 = CARTESIAN_POINT ( 'NONE',  ( 9.650389281018929600, 32.75060421707839000, 34.75608284800792800 ) ) ;
#643 = FACE_OUTER_BOUND ( 'NONE', #2348, .T. ) ;
#644 = CIRCLE ( 'NONE', #2024, 15.50000000000000000 ) ;
#645 = CARTESIAN_POINT ( 'NONE',  ( 22.99281065316945000, 26.20762534571201000, 3.925719862987950400 ) ) ;
#646 = CARTESIAN_POINT ( 'NONE',  ( 23.18963093749517400, 26.21437221410990400, 3.880747973173214400 ) ) ;
#647 = CARTESIAN_POINT ( 'NONE',  ( 9.556503534083416800, 32.62649130438570900, 34.88004635706167300 ) ) ;
#648 = CARTESIAN_POINT ( 'NONE',  ( 9.856623999903341400, 34.24341150730511900, 33.26902117006931500 ) ) ;
#649 = LINE ( 'NONE', #1972, #652 ) ;
#650 = EDGE_LOOP ( 'NONE', ( #891 ) ) ;
#651 = EDGE_CURVE ( 'NONE', #2600, #2600, #919, .T. ) ;
#652 = VECTOR ( 'NONE', #2069, 1000.000000000000000 ) ;
#653 = CARTESIAN_POINT ( 'NONE',  ( 23.56979900808660800, 26.23147518745382100, 3.763406023960281100 ) ) ;
#654 = FACE_OUTER_BOUND ( 'NONE', #2742, .T. ) ;
#655 = CARTESIAN_POINT ( 'NONE',  ( 9.800867602957115600, 33.00816586217428700, 34.49938042204171800 ) ) ;
#656 = LINE ( 'NONE', #2004, #721 ) ;
#657 = CARTESIAN_POINT ( 'NONE',  ( 9.857515137103458600, 33.14078847838308000, 34.36745156477654500 ) ) ;
#658 = CARTESIAN_POINT ( 'NONE',  ( 9.934004498590409700, 33.41336413583839300, 34.09623486566636100 ) ) ;
#659 = ORIENTED_EDGE ( 'NONE', *, *, #31, .F. ) ;
#660 = CARTESIAN_POINT ( 'NONE',  ( 9.953481323481030400, 33.55432967673883100, 33.95593669421263900 ) ) ;
#661 = CARTESIAN_POINT ( 'NONE',  ( 23.75395325051393400, 26.24181977028747100, 3.691121181218366400 ) ) ;
#662 = CARTESIAN_POINT ( 'NONE',  ( 9.953111863019989500, 33.83176321100983600, 33.67955669865570900 ) ) ;
#663 = FACE_BOUND ( 'NONE', #2174, .T. ) ;
#664 = CARTESIAN_POINT ( 'NONE',  ( -21.00000000000000000, 23.95833333333335000, 43.88619673529355200 ) ) ;
#665 = ORIENTED_EDGE ( 'NONE', *, *, #1743, .T. ) ;
#666 = CONICAL_SURFACE ( 'NONE', #2080, 4.000000000000000000, 0.7853981633974715900 ) ;
#667 = ORIENTED_EDGE ( 'NONE', *, *, #1636, .F. ) ;
#668 = CARTESIAN_POINT ( 'NONE',  ( 5.986976028704626500, 35.81180834201961000, 31.91550200874353000 ) ) ;
#669 = CARTESIAN_POINT ( 'NONE',  ( 24.11062854739731500, 26.26535428273520300, 3.519750677688988200 ) ) ;
#670 = CARTESIAN_POINT ( 'NONE',  ( 24.28416157679840400, 26.27863526155478600, 3.419960904865925000 ) ) ;
#671 = EDGE_CURVE ( 'NONE', #2594, #2594, #930, .T. ) ;
#672 = CARTESIAN_POINT ( 'NONE',  ( 6.754293724959507200, 35.88218197712575400, 31.76856134343374200 ) ) ;
#673 = CARTESIAN_POINT ( 'NONE',  ( 24.77945919105432500, 26.32100637598848900, 3.083153995139075000 ) ) ;
#674 = EDGE_LOOP ( 'NONE', ( #676 ) ) ;
#675 = CARTESIAN_POINT ( 'NONE',  ( 9.798706916700499600, 34.37759226830865300, 33.13516255688041000 ) ) ;
#676 = ORIENTED_EDGE ( 'NONE', *, *, #1624, .T. ) ;
#677 = CARTESIAN_POINT ( 'NONE',  ( 25.06958425877887500, 26.35190338847879900, 2.815180625913379600 ) ) ;
#678 = CARTESIAN_POINT ( 'NONE',  ( 9.648629798740071100, 34.63335646723586300, 32.88050084079540600 ) ) ;
#679 = CIRCLE ( 'NONE', #2073, 50.00000000000000000 ) ;
#680 = CARTESIAN_POINT ( 'NONE',  ( 25.56989099577905500, 26.41106706857792800, 2.191709481504530400 ) ) ;
#681 = CONICAL_SURFACE ( 'NONE', #2111, 4.000000000000001800, 0.7853981633974547200 ) ;
#682 = CARTESIAN_POINT ( 'NONE',  ( 25.91691425277744900, -11.94937057495880100, -23.65296055174295000 ) ) ;
#683 = CARTESIAN_POINT ( 'NONE',  ( 9.555463144083455900, 34.75686888415013000, 32.75777707278941600 ) ) ;
#684 = FACE_OUTER_BOUND ( 'NONE', #2465, .T. ) ;
#685 = DIRECTION ( 'NONE',  ( 0.0000000000000000000, 0.0000000000000000000, -1.000000000000000000 ) ) ;
#686 = FACE_OUTER_BOUND ( 'NONE', #1111, .T. ) ;
#687 = CARTESIAN_POINT ( 'NONE',  ( 9.335473465848801700, 34.99036892369643000, 32.52715857444722000 ) ) ;
#688 = FACE_OUTER_BOUND ( 'NONE', #480, .T. ) ;
#689 = DIRECTION ( 'NONE',  ( 0.0000000000000000000, -1.000000000000000000, 0.0000000000000000000 ) ) ;
#690 = FACE_OUTER_BOUND ( 'NONE', #2378, .T. ) ;
#691 = CARTESIAN_POINT ( 'NONE',  ( 22.19999999999999900, 26.45874999999999800, 0.0000000000000000000 ) ) ;
#692 = CLOSED_SHELL ( 'NONE', ( #1657, #1535, #1287, #1285, #1628, #1610, #1597, #1171 ) ) ;
#693 = CARTESIAN_POINT ( 'NONE',  ( 9.211028383449122000, 35.09815618606094000, 32.42143639869793500 ) ) ;
#694 = FACE_OUTER_BOUND ( 'NONE', #1044, .T. ) ;
#695 = CARTESIAN_POINT ( 'NONE',  ( 8.934087940804134900, 35.29681084210891100, 32.22909347225090900 ) ) ;
#696 = CARTESIAN_POINT ( 'NONE',  ( 8.453201084564298600, 35.54816481482696100, 31.99361454087405600 ) ) ;
#697 = EDGE_LOOP ( 'NONE', ( #50, #1363, #1079, #1568, #624, #1126 ) ) ;
#698 = FACE_OUTER_BOUND ( 'NONE', #2668, .T. ) ;
#699 = B_SPLINE_CURVE_WITH_KNOTS ( 'NONE', 3,
 ( #2624, #2691, #2621, #2620, #2614, #2609, #2603, #2599, #2598, #2592, #2586, #2583, #2580, #2577, #2568, #2567, #2563, #2558 ),
 .UNSPECIFIED., .T., .F.,
 ( 4, 2, 2, 2, 2, 2, 2, 2, 4 ),
 ( 0.0000000000000000000, 0.0004103072863954436000, 0.0008206145727908872000, 0.001230921859186330900, 0.001641229145581774400, 0.002051536431977218000, 0.002461843718372661700, 0.002872151004768105100, 0.003282458291163548800 ),
 .UNSPECIFIED. ) ;
#700 = CARTESIAN_POINT ( 'NONE',  ( 8.280875177909340600, 35.61685152130549200, 31.93214549759396100 ) ) ;
#701 = CYLINDRICAL_SURFACE ( 'NONE', #2091, 0.5250000000000002400 ) ;
#702 = CARTESIAN_POINT ( 'NONE',  ( 7.917982510541675000, 35.73221189033272100, 31.83494176603966300 ) ) ;
#703 = CARTESIAN_POINT ( 'NONE',  ( 6.176663174202856200, 35.84232577306001800, 31.86445162943229200 ) ) ;
#704 = FACE_OUTER_BOUND ( 'NONE', #2643, .T. ) ;
#705 = FACE_OUTER_BOUND ( 'NONE', #2634, .T. ) ;
#706 = EDGE_CURVE ( 'NONE', #2589, #2589, #917, .T. ) ;
#707 = DIRECTION ( 'NONE',  ( 0.0000000000000000000, 0.0000000000000000000, 1.000000000000000000 ) ) ;
#708 = EDGE_LOOP ( 'NONE', ( #1429 ) ) ;
#709 = CARTESIAN_POINT ( 'NONE',  ( 7.344088323867375800, 35.84498627734026100, 31.75851574512649500 ) ) ;
#710 = CARTESIAN_POINT ( 'NONE',  ( 7.149530585526595600, 35.86588632382785800, 31.75207014332840000 ) ) ;
#711 = FACE_BOUND ( 'NONE', #1254, .T. ) ;
#712 = EDGE_LOOP ( 'NONE', ( #2656, #2274, #1518, #1883, #1655, #1835 ) ) ;
#713 = DIRECTION ( 'NONE',  ( -0.0000000000000000000, -1.000000000000000000, -0.0000000000000000000 ) ) ;
#714 = CARTESIAN_POINT ( 'NONE',  ( 8.779673476024575200, 35.38846089457394600, 32.14176269041195900 ) ) ;
#715 = FACE_OUTER_BOUND ( 'NONE', #1318, .T. ) ;
#716 = ORIENTED_EDGE ( 'NONE', *, *, #1424, .T. ) ;
#717 = CIRCLE ( 'NONE', #2057, 50.00000000000000000 ) ;
#718 = DIRECTION ( 'NONE',  ( 0.0000000000000000000, -1.000000000000000000, 0.0000000000000000000 ) ) ;
#719 = CARTESIAN_POINT ( 'NONE',  ( 22.19999999999999900, 20.04125000000000200, 0.0000000000000000000 ) ) ;
#720 = ORIENTED_EDGE ( 'NONE', *, *, #1767, .F. ) ;
#721 = VECTOR ( 'NONE', #1957, 1000.000000000000000 ) ;
#722 = DIRECTION ( 'NONE',  ( 0.0000000000000000000, 0.0000000000000000000, -1.000000000000000000 ) ) ;
#723 = FACE_BOUND ( 'NONE', #2653, .T. ) ;
#724 = DIRECTION ( 'NONE',  ( 0.0000000000000000000, -1.000000000000000000, 0.0000000000000000000 ) ) ;
#725 = EDGE_CURVE ( 'NONE', #2582, #2582, #908, .T. ) ;
#726 = CARTESIAN_POINT ( 'NONE',  ( 22.19999999999999900, 20.00000000000000000, 0.0000000000000000000 ) ) ;
#727 = CARTESIAN_POINT ( 'NONE',  ( 25.91691425277744900, 26.45874999999999800, 1.478021798722890100 ) ) ;
#728 = CARTESIAN_POINT ( 'NONE',  ( -8.400000000000000400, 72.00000000000000000, 15.50000000000000000 ) ) ;
#729 = FACE_OUTER_BOUND ( 'NONE', #525, .T. ) ;
#730 = CIRCLE ( 'NONE', #2158, 50.00000000000000000 ) ;
#731 = CARTESIAN_POINT ( 'NONE',  ( 25.76972191676153700, 26.43807248153685300, 1.848179594845969800 ) ) ;
#732 = CARTESIAN_POINT ( 'NONE',  ( 6.559108482478499100, 35.87727884650701800, 31.79135033272283900 ) ) ;
#733 = FACE_OUTER_BOUND ( 'NONE', #325, .T. ) ;
#734 = CYLINDRICAL_SURFACE ( 'NONE', #2150, 4.000000000000001800 ) ;
#735 = DIRECTION ( 'NONE',  ( 1.000000000000000000, 5.204170427930419300E-016, -3.004629197474320000E-016 ) ) ;
#736 = TOROIDAL_SURFACE ( 'NONE', #2121, 21.10000000000000100, 1.100000000000000100 ) ;
#737 = CARTESIAN_POINT ( 'NONE',  ( 21.04529946162074700, -10.70544919243112000, -22.54238191913789900 ) ) ;
#738 = CONICAL_SURFACE ( 'NONE', #2195, 2.458750000000002900, 0.7853981633974518300 ) ;
#739 = CARTESIAN_POINT ( 'NONE',  ( 4.264833616565991500, 34.85425593207455800, 33.10548098667827300 ) ) ;
#740 = CIRCLE ( 'NONE', #2164, 50.00000000000000000 ) ;
#741 = DIRECTION ( 'NONE',  ( 0.0000000000000000000, 0.4999999999999998900, 0.8660254037844387100 ) ) ;
#742 = DIRECTION ( 'NONE',  ( 0.0000000000000000000, 0.0000000000000000000, 1.000000000000000000 ) ) ;
#743 = FACE_OUTER_BOUND ( 'NONE', #769, .T. ) ;
#744 = EDGE_CURVE ( 'NONE', #2579, #2579, #895, .T. ) ;
#745 = ORIENTED_EDGE ( 'NONE', *, *, #1624, .F. ) ;
#746 = DIRECTION ( 'NONE',  ( -1.000000000000000000, 0.0000000000000000000, 0.0000000000000000000 ) ) ;
#747 = CARTESIAN_POINT ( 'NONE',  ( 13.80594330486610100, 0.0000000000000000000, 0.0000000000000000000 ) ) ;
#748 = FACE_OUTER_BOUND ( 'NONE', #379, .T. ) ;
#749 = CARTESIAN_POINT ( 'NONE',  ( 5.624509624257537900, 35.72608000971761300, 32.04321857088113700 ) ) ;
#750 = CARTESIAN_POINT ( 'NONE',  ( 21.04529946162074700, -11.51794919243112000, -23.94967320028764800 ) ) ;
#751 = CARTESIAN_POINT ( 'NONE',  ( 24.50940107675850000, 24.87500000000000000, 1.414053616061350100E-016 ) ) ;
#752 = FACE_BOUND ( 'NONE', #2185, .T. ) ;
#753 = ADVANCED_FACE ( 'E859', ( #911 ), #876, .T. ) ;
#754 = CARTESIAN_POINT ( 'NONE',  ( 4.357688243526476800, 34.97069554851008600, 32.97444940567526600 ) ) ;
#755 = CARTESIAN_POINT ( 'NONE',  ( 21.04529946162074700, -10.70544919243112000, -22.54238191913789900 ) ) ;
#756 = DIRECTION ( 'NONE',  ( 0.0000000000000000000, 0.4999999999999998900, 0.8660254037844387100 ) ) ;
#757 = EDGE_LOOP ( 'NONE', ( #2944, #2941 ) ) ;
#758 = FACE_OUTER_BOUND ( 'NONE', #1096, .T. ) ;
#759 = DIRECTION ( 'NONE',  ( 0.0000000000000000000, -1.000000000000000000, 0.0000000000000000000 ) ) ;
#760 = CARTESIAN_POINT ( 'NONE',  ( 4.041771536743266500, 34.48891062501974900, 33.50612404204596800 ) ) ;
#761 = PLANE ( 'NONE',  #1524 ) ;
#762 = CYLINDRICAL_SURFACE ( 'NONE', #2167, 7.999999999999992900 ) ;
#763 = CARTESIAN_POINT ( 'NONE',  ( 3.963006775527630600, 34.21663830449612900, 33.79107775150729500 ) ) ;
#764 = DIRECTION ( 'NONE',  ( -1.000000000000000000, 0.0000000000000000000, 0.0000000000000000000 ) ) ;
#765 = CARTESIAN_POINT ( 'NONE',  ( -14.00000000000000000, 0.0000000000000000000, 0.0000000000000000000 ) ) ;
#766 = CARTESIAN_POINT ( 'NONE',  ( 3.963520129999162500, 33.93569799569666400, 34.07086112976701700 ) ) ;
#767 = CIRCLE ( 'NONE', #2176, 38.59727969689055300 ) ;
#768 = FACE_BOUND ( 'NONE', #1856, .T. ) ;
#769 = EDGE_LOOP ( 'NONE', ( #1917 ) ) ;
#770 = DIRECTION ( 'NONE',  ( 0.4999999999999998900, 0.0000000000000000000, -0.8660254037844387100 ) ) ;
#771 = CARTESIAN_POINT ( 'NONE',  ( 19.89059892324149800, -13.25000000000000000, -22.94967320028764800 ) ) ;
#772 = DIRECTION ( 'NONE',  ( 6.938893903907228400E-017, 0.0000000000000000000, -1.000000000000000000 ) ) ;
#773 = ORIENTED_EDGE ( 'NONE', *, *, #1001, .F. ) ;
#774 = CARTESIAN_POINT ( 'NONE',  ( 15.00000000000000000, 23.95833333333335000, 43.88619673529355200 ) ) ;
#775 = DIRECTION ( 'NONE',  ( -0.4999999999999998900, 0.0000000000000000000, -0.8660254037844387100 ) ) ;
#776 = FACE_OUTER_BOUND ( 'NONE', #708, .T. ) ;
#777 = DIRECTION ( 'NONE',  ( 1.000000000000000000, 0.0000000000000000000, 6.123031769111888800E-017 ) ) ;
#778 = CARTESIAN_POINT ( 'NONE',  ( 23.35470053837925200, 24.87500000000000000, 2.000000000000000000 ) ) ;
#779 = DIRECTION ( 'NONE',  ( -1.000000000000000000, 0.0000000000000000000, -2.403703357979454600E-016 ) ) ;
#780 = CARTESIAN_POINT ( 'NONE',  ( -8.400000000000000400, 0.0000000000000000000, 2.571673343026995000E-016 ) ) ;
#781 = FACE_OUTER_BOUND ( 'NONE', #2739, .T. ) ;
#782 = DIRECTION ( 'NONE',  ( -1.000000000000000000, 0.0000000000000000000, -6.123031769111888800E-017 ) ) ;
#783 = CARTESIAN_POINT ( 'NONE',  ( 24.50940107675850000, 26.50000000000000000, 1.414053616061350100E-016 ) ) ;
#784 = CARTESIAN_POINT ( 'NONE',  ( 10.23828003940248100, 0.0000000000000000000, 1.081037797657202100E-015 ) ) ;
#785 = FACE_OUTER_BOUND ( 'NONE', #2696, .T. ) ;
#786 = CARTESIAN_POINT ( 'NONE',  ( -21.00000000000000000, 0.0000000000000000000, 0.0000000000000000000 ) ) ;
#787 = DIRECTION ( 'NONE',  ( 1.000000000000000000, 0.0000000000000000000, 1.683833736505770000E-016 ) ) ;
#788 = ORIENTED_EDGE ( 'NONE', *, *, #2265, .F. ) ;
#789 = EDGE_CURVE ( 'NONE', #2574, #2574, #2719, .T. ) ;
#790 = TOROIDAL_SURFACE ( 'NONE', #2182, 37.65227969689055200, 2.100000000000000100 ) ;
#791 = DIRECTION ( 'NONE',  ( 1.794501612690712600E-016, 0.0000000000000000000, -1.000000000000000000 ) ) ;
#792 = CARTESIAN_POINT ( 'NONE',  ( 21.04529946162074700, 26.50000000000000000, 2.000000000000000000 ) ) ;
#793 = DIRECTION ( 'NONE',  ( 0.0000000000000000000, -1.000000000000000000, 0.0000000000000000000 ) ) ;
#794 = DIRECTION ( 'NONE',  ( -1.000000000000000000, 0.0000000000000000000, -6.123031769111888800E-017 ) ) ;
#795 = FACE_OUTER_BOUND ( 'NONE', #2906, .T. ) ;
#796 = CARTESIAN_POINT ( 'NONE',  ( 23.35470053837925200, 26.50000000000000000, -2.000000000000000000 ) ) ;
#797 = CONICAL_SURFACE ( 'NONE', #2227, 47.51193117856760000, 0.05846187207627379100 ) ;
#798 = FACE_OUTER_BOUND ( 'NONE', #1083, .T. ) ;
#799 = DIRECTION ( 'NONE',  ( 0.0000000000000000000, 0.0000000000000000000, -1.000000000000000000 ) ) ;
#800 = CARTESIAN_POINT ( 'NONE',  ( 21.04529946162074700, 26.50000000000000000, -2.000000000000000000 ) ) ;
#801 = DIRECTION ( 'NONE',  ( 0.0000000000000000000, -1.000000000000000000, 0.0000000000000000000 ) ) ;
#802 = FACE_BOUND ( 'NONE', #331, .T. ) ;
#803 = FACE_OUTER_BOUND ( 'NONE', #504, .T. ) ;
#804 = CARTESIAN_POINT ( 'NONE',  ( 23.35470053837925200, 24.87500000000000000, -2.000000000000000000 ) ) ;
#805 = DIRECTION ( 'NONE',  ( 1.000000000000000000, 0.0000000000000000000, 0.0000000000000000000 ) ) ;
#806 = DIRECTION ( 'NONE',  ( -0.06162841671621940900, -0.7044160264027592400, 0.7071067811865470200 ) ) ;
#807 = FACE_OUTER_BOUND ( 'NONE', #369, .T. ) ;
#808 = CARTESIAN_POINT ( 'NONE',  ( 15.00000000000000000, -72.00000000000000000, -2.204291436880279900E-015 ) ) ;
#809 = CARTESIAN_POINT ( 'NONE',  ( -7.000000000000000000, -72.00000000000000000, 0.0000000000000000000 ) ) ;
#810 = FACE_OUTER_BOUND ( 'NONE', #2764, .T. ) ;
#811 = CARTESIAN_POINT ( 'NONE',  ( 18.48308574722259900, 26.45874999999999800, -1.478021798722890100 ) ) ;
#812 = EDGE_CURVE ( 'NONE', #2570, #2570, #1893, .T. ) ;
#813 = CARTESIAN_POINT ( 'NONE',  ( -22.00000000000000000, -72.00000000000000000, 0.0000000000000000000 ) ) ;
#814 = SPHERICAL_SURFACE ( 'NONE', #2204, 40.00000000000000000 ) ;
#815 = DIRECTION ( 'NONE',  ( -0.4999999999999998900, 0.0000000000000000000, 0.8660254037844387100 ) ) ;
#816 = FACE_BOUND ( 'NONE', #1063, .T. ) ;
#817 = CARTESIAN_POINT ( 'NONE',  ( 21.04529946162074700, 24.87500000000000000, -2.000000000000000000 ) ) ;
#818 = FACE_BOUND ( 'NONE', #1102, .T. ) ;
#819 = CARTESIAN_POINT ( 'NONE',  ( 19.89059892324149800, 24.87500000000000000, -4.242160848184054900E-016 ) ) ;
#820 = EDGE_LOOP ( 'NONE', ( #1959 ) ) ;
#821 = DIRECTION ( 'NONE',  ( 0.0000000000000000000, -1.000000000000000000, 0.0000000000000000000 ) ) ;
#822 = DIRECTION ( 'NONE',  ( -1.000000000000000000, 0.0000000000000000000, 0.0000000000000000000 ) ) ;
#823 = DIRECTION ( 'NONE',  ( 0.0000000000000000000, 0.0000000000000000000, -1.000000000000000000 ) ) ;
#824 = FACE_OUTER_BOUND ( 'NONE', #2898, .T. ) ;
#825 = EDGE_CURVE ( 'NONE', #2566, #2566, #940, .T. ) ;
#826 = FACE_OUTER_BOUND ( 'NONE', #2833, .T. ) ;
#827 = CARTESIAN_POINT ( 'NONE',  ( 19.89059892324149800, 26.50000000000000000, -5.551115123125779700E-016 ) ) ;
#828 = CARTESIAN_POINT ( 'NONE',  ( 21.04529946162074700, 26.50000000000000000, 2.000000000000000000 ) ) ;
#829 = DIRECTION ( 'NONE',  ( 1.000000000000000000, 0.0000000000000000000, 6.123031769111888800E-017 ) ) ;
#830 = EDGE_LOOP ( 'NONE', ( #1304, #1821, #1118, #2404, #2885 ) ) ;
#831 = DIRECTION ( 'NONE',  ( 0.0000000000000000000, -1.000000000000000000, 0.0000000000000000000 ) ) ;
#832 = DIRECTION ( 'NONE',  ( 0.4999999999999998900, 0.0000000000000000000, 0.8660254037844387100 ) ) ;
#833 = CIRCLE ( 'NONE', #2248, 26.50000000000000000 ) ;
#834 = CARTESIAN_POINT ( 'NONE',  ( -21.00000000000000000, 72.00000000000000000, -4.408582873760559700E-015 ) ) ;
#835 = CIRCLE ( 'NONE', #2260, 48.74172678620929800 ) ;
#836 = DIRECTION ( 'NONE',  ( 1.000000000000000000, 0.0000000000000000000, 6.009258394948640100E-016 ) ) ;
#837 = CARTESIAN_POINT ( 'NONE',  ( 21.04529946162074700, 24.87500000000000000, 2.000000000000000000 ) ) ;
#838 = CARTESIAN_POINT ( 'NONE',  ( 10.25000000000000000, 0.0000000000000000000, 0.0000000000000000000 ) ) ;
#839 = ORIENTED_EDGE ( 'NONE', *, *, #2813, .F. ) ;
#840 = EDGE_LOOP ( 'NONE', ( #1074, #1782 ) ) ;
#841 = CIRCLE ( 'NONE', #2276, 20.00000000000000000 ) ;
#842 = CARTESIAN_POINT ( 'NONE',  ( -7.205943304866109700, -46.21153460015659700, -15.50000000000000000 ) ) ;
#843 = CARTESIAN_POINT ( 'NONE',  ( 15.00000000000000000, 72.00000000000000000, -2.204291436880279900E-015 ) ) ;
#844 = SPHERICAL_SURFACE ( 'NONE', #2254, 40.00000000000000000 ) ;
#845 = PLANE ( 'NONE',  #2345 ) ;
#846 = FACE_OUTER_BOUND ( 'NONE', #1168, .T. ) ;
#847 = VECTOR ( 'NONE', #179, 1000.000000000000000 ) ;
#848 = FACE_BOUND ( 'NONE', #1155, .T. ) ;
#849 = DIRECTION ( 'NONE',  ( 0.0000000000000000000, 0.4999999999999998900, 0.8660254037844387100 ) ) ;
#850 = DIRECTION ( 'NONE',  ( -1.000000000000000000, 0.0000000000000000000, 0.0000000000000000000 ) ) ;
#851 = CIRCLE ( 'NONE', #2291, 25.39999999999999900 ) ;
#852 = CARTESIAN_POINT ( 'NONE',  ( 21.04529946162074700, -14.16955080756886100, -20.54238191913789900 ) ) ;
#853 = VERTEX_POINT ( 'NONE', #1162 ) ;
#854 = CARTESIAN_POINT ( 'NONE',  ( 21.04529946162074700, -14.98205080756886100, -21.94967320028759900 ) ) ;
#855 = CIRCLE ( 'NONE', #2296, 38.66752670956315500 ) ;
#856 = DIRECTION ( 'NONE',  ( 0.0000000000000000000, 0.0000000000000000000, 1.000000000000000000 ) ) ;
#857 = DIRECTION ( 'NONE',  ( -1.000000000000000000, -2.081668171172169700E-016, 1.201851678989726100E-016 ) ) ;
#858 = DIRECTION ( 'NONE',  ( 0.0000000000000000000, 0.8777239347058705100, -0.4791666666666667400 ) ) ;
#859 = CARTESIAN_POINT ( 'NONE',  ( 22.46497683666056500, 19.59591794226538800, 3.999999999999999100 ) ) ;
#860 = DIRECTION ( 'NONE',  ( 0.0000000000000000000, 0.0000000000000000000, -1.000000000000000000 ) ) ;
#861 = CIRCLE ( 'NONE', #2278, 21.10000000000000100 ) ;
#862 = DIRECTION ( 'NONE',  ( -1.119176436114069100E-016, 0.0000000000000000000, 1.000000000000000000 ) ) ;
#863 = ORIENTED_EDGE ( 'NONE', *, *, #112, .F. ) ;
#864 = CARTESIAN_POINT ( 'NONE',  ( 22.19999999999999600, 19.59591794226539500, 4.000000000000000000 ) ) ;
#865 = CIRCLE ( 'NONE', #2287, 15.50000000000000000 ) ;
#866 = DIRECTION ( 'NONE',  ( -1.000000000000000000, 0.0000000000000000000, -6.123031769111888800E-017 ) ) ;
#867 = CARTESIAN_POINT ( 'NONE',  ( 22.72538848441892500, 19.60129008769727600, 3.973931629424456900 ) ) ;
#868 = CARTESIAN_POINT ( 'NONE',  ( 23.23749806170434700, 19.62169570323981600, 3.871919863176384300 ) ) ;
#869 = CIRCLE ( 'NONE', #2312, 44.00000000000000000 ) ;
#870 = CARTESIAN_POINT ( 'NONE',  ( 23.49189563126533300, 19.63697466076066100, 3.794691334972193800 ) ) ;
#871 = LINE ( 'NONE', #128, #847 ) ;
#872 = DIRECTION ( 'NONE',  ( 1.000000000000000000, 0.0000000000000000000, 6.123031769111888800E-017 ) ) ;
#873 = B_SPLINE_CURVE_WITH_KNOTS ( 'NONE', 3,
 ( #1469, #1503, #1539, #963, #1543, #1497, #1623, #1593, #1697, #1247 ),
 .UNSPECIFIED., .F., .F.,
 ( 4, 2, 2, 2, 4 ),
 ( 0.01736686542833972000, 0.01812452960791027100, 0.01888219378748082200, 0.01963985796705137000, 0.02039752214662192100 ),
 .UNSPECIFIED. ) ;
#874 = CARTESIAN_POINT ( 'NONE',  ( 23.97595031700361200, 19.67474978325616400, 3.593699642614867100 ) ) ;
#875 = CARTESIAN_POINT ( 'NONE',  ( 24.20542505728357300, 19.69708549066273000, 3.470804145270392400 ) ) ;
#876 = CYLINDRICAL_SURFACE ( 'NONE', #2304, 4.000000000000000900 ) ;
#877 = CARTESIAN_POINT ( 'NONE',  ( 24.63971387497047200, 19.74602873890896100, 3.180567132365468700 ) ) ;
#878 = DIRECTION ( 'NONE',  ( 1.000000000000000000, 0.0000000000000000000, 0.0000000000000000000 ) ) ;
#879 = VECTOR ( 'NONE', #1400, 1000.000000000000000 ) ;
#880 = CARTESIAN_POINT ( 'NONE',  ( -21.00000000000000000, -72.00000000000000000, 0.0000000000000000000 ) ) ;
#881 = LINE ( 'NONE', #1332, #879 ) ;
#882 = CARTESIAN_POINT ( 'NONE',  ( 6.660612662803960600, -34.35842501668625500, 19.36889000005375300 ) ) ;
#883 = CARTESIAN_POINT ( 'NONE',  ( 24.84480410444787100, 19.77275498830501400, 3.012093383346110100 ) ) ;
#884 = CARTESIAN_POINT ( 'NONE',  ( 0.0000000000000000000, 0.0000000000000000000, 0.0000000000000000000 ) ) ;
#885 = ORIENTED_EDGE ( 'NONE', *, *, #2447, .T. ) ;
#886 = CARTESIAN_POINT ( 'NONE',  ( -8.400000000000000400, -79.42708333333330000, -13.60472098794100000 ) ) ;
#887 = CARTESIAN_POINT ( 'NONE',  ( 25.21271544369136200, 19.82531980628036500, 2.644095489244910000 ) ) ;
#888 = CARTESIAN_POINT ( 'NONE',  ( 25.37805611839695200, 19.85142959308489800, 2.443170983070854300 ) ) ;
#889 = EDGE_LOOP ( 'NONE', ( #2911 ) ) ;
#890 = DIRECTION ( 'NONE',  ( -0.5000000000000001100, 0.7500000000000001100, -0.4330127018922190800 ) ) ;
#891 = ORIENTED_EDGE ( 'NONE', *, *, #1926, .T. ) ;
#892 = CARTESIAN_POINT ( 'NONE',  ( -8.400000000000000400, 79.42708333333330000, 13.60472098794100000 ) ) ;
#893 = CARTESIAN_POINT ( 'NONE',  ( 25.67050730397204100, 19.90034263887055500, 2.006166542756707000 ) ) ;
#894 = CARTESIAN_POINT ( 'NONE',  ( 25.79434913912409000, 19.92259308998455200, 1.774393358630596400 ) ) ;
#895 = CIRCLE ( 'NONE', #2313, 33.92462120245874500 ) ;
#896 = CARTESIAN_POINT ( 'NONE',  ( 25.99407456938885000, 19.95959347114217100, 1.293373761521078500 ) ) ;
#897 = CARTESIAN_POINT ( 'NONE',  ( 26.07124987309140000, 19.97458445818368500, 1.040579362871349800 ) ) ;
#898 = CARTESIAN_POINT ( 'NONE',  ( -8.400000000000000400, -47.53682782853729800, 15.50000000000000000 ) ) ;
#899 = EDGE_CURVE ( 'NONE', #2561, #2561, #40, .T. ) ;
#900 = CARTESIAN_POINT ( 'NONE',  ( 26.17427494523768800, 19.99480707677738400, 0.5239462281569403600 ) ) ;
#901 = CARTESIAN_POINT ( 'NONE',  ( -8.399999999999998600, -47.37375055228158500, 15.49999999999999800 ) ) ;
#902 = CIRCLE ( 'NONE', #2300, 21.10000000000000100 ) ;
#903 = CARTESIAN_POINT ( 'NONE',  ( 26.19984439655013400, 19.99996887931524700, 0.2639713456242775400 ) ) ;
#904 = CARTESIAN_POINT ( 'NONE',  ( 26.20015420099057500, 20.00003084019291700, -0.2592343268581928700 ) ) ;
#905 = LINE ( 'NONE', #2922, #2987 ) ;
#906 = EDGE_CURVE ( 'E1219', #1087, #1173, #881, .T. ) ;
#907 = CARTESIAN_POINT ( 'NONE',  ( -8.370752199313058000, -47.20888258007155300, 15.49999999999999800 ) ) ;
#908 = CIRCLE ( 'NONE', #2317, 26.50000000000000000 ) ;
#909 = CARTESIAN_POINT ( 'NONE',  ( 26.17402559637452700, 19.99475835965954900, -0.5250386693683383200 ) ) ;
#910 = CARTESIAN_POINT ( 'NONE',  ( 26.07168359357598000, 19.97466936570667400, -1.038562081055640200 ) ) ;
#911 = FACE_OUTER_BOUND ( 'NONE', #551, .T. ) ;
#912 = CARTESIAN_POINT ( 'NONE',  ( -8.257639031507634900, -46.90290524050685400, 15.50000000000000000 ) ) ;
#913 = CARTESIAN_POINT ( 'NONE',  ( 25.99596950353873100, 19.95995078796765300, -1.288234373327631400 ) ) ;
#914 = CARTESIAN_POINT ( 'NONE',  ( -8.172497030546624700, -46.75850613525637600, 15.50000000000000200 ) ) ;
#915 = ORIENTED_EDGE ( 'NONE', *, *, #2503, .T. ) ;
#916 = CARTESIAN_POINT ( 'NONE',  ( 25.79501448579858200, 19.92271016050267100, -1.773359275306954300 ) ) ;
#917 = CIRCLE ( 'NONE', #2318, 26.50000000000000000 ) ;
#918 = EDGE_CURVE ( 'NONE', #2557, #2557, #869, .T. ) ;
#919 = CIRCLE ( 'NONE', #2325, 20.00000000000000000 ) ;
#920 = CARTESIAN_POINT ( 'NONE',  ( -7.956987597079015400, -46.51312003939222000, 15.50000000000000200 ) ) ;
#921 = CARTESIAN_POINT ( 'NONE',  ( 25.67007491602399900, 19.90027885199175000, -2.006558848667919100 ) ) ;
#922 = CIRCLE ( 'NONE', #2337, 26.50000000000000000 ) ;
#923 = CARTESIAN_POINT ( 'NONE',  ( 25.38089139730736200, 19.85189533887571000, -2.439185981946113900 ) ) ;
#924 = DIRECTION ( 'NONE',  ( 0.0000000000000000000, 0.0000000000000000000, -1.000000000000000000 ) ) ;
#925 = CIRCLE ( 'NONE', #2334, 2.458750000000002900 ) ;
#926 = CARTESIAN_POINT ( 'NONE',  ( -7.825064941127868300, -46.41020072281845900, 15.50000000000000000 ) ) ;
#927 = CIRCLE ( 'NONE', #2340, 26.50000000000000000 ) ;
#928 = CARTESIAN_POINT ( 'NONE',  ( 25.21481781478864500, 19.82562209681628900, -2.641965210512828000 ) ) ;
#929 = CARTESIAN_POINT ( 'NONE',  ( -7.531429083708383500, -46.26391450033612800, 15.50000000000000000 ) ) ;
#930 = CIRCLE ( 'NONE', #2323, 37.65227969689055200 ) ;
#931 = CARTESIAN_POINT ( 'NONE',  ( 23.35470053837925200, -14.16955080756886100, -20.54238191913789900 ) ) ;
#932 = CARTESIAN_POINT ( 'NONE',  ( 24.64189351325534700, 19.74630786516653900, -3.178819230326427100 ) ) ;
#933 = CARTESIAN_POINT ( 'NONE',  ( 24.20938826451445200, 19.69749911977223500, -3.468442652200444300 ) ) ;
#934 = CARTESIAN_POINT ( 'NONE',  ( 23.97523451030566500, 19.67468917304613600, -3.594026670347150200 ) ) ;
#935 = CIRCLE ( 'NONE', #2353, 25.39999999999999900 ) ;
#936 = CARTESIAN_POINT ( 'NONE',  ( 23.35470053837925200, -10.70544919243112000, -22.54238191913789900 ) ) ;
#937 = CARTESIAN_POINT ( 'NONE',  ( -7.205943304866109700, -46.21153460015659700, -15.50000000000000000 ) ) ;
#938 = CARTESIAN_POINT ( 'NONE',  ( 23.49183360720326900, 19.63697457751825600, -3.794687234153433700 ) ) ;
#939 = CARTESIAN_POINT ( 'NONE',  ( 23.24252188029380400, 19.62194959077303500, -3.870639440453571600 ) ) ;
#940 = CIRCLE ( 'NONE', #2307, 33.92462120245874500 ) ;
#941 = CARTESIAN_POINT ( 'NONE',  ( 22.72850983993832200, 19.60136159869661700, -3.973585144170743700 ) ) ;
#942 = VECTOR ( 'NONE', #836, 1000.000000000000000 ) ;
#943 = CARTESIAN_POINT ( 'NONE',  ( -7.531731388601158100, -46.26414156773125100, -15.50000000000000200 ) ) ;
#944 = CARTESIAN_POINT ( 'NONE',  ( 22.46301916709601800, 19.59593971653295000, -3.999893328300884800 ) ) ;
#945 = EDGE_LOOP ( 'NONE', ( #17 ) ) ;
#946 = CARTESIAN_POINT ( 'NONE',  ( -7.823838588535863900, -46.40951354633014600, -15.50000000000000000 ) ) ;
#947 = CARTESIAN_POINT ( 'NONE',  ( -8.400000000000000400, 85.84399847396359500, 0.0000000000000000000 ) ) ;
#948 = ORIENTED_EDGE ( 'NONE', *, *, #2605, .T. ) ;
#949 = CARTESIAN_POINT ( 'NONE',  ( 21.94023543078636300, 19.59589630313328400, -4.000106009673627000 ) ) ;
#950 = CARTESIAN_POINT ( 'NONE',  ( 21.67996484117962200, 19.60110715107233800, -3.974839918824355900 ) ) ;
#951 = FACE_OUTER_BOUND ( 'NONE', #2519, .T. ) ;
#952 = CARTESIAN_POINT ( 'NONE',  ( -7.956433455565709200, -46.51262340294842800, -15.50000000000000500 ) ) ;
#953 = CARTESIAN_POINT ( 'NONE',  ( 21.16173324776249500, 19.62169622714130000, -3.871923436470190900 ) ) ;
#954 = CARTESIAN_POINT ( 'NONE',  ( -8.172117972310477500, -46.75794078002395800, -15.50000000000000000 ) ) ;
#955 = VECTOR ( 'NONE', #821, 1000.000000000000000 ) ;
#956 = ORIENTED_EDGE ( 'NONE', *, *, #2812, .T. ) ;
#957 = CARTESIAN_POINT ( 'NONE',  ( -8.257210421412473500, -46.90194522553179700, -15.49999999999999800 ) ) ;
#958 = CARTESIAN_POINT ( 'NONE',  ( -8.370779429442517700, -47.20875754404121900, -15.50000000000000200 ) ) ;
#959 = CARTESIAN_POINT ( 'NONE',  ( 20.91037241971044800, 19.63684025342369600, -3.795365945863550000 ) ) ;
#960 = CARTESIAN_POINT ( 'NONE',  ( 20.42872620679371200, 19.67434285289185800, -3.595904769090085800 ) ) ;
#961 = LINE ( 'NONE', #837, #942 ) ;
#962 = EDGE_CURVE ( 'E1396', #1511, #2815, #536, .T. ) ;
#963 = CARTESIAN_POINT ( 'NONE',  ( 18.18704598830628800, -12.80554687741166500, -23.20191547099736700 ) ) ;
#964 = CARTESIAN_POINT ( 'NONE',  ( -7.205943304866109700, -46.21153460015659700, 15.50000000000000000 ) ) ;
#965 = VERTEX_POINT ( 'NONE', #1462 ) ;
#966 = CARTESIAN_POINT ( 'NONE',  ( 20.19513005609930200, 19.69702235237924600, -3.471180155743019300 ) ) ;
#967 = CARTESIAN_POINT ( 'NONE',  ( -7.370895894358690200, -46.22065272250118500, 15.50000000000000200 ) ) ;
#968 = CARTESIAN_POINT ( 'NONE',  ( 19.75962487866648200, 19.74610383825109500, -3.180120191558314200 ) ) ;
#969 = VECTOR ( 'NONE', #832, 1000.000000000000000 ) ;
#970 = DIRECTION ( 'NONE',  ( 1.000000000000000000, 0.0000000000000000000, 0.0000000000000000000 ) ) ;
#971 = CARTESIAN_POINT ( 'NONE',  ( 19.55865061727430300, 19.77228788352480400, -3.015170871762125500 ) ) ;
#972 = FACE_BOUND ( 'NONE', #2515, .T. ) ;
#973 = DIRECTION ( 'NONE',  ( 0.0000000000000000000, 0.0000000000000000000, 1.000000000000000000 ) ) ;
#974 = VECTOR ( 'NONE', #831, 1000.000000000000000 ) ;
#975 = CARTESIAN_POINT ( 'NONE',  ( 19.18958623691725800, 19.82496488300330700, -2.646769903597628200 ) ) ;
#976 = FACE_OUTER_BOUND ( 'NONE', #1099, .T. ) ;
#977 = LINE ( 'NONE', #828, #955 ) ;
#978 = CARTESIAN_POINT ( 'NONE',  ( 19.02090092745524800, 19.85160599881091800, -2.441554007437249900 ) ) ;
#979 = CARTESIAN_POINT ( 'NONE',  ( 10.50000000000000000, 0.0000000000000000000, 0.0000000000000000000 ) ) ;
#980 = VECTOR ( 'NONE', #815, 1000.000000000000000 ) ;
#981 = CARTESIAN_POINT ( 'NONE',  ( 18.73109097419316200, 19.90007335786215800, -2.008613216864730200 ) ) ;
#982 = CARTESIAN_POINT ( 'NONE',  ( 18.60788631498478900, 19.92218452548521800, -1.779268909082748000 ) ) ;
#983 = LINE ( 'NONE', #819, #969 ) ;
#984 = CARTESIAN_POINT ( 'NONE',  ( 18.40595452310216700, 19.95958257635109200, -1.293946481170353600 ) ) ;
#985 = CARTESIAN_POINT ( 'NONE',  ( 24.84311850254524900, 19.77251224523329000, -3.013806764115773500 ) ) ;
#986 = ORIENTED_EDGE ( 'NONE', *, *, #168, .T. ) ;
#987 = CARTESIAN_POINT ( 'NONE',  ( 18.32899871894730700, 19.97453704594965600, -1.040869929958569500 ) ) ;
#988 = CARTESIAN_POINT ( 'NONE',  ( -8.400000000000005700, -47.37289244774232300, -15.50000000000000200 ) ) ;
#989 = CARTESIAN_POINT ( 'NONE',  ( 18.22659360039754600, 19.99463522294180300, -0.5292473076000087100 ) ) ;
#990 = CARTESIAN_POINT ( 'NONE',  ( 18.20018630198023500, 19.99996273961272700, -0.2669320120806170100 ) ) ;
#991 = VECTOR ( 'NONE', #718, 1000.000000000000000 ) ;
#992 = DIRECTION ( 'NONE',  ( -2.933952722699443000E-017, -0.8777239347058705100, 0.4791666666666667400 ) ) ;
#993 = DIRECTION ( 'NONE',  ( 0.0000000000000000000, 0.0000000000000000000, 1.000000000000000000 ) ) ;
#994 = LINE ( 'NONE', #817, #980 ) ;
#995 = EDGE_CURVE ( 'NONE', #2553, #2553, #1147, .T. ) ;
#996 = CARTESIAN_POINT ( 'NONE',  ( 18.19981566713730100, 20.00003686656381400, 0.2613190024850778900 ) ) ;
#997 = CARTESIAN_POINT ( 'NONE',  ( 18.22553838475520400, 19.99484587987827000, 0.5214953787546854300 ) ) ;
#998 = DIRECTION ( 'NONE',  ( -1.000000000000000000, 0.0000000000000000000, 0.0000000000000000000 ) ) ;
#999 = VERTEX_POINT ( 'NONE', #1471 ) ;
#1000 = CARTESIAN_POINT ( 'NONE',  ( 18.32718348874767900, 19.97488984597561100, 1.034212179046557500 ) ) ;
#1001 = EDGE_CURVE ( 'E1403', #1925, #1629, #1435, .T. ) ;
#1002 = ORIENTED_EDGE ( 'NONE', *, *, #2846, .T. ) ;
#1003 = CARTESIAN_POINT ( 'NONE',  ( 18.40445640012399400, 19.95987154446227800, 1.289291628796054700 ) ) ;
#1004 = CARTESIAN_POINT ( 'NONE',  ( 18.60468992697618200, 19.92276525420258800, 1.772616597422253200 ) ) ;
#1005 = CARTESIAN_POINT ( 'NONE',  ( 15.00000000000000000, 0.0000000000000000000, 0.0000000000000000000 ) ) ;
#1006 = CARTESIAN_POINT ( 'NONE',  ( 18.72734990948873000, 19.90072300145070400, 2.002309528166391000 ) ) ;
#1007 = CARTESIAN_POINT ( 'NONE',  ( 19.01796556808911700, 19.85207345481090600, 2.437867710079337800 ) ) ;
#1008 = CARTESIAN_POINT ( 'NONE',  ( 19.18584843247169800, 19.82554034155968700, 2.642439356117322300 ) ) ;
#1009 = DIRECTION ( 'NONE',  ( 0.0000000000000000000, 0.0000000000000000000, 1.000000000000000000 ) ) ;
#1010 = CARTESIAN_POINT ( 'NONE',  ( 19.55326952595089200, 19.77301500442046800, 3.010384231378249200 ) ) ;
#1011 = EDGE_LOOP ( 'NONE', ( #956 ) ) ;
#1012 = CARTESIAN_POINT ( 'NONE',  ( 19.75447554813240100, 19.74672706140151100, 3.176305597734987900 ) ) ;
#1013 = CARTESIAN_POINT ( 'NONE',  ( 20.19252399571017500, 19.69727391545856000, 3.469805064709759400 ) ) ;
#1014 = VECTOR ( 'NONE', #801, 1000.000000000000000 ) ;
#1015 = DIRECTION ( 'NONE',  ( -0.06162841671621931800, -0.7044160264027589100, 0.7071067811865473500 ) ) ;
#1016 = CARTESIAN_POINT ( 'NONE',  ( 20.42244331097802100, 19.67491330858229400, 3.592792965719771500 ) ) ;
#1017 = LINE ( 'NONE', #827, #974 ) ;
#1018 = DIRECTION ( 'NONE',  ( 0.06162841671621927000, 0.7044160264027586900, 0.7071067811865476800 ) ) ;
#1019 = EDGE_CURVE ( 'NONE', #2552, #2552, #902, .T. ) ;
#1020 = LINE ( 'NONE', #796, #1014 ) ;
#1021 = CARTESIAN_POINT ( 'NONE',  ( 20.90347472394628500, 19.63729827926918100, 3.793005574180734900 ) ) ;
#1022 = CARTESIAN_POINT ( 'NONE',  ( 21.15721125131570100, 19.62194887810824900, 3.870645381974249200 ) ) ;
#1023 = CARTESIAN_POINT ( 'NONE',  ( 6.952001160706911000, 33.74152766469215000, 33.87041481883564800 ) ) ;
#1024 = CARTESIAN_POINT ( 'NONE',  ( 21.67349515920585300, 19.60129273155448000, 3.973927113071084300 ) ) ;
#1025 = CARTESIAN_POINT ( 'NONE',  ( 21.93502316333943000, 19.59591794226540500, 4.000000000000000000 ) ) ;
#1026 = VECTOR ( 'NONE', #793, 1000.000000000000000 ) ;
#1027 = CARTESIAN_POINT ( 'NONE',  ( 22.19999999999999600, 19.59591794226539500, 4.000000000000000000 ) ) ;
#1028 = VECTOR ( 'NONE', #775, 1000.000000000000000 ) ;
#1029 = EDGE_CURVE ( 'E1413', #2892, #1288, #177, .T. ) ;
#1030 = LINE ( 'NONE', #783, #1026 ) ;
#1031 = CARTESIAN_POINT ( 'NONE',  ( -8.400000000000000400, -47.53682782853729800, -15.50000000000000000 ) ) ;
#1032 = CARTESIAN_POINT ( 'NONE',  ( -7.000000000000000000, 46.19882089516279700, 15.50000000000000000 ) ) ;
#1033 = LINE ( 'NONE', #800, #991 ) ;
#1034 = CARTESIAN_POINT ( 'NONE',  ( -8.400000000000000400, -23.95833333333335000, -43.88619673529355200 ) ) ;
#1035 = VECTOR ( 'NONE', #770, 1000.000000000000000 ) ;
#1036 = CARTESIAN_POINT ( 'NONE',  ( -19.00000000000000000, 0.0000000000000000000, 0.0000000000000000000 ) ) ;
#1037 = LINE ( 'NONE', #778, #1035 ) ;
#1038 = DIRECTION ( 'NONE',  ( -1.000000000000000000, 0.0000000000000000000, 0.0000000000000000000 ) ) ;
#1039 = DIRECTION ( 'NONE',  ( 0.0000000000000000000, 0.0000000000000000000, 1.000000000000000000 ) ) ;
#1040 = PLANE ( 'NONE',  #1566 ) ;
#1041 = LINE ( 'NONE', #751, #1028 ) ;
#1042 = CIRCLE ( 'NONE', #2366, 38.66752670956315500 ) ;
#1043 = ORIENTED_EDGE ( 'NONE', *, *, #2418, .F. ) ;
#1044 = EDGE_LOOP ( 'NONE', ( #286, #1338, #2506, #1194 ) ) ;
#1045 = CARTESIAN_POINT ( 'NONE',  ( -14.00000000000000000, -72.00000000000000000, -15.50000000000000000 ) ) ;
#1046 = CARTESIAN_POINT ( 'NONE',  ( -17.89999999999999900, 0.0000000000000000000, 0.0000000000000000000 ) ) ;
#1047 = ORIENTED_EDGE ( 'NONE', *, *, #2967, .T. ) ;
#1048 = EDGE_CURVE ( 'NONE', #2548, #2548, #855, .T. ) ;
#1049 = DIRECTION ( 'NONE',  ( -1.000000000000000000, 0.0000000000000000000, 0.0000000000000000000 ) ) ;
#1050 = EDGE_CURVE ( 'NONE', #2537, #2537, #851, .T. ) ;
#1051 = DIRECTION ( 'NONE',  ( 0.0000000000000000000, 0.0000000000000000000, 1.000000000000000000 ) ) ;
#1052 = CARTESIAN_POINT ( 'NONE',  ( 23.35470053837925200, 26.50000000000000000, 2.000000000000000000 ) ) ;
#1053 = ORIENTED_EDGE ( 'NONE', *, *, #2485, .F. ) ;
#1054 = EDGE_CURVE ( 'E418', #1559, #1536, #865, .T. ) ;
#1055 = EDGE_LOOP ( 'NONE', ( #1590, #2238, #1176, #1361, #1341, #1897, #1774, #1136 ) ) ;
#1056 = CARTESIAN_POINT ( 'NONE',  ( 29.10000000000000100, 0.0000000000000000000, 0.0000000000000000000 ) ) ;
#1057 = DIRECTION ( 'NONE',  ( 1.000000000000000000, 0.0000000000000000000, 0.0000000000000000000 ) ) ;
#1058 = CARTESIAN_POINT ( 'NONE',  ( -21.00000000000000000, 79.42708333333341400, 13.60472098794100000 ) ) ;
#1059 = DIRECTION ( 'NONE',  ( -1.000000000000000000, 0.0000000000000000000, 0.0000000000000000000 ) ) ;
#1060 = DIRECTION ( 'NONE',  ( 0.0000000000000000000, 0.0000000000000000000, 1.000000000000000000 ) ) ;
#1061 = ORIENTED_EDGE ( 'NONE', *, *, #2625, .T. ) ;
#1062 = PRODUCT_RELATED_PRODUCT_CATEGORY ( 'detail', '', ( #2797 ) ) ;
#1063 = EDGE_LOOP ( 'NONE', ( #745 ) ) ;
#1064 = CC_DESIGN_SECURITY_CLASSIFICATION ( #1090, ( #1115 ) ) ;
#1065 = VERTEX_POINT ( 'NONE', #131 ) ;
#1066 = CC_DESIGN_APPROVAL ( #1070, ( #1090 ) ) ;
#1067 = B_SPLINE_CURVE_WITH_KNOTS ( 'NONE', 3,
 ( #1569, #1542, #1576, #1583, #1584, #1594, #1599, #1601, #1604, #1611, #1614, #1620, #1625, #1627, #1633, #1634, #1639, #1642 ),
 .UNSPECIFIED., .T., .F.,
 ( 4, 2, 2, 2, 2, 2, 2, 2, 4 ),
 ( 0.0000000000000000000, 0.0004103072863954413300, 0.0008206145727908826500, 0.001230921859186323900, 0.001641229145581765300, 0.002051536431977206700, 0.002461843718372647800, 0.002872151004768089400, 0.003282458291163530600 ),
 .UNSPECIFIED. ) ;
#1068 = DIRECTION ( 'NONE',  ( 0.0000000000000000000, 0.4999999999999998900, 0.8660254037844387100 ) ) ;
#1069 = CARTESIAN_POINT ( 'NONE',  ( 6.918644780159250600, 33.36026249040165200, 33.48769327351840300 ) ) ;
#1070 = APPROVAL ( #100, 'UNSPECIFIED' ) ;
#1071 = CC_DESIGN_DATE_AND_TIME_ASSIGNMENT ( #2152, #106, ( #1090 ) ) ;
#1072 = EDGE_LOOP ( 'NONE', ( #1587 ) ) ;
#1073 = DIRECTION ( 'NONE',  ( 0.0000000000000000000, -0.8777239347058705100, -0.4791666666666667400 ) ) ;
#1074 = ORIENTED_EDGE ( 'NONE', *, *, #2460, .T. ) ;
#1075 = DIRECTION ( 'NONE',  ( 0.06162841671621927000, 0.7044160264027586900, 0.7071067811865476800 ) ) ;
#1076 = DIRECTION ( 'NONE',  ( -0.06162841671621940900, -0.7044160264027592400, 0.7071067811865470200 ) ) ;
#1077 = CARTESIAN_POINT ( 'NONE',  ( -7.205943304866109700, 46.21153460015659700, 15.50000000000000000 ) ) ;
#1078 = DIRECTION ( 'NONE',  ( 0.0000000000000000000, 0.0000000000000000000, -1.000000000000000000 ) ) ;
#1079 = ORIENTED_EDGE ( 'NONE', *, *, #1636, .T. ) ;
#1080 = CC_DESIGN_PERSON_AND_ORGANIZATION_ASSIGNMENT ( #2171, #107, ( #1090 ) ) ;
#1081 = DIRECTION ( 'NONE',  ( 1.000000000000000000, 0.0000000000000000000, 0.0000000000000000000 ) ) ;
#1082 = ORIENTED_EDGE ( 'NONE', *, *, #2650, .T. ) ;
#1083 = EDGE_LOOP ( 'NONE', ( #2146 ) ) ;
#1084 = EDGE_CURVE ( 'E754', #853, #2525, #871, .T. ) ;
#1085 = EDGE_CURVE ( 'NONE', #2536, #2536, #861, .T. ) ;
#1086 = CARTESIAN_POINT ( 'NONE',  ( 29.10000000000000100, 0.0000000000000000000, 0.0000000000000000000 ) ) ;
#1087 = VERTEX_POINT ( 'NONE', #187 ) ;
#1088 = ORIENTED_EDGE ( 'NONE', *, *, #2411, .F. ) ;
#1089 = CARTESIAN_POINT ( 'NONE',  ( -10.50000000000000000, 0.0000000000000000000, 0.0000000000000000000 ) ) ;
#1090 = SECURITY_CLASSIFICATION ( '', '', #110 ) ;
#1091 = CARTESIAN_POINT ( 'NONE',  ( -8.400000000000000400, 0.0000000000000000000, 0.0000000000000000000 ) ) ;
#1092 = ORIENTED_EDGE ( 'NONE', *, *, #2400, .F. ) ;
#1093 = CC_DESIGN_PERSON_AND_ORGANIZATION_ASSIGNMENT ( #2173, #111, ( #1115 ) ) ;
#1094 = DIRECTION ( 'NONE',  ( -1.000000000000000000, 0.0000000000000000000, 0.0000000000000000000 ) ) ;
#1095 = CARTESIAN_POINT ( 'NONE',  ( -7.000000000000000000, -46.19882089516279700, -15.50000000000000000 ) ) ;
#1096 = EDGE_LOOP ( 'NONE', ( #2759 ) ) ;
#1097 = CARTESIAN_POINT ( 'NONE',  ( 21.04529946162074700, 24.87500000000000000, 2.000000000000000000 ) ) ;
#1098 = EDGE_CURVE ( 'NONE', #2526, #2526, #841, .T. ) ;
#1099 = EDGE_LOOP ( 'NONE', ( #1404, #1717, #1296, #2270 ) ) ;
#1100 = B_SPLINE_CURVE_WITH_KNOTS ( 'NONE', 3,
 ( #2647, #45, #2520, #2431, #2550, #2560, #2575, #2626, #2556, #2581 ),
 .UNSPECIFIED., .F., .F.,
 ( 4, 2, 2, 2, 4 ),
 ( 0.006500903758230498100, 0.006990302011084567600, 0.007479700263938638000, 0.007969098516792708400, 0.008458496769646778000 ),
 .UNSPECIFIED. ) ;
#1101 = DIRECTION ( 'NONE',  ( 0.0000000000000000000, 0.0000000000000000000, 1.000000000000000000 ) ) ;
#1102 = EDGE_LOOP ( 'NONE', ( #1082 ) ) ;
#1103 = CC_DESIGN_PERSON_AND_ORGANIZATION_ASSIGNMENT ( #2191, #118, ( #1115 ) ) ;
#1104 = CARTESIAN_POINT ( 'NONE',  ( 22.19999999999999900, -10.00000000000000000, -17.32050807568875300 ) ) ;
#1105 = CARTESIAN_POINT ( 'NONE',  ( -8.400000000000000400, 79.42708333333330000, -13.60472098794100000 ) ) ;
#1106 = EDGE_LOOP ( 'NONE', ( #1208, #1974, #2956, #1703 ) ) ;
#1107 = CC_DESIGN_APPROVAL ( #1114, ( #1115 ) ) ;
#1108 = EDGE_CURVE ( 'E70', #1481, #248, #835, .T. ) ;
#1109 = CARTESIAN_POINT ( 'NONE',  ( 10.50000000000000000, 0.0000000000000000000, 1.285836671513496100E-015 ) ) ;
#1110 = CARTESIAN_POINT ( 'NONE',  ( 5.363668844413270500, 29.49741029766749600, 26.47893204527955300 ) ) ;
#1111 = EDGE_LOOP ( 'NONE', ( #1832, #2045, #1205, #2775 ) ) ;
#1112 = DIRECTION ( 'NONE',  ( -1.000000000000000000, 0.0000000000000000000, -2.449212707644755000E-016 ) ) ;
#1113 = DIRECTION ( 'NONE',  ( -2.303610153145741900E-016, 0.0000000000000000000, 1.000000000000000000 ) ) ;
#1114 = APPROVAL ( #132, 'UNSPECIFIED' ) ;
#1115 = PRODUCT_DEFINITION_FORMATION_WITH_SPECIFIED_SOURCE ( 'ANY', '', #2797, .NOT_KNOWN. ) ;
#1116 = VERTEX_POINT ( 'NONE', #182 ) ;
#1117 = DIRECTION ( 'NONE',  ( 0.0000000000000000000, -0.8660254037844387100, 0.4999999999999998900 ) ) ;
#1118 = ORIENTED_EDGE ( 'NONE', *, *, #1802, .T. ) ;
#1119 = CC_DESIGN_DATE_AND_TIME_ASSIGNMENT ( #2232, #134, ( #1132 ) ) ;
#1120 = DIRECTION ( 'NONE',  ( -1.119176436114069100E-016, 0.0000000000000000000, 1.000000000000000000 ) ) ;
#1121 = CC_DESIGN_PERSON_AND_ORGANIZATION_ASSIGNMENT ( #2256, #139, ( #1132 ) ) ;
#1122 = ORIENTED_EDGE ( 'NONE', *, *, #1767, .T. ) ;
#1123 = DIRECTION ( 'NONE',  ( -1.000000000000000000, 0.0000000000000000000, 0.0000000000000000000 ) ) ;
#1124 = ADVANCED_FACE ( 'E0', ( #848, #846 ), #844, .F. ) ;
#1125 = CARTESIAN_POINT ( 'NONE',  ( -10.50000000000000000, 0.0000000000000000000, 0.0000000000000000000 ) ) ;
#1126 = ORIENTED_EDGE ( 'NONE', *, *, #191, .T. ) ;
#1127 = CC_DESIGN_APPROVAL ( #1131, ( #1132 ) ) ;
#1128 = CARTESIAN_POINT ( 'NONE',  ( 5.652838635413867300, 29.56489776788766500, 26.34517602401273700 ) ) ;
#1129 = DIRECTION ( 'NONE',  ( 0.0000000000000000000, 0.0000000000000000000, 1.000000000000000000 ) ) ;
#1130 = DIRECTION ( 'NONE',  ( 1.000000000000000000, 0.0000000000000000000, 1.224606353822375800E-016 ) ) ;
#1131 = APPROVAL ( #144, 'UNSPECIFIED' ) ;
#1132 = PRODUCT_DEFINITION ( 'UNKNOWN', '', #1115, #1179 ) ;
#1133 = EDGE_LOOP ( 'NONE', ( #1971, #1691, #1231, #1293, #1470, #68 ) ) ;
#1134 = DIRECTION ( 'NONE',  ( 0.0000000000000000000, -1.000000000000000000, 0.0000000000000000000 ) ) ;
#1135 = CARTESIAN_POINT ( 'NONE',  ( 5.968210440227083200, 29.58718629487529800, 26.25037061147240500 ) ) ;
#1136 = ORIENTED_EDGE ( 'NONE', *, *, #2374, .T. ) ;
#1137 = DIRECTION ( 'NONE',  ( 1.309225264888156400E-016, 0.0000000000000000000, -1.000000000000000000 ) ) ;
#1138 = CC_DESIGN_PERSON_AND_ORGANIZATION_ASSIGNMENT ( #2280, #159, ( #2797 ) ) ;
#1139 = CARTESIAN_POINT ( 'NONE',  ( -10.25000000000000000, 0.0000000000000000000, 0.0000000000000000000 ) ) ;
#1140 = VERTEX_POINT ( 'NONE', #2021 ) ;
#1141 = ADVANCED_FACE ( 'E1118', ( #826 ), #2161, .T. ) ;
#1142 = CARTESIAN_POINT ( 'NONE',  ( 6.442652953118711800, 29.55319617016814200, 26.17492293283336800 ) ) ;
#1143 = ORIENTED_EDGE ( 'NONE', *, *, #1253, .T. ) ;
#1144 = DIRECTION ( 'NONE',  ( -1.000000000000000000, -0.0000000000000000000, -1.224606353822375800E-016 ) ) ;
#1145 = DIRECTION ( 'NONE',  ( -0.4999999999999999400, -0.7499999999999998900, 0.4330127018922194600 ) ) ;
#1146 = EDGE_CURVE ( 'NONE', #2523, #2523, #833, .T. ) ;
#1147 = B_SPLINE_CURVE_WITH_KNOTS ( 'NONE', 3,
 ( #1451, #1466, #1472, #882, #171, #59, #1477, #1480, #1487, #1500, #1492, #1485, #1495, #1498, #1504, #211, #208, #200 ),
 .UNSPECIFIED., .T., .F.,
 ( 4, 2, 2, 2, 2, 2, 2, 2, 4 ),
 ( 0.0000000000000000000, 0.0004128295815638609000, 0.0008256591631277218000, 0.001238488744691582800, 0.001651318326255443600, 0.002064147907819304700, 0.002476977489383165500, 0.002889807070947026300, 0.003302636652510887200 ),
 .UNSPECIFIED. ) ;
#1148 = DIRECTION ( 'NONE',  ( 1.309225264888156400E-016, 0.0000000000000000000, -1.000000000000000000 ) ) ;
#1149 = EDGE_LOOP ( 'NONE', ( #1528 ) ) ;
#1150 = CARTESIAN_POINT ( 'NONE',  ( 6.603285084822161400, 29.53051936332398200, 26.16049079421344800 ) ) ;
#1151 = AXIS2_PLACEMENT_3D ( 'NONE', #334, #204, #164 ) ;
#1152 = CARTESIAN_POINT ( 'NONE',  ( 6.920051698869619900, 29.46322586330022000, 26.15449163310849600 ) ) ;
#1153 = CARTESIAN_POINT ( 'NONE',  ( -3.712310601229375200, 0.0000000000000000000, 0.0000000000000000000 ) ) ;
#1154 = CARTESIAN_POINT ( 'NONE',  ( 7.074322755153006300, 29.41922704392745300, 26.16273902589395200 ) ) ;
#1155 = EDGE_LOOP ( 'NONE', ( #1444 ) ) ;
#1156 = DIRECTION ( 'NONE',  ( 1.000000000000000000, 0.0000000000000000000, 0.0000000000000000000 ) ) ;
#1157 = ADVANCED_FACE ( 'E6', ( #818, #810, #816 ), #797, .T. ) ;
#1158 = CARTESIAN_POINT ( 'NONE',  ( 7.374794870162761000, 29.31091493192617400, 26.20130802306767100 ) ) ;
#1159 = PLANE ( 'NONE',  #1560 ) ;
#1160 = DIRECTION ( 'NONE',  ( 0.0000000000000000000, 0.0000000000000000000, -1.000000000000000000 ) ) ;
#1161 = ORIENTED_EDGE ( 'NONE', *, *, #2042, .F. ) ;
#1162 = CARTESIAN_POINT ( 'NONE',  ( -7.000000000000000000, -72.00000000000000000, -15.50000000000000000 ) ) ;
#1163 = VERTEX_POINT ( 'NONE', #2717 ) ;
#1164 =( GEOMETRIC_REPRESENTATION_CONTEXT ( 3 ) GLOBAL_UNCERTAINTY_ASSIGNED_CONTEXT ( ( #619 ) ) GLOBAL_UNIT_ASSIGNED_CONTEXT ( ( #199, #185, #184 ) ) REPRESENTATION_CONTEXT ( 'NONE', 'WORKASPACE' ) );
#1165 = DIRECTION ( 'NONE',  ( -1.000000000000000000, 0.0000000000000000000, 0.0000000000000000000 ) ) ;
#1166 = CARTESIAN_POINT ( 'NONE',  ( 7.522245018608583000, 29.24576703389908200, 26.23217245906449700 ) ) ;
#1167 = CARTESIAN_POINT ( 'NONE',  ( -19.00000000000000000, 0.0000000000000000000, 0.0000000000000000000 ) ) ;
#1168 = EDGE_LOOP ( 'NONE', ( #2098 ) ) ;
#1169 = CARTESIAN_POINT ( 'NONE',  ( -5.774999999999998600, -8.914349109864119200, -32.73275961530320900 ) ) ;
#1170 = ORIENTED_EDGE ( 'NONE', *, *, #2042, .T. ) ;
#1171 = ADVANCED_FACE ( 'E1569', ( #798 ), #814, .F. ) ;
#1172 = CARTESIAN_POINT ( 'NONE',  ( 7.797293557678409000, 29.09966894508431100, 26.31420551536876900 ) ) ;
#1173 = VERTEX_POINT ( 'NONE', #2702 ) ;
#1174 = CARTESIAN_POINT ( 'NONE',  ( 7.926088431080561500, 29.01850424046286400, 26.36531195270605500 ) ) ;
#1175 = AXIS2_PLACEMENT_3D ( 'NONE', #415, #412, #411 ) ;
#1176 = ORIENTED_EDGE ( 'NONE', *, *, #2225, .T. ) ;
#1177 = AXIS2_PLACEMENT_3D ( 'NONE', #430, #426, #422 ) ;
#1178 = DIRECTION ( 'NONE',  ( -1.000000000000000000, 0.0000000000000000000, 0.0000000000000000000 ) ) ;
#1179 = DESIGN_CONTEXT ( 'detailed design', #149, 'design' ) ;
#1180 = CARTESIAN_POINT ( 'NONE',  ( 8.165959373795290700, 28.83970478036636800, 26.48801004646092100 ) ) ;
#1181 = VERTEX_POINT ( 'NONE', #294 ) ;
#1182 = CARTESIAN_POINT ( 'NONE',  ( 8.276058310642094200, 28.74242707057324600, 26.55947165243038900 ) ) ;
#1183 = CARTESIAN_POINT ( 'NONE',  ( 0.0000000000000000000, 0.0000000000000000000, 0.0000000000000000000 ) ) ;
#1184 = AXIS2_PLACEMENT_3D ( 'NONE', #449, #447, #444 ) ;
#1185 = CARTESIAN_POINT ( 'NONE',  ( -5.774999999999999500, -8.780338065085109300, -32.76866776652860800 ) ) ;
#1186 = AXIS2_PLACEMENT_3D ( 'NONE', #549, #546, #540 ) ;
#1187 = CARTESIAN_POINT ( 'NONE',  ( 8.468836060611034000, 28.53952709874447500, 26.71703573159167900 ) ) ;
#1188 = CARTESIAN_POINT ( 'NONE',  ( -5.831923905079781500, -9.045140016844101200, -32.69670853443860600 ) ) ;
#1189 = CARTESIAN_POINT ( 'NONE',  ( 8.553012785387478400, 28.43269714175020000, 26.80399516073677900 ) ) ;
#1190 = AXIS2_PLACEMENT_3D ( 'NONE', #565, #562, #555 ) ;
#1191 = VERTEX_POINT ( 'NONE', #309 ) ;
#1192 = CARTESIAN_POINT ( 'NONE',  ( -6.025680818136673400, -9.231712385024911400, -32.64452164376928800 ) ) ;
#1193 = ADVANCED_FACE ( 'E707', ( #802, #803 ), #2212, .T. ) ;
#1194 = ORIENTED_EDGE ( 'NONE', *, *, #2398, .F. ) ;
#1195 = DIRECTION ( 'NONE',  ( -6.123031769111888800E-017, 1.000000000000000000, 0.0000000000000000000 ) ) ;
#1196 = AXIS2_PLACEMENT_3D ( 'NONE', #691, #689, #685 ) ;
#1197 = CARTESIAN_POINT ( 'NONE',  ( -6.162765878910251500, -9.286327584854891600, -32.62888358069234600 ) ) ;
#1198 = CARTESIAN_POINT ( 'NONE',  ( -6.436676201473480000, -9.286467585406226600, -32.62884373557864100 ) ) ;
#1199 = ADVANCED_FACE ( 'E1442', ( #824, #795 ), #790, .T. ) ;
#1200 = EDGE_LOOP ( 'NONE', ( #228, #2093 ) ) ;
#1201 = DIRECTION ( 'NONE',  ( 0.0000000000000000000, 1.000000000000000000, 0.0000000000000000000 ) ) ;
#1202 = DIRECTION ( 'NONE',  ( 0.0000000000000000000, -1.000000000000000000, 0.0000000000000000000 ) ) ;
#1203 = AXIS2_PLACEMENT_3D ( 'NONE', #719, #713, #707 ) ;
#1204 = CARTESIAN_POINT ( 'NONE',  ( -6.572985909389094800, -9.232916495704053300, -32.64418436790811700 ) ) ;
#1205 = ORIENTED_EDGE ( 'NONE', *, *, #2261, .T. ) ;
#1206 = CARTESIAN_POINT ( 'NONE',  ( 8.694609309360686200, 28.20951376655147400, 26.99358355333013600 ) ) ;
#1207 = CARTESIAN_POINT ( 'NONE',  ( -6.769096398978416800, -9.044237142495092000, -32.69696154955276800 ) ) ;
#1208 = ORIENTED_EDGE ( 'NONE', *, *, #2374, .F. ) ;
#1209 = AXIS2_PLACEMENT_3D ( 'NONE', #726, #724, #722 ) ;
#1210 = CARTESIAN_POINT ( 'NONE',  ( 8.750097565100825000, 28.09633440772753900, 27.09349730749396600 ) ) ;
#1211 = CARTESIAN_POINT ( 'NONE',  ( 8.831501511101834000, 27.86691154671551000, 27.30321652860264000 ) ) ;
#1212 = ADVANCED_FACE ( 'E824', ( #807, #781 ), #762, .F. ) ;
#1213 = CARTESIAN_POINT ( 'NONE',  ( 8.857421264336199600, 27.74934511280064700, 27.41433893450398800 ) ) ;
#1214 = EDGE_CURVE ( 'NONE', #2513, #2513, #767, .T. ) ;
#1215 = CARTESIAN_POINT ( 'NONE',  ( -6.824951477647493500, -8.912894071290367000, -32.73314871431795600 ) ) ;
#1216 = PLANE ( 'NONE',  #1581 ) ;
#1217 = EDGE_LOOP ( 'NONE', ( #1474, #1122, #2288, #1685 ) ) ;
#1218 = ADVANCED_FACE ( 'E833', ( #776, #752 ), #738, .F. ) ;
#1219 = CARTESIAN_POINT ( 'NONE',  ( -6.825048456629342100, -8.648140908371599900, -32.80409066425477200 ) ) ;
#1220 = EDGE_CURVE ( 'E161', #1867, #1909, #740, .T. ) ;
#1221 = ORIENTED_EDGE ( 'NONE', *, *, #1311, .F. ) ;
#1222 = CARTESIAN_POINT ( 'NONE',  ( 8.876972853149172900, 27.51884830217541000, 27.63943534056727100 ) ) ;
#1223 = CARTESIAN_POINT ( 'NONE',  ( -6.768309272626075000, -8.515458076346845900, -32.83864018781920200 ) ) ;
#1224 = CARTESIAN_POINT ( 'NONE',  ( -6.574872936567621700, -8.327701549166381100, -32.88675573149602400 ) ) ;
#1225 = ORIENTED_EDGE ( 'NONE', *, *, #2528, .F. ) ;
#1226 = AXIS2_PLACEMENT_3D ( 'NONE', #747, #746, #742 ) ;
#1227 = EDGE_CURVE ( 'NONE', #2504, #2504, #1067, .T. ) ;
#1228 = CARTESIAN_POINT ( 'NONE',  ( 8.871071641256266500, 27.40587731058937100, 27.75334178331952400 ) ) ;
#1229 = CARTESIAN_POINT ( 'NONE',  ( 8.827996979977372800, 27.18447796270734100, 27.98386375370132800 ) ) ;
#1230 = CARTESIAN_POINT ( 'NONE',  ( -6.439009092569684800, -8.272312720436872300, -32.90058914374548500 ) ) ;
#1231 = ORIENTED_EDGE ( 'NONE', *, *, #1802, .F. ) ;
#1232 = CARTESIAN_POINT ( 'NONE',  ( -6.162061286198810900, -8.272038886370719300, -32.90065799361184400 ) ) ;
#1233 = AXIS2_PLACEMENT_3D ( 'NONE', #765, #764, #759 ) ;
#1234 = AXIS2_PLACEMENT_3D ( 'NONE', #786, #777, #772 ) ;
#1235 = CARTESIAN_POINT ( 'NONE',  ( -6.026083351297685000, -8.327106549672693700, -32.88690626687201800 ) ) ;
#1236 = ORIENTED_EDGE ( 'NONE', *, *, #918, .T. ) ;
#1237 = ADVANCED_FACE ( 'E1389', ( #785, #743 ), #734, .F. ) ;
#1238 = CARTESIAN_POINT ( 'NONE',  ( -5.832047694442411300, -8.514780631158334500, -32.83881572314809500 ) ) ;
#1239 = CARTESIAN_POINT ( 'NONE',  ( -5.775000000000000400, -8.646327020306097600, -32.80457591775400100 ) ) ;
#1240 = EDGE_LOOP ( 'NONE', ( #1680, #1831, #1962, #1650 ) ) ;
#1241 = ADVANCED_FACE ( 'E845', ( #768, #733 ), #1662, .F. ) ;
#1242 = EDGE_CURVE ( 'E25', #438, #1996, #488, .T. ) ;
#1243 = CARTESIAN_POINT ( 'NONE',  ( 8.790278282132359100, 27.07586265306587200, 28.10079163491912600 ) ) ;
#1244 = ORIENTED_EDGE ( 'NONE', *, *, #593, .F. ) ;
#1245 = CARTESIAN_POINT ( 'NONE',  ( -5.774999999999999500, -8.780338065085109300, -32.76866776652860800 ) ) ;
#1246 = CARTESIAN_POINT ( 'NONE',  ( 5.772497947620038000, -19.90273910441342400, -34.21372149559678600 ) ) ;
#1247 = CARTESIAN_POINT ( 'NONE',  ( 18.48308574722259900, -14.50937942504120000, -22.17493875302010100 ) ) ;
#1248 = AXIS2_PLACEMENT_3D ( 'NONE', #809, #805, #799 ) ;
#1249 = ORIENTED_EDGE ( 'NONE', *, *, #2947, .T. ) ;
#1250 = CARTESIAN_POINT ( 'NONE',  ( -6.591715438882960900, -10.63221680920861600, -37.99348961723274700 ) ) ;
#1251 = CARTESIAN_POINT ( 'NONE',  ( 8.634365758792501600, 26.77123317758833200, 28.44032501345951400 ) ) ;
#1252 = CARTESIAN_POINT ( 'NONE',  ( 8.468876706464220300, 26.58829151281583600, 28.66084343102462400 ) ) ;
#1253 = EDGE_CURVE ( 'E570', #2020, #965, #730, .T. ) ;
#1254 = EDGE_LOOP ( 'NONE', ( #2578 ) ) ;
#1255 = AXIS2_PLACEMENT_3D ( 'NONE', #834, #829, #823 ) ;
#1256 = CARTESIAN_POINT ( 'NONE',  ( -6.706771847565744500, -10.55318755020622700, -37.99564359443653700 ) ) ;
#1257 = CARTESIAN_POINT ( 'NONE',  ( -6.788471674074751000, -10.43104337295575400, -38.01485217275251900 ) ) ;
#1258 = ADVANCED_FACE ( 'E1431', ( #748, #758 ), #736, .T. ) ;
#1259 = CARTESIAN_POINT ( 'NONE',  ( 8.152788159381811900, 26.37006703575711300, 28.95129316390355700 ) ) ;
#1260 = AXIS2_PLACEMENT_3D ( 'NONE', #880, #872, #860 ) ;
#1261 = CARTESIAN_POINT ( 'NONE',  ( -6.841729003215195200, -10.16770389373811400, -38.07660096450642600 ) ) ;
#1262 = CARTESIAN_POINT ( 'NONE',  ( -6.811907753616285500, -10.02745797951511600, -38.11911642752583200 ) ) ;
#1263 = CARTESIAN_POINT ( 'NONE',  ( 8.034715421452508700, 26.30543502012959700, 29.04296240671438800 ) ) ;
#1264 = ORIENTED_EDGE ( 'NONE', *, *, #2218, .F. ) ;
#1265 = ADVANCED_FACE ( 'E759', ( #729 ), #1726, .T. ) ;
#1266 = CARTESIAN_POINT ( 'NONE',  ( -6.657973153267974500, -9.813874618769805400, -38.20181012003771300 ) ) ;
#1267 = AXIS2_PLACEMENT_3D ( 'NONE', #1005, #998, #993 ) ;
#1268 = CARTESIAN_POINT ( 'NONE',  ( 7.779601283966353100, 26.19663456273128000, 29.21027850447568500 ) ) ;
#1269 = AXIS2_PLACEMENT_3D ( 'NONE', #1023, #1018, #1015 ) ;
#1270 = CARTESIAN_POINT ( 'NONE',  ( -6.535454308573209300, -9.740582286935099500, -38.24170884648607000 ) ) ;
#1271 = ORIENTED_EDGE ( 'NONE', *, *, #2469, .F. ) ;
#1272 = CARTESIAN_POINT ( 'NONE',  ( -6.265306616722382300, -9.700909045950062600, -38.29696722311141600 ) ) ;
#1273 = CARTESIAN_POINT ( 'NONE',  ( 7.644331261815671600, 26.15294376449145700, 29.28504045919905300 ) ) ;
#1274 = CARTESIAN_POINT ( 'NONE',  ( 22.19999999999999900, 20.00000000000000000, 0.0000000000000000000 ) ) ;
#1275 = ORIENTED_EDGE ( 'NONE', *, *, #2052, .T. ) ;
#1276 = CARTESIAN_POINT ( 'NONE',  ( -6.122056458898898200, -9.734981485214774500, -38.31148069550864900 ) ) ;
#1277 = DIRECTION ( 'NONE',  ( 0.0000000000000000000, 0.0000000000000000000, -1.000000000000000000 ) ) ;
#1278 = ORIENTED_EDGE ( 'NONE', *, *, #2530, .T. ) ;
#1279 = CARTESIAN_POINT ( 'NONE',  ( -5.894824465676403900, -9.890925775524447500, -38.30717458528730600 ) ) ;
#1280 = ADVANCED_FACE ( 'E1276', ( #715 ), #1744, .T. ) ;
#1281 = EDGE_CURVE ( 'NONE', #2500, #2500, #142, .T. ) ;
#1282 = EDGE_LOOP ( 'NONE', ( #667, #1784, #264, #2245 ) ) ;
#1283 = CARTESIAN_POINT ( 'NONE',  ( 7.358725802735096800, 26.08647583648319600, 29.41718537995586400 ) ) ;
#1284 = CARTESIAN_POINT ( 'NONE',  ( -5.811790728178651800, -10.01370849118938900, -38.28795781705787200 ) ) ;
#1285 = ADVANCED_FACE ( 'E1556', ( #705, #704 ), #701, .F. ) ;
#1286 = CARTESIAN_POINT ( 'NONE',  ( -5.758243879152006500, -10.27687923068076600, -38.22626536455890500 ) ) ;
#1287 = ADVANCED_FACE ( 'E1553', ( #723, #698 ), #1852, .T. ) ;
#1288 = VERTEX_POINT ( 'NONE', #1865 ) ;
#1289 = AXIS2_PLACEMENT_3D ( 'NONE', #1089, #1081, #1078 ) ;
#1290 = CARTESIAN_POINT ( 'NONE',  ( 7.206782895517842600, 26.06372972693639100, 29.47490811323666900 ) ) ;
#1291 = CARTESIAN_POINT ( 'NONE',  ( -5.787142264695274800, -10.41637750573061900, -38.18412678230546900 ) ) ;
#1292 = CARTESIAN_POINT ( 'NONE',  ( -5.942743456257086400, -10.63248615477044900, -38.10057102515155900 ) ) ;
#1293 = ORIENTED_EDGE ( 'NONE', *, *, #1220, .F. ) ;
#1294 = AXIS2_PLACEMENT_3D ( 'NONE', #1718, #1716, #1711 ) ;
#1295 = AXIS2_PLACEMENT_3D ( 'NONE', #1740, #1736, #1735 ) ;
#1296 = ORIENTED_EDGE ( 'NONE', *, *, #1476, .F. ) ;
#1297 = CARTESIAN_POINT ( 'NONE',  ( 19.89059892324149800, -13.25000000000000000, -22.94967320028764800 ) ) ;
#1298 = CARTESIAN_POINT ( 'NONE',  ( -6.065709992515286000, -10.70480226776179200, -38.06091648920582300 ) ) ;
#1299 = AXIS2_PLACEMENT_3D ( 'NONE', #1756, #1753, #1748 ) ;
#1300 = ADVANCED_FACE ( 'E916', ( #711, #694 ), #681, .T. ) ;
#1301 = CARTESIAN_POINT ( 'NONE',  ( 6.899256963721613000, 26.04145635671566700, 29.56803577235850300 ) ) ;
#1302 = CARTESIAN_POINT ( 'NONE',  ( 6.742809691861148200, 26.04149097418959600, 29.60407691536352100 ) ) ;
#1303 = CARTESIAN_POINT ( 'NONE',  ( -6.332976485744253200, -10.74420503389159100, -38.00624238627369100 ) ) ;
#1304 = ORIENTED_EDGE ( 'NONE', *, *, #1739, .F. ) ;
#1305 = ADVANCED_FACE ( 'E1382', ( #690 ), #666, .F. ) ;
#1306 = AXIS2_PLACEMENT_3D ( 'NONE', #1889, #1884, #1877 ) ;
#1307 = ADVANCED_FACE ( 'E854', ( #684 ), #1896, .T. ) ;
#1308 = DIRECTION ( 'NONE',  ( 0.0000000000000000000, 0.0000000000000000000, 1.000000000000000000 ) ) ;
#1309 = ORIENTED_EDGE ( 'NONE', *, *, #1592, .F. ) ;
#1310 = CARTESIAN_POINT ( 'NONE',  ( 6.424498329868072200, 26.06410107043710800, 29.65492473957360200 ) ) ;
#1311 = EDGE_CURVE ( 'E350', #2293, #2153, #679, .T. ) ;
#1312 = VERTEX_POINT ( 'NONE', #1899 ) ;
#1313 = CARTESIAN_POINT ( 'NONE',  ( -6.476659030200177200, -10.71124606821100800, -37.99133564002896400 ) ) ;
#1314 = CARTESIAN_POINT ( 'NONE',  ( 6.263219285902032100, 26.08692949228754500, 29.66934421102562400 ) ) ;
#1315 = AXIS2_PLACEMENT_3D ( 'NONE', #1991, #1983, #1977 ) ;
#1316 = CARTESIAN_POINT ( 'NONE',  ( 4.575581328053767800, 35.18577847576802500, 32.72612221734436100 ) ) ;
#1317 = CARTESIAN_POINT ( 'NONE',  ( -6.591715438882960900, -10.63221680920861600, -37.99348961723274700 ) ) ;
#1318 = EDGE_LOOP ( 'NONE', ( #1875, #2997, #2358, #1780 ) ) ;
#1319 = ADVANCED_FACE ( 'E991', ( #688 ), #1946, .T. ) ;
#1320 = VERTEX_POINT ( 'NONE', #1927 ) ;
#1321 = EDGE_CURVE ( 'E168', #1668, #1867, #717, .T. ) ;
#1322 = ADVANCED_FACE ( 'E360', ( #686 ), #1966, .T. ) ;
#1323 = ORIENTED_EDGE ( 'NONE', *, *, #2160, .F. ) ;
#1324 = CARTESIAN_POINT ( 'NONE',  ( 5.949044757506202400, 26.15345424809912300, 29.67543579186276400 ) ) ;
#1325 = AXIS2_PLACEMENT_3D ( 'NONE', #2140, #2135, #2128 ) ;
#1326 = EDGE_LOOP ( 'NONE', ( #2633 ) ) ;
#1327 = CARTESIAN_POINT ( 'NONE',  ( 3.712310601229375200, 0.0000000000000000000, 0.0000000000000000000 ) ) ;
#1328 = DIRECTION ( 'NONE',  ( -1.000000000000000000, 0.0000000000000000000, 0.0000000000000000000 ) ) ;
#1329 = EDGE_LOOP ( 'NONE', ( #2231 ) ) ;
#1330 = EDGE_CURVE ( 'E291', #2782, #1163, #656, .T. ) ;
#1331 = DIRECTION ( 'NONE',  ( 0.0000000000000000000, 0.0000000000000000000, 1.000000000000000000 ) ) ;
#1332 = CARTESIAN_POINT ( 'NONE',  ( 23.35470053837925200, 26.50000000000000000, 2.000000000000000000 ) ) ;
#1333 = AXIS2_PLACEMENT_3D ( 'NONE', #2180, #2175, #2172 ) ;
#1334 = CARTESIAN_POINT ( 'NONE',  ( 5.839219247560368600, -20.00324753750050300, -34.14342698865470300 ) ) ;
#1335 = CARTESIAN_POINT ( 'NONE',  ( 5.757559962461481700, -19.77602495317519200, -34.28962422783313000 ) ) ;
#1336 = ADVANCED_FACE ( 'E733', ( #663, #654 ), #2041, .T. ) ;
#1337 = AXIS2_PLACEMENT_3D ( 'NONE', #2205, #2199, #2198 ) ;
#1338 = ORIENTED_EDGE ( 'NONE', *, *, #2460, .F. ) ;
#1339 = CARTESIAN_POINT ( 'NONE',  ( 5.836316254061825000, -19.54128724907668200, -34.41067413736023900 ) ) ;
#1340 = CARTESIAN_POINT ( 'NONE',  ( 5.930361576392486200, -19.43420256168120700, -34.45521209118974300 ) ) ;
#1341 = ORIENTED_EDGE ( 'NONE', *, *, #2791, .T. ) ;
#1342 = CARTESIAN_POINT ( 'NONE',  ( 5.794403463119761200, 26.19722130978713200, 29.66743991607276600 ) ) ;
#1343 = CARTESIAN_POINT ( 'NONE',  ( 5.490224893105251500, 26.30667562832896400, 29.62841128090025600 ) ) ;
#1344 = CARTESIAN_POINT ( 'NONE',  ( 6.170985665268425200, -19.30257663257943800, -34.48693273033317300 ) ) ;
#1345 = ORIENTED_EDGE ( 'NONE', *, *, #1050, .F. ) ;
#1346 = EDGE_CURVE ( 'E670', #1559, #438, #649, .T. ) ;
#1347 = CARTESIAN_POINT ( 'NONE',  ( 5.345625813598005000, 26.37059374100496700, 29.59800440942479900 ) ) ;
#1348 = AXIS2_PLACEMENT_3D ( 'NONE', #2244, #2233, #2223 ) ;
#1349 = CARTESIAN_POINT ( 'NONE',  ( 6.316155044858281700, -19.27750201293617500, -34.47467947307871600 ) ) ;
#1350 = ADVANCED_FACE ( 'E970', ( #643 ), #2036, .T. ) ;
#1351 = CARTESIAN_POINT ( 'NONE',  ( 6.580456986466403500, -19.32381521934883400, -34.39923217745836600 ) ) ;
#1352 = VERTEX_POINT ( 'NONE', #2070 ) ;
#1353 = CARTESIAN_POINT ( 'NONE',  ( 5.071110488864651000, 26.51599900846516500, 29.51629091883442500 ) ) ;
#1354 = AXIS2_PLACEMENT_3D ( 'NONE', #2295, #2294, #2285 ) ;
#1355 = CARTESIAN_POINT ( 'NONE',  ( 6.694784219471023000, -19.39464334024117800, -34.33724908053925900 ) ) ;
#1356 = AXIS2_PLACEMENT_3D ( 'NONE', #2332, #2328, #2326 ) ;
#1357 = CARTESIAN_POINT ( 'NONE',  ( 6.826603403684605300, -19.59300400268763900, -34.19840172550321000 ) ) ;
#1358 = CARTESIAN_POINT ( 'NONE',  ( 4.939872580246798400, 26.59852081830430800, 29.46425730816703500 ) ) ;
#1359 = ORIENTED_EDGE ( 'NONE', *, *, #4, .F. ) ;
#1360 = CARTESIAN_POINT ( 'NONE',  ( 4.700102738122863500, 26.77706939739207900, 29.34150129579354500 ) ) ;
#1361 = ORIENTED_EDGE ( 'NONE', *, *, #2545, .T. ) ;
#1362 = CARTESIAN_POINT ( 'NONE',  ( 6.842487823071743400, -19.72053861163310600, -34.12183660559964700 ) ) ;
#1363 = ORIENTED_EDGE ( 'NONE', *, *, #31, .T. ) ;
#1364 = CARTESIAN_POINT ( 'NONE',  ( 4.591773764252725900, 26.87255169062707300, 29.27127492225151100 ) ) ;
#1365 = AXIS2_PLACEMENT_3D ( 'NONE', #2357, #2355, #2341 ) ;
#1366 = CARTESIAN_POINT ( 'NONE',  ( 6.763973231922168600, -19.95551974439174700, -34.00066049255614300 ) ) ;
#1367 = CARTESIAN_POINT ( 'NONE',  ( 6.670878342872258700, -20.06230720496505200, -33.95618685614546500 ) ) ;
#1368 = ORIENTED_EDGE ( 'NONE', *, *, #2450, .T. ) ;
#1369 = ADVANCED_FACE ( 'E830', ( #630, #637 ), #620, .F. ) ;
#1370 = CARTESIAN_POINT ( 'NONE',  ( 4.398091851440726800, 27.07586274893662900, 29.11323411626698700 ) ) ;
#1371 = AXIS2_PLACEMENT_3D ( 'NONE', #2379, #2376, #2370 ) ;
#1372 = AXIS2_PLACEMENT_3D ( 'NONE', #2631, #2630, #2627 ) ;
#1373 = CARTESIAN_POINT ( 'NONE',  ( 6.428066169346183600, -20.19525481603053800, -33.92419582391546100 ) ) ;
#1374 = AXIS2_PLACEMENT_3D ( 'NONE', #2747, #2674, #2671 ) ;
#1375 = CARTESIAN_POINT ( 'NONE',  ( 4.312602148716112400, 27.18443395771310400, 29.02471137424393200 ) ) ;
#1376 = CARTESIAN_POINT ( 'NONE',  ( 6.282659395751133900, -20.21949945852054500, -33.93698605458307300 ) ) ;
#1377 = CARTESIAN_POINT ( 'NONE',  ( 6.021274144462951800, -20.17380560486575900, -34.01148063521210200 ) ) ;
#1378 = VERTEX_POINT ( 'NONE', #2124 ) ;
#1379 = CARTESIAN_POINT ( 'NONE',  ( 4.172453677295714600, 27.40495843102282700, 28.83721104679288400 ) ) ;
#1380 = AXIS2_PLACEMENT_3D ( 'NONE', #2648, #2644, #2638 ) ;
#1381 = CARTESIAN_POINT ( 'NONE',  ( 4.116623858782020300, 27.51792426612077600, 28.73749379462111600 ) ) ;
#1382 = EDGE_CURVE ( 'E246', #1702, #1116, #644, .T. ) ;
#1383 = ORIENTED_EDGE ( 'NONE', *, *, #2660, .F. ) ;
#1384 = CARTESIAN_POINT ( 'NONE',  ( 5.905940547500699200, -20.10375597058758100, -34.07313248171261900 ) ) ;
#1385 = CARTESIAN_POINT ( 'NONE',  ( 4.034240003957219900, 27.74941501261887600, 28.52579835086923400 ) ) ;
#1386 = EDGE_LOOP ( 'NONE', ( #948 ) ) ;
#1387 = B_SPLINE_CURVE_WITH_KNOTS ( 'NONE', 3,
 ( #1788, #1801, #1775, #1772 ),
 .UNSPECIFIED., .F., .F.,
 ( 4, 4 ),
 ( 0.09253147120623721200, 0.09273780655581155600 ),
 .UNSPECIFIED. ) ;
#1388 = CARTESIAN_POINT ( 'NONE',  ( 5.839219247560368600, -20.00324753750050300, -34.14342698865470300 ) ) ;
#1389 = ADVANCED_FACE ( 'E1591', ( #629 ), #627, .F. ) ;
#1390 = CARTESIAN_POINT ( 'NONE',  ( 4.008630481896759100, 27.86597781125303200, 28.41555798021824200 ) ) ;
#1391 = EDGE_LOOP ( 'NONE', ( #1433, #2006, #1742, #1915, #2074 ) ) ;
#1392 = CARTESIAN_POINT ( 'NONE',  ( -8.400000000000000400, 85.84399847396359500, -15.50000000000000000 ) ) ;
#1393 = EDGE_CURVE ( 'NONE', #2488, #2488, #618, .T. ) ;
#1394 = ORIENTED_EDGE ( 'NONE', *, *, #2384, .T. ) ;
#1395 = CARTESIAN_POINT ( 'NONE',  ( 3.988874334977212700, 28.09527302061065500, 28.19167055145705400 ) ) ;
#1396 = CARTESIAN_POINT ( 'NONE',  ( 25.91691425277744900, -14.50937942504120000, -22.17493875302010100 ) ) ;
#1397 = CARTESIAN_POINT ( 'NONE',  ( 3.994604452475325900, 28.20976836149302300, 28.07629556910613600 ) ) ;
#1398 = AXIS2_PLACEMENT_3D ( 'NONE', #2783, #2772, #2760 ) ;
#1399 = AXIS2_PLACEMENT_3D ( 'NONE', #2867, #2831, #2874 ) ;
#1400 = DIRECTION ( 'NONE',  ( 0.0000000000000000000, -1.000000000000000000, 0.0000000000000000000 ) ) ;
#1401 = CARTESIAN_POINT ( 'NONE',  ( 26.10450628852671100, -14.11008585573510600, -22.43249638451599300 ) ) ;
#1402 = VERTEX_POINT ( 'NONE', #2168 ) ;
#1403 = CARTESIAN_POINT ( 'NONE',  ( 4.037865408713171800, 28.43234039158926400, 27.84463918643149300 ) ) ;
#1404 = ORIENTED_EDGE ( 'NONE', *, *, #2496, .F. ) ;
#1405 = ADVANCED_FACE ( 'E1416', ( #615, #612 ), #2141, .T. ) ;
#1406 = CARTESIAN_POINT ( 'NONE',  ( 4.074793057560735400, 28.53878338574155300, 27.73012372123384800 ) ) ;
#1407 = ORIENTED_EDGE ( 'NONE', *, *, #1311, .T. ) ;
#1408 = CARTESIAN_POINT ( 'NONE',  ( 18.37654525817919200, 26.47175125127338500, 1.245280402468148800 ) ) ;
#1409 = CARTESIAN_POINT ( 'NONE',  ( 4.178487363683657900, 28.74222058204572100, 27.50365169499717100 ) ) ;
#1410 = EDGE_CURVE ( 'E965', #2925, #1847, #608, .T. ) ;
#1411 = CARTESIAN_POINT ( 'NONE',  ( 26.02196837623487000, -14.31704139700083000, -22.30078827431003000 ) ) ;
#1412 = CARTESIAN_POINT ( 'NONE',  ( -14.00000000000000000, 0.0000000000000000000, 0.0000000000000000000 ) ) ;
#1413 = CARTESIAN_POINT ( 'NONE',  ( 4.246265191922237400, 28.84006008723753900, 27.39062079896301700 ) ) ;
#1414 = ORIENTED_EDGE ( 'NONE', *, *, #1419, .F. ) ;
#1415 = CARTESIAN_POINT ( 'NONE',  ( 4.407158331504028600, 29.01841948308862500, 27.17598623440825300 ) ) ;
#1416 = EDGE_CURVE ( 'E43', #1437, #1713, #326, .T. ) ;
#1417 = DIRECTION ( 'NONE',  ( 1.000000000000000000, 0.0000000000000000000, 0.0000000000000000000 ) ) ;
#1418 = CARTESIAN_POINT ( 'NONE',  ( 4.500318499140723500, 29.09972113445627400, 27.07359354495866200 ) ) ;
#1419 = EDGE_CURVE ( 'E1034', #1402, #2683, #595, .T. ) ;
#1420 = CARTESIAN_POINT ( 'NONE',  ( 4.712233743554457500, 29.24646011381077700, 26.87871886998782100 ) ) ;
#1421 = DIRECTION ( 'NONE',  ( 0.0000000000000000000, 0.0000000000000000000, -1.000000000000000000 ) ) ;
#1422 = ADVANCED_FACE ( 'E1439', ( #596, #592 ), #587, .T. ) ;
#1423 = CARTESIAN_POINT ( 'NONE',  ( -8.400000000000000400, -23.95833333333335000, 43.88619673529355200 ) ) ;
#1424 = EDGE_CURVE ( 'E255', #1320, #1116, #570, .T. ) ;
#1425 = ORIENTED_EDGE ( 'NONE', *, *, #14, .T. ) ;
#1426 = CARTESIAN_POINT ( 'NONE',  ( 4.830889058804276100, 29.31137751146096800, 26.78677752597145600 ) ) ;
#1427 = CARTESIAN_POINT ( 'NONE',  ( 5.083752371954950000, 29.41955194363255500, 26.62087932808179500 ) ) ;
#1428 = CARTESIAN_POINT ( 'NONE',  ( 26.21347091081140200, -13.68808350697936000, -22.69246101249261800 ) ) ;
#1429 = ORIENTED_EDGE ( 'NONE', *, *, #2528, .T. ) ;
#1430 = CARTESIAN_POINT ( 'NONE',  ( 5.363668844413270500, 29.49741029766749600, 26.47893204527955300 ) ) ;
#1431 = AXIS2_PLACEMENT_3D ( 'NONE', #2905, #2888, #2884 ) ;
#1432 = CARTESIAN_POINT ( 'NONE',  ( 26.24109361524034900, -13.47241296381465500, -22.82123912155012800 ) ) ;
#1433 = ORIENTED_EDGE ( 'NONE', *, *, #2545, .F. ) ;
#1434 = CARTESIAN_POINT ( 'NONE',  ( 22.19999999999999900, 27.50000000000000000, 0.0000000000000000000 ) ) ;
#1435 = B_SPLINE_CURVE_WITH_KNOTS ( 'NONE', 3,
 ( #1514, #1408, #1510, #1506, #35, #84, #44, #79, #48, #54 ),
 .UNSPECIFIED., .F., .F.,
 ( 4, 2, 2, 2, 4 ),
 ( 3.887676823310907600E-008, 0.0007582168354655430300, 0.001516394794162852800, 0.002274572752860163000, 0.003032750711557473400 ),
 .UNSPECIFIED. ) ;
#1436 = CARTESIAN_POINT ( 'NONE',  ( 26.24140507377586600, -13.03130056255411000, -23.07596307326974000 ) ) ;
#1437 = VERTEX_POINT ( 'NONE', #2283 ) ;
#1438 = CARTESIAN_POINT ( 'NONE',  ( 26.21333362736999800, -12.80764941033813600, -23.20075930148978200 ) ) ;
#1439 = CARTESIAN_POINT ( 'NONE',  ( 26.10463304390113800, -12.37258322029703300, -23.43566299554215600 ) ) ;
#1440 = ADVANCED_FACE ( 'E1180', ( #567, #582 ), #545, .T. ) ;
#1441 = AXIS2_PLACEMENT_3D ( 'NONE', #2684, #2679, #2678 ) ;
#1442 = CARTESIAN_POINT ( 'NONE',  ( 5.219083948912971700, 29.46366656255741400, 26.54581005591296600 ) ) ;
#1443 = CARTESIAN_POINT ( 'NONE',  ( 26.02293369297845500, -12.15641361739363500, -23.54836332664682900 ) ) ;
#1444 = ORIENTED_EDGE ( 'NONE', *, *, #2516, .F. ) ;
#1445 = EDGE_CURVE ( 'NONE', #2484, #2484, #548, .T. ) ;
#1446 = EDGE_LOOP ( 'NONE', ( #1161, #716, #2382, #2654 ) ) ;
#1447 = AXIS2_PLACEMENT_3D ( 'NONE', #2913, #2903, #2901 ) ;
#1448 = CARTESIAN_POINT ( 'NONE',  ( 25.91691425277744900, -11.94937057495880100, -23.65296055174295000 ) ) ;
#1449 = ORIENTED_EDGE ( 'NONE', *, *, #2189, .T. ) ;
#1450 = DIRECTION ( 'NONE',  ( -1.000000000000000000, 0.0000000000000000000, -6.123031769111888800E-017 ) ) ;
#1451 = CARTESIAN_POINT ( 'NONE',  ( 6.140657975818022000, -34.47776079561179300, 19.32812277859900300 ) ) ;
#1452 = AXIS2_PLACEMENT_3D ( 'NONE', #2943, #2982, #2968 ) ;
#1453 = DIRECTION ( 'NONE',  ( 0.0000000000000000000, 1.000000000000000000, 0.0000000000000000000 ) ) ;
#1454 = ORIENTED_EDGE ( 'NONE', *, *, #2225, .F. ) ;
#1455 = EDGE_CURVE ( 'NONE', #2477, #2477, #585, .T. ) ;
#1456 = DIRECTION ( 'NONE',  ( 0.0000000000000000000, -1.000000000000000000, 0.0000000000000000000 ) ) ;
#1457 = VERTEX_POINT ( 'NONE', #2311 ) ;
#1458 = DIRECTION ( 'NONE',  ( -1.000000000000000000, 0.0000000000000000000, 0.0000000000000000000 ) ) ;
#1459 = ADVANCED_FACE ( 'E1451', ( #543, #538, #559, #554 ), #522, .T. ) ;
#1460 = CARTESIAN_POINT ( 'NONE',  ( 15.00000000000000000, 79.42708333333330000, -13.60472098794100000 ) ) ;
#1461 = DIRECTION ( 'NONE',  ( -1.000000000000000000, 0.0000000000000000000, 0.0000000000000000000 ) ) ;
#1462 = CARTESIAN_POINT ( 'NONE',  ( -8.400000000000000400, -47.53682782853729800, -15.50000000000000000 ) ) ;
#1463 = ORIENTED_EDGE ( 'NONE', *, *, #1054, .F. ) ;
#1464 = CARTESIAN_POINT ( 'NONE',  ( -8.400000000000000400, 85.84399847396359500, 15.50000000000000000 ) ) ;
#1465 = DIRECTION ( 'NONE',  ( 0.0000000000000000000, 0.4999999999999998900, 0.8660254037844387100 ) ) ;
#1466 = CARTESIAN_POINT ( 'NONE',  ( 6.272159145923917700, -34.48055136010078300, 19.28136623972926600 ) ) ;
#1467 = ORIENTED_EDGE ( 'NONE', *, *, #1455, .T. ) ;
#1468 = EDGE_CURVE ( 'E376', #1352, #2153, #532, .T. ) ;
#1469 = CARTESIAN_POINT ( 'NONE',  ( 18.48308574722259900, -11.94937057495880100, -23.65296055174295000 ) ) ;
#1470 = ORIENTED_EDGE ( 'NONE', *, *, #1321, .F. ) ;
#1471 = CARTESIAN_POINT ( 'NONE',  ( 19.89059892324149800, 26.50000000000000000, -5.551115123125779700E-016 ) ) ;
#1472 = CARTESIAN_POINT ( 'NONE',  ( 6.417405138840849500, -34.45423082798482300, 19.28060994474134700 ) ) ;
#1473 = ADVANCED_FACE ( 'E454', ( #528, #521, #556, #519 ), #2497, .F. ) ;
#1474 = ORIENTED_EDGE ( 'NONE', *, *, #1743, .F. ) ;
#1475 = CARTESIAN_POINT ( 'NONE',  ( 22.19999999999999900, 20.00000000000000000, 0.0000000000000000000 ) ) ;
#1476 = EDGE_CURVE ( 'E108', #2979, #1668, #502, .T. ) ;
#1477 = CARTESIAN_POINT ( 'NONE',  ( 6.830175079163884000, -34.07351537752197900, 19.80817148606376000 ) ) ;
#1478 = ORIENTED_EDGE ( 'NONE', *, *, #1981, .F. ) ;
#1479 = ADVANCED_FACE ( 'E224', ( #498 ), #2430, .T. ) ;
#1480 = CARTESIAN_POINT ( 'NONE',  ( 6.702629984978602600, -33.96776283151668700, 20.03210520444280400 ) ) ;
#1481 = VERTEX_POINT ( 'NONE', #2387 ) ;
#1482 = AXIS2_PLACEMENT_3D ( 'NONE', #2969, #2995, #2957 ) ;
#1483 = ORIENTED_EDGE ( 'NONE', *, *, #1330, .F. ) ;
#1484 = CARTESIAN_POINT ( 'NONE',  ( 23.35470053837925200, -14.98205080756886100, -21.94967320028759900 ) ) ;
#1485 = CARTESIAN_POINT ( 'NONE',  ( 5.940062871383191600, -34.05244355828590100, 20.12872804248167200 ) ) ;
#1486 = VERTEX_POINT ( 'NONE', #2461 ) ;
#1487 = CARTESIAN_POINT ( 'NONE',  ( 6.589485269778224500, -33.93627278754441800, 20.12280060348003000 ) ) ;
#1488 = ORIENTED_EDGE ( 'NONE', *, *, #2865, .F. ) ;
#1489 = AXIS2_PLACEMENT_3D ( 'NONE', #391, #2998, #193 ) ;
#1490 = DIRECTION ( 'NONE',  ( -0.4999999999999999400, -0.7499999999999998900, 0.4330127018922194600 ) ) ;
#1491 = ORIENTED_EDGE ( 'NONE', *, *, #2727, .T. ) ;
#1492 = CARTESIAN_POINT ( 'NONE',  ( 6.182904302198872800, -33.95700789248479600, 20.21663328039555200 ) ) ;
#1493 = AXIS2_PLACEMENT_3D ( 'NONE', #393, #192, #1201 ) ;
#1494 = EDGE_CURVE ( 'NONE', #2472, #2472, #3, .T. ) ;
#1495 = CARTESIAN_POINT ( 'NONE',  ( 5.843363269010033000, -34.12172642505983300, 20.03951564867989500 ) ) ;
#1496 = ADVANCED_FACE ( 'E821', ( #486, #478 ), #476, .F. ) ;
#1497 = CARTESIAN_POINT ( 'NONE',  ( 18.15876097797621500, -13.47059489244882400, -22.82231100241253700 ) ) ;
#1498 = CARTESIAN_POINT ( 'NONE',  ( 5.757800354670789200, -34.26550418579339700, 19.81772575052588800 ) ) ;
#1499 = AXIS2_PLACEMENT_3D ( 'NONE', #2938, #2934, #2933 ) ;
#1500 = CARTESIAN_POINT ( 'NONE',  ( 6.329616761526357200, -33.93074458495257100, 20.21532969114240100 ) ) ;
#1501 = ADVANCED_FACE ( 'E1339', ( #493 ), #2942, .T. ) ;
#1502 = AXIS2_PLACEMENT_3D ( 'NONE', #427, #401, #336 ) ;
#1503 = CARTESIAN_POINT ( 'NONE',  ( 18.37650553261429600, -12.15750874144991800, -23.54781007483948600 ) ) ;
#1504 = CARTESIAN_POINT ( 'NONE',  ( 5.770342271278665600, -34.33801532798082000, 19.68814179781252000 ) ) ;
#1505 = VERTEX_POINT ( 'NONE', #2948 ) ;
#1506 = CARTESIAN_POINT ( 'NONE',  ( 18.18709910145514300, 26.49621448481239500, 0.5115185002131319400 ) ) ;
#1507 = CARTESIAN_POINT ( 'NONE',  ( 24.50940107675850000, -12.43750000000000000, -21.54238191913789900 ) ) ;
#1508 = AXIS2_PLACEMENT_3D ( 'NONE', #418, #463, #516 ) ;
#1509 = AXIS2_PLACEMENT_3D ( 'NONE', #560, #544, #470 ) ;
#1510 = CARTESIAN_POINT ( 'NONE',  ( 18.29613349842940900, 26.48207272451084300, 1.005414051503794600 ) ) ;
#1511 = VERTEX_POINT ( 'NONE', #2981 ) ;
#1512 = ADVANCED_FACE ( 'E1434', ( #473, #494, #503, #475 ), #459, .F. ) ;
#1513 = EDGE_CURVE ( 'E625', #1481, #1563, #30, .T. ) ;
#1514 = CARTESIAN_POINT ( 'NONE',  ( 18.48308574722259900, 26.45874999999999800, 1.478021798722890100 ) ) ;
#1515 = DIRECTION ( 'NONE',  ( 1.000000000000000000, 0.0000000000000000000, 0.0000000000000000000 ) ) ;
#1516 = ADVANCED_FACE ( 'E182', ( #464 ), #109, .F. ) ;
#1517 = CARTESIAN_POINT ( 'NONE',  ( 6.918644780159250600, 33.36026249040165200, 33.48769327351840300 ) ) ;
#1518 = ORIENTED_EDGE ( 'NONE', *, *, #2571, .T. ) ;
#1519 = AXIS2_PLACEMENT_3D ( 'NONE', #376, #375, #364 ) ;
#1520 = DIRECTION ( 'NONE',  ( 0.0000000000000000000, 0.4999999999999998900, 0.8660254037844387100 ) ) ;
#1521 = ORIENTED_EDGE ( 'NONE', *, *, #2544, .F. ) ;
#1522 = CARTESIAN_POINT ( 'NONE',  ( 23.35470053837925200, -11.51794919243112000, -23.94967320028764800 ) ) ;
#1523 = ORIENTED_EDGE ( 'NONE', *, *, #1926, .F. ) ;
#1524 = AXIS2_PLACEMENT_3D ( 'NONE', #581, #535, #529 ) ;
#1525 = DIRECTION ( 'NONE',  ( 0.06162841671621927000, 0.7044160264027586900, 0.7071067811865476800 ) ) ;
#1526 = DIRECTION ( 'NONE',  ( 1.000000000000000000, 0.0000000000000000000, 0.0000000000000000000 ) ) ;
#1527 = DIRECTION ( 'NONE',  ( 0.5000000000000001100, -0.7500000000000001100, 0.4330127018922190800 ) ) ;
#1528 = ORIENTED_EDGE ( 'NONE', *, *, #1214, .T. ) ;
#1529 = ORIENTED_EDGE ( 'NONE', *, *, #2474, .F. ) ;
#1530 = ADVANCED_FACE ( 'E1318', ( #457 ), #239, .T. ) ;
#1531 = EDGE_LOOP ( 'NONE', ( #1414, #1904, #2789, #1617 ) ) ;
#1532 = DIRECTION ( 'NONE',  ( 0.0000000000000000000, 0.0000000000000000000, -1.000000000000000000 ) ) ;
#1533 = CARTESIAN_POINT ( 'NONE',  ( 10.50000000000000000, 0.0000000000000000000, 0.0000000000000000000 ) ) ;
#1534 = DIRECTION ( 'NONE',  ( 1.000000000000000000, -0.0000000000000000000, -0.0000000000000000000 ) ) ;
#1535 = ADVANCED_FACE ( 'E1550', ( #489, #455 ), #456, .T. ) ;
#1536 = VERTEX_POINT ( 'NONE', #270 ) ;
#1537 = AXIS2_PLACEMENT_3D ( 'NONE', #617, #589, #580 ) ;
#1538 = AXIS2_PLACEMENT_3D ( 'NONE', #808, #794, #1120 ) ;
#1539 = CARTESIAN_POINT ( 'NONE',  ( 18.29586265842627300, -12.37118707246948900, -23.43639568642880300 ) ) ;
#1540 = DIRECTION ( 'NONE',  ( 0.0000000000000000000, 0.0000000000000000000, 1.000000000000000000 ) ) ;
#1541 = ORIENTED_EDGE ( 'NONE', *, *, #918, .F. ) ;
#1542 = CARTESIAN_POINT ( 'NONE',  ( 6.825000000000009900, -17.08246161697781300, -29.31021455380770400 ) ) ;
#1543 = CARTESIAN_POINT ( 'NONE',  ( 18.15873902854078600, -13.02966693767841200, -23.07688422947254700 ) ) ;
#1544 = EDGE_CURVE ( 'NONE', #2467, #2467, #454, .T. ) ;
#1545 = AXIS2_PLACEMENT_3D ( 'NONE', #843, #866, #862 ) ;
#1546 = DIRECTION ( 'NONE',  ( -6.123031769111887500E-017, -0.4999999999999998900, -0.8660254037844387100 ) ) ;
#1547 = ORIENTED_EDGE ( 'NONE', *, *, #2380, .F. ) ;
#1548 = CARTESIAN_POINT ( 'NONE',  ( 23.35470053837925200, -10.70544919243112000, -22.54238191913789900 ) ) ;
#1549 = CARTESIAN_POINT ( 'NONE',  ( 25.91691425277744900, -14.50937942504120000, -22.17493875302010100 ) ) ;
#1550 = CARTESIAN_POINT ( 'NONE',  ( 4.699055103939154600, 35.28338355079623800, 32.61010325712182800 ) ) ;
#1551 = ADVANCED_FACE ( 'E1583', ( #462, #450, #467, #443 ), #432, .F. ) ;
#1552 = CARTESIAN_POINT ( 'NONE',  ( 25.76936389706304500, -14.82036129447820500, -21.97145887024674600 ) ) ;
#1553 = ORIENTED_EDGE ( 'NONE', *, *, #2417, .F. ) ;
#1554 = CARTESIAN_POINT ( 'NONE',  ( 22.19999999999999900, -13.75000000000000000, -23.81569860407205400 ) ) ;
#1555 = DIRECTION ( 'NONE',  ( 0.0000000000000000000, 0.8660254037844386000, -0.5000000000000002200 ) ) ;
#1556 = CARTESIAN_POINT ( 'NONE',  ( 25.57058359675543700, -15.10283095312515800, -21.77734802199053700 ) ) ;
#1557 = ADVANCED_FACE ( 'E1593', ( #441 ), #442, .F. ) ;
#1558 = ADVANCED_FACE ( 'E1588', ( #425, #434 ), #419, .F. ) ;
#1559 = VERTEX_POINT ( 'NONE', #414 ) ;
#1560 = AXIS2_PLACEMENT_3D ( 'NONE', #947, #1057, #924 ) ;
#1561 = CARTESIAN_POINT ( 'NONE',  ( -8.400000000000000400, 0.0000000000000000000, 0.0000000000000000000 ) ) ;
#1562 = DIRECTION ( 'NONE',  ( -2.933952722699443000E-017, 0.8777239347058705100, 0.4791666666666667400 ) ) ;
#1563 = VERTEX_POINT ( 'NONE', #206 ) ;
#1564 = CARTESIAN_POINT ( 'NONE',  ( 25.06955738879479500, -15.61406909824966700, -21.41376276754403900 ) ) ;
#1565 = DIRECTION ( 'NONE',  ( -1.000000000000000000, 0.0000000000000000000, 0.0000000000000000000 ) ) ;
#1566 = AXIS2_PLACEMENT_3D ( 'NONE', #979, #822, #973 ) ;
#1567 = DIRECTION ( 'NONE',  ( 0.0000000000000000000, 0.0000000000000000000, 1.000000000000000000 ) ) ;
#1568 = ORIENTED_EDGE ( 'NONE', *, *, #99, .T. ) ;
#1569 = CARTESIAN_POINT ( 'NONE',  ( 6.825000000000001100, -16.96231060122934100, -29.37958377509350400 ) ) ;
#1570 = VERTEX_POINT ( 'NONE', #371 ) ;
#1571 = AXIS2_PLACEMENT_3D ( 'NONE', #1434, #1195, #1009 ) ;
#1572 = CARTESIAN_POINT ( 'NONE',  ( 24.77839744169530800, -15.83120190557656100, -21.25262317583404600 ) ) ;
#1573 = CARTESIAN_POINT ( 'NONE',  ( -8.400000000000000400, 85.84399847396359500, 15.50000000000000000 ) ) ;
#1574 = ORIENTED_EDGE ( 'NONE', *, *, #1416, .F. ) ;
#1575 = ADVANCED_FACE ( 'E318', ( #429 ), #431, .F. ) ;
#1576 = CARTESIAN_POINT ( 'NONE',  ( 6.768076094920242100, -17.19946522554925700, -29.24154070608227600 ) ) ;
#1577 = ADVANCED_FACE ( 'E1580', ( #435, #409 ), #404, .F. ) ;
#1578 = CARTESIAN_POINT ( 'NONE',  ( 24.28432724371306200, -16.10098557272970200, -21.04806404385049800 ) ) ;
#1579 = CARTESIAN_POINT ( 'NONE',  ( 24.10988768298201300, -16.18120744840514300, -20.98632942139908800 ) ) ;
#1580 = ORIENTED_EDGE ( 'NONE', *, *, #2791, .F. ) ;
#1581 = AXIS2_PLACEMENT_3D ( 'NONE', #1297, #2321, #1145 ) ;
#1582 = VERTEX_POINT ( 'NONE', #466 ) ;
#1583 = CARTESIAN_POINT ( 'NONE',  ( 6.574319181863352000, -17.36617333323712800, -29.14284355841598600 ) ) ;
#1584 = CARTESIAN_POINT ( 'NONE',  ( 6.437234121089789900, -17.41488013670801700, -29.11360289554873000 ) ) ;
#1585 = VERTEX_POINT ( 'NONE', #469 ) ;
#1586 = CARTESIAN_POINT ( 'NONE',  ( 23.75254392514037600, -16.31800121923714600, -20.88014207999501400 ) ) ;
#1587 = ORIENTED_EDGE ( 'NONE', *, *, #1393, .F. ) ;
#1588 = FACE_OUTER_BOUND ( 'NONE', #461, .T. ) ;
#1589 = CARTESIAN_POINT ( 'NONE',  ( -21.00000000000000000, -79.42708333333330000, 13.60472098794100000 ) ) ;
#1590 = ORIENTED_EDGE ( 'NONE', *, *, #1382, .T. ) ;
#1591 = ADVANCED_FACE ( 'E1571', ( #416, #408 ), #386, .T. ) ;
#1592 = EDGE_CURVE ( 'E555', #2333, #965, #423, .T. ) ;
#1593 = CARTESIAN_POINT ( 'NONE',  ( 18.29545828936345200, -14.11018316502996900, -22.43244516156092800 ) ) ;
#1594 = CARTESIAN_POINT ( 'NONE',  ( 6.163323798526541900, -17.41500505418198200, -29.11352817331533800 ) ) ;
#1595 = CARTESIAN_POINT ( 'NONE',  ( -10.50000000000000000, 0.0000000000000000000, 0.0000000000000000000 ) ) ;
#1596 = ORIENTED_EDGE ( 'NONE', *, *, #1641, .T. ) ;
#1597 = ADVANCED_FACE ( 'E1567', ( #388 ), #382, .F. ) ;
#1598 = AXIS2_PLACEMENT_3D ( 'NONE', #2320, #2714, #2308 ) ;
#1599 = CARTESIAN_POINT ( 'NONE',  ( 6.027014090610933300, -17.36724912142353400, -29.14220612817490900 ) ) ;
#1600 = DIRECTION ( 'NONE',  ( -1.000000000000000000, 0.0000000000000000000, 0.0000000000000000000 ) ) ;
#1601 = CARTESIAN_POINT ( 'NONE',  ( 5.830903601021591800, -17.19865860102794700, -29.24201878099231800 ) ) ;
#1602 = AXIS2_PLACEMENT_3D ( 'NONE', #2290, #2259, #2284 ) ;
#1603 = ORIENTED_EDGE ( 'NONE', *, *, #2897, .F. ) ;
#1604 = CARTESIAN_POINT ( 'NONE',  ( 5.775048522352518500, -17.08115686387668200, -29.31096698628922300 ) ) ;
#1605 = ORIENTED_EDGE ( 'NONE', *, *, #2571, .F. ) ;
#1606 = EDGE_CURVE ( 'E34', #1437, #1996, #420, .T. ) ;
#1607 = ORIENTED_EDGE ( 'NONE', *, *, #2474, .T. ) ;
#1608 = CARTESIAN_POINT ( 'NONE',  ( 23.56828295623769500, -16.37537224557349100, -20.83508301265749900 ) ) ;
#1609 = ORIENTED_EDGE ( 'NONE', *, *, #1410, .F. ) ;
#1610 = ADVANCED_FACE ( 'E1564', ( #374, #381 ), #362, .F. ) ;
#1611 = CARTESIAN_POINT ( 'NONE',  ( 5.774951543370646000, -16.84378607396208600, -29.44801480871501600 ) ) ;
#1612 = CARTESIAN_POINT ( 'NONE',  ( 23.18845837407180000, -16.46824079780833800, -20.76175679827765600 ) ) ;
#1613 = AXIS2_PLACEMENT_3D ( 'NONE', #1920, #2363, #2047 ) ;
#1614 = CARTESIAN_POINT ( 'NONE',  ( 5.831690727373908700, -16.72456637450189000, -29.51572792969801600 ) ) ;
#1615 = EDGE_CURVE ( 'E113', #1163, #2979, #365, .T. ) ;
#1616 = DIRECTION ( 'NONE',  ( 0.0000000000000000000, -1.000000000000000000, 0.0000000000000000000 ) ) ;
#1617 = ORIENTED_EDGE ( 'NONE', *, *, #2660, .T. ) ;
#1618 = CARTESIAN_POINT ( 'NONE',  ( 22.99140571141345300, -16.50378840029010500, -20.73344794371923400 ) ) ;
#1619 = AXIS2_PLACEMENT_3D ( 'NONE', #2344, #1165, #2336 ) ;
#1620 = CARTESIAN_POINT ( 'NONE',  ( 6.025127063432345900, -16.55566071491294600, -29.61079894105801500 ) ) ;
#1621 = ORIENTED_EDGE ( 'NONE', *, *, #2130, .T. ) ;
#1622 = CARTESIAN_POINT ( 'NONE',  ( 22.59777833826625900, -16.55056447695949000, -20.69612791539693900 ) ) ;
#1623 = CARTESIAN_POINT ( 'NONE',  ( 18.18621626596340600, -13.68663675153145000, -22.69334350219821800 ) ) ;
#1624 = EDGE_CURVE ( 'NONE', #2464, #2464, #501, .T. ) ;
#1625 = CARTESIAN_POINT ( 'NONE',  ( 6.160990907430280200, -16.50573956530412200, -29.63849667497660800 ) ) ;
#1626 = EDGE_LOOP ( 'NONE', ( #1541 ) ) ;
#1627 = CARTESIAN_POINT ( 'NONE',  ( 6.437938713801153200, -16.50549288156415500, -29.63863405231219200 ) ) ;
#1628 = ADVANCED_FACE ( 'E1559', ( #357, #355, #373, #368 ), #348, .F. ) ;
#1629 = VERTEX_POINT ( 'NONE', #811 ) ;
#1630 = AXIS2_PLACEMENT_3D ( 'NONE', #1052, #1846, #1961 ) ;
#1631 = CARTESIAN_POINT ( 'NONE',  ( 22.40018582093183900, -16.56221684870830300, -20.68678256918445900 ) ) ;
#1632 = ORIENTED_EDGE ( 'NONE', *, *, #593, .T. ) ;
#1633 = CARTESIAN_POINT ( 'NONE',  ( 6.573916648702281800, -16.55512495095760500, -29.61109834426628500 ) ) ;
#1634 = CARTESIAN_POINT ( 'NONE',  ( 6.767952305557567900, -16.72395744458455600, -29.51607281952244900 ) ) ;
#1635 = AXIS2_PLACEMENT_3D ( 'NONE', #1976, #2315, #2062 ) ;
#1636 = EDGE_CURVE ( 'E1256', #1191, #2936, #350, .T. ) ;
#1637 = ORIENTED_EDGE ( 'NONE', *, *, #2447, .F. ) ;
#1638 = CARTESIAN_POINT ( 'NONE',  ( 24.50940107675850000, 26.50000000000000000, 1.414053616061350100E-016 ) ) ;
#1639 = CARTESIAN_POINT ( 'NONE',  ( 6.824999999999993100, -16.84215958548087100, -29.44895299637929800 ) ) ;
#1640 = CARTESIAN_POINT ( 'NONE',  ( 22.00345741013341400, -16.56235952133206300, -20.68666834206253200 ) ) ;
#1641 = EDGE_CURVE ( 'E340', #1505, #2020, #353, .T. ) ;
#1642 = CARTESIAN_POINT ( 'NONE',  ( 6.825000000000001100, -16.96231060122934100, -29.37958377509350400 ) ) ;
#1643 = ADVANCED_FACE ( 'E1574', ( #359, #339 ), #340, .T. ) ;
#1644 = CARTESIAN_POINT ( 'NONE',  ( 4.974554087836163600, 35.45958976992727700, 32.39451088294092100 ) ) ;
#1645 = AXIS2_PLACEMENT_3D ( 'NONE', #2025, #2572, #2301 ) ;
#1646 = VERTEX_POINT ( 'NONE', #1097 ) ;
#1647 = CARTESIAN_POINT ( 'NONE',  ( 21.80279457573195500, -16.55064418450796300, -20.69606438455545200 ) ) ;
#1648 = ORIENTED_EDGE ( 'NONE', *, *, #1054, .T. ) ;
#1649 = AXIS2_PLACEMENT_3D ( 'NONE', #1948, #2923, #1952 ) ;
#1650 = ORIENTED_EDGE ( 'NONE', *, *, #1220, .T. ) ;
#1651 = CARTESIAN_POINT ( 'NONE',  ( -21.00000000000000000, -79.42708333333330000, 13.60472098794100000 ) ) ;
#1652 = VERTEX_POINT ( 'NONE', #892 ) ;
#1653 = ORIENTED_EDGE ( 'NONE', *, *, #2481, .F. ) ;
#1654 = AXIS2_PLACEMENT_3D ( 'NONE', #2494, #2829, #2827 ) ;
#1655 = ORIENTED_EDGE ( 'NONE', *, *, #1419, .T. ) ;
#1656 = AXIS2_PLACEMENT_3D ( 'NONE', #2860, #2452, #2824 ) ;
#1657 = ADVANCED_FACE ( 'E1547', ( #333, #335 ), #324, .T. ) ;
#1658 = ORIENTED_EDGE ( 'NONE', *, *, #2585, .T. ) ;
#1659 = ORIENTED_EDGE ( 'NONE', *, *, #2384, .F. ) ;
#1660 = ORIENTED_EDGE ( 'NONE', *, *, #1606, .F. ) ;
#1661 = B_SPLINE_CURVE_WITH_KNOTS ( 'NONE', 3,
 ( #2362, #2186, #2122, #2119, #2109, #2108, #2104, #2101, #2100, #2095, #2092, #2086, #2081, #2075, #2071, #2067, #2063, #2055, #2051, #2050, #2044, #2039, #2038, #2032, #2030, #2018, #2017, #2014 ),
 .UNSPECIFIED., .F., .F.,
 ( 4, 2, 2, 2, 2, 2, 2, 2, 2, 2, 2, 2, 2, 4 ),
 ( 0.02029303667370916500, 0.02148133639104465900, 0.02266963610838015200, 0.02326378596704789900, 0.02385793582571564500, 0.02445208568438339600, 0.02504623554305113900, 0.02623453526038662500, 0.02682868511905436800, 0.02742283497772210800, 0.02801698483638984800, 0.02861113469505759100, 0.02920528455372533400, 0.02979943441239307400 ),
 .UNSPECIFIED. ) ;
#1662 = PLANE ( 'NONE',  #2139 ) ;
#1663 = ORIENTED_EDGE ( 'NONE', *, *, #1445, .F. ) ;
#1664 = CARTESIAN_POINT ( 'NONE',  ( 21.40744663889589800, -16.50364037803493000, -20.73356597897107900 ) ) ;
#1665 = AXIS2_PLACEMENT_3D ( 'NONE', #1638, #2792, #2779 ) ;
#1666 = DIRECTION ( 'NONE',  ( 1.000000000000000000, 0.0000000000000000000, 0.0000000000000000000 ) ) ;
#1667 = DIRECTION ( 'NONE',  ( 0.0000000000000000000, 0.0000000000000000000, -1.000000000000000000 ) ) ;
#1668 = VERTEX_POINT ( 'NONE', #1423 ) ;
#1669 = CARTESIAN_POINT ( 'NONE',  ( 21.21409528412699100, -16.46872099567648800, -20.76137472349934400 ) ) ;
#1670 = EDGE_LOOP ( 'NONE', ( #1467 ) ) ;
#1671 = CARTESIAN_POINT ( 'NONE',  ( -7.068647764680966000, 46.20305885558822500, 15.50000000000000000 ) ) ;
#1672 = CARTESIAN_POINT ( 'NONE',  ( 20.64659776246808700, -16.33039450015855500, -20.87060186101880500 ) ) ;
#1673 = CARTESIAN_POINT ( 'NONE',  ( -7.000000000000000000, 46.19882089516279700, 15.50000000000000000 ) ) ;
#1674 = ADVANCED_FACE ( 'E1545', ( #328 ), #329, .T. ) ;
#1675 = CARTESIAN_POINT ( 'NONE',  ( -14.00000000000000000, 0.0000000000000000000, 15.50000000000000000 ) ) ;
#1676 = AXIS2_PLACEMENT_3D ( 'NONE', #2801, #2798, #2689 ) ;
#1677 = ORIENTED_EDGE ( 'NONE', *, *, #2052, .F. ) ;
#1678 = AXIS2_PLACEMENT_3D ( 'NONE', #1777, #1600, #2349 ) ;
#1679 = CARTESIAN_POINT ( 'NONE',  ( -7.137295532970664000, 46.20729675723666200, 15.50000000000000000 ) ) ;
#1680 = ORIENTED_EDGE ( 'NONE', *, *, #1700, .F. ) ;
#1681 = DIRECTION ( 'NONE',  ( 0.0000000000000000000, 0.0000000000000000000, -1.000000000000000000 ) ) ;
#1682 = AXIS2_PLACEMENT_3D ( 'NONE', #1731, #1985, #1681 ) ;
#1683 = CARTESIAN_POINT ( 'NONE',  ( 20.28049248174309200, -16.19069898302940300, -20.98002288773524200 ) ) ;
#1684 = AXIS2_PLACEMENT_3D ( 'NONE', #1274, #1696, #1532 ) ;
#1685 = ORIENTED_EDGE ( 'NONE', *, *, #2282, .F. ) ;
#1686 = CARTESIAN_POINT ( 'NONE',  ( -7.205943304866109700, 46.21153460015659700, 15.50000000000000000 ) ) ;
#1687 = CARTESIAN_POINT ( 'NONE',  ( 19.78981169684256300, -15.92319244197895000, -21.18288143614898900 ) ) ;
#1688 = ORIENTED_EDGE ( 'NONE', *, *, #2755, .F. ) ;
#1689 = CARTESIAN_POINT ( 'NONE',  ( 19.63480956882529300, -15.82419226557448000, -21.25707794800087700 ) ) ;
#1690 = CARTESIAN_POINT ( 'NONE',  ( 19.34221004669748100, -15.60560842767077700, -21.41806268894232100 ) ) ;
#1691 = ORIENTED_EDGE ( 'NONE', *, *, #1606, .T. ) ;
#1692 = CARTESIAN_POINT ( 'NONE',  ( -17.89999999999999900, 0.0000000000000000000, 0.0000000000000000000 ) ) ;
#1693 = AXIS2_PLACEMENT_3D ( 'NONE', #1475, #1202, #1277 ) ;
#1694 = EDGE_CURVE ( 'E240', #1702, #1378, #344, .T. ) ;
#1695 = ORIENTED_EDGE ( 'NONE', *, *, #2700, .F. ) ;
#1696 = DIRECTION ( 'NONE',  ( 0.0000000000000000000, -1.000000000000000000, 0.0000000000000000000 ) ) ;
#1697 = CARTESIAN_POINT ( 'NONE',  ( 18.37774201751803800, -14.31651117226867800, -22.30113520793203800 ) ) ;
#1698 = CARTESIAN_POINT ( 'NONE',  ( 5.452834089796185800, 35.67146763177385800, 32.11911809793586800 ) ) ;
#1699 = CARTESIAN_POINT ( 'NONE',  ( 19.20495000958406000, -15.48590780976108600, -21.50489993874113300 ) ) ;
#1700 = EDGE_CURVE ( 'E576', #2799, #1909, #322, .T. ) ;
#1701 = CARTESIAN_POINT ( 'NONE',  ( -7.000000000000000000, -46.19882089516279700, 15.50000000000000000 ) ) ;
#1702 = VERTEX_POINT ( 'NONE', #1589 ) ;
#1703 = ORIENTED_EDGE ( 'NONE', *, *, #1694, .F. ) ;
#1704 = CARTESIAN_POINT ( 'NONE',  ( 18.95697016908367200, -15.23309449843273600, -21.68471567877950800 ) ) ;
#1705 = CARTESIAN_POINT ( 'NONE',  ( 18.84495801977067900, -15.09909545635997600, -21.77835760350133400 ) ) ;
#1706 = AXIS2_PLACEMENT_3D ( 'NONE', #1810, #2470, #2229 ) ;
#1707 = DIRECTION ( 'NONE',  ( -1.000000000000000000, 0.0000000000000000000, 0.0000000000000000000 ) ) ;
#1708 = CARTESIAN_POINT ( 'NONE',  ( 18.64498929926120500, -14.81532277423145900, -21.97238618360767100 ) ) ;
#1709 = ORIENTED_EDGE ( 'NONE', *, *, #2544, .T. ) ;
#1710 = CARTESIAN_POINT ( 'NONE',  ( -8.400000000000000400, 0.0000000000000000000, 0.0000000000000000000 ) ) ;
#1711 = DIRECTION ( 'NONE',  ( 0.0000000000000000000, 0.8660254037844389300, -0.4999999999999995600 ) ) ;
#1712 = AXIS2_PLACEMENT_3D ( 'NONE', #2924, #119, #1796 ) ;
#1713 = VERTEX_POINT ( 'NONE', #1701 ) ;
#1714 = DIRECTION ( 'NONE',  ( -1.000000000000000000, 0.0000000000000000000, 0.0000000000000000000 ) ) ;
#1715 = ADVANCED_FACE ( 'E1542', ( #312, #318 ), #304, .T. ) ;
#1716 = DIRECTION ( 'NONE',  ( -6.123031769111887500E-017, -0.4999999999999998900, -0.8660254037844387100 ) ) ;
#1717 = ORIENTED_EDGE ( 'NONE', *, *, #2434, .T. ) ;
#1718 = CARTESIAN_POINT ( 'NONE',  ( 22.19999999999999900, -13.22937499999999900, -22.91394965238155000 ) ) ;
#1719 = PRODUCT_DEFINITION_SHAPE ( 'NONE', 'NONE',  #1132 ) ;
#1720 = AXIS2_PLACEMENT_3D ( 'NONE', #104, #122, #136 ) ;
#1721 = DIRECTION ( 'NONE',  ( 0.0000000000000000000, 0.0000000000000000000, 1.000000000000000000 ) ) ;
#1722 = DIRECTION ( 'NONE',  ( 0.0000000000000000000, 0.0000000000000000000, 1.000000000000000000 ) ) ;
#1723 = AXIS2_PLACEMENT_3D ( 'NONE', #2880, #2803, #2904 ) ;
#1724 = CARTESIAN_POINT ( 'NONE',  ( 18.55658372920651200, -14.66428613283289700, -22.07358107966335600 ) ) ;
#1725 = ORIENTED_EDGE ( 'NONE', *, *, #1108, .F. ) ;
#1726 = PLANE ( 'NONE',  #2115 ) ;
#1727 = DIRECTION ( 'NONE',  ( 0.8660254037844387100, 0.0000000000000000000, 0.4999999999999998900 ) ) ;
#1728 = DIRECTION ( 'NONE',  ( 0.0000000000000000000, 0.0000000000000000000, 1.000000000000000000 ) ) ;
#1729 = ORIENTED_EDGE ( 'NONE', *, *, #1382, .F. ) ;
#1730 = ADVANCED_FACE ( 'E339', ( #337 ), #300, .T. ) ;
#1731 = CARTESIAN_POINT ( 'NONE',  ( -8.400000000000000400, 85.84399847396359500, 0.0000000000000000000 ) ) ;
#1732 = AXIS2_PLACEMENT_3D ( 'NONE', #2511, #2658, #103 ) ;
#1733 = DIRECTION ( 'NONE',  ( 1.000000000000000000, 0.0000000000000000000, 0.0000000000000000000 ) ) ;
#1734 = ORIENTED_EDGE ( 'NONE', *, *, #2735, .T. ) ;
#1735 = DIRECTION ( 'NONE',  ( 0.0000000000000000000, -0.8660254037844386000, 0.5000000000000002200 ) ) ;
#1736 = DIRECTION ( 'NONE',  ( 0.0000000000000000000, 0.4999999999999998900, 0.8660254037844387100 ) ) ;
#1737 = CARTESIAN_POINT ( 'NONE',  ( 21.04529946162074700, 26.50000000000000000, -2.000000000000000000 ) ) ;
#1738 = EDGE_CURVE ( 'E79', #1481, #1939, #2795, .T. ) ;
#1739 = EDGE_CURVE ( 'E409', #2799, #1559, #302, .T. ) ;
#1740 = CARTESIAN_POINT ( 'NONE',  ( 22.19999999999999900, -13.22937499999999900, -22.91394965238150000 ) ) ;
#1741 = ORIENTED_EDGE ( 'NONE', *, *, #2595, .T. ) ;
#1742 = ORIENTED_EDGE ( 'NONE', *, *, #2551, .T. ) ;
#1743 = EDGE_CURVE ( 'E119', #1563, #2487, #310, .T. ) ;
#1744 = PLANE ( 'NONE',  #2110 ) ;
#1745 = ADVANCED_FACE ( 'E1445', ( #292, #298 ), #1934, .T. ) ;
#1746 = ADVANCED_FACE ( 'E1448', ( #293, #284 ), #1873, .T. ) ;
#1747 = ORIENTED_EDGE ( 'NONE', *, *, #1868, .F. ) ;
#1748 = DIRECTION ( 'NONE',  ( 0.0000000000000000000, 0.8660254037844389300, -0.4999999999999995600 ) ) ;
#1749 = DIRECTION ( 'NONE',  ( 0.4999999999999998900, 0.0000000000000000000, -0.8660254037844387100 ) ) ;
#1750 = CARTESIAN_POINT ( 'NONE',  ( 6.825000000000009900, -29.31021455380770400, 17.08246161697781700 ) ) ;
#1751 = ADVANCED_FACE ( 'E676', ( #288 ), #2053, .T. ) ;
#1752 = EDGE_LOOP ( 'NONE', ( #2859 ) ) ;
#1753 = DIRECTION ( 'NONE',  ( -6.123031769111887500E-017, -0.4999999999999998900, -0.8660254037844387100 ) ) ;
#1754 = PLANE ( 'NONE',  #1682 ) ;
#1755 = DIRECTION ( 'NONE',  ( 1.000000000000000000, 0.0000000000000000000, 0.0000000000000000000 ) ) ;
#1756 = CARTESIAN_POINT ( 'NONE',  ( 22.19999999999999900, -13.22937499999999900, -22.91394965238155000 ) ) ;
#1757 = AXIS2_PLACEMENT_3D ( 'NONE', #2716, #2347, #37 ) ;
#1758 = CARTESIAN_POINT ( 'NONE',  ( 6.825000000000002000, -29.37958377509350400, 16.96231060122934400 ) ) ;
#1759 = ORIENTED_EDGE ( 'NONE', *, *, #2595, .F. ) ;
#1760 = EDGE_CURVE ( 'NONE', #2457, #2457, #291, .T. ) ;
#1761 = DIRECTION ( 'NONE',  ( 0.0000000000000000000, 1.000000000000000000, 0.0000000000000000000 ) ) ;
#1762 = CARTESIAN_POINT ( 'NONE',  ( -7.068647764680966000, 46.20305885558822500, -15.50000000000000000 ) ) ;
#1763 = ADVANCED_FACE ( 'E1425', ( #311, #275 ), #202, .T. ) ;
#1764 = CARTESIAN_POINT ( 'NONE',  ( 18.48308574722259900, -14.50937942504120000, -22.17493875302010100 ) ) ;
#1765 = AXIS2_PLACEMENT_3D ( 'NONE', #11, #12, #23 ) ;
#1766 = ORIENTED_EDGE ( 'NONE', *, *, #2329, .F. ) ;
#1767 = EDGE_CURVE ( 'E124', #1563, #1505, #279, .T. ) ;
#1768 = CARTESIAN_POINT ( 'NONE',  ( 5.128283252921146000, 35.53865978414626200, 32.29425600515218500 ) ) ;
#1769 = ADVANCED_FACE ( 'E1409', ( #277 ), #256, .F. ) ;
#1770 = ORIENTED_EDGE ( 'NONE', *, *, #1513, .T. ) ;
#1771 = AXIS2_PLACEMENT_3D ( 'NONE', #22, #93, #41 ) ;
#1772 = CARTESIAN_POINT ( 'NONE',  ( -7.205943304866109700, -46.21153460015659700, -15.50000000000000000 ) ) ;
#1773 = ORIENTED_EDGE ( 'NONE', *, *, #2417, .T. ) ;
#1774 = ORIENTED_EDGE ( 'NONE', *, *, #1615, .T. ) ;
#1775 = CARTESIAN_POINT ( 'NONE',  ( -7.137295532970664000, -46.20729675723666200, -15.50000000000000000 ) ) ;
#1776 = CARTESIAN_POINT ( 'NONE',  ( 6.768076094920242100, -29.24154070608227600, 17.19946522554925700 ) ) ;
#1777 = CARTESIAN_POINT ( 'NONE',  ( -7.139999999999999700, 0.0000000000000000000, 0.0000000000000000000 ) ) ;
#1778 = CARTESIAN_POINT ( 'NONE',  ( 6.574319181863352000, -29.14284355841598600, 17.36617333323712800 ) ) ;
#1779 = ADVANCED_FACE ( 'E645', ( #281 ), #26, .T. ) ;
#1780 = ORIENTED_EDGE ( 'NONE', *, *, #112, .T. ) ;
#1781 = DIRECTION ( 'NONE',  ( 0.0000000000000000000, 1.000000000000000000, 0.0000000000000000000 ) ) ;
#1782 = ORIENTED_EDGE ( 'NONE', *, *, #2468, .F. ) ;
#1783 = CARTESIAN_POINT ( 'NONE',  ( -7.205943304866109700, 46.21153460015659700, -15.50000000000000000 ) ) ;
#1784 = ORIENTED_EDGE ( 'NONE', *, *, #67, .F. ) ;
#1785 = ADVANCED_FACE ( 'E1399', ( #271 ), #234, .F. ) ;
#1786 = AXIS2_PLACEMENT_3D ( 'NONE', #6, #2693, #2143 ) ;
#1787 = AXIS2_PLACEMENT_3D ( 'NONE', #2257, #51, #58 ) ;
#1788 = CARTESIAN_POINT ( 'NONE',  ( -7.000000000000000000, -46.19882089516279700, -15.50000000000000000 ) ) ;
#1789 = ORIENTED_EDGE ( 'NONE', *, *, #1830, .F. ) ;
#1790 = CARTESIAN_POINT ( 'NONE',  ( -7.000000000000000000, 46.19882089516279700, -15.50000000000000000 ) ) ;
#1791 = DIRECTION ( 'NONE',  ( 0.0000000000000000000, 0.0000000000000000000, 1.000000000000000000 ) ) ;
#1792 = AXIS2_PLACEMENT_3D ( 'NONE', #86, #90, #18 ) ;
#1793 = ORIENTED_EDGE ( 'NONE', *, *, #2812, .F. ) ;
#1794 = CARTESIAN_POINT ( 'NONE',  ( 6.437234121089791600, -29.11360289554872300, 17.41488013670801700 ) ) ;
#1795 = ORIENTED_EDGE ( 'NONE', *, *, #2650, .F. ) ;
#1796 = DIRECTION ( 'NONE',  ( 1.000000000000000000, 0.0000000000000000000, 0.0000000000000000000 ) ) ;
#1797 = CARTESIAN_POINT ( 'NONE',  ( 6.163323798526543700, -29.11352817331533800, 17.41500505418198200 ) ) ;
#1798 = CARTESIAN_POINT ( 'NONE',  ( 6.027014090610936000, -29.14220612817490900, 17.36724912142352300 ) ) ;
#1799 = ADVANCED_FACE ( 'E1392', ( #268 ), #225, .F. ) ;
#1800 = CARTESIAN_POINT ( 'NONE',  ( -19.00000000000000000, 0.0000000000000000000, 0.0000000000000000000 ) ) ;
#1801 = CARTESIAN_POINT ( 'NONE',  ( -7.068647764680966000, -46.20305885558822500, -15.50000000000000000 ) ) ;
#1802 = EDGE_CURVE ( 'E154', #1909, #1996, #1100, .T. ) ;
#1803 = ORIENTED_EDGE ( 'NONE', *, *, #1029, .T. ) ;
#1804 = ADVANCED_FACE ( 'E642', ( #265, #231 ), #2532, .T. ) ;
#1805 = CARTESIAN_POINT ( 'NONE',  ( 5.830903601021599800, -29.24201878099231400, 17.19865860102795100 ) ) ;
#1806 = AXIS2_PLACEMENT_3D ( 'NONE', #2031, #2165, #2200 ) ;
#1807 = AXIS2_PLACEMENT_3D ( 'NONE', #2667, #2539, #70 ) ;
#1808 = CARTESIAN_POINT ( 'NONE',  ( 5.775048522352518500, -29.31096698628922300, 17.08115686387668200 ) ) ;
#1809 = CARTESIAN_POINT ( 'NONE',  ( 5.774951543370646000, -29.44801480871501600, 16.84378607396208600 ) ) ;
#1810 = CARTESIAN_POINT ( 'NONE',  ( 22.19999999999999900, 20.00000000000000000, 0.0000000000000000000 ) ) ;
#1811 = AXIS2_PLACEMENT_3D ( 'NONE', #1954, #2216, #2046 ) ;
#1812 = CARTESIAN_POINT ( 'NONE',  ( -14.00000000000000000, 72.00000000000000000, 15.50000000000000000 ) ) ;
#1813 = CARTESIAN_POINT ( 'NONE',  ( 5.831690727373908700, -29.51572792969801600, 16.72456637450189000 ) ) ;
#1814 = VERTEX_POINT ( 'NONE', #16 ) ;
#1815 = CARTESIAN_POINT ( 'NONE',  ( 6.025127063432345900, -29.61079894105801500, 16.55566071491294600 ) ) ;
#1816 = ADVANCED_FACE ( 'E1012', ( #224 ), #46, .T. ) ;
#1817 = AXIS2_PLACEMENT_3D ( 'NONE', #1935, #1988, #2011 ) ;
#1818 = DIRECTION ( 'NONE',  ( -1.000000000000000000, -2.081668171172169700E-016, 1.201851678989726100E-016 ) ) ;
#1819 = AXIS2_PLACEMENT_3D ( 'NONE', #2194, #2005, #2237 ) ;
#1820 = CARTESIAN_POINT ( 'NONE',  ( -8.400000000000000400, 72.00000000000000000, -15.50000000000000000 ) ) ;
#1821 = ORIENTED_EDGE ( 'NONE', *, *, #1700, .T. ) ;
#1822 = CARTESIAN_POINT ( 'NONE',  ( 6.160990907430280200, -29.63849667497660800, 16.50573956530412200 ) ) ;
#1823 = ADVANCED_FACE ( 'E1255', ( #258 ), #2510, .T. ) ;
#1824 = ADVANCED_FACE ( 'E3', ( #249, #219 ), #223, .F. ) ;
#1825 = AXIS2_PLACEMENT_3D ( 'NONE', #1800, #1458, #1791 ) ;
#1826 = CARTESIAN_POINT ( 'NONE',  ( 6.437938713801153200, -29.63863405231219200, 16.50549288156415500 ) ) ;
#1827 = CARTESIAN_POINT ( 'NONE',  ( 6.573916648702281800, -29.61109834426628500, 16.55512495095760500 ) ) ;
#1828 = ORIENTED_EDGE ( 'NONE', *, *, #2438, .F. ) ;
#1829 = CARTESIAN_POINT ( 'NONE',  ( 6.767952305557567900, -29.51607281952244900, 16.72395744458455600 ) ) ;
#1830 = EDGE_CURVE ( 'E1386', #1181, #1140, #873, .T. ) ;
#1831 = ORIENTED_EDGE ( 'NONE', *, *, #2130, .F. ) ;
#1832 = ORIENTED_EDGE ( 'NONE', *, *, #2503, .F. ) ;
#1833 = CARTESIAN_POINT ( 'NONE',  ( 6.824999999999994000, -29.44895299637929800, 16.84215958548087900 ) ) ;
#1834 = CARTESIAN_POINT ( 'NONE',  ( 6.825000000000002000, -29.37958377509350400, 16.96231060122934400 ) ) ;
#1835 = ORIENTED_EDGE ( 'NONE', *, *, #2700, .T. ) ;
#1836 = ADVANCED_FACE ( 'E1206', ( #273 ), #207, .T. ) ;
#1837 = AXIS2_PLACEMENT_3D ( 'NONE', #1167, #1178, #1308 ) ;
#1838 = DIRECTION ( 'NONE',  ( -0.5000000000000001100, 0.7500000000000001100, -0.4330127018922190800 ) ) ;
#1839 = CARTESIAN_POINT ( 'NONE',  ( -6.299999999999999800, 0.0000000000000000000, 0.0000000000000000000 ) ) ;
#1840 = ORIENTED_EDGE ( 'NONE', *, *, #2564, .T. ) ;
#1841 = CARTESIAN_POINT ( 'NONE',  ( -10.25000000000000000, 0.0000000000000000000, -1.255221512667935900E-015 ) ) ;
#1842 = ADVANCED_FACE ( 'E1123', ( #254 ), #201, .T. ) ;
#1843 = ADVANCED_FACE ( 'E554', ( #209 ), #1754, .T. ) ;
#1844 = CARTESIAN_POINT ( 'NONE',  ( 22.19999999999999900, -13.22937499999999900, -22.91394965238150000 ) ) ;
#1845 = EDGE_LOOP ( 'NONE', ( #2887 ) ) ;
#1846 = DIRECTION ( 'NONE',  ( -0.8660254037844387100, 0.0000000000000000000, -0.4999999999999998900 ) ) ;
#1847 = VERTEX_POINT ( 'NONE', #1910 ) ;
#1848 = AXIS2_PLACEMENT_3D ( 'NONE', #884, #878, #1134 ) ;
#1849 = AXIS2_PLACEMENT_3D ( 'NONE', #537, #572, #530 ) ;
#1850 = ADVANCED_FACE ( 'E139', ( #190 ), #205, .F. ) ;
#1851 = ORIENTED_EDGE ( 'NONE', *, *, #2846, .F. ) ;
#1852 = PLANE ( 'NONE',  #2087 ) ;
#1853 = CARTESIAN_POINT ( 'NONE',  ( 22.19999999999999900, -13.22937499999999900, -22.91394965238155000 ) ) ;
#1854 = ADVANCED_FACE ( 'E1120', ( #197, #189 ), #166, .T. ) ;
#1855 = ADVANCED_BREP_SHAPE_REPRESENTATION ( 'UCFL-208', ( #296, #1151 ), #1164 ) ;
#1856 = EDGE_LOOP ( 'NONE', ( #1929 ) ) ;
#1857 = AXIS2_PLACEMENT_3D ( 'NONE', #1091, #1123, #1129 ) ;
#1858 = DIRECTION ( 'NONE',  ( 1.000000000000000000, 0.0000000000000000000, 1.224606353822375800E-016 ) ) ;
#1859 = AXIS2_PLACEMENT_3D ( 'NONE', #495, #510, #492 ) ;
#1860 = DIRECTION ( 'NONE',  ( 1.224606353822375800E-016, 0.0000000000000000000, -1.000000000000000000 ) ) ;
#1861 = DIRECTION ( 'NONE',  ( 0.0000000000000000000, 0.8660254037844389300, -0.4999999999999995600 ) ) ;
#1862 = VERTEX_POINT ( 'NONE', #2499 ) ;
#1863 = AXIS2_PLACEMENT_3D ( 'NONE', #541, #542, #547 ) ;
#1864 = AXIS2_PLACEMENT_3D ( 'NONE', #1183, #1453, #1526 ) ;
#1865 = CARTESIAN_POINT ( 'NONE',  ( 25.91691425277744900, 26.45874999999999800, 1.478021798722890100 ) ) ;
#1866 = DIRECTION ( 'NONE',  ( 0.0000000000000000000, -0.8660254037844386000, 0.5000000000000002200 ) ) ;
#1867 = VERTEX_POINT ( 'NONE', #2709 ) ;
#1868 = EDGE_CURVE ( 'E16', #1939, #438, #160, .T. ) ;
#1869 = DIRECTION ( 'NONE',  ( 0.0000000000000000000, 0.4999999999999998900, 0.8660254037844387100 ) ) ;
#1870 = ADVANCED_FACE ( 'E1234', ( #173 ), #2706, .T. ) ;
#1871 = ADVANCED_FACE ( 'E1054', ( #214 ), #2849, .T. ) ;
#1872 = ORIENTED_EDGE ( 'NONE', *, *, #2144, .F. ) ;
#1873 = PLANE ( 'NONE',  #1811 ) ;
#1874 = AXIS2_PLACEMENT_3D ( 'NONE', #481, #465, #477 ) ;
#1875 = ORIENTED_EDGE ( 'NONE', *, *, #99, .F. ) ;
#1876 = CARTESIAN_POINT ( 'NONE',  ( -7.137295532970658700, 46.20729675723666200, -15.50000000000000000 ) ) ;
#1877 = DIRECTION ( 'NONE',  ( 0.0000000000000000000, 0.0000000000000000000, 1.000000000000000000 ) ) ;
#1878 = DIRECTION ( 'NONE',  ( 1.000000000000000000, 0.0000000000000000000, 0.0000000000000000000 ) ) ;
#1879 = DIRECTION ( 'NONE',  ( -6.123031769111887500E-017, -0.4999999999999998900, -0.8660254037844387100 ) ) ;
#1880 = EDGE_LOOP ( 'NONE', ( #1278 ) ) ;
#1881 = AXIS2_PLACEMENT_3D ( 'NONE', #445, #424, #406 ) ;
#1882 = PLANE ( 'NONE',  #1630 ) ;
#1883 = ORIENTED_EDGE ( 'NONE', *, *, #2590, .T. ) ;
#1884 = DIRECTION ( 'NONE',  ( -1.000000000000000000, 0.0000000000000000000, 0.0000000000000000000 ) ) ;
#1885 = ADVANCED_FACE ( 'E1422', ( #181, #170 ), #148, .T. ) ;
#1886 = CARTESIAN_POINT ( 'NONE',  ( 22.19999999999999900, -10.00000000000000000, -17.32050807568875300 ) ) ;
#1887 = AXIS2_PLACEMENT_3D ( 'NONE', #460, #590, #491 ) ;
#1888 = ORIENTED_EDGE ( 'NONE', *, *, #1641, .F. ) ;
#1889 = CARTESIAN_POINT ( 'NONE',  ( -8.400000000000000400, 0.0000000000000000000, 0.0000000000000000000 ) ) ;
#1890 = AXIS2_PLACEMENT_3D ( 'NONE', #402, #439, #440 ) ;
#1891 = CARTESIAN_POINT ( 'NONE',  ( 19.89059892324149800, -13.25000000000000000, -22.94967320028764800 ) ) ;
#1892 = EDGE_LOOP ( 'NONE', ( #2133, #2306, #1888, #720, #2215, #1945 ) ) ;
#1893 = B_SPLINE_CURVE_WITH_KNOTS ( 'NONE', 3,
 ( #1250, #1256, #1257, #1261, #1262, #1266, #1270, #1272, #1276, #1279, #1284, #1286, #1291, #1292, #1298, #1303, #1313, #1317 ),
 .UNSPECIFIED., .T., .F.,
 ( 4, 2, 2, 2, 2, 2, 2, 2, 4 ),
 ( 0.0000000000000000000, 0.0004129204765355121700, 0.0008258409530710243300, 0.001238761429606536400, 0.001651681906142048700, 0.002064602382677560700, 0.002477522859213072900, 0.002890443335748585100, 0.003303363812284097300 ),
 .UNSPECIFIED. ) ;
#1894 = AXIS2_PLACEMENT_3D ( 'NONE', #395, #446, #363 ) ;
#1895 = ORIENTED_EDGE ( 'NONE', *, *, #1694, .T. ) ;
#1896 = PLANE ( 'NONE',  #2068 ) ;
#1897 = ORIENTED_EDGE ( 'NONE', *, *, #1330, .T. ) ;
#1898 = AXIS2_PLACEMENT_3D ( 'NONE', #346, #327, #314 ) ;
#1899 = CARTESIAN_POINT ( 'NONE',  ( 23.35470053837925200, -14.16955080756886100, -20.54238191913789900 ) ) ;
#1900 = AXIS2_PLACEMENT_3D ( 'NONE', #453, #517, #485 ) ;
#1901 = CARTESIAN_POINT ( 'NONE',  ( 23.35470053837925200, -14.98205080756886100, -21.94967320028759900 ) ) ;
#1902 = ADVANCED_FACE ( 'E851', ( #176, #151 ), #146, .F. ) ;
#1903 = ORIENTED_EDGE ( 'NONE', *, *, #2873, .F. ) ;
#1904 = ORIENTED_EDGE ( 'NONE', *, *, #2625, .F. ) ;
#1905 = CARTESIAN_POINT ( 'NONE',  ( 18.48308574722259900, 26.45874999999999800, 1.478021798722890100 ) ) ;
#1906 = AXIS2_PLACEMENT_3D ( 'NONE', #428, #343, #188 ) ;
#1907 = DIRECTION ( 'NONE',  ( 0.0000000000000000000, 0.4999999999999998900, 0.8660254037844387100 ) ) ;
#1908 = ORIENTED_EDGE ( 'NONE', *, *, #2509, .F. ) ;
#1909 = VERTEX_POINT ( 'NONE', #1911 ) ;
#1910 = CARTESIAN_POINT ( 'NONE',  ( 24.50940107675850000, -12.43750000000000000, -21.54238191913789900 ) ) ;
#1911 = CARTESIAN_POINT ( 'NONE',  ( -8.400000000000000400, 47.53682782853729800, 15.50000000000000000 ) ) ;
#1912 = ADVANCED_FACE ( 'E1419', ( #153, #212 ), #129, .T. ) ;
#1913 = AXIS2_PLACEMENT_3D ( 'NONE', #261, #9, #306 ) ;
#1914 = DIRECTION ( 'NONE',  ( 0.0000000000000000000, -0.8660254037844387100, 0.4999999999999998900 ) ) ;
#1915 = ORIENTED_EDGE ( 'NONE', *, *, #2450, .F. ) ;
#1916 = CARTESIAN_POINT ( 'NONE',  ( 21.04529946162074700, -14.98205080756886100, -21.94967320028759900 ) ) ;
#1917 = ORIENTED_EDGE ( 'NONE', *, *, #1494, .F. ) ;
#1918 = AXIS2_PLACEMENT_3D ( 'NONE', #252, #198, #262 ) ;
#1919 = AXIS2_PLACEMENT_3D ( 'NONE', #347, #351, #358 ) ;
#1920 = CARTESIAN_POINT ( 'NONE',  ( 23.35470053837925200, -11.51794919243112000, -23.94967320028764800 ) ) ;
#1921 = ADVANCED_FACE ( 'E1213', ( #133 ), #1882, .T. ) ;
#1922 = AXIS2_PLACEMENT_3D ( 'NONE', #3001, #174, #138 ) ;
#1923 = AXIS2_PLACEMENT_3D ( 'NONE', #2986, #2945, #2984 ) ;
#1924 = ORIENTED_EDGE ( 'NONE', *, *, #2380, .T. ) ;
#1925 = VERTEX_POINT ( 'NONE', #1905 ) ;
#1926 = EDGE_CURVE ( 'NONE', #2456, #2456, #141, .T. ) ;
#1927 = CARTESIAN_POINT ( 'NONE',  ( -8.400000000000000400, -79.42708333333341400, -13.60472098794100000 ) ) ;
#1928 = DIRECTION ( 'NONE',  ( 0.4999999999999999400, 0.7499999999999998900, -0.4330127018922194600 ) ) ;
#1929 = ORIENTED_EDGE ( 'NONE', *, *, #2516, .T. ) ;
#1930 = B_SPLINE_CURVE_WITH_KNOTS ( 'NONE', 3,
 ( #2554, #2636, #2541, #2540, #2533, #2529, #2527, #2524, #2518, #2514, #2507, #2502, #2489, #2486, #2475, #2458, #2444, #2437 ),
 .UNSPECIFIED., .T., .F.,
 ( 4, 2, 2, 2, 2, 2, 2, 2, 4 ),
 ( 0.0000000000000000000, 0.0004129429901674506000, 0.0008258859803349012000, 0.001238828970502351900, 0.001651771960669802400, 0.002064714950837253200, 0.002477657941004703700, 0.002890600931172154300, 0.003303543921339604800 ),
 .UNSPECIFIED. ) ;
#1931 = CARTESIAN_POINT ( 'NONE',  ( -21.00000000000000000, 0.0000000000000000000, 0.0000000000000000000 ) ) ;
#1932 = AXIS2_PLACEMENT_3D ( 'NONE', #2935, #2953, #2965 ) ;
#1933 = ORIENTED_EDGE ( 'NONE', *, *, #2813, .T. ) ;
#1934 = PLANE ( 'NONE',  #1817 ) ;
#1935 = CARTESIAN_POINT ( 'NONE',  ( -10.50000000000000000, 0.0000000000000000000, -160.0000000000000000 ) ) ;
#1936 = ORIENTED_EDGE ( 'NONE', *, *, #417, .F. ) ;
#1937 = ADVANCED_FACE ( 'E949', ( #158 ), #1943, .T. ) ;
#1938 = AXIS2_PLACEMENT_3D ( 'NONE', #2915, #2473, #2446 ) ;
#1939 = VERTEX_POINT ( 'NONE', #2863 ) ;
#1940 = AXIS2_PLACEMENT_3D ( 'NONE', #2402, #2435, #2442 ) ;
#1941 = DIRECTION ( 'NONE',  ( 1.000000000000000000, 0.0000000000000000000, 6.123031769111888800E-017 ) ) ;
#1942 = DIRECTION ( 'NONE',  ( 6.938893903907228400E-017, 0.0000000000000000000, -1.000000000000000000 ) ) ;
#1943 = PLANE ( 'NONE',  #1613 ) ;
#1944 = CARTESIAN_POINT ( 'NONE',  ( 23.35470053837925200, -14.98205080756886100, -21.94967320028759900 ) ) ;
#1945 = ORIENTED_EDGE ( 'NONE', *, *, #1108, .T. ) ;
#1946 = PLANE ( 'NONE',  #2056 ) ;
#1947 = DIRECTION ( 'NONE',  ( -2.403703357979455600E-016, 0.8660254037844387100, -0.4999999999999998900 ) ) ;
#1948 = CARTESIAN_POINT ( 'NONE',  ( -19.00000000000000000, 0.0000000000000000000, 0.0000000000000000000 ) ) ;
#1949 = ORIENTED_EDGE ( 'NONE', *, *, #1146, .F. ) ;
#1950 = ORIENTED_EDGE ( 'NONE', *, *, #2734, .T. ) ;
#1951 = DIRECTION ( 'NONE',  ( 1.000000000000000000, 2.081668171172169700E-016, -1.201851678989726100E-016 ) ) ;
#1952 = DIRECTION ( 'NONE',  ( 0.0000000000000000000, 0.0000000000000000000, -1.000000000000000000 ) ) ;
#1953 = ORIENTED_EDGE ( 'NONE', *, *, #1455, .F. ) ;
#1954 = CARTESIAN_POINT ( 'NONE',  ( 10.50000000000000000, 0.0000000000000000000, -160.0000000000000000 ) ) ;
#1955 = ADVANCED_FACE ( 'E942', ( #127 ), #117, .T. ) ;
#1956 = DIRECTION ( 'NONE',  ( 0.5000000000000001100, -0.7500000000000001100, 0.4330127018922190800 ) ) ;
#1957 = DIRECTION ( 'NONE',  ( -1.000000000000000000, 0.0000000000000000000, 0.0000000000000000000 ) ) ;
#1958 = CARTESIAN_POINT ( 'NONE',  ( 15.00000000000000000, 79.42708333333330000, -13.60472098794100000 ) ) ;
#1959 = ORIENTED_EDGE ( 'NONE', *, *, #2393, .T. ) ;
#1960 = CARTESIAN_POINT ( 'NONE',  ( 21.04529946162074700, -11.51794919243112000, -23.94967320028764800 ) ) ;
#1961 = DIRECTION ( 'NONE',  ( -0.4999999999999998900, 0.0000000000000000000, 0.8660254037844387100 ) ) ;
#1962 = ORIENTED_EDGE ( 'NONE', *, *, #2265, .T. ) ;
#1963 = CARTESIAN_POINT ( 'NONE',  ( 23.35470053837925200, -11.51794919243112000, -23.94967320028764800 ) ) ;
#1964 = AXIS2_PLACEMENT_3D ( 'NONE', #2388, #2392, #2394 ) ;
#1965 = EDGE_CURVE ( 'E188', #1652, #3003, #157, .T. ) ;
#1966 = PLANE ( 'NONE',  #2040 ) ;
#1967 = ORIENTED_EDGE ( 'NONE', *, *, #2865, .T. ) ;
#1968 = ADVANCED_FACE ( 'E1428', ( #126, #115 ), #130, .T. ) ;
#1969 = DIRECTION ( 'NONE',  ( 1.000000000000000000, 5.204170427930419300E-016, -3.004629197474320000E-016 ) ) ;
#1970 = AXIS2_PLACEMENT_3D ( 'NONE', #2346, #2331, #2359 ) ;
#1971 = ORIENTED_EDGE ( 'NONE', *, *, #2559, .F. ) ;
#1972 = CARTESIAN_POINT ( 'NONE',  ( -7.000000000000000000, 0.0000000000000000000, 15.50000000000000000 ) ) ;
#1973 = DIRECTION ( 'NONE',  ( -0.4999999999999999400, -0.7499999999999998900, 0.4330127018922194600 ) ) ;
#1974 = ORIENTED_EDGE ( 'NONE', *, *, #1476, .T. ) ;
#1975 = CARTESIAN_POINT ( 'NONE',  ( -8.400000000000000400, 0.0000000000000000000, 0.0000000000000000000 ) ) ;
#1976 = CARTESIAN_POINT ( 'NONE',  ( -21.00000000000000000, 72.00000000000000000, 0.0000000000000000000 ) ) ;
#1977 = DIRECTION ( 'NONE',  ( 0.0000000000000000000, -0.8660254037844389300, 0.4999999999999995600 ) ) ;
#1978 = EDGE_LOOP ( 'NONE', ( #788, #2917, #1709, #1677 ) ) ;
#1979 = DIRECTION ( 'NONE',  ( 0.0000000000000000000, 0.0000000000000000000, 1.000000000000000000 ) ) ;
#1980 = DIRECTION ( 'NONE',  ( 5.374331536713926100E-017, 0.4791666666666667400, -0.8777239347058706200 ) ) ;
#1981 = EDGE_CURVE ( 'E427', #1536, #2487, #102, .T. ) ;
#1982 = ORIENTED_EDGE ( 'NONE', *, *, #2439, .F. ) ;
#1983 = DIRECTION ( 'NONE',  ( 0.0000000000000000000, 0.4999999999999998900, 0.8660254037844387100 ) ) ;
#1984 = DIRECTION ( 'NONE',  ( 0.0000000000000000000, 1.000000000000000000, 0.0000000000000000000 ) ) ;
#1985 = DIRECTION ( 'NONE',  ( 1.000000000000000000, 0.0000000000000000000, 0.0000000000000000000 ) ) ;
#1986 = AXIS2_PLACEMENT_3D ( 'NONE', #2367, #2371, #2377 ) ;
#1987 = AXIS2_PLACEMENT_3D ( 'NONE', #2338, #2339, #2342 ) ;
#1988 = DIRECTION ( 'NONE',  ( -1.000000000000000000, 0.0000000000000000000, 0.0000000000000000000 ) ) ;
#1989 = ADVANCED_FACE ( 'E856', ( #98, #101 ), #76, .T. ) ;
#1990 = ORIENTED_EDGE ( 'NONE', *, *, #2914, .T. ) ;
#1991 = CARTESIAN_POINT ( 'NONE',  ( 22.19999999999999900, -13.25000000000000000, -22.94967320028764800 ) ) ;
#1992 = CARTESIAN_POINT ( 'NONE',  ( -7.000000000000000000, 0.0000000000000000000, -15.50000000000000000 ) ) ;
#1993 = DIRECTION ( 'NONE',  ( -2.933952722699443000E-017, 0.8777239347058706200, 0.4791666666666667400 ) ) ;
#1994 = ORIENTED_EDGE ( 'NONE', *, *, #899, .F. ) ;
#1995 = DIRECTION ( 'NONE',  ( 0.0000000000000000000, 0.0000000000000000000, 1.000000000000000000 ) ) ;
#1996 = VERTEX_POINT ( 'NONE', #1077 ) ;
#1997 = ORIENTED_EDGE ( 'NONE', *, *, #995, .F. ) ;
#1998 = DIRECTION ( 'NONE',  ( 1.000000000000000000, 0.0000000000000000000, 0.0000000000000000000 ) ) ;
#1999 = AXIS2_PLACEMENT_3D ( 'NONE', #2273, #2226, #2281 ) ;
#2000 = ORIENTED_EDGE ( 'NONE', *, *, #2967, .F. ) ;
#2001 = CARTESIAN_POINT ( 'NONE',  ( 22.19999999999999900, 20.00000000000000000, 0.0000000000000000000 ) ) ;
#2002 = ORIENTED_EDGE ( 'NONE', *, *, #1738, .T. ) ;
#2003 = AXIS2_PLACEMENT_3D ( 'NONE', #2292, #2201, #2209 ) ;
#2004 = CARTESIAN_POINT ( 'NONE',  ( -14.00000000000000000, -72.00000000000000000, 15.50000000000000000 ) ) ;
#2005 = DIRECTION ( 'NONE',  ( -1.000000000000000000, 0.0000000000000000000, -6.123031769111888800E-017 ) ) ;
#2006 = ORIENTED_EDGE ( 'NONE', *, *, #1592, .T. ) ;
#2007 = ADVANCED_FACE ( 'E1033', ( #94 ), #1216, .T. ) ;
#2008 = ADVANCED_FACE ( 'E1406', ( #80, #91 ), #74, .F. ) ;
#2009 = CARTESIAN_POINT ( 'NONE',  ( 24.50940107675850000, -13.25000000000000000, -22.94967320028764800 ) ) ;
#2010 = AXIS2_PLACEMENT_3D ( 'NONE', #2268, #2177, #2303 ) ;
#2011 = DIRECTION ( 'NONE',  ( 0.0000000000000000000, 0.0000000000000000000, 1.000000000000000000 ) ) ;
#2012 = AXIS2_PLACEMENT_3D ( 'NONE', #2137, #2131, #2162 ) ;
#2013 = ORIENTED_EDGE ( 'NONE', *, *, #1281, .F. ) ;
#2014 = CARTESIAN_POINT ( 'NONE',  ( 18.48308574722259900, -11.94937057495880100, -23.65296055174295000 ) ) ;
#2015 = CARTESIAN_POINT ( 'NONE',  ( -7.000000000000000000, 0.0000000000000000000, -15.50000000000000000 ) ) ;
#2016 = ORIENTED_EDGE ( 'NONE', *, *, #995, .T. ) ;
#2017 = CARTESIAN_POINT ( 'NONE',  ( 18.55616329599843100, -11.78508408188551800, -23.73595735807926500 ) ) ;
#2018 = CARTESIAN_POINT ( 'NONE',  ( 18.64267111750235300, -11.62492994040769300, -23.81471921958593200 ) ) ;
#2019 = AXIS2_PLACEMENT_3D ( 'NONE', #2078, #2097, #2118 ) ;
#2020 = VERTEX_POINT ( 'NONE', #1034 ) ;
#2021 = CARTESIAN_POINT ( 'NONE',  ( 18.48308574722259900, -14.50937942504120000, -22.17493875302010100 ) ) ;
#2022 = ADVANCED_FACE ( 'E848', ( #75, #88 ), #1040, .F. ) ;
#2023 = ORIENTED_EDGE ( 'NONE', *, *, #825, .T. ) ;
#2024 = AXIS2_PLACEMENT_3D ( 'NONE', #2145, #2148, #2154 ) ;
#2025 = CARTESIAN_POINT ( 'NONE',  ( 10.50000000000000000, 0.0000000000000000000, 0.0000000000000000000 ) ) ;
#2026 = ORIENTED_EDGE ( 'NONE', *, *, #1227, .T. ) ;
#2027 = ADVANCED_FACE ( 'E118', ( #82 ), #1159, .T. ) ;
#2028 = AXIS2_PLACEMENT_3D ( 'NONE', #2076, #2084, #2085 ) ;
#2029 = AXIS2_PLACEMENT_3D ( 'NONE', #2178, #2183, #2184 ) ;
#2030 = CARTESIAN_POINT ( 'NONE',  ( 18.84320158145140000, -11.31343863021789200, -23.96426410277177900 ) ) ;
#2031 = CARTESIAN_POINT ( 'NONE',  ( -14.00000000000000000, 0.0000000000000000000, -15.50000000000000000 ) ) ;
#2032 = CARTESIAN_POINT ( 'NONE',  ( 18.95698982236870800, -11.16295759086455400, -24.03460823602496500 ) ) ;
#2033 = ORIENTED_EDGE ( 'NONE', *, *, #1281, .T. ) ;
#2034 = AXIS2_PLACEMENT_3D ( 'NONE', #2015, #2054, #2058 ) ;
#2035 = VERTEX_POINT ( 'NONE', #936 ) ;
#2036 = PLANE ( 'NONE',  #2028 ) ;
#2037 = ORIENTED_EDGE ( 'NONE', *, *, #2411, .T. ) ;
#2038 = CARTESIAN_POINT ( 'NONE',  ( 19.20470556835142500, -10.88110131664931200, -24.16351897740585000 ) ) ;
#2039 = CARTESIAN_POINT ( 'NONE',  ( 19.33940812510431300, -10.74845070602791000, -24.22269915560449100 ) ) ;
#2040 = AXIS2_PLACEMENT_3D ( 'NONE', #1958, #1980, #1993 ) ;
#2041 = PLANE ( 'NONE',  #2034 ) ;
#2042 = EDGE_CURVE ( 'E319', #1320, #2020, #73, .T. ) ;
#2043 = ADVANCED_FACE ( 'E381', ( #71 ), #62, .T. ) ;
#2044 = CARTESIAN_POINT ( 'NONE',  ( 19.63071467166276900, -10.50027383579747900, -24.33130897292829800 ) ) ;
#2045 = ORIENTED_EDGE ( 'NONE', *, *, #2521, .T. ) ;
#2046 = DIRECTION ( 'NONE',  ( 0.0000000000000000000, 0.0000000000000000000, -1.000000000000000000 ) ) ;
#2047 = DIRECTION ( 'NONE',  ( -0.5000000000000001100, 0.7500000000000001100, -0.4330127018922190800 ) ) ;
#2048 = ADVANCED_FACE ( 'E245', ( #65 ), #57, .T. ) ;
#2049 = ORIENTED_EDGE ( 'NONE', *, *, #2210, .T. ) ;
#2050 = CARTESIAN_POINT ( 'NONE',  ( 19.78853388696800100, -10.38416545963505300, -24.38097084100147100 ) ) ;
#2051 = CARTESIAN_POINT ( 'NONE',  ( 20.11692482448131600, -10.17699035603964000, -24.46817317937565800 ) ) ;
#2052 = EDGE_CURVE ( 'E198', #1867, #2060, #60, .T. ) ;
#2053 = PLANE ( 'NONE',  #1806 ) ;
#2054 = DIRECTION ( 'NONE',  ( 1.000000000000000000, 0.0000000000000000000, 0.0000000000000000000 ) ) ;
#2055 = CARTESIAN_POINT ( 'NONE',  ( 20.28827262721723900, -10.08503122207912000, -24.50611449108665200 ) ) ;
#2056 = AXIS2_PLACEMENT_3D ( 'NONE', #1901, #1947, #1951 ) ;
#2057 = AXIS2_PLACEMENT_3D ( 'NONE', #1975, #2360, #1979 ) ;
#2058 = DIRECTION ( 'NONE',  ( 0.0000000000000000000, 0.0000000000000000000, -1.000000000000000000 ) ) ;
#2059 = DIRECTION ( 'NONE',  ( -1.000000000000000000, 0.0000000000000000000, -6.123031769111888800E-017 ) ) ;
#2060 = VERTEX_POINT ( 'NONE', #664 ) ;
#2061 = ADVANCED_FACE ( 'E839', ( #69, #49 ), #633, .F. ) ;
#2062 = DIRECTION ( 'NONE',  ( 0.0000000000000000000, 0.0000000000000000000, -1.000000000000000000 ) ) ;
#2063 = CARTESIAN_POINT ( 'NONE',  ( 20.64522364404078300, -9.924620997121136800, -24.57151603511799500 ) ) ;
#2064 = ORIENTED_EDGE ( 'NONE', *, *, #14, .F. ) ;
#2065 = ADVANCED_FACE ( 'E575', ( #55 ), #761, .T. ) ;
#2066 = ORIENTED_EDGE ( 'NONE', *, *, #1227, .F. ) ;
#2067 = CARTESIAN_POINT ( 'NONE',  ( 20.83236558276913900, -9.855760580234566200, -24.59913628017685700 ) ) ;
#2068 = AXIS2_PLACEMENT_3D ( 'NONE', #1886, #1907, #1914 ) ;
#2069 = DIRECTION ( 'NONE',  ( 0.0000000000000000000, -1.000000000000000000, 0.0000000000000000000 ) ) ;
#2070 = CARTESIAN_POINT ( 'NONE',  ( -21.00000000000000000, 79.42708333333330000, -13.60472098794100000 ) ) ;
#2071 = CARTESIAN_POINT ( 'NONE',  ( 21.40469456287515700, -9.690336562381901300, -24.66498462781275700 ) ) ;
#2072 = ORIENTED_EDGE ( 'NONE', *, *, #1965, .F. ) ;
#2073 = AXIS2_PLACEMENT_3D ( 'NONE', #1931, #1941, #1942 ) ;
#2074 = ORIENTED_EDGE ( 'NONE', *, *, #1084, .F. ) ;
#2075 = CARTESIAN_POINT ( 'NONE',  ( 21.79626516863382700, -9.634267448557125100, -24.68665410232275500 ) ) ;
#2076 = CARTESIAN_POINT ( 'NONE',  ( 24.50940107675850000, -13.25000000000000000, -22.94967320028764800 ) ) ;
#2077 = ORIENTED_EDGE ( 'NONE', *, *, #899, .T. ) ;
#2078 = CARTESIAN_POINT ( 'NONE',  ( 7.013629577423129600, 34.44594369109490400, 34.57752160002215200 ) ) ;
#2079 = ADVANCED_FACE ( 'E1075', ( #39 ), #518, .T. ) ;
#2080 = AXIS2_PLACEMENT_3D ( 'NONE', #1853, #1879, #1861 ) ;
#2081 = CARTESIAN_POINT ( 'NONE',  ( 22.39898780091589400, -9.633994850352626900, -24.68676048477995600 ) ) ;
#2082 = ORIENTED_EDGE ( 'NONE', *, *, #2210, .F. ) ;
#2083 = ORIENTED_EDGE ( 'NONE', *, *, #1146, .T. ) ;
#2084 = DIRECTION ( 'NONE',  ( -0.8660254037844387100, 0.4330127018922192400, -0.2500000000000001100 ) ) ;
#2085 = DIRECTION ( 'NONE',  ( 0.4999999999999999400, 0.7499999999999998900, -0.4330127018922194600 ) ) ;
#2086 = CARTESIAN_POINT ( 'NONE',  ( 22.59813315498686800, -9.648098418011761300, -24.68127021893775100 ) ) ;
#2087 = AXIS2_PLACEMENT_3D ( 'NONE', #1841, #1858, #1860 ) ;
#2088 = ADVANCED_FACE ( 'E596', ( #83 ), #36, .F. ) ;
#2089 = ORIENTED_EDGE ( 'NONE', *, *, #825, .F. ) ;
#2090 = APPROVAL_DATE_TIME ( #2094, #1070 ) ;
#2091 = AXIS2_PLACEMENT_3D ( 'NONE', #1839, #1761, #1755 ) ;
#2092 = CARTESIAN_POINT ( 'NONE',  ( 22.99281065316945000, -9.704039543367283500, -24.65932925374550800 ) ) ;
#2093 = ORIENTED_EDGE ( 'NONE', *, *, #962, .F. ) ;
#2094 = DATE_AND_TIME ( #2099, #2117 ) ;
#2095 = CARTESIAN_POINT ( 'NONE',  ( 23.18963093749517100, -9.746359776601984500, -24.64268626826671100 ) ) ;
#2096 = CARTESIAN_POINT ( 'NONE',  ( -10.23828003940248100, 0.0000000000000000000, 1.727484811893070100E-016 ) ) ;
#2097 = DIRECTION ( 'NONE',  ( 0.06162841671621927000, 0.7044160264027586900, 0.7071067811865476800 ) ) ;
#2098 = ORIENTED_EDGE ( 'NONE', *, *, #1048, .F. ) ;
#2099 = CALENDAR_DATE ( 2019, 8, 3 ) ;
#2100 = CARTESIAN_POINT ( 'NONE',  ( 23.56979900808660500, -9.856532372221916900, -24.59882690305631300 ) ) ;
#2101 = CARTESIAN_POINT ( 'NONE',  ( 23.75395325051394500, -9.924305173761807100, -24.57164315321085400 ) ) ;
#2102 = CARTESIAN_POINT ( 'NONE',  ( -7.000000000000000000, 72.00000000000000000, 0.0000000000000000000 ) ) ;
#2103 = EDGE_LOOP ( 'NONE', ( #1547 ) ) ;
#2104 = CARTESIAN_POINT ( 'NONE',  ( 24.11062854739731900, -10.08448363950145100, -24.50633938709158600 ) ) ;
#2105 = EDGE_CURVE ( 'NONE', #2453, #2453, #43, .T. ) ;
#2106 = ADVANCED_FACE ( 'E639', ( #32, #24 ), #28, .T. ) ;
#2107 = ORIENTED_EDGE ( 'NONE', *, *, #2261, .F. ) ;
#2108 = CARTESIAN_POINT ( 'NONE',  ( 24.28416157679840000, -10.17754460721389300, -24.46794616572493600 ) ) ;
#2109 = CARTESIAN_POINT ( 'NONE',  ( 24.77945919105431500, -10.49041350442432100, -24.33623717234774400 ) ) ;
#2110 = AXIS2_PLACEMENT_3D ( 'NONE', #1737, #1727, #1749 ) ;
#2111 = AXIS2_PLACEMENT_3D ( 'NONE', #1844, #1869, #1866 ) ;
#2112 = ADVANCED_FACE ( 'E842', ( #25, #19 ), #8, .F. ) ;
#2113 = ADVANCED_FACE ( 'E836', ( #52, #7 ), #1, .F. ) ;
#2114 = ORIENTED_EDGE ( 'NONE', *, *, #1544, .F. ) ;
#2115 = AXIS2_PLACEMENT_3D ( 'NONE', #1675, #1728, #1733 ) ;
#2116 = ORIENTED_EDGE ( 'NONE', *, *, #2590, .F. ) ;
#2117 = LOCAL_TIME ( 9, 12, 53.00000000000000000, #2120 ) ;
#2118 = DIRECTION ( 'NONE',  ( -0.06162841671621940900, -0.7044160264027592400, 0.7071067811865470200 ) ) ;
#2119 = CARTESIAN_POINT ( 'NONE',  ( 25.06958425877886800, -10.73793375595663200, -24.22900808545255900 ) ) ;
#2120 = COORDINATED_UNIVERSAL_TIME_OFFSET ( 3, 0, .BEHIND. ) ;
#2121 = AXIS2_PLACEMENT_3D ( 'NONE', #1692, #1707, #1722 ) ;
#2122 = CARTESIAN_POINT ( 'NONE',  ( 25.56989099577903700, -11.30745744559081500, -23.96850976319536000 ) ) ;
#2123 = ORIENTED_EDGE ( 'NONE', *, *, #2559, .T. ) ;
#2124 = CARTESIAN_POINT ( 'NONE',  ( -21.00000000000000000, -23.95833333333335000, 43.88619673529355200 ) ) ;
#2125 = APPROVAL_PERSON_ORGANIZATION ( #2134, #1070, #152 ) ;
#2126 = ADVANCED_FACE ( 'E866', ( #20, #5 ), #2983, .T. ) ;
#2127 = DIRECTION ( 'NONE',  ( 0.0000000000000000000, 1.000000000000000000, 0.0000000000000000000 ) ) ;
#2128 = DIRECTION ( 'NONE',  ( 0.0000000000000000000, -0.8660254037844386000, 0.5000000000000002200 ) ) ;
#2129 = ORIENTED_EDGE ( 'NONE', *, *, #1544, .T. ) ;
#2130 = EDGE_CURVE ( 'E400', #1652, #2799, #2, .T. ) ;
#2131 = DIRECTION ( 'NONE',  ( 0.0000000000000000000, 1.000000000000000000, 0.0000000000000000000 ) ) ;
#2132 = ADVANCED_FACE ( 'E827', ( #13, #2746 ), #2990, .F. ) ;
#2133 = ORIENTED_EDGE ( 'NONE', *, *, #2551, .F. ) ;
#2134 = PERSON_AND_ORGANIZATION ( #2784, #2289 ) ;
#2135 = DIRECTION ( 'NONE',  ( 0.0000000000000000000, 0.4999999999999998900, 0.8660254037844387100 ) ) ;
#2136 = ORIENTED_EDGE ( 'NONE', *, *, #1393, .T. ) ;
#2137 = CARTESIAN_POINT ( 'NONE',  ( 0.0000000000000000000, 0.0000000000000000000, 0.0000000000000000000 ) ) ;
#2138 = VERTEX_POINT ( 'NONE', #2919 ) ;
#2139 = AXIS2_PLACEMENT_3D ( 'NONE', #1595, #1666, #1667 ) ;
#2140 = CARTESIAN_POINT ( 'NONE',  ( 22.19999999999999900, -13.22937499999999900, -22.91394965238150000 ) ) ;
#2141 = PLANE ( 'NONE',  #2003 ) ;
#2142 = ORIENTED_EDGE ( 'NONE', *, *, #2271, .T. ) ;
#2143 = DIRECTION ( 'NONE',  ( 0.0000000000000000000, 0.0000000000000000000, 1.000000000000000000 ) ) ;
#2144 = EDGE_CURVE ( 'E219', #1668, #1378, #905, .T. ) ;
#2145 = CARTESIAN_POINT ( 'NONE',  ( -21.00000000000000000, -72.00000000000000000, -4.408582873760559700E-015 ) ) ;
#2146 = ORIENTED_EDGE ( 'NONE', *, *, #2247, .F. ) ;
#2147 = ADVANCED_FACE ( 'E790', ( #15 ), #2929, .T. ) ;
#2148 = DIRECTION ( 'NONE',  ( 1.000000000000000000, 0.0000000000000000000, 6.123031769111888800E-017 ) ) ;
#2149 = ADVANCED_FACE ( 'E97', ( #976 ), #2893, .T. ) ;
#2150 = AXIS2_PLACEMENT_3D ( 'NONE', #1554, #1546, #1555 ) ;
#2151 = CARTESIAN_POINT ( 'NONE',  ( -8.400000000000000400, -47.53682782853729800, 15.50000000000000000 ) ) ;
#2152 = DATE_AND_TIME ( #2155, #2157 ) ;
#2153 = VERTEX_POINT ( 'NONE', #2889 ) ;
#2154 = DIRECTION ( 'NONE',  ( 0.0000000000000000000, 0.0000000000000000000, -1.000000000000000000 ) ) ;
#2155 = CALENDAR_DATE ( 2019, 8, 3 ) ;
#2156 = ORIENTED_EDGE ( 'NONE', *, *, #1738, .F. ) ;
#2157 = LOCAL_TIME ( 9, 12, 53.00000000000000000, #2166 ) ;
#2158 = AXIS2_PLACEMENT_3D ( 'NONE', #1710, #1714, #1721 ) ;
#2159 = ORIENTED_EDGE ( 'NONE', *, *, #2218, .T. ) ;
#2160 = EDGE_CURVE ( 'E744', #1713, #2782, #3000, .T. ) ;
#2161 = PLANE ( 'NONE',  #2234 ) ;
#2162 = DIRECTION ( 'NONE',  ( 1.000000000000000000, 0.0000000000000000000, 0.0000000000000000000 ) ) ;
#2163 = ORIENTED_EDGE ( 'NONE', *, *, #67, .T. ) ;
#2164 = AXIS2_PLACEMENT_3D ( 'NONE', #1561, #1565, #1567 ) ;
#2165 = DIRECTION ( 'NONE',  ( 0.0000000000000000000, 0.0000000000000000000, -1.000000000000000000 ) ) ;
#2166 = COORDINATED_UNIVERSAL_TIME_OFFSET ( 3, 0, .BEHIND. ) ;
#2167 = AXIS2_PLACEMENT_3D ( 'NONE', #813, #1515, #524 ) ;
#2168 = CARTESIAN_POINT ( 'NONE',  ( 19.89059892324149800, -12.43750000000000000, -21.54238191913789900 ) ) ;
#2169 = ORIENTED_EDGE ( 'NONE', *, *, #812, .F. ) ;
#2170 = ADVANCED_FACE ( 'E203', ( #2612 ), #2996, .T. ) ;
#2171 = PERSON_AND_ORGANIZATION ( #2784, #2289 ) ;
#2172 = DIRECTION ( 'NONE',  ( 0.0000000000000000000, 0.8660254037844386000, -0.5000000000000002200 ) ) ;
#2173 = PERSON_AND_ORGANIZATION ( #2784, #2289 ) ;
#2174 = EDGE_LOOP ( 'NONE', ( #1759 ) ) ;
#2175 = DIRECTION ( 'NONE',  ( -0.0000000000000000000, 0.4999999999999998900, 0.8660254037844387100 ) ) ;
#2176 = AXIS2_PLACEMENT_3D ( 'NONE', #1533, #1534, #1540 ) ;
#2177 = DIRECTION ( 'NONE',  ( 0.0000000000000000000, -1.000000000000000000, 0.0000000000000000000 ) ) ;
#2178 = CARTESIAN_POINT ( 'NONE',  ( -10.50000000000000000, 0.0000000000000000000, 0.0000000000000000000 ) ) ;
#2179 = ORIENTED_EDGE ( 'NONE', *, *, #789, .F. ) ;
#2180 = CARTESIAN_POINT ( 'NONE',  ( 22.19999999999999900, -10.02062500000000100, -17.35623162359489800 ) ) ;
#2181 = ORIENTED_EDGE ( 'NONE', *, *, #2891, .F. ) ;
#2182 = AXIS2_PLACEMENT_3D ( 'NONE', #780, #471, #283 ) ;
#2183 = DIRECTION ( 'NONE',  ( -1.000000000000000000, 0.0000000000000000000, 0.0000000000000000000 ) ) ;
#2184 = DIRECTION ( 'NONE',  ( 0.0000000000000000000, 1.000000000000000000, 0.0000000000000000000 ) ) ;
#2185 = EDGE_LOOP ( 'NONE', ( #1244 ) ) ;
#2186 = CARTESIAN_POINT ( 'NONE',  ( 25.76972191676154000, -11.61846576087578600, -23.82013219352819500 ) ) ;
#2187 = ORIENTED_EDGE ( 'NONE', *, *, #812, .T. ) ;
#2188 = AXIS2_PLACEMENT_3D ( 'NONE', #508, #511, #514 ) ;
#2189 = EDGE_CURVE ( 'E334', #2020, #2293, #2994, .T. ) ;
#2190 = ORIENTED_EDGE ( 'NONE', *, *, #2428, .T. ) ;
#2191 = PERSON_AND_ORGANIZATION ( #2784, #2289 ) ;
#2192 = DIRECTION ( 'NONE',  ( 0.0000000000000000000, 0.4999999999999998900, 0.8660254037844387100 ) ) ;
#2193 = ADVANCED_FACE ( 'E1297', ( #2991 ), #2838, .T. ) ;
#2194 = CARTESIAN_POINT ( 'NONE',  ( 15.00000000000000000, 0.0000000000000000000, 2.204291436880279900E-015 ) ) ;
#2195 = AXIS2_PLACEMENT_3D ( 'NONE', #1517, #1525, #806 ) ;
#2196 = EDGE_LOOP ( 'NONE', ( #2871 ) ) ;
#2197 = APPROVAL_DATE_TIME ( #2208, #1114 ) ;
#2198 = DIRECTION ( 'NONE',  ( 0.0000000000000000000, -0.8660254037844386000, 0.5000000000000001100 ) ) ;
#2199 = DIRECTION ( 'NONE',  ( 0.0000000000000000000, 0.4999999999999998900, 0.8660254037844387100 ) ) ;
#2200 = DIRECTION ( 'NONE',  ( -1.000000000000000000, 0.0000000000000000000, 0.0000000000000000000 ) ) ;
#2201 = DIRECTION ( 'NONE',  ( -1.000000000000000000, 0.0000000000000000000, 0.0000000000000000000 ) ) ;
#2202 = ORIENTED_EDGE ( 'NONE', *, *, #744, .T. ) ;
#2203 = EDGE_CURVE ( 'E329', #1116, #2293, #2976, .T. ) ;
#2204 = AXIS2_PLACEMENT_3D ( 'NONE', #2732, #2440, #2748 ) ;
#2205 = CARTESIAN_POINT ( 'NONE',  ( 22.19999999999999900, -10.00000000000000000, -17.32050807568875300 ) ) ;
#2206 = B_SPLINE_CURVE_WITH_KNOTS ( 'NONE', 3,
 ( #964, #967, #929, #926, #920, #914, #912, #907, #901, #898 ),
 .UNSPECIFIED., .F., .F.,
 ( 4, 2, 2, 2, 4 ),
 ( 0.004728000281010112300, 0.005217161141047711400, 0.005706322001085307800, 0.006195482861122904300, 0.006684643721160500800 ),
 .UNSPECIFIED. ) ;
#2207 = DIRECTION ( 'NONE',  ( 0.0000000000000000000, 0.0000000000000000000, -1.000000000000000000 ) ) ;
#2208 = DATE_AND_TIME ( #2211, #2214 ) ;
#2209 = DIRECTION ( 'NONE',  ( 0.0000000000000000000, 0.0000000000000000000, 1.000000000000000000 ) ) ;
#2210 = EDGE_CURVE ( 'NONE', #2451, #2451, #2973, .T. ) ;
#2211 = CALENDAR_DATE ( 2019, 8, 3 ) ;
#2212 = PLANE ( 'NONE',  #2188 ) ;
#2213 = ADVANCED_FACE ( 'E1130', ( #1588, #2961 ), #2697, .T. ) ;
#2214 = LOCAL_TIME ( 9, 12, 53.00000000000000000, #2217 ) ;
#2215 = ORIENTED_EDGE ( 'NONE', *, *, #1513, .F. ) ;
#2216 = DIRECTION ( 'NONE',  ( 1.000000000000000000, 0.0000000000000000000, 0.0000000000000000000 ) ) ;
#2217 = COORDINATED_UNIVERSAL_TIME_OFFSET ( 3, 0, .BEHIND. ) ;
#2218 = EDGE_CURVE ( 'NONE', #2445, #2445, #2966, .T. ) ;
#2219 = ORIENTED_EDGE ( 'NONE', *, *, #2241, .T. ) ;
#2220 = CARTESIAN_POINT ( 'NONE',  ( 24.50940107675850000, -13.25000000000000000, -22.94967320028764800 ) ) ;
#2221 = APPROVAL_PERSON_ORGANIZATION ( #2222, #1114, #120 ) ;
#2222 = PERSON_AND_ORGANIZATION ( #2784, #2289 ) ;
#2223 = DIRECTION ( 'NONE',  ( 0.0000000000000000000, -1.000000000000000000, 0.0000000000000000000 ) ) ;
#2224 = ORIENTED_EDGE ( 'NONE', *, *, #789, .T. ) ;
#2225 = EDGE_CURVE ( 'E264', #1320, #2333, #2958, .T. ) ;
#2226 = DIRECTION ( 'NONE',  ( -1.000000000000000000, 0.0000000000000000000, -2.449212707644755000E-016 ) ) ;
#2227 = AXIS2_PLACEMENT_3D ( 'NONE', #2236, #2407, #155 ) ;
#2228 = EDGE_LOOP ( 'NONE', ( #1359, #2881, #1002, #1425 ) ) ;
#2229 = DIRECTION ( 'NONE',  ( 0.0000000000000000000, 0.0000000000000000000, 1.000000000000000000 ) ) ;
#2230 = CARTESIAN_POINT ( 'NONE',  ( -7.068647764680966000, -46.20305885558822500, 15.50000000000000000 ) ) ;
#2231 = ORIENTED_EDGE ( 'NONE', *, *, #2530, .F. ) ;
#2232 = DATE_AND_TIME ( #2239, #2246 ) ;
#2233 = DIRECTION ( 'NONE',  ( 1.000000000000000000, 0.0000000000000000000, 0.0000000000000000000 ) ) ;
#2234 = AXIS2_PLACEMENT_3D ( 'NONE', #2001, #2372, #2207 ) ;
#2235 = B_SPLINE_CURVE_WITH_KNOTS ( 'NONE', 3,
 ( #1031, #988, #958, #957, #954, #952, #946, #943, #180, #937 ),
 .UNSPECIFIED., .F., .F.,
 ( 4, 2, 2, 2, 4 ),
 ( 0.001402139220508889100, 0.001891654222760001400, 0.002381169225011113700, 0.002870684227262226000, 0.003360199229513338400 ),
 .UNSPECIFIED. ) ;
#2236 = CARTESIAN_POINT ( 'NONE',  ( 13.80594330486610100, 0.0000000000000000000, 0.0000000000000000000 ) ) ;
#2237 = DIRECTION ( 'NONE',  ( -6.938893903907228400E-017, 0.0000000000000000000, 1.000000000000000000 ) ) ;
#2238 = ORIENTED_EDGE ( 'NONE', *, *, #1424, .F. ) ;
#2239 = CALENDAR_DATE ( 2019, 8, 3 ) ;
#2240 = ORIENTED_EDGE ( 'NONE', *, *, #2105, .T. ) ;
#2241 = EDGE_CURVE ( 'NONE', #2441, #2441, #699, .T. ) ;
#2242 = EDGE_LOOP ( 'NONE', ( #1345 ) ) ;
#2243 = CARTESIAN_POINT ( 'NONE',  ( -7.137295532970658700, -46.20729675723666200, 15.50000000000000000 ) ) ;
#2244 = CARTESIAN_POINT ( 'NONE',  ( 10.50000000000000000, 0.0000000000000000000, 0.0000000000000000000 ) ) ;
#2245 = ORIENTED_EDGE ( 'NONE', *, *, #81, .T. ) ;
#2246 = LOCAL_TIME ( 9, 12, 53.00000000000000000, #2251 ) ;
#2247 = EDGE_CURVE ( 'NONE', #2436, #2436, #1930, .T. ) ;
#2248 = AXIS2_PLACEMENT_3D ( 'NONE', #2410, #2413, #2423 ) ;
#2249 = CARTESIAN_POINT ( 'NONE',  ( -7.205943304866109700, -46.21153460015659700, 15.50000000000000000 ) ) ;
#2250 = ORIENTED_EDGE ( 'NONE', *, *, #2241, .F. ) ;
#2251 = COORDINATED_UNIVERSAL_TIME_OFFSET ( 3, 0, .BEHIND. ) ;
#2252 = CARTESIAN_POINT ( 'NONE',  ( -7.000000000000000000, -46.19882089516279700, 15.50000000000000000 ) ) ;
#2253 = CARTESIAN_POINT ( 'NONE',  ( 19.89059892324149800, -12.43750000000000000, -21.54238191913789900 ) ) ;
#2254 = AXIS2_PLACEMENT_3D ( 'NONE', #56, #1984, #1998 ) ;
#2255 = ORIENTED_EDGE ( 'NONE', *, *, #2247, .T. ) ;
#2256 = PERSON_AND_ORGANIZATION ( #2784, #2289 ) ;
#2257 = CARTESIAN_POINT ( 'NONE',  ( 30.20000000000000300, 25.39999999999999900, 0.0000000000000000000 ) ) ;
#2258 = APPROVAL_DATE_TIME ( #2262, #1131 ) ;
#2259 = DIRECTION ( 'NONE',  ( 0.0000000000000000000, -0.4999999999999998900, -0.8660254037844387100 ) ) ;
#2260 = AXIS2_PLACEMENT_3D ( 'NONE', #92, #61, #53 ) ;
#2261 = EDGE_CURVE ( 'E355', #1505, #2153, #2962, .T. ) ;
#2262 = DATE_AND_TIME ( #2264, #2267 ) ;
#2263 = DIRECTION ( 'NONE',  ( -1.000000000000000000, 0.0000000000000000000, 0.0000000000000000000 ) ) ;
#2264 = CALENDAR_DATE ( 2019, 8, 3 ) ;
#2265 = EDGE_CURVE ( 'E183', #1652, #1867, #2963, .T. ) ;
#2266 = DIRECTION ( 'NONE',  ( 0.4999999999999999400, 0.7499999999999998900, -0.4330127018922194600 ) ) ;
#2267 = LOCAL_TIME ( 9, 12, 53.00000000000000000, #2272 ) ;
#2268 = CARTESIAN_POINT ( 'NONE',  ( 22.19999999999999900, 26.45874999999999800, 0.0000000000000000000 ) ) ;
#2269 = EDGE_CURVE ( 'NONE', #2433, #2433, #2951, .T. ) ;
#2270 = ORIENTED_EDGE ( 'NONE', *, *, #1615, .F. ) ;
#2271 = EDGE_CURVE ( 'NONE', #2426, #2426, #2940, .T. ) ;
#2272 = COORDINATED_UNIVERSAL_TIME_OFFSET ( 3, 0, .BEHIND. ) ;
#2273 = CARTESIAN_POINT ( 'NONE',  ( 8.400000000000000400, 0.0000000000000000000, 7.715020029080980100E-016 ) ) ;
#2274 = ORIENTED_EDGE ( 'NONE', *, *, #2481, .T. ) ;
#2275 = APPROVAL_PERSON_ORGANIZATION ( #2277, #1131, #140 ) ;
#2276 = AXIS2_PLACEMENT_3D ( 'NONE', #448, #436, #413 ) ;
#2277 = PERSON_AND_ORGANIZATION ( #2784, #2289 ) ;
#2278 = AXIS2_PLACEMENT_3D ( 'NONE', #194, #196, #203 ) ;
#2279 = VERTEX_POINT ( 'NONE', #2666 ) ;
#2280 = PERSON_AND_ORGANIZATION ( #2784, #2289 ) ;
#2281 = DIRECTION ( 'NONE',  ( -2.449212707644755000E-016, 0.0000000000000000000, 1.000000000000000000 ) ) ;
#2282 = EDGE_CURVE ( 'E134', #2487, #1065, #2946, .T. ) ;
#2283 = CARTESIAN_POINT ( 'NONE',  ( -7.205943304866109700, -46.21153460015659700, 15.50000000000000000 ) ) ;
#2284 = DIRECTION ( 'NONE',  ( 0.0000000000000000000, 0.8660254037844388200, -0.4999999999999997200 ) ) ;
#2285 = DIRECTION ( 'NONE',  ( 0.0000000000000000000, 0.0000000000000000000, -1.000000000000000000 ) ) ;
#2286 = EDGE_LOOP ( 'NONE', ( #1770, #665, #1478, #1553, #2156 ) ) ;
#2287 = AXIS2_PLACEMENT_3D ( 'NONE', #2102, #169, #178 ) ;
#2288 = ORIENTED_EDGE ( 'NONE', *, *, #2521, .F. ) ;
#2289 = ORGANIZATION ( 'UNSPECIFIED', 'UNSPECIFIED', '' ) ;
#2290 = CARTESIAN_POINT ( 'NONE',  ( 22.19999999999999900, -10.00000000000000000, -17.32050807568875300 ) ) ;
#2291 = AXIS2_PLACEMENT_3D ( 'NONE', #156, #161, #1995 ) ;
#2292 = CARTESIAN_POINT ( 'NONE',  ( -19.00000000000000000, 21.10000000000000100, 0.0000000000000000000 ) ) ;
#2293 = VERTEX_POINT ( 'NONE', #2399 ) ;
#2294 = DIRECTION ( 'NONE',  ( 1.000000000000000000, 0.0000000000000000000, 0.0000000000000000000 ) ) ;
#2295 = CARTESIAN_POINT ( 'NONE',  ( -7.000000000000000000, 0.0000000000000000000, 0.0000000000000000000 ) ) ;
#2296 = AXIS2_PLACEMENT_3D ( 'NONE', #2096, #145, #150 ) ;
#2297 = ORIENTED_EDGE ( 'NONE', *, *, #2105, .F. ) ;
#2298 = DIRECTION ( 'NONE',  ( -1.000000000000000000, 0.0000000000000000000, -6.123031769111888800E-017 ) ) ;
#2299 = CARTESIAN_POINT ( 'NONE',  ( 15.00000000000000000, -79.42708333333341400, -13.60472098794100000 ) ) ;
#2300 = AXIS2_PLACEMENT_3D ( 'NONE', #96, #1461, #64 ) ;
#2301 = DIRECTION ( 'NONE',  ( 0.0000000000000000000, -1.000000000000000000, 0.0000000000000000000 ) ) ;
#2302 = DIRECTION ( 'NONE',  ( -1.000000000000000000, 0.0000000000000000000, -6.123031769111888800E-017 ) ) ;
#2303 = DIRECTION ( 'NONE',  ( 0.0000000000000000000, 0.0000000000000000000, -1.000000000000000000 ) ) ;
#2304 = AXIS2_PLACEMENT_3D ( 'NONE', #1104, #1068, #1117 ) ;
#2305 = ORIENTED_EDGE ( 'NONE', *, *, #2727, .F. ) ;
#2306 = ORIENTED_EDGE ( 'NONE', *, *, #1253, .F. ) ;
#2307 = AXIS2_PLACEMENT_3D ( 'NONE', #1327, #1328, #1331 ) ;
#2308 = DIRECTION ( 'NONE',  ( 0.0000000000000000000, -0.8660254037844387100, 0.4999999999999998900 ) ) ;
#2309 = CARTESIAN_POINT ( 'NONE',  ( 15.00000000000000000, -79.42708333333330000, 13.60472098794100000 ) ) ;
#2310 = ORIENTED_EDGE ( 'NONE', *, *, #2576, .T. ) ;
#2311 = CARTESIAN_POINT ( 'NONE',  ( 19.89059892324149800, -13.25000000000000000, -22.94967320028764800 ) ) ;
#2312 = AXIS2_PLACEMENT_3D ( 'NONE', #1412, #1417, #1421 ) ;
#2313 = AXIS2_PLACEMENT_3D ( 'NONE', #1153, #1156, #1160 ) ;
#2314 = CARTESIAN_POINT ( 'NONE',  ( -8.400000000000000400, -72.00000000000000000, -15.50000000000000000 ) ) ;
#2315 = DIRECTION ( 'NONE',  ( 1.000000000000000000, 0.0000000000000000000, 6.123031769111888800E-017 ) ) ;
#2316 = EDGE_LOOP ( 'NONE', ( #238, #1729, #1895, #2730, #1521, #2408, #2939, #1221 ) ) ;
#2317 = AXIS2_PLACEMENT_3D ( 'NONE', #1139, #1144, #1148 ) ;
#2318 = AXIS2_PLACEMENT_3D ( 'NONE', #1125, #1130, #1137 ) ;
#2319 = ORIENTED_EDGE ( 'NONE', *, *, #725, .T. ) ;
#2320 = CARTESIAN_POINT ( 'NONE',  ( 22.19999999999999900, -10.00000000000000000, -17.32050807568875300 ) ) ;
#2321 = DIRECTION ( 'NONE',  ( 0.8660254037844387100, -0.4330127018922192400, 0.2500000000000001100 ) ) ;
#2322 = ORIENTED_EDGE ( 'NONE', *, *, #744, .F. ) ;
#2323 = AXIS2_PLACEMENT_3D ( 'NONE', #1109, #1112, #1113 ) ;
#2324 = ORIENTED_EDGE ( 'NONE', *, *, #2485, .T. ) ;
#2325 = AXIS2_PLACEMENT_3D ( 'NONE', #1086, #1094, #1101 ) ;
#2326 = DIRECTION ( 'NONE',  ( 0.0000000000000000000, 0.0000000000000000000, -1.000000000000000000 ) ) ;
#2327 = ORIENTED_EDGE ( 'NONE', *, *, #2269, .F. ) ;
#2328 = DIRECTION ( 'NONE',  ( 1.000000000000000000, 0.0000000000000000000, 0.0000000000000000000 ) ) ;
#2329 = EDGE_CURVE ( 'E52', #1713, #2525, #2926, .T. ) ;
#2330 = ORIENTED_EDGE ( 'NONE', *, *, #2269, .T. ) ;
#2331 = DIRECTION ( 'NONE',  ( -1.000000000000000000, 0.0000000000000000000, 0.0000000000000000000 ) ) ;
#2332 = CARTESIAN_POINT ( 'NONE',  ( -8.400000000000000400, 72.00000000000000000, 0.0000000000000000000 ) ) ;
#2333 = VERTEX_POINT ( 'NONE', #2314 ) ;
#2334 = AXIS2_PLACEMENT_3D ( 'NONE', #1069, #1075, #1076 ) ;
#2335 = ORIENTED_EDGE ( 'NONE', *, *, #725, .F. ) ;
#2336 = DIRECTION ( 'NONE',  ( 0.0000000000000000000, 0.0000000000000000000, 1.000000000000000000 ) ) ;
#2337 = AXIS2_PLACEMENT_3D ( 'NONE', #1056, #1059, #1060 ) ;
#2338 = CARTESIAN_POINT ( 'NONE',  ( -7.000000000000000000, 72.00000000000000000, 0.0000000000000000000 ) ) ;
#2339 = DIRECTION ( 'NONE',  ( 1.000000000000000000, 0.0000000000000000000, 0.0000000000000000000 ) ) ;
#2340 = AXIS2_PLACEMENT_3D ( 'NONE', #1046, #1049, #1051 ) ;
#2341 = DIRECTION ( 'NONE',  ( 1.382166091887445200E-016, 0.0000000000000000000, -1.000000000000000000 ) ) ;
#2342 = DIRECTION ( 'NONE',  ( 0.0000000000000000000, 0.0000000000000000000, -1.000000000000000000 ) ) ;
#2343 = ORIENTED_EDGE ( 'NONE', *, *, #1739, .T. ) ;
#2344 = CARTESIAN_POINT ( 'NONE',  ( 29.10000000000000100, 0.0000000000000000000, 0.0000000000000000000 ) ) ;
#2345 = AXIS2_PLACEMENT_3D ( 'NONE', #838, #850, #856 ) ;
#2346 = CARTESIAN_POINT ( 'NONE',  ( -19.00000000000000000, 0.0000000000000000000, 0.0000000000000000000 ) ) ;
#2347 = DIRECTION ( 'NONE',  ( -6.123031769111887500E-017, -0.4999999999999998900, -0.8660254037844387100 ) ) ;
#2348 = EDGE_LOOP ( 'NONE', ( #1653, #1609, #2037, #2324 ) ) ;
#2349 = DIRECTION ( 'NONE',  ( 0.0000000000000000000, 0.0000000000000000000, 1.000000000000000000 ) ) ;
#2350 = VERTEX_POINT ( 'NONE', #210 ) ;
#2351 = VERTEX_POINT ( 'NONE', #213 ) ;
#2352 = ORIENTED_EDGE ( 'NONE', *, *, #2428, .F. ) ;
#2353 = AXIS2_PLACEMENT_3D ( 'NONE', #1036, #1038, #1039 ) ;
#2354 = VERTEX_POINT ( 'NONE', #215 ) ;
#2355 = DIRECTION ( 'NONE',  ( 1.000000000000000000, 0.0000000000000000000, 1.224606353822375800E-016 ) ) ;
#2356 = VERTEX_POINT ( 'NONE', #217 ) ;
#2357 = CARTESIAN_POINT ( 'NONE',  ( -10.50000000000000000, 0.0000000000000000000, 0.0000000000000000000 ) ) ;
#2358 = ORIENTED_EDGE ( 'NONE', *, *, #2891, .T. ) ;
#2359 = DIRECTION ( 'NONE',  ( 0.0000000000000000000, 0.0000000000000000000, 1.000000000000000000 ) ) ;
#2360 = DIRECTION ( 'NONE',  ( -1.000000000000000000, 0.0000000000000000000, 0.0000000000000000000 ) ) ;
#2361 = ORIENTED_CLOSED_SHELL ( 'NONE', *, #85, .F. );
#2362 = CARTESIAN_POINT ( 'NONE',  ( 25.91691425277744900, -11.94937057495880100, -23.65296055174295000 ) ) ;
#2363 = DIRECTION ( 'NONE',  ( -0.8660254037844387100, -0.4330127018922196300, 0.2499999999999997500 ) ) ;
#2364 = ORIENTED_EDGE ( 'NONE', *, *, #2509, .T. ) ;
#2365 = ORIENTED_CLOSED_SHELL ( 'NONE', *, #692, .F. );
#2366 = AXIS2_PLACEMENT_3D ( 'NONE', #784, #787, #791 ) ;
#2367 = CARTESIAN_POINT ( 'NONE',  ( 15.00000000000000000, 0.0000000000000000000, 0.0000000000000000000 ) ) ;
#2368 = ORIENTED_EDGE ( 'NONE', *, *, #706, .F. ) ;
#2369 = VERTEX_POINT ( 'NONE', #218 ) ;
#2370 = DIRECTION ( 'NONE',  ( 0.0000000000000000000, 0.0000000000000000000, -1.000000000000000000 ) ) ;
#2371 = DIRECTION ( 'NONE',  ( 1.000000000000000000, 0.0000000000000000000, 6.123031769111888800E-017 ) ) ;
#2372 = DIRECTION ( 'NONE',  ( 0.0000000000000000000, -1.000000000000000000, 0.0000000000000000000 ) ) ;
#2373 = EDGE_LOOP ( 'NONE', ( #1695, #1383, #2190, #1607 ) ) ;
#2374 = EDGE_CURVE ( 'E225', #2979, #1702, #2954, .T. ) ;
#2375 = CARTESIAN_POINT ( 'NONE',  ( -14.00000000000000000, 72.00000000000000000, -15.50000000000000000 ) ) ;
#2376 = DIRECTION ( 'NONE',  ( -1.000000000000000000, -0.0000000000000000000, -0.0000000000000000000 ) ) ;
#2377 = DIRECTION ( 'NONE',  ( 7.885106708985486600E-017, 0.0000000000000000000, -1.000000000000000000 ) ) ;
#2378 = EDGE_LOOP ( 'NONE', ( #216, #1789 ) ) ;
#2379 = CARTESIAN_POINT ( 'NONE',  ( -3.712310601229375200, 0.0000000000000000000, 0.0000000000000000000 ) ) ;
#2380 = EDGE_CURVE ( 'NONE', #2421, #2421, #2920, .T. ) ;
#2381 = DIRECTION ( 'NONE',  ( 0.0000000000000000000, 0.8777239347058705100, 0.4791666666666667400 ) ) ;
#2382 = ORIENTED_EDGE ( 'NONE', *, *, #2203, .T. ) ;
#2383 = VERTEX_POINT ( 'NONE', #220 ) ;
#2384 = EDGE_CURVE ( 'NONE', #2415, #2415, #2910, .T. ) ;
#2385 = ORIENTED_EDGE ( 'NONE', *, *, #121, .F. ) ;
#2386 = VERTEX_POINT ( 'NONE', #221 ) ;
#2387 = CARTESIAN_POINT ( 'NONE',  ( -7.205943304866109700, 46.21153460015659700, -15.50000000000000000 ) ) ;
#2388 = CARTESIAN_POINT ( 'NONE',  ( -21.00000000000000000, 0.0000000000000000000, 0.0000000000000000000 ) ) ;
#2389 = VERTEX_POINT ( 'NONE', #222 ) ;
#2390 = CARTESIAN_POINT ( 'NONE',  ( 15.00000000000000000, 79.42708333333330000, 13.60472098794100000 ) ) ;
#2391 = ORIENTED_EDGE ( 'NONE', *, *, #490, .F. ) ;
#2392 = DIRECTION ( 'NONE',  ( 1.000000000000000000, 0.0000000000000000000, 6.123031769111888800E-017 ) ) ;
#2393 = EDGE_CURVE ( 'NONE', #2409, #2409, #2902, .T. ) ;
#2394 = DIRECTION ( 'NONE',  ( 6.123031769111888800E-017, 0.0000000000000000000, -1.000000000000000000 ) ) ;
#2395 = VERTEX_POINT ( 'NONE', #226 ) ;
#2396 = CARTESIAN_POINT ( 'NONE',  ( -8.400000000000000400, -79.42708333333330000, 13.60472098794100000 ) ) ;
#2397 = VERTEX_POINT ( 'NONE', #227 ) ;
#2398 = EDGE_CURVE ( 'E860', #2815, #1181, #2894, .T. ) ;
#2399 = CARTESIAN_POINT ( 'NONE',  ( -21.00000000000000000, -23.95833333333335000, -43.88619673529355200 ) ) ;
#2400 = EDGE_CURVE ( 'E863', #2815, #1181, #1661, .T. ) ;
#2401 = VERTEX_POINT ( 'NONE', #2151 ) ;
#2402 = CARTESIAN_POINT ( 'NONE',  ( 15.00000000000000000, -79.42708333333330000, 13.60472098794100000 ) ) ;
#2403 = VERTEX_POINT ( 'NONE', #229 ) ;
#2404 = ORIENTED_EDGE ( 'NONE', *, *, #1242, .F. ) ;
#2405 = EDGE_CURVE ( 'NONE', #2406, #2406, #2896, .T. ) ;
#2406 = VERTEX_POINT ( 'NONE', #230 ) ;
#2407 = DIRECTION ( 'NONE',  ( -1.000000000000000000, 0.0000000000000000000, 0.0000000000000000000 ) ) ;
#2408 = ORIENTED_EDGE ( 'NONE', *, *, #2585, .F. ) ;
#2409 = VERTEX_POINT ( 'NONE', #232 ) ;
#2410 = CARTESIAN_POINT ( 'NONE',  ( 10.25000000000000000, 0.0000000000000000000, 0.0000000000000000000 ) ) ;
#2411 = EDGE_CURVE ( 'E874', #2925, #1570, #2886, .T. ) ;
#2412 = DIRECTION ( 'NONE',  ( 0.0000000000000000000, -0.8777239347058705100, 0.4791666666666667400 ) ) ;
#2413 = DIRECTION ( 'NONE',  ( 1.000000000000000000, -0.0000000000000000000, -0.0000000000000000000 ) ) ;
#2414 = ORIENTED_EDGE ( 'NONE', *, *, #1410, .T. ) ;
#2415 = VERTEX_POINT ( 'NONE', #233 ) ;
#2416 = ORIENTED_EDGE ( 'NONE', *, *, #1760, .F. ) ;
#2417 = EDGE_CURVE ( 'E695', #1939, #1536, #2912, .T. ) ;
#2418 = EDGE_CURVE ( 'E881', #1582, #2925, #2890, .T. ) ;
#2419 = DIRECTION ( 'NONE',  ( -1.000000000000000000, 0.0000000000000000000, -6.123031769111888800E-017 ) ) ;
#2420 = ORIENTED_EDGE ( 'NONE', *, *, #1001, .T. ) ;
#2421 = VERTEX_POINT ( 'NONE', #235 ) ;
#2422 = ORIENTED_EDGE ( 'NONE', *, *, #2398, .T. ) ;
#2423 = DIRECTION ( 'NONE',  ( 0.0000000000000000000, 0.0000000000000000000, 1.000000000000000000 ) ) ;
#2424 = ORIENTED_EDGE ( 'NONE', *, *, #2755, .T. ) ;
#2425 = EDGE_LOOP ( 'NONE', ( #1997 ) ) ;
#2426 = VERTEX_POINT ( 'NONE', #236 ) ;
#2427 = CARTESIAN_POINT ( 'NONE',  ( 22.20000000000000300, -6.333857355994949100, -18.97056274847715000 ) ) ;
#2428 = EDGE_CURVE ( 'E888', #2839, #1582, #2883, .T. ) ;
#2429 = ORIENTED_EDGE ( 'NONE', *, *, #2605, .F. ) ;
#2430 = PLANE ( 'NONE',  #1940 ) ;
#2431 = CARTESIAN_POINT ( 'NONE',  ( -8.257418792740189400, 46.90236546717737600, 15.49999999999999800 ) ) ;
#2432 = ORIENTED_EDGE ( 'NONE', *, *, #3002, .T. ) ;
#2433 = VERTEX_POINT ( 'NONE', #237 ) ;
#2434 = EDGE_CURVE ( 'E103', #2401, #1668, #2872, .T. ) ;
#2435 = DIRECTION ( 'NONE',  ( -5.374331536713926100E-017, -0.4791666666666667400, 0.8777239347058706200 ) ) ;
#2436 = VERTEX_POINT ( 'NONE', #240 ) ;
#2437 = CARTESIAN_POINT ( 'NONE',  ( -6.671666084328269800, 39.43794343443205000, -0.3707955255394740900 ) ) ;
#2438 = EDGE_CURVE ( 'E895', #1457, #2839, #2862, .T. ) ;
#2439 = EDGE_CURVE ( 'E902', #2138, #1457, #2879, .T. ) ;
#2440 = DIRECTION ( 'NONE',  ( 0.0000000000000000000, 1.000000000000000000, 0.0000000000000000000 ) ) ;
#2441 = VERTEX_POINT ( 'NONE', #242 ) ;
#2442 = DIRECTION ( 'NONE',  ( 2.933952722699443000E-017, -0.8777239347058706200, -0.4791666666666667400 ) ) ;
#2443 = EDGE_LOOP ( 'NONE', ( #2023 ) ) ;
#2444 = CARTESIAN_POINT ( 'NONE',  ( -6.573684357363200400, 39.45359548994317600, -0.4690072953386028600 ) ) ;
#2445 = VERTEX_POINT ( 'NONE', #243 ) ;
#2446 = DIRECTION ( 'NONE',  ( 0.0000000000000000000, -1.000000000000000000, 0.0000000000000000000 ) ) ;
#2447 = EDGE_CURVE ( 'E909', #1570, #2138, #2858, .T. ) ;
#2448 = EDGE_LOOP ( 'NONE', ( #1264 ) ) ;
#2449 = ORIENTED_EDGE ( 'NONE', *, *, #1321, .T. ) ;
#2450 = EDGE_CURVE ( 'E61', #2525, #248, #1387, .T. ) ;
#2451 = VERTEX_POINT ( 'NONE', #244 ) ;
#2452 = DIRECTION ( 'NONE',  ( -1.000000000000000000, 0.0000000000000000000, 0.0000000000000000000 ) ) ;
#2453 = VERTEX_POINT ( 'NONE', #246 ) ;
#2454 = EDGE_CURVE ( 'E922', #2815, #1511, #2854, .T. ) ;
#2455 = EDGE_LOOP ( 'NONE', ( #2026 ) ) ;
#2456 = VERTEX_POINT ( 'NONE', #247 ) ;
#2457 = VERTEX_POINT ( 'NONE', #250 ) ;
#2458 = CARTESIAN_POINT ( 'NONE',  ( -6.437955801932909900, 39.47526571131665900, -0.5245086379058807600 ) ) ;
#2459 = EDGE_LOOP ( 'NONE', ( #2016 ) ) ;
#2460 = EDGE_CURVE ( 'E927', #1140, #1511, #2841, .T. ) ;
#2461 = CARTESIAN_POINT ( 'NONE',  ( 24.50940107675850000, 26.50000000000000000, 1.414053616061350100E-016 ) ) ;
#2462 = EDGE_CURVE ( 'E932', #1140, #1181, #2843, .T. ) ;
#2463 = ORIENTED_EDGE ( 'NONE', *, *, #573, .T. ) ;
#2464 = VERTEX_POINT ( 'NONE', #253 ) ;
#2465 = EDGE_LOOP ( 'NONE', ( #1394 ) ) ;
#2466 = CARTESIAN_POINT ( 'NONE',  ( 22.46497683666059300, -6.333857355994951800, -18.97056274847715300 ) ) ;
#2467 = VERTEX_POINT ( 'NONE', #255 ) ;
#2468 = EDGE_CURVE ( 'E946', #1140, #1511, #2821, .T. ) ;
#2469 = EDGE_CURVE ( 'E950', #2035, #1847, #2837, .T. ) ;
#2470 = DIRECTION ( 'NONE',  ( 0.0000000000000000000, 1.000000000000000000, 0.0000000000000000000 ) ) ;
#2471 = EDGE_LOOP ( 'NONE', ( #2013 ) ) ;
#2472 = VERTEX_POINT ( 'NONE', #257 ) ;
#2473 = DIRECTION ( 'NONE',  ( 1.000000000000000000, 0.0000000000000000000, 0.0000000000000000000 ) ) ;
#2474 = EDGE_CURVE ( 'E955', #1582, #2035, #2850, .T. ) ;
#2475 = CARTESIAN_POINT ( 'NONE',  ( -6.165809691217755400, 39.51867462319636800, -0.5254846101968733100 ) ) ;
#2476 = EDGE_LOOP ( 'NONE', ( #2049 ) ) ;
#2477 = VERTEX_POINT ( 'NONE', #259 ) ;
#2478 = EDGE_LOOP ( 'NONE', ( #1795 ) ) ;
#2479 = CARTESIAN_POINT ( 'NONE',  ( 22.72538848441891100, -6.359119299864572900, -18.96218097760617000 ) ) ;
#2480 = CARTESIAN_POINT ( 'NONE',  ( 23.23749806170435400, -6.457666888691600000, -18.92884687592184500 ) ) ;
#2481 = EDGE_CURVE ( 'E971', #1847, #1312, #2832, .T. ) ;
#2482 = CARTESIAN_POINT ( 'NONE',  ( 23.49189563126532200, -6.532188234773729000, -18.90346457717612700 ) ) ;
#2483 = CARTESIAN_POINT ( 'NONE',  ( 23.97595031700361500, -6.725139707552559200, -18.83568294670966400 ) ) ;
#2484 = VERTEX_POINT ( 'NONE', #260 ) ;
#2485 = EDGE_CURVE ( 'E986', #1570, #1312, #2820, .T. ) ;
#2486 = CARTESIAN_POINT ( 'NONE',  ( -6.029864489342677400, 39.54033799866977700, -0.4709980653089826900 ) ) ;
#2487 = VERTEX_POINT ( 'NONE', #1820 ) ;
#2488 = VERTEX_POINT ( 'NONE', #263 ) ;
#2489 = CARTESIAN_POINT ( 'NONE',  ( -5.832662262462340800, 39.57174594464770200, -0.2764196279501098800 ) ) ;
#2490 = EDGE_LOOP ( 'NONE', ( #2385, #863, #172, #986 ) ) ;
#2491 = CARTESIAN_POINT ( 'NONE',  ( 24.20542505728357000, -6.842738183966875300, -18.79357848806298700 ) ) ;
#2492 = CARTESIAN_POINT ( 'NONE',  ( 24.63971387497046800, -7.118562434384169400, -18.69084607793550400 ) ) ;
#2493 = EDGE_LOOP ( 'NONE', ( #2033 ) ) ;
#2494 = CARTESIAN_POINT ( 'NONE',  ( 21.04529946162074700, -11.51794919243112000, -23.94967320028764800 ) ) ;
#2495 = CARTESIAN_POINT ( 'NONE',  ( 24.84480410444787400, -7.277828105603759000, -18.62975481435066900 ) ) ;
#2496 = EDGE_CURVE ( 'E98', #2401, #1163, #2816, .T. ) ;
#2497 = PLANE ( 'NONE',  #1964 ) ;
#2498 = ORIENTED_EDGE ( 'NONE', *, *, #1830, .T. ) ;
#2499 = CARTESIAN_POINT ( 'NONE',  ( 21.04529946162074700, 26.50000000000000000, -2.000000000000000000 ) ) ;
#2500 = VERTEX_POINT ( 'NONE', #266 ) ;
#2501 = EDGE_LOOP ( 'NONE', ( #2077 ) ) ;
#2502 = CARTESIAN_POINT ( 'NONE',  ( -5.775453988687322800, 39.58084959608240900, -0.1395517750680731200 ) ) ;
#2503 = EDGE_CURVE ( 'E361', #1065, #1352, #2840, .T. ) ;
#2504 = VERTEX_POINT ( 'NONE', #267 ) ;
#2505 = CARTESIAN_POINT ( 'NONE',  ( 25.21271544369136600, -7.622806039422252800, -18.49127833501203700 ) ) ;
#2506 = ORIENTED_EDGE ( 'NONE', *, *, #2462, .T. ) ;
#2507 = CARTESIAN_POINT ( 'NONE',  ( -5.774551636536048500, 39.58099322130261300, 0.1361147796594563400 ) ) ;
#2508 = ORIENTED_EDGE ( 'NONE', *, *, #2947, .F. ) ;
#2509 = EDGE_CURVE ( 'NONE', #2403, #2403, #2534, .T. ) ;
#2510 = PLANE ( 'NONE',  #1720 ) ;
#2511 = CARTESIAN_POINT ( 'NONE',  ( 15.00000000000000000, 0.0000000000000000000, 2.204291436880279900E-015 ) ) ;
#2512 = EDGE_LOOP ( 'NONE', ( #2066 ) ) ;
#2513 = VERTEX_POINT ( 'NONE', #269 ) ;
#2514 = CARTESIAN_POINT ( 'NONE',  ( -5.831704951923028600, 39.57189823708137100, 0.2740075765075081200 ) ) ;
#2515 = EDGE_LOOP ( 'NONE', ( #2083 ) ) ;
#2516 = EDGE_CURVE ( 'NONE', #2397, #2397, #2778, .T. ) ;
#2517 = CARTESIAN_POINT ( 'NONE',  ( 25.37805611839694100, -7.809866659414088200, -18.41342782058511300 ) ) ;
#2518 = CARTESIAN_POINT ( 'NONE',  ( -6.025222713389062800, 39.54107745486273000, 0.4678438273608618900 ) ) ;
#2519 = EDGE_LOOP ( 'NONE', ( #2082 ) ) ;
#2520 = CARTESIAN_POINT ( 'NONE',  ( -8.370859610301440800, 47.20911720371685000, 15.50000000000000200 ) ) ;
#2521 = EDGE_CURVE ( 'E129', #1065, #1505, #2790, .T. ) ;
#2522 = ORIENTED_EDGE ( 'NONE', *, *, #2400, .T. ) ;
#2523 = VERTEX_POINT ( 'NONE', #272 ) ;
#2524 = CARTESIAN_POINT ( 'NONE',  ( -6.160301325435059800, 39.51955287597225200, 0.5244276950593624900 ) ) ;
#2525 = VERTEX_POINT ( 'NONE', #1095 ) ;
#2526 = VERTEX_POINT ( 'NONE', #274 ) ;
#2527 = CARTESIAN_POINT ( 'NONE',  ( -6.435363533593412700, 39.47567954695615800, 0.5255633556419073700 ) ) ;
#2528 = EDGE_CURVE ( 'NONE', #2395, #2395, #2774, .T. ) ;
#2529 = CARTESIAN_POINT ( 'NONE',  ( -6.570955405105303600, 39.45403122955026700, 0.4701257296570234800 ) ) ;
#2530 = EDGE_CURVE ( 'NONE', #2389, #2389, #2767, .T. ) ;
#2531 = EDGE_LOOP ( 'NONE', ( #2114 ) ) ;
#2532 = PLANE ( 'NONE',  #1732 ) ;
#2533 = CARTESIAN_POINT ( 'NONE',  ( -6.766272210296374800, 39.42283080293601900, 0.2775342486012533600 ) ) ;
#2534 = B_SPLINE_CURVE_WITH_KNOTS ( 'NONE', 3,
 ( #1430, #1442, #1427, #1426, #1420, #1418, #1415, #1413, #1409, #1406, #1403, #1397, #1395, #1390, #1385, #1381, #1379, #1375, #1370, #1364, #1360, #1358, #1353, #1347, #1343, #1342, #1324, #1314, #1310, #1302, #1301, #1290, #1283, #1273, #1268, #1263, #1259, #1252, #1251, #1243, #1229, #1228, #1222, #1213, #1211, #1210, #1206, #1189, #1187, #1182, #1180, #1174, #1172, #1166, #1158, #1154, #1152, #1150, #1142, #1135, #1128, #1110 ),
 .UNSPECIFIED., .T., .F.,
 ( 4, 2, 2, 2, 2, 2, 2, 2, 2, 2, 2, 2, 2, 2, 2, 2, 2, 2, 2, 2, 2, 2, 2, 2, 2, 2, 2, 2, 2, 2, 4 ),
 ( 0.0000000000000000000, 0.0004816084905048725200, 0.0009632169810097450400, 0.001444825471514617600, 0.001926433962019490100, 0.002408042452524362600, 0.002889650943029235100, 0.003371259433534107600, 0.003852867924038980200, 0.004334476414543852700, 0.004816084905048725200, 0.005297693395553597700, 0.005779301886058470200, 0.006260910376563342700, 0.006742518867068215300, 0.007224127357573087800, 0.007705735848077960300, 0.008187344338582831100, 0.008668952829087701900, 0.009632169810097446900, 0.01011377830060231900, 0.01059538679110719200, 0.01107699528161206400, 0.01155860377211693700, 0.01204021226262181000, 0.01252182075312668200, 0.01300342924363155500, 0.01348503773413642700, 0.01396664622464130000, 0.01444825471514617200, 0.01541147169615591700 ),
 .UNSPECIFIED. ) ;
#2535 = CARTESIAN_POINT ( 'NONE',  ( 25.67050730397204800, -8.212780129185565800, -18.23728554065489900 ) ) ;
#2536 = VERTEX_POINT ( 'NONE', #276 ) ;
#2537 = VERTEX_POINT ( 'NONE', #278 ) ;
#2538 = CARTESIAN_POINT ( 'NONE',  ( 25.79434913912409800, -8.424626820111791800, -18.14066840450223600 ) ) ;
#2539 = DIRECTION ( 'NONE',  ( -1.000000000000000000, 0.0000000000000000000, 0.0000000000000000000 ) ) ;
#2540 = CARTESIAN_POINT ( 'NONE',  ( -6.824384865397278500, 39.41353987788333100, 0.1401378941741888700 ) ) ;
#2541 = CARTESIAN_POINT ( 'NONE',  ( -6.825604849385456400, 39.41334487083339900, -0.1354904378315477400 ) ) ;
#2542 = CARTESIAN_POINT ( 'NONE',  ( 25.99407456938886100, -8.859702201505603700, -17.93220187597967600 ) ) ;
#2543 = CARTESIAN_POINT ( 'NONE',  ( 15.00000000000000000, 23.95833333333335000, -43.88619673529355200 ) ) ;
#2544 = EDGE_CURVE ( 'E193', #3003, #2060, #2770, .T. ) ;
#2545 = EDGE_CURVE ( 'E273', #2333, #853, #2804, .T. ) ;
#2546 = EDGE_LOOP ( 'NONE', ( #1994 ) ) ;
#2547 = CARTESIAN_POINT ( 'NONE',  ( 26.07124987309139300, -9.086124066191432600, -17.81878725226057400 ) ) ;
#2548 = VERTEX_POINT ( 'NONE', #280 ) ;
#2549 = EDGE_LOOP ( 'NONE', ( #2089 ) ) ;
#2550 = CARTESIAN_POINT ( 'NONE',  ( -8.172549601806879900, 46.75858991828401700, 15.50000000000000000 ) ) ;
#2551 = EDGE_CURVE ( 'E597', #965, #248, #2235, .T. ) ;
#2552 = VERTEX_POINT ( 'NONE', #282 ) ;
#2553 = VERTEX_POINT ( 'NONE', #285 ) ;
#2554 = CARTESIAN_POINT ( 'NONE',  ( -6.671666084328269800, 39.43794343443205000, -0.3707955255394740900 ) ) ;
#2555 = CARTESIAN_POINT ( 'NONE',  ( -8.400000000000000400, 79.42708333333341400, 13.60472098794100000 ) ) ;
#2556 = CARTESIAN_POINT ( 'NONE',  ( -7.370472372344421400, 46.22062931137711000, 15.50000000000000000 ) ) ;
#2557 = VERTEX_POINT ( 'NONE', #287 ) ;
#2558 = CARTESIAN_POINT ( 'NONE',  ( -5.774999999999998600, 33.92462120245874500, -4.065758146820641600E-017 ) ) ;
#2559 = EDGE_CURVE ( 'E140', #1437, #2401, #2206, .T. ) ;
#2560 = CARTESIAN_POINT ( 'NONE',  ( -7.957101533459581200, 46.51322586589645900, 15.50000000000000500 ) ) ;
#2561 = VERTEX_POINT ( 'NONE', #289 ) ;
#2562 = EDGE_LOOP ( 'NONE', ( #2169 ) ) ;
#2563 = CARTESIAN_POINT ( 'NONE',  ( -5.774999999999998600, 33.92462120245875200, 0.1387384425715801100 ) ) ;
#2564 = EDGE_CURVE ( 'NONE', #2386, #2386, #2761, .T. ) ;
#2565 = ORIENTED_EDGE ( 'NONE', *, *, #962, .T. ) ;
#2566 = VERTEX_POINT ( 'NONE', #290 ) ;
#2567 = CARTESIAN_POINT ( 'NONE',  ( -5.832047694442409600, 33.92364760395011600, 0.2746644109410794600 ) ) ;
#2568 = CARTESIAN_POINT ( 'NONE',  ( -6.026083351297686800, 33.92152587557272600, 0.4683904017782227200 ) ) ;
#2569 = EDGE_LOOP ( 'NONE', ( #2129 ) ) ;
#2570 = VERTEX_POINT ( 'NONE', #295 ) ;
#2571 = EDGE_CURVE ( 'E992', #1312, #1814, #2751, .T. ) ;
#2572 = DIRECTION ( 'NONE',  ( 1.000000000000000000, 0.0000000000000000000, 0.0000000000000000000 ) ) ;
#2573 = EDGE_LOOP ( 'NONE', ( #1840 ) ) ;
#2574 = VERTEX_POINT ( 'NONE', #299 ) ;
#2575 = CARTESIAN_POINT ( 'NONE',  ( -7.825430180062364000, 46.41038914834387400, 15.50000000000000000 ) ) ;
#2576 = EDGE_CURVE ( 'E1007', #2138, #1814, #2753, .T. ) ;
#2577 = CARTESIAN_POINT ( 'NONE',  ( -6.162061286198808200, 33.92055646355495200, 0.5251408887383073300 ) ) ;
#2578 = ORIENTED_EDGE ( 'NONE', *, *, #2405, .T. ) ;
#2579 = VERTEX_POINT ( 'NONE', #301 ) ;
#2580 = CARTESIAN_POINT ( 'NONE',  ( -6.439009092569683900, 33.92056083316241900, 0.5248585656850232000 ) ) ;
#2581 = CARTESIAN_POINT ( 'NONE',  ( -7.205943304866109700, 46.21153460015659700, 15.50000000000000000 ) ) ;
#2582 = VERTEX_POINT ( 'NONE', #303 ) ;
#2583 = CARTESIAN_POINT ( 'NONE',  ( -6.574872936567621700, 33.92153446676606200, 0.4677767149783680900 ) ) ;
#2584 = EDGE_LOOP ( 'NONE', ( #2202 ) ) ;
#2585 = EDGE_CURVE ( 'E382', #1352, #3003, #2757, .T. ) ;
#2586 = CARTESIAN_POINT ( 'NONE',  ( -6.768309272626074100, 33.92365338555930500, 0.2739646172513913200 ) ) ;
#2587 = EDGE_LOOP ( 'NONE', ( #2219 ) ) ;
#2588 = CARTESIAN_POINT ( 'NONE',  ( 26.17427494523769100, -9.543652794587744700, -17.57798398633655200 ) ) ;
#2589 = VERTEX_POINT ( 'NONE', #313 ) ;
#2590 = EDGE_CURVE ( 'E1013', #1814, #1402, #2737, .T. ) ;
#2591 = ORIENTED_EDGE ( 'NONE', *, *, #2468, .T. ) ;
#2592 = CARTESIAN_POINT ( 'NONE',  ( -6.825048456629343900, 33.92462195234857300, 0.1368607683958155700 ) ) ;
#2593 = CARTESIAN_POINT ( 'NONE',  ( 26.19984439655013700, -9.771378548475846400, -17.45246679719733500 ) ) ;
#2594 = VERTEX_POINT ( 'NONE', #315 ) ;
#2595 = EDGE_CURVE ( 'NONE', #2383, #2383, #2743, .T. ) ;
#2596 = EDGE_LOOP ( 'NONE', ( #2187 ) ) ;
#2597 = EDGE_CURVE ( 'E214', #2060, #1378, #2725, .T. ) ;
#2598 = CARTESIAN_POINT ( 'NONE',  ( -6.824951477647490900, 33.92462045155180300, -0.1372322769994965600 ) ) ;
#2599 = CARTESIAN_POINT ( 'NONE',  ( -6.769096398978419400, 33.92366042279499500, -0.2734658690097512800 ) ) ;
#2600 = VERTEX_POINT ( 'NONE', #317 ) ;
#2601 = CARTESIAN_POINT ( 'NONE',  ( 26.20015420099058200, -10.22451893268861600, -17.19091762065019000 ) ) ;
#2602 = EDGE_LOOP ( 'NONE', ( #2179 ) ) ;
#2603 = CARTESIAN_POINT ( 'NONE',  ( -6.572985909389097400, 33.92151539003379000, -0.4693758689182779800 ) ) ;
#2604 = VERTEX_POINT ( 'NONE', #319 ) ;
#2605 = EDGE_CURVE ( 'NONE', #2369, #2369, #2728, .T. ) ;
#2606 = VERTEX_POINT ( 'NONE', #321 ) ;
#2607 = CARTESIAN_POINT ( 'NONE',  ( -21.00000000000000000, 79.42708333333330000, -13.60472098794100000 ) ) ;
#2608 = EDGE_LOOP ( 'NONE', ( #1908 ) ) ;
#2609 = CARTESIAN_POINT ( 'NONE',  ( -6.436676201473488000, 33.92055751897602500, -0.5250726972983179600 ) ) ;
#2610 = ORIENTED_EDGE ( 'NONE', *, *, #2282, .T. ) ;
#2611 = CARTESIAN_POINT ( 'NONE',  ( 26.17402559637453400, -10.45207600547194100, -17.05344934731227000 ) ) ;
#2612 = FACE_OUTER_BOUND ( 'NONE', #399, .T. ) ;
#2613 = CARTESIAN_POINT ( 'NONE',  ( 26.07168359357599000, -10.88675582845476700, -16.77929006236896100 ) ) ;
#2614 = CARTESIAN_POINT ( 'NONE',  ( -6.162765878910247100, 33.92055977159140000, -0.5249271544758152800 ) ) ;
#2615 = ORIENTED_EDGE ( 'NONE', *, *, #1760, .T. ) ;
#2616 = EDGE_LOOP ( 'NONE', ( #2240 ) ) ;
#2617 = CARTESIAN_POINT ( 'NONE',  ( 25.99596950353872100, -11.09561908731388700, -16.64170725400339600 ) ) ;
#2618 = VERTEX_POINT ( 'NONE', #792 ) ;
#2619 = VERTEX_POINT ( 'NONE', #323 ) ;
#2620 = CARTESIAN_POINT ( 'NONE',  ( -6.025680818136676100, 33.92152952672248700, -0.4681254938992649400 ) ) ;
#2621 = CARTESIAN_POINT ( 'NONE',  ( -5.831923905079780600, 33.92364971003863900, -0.2744034637916036300 ) ) ;
#2622 = CARTESIAN_POINT ( 'NONE',  ( 25.79501448579858200, -11.49712926270392500, -16.36689347357618000 ) ) ;
#2623 = VERTEX_POINT ( 'NONE', #330 ) ;
#2624 = CARTESIAN_POINT ( 'NONE',  ( -5.774999999999998600, 33.92462120245874500, -4.065758146820641600E-017 ) ) ;
#2625 = EDGE_CURVE ( 'E1028', #1457, #1402, #2733, .T. ) ;
#2626 = CARTESIAN_POINT ( 'NONE',  ( -7.531141512529426800, 46.26376476975687500, 15.50000000000000200 ) ) ;
#2627 = DIRECTION ( 'NONE',  ( 0.0000000000000000000, 0.0000000000000000000, -1.000000000000000000 ) ) ;
#2628 = CARTESIAN_POINT ( 'NONE',  ( 25.67007491602399600, -11.68787036313075200, -16.23086760388512000 ) ) ;
#2629 = EDGE_LOOP ( 'NONE', ( #2224 ) ) ;
#2630 = DIRECTION ( 'NONE',  ( 1.000000000000000000, 0.0000000000000000000, 0.0000000000000000000 ) ) ;
#2631 = CARTESIAN_POINT ( 'NONE',  ( -8.400000000000000400, -72.00000000000000000, 0.0000000000000000000 ) ) ;
#2632 = CARTESIAN_POINT ( 'NONE',  ( 25.38089139730736900, -12.03834469435808300, -15.97265268576319700 ) ) ;
#2633 = ORIENTED_EDGE ( 'NONE', *, *, #10, .F. ) ;
#2634 = EDGE_LOOP ( 'NONE', ( #2255 ) ) ;
#2635 = DIRECTION ( 'NONE',  ( 2.933952722699443000E-017, -0.8777239347058705100, -0.4791666666666667400 ) ) ;
#2636 = CARTESIAN_POINT ( 'NONE',  ( -6.769647811293339100, 39.42229137892092400, -0.2725837557403453200 ) ) ;
#2637 = VERTEX_POINT ( 'NONE', #405 ) ;
#2638 = DIRECTION ( 'NONE',  ( 7.709882115452475700E-017, 0.0000000000000000000, -1.000000000000000000 ) ) ;
#2639 = ORIENTED_EDGE ( 'NONE', *, *, #2597, .T. ) ;
#2640 = CARTESIAN_POINT ( 'NONE',  ( 25.21481781478862800, -12.20082003662695800, -15.84850977641659500 ) ) ;
#2641 = SHAPE_DEFINITION_REPRESENTATION ( #1719, #1855 ) ;
#2642 = VERTEX_POINT ( 'NONE', #332 ) ;
#2643 = EDGE_LOOP ( 'NONE', ( #2250 ) ) ;
#2644 = DIRECTION ( 'NONE',  ( 1.000000000000000000, 0.0000000000000000000, 6.123031769111888800E-017 ) ) ;
#2645 = CIRCLE ( 'NONE', #1177, 4.000000000000000000 ) ;
#2646 = VECTOR ( 'NONE', #468, 1000.000000000000000 ) ;
#2647 = CARTESIAN_POINT ( 'NONE',  ( -8.400000000000000400, 47.53682782853729800, 15.50000000000000000 ) ) ;
#2648 = CARTESIAN_POINT ( 'NONE',  ( -21.00000000000000000, 0.0000000000000000000, 0.0000000000000000000 ) ) ;
#2649 = ORIENTED_EDGE ( 'NONE', *, *, #671, .F. ) ;
#2650 = EDGE_CURVE ( 'NONE', #2356, #2356, #2723, .T. ) ;
#2651 = CARTESIAN_POINT ( 'NONE',  ( 24.84311850254525200, -12.49628934243827600, -15.61659451895302400 ) ) ;
#2652 = CIRCLE ( 'NONE', #1175, 4.000000000000000000 ) ;
#2653 = EDGE_LOOP ( 'NONE', ( #2319 ) ) ;
#2654 = ORIENTED_EDGE ( 'NONE', *, *, #2189, .F. ) ;
#2655 = VECTOR ( 'NONE', #496, 1000.000000000000000 ) ;
#2656 = ORIENTED_EDGE ( 'NONE', *, *, #2469, .T. ) ;
#2657 = CIRCLE ( 'NONE', #1184, 4.000000000000000000 ) ;
#2658 = DIRECTION ( 'NONE',  ( 1.000000000000000000, 0.0000000000000000000, 6.123031769111888800E-017 ) ) ;
#2659 = CARTESIAN_POINT ( 'NONE',  ( 24.64189351325535400, -12.62609214008446300, -15.51139462701947900 ) ) ;
#2660 = EDGE_CURVE ( 'E1049', #2839, #2683, #2721, .T. ) ;
#2661 = ORIENTED_EDGE ( 'NONE', *, *, #706, .T. ) ;
#2662 = VECTOR ( 'NONE', #506, 1000.000000000000000 ) ;
#2663 = CARTESIAN_POINT ( 'NONE',  ( 22.46301916709601800, -13.26197909300293500, -14.97063494139552200 ) ) ;
#2664 = ORIENTED_EDGE ( 'NONE', *, *, #2271, .F. ) ;
#2665 = LINE ( 'NONE', #487, #2655 ) ;
#2666 = CARTESIAN_POINT ( 'NONE',  ( 24.50940107675850000, 24.87500000000000000, 1.414053616061350100E-016 ) ) ;
#2667 = CARTESIAN_POINT ( 'NONE',  ( 10.50000000000000000, 0.0000000000000000000, 0.0000000000000000000 ) ) ;
#2668 = EDGE_LOOP ( 'NONE', ( #2297 ) ) ;
#2669 = LINE ( 'NONE', #505, #2662 ) ;
#2670 = VECTOR ( 'NONE', #512, 1000.000000000000000 ) ;
#2671 = DIRECTION ( 'NONE',  ( 0.0000000000000000000, 0.0000000000000000000, 1.000000000000000000 ) ) ;
#2672 = EDGE_LOOP ( 'NONE', ( #2327 ) ) ;
#2673 = VECTOR ( 'NONE', #509, 1000.000000000000000 ) ;
#2674 = DIRECTION ( 'NONE',  ( 0.0000000000000000000, 1.000000000000000000, 0.0000000000000000000 ) ) ;
#2675 = CARTESIAN_POINT ( 'NONE',  ( 21.94023543078635900, -13.26214157377480200, -14.97049100360216500 ) ) ;
#2676 = VECTOR ( 'NONE', #539, 1000.000000000000000 ) ;
#2677 = CARTESIAN_POINT ( 'NONE',  ( 21.67996484117962900, -13.24286592121453800, -14.98763677571727700 ) ) ;
#2678 = DIRECTION ( 'NONE',  ( 0.0000000000000000000, -1.000000000000000000, 0.0000000000000000000 ) ) ;
#2679 = DIRECTION ( 'NONE',  ( 1.000000000000000000, 0.0000000000000000000, 0.0000000000000000000 ) ) ;
#2680 = LINE ( 'NONE', #526, #2670 ) ;
#2681 = CARTESIAN_POINT ( 'NONE',  ( 21.16173324776250900, -13.16403217106218500, -15.05692567981054900 ) ) ;
#2682 = CARTESIAN_POINT ( 'NONE',  ( 20.91037241971044800, -13.10530345248804100, -15.10831953658999900 ) ) ;
#2683 = VERTEX_POINT ( 'NONE', #737 ) ;
#2684 = CARTESIAN_POINT ( 'NONE',  ( 10.25000000000000000, 0.0000000000000000000, 0.0000000000000000000 ) ) ;
#2685 = LINE ( 'NONE', #553, #2676 ) ;
#2686 = CARTESIAN_POINT ( 'NONE',  ( 20.42872620679370100, -12.95131630606756400, -15.24052832882410900 ) ) ;
#2687 = EDGE_LOOP ( 'NONE', ( #1949 ) ) ;
#2688 = LINE ( 'NONE', #479, #2646 ) ;
#2689 = DIRECTION ( 'NONE',  ( 0.0000000000000000000, 0.0000000000000000000, -1.000000000000000000 ) ) ;
#2690 = CIRCLE ( 'NONE', #1196, 4.000000000000000000 ) ;
#2691 = CARTESIAN_POINT ( 'NONE',  ( -5.774999999999997700, 33.92462120245873100, -0.1387384425715801900 ) ) ;
#2692 = ORIENTED_EDGE ( 'NONE', *, *, #1048, .T. ) ;
#2693 = DIRECTION ( 'NONE',  ( -6.123031769111888800E-017, 1.000000000000000000, 0.0000000000000000000 ) ) ;
#2694 = CARTESIAN_POINT ( 'NONE',  ( 20.19513005609930900, -12.85464137217550700, -15.32253165819883900 ) ) ;
#2695 = LINE ( 'NONE', #523, #2673 ) ;
#2696 = EDGE_LOOP ( 'NONE', ( #574 ) ) ;
#2697 = PLANE ( 'NONE',  #1374 ) ;
#2698 = EDGE_LOOP ( 'NONE', ( #2330 ) ) ;
#2699 = CIRCLE ( 'NONE', #1190, 15.50000000000000000 ) ;
#2700 = EDGE_CURVE ( 'E1055', #2683, #2035, #2708, .T. ) ;
#2701 = ORIENTED_EDGE ( 'NONE', *, *, #671, .T. ) ;
#2702 = CARTESIAN_POINT ( 'NONE',  ( 23.35470053837925200, 24.87500000000000000, 2.000000000000000000 ) ) ;
#2703 = EDGE_LOOP ( 'NONE', ( #2364 ) ) ;
#2704 = VECTOR ( 'NONE', #735, 1000.000000000000000 ) ;
#2705 = ORIENTED_EDGE ( 'NONE', *, *, #2576, .F. ) ;
#2706 = PLANE ( 'NONE',  #1665 ) ;
#2707 = CLOSED_SHELL ( 'NONE', ( #1124, #1824, #1157, #2149, #2027, #1850, #1516, #2170, #1479, #2048, #1575, #1730, #1322, #2043, #1473, #1843, #2065, #2088, #2106, #1804, #1779, #1751, #1193, #1336, #1265, #2147, #1496, #1212, #2132, #1369, #1218, #2113, #2061, #2112, #1241, #2022, #1902, #1307, #1989, #753, #2126, #1300, #1955, #1937, #1350, #1319, #1816, #2007, #1871, #2079, #1141, #1854, #1842, #2213, #1440, #1836, #1921, #1870, #1823, #1280, #2193, #1530, #1501, #1305, #1237, #1799, #1785, #2008, #1769, #1405, #1912, #1885, #1763, #1968, #1258, #1512, #1422, #1199, #1745, #1746, #1459, #1715, #1674 ) ) ;
#2708 = LINE ( 'NONE', #755, #2704 ) ;
#2709 = CARTESIAN_POINT ( 'NONE',  ( -8.400000000000000400, 23.95833333333335000, 43.88619673529355200 ) ) ;
#2710 = CARTESIAN_POINT ( 'NONE',  ( 19.75962487866647500, -12.62711679210289100, -15.51056745391170500 ) ) ;
#2711 = EDGE_LOOP ( 'NONE', ( #2416 ) ) ;
#2712 = CIRCLE ( 'NONE', #1209, 3.958749999999999800 ) ;
#2713 = CIRCLE ( 'NONE', #1203, 4.000000000000000000 ) ;
#2714 = DIRECTION ( 'NONE',  ( 0.0000000000000000000, 0.4999999999999998900, 0.8660254037844387100 ) ) ;
#2715 = VECTOR ( 'NONE', #741, 1000.000000000000000 ) ;
#2716 = CARTESIAN_POINT ( 'NONE',  ( 22.19999999999999900, -13.22937499999999900, -22.91394965238155000 ) ) ;
#2717 = CARTESIAN_POINT ( 'NONE',  ( -8.400000000000000400, -72.00000000000000000, 15.50000000000000000 ) ) ;
#2718 = VECTOR ( 'NONE', #756, 1000.000000000000000 ) ;
#2719 = B_SPLINE_CURVE_WITH_KNOTS ( 'NONE', 3,
 ( #1185, #1169, #1188, #1192, #1197, #1198, #1204, #1207, #1215, #1219, #1223, #1224, #1230, #1232, #1235, #1238, #1239, #1245 ),
 .UNSPECIFIED., .T., .F.,
 ( 4, 2, 2, 2, 2, 2, 2, 2, 4 ),
 ( 0.0000000000000000000, 0.0004103072863954430100, 0.0008206145727908860100, 0.001230921859186329100, 0.001641229145581772000, 0.002051536431977214900, 0.002461843718372658300, 0.002872151004768101100, 0.003282458291163544000 ),
 .UNSPECIFIED. ) ;
#2720 = CARTESIAN_POINT ( 'NONE',  ( 19.55865061727431700, -12.49735851345928600, -15.61571816219068000 ) ) ;
#2721 = LINE ( 'NONE', #750, #2715 ) ;
#2722 = ORIENTED_EDGE ( 'NONE', *, *, #10, .T. ) ;
#2723 = CIRCLE ( 'NONE', #1226, 47.51193117856760000 ) ;
#2724 = ORIENTED_EDGE ( 'NONE', *, *, #1494, .T. ) ;
#2725 = CIRCLE ( 'NONE', #1234, 50.00000000000000000 ) ;
#2726 = ORIENTED_EDGE ( 'NONE', *, *, #651, .F. ) ;
#2727 = EDGE_CURVE ( 'NONE', #2354, #2354, #2712, .T. ) ;
#2728 = CIRCLE ( 'NONE', #1233, 45.00000000000000000 ) ;
#2729 = CIRCLE ( 'NONE', #1186, 3.958749999999999800 ) ;
#2730 = ORIENTED_EDGE ( 'NONE', *, *, #2597, .F. ) ;
#2731 = VECTOR ( 'NONE', #890, 1000.000000000000100 ) ;
#2732 = CARTESIAN_POINT ( 'NONE',  ( 0.0000000000000000000, 0.0000000000000000000, 0.0000000000000000000 ) ) ;
#2733 = LINE ( 'NONE', #771, #2718 ) ;
#2734 = EDGE_CURVE ( 'NONE', #2351, #2351, #2713, .T. ) ;
#2735 = EDGE_CURVE ( 'E1124', #1288, #1925, #2690, .T. ) ;
#2736 = ORIENTED_EDGE ( 'NONE', *, *, #1098, .T. ) ;
#2737 = LINE ( 'NONE', #852, #2731 ) ;
#2738 = CARTESIAN_POINT ( 'NONE',  ( 19.18958623691726100, -12.20465241598929900, -15.84553826601644000 ) ) ;
#2739 = EDGE_LOOP ( 'NONE', ( #2802 ) ) ;
#2740 = VECTOR ( 'NONE', #849, 1000.000000000000000 ) ;
#2741 = CARTESIAN_POINT ( 'NONE',  ( 19.02090092745524100, -12.04025079455783100, -15.97121809717118700 ) ) ;
#2742 = EDGE_LOOP ( 'NONE', ( #1766, #2993, #1580, #21 ) ) ;
#2743 = CIRCLE ( 'NONE', #1248, 8.000000000000000000 ) ;
#2744 = CARTESIAN_POINT ( 'NONE',  ( 18.73109097419316500, -11.68954675111312500, -16.22966245665015000 ) ) ;
#2745 = EDGE_LOOP ( 'NONE', ( #2322 ) ) ;
#2746 = FACE_OUTER_BOUND ( 'NONE', #674, .T. ) ;
#2747 = CARTESIAN_POINT ( 'NONE',  ( 18.24125000000000100, 26.50000000000000000, 0.0000000000000000000 ) ) ;
#2748 = DIRECTION ( 'NONE',  ( 1.000000000000000000, 0.0000000000000000000, 0.0000000000000000000 ) ) ;
#2749 = CARTESIAN_POINT ( 'NONE',  ( 18.60788631498478200, -11.50198433817210700, -16.36348344341005400 ) ) ;
#2750 = ORIENTED_EDGE ( 'NONE', *, *, #417, .T. ) ;
#2751 = LINE ( 'NONE', #931, #2787 ) ;
#2752 = CARTESIAN_POINT ( 'NONE',  ( -21.00000000000000000, -79.42708333333330000, -13.60472098794100000 ) ) ;
#2753 = LINE ( 'NONE', #854, #2740 ) ;
#2754 = EDGE_LOOP ( 'NONE', ( #2463 ) ) ;
#2755 = EDGE_CURVE ( 'E1127', #1288, #1925, #165, .T. ) ;
#2756 = CARTESIAN_POINT ( 'NONE',  ( 18.40595452310216400, -11.10038181200656700, -16.63853231946812300 ) ) ;
#2757 = CIRCLE ( 'NONE', #1255, 15.50000000000000000 ) ;
#2758 = CARTESIAN_POINT ( 'NONE',  ( 18.32899871894731800, -10.88868832435428200, -16.77802154564648200 ) ) ;
#2759 = ORIENTED_EDGE ( 'NONE', *, *, #1019, .T. ) ;
#2760 = DIRECTION ( 'NONE',  ( -0.4999999999999998900, 0.0000000000000000000, -0.8660254037844387100 ) ) ;
#2761 = CIRCLE ( 'NONE', #1260, 8.000000000000000000 ) ;
#2762 = CARTESIAN_POINT ( 'NONE',  ( 18.22659360039755700, -10.45565922473703300, -17.05123838867072900 ) ) ;
#2763 = CARTESIAN_POINT ( 'NONE',  ( 18.20018630198023500, -10.23115127335148800, -17.18700980120654600 ) ) ;
#2764 = EDGE_LOOP ( 'NONE', ( #135, #2866, #1660, #195, #597, #1368, #1725, #2002 ) ) ;
#2765 = VECTOR ( 'NONE', #992, 1000.000000000000100 ) ;
#2766 = VECTOR ( 'NONE', #970, 1000.000000000000000 ) ;
#2767 = CIRCLE ( 'NONE', #1267, 46.25365796477680600 ) ;
#2768 = EDGE_LOOP ( 'NONE', ( #2335 ) ) ;
#2769 = CARTESIAN_POINT ( 'NONE',  ( 18.19981566713730500, -9.773709538638225800, -17.45119950431211500 ) ) ;
#2770 = LINE ( 'NONE', #1058, #2765 ) ;
#2771 = VECTOR ( 'NONE', #1073, 1000.000000000000100 ) ;
#2772 = DIRECTION ( 'NONE',  ( 0.8660254037844387100, 0.0000000000000000000, -0.4999999999999998900 ) ) ;
#2773 = CARTESIAN_POINT ( 'NONE',  ( 18.22553838475520700, -9.545794693981402900, -17.57679216610654300 ) ) ;
#2774 = CIRCLE ( 'NONE', #1269, 3.000000000000000000 ) ;
#2775 = ORIENTED_EDGE ( 'NONE', *, *, #1468, .F. ) ;
#2776 = DIRECTION ( 'NONE',  ( 2.933952722699443000E-017, 0.8777239347058705100, -0.4791666666666667400 ) ) ;
#2777 = EDGE_LOOP ( 'NONE', ( #1936 ) ) ;
#2778 = CIRCLE ( 'NONE', #1289, 38.59727969689055300 ) ;
#2779 = DIRECTION ( 'NONE',  ( 0.4999999999999998900, 0.0000000000000000000, 0.8660254037844387100 ) ) ;
#2780 = CARTESIAN_POINT ( 'NONE',  ( 18.32718348874768600, -9.091790903030235100, -17.81586813393399300 ) ) ;
#2781 = CARTESIAN_POINT ( 'NONE',  ( 18.40445640012400500, -8.863376468807155500, -17.93040162817649700 ) ) ;
#2782 = VERTEX_POINT ( 'NONE', #577 ) ;
#2783 = CARTESIAN_POINT ( 'NONE',  ( 19.89059892324149800, 26.50000000000000000, -4.242160848184054900E-016 ) ) ;
#2784 = PERSON ( 'UNSPECIFIED', 'UNSPECIFIED', 'UNSPECIFIED', ('UNSPECIFIED'), ('UNSPECIFIED'), ('UNSPECIFIED') ) ;
#2785 = CARTESIAN_POINT ( 'NONE',  ( 18.60468992697618900, -8.426251622563704300, -18.13992912248449600 ) ) ;
#2786 = VERTEX_POINT ( 'NONE', #578 ) ;
#2787 = VECTOR ( 'NONE', #857, 1000.000000000000000 ) ;
#2788 = CARTESIAN_POINT ( 'NONE',  ( 18.72734990948873000, -8.216310583093632000, -18.23568643701680300 ) ) ;
#2789 = ORIENTED_EDGE ( 'NONE', *, *, #2438, .T. ) ;
#2790 = LINE ( 'NONE', #1105, #2771 ) ;
#2791 = EDGE_CURVE ( 'E282', #853, #2782, #2699, .T. ) ;
#2792 = DIRECTION ( 'NONE',  ( -0.8660254037844387100, 0.0000000000000000000, 0.4999999999999998900 ) ) ;
#2793 = EDGE_LOOP ( 'NONE', ( #2368 ) ) ;
#2794 = VECTOR ( 'NONE', #1456, 1000.000000000000000 ) ;
#2795 = B_SPLINE_CURVE_WITH_KNOTS ( 'NONE', 3,
 ( #1783, #1876, #1762, #1790 ),
 .UNSPECIFIED., .F., .F.,
 ( 4, 4 ),
 ( 0.09130856349021569700, 0.09151489884422163400 ),
 .UNSPECIFIED. ) ;
#2796 = CARTESIAN_POINT ( 'NONE',  ( 19.01796556808913200, -7.814781359410954300, -18.41133378470061600 ) ) ;
#2797 = PRODUCT ( 'UCFL-208', 'UCFL-208', '', ( #163 ) ) ;
#2798 = DIRECTION ( 'NONE',  ( 1.000000000000000000, 0.0000000000000000000, 0.0000000000000000000 ) ) ;
#2799 = VERTEX_POINT ( 'NONE', #728 ) ;
#2800 = VECTOR ( 'NONE', #1450, 1000.000000000000000 ) ;
#2801 = CARTESIAN_POINT ( 'NONE',  ( -7.000000000000000000, 0.0000000000000000000, 0.0000000000000000000 ) ) ;
#2802 = ORIENTED_EDGE ( 'NONE', *, *, #2564, .F. ) ;
#2803 = DIRECTION ( 'NONE',  ( 0.8660254037844386000, 0.4330127018922195200, -0.2499999999999999400 ) ) ;
#2804 = LINE ( 'NONE', #1045, #2766 ) ;
#2805 = ORIENTED_EDGE ( 'NONE', *, *, #1098, .F. ) ;
#2806 = CARTESIAN_POINT ( 'NONE',  ( 19.18584843247169800, -7.624350560422455700, -18.49064125760256200 ) ) ;
#2807 = CARTESIAN_POINT ( 'NONE',  ( 19.55326952595089600, -7.279438282684591100, -18.62912541892814000 ) ) ;
#2808 = VECTOR ( 'NONE', #1465, 1000.000000000000000 ) ;
#2809 = EDGE_LOOP ( 'NONE', ( #2591, #2565, #2522, #2498 ) ) ;
#2810 = CARTESIAN_POINT ( 'NONE',  ( 15.00000000000000000, -23.95833333333335000, -43.88619673529355200 ) ) ;
#2811 = B_SPLINE_CURVE_WITH_KNOTS ( 'NONE', 3,
 ( #437, #451, #403, #400, #398, #397, #394, #390, #389, #387, #385, #384, #383, #380, #377, #372, #370, #367, #366, #361, #360, #356, #354, #352, #349, #345, #341, #338 ),
 .UNSPECIFIED., .F., .F.,
 ( 4, 2, 2, 2, 2, 2, 2, 2, 2, 2, 2, 2, 2, 4 ),
 ( 0.007770906010393893400, 0.008365234005554618400, 0.008959562000715341800, 0.009553889995876066800, 0.01014821799103679000, 0.01133687398135824700, 0.01193120197651897900, 0.01252552997167971300, 0.01311985796684044700, 0.01371418596200118000, 0.01430851395716191200, 0.01490284195232264400, 0.01609149794264411200, 0.01728015393296557900 ),
 .UNSPECIFIED. ) ;
#2812 = EDGE_CURVE ( 'NONE', #2350, #2350, #2729, .T. ) ;
#2813 = EDGE_CURVE ( 'E1138', #1486, #1585, #2685, .T. ) ;
#2814 = CARTESIAN_POINT ( 'NONE',  ( 22.72850983993834000, -13.24190647830062800, -14.98848452115065100 ) ) ;
#2815 = VERTEX_POINT ( 'NONE', #682 ) ;
#2816 = LINE ( 'NONE', #1464, #2794 ) ;
#2817 = DIRECTION ( 'NONE',  ( -1.000000000000000000, 0.0000000000000000000, -6.123031769111888800E-017 ) ) ;
#2818 = VECTOR ( 'NONE', #1490, 1000.000000000000100 ) ;
#2819 = ORIENTED_EDGE ( 'NONE', *, *, #651, .T. ) ;
#2820 = LINE ( 'NONE', #1484, #2808 ) ;
#2821 = B_SPLINE_CURVE_WITH_KNOTS ( 'NONE', 3,
 ( #1764, #1724, #1708, #1705, #1704, #1699, #1690, #1689, #1687, #1683, #1672, #1669, #1664, #1647, #1640, #1631, #1622, #1618, #1612, #1608, #1586, #1579, #1578, #1572, #1564, #1556, #1552, #1549 ),
 .UNSPECIFIED., .F., .F.,
 ( 4, 2, 2, 2, 2, 2, 2, 2, 2, 2, 2, 2, 2, 4 ),
 ( 0.007770906010393896800, 0.008365234005554625400, 0.008959562000715355600, 0.009553889995876084200, 0.01014821799103681600, 0.01133687398135828000, 0.01193120197651901700, 0.01252552997167975600, 0.01311985796684049500, 0.01371418596200123200, 0.01430851395716197000, 0.01490284195232270700, 0.01609149794264417100, 0.01728015393296563500 ),
 .UNSPECIFIED. ) ;
#2822 = CARTESIAN_POINT ( 'NONE',  ( 19.75447554813240500, -7.122602192879550200, -18.68932007563884700 ) ) ;
#2823 = ORIENTED_EDGE ( 'NONE', *, *, #1981, .T. ) ;
#2824 = DIRECTION ( 'NONE',  ( 0.0000000000000000000, 0.0000000000000000000, 1.000000000000000000 ) ) ;
#2825 = VECTOR ( 'NONE', #1520, 1000.000000000000000 ) ;
#2826 = EDGE_LOOP ( 'NONE', ( #2305 ) ) ;
#2827 = DIRECTION ( 'NONE',  ( -1.000000000000000000, -5.204170427930419300E-016, 3.004629197474320000E-016 ) ) ;
#2828 = ORIENTED_EDGE ( 'NONE', *, *, #1085, .F. ) ;
#2829 = DIRECTION ( 'NONE',  ( 6.009258394948636100E-016, -0.8660254037844387100, 0.4999999999999998900 ) ) ;
#2830 = ORIENTED_EDGE ( 'NONE', *, *, #2405, .F. ) ;
#2831 = DIRECTION ( 'NONE',  ( -1.000000000000000000, 0.0000000000000000000, -6.123031769111888800E-017 ) ) ;
#2832 = LINE ( 'NONE', #1507, #2818 ) ;
#2833 = EDGE_LOOP ( 'NONE', ( #1491 ) ) ;
#2834 = VECTOR ( 'NONE', #1527, 1000.000000000000100 ) ;
#2835 = CARTESIAN_POINT ( 'NONE',  ( 20.19252399571018600, -6.843697625510726500, -18.79324212844257100 ) ) ;
#2836 = EDGE_LOOP ( 'NONE', ( #1596, #1449, #1407, #2107 ) ) ;
#2837 = LINE ( 'NONE', #1548, #2834 ) ;
#2838 = PLANE ( 'NONE',  #1398 ) ;
#2839 = VERTEX_POINT ( 'NONE', #531 ) ;
#2840 = LINE ( 'NONE', #1460, #2800 ) ;
#2841 = CIRCLE ( 'NONE', #1295, 4.000000000000001800 ) ;
#2842 = DIRECTION ( 'NONE',  ( 0.0000000000000000000, -1.000000000000000000, 0.0000000000000000000 ) ) ;
#2843 = CIRCLE ( 'NONE', #1294, 4.000000000000000000 ) ;
#2844 = CARTESIAN_POINT ( 'NONE',  ( 20.42244331097801800, -6.726006675439802700, -18.83537122534869500 ) ) ;
#2845 = EDGE_LOOP ( 'NONE', ( #2432, #1803, #2424, #2420 ) ) ;
#2846 = EDGE_CURVE ( 'E1145', #1087, #1486, #2680, .T. ) ;
#2847 = VECTOR ( 'NONE', #1818, 1000.000000000000000 ) ;
#2848 = EDGE_LOOP ( 'NONE', ( #1225 ) ) ;
#2849 = PLANE ( 'NONE',  #1654 ) ;
#2850 = LINE ( 'NONE', #1522, #2825 ) ;
#2851 = EDGE_LOOP ( 'NONE', ( #2649 ) ) ;
#2852 = CARTESIAN_POINT ( 'NONE',  ( 20.90347472394629900, -6.533809955698096400, -18.90290195862991900 ) ) ;
#2853 = VECTOR ( 'NONE', #1838, 1000.000000000000100 ) ;
#2854 = CIRCLE ( 'NONE', #1299, 4.000000000000000000 ) ;
#2855 = ORIENTED_EDGE ( 'NONE', *, *, #1085, .T. ) ;
#2856 = CARTESIAN_POINT ( 'NONE',  ( 21.15721125131569700, -6.458897209223513500, -18.92842889118843900 ) ) ;
#2857 = VECTOR ( 'NONE', #1928, 1000.000000000000100 ) ;
#2858 = LINE ( 'NONE', #1944, #2847 ) ;
#2859 = ORIENTED_EDGE ( 'NONE', *, *, #573, .F. ) ;
#2860 = CARTESIAN_POINT ( 'NONE',  ( 29.10000000000000100, 0.0000000000000000000, 0.0000000000000000000 ) ) ;
#2861 = CARTESIAN_POINT ( 'NONE',  ( 21.67349515920585600, -6.359124533069936200, -18.96218100907700000 ) ) ;
#2862 = LINE ( 'NONE', #1891, #2857 ) ;
#2863 = CARTESIAN_POINT ( 'NONE',  ( -7.000000000000000000, 46.19882089516279700, -15.50000000000000000 ) ) ;
#2864 = EDGE_LOOP ( 'NONE', ( #2615 ) ) ;
#2865 = EDGE_CURVE ( 'E1152', #2618, #1087, #2695, .T. ) ;
#2866 = ORIENTED_EDGE ( 'NONE', *, *, #1242, .T. ) ;
#2867 = CARTESIAN_POINT ( 'NONE',  ( 15.00000000000000000, 0.0000000000000000000, 2.204291436880279900E-015 ) ) ;
#2868 = EDGE_LOOP ( 'NONE', ( #2664 ) ) ;
#2869 = VECTOR ( 'NONE', #1969, 1000.000000000000000 ) ;
#2870 = ORIENTED_EDGE ( 'NONE', *, *, #2735, .F. ) ;
#2871 = ORIENTED_EDGE ( 'NONE', *, *, #1050, .T. ) ;
#2872 = CIRCLE ( 'NONE', #1306, 50.00000000000000000 ) ;
#2873 = EDGE_CURVE ( 'E1159', #999, #2618, #2669, .T. ) ;
#2874 = DIRECTION ( 'NONE',  ( -6.938893903907228400E-017, 0.0000000000000000000, 1.000000000000000000 ) ) ;
#2875 = EDGE_LOOP ( 'NONE', ( #2855 ) ) ;
#2876 = VECTOR ( 'NONE', #1956, 1000.000000000000100 ) ;
#2877 = CARTESIAN_POINT ( 'NONE',  ( -7.000000000000000000, 0.0000000000000000000, 15.50000000000000000 ) ) ;
#2878 = ORIENTED_EDGE ( 'NONE', *, *, #421, .F. ) ;
#2879 = LINE ( 'NONE', #1916, #2853 ) ;
#2880 = CARTESIAN_POINT ( 'NONE',  ( 21.04529946162074700, -14.98205080756886100, -21.94967320028759900 ) ) ;
#2881 = ORIENTED_EDGE ( 'NONE', *, *, #906, .F. ) ;
#2882 = VECTOR ( 'NONE', #2127, 1000.000000000000000 ) ;
#2883 = LINE ( 'NONE', #1960, #2869 ) ;
#2884 = DIRECTION ( 'NONE',  ( 0.0000000000000000000, 0.0000000000000000000, -1.000000000000000000 ) ) ;
#2885 = ORIENTED_EDGE ( 'NONE', *, *, #1346, .F. ) ;
#2886 = LINE ( 'NONE', #2009, #2927 ) ;
#2887 = ORIENTED_EDGE ( 'NONE', *, *, #490, .T. ) ;
#2888 = DIRECTION ( 'NONE',  ( 1.000000000000000000, 0.0000000000000000000, 0.0000000000000000000 ) ) ;
#2889 = CARTESIAN_POINT ( 'NONE',  ( -21.00000000000000000, 23.95833333333335000, -43.88619673529355200 ) ) ;
#2890 = LINE ( 'NONE', #1963, #2876 ) ;
#2891 = EDGE_CURVE ( 'E1166', #1862, #999, #2665, .T. ) ;
#2892 = VERTEX_POINT ( 'NONE', #499 ) ;
#2893 = PLANE ( 'NONE',  #1431 ) ;
#2894 = CIRCLE ( 'NONE', #1325, 4.000000000000001800 ) ;
#2895 = EDGE_LOOP ( 'NONE', ( #2661 ) ) ;
#2896 = CIRCLE ( 'NONE', #1315, 3.958750000000000700 ) ;
#2897 = EDGE_CURVE ( 'E1173', #1585, #1862, #2688, .T. ) ;
#2898 = EDGE_LOOP ( 'NONE', ( #2692 ) ) ;
#2899 = CARTESIAN_POINT ( 'NONE',  ( 23.24252188029380400, -13.16304687970929300, -15.05778709716032700 ) ) ;
#2900 = CARTESIAN_POINT ( 'NONE',  ( 21.93502316333941600, -6.333857355994946500, -18.97056274847714600 ) ) ;
#2901 = DIRECTION ( 'NONE',  ( -1.000000000000000000, 0.0000000000000000000, 0.0000000000000000000 ) ) ;
#2902 = CIRCLE ( 'NONE', #1333, 4.000000000000001800 ) ;
#2903 = DIRECTION ( 'NONE',  ( 0.0000000000000000000, 0.0000000000000000000, -1.000000000000000000 ) ) ;
#2904 = DIRECTION ( 'NONE',  ( 0.5000000000000001100, -0.7500000000000001100, 0.4330127018922190800 ) ) ;
#2905 = CARTESIAN_POINT ( 'NONE',  ( -8.400000000000000400, 85.84399847396359500, 0.0000000000000000000 ) ) ;
#2906 = EDGE_LOOP ( 'NONE', ( #2142 ) ) ;
#2907 = ORIENTED_EDGE ( 'NONE', *, *, #1214, .F. ) ;
#2908 = CARTESIAN_POINT ( 'NONE',  ( 22.20000000000000300, -6.333857355994949100, -18.97056274847715000 ) ) ;
#2909 = EDGE_LOOP ( 'NONE', ( #2932 ) ) ;
#2910 = CIRCLE ( 'NONE', #1337, 3.958750000000000200 ) ;
#2911 = ORIENTED_EDGE ( 'NONE', *, *, #1019, .F. ) ;
#2912 = LINE ( 'NONE', #1992, #2882 ) ;
#2913 = CARTESIAN_POINT ( 'NONE',  ( -14.00000000000000000, 0.0000000000000000000, -15.50000000000000000 ) ) ;
#2914 = EDGE_CURVE ( 'E1186', #1288, #2892, #2657, .T. ) ;
#2915 = CARTESIAN_POINT ( 'NONE',  ( -22.00000000000000000, 72.00000000000000000, 0.0000000000000000000 ) ) ;
#2916 = DIRECTION ( 'NONE',  ( -1.000000000000000000, 0.0000000000000000000, -6.123031769111888800E-017 ) ) ;
#2917 = ORIENTED_EDGE ( 'NONE', *, *, #1965, .T. ) ;
#2918 = VECTOR ( 'NONE', #2298, 1000.000000000000000 ) ;
#2919 = CARTESIAN_POINT ( 'NONE',  ( 21.04529946162074700, -14.98205080756886100, -21.94967320028759900 ) ) ;
#2920 = CIRCLE ( 'NONE', #1348, 44.00000000000000000 ) ;
#2921 = EDGE_LOOP ( 'NONE', ( #2830 ) ) ;
#2922 = CARTESIAN_POINT ( 'NONE',  ( 15.00000000000000000, -23.95833333333335000, 43.88619673529355200 ) ) ;
#2923 = DIRECTION ( 'NONE',  ( 1.000000000000000000, 0.0000000000000000000, 0.0000000000000000000 ) ) ;
#2924 = CARTESIAN_POINT ( 'NONE',  ( 0.0000000000000000000, 0.0000000000000000000, 0.0000000000000000000 ) ) ;
#2925 = VERTEX_POINT ( 'NONE', #474 ) ;
#2926 = CIRCLE ( 'NONE', #1354, 48.72967321974699900 ) ;
#2927 = VECTOR ( 'NONE', #1973, 1000.000000000000100 ) ;
#2928 = CARTESIAN_POINT ( 'NONE',  ( -8.370801332474105300, 47.20911584602257700, -15.50000000000000200 ) ) ;
#2929 = PLANE ( 'NONE',  #1447 ) ;
#2930 = ORIENTED_EDGE ( 'NONE', *, *, #1346, .T. ) ;
#2931 = CARTESIAN_POINT ( 'NONE',  ( 23.49183360720326200, -13.10478283295252300, -15.10877522052328300 ) ) ;
#2932 = ORIENTED_EDGE ( 'NONE', *, *, #421, .T. ) ;
#2933 = DIRECTION ( 'NONE',  ( 0.0000000000000000000, 0.0000000000000000000, -1.000000000000000000 ) ) ;
#2934 = DIRECTION ( 'NONE',  ( 1.000000000000000000, 0.0000000000000000000, 0.0000000000000000000 ) ) ;
#2935 = CARTESIAN_POINT ( 'NONE',  ( 24.50940107675850000, 24.87500000000000000, 3.314998067369949900E-016 ) ) ;
#2936 = VERTEX_POINT ( 'NONE', #452 ) ;
#2937 = EDGE_LOOP ( 'NONE', ( #2724 ) ) ;
#2938 = CARTESIAN_POINT ( 'NONE',  ( -8.400000000000000400, 72.00000000000000000, 0.0000000000000000000 ) ) ;
#2939 = ORIENTED_EDGE ( 'NONE', *, *, #1468, .T. ) ;
#2940 = CIRCLE ( 'NONE', #1365, 37.65227969689055200 ) ;
#2941 = ORIENTED_EDGE ( 'NONE', *, *, #1029, .F. ) ;
#2942 = PLANE ( 'NONE',  #1932 ) ;
#2943 = CARTESIAN_POINT ( 'NONE',  ( 7.013629577423129600, 34.44594369109490400, 34.57752160002215200 ) ) ;
#2944 = ORIENTED_EDGE ( 'NONE', *, *, #2914, .F. ) ;
#2945 = DIRECTION ( 'NONE',  ( -1.000000000000000000, 0.0000000000000000000, 0.0000000000000000000 ) ) ;
#2946 = CIRCLE ( 'NONE', #1356, 15.50000000000000000 ) ;
#2947 = EDGE_CURVE ( 'E1191', #1629, #2892, #2645, .T. ) ;
#2948 = CARTESIAN_POINT ( 'NONE',  ( -8.400000000000000400, 23.95833333333335000, -43.88619673529355200 ) ) ;
#2949 = EDGE_LOOP ( 'NONE', ( #2726 ) ) ;
#2950 = VECTOR ( 'NONE', #2412, 1000.000000000000100 ) ;
#2951 = CIRCLE ( 'NONE', #1371, 26.50000000000000000 ) ;
#2952 = VECTOR ( 'NONE', #2419, 1000.000000000000000 ) ;
#2953 = DIRECTION ( 'NONE',  ( 0.0000000000000000000, 1.000000000000000000, 0.0000000000000000000 ) ) ;
#2954 = LINE ( 'NONE', #2309, #2918 ) ;
#2955 = CARTESIAN_POINT ( 'NONE',  ( 25.91691425277744900, 26.45874999999999800, -1.478021798722890100 ) ) ;
#2956 = ORIENTED_EDGE ( 'NONE', *, *, #2144, .T. ) ;
#2957 = DIRECTION ( 'NONE',  ( 0.0000000000000000000, 0.8660254037844387100, -0.4999999999999998900 ) ) ;
#2958 = CIRCLE ( 'NONE', #1372, 15.50000000000000000 ) ;
#2959 = CARTESIAN_POINT ( 'NONE',  ( 23.97523451030566800, -12.94986298492251300, -15.24176730024703200 ) ) ;
#2960 = EDGE_LOOP ( 'NONE', ( #2722 ) ) ;
#2961 = FACE_BOUND ( 'NONE', #42, .T. ) ;
#2962 = LINE ( 'NONE', #2543, #2952 ) ;
#2963 = LINE ( 'NONE', #2555, #2950 ) ;
#2964 = EDGE_LOOP ( 'NONE', ( #1309, #1454, #1170, #1143 ) ) ;
#2965 = DIRECTION ( 'NONE',  ( 0.0000000000000000000, 0.0000000000000000000, 1.000000000000000000 ) ) ;
#2966 = CIRCLE ( 'NONE', #1380, 45.00000000000000000 ) ;
#2967 = EDGE_CURVE ( 'E1196', #1629, #1925, #2652, .T. ) ;
#2968 = DIRECTION ( 'NONE',  ( -0.06162841671621931800, -0.7044160264027589100, 0.7071067811865473500 ) ) ;
#2969 = CARTESIAN_POINT ( 'NONE',  ( 18.24125000000000100, -13.25000000000000000, -22.94967320028764800 ) ) ;
#2970 = B_SPLINE_CURVE_WITH_KNOTS ( 'NONE', 3,
 ( #864, #859, #867, #868, #870, #874, #875, #877, #883, #887, #888, #893, #894, #896, #897, #900, #903, #904, #909, #910, #913, #916, #921, #923, #928, #985, #932, #933, #934, #938, #939, #941, #944, #949, #950, #953, #959, #960, #966, #968, #971, #975, #978, #981, #982, #984, #987, #989, #990, #996, #997, #1000, #1003, #1004, #1006, #1007, #1008, #1010, #1012, #1013, #1016, #1021, #1022, #1024, #1025, #1027 ),
 .UNSPECIFIED., .T., .F.,
 ( 4, 2, 2, 2, 2, 2, 2, 2, 2, 2, 2, 2, 2, 2, 2, 2, 2, 2, 2, 2, 2, 2, 2, 2, 2, 2, 2, 2, 2, 2, 2, 2, 4 ),
 ( 0.0000000000000000000, 0.0007834887128544031600, 0.001566977425708806300, 0.002350466138563209400, 0.003133954851417612600, 0.003917443564272015900, 0.004700932277126418700, 0.005484420989980822400, 0.006267909702835225200, 0.007051398415689628100, 0.007834887128544031800, 0.008618375841398434600, 0.009401864554252837400, 0.01018535326710724000, 0.01096884197996164500, 0.01175233069281604800, 0.01253581940567045000, 0.01331930811852485300, 0.01410279683137925600, 0.01488628554423366100, 0.01566977425708806400, 0.01645326296994246600, 0.01723675168279686900, 0.01802024039565127200, 0.01880372910850567500, 0.01958721782136007800, 0.02037070653421448100, 0.02115419524706888700, 0.02193768395992329000, 0.02272117267277769200, 0.02350466138563209500, 0.02428815009848649800, 0.02507163881134090100 ),
 .UNSPECIFIED. ) ;
#2971 = EDGE_LOOP ( 'NONE', ( #2701 ) ) ;
#2972 = EDGE_LOOP ( 'NONE', ( #2000, #773 ) ) ;
#2973 = CIRCLE ( 'NONE', #1441, 33.92462120245874500 ) ;
#2974 = CARTESIAN_POINT ( 'NONE',  ( 24.20938826451445200, -12.85250900826118000, -15.32431330264415000 ) ) ;
#2975 = EDGE_LOOP ( 'NONE', ( #2878 ) ) ;
#2976 = LINE ( 'NONE', #2752, #2978 ) ;
#2977 = EDGE_LOOP ( 'NONE', ( #2750 ) ) ;
#2978 = VECTOR ( 'NONE', #2776, 1000.000000000000100 ) ;
#2979 = VERTEX_POINT ( 'NONE', #433 ) ;
#2980 = VECTOR ( 'NONE', #2842, 1000.000000000000000 ) ;
#2981 = CARTESIAN_POINT ( 'NONE',  ( 25.91691425277744900, -14.50937942504120000, -22.17493875302010100 ) ) ;
#2982 = DIRECTION ( 'NONE',  ( 0.06162841671621927000, 0.7044160264027586900, 0.7071067811865476800 ) ) ;
#2983 = PLANE ( 'NONE',  #1482 ) ;
#2984 = DIRECTION ( 'NONE',  ( 0.0000000000000000000, 0.0000000000000000000, 1.000000000000000000 ) ) ;
#2985 = VECTOR ( 'NONE', #2817, 1000.000000000000000 ) ;
#2986 = CARTESIAN_POINT ( 'NONE',  ( -19.00000000000000000, 0.0000000000000000000, 0.0000000000000000000 ) ) ;
#2987 = VECTOR ( 'NONE', #2916, 1000.000000000000000 ) ;
#2988 = EDGE_LOOP ( 'NONE', ( #1950 ) ) ;
#2989 = ORIENTED_EDGE ( 'NONE', *, *, #2439, .T. ) ;
#2990 = CYLINDRICAL_SURFACE ( 'NONE', #1452, 3.000000000000000000 ) ;
#2991 = FACE_OUTER_BOUND ( 'NONE', #2490, .T. ) ;
#2992 = CARTESIAN_POINT ( 'NONE',  ( -7.368846098969260800, 46.22053941548855200, -15.50000000000000200 ) ) ;
#2993 = ORIENTED_EDGE ( 'NONE', *, *, #2160, .T. ) ;
#2994 = LINE ( 'NONE', #2810, #2985 ) ;
#2995 = DIRECTION ( 'NONE',  ( 0.0000000000000000000, -0.4999999999999998900, -0.8660254037844387100 ) ) ;
#2996 = CYLINDRICAL_SURFACE ( 'NONE', #1399, 50.00000000000000000 ) ;
#2997 = ORIENTED_EDGE ( 'NONE', *, *, #81, .F. ) ;
#2998 = DIRECTION ( 'NONE',  ( 1.000000000000000000, 0.0000000000000000000, 0.0000000000000000000 ) ) ;
#2999 = CARTESIAN_POINT ( 'NONE',  ( -7.205943304866109700, 46.21153460015659700, -15.50000000000000000 ) ) ;
#3000 = LINE ( 'NONE', #2877, #2980 ) ;
#3001 = CARTESIAN_POINT ( 'NONE',  ( 15.00000000000000000, 79.42708333333341400, 13.60472098794100000 ) ) ;
#3002 = EDGE_CURVE ( 'E1210', #1629, #2892, #2811, .T. ) ;
#3003 = VERTEX_POINT ( 'NONE', #407 ) ;
#3004 = EDGE_LOOP ( 'NONE', ( #2736 ) ) ;
#3005 = CARTESIAN_POINT ( 'NONE',  ( -7.957621049768767400, 46.51371940355271300, -15.50000000000000000 ) ) ;
ENDSEC;
END-ISO-10303-21;
