ISO-10303-21;
HEADER;
FILE_DESCRIPTION (( 'STEP AP203' ),
    '1' );
FILE_NAME ('UCFL-210.STEP',
    '2019-03-08T12:12:30',
    ( '' ),
    ( '' ),
    'SwSTEP 2.0',
    'SolidWorks 2017',
    '' );
FILE_SCHEMA (( 'CONFIG_CONTROL_DESIGN' ));
ENDSEC;

DATA;
#1 = ORIENTED_EDGE ( 'NONE', *, *, #1257, .T. ) ;
#2 = DIRECTION ( 'NONE',  ( 0.8660254037844387100, -0.4330127018922192400, 0.2500000000000001100 ) ) ;
#3 = EDGE_LOOP ( 'NONE', ( #2159 ) ) ;
#4 = DIRECTION ( 'NONE',  ( -1.000000000000000000, 0.0000000000000000000, -6.123031769111888800E-017 ) ) ;
#5 = CARTESIAN_POINT ( 'NONE',  ( 20.26980978591799200, 30.60769062074066900, 4.245801637046484200 ) ) ;
#6 = EDGE_LOOP ( 'NONE', ( #40, #28, #25, #21 ) ) ;
#7 = DIRECTION ( 'NONE',  ( 1.000000000000000000, 0.0000000000000000000, 0.0000000000000000000 ) ) ;
#8 = ORIENTED_EDGE ( 'NONE', *, *, #2110, .T. ) ;
#9 = B_SPLINE_CURVE_WITH_KNOTS ( 'NONE', 3,
 ( #627, #631, #620, #615, #612, #610, #609, #606, #603, #599, #596, #591, #585, #579, #565, #558, #554, #553, #551, #547, #544, #540, #528, #521, #517, #514, #512, #507, #501, #500, #494, #487, #479, #476, #472, #471, #467, #457, #455, #453, #448, #444, #442, #435, #431, #426, #422, #413, #412, #409, #408, #405, #404, #402, #396, #395, #392, #386, #385, #382, #378, #376, #374, #371 ),
 .UNSPECIFIED., .T., .F.,
 ( 4, 2, 2, 2, 2, 2, 2, 2, 2, 2, 2, 2, 2, 2, 2, 2, 2, 2, 2, 2, 2, 2, 2, 2, 2, 2, 2, 2, 2, 2, 2, 4 ),
 ( 0.0000000000000000000, 0.0005862525221891438100, 0.001172505044378287600, 0.001758757566567431800, 0.002345010088756575200, 0.002931262610945718900, 0.003517515133134863500, 0.004103767655324007200, 0.004690020177513150500, 0.005276272699702295500, 0.005862525221891437900, 0.006448777744080582900, 0.007035030266269727000, 0.007621282788458870300, 0.008207535310648014400, 0.008793787832837157700, 0.009380040355026301000, 0.009966292877215446000, 0.01055254539940459100, 0.01113879792159373300, 0.01172505044378287600, 0.01231130296597202100, 0.01289755548816116600, 0.01348380801035030900, 0.01407006053253945400, 0.01465631305472859600, 0.01524256557691774100, 0.01582881809910688400, 0.01641507062129602900, 0.01700132314348517400, 0.01758757566567431500, 0.01876008071005261600 ),
 .UNSPECIFIED. ) ;
#10 = DIRECTION ( 'NONE',  ( 1.000000000000000000, 0.0000000000000000000, 0.0000000000000000000 ) ) ;
#11 = DIRECTION ( 'NONE',  ( 0.0000000000000000000, -0.4999999999999998900, -0.8660254037844387100 ) ) ;
#12 = ORIENTED_EDGE ( 'NONE', *, *, #1087, .T. ) ;
#13 = ORIENTED_EDGE ( 'NONE', *, *, #1443, .T. ) ;
#14 = B_SPLINE_CURVE_WITH_KNOTS ( 'NONE', 3,
 ( #123, #114, #126, #135, #129, #127, #134, #1641, #1523, #1583 ),
 .UNSPECIFIED., .F., .F.,
 ( 4, 2, 2, 2, 4 ),
 ( 0.008603044494832510700, 0.009165468272601786200, 0.009727892050371063400, 0.01029031582814033900, 0.01085273960590961400 ),
 .UNSPECIFIED. ) ;
#15 = DIRECTION ( 'NONE',  ( 1.000000000000000000, 0.0000000000000000000, 0.0000000000000000000 ) ) ;
#16 = DIRECTION ( 'NONE',  ( 1.000000000000000000, 0.0000000000000000000, 0.0000000000000000000 ) ) ;
#17 = ORIENTED_EDGE ( 'NONE', *, *, #1113, .F. ) ;
#18 = CARTESIAN_POINT ( 'NONE',  ( -90.00000000000000000, 0.0000000000000000000, 0.0000000000000000000 ) ) ;
#19 = ORIENTED_EDGE ( 'NONE', *, *, #177, .F. ) ;
#20 = ORIENTED_EDGE ( 'NONE', *, *, #2298, .T. ) ;
#21 = ORIENTED_EDGE ( 'NONE', *, *, #1225, .F. ) ;
#22 = CARTESIAN_POINT ( 'NONE',  ( 21.20565650742536300, 30.53282307168324300, 4.752132133986415300 ) ) ;
#23 = CARTESIAN_POINT ( 'NONE',  ( 0.0000000000000000000, 0.0000000000000000000, 0.0000000000000000000 ) ) ;
#24 = DIRECTION ( 'NONE',  ( 0.0000000000000000000, -1.000000000000000000, 0.0000000000000000000 ) ) ;
#25 = ORIENTED_EDGE ( 'NONE', *, *, #1819, .T. ) ;
#26 = DIRECTION ( 'NONE',  ( 1.000000000000000000, 0.0000000000000000000, 0.0000000000000000000 ) ) ;
#27 = CARTESIAN_POINT ( 'NONE',  ( 20.57076026292449800, 30.58079453652404900, 4.432950491543878400 ) ) ;
#28 = ORIENTED_EDGE ( 'NONE', *, *, #2350, .T. ) ;
#29 = DIRECTION ( 'NONE',  ( 0.0000000000000000000, -1.000000000000000000, 0.0000000000000000000 ) ) ;
#30 = CARTESIAN_POINT ( 'NONE',  ( 6.500000000000000000, 0.0000000000000000000, 0.0000000000000000000 ) ) ;
#31 = ORIENTED_EDGE ( 'NONE', *, *, #2371, .T. ) ;
#32 = VERTEX_POINT ( 'NONE', #685 ) ;
#33 = DIRECTION ( 'NONE',  ( 0.0000000000000000000, 0.0000000000000000000, 1.000000000000000000 ) ) ;
#34 = CARTESIAN_POINT ( 'NONE',  ( 18.96736983883816000, 30.75154248104117400, 3.037075292810943200 ) ) ;
#35 = DIRECTION ( 'NONE',  ( 0.0000000000000000000, -0.8660254037844387100, 0.4999999999999998900 ) ) ;
#36 = EDGE_CURVE ( 'E382', #150, #2192, #2843, .T. ) ;
#37 = CARTESIAN_POINT ( 'NONE',  ( -19.00000000000000000, 0.0000000000000000000, 0.0000000000000000000 ) ) ;
#38 = EDGE_LOOP ( 'NONE', ( #2655, #2639, #2579, #2570 ) ) ;
#39 = CARTESIAN_POINT ( 'NONE',  ( -11.25000000000000000, 0.0000000000000000000, -1.377682148050173800E-015 ) ) ;
#40 = ORIENTED_EDGE ( 'NONE', *, *, #1532, .F. ) ;
#41 = DIRECTION ( 'NONE',  ( 0.0000000000000000000, 0.0000000000000000000, 1.000000000000000000 ) ) ;
#42 = CARTESIAN_POINT ( 'NONE',  ( 19.84429136571032300, 30.65034850128855100, 3.921482617402449700 ) ) ;
#43 = DIRECTION ( 'NONE',  ( -1.000000000000000000, 0.0000000000000000000, 0.0000000000000000000 ) ) ;
#44 = ORIENTED_EDGE ( 'NONE', *, *, #1028, .T. ) ;
#45 = CARTESIAN_POINT ( 'NONE',  ( 25.04337567297405100, 29.42500000000000100, -2.500000000000000000 ) ) ;
#46 = ORIENTED_EDGE ( 'NONE', *, *, #1819, .F. ) ;
#47 = EDGE_CURVE ( 'E1153', #221, #1638, #2896, .T. ) ;
#48 = DIRECTION ( 'NONE',  ( -1.000000000000000000, 0.0000000000000000000, 0.0000000000000000000 ) ) ;
#49 = DIRECTION ( 'NONE',  ( 0.0000000000000000000, 0.0000000000000000000, -1.000000000000000000 ) ) ;
#50 = CARTESIAN_POINT ( 'NONE',  ( 18.75948102179614100, 30.77897824272091400, 2.749892958997829600 ) ) ;
#51 = ORIENTED_EDGE ( 'NONE', *, *, #2383, .T. ) ;
#52 = VERTEX_POINT ( 'NONE', #749 ) ;
#53 = CARTESIAN_POINT ( 'NONE',  ( 19.44391570835082600, 30.69423754284440500, 3.562131427217206000 ) ) ;
#54 = EDGE_LOOP ( 'NONE', ( #102, #82, #72, #64 ) ) ;
#55 = B_SPLINE_CURVE_WITH_KNOTS ( 'NONE', 3,
 ( #641, #634, #658, #630, #665, #668, #676, #650, #682, #684, #677, #705 ),
 .UNSPECIFIED., .F., .F.,
 ( 4, 2, 2, 2, 2, 4 ),
 ( 0.005510008881670431400, 0.005791743899136407900, 0.006073478916602383600, 0.006636948951534335900, 0.007200418986466289000, 0.007763889021398241200 ),
 .UNSPECIFIED. ) ;
#56 = ORIENTED_EDGE ( 'NONE', *, *, #1628, .T. ) ;
#57 = DIRECTION ( 'NONE',  ( 1.000000000000000000, 0.0000000000000000000, 0.0000000000000000000 ) ) ;
#58 = CARTESIAN_POINT ( 'NONE',  ( 18.20371037447130300, 30.85748363829237600, 1.629233146570704600 ) ) ;
#59 = CARTESIAN_POINT ( 'NONE',  ( 18.09647367823523100, 30.87349209993539700, 1.290806991224482200 ) ) ;
#60 = CARTESIAN_POINT ( 'NONE',  ( -6.235363776989840000, -52.37313117759679700, -20.00000000000000000 ) ) ;
#61 = EDGE_LOOP ( 'NONE', ( #306 ) ) ;
#62 = CARTESIAN_POINT ( 'NONE',  ( -90.00000000000000000, 0.0000000000000000000, 0.0000000000000000000 ) ) ;
#63 = ORIENTED_EDGE ( 'NONE', *, *, #1305, .T. ) ;
#64 = ORIENTED_EDGE ( 'NONE', *, *, #1628, .F. ) ;
#65 = CARTESIAN_POINT ( 'NONE',  ( 19.31967579295819000, 30.70876933523151900, 3.435008550195256700 ) ) ;
#66 = ORIENTED_EDGE ( 'NONE', *, *, #36, .F. ) ;
#67 = EDGE_CURVE ( 'NONE', #831, #831, #2823, .T. ) ;
#68 = ORIENTED_EDGE ( 'NONE', *, *, #1808, .T. ) ;
#69 = DIRECTION ( 'NONE',  ( 1.000000000000000000, 0.0000000000000000000, 0.0000000000000000000 ) ) ;
#70 = CARTESIAN_POINT ( 'NONE',  ( 19.70606991169636800, 30.66503740434240700, 3.805322539760312300 ) ) ;
#71 = EDGE_LOOP ( 'NONE', ( #249 ) ) ;
#72 = ORIENTED_EDGE ( 'NONE', *, *, #652, .T. ) ;
#73 = DIRECTION ( 'NONE',  ( -1.000000000000000000, 0.0000000000000000000, 0.0000000000000000000 ) ) ;
#74 = EDGE_LOOP ( 'NONE', ( #1880, #1950, #2440, #2527 ) ) ;
#75 = ORIENTED_EDGE ( 'NONE', *, *, #1843, .T. ) ;
#76 = CARTESIAN_POINT ( 'NONE',  ( 18.49163009108305600, 30.81592782173087700, 2.283187623440424500 ) ) ;
#77 = CARTESIAN_POINT ( 'NONE',  ( -14.00000000000000000, 78.50000000000000000, -20.00000000000000000 ) ) ;
#78 = CARTESIAN_POINT ( 'NONE',  ( 6.500000000000000000, 0.0000000000000000000, 0.0000000000000000000 ) ) ;
#79 = CARTESIAN_POINT ( 'NONE',  ( 18.41011586554769900, 30.82748983699854200, 2.121939266728557700 ) ) ;
#80 = CARTESIAN_POINT ( 'NONE',  ( 18.26645248671626100, 30.84822695168152900, 1.795452544480573800 ) ) ;
#81 = CARTESIAN_POINT ( 'NONE',  ( 27.57305098526468300, 30.67305700352613200, 3.746898445666119400 ) ) ;
#82 = ORIENTED_EDGE ( 'NONE', *, *, #1379, .T. ) ;
#83 = CARTESIAN_POINT ( 'NONE',  ( -19.00000000000000000, 0.0000000000000000000, 0.0000000000000000000 ) ) ;
#84 = CARTESIAN_POINT ( 'NONE',  ( 18.11682662272762200, 30.87044259462161500, -1.362420310974570500 ) ) ;
#85 = EDGE_LOOP ( 'NONE', ( #303 ) ) ;
#86 = DIRECTION ( 'NONE',  ( 0.0000000000000000000, 1.000000000000000000, 0.0000000000000000000 ) ) ;
#87 = EDGE_LOOP ( 'NONE', ( #1432, #1428, #1417, #1412 ) ) ;
#88 = DIRECTION ( 'NONE',  ( 1.000000000000000000, 0.0000000000000000000, 0.0000000000000000000 ) ) ;
#89 = CARTESIAN_POINT ( 'NONE',  ( 29.22822142760388800, 30.89250998489231000, -0.7678143568882637200 ) ) ;
#90 = CARTESIAN_POINT ( 'NONE',  ( 27.30005841289773700, 30.64368223001591600, 3.977102376023559300 ) ) ;
#91 = ORIENTED_EDGE ( 'NONE', *, *, #1975, .T. ) ;
#92 = EDGE_LOOP ( 'NONE', ( #2562, #2557, #2545, #2499 ) ) ;
#93 = ORIENTED_EDGE ( 'NONE', *, *, #1913, .T. ) ;
#94 = DIRECTION ( 'NONE',  ( -1.000000000000000000, 0.0000000000000000000, 0.0000000000000000000 ) ) ;
#95 = EDGE_CURVE ( 'E1164', #2049, #962, #2793, .T. ) ;
#96 = CARTESIAN_POINT ( 'NONE',  ( 18.05197742201493200, 30.88024440827495100, 1.118600796841023200 ) ) ;
#97 = CARTESIAN_POINT ( 'NONE',  ( 17.98187785694714300, 30.89095287700041900, 0.7679796927190684100 ) ) ;
#98 = DIRECTION ( 'NONE',  ( 1.000000000000000000, 0.0000000000000000000, 0.0000000000000000000 ) ) ;
#99 = CARTESIAN_POINT ( 'NONE',  ( 17.95621925575758500, 30.89491749214696600, 0.5883168455727939600 ) ) ;
#100 = EDGE_LOOP ( 'NONE', ( #2181, #604 ) ) ;
#101 = CARTESIAN_POINT ( 'NONE',  ( 17.91024729217677300, 30.90203129526432200, 0.05134253520732987700 ) ) ;
#102 = ORIENTED_EDGE ( 'NONE', *, *, #2341, .F. ) ;
#103 = CARTESIAN_POINT ( 'NONE',  ( 17.91979259849280800, 30.90052868152550800, -0.3047578167503123800 ) ) ;
#104 = CARTESIAN_POINT ( 'NONE',  ( -19.00000000000000000, 0.0000000000000000000, 0.0000000000000000000 ) ) ;
#105 = CARTESIAN_POINT ( 'NONE',  ( 18.02818870203434200, 30.88385440401333100, -1.013879797259089600 ) ) ;
#106 = EDGE_LOOP ( 'NONE', ( #293, #289, #286, #283, #280, #272, #271, #267 ) ) ;
#107 = CARTESIAN_POINT ( 'NONE',  ( -7.599999999999999600, -78.50000000000000000, 0.0000000000000000000 ) ) ;
#108 = DIRECTION ( 'NONE',  ( 0.0000000000000000000, 0.0000000000000000000, 1.000000000000000000 ) ) ;
#109 = CARTESIAN_POINT ( 'NONE',  ( -6.500000000000000000, 0.0000000000000000000, 0.0000000000000000000 ) ) ;
#110 = EDGE_CURVE ( 'E16', #485, #1423, #2798, .T. ) ;
#111 = DIRECTION ( 'NONE',  ( 0.0000000000000000000, -1.000000000000000000, 0.0000000000000000000 ) ) ;
#112 = EDGE_LOOP ( 'NONE', ( #795 ) ) ;
#113 = ORIENTED_EDGE ( 'NONE', *, *, #1602, .T. ) ;
#114 = CARTESIAN_POINT ( 'NONE',  ( -6.425230564849990800, 52.38378252629603100, -19.99999999999999600 ) ) ;
#115 = EDGE_LOOP ( 'NONE', ( #243, #235, #228, #215 ) ) ;
#116 = VERTEX_POINT ( 'NONE', #783 ) ;
#117 = CARTESIAN_POINT ( 'NONE',  ( -14.00000000000000000, -78.50000000000000000, 20.00000000000000000 ) ) ;
#118 = DIRECTION ( 'NONE',  ( -1.000000000000000000, 0.0000000000000000000, 0.0000000000000000000 ) ) ;
#119 = EDGE_CURVE ( 'E1169', #52, #2049, #2787, .T. ) ;
#120 = B_SPLINE_CURVE_WITH_KNOTS ( 'NONE', 3,
 ( #1207, #1180, #1170, #1169 ),
 .UNSPECIFIED., .F., .F.,
 ( 4, 4 ),
 ( 0.1050285501194466700, 0.1052643801865857200 ),
 .UNSPECIFIED. ) ;
#121 = ORIENTED_EDGE ( 'NONE', *, *, #1185, .F. ) ;
#122 = CARTESIAN_POINT ( 'NONE',  ( 18.17042834648524500, 30.86240626266386800, -1.532909354746558200 ) ) ;
#123 = CARTESIAN_POINT ( 'NONE',  ( -6.235363776989840000, 52.37313117759679700, -20.00000000000000000 ) ) ;
#124 = VERTEX_POINT ( 'NONE', #820 ) ;
#125 = CARTESIAN_POINT ( 'NONE',  ( 18.35790866411463500, 30.83482572309516100, -2.033530986408150100 ) ) ;
#126 = CARTESIAN_POINT ( 'NONE',  ( -6.609507961703811500, 52.43437857847426600, -20.00000000000000400 ) ) ;
#127 = CARTESIAN_POINT ( 'NONE',  ( -7.343198542285181300, 53.01209701452231100, -20.00000000000000000 ) ) ;
#128 = CARTESIAN_POINT ( 'NONE',  ( 18.00000000000000000, -27.46815286624205000, -50.51485502420809600 ) ) ;
#129 = CARTESIAN_POINT ( 'NONE',  ( -7.097005310269962800, 52.72577506294906200, -20.00000000000000000 ) ) ;
#130 = EDGE_LOOP ( 'NONE', ( #339 ) ) ;
#131 = ORIENTED_EDGE ( 'NONE', *, *, #352, .F. ) ;
#132 = CARTESIAN_POINT ( 'NONE',  ( 0.0000000000000000000, 0.0000000000000000000, 0.0000000000000000000 ) ) ;
#133 = EDGE_LOOP ( 'NONE', ( #1128, #988, #2904, #2890, #2871, #2848 ) ) ;
#134 = CARTESIAN_POINT ( 'NONE',  ( -7.438439283957680300, 53.17683289380551100, -20.00000000000000000 ) ) ;
#135 = CARTESIAN_POINT ( 'NONE',  ( -6.947874102873369000, 52.60665139316815000, -20.00000000000000000 ) ) ;
#136 = CARTESIAN_POINT ( 'NONE',  ( 29.15862794416536400, 30.88172034651266900, -1.116179265134553700 ) ) ;
#137 = CARTESIAN_POINT ( 'NONE',  ( 28.06953648470698000, 30.73098331742537300, 3.237643934687991700 ) ) ;
#138 = CARTESIAN_POINT ( 'NONE',  ( 28.29569450325930200, 30.75989321491142500, 2.954643461084499400 ) ) ;
#139 = CARTESIAN_POINT ( 'NONE',  ( 28.68092799461526000, 30.81170159821476100, 2.353719014124977500 ) ) ;
#140 = CARTESIAN_POINT ( 'NONE',  ( 18.51958470795283100, 30.81162239582149500, -2.354993888986277400 ) ) ;
#141 = VERTEX_POINT ( 'NONE', #818 ) ;
#142 = CARTESIAN_POINT ( 'NONE',  ( 18.90779672967321200, 30.75943405164193900, -2.959609383439326900 ) ) ;
#143 = CARTESIAN_POINT ( 'NONE',  ( 9.362369380516041100, 38.43205788050150300, 38.57886209806154900 ) ) ;
#144 = CARTESIAN_POINT ( 'NONE',  ( 19.38290201268035400, 30.70153087074935900, -3.496570085141915900 ) ) ;
#145 = ORIENTED_EDGE ( 'NONE', *, *, #1305, .F. ) ;
#146 = CARTESIAN_POINT ( 'NONE',  ( -7.599999999999999600, -53.90964663211959600, -20.00000000000000000 ) ) ;
#147 = EDGE_LOOP ( 'NONE', ( #1608, #1502, #1482, #1448 ) ) ;
#148 = DIRECTION ( 'NONE',  ( -1.000000000000000000, 0.0000000000000000000, 0.0000000000000000000 ) ) ;
#149 = EDGE_CURVE ( 'E124', #238, #2884, #2790, .T. ) ;
#150 = VERTEX_POINT ( 'NONE', #829 ) ;
#151 = VERTEX_POINT ( 'NONE', #760 ) ;
#152 = DESIGN_CONTEXT ( 'detailed design', #206, 'design' ) ;
#153 = ORIENTED_EDGE ( 'NONE', *, *, #1257, .F. ) ;
#154 = ORIENTED_EDGE ( 'NONE', *, *, #466, .F. ) ;
#155 = EDGE_LOOP ( 'NONE', ( #1476 ) ) ;
#156 = ORIENTED_EDGE ( 'NONE', *, *, #1555, .T. ) ;
#157 = ORIENTED_EDGE ( 'NONE', *, *, #1297, .F. ) ;
#158 = CARTESIAN_POINT ( 'NONE',  ( -19.00000000000000000, 0.0000000000000000000, 0.0000000000000000000 ) ) ;
#159 = CARTESIAN_POINT ( 'NONE',  ( -7.567491258652322200, -53.53300521456706900, -20.00000000000000000 ) ) ;
#160 = ORIENTED_EDGE ( 'NONE', *, *, #1868, .F. ) ;
#161 = ORIENTED_EDGE ( 'NONE', *, *, #1179, .T. ) ;
#162 = CARTESIAN_POINT ( 'NONE',  ( -19.00000000000000000, 0.0000000000000000000, 0.0000000000000000000 ) ) ;
#163 = ORIENTED_EDGE ( 'NONE', *, *, #1764, .T. ) ;
#164 = CARTESIAN_POINT ( 'NONE',  ( -6.606277325160581500, -52.44346556031666000, -20.00000000000000400 ) ) ;
#165 = EDGE_LOOP ( 'NONE', ( #2905, #2899, #2889, #2902 ) ) ;
#166 = EDGE_LOOP ( 'NONE', ( #912 ) ) ;
#167 = APPROVAL_ROLE ( '' ) ;
#168 = VERTEX_POINT ( 'NONE', #838 ) ;
#169 = CARTESIAN_POINT ( 'NONE',  ( -6.424333020849435800, -52.39388300501230600, -20.00000000000000000 ) ) ;
#170 = APPROVAL_STATUS ( 'not_yet_approved' ) ;
#171 = ORIENTED_EDGE ( 'NONE', *, *, #1808, .F. ) ;
#172 = DATE_TIME_ROLE ( 'classification_date' ) ;
#173 = EDGE_LOOP ( 'NONE', ( #1173 ) ) ;
#174 = PERSON_AND_ORGANIZATION_ROLE ( 'classification_officer' ) ;
#175 = ORIENTED_EDGE ( 'NONE', *, *, #1578, .F. ) ;
#176 = SECURITY_CLASSIFICATION_LEVEL ( 'unclassified' ) ;
#177 = EDGE_CURVE ( 'E52', #2360, #350, #2796, .T. ) ;
#178 = PERSON_AND_ORGANIZATION_ROLE ( 'design_supplier' ) ;
#179 = PERSON_AND_ORGANIZATION_ROLE ( 'creator' ) ;
#180 = APPROVAL_ROLE ( '' ) ;
#181 = EDGE_LOOP ( 'NONE', ( #223 ) ) ;
#182 = ORIENTED_EDGE ( 'NONE', *, *, #2265, .F. ) ;
#183 = VERTEX_POINT ( 'NONE', #863 ) ;
#184 = ORIENTED_EDGE ( 'NONE', *, *, #2085, .F. ) ;
#185 = ORIENTED_EDGE ( 'NONE', *, *, #2188, .F. ) ;
#186 = APPROVAL_STATUS ( 'not_yet_approved' ) ;
#187 = ORIENTED_EDGE ( 'NONE', *, *, #149, .T. ) ;
#188 = EDGE_LOOP ( 'NONE', ( #1465 ) ) ;
#189 = DATE_TIME_ROLE ( 'creation_date' ) ;
#190 = ORIENTED_EDGE ( 'NONE', *, *, #1616, .F. ) ;
#191 = DIRECTION ( 'NONE',  ( 0.0000000000000000000, 0.0000000000000000000, 1.000000000000000000 ) ) ;
#192 = CARTESIAN_POINT ( 'NONE',  ( -6.329341987107726600, -52.37840326703052800, -19.99999999999999600 ) ) ;
#193 = EDGE_CURVE ( 'E1185', #962, #447, #2777, .T. ) ;
#194 = ORIENTED_EDGE ( 'NONE', *, *, #1913, .F. ) ;
#195 = ORIENTED_EDGE ( 'NONE', *, *, #2577, .T. ) ;
#196 = PERSON_AND_ORGANIZATION_ROLE ( 'creator' ) ;
#197 = CARTESIAN_POINT ( 'NONE',  ( -6.862192989898832500, -52.56297055950568600, -19.99999999999999600 ) ) ;
#198 = ADVANCED_BREP_SHAPE_REPRESENTATION ( 'UCFL-210', ( #2881, #856 ), #885 ) ;
#199 = APPROVAL_ROLE ( '' ) ;
#200 = ORIENTED_EDGE ( 'NONE', *, *, #2110, .F. ) ;
#201 = APPROVAL_STATUS ( 'not_yet_approved' ) ;
#202 = APPLICATION_PROTOCOL_DEFINITION ( 'international standard', 'config_control_design', 1994, #206 ) ;
#203 = DIRECTION ( 'NONE',  ( 0.0000000000000000000, 0.0000000000000000000, 1.000000000000000000 ) ) ;
#204 = EDGE_LOOP ( 'NONE', ( #1629 ) ) ;
#205 = VERTEX_POINT ( 'NONE', #886 ) ;
#206 = APPLICATION_CONTEXT ( 'configuration controlled 3d designs of mechanical parts and assemblies' ) ;
#207 = PERSON_AND_ORGANIZATION_ROLE ( 'design_owner' ) ;
#208 = MECHANICAL_CONTEXT ( 'NONE', #213, 'mechanical' ) ;
#209 = CARTESIAN_POINT ( 'NONE',  ( -6.235363776989840000, -52.37313117759679700, -20.00000000000000000 ) ) ;
#210 = DIRECTION ( 'NONE',  ( 1.000000000000000000, 0.0000000000000000000, 0.0000000000000000000 ) ) ;
#211 = EDGE_CURVE ( 'E1200', #221, #447, #2768, .T. ) ;
#212 = CARTESIAN_POINT ( 'NONE',  ( -7.343181075879295200, -53.01193743513857700, -19.99999999999999600 ) ) ;
#213 = APPLICATION_CONTEXT ( 'configuration controlled 3d designs of mechanical parts and assemblies' ) ;
#214 = VERTEX_POINT ( 'NONE', #867 ) ;
#215 = ORIENTED_EDGE ( 'NONE', *, *, #1727, .F. ) ;
#216 = APPLICATION_PROTOCOL_DEFINITION ( 'international standard', 'config_control_design', 1994, #213 ) ;
#217 = CARTESIAN_POINT ( 'NONE',  ( -7.157853570142875400, -52.79661143041663300, -20.00000000000000000 ) ) ;
#218 = VERTEX_POINT ( 'NONE', #894 ) ;
#219 = CARTESIAN_POINT ( 'NONE',  ( -7.090183434861777400, -52.73153466586659000, -20.00000000000000000 ) ) ;
#220 = CARTESIAN_POINT ( 'NONE',  ( -6.942896929722113700, -52.61495742103061000, -20.00000000000000700 ) ) ;
#221 = VERTEX_POINT ( 'NONE', #915 ) ;
#222 =( NAMED_UNIT ( * ) SI_UNIT ( $, .STERADIAN. ) SOLID_ANGLE_UNIT ( ) );
#223 = ORIENTED_EDGE ( 'NONE', *, *, #1018, .T. ) ;
#224 = CARTESIAN_POINT ( 'NONE',  ( 11.50000000000000000, 0.0000000000000000000, 0.0000000000000000000 ) ) ;
#225 =( NAMED_UNIT ( * ) PLANE_ANGLE_UNIT ( ) SI_UNIT ( $, .RADIAN. ) );
#226 = EDGE_LOOP ( 'NONE', ( #63, #56, #51, #46 ) ) ;
#227 =( LENGTH_UNIT ( ) NAMED_UNIT ( * ) SI_UNIT ( .MILLI., .METRE. ) );
#228 = ORIENTED_EDGE ( 'NONE', *, *, #2350, .F. ) ;
#229 = VERTEX_POINT ( 'NONE', #896 ) ;
#230 = DIRECTION ( 'NONE',  ( 1.000000000000000000, -0.0000000000000000000, -0.0000000000000000000 ) ) ;
#231 = DIRECTION ( 'NONE',  ( 0.0000000000000000000, 0.0000000000000000000, 1.000000000000000000 ) ) ;
#232 = DIRECTION ( 'NONE',  ( 0.0000000000000000000, 0.0000000000000000000, 1.000000000000000000 ) ) ;
#233 = VERTEX_POINT ( 'NONE', #908 ) ;
#234 = CARTESIAN_POINT ( 'NONE',  ( 6.409942161382220500, 39.03832687230975300, 39.19297787253100300 ) ) ;
#235 = ORIENTED_EDGE ( 'NONE', *, *, #1185, .T. ) ;
#236 = CARTESIAN_POINT ( 'NONE',  ( 23.59999999999999800, 30.90000000000000200, -4.323399999999999500 ) ) ;
#237 = CARTESIAN_POINT ( 'NONE',  ( 23.59999999999999800, 25.67660000000000100, 5.000000000000000000 ) ) ;
#238 = VERTEX_POINT ( 'NONE', #920 ) ;
#239 = CARTESIAN_POINT ( 'NONE',  ( 23.59999999999999800, 25.00000000000000000, -4.323399999999999500 ) ) ;
#240 = CARTESIAN_POINT ( 'NONE',  ( -6.156909179115547000, -52.36819023564915900, -20.00000000000000000 ) ) ;
#241 = CARTESIAN_POINT ( 'NONE',  ( 23.59999999999999800, -10.78157298107780600, -28.67423218873860000 ) ) ;
#242 = ORIENTED_EDGE ( 'NONE', *, *, #2235, .T. ) ;
#243 = ORIENTED_EDGE ( 'NONE', *, *, #1265, .F. ) ;
#244 = CARTESIAN_POINT ( 'NONE',  ( 23.59999999999999800, -19.19417423072164300, -24.59848497693915100 ) ) ;
#245 = CARTESIAN_POINT ( 'NONE',  ( -5.924999999999999800, 39.03172798364529700, 0.0000000000000000000 ) ) ;
#246 = CARTESIAN_POINT ( 'NONE',  ( 23.59999999999999800, -8.508172981077805700, -24.73658788281149900 ) ) ;
#247 = VERTEX_POINT ( 'NONE', #906 ) ;
#248 = CARTESIAN_POINT ( 'NONE',  ( -6.906622166049469800, 44.46496696098355300, -0.4065506291684230500 ) ) ;
#249 = ORIENTED_EDGE ( 'NONE', *, *, #2336, .F. ) ;
#250 = EDGE_LOOP ( 'NONE', ( #1162 ) ) ;
#251 = CARTESIAN_POINT ( 'NONE',  ( 23.59999999999999800, -16.24417423072164400, -19.48893509461095200 ) ) ;
#252 = CARTESIAN_POINT ( 'NONE',  ( -11.50000000000000000, 49.50000000000000000, 0.0000000000000000000 ) ) ;
#253 = CARTESIAN_POINT ( 'NONE',  ( -14.00000000000000000, 0.0000000000000000000, -49.50000000000000000 ) ) ;
#254 = CARTESIAN_POINT ( 'NONE',  ( -14.00000000000000000, -51.75000000000000000, 0.0000000000000000000 ) ) ;
#255 = CARTESIAN_POINT ( 'NONE',  ( 9.210840510915037500, 36.70007497558371800, 40.31746089630397700 ) ) ;
#256 = CARTESIAN_POINT ( 'NONE',  ( 11.25000000000000000, 0.0000000000000000000, 30.90000000000000200 ) ) ;
#257 = CARTESIAN_POINT ( 'NONE',  ( 7.359263568919730300, 32.74190816958089600, 29.98013823859129800 ) ) ;
#258 = CARTESIAN_POINT ( 'NONE',  ( 9.210840510915032200, 36.70007497558371800, 41.08290398693839800 ) ) ;
#259 = CARTESIAN_POINT ( 'NONE',  ( 7.074999999999999300, -33.80246798744079900, 19.51586399182264800 ) ) ;
#260 = CARTESIAN_POINT ( 'NONE',  ( -6.000000000000000000, -52.35830808576570000, -20.00000000000000000 ) ) ;
#261 = ORIENTED_EDGE ( 'NONE', *, *, #2913, .F. ) ;
#262 = CARTESIAN_POINT ( 'NONE',  ( 18.00000000000000000, 0.0000000000000000000, 53.27836085035420400 ) ) ;
#263 = CARTESIAN_POINT ( 'NONE',  ( -22.00000000000000000, 78.50000000000000000, -9.500000000000000000 ) ) ;
#264 = CARTESIAN_POINT ( 'NONE',  ( -21.99999999999999600, 0.0000000000000000000, -51.75000000000000000 ) ) ;
#265 = CARTESIAN_POINT ( 'NONE',  ( -6.000000000000000000, -78.50000000000000000, -9.500000000000000000 ) ) ;
#266 = CARTESIAN_POINT ( 'NONE',  ( -6.000000000000000000, 78.50000000000000000, -9.500000000000000000 ) ) ;
#267 = ORIENTED_EDGE ( 'NONE', *, *, #2034, .T. ) ;
#268 = CARTESIAN_POINT ( 'NONE',  ( 4.065863991822649100, 0.0000000000000000000, 30.90000000000000200 ) ) ;
#269 = CARTESIAN_POINT ( 'NONE',  ( 18.00000000000000000, 88.05414012738860700, 17.57038435624629700 ) ) ;
#270 = CARTESIAN_POINT ( 'NONE',  ( -11.33818266589866200, 0.0000000000000000000, 43.54819874385989900 ) ) ;
#271 = ORIENTED_EDGE ( 'NONE', *, *, #1443, .F. ) ;
#272 = ORIENTED_EDGE ( 'NONE', *, *, #1377, .T. ) ;
#273 = CARTESIAN_POINT ( 'NONE',  ( 16.63536377698985200, 0.0000000000000000000, 54.71638738040070400 ) ) ;
#274 = CARTESIAN_POINT ( 'NONE',  ( -17.89999999999999900, 0.0000000000000000000, 25.00000000000000000 ) ) ;
#275 = CARTESIAN_POINT ( 'NONE',  ( -6.078454586784033600, -52.36324920506385900, -20.00000000000000000 ) ) ;
#276 = CARTESIAN_POINT ( 'NONE',  ( -7.599999999999999600, 88.05414012738860700, 17.57038435624629700 ) ) ;
#277 = CARTESIAN_POINT ( 'NONE',  ( 6.294457289339629100, -38.85371565320185300, 21.81212018984675200 ) ) ;
#278 = CARTESIAN_POINT ( 'NONE',  ( -5.924999999999999800, -10.10215456542841900, -37.70175410409274300 ) ) ;
#279 = CARTESIAN_POINT ( 'NONE',  ( -4.065863991822649100, 0.0000000000000000000, -30.90000000000000200 ) ) ;
#280 = ORIENTED_EDGE ( 'NONE', *, *, #177, .T. ) ;
#281 = CARTESIAN_POINT ( 'NONE',  ( 18.00000000000000400, 0.0000000000000000000, -50.00000000000000000 ) ) ;
#282 = CARTESIAN_POINT ( 'NONE',  ( -22.00000000000000000, -78.50000000000000000, -9.500000000000000000 ) ) ;
#283 = ORIENTED_EDGE ( 'NONE', *, *, #2707, .T. ) ;
#284 = CARTESIAN_POINT ( 'NONE',  ( -11.49999999999999500, 0.0000000000000000000, -42.70074674683795000 ) ) ;
#285 = CARTESIAN_POINT ( 'NONE',  ( -7.438216918125660500, -53.17644436646846600, -20.00000000000000000 ) ) ;
#286 = ORIENTED_EDGE ( 'NONE', *, *, #1179, .F. ) ;
#287 = CARTESIAN_POINT ( 'NONE',  ( -4.065863991822649100, 0.0000000000000000000, -39.03172798364529700 ) ) ;
#288 = CARTESIAN_POINT ( 'NONE',  ( 11.33818266589866600, 0.0000000000000000000, -43.54819874385989900 ) ) ;
#289 = ORIENTED_EDGE ( 'NONE', *, *, #1166, .T. ) ;
#290 = CARTESIAN_POINT ( 'NONE',  ( -11.24999999999999600, 0.0000000000000000000, -30.90000000000000200 ) ) ;
#291 = EDGE_CURVE ( 'E1221', #1638, #2272, #2773, .T. ) ;
#292 = CARTESIAN_POINT ( 'NONE',  ( -6.235363776989840000, -52.37313117759679700, -20.00000000000000000 ) ) ;
#293 = ORIENTED_EDGE ( 'NONE', *, *, #110, .T. ) ;
#294 = CARTESIAN_POINT ( 'NONE',  ( 7.074999999999999300, -19.51586399182264800, -33.80246798744079900 ) ) ;
#295 = CARTESIAN_POINT ( 'NONE',  ( -11.50000000000000000, 0.0000000000000000000, -43.50574674683795000 ) ) ;
#296 = DIRECTION ( 'NONE',  ( -1.000000000000000000, 0.0000000000000000000, -6.123031769111888800E-017 ) ) ;
#297 = CARTESIAN_POINT ( 'NONE',  ( 5.998642641960240800, -22.54257245395609700, -38.48179717228494900 ) ) ;
#298 = CARTESIAN_POINT ( 'NONE',  ( 23.59999999999999800, 24.49489742783179800, 5.000000000000000000 ) ) ;
#299 = CARTESIAN_POINT ( 'NONE',  ( -6.159999999999999300, 0.0000000000000000000, 0.0000000000000000000 ) ) ;
#300 = DIRECTION ( 'NONE',  ( -1.000000000000000000, 0.0000000000000000000, 0.0000000000000000000 ) ) ;
#301 = VERTEX_POINT ( 'NONE', #929 ) ;
#302 = CARTESIAN_POINT ( 'NONE',  ( 11.25000000000000000, -39.03172798364529700, 0.0000000000000000000 ) ) ;
#303 = ORIENTED_EDGE ( 'NONE', *, *, #1261, .T. ) ;
#304 = CARTESIAN_POINT ( 'NONE',  ( 4.065863991822649100, 0.0000000000000000000, 39.03172798364529700 ) ) ;
#305 = EDGE_CURVE ( 'E1242', #353, #214, #2756, .T. ) ;
#306 = ORIENTED_EDGE ( 'NONE', *, *, #942, .F. ) ;
#307 = CARTESIAN_POINT ( 'NONE',  ( -6.816290606477890500, -11.97562821479503900, -42.83832993043784400 ) ) ;
#308 = CARTESIAN_POINT ( 'NONE',  ( -6.000000000000000000, 52.35830808576570000, 20.00000000000000000 ) ) ;
#309 = CARTESIAN_POINT ( 'NONE',  ( -11.25000000000000000, -39.03172798364529700, -1.377682148050173800E-015 ) ) ;
#310 = DIRECTION ( 'NONE',  ( 1.000000000000000000, 0.0000000000000000000, 0.0000000000000000000 ) ) ;
#311 = DIRECTION ( 'NONE',  ( 0.0000000000000000000, 0.0000000000000000000, 1.000000000000000000 ) ) ;
#312 = CARTESIAN_POINT ( 'NONE',  ( 11.50000000000000000, 0.0000000000000000000, 30.90000000000000200 ) ) ;
#313 = DIRECTION ( 'NONE',  ( -0.06162841671621905500, -0.7044160264027592400, 0.7071067811865470200 ) ) ;
#314 = ORIENTED_EDGE ( 'NONE', *, *, #545, .T. ) ;
#315 = CARTESIAN_POINT ( 'NONE',  ( -11.49999999999999600, 0.0000000000000000000, -30.90000000000000200 ) ) ;
#316 = CARTESIAN_POINT ( 'NONE',  ( 11.49999999999998900, 0.0000000000000000000, 42.70074674683795000 ) ) ;
#317 = CARTESIAN_POINT ( 'NONE',  ( -7.599999999999999600, -27.46815286624200100, 50.51485502420809600 ) ) ;
#318 = CARTESIAN_POINT ( 'NONE',  ( 11.50000000000000000, 0.0000000000000000000, 43.50574674683795000 ) ) ;
#319 = EDGE_LOOP ( 'NONE', ( #1792, #1332 ) ) ;
#320 = ORIENTED_EDGE ( 'NONE', *, *, #110, .F. ) ;
#321 = CARTESIAN_POINT ( 'NONE',  ( 31.50000000000000000, 0.0000000000000000000, 25.00000000000000000 ) ) ;
#322 = EDGE_LOOP ( 'NONE', ( #20, #17, #12, #8, #1, #75, #2806, #2839 ) ) ;
#323 = CARTESIAN_POINT ( 'NONE',  ( 32.59999999999999400, 0.0000000000000000000, 26.10000000000000100 ) ) ;
#324 = EDGE_CURVE ( 'E1248', #214, #403, #2758, .T. ) ;
#325 = EDGE_LOOP ( 'NONE', ( #2802 ) ) ;
#326 = DIRECTION ( 'NONE',  ( -1.000000000000000000, 0.0000000000000000000, 0.0000000000000000000 ) ) ;
#327 = ORIENTED_EDGE ( 'NONE', *, *, #879, .F. ) ;
#328 = CARTESIAN_POINT ( 'NONE',  ( 31.50000000000000000, 0.0000000000000000000, 30.90000000000000200 ) ) ;
#329 = VERTEX_POINT ( 'NONE', #947 ) ;
#330 = DIRECTION ( 'NONE',  ( 0.06162841671621927000, 0.7044160264027586900, 0.7071067811865476800 ) ) ;
#331 = CARTESIAN_POINT ( 'NONE',  ( -7.599999999999999600, 96.60742682738690200, 0.0000000000000000000 ) ) ;
#332 = ORIENTED_EDGE ( 'NONE', *, *, #437, .T. ) ;
#333 = CARTESIAN_POINT ( 'NONE',  ( 32.59999999999999400, 0.0000000000000000000, 29.80000000000000100 ) ) ;
#334 = CARTESIAN_POINT ( 'NONE',  ( -17.89999999999999900, 0.0000000000000000000, 30.90000000000000200 ) ) ;
#335 = PLANE ( 'NONE',  #2028 ) ;
#336 = ORIENTED_EDGE ( 'NONE', *, *, #2392, .T. ) ;
#337 = CARTESIAN_POINT ( 'NONE',  ( -19.00000000000000000, 0.0000000000000000000, 26.10000000000000100 ) ) ;
#338 = B_SPLINE_CURVE_WITH_KNOTS ( 'NONE', 3,
 ( #1203, #1205, #1210, #1212, #1214, #1215, #1218, #1221, #1224, #1227, #1228, #1232, #1233, #1236, #1238, #1242, #1245, #1249, #1250, #1253, #1254, #1255, #1258, #1259, #1262, #1263, #1266, #1267, #1269, #1271, #1272, #1276, #1281, #1283, #1288, #1290, #1295, #1298, #1299, #1304, #1308, #1309, #1317, #1319, #1324, #1326, #1331, #1334, #1337, #1339, #1340, #1345, #1352, #1353, #1357, #1359, #1365, #1369, #1372, #1373, #1375, #1380, #1382, #1384, #1390, #1396, #1397, #1402, #1404, #1409, #1410, #1415 ),
 .UNSPECIFIED., .T., .F.,
 ( 4, 2, 2, 2, 2, 2, 2, 2, 2, 2, 2, 2, 2, 2, 2, 2, 2, 2, 2, 2, 2, 2, 2, 2, 2, 2, 2, 2, 2, 2, 2, 2, 2, 2, 2, 4 ),
 ( 0.0000000000000000000, 0.0009793608910680122100, 0.001958721782136024400, 0.002938082673204036600, 0.003917443564272048800, 0.004896804455340061100, 0.005876165346408073300, 0.006855526237476085500, 0.007834887128544097700, 0.008814248019612109000, 0.009793608910680122100, 0.01028328935621412300, 0.01077296980174812300, 0.01175233069281612400, 0.01273169158388412300, 0.01371105247495212400, 0.01469041336602012300, 0.01566977425708812300, 0.01664913514815612500, 0.01762849603922412400, 0.01811817648475812900, 0.01860785693029213400, 0.01958721782136013000, 0.02056657871242812900, 0.02154593960349612500, 0.02252530049456412700, 0.02350466138563212300, 0.02448402227670012200, 0.02546338316776811800, 0.02644274405883612100, 0.02693242450437012200, 0.02742210494990412300, 0.02840146584097212600, 0.02938082673204013200, 0.03036018762310814200, 0.03133954851417614100 ),
 .UNSPECIFIED. ) ;
#339 = ORIENTED_EDGE ( 'NONE', *, *, #1542, .F. ) ;
#340 = CARTESIAN_POINT ( 'NONE',  ( -19.00000000000000000, 0.0000000000000000000, 29.80000000000000100 ) ) ;
#341 = PLANE ( 'NONE',  #2046 ) ;
#342 = CARTESIAN_POINT ( 'NONE',  ( 18.00000000000000000, -88.05414012738860700, -17.57038435624629700 ) ) ;
#343 = ORIENTED_EDGE ( 'NONE', *, *, #149, .F. ) ;
#344 = CARTESIAN_POINT ( 'NONE',  ( -17.89999999999999900, 0.0000000000000000000, 0.0000000000000000000 ) ) ;
#345 = DIRECTION ( 'NONE',  ( 0.0000000000000000000, 0.0000000000000000000, -1.000000000000000000 ) ) ;
#346 = CARTESIAN_POINT ( 'NONE',  ( 23.59999999999999800, -7.917321694993688700, -23.71320343559645100 ) ) ;
#347 = PLANE ( 'NONE',  #2019 ) ;
#348 = CARTESIAN_POINT ( 'NONE',  ( 26.48675134594815000, -15.45000000000000100, -26.76018497693915100 ) ) ;
#349 = CARTESIAN_POINT ( 'NONE',  ( 23.59999999999999800, 30.22340000000000200, 5.000000000000000000 ) ) ;
#350 = VERTEX_POINT ( 'NONE', #935 ) ;
#351 = CARTESIAN_POINT ( 'NONE',  ( 17.99751440700365300, -16.17210488677170200, -26.33007830469280100 ) ) ;
#352 = EDGE_CURVE ( 'NONE', #792, #792, #1844, .T. ) ;
#353 = VERTEX_POINT ( 'NONE', #1021 ) ;
#354 = CARTESIAN_POINT ( 'NONE',  ( -14.00000000000000000, 0.0000000000000000000, 20.00000000000000000 ) ) ;
#355 = DIRECTION ( 'NONE',  ( 0.0000000000000000000, 0.0000000000000000000, 1.000000000000000000 ) ) ;
#356 = VERTEX_POINT ( 'NONE', #948 ) ;
#357 = EDGE_LOOP ( 'NONE', ( #849, #2376, #2303, #2283, #2255, #2249 ) ) ;
#358 = DIRECTION ( 'NONE',  ( -5.379201080440125200E-017, 0.4777070063694266500, 0.8785192178123143500 ) ) ;
#359 = DIRECTION ( 'NONE',  ( 0.0000000000000000000, 1.000000000000000000, 0.0000000000000000000 ) ) ;
#360 = B_SPLINE_CURVE_WITH_KNOTS ( 'NONE', 3,
 ( #2130, #2123, #2147, #2150, #2152, #2156, #2308, #2293, #2262, #2160, #2163, #2164, #2169, #2171, #2172, #2177, #2183, #2196 ),
 .UNSPECIFIED., .T., .F.,
 ( 4, 2, 2, 2, 2, 2, 2, 2, 4 ),
 ( 0.0000000000000000000, 0.0004493835473384223900, 0.0008987670946768447800, 0.001348150642015267100, 0.001797534189353689600, 0.002246917736692112000, 0.002696301284030534200, 0.003145684831368956900, 0.003595068378707379100 ),
 .UNSPECIFIED. ) ;
#361 = DIRECTION ( 'NONE',  ( -2.925015176327332000E-017, -0.8785192178123143500, 0.4777070063694266500 ) ) ;
#362 = EDGE_LOOP ( 'NONE', ( #154 ) ) ;
#363 = CARTESIAN_POINT ( 'NONE',  ( -6.000000000000000000, 0.0000000000000000000, -20.00000000000000000 ) ) ;
#364 = VERTEX_POINT ( 'NONE', #1190 ) ;
#365 = ORIENTED_EDGE ( 'NONE', *, *, #1968, .F. ) ;
#366 = CARTESIAN_POINT ( 'NONE',  ( 19.38290201268035100, 30.70153087074935200, -3.496570085141915500 ) ) ;
#367 = CARTESIAN_POINT ( 'NONE',  ( -6.693819385749005600, -52.47736253346714400, -19.99999999999999600 ) ) ;
#368 = CARTESIAN_POINT ( 'NONE',  ( -7.599999999999999600, 88.05414012738860700, 17.57038435624629700 ) ) ;
#369 = CARTESIAN_POINT ( 'NONE',  ( 0.0000000000000000000, 0.0000000000000000000, 0.0000000000000000000 ) ) ;
#370 = CARTESIAN_POINT ( 'NONE',  ( 22.15662432702595200, -13.28493649053890000, -28.01018497693914700 ) ) ;
#371 = CARTESIAN_POINT ( 'NONE',  ( 6.409942161382217800, 39.03832687230973200, 39.19297787253099600 ) ) ;
#372 = DIRECTION ( 'NONE',  ( 0.0000000000000000000, 0.0000000000000000000, 1.000000000000000000 ) ) ;
#373 = DIRECTION ( 'NONE',  ( -1.000000000000000000, 0.0000000000000000000, 0.0000000000000000000 ) ) ;
#374 = CARTESIAN_POINT ( 'NONE',  ( 6.409428901048988400, 39.31924635680821500, 38.91320948549920900 ) ) ;
#375 = DIRECTION ( 'NONE',  ( -1.000000000000000000, -5.828670879282079700E-016, 3.365184701171235300E-016 ) ) ;
#376 = CARTESIAN_POINT ( 'NONE',  ( 6.488217590674136800, 39.59194985342781300, 38.62873350496552400 ) ) ;
#377 = PLANE ( 'NONE',  #1996 ) ;
#378 = CARTESIAN_POINT ( 'NONE',  ( 6.711373206202222400, 39.95844530388545500, 38.22922972562119500 ) ) ;
#379 = DIRECTION ( 'NONE',  ( -1.000000000000000000, 0.0000000000000000000, 0.0000000000000000000 ) ) ;
#380 = ORIENTED_EDGE ( 'NONE', *, *, #2310, .F. ) ;
#381 = DIRECTION ( 'NONE',  ( 1.000000000000000000, 0.0000000000000000000, 6.123031769111888800E-017 ) ) ;
#382 = CARTESIAN_POINT ( 'NONE',  ( 6.804294586655108100, 40.07537808240939400, 38.09862316438612600 ) ) ;
#383 = DIRECTION ( 'NONE',  ( 1.000000000000000000, 0.0000000000000000000, 0.0000000000000000000 ) ) ;
#384 = VERTEX_POINT ( 'NONE', #1189 ) ;
#385 = CARTESIAN_POINT ( 'NONE',  ( 7.022249833016167600, 40.29143927676701500, 37.85132732996939400 ) ) ;
#386 = CARTESIAN_POINT ( 'NONE',  ( 7.145767438999370400, 40.38958159341657300, 37.73584125187370100 ) ) ;
#387 = CARTESIAN_POINT ( 'NONE',  ( -6.235363776989840000, 0.0000000000000000000, 0.0000000000000000000 ) ) ;
#388 = CARTESIAN_POINT ( 'NONE',  ( 11.50000000000000000, 0.0000000000000000000, 1.408297306895734000E-015 ) ) ;
#389 = APPROVAL_DATE_TIME ( #393, #759 ) ;
#390 = EDGE_CURVE ( 'NONE', #789, #789, #338, .T. ) ;
#391 = DIRECTION ( 'NONE',  ( -1.000000000000000000, 0.0000000000000000000, -2.449212707644755000E-016 ) ) ;
#392 = CARTESIAN_POINT ( 'NONE',  ( 7.421389512807349900, 40.56687928757839500, 37.52129938660185400 ) ) ;
#393 = DATE_AND_TIME ( #406, #410 ) ;
#394 = DIRECTION ( 'NONE',  ( -2.437507924057931200E-016, 0.0000000000000000000, 1.000000000000000000 ) ) ;
#395 = CARTESIAN_POINT ( 'NONE',  ( 7.575178355067538200, 40.64649432624062100, 37.42158310465360700 ) ) ;
#396 = CARTESIAN_POINT ( 'NONE',  ( 7.899797119744122600, 40.78027281761860200, 37.24743891115320300 ) ) ;
#397 = DIRECTION ( 'NONE',  ( 0.0000000000000000000, 0.0000000000000000000, 1.000000000000000000 ) ) ;
#398 = DIRECTION ( 'NONE',  ( 0.0000000000000000000, 1.000000000000000000, 0.0000000000000000000 ) ) ;
#399 = EDGE_CURVE ( 'NONE', #784, #784, #1680, .T. ) ;
#400 = DIRECTION ( 'NONE',  ( 0.0000000000000000000, 0.0000000000000000000, -1.000000000000000000 ) ) ;
#401 = VERTEX_POINT ( 'NONE', #1418 ) ;
#402 = CARTESIAN_POINT ( 'NONE',  ( 8.071514132624887600, 40.83532981003727300, 37.17198071585125500 ) ) ;
#403 = VERTEX_POINT ( 'NONE', #1195 ) ;
#404 = CARTESIAN_POINT ( 'NONE',  ( 8.434079452839878100, 40.92179815460726600, 37.04499103213930800 ) ) ;
#405 = CARTESIAN_POINT ( 'NONE',  ( 8.623750672121381900, 40.95259318929656400, 36.99424185284185300 ) ) ;
#406 = CALENDAR_DATE ( 2019, 8, 3 ) ;
#407 = DIRECTION ( 'NONE',  ( -0.8660254037844387100, 0.4330127018922192400, -0.2500000000000001100 ) ) ;
#408 = CARTESIAN_POINT ( 'NONE',  ( 9.006201259271506400, 40.98790406492383200, 36.92150400792862500 ) ) ;
#409 = CARTESIAN_POINT ( 'NONE',  ( 9.201435816976774300, 40.99288393232613700, 36.89878746979367500 ) ) ;
#410 = LOCAL_TIME ( 9, 12, 30.00000000000000000, #416 ) ;
#411 = ORIENTED_EDGE ( 'NONE', *, *, #2357, .F. ) ;
#412 = CARTESIAN_POINT ( 'NONE',  ( 9.596593648238796300, 40.97651654946967200, 36.88222004176499500 ) ) ;
#413 = CARTESIAN_POINT ( 'NONE',  ( 9.791122040083179100, 40.95547141402327200, 36.88850807693459900 ) ) ;
#414 = VERTEX_POINT ( 'NONE', #959 ) ;
#415 = DIRECTION ( 'NONE',  ( 0.4999999999999999400, 0.7499999999999998900, -0.4330127018922194600 ) ) ;
#416 = COORDINATED_UNIVERSAL_TIME_OFFSET ( 3, 0, .BEHIND. ) ;
#417 = DIRECTION ( 'NONE',  ( 0.0000000000000000000, -1.000000000000000000, 0.0000000000000000000 ) ) ;
#418 = APPROVAL_PERSON_ORGANIZATION ( #425, #759, #167 ) ;
#419 = DIRECTION ( 'NONE',  ( 0.0000000000000000000, 0.0000000000000000000, 1.000000000000000000 ) ) ;
#420 = EDGE_CURVE ( 'NONE', #776, #776, #2743, .T. ) ;
#421 = CARTESIAN_POINT ( 'NONE',  ( -6.000000000000000000, -78.50000000000000000, -20.00000000000000000 ) ) ;
#422 = CARTESIAN_POINT ( 'NONE',  ( 10.17429066242098700, 40.88849962766067100, 36.92910260827796500 ) ) ;
#423 = CARTESIAN_POINT ( 'NONE',  ( -7.599999999999999600, 96.60742682738690200, 20.00000000000000000 ) ) ;
#424 = EDGE_LOOP ( 'NONE', ( #1234 ) ) ;
#425 = PERSON_AND_ORGANIZATION ( #1546, #543 ) ;
#426 = CARTESIAN_POINT ( 'NONE',  ( 10.36496092638777500, 40.84182928324909100, 36.96405228027848000 ) ) ;
#427 = DIRECTION ( 'NONE',  ( 1.000000000000000000, 0.0000000000000000000, 6.730369402342480500E-016 ) ) ;
#428 = ORIENTED_EDGE ( 'NONE', *, *, #2309, .F. ) ;
#429 = CARTESIAN_POINT ( 'NONE',  ( 22.15662432702595200, 30.90000000000000200, 2.500000000000000000 ) ) ;
#430 = EDGE_LOOP ( 'NONE', ( #19, #761, #153, #2294 ) ) ;
#431 = CARTESIAN_POINT ( 'NONE',  ( 10.72775772079640400, 40.72560227929410800, 37.06036116587046100 ) ) ;
#432 = DATE_AND_TIME ( #445, #449 ) ;
#433 = CARTESIAN_POINT ( 'NONE',  ( -22.00000000000000000, -78.50000000000000000, -4.806579938752829900E-015 ) ) ;
#434 = CARTESIAN_POINT ( 'NONE',  ( -6.000000000000000000, 0.0000000000000000000, 20.00000000000000000 ) ) ;
#435 = CARTESIAN_POINT ( 'NONE',  ( 10.90004963762693500, 40.65640376889835000, 37.12131262995150400 ) ) ;
#436 = CARTESIAN_POINT ( 'NONE',  ( 11.25000000000000000, 0.0000000000000000000, 0.0000000000000000000 ) ) ;
#437 = EDGE_CURVE ( 'NONE', #769, #769, #2752, .T. ) ;
#438 = DIRECTION ( 'NONE',  ( 0.0000000000000000000, 1.000000000000000000, 0.0000000000000000000 ) ) ;
#439 = DIRECTION ( 'NONE',  ( -1.000000000000000000, 0.0000000000000000000, 0.0000000000000000000 ) ) ;
#440 = CARTESIAN_POINT ( 'NONE',  ( -7.599999999999999600, 78.50000000000000000, 0.0000000000000000000 ) ) ;
#441 = EDGE_CURVE ( 'NONE', #765, #765, #2738, .T. ) ;
#442 = CARTESIAN_POINT ( 'NONE',  ( 11.22647215536110600, 40.49556229900461800, 37.26835410293063000 ) ) ;
#443 = EDGE_LOOP ( 'NONE', ( #1398, #1378, #1342, #1963, #1300, #1471 ) ) ;
#444 = CARTESIAN_POINT ( 'NONE',  ( 11.38083478309920900, 40.40330278622943900, 37.35507505181228500 ) ) ;
#445 = CALENDAR_DATE ( 2019, 8, 3 ) ;
#446 = CARTESIAN_POINT ( 'NONE',  ( -6.000000000000000000, 0.0000000000000000000, -20.00000000000000000 ) ) ;
#447 = VERTEX_POINT ( 'NONE', #45 ) ;
#448 = CARTESIAN_POINT ( 'NONE',  ( 11.65767996804098100, 40.20344889632290400, 37.54622425102375900 ) ) ;
#449 = LOCAL_TIME ( 9, 12, 30.00000000000000000, #450 ) ;
#450 = COORDINATED_UNIVERSAL_TIME_OFFSET ( 3, 0, .BEHIND. ) ;
#451 = ORIENTED_EDGE ( 'NONE', *, *, #1265, .T. ) ;
#452 = PERSON_AND_ORGANIZATION ( #1546, #543 ) ;
#453 = CARTESIAN_POINT ( 'NONE',  ( 11.78208706568249700, 40.09505945620739500, 37.65136239789141800 ) ) ;
#454 = PERSON_AND_ORGANIZATION ( #1546, #543 ) ;
#455 = CARTESIAN_POINT ( 'NONE',  ( 12.00201102696848000, 39.86041113149462900, 37.88090975979699200 ) ) ;
#456 = DIRECTION ( 'NONE',  ( 0.0000000000000000000, -0.2588190451025210700, -0.9659258262890682000 ) ) ;
#457 = CARTESIAN_POINT ( 'NONE',  ( 12.09510922410226600, 39.73641880585179800, 38.00310528556597900 ) ) ;
#458 = PERSON_AND_ORGANIZATION ( #1546, #543 ) ;
#459 = EDGE_LOOP ( 'NONE', ( #1615, #2267, #2314, #1712, #858 ) ) ;
#460 = EDGE_CURVE ( 'NONE', #762, #762, #2750, .T. ) ;
#461 = PLANE ( 'NONE',  #1981 ) ;
#462 = VERTEX_POINT ( 'NONE', #2903 ) ;
#463 = ORIENTED_EDGE ( 'NONE', *, *, #862, .F. ) ;
#464 = DIRECTION ( 'NONE',  ( 1.000000000000000000, 0.0000000000000000000, 0.0000000000000000000 ) ) ;
#465 = APPROVAL_DATE_TIME ( #470, #802 ) ;
#466 = EDGE_CURVE ( 'NONE', #2819, #2819, #2730, .T. ) ;
#467 = CARTESIAN_POINT ( 'NONE',  ( 12.24510841687923200, 39.47981747808335500, 38.25692890057357700 ) ) ;
#468 = DIRECTION ( 'NONE',  ( 0.0000000000000000000, 0.0000000000000000000, 1.000000000000000000 ) ) ;
#469 = DIRECTION ( 'NONE',  ( 1.000000000000000000, 0.0000000000000000000, 0.0000000000000000000 ) ) ;
#470 = DATE_AND_TIME ( #474, #478 ) ;
#471 = CARTESIAN_POINT ( 'NONE',  ( 12.30299831810457400, 39.34528113302334200, 38.39046519389521700 ) ) ;
#472 = CARTESIAN_POINT ( 'NONE',  ( 12.38022186600117700, 39.07101206663990900, 38.66310241845062700 ) ) ;
#473 = DIRECTION ( 'NONE',  ( 6.730369402342479500E-016, -0.8660254037844387100, 0.4999999999999998900 ) ) ;
#474 = CALENDAR_DATE ( 2019, 8, 3 ) ;
#475 = DIRECTION ( 'NONE',  ( 0.0000000000000000000, 0.0000000000000000000, 1.000000000000000000 ) ) ;
#476 = CARTESIAN_POINT ( 'NONE',  ( 12.39942110963044200, 38.93310104968310300, 38.80038519477083300 ) ) ;
#477 = ORIENTED_EDGE ( 'NONE', *, *, #1125, .F. ) ;
#478 = LOCAL_TIME ( 9, 12, 30.00000000000000000, #480 ) ;
#479 = CARTESIAN_POINT ( 'NONE',  ( 12.39979071948192600, 38.65567351225168800, 39.07675477034668900 ) ) ;
#480 = COORDINATED_UNIVERSAL_TIME_OFFSET ( 3, 0, .BEHIND. ) ;
#481 = DIRECTION ( 'NONE',  ( -1.000000000000000000, 0.0000000000000000000, 0.0000000000000000000 ) ) ;
#482 = CARTESIAN_POINT ( 'NONE',  ( -19.00000000000000000, 0.0000000000000000000, 0.0000000000000000000 ) ) ;
#483 = ORIENTED_EDGE ( 'NONE', *, *, #2260, .F. ) ;
#484 = APPROVAL_PERSON_ORGANIZATION ( #489, #802, #180 ) ;
#485 = VERTEX_POINT ( 'NONE', #2910 ) ;
#486 = CARTESIAN_POINT ( 'NONE',  ( -6.000000000000000000, 78.50000000000000000, 0.0000000000000000000 ) ) ;
#487 = CARTESIAN_POINT ( 'NONE',  ( 12.38032568402281800, 38.51483351737216800, 39.21716423752767600 ) ) ;
#488 = DIRECTION ( 'NONE',  ( -1.000000000000000000, 0.0000000000000000000, 0.0000000000000000000 ) ) ;
#489 = PERSON_AND_ORGANIZATION ( #1546, #543 ) ;
#490 = DIRECTION ( 'NONE',  ( 0.0000000000000000000, -1.000000000000000000, 0.0000000000000000000 ) ) ;
#491 = ORIENTED_EDGE ( 'NONE', *, *, #1125, .T. ) ;
#492 = DATE_AND_TIME ( #495, #499 ) ;
#493 = EDGE_LOOP ( 'NONE', ( #2911, #2893, #2888, #2886 ) ) ;
#494 = CARTESIAN_POINT ( 'NONE',  ( 12.30388510238487000, 38.24272713903612700, 39.48881640142131000 ) ) ;
#495 = CALENDAR_DATE ( 2019, 8, 3 ) ;
#496 = DIRECTION ( 'NONE',  ( 0.0000000000000000000, -1.000000000000000000, 0.0000000000000000000 ) ) ;
#497 = CARTESIAN_POINT ( 'NONE',  ( -6.500000000000000000, 0.0000000000000000000, 0.0000000000000000000 ) ) ;
#498 = DIRECTION ( 'NONE',  ( -1.000000000000000000, 0.0000000000000000000, 0.0000000000000000000 ) ) ;
#499 = LOCAL_TIME ( 9, 12, 30.00000000000000000, #509 ) ;
#500 = CARTESIAN_POINT ( 'NONE',  ( 12.24727094669101900, 38.11043455557984300, 39.62107875721040500 ) ) ;
#501 = CARTESIAN_POINT ( 'NONE',  ( 12.09685985785608500, 37.85369347392474300, 39.87864153640251200 ) ) ;
#502 = EDGE_LOOP ( 'NONE', ( #2457 ) ) ;
#503 = B_SPLINE_CURVE_WITH_KNOTS ( 'NONE', 3,
 ( #2470, #2593, #2636, #2637 ),
 .UNSPECIFIED., .F., .F.,
 ( 4, 4 ),
 ( 0.1063686591123203000, 0.1066044891699666600 ),
 .UNSPECIFIED. ) ;
#504 = ORIENTED_EDGE ( 'NONE', *, *, #2413, .F. ) ;
#505 = ORIENTED_EDGE ( 'NONE', *, *, #766, .T. ) ;
#506 = PLANE ( 'NONE',  #2011 ) ;
#507 = CARTESIAN_POINT ( 'NONE',  ( 12.00302533680863300, 37.73009470138733700, 40.00310707397503100 ) ) ;
#508 = EDGE_LOOP ( 'NONE', ( #163 ) ) ;
#509 = COORDINATED_UNIVERSAL_TIME_OFFSET ( 3, 0, .BEHIND. ) ;
#510 = DIRECTION ( 'NONE',  ( 0.0000000000000000000, 0.0000000000000000000, -1.000000000000000000 ) ) ;
#511 = EDGE_CURVE ( 'NONE', #2813, #2813, #2734, .T. ) ;
#512 = CARTESIAN_POINT ( 'NONE',  ( 11.78589798335341900, 37.50185893115171600, 40.23461545344990500 ) ) ;
#513 = PERSON_AND_ORGANIZATION ( #1546, #543 ) ;
#514 = CARTESIAN_POINT ( 'NONE',  ( 11.66166559004681100, 37.39566952566121200, 40.34321358804332600 ) ) ;
#515 = DIRECTION ( 'NONE',  ( 0.0000000000000000000, 0.0000000000000000000, -1.000000000000000000 ) ) ;
#516 = CARTESIAN_POINT ( 'NONE',  ( -19.00000000000000000, 0.0000000000000000000, 0.0000000000000000000 ) ) ;
#517 = CARTESIAN_POINT ( 'NONE',  ( 11.38169803440422900, 37.20113402788620500, 40.54502518712340700 ) ) ;
#518 = VERTEX_POINT ( 'NONE', #2194 ) ;
#519 = APPROVAL_DATE_TIME ( #524, #830 ) ;
#520 = ORIENTED_EDGE ( 'NONE', *, *, #889, .T. ) ;
#521 = CARTESIAN_POINT ( 'NONE',  ( 11.23027452287600300, 37.11573273025688000, 40.63518823443521200 ) ) ;
#522 = CARTESIAN_POINT ( 'NONE',  ( 11.50000000000000000, 0.0000000000000000000, -180.0000000000000000 ) ) ;
#523 = ORIENTED_EDGE ( 'NONE', *, *, #2260, .T. ) ;
#524 = DATE_AND_TIME ( #525, #527 ) ;
#525 = CALENDAR_DATE ( 2019, 8, 3 ) ;
#526 = EDGE_LOOP ( 'NONE', ( #2822 ) ) ;
#527 = LOCAL_TIME ( 9, 12, 30.00000000000000000, #529 ) ;
#528 = CARTESIAN_POINT ( 'NONE',  ( 10.90544562406006400, 36.96816779485794800, 40.79527683425187900 ) ) ;
#529 = COORDINATED_UNIVERSAL_TIME_OFFSET ( 3, 0, .BEHIND. ) ;
#530 = EDGE_LOOP ( 'NONE', ( #1918, #1898, #1896, #1862 ) ) ;
#531 = PLANE ( 'NONE',  #1882 ) ;
#532 = EDGE_CURVE ( 'NONE', #751, #751, #2720, .T. ) ;
#533 = APPROVAL_PERSON_ORGANIZATION ( #534, #830, #199 ) ;
#534 = PERSON_AND_ORGANIZATION ( #1546, #543 ) ;
#535 = DIRECTION ( 'NONE',  ( 0.0000000000000000000, 0.0000000000000000000, -1.000000000000000000 ) ) ;
#536 = EDGE_LOOP ( 'NONE', ( #855 ) ) ;
#537 = DIRECTION ( 'NONE',  ( 1.000000000000000000, 0.0000000000000000000, 0.0000000000000000000 ) ) ;
#538 = PLANE ( 'NONE',  #1907 ) ;
#539 = PERSON_AND_ORGANIZATION ( #1546, #543 ) ;
#540 = CARTESIAN_POINT ( 'NONE',  ( 10.72994300060536900, 36.90552894219933200, 40.86579073245879800 ) ) ;
#541 = CARTESIAN_POINT ( 'NONE',  ( 18.00000000000000000, -88.05414012738860700, 17.57038435624629700 ) ) ;
#542 = ORIENTED_EDGE ( 'NONE', *, *, #786, .T. ) ;
#543 = ORGANIZATION ( 'UNSPECIFIED', 'UNSPECIFIED', '' ) ;
#544 = CARTESIAN_POINT ( 'NONE',  ( 10.36707022901250900, 36.80851397896827100, 40.98189641486769800 ) ) ;
#545 = EDGE_CURVE ( 'NONE', #747, #747, #2749, .T. ) ;
#546 = CARTESIAN_POINT ( 'NONE',  ( 18.00000000000000000, 0.0000000000000000000, 2.449212707644754900E-015 ) ) ;
#547 = CARTESIAN_POINT ( 'NONE',  ( 10.18026803149460900, 36.77386133064862200, 41.02770317794811900 ) ) ;
#548 = DIRECTION ( 'NONE',  ( 1.000000000000000000, 0.0000000000000000000, 0.0000000000000000000 ) ) ;
#549 = CARTESIAN_POINT ( 'NONE',  ( -11.33818266589866000, 0.0000000000000000000, 1.834682584431825000E-016 ) ) ;
#550 = DIRECTION ( 'NONE',  ( -1.000000000000000000, 0.0000000000000000000, -6.123031769111888800E-017 ) ) ;
#551 = CARTESIAN_POINT ( 'NONE',  ( 9.796008356902856200, 36.73234523986864300, 41.09520439761755700 ) ) ;
#552 = DIRECTION ( 'NONE',  ( 6.123031769111888800E-017, 0.0000000000000000000, -1.000000000000000000 ) ) ;
#553 = CARTESIAN_POINT ( 'NONE',  ( 9.597548234741534400, 36.72584410028013500, 41.11665412062975400 ) ) ;
#554 = CARTESIAN_POINT ( 'NONE',  ( 9.206849750087918900, 36.74185193841311300, 41.13317675608431000 ) ) ;
#555 = PLANE ( 'NONE',  #1892 ) ;
#556 = ORIENTED_EDGE ( 'NONE', *, *, #889, .F. ) ;
#557 = EDGE_CURVE ( 'NONE', #746, #746, #2762, .T. ) ;
#558 = CARTESIAN_POINT ( 'NONE',  ( 9.012548562316368400, 36.76398261723839800, 41.12875060990371900 ) ) ;
#559 = ORIENTED_EDGE ( 'NONE', *, *, #2397, .T. ) ;
#560 = VERTEX_POINT ( 'NONE', #234 ) ;
#561 = DIRECTION ( 'NONE',  ( -1.000000000000000000, 0.0000000000000000000, -4.592273826833919600E-017 ) ) ;
#562 = CLOSED_SHELL ( 'NONE', ( #1732, #1711, #1485, #1696, #1701, #1722, #1688, #825 ) ) ;
#563 = CARTESIAN_POINT ( 'NONE',  ( -19.00000000000000000, 0.0000000000000000000, 0.0000000000000000000 ) ) ;
#564 = CLOSED_SHELL ( 'NONE', ( #1493, #1771, #1759, #1757, #1756, #1497, #1622, #2763 ) ) ;
#565 = CARTESIAN_POINT ( 'NONE',  ( 8.626091329189975500, 36.83717404390969800, 41.09374935642559700 ) ) ;
#566 = DIRECTION ( 'NONE',  ( -3.983456321994018900E-017, 0.0000000000000000000, 1.000000000000000000 ) ) ;
#567 = EDGE_LOOP ( 'NONE', ( #2487, #2477, #2454, #2447 ) ) ;
#568 = VERTEX_POINT ( 'NONE', #236 ) ;
#569 = CARTESIAN_POINT ( 'NONE',  ( -7.599999999999999600, 96.60742682738690200, 0.0000000000000000000 ) ) ;
#570 = CARTESIAN_POINT ( 'NONE',  ( 25.04337567297405100, -17.61506350946109800, -25.51018497693915100 ) ) ;
#571 = CARTESIAN_POINT ( 'NONE',  ( 4.065863991822649100, 0.0000000000000000000, 0.0000000000000000000 ) ) ;
#572 = VERTEX_POINT ( 'NONE', #237 ) ;
#573 = VERTEX_POINT ( 'NONE', #239 ) ;
#574 = DIRECTION ( 'NONE',  ( 0.0000000000000000000, -0.4999999999999998900, -0.8660254037844387100 ) ) ;
#575 = EDGE_CURVE ( 'NONE', #742, #742, #2727, .T. ) ;
#576 = DIRECTION ( 'NONE',  ( 0.0000000000000000000, 0.0000000000000000000, 1.000000000000000000 ) ) ;
#577 = VERTEX_POINT ( 'NONE', #241 ) ;
#578 = ORIENTED_EDGE ( 'NONE', *, *, #862, .T. ) ;
#579 = CARTESIAN_POINT ( 'NONE',  ( 8.437456458439026400, 36.88778402076426500, 41.06329564217930500 ) ) ;
#580 = VERTEX_POINT ( 'NONE', #244 ) ;
#581 = DIRECTION ( 'NONE',  ( -4.807406715958908300E-016, 0.8660254037844387100, -0.4999999999999998900 ) ) ;
#582 = ORIENTED_EDGE ( 'NONE', *, *, #786, .F. ) ;
#583 = ORIENTED_EDGE ( 'NONE', *, *, #2343, .T. ) ;
#584 = DIRECTION ( 'NONE',  ( 1.000000000000000000, 4.163336342344335100E-016, -2.403703357979454600E-016 ) ) ;
#585 = CARTESIAN_POINT ( 'NONE',  ( 8.077353342797977100, 37.01371616185111400, 40.97837300378515100 ) ) ;
#586 = VERTEX_POINT ( 'NONE', #245 ) ;
#587 = VERTEX_POINT ( 'NONE', #246 ) ;
#588 = ORIENTED_EDGE ( 'NONE', *, *, #1087, .F. ) ;
#589 = VERTEX_POINT ( 'NONE', #248 ) ;
#590 = DIRECTION ( 'NONE',  ( 1.000000000000000000, -0.0000000000000000000, -0.0000000000000000000 ) ) ;
#591 = CARTESIAN_POINT ( 'NONE',  ( 7.903228815421688800, 37.09000105459453800, 40.92324534371717000 ) ) ;
#592 = VERTEX_POINT ( 'NONE', #251 ) ;
#593 = ORIENTED_EDGE ( 'NONE', *, *, #2034, .F. ) ;
#594 = VERTEX_POINT ( 'NONE', #252 ) ;
#595 = DIRECTION ( 'NONE',  ( 1.000000000000000000, 0.0000000000000000000, 6.123031769111888800E-017 ) ) ;
#596 = CARTESIAN_POINT ( 'NONE',  ( 7.576178336113828800, 37.26565305713430100, 40.78942409046381100 ) ) ;
#597 = VERTEX_POINT ( 'NONE', #253 ) ;
#598 = DIRECTION ( 'NONE',  ( 0.0000000000000000000, 0.8660254037844387100, -0.4999999999999998900 ) ) ;
#599 = CARTESIAN_POINT ( 'NONE',  ( 7.425584123284035200, 37.36347368486810400, 40.71195240439538300 ) ) ;
#600 = VERTEX_POINT ( 'NONE', #254 ) ;
#601 = CARTESIAN_POINT ( 'NONE',  ( 19.27660000000000200, -15.45000000000000100, -26.76018497693915100 ) ) ;
#602 = DIRECTION ( 'NONE',  ( 0.0000000000000000000, -0.4999999999999998900, -0.8660254037844387100 ) ) ;
#603 = CARTESIAN_POINT ( 'NONE',  ( 7.149593706945410100, 37.57821813063167600, 40.53596622404153000 ) ) ;
#604 = ORIENTED_EDGE ( 'NONE', *, *, #2329, .F. ) ;
#605 = VERTEX_POINT ( 'NONE', #255 ) ;
#606 = CARTESIAN_POINT ( 'NONE',  ( 7.023243024478028400, 37.69652194529756200, 40.43622804413286800 ) ) ;
#607 = CARTESIAN_POINT ( 'NONE',  ( 23.59999999999999800, -15.94999999999999900, -27.62621038072359900 ) ) ;
#608 = VERTEX_POINT ( 'NONE', #256 ) ;
#609 = CARTESIAN_POINT ( 'NONE',  ( 6.806087167975935200, 37.94330612128088400, 40.22231444026477500 ) ) ;
#610 = CARTESIAN_POINT ( 'NONE',  ( 6.714145410960455300, 38.07227063353871400, 40.10780342930423400 ) ) ;
#611 = VERTEX_POINT ( 'NONE', #257 ) ;
#612 = CARTESIAN_POINT ( 'NONE',  ( 6.563800833059014300, 38.34109631935793800, 39.86317104038182900 ) ) ;
#613 = ORIENTED_EDGE ( 'NONE', *, *, #766, .F. ) ;
#614 = EDGE_LOOP ( 'NONE', ( #1106 ) ) ;
#615 = CARTESIAN_POINT ( 'NONE',  ( 6.506145606803342800, 38.48057660269332600, 39.73331452732702500 ) ) ;
#616 = EDGE_CURVE ( 'NONE', #737, #737, #2710, .T. ) ;
#617 = CARTESIAN_POINT ( 'NONE',  ( 23.59999999999999800, -12.50000000000000000, -21.65063509461095100 ) ) ;
#618 = VERTEX_POINT ( 'NONE', #258 ) ;
#619 = ORIENTED_EDGE ( 'NONE', *, *, #1544, .F. ) ;
#620 = CARTESIAN_POINT ( 'NONE',  ( 6.429807155893477100, 38.75822207963805300, 39.46882506688639600 ) ) ;
#621 = VERTEX_POINT ( 'NONE', #259 ) ;
#622 = ORIENTED_EDGE ( 'NONE', *, *, #1544, .T. ) ;
#623 = DIRECTION ( 'NONE',  ( 0.0000000000000000000, 0.0000000000000000000, 1.000000000000000000 ) ) ;
#624 = VERTEX_POINT ( 'NONE', #262 ) ;
#625 = VERTEX_POINT ( 'NONE', #263 ) ;
#626 = ORIENTED_EDGE ( 'NONE', *, *, #2343, .F. ) ;
#627 = CARTESIAN_POINT ( 'NONE',  ( 6.409942161382217800, 39.03832687230973200, 39.19297787253099600 ) ) ;
#628 = VERTEX_POINT ( 'NONE', #264 ) ;
#629 = ORIENTED_EDGE ( 'NONE', *, *, #2403, .F. ) ;
#630 = CARTESIAN_POINT ( 'NONE',  ( -6.604626522092496900, -52.44289154046535400, 19.99999999999999600 ) ) ;
#631 = CARTESIAN_POINT ( 'NONE',  ( 6.410198791548833000, 38.89786713006049000, 39.33286206604688600 ) ) ;
#632 = VERTEX_POINT ( 'NONE', #421 ) ;
#633 = VERTEX_POINT ( 'NONE', #265 ) ;
#634 = CARTESIAN_POINT ( 'NONE',  ( -6.329872395444033900, -52.37843302244065300, 19.99999999999999600 ) ) ;
#635 = DIRECTION ( 'NONE',  ( 0.0000000000000000000, 0.0000000000000000000, -1.000000000000000000 ) ) ;
#636 = EDGE_LOOP ( 'NONE', ( #44 ) ) ;
#637 = CARTESIAN_POINT ( 'NONE',  ( -11.50000000000000000, 0.0000000000000000000, 0.0000000000000000000 ) ) ;
#638 = VERTEX_POINT ( 'NONE', #266 ) ;
#639 = DIRECTION ( 'NONE',  ( 0.0000000000000000000, 0.0000000000000000000, -1.000000000000000000 ) ) ;
#640 = DIRECTION ( 'NONE',  ( 1.000000000000000000, 0.0000000000000000000, 0.0000000000000000000 ) ) ;
#641 = CARTESIAN_POINT ( 'NONE',  ( -6.235363776989840000, -52.37313117759679700, 20.00000000000000000 ) ) ;
#642 = VERTEX_POINT ( 'NONE', #268 ) ;
#643 = B_SPLINE_CURVE_WITH_KNOTS ( 'NONE', 3,
 ( #2379, #2375, #2387, #2393, #2409, #2410, #2417, #2422, #2424, #2425, #2429, #2430, #2435, #2436, #2446, #2449, #2450, #2455 ),
 .UNSPECIFIED., .T., .F.,
 ( 4, 2, 2, 2, 2, 2, 2, 2, 4 ),
 ( 0.0000000000000000000, 0.0004493835473384199500, 0.0008987670946768399000, 0.001348150642015259700, 0.001797534189353679800, 0.002246917736692099900, 0.002696301284030519500, 0.003145684831368939600, 0.003595068378707359600 ),
 .UNSPECIFIED. ) ;
#644 = VERTEX_POINT ( 'NONE', #270 ) ;
#645 = CARTESIAN_POINT ( 'NONE',  ( 19.27660000000000200, 30.90000000000000200, 0.0000000000000000000 ) ) ;
#646 = CARTESIAN_POINT ( 'NONE',  ( 23.59999999999999800, 25.00000000000000000, 0.0000000000000000000 ) ) ;
#647 = DIRECTION ( 'NONE',  ( 1.000000000000000000, 0.0000000000000000000, 1.224606353822375800E-016 ) ) ;
#648 = DIRECTION ( 'NONE',  ( 1.122798366328030400E-016, 0.0000000000000000000, -1.000000000000000000 ) ) ;
#649 = ORIENTED_EDGE ( 'NONE', *, *, #744, .F. ) ;
#650 = CARTESIAN_POINT ( 'NONE',  ( -7.342462562902076300, -53.01114017676541600, 20.00000000000000000 ) ) ;
#651 = PLANE ( 'NONE',  #893 ) ;
#652 = EDGE_CURVE ( 'E193', #2192, #301, #2706, .T. ) ;
#653 = DIRECTION ( 'NONE',  ( -0.4999999999999998900, 0.0000000000000000000, 0.8660254037844387100 ) ) ;
#654 = VERTEX_POINT ( 'NONE', #273 ) ;
#655 = CARTESIAN_POINT ( 'NONE',  ( 22.15662432702595200, 29.42500000000000100, -2.500000000000000000 ) ) ;
#656 = DIRECTION ( 'NONE',  ( 0.0000000000000000000, 0.8660254037844389300, -0.4999999999999996700 ) ) ;
#657 = VERTEX_POINT ( 'NONE', #274 ) ;
#658 = CARTESIAN_POINT ( 'NONE',  ( -6.422609620233930400, -52.39353982707586300, 20.00000000000000400 ) ) ;
#659 = VERTEX_POINT ( 'NONE', #277 ) ;
#660 = DIRECTION ( 'NONE',  ( 0.0000000000000000000, 0.0000000000000000000, -1.000000000000000000 ) ) ;
#661 = CARTESIAN_POINT ( 'NONE',  ( 7.074999999999997500, -33.80246798744079900, 19.51586399182264500 ) ) ;
#662 = VERTEX_POINT ( 'NONE', #278 ) ;
#663 = DIRECTION ( 'NONE',  ( 1.000000000000000000, 0.0000000000000000000, 0.0000000000000000000 ) ) ;
#664 = ORIENTED_EDGE ( 'NONE', *, *, #1074, .F. ) ;
#665 = CARTESIAN_POINT ( 'NONE',  ( -6.694160691741649000, -52.47753372943257200, 20.00000000000000000 ) ) ;
#666 = PLANE ( 'NONE',  #911 ) ;
#667 = PLANE ( 'NONE',  #872 ) ;
#668 = CARTESIAN_POINT ( 'NONE',  ( -6.945780167231668600, -52.60547437585908200, 20.00000000000000000 ) ) ;
#669 = ORIENTED_EDGE ( 'NONE', *, *, #744, .T. ) ;
#670 = DIRECTION ( 'NONE',  ( 0.0000000000000000000, -1.000000000000000000, 0.0000000000000000000 ) ) ;
#671 = VERTEX_POINT ( 'NONE', #279 ) ;
#672 = VERTEX_POINT ( 'NONE', #281 ) ;
#673 = CARTESIAN_POINT ( 'NONE',  ( -7.599999999999999600, 27.46815286624205000, -50.51485502420809600 ) ) ;
#674 = VERTEX_POINT ( 'NONE', #282 ) ;
#675 = CARTESIAN_POINT ( 'NONE',  ( 25.04337567297405100, 30.90000000000000200, 2.500000000000000000 ) ) ;
#676 = CARTESIAN_POINT ( 'NONE',  ( -7.097052396548974700, -52.72593100387967300, 20.00000000000000000 ) ) ;
#677 = CARTESIAN_POINT ( 'NONE',  ( -7.600000000000013900, -53.72091934756822000, 20.00000000000000000 ) ) ;
#678 = VERTEX_POINT ( 'NONE', #284 ) ;
#679 = VERTEX_POINT ( 'NONE', #1586 ) ;
#680 = DIRECTION ( 'NONE',  ( 0.5000000000000003300, 0.0000000000000000000, -0.8660254037844383700 ) ) ;
#681 = DIRECTION ( 'NONE',  ( 1.000000000000000000, 0.0000000000000000000, 0.0000000000000000000 ) ) ;
#682 = CARTESIAN_POINT ( 'NONE',  ( -7.438788952516018700, -53.17788678468788500, 20.00000000000000000 ) ) ;
#683 = VERTEX_POINT ( 'NONE', #287 ) ;
#684 = CARTESIAN_POINT ( 'NONE',  ( -7.567187180417577400, -53.53230214814212200, 20.00000000000000000 ) ) ;
#685 = CARTESIAN_POINT ( 'NONE',  ( 20.71324865405184900, -15.45000000000000100, -26.76018497693915100 ) ) ;
#686 = ORIENTED_EDGE ( 'NONE', *, *, #1843, .F. ) ;
#687 = PLANE ( 'NONE',  #1461 ) ;
#688 = VERTEX_POINT ( 'NONE', #288 ) ;
#689 = VERTEX_POINT ( 'NONE', #290 ) ;
#690 = DIRECTION ( 'NONE',  ( 0.0000000000000000000, 0.8660254037844389300, -0.4999999999999996700 ) ) ;
#691 = ORIENTED_EDGE ( 'NONE', *, *, #2405, .T. ) ;
#692 = CARTESIAN_POINT ( 'NONE',  ( 7.012519512684133500, -33.95200022295274800, 19.25483643698501300 ) ) ;
#693 = VERTEX_POINT ( 'NONE', #294 ) ;
#694 = PLANE ( 'NONE',  #1829 ) ;
#695 = CARTESIAN_POINT ( 'NONE',  ( -7.599999999999999600, 96.60742682738690200, 0.0000000000000000000 ) ) ;
#696 = VERTEX_POINT ( 'NONE', #2404 ) ;
#697 = EDGE_LOOP ( 'NONE', ( #1080 ) ) ;
#698 = CARTESIAN_POINT ( 'NONE',  ( -14.00000000000000000, 0.0000000000000000000, 20.00000000000000000 ) ) ;
#699 = VERTEX_POINT ( 'NONE', #295 ) ;
#700 = EDGE_CURVE ( 'NONE', #734, #734, #2718, .T. ) ;
#701 = PLANE ( 'NONE',  #933 ) ;
#702 = DIRECTION ( 'NONE',  ( -1.000000000000000000, 0.0000000000000000000, -6.123031769111888800E-017 ) ) ;
#703 = ORIENTED_EDGE ( 'NONE', *, *, #943, .T. ) ;
#704 = CARTESIAN_POINT ( 'NONE',  ( 6.800003606848773300, -34.05617286386678400, 19.06997994809783800 ) ) ;
#705 = CARTESIAN_POINT ( 'NONE',  ( -7.599999999999999600, -53.90964663211959600, 20.00000000000000000 ) ) ;
#706 = ORIENTED_EDGE ( 'NONE', *, *, #2412, .T. ) ;
#707 = CARTESIAN_POINT ( 'NONE',  ( -22.00000000000000000, 78.50000000000000000, -4.806579938752829900E-015 ) ) ;
#708 = DIRECTION ( 'NONE',  ( 0.0000000000000000000, 0.0000000000000000000, 1.000000000000000000 ) ) ;
#709 = DIRECTION ( 'NONE',  ( -6.123031769111887500E-017, -0.4999999999999998900, -0.8660254037844387100 ) ) ;
#710 = VERTEX_POINT ( 'NONE', #297 ) ;
#711 = EDGE_LOOP ( 'NONE', ( #2031, #2721, #1592, #343, #171, #13 ) ) ;
#712 = ADVANCED_FACE ( 'E858', ( #2690, #2703 ), #1579, .F. ) ;
#713 = CARTESIAN_POINT ( 'NONE',  ( 6.651075004273764100, -34.08637507382109500, 19.01564681361065500 ) ) ;
#714 = VERTEX_POINT ( 'NONE', #298 ) ;
#715 = DIRECTION ( 'NONE',  ( 0.0000000000000000000, 0.0000000000000000000, -1.000000000000000000 ) ) ;
#716 = CARTESIAN_POINT ( 'NONE',  ( 18.00000000000000000, 0.0000000000000000000, 2.449212707644754900E-015 ) ) ;
#717 = CARTESIAN_POINT ( 'NONE',  ( 23.59999999999999800, -15.11170000000000100, -26.17423218873860000 ) ) ;
#718 = VERTEX_POINT ( 'NONE', #302 ) ;
#719 = DIRECTION ( 'NONE',  ( 0.5000000000000003300, 0.0000000000000000000, -0.8660254037844383700 ) ) ;
#720 = CARTESIAN_POINT ( 'NONE',  ( 6.347752517176284700, -34.08622439388109600, 19.01591691145024800 ) ) ;
#721 = CARTESIAN_POINT ( 'NONE',  ( 5.987089798459519900, -33.95162235374205300, 19.25550297570642000 ) ) ;
#722 = VERTEX_POINT ( 'NONE', #1593 ) ;
#723 = VERTEX_POINT ( 'NONE', #304 ) ;
#724 = DIRECTION ( 'NONE',  ( 1.000000000000000000, 0.0000000000000000000, 6.123031769111888800E-017 ) ) ;
#725 = DIRECTION ( 'NONE',  ( -6.033820786006285200E-017, 0.0000000000000000000, 1.000000000000000000 ) ) ;
#726 = VERTEX_POINT ( 'NONE', #307 ) ;
#727 = ORIENTED_EDGE ( 'NONE', *, *, #700, .T. ) ;
#728 = CARTESIAN_POINT ( 'NONE',  ( -7.599999999999999600, -53.90964663211959600, 20.00000000000000000 ) ) ;
#729 = EDGE_CURVE ( 'E1146', #1638, #353, #2713, .T. ) ;
#730 = DIRECTION ( 'NONE',  ( -1.000000000000000000, 0.0000000000000000000, -4.807406715958909300E-016 ) ) ;
#731 = DIRECTION ( 'NONE',  ( -6.123031769111887500E-017, -0.4999999999999998900, -0.8660254037844387100 ) ) ;
#732 = ORIENTED_EDGE ( 'NONE', *, *, #2412, .F. ) ;
#733 = CARTESIAN_POINT ( 'NONE',  ( 25.04337567297405100, 30.90000000000000200, -2.500000000000000000 ) ) ;
#734 = VERTEX_POINT ( 'NONE', #309 ) ;
#735 = CARTESIAN_POINT ( 'NONE',  ( 5.924946933211398200, -33.87741618956853500, 19.38605146131928700 ) ) ;
#736 = DIRECTION ( 'NONE',  ( 0.0000000000000000000, 0.0000000000000000000, -1.000000000000000000 ) ) ;
#737 = VERTEX_POINT ( 'NONE', #312 ) ;
#738 = CARTESIAN_POINT ( 'NONE',  ( 25.04337567297405100, 29.42500000000000100, 2.500000000000000000 ) ) ;
#739 = EDGE_CURVE ( 'E1139', #353, #1270, #2684, .T. ) ;
#740 = PRODUCT_RELATED_PRODUCT_CATEGORY ( 'detail', '', ( #2698 ) ) ;
#741 = CARTESIAN_POINT ( 'NONE',  ( 26.48675134594815000, 30.90000000000000200, 1.767567020076690100E-016 ) ) ;
#742 = VERTEX_POINT ( 'NONE', #315 ) ;
#743 = CARTESIAN_POINT ( 'NONE',  ( -22.00000000000000000, 88.05414012738860700, -17.57038435624629700 ) ) ;
#744 = EDGE_CURVE ( 'NONE', #726, #726, #2104, .T. ) ;
#745 = DIRECTION ( 'NONE',  ( -0.4999999999999998900, 0.0000000000000000000, -0.8660254037844387100 ) ) ;
#746 = VERTEX_POINT ( 'NONE', #316 ) ;
#747 = VERTEX_POINT ( 'NONE', #318 ) ;
#748 = ORIENTED_EDGE ( 'NONE', *, *, #2403, .T. ) ;
#749 = CARTESIAN_POINT ( 'NONE',  ( 25.04337567297405100, 30.90000000000000200, 2.500000000000000000 ) ) ;
#750 = CC_DESIGN_SECURITY_CLASSIFICATION ( #780, ( #812 ) ) ;
#751 = VERTEX_POINT ( 'NONE', #321 ) ;
#752 = CARTESIAN_POINT ( 'NONE',  ( 7.075000000000000200, -33.87844368754152700, 19.38427021910757700 ) ) ;
#753 = ORIENTED_EDGE ( 'NONE', *, *, #700, .F. ) ;
#754 = PLANE ( 'NONE',  #1837 ) ;
#755 = CC_DESIGN_APPROVAL ( #759, ( #780 ) ) ;
#756 = ORIENTED_EDGE ( 'NONE', *, *, #895, .T. ) ;
#757 = DIRECTION ( 'NONE',  ( 0.06162841671621927000, 0.7044160264027586900, 0.7071067811865476800 ) ) ;
#758 = ORIENTED_EDGE ( 'NONE', *, *, #943, .F. ) ;
#759 = APPROVAL ( #170, 'UNSPECIFIED' ) ;
#760 = CARTESIAN_POINT ( 'NONE',  ( 26.48675134594815000, 30.90000000000000200, 1.767567020076690100E-016 ) ) ;
#761 = ORIENTED_EDGE ( 'NONE', *, *, #2309, .T. ) ;
#762 = VERTEX_POINT ( 'NONE', #333 ) ;
#763 = CC_DESIGN_DATE_AND_TIME_ASSIGNMENT ( #432, #172, ( #780 ) ) ;
#764 = CARTESIAN_POINT ( 'NONE',  ( 23.59999999999999800, 30.22340000000000200, 0.0000000000000000000 ) ) ;
#765 = VERTEX_POINT ( 'NONE', #334 ) ;
#766 = EDGE_CURVE ( 'NONE', #723, #723, #2683, .T. ) ;
#767 = DIRECTION ( 'NONE',  ( -6.123031769111888800E-017, 1.000000000000000000, 0.0000000000000000000 ) ) ;
#768 = CARTESIAN_POINT ( 'NONE',  ( 5.925053138758291200, -33.72731635732900900, 19.64602886780955500 ) ) ;
#769 = VERTEX_POINT ( 'NONE', #337 ) ;
#770 = ORIENTED_EDGE ( 'NONE', *, *, #1055, .F. ) ;
#771 = DIRECTION ( 'NONE',  ( 0.0000000000000000000, -1.000000000000000000, 0.0000000000000000000 ) ) ;
#772 = CARTESIAN_POINT ( 'NONE',  ( 9.457354177779910400, 39.51773908119475500, 39.66869042456529800 ) ) ;
#773 = CARTESIAN_POINT ( 'NONE',  ( 5.986227868528894500, -33.65184529239441200, 19.77474674694493800 ) ) ;
#774 = CARTESIAN_POINT ( 'NONE',  ( 11.50000000000000000, 0.0000000000000000000, 0.0000000000000000000 ) ) ;
#775 = DIRECTION ( 'NONE',  ( 0.0000000000000000000, 0.0000000000000000000, 1.000000000000000000 ) ) ;
#776 = VERTEX_POINT ( 'NONE', #340 ) ;
#777 = DIRECTION ( 'NONE',  ( -0.06162841671621905500, -0.7044160264027592400, 0.7071067811865470200 ) ) ;
#778 = ORIENTED_EDGE ( 'NONE', *, *, #1055, .T. ) ;
#779 = CC_DESIGN_PERSON_AND_ORGANIZATION_ASSIGNMENT ( #452, #174, ( #780 ) ) ;
#780 = SECURITY_CLASSIFICATION ( '', '', #176 ) ;
#781 = DIRECTION ( 'NONE',  ( -0.06162841671621931800, -0.7044160264027589100, 0.7071067811865473500 ) ) ;
#782 = CARTESIAN_POINT ( 'NONE',  ( -6.000000000000000000, 78.50000000000000000, 0.0000000000000000000 ) ) ;
#783 = CARTESIAN_POINT ( 'NONE',  ( 22.15662432702595200, -13.28493649053890000, -28.01018497693914700 ) ) ;
#784 = VERTEX_POINT ( 'NONE', #366 ) ;
#785 = CC_DESIGN_PERSON_AND_ORGANIZATION_ASSIGNMENT ( #454, #178, ( #812 ) ) ;
#786 = EDGE_CURVE ( 'NONE', #718, #718, #2680, .T. ) ;
#787 = ORIENTED_EDGE ( 'NONE', *, *, #1755, .F. ) ;
#788 = CARTESIAN_POINT ( 'NONE',  ( 6.198948725133778500, -34.05584440868917500, 19.07056676949352400 ) ) ;
#789 = VERTEX_POINT ( 'NONE', #346 ) ;
#790 = ORIENTED_EDGE ( 'NONE', *, *, #1491, .F. ) ;
#791 = CC_DESIGN_PERSON_AND_ORGANIZATION_ASSIGNMENT ( #458, #179, ( #812 ) ) ;
#792 = VERTEX_POINT ( 'NONE', #351 ) ;
#793 = EDGE_CURVE ( 'NONE', #714, #714, #1832, .T. ) ;
#794 = CARTESIAN_POINT ( 'NONE',  ( 25.04337567297405100, 30.90000000000000200, 2.500000000000000000 ) ) ;
#795 = ORIENTED_EDGE ( 'NONE', *, *, #895, .F. ) ;
#796 = DIRECTION ( 'NONE',  ( 0.06162841671621927000, 0.7044160264027586900, 0.7071067811865476800 ) ) ;
#797 = CC_DESIGN_APPROVAL ( #802, ( #812 ) ) ;
#798 = DIRECTION ( 'NONE',  ( 0.0000000000000000000, 0.0000000000000000000, -1.000000000000000000 ) ) ;
#799 = ORIENTED_EDGE ( 'NONE', *, *, #2336, .T. ) ;
#800 = FACE_BOUND ( 'NONE', #2347, .T. ) ;
#801 = DIRECTION ( 'NONE',  ( 1.000000000000000000, 0.0000000000000000000, 0.0000000000000000000 ) ) ;
#802 = APPROVAL ( #186, 'UNSPECIFIED' ) ;
#803 = ORIENTED_EDGE ( 'NONE', *, *, #575, .F. ) ;
#804 = FACE_OUTER_BOUND ( 'NONE', #2877, .T. ) ;
#805 = DIRECTION ( 'NONE',  ( 0.0000000000000000000, -1.000000000000000000, 0.0000000000000000000 ) ) ;
#806 = ORIENTED_EDGE ( 'NONE', *, *, #441, .F. ) ;
#807 = CARTESIAN_POINT ( 'NONE',  ( -6.000000000000000000, 0.0000000000000000000, 0.0000000000000000000 ) ) ;
#808 = CARTESIAN_POINT ( 'NONE',  ( 6.201015460351452000, -33.54262456441794900, 19.95944983759733300 ) ) ;
#809 = DIRECTION ( 'NONE',  ( 1.000000000000000000, 0.0000000000000000000, 0.0000000000000000000 ) ) ;
#810 = DIRECTION ( 'NONE',  ( 0.0000000000000000000, 0.0000000000000000000, -1.000000000000000000 ) ) ;
#811 = CARTESIAN_POINT ( 'NONE',  ( 6.350307227965908300, -33.51125905585943300, 20.01177917844166400 ) ) ;
#812 = PRODUCT_DEFINITION_FORMATION_WITH_SPECIFIED_SOURCE ( 'ANY', '', #2698, .NOT_KNOWN. ) ;
#813 = DIRECTION ( 'NONE',  ( 0.0000000000000000000, -1.000000000000000000, 0.0000000000000000000 ) ) ;
#814 = CARTESIAN_POINT ( 'NONE',  ( 23.59999999999999800, 30.90000000000000200, 0.0000000000000000000 ) ) ;
#815 = DIRECTION ( 'NONE',  ( 1.000000000000000000, 0.0000000000000000000, 0.0000000000000000000 ) ) ;
#816 = CARTESIAN_POINT ( 'NONE',  ( 18.00000000000000000, -88.05414012738860700, 17.57038435624629700 ) ) ;
#817 = CC_DESIGN_DATE_AND_TIME_ASSIGNMENT ( #492, #189, ( #844 ) ) ;
#818 = CARTESIAN_POINT ( 'NONE',  ( -7.599999999999999600, -27.46815286624205000, -50.51485502420809600 ) ) ;
#819 = FACE_OUTER_BOUND ( 'NONE', #3, .T. ) ;
#820 = CARTESIAN_POINT ( 'NONE',  ( -7.599999999999999600, 27.46815286624205000, 50.51485502420809600 ) ) ;
#821 = ORIENTED_EDGE ( 'NONE', *, *, #2707, .F. ) ;
#822 = FACE_OUTER_BOUND ( 'NONE', #115, .T. ) ;
#823 = CC_DESIGN_PERSON_AND_ORGANIZATION_ASSIGNMENT ( #513, #196, ( #844 ) ) ;
#824 = CARTESIAN_POINT ( 'NONE',  ( -23.00000000000000000, -78.50000000000000000, 0.0000000000000000000 ) ) ;
#825 = ADVANCED_FACE ( 'E1435', ( #2679 ), #2676, .F. ) ;
#826 = CC_DESIGN_APPROVAL ( #830, ( #844 ) ) ;
#827 = DIRECTION ( 'NONE',  ( 1.000000000000000000, 0.0000000000000000000, 0.0000000000000000000 ) ) ;
#828 = DIRECTION ( 'NONE',  ( 2.925015176327334500E-017, -0.8785192178123140100, -0.4777070063694270300 ) ) ;
#829 = CARTESIAN_POINT ( 'NONE',  ( -22.00000000000000000, 88.05414012738860700, -17.57038435624629700 ) ) ;
#830 = APPROVAL ( #201, 'UNSPECIFIED' ) ;
#831 = VERTEX_POINT ( 'NONE', #349 ) ;
#832 = DIRECTION ( 'NONE',  ( 0.0000000000000000000, -1.000000000000000000, 0.0000000000000000000 ) ) ;
#833 = ORIENTED_EDGE ( 'NONE', *, *, #616, .F. ) ;
#834 = DIRECTION ( 'NONE',  ( -0.4999999999999998900, 0.0000000000000000000, -0.8660254037844387100 ) ) ;
#835 = CYLINDRICAL_SURFACE ( 'NONE', #937, 57.50000000000000000 ) ;
#836 = ORIENTED_EDGE ( 'NONE', *, *, #399, .T. ) ;
#837 = CARTESIAN_POINT ( 'NONE',  ( 9.457354177779910400, 39.51773908119475500, 39.66869042456529800 ) ) ;
#838 = CARTESIAN_POINT ( 'NONE',  ( -22.00000000000000000, -88.05414012738860700, -17.57038435624629700 ) ) ;
#839 = VECTOR ( 'NONE', #680, 1000.000000000000100 ) ;
#840 = DIRECTION ( 'NONE',  ( 0.0000000000000000000, -1.000000000000000000, 0.0000000000000000000 ) ) ;
#841 = CARTESIAN_POINT ( 'NONE',  ( -7.599999999999999600, 0.0000000000000000000, 0.0000000000000000000 ) ) ;
#842 = ORIENTED_EDGE ( 'NONE', *, *, #466, .T. ) ;
#843 = LINE ( 'NONE', #675, #839 ) ;
#844 = PRODUCT_DEFINITION ( 'UNKNOWN', '', #812, #152 ) ;
#845 = ORIENTED_EDGE ( 'NONE', *, *, #352, .T. ) ;
#846 = DIRECTION ( 'NONE',  ( 0.0000000000000000000, 0.0000000000000000000, 1.000000000000000000 ) ) ;
#847 = DIRECTION ( 'NONE',  ( -0.0000000000000000000, -1.000000000000000000, -0.0000000000000000000 ) ) ;
#848 = DIRECTION ( 'NONE',  ( -1.000000000000000000, 0.0000000000000000000, 0.0000000000000000000 ) ) ;
#849 = ORIENTED_EDGE ( 'NONE', *, *, #2563, .T. ) ;
#850 = DIRECTION ( 'NONE',  ( 0.0000000000000000000, 0.0000000000000000000, 1.000000000000000000 ) ) ;
#851 = CARTESIAN_POINT ( 'NONE',  ( 6.800444655995476300, -33.54332196733703600, 19.95827137446939400 ) ) ;
#852 = FACE_OUTER_BOUND ( 'NONE', #1420, .T. ) ;
#853 = DIRECTION ( 'NONE',  ( -1.000000000000000000, 0.0000000000000000000, 0.0000000000000000000 ) ) ;
#854 = CC_DESIGN_PERSON_AND_ORGANIZATION_ASSIGNMENT ( #539, #207, ( #2698 ) ) ;
#855 = ORIENTED_EDGE ( 'NONE', *, *, #2371, .F. ) ;
#856 = AXIS2_PLACEMENT_3D ( 'NONE', #369, #232, #210 ) ;
#857 = CARTESIAN_POINT ( 'NONE',  ( 23.59999999999999800, 25.67660000000000100, 0.0000000000000000000 ) ) ;
#858 = ORIENTED_EDGE ( 'NONE', *, *, #2509, .F. ) ;
#859 = CYLINDRICAL_SURFACE ( 'NONE', #955, 3.000000000000000000 ) ;
#860 = CARTESIAN_POINT ( 'NONE',  ( 6.650303786881910800, -33.51134078629753100, 20.01164231391978600 ) ) ;
#861 = CARTESIAN_POINT ( 'NONE',  ( 26.48675134594815000, 29.42500000000000100, 1.767567020076690100E-016 ) ) ;
#862 = EDGE_CURVE ( 'NONE', #710, #710, #2723, .T. ) ;
#863 = CARTESIAN_POINT ( 'NONE',  ( -22.00000000000000000, 27.46815286624205000, -50.51485502420809600 ) ) ;
#864 = FACE_OUTER_BOUND ( 'NONE', #226, .T. ) ;
#865 = ORIENTED_EDGE ( 'NONE', *, *, #616, .T. ) ;
#866 = DIRECTION ( 'NONE',  ( 0.0000000000000000000, 0.0000000000000000000, -1.000000000000000000 ) ) ;
#867 = CARTESIAN_POINT ( 'NONE',  ( 20.71324865405184900, 29.42500000000000100, -1.110223024625155900E-015 ) ) ;
#868 = FACE_OUTER_BOUND ( 'NONE', #2694, .T. ) ;
#869 = CARTESIAN_POINT ( 'NONE',  ( -6.000000000000000000, 0.0000000000000000000, 0.0000000000000000000 ) ) ;
#870 = VERTEX_POINT ( 'NONE', #2030 ) ;
#871 = CYLINDRICAL_SURFACE ( 'NONE', #960, 2.458750000000002900 ) ;
#872 = AXIS2_PLACEMENT_3D ( 'NONE', #645, #359, #355 ) ;
#873 = DIRECTION ( 'NONE',  ( 1.000000000000000000, 0.0000000000000000000, 0.0000000000000000000 ) ) ;
#874 = ORIENTED_EDGE ( 'NONE', *, *, #557, .F. ) ;
#875 = CARTESIAN_POINT ( 'NONE',  ( -7.599999999999999600, 96.60742682738690200, -20.00000000000000000 ) ) ;
#876 = VECTOR ( 'NONE', #745, 1000.000000000000000 ) ;
#877 = LINE ( 'NONE', #741, #876 ) ;
#878 = DIRECTION ( 'NONE',  ( 0.0000000000000000000, 0.0000000000000000000, -1.000000000000000000 ) ) ;
#879 = EDGE_CURVE ( 'NONE', #699, #699, #2663, .T. ) ;
#880 = FACE_OUTER_BOUND ( 'NONE', #155, .T. ) ;
#881 = DIRECTION ( 'NONE',  ( 0.0000000000000000000, -1.000000000000000000, 0.0000000000000000000 ) ) ;
#882 = CARTESIAN_POINT ( 'NONE',  ( 23.59999999999999800, 25.00000000000000000, 0.0000000000000000000 ) ) ;
#883 = CARTESIAN_POINT ( 'NONE',  ( 25.04337567297405100, 30.90000000000000200, -2.500000000000000000 ) ) ;
#884 = CARTESIAN_POINT ( 'NONE',  ( -23.00000000000000000, 0.0000000000000000000, 0.0000000000000000000 ) ) ;
#885 =( GEOMETRIC_REPRESENTATION_CONTEXT ( 3 ) GLOBAL_UNCERTAINTY_ASSIGNED_CONTEXT ( ( #1042 ) ) GLOBAL_UNIT_ASSIGNED_CONTEXT ( ( #227, #225, #222 ) ) REPRESENTATION_CONTEXT ( 'NONE', 'WORKASPACE' ) );
#886 = CARTESIAN_POINT ( 'NONE',  ( -6.000000000000000000, -78.50000000000000000, 20.00000000000000000 ) ) ;
#887 = DIRECTION ( 'NONE',  ( 1.000000000000000000, 0.0000000000000000000, 0.0000000000000000000 ) ) ;
#888 = ORIENTED_EDGE ( 'NONE', *, *, #1225, .T. ) ;
#889 = EDGE_CURVE ( 'NONE', #693, #693, #360, .T. ) ;
#890 = CARTESIAN_POINT ( 'NONE',  ( 7.012654954973307900, -33.65132234925054900, 19.77563017980037000 ) ) ;
#891 = CARTESIAN_POINT ( 'NONE',  ( 28.99691932098525300, 30.85757636149334700, -1.627608067883600700 ) ) ;
#892 = DIRECTION ( 'NONE',  ( 2.925015176327334500E-017, -0.8785192178123141200, -0.4777070063694270300 ) ) ;
#893 = AXIS2_PLACEMENT_3D ( 'NONE', #646, #670, #639 ) ;
#894 = CARTESIAN_POINT ( 'NONE',  ( 22.15662432702595200, -17.61506350946109800, -25.51018497693915100 ) ) ;
#895 = EDGE_CURVE ( 'NONE', #689, #689, #2666, .T. ) ;
#896 = CARTESIAN_POINT ( 'NONE',  ( 20.71324865405184900, -14.71250000000000000, -25.48279750635710200 ) ) ;
#897 = ORIENTED_EDGE ( 'NONE', *, *, #575, .T. ) ;
#898 = CYLINDRICAL_SURFACE ( 'NONE', #965, 9.499999999999994700 ) ;
#899 = DIRECTION ( 'NONE',  ( 1.000000000000000000, 5.828670879282079700E-016, -3.365184701171235300E-016 ) ) ;
#900 = CARTESIAN_POINT ( 'NONE',  ( 7.074999999999997500, -33.80246798744079900, 19.51586399182264500 ) ) ;
#901 = FACE_OUTER_BOUND ( 'NONE', #963, .T. ) ;
#902 = DIRECTION ( 'NONE',  ( 0.0000000000000000000, -1.000000000000000000, 0.0000000000000000000 ) ) ;
#903 = ORIENTED_EDGE ( 'NONE', *, *, #1004, .F. ) ;
#904 = CARTESIAN_POINT ( 'NONE',  ( -6.159999999999999300, 0.0000000000000000000, 0.0000000000000000000 ) ) ;
#905 = VERTEX_POINT ( 'NONE', #2201 ) ;
#906 = CARTESIAN_POINT ( 'NONE',  ( 25.04337567297405100, -17.61506350946109800, -25.51018497693915100 ) ) ;
#907 = FACE_BOUND ( 'NONE', #100, .T. ) ;
#908 = CARTESIAN_POINT ( 'NONE',  ( -6.235363776989840000, 52.37313117759679700, 20.00000000000000000 ) ) ;
#909 = FACE_OUTER_BOUND ( 'NONE', #71, .T. ) ;
#910 = CARTESIAN_POINT ( 'NONE',  ( 7.074999999999996600, -33.72649228734006500, 19.64745776453771200 ) ) ;
#911 = AXIS2_PLACEMENT_3D ( 'NONE', #695, #663, #660 ) ;
#912 = ORIENTED_EDGE ( 'NONE', *, *, #1975, .F. ) ;
#913 = DIRECTION ( 'NONE',  ( 2.925015176327334500E-017, 0.8785192178123141200, -0.4777070063694270300 ) ) ;
#914 = CYLINDRICAL_SURFACE ( 'NONE', #976, 51.75000000000000000 ) ;
#915 = CARTESIAN_POINT ( 'NONE',  ( 25.04337567297405100, 30.90000000000000200, -2.500000000000000000 ) ) ;
#916 = ORIENTED_EDGE ( 'NONE', *, *, #2364, .T. ) ;
#917 = CIRCLE ( 'NONE', #981, 4.323399999999999500 ) ;
#918 = CARTESIAN_POINT ( 'NONE',  ( 20.71324865405184900, 30.90000000000000200, -1.110223024625155900E-015 ) ) ;
#919 = DIRECTION ( 'NONE',  ( 0.0000000000000000000, -1.000000000000000000, 0.0000000000000000000 ) ) ;
#920 = CARTESIAN_POINT ( 'NONE',  ( -7.599999999999999600, 53.90964663211959600, -20.00000000000000000 ) ) ;
#921 = FACE_OUTER_BOUND ( 'NONE', #1663, .T. ) ;
#922 = ORIENTED_CLOSED_SHELL ( 'NONE', *, #562, .F. );
#923 = FACE_OUTER_BOUND ( 'NONE', #502, .T. ) ;
#924 = EDGE_LOOP ( 'NONE', ( #1199 ) ) ;
#925 = CARTESIAN_POINT ( 'NONE',  ( -6.000000000000000000, 78.50000000000000000, -20.00000000000000000 ) ) ;
#926 = CARTESIAN_POINT ( 'NONE',  ( 22.15662432702595200, -12.54743649053890000, -26.73279750635709800 ) ) ;
#927 = VERTEX_POINT ( 'NONE', #2203 ) ;
#928 = CARTESIAN_POINT ( 'NONE',  ( 22.15662432702595200, 30.90000000000000200, -2.500000000000000000 ) ) ;
#929 = CARTESIAN_POINT ( 'NONE',  ( -22.00000000000000000, 27.46815286624205000, 50.51485502420809600 ) ) ;
#930 = DIRECTION ( 'NONE',  ( 0.0000000000000000000, 0.4999999999999998900, 0.8660254037844387100 ) ) ;
#931 = FACE_OUTER_BOUND ( 'NONE', #1132, .T. ) ;
#932 = DIRECTION ( 'NONE',  ( 0.4999999999999998900, 0.0000000000000000000, 0.8660254037844387100 ) ) ;
#933 = AXIS2_PLACEMENT_3D ( 'NONE', #698, #708, #681 ) ;
#934 = CIRCLE ( 'NONE', #985, 5.000000000000000000 ) ;
#935 = CARTESIAN_POINT ( 'NONE',  ( -6.000000000000000000, -52.35830808576570000, -20.00000000000000000 ) ) ;
#936 = DIRECTION ( 'NONE',  ( -5.379201080440129500E-017, -0.4777070063694270900, 0.8785192178123141200 ) ) ;
#937 = AXIS2_PLACEMENT_3D ( 'NONE', #716, #702, #725 ) ;
#938 = DIRECTION ( 'NONE',  ( 1.224606353822375800E-016, 0.0000000000000000000, -1.000000000000000000 ) ) ;
#939 = DIRECTION ( 'NONE',  ( 0.0000000000000000000, -1.000000000000000000, 0.0000000000000000000 ) ) ;
#940 = SHAPE_DEFINITION_REPRESENTATION ( #2465, #198 ) ;
#941 = DIRECTION ( 'NONE',  ( 1.000000000000000000, 0.0000000000000000000, 0.0000000000000000000 ) ) ;
#942 = EDGE_CURVE ( 'NONE', #688, #688, #2668, .T. ) ;
#943 = EDGE_CURVE ( 'NONE', #683, #683, #2656, .T. ) ;
#944 = CARTESIAN_POINT ( 'NONE',  ( 20.71324865405184900, 29.42500000000000100, -5.302701060230069700E-016 ) ) ;
#945 = DIRECTION ( 'NONE',  ( 0.0000000000000000000, 1.000000000000000000, 0.0000000000000000000 ) ) ;
#946 = VECTOR ( 'NONE', #899, 1000.000000000000000 ) ;
#947 = CARTESIAN_POINT ( 'NONE',  ( 11.50000000000000000, 34.93500656481139500, 35.77073267793915100 ) ) ;
#948 = CARTESIAN_POINT ( 'NONE',  ( -22.00000000000000000, -27.46815286624200100, 50.51485502420809600 ) ) ;
#949 = DIRECTION ( 'NONE',  ( 0.0000000000000000000, 0.8660254037844387100, -0.4999999999999996700 ) ) ;
#950 = ORIENTED_EDGE ( 'NONE', *, *, #1004, .T. ) ;
#951 = CARTESIAN_POINT ( 'NONE',  ( 22.15662432702595200, -13.28493649053890000, -28.01018497693914700 ) ) ;
#952 = CARTESIAN_POINT ( 'NONE',  ( -22.00000000000000000, -88.05414012738860700, -17.57038435624629700 ) ) ;
#953 = ORIENTED_EDGE ( 'NONE', *, *, #1542, .T. ) ;
#954 = FACE_OUTER_BOUND ( 'NONE', #2168, .T. ) ;
#955 = AXIS2_PLACEMENT_3D ( 'NONE', #837, #757, #781 ) ;
#956 = CARTESIAN_POINT ( 'NONE',  ( 17.99751440700366000, -16.17210488677170600, -26.33007830469280500 ) ) ;
#957 = VECTOR ( 'NONE', #930, 1000.000000000000000 ) ;
#958 = B_SPLINE_CURVE_WITH_KNOTS ( 'NONE', 3,
 ( #146, #2860, #159, #285, #212, #217, #219, #220, #197, #367, #164, #169, #192, #209 ),
 .UNSPECIFIED., .F., .F.,
 ( 4, 2, 2, 2, 2, 2, 4 ),
 ( 0.001546586494899054600, 0.002110216167874012300, 0.002673845840848970100, 0.002955660677336440100, 0.003237475513823910100, 0.003519290350311380200, 0.003801105186798850600 ),
 .UNSPECIFIED. ) ;
#959 = CARTESIAN_POINT ( 'NONE',  ( -7.599999999999999600, -53.90964663211959600, -20.00000000000000000 ) ) ;
#960 = AXIS2_PLACEMENT_3D ( 'NONE', #772, #796, #777 ) ;
#961 = CARTESIAN_POINT ( 'NONE',  ( 18.06063495215250100, -16.47519955657094200, -26.14391559245579400 ) ) ;
#962 = VERTEX_POINT ( 'NONE', #2226 ) ;
#963 = EDGE_LOOP ( 'NONE', ( #1220 ) ) ;
#964 = LINE ( 'NONE', #926, #946 ) ;
#965 = AXIS2_PLACEMENT_3D ( 'NONE', #824, #815, #832 ) ;
#966 = ORIENTED_EDGE ( 'NONE', *, *, #2364, .F. ) ;
#967 = CARTESIAN_POINT ( 'NONE',  ( 0.0000000000000000000, 0.0000000000000000000, 0.0000000000000000000 ) ) ;
#968 = CARTESIAN_POINT ( 'NONE',  ( 18.16189417465238900, -16.76317878860575000, -25.95985465129127700 ) ) ;
#969 = CARTESIAN_POINT ( 'NONE',  ( 18.43513292113008000, -17.31205656712582200, -25.59708799905894200 ) ) ;
#970 = ORIENTED_CLOSED_SHELL ( 'NONE', *, #564, .F. );
#971 = CARTESIAN_POINT ( 'NONE',  ( 18.60974985114436800, -17.57534857439143400, -25.41660396837351900 ) ) ;
#972 = ORIENTED_EDGE ( 'NONE', *, *, #557, .T. ) ;
#973 = FACE_OUTER_BOUND ( 'NONE', #1293, .T. ) ;
#974 = DIRECTION ( 'NONE',  ( 0.0000000000000000000, 1.000000000000000000, 0.0000000000000000000 ) ) ;
#975 = LINE ( 'NONE', #951, #957 ) ;
#976 = AXIS2_PLACEMENT_3D ( 'NONE', #884, #887, #840 ) ;
#977 = CARTESIAN_POINT ( 'NONE',  ( 20.71324865405184900, -14.71250000000000000, -25.48279750635710200 ) ) ;
#978 = ORIENTED_EDGE ( 'NONE', *, *, #942, .T. ) ;
#979 = PLANE ( 'NONE',  #1866 ) ;
#980 = CARTESIAN_POINT ( 'NONE',  ( 19.01524318914764000, -18.05632716206645200, -25.07719450442823100 ) ) ;
#981 = AXIS2_PLACEMENT_3D ( 'NONE', #814, #805, #798 ) ;
#982 = CARTESIAN_POINT ( 'NONE',  ( 18.00000000000000000, 78.50000000000000000, -2.357367231108075000E-015 ) ) ;
#983 = ORIENTED_EDGE ( 'NONE', *, *, #390, .T. ) ;
#984 = CYLINDRICAL_SURFACE ( 'NONE', #990, 20.00000000000000000 ) ;
#985 = AXIS2_PLACEMENT_3D ( 'NONE', #857, #847, #846 ) ;
#986 = ORIENTED_EDGE ( 'NONE', *, *, #532, .F. ) ;
#987 = CARTESIAN_POINT ( 'NONE',  ( 19.24622359169321600, -18.27600156896400600, -24.91706819386911300 ) ) ;
#988 = ORIENTED_EDGE ( 'NONE', *, *, #2423, .F. ) ;
#989 = CARTESIAN_POINT ( 'NONE',  ( 19.76299397390289400, -18.67683756040516800, -24.61804743412722400 ) ) ;
#990 = AXIS2_PLACEMENT_3D ( 'NONE', #982, #1029, #1007 ) ;
#991 = DIRECTION ( 'NONE',  ( 0.4999999999999999400, 0.7499999999999998900, -0.4330127018922194600 ) ) ;
#992 = CARTESIAN_POINT ( 'NONE',  ( 20.04467557586999900, -18.85432114706767600, -24.48188235053168100 ) ) ;
#993 = LINE ( 'NONE', #977, #997 ) ;
#994 = CARTESIAN_POINT ( 'NONE',  ( 20.64120615028361200, -19.16165831038314900, -24.24208819673258800 ) ) ;
#995 = FACE_OUTER_BOUND ( 'NONE', #2754, .T. ) ;
#996 = CARTESIAN_POINT ( 'NONE',  ( 0.0000000000000000000, 0.0000000000000000000, 0.0000000000000000000 ) ) ;
#997 = VECTOR ( 'NONE', #991, 1000.000000000000100 ) ;
#998 = AXIS2_PLACEMENT_3D ( 'NONE', #882, #881, #866 ) ;
#999 = AXIS2_PLACEMENT_3D ( 'NONE', #1012, #1036, #1107 ) ;
#1000 = CARTESIAN_POINT ( 'NONE',  ( 20.71324865405184900, 30.90000000000000200, -5.302701060230069700E-016 ) ) ;
#1001 = CIRCLE ( 'NONE', #998, 4.323399999999999500 ) ;
#1002 = CARTESIAN_POINT ( 'NONE',  ( 20.96048162646347600, -19.29356268474150200, -24.13684880257921300 ) ) ;
#1003 = TOROIDAL_SURFACE ( 'NONE', #999, 42.70074674683795000, 2.299999999999999800 ) ;
#1004 = EDGE_CURVE ( 'NONE', #678, #678, #2659, .T. ) ;
#1005 = CARTESIAN_POINT ( 'NONE',  ( 21.62252286647342800, -19.50830803108917200, -23.96361719258513600 ) ) ;
#1006 = FACE_OUTER_BOUND ( 'NONE', #2689, .T. ) ;
#1007 = DIRECTION ( 'NONE',  ( 0.0000000000000000000, 0.0000000000000000000, 1.000000000000000000 ) ) ;
#1008 = ORIENTED_EDGE ( 'NONE', *, *, #1129, .T. ) ;
#1009 = FACE_OUTER_BOUND ( 'NONE', #924, .T. ) ;
#1010 = CARTESIAN_POINT ( 'NONE',  ( 21.96226201574327100, -19.59071022008966200, -23.89602236409893300 ) ) ;
#1011 = FACE_OUTER_BOUND ( 'NONE', #2366, .T. ) ;
#1012 = CARTESIAN_POINT ( 'NONE',  ( 9.199999999999999300, 0.0000000000000000000, 8.449783841374400300E-016 ) ) ;
#1013 = CARTESIAN_POINT ( 'NONE',  ( 22.65860633762155300, -19.70838103239717000, -23.79906571348735900 ) ) ;
#1014 = CARTESIAN_POINT ( 'NONE',  ( 23.01863478131273800, -19.74350572742491700, -23.76981610734367600 ) ) ;
#1015 = ORIENTED_EDGE ( 'NONE', *, *, #793, .T. ) ;
#1016 = CYLINDRICAL_SURFACE ( 'NONE', #1048, 9.499999999999994700 ) ;
#1017 = AXIS2_PLACEMENT_3D ( 'NONE', #1101, #1040, #1037 ) ;
#1018 = EDGE_CURVE ( 'NONE', #674, #674, #2652, .T. ) ;
#1019 = ORIENTED_EDGE ( 'NONE', *, *, #1129, .F. ) ;
#1020 = DIRECTION ( 'NONE',  ( 1.000000000000000000, 0.0000000000000000000, 1.224606353822375800E-016 ) ) ;
#1021 = CARTESIAN_POINT ( 'NONE',  ( 20.71324865405184900, 30.90000000000000200, -1.110223024625155900E-015 ) ) ;
#1022 = AXIS2_PLACEMENT_3D ( 'NONE', #967, #945, #941 ) ;
#1023 = VERTEX_POINT ( 'NONE', #2307 ) ;
#1024 = AXIS2_PLACEMENT_3D ( 'NONE', #1121, #1091, #1084 ) ;
#1025 = CARTESIAN_POINT ( 'NONE',  ( 23.73230588486319800, -19.76391970902989900, -23.75284517527982700 ) ) ;
#1026 = CARTESIAN_POINT ( 'NONE',  ( 24.08735646268564400, -19.74993776670847000, -23.76452033532875800 ) ) ;
#1027 = FACE_OUTER_BOUND ( 'NONE', #2673, .T. ) ;
#1028 = EDGE_CURVE ( 'NONE', #672, #672, #2671, .T. ) ;
#1029 = DIRECTION ( 'NONE',  ( -1.000000000000000000, 0.0000000000000000000, -6.123031769111888800E-017 ) ) ;
#1030 = FACE_BOUND ( 'NONE', #1911, .T. ) ;
#1031 = EDGE_LOOP ( 'NONE', ( #1972 ) ) ;
#1032 = CARTESIAN_POINT ( 'NONE',  ( 24.79388987131966000, -19.67341318036931600, -23.82790973609693100 ) ) ;
#1033 = CARTESIAN_POINT ( 'NONE',  ( 25.14760350005425600, -19.60988214268929800, -23.88043135295443200 ) ) ;
#1034 = FACE_OUTER_BOUND ( 'NONE', #2732, .T. ) ;
#1035 = SPHERICAL_SURFACE ( 'NONE', #1022, 45.00000000000000000 ) ;
#1036 = DIRECTION ( 'NONE',  ( -1.000000000000000000, 0.0000000000000000000, -2.449212707644755000E-016 ) ) ;
#1037 = DIRECTION ( 'NONE',  ( -2.925015176327332000E-017, 0.8785192178123143500, 0.4777070063694266500 ) ) ;
#1038 = CARTESIAN_POINT ( 'NONE',  ( 25.82426134797309200, -19.43670534890296200, -24.02159371135189000 ) ) ;
#1039 = VECTOR ( 'NONE', #1142, 1000.000000000000000 ) ;
#1040 = DIRECTION ( 'NONE',  ( 5.379201080440125200E-017, 0.4777070063694266500, -0.8785192178123143500 ) ) ;
#1041 = ORIENTED_EDGE ( 'NONE', *, *, #1028, .F. ) ;
#1042 = UNCERTAINTY_MEASURE_WITH_UNIT (LENGTH_MEASURE( 1.000000000000000100E-005 ), #227, 'distance_accuracy_value', 'NONE');
#1043 = AXIS2_PLACEMENT_3D ( 'NONE', #1137, #1116, #1112 ) ;
#1044 = CARTESIAN_POINT ( 'NONE',  ( 26.15037195638525300, -19.32705394191062700, -24.11025275257385300 ) ) ;
#1045 = CARTESIAN_POINT ( 'NONE',  ( 26.77743622199927700, -19.05874700344912000, -24.32290000236479300 ) ) ;
#1046 = EDGE_LOOP ( 'NONE', ( #91 ) ) ;
#1047 = ORIENTED_EDGE ( 'NONE', *, *, #532, .T. ) ;
#1048 = AXIS2_PLACEMENT_3D ( 'NONE', #1168, #1150, #1140 ) ;
#1049 = CARTESIAN_POINT ( 'NONE',  ( 27.07870529227542600, -18.89902412640741100, -24.44765334588749500 ) ) ;
#1050 = ORIENTED_EDGE ( 'NONE', *, *, #511, .F. ) ;
#1051 = CARTESIAN_POINT ( 'NONE',  ( 27.62862536489688000, -18.54014565592445500, -24.72091960482697500 ) ) ;
#1052 = DIRECTION ( 'NONE',  ( 0.0000000000000000000, 0.0000000000000000000, 1.000000000000000000 ) ) ;
#1053 = FACE_OUTER_BOUND ( 'NONE', #2824, .T. ) ;
#1054 = CARTESIAN_POINT ( 'NONE',  ( 27.88092299200787800, -18.33974121514355100, -24.87046915421530400 ) ) ;
#1055 = EDGE_CURVE ( 'NONE', #671, #671, #2648, .T. ) ;
#1056 = ORIENTED_EDGE ( 'NONE', *, *, #460, .F. ) ;
#1057 = CONICAL_SURFACE ( 'NONE', #1104, 5.000000000000000900, 0.7853981633974482800 ) ;
#1058 = CARTESIAN_POINT ( 'NONE',  ( 28.22303131228906600, -18.00398570175210400, -25.11345425859232700 ) ) ;
#1059 = FACE_OUTER_BOUND ( 'NONE', #166, .T. ) ;
#1060 = AXIS2_PLACEMENT_3D ( 'NONE', #1226, #1201, #1192 ) ;
#1061 = CARTESIAN_POINT ( 'NONE',  ( 28.33131283021776900, -17.88559139537058600, -25.19797178398360100 ) ) ;
#1062 = CARTESIAN_POINT ( 'NONE',  ( 28.53003565596494100, -17.64197301002625600, -25.36913380275511900 ) ) ;
#1063 = FACE_OUTER_BOUND ( 'NONE', #2406, .T. ) ;
#1064 = DIRECTION ( 'NONE',  ( -1.000000000000000000, 0.0000000000000000000, 0.0000000000000000000 ) ) ;
#1065 = PLANE ( 'NONE',  #1017 ) ;
#1066 = ORIENTED_EDGE ( 'NONE', *, *, #511, .T. ) ;
#1067 = ADVANCED_FACE ( 'E1373', ( #2657, #2650 ), #2339, .T. ) ;
#1068 = AXIS2_PLACEMENT_3D ( 'NONE', #1240, #1222, #1219 ) ;
#1069 = CARTESIAN_POINT ( 'NONE',  ( 28.62113485790919400, -17.51620363171931100, -25.45618344801878400 ) ) ;
#1070 = LINE ( 'NONE', #1159, #1081 ) ;
#1071 = ORIENTED_EDGE ( 'NONE', *, *, #460, .T. ) ;
#1072 = CARTESIAN_POINT ( 'NONE',  ( 28.86963700771069300, -17.12670566193508400, -25.72128719169413100 ) ) ;
#1073 = CARTESIAN_POINT ( 'NONE',  ( 29.00266258117276800, -16.85056962861689600, -25.90346296918872700 ) ) ;
#1074 = EDGE_CURVE ( 'NONE', #662, #662, #643, .T. ) ;
#1075 = CARTESIAN_POINT ( 'NONE',  ( 29.19615986082038000, -16.26294574365793700, -26.27637125525204500 ) ) ;
#1076 = FACE_OUTER_BOUND ( 'NONE', #325, .T. ) ;
#1077 = CARTESIAN_POINT ( 'NONE',  ( 29.25294759410223100, -15.96279659134477000, -26.45988674789860100 ) ) ;
#1078 = EDGE_LOOP ( 'NONE', ( #691 ) ) ;
#1079 = CARTESIAN_POINT ( 'NONE',  ( -14.00000000000000000, -78.50000000000000000, -20.00000000000000000 ) ) ;
#1080 = ORIENTED_EDGE ( 'NONE', *, *, #420, .F. ) ;
#1081 = VECTOR ( 'NONE', #1181, 1000.000000000000100 ) ;
#1082 = CARTESIAN_POINT ( 'NONE',  ( 29.28837385307574300, -15.34957003316115200, -26.82027556766239900 ) ) ;
#1083 = CARTESIAN_POINT ( 'NONE',  ( 29.26570387009067900, -15.03257411451459400, -26.99917744968490800 ) ) ;
#1084 = DIRECTION ( 'NONE',  ( 0.0000000000000000000, 0.0000000000000000000, -1.000000000000000000 ) ) ;
#1085 = CARTESIAN_POINT ( 'NONE',  ( 29.14195190596079500, -14.41371784650515800, -27.33456795541656000 ) ) ;
#1086 = CARTESIAN_POINT ( 'NONE',  ( 29.04199143859746700, -14.10986280028723000, -27.49241131408902600 ) ) ;
#1087 = EDGE_CURVE ( 'E264', #905, #364, #2647, .T. ) ;
#1088 = ORIENTED_EDGE ( 'NONE', *, *, #441, .T. ) ;
#1089 = CONICAL_SURFACE ( 'NONE', #1138, 5.000000000000000000, 0.7853981633974469500 ) ;
#1090 = CARTESIAN_POINT ( 'NONE',  ( 28.76649774835298600, -13.51404815217908600, -27.79013153345202600 ) ) ;
#1091 = DIRECTION ( 'NONE',  ( 1.000000000000000000, 0.0000000000000000000, 0.0000000000000000000 ) ) ;
#1092 = ORIENTED_EDGE ( 'NONE', *, *, #437, .F. ) ;
#1093 = FACE_BOUND ( 'NONE', #526, .T. ) ;
#1094 = CARTESIAN_POINT ( 'NONE',  ( 28.59414727434003800, -13.22975158387099400, -27.92615756724632100 ) ) ;
#1095 = CARTESIAN_POINT ( 'NONE',  ( 28.19006556883167000, -12.69547526148785500, -28.17306357722843700 ) ) ;
#1096 = VECTOR ( 'NONE', #1301, 1000.000000000000000 ) ;
#1097 = CARTESIAN_POINT ( 'NONE',  ( 27.95480277736151500, -12.44201283387744000, -28.28547791172566100 ) ) ;
#1098 = AXIS2_PLACEMENT_3D ( 'NONE', #1296, #1294, #1292 ) ;
#1099 = CARTESIAN_POINT ( 'NONE',  ( 27.44108184057735000, -11.98477448416262600, -28.48222471326380800 ) ) ;
#1100 = LINE ( 'NONE', #1155, #1039 ) ;
#1101 = CARTESIAN_POINT ( 'NONE',  ( 18.00000000000000000, 88.05414012738860700, -17.57038435624629700 ) ) ;
#1102 = VERTEX_POINT ( 'NONE', #2250 ) ;
#1103 = CARTESIAN_POINT ( 'NONE',  ( 27.16220647876298200, -11.77933778465950000, -28.56739180898753700 ) ) ;
#1104 = AXIS2_PLACEMENT_3D ( 'NONE', #1285, #1328, #1314 ) ;
#1105 = CARTESIAN_POINT ( 'NONE',  ( 26.56165653959917700, -11.41477783518784900, -28.71500514341968500 ) ) ;
#1106 = ORIENTED_EDGE ( 'NONE', *, *, #420, .T. ) ;
#1107 = DIRECTION ( 'NONE',  ( -2.449212707644755000E-016, 0.0000000000000000000, 1.000000000000000000 ) ) ;
#1108 = FACE_BOUND ( 'NONE', #1562, .T. ) ;
#1109 = CARTESIAN_POINT ( 'NONE',  ( 26.24216723039692000, -11.25769703209616100, -28.77660721851716400 ) ) ;
#1110 = CARTESIAN_POINT ( 'NONE',  ( 25.58468737949297600, -11.00143105144773200, -28.87554987001151800 ) ) ;
#1111 = LINE ( 'NONE', #1306, #1096 ) ;
#1112 = DIRECTION ( 'NONE',  ( -0.5000000000000001100, 0.7500000000000001100, -0.4330127018922190800 ) ) ;
#1113 = EDGE_CURVE ( 'E255', #905, #168, #2634, .T. ) ;
#1114 = AXIS2_PLACEMENT_3D ( 'NONE', #1351, #1344, #1341 ) ;
#1115 = CARTESIAN_POINT ( 'NONE',  ( 25.24352926745579500, -10.90050632337125300, -28.91357679226210600 ) ) ;
#1116 = DIRECTION ( 'NONE',  ( -0.8660254037844387100, -0.4330127018922196300, 0.2499999999999997500 ) ) ;
#1117 = EDGE_LOOP ( 'NONE', ( #1256 ) ) ;
#1118 = CARTESIAN_POINT ( 'NONE',  ( 24.53938564798171000, -10.75588240930520100, -28.96768811322528200 ) ) ;
#1119 = FACE_OUTER_BOUND ( 'NONE', #2644, .T. ) ;
#1120 = PLANE ( 'NONE',  #1024 ) ;
#1121 = CARTESIAN_POINT ( 'NONE',  ( -11.50000000000000000, 0.0000000000000000000, 0.0000000000000000000 ) ) ;
#1122 = CARTESIAN_POINT ( 'NONE',  ( 24.18549461643323900, -10.71395320645268100, -28.98312250455388300 ) ) ;
#1123 = CARTESIAN_POINT ( 'NONE',  ( 23.47422982551793800, -10.68854259667040900, -28.99250317898055200 ) ) ;
#1124 = ORIENTED_EDGE ( 'NONE', *, *, #793, .F. ) ;
#1125 = EDGE_CURVE ( 'NONE', #659, #659, #2077, .T. ) ;
#1126 = PLANE ( 'NONE',  #1043 ) ;
#1127 = CARTESIAN_POINT ( 'NONE',  ( 23.11410613782585300, -10.70547158549152500, -28.98629647116177200 ) ) ;
#1128 = ORIENTED_EDGE ( 'NONE', *, *, #2418, .F. ) ;
#1129 = EDGE_CURVE ( 'NONE', #657, #657, #2629, .T. ) ;
#1130 = CARTESIAN_POINT ( 'NONE',  ( 18.00000000000000000, 0.0000000000000000000, 0.0000000000000000000 ) ) ;
#1131 = CARTESIAN_POINT ( 'NONE',  ( 22.40306349909603900, -10.79931537129494700, -28.95146442743723400 ) ) ;
#1132 = EDGE_LOOP ( 'NONE', ( #1621 ) ) ;
#1133 = CARTESIAN_POINT ( 'NONE',  ( 22.05638518334383800, -10.87515658095069200, -28.92323215920648800 ) ) ;
#1134 = EDGE_LOOP ( 'NONE', ( #1124 ) ) ;
#1135 = CARTESIAN_POINT ( 'NONE',  ( -22.00000000000000000, 88.05414012738860700, 17.57038435624629700 ) ) ;
#1136 = CARTESIAN_POINT ( 'NONE',  ( 21.54942084902157600, -11.03122208102481700, -28.86390889498507300 ) ) ;
#1137 = CARTESIAN_POINT ( 'NONE',  ( 25.04337567297405100, -13.28493649053890000, -28.01018497693914700 ) ) ;
#1138 = AXIS2_PLACEMENT_3D ( 'NONE', #1338, #1392, #1347 ) ;
#1139 = CARTESIAN_POINT ( 'NONE',  ( 21.38262220596826800, -11.09033734102469300, -28.84128093616288200 ) ) ;
#1140 = DIRECTION ( 'NONE',  ( 0.0000000000000000000, -1.000000000000000000, 0.0000000000000000000 ) ) ;
#1141 = EDGE_LOOP ( 'NONE', ( #131 ) ) ;
#1142 = DIRECTION ( 'NONE',  ( 0.0000000000000000000, 0.4999999999999998900, 0.8660254037844387100 ) ) ;
#1143 = CARTESIAN_POINT ( 'NONE',  ( 21.05354645588163700, -11.22311752154531400, -28.78987150846597100 ) ) ;
#1144 = AXIS2_PLACEMENT_3D ( 'NONE', #1463, #1431, #1416 ) ;
#1145 = CARTESIAN_POINT ( 'NONE',  ( 20.89078464714213000, -11.29710886821941300, -28.76095801567168300 ) ) ;
#1146 = AXIS2_PLACEMENT_3D ( 'NONE', #1399, #1401, #1407 ) ;
#1147 = DIRECTION ( 'NONE',  ( 0.0000000000000000000, 0.0000000000000000000, -1.000000000000000000 ) ) ;
#1148 = CARTESIAN_POINT ( 'NONE',  ( 20.41943821353520500, -11.53664021243877600, -28.66610248441985900 ) ) ;
#1149 = FACE_OUTER_BOUND ( 'NONE', #173, .T. ) ;
#1150 = DIRECTION ( 'NONE',  ( 1.000000000000000000, 0.0000000000000000000, 0.0000000000000000000 ) ) ;
#1151 = ORIENTED_EDGE ( 'NONE', *, *, #2814, .F. ) ;
#1152 = CARTESIAN_POINT ( 'NONE',  ( 20.12448423736050900, -11.72062941956346400, -28.59174236999369600 ) ) ;
#1153 = CONICAL_SURFACE ( 'NONE', #1146, 4.323399999999999500, 0.7853981633974476100 ) ;
#1154 = ORIENTED_EDGE ( 'NONE', *, *, #67, .F. ) ;
#1155 = CARTESIAN_POINT ( 'NONE',  ( 20.71324865405184900, -15.45000000000000100, -26.76018497693915100 ) ) ;
#1156 = AXIS2_PLACEMENT_3D ( 'NONE', #1500, #1496, #1505 ) ;
#1157 = CARTESIAN_POINT ( 'NONE',  ( 19.57374667296406300, -12.13681346835926400, -28.41757633185984100 ) ) ;
#1158 = CARTESIAN_POINT ( 'NONE',  ( 19.31542661980963500, -12.37223612863561000, -28.31631538668495900 ) ) ;
#1159 = CARTESIAN_POINT ( 'NONE',  ( 22.15662432702595200, -16.87756350946110100, -24.23279750635709800 ) ) ;
#1160 = LINE ( 'NONE', #1393, #1193 ) ;
#1161 = CARTESIAN_POINT ( 'NONE',  ( 18.86120582760343800, -12.87530162947879700, -28.09114721492999300 ) ) ;
#1162 = ORIENTED_EDGE ( 'NONE', *, *, #2397, .F. ) ;
#1163 = CARTESIAN_POINT ( 'NONE',  ( -9.199999999999999300, 0.0000000000000000000, 2.816594613791470100E-016 ) ) ;
#1164 = VECTOR ( 'NONE', #1361, 1000.000000000000000 ) ;
#1165 = CARTESIAN_POINT ( 'NONE',  ( 18.66360967910564000, -13.14315366501093200, -27.96725149808698400 ) ) ;
#1166 = EDGE_CURVE ( 'E25', #1423, #233, #503, .T. ) ;
#1167 = FACE_OUTER_BOUND ( 'NONE', #2463, .T. ) ;
#1168 = CARTESIAN_POINT ( 'NONE',  ( -23.00000000000000000, 78.50000000000000000, 0.0000000000000000000 ) ) ;
#1169 = CARTESIAN_POINT ( 'NONE',  ( -6.000000000000000000, -52.35830808576570000, 20.00000000000000000 ) ) ;
#1170 = CARTESIAN_POINT ( 'NONE',  ( -6.078454586784034500, -52.36324920506385900, 20.00000000000000000 ) ) ;
#1171 = DIRECTION ( 'NONE',  ( 1.000000000000000000, 0.0000000000000000000, 0.0000000000000000000 ) ) ;
#1172 = CARTESIAN_POINT ( 'NONE',  ( 18.33031248177457300, -13.71176158596336200, -27.69290954069360200 ) ) ;
#1173 = ORIENTED_EDGE ( 'NONE', *, *, #399, .F. ) ;
#1174 = CARTESIAN_POINT ( 'NONE',  ( 18.19497405016711200, -14.01461523729809700, -27.54121066776041700 ) ) ;
#1175 = CARTESIAN_POINT ( 'NONE',  ( 18.00462842990997100, -14.62271526576203900, -27.22322397424517600 ) ) ;
#1176 = CARTESIAN_POINT ( 'NONE',  ( 17.94697867272884700, -14.93151225393595800, -27.05531217123194000 ) ) ;
#1177 = FACE_OUTER_BOUND ( 'NONE', #357, .T. ) ;
#1178 = EDGE_CURVE ( 'E1269', #403, #2049, #2640, .T. ) ;
#1179 = EDGE_CURVE ( 'E34', #518, #233, #2628, .T. ) ;
#1180 = CARTESIAN_POINT ( 'NONE',  ( -6.156909179115567500, -52.36819023564915900, 20.00000000000000000 ) ) ;
#1181 = DIRECTION ( 'NONE',  ( -0.5000000000000001100, 0.7500000000000001100, -0.4330127018922190800 ) ) ;
#1182 = CARTESIAN_POINT ( 'NONE',  ( 17.91144874999708500, -15.55868786259250300, -26.69957315888526100 ) ) ;
#1183 = CARTESIAN_POINT ( 'NONE',  ( 17.93439386185481200, -15.86901021697245700, -26.51624101692982200 ) ) ;
#1184 = AXIS2_PLACEMENT_3D ( 'NONE', #1564, #1480, #1495 ) ;
#1185 = EDGE_CURVE ( 'E103', #2852, #1403, #2638, .T. ) ;
#1186 = CARTESIAN_POINT ( 'NONE',  ( 17.99751440700366000, -16.17210488677170600, -26.33007830469280500 ) ) ;
#1187 = LINE ( 'NONE', #1374, #1164 ) ;
#1188 = VECTOR ( 'NONE', #1469, 1000.000000000000100 ) ;
#1189 = CARTESIAN_POINT ( 'NONE',  ( -22.00000000000000000, -88.05414012738860700, 17.57038435624629700 ) ) ;
#1190 = CARTESIAN_POINT ( 'NONE',  ( -7.599999999999999600, -78.50000000000000000, -20.00000000000000000 ) ) ;
#1191 = AXIS2_PLACEMENT_3D ( 'NONE', #1539, #1529, #1513 ) ;
#1192 = DIRECTION ( 'NONE',  ( 0.0000000000000000000, -0.8660254037844387100, 0.4999999999999998900 ) ) ;
#1193 = VECTOR ( 'NONE', #1355, 1000.000000000000000 ) ;
#1194 = ORIENTED_EDGE ( 'NONE', *, *, #390, .F. ) ;
#1195 = CARTESIAN_POINT ( 'NONE',  ( 22.15662432702595200, 29.42500000000000100, 2.500000000000000000 ) ) ;
#1196 = DIRECTION ( 'NONE',  ( 1.000000000000000000, 0.0000000000000000000, 0.0000000000000000000 ) ) ;
#1197 = FACE_BOUND ( 'NONE', #2278, .T. ) ;
#1198 = EDGE_CURVE ( 'E355', #2884, #183, #2625, .T. ) ;
#1199 = ORIENTED_EDGE ( 'NONE', *, *, #2378, .T. ) ;
#1200 = CONICAL_SURFACE ( 'NONE', #1184, 5.000000000000000000, 0.7853981633974482800 ) ;
#1201 = DIRECTION ( 'NONE',  ( 0.0000000000000000000, 0.4999999999999998900, 0.8660254037844387100 ) ) ;
#1202 = CARTESIAN_POINT ( 'NONE',  ( -7.599999999999999600, 78.50000000000000000, 0.0000000000000000000 ) ) ;
#1203 = CARTESIAN_POINT ( 'NONE',  ( 23.60000000000000100, -7.917321694993688700, -23.71320343559645500 ) ) ;
#1204 = FACE_BOUND ( 'NONE', #2616, .T. ) ;
#1205 = CARTESIAN_POINT ( 'NONE',  ( 23.93122104582572300, -7.917321694993687800, -23.71320343559645100 ) ) ;
#1206 = VECTOR ( 'NONE', #1439, 1000.000000000000000 ) ;
#1207 = CARTESIAN_POINT ( 'NONE',  ( -6.235363776989840000, -52.37313117759679700, 20.00000000000000000 ) ) ;
#1208 = FACE_OUTER_BOUND ( 'NONE', #1216, .T. ) ;
#1209 = AXIS2_PLACEMENT_3D ( 'NONE', #1631, #1582, #1577 ) ;
#1210 = CARTESIAN_POINT ( 'NONE',  ( 24.25673560552364100, -7.948899124830711900, -23.70272622200771900 ) ) ;
#1211 = FACE_OUTER_BOUND ( 'NONE', #2627, .T. ) ;
#1212 = CARTESIAN_POINT ( 'NONE',  ( 24.89687257713044500, -8.072083610864485300, -23.66105859490230000 ) ) ;
#1213 = PLANE ( 'NONE',  #1060 ) ;
#1214 = CARTESIAN_POINT ( 'NONE',  ( 25.21486953908164700, -8.165235293467155500, -23.62933072147017200 ) ) ;
#1215 = CARTESIAN_POINT ( 'NONE',  ( 25.81993789625450500, -8.406424634440686100, -23.54460368338707000 ) ) ;
#1216 = EDGE_LOOP ( 'NONE', ( #320, #1956, #790, #1916 ) ) ;
#1217 = CYLINDRICAL_SURFACE ( 'NONE', #1156, 57.50000000000000000 ) ;
#1218 = CARTESIAN_POINT ( 'NONE',  ( 26.10678132160448000, -8.553422729958583700, -23.49197311007874200 ) ) ;
#1219 = DIRECTION ( 'NONE',  ( -1.000000000000000000, 0.0000000000000000000, 0.0000000000000000000 ) ) ;
#1220 = ORIENTED_EDGE ( 'NONE', *, *, #2357, .T. ) ;
#1221 = CARTESIAN_POINT ( 'NONE',  ( 26.64964234371309000, -8.898203042980201300, -23.36355759741937300 ) ) ;
#1222 = DIRECTION ( 'NONE',  ( 0.0000000000000000000, 0.0000000000000000000, -1.000000000000000000 ) ) ;
#1223 = LINE ( 'NONE', #1413, #1188 ) ;
#1224 = CARTESIAN_POINT ( 'NONE',  ( 26.90600513055983400, -9.097285132004687500, -23.28719351793834100 ) ) ;
#1225 = EDGE_CURVE ( 'E240', #384, #356, #2617, .T. ) ;
#1226 = CARTESIAN_POINT ( 'NONE',  ( 23.59999999999999800, -12.50000000000000000, -21.65063509461095100 ) ) ;
#1227 = CARTESIAN_POINT ( 'NONE',  ( 27.36589430461419800, -9.528507549277808400, -23.11409791876504700 ) ) ;
#1228 = CARTESIAN_POINT ( 'NONE',  ( 27.57257014799618500, -9.762333324267601100, -23.01678477573140200 ) ) ;
#1229 = LINE ( 'NONE', #1445, #1206 ) ;
#1230 = AXIS2_PLACEMENT_3D ( 'NONE', #1627, #1707, #1605 ) ;
#1231 = PLANE ( 'NONE',  #1068 ) ;
#1232 = CARTESIAN_POINT ( 'NONE',  ( 27.93813412996505700, -10.26597516148196100, -22.79660692581861900 ) ) ;
#1233 = CARTESIAN_POINT ( 'NONE',  ( 28.09293642390511900, -10.53078352513972700, -22.67583550562779100 ) ) ;
#1234 = ORIENTED_EDGE ( 'NONE', *, *, #2405, .F. ) ;
#1235 = AXIS2_PLACEMENT_3D ( 'NONE', #1676, #1657, #1656 ) ;
#1236 = CARTESIAN_POINT ( 'NONE',  ( 28.34259321173608000, -11.07462775188198700, -22.41525234497459400 ) ) ;
#1237 = ORIENTED_EDGE ( 'NONE', *, *, #2312, .T. ) ;
#1238 = CARTESIAN_POINT ( 'NONE',  ( 28.43906234136425600, -11.35765508273928300, -22.27348406532572500 ) ) ;
#1239 = DIRECTION ( 'NONE',  ( 0.0000000000000000000, 1.000000000000000000, 0.0000000000000000000 ) ) ;
#1240 = CARTESIAN_POINT ( 'NONE',  ( -14.00000000000000000, 0.0000000000000000000, -20.00000000000000000 ) ) ;
#1241 = FACE_OUTER_BOUND ( 'NONE', #1408, .T. ) ;
#1242 = CARTESIAN_POINT ( 'NONE',  ( 28.56784368154711000, -11.92956599323467900, -21.97247998292068900 ) ) ;
#1243 = EDGE_LOOP ( 'NONE', ( #190, #1360, #888, #2892, #2861, #66, #113, #380 ) ) ;
#1244 = AXIS2_PLACEMENT_3D ( 'NONE', #1704, #1694, #1685 ) ;
#1245 = CARTESIAN_POINT ( 'NONE',  ( 28.59980549568766900, -12.21422318559480400, -21.81558349649667500 ) ) ;
#1246 = ORIENTED_EDGE ( 'NONE', *, *, #2323, .T. ) ;
#1247 = FACE_OUTER_BOUND ( 'NONE', #493, .T. ) ;
#1248 = AXIS2_PLACEMENT_3D ( 'NONE', #1666, #1665, #1660 ) ;
#1249 = CARTESIAN_POINT ( 'NONE',  ( 28.60019275123821800, -12.78064866586076300, -21.48864702581273900 ) ) ;
#1250 = CARTESIAN_POINT ( 'NONE',  ( 28.56753199546815500, -13.06509500683991300, -21.31681168414034400 ) ) ;
#1251 = LINE ( 'NONE', #1553, #1275 ) ;
#1252 = AXIS2_PLACEMENT_3D ( 'NONE', #1812, #1746, #1745 ) ;
#1253 = CARTESIAN_POINT ( 'NONE',  ( 28.43960449196996300, -13.60844478556843700, -20.97411257796119700 ) ) ;
#1254 = CARTESIAN_POINT ( 'NONE',  ( 28.34496187942337300, -13.86952385914235600, -20.80213406750424800 ) ) ;
#1255 = CARTESIAN_POINT ( 'NONE',  ( 28.15656655029202000, -14.24593964857052000, -20.54449614835375100 ) ) ;
#1256 = ORIENTED_EDGE ( 'NONE', *, *, #2535, .F. ) ;
#1257 = EDGE_CURVE ( 'E282', #632, #205, #2610, .T. ) ;
#1258 = CARTESIAN_POINT ( 'NONE',  ( 28.08564777516353300, -14.36921610727766900, -20.45841298136119600 ) ) ;
#1259 = CARTESIAN_POINT ( 'NONE',  ( 27.93110755694316800, -14.60560517837445500, -20.29032603550316000 ) ) ;
#1260 = FACE_OUTER_BOUND ( 'NONE', #2044, .T. ) ;
#1261 = EDGE_CURVE ( 'NONE', #654, #654, #2621, .T. ) ;
#1262 = CARTESIAN_POINT ( 'NONE',  ( 27.84722379543105900, -14.71936118242197400, -20.20789234294330700 ) ) ;
#1263 = CARTESIAN_POINT ( 'NONE',  ( 27.57611424663422300, -15.04793086794760300, -19.96581585720399900 ) ) ;
#1264 = FACE_BOUND ( 'NONE', #1031, .T. ) ;
#1265 = EDGE_CURVE ( 'E98', #2852, #2483, #2594, .T. ) ;
#1266 = CARTESIAN_POINT ( 'NONE',  ( 27.36852226848580800, -15.25102504578369400, -19.81063722052075000 ) ) ;
#1267 = CARTESIAN_POINT ( 'NONE',  ( 26.90389812818157400, -15.62036167804784600, -19.52074314869128100 ) ) ;
#1268 = DIRECTION ( 'NONE',  ( 1.000000000000000000, 0.0000000000000000000, 0.0000000000000000000 ) ) ;
#1269 = CARTESIAN_POINT ( 'NONE',  ( 26.65236689156917600, -15.78261517510557300, -19.38924328377435900 ) ) ;
#1270 = VERTEX_POINT ( 'NONE', #2781 ) ;
#1271 = CARTESIAN_POINT ( 'NONE',  ( 26.11173533064304700, -16.06563626032647100, -19.15539162830519300 ) ) ;
#1272 = CARTESIAN_POINT ( 'NONE',  ( 25.81904313788208700, -16.18732873115313700, -19.05220912530880600 ) ) ;
#1273 = VERTEX_POINT ( 'NONE', #2830 ) ;
#1274 = DIRECTION ( 'NONE',  ( 1.000000000000000000, 0.0000000000000000000, 0.0000000000000000000 ) ) ;
#1275 = VECTOR ( 'NONE', #1545, 1000.000000000000000 ) ;
#1276 = CARTESIAN_POINT ( 'NONE',  ( 25.21479200900406400, -16.38097854119064700, -18.88596902565412700 ) ) ;
#1277 = AXIS2_PLACEMENT_3D ( 'NONE', #1875, #1926, #1860 ) ;
#1278 = CARTESIAN_POINT ( 'NONE',  ( -14.00000000000000000, 78.50000000000000000, 20.00000000000000000 ) ) ;
#1279 = FACE_OUTER_BOUND ( 'NONE', #530, .T. ) ;
#1280 = EDGE_CURVE ( 'E1227', #2272, #214, #2583, .T. ) ;
#1281 = CARTESIAN_POINT ( 'NONE',  ( 24.90315235036725000, -16.45380859963661300, -18.82223387145041800 ) ) ;
#1282 = SPHERICAL_SURFACE ( 'NONE', #1230, 45.00000000000000000 ) ;
#1283 = CARTESIAN_POINT ( 'NONE',  ( 24.26063729992290900, -16.55238309787578300, -18.73560565143832700 ) ) ;
#1284 = EDGE_LOOP ( 'NONE', ( #2437, #2421, #2388, #195 ) ) ;
#1285 = CARTESIAN_POINT ( 'NONE',  ( 23.59999999999999800, -15.11170000000000100, -26.17423218873860000 ) ) ;
#1286 = FACE_BOUND ( 'NONE', #2873, .T. ) ;
#1287 = AXIS2_PLACEMENT_3D ( 'NONE', #1822, #1800, #1828 ) ;
#1288 = CARTESIAN_POINT ( 'NONE',  ( 23.92877395887002100, -16.57747386625367300, -18.71329367674441400 ) ) ;
#1289 = AXIS2_PLACEMENT_3D ( 'NONE', #1910, #1891, #1887 ) ;
#1290 = CARTESIAN_POINT ( 'NONE',  ( 23.27529428848294300, -16.57767696721850100, -18.71311375450272500 ) ) ;
#1291 = LINE ( 'NONE', #1648, #1327 ) ;
#1292 = DIRECTION ( 'NONE',  ( 1.000000000000000000, 0.0000000000000000000, 4.807406715958909300E-016 ) ) ;
#1293 = EDGE_LOOP ( 'NONE', ( #629 ) ) ;
#1294 = DIRECTION ( 'NONE',  ( -4.807406715958909300E-016, 0.0000000000000000000, 1.000000000000000000 ) ) ;
#1295 = CARTESIAN_POINT ( 'NONE',  ( 22.94995605147452600, -16.55358240151815600, -18.73454596964661100 ) ) ;
#1296 = CARTESIAN_POINT ( 'NONE',  ( 25.04337567297405100, 30.90000000000000200, -2.500000000000000000 ) ) ;
#1297 = EDGE_CURVE ( 'E161', #124, #1310, #2598, .T. ) ;
#1298 = CARTESIAN_POINT ( 'NONE',  ( 22.30216655970312800, -16.45504021382772600, -18.82115709976318700 ) ) ;
#1299 = CARTESIAN_POINT ( 'NONE',  ( 21.98796552463804200, -16.38162931561003400, -18.88539942073748200 ) ) ;
#1300 = ORIENTED_EDGE ( 'NONE', *, *, #324, .T. ) ;
#1301 = DIRECTION ( 'NONE',  ( 0.0000000000000000000, 0.4999999999999998900, 0.8660254037844387100 ) ) ;
#1302 = AXIS2_PLACEMENT_3D ( 'NONE', #1915, #1971, #1951 ) ;
#1303 = FACE_OUTER_BOUND ( 'NONE', #61, .T. ) ;
#1304 = CARTESIAN_POINT ( 'NONE',  ( 21.53642220002861400, -16.23726636584084600, -19.00934516345698100 ) ) ;
#1305 = EDGE_CURVE ( 'E168', #1403, #124, #2587, .T. ) ;
#1306 = CARTESIAN_POINT ( 'NONE',  ( 22.15662432702595200, -17.61506350946109800, -25.51018497693915100 ) ) ;
#1307 = FACE_OUTER_BOUND ( 'NONE', #443, .T. ) ;
#1308 = CARTESIAN_POINT ( 'NONE',  ( 21.38888516967783800, -16.18333993811242200, -19.05533149133590600 ) ) ;
#1309 = CARTESIAN_POINT ( 'NONE',  ( 21.09984522267143300, -16.06347613250616400, -19.15648413299285800 ) ) ;
#1310 = VERTEX_POINT ( 'NONE', #2844 ) ;
#1311 = DIRECTION ( 'NONE',  ( -1.000000000000000000, 0.0000000000000000000, -6.123031769111888800E-017 ) ) ;
#1312 = FACE_OUTER_BOUND ( 'NONE', #2432, .T. ) ;
#1313 = AXIS2_PLACEMENT_3D ( 'NONE', #1944, #1980, #1930 ) ;
#1314 = DIRECTION ( 'NONE',  ( 0.0000000000000000000, -0.8660254037844389300, 0.4999999999999996700 ) ) ;
#1315 = AXIS2_PLACEMENT_3D ( 'NONE', #2024, #2013, #2009 ) ;
#1316 = VERTEX_POINT ( 'NONE', #2842 ) ;
#1317 = CARTESIAN_POINT ( 'NONE',  ( 20.95781720217636100, -15.99720028394667500, -19.21192575890882600 ) ) ;
#1318 = VECTOR ( 'NONE', #1740, 1000.000000000000000 ) ;
#1319 = CARTESIAN_POINT ( 'NONE',  ( 20.54953109833308700, -15.78389599012860100, -19.38820931738962400 ) ) ;
#1320 = CIRCLE ( 'NONE', #1248, 5.000000000000000900 ) ;
#1321 = CONICAL_SURFACE ( 'NONE', #1287, 30.90000000000000200, 0.7853981633974503900 ) ;
#1322 = PLANE ( 'NONE',  #1098 ) ;
#1323 = VECTOR ( 'NONE', #1723, 1000.000000000000000 ) ;
#1324 = CARTESIAN_POINT ( 'NONE',  ( 20.29831327159286800, -15.62169814182408700, -19.51964770273834700 ) ) ;
#1325 = ORIENTED_EDGE ( 'NONE', *, *, #2311, .F. ) ;
#1326 = CARTESIAN_POINT ( 'NONE',  ( 19.83698279614656800, -15.25581551998661400, -19.80692283252054500 ) ) ;
#1327 = VECTOR ( 'NONE', #1649, 1000.000000000000100 ) ;
#1328 = DIRECTION ( 'NONE',  ( 0.0000000000000000000, 0.4999999999999998900, 0.8660254037844387100 ) ) ;
#1329 = AXIS2_PLACEMENT_3D ( 'NONE', #2149, #2132, #2128 ) ;
#1330 = AXIS2_PLACEMENT_3D ( 'NONE', #2022, #2020, #2014 ) ;
#1331 = CARTESIAN_POINT ( 'NONE',  ( 19.62612615931906000, -15.05031349319728000, -19.96402262146399300 ) ) ;
#1332 = ORIENTED_EDGE ( 'NONE', *, *, #2392, .F. ) ;
#1333 = LINE ( 'NONE', #1724, #1323 ) ;
#1334 = CARTESIAN_POINT ( 'NONE',  ( 19.26386371774144400, -14.61193343889139300, -20.28707807081270100 ) ) ;
#1335 = DIRECTION ( 'NONE',  ( 0.0000000000000000000, -0.8785192178123143500, -0.4777070063694265900 ) ) ;
#1336 = FACE_BOUND ( 'NONE', #1426, .T. ) ;
#1337 = CARTESIAN_POINT ( 'NONE',  ( 19.10985789373099000, -14.37748042271511300, -20.45435430426258300 ) ) ;
#1338 = CARTESIAN_POINT ( 'NONE',  ( 23.59999999999999800, 30.22340000000000200, 0.0000000000000000000 ) ) ;
#1339 = CARTESIAN_POINT ( 'NONE',  ( 18.85744315387769300, -13.87547726500819100, -20.79816539933515800 ) ) ;
#1340 = CARTESIAN_POINT ( 'NONE',  ( 18.76124839868412800, -13.61086040544283700, -20.97252693205810900 ) ) ;
#1341 = DIRECTION ( 'NONE',  ( 0.0000000000000000000, 0.8660254037844387100, -0.4999999999999998900 ) ) ;
#1342 = ORIENTED_EDGE ( 'NONE', *, *, #1968, .T. ) ;
#1343 = LINE ( 'NONE', #1737, #1318 ) ;
#1344 = DIRECTION ( 'NONE',  ( 0.0000000000000000000, -0.4999999999999998900, -0.8660254037844387100 ) ) ;
#1345 = CARTESIAN_POINT ( 'NONE',  ( 18.63324200049694900, -13.06957403092127900, -21.31404798583841800 ) ) ;
#1346 = VECTOR ( 'NONE', #1815, 1000.000000000000100 ) ;
#1347 = DIRECTION ( 'NONE',  ( 0.0000000000000000000, 0.0000000000000000000, 1.000000000000000000 ) ) ;
#1348 = AXIS2_PLACEMENT_3D ( 'NONE', #2144, #2139, #2137 ) ;
#1349 = AXIS2_PLACEMENT_3D ( 'NONE', #2284, #2281, #2280 ) ;
#1350 = FACE_BOUND ( 'NONE', #2887, .T. ) ;
#1351 = CARTESIAN_POINT ( 'NONE',  ( 26.48675134594815000, -14.71250000000000000, -25.48279750635710200 ) ) ;
#1352 = CARTESIAN_POINT ( 'NONE',  ( 18.60023287747529300, -12.78893909168934300, -21.48376225150818200 ) ) ;
#1353 = CARTESIAN_POINT ( 'NONE',  ( 18.59976958392163500, -12.21713692329776900, -21.81399938039014700 ) ) ;
#1354 = AXIS2_PLACEMENT_3D ( 'NONE', #2328, #2365, #2316 ) ;
#1355 = DIRECTION ( 'NONE',  ( -1.000000000000000000, -4.163336342344340000E-016, 2.403703357979454600E-016 ) ) ;
#1356 = PLANE ( 'NONE',  #1114 ) ;
#1357 = CARTESIAN_POINT ( 'NONE',  ( 18.63192298094399700, -11.93224336747673900, -21.97099020763318900 ) ) ;
#1358 = FACE_OUTER_BOUND ( 'NONE', #362, .T. ) ;
#1359 = CARTESIAN_POINT ( 'NONE',  ( 18.75897936093460000, -11.36473862878777300, -22.26983516741749000 ) ) ;
#1360 = ORIENTED_EDGE ( 'NONE', *, *, #2298, .F. ) ;
#1361 = DIRECTION ( 'NONE',  ( 0.0000000000000000000, 0.4999999999999998900, 0.8660254037844387100 ) ) ;
#1362 = FACE_OUTER_BOUND ( 'NONE', #2916, .T. ) ;
#1363 = FACE_OUTER_BOUND ( 'NONE', #614, .T. ) ;
#1364 = EDGE_CURVE ( 'E597', #414, #1742, #958, .T. ) ;
#1365 = CARTESIAN_POINT ( 'NONE',  ( 18.85557050015499700, -11.07922058600892600, -22.41300203522063200 ) ) ;
#1366 = EDGE_LOOP ( 'NONE', ( #1151 ) ) ;
#1367 = LINE ( 'NONE', #1855, #1346 ) ;
#1368 = VECTOR ( 'NONE', #1895, 1000.000000000000100 ) ;
#1369 = CARTESIAN_POINT ( 'NONE',  ( 19.10586240872024900, -10.53281452820460700, -22.67491140310563600 ) ) ;
#1370 = CARTESIAN_POINT ( 'NONE',  ( -7.599999999999999600, 88.05414012738860700, -17.57038435624629700 ) ) ;
#1371 = LINE ( 'NONE', #1900, #1368 ) ;
#1372 = CARTESIAN_POINT ( 'NONE',  ( 19.25918738686091900, -10.27038822886701800, -22.79460804627102300 ) ) ;
#1373 = CARTESIAN_POINT ( 'NONE',  ( 19.53163956679879500, -9.893954581664512900, -22.95927743472458000 ) ) ;
#1374 = CARTESIAN_POINT ( 'NONE',  ( 25.04337567297405100, -17.61506350946109800, -25.51018497693915100 ) ) ;
#1375 = CARTESIAN_POINT ( 'NONE',  ( 19.63013221539573300, -9.770823026512044200, -23.01189478399465600 ) ) ;
#1376 = VERTEX_POINT ( 'NONE', #276 ) ;
#1377 = EDGE_CURVE ( 'E61', #350, #1742, #2333, .T. ) ;
#1378 = ORIENTED_EDGE ( 'NONE', *, *, #193, .T. ) ;
#1379 = EDGE_CURVE ( 'E188', #1376, #2192, #2574, .T. ) ;
#1380 = CARTESIAN_POINT ( 'NONE',  ( 19.83775967947773100, -9.535397238598472200, -23.11044100979441000 ) ) ;
#1381 = ORIENTED_EDGE ( 'NONE', *, *, #2856, .F. ) ;
#1382 = CARTESIAN_POINT ( 'NONE',  ( 19.94712963230187300, -9.422653113734972100, -23.15657787241745100 ) ) ;
#1383 = AXIS2_PLACEMENT_3D ( 'NONE', #2297, #2292, #2291 ) ;
#1384 = CARTESIAN_POINT ( 'NONE',  ( 20.29158690743861000, -9.099297853355723800, -23.28640677366016800 ) ) ;
#1385 = FACE_OUTER_BOUND ( 'NONE', #1512, .T. ) ;
#1386 = AXIS2_PLACEMENT_3D ( 'NONE', #2321, #2320, #2317 ) ;
#1387 = FACE_BOUND ( 'NONE', #2868, .T. ) ;
#1388 = ADVANCED_FACE ( 'E139', ( #2571 ), #2565, .F. ) ;
#1389 = AXIS2_PLACEMENT_3D ( 'NONE', #2471, #2389, #2381 ) ;
#1390 = CARTESIAN_POINT ( 'NONE',  ( 20.54309443516551100, -8.903252741099418400, -23.36165009454855800 ) ) ;
#1391 = FACE_OUTER_BOUND ( 'NONE', #2809, .T. ) ;
#1392 = DIRECTION ( 'NONE',  ( -6.123031769111888800E-017, 1.000000000000000000, 0.0000000000000000000 ) ) ;
#1393 = CARTESIAN_POINT ( 'NONE',  ( 25.04337567297405100, -16.87756350946110100, -24.23279750635709800 ) ) ;
#1394 = TOROIDAL_SURFACE ( 'NONE', #1302, 26.10000000000000100, 1.100000000000000100 ) ;
#1395 = AXIS2_PLACEMENT_3D ( 'NONE', #2354, #2349, #2348 ) ;
#1396 = CARTESIAN_POINT ( 'NONE',  ( 21.09065499463772000, -8.554622031888394300, -23.49155266055322100 ) ) ;
#1397 = CARTESIAN_POINT ( 'NONE',  ( 21.37805413872252600, -8.407508344299735400, -23.54421403168587200 ) ) ;
#1398 = ORIENTED_EDGE ( 'NONE', *, *, #95, .T. ) ;
#1399 = CARTESIAN_POINT ( 'NONE',  ( 23.59999999999999800, 25.00000000000000000, 0.0000000000000000000 ) ) ;
#1400 = FACE_OUTER_BOUND ( 'NONE', #2800, .T. ) ;
#1401 = DIRECTION ( 'NONE',  ( 0.0000000000000000000, 1.000000000000000000, 0.0000000000000000000 ) ) ;
#1402 = CARTESIAN_POINT ( 'NONE',  ( 21.97934340493288000, -8.167262444622609900, -23.62862744828739600 ) ) ;
#1403 = VERTEX_POINT ( 'NONE', #317 ) ;
#1404 = CARTESIAN_POINT ( 'NONE',  ( 22.29651406414459900, -8.073621511529378100, -23.66053611398553600 ) ) ;
#1405 = ADVANCED_FACE ( 'E843', ( #2556, #2560 ), #2540, .F. ) ;
#1406 = TOROIDAL_SURFACE ( 'NONE', #1313, 26.10000000000000100, 1.100000000000000100 ) ;
#1407 = DIRECTION ( 'NONE',  ( 0.0000000000000000000, 0.0000000000000000000, 1.000000000000000000 ) ) ;
#1408 = EDGE_LOOP ( 'NONE', ( #1859, #1841, #1817, #1811 ) ) ;
#1409 = CARTESIAN_POINT ( 'NONE',  ( 22.94186894900730800, -7.948905666337404700, -23.70272626134625300 ) ) ;
#1410 = CARTESIAN_POINT ( 'NONE',  ( 23.26877895417428400, -7.917321694993692200, -23.71320343559645800 ) ) ;
#1411 = VECTOR ( 'NONE', #1967, 1000.000000000000000 ) ;
#1412 = ORIENTED_EDGE ( 'NONE', *, *, #119, .T. ) ;
#1413 = CARTESIAN_POINT ( 'NONE',  ( 26.48675134594815000, -14.71250000000000000, -25.48279750635710200 ) ) ;
#1414 = AXIS2_PLACEMENT_3D ( 'NONE', #2419, #2414, #2401 ) ;
#1415 = CARTESIAN_POINT ( 'NONE',  ( 23.60000000000000100, -7.917321694993688700, -23.71320343559645500 ) ) ;
#1416 = DIRECTION ( 'NONE',  ( 0.0000000000000000000, 0.0000000000000000000, -1.000000000000000000 ) ) ;
#1417 = ORIENTED_EDGE ( 'NONE', *, *, #1483, .T. ) ;
#1418 = CARTESIAN_POINT ( 'NONE',  ( -7.599999999999999600, 88.05414012738860700, -17.57038435624629700 ) ) ;
#1419 = ADVANCED_FACE ( 'E118', ( #2546 ), #341, .T. ) ;
#1420 = EDGE_LOOP ( 'NONE', ( #2275, #451, #686, #428, #821 ) ) ;
#1421 = FACE_OUTER_BOUND ( 'NONE', #2782, .T. ) ;
#1422 = AXIS2_PLACEMENT_3D ( 'NONE', #2442, #2438, #2433 ) ;
#1423 = VERTEX_POINT ( 'NONE', #308 ) ;
#1424 = CARTESIAN_POINT ( 'NONE',  ( -6.945206935394574000, 52.60507265811278900, 20.00000000000000000 ) ) ;
#1425 = CARTESIAN_POINT ( 'NONE',  ( 19.38290201268035400, 30.70153087074935900, -3.496570085141915900 ) ) ;
#1426 = EDGE_LOOP ( 'NONE', ( #1092 ) ) ;
#1427 = CARTESIAN_POINT ( 'NONE',  ( 19.63417528532001600, 30.67224248159858400, -3.753735925314276600 ) ) ;
#1428 = ORIENTED_EDGE ( 'NONE', *, *, #1935, .F. ) ;
#1429 = AXIS2_PLACEMENT_3D ( 'NONE', #2464, #2462, #2461 ) ;
#1430 = ADVANCED_FACE ( 'E318', ( #2559 ), #335, .F. ) ;
#1431 = DIRECTION ( 'NONE',  ( 1.000000000000000000, 0.0000000000000000000, 0.0000000000000000000 ) ) ;
#1432 = ORIENTED_EDGE ( 'NONE', *, *, #1178, .F. ) ;
#1433 = VECTOR ( 'NONE', #2007, 1000.000000000000100 ) ;
#1434 = CARTESIAN_POINT ( 'NONE',  ( 19.90709197508420700, 30.64296774094043100, -3.982497355911952300 ) ) ;
#1435 = ADVANCED_FACE ( 'E645', ( #2555 ), #347, .T. ) ;
#1436 = LINE ( 'NONE', #1993, #1411 ) ;
#1437 = CARTESIAN_POINT ( 'NONE',  ( 20.49331751655989800, 30.58761637529757800, -4.387423120669840400 ) ) ;
#1438 = ADVANCED_FACE ( 'E1041', ( #2603 ), #506, .T. ) ;
#1439 = DIRECTION ( 'NONE',  ( 0.0000000000000000000, 0.4999999999999998900, 0.8660254037844387100 ) ) ;
#1440 = LINE ( 'NONE', #1987, #1462 ) ;
#1441 = CARTESIAN_POINT ( 'NONE',  ( -6.609554182852107800, 52.43462463881445500, 20.00000000000000000 ) ) ;
#1442 = CARTESIAN_POINT ( 'NONE',  ( 20.80931920446632700, 30.56139575210692500, -4.564277004093797000 ) ) ;
#1443 = EDGE_CURVE ( 'E70', #2372, #1742, #2552, .T. ) ;
#1444 = CARTESIAN_POINT ( 'NONE',  ( 21.45982893779398300, 30.51666562492308500, -4.854343830389089100 ) ) ;
#1445 = CARTESIAN_POINT ( 'NONE',  ( 26.48675134594815000, -15.45000000000000100, -26.76018497693915100 ) ) ;
#1446 = CARTESIAN_POINT ( 'NONE',  ( 21.79617356325166700, 30.49791788167313900, -4.969355209677573300 ) ) ;
#1447 = AXIS2_PLACEMENT_3D ( 'NONE', #2491, #2490, #2488 ) ;
#1448 = ORIENTED_EDGE ( 'NONE', *, *, #1935, .T. ) ;
#1449 = CARTESIAN_POINT ( 'NONE',  ( 22.49088637007285000, 30.46961034040024400, -5.140071207814546700 ) ) ;
#1450 = CARTESIAN_POINT ( 'NONE',  ( 26.48675134594815000, -15.45000000000000100, -26.76018497693915100 ) ) ;
#1451 = AXIS2_PLACEMENT_3D ( 'NONE', #2864, #2862, #2859 ) ;
#1452 = AXIS2_PLACEMENT_3D ( 'NONE', #563, #498, #419 ) ;
#1453 = FACE_OUTER_BOUND ( 'NONE', #2586, .T. ) ;
#1454 = CARTESIAN_POINT ( 'NONE',  ( 22.84847270217342100, 30.46021278151184900, -5.194803452552247500 ) ) ;
#1455 = AXIS2_PLACEMENT_3D ( 'NONE', #433, #381, #400 ) ;
#1456 = CARTESIAN_POINT ( 'NONE',  ( 23.55855323532043100, 30.45232417039419900, -5.240848998669172900 ) ) ;
#1457 = CARTESIAN_POINT ( 'NONE',  ( 23.91441831188447900, 30.45366949762520600, -5.233125841320636500 ) ) ;
#1458 = CARTESIAN_POINT ( 'NONE',  ( 24.62784367795390500, 30.46708230982239500, -5.154462869028362700 ) ) ;
#1459 = EDGE_LOOP ( 'NONE', ( #477 ) ) ;
#1460 = ADVANCED_FACE ( 'E957', ( #2533 ), #377, .T. ) ;
#1461 = AXIS2_PLACEMENT_3D ( 'NONE', #569, #548, #535 ) ;
#1462 = VECTOR ( 'NONE', #1983, 1000.000000000000100 ) ;
#1463 = CARTESIAN_POINT ( 'NONE',  ( -6.000000000000000000, 0.0000000000000000000, -20.00000000000000000 ) ) ;
#1464 = FACE_OUTER_BOUND ( 'NONE', #87, .T. ) ;
#1465 = ORIENTED_EDGE ( 'NONE', *, *, #2378, .F. ) ;
#1466 = CARTESIAN_POINT ( 'NONE',  ( 24.98051512424071800, 30.47913495466958600, -5.083566969615843000 ) ) ;
#1467 = B_SPLINE_CURVE_WITH_KNOTS ( 'NONE', 3,
 ( #1708, #1703, #1793, #1528, #1486, #1470, #1424, #1441, #1726, #1797 ),
 .UNSPECIFIED., .F., .F.,
 ( 4, 2, 2, 2, 4 ),
 ( 0.007759558520469657600, 0.008322968918236119100, 0.008886379316002579800, 0.009449789713769042200, 0.01001320011153550300 ),
 .UNSPECIFIED. ) ;
#1468 = CARTESIAN_POINT ( 'NONE',  ( 25.66151840151802000, 30.51190251044996400, -4.883044737899583200 ) ) ;
#1469 = DIRECTION ( 'NONE',  ( -0.5000000000000001100, -0.7500000000000001100, 0.4330127018922190800 ) ) ;
#1470 = CARTESIAN_POINT ( 'NONE',  ( -7.097428551953193200, 52.72610248713283500, 20.00000000000000000 ) ) ;
#1471 = ORIENTED_EDGE ( 'NONE', *, *, #1178, .T. ) ;
#1472 = EDGE_CURVE ( 'E576', #870, #1310, #2543, .T. ) ;
#1473 = CARTESIAN_POINT ( 'NONE',  ( 25.99246099564836900, 30.53266776943538500, -4.753192169069088800 ) ) ;
#1474 = CARTESIAN_POINT ( 'NONE',  ( 26.63408602232840000, 30.58117383705868900, -4.430399943844239600 ) ) ;
#1475 = CARTESIAN_POINT ( 'NONE',  ( 18.00000000000000000, -78.50000000000000000, -2.357367231108075000E-015 ) ) ;
#1476 = ORIENTED_EDGE ( 'NONE', *, *, #2312, .F. ) ;
#1477 = CARTESIAN_POINT ( 'NONE',  ( 26.93659829773975600, 30.60830272459626400, -4.241311877790782800 ) ) ;
#1478 = AXIS2_PLACEMENT_3D ( 'NONE', #2914, #2909, #2906 ) ;
#1479 = PLANE ( 'NONE',  #1144 ) ;
#1480 = DIRECTION ( 'NONE',  ( 0.0000000000000000000, -1.000000000000000000, 0.0000000000000000000 ) ) ;
#1481 = CARTESIAN_POINT ( 'NONE',  ( 27.49912360152178400, 30.66475647132023900, -3.811775528522006500 ) ) ;
#1482 = ORIENTED_EDGE ( 'NONE', *, *, #739, .T. ) ;
#1483 = EDGE_CURVE ( 'E1132', #1270, #52, #2524, .T. ) ;
#1484 = EDGE_CURVE ( 'E695', #485, #2826, #2529, .T. ) ;
#1485 = ADVANCED_FACE ( 'E1419', ( #2520, #2515 ), #461, .T. ) ;
#1486 = CARTESIAN_POINT ( 'NONE',  ( -7.343895000992696400, 53.01307254853687600, 20.00000000000000000 ) ) ;
#1487 = CARTESIAN_POINT ( 'NONE',  ( 27.76125138491470400, 30.69430452649660500, -3.569700614847663500 ) ) ;
#1488 = EDGE_LOOP ( 'NONE', ( #2745 ) ) ;
#1489 = CIRCLE ( 'NONE', #1330, 4.323400000000001200 ) ;
#1490 = PLANE ( 'NONE',  #1799 ) ;
#1491 = EDGE_CURVE ( 'E418', #1992, #2826, #2500, .T. ) ;
#1492 = CARTESIAN_POINT ( 'NONE',  ( 28.23687557743237900, 30.75206624431110200, -3.032080894444237000 ) ) ;
#1493 = ADVANCED_FACE ( 'E1389', ( #2508, #2492 ), #2480, .T. ) ;
#1494 = FACE_OUTER_BOUND ( 'NONE', #2774, .T. ) ;
#1495 = DIRECTION ( 'NONE',  ( 0.0000000000000000000, 0.0000000000000000000, -1.000000000000000000 ) ) ;
#1496 = DIRECTION ( 'NONE',  ( -1.000000000000000000, 0.0000000000000000000, -6.123031769111888800E-017 ) ) ;
#1497 = ADVANCED_FACE ( 'E1406', ( #2494, #2479 ), #2467, .F. ) ;
#1498 = CARTESIAN_POINT ( 'NONE',  ( 28.44399748460889700, 30.77945290913831000, -2.744143680634456600 ) ) ;
#1499 = CARTESIAN_POINT ( 'NONE',  ( 28.70830630245605200, 30.81592166587655900, -2.283141117849780200 ) ) ;
#1500 = CARTESIAN_POINT ( 'NONE',  ( 18.00000000000000000, 0.0000000000000000000, 2.449212707644754900E-015 ) ) ;
#1501 = CIRCLE ( 'NONE', #1348, 5.000000000000000900 ) ;
#1502 = ORIENTED_EDGE ( 'NONE', *, *, #305, .F. ) ;
#1503 = CARTESIAN_POINT ( 'NONE',  ( 28.78862391082000700, 30.82730977010020700, -2.124589295826086600 ) ) ;
#1504 = CARTESIAN_POINT ( 'NONE',  ( 28.93287964753381300, 30.84812873262590200, -1.797181413490146000 ) ) ;
#1505 = DIRECTION ( 'NONE',  ( -6.033820786006285200E-017, 0.0000000000000000000, 1.000000000000000000 ) ) ;
#1506 = CIRCLE ( 'NONE', #1349, 4.323400000000000400 ) ;
#1507 = CARTESIAN_POINT ( 'NONE',  ( 29.27421734483895900, 30.89962723197198700, -0.2339122453048665100 ) ) ;
#1508 = AXIS2_PLACEMENT_3D ( 'NONE', #904, #853, #623 ) ;
#1509 = EDGE_LOOP ( 'NONE', ( #505 ) ) ;
#1510 = CARTESIAN_POINT ( 'NONE',  ( 29.27967766829712600, 30.90047747552646100, -0.05282309731754549600 ) ) ;
#1511 = CARTESIAN_POINT ( 'NONE',  ( 29.17211075207486100, 30.88390050229120500, 1.012287311081762500 ) ) ;
#1512 = EDGE_LOOP ( 'NONE', ( #200, #242, #2010, #1767, #1325 ) ) ;
#1513 = DIRECTION ( 'NONE',  ( 0.4999999999999998900, 0.0000000000000000000, 0.8660254037844387100 ) ) ;
#1514 = CIRCLE ( 'NONE', #1383, 50.00000000000000000 ) ;
#1515 = CARTESIAN_POINT ( 'NONE',  ( 29.27016421111921900, 30.89900142563347200, 0.3066095135980466700 ) ) ;
#1516 = CARTESIAN_POINT ( 'NONE',  ( 18.00000000000000000, 27.46815286624205000, 50.51485502420809600 ) ) ;
#1517 = EDGE_LOOP ( 'NONE', ( #520 ) ) ;
#1518 = AXIS2_PLACEMENT_3D ( 'NONE', #1163, #1020, #938 ) ;
#1519 = ADVANCED_FACE ( 'E1347', ( #2486, #2489 ), #2439, .T. ) ;
#1520 = DIRECTION ( 'NONE',  ( 6.123031769111888800E-017, 0.0000000000000000000, -1.000000000000000000 ) ) ;
#1521 = ADVANCED_FACE ( 'E1376', ( #2476, #2460 ), #538, .T. ) ;
#1522 = AXIS2_PLACEMENT_3D ( 'NONE', #440, #640, #635 ) ;
#1523 = CARTESIAN_POINT ( 'NONE',  ( -7.600000000000005000, 53.72000521158789600, -20.00000000000000000 ) ) ;
#1524 = CARTESIAN_POINT ( 'NONE',  ( 29.20634240932363200, 30.88915262678795100, 0.8374891622309732500 ) ) ;
#1525 = EDGE_LOOP ( 'NONE', ( #491 ) ) ;
#1526 = FACE_OUTER_BOUND ( 'NONE', #2173, .T. ) ;
#1527 = CARTESIAN_POINT ( 'NONE',  ( 29.08423634448075000, 30.87060265652069900, 1.358649130135278100 ) ) ;
#1528 = CARTESIAN_POINT ( 'NONE',  ( -7.438844815656784300, 53.17788941924281700, 20.00000000000000000 ) ) ;
#1529 = DIRECTION ( 'NONE',  ( -0.8660254037844387100, 0.0000000000000000000, 0.4999999999999998900 ) ) ;
#1530 = EDGE_LOOP ( 'NONE', ( #483 ) ) ;
#1531 = LINE ( 'NONE', #1999, #1433 ) ;
#1532 = EDGE_CURVE ( 'E225', #722, #384, #2458, .T. ) ;
#1533 = EDGE_LOOP ( 'NONE', ( #1237 ) ) ;
#1534 = CARTESIAN_POINT ( 'NONE',  ( 29.03019599587083700, 30.86249833273851800, 1.531202528090903200 ) ) ;
#1535 = CARTESIAN_POINT ( 'NONE',  ( 29.25536832959512500, 30.89670293658387500, 0.4846501277667654700 ) ) ;
#1536 = ORIENTED_EDGE ( 'NONE', *, *, #1929, .T. ) ;
#1537 = CARTESIAN_POINT ( 'NONE',  ( 28.84124552377870600, 30.83470085091052200, 2.035868737451982800 ) ) ;
#1538 = AXIS2_PLACEMENT_3D ( 'NONE', #1475, #1311, #2358 ) ;
#1539 = CARTESIAN_POINT ( 'NONE',  ( 26.48675134594815000, 30.90000000000000200, 1.767567020076690100E-016 ) ) ;
#1540 = VECTOR ( 'NONE', #2342, 1000.000000000000100 ) ;
#1541 = CARTESIAN_POINT ( 'NONE',  ( -6.000000000000000000, -78.50000000000000000, 0.0000000000000000000 ) ) ;
#1542 = EDGE_CURVE ( 'NONE', #644, #644, #2502, .T. ) ;
#1543 = EDGE_LOOP ( 'NONE', ( #542 ) ) ;
#1544 = EDGE_CURVE ( 'NONE', #642, #642, #2420, .T. ) ;
#1545 = DIRECTION ( 'NONE',  ( 0.0000000000000000000, 0.4999999999999998900, 0.8660254037844387100 ) ) ;
#1546 = PERSON ( 'UNSPECIFIED', 'UNSPECIFIED', 'UNSPECIFIED', ('UNSPECIFIED'), ('UNSPECIFIED'), ('UNSPECIFIED') ) ;
#1547 = ADVANCED_FACE ( 'E978', ( #2453 ), #555, .T. ) ;
#1548 = CARTESIAN_POINT ( 'NONE',  ( 25.74928286422747100, 30.51721631780596400, 4.850892130803387700 ) ) ;
#1549 = EDGE_LOOP ( 'NONE', ( #523 ) ) ;
#1550 = AXIS2_PLACEMENT_3D ( 'NONE', #1202, #1196, #1147 ) ;
#1551 = CARTESIAN_POINT ( 'NONE',  ( 22.15662432702595200, -17.61506350946109800, -25.51018497693915100 ) ) ;
#1552 = ADVANCED_FACE ( 'E642', ( #2426, #2407 ), #531, .T. ) ;
#1553 = CARTESIAN_POINT ( 'NONE',  ( 25.04337567297405100, -13.28493649053890000, -28.01018497693914700 ) ) ;
#1554 = CARTESIAN_POINT ( 'NONE',  ( 26.39870650732005300, 30.56202549145121200, 4.560070625806172700 ) ) ;
#1555 = EDGE_CURVE ( 'NONE', #638, #638, #2416, .T. ) ;
#1556 = EDGE_LOOP ( 'NONE', ( #578 ) ) ;
#1557 = TOROIDAL_SURFACE ( 'NONE', #1354, 53.27836085035420400, 1.440000000000000200 ) ;
#1558 = CLOSED_SHELL ( 'NONE', ( #1777, #2567, #1673, #2897, #1419, #1388, #1617, #2863, #1610, #2099, #1430, #2606, #2739, #2747, #2076, #2415, #2295, #2271, #2384, #1552, #1435, #2699, #2633, #1958, #2874, #2451, #2726, #2835, #2847, #2840, #1405, #2828, #2373, #2015, #2735, #712, #1598, #2701, #1563, #1559, #2674, #2729, #1460, #1547, #1635, #1650, #1438, #2661, #2907, #2649, #2918, #2607, #2576, #2578, #2672, #2548, #1645, #2408, #2514, #1589, #1585, #2662, #1679, #2497, #1519, #2496, #2468, #2441, #2431, #2296, #2746, #2195, #1067, #1521, #1725, #1779, #1964 ) ) ;
#1559 = ADVANCED_FACE ( 'E883', ( #2411, #2396 ), #979, .T. ) ;
#1560 = CIRCLE ( 'NONE', #1386, 57.50000000000000000 ) ;
#1561 = CARTESIAN_POINT ( 'NONE',  ( 26.70921954613249100, 30.58781721443781600, 4.386119239111708100 ) ) ;
#1562 = EDGE_LOOP ( 'NONE', ( #1154 ) ) ;
#1563 = ADVANCED_FACE ( 'E880', ( #2428, #2390 ), #2369, .T. ) ;
#1564 = CARTESIAN_POINT ( 'NONE',  ( 23.59999999999999800, 30.22340000000000200, 0.0000000000000000000 ) ) ;
#1565 = FACE_OUTER_BOUND ( 'NONE', #2841, .T. ) ;
#1566 = ORIENTED_EDGE ( 'NONE', *, *, #1484, .F. ) ;
#1567 = CARTESIAN_POINT ( 'NONE',  ( 11.50000000000000000, 0.0000000000000000000, 0.0000000000000000000 ) ) ;
#1568 = FACE_OUTER_BOUND ( 'NONE', #1823, .T. ) ;
#1569 = PLANE ( 'NONE',  #1191 ) ;
#1570 = AXIS2_PLACEMENT_3D ( 'NONE', #2230, #2327, #1520 ) ;
#1571 = DIRECTION ( 'NONE',  ( -1.000000000000000000, 0.0000000000000000000, 0.0000000000000000000 ) ) ;
#1572 = AXIS2_PLACEMENT_3D ( 'NONE', #2186, #2685, #1994 ) ;
#1573 = DIRECTION ( 'NONE',  ( 0.0000000000000000000, 0.0000000000000000000, 1.000000000000000000 ) ) ;
#1574 = FACE_BOUND ( 'NONE', #2845, .T. ) ;
#1575 = EDGE_LOOP ( 'NONE', ( #556 ) ) ;
#1576 = LINE ( 'NONE', #2374, #1540 ) ;
#1577 = DIRECTION ( 'NONE',  ( -0.4999999999999998900, 0.0000000000000000000, 0.8660254037844387100 ) ) ;
#1578 = EDGE_CURVE ( 'E140', #518, #2852, #55, .T. ) ;
#1579 = PLANE ( 'NONE',  #2197 ) ;
#1580 = EDGE_LOOP ( 'NONE', ( #185 ) ) ;
#1581 = CIRCLE ( 'NONE', #1414, 49.50000000000000000 ) ;
#1582 = DIRECTION ( 'NONE',  ( -0.8660254037844387100, 0.0000000000000000000, -0.4999999999999998900 ) ) ;
#1583 = CARTESIAN_POINT ( 'NONE',  ( -7.599999999999999600, 53.90964663211959600, -20.00000000000000000 ) ) ;
#1584 = DIRECTION ( 'NONE',  ( -2.925015176327334500E-017, -0.8785192178123141200, 0.4777070063694270300 ) ) ;
#1585 = ADVANCED_FACE ( 'E1335', ( #2386, #2399 ), #2367, .F. ) ;
#1586 = CARTESIAN_POINT ( 'NONE',  ( 22.15662432702595200, -12.54743649053890000, -26.73279750635709800 ) ) ;
#1587 = VECTOR ( 'NONE', #2484, 1000.000000000000100 ) ;
#1588 = AXIS2_PLACEMENT_3D ( 'NONE', #1130, #1064, #1052 ) ;
#1589 = ADVANCED_FACE ( 'E1332', ( #2377, #2361 ), #2340, .F. ) ;
#1590 = AXIS2_PLACEMENT_3D ( 'NONE', #2205, #1741, #1934 ) ;
#1591 = CARTESIAN_POINT ( 'NONE',  ( 18.00000000000000000, -27.46815286624200100, 50.51485502420809600 ) ) ;
#1592 = ORIENTED_EDGE ( 'NONE', *, *, #1876, .F. ) ;
#1593 = CARTESIAN_POINT ( 'NONE',  ( -7.599999999999999600, -88.05414012738860700, 17.57038435624629700 ) ) ;
#1594 = AXIS2_PLACEMENT_3D ( 'NONE', #1601, #1938, #1988 ) ;
#1595 = EDGE_LOOP ( 'NONE', ( #583 ) ) ;
#1596 = PLANE ( 'NONE',  #1209 ) ;
#1597 = CARTESIAN_POINT ( 'NONE',  ( 11.50000000000000000, 0.0000000000000000000, 0.0000000000000000000 ) ) ;
#1598 = ADVANCED_FACE ( 'E868', ( #2395, #2351 ), #2338, .F. ) ;
#1599 = CIRCLE ( 'NONE', #1395, 49.50000000000000000 ) ;
#1600 = AXIS2_PLACEMENT_3D ( 'NONE', #1959, #2253, #2277 ) ;
#1601 = CARTESIAN_POINT ( 'NONE',  ( -6.000000000000000000, 0.0000000000000000000, -20.00000000000000000 ) ) ;
#1602 = EDGE_CURVE ( 'E376', #150, #183, #2380, .T. ) ;
#1603 = CIRCLE ( 'NONE', #1429, 2.458750000000002900 ) ;
#1604 = DIRECTION ( 'NONE',  ( -1.000000000000000000, 0.0000000000000000000, -6.123031769111888800E-017 ) ) ;
#1605 = DIRECTION ( 'NONE',  ( 1.000000000000000000, 0.0000000000000000000, 0.0000000000000000000 ) ) ;
#1606 = CIRCLE ( 'NONE', #1422, 51.75000000000000000 ) ;
#1607 = CARTESIAN_POINT ( 'NONE',  ( -11.25000000000000000, 0.0000000000000000000, -1.377682148050173800E-015 ) ) ;
#1608 = ORIENTED_EDGE ( 'NONE', *, *, #324, .F. ) ;
#1609 = AXIS2_PLACEMENT_3D ( 'NONE', #83, #118, #2664 ) ;
#1610 = ADVANCED_FACE ( 'E224', ( #2346 ), #754, .T. ) ;
#1611 = LINE ( 'NONE', #2503, #1587 ) ;
#1612 = AXIS2_PLACEMENT_3D ( 'NONE', #1974, #1881, #1785 ) ;
#1613 = DIRECTION ( 'NONE',  ( -1.000000000000000000, 0.0000000000000000000, -1.224606353822375800E-016 ) ) ;
#1614 = DIRECTION ( 'NONE',  ( 0.0000000000000000000, -1.000000000000000000, 0.0000000000000000000 ) ) ;
#1615 = ORIENTED_EDGE ( 'NONE', *, *, #2129, .F. ) ;
#1616 = EDGE_CURVE ( 'E329', #168, #1273, #2330, .T. ) ;
#1617 = ADVANCED_FACE ( 'E182', ( #2306 ), #694, .F. ) ;
#1618 = AXIS2_PLACEMENT_3D ( 'NONE', #2510, #2466, #88 ) ;
#1619 = DIRECTION ( 'NONE',  ( -1.000000000000000000, 0.0000000000000000000, 0.0000000000000000000 ) ) ;
#1620 = LINE ( 'NONE', #368, #1626 ) ;
#1621 = ORIENTED_EDGE ( 'NONE', *, *, #1764, .F. ) ;
#1622 = ADVANCED_FACE ( 'E1409', ( #2326 ), #2305, .F. ) ;
#1623 = DIRECTION ( 'NONE',  ( 0.0000000000000000000, 0.0000000000000000000, 1.000000000000000000 ) ) ;
#1624 = CARTESIAN_POINT ( 'NONE',  ( 22.15662432702595200, 30.90000000000000200, -2.500000000000000000 ) ) ;
#1625 = CARTESIAN_POINT ( 'NONE',  ( 20.71324865405184900, 30.90000000000000200, -5.302701060230069700E-016 ) ) ;
#1626 = VECTOR ( 'NONE', #2505, 1000.000000000000100 ) ;
#1627 = CARTESIAN_POINT ( 'NONE',  ( 0.0000000000000000000, 0.0000000000000000000, 0.0000000000000000000 ) ) ;
#1628 = EDGE_CURVE ( 'E198', #124, #301, #2302, .T. ) ;
#1629 = ORIENTED_EDGE ( 'NONE', *, *, #545, .F. ) ;
#1630 = VECTOR ( 'NONE', #438, 1000.000000000000000 ) ;
#1631 = CARTESIAN_POINT ( 'NONE',  ( 25.04337567297405100, 30.90000000000000200, 2.500000000000000000 ) ) ;
#1632 = AXIS2_PLACEMENT_3D ( 'NONE', #2313, #2274, #2478 ) ;
#1633 = EDGE_CURVE ( 'NONE', #633, #633, #2400, .T. ) ;
#1634 = CARTESIAN_POINT ( 'NONE',  ( -6.942909120302289200, -11.89028052114906200, -42.84204211207435300 ) ) ;
#1635 = ADVANCED_FACE ( 'E999', ( #2315 ), #1490, .T. ) ;
#1636 = DIRECTION ( 'NONE',  ( 0.4999999999999998900, 0.0000000000000000000, 0.8660254037844387100 ) ) ;
#1637 = CIRCLE ( 'NONE', #1451, 3.000000000000000000 ) ;
#1638 = VERTEX_POINT ( 'NONE', #1878 ) ;
#1639 = CARTESIAN_POINT ( 'NONE',  ( -5.967093596197923200, -11.28951918118024400, -43.15047247698105100 ) ) ;
#1640 = EDGE_LOOP ( 'NONE', ( #582 ) ) ;
#1641 = CARTESIAN_POINT ( 'NONE',  ( -7.567710925033319200, 53.53383665760151200, -20.00000000000000000 ) ) ;
#1642 = AXIS2_PLACEMENT_3D ( 'NONE', #2876, #2551, #2145 ) ;
#1643 = AXIS2_PLACEMENT_3D ( 'NONE', #39, #1908, #2190 ) ;
#1644 = ORIENTED_EDGE ( 'NONE', *, *, #305, .T. ) ;
#1645 = ADVANCED_FACE ( 'E1247', ( #2258 ), #1955, .T. ) ;
#1646 = LINE ( 'NONE', #363, #1630 ) ;
#1647 = VECTOR ( 'NONE', #490, 1000.000000000000000 ) ;
#1648 = CARTESIAN_POINT ( 'NONE',  ( 25.04337567297405100, -12.54743649053890000, -26.73279750635709800 ) ) ;
#1649 = DIRECTION ( 'NONE',  ( 0.5000000000000001100, -0.7500000000000001100, 0.4330127018922190800 ) ) ;
#1650 = ADVANCED_FACE ( 'E1020', ( #2257 ), #1939, .T. ) ;
#1651 = CYLINDRICAL_SURFACE ( 'NONE', #1452, 25.00000000000000000 ) ;
#1652 = CARTESIAN_POINT ( 'NONE',  ( -6.816290606477889600, -11.97562821479504100, -42.83832993043784400 ) ) ;
#1653 = CIRCLE ( 'NONE', #1455, 20.00000000000000000 ) ;
#1654 = AXIS2_PLACEMENT_3D ( 'NONE', #109, #2572, #69 ) ;
#1655 = ORIENTED_EDGE ( 'NONE', *, *, #729, .T. ) ;
#1656 = DIRECTION ( 'NONE',  ( 0.4999999999999998900, 0.0000000000000000000, -0.8660254037844387100 ) ) ;
#1657 = DIRECTION ( 'NONE',  ( 0.8660254037844387100, 0.0000000000000000000, 0.4999999999999998900 ) ) ;
#1658 = CARTESIAN_POINT ( 'NONE',  ( -7.033191647588490800, -11.75742519737534900, -42.86396987900550200 ) ) ;
#1659 = CIRCLE ( 'NONE', #1447, 30.90000000000000200 ) ;
#1660 = DIRECTION ( 'NONE',  ( 0.0000000000000000000, 0.8660254037844389300, -0.4999999999999996700 ) ) ;
#1661 = AXIS2_PLACEMENT_3D ( 'NONE', #62, #26, #111 ) ;
#1662 = DIRECTION ( 'NONE',  ( 1.000000000000000000, 0.0000000000000000000, 0.0000000000000000000 ) ) ;
#1663 = EDGE_LOOP ( 'NONE', ( #966 ) ) ;
#1664 = EDGE_LOOP ( 'NONE', ( #619 ) ) ;
#1665 = DIRECTION ( 'NONE',  ( -6.123031769111887500E-017, -0.4999999999999998900, -0.8660254037844387100 ) ) ;
#1666 = CARTESIAN_POINT ( 'NONE',  ( 23.59999999999999800, -15.11170000000000100, -26.17423218873860000 ) ) ;
#1667 = DIRECTION ( 'NONE',  ( 0.0000000000000000000, 0.0000000000000000000, -1.000000000000000000 ) ) ;
#1668 = LINE ( 'NONE', #434, #1647 ) ;
#1669 = AXIS2_PLACEMENT_3D ( 'NONE', #104, #43, #41 ) ;
#1670 = CARTESIAN_POINT ( 'NONE',  ( -7.093538186203497600, -11.46980227324849400, -42.93190069895965200 ) ) ;
#1671 = DIRECTION ( 'NONE',  ( 0.0000000000000000000, -1.000000000000000000, 0.0000000000000000000 ) ) ;
#1672 = CARTESIAN_POINT ( 'NONE',  ( -7.062113966436781400, -11.31598123607819800, -42.97787681974685400 ) ) ;
#1673 = ADVANCED_FACE ( 'E6', ( #2289, #2252, #2248 ), #2221, .T. ) ;
#1674 = FACE_OUTER_BOUND ( 'NONE', #2742, .T. ) ;
#1675 = CARTESIAN_POINT ( 'NONE',  ( -6.895518783888891600, -11.08027089421881000, -43.06625359321737500 ) ) ;
#1676 = CARTESIAN_POINT ( 'NONE',  ( 22.15662432702595200, 30.90000000000000200, -2.500000000000000000 ) ) ;
#1677 = CARTESIAN_POINT ( 'NONE',  ( -6.762035660879329900, -10.99841785524827200, -43.10838582313984100 ) ) ;
#1678 = CARTESIAN_POINT ( 'NONE',  ( -6.466157143345737000, -10.95174085552038300, -43.16562792205640200 ) ) ;
#1679 = ADVANCED_FACE ( 'E1341', ( #2246, #2243 ), #2219, .F. ) ;
#1680 = B_SPLINE_CURVE_WITH_KNOTS ( 'NONE', 3,
 ( #1425, #1427, #1434, #1437, #1442, #1444, #1446, #1449, #1454, #1456, #1457, #1458, #1466, #1468, #1473, #1474, #1477, #1481, #1487, #1492, #1498, #1499, #1503, #1504, #891, #136, #89, #1507, #1510, #1515, #1535, #1524, #1511, #1527, #1534, #1537, #139, #138, #137, #81, #90, #1561, #1554, #1548, #2867, #2878, #2885, #2894, #2895, #2900, #2912, #2919, #22, #27, #5, #42, #70, #53, #65, #34, #50, #76, #79, #80, #58, #59, #96, #97, #99, #101, #103, #1871, #105, #84, #122, #125, #140, #142, #1976, #144 ),
 .UNSPECIFIED., .T., .F.,
 ( 4, 2, 2, 2, 2, 2, 2, 2, 2, 2, 2, 2, 2, 2, 2, 2, 2, 2, 2, 2, 2, 2, 2, 2, 2, 2, 2, 2, 2, 2, 2, 2, 2, 2, 2, 2, 2, 2, 2, 4 ),
 ( 0.0000000000000000000, 0.001070779820214152000, 0.002141559640428304000, 0.003212339460642456700, 0.004283119280856608100, 0.005353899101070760800, 0.006424678921284913400, 0.007495458741499065300, 0.008566238561713216200, 0.009637018381927367100, 0.01070779820214151600, 0.01124318811224859000, 0.01177857802235566200, 0.01284935784256979900, 0.01338474775267687100, 0.01392013766278394300, 0.01445552757289101200, 0.01499091748299808200, 0.01606169730321222200, 0.01713247712342636000, 0.01820325694364050000, 0.01927403676385463400, 0.02034481658406877400, 0.02141559640428290800, 0.02248637622449704800, 0.02355715604471118200, 0.02462793586492531900, 0.02569871568513945600, 0.02623410559524651900, 0.02676949550535358600, 0.02784027532556771300, 0.02837566523567477300, 0.02891105514578183300, 0.02944644505588889600, 0.02998183496599595600, 0.03105261478621007200, 0.03158800469631713200, 0.03212339460642419500, 0.03319417442663831500, 0.03426495424685243500 ),
 .UNSPECIFIED. ) ;
#1681 = EDGE_CURVE ( 'E334', #141, #1273, #2287, .T. ) ;
#1682 = AXIS2_PLACEMENT_3D ( 'NONE', #37, #48, #33 ) ;
#1683 = CARTESIAN_POINT ( 'NONE',  ( -6.308922040589961500, -10.98753913099748300, -43.17978958066687100 ) ) ;
#1684 = FACE_BOUND ( 'NONE', #2665, .T. ) ;
#1685 = DIRECTION ( 'NONE',  ( 0.0000000000000000000, 0.0000000000000000000, 1.000000000000000000 ) ) ;
#1686 = ORIENTED_EDGE ( 'NONE', *, *, #291, .F. ) ;
#1687 = CARTESIAN_POINT ( 'NONE',  ( -6.058834931162186500, -11.15596978385658000, -43.17241711045048200 ) ) ;
#1688 = ADVANCED_FACE ( 'E1433', ( #2239 ), #2217, .F. ) ;
#1689 = AXIS2_PLACEMENT_3D ( 'NONE', #30, #35, #16 ) ;
#1690 = CARTESIAN_POINT ( 'NONE',  ( -5.906439443285800700, -11.57694341897687600, -43.08260761016362000 ) ) ;
#1691 = FACE_BOUND ( 'NONE', #2736, .T. ) ;
#1692 = CARTESIAN_POINT ( 'NONE',  ( -5.936802968282506800, -11.72984684155873400, -43.03705840012654000 ) ) ;
#1693 = ORIENTED_EDGE ( 'NONE', *, *, #1280, .F. ) ;
#1694 = DIRECTION ( 'NONE',  ( 0.0000000000000000000, 1.000000000000000000, 0.0000000000000000000 ) ) ;
#1695 = AXIS2_PLACEMENT_3D ( 'NONE', #2324, #2331, #2370 ) ;
#1696 = ADVANCED_FACE ( 'E1422', ( #2229, #2206 ), #2200, .F. ) ;
#1697 = CARTESIAN_POINT ( 'NONE',  ( -6.105300630946872300, -11.96848896503715000, -42.94768804308422000 ) ) ;
#1698 = ORIENTED_EDGE ( 'NONE', *, *, #291, .T. ) ;
#1699 = FACE_OUTER_BOUND ( 'NONE', #74, .T. ) ;
#1700 = CARTESIAN_POINT ( 'NONE',  ( -6.239312188763249400, -12.04922405681259800, -42.90582625940512400 ) ) ;
#1701 = ADVANCED_FACE ( 'E1425', ( #2212, #2204, #2209, #2202 ), #2166, .F. ) ;
#1702 = FACE_OUTER_BOUND ( 'NONE', #711, .T. ) ;
#1703 = CARTESIAN_POINT ( 'NONE',  ( -7.600000000000010300, 53.72089154730290500, 19.99999999999999600 ) ) ;
#1704 = CARTESIAN_POINT ( 'NONE',  ( 26.48675134594815000, 29.42500000000000100, -3.721444587325164800E-016 ) ) ;
#1705 = CIRCLE ( 'NONE', #1522, 20.00000000000000000 ) ;
#1706 = CARTESIAN_POINT ( 'NONE',  ( -6.531929086232294100, -12.09554254754791600, -42.84920649038053900 ) ) ;
#1707 = DIRECTION ( 'NONE',  ( 0.0000000000000000000, 1.000000000000000000, 0.0000000000000000000 ) ) ;
#1708 = CARTESIAN_POINT ( 'NONE',  ( -7.599999999999999600, 53.90964663211959600, 20.00000000000000000 ) ) ;
#1709 = CARTESIAN_POINT ( 'NONE',  ( -6.689672092653490100, -12.06097590844101900, -42.83461774880133500 ) ) ;
#1710 = CARTESIAN_POINT ( 'NONE',  ( -7.599999999999999600, 96.60742682738690200, -20.00000000000000000 ) ) ;
#1711 = ADVANCED_FACE ( 'E1416', ( #2187, #2165 ), #2193, .T. ) ;
#1712 = ORIENTED_EDGE ( 'NONE', *, *, #1166, .F. ) ;
#1713 = CIRCLE ( 'NONE', #1478, 57.50000000000000000 ) ;
#1714 = ORIENTED_EDGE ( 'NONE', *, *, #1261, .F. ) ;
#1715 = CARTESIAN_POINT ( 'NONE',  ( -6.816290606477889600, -11.97562821479504100, -42.83832993043784400 ) ) ;
#1716 = PLANE ( 'NONE',  #1235 ) ;
#1717 = PLANE ( 'NONE',  #1244 ) ;
#1718 = CARTESIAN_POINT ( 'NONE',  ( 0.0000000000000000000, 0.0000000000000000000, 0.0000000000000000000 ) ) ;
#1719 = AXIS2_PLACEMENT_3D ( 'NONE', #18, #98, #24 ) ;
#1720 = CARTESIAN_POINT ( 'NONE',  ( 23.59999999999999400, 24.49489742783179500, 4.999999999999999100 ) ) ;
#1721 = VECTOR ( 'NONE', #1239, 1000.000000000000000 ) ;
#1722 = ADVANCED_FACE ( 'E1430', ( #2174, #2161 ), #2143, .F. ) ;
#1723 = DIRECTION ( 'NONE',  ( -1.000000000000000000, -4.163336342344340000E-016, 2.403703357979454600E-016 ) ) ;
#1724 = CARTESIAN_POINT ( 'NONE',  ( 25.04337567297405100, -17.61506350946109800, -25.51018497693915100 ) ) ;
#1725 = ADVANCED_FACE ( 'E1379', ( #2158, #2140, #2154, #2180 ), #2117, .T. ) ;
#1726 = CARTESIAN_POINT ( 'NONE',  ( -6.422762536433903200, 52.38364407221697400, 20.00000000000000000 ) ) ;
#1727 = EDGE_CURVE ( 'E113', #2483, #722, #2122, .T. ) ;
#1728 = FACE_OUTER_BOUND ( 'NONE', #2605, .T. ) ;
#1729 = AXIS2_PLACEMENT_3D ( 'NONE', #78, #11, #7 ) ;
#1730 = CARTESIAN_POINT ( 'NONE',  ( 4.065863991822649100, 0.0000000000000000000, 0.0000000000000000000 ) ) ;
#1731 = DIRECTION ( 'NONE',  ( -1.000000000000000000, 0.0000000000000000000, 0.0000000000000000000 ) ) ;
#1732 = ADVANCED_FACE ( 'E1413', ( #2127, #2114 ), #2089, .T. ) ;
#1733 = FACE_OUTER_BOUND ( 'NONE', #2566, .T. ) ;
#1734 = AXIS2_PLACEMENT_3D ( 'NONE', #23, #15, #29 ) ;
#1735 = EDGE_LOOP ( 'NONE', ( #463 ) ) ;
#1736 = DIRECTION ( 'NONE',  ( 0.0000000000000000000, 0.0000000000000000000, 1.000000000000000000 ) ) ;
#1737 = CARTESIAN_POINT ( 'NONE',  ( -6.000000000000000000, 0.0000000000000000000, 20.00000000000000000 ) ) ;
#1738 = LINE ( 'NONE', #875, #1721 ) ;
#1739 = AXIS2_PLACEMENT_3D ( 'NONE', #1884, #2523, #2021 ) ;
#1740 = DIRECTION ( 'NONE',  ( 0.0000000000000000000, -1.000000000000000000, 0.0000000000000000000 ) ) ;
#1741 = DIRECTION ( 'NONE',  ( 0.0000000000000000000, 1.000000000000000000, 0.0000000000000000000 ) ) ;
#1742 = VERTEX_POINT ( 'NONE', #60 ) ;
#1743 = TOROIDAL_SURFACE ( 'NONE', #1518, 42.70074674683795000, 2.299999999999999800 ) ;
#1744 = CARTESIAN_POINT ( 'NONE',  ( 23.93122104582571900, 24.49489742783179100, 4.999999999999998200 ) ) ;
#1745 = DIRECTION ( 'NONE',  ( 0.0000000000000000000, 0.0000000000000000000, 1.000000000000000000 ) ) ;
#1746 = DIRECTION ( 'NONE',  ( -1.000000000000000000, 0.0000000000000000000, 0.0000000000000000000 ) ) ;
#1747 = TOROIDAL_SURFACE ( 'NONE', #1508, 57.50000000000000000, 1.440000000000000200 ) ;
#1748 = FACE_OUTER_BOUND ( 'NONE', #2669, .T. ) ;
#1749 = CARTESIAN_POINT ( 'NONE',  ( 11.25000000000000000, 0.0000000000000000000, 0.0000000000000000000 ) ) ;
#1750 = VECTOR ( 'NONE', #1274, 1000.000000000000000 ) ;
#1751 = DIRECTION ( 'NONE',  ( 1.000000000000000000, 0.0000000000000000000, 0.0000000000000000000 ) ) ;
#1752 = EDGE_LOOP ( 'NONE', ( #613 ) ) ;
#1753 = DIRECTION ( 'NONE',  ( 0.0000000000000000000, -1.000000000000000000, 0.0000000000000000000 ) ) ;
#1754 = AXIS2_PLACEMENT_3D ( 'NONE', #107, #57, #49 ) ;
#1755 = EDGE_CURVE ( 'E427', #2826, #1316, #2125, .T. ) ;
#1756 = ADVANCED_FACE ( 'E1401', ( #2081, #2151, #2098, #2084 ), #2045, .F. ) ;
#1757 = ADVANCED_FACE ( 'E1398', ( #2060, #2041 ), #2037, .F. ) ;
#1758 = PLANE ( 'NONE',  #1252 ) ;
#1759 = ADVANCED_FACE ( 'E1395', ( #2050, #2033 ), #2113, .T. ) ;
#1760 = EDGE_LOOP ( 'NONE', ( #649 ) ) ;
#1761 = CARTESIAN_POINT ( 'NONE',  ( 5.998642641960240800, -22.54257245395609700, -38.48179717228494900 ) ) ;
#1762 = CARTESIAN_POINT ( 'NONE',  ( 24.25673560552364400, 24.50161260962159900, 4.967414536780570900 ) ) ;
#1763 = DIRECTION ( 'NONE',  ( 0.0000000000000000000, 1.000000000000000000, 0.0000000000000000000 ) ) ;
#1764 = EDGE_CURVE ( 'NONE', #628, #628, #2057, .T. ) ;
#1765 = CIRCLE ( 'NONE', #1550, 20.00000000000000000 ) ;
#1766 = CARTESIAN_POINT ( 'NONE',  ( 24.89687257713044100, 24.52711962904978200, 4.839899828970482400 ) ) ;
#1767 = ORIENTED_EDGE ( 'NONE', *, *, #1377, .F. ) ;
#1768 = CYLINDRICAL_SURFACE ( 'NONE', #1538, 20.00000000000000000 ) ;
#1769 = CARTESIAN_POINT ( 'NONE',  ( 25.21486953908165800, 24.54621832595082500, 4.743364168715240600 ) ) ;
#1770 = CARTESIAN_POINT ( 'NONE',  ( 25.81993789625451500, 24.59343722907021500, 4.492124553268586100 ) ) ;
#1771 = ADVANCED_FACE ( 'E1392', ( #2063, #2026 ), #2023, .T. ) ;
#1772 = CARTESIAN_POINT ( 'NONE',  ( 26.10678132160448000, 24.62135686332841500, 4.338505181587990500 ) ) ;
#1773 = CARTESIAN_POINT ( 'NONE',  ( 26.64964234371310400, 24.68253592363620500, 3.975708915456834800 ) ) ;
#1774 = CIRCLE ( 'NONE', #1588, 53.27836085035420400 ) ;
#1775 = EDGE_LOOP ( 'NONE', ( #622 ) ) ;
#1776 = CARTESIAN_POINT ( 'NONE',  ( 26.90600513055983700, 24.71594373538125600, 3.765116729182636400 ) ) ;
#1777 = ADVANCED_FACE ( 'E0', ( #2000, #2039 ), #2001, .F. ) ;
#1778 = VECTOR ( 'NONE', #1171, 1000.000000000000000 ) ;
#1779 = ADVANCED_FACE ( 'E1384', ( #1979, #2018 ), #1957, .T. ) ;
#1780 = AXIS2_PLACEMENT_3D ( 'NONE', #132, #86, #10 ) ;
#1781 = AXIS2_PLACEMENT_3D ( 'NONE', #1820, #2, #2105 ) ;
#1782 = CARTESIAN_POINT ( 'NONE',  ( 27.36589430461420500, 24.78164975785046700, 3.305119361556132100 ) ) ;
#1783 = LINE ( 'NONE', #1079, #1778 ) ;
#1784 = CARTESIAN_POINT ( 'NONE',  ( 27.57257014799619600, 24.81428699135610200, 3.053963728838563300 ) ) ;
#1785 = DIRECTION ( 'NONE',  ( 0.0000000000000000000, 0.0000000000000000000, 1.000000000000000000 ) ) ;
#1786 = LINE ( 'NONE', #1370, #1796 ) ;
#1787 = AXIS2_PLACEMENT_3D ( 'NONE', #2008, #2575, #2146 ) ;
#1788 = B_SPLINE_CURVE_WITH_KNOTS ( 'NONE', 3,
 ( #2285, #2279, #2269, #2268, #2263, #2254, #2241, #2237, #2234, #2233, #2227, #2224, #2216, #2213, #2207, #2191, #2185, #2175 ),
 .UNSPECIFIED., .T., .F.,
 ( 4, 2, 2, 2, 2, 2, 2, 2, 4 ),
 ( 0.0000000000000000000, 0.0004518035076439756500, 0.0009036070152879513100, 0.001355410522931927000, 0.001807214030575902600, 0.002259017538219878300, 0.002710821045863853900, 0.003162624553507829600, 0.003614428061151805200 ),
 .UNSPECIFIED. ) ;
#1789 = CARTESIAN_POINT ( 'NONE',  ( 27.93813412996505700, 24.87542829858818300, 2.507708178445874600 ) ) ;
#1790 = AXIS2_PLACEMENT_3D ( 'NONE', #1000, #1937, #1923 ) ;
#1791 = CARTESIAN_POINT ( 'NONE',  ( 28.09293642390512200, 24.90324136248067800, 2.217991698288241100 ) ) ;
#1792 = ORIENTED_EDGE ( 'NONE', *, *, #2329, .T. ) ;
#1793 = CARTESIAN_POINT ( 'NONE',  ( -7.567430335235586700, 53.53312524031451100, 20.00000000000000400 ) ) ;
#1794 = LINE ( 'NONE', #1278, #1750 ) ;
#1795 = CARTESIAN_POINT ( 'NONE',  ( 28.34259321173609100, 24.94949183892771300, 1.616717201901340300 ) ) ;
#1796 = VECTOR ( 'NONE', #1335, 1000.000000000000100 ) ;
#1797 = CARTESIAN_POINT ( 'NONE',  ( -6.235363776989840000, 52.37313117759679700, 20.00000000000000000 ) ) ;
#1798 = FACE_BOUND ( 'NONE', #1046, .T. ) ;
#1799 = AXIS2_PLACEMENT_3D ( 'NONE', #1551, #1830, #2107 ) ;
#1800 = DIRECTION ( 'NONE',  ( -1.000000000000000000, 0.0000000000000000000, 0.0000000000000000000 ) ) ;
#1801 = ORIENTED_EDGE ( 'NONE', *, *, #47, .T. ) ;
#1802 = CARTESIAN_POINT ( 'NONE',  ( 28.43906234136424500, 24.96823057272962000, 1.300724203589181700 ) ) ;
#1803 =( BOUNDED_CURVE ( )  B_SPLINE_CURVE ( 3, ( #2882, #2883, #2851, #2846 ),
 .UNSPECIFIED., .F., .F. ) 
 B_SPLINE_CURVE_WITH_KNOTS ( ( 4, 4 ),
 ( 2.938619960504083900, 3.344565346675494300 ),
 .UNSPECIFIED. ) 
 CURVE ( )  GEOMETRIC_REPRESENTATION_ITEM ( )  RATIONAL_B_SPLINE_CURVE ( ( 1.000000000000000000, 0.9863144435940230900, 0.9863144435940230900, 1.000000000000000000 ) ) 
 REPRESENTATION_ITEM ( '' )  );
#1804 = CARTESIAN_POINT ( 'NONE',  ( 28.56784368154710300, 24.99350884597173200, 0.6549327851961677100 ) ) ;
#1805 = CARTESIAN_POINT ( 'NONE',  ( 28.59980549568767600, 24.99996109914407300, 0.3299641820303397300 ) ) ;
#1806 = ORIENTED_EDGE ( 'NONE', *, *, #211, .F. ) ;
#1807 = CARTESIAN_POINT ( 'NONE',  ( 28.60019275123821500, 25.00003855024114700, -0.3240429085727497000 ) ) ;
#1808 = EDGE_CURVE ( 'E625', #2372, #238, #14, .T. ) ;
#1809 = EDGE_LOOP ( 'NONE', ( #703 ) ) ;
#1810 = CYLINDRICAL_SURFACE ( 'NONE', #1572, 49.50000000000000000 ) ;
#1811 = ORIENTED_EDGE ( 'NONE', *, *, #211, .T. ) ;
#1812 = CARTESIAN_POINT ( 'NONE',  ( -19.00000000000000000, 26.10000000000000100, 0.0000000000000000000 ) ) ;
#1813 = CARTESIAN_POINT ( 'NONE',  ( 28.56753199546816200, 24.99344794957443800, -0.6562983367104321400 ) ) ;
#1814 = CARTESIAN_POINT ( 'NONE',  ( 28.43960449196997000, 24.96833670713333600, -1.298202601319560400 ) ) ;
#1815 = DIRECTION ( 'NONE',  ( -0.5000000000000001100, 0.7500000000000001100, -0.4330127018922190800 ) ) ;
#1816 = CARTESIAN_POINT ( 'NONE',  ( 28.34496187942341200, 24.94993848495960300, -1.610292966659549800 ) ) ;
#1817 = ORIENTED_EDGE ( 'NONE', *, *, #2856, .T. ) ;
#1818 = CARTESIAN_POINT ( 'NONE',  ( 28.15656655029202300, 24.91502539671115800, -2.065097562265165700 ) ) ;
#1819 = EDGE_CURVE ( 'E219', #1403, #356, #1969, .T. ) ;
#1820 = CARTESIAN_POINT ( 'NONE',  ( 20.71324865405184900, -15.45000000000000100, -26.76018497693915100 ) ) ;
#1821 = FACE_BOUND ( 'NONE', #508, .T. ) ;
#1822 = CARTESIAN_POINT ( 'NONE',  ( 31.50000000000000000, 0.0000000000000000000, 0.0000000000000000000 ) ) ;
#1823 = EDGE_LOOP ( 'NONE', ( #1714 ) ) ;
#1824 = CARTESIAN_POINT ( 'NONE',  ( 28.08564777516350800, 24.90211341661095500, -2.214899690690419500 ) ) ;
#1825 = AXIS2_PLACEMENT_3D ( 'NONE', #996, #974, #1268 ) ;
#1826 = FACE_OUTER_BOUND ( 'NONE', #1243, .T. ) ;
#1827 = FACE_OUTER_BOUND ( 'NONE', #322, .T. ) ;
#1828 = DIRECTION ( 'NONE',  ( 0.0000000000000000000, 0.0000000000000000000, 1.000000000000000000 ) ) ;
#1829 = AXIS2_PLACEMENT_3D ( 'NONE', #2678, #2002, #1920 ) ;
#1830 = DIRECTION ( 'NONE',  ( 0.8660254037844386000, 0.4330127018922195200, -0.2499999999999999400 ) ) ;
#1831 = CARTESIAN_POINT ( 'NONE',  ( 27.93110755694316100, 24.87474038700174700, -2.503662104366258100 ) ) ;
#1832 = B_SPLINE_CURVE_WITH_KNOTS ( 'NONE', 3,
 ( #1720, #1744, #1762, #1766, #1769, #1770, #1772, #1773, #1776, #1782, #1784, #1789, #1791, #1795, #1802, #1804, #1805, #1807, #1813, #1814, #1816, #1818, #1824, #1831, #1835, #1838, #1840, #1845, #1847, #1848, #1849, #1850, #1852, #1853, #1856, #1857, #1861, #1865, #1872, #1877, #1883, #1890, #1894, #1897, #1899, #1902, #1903, #1909, #1912, #1914, #1919, #1924, #1927, #1932, #1933, #1945, #1946, #1952, #1960, #1962, #1966, #1970, #1977, #1982, #1984, #1989, #1991, #1997, #2005, #2012, #2017, #2025 ),
 .UNSPECIFIED., .T., .F.,
 ( 4, 2, 2, 2, 2, 2, 2, 2, 2, 2, 2, 2, 2, 2, 2, 2, 2, 2, 2, 2, 2, 2, 2, 2, 2, 2, 2, 2, 2, 2, 2, 2, 2, 2, 2, 4 ),
 ( 0.0000000000000000000, 0.0009793608910680031000, 0.001958721782136006200, 0.002938082673204009300, 0.003917443564272012400, 0.004896804455340015100, 0.005876165346408018600, 0.006855526237476022200, 0.007834887128544024800, 0.008814248019612027500, 0.009793608910680030200, 0.01028328935621403300, 0.01077296980174803800, 0.01175233069281604600, 0.01273169158388405200, 0.01371105247495205800, 0.01469041336602006600, 0.01566977425708807000, 0.01664913514815608000, 0.01762849603922408300, 0.01811817648475808400, 0.01860785693029208900, 0.01958721782136009200, 0.02056657871242810100, 0.02154593960349610700, 0.02252530049456411300, 0.02350466138563212000, 0.02448402227670012900, 0.02546338316776813200, 0.02644274405883614100, 0.02693242450437014300, 0.02742210494990414100, 0.02840146584097214300, 0.02938082673204014300, 0.03036018762310814200, 0.03133954851417614100 ),
 .UNSPECIFIED. ) ;
#1833 = FACE_BOUND ( 'NONE', #181, .T. ) ;
#1834 = AXIS2_PLACEMENT_3D ( 'NONE', #1541, #1662, #1667 ) ;
#1835 = CARTESIAN_POINT ( 'NONE',  ( 27.84722379543104500, 24.86022871714091300, -2.643394539984338400 ) ) ;
#1836 = FACE_OUTER_BOUND ( 'NONE', #536, .T. ) ;
#1837 = AXIS2_PLACEMENT_3D ( 'NONE', #816, #936, #828 ) ;
#1838 = CARTESIAN_POINT ( 'NONE',  ( 27.57611424663420900, 24.81486917359463400, -3.048982477432648200 ) ) ;
#1839 = VECTOR ( 'NONE', #2651, 1000.000000000000000 ) ;
#1840 = CARTESIAN_POINT ( 'NONE',  ( 27.36852226848579400, 24.78202762102034400, -3.302456513141044600 ) ) ;
#1841 = ORIENTED_EDGE ( 'NONE', *, *, #2003, .F. ) ;
#1842 = AXIS2_PLACEMENT_3D ( 'NONE', #774, #801, #771 ) ;
#1843 = EDGE_CURVE ( 'E291', #205, #2483, #1990, .T. ) ;
#1844 = B_SPLINE_CURVE_WITH_KNOTS ( 'NONE', 3,
 ( #956, #961, #968, #969, #971, #980, #987, #989, #992, #994, #1002, #1005, #1010, #1013, #1014, #1025, #1026, #1032, #1033, #1038, #1044, #1045, #1049, #1051, #1054, #1058, #1061, #1062, #1069, #1072, #1073, #1075, #1077, #1082, #1083, #1085, #1086, #1090, #1094, #1095, #1097, #1099, #1103, #1105, #1109, #1110, #1115, #1118, #1122, #1123, #1127, #1131, #1133, #1136, #1139, #1143, #1145, #1148, #1152, #1157, #1158, #1161, #1165, #1172, #1174, #1175, #1176, #1182, #1183, #1186 ),
 .UNSPECIFIED., .T., .F.,
 ( 4, 2, 2, 2, 2, 2, 2, 2, 2, 2, 2, 2, 2, 2, 2, 2, 2, 2, 2, 2, 2, 2, 2, 2, 2, 2, 2, 2, 2, 2, 2, 2, 2, 2, 4 ),
 ( 0.0000000000000000000, 0.001067454766863467300, 0.002134909533726934500, 0.003202364300590402000, 0.004269819067453869100, 0.005337273834317335700, 0.006404728601180804100, 0.007472183368044271600, 0.008539638134907738200, 0.009607092901771205700, 0.01067454766863467100, 0.01174200243549814100, 0.01280945720236160800, 0.01334318458579334500, 0.01387691196922508300, 0.01494436673608856700, 0.01601182150295205100, 0.01707927626981552800, 0.01814673103667901000, 0.01921418580354249500, 0.02028164057040597600, 0.02134909533726945700, 0.02241655010413294200, 0.02348400487099642400, 0.02455145963785990500, 0.02561891440472338600, 0.02668636917158687100, 0.02722009655501861400, 0.02775382393845035900, 0.02882127870531384800, 0.02988873347217733600, 0.03095618823904082100, 0.03202364300590430200, 0.03309109777276779400, 0.03415855253963127900 ),
 .UNSPECIFIED. ) ;
#1845 = CARTESIAN_POINT ( 'NONE',  ( 26.90389812818155900, 24.71564030654160900, -3.767258455144723700 ) ) ;
#1846 = FACE_OUTER_BOUND ( 'NONE', #188, .T. ) ;
#1847 = CARTESIAN_POINT ( 'NONE',  ( 26.65236689156916200, 24.68288483145817800, -3.973524037908044500 ) ) ;
#1848 = CARTESIAN_POINT ( 'NONE',  ( 26.11173533064303600, 24.62187389971530700, -4.335553315250561600 ) ) ;
#1849 = CARTESIAN_POINT ( 'NONE',  ( 25.81904313788206600, 24.59336146630768000, -4.492533337933943800 ) ) ;
#1850 = CARTESIAN_POINT ( 'NONE',  ( 25.21479200900405400, 24.54621822189782100, -4.743359042691797500 ) ) ;
#1851 = LINE ( 'NONE', #2038, #1839 ) ;
#1852 = CARTESIAN_POINT ( 'NONE',  ( 24.90315235036724000, 24.52743698846629900, -4.838299300566963400 ) ) ;
#1853 = CARTESIAN_POINT ( 'NONE',  ( 24.26063729992290500, 24.50170199837077000, -4.966981430213429000 ) ) ;
#1854 = AXIS2_PLACEMENT_3D ( 'NONE', #607, #709, #656 ) ;
#1855 = CARTESIAN_POINT ( 'NONE',  ( 22.15662432702595200, -17.61506350946109800, -25.51018497693915100 ) ) ;
#1856 = CARTESIAN_POINT ( 'NONE',  ( 23.92877395887000300, 24.49492464566619500, -4.999866660376105700 ) ) ;
#1857 = CARTESIAN_POINT ( 'NONE',  ( 23.27529428848292200, 24.49487037891659800, -5.000132512092030800 ) ) ;
#1858 = AXIS2_PLACEMENT_3D ( 'NONE', #717, #731, #690 ) ;
#1859 = ORIENTED_EDGE ( 'NONE', *, *, #193, .F. ) ;
#1860 = DIRECTION ( 'NONE',  ( 0.0000000000000000000, 0.0000000000000000000, -1.000000000000000000 ) ) ;
#1861 = CARTESIAN_POINT ( 'NONE',  ( 22.94995605147451600, 24.50138393884041200, -4.968549898530443300 ) ) ;
#1862 = ORIENTED_EDGE ( 'NONE', *, *, #2003, .T. ) ;
#1863 = PLANE ( 'NONE',  #1277 ) ;
#1864 = LINE ( 'NONE', #2242, #1873 ) ;
#1865 = CARTESIAN_POINT ( 'NONE',  ( 22.30216655970311000, 24.52712028392662400, -4.839904295587737200 ) ) ;
#1866 = AXIS2_PLACEMENT_3D ( 'NONE', #601, #574, #598 ) ;
#1867 = VECTOR ( 'NONE', #1922, 1000.000000000000000 ) ;
#1868 = EDGE_CURVE ( 'E154', #1310, #233, #1467, .T. ) ;
#1869 = AXIS2_PLACEMENT_3D ( 'NONE', #617, #602, #949 ) ;
#1870 = EDGE_LOOP ( 'NONE', ( #706 ) ) ;
#1871 = CARTESIAN_POINT ( 'NONE',  ( 17.99339158732546600, 30.88919341127133200, -0.8361327240544642600 ) ) ;
#1872 = CARTESIAN_POINT ( 'NONE',  ( 21.98796552463804900, 24.54605031677961700, -4.744207432329434800 ) ) ;
#1873 = VECTOR ( 'NONE', #2103, 1000.000000000000000 ) ;
#1874 = SPHERICAL_SURFACE ( 'NONE', #1590, 45.00000000000000000 ) ;
#1875 = CARTESIAN_POINT ( 'NONE',  ( 32.59999999999999400, 29.80000000000000100, 0.0000000000000000000 ) ) ;
#1876 = EDGE_CURVE ( 'E340', #2884, #141, #1973, .T. ) ;
#1877 = CARTESIAN_POINT ( 'NONE',  ( 21.53642220002860700, 24.58120900378101900, -4.557212579104308300 ) ) ;
#1878 = CARTESIAN_POINT ( 'NONE',  ( 22.15662432702595200, 30.90000000000000200, -2.500000000000000000 ) ) ;
#1879 = CIRCLE ( 'NONE', #1600, 9.500000000000000000 ) ;
#1880 = ORIENTED_EDGE ( 'NONE', *, *, #1472, .F. ) ;
#1881 = DIRECTION ( 'NONE',  ( -1.000000000000000000, 0.0000000000000000000, 0.0000000000000000000 ) ) ;
#1882 = AXIS2_PLACEMENT_3D ( 'NONE', #546, #595, #552 ) ;
#1883 = CARTESIAN_POINT ( 'NONE',  ( 21.38888516967782400, 24.59407111808671300, -4.487517758816680100 ) ) ;
#1884 = CARTESIAN_POINT ( 'NONE',  ( 23.59999999999999800, 31.89999999999999900, 0.0000000000000000000 ) ) ;
#1885 = ORIENTED_EDGE ( 'NONE', *, *, #2188, .T. ) ;
#1886 = EDGE_LOOP ( 'NONE', ( #669 ) ) ;
#1887 = DIRECTION ( 'NONE',  ( -1.000000000000000000, 0.0000000000000000000, 0.0000000000000000000 ) ) ;
#1888 = AXIS2_PLACEMENT_3D ( 'NONE', #782, #827, #715 ) ;
#1889 = DIRECTION ( 'NONE',  ( -1.000000000000000000, 0.0000000000000000000, -6.123031769111888800E-017 ) ) ;
#1890 = CARTESIAN_POINT ( 'NONE',  ( 21.09984522267141600, 24.62173997261840700, -4.333136337338898700 ) ) ;
#1891 = DIRECTION ( 'NONE',  ( 0.0000000000000000000, 0.0000000000000000000, -1.000000000000000000 ) ) ;
#1892 = AXIS2_PLACEMENT_3D ( 'NONE', #570, #581, #584 ) ;
#1893 = PLANE ( 'NONE',  #1289 ) ;
#1894 = CARTESIAN_POINT ( 'NONE',  ( 20.95781720217635400, 24.63661590480901300, -4.248018955871041100 ) ) ;
#1895 = DIRECTION ( 'NONE',  ( 0.4999999999999999400, 0.7499999999999998900, -0.4330127018922194600 ) ) ;
#1896 = ORIENTED_EDGE ( 'NONE', *, *, #2880, .T. ) ;
#1897 = CARTESIAN_POINT ( 'NONE',  ( 20.54953109833307000, 24.68262979781388100, -3.975150239447875900 ) ) ;
#1898 = ORIENTED_EDGE ( 'NONE', *, *, #119, .F. ) ;
#1899 = CARTESIAN_POINT ( 'NONE',  ( 20.29831327159286000, 24.71535985440600700, -3.768963589702643400 ) ) ;
#1900 = CARTESIAN_POINT ( 'NONE',  ( 20.71324865405184900, -15.45000000000000100, -26.76018497693915100 ) ) ;
#1901 = EDGE_LOOP ( 'NONE', ( #664 ) ) ;
#1902 = CARTESIAN_POINT ( 'NONE',  ( 19.83698279614655700, 24.78120610375414400, -3.308462379497024500 ) ) ;
#1903 = CARTESIAN_POINT ( 'NONE',  ( 19.62612615931905700, 24.81450749851366000, -3.051942509296556400 ) ) ;
#1904 = AXIS2_PLACEMENT_3D ( 'NONE', #571, #590, #576 ) ;
#1905 = LINE ( 'NONE', #2261, #1867 ) ;
#1906 = FACE_OUTER_BOUND ( 'NONE', #430, .T. ) ;
#1907 = AXIS2_PLACEMENT_3D ( 'NONE', #522, #383, #510 ) ;
#1908 = DIRECTION ( 'NONE',  ( 1.000000000000000000, 0.0000000000000000000, 1.224606353822375800E-016 ) ) ;
#1909 = CARTESIAN_POINT ( 'NONE',  ( 19.26386371774144400, 24.87509169732769400, -2.510766521080907600 ) ) ;
#1910 = CARTESIAN_POINT ( 'NONE',  ( -14.00000000000000000, 0.0000000000000000000, -20.00000000000000000 ) ) ;
#1911 = EDGE_LOOP ( 'NONE', ( #2620 ) ) ;
#1912 = CARTESIAN_POINT ( 'NONE',  ( 19.10985789373097900, 24.90273065685653000, -2.224086136353427000 ) ) ;
#1913 = EDGE_CURVE ( 'E119', #238, #1316, #1942, .T. ) ;
#1914 = CARTESIAN_POINT ( 'NONE',  ( 18.85744315387770000, 24.94947822043886600, -1.617433101462932800 ) ) ;
#1915 = CARTESIAN_POINT ( 'NONE',  ( 31.50000000000000000, 0.0000000000000000000, 0.0000000000000000000 ) ) ;
#1916 = ORIENTED_EDGE ( 'NONE', *, *, #2509, .T. ) ;
#1917 = VECTOR ( 'NONE', #1671, 1000.000000000000000 ) ;
#1918 = ORIENTED_EDGE ( 'NONE', *, *, #95, .F. ) ;
#1919 = CARTESIAN_POINT ( 'NONE',  ( 18.76124839868413100, 24.96817130743706800, -1.301087412448198600 ) ) ;
#1920 = DIRECTION ( 'NONE',  ( 2.925015176327334500E-017, 0.8785192178123140100, -0.4777070063694270300 ) ) ;
#1921 = FACE_BOUND ( 'NONE', #1488, .T. ) ;
#1922 = DIRECTION ( 'NONE',  ( -1.000000000000000000, 0.0000000000000000000, -4.807406715958909300E-016 ) ) ;
#1923 = DIRECTION ( 'NONE',  ( -0.4999999999999998900, 0.0000000000000000000, -0.8660254037844387100 ) ) ;
#1924 = CARTESIAN_POINT ( 'NONE',  ( 18.63324200049693500, 24.99329402867725100, -0.6615591345000012600 ) ) ;
#1925 = CARTESIAN_POINT ( 'NONE',  ( -7.599999999999999600, -78.50000000000000000, 20.00000000000000000 ) ) ;
#1926 = DIRECTION ( 'NONE',  ( 1.000000000000000000, 0.0000000000000000000, 0.0000000000000000000 ) ) ;
#1927 = CARTESIAN_POINT ( 'NONE',  ( 18.60023287747529300, 24.99995342451591900, -0.3336650151007604600 ) ) ;
#1928 = LINE ( 'NONE', #2708, #1917 ) ;
#1929 = EDGE_CURVE ( 'E570', #141, #414, #1941, .T. ) ;
#1930 = DIRECTION ( 'NONE',  ( 0.0000000000000000000, 0.0000000000000000000, 1.000000000000000000 ) ) ;
#1931 = VECTOR ( 'NONE', #1763, 1000.000000000000000 ) ;
#1932 = CARTESIAN_POINT ( 'NONE',  ( 18.59976958392163100, 25.00004608320475800, 0.3266487531063559900 ) ) ;
#1933 = CARTESIAN_POINT ( 'NONE',  ( 18.63192298094400500, 24.99355734984784400, 0.6518692234433645100 ) ) ;
#1934 = DIRECTION ( 'NONE',  ( 1.000000000000000000, 0.0000000000000000000, 0.0000000000000000000 ) ) ;
#1935 = EDGE_CURVE ( 'E1263', #1270, #403, #1928, .T. ) ;
#1936 = EDGE_LOOP ( 'NONE', ( #194, #187, #184, #182 ) ) ;
#1937 = DIRECTION ( 'NONE',  ( 0.8660254037844387100, 0.0000000000000000000, -0.4999999999999998900 ) ) ;
#1938 = DIRECTION ( 'NONE',  ( 1.000000000000000000, 0.0000000000000000000, 0.0000000000000000000 ) ) ;
#1939 = PLANE ( 'NONE',  #1781 ) ;
#1940 = AXIS2_PLACEMENT_3D ( 'NONE', #549, #561, #566 ) ;
#1941 = CIRCLE ( 'NONE', #1642, 57.50000000000000000 ) ;
#1942 = LINE ( 'NONE', #1710, #1931 ) ;
#1943 = PLANE ( 'NONE',  #1594 ) ;
#1944 = CARTESIAN_POINT ( 'NONE',  ( -17.89999999999999900, 0.0000000000000000000, 0.0000000000000000000 ) ) ;
#1945 = CARTESIAN_POINT ( 'NONE',  ( 18.75897936093460000, 24.96861230746950600, 1.292765223808208100 ) ) ;
#1946 = CARTESIAN_POINT ( 'NONE',  ( 18.85557050015499000, 24.94983943057784600, 1.611614535995076600 ) ) ;
#1947 = VECTOR ( 'NONE', #2337, 1000.000000000000000 ) ;
#1948 = AXIS2_PLACEMENT_3D ( 'NONE', #497, #456, #469 ) ;
#1949 = AXIS2_PLACEMENT_3D ( 'NONE', #482, #481, #475 ) ;
#1950 = ORIENTED_EDGE ( 'NONE', *, *, #2142, .F. ) ;
#1951 = DIRECTION ( 'NONE',  ( 0.0000000000000000000, 0.0000000000000000000, 1.000000000000000000 ) ) ;
#1952 = CARTESIAN_POINT ( 'NONE',  ( 19.10586240872024200, 24.90345656775322400, 2.215770746777821800 ) ) ;
#1953 = FACE_OUTER_BOUND ( 'NONE', #2179, .T. ) ;
#1954 = AXIS2_PLACEMENT_3D ( 'NONE', #516, #464, #515 ) ;
#1955 = PLANE ( 'NONE',  #1790 ) ;
#1956 = ORIENTED_EDGE ( 'NONE', *, *, #1484, .T. ) ;
#1957 = CYLINDRICAL_SURFACE ( 'NONE', #1609, 30.90000000000000200 ) ;
#1958 = ADVANCED_FACE ( 'E733', ( #1921, #1906 ), #1943, .T. ) ;
#1959 = CARTESIAN_POINT ( 'NONE',  ( -22.00000000000000000, 78.50000000000000000, 0.0000000000000000000 ) ) ;
#1960 = CARTESIAN_POINT ( 'NONE',  ( 19.25918738686091900, 24.87590375181338200, 2.502886910207990900 ) ) ;
#1961 = EDGE_LOOP ( 'NONE', ( #727 ) ) ;
#1962 = CARTESIAN_POINT ( 'NONE',  ( 19.53163956679879500, 24.83029480183855100, 2.911222705751380900 ) ) ;
#1963 = ORIENTED_EDGE ( 'NONE', *, *, #1280, .T. ) ;
#1964 = ADVANCED_FACE ( 'E1387', ( #1953 ), #1874, .T. ) ;
#1965 = ORIENTED_EDGE ( 'NONE', *, *, #67, .T. ) ;
#1966 = CARTESIAN_POINT ( 'NONE',  ( 19.63013221539574000, 24.81429698541001700, 3.044166435155948300 ) ) ;
#1967 = DIRECTION ( 'NONE',  ( 1.000000000000000000, 5.828670879282079700E-016, -3.365184701171235300E-016 ) ) ;
#1968 = EDGE_CURVE ( 'E1206', #447, #2272, #1905, .T. ) ;
#1969 = LINE ( 'NONE', #1591, #1995 ) ;
#1970 = CARTESIAN_POINT ( 'NONE',  ( 19.83775967947773100, 24.78192762644289000, 3.297324261094945800 ) ) ;
#1971 = DIRECTION ( 'NONE',  ( -1.000000000000000000, 0.0000000000000000000, 0.0000000000000000000 ) ) ;
#1972 = ORIENTED_EDGE ( 'NONE', *, *, #2829, .T. ) ;
#1973 = CIRCLE ( 'NONE', #1612, 57.50000000000000000 ) ;
#1974 = CARTESIAN_POINT ( 'NONE',  ( -7.599999999999999600, 0.0000000000000000000, 0.0000000000000000000 ) ) ;
#1975 = EDGE_CURVE ( 'NONE', #625, #625, #1879, .T. ) ;
#1976 = CARTESIAN_POINT ( 'NONE',  ( 19.13162874004070000, 30.73081925990013700, -3.239404244969563300 ) ) ;
#1977 = CARTESIAN_POINT ( 'NONE',  ( 19.94712963230186600, 24.76551125909361100, 3.418031968665698400 ) ) ;
#1978 = EDGE_LOOP ( 'NONE', ( #2619 ) ) ;
#1979 = FACE_OUTER_BOUND ( 'NONE', #2344, .T. ) ;
#1980 = DIRECTION ( 'NONE',  ( -1.000000000000000000, 0.0000000000000000000, 0.0000000000000000000 ) ) ;
#1981 = AXIS2_PLACEMENT_3D ( 'NONE', #436, #439, #468 ) ;
#1982 = CARTESIAN_POINT ( 'NONE',  ( 20.29158690743862100, 24.71626875552560400, 3.762980289222817500 ) ) ;
#1983 = DIRECTION ( 'NONE',  ( -0.5000000000000001100, -0.7500000000000001100, 0.4330127018922190800 ) ) ;
#1984 = CARTESIAN_POINT ( 'NONE',  ( 20.54309443516550700, 24.68340882675190400, 3.970381997168739300 ) ) ;
#1985 = AXIS2_PLACEMENT_3D ( 'NONE', #486, #488, #496 ) ;
#1986 = ORIENTED_EDGE ( 'NONE', *, *, #47, .F. ) ;
#1987 = CARTESIAN_POINT ( 'NONE',  ( 26.48675134594815000, -15.45000000000000100, -26.76018497693915100 ) ) ;
#1988 = DIRECTION ( 'NONE',  ( 0.0000000000000000000, 0.0000000000000000000, -1.000000000000000000 ) ) ;
#1989 = CARTESIAN_POINT ( 'NONE',  ( 21.09065499463771300, 24.62159239432319400, 4.337256330887199400 ) ) ;
#1990 = LINE ( 'NONE', #117, #1947 ) ;
#1991 = CARTESIAN_POINT ( 'NONE',  ( 21.37805413872254000, 24.59364163572787000, 4.490991207149716200 ) ) ;
#1992 = VERTEX_POINT ( 'NONE', #2225 ) ;
#1993 = CARTESIAN_POINT ( 'NONE',  ( 22.15662432702595200, -13.28493649053890000, -28.01018497693914700 ) ) ;
#1994 = DIRECTION ( 'NONE',  ( 0.0000000000000000000, 1.000000000000000000, 0.0000000000000000000 ) ) ;
#1995 = VECTOR ( 'NONE', #1604, 1000.000000000000000 ) ;
#1996 = AXIS2_PLACEMENT_3D ( 'NONE', #348, #407, #415 ) ;
#1997 = CARTESIAN_POINT ( 'NONE',  ( 21.97934340493287700, 24.54662284908646400, 4.741256967725920600 ) ) ;
#1998 = EDGE_LOOP ( 'NONE', ( #748 ) ) ;
#1999 = CARTESIAN_POINT ( 'NONE',  ( 25.04337567297405100, -13.28493649053890000, -28.01018497693914700 ) ) ;
#2000 = FACE_BOUND ( 'NONE', #2915, .T. ) ;
#2001 = SPHERICAL_SURFACE ( 'NONE', #1618, 45.00000000000000000 ) ;
#2002 = DIRECTION ( 'NONE',  ( 5.379201080440129500E-017, -0.4777070063694270900, -0.8785192178123141200 ) ) ;
#2003 = EDGE_CURVE ( 'E1179', #151, #962, #1851, .T. ) ;
#2004 = EDGE_LOOP ( 'NONE', ( #732 ) ) ;
#2005 = CARTESIAN_POINT ( 'NONE',  ( 22.29651406414461700, 24.52743609763532700, 4.838306727467814200 ) ) ;
#2006 = EDGE_CURVE ( 'E361', #401, #150, #1864, .T. ) ;
#2007 = DIRECTION ( 'NONE',  ( 0.5000000000000001100, -0.7500000000000001100, 0.4330127018922190800 ) ) ;
#2008 = CARTESIAN_POINT ( 'NONE',  ( 16.63536377698985200, 0.0000000000000000000, 0.0000000000000000000 ) ) ;
#2009 = DIRECTION ( 'NONE',  ( 0.0000000000000000000, 0.0000000000000000000, -1.000000000000000000 ) ) ;
#2010 = ORIENTED_EDGE ( 'NONE', *, *, #1364, .T. ) ;
#2011 = AXIS2_PLACEMENT_3D ( 'NONE', #370, #473, #375 ) ;
#2012 = CARTESIAN_POINT ( 'NONE',  ( 22.94186894900730400, 24.50161591444310700, 4.967408891338858500 ) ) ;
#2013 = DIRECTION ( 'NONE',  ( 1.000000000000000000, 0.0000000000000000000, 0.0000000000000000000 ) ) ;
#2014 = DIRECTION ( 'NONE',  ( 0.0000000000000000000, -0.8660254037844389300, 0.4999999999999996100 ) ) ;
#2015 = ADVANCED_FACE ( 'E852', ( #1846, #1836 ), #1810, .F. ) ;
#2016 = AXIS2_PLACEMENT_3D ( 'NONE', #387, #379, #397 ) ;
#2017 = CARTESIAN_POINT ( 'NONE',  ( 23.26877895417427000, 24.49489742783179800, 4.999999999999999100 ) ) ;
#2018 = FACE_OUTER_BOUND ( 'NONE', #2394, .T. ) ;
#2019 = AXIS2_PLACEMENT_3D ( 'NONE', #354, #372, #537 ) ;
#2020 = DIRECTION ( 'NONE',  ( 0.0000000000000000000, 0.4999999999999998900, 0.8660254037844387100 ) ) ;
#2021 = DIRECTION ( 'NONE',  ( 0.0000000000000000000, 0.0000000000000000000, 1.000000000000000000 ) ) ;
#2022 = CARTESIAN_POINT ( 'NONE',  ( 23.59999999999999800, -15.45000000000000100, -26.76018497693915100 ) ) ;
#2023 = TOROIDAL_SURFACE ( 'NONE', #1632, 34.96586399182264400, 5.750000000000000000 ) ;
#2024 = CARTESIAN_POINT ( 'NONE',  ( -7.599999999999999600, 96.60742682738690200, 0.0000000000000000000 ) ) ;
#2025 = CARTESIAN_POINT ( 'NONE',  ( 23.59999999999999400, 24.49489742783179500, 4.999999999999999100 ) ) ;
#2026 = FACE_OUTER_BOUND ( 'NONE', #2199, .T. ) ;
#2027 = PLANE ( 'NONE',  #1315 ) ;
#2028 = AXIS2_PLACEMENT_3D ( 'NONE', #342, #358, #361 ) ;
#2029 = DIRECTION ( 'NONE',  ( 1.000000000000000000, 0.0000000000000000000, 0.0000000000000000000 ) ) ;
#2030 = CARTESIAN_POINT ( 'NONE',  ( -7.599999999999999600, 78.50000000000000000, 20.00000000000000000 ) ) ;
#2031 = ORIENTED_EDGE ( 'NONE', *, *, #1364, .F. ) ;
#2032 = DIRECTION ( 'NONE',  ( -1.000000000000000000, 0.0000000000000000000, 0.0000000000000000000 ) ) ;
#2033 = FACE_OUTER_BOUND ( 'NONE', #2069, .T. ) ;
#2034 = EDGE_CURVE ( 'E79', #2372, #485, #2614, .T. ) ;
#2035 = CARTESIAN_POINT ( 'NONE',  ( -5.924999999999998900, 39.03172798364530400, 2.710505431213761100E-017 ) ) ;
#2036 = CARTESIAN_POINT ( 'NONE',  ( -5.924999999999999800, 39.03172798364531100, 0.1519514002014558900 ) ) ;
#2037 = CYLINDRICAL_SURFACE ( 'NONE', #1654, 0.5749999999999999600 ) ;
#2038 = CARTESIAN_POINT ( 'NONE',  ( 26.48675134594815000, 30.90000000000000200, 1.767567020076690100E-016 ) ) ;
#2039 = FACE_OUTER_BOUND ( 'NONE', #130, .T. ) ;
#2040 = CARTESIAN_POINT ( 'NONE',  ( 5.924033121273044600, -22.43294823103821400, -38.55764518497149900 ) ) ;
#2041 = FACE_OUTER_BOUND ( 'NONE', #2004, .T. ) ;
#2042 = DIRECTION ( 'NONE',  ( 0.0000000000000000000, 0.0000000000000000000, 1.000000000000000000 ) ) ;
#2043 = CARTESIAN_POINT ( 'NONE',  ( -5.987480487315870000, 39.03071292086450200, 0.3008226113331018400 ) ) ;
#2044 = EDGE_LOOP ( 'NONE', ( #2131 ) ) ;
#2045 = CYLINDRICAL_SURFACE ( 'NONE', #1661, 39.03172798364529700 ) ;
#2046 = AXIS2_PLACEMENT_3D ( 'NONE', #331, #310, #345 ) ;
#2047 = ORIENTED_EDGE ( 'NONE', *, *, #729, .F. ) ;
#2048 = CARTESIAN_POINT ( 'NONE',  ( -6.199996393151226700, 39.02850082983179900, 0.5129993472208043100 ) ) ;
#2049 = VERTEX_POINT ( 'NONE', #2602 ) ;
#2050 = FACE_BOUND ( 'NONE', #2056, .T. ) ;
#2051 = CARTESIAN_POINT ( 'NONE',  ( -6.348924995726236800, 39.02749014365908000, 0.5751543269310982500 ) ) ;
#2052 = VERTEX_POINT ( 'NONE', #2459 ) ;
#2053 = B_SPLINE_CURVE_WITH_KNOTS ( 'NONE', 3,
 ( #2111, #2126, #2091, #2090, #2086, #2083, #2071, #2070, #2067, #2064, #2061, #2059, #2055, #2051, #2048, #2043, #2036, #2035 ),
 .UNSPECIFIED., .T., .F.,
 ( 4, 2, 2, 2, 2, 2, 2, 2, 4 ),
 ( 0.0000000000000000000, 0.0004493835473384223900, 0.0008987670946768447800, 0.001348150642015267100, 0.001797534189353689600, 0.002246917736692112000, 0.002696301284030534200, 0.003145684831368956900, 0.003595068378707379100 ),
 .UNSPECIFIED. ) ;
#2054 = CARTESIAN_POINT ( 'NONE',  ( 5.905723411770604300, -22.29458732584680200, -38.64060742504683800 ) ) ;
#2055 = CARTESIAN_POINT ( 'NONE',  ( -6.652247482823717900, 39.02749469992299000, 0.5748450753705075500 ) ) ;
#2056 = EDGE_LOOP ( 'NONE', ( #756 ) ) ;
#2057 = CIRCLE ( 'NONE', #1695, 51.75000000000000000 ) ;
#2058 = CARTESIAN_POINT ( 'NONE',  ( 5.988271997494385900, -22.03760169969480000, -38.77508794357999000 ) ) ;
#2059 = CARTESIAN_POINT ( 'NONE',  ( -6.801051274866219700, 39.02850979000182700, 0.5123269173958524500 ) ) ;
#2060 = FACE_OUTER_BOUND ( 'NONE', #1998, .T. ) ;
#2061 = CARTESIAN_POINT ( 'NONE',  ( -7.012910201540485400, 39.03071894588944700, 0.3000564372624134300 ) ) ;
#2062 = CARTESIAN_POINT ( 'NONE',  ( 6.089625003566038000, -21.91997795690308600, -38.82594280481992400 ) ) ;
#2063 = FACE_OUTER_BOUND ( 'NONE', #2097, .T. ) ;
#2064 = CARTESIAN_POINT ( 'NONE',  ( -7.075053066788601800, 39.03172876540423900, 0.1498950502093203400 ) ) ;
#2065 = CARTESIAN_POINT ( 'NONE',  ( 6.351436555695357800, -21.77478810391664500, -38.86567454331425600 ) ) ;
#2066 = CARTESIAN_POINT ( 'NONE',  ( 6.510397763669254300, -21.74664449416375000, -38.85513407613930100 ) ) ;
#2067 = CARTESIAN_POINT ( 'NONE',  ( -7.074946861241709700, 39.03172720082616100, -0.1503019043410164500 ) ) ;
#2068 = AXIS2_PLACEMENT_3D ( 'NONE', #299, #300, #311 ) ;
#2069 = EDGE_LOOP ( 'NONE', ( #753 ) ) ;
#2070 = CARTESIAN_POINT ( 'NONE',  ( -7.013772131471105500, 39.03072628090981100, -0.2995103900607942700 ) ) ;
#2071 = CARTESIAN_POINT ( 'NONE',  ( -6.798984539648548000, 39.02848990118855000, -0.5140783227115112200 ) ) ;
#2072 = AXIS2_PLACEMENT_3D ( 'NONE', #143, #330, #313 ) ;
#2073 = AXIS2_PLACEMENT_3D ( 'NONE', #2865, #373, #191 ) ;
#2074 = CARTESIAN_POINT ( 'NONE',  ( 6.801213044736678100, -21.79630193561172300, -38.77741601658423300 ) ) ;
#2075 = ORIENTED_EDGE ( 'NONE', *, *, #739, .F. ) ;
#2076 = ADVANCED_FACE ( 'E454', ( #1821, #1833, #1798, #1826 ), #2473, .F. ) ;
#2077 = B_SPLINE_CURVE_WITH_KNOTS ( 'NONE', 3,
 ( #2495, #2456, #2507, #2516, #2521, #2525, #2528, #2532, #2539, #2544, #2554, #2817, #2805, #2751, #2731, #2711, #2564, #2581 ),
 .UNSPECIFIED., .T., .F.,
 ( 4, 2, 2, 2, 2, 2, 2, 2, 4 ),
 ( 0.0000000000000000000, 0.0004516989677267528400, 0.0009033979354535056800, 0.001355096903180258500, 0.001806795870907011400, 0.002258494838633764200, 0.002710193806360517100, 0.003161892774087269900, 0.003613591741814022700 ),
 .UNSPECIFIED. ) ;
#2078 = AXIS2_PLACEMENT_3D ( 'NONE', #2850, #2853, #2857 ) ;
#2079 = AXIS2_PLACEMENT_3D ( 'NONE', #2794, #2807, #2816 ) ;
#2080 = CARTESIAN_POINT ( 'NONE',  ( 6.927553625528015700, -21.87340459958490500, -38.71157347428435700 ) ) ;
#2081 = FACE_OUTER_BOUND ( 'NONE', #1961, .T. ) ;
#2082 = AXIS2_PLACEMENT_3D ( 'NONE', #2759, #2767, #2771 ) ;
#2083 = CARTESIAN_POINT ( 'NONE',  ( -6.649692772034086400, 39.02749124439640100, -0.5750796155252532200 ) ) ;
#2084 = FACE_OUTER_BOUND ( 'NONE', #1809, .T. ) ;
#2085 = EDGE_CURVE ( 'E129', #401, #2884, #1786, .T. ) ;
#2086 = CARTESIAN_POINT ( 'NONE',  ( -6.349696213118083900, 39.02749359277114400, -0.5749202221533683500 ) ) ;
#2087 = CARTESIAN_POINT ( 'NONE',  ( 7.074967639727283600, -22.08978275860299000, -38.56175669547693700 ) ) ;
#2088 = CARTESIAN_POINT ( 'NONE',  ( 7.094309968899809200, -22.22906040367613300, -38.47807683079869200 ) ) ;
#2089 = CYLINDRICAL_SURFACE ( 'NONE', #1669, 30.90000000000000200 ) ;
#2090 = CARTESIAN_POINT ( 'NONE',  ( -6.199555344004519200, 39.02850463826917600, -0.5127090422457535300 ) ) ;
#2091 = CARTESIAN_POINT ( 'NONE',  ( -5.987345045026686700, 39.03071511529018500, -0.3005369369280741500 ) ) ;
#2092 = ORIENTED_EDGE ( 'NONE', *, *, #1483, .F. ) ;
#2093 = CARTESIAN_POINT ( 'NONE',  ( 7.012045289446550800, -22.48624681174643300, -38.34348291616104400 ) ) ;
#2094 = CARTESIAN_POINT ( 'NONE',  ( 6.911851006832307600, -22.60348504477146700, -38.29271533961129800 ) ) ;
#2095 = CARTESIAN_POINT ( 'NONE',  ( 6.647424906805009700, -22.75026090694633800, -38.25258996936827300 ) ) ;
#2096 = AXIS2_PLACEMENT_3D ( 'NONE', #2700, #2704, #2714 ) ;
#2097 = EDGE_LOOP ( 'NONE', ( #770 ) ) ;
#2098 = FACE_BOUND ( 'NONE', #1870, .T. ) ;
#2099 = ADVANCED_FACE ( 'E245', ( #1827 ), #1768, .T. ) ;
#2100 = CARTESIAN_POINT ( 'NONE',  ( 6.488239705126901000, -22.77742837976659700, -38.26374579469538200 ) ) ;
#2101 = AXIS2_PLACEMENT_3D ( 'NONE', #2677, #2682, #2687 ) ;
#2102 = AXIS2_PLACEMENT_3D ( 'NONE', #2595, #2600, #2626 ) ;
#2103 = DIRECTION ( 'NONE',  ( -1.000000000000000000, 0.0000000000000000000, -6.123031769111888800E-017 ) ) ;
#2104 = B_SPLINE_CURVE_WITH_KNOTS ( 'NONE', 3,
 ( #1652, #1634, #1658, #1670, #1672, #1675, #1677, #1678, #1683, #1687, #1639, #1690, #1692, #1697, #1700, #1706, #1709, #1715 ),
 .UNSPECIFIED., .T., .F.,
 ( 4, 2, 2, 2, 2, 2, 2, 2, 4 ),
 ( 0.0000000000000000000, 0.0004517822913880824600, 0.0009035645827761649300, 0.001355346874164247400, 0.001807129165552329900, 0.002258911456940412300, 0.002710693748328494800, 0.003162476039716577300, 0.003614258331104659700 ),
 .UNSPECIFIED. ) ;
#2105 = DIRECTION ( 'NONE',  ( -0.4999999999999999400, -0.7499999999999998900, 0.4330127018922194600 ) ) ;
#2106 = EDGE_LOOP ( 'NONE', ( #626 ) ) ;
#2107 = DIRECTION ( 'NONE',  ( 0.5000000000000001100, -0.7500000000000001100, 0.4330127018922190800 ) ) ;
#2108 = CARTESIAN_POINT ( 'NONE',  ( 6.200706968869766000, -22.72844532839090100, -38.34047138922793600 ) ) ;
#2109 = CARTESIAN_POINT ( 'NONE',  ( 6.073252162647435200, -22.65219667687398400, -38.40594915959840000 ) ) ;
#2110 = EDGE_CURVE ( 'E273', #364, #632, #1783, .T. ) ;
#2111 = CARTESIAN_POINT ( 'NONE',  ( -5.924999999999998900, 39.03172798364530400, 2.710505431213761100E-017 ) ) ;
#2112 = VECTOR ( 'NONE', #73, 1000.000000000000000 ) ;
#2113 = PLANE ( 'NONE',  #1643 ) ;
#2114 = FACE_OUTER_BOUND ( 'NONE', #1775, .T. ) ;
#2115 = AXIS2_PLACEMENT_3D ( 'NONE', #2537, #2359, #2362 ) ;
#2116 = ORIENTED_EDGE ( 'NONE', *, *, #2880, .F. ) ;
#2117 = CYLINDRICAL_SURFACE ( 'NONE', #1682, 30.90000000000000200 ) ;
#2118 = AXIS2_PLACEMENT_3D ( 'NONE', #2472, #2474, #2475 ) ;
#2119 = ORIENTED_EDGE ( 'NONE', *, *, #2829, .F. ) ;
#2120 = CARTESIAN_POINT ( 'NONE',  ( 5.998642641960240800, -22.54257245395609700, -38.48179717228494900 ) ) ;
#2121 = AXIS2_PLACEMENT_3D ( 'NONE', #2485, #2469, #2356 ) ;
#2122 = CIRCLE ( 'NONE', #1754, 20.00000000000000000 ) ;
#2123 = CARTESIAN_POINT ( 'NONE',  ( 7.074999999999996600, -19.64745776453771200, -33.72649228734006500 ) ) ;
#2124 = ORIENTED_EDGE ( 'NONE', *, *, #2808, .F. ) ;
#2125 = LINE ( 'NONE', #77, #2112 ) ;
#2126 = CARTESIAN_POINT ( 'NONE',  ( -5.924999999999998000, 39.03172798364529000, -0.1519514002014558400 ) ) ;
#2127 = FACE_OUTER_BOUND ( 'NONE', #2106, .T. ) ;
#2128 = DIRECTION ( 'NONE',  ( -1.000000000000000000, 0.0000000000000000000, -6.730369402342480500E-016 ) ) ;
#2129 = EDGE_CURVE ( 'E409', #870, #1992, #1794, .T. ) ;
#2130 = CARTESIAN_POINT ( 'NONE',  ( 7.074999999999997500, -19.51586399182264500, -33.80246798744079900 ) ) ;
#2131 = ORIENTED_EDGE ( 'NONE', *, *, #2814, .T. ) ;
#2132 = DIRECTION ( 'NONE',  ( 6.730369402342480500E-016, 0.0000000000000000000, -1.000000000000000000 ) ) ;
#2133 = EDGE_LOOP ( 'NONE', ( #778 ) ) ;
#2134 = AXIS2_PLACEMENT_3D ( 'NONE', #2345, #2353, #2550 ) ;
#2135 = CARTESIAN_POINT ( 'NONE',  ( -11.50000000000000000, 0.0000000000000000000, 0.0000000000000000000 ) ) ;
#2136 = DIRECTION ( 'NONE',  ( 1.000000000000000000, 0.0000000000000000000, 0.0000000000000000000 ) ) ;
#2137 = DIRECTION ( 'NONE',  ( 0.0000000000000000000, 0.8660254037844389300, -0.4999999999999996700 ) ) ;
#2138 = AXIS2_PLACEMENT_3D ( 'NONE', #2318, #2319, #2322 ) ;
#2139 = DIRECTION ( 'NONE',  ( -0.0000000000000000000, 0.4999999999999998900, 0.8660254037844387100 ) ) ;
#2140 = FACE_OUTER_BOUND ( 'NONE', #2452, .T. ) ;
#2141 = DIRECTION ( 'NONE',  ( 0.0000000000000000000, 0.0000000000000000000, -1.000000000000000000 ) ) ;
#2142 = EDGE_CURVE ( 'E400', #1376, #870, #1765, .T. ) ;
#2143 = CYLINDRICAL_SURFACE ( 'NONE', #1689, 0.5749999999999999600 ) ;
#2144 = CARTESIAN_POINT ( 'NONE',  ( 23.59999999999999800, -12.83830000000000000, -22.23658788281149900 ) ) ;
#2145 = DIRECTION ( 'NONE',  ( 0.0000000000000000000, 0.0000000000000000000, 1.000000000000000000 ) ) ;
#2146 = DIRECTION ( 'NONE',  ( 0.0000000000000000000, 0.0000000000000000000, 1.000000000000000000 ) ) ;
#2147 = CARTESIAN_POINT ( 'NONE',  ( 7.012654954973307900, -19.77563017980037000, -33.65132234925054900 ) ) ;
#2148 = AXIS2_PLACEMENT_3D ( 'NONE', #2288, #2299, #2300 ) ;
#2149 = CARTESIAN_POINT ( 'NONE',  ( 22.15662432702595200, 30.90000000000000200, 2.500000000000000000 ) ) ;
#2150 = CARTESIAN_POINT ( 'NONE',  ( 6.800444655995476300, -19.95827137446939400, -33.54332196733703600 ) ) ;
#2151 = FACE_BOUND ( 'NONE', #1978, .T. ) ;
#2152 = CARTESIAN_POINT ( 'NONE',  ( 6.650303786881910800, -20.01164231391978600, -33.51134078629753100 ) ) ;
#2153 = AXIS2_PLACEMENT_3D ( 'NONE', #2256, #2266, #2270 ) ;
#2154 = FACE_BOUND ( 'NONE', #2334, .T. ) ;
#2155 = CARTESIAN_POINT ( 'NONE',  ( 31.50000000000000000, 0.0000000000000000000, 0.0000000000000000000 ) ) ;
#2156 = CARTESIAN_POINT ( 'NONE',  ( 6.350307227965908300, -20.01177917844166400, -33.51125905585943300 ) ) ;
#2157 = AXIS2_PLACEMENT_3D ( 'NONE', #2238, #2244, #2245 ) ;
#2158 = FACE_BOUND ( 'NONE', #2402, .T. ) ;
#2159 = ORIENTED_EDGE ( 'NONE', *, *, #2808, .T. ) ;
#2160 = CARTESIAN_POINT ( 'NONE',  ( 5.924946933211398200, -19.38605146131928700, -33.87741618956853500 ) ) ;
#2161 = FACE_OUTER_BOUND ( 'NONE', #1530, .T. ) ;
#2162 = EDGE_LOOP ( 'NONE', ( #1041 ) ) ;
#2163 = CARTESIAN_POINT ( 'NONE',  ( 5.987089798459518200, -19.25550297570642000, -33.95162235374205300 ) ) ;
#2164 = CARTESIAN_POINT ( 'NONE',  ( 6.198948725133778500, -19.07056676949352400, -34.05584440868917500 ) ) ;
#2165 = FACE_OUTER_BOUND ( 'NONE', #1752, .T. ) ;
#2166 = CYLINDRICAL_SURFACE ( 'NONE', #1719, 39.03172798364529700 ) ;
#2167 = PLANE ( 'NONE',  #1329 ) ;
#2168 = EDGE_LOOP ( 'NONE', ( #2215 ) ) ;
#2169 = CARTESIAN_POINT ( 'NONE',  ( 6.347752517176285600, -19.01591691145024800, -34.08622439388109600 ) ) ;
#2170 = AXIS2_PLACEMENT_3D ( 'NONE', #2214, #2222, #2223 ) ;
#2171 = CARTESIAN_POINT ( 'NONE',  ( 6.651075004273766700, -19.01564681361065500, -34.08637507382109500 ) ) ;
#2172 = CARTESIAN_POINT ( 'NONE',  ( 6.800003606848773300, -19.06997994809783800, -34.05617286386678400 ) ) ;
#2173 = EDGE_LOOP ( 'NONE', ( #1885 ) ) ;
#2174 = FACE_OUTER_BOUND ( 'NONE', #1525, .T. ) ;
#2175 = CARTESIAN_POINT ( 'NONE',  ( -6.906622166049468900, 44.46496696098356700, -0.4065506291684229900 ) ) ;
#2176 = AXIS2_PLACEMENT_3D ( 'NONE', #1718, #2335, #2029 ) ;
#2177 = CARTESIAN_POINT ( 'NONE',  ( 7.012519512684133500, -19.25483643698501300, -33.95200022295274800 ) ) ;
#2178 = DIRECTION ( 'NONE',  ( 0.0000000000000000000, 0.0000000000000000000, 1.000000000000000000 ) ) ;
#2179 = EDGE_LOOP ( 'NONE', ( #799 ) ) ;
#2180 = FACE_OUTER_BOUND ( 'NONE', #2236, .T. ) ;
#2181 = ORIENTED_EDGE ( 'NONE', *, *, #2323, .F. ) ;
#2182 = AXIS2_PLACEMENT_3D ( 'NONE', #2135, #2136, #2141 ) ;
#2183 = CARTESIAN_POINT ( 'NONE',  ( 7.075000000000000200, -19.38427021910757700, -33.87844368754152700 ) ) ;
#2184 = CARTESIAN_POINT ( 'NONE',  ( -22.00000000000000000, 88.05414012738860700, 17.57038435624629700 ) ) ;
#2185 = CARTESIAN_POINT ( 'NONE',  ( -6.799192268684981500, 44.48067133187588200, -0.5139994299590464600 ) ) ;
#2186 = CARTESIAN_POINT ( 'NONE',  ( -11.50000000000000000, 0.0000000000000000000, 0.0000000000000000000 ) ) ;
#2187 = FACE_OUTER_BOUND ( 'NONE', #1664, .T. ) ;
#2188 = EDGE_CURVE ( 'NONE', #624, #624, #1774, .T. ) ;
#2189 = AXIS2_PLACEMENT_3D ( 'NONE', #1749, #1751, #1753 ) ;
#2190 = DIRECTION ( 'NONE',  ( 1.224606353822375800E-016, 0.0000000000000000000, -1.000000000000000000 ) ) ;
#2191 = CARTESIAN_POINT ( 'NONE',  ( -6.650355044996242500, 44.50241829264530200, -0.5747011122049909800 ) ) ;
#2192 = VERTEX_POINT ( 'NONE', #1135 ) ;
#2193 = TOROIDAL_SURFACE ( 'NONE', #1734, 34.96586399182264400, 5.750000000000000000 ) ;
#2194 = CARTESIAN_POINT ( 'NONE',  ( -6.235363776989840000, -52.37313117759679700, 20.00000000000000000 ) ) ;
#2195 = ADVANCED_FACE ( 'E1370', ( #1733, #1728 ), #1743, .T. ) ;
#2196 = CARTESIAN_POINT ( 'NONE',  ( 7.074999999999997500, -19.51586399182264500, -33.80246798744079900 ) ) ;
#2197 = AXIS2_PLACEMENT_3D ( 'NONE', #1597, #1619, #1623 ) ;
#2198 = AXIS2_PLACEMENT_3D ( 'NONE', #1730, #1731, #1736 ) ;
#2199 = EDGE_LOOP ( 'NONE', ( #758 ) ) ;
#2200 = CYLINDRICAL_SURFACE ( 'NONE', #1729, 0.5749999999999999600 ) ;
#2201 = CARTESIAN_POINT ( 'NONE',  ( -7.599999999999999600, -88.05414012738860700, -17.57038435624629700 ) ) ;
#2202 = FACE_OUTER_BOUND ( 'NONE', #1509, .T. ) ;
#2203 = CARTESIAN_POINT ( 'NONE',  ( 25.04337567297405100, -12.54743649053890000, -26.73279750635709800 ) ) ;
#2204 = FACE_BOUND ( 'NONE', #1549, .T. ) ;
#2205 = CARTESIAN_POINT ( 'NONE',  ( 0.0000000000000000000, 0.0000000000000000000, 0.0000000000000000000 ) ) ;
#2206 = FACE_OUTER_BOUND ( 'NONE', #1575, .T. ) ;
#2207 = CARTESIAN_POINT ( 'NONE',  ( -6.351939768747937100, 44.54598334849955400, -0.5752965981535629300 ) ) ;
#2208 = CARTESIAN_POINT ( 'NONE',  ( 32.59999999999999400, 0.0000000000000000000, 0.0000000000000000000 ) ) ;
#2209 = FACE_BOUND ( 'NONE', #1517, .T. ) ;
#2210 = AXIS2_PLACEMENT_3D ( 'NONE', #1607, #1613, #1614 ) ;
#2211 = AXIS2_PLACEMENT_3D ( 'NONE', #1567, #1571, #1573 ) ;
#2212 = FACE_OUTER_BOUND ( 'NONE', #1543, .T. ) ;
#2213 = CARTESIAN_POINT ( 'NONE',  ( -6.203099174159238100, 44.56769382483501800, -0.5152836040701632700 ) ) ;
#2214 = CARTESIAN_POINT ( 'NONE',  ( -11.25000000000000000, 0.0000000000000000000, 0.0000000000000000000 ) ) ;
#2215 = ORIENTED_EDGE ( 'NONE', *, *, #1633, .T. ) ;
#2216 = CARTESIAN_POINT ( 'NONE',  ( -5.987448306136984800, 44.59913445514980200, -0.3015925299582513700 ) ) ;
#2217 = SPHERICAL_SURFACE ( 'NONE', #1780, 45.00000000000000000 ) ;
#2218 = AXIS2_PLACEMENT_3D ( 'NONE', #637, #647, #648 ) ;
#2219 = CYLINDRICAL_SURFACE ( 'NONE', #1739, 5.000000000000000000 ) ;
#2220 = AXIS2_PLACEMENT_3D ( 'NONE', #388, #391, #394 ) ;
#2221 = CONICAL_SURFACE ( 'NONE', #1787, 54.71638738040070400, 0.05876668005424486700 ) ;
#2222 = DIRECTION ( 'NONE',  ( -1.000000000000000000, -0.0000000000000000000, -1.224606353822375800E-016 ) ) ;
#2223 = DIRECTION ( 'NONE',  ( 1.122798366328030400E-016, 0.0000000000000000000, -1.000000000000000000 ) ) ;
#2224 = CARTESIAN_POINT ( 'NONE',  ( -5.925255631717043900, 44.60819489498601300, -0.1517686668982272900 ) ) ;
#2225 = CARTESIAN_POINT ( 'NONE',  ( -6.000000000000000000, 78.50000000000000000, 20.00000000000000000 ) ) ;
#2226 = CARTESIAN_POINT ( 'NONE',  ( 26.48675134594815000, 29.42500000000000100, 1.767567020076690100E-016 ) ) ;
#2227 = CARTESIAN_POINT ( 'NONE',  ( -5.924746010070396800, 44.60826915349287000, 0.1498254457530803200 ) ) ;
#2228 = AXIS2_PLACEMENT_3D ( 'NONE', #224, #230, #231 ) ;
#2229 = FACE_OUTER_BOUND ( 'NONE', #1556, .T. ) ;
#2230 = CARTESIAN_POINT ( 'NONE',  ( -22.00000000000000000, 0.0000000000000000000, 0.0000000000000000000 ) ) ;
#2231 = AXIS2_PLACEMENT_3D ( 'NONE', #2599, #2604, #2612 ) ;
#2232 = VECTOR ( 'NONE', #4, 1000.000000000000000 ) ;
#2233 = CARTESIAN_POINT ( 'NONE',  ( -5.987419756549029700, 44.59913852800943300, 0.3006474481732868100 ) ) ;
#2234 = CARTESIAN_POINT ( 'NONE',  ( -6.199617989756497100, 44.56820144911479500, 0.5127358403617179300 ) ) ;
#2235 = EDGE_CURVE ( 'E555', #364, #414, #1738, .T. ) ;
#2236 = EDGE_LOOP ( 'NONE', ( #833 ) ) ;
#2237 = CARTESIAN_POINT ( 'NONE',  ( -6.347700292504731200, 44.54660207283829700, 0.5746205038566887200 ) ) ;
#2238 = CARTESIAN_POINT ( 'NONE',  ( 11.33818266589866000, 0.0000000000000000000, 1.205012794902641900E-015 ) ) ;
#2239 = FACE_OUTER_BOUND ( 'NONE', #1459, .T. ) ;
#2240 = AXIS2_PLACEMENT_3D ( 'NONE', #2208, #2385, #2391 ) ;
#2241 = CARTESIAN_POINT ( 'NONE',  ( -6.649420571590058100, 44.50255489977731600, 0.5753758920404633500 ) ) ;
#2242 = CARTESIAN_POINT ( 'NONE',  ( 18.00000000000000000, 88.05414012738860700, -17.57038435624629700 ) ) ;
#2243 = FACE_OUTER_BOUND ( 'NONE', #1134, .T. ) ;
#2244 = DIRECTION ( 'NONE',  ( 1.000000000000000000, 0.0000000000000000000, 1.683833736505770000E-016 ) ) ;
#2245 = DIRECTION ( 'NONE',  ( 1.593382528797607600E-016, 0.0000000000000000000, -1.000000000000000000 ) ) ;
#2246 = FACE_OUTER_BOUND ( 'NONE', #1366, .T. ) ;
#2247 = AXIS2_PLACEMENT_3D ( 'NONE', #2155, #2352, #2178 ) ;
#2248 = FACE_BOUND ( 'NONE', #2517, .T. ) ;
#2249 = ORIENTED_EDGE ( 'NONE', *, *, #2788, .T. ) ;
#2250 = CARTESIAN_POINT ( 'NONE',  ( 11.50000000000000000, 35.63728152427955100, 35.07113008671439800 ) ) ;
#2251 = AXIS2_PLACEMENT_3D ( 'NONE', #2898, #2032, #2042 ) ;
#2252 = FACE_OUTER_BOUND ( 'NONE', #106, .T. ) ;
#2253 = DIRECTION ( 'NONE',  ( 1.000000000000000000, 0.0000000000000000000, 6.123031769111888800E-017 ) ) ;
#2254 = CARTESIAN_POINT ( 'NONE',  ( -6.797870750317849300, 44.48086440913773700, 0.5142481012758769500 ) ) ;
#2255 = ORIENTED_EDGE ( 'NONE', *, *, #2761, .T. ) ;
#2256 = CARTESIAN_POINT ( 'NONE',  ( -4.065863991822649100, 0.0000000000000000000, 0.0000000000000000000 ) ) ;
#2257 = FACE_OUTER_BOUND ( 'NONE', #567, .T. ) ;
#2258 = FACE_OUTER_BOUND ( 'NONE', #147, .T. ) ;
#2259 = AXIS2_PLACEMENT_3D ( 'NONE', #344, #326, #2917 ) ;
#2260 = EDGE_CURVE ( 'NONE', #621, #621, #2445, .T. ) ;
#2261 = CARTESIAN_POINT ( 'NONE',  ( 25.04337567297405100, 29.42500000000000100, -2.500000000000000000 ) ) ;
#2262 = CARTESIAN_POINT ( 'NONE',  ( 5.925053138758291200, -19.64602886780955500, -33.72731635732900900 ) ) ;
#2263 = CARTESIAN_POINT ( 'NONE',  ( -7.011294475852659900, 44.44966580472957000, 0.3029126153254742500 ) ) ;
#2264 = AXIS2_PLACEMENT_3D ( 'NONE', #162, #148, #203 ) ;
#2265 = EDGE_CURVE ( 'E134', #1316, #401, #1705, .T. ) ;
#2266 = DIRECTION ( 'NONE',  ( 1.000000000000000000, 0.0000000000000000000, 0.0000000000000000000 ) ) ;
#2267 = ORIENTED_EDGE ( 'NONE', *, *, #1472, .T. ) ;
#2268 = CARTESIAN_POINT ( 'NONE',  ( -7.074571481185365900, 44.44040892868196100, 0.1524202408630151700 ) ) ;
#2269 = CARTESIAN_POINT ( 'NONE',  ( -7.075423925111249600, 44.44028424726196400, -0.1491697798679559300 ) ) ;
#2270 = DIRECTION ( 'NONE',  ( 0.0000000000000000000, 0.0000000000000000000, -1.000000000000000000 ) ) ;
#2271 = ADVANCED_FACE ( 'E596', ( #1702 ), #1747, .F. ) ;
#2272 = VERTEX_POINT ( 'NONE', #655 ) ;
#2273 = AXIS2_PLACEMENT_3D ( 'NONE', #158, #94, #108 ) ;
#2274 = DIRECTION ( 'NONE',  ( 1.000000000000000000, 0.0000000000000000000, 0.0000000000000000000 ) ) ;
#2275 = ORIENTED_EDGE ( 'NONE', *, *, #1578, .T. ) ;
#2276 = AXIS2_PLACEMENT_3D ( 'NONE', #869, #873, #878 ) ;
#2277 = DIRECTION ( 'NONE',  ( 0.0000000000000000000, 0.0000000000000000000, -1.000000000000000000 ) ) ;
#2278 = EDGE_LOOP ( 'NONE', ( #2124 ) ) ;
#2279 = CARTESIAN_POINT ( 'NONE',  ( -7.014052063413955400, 44.44926259009125100, -0.2991018283777995300 ) ) ;
#2280 = DIRECTION ( 'NONE',  ( 0.0000000000000000000, -0.8660254037844387100, 0.4999999999999996700 ) ) ;
#2281 = DIRECTION ( 'NONE',  ( 0.0000000000000000000, 0.4999999999999998900, 0.8660254037844387100 ) ) ;
#2282 = AXIS2_PLACEMENT_3D ( 'NONE', #841, #848, #850 ) ;
#2283 = ORIENTED_EDGE ( 'NONE', *, *, #2724, .T. ) ;
#2284 = CARTESIAN_POINT ( 'NONE',  ( 23.59999999999999800, -12.50000000000000000, -21.65063509461095100 ) ) ;
#2285 = CARTESIAN_POINT ( 'NONE',  ( -6.906622166049468900, 44.46496696098356700, -0.4065506291684229900 ) ) ;
#2286 = AXIS2_PLACEMENT_3D ( 'NONE', #807, #809, #810 ) ;
#2287 = LINE ( 'NONE', #128, #2232 ) ;
#2288 = CARTESIAN_POINT ( 'NONE',  ( -11.50000000000000000, 0.0000000000000000000, 0.0000000000000000000 ) ) ;
#2289 = FACE_BOUND ( 'NONE', #85, .T. ) ;
#2290 = AXIS2_PLACEMENT_3D ( 'NONE', #764, #767, #775 ) ;
#2291 = DIRECTION ( 'NONE',  ( 0.0000000000000000000, -1.000000000000000000, 0.0000000000000000000 ) ) ;
#2292 = DIRECTION ( 'NONE',  ( 1.000000000000000000, 0.0000000000000000000, 0.0000000000000000000 ) ) ;
#2293 = CARTESIAN_POINT ( 'NONE',  ( 5.986227868528894500, -19.77474674694493800, -33.65184529239441200 ) ) ;
#2294 = ORIENTED_EDGE ( 'NONE', *, *, #2311, .T. ) ;
#2295 = ADVANCED_FACE ( 'E575', ( #1699 ), #687, .T. ) ;
#2296 = ADVANCED_FACE ( 'E1362', ( #1691, #1674, #1748, #1684 ), #1651, .F. ) ;
#2297 = CARTESIAN_POINT ( 'NONE',  ( 11.50000000000000000, 0.0000000000000000000, 0.0000000000000000000 ) ) ;
#2298 = EDGE_CURVE ( 'E246', #384, #168, #1653, .T. ) ;
#2299 = DIRECTION ( 'NONE',  ( 1.000000000000000000, 0.0000000000000000000, 1.224606353822375800E-016 ) ) ;
#2300 = DIRECTION ( 'NONE',  ( 1.218753962028965600E-016, 0.0000000000000000000, -1.000000000000000000 ) ) ;
#2301 = VECTOR ( 'NONE', #1889, 1000.000000000000000 ) ;
#2302 = LINE ( 'NONE', #1516, #2301 ) ;
#2303 = ORIENTED_EDGE ( 'NONE', *, *, #2654, .T. ) ;
#2304 = AXIS2_PLACEMENT_3D ( 'NONE', #707, #724, #736 ) ;
#2305 = SPHERICAL_SURFACE ( 'NONE', #1825, 45.00000000000000000 ) ;
#2306 = FACE_OUTER_BOUND ( 'NONE', #54, .T. ) ;
#2307 = CARTESIAN_POINT ( 'NONE',  ( 25.04337567297405100, -13.28493649053890000, -28.01018497693914700 ) ) ;
#2308 = CARTESIAN_POINT ( 'NONE',  ( 6.201015460351452000, -19.95944983759733300, -33.54262456441794900 ) ) ;
#2309 = EDGE_CURVE ( 'E744', #2360, #205, #1668, .T. ) ;
#2310 = EDGE_CURVE ( 'E350', #1273, #183, #1713, .T. ) ;
#2311 = EDGE_CURVE ( 'E754', #632, #350, #1646, .T. ) ;
#2312 = EDGE_CURVE ( 'NONE', #618, #618, #1637, .T. ) ;
#2313 = CARTESIAN_POINT ( 'NONE',  ( 0.0000000000000000000, 0.0000000000000000000, 0.0000000000000000000 ) ) ;
#2314 = ORIENTED_EDGE ( 'NONE', *, *, #1868, .T. ) ;
#2315 = FACE_OUTER_BOUND ( 'NONE', #92, .T. ) ;
#2316 = DIRECTION ( 'NONE',  ( 0.0000000000000000000, 0.0000000000000000000, 1.000000000000000000 ) ) ;
#2317 = DIRECTION ( 'NONE',  ( 6.033820786006285200E-017, 0.0000000000000000000, -1.000000000000000000 ) ) ;
#2318 = CARTESIAN_POINT ( 'NONE',  ( -22.00000000000000000, -78.50000000000000000, 0.0000000000000000000 ) ) ;
#2319 = DIRECTION ( 'NONE',  ( 1.000000000000000000, 0.0000000000000000000, 6.123031769111888800E-017 ) ) ;
#2320 = DIRECTION ( 'NONE',  ( 1.000000000000000000, 0.0000000000000000000, 6.123031769111888800E-017 ) ) ;
#2321 = CARTESIAN_POINT ( 'NONE',  ( -22.00000000000000000, 0.0000000000000000000, 0.0000000000000000000 ) ) ;
#2322 = DIRECTION ( 'NONE',  ( 0.0000000000000000000, 0.0000000000000000000, -1.000000000000000000 ) ) ;
#2323 = EDGE_CURVE ( 'E831', #1102, #329, #1803, .T. ) ;
#2324 = CARTESIAN_POINT ( 'NONE',  ( -22.00000000000000000, 0.0000000000000000000, 0.0000000000000000000 ) ) ;
#2325 = ORIENTED_EDGE ( 'NONE', *, *, #2913, .T. ) ;
#2326 = FACE_OUTER_BOUND ( 'NONE', #1760, .T. ) ;
#2327 = DIRECTION ( 'NONE',  ( 1.000000000000000000, 0.0000000000000000000, 6.123031769111888800E-017 ) ) ;
#2328 = CARTESIAN_POINT ( 'NONE',  ( 16.55999999999999900, 0.0000000000000000000, 0.0000000000000000000 ) ) ;
#2329 = EDGE_CURVE ( 'E834', #329, #1102, #2712, .T. ) ;
#2330 = LINE ( 'NONE', #952, #2332 ) ;
#2331 = DIRECTION ( 'NONE',  ( 1.000000000000000000, 0.0000000000000000000, 6.123031769111888800E-017 ) ) ;
#2332 = VECTOR ( 'NONE', #913, 1000.000000000000100 ) ;
#2333 = B_SPLINE_CURVE_WITH_KNOTS ( 'NONE', 3,
 ( #260, #275, #240, #292 ),
 .UNSPECIFIED., .F., .F.,
 ( 4, 4 ),
 ( 0.1063686591123203000, 0.1066044891699666600 ),
 .UNSPECIFIED. ) ;
#2334 = EDGE_LOOP ( 'NONE', ( #836 ) ) ;
#2335 = DIRECTION ( 'NONE',  ( 0.0000000000000000000, 1.000000000000000000, 0.0000000000000000000 ) ) ;
#2336 = EDGE_CURVE ( 'NONE', #611, #611, #2434, .T. ) ;
#2337 = DIRECTION ( 'NONE',  ( -1.000000000000000000, 0.0000000000000000000, 0.0000000000000000000 ) ) ;
#2338 = CYLINDRICAL_SURFACE ( 'NONE', #1842, 50.00000000000000000 ) ;
#2339 = PLANE ( 'NONE',  #2115 ) ;
#2340 = CONICAL_SURFACE ( 'NONE', #1858, 5.000000000000000900, 0.7853981633974469500 ) ;
#2341 = EDGE_CURVE ( 'E183', #1376, #124, #1620, .T. ) ;
#2342 = DIRECTION ( 'NONE',  ( 0.0000000000000000000, 0.8785192178123143500, -0.4777070063694265900 ) ) ;
#2343 = EDGE_CURVE ( 'NONE', #608, #608, #1659, .T. ) ;
#2344 = EDGE_LOOP ( 'NONE', ( #806 ) ) ;
#2345 = CARTESIAN_POINT ( 'NONE',  ( 18.00000000000000000, 0.0000000000000000000, 0.0000000000000000000 ) ) ;
#2346 = FACE_OUTER_BOUND ( 'NONE', #6, .T. ) ;
#2347 = EDGE_LOOP ( 'NONE', ( #1381, #2116, #2092, #2075, #2047, #1986 ) ) ;
#2348 = DIRECTION ( 'NONE',  ( 0.0000000000000000000, 1.000000000000000000, 0.0000000000000000000 ) ) ;
#2349 = DIRECTION ( 'NONE',  ( -1.000000000000000000, 0.0000000000000000000, 0.0000000000000000000 ) ) ;
#2350 = EDGE_CURVE ( 'E108', #722, #1403, #1611, .T. ) ;
#2351 = FACE_OUTER_BOUND ( 'NONE', #319, .T. ) ;
#2352 = DIRECTION ( 'NONE',  ( -1.000000000000000000, 0.0000000000000000000, 0.0000000000000000000 ) ) ;
#2353 = DIRECTION ( 'NONE',  ( 1.000000000000000000, 0.0000000000000000000, 6.123031769111888800E-017 ) ) ;
#2354 = CARTESIAN_POINT ( 'NONE',  ( -11.50000000000000000, 0.0000000000000000000, 0.0000000000000000000 ) ) ;
#2355 = VECTOR ( 'NONE', #892, 1000.000000000000100 ) ;
#2356 = DIRECTION ( 'NONE',  ( 0.0000000000000000000, 0.0000000000000000000, -1.000000000000000000 ) ) ;
#2357 = EDGE_CURVE ( 'NONE', #605, #605, #1603, .T. ) ;
#2358 = DIRECTION ( 'NONE',  ( 0.0000000000000000000, 0.0000000000000000000, 1.000000000000000000 ) ) ;
#2359 = DIRECTION ( 'NONE',  ( -1.000000000000000000, 0.0000000000000000000, 0.0000000000000000000 ) ) ;
#2360 = VERTEX_POINT ( 'NONE', #2481 ) ;
#2361 = FACE_BOUND ( 'NONE', #1117, .T. ) ;
#2362 = DIRECTION ( 'NONE',  ( 0.0000000000000000000, 0.0000000000000000000, 1.000000000000000000 ) ) ;
#2363 = EDGE_LOOP ( 'NONE', ( #1246, #336 ) ) ;
#2364 = EDGE_CURVE ( 'NONE', #600, #600, #1606, .T. ) ;
#2365 = DIRECTION ( 'NONE',  ( -1.000000000000000000, 0.0000000000000000000, 0.0000000000000000000 ) ) ;
#2366 = EDGE_LOOP ( 'NONE', ( #2879, #2875, #2872, #2870 ) ) ;
#2367 = CYLINDRICAL_SURFACE ( 'NONE', #1854, 5.000000000000000900 ) ;
#2368 = CARTESIAN_POINT ( 'NONE',  ( 18.00000000000000000, -88.05414012738860700, -17.57038435624629700 ) ) ;
#2369 = CONICAL_SURFACE ( 'NONE', #1869, 4.323400000000000400, 0.7853981633974476100 ) ;
#2370 = DIRECTION ( 'NONE',  ( 6.704245317784761900E-017, 0.0000000000000000000, -1.000000000000000000 ) ) ;
#2371 = EDGE_CURVE ( 'NONE', #597, #597, #1581, .T. ) ;
#2372 = VERTEX_POINT ( 'NONE', #2448 ) ;
#2373 = ADVANCED_FACE ( 'E849', ( #1574, #1565 ), #2501, .F. ) ;
#2374 = CARTESIAN_POINT ( 'NONE',  ( -7.599999999999999600, -88.05414012738860700, -17.57038435624629700 ) ) ;
#2375 = CARTESIAN_POINT ( 'NONE',  ( -5.924999999999996300, -10.24892834722379000, -37.66242618779059400 ) ) ;
#2376 = ORIENTED_EDGE ( 'NONE', *, *, #2646, .T. ) ;
#2377 = FACE_OUTER_BOUND ( 'NONE', #1141, .T. ) ;
#2378 = EDGE_CURVE ( 'NONE', #594, #594, #1599, .T. ) ;
#2379 = CARTESIAN_POINT ( 'NONE',  ( -5.924999999999998900, -10.10215456542841900, -37.70175410409273600 ) ) ;
#2380 = LINE ( 'NONE', #743, #2355 ) ;
#2381 = DIRECTION ( 'NONE',  ( 0.0000000000000000000, 0.0000000000000000000, -1.000000000000000000 ) ) ;
#2382 = EDGE_CURVE ( 'E319', #905, #141, #1576, .T. ) ;
#2383 = EDGE_CURVE ( 'E214', #301, #356, #1560, .T. ) ;
#2384 = ADVANCED_FACE ( 'E639', ( #1568, #1526 ), #1557, .T. ) ;
#2385 = DIRECTION ( 'NONE',  ( -1.000000000000000000, 0.0000000000000000000, 0.0000000000000000000 ) ) ;
#2386 = FACE_OUTER_BOUND ( 'NONE', #424, .T. ) ;
#2387 = CARTESIAN_POINT ( 'NONE',  ( -5.987345045026681400, -10.39218880494057200, -37.62299106535614600 ) ) ;
#2388 = ORIENTED_EDGE ( 'NONE', *, *, #2427, .T. ) ;
#2389 = DIRECTION ( 'NONE',  ( 1.000000000000000000, 0.0000000000000000000, 0.0000000000000000000 ) ) ;
#2390 = FACE_BOUND ( 'NONE', #250, .T. ) ;
#2391 = DIRECTION ( 'NONE',  ( 0.0000000000000000000, 0.0000000000000000000, 1.000000000000000000 ) ) ;
#2392 = EDGE_CURVE ( 'E862', #329, #1102, #1514, .T. ) ;
#2393 = CARTESIAN_POINT ( 'NONE',  ( -6.199555344004507700, -10.59655920753324700, -37.56594172681741400 ) ) ;
#2394 = EDGE_LOOP ( 'NONE', ( #803 ) ) ;
#2395 = FACE_OUTER_BOUND ( 'NONE', #636, .T. ) ;
#2396 = FACE_BOUND ( 'NONE', #133, .T. ) ;
#2397 = EDGE_CURVE ( 'NONE', #592, #592, #1506, .T. ) ;
#2398 = EDGE_LOOP ( 'NONE', ( #2719, #2717, #2709, #2702 ) ) ;
#2399 = FACE_OUTER_BOUND ( 'NONE', #2849, .T. ) ;
#2400 = CIRCLE ( 'NONE', #1834, 9.500000000000000000 ) ;
#2401 = DIRECTION ( 'NONE',  ( 0.0000000000000000000, 0.0000000000000000000, -1.000000000000000000 ) ) ;
#2402 = EDGE_LOOP ( 'NONE', ( #845 ) ) ;
#2403 = EDGE_CURVE ( 'NONE', #589, #589, #1788, .T. ) ;
#2404 = CARTESIAN_POINT ( 'NONE',  ( 26.48675134594815000, -14.71250000000000000, -25.48279750635710200 ) ) ;
#2405 = EDGE_CURVE ( 'NONE', #587, #587, #1501, .T. ) ;
#2406 = EDGE_LOOP ( 'NONE', ( #559 ) ) ;
#2407 = FACE_OUTER_BOUND ( 'NONE', #1580, .T. ) ;
#2408 = ADVANCED_FACE ( 'E1268', ( #1464 ), #2167, .T. ) ;
#2409 = CARTESIAN_POINT ( 'NONE',  ( -6.349696213118077600, -10.65638891505957100, -37.54886369368090000 ) ) ;
#2410 = CARTESIAN_POINT ( 'NONE',  ( -6.649692772034071300, -10.65654226942991500, -37.54882017128481000 ) ) ;
#2411 = FACE_OUTER_BOUND ( 'NONE', #2784, .T. ) ;
#2412 = EDGE_CURVE ( 'NONE', #586, #586, #2053, .T. ) ;
#2413 = EDGE_CURVE ( 'NONE', #580, #580, #1489, .T. ) ;
#2414 = DIRECTION ( 'NONE',  ( 1.000000000000000000, 0.0000000000000000000, 0.0000000000000000000 ) ) ;
#2415 = ADVANCED_FACE ( 'E554', ( #1453 ), #2027, .T. ) ;
#2416 = CIRCLE ( 'NONE', #1888, 9.500000000000000000 ) ;
#2417 = CARTESIAN_POINT ( 'NONE',  ( -6.798984539648540000, -10.59787801666142700, -37.56557309602799700 ) ) ;
#2418 = EDGE_CURVE ( 'E891', #2642, #247, #1440, .T. ) ;
#2419 = CARTESIAN_POINT ( 'NONE',  ( -14.00000000000000000, 0.0000000000000000000, 0.0000000000000000000 ) ) ;
#2420 = CIRCLE ( 'NONE', #1904, 30.90000000000000200 ) ;
#2421 = ORIENTED_EDGE ( 'NONE', *, *, #2780, .F. ) ;
#2422 = CARTESIAN_POINT ( 'NONE',  ( -7.013772131471095700, -10.39120012668460400, -37.62326754039641900 ) ) ;
#2423 = EDGE_CURVE ( 'E898', #1023, #2642, #1531, .T. ) ;
#2424 = CARTESIAN_POINT ( 'NONE',  ( -7.074946861241707900, -10.24733485396334700, -37.66285235258887100 ) ) ;
#2425 = CARTESIAN_POINT ( 'NONE',  ( -7.075053066788600000, -9.957367267532449200, -37.74055055297462500 ) ) ;
#2426 = FACE_BOUND ( 'NONE', #2162, .T. ) ;
#2427 = EDGE_CURVE ( 'E905', #116, #1023, #1436, .T. ) ;
#2428 = FACE_OUTER_BOUND ( 'NONE', #1078, .T. ) ;
#2429 = CARTESIAN_POINT ( 'NONE',  ( -7.012910201540488900, -9.812061145143944800, -37.77843976903377400 ) ) ;
#2430 = CARTESIAN_POINT ( 'NONE',  ( -6.801051274866227700, -9.606451834606950500, -37.83124553127920100 ) ) ;
#2431 = ADVANCED_FACE ( 'E1359', ( #1494, #1421 ), #1406, .T. ) ;
#2432 = EDGE_LOOP ( 'NONE', ( #1693, #1686, #1655, #1644 ) ) ;
#2433 = DIRECTION ( 'NONE',  ( 0.0000000000000000000, -1.000000000000000000, 0.0000000000000000000 ) ) ;
#2434 = B_SPLINE_CURVE_WITH_KNOTS ( 'NONE', 3,
 ( #2820, #2869, #2818, #2815, #2810, #2804, #2803, #2799, #2797, #2791, #2789, #2783, #2778, #2775, #2770, #2764, #2757, #2753, #2748, #2744, #2741, #2737, #2733, #2728, #2722, #2716, #2705, #2697, #2696, #2691, #2686, #2675, #2645, #2641, #2635, #2630, #2624, #2622, #2615, #2611, #2609, #2597, #2596, #2592, #2590, #2588, #2584, #2582, #2573, #2569, #2561, #2558, #2553, #2547, #2542, #2541, #2538, #2531, #2530, #2522, #2518, #2513 ),
 .UNSPECIFIED., .T., .F.,
 ( 4, 2, 2, 2, 2, 2, 2, 2, 2, 2, 2, 2, 2, 2, 2, 2, 2, 2, 2, 2, 2, 2, 2, 2, 2, 2, 2, 2, 2, 2, 4 ),
 ( 0.0000000000000000000, 0.0004825788984403453400, 0.0009651577968806906800, 0.001447736695321036000, 0.001930315593761381400, 0.002412894492201734300, 0.002895473390642087200, 0.003378052289082440200, 0.003860631187522793500, 0.004343210085963146400, 0.004825788984403498900, 0.005308367882843853200, 0.005790946781284207400, 0.006273525679724562500, 0.006756104578164918500, 0.007238683476605274400, 0.007721262375045629500, 0.008203841273485985500, 0.008686420171926339700, 0.009651577968807049900, 0.01013415686724740600, 0.01061673576568776200, 0.01109931466412812300, 0.01158189356256848600, 0.01206447246100883800, 0.01254705135944918700, 0.01302963025788953800, 0.01351220915632988700, 0.01399478805477023800, 0.01447736695321059100, 0.01544252475009129000 ),
 .UNSPECIFIED. ) ;
#2435 = CARTESIAN_POINT ( 'NONE',  ( -6.652247482823733000, -9.545801206562313000, -37.84644591950462500 ) ) ;
#2436 = CARTESIAN_POINT ( 'NONE',  ( -6.348924995726242100, -9.545501313245237500, -37.84652155868525400 ) ) ;
#2437 = ORIENTED_EDGE ( 'NONE', *, *, #2788, .F. ) ;
#2438 = DIRECTION ( 'NONE',  ( -1.000000000000000000, 0.0000000000000000000, 0.0000000000000000000 ) ) ;
#2439 = CONICAL_SURFACE ( 'NONE', #1954, 29.80000000000000100, 0.7853981633974476100 ) ;
#2440 = ORIENTED_EDGE ( 'NONE', *, *, #2341, .T. ) ;
#2441 = ADVANCED_FACE ( 'E1356', ( #1400, #1391 ), #1394, .T. ) ;
#2442 = CARTESIAN_POINT ( 'NONE',  ( -14.00000000000000000, 0.0000000000000000000, 0.0000000000000000000 ) ) ;
#2443 = EDGE_CURVE ( 'E912', #32, #116, #1371, .T. ) ;
#2444 = VECTOR ( 'NONE', #550, 1000.000000000000000 ) ;
#2445 = B_SPLINE_CURVE_WITH_KNOTS ( 'NONE', 3,
 ( #900, #910, #890, #851, #860, #811, #808, #773, #768, #735, #721, #788, #720, #713, #704, #692, #752, #661 ),
 .UNSPECIFIED., .T., .F.,
 ( 4, 2, 2, 2, 2, 2, 2, 2, 4 ),
 ( 0.0000000000000000000, 0.0004493835473384222800, 0.0008987670946768445700, 0.001348150642015266900, 0.001797534189353689100, 0.002246917736692111600, 0.002696301284030533800, 0.003145684831368956000, 0.003595068378707378300 ),
 .UNSPECIFIED. ) ;
#2446 = CARTESIAN_POINT ( 'NONE',  ( -6.199996393151240100, -9.605799998209999300, -37.83141091406476900 ) ) ;
#2447 = ORIENTED_EDGE ( 'NONE', *, *, #2780, .T. ) ;
#2448 = CARTESIAN_POINT ( 'NONE',  ( -6.235363776989840000, 52.37313117759679700, -20.00000000000000000 ) ) ;
#2449 = CARTESIAN_POINT ( 'NONE',  ( -5.987480487315872700, -9.811319518430412500, -37.77863224974795700 ) ) ;
#2450 = CARTESIAN_POINT ( 'NONE',  ( -5.925000000000001600, -9.955380783633048100, -37.74108202039489200 ) ) ;
#2451 = ADVANCED_FACE ( 'E790', ( #1385 ), #1893, .T. ) ;
#2452 = EDGE_LOOP ( 'NONE', ( #842 ) ) ;
#2453 = FACE_OUTER_BOUND ( 'NONE', #38, .T. ) ;
#2454 = ORIENTED_EDGE ( 'NONE', *, *, #2443, .T. ) ;
#2455 = CARTESIAN_POINT ( 'NONE',  ( -5.924999999999998900, -10.10215456542841900, -37.70175410409273600 ) ) ;
#2456 = CARTESIAN_POINT ( 'NONE',  ( 6.435798419494113400, -38.86290764489606900, 21.75495890851751200 ) ) ;
#2457 = ORIENTED_EDGE ( 'NONE', *, *, #1018, .F. ) ;
#2458 = LINE ( 'NONE', #541, #2444 ) ;
#2459 = CARTESIAN_POINT ( 'NONE',  ( 22.15662432702595200, -16.87756350946110100, -24.23279750635709800 ) ) ;
#2460 = FACE_BOUND ( 'NONE', #2506, .T. ) ;
#2461 = DIRECTION ( 'NONE',  ( -0.06162841671621905500, -0.7044160264027592400, 0.7071067811865470200 ) ) ;
#2462 = DIRECTION ( 'NONE',  ( 0.06162841671621927000, 0.7044160264027586900, 0.7071067811865476800 ) ) ;
#2463 = EDGE_LOOP ( 'NONE', ( #68, #93, #787, #1566, #593 ) ) ;
#2464 = CARTESIAN_POINT ( 'NONE',  ( 9.362369380516041100, 38.43205788050150300, 38.57886209806154900 ) ) ;
#2465 = PRODUCT_DEFINITION_SHAPE ( 'NONE', 'NONE',  #844 ) ;
#2466 = DIRECTION ( 'NONE',  ( 0.0000000000000000000, 1.000000000000000000, 0.0000000000000000000 ) ) ;
#2467 = CYLINDRICAL_SURFACE ( 'NONE', #1948, 0.5749999999999999600 ) ;
#2468 = ADVANCED_FACE ( 'E1353', ( #1387, #1362 ), #1863, .T. ) ;
#2469 = DIRECTION ( 'NONE',  ( -1.000000000000000000, -0.0000000000000000000, -0.0000000000000000000 ) ) ;
#2470 = CARTESIAN_POINT ( 'NONE',  ( -6.000000000000000000, 52.35830808576570000, 20.00000000000000000 ) ) ;
#2471 = CARTESIAN_POINT ( 'NONE',  ( -14.00000000000000000, 0.0000000000000000000, 0.0000000000000000000 ) ) ;
#2472 = CARTESIAN_POINT ( 'NONE',  ( -7.599999999999999600, -78.50000000000000000, 0.0000000000000000000 ) ) ;
#2473 = PLANE ( 'NONE',  #1570 ) ;
#2474 = DIRECTION ( 'NONE',  ( 1.000000000000000000, 0.0000000000000000000, 0.0000000000000000000 ) ) ;
#2475 = DIRECTION ( 'NONE',  ( 0.0000000000000000000, 0.0000000000000000000, -1.000000000000000000 ) ) ;
#2476 = FACE_OUTER_BOUND ( 'NONE', #2504, .T. ) ;
#2477 = ORIENTED_EDGE ( 'NONE', *, *, #2725, .F. ) ;
#2478 = DIRECTION ( 'NONE',  ( 0.0000000000000000000, -1.000000000000000000, 0.0000000000000000000 ) ) ;
#2479 = FACE_OUTER_BOUND ( 'NONE', #1901, .T. ) ;
#2480 = CYLINDRICAL_SURFACE ( 'NONE', #1949, 30.90000000000000200 ) ;
#2481 = CARTESIAN_POINT ( 'NONE',  ( -6.000000000000000000, -52.35830808576570000, 20.00000000000000000 ) ) ;
#2482 = DIRECTION ( 'NONE',  ( -1.000000000000000000, 0.0000000000000000000, -6.123031769111888800E-017 ) ) ;
#2483 = VERTEX_POINT ( 'NONE', #1925 ) ;
#2484 = DIRECTION ( 'NONE',  ( 0.0000000000000000000, 0.8785192178123141200, 0.4777070063694270300 ) ) ;
#2485 = CARTESIAN_POINT ( 'NONE',  ( -4.065863991822649100, 0.0000000000000000000, 0.0000000000000000000 ) ) ;
#2486 = FACE_OUTER_BOUND ( 'NONE', #2623, .T. ) ;
#2487 = ORIENTED_EDGE ( 'NONE', *, *, #2761, .F. ) ;
#2488 = DIRECTION ( 'NONE',  ( 0.0000000000000000000, 0.0000000000000000000, 1.000000000000000000 ) ) ;
#2489 = FACE_BOUND ( 'NONE', #697, .T. ) ;
#2490 = DIRECTION ( 'NONE',  ( 1.000000000000000000, -0.0000000000000000000, -0.0000000000000000000 ) ) ;
#2491 = CARTESIAN_POINT ( 'NONE',  ( 11.25000000000000000, 0.0000000000000000000, 0.0000000000000000000 ) ) ;
#2492 = FACE_OUTER_BOUND ( 'NONE', #2133, .T. ) ;
#2493 = EDGE_CURVE ( 'E919', #218, #32, #1367, .T. ) ;
#2494 = FACE_OUTER_BOUND ( 'NONE', #1886, .T. ) ;
#2495 = CARTESIAN_POINT ( 'NONE',  ( 6.294457289339630000, -38.85371565320185300, 21.81212018984675500 ) ) ;
#2496 = ADVANCED_FACE ( 'E1350', ( #1350, #1358 ), #1321, .T. ) ;
#2497 = ADVANCED_FACE ( 'E1344', ( #1363, #1336 ), #1758, .T. ) ;
#2498 = EDGE_CURVE ( 'E926', #247, #218, #1333, .T. ) ;
#2499 = ORIENTED_EDGE ( 'NONE', *, *, #2725, .T. ) ;
#2500 = CIRCLE ( 'NONE', #1985, 20.00000000000000400 ) ;
#2501 = PLANE ( 'NONE',  #1389 ) ;
#2502 = CIRCLE ( 'NONE', #1940, 43.54819874385989900 ) ;
#2503 = CARTESIAN_POINT ( 'NONE',  ( -7.599999999999999600, -88.05414012738860700, 17.57038435624629700 ) ) ;
#2504 = EDGE_LOOP ( 'NONE', ( #874 ) ) ;
#2505 = DIRECTION ( 'NONE',  ( 0.0000000000000000000, -0.8785192178123141200, 0.4777070063694270300 ) ) ;
#2506 = EDGE_LOOP ( 'NONE', ( #865 ) ) ;
#2507 = CARTESIAN_POINT ( 'NONE',  ( 6.595620410500029800, -38.84034413237959200, 21.74737307021238700 ) ) ;
#2508 = FACE_OUTER_BOUND ( 'NONE', #112, .T. ) ;
#2509 = EDGE_CURVE ( 'E670', #1992, #1423, #1343, .T. ) ;
#2510 = CARTESIAN_POINT ( 'NONE',  ( 0.0000000000000000000, 0.0000000000000000000, 0.0000000000000000000 ) ) ;
#2511 = VECTOR ( 'NONE', #398, 1000.000000000000000 ) ;
#2512 = EDGE_LOOP ( 'NONE', ( #903 ) ) ;
#2513 = CARTESIAN_POINT ( 'NONE',  ( 7.359263568919729400, 32.74190816958090300, 29.98013823859129400 ) ) ;
#2514 = ADVANCED_FACE ( 'E1289', ( #1307 ), #1717, .T. ) ;
#2515 = FACE_OUTER_BOUND ( 'NONE', #1640, .T. ) ;
#2516 = CARTESIAN_POINT ( 'NONE',  ( 6.869263149173056200, -38.74525065062093200, 21.83212202659299800 ) ) ;
#2517 = EDGE_LOOP ( 'NONE', ( #261 ) ) ;
#2518 = CARTESIAN_POINT ( 'NONE',  ( 7.625281766381793800, 32.83348807866848800, 29.81482215621258500 ) ) ;
#2519 = VECTOR ( 'NONE', #427, 1000.000000000000000 ) ;
#2520 = FACE_BOUND ( 'NONE', #1595, .T. ) ;
#2521 = CARTESIAN_POINT ( 'NONE',  ( 6.981755841711084500, -38.67232459747474800, 21.92553512414399800 ) ) ;
#2522 = CARTESIAN_POINT ( 'NONE',  ( 7.925197688999739800, 32.88109049909071000, 29.68381035681136700 ) ) ;
#2523 = DIRECTION ( 'NONE',  ( -6.123031769111888800E-017, 1.000000000000000000, 0.0000000000000000000 ) ) ;
#2524 = LINE ( 'NONE', #429, #2519 ) ;
#2525 = CARTESIAN_POINT ( 'NONE',  ( 7.090502284960415100, -38.51828333545845600, 22.16053521741074700 ) ) ;
#2526 = EDGE_LOOP ( 'NONE', ( #175, #161, #160, #157, #145, #121 ) ) ;
#2527 = ORIENTED_EDGE ( 'NONE', *, *, #1297, .T. ) ;
#2528 = CARTESIAN_POINT ( 'NONE',  ( 7.087122948796400500, -38.43736384143949900, 22.30168090699040200 ) ) ;
#2529 = LINE ( 'NONE', #446, #2511 ) ;
#2530 = CARTESIAN_POINT ( 'NONE',  ( 8.389120854349821200, 32.88421167828669700, 29.55126292763663500 ) ) ;
#2531 = CARTESIAN_POINT ( 'NONE',  ( 8.548105225531889700, 32.87396678522700500, 29.51708950085942400 ) ) ;
#2532 = CARTESIAN_POINT ( 'NONE',  ( 6.963267932184713500, -38.31410723356595600, 22.55139260992971000 ) ) ;
#2533 = FACE_OUTER_BOUND ( 'NONE', #2398, .T. ) ;
#2534 = CARTESIAN_POINT ( 'NONE',  ( -6.000000000000000000, 52.35830808576570000, -20.00000000000000000 ) ) ;
#2535 = EDGE_CURVE ( 'NONE', #577, #577, #1320, .T. ) ;
#2536 = VECTOR ( 'NONE', #417, 1000.000000000000000 ) ;
#2537 = CARTESIAN_POINT ( 'NONE',  ( -11.50000000000000000, 0.0000000000000000000, -180.0000000000000000 ) ) ;
#2538 = CARTESIAN_POINT ( 'NONE',  ( 8.866686486829769000, 32.83081426105476900, 29.47110234526544300 ) ) ;
#2539 = CARTESIAN_POINT ( 'NONE',  ( 6.845411079664436300, -38.27383966830421300, 22.65560255304503900 ) ) ;
#2540 = CONICAL_SURFACE ( 'NONE', #2072, 2.458750000000002900, 0.7853981633974518300 ) ;
#2541 = CARTESIAN_POINT ( 'NONE',  ( 9.023943669185227300, 32.79841505012760900, 29.45943595847803600 ) ) ;
#2542 = CARTESIAN_POINT ( 'NONE',  ( 9.334482839869599100, 32.71245830226827400, 29.45824940608784100 ) ) ;
#2543 = LINE ( 'NONE', #423, #2536 ) ;
#2544 = CARTESIAN_POINT ( 'NONE',  ( 6.566107938862064200, -38.25565840972147700, 22.76869800889170700 ) ) ;
#2545 = ORIENTED_EDGE ( 'NONE', *, *, #2493, .T. ) ;
#2546 = FACE_OUTER_BOUND ( 'NONE', #1936, .T. ) ;
#2547 = CARTESIAN_POINT ( 'NONE',  ( 9.489245913333524700, 32.65813134954979100, 29.46908100430242100 ) ) ;
#2548 = ADVANCED_FACE ( 'E1226', ( #1312 ), #1716, .T. ) ;
#2549 = EDGE_LOOP ( 'NONE', ( #897 ) ) ;
#2550 = DIRECTION ( 'NONE',  ( 6.938893903907228400E-017, 0.0000000000000000000, -1.000000000000000000 ) ) ;
#2551 = DIRECTION ( 'NONE',  ( -1.000000000000000000, 0.0000000000000000000, 0.0000000000000000000 ) ) ;
#2552 = CIRCLE ( 'NONE', #2016, 56.06197346995339400 ) ;
#2553 = CARTESIAN_POINT ( 'NONE',  ( 9.783139260493788600, 32.53170767048917600, 29.51278110815591700 ) ) ;
#2554 = CARTESIAN_POINT ( 'NONE',  ( 6.404748230764889500, -38.27808549388878100, 22.77696347302707700 ) ) ;
#2555 = FACE_OUTER_BOUND ( 'NONE', #459, .T. ) ;
#2556 = FACE_OUTER_BOUND ( 'NONE', #1533, .T. ) ;
#2557 = ORIENTED_EDGE ( 'NONE', *, *, #2670, .F. ) ;
#2558 = CARTESIAN_POINT ( 'NONE',  ( 9.923211029289516800, 32.45958713843776200, 29.54541053495014000 ) ) ;
#2559 = FACE_OUTER_BOUND ( 'NONE', #165, .T. ) ;
#2560 = FACE_BOUND ( 'NONE', #2812, .T. ) ;
#2561 = CARTESIAN_POINT ( 'NONE',  ( 10.18944290075426000, 32.29732224049413200, 29.63248939043666000 ) ) ;
#2562 = ORIENTED_EDGE ( 'NONE', *, *, #2724, .F. ) ;
#2563 = EDGE_CURVE ( 'E937', #927, #696, #1291, .T. ) ;
#2564 = CARTESIAN_POINT ( 'NONE',  ( 6.153116159185145800, -38.84452366150762300, 21.86928147117599500 ) ) ;
#2565 = TOROIDAL_SURFACE ( 'NONE', #2068, 57.50000000000000000, 1.440000000000000200 ) ;
#2566 = EDGE_LOOP ( 'NONE', ( #953 ) ) ;
#2567 = ADVANCED_FACE ( 'E3', ( #1286, #1303 ), #1282, .F. ) ;
#2568 = CARTESIAN_POINT ( 'NONE',  ( -6.078454586784034500, 52.36324920506385900, -20.00000000000000000 ) ) ;
#2569 = CARTESIAN_POINT ( 'NONE',  ( 10.31499552966366900, 32.20718693534200800, 29.68709961296774600 ) ) ;
#2570 = ORIENTED_EDGE ( 'NONE', *, *, #2670, .T. ) ;
#2571 = FACE_OUTER_BOUND ( 'NONE', #2526, .T. ) ;
#2572 = DIRECTION ( 'NONE',  ( 0.0000000000000000000, 1.000000000000000000, 0.0000000000000000000 ) ) ;
#2573 = CARTESIAN_POINT ( 'NONE',  ( 10.54111720418210400, 32.01632365973593900, 29.81385204729583500 ) ) ;
#2574 = LINE ( 'NONE', #269, #2591 ) ;
#2575 = DIRECTION ( 'NONE',  ( -1.000000000000000000, 0.0000000000000000000, 0.0000000000000000000 ) ) ;
#2576 = ADVANCED_FACE ( 'E1163', ( #1279 ), #1596, .T. ) ;
#2577 = EDGE_CURVE ( 'E942', #1023, #927, #1251, .T. ) ;
#2578 = ADVANCED_FACE ( 'E1184', ( #1241 ), #1569, .T. ) ;
#2579 = ORIENTED_EDGE ( 'NONE', *, *, #2498, .T. ) ;
#2580 = VECTOR ( 'NONE', #2825, 1000.000000000000000 ) ;
#2581 = CARTESIAN_POINT ( 'NONE',  ( 6.294457289339630000, -38.85371565320185300, 21.81212018984675500 ) ) ;
#2582 = CARTESIAN_POINT ( 'NONE',  ( 10.64323575364730000, 31.91470682734719200, 29.88644573044290500 ) ) ;
#2583 = LINE ( 'NONE', #2776, #2580 ) ;
#2584 = CARTESIAN_POINT ( 'NONE',  ( 10.82436809888061500, 31.69872328859300800, 30.05080056695820500 ) ) ;
#2585 = CARTESIAN_POINT ( 'NONE',  ( 22.15662432702595200, 29.42500000000000100, 2.500000000000000000 ) ) ;
#2586 = EDGE_LOOP ( 'NONE', ( #2601, #588, #2766, #1536 ) ) ;
#2587 = CIRCLE ( 'NONE', #2073, 57.50000000000000000 ) ;
#2588 = CARTESIAN_POINT ( 'NONE',  ( 10.90042348713520500, 31.58789504016228700, 30.13986667874013000 ) ) ;
#2589 = VECTOR ( 'NONE', #2821, 1000.000000000000000 ) ;
#2590 = CARTESIAN_POINT ( 'NONE',  ( 11.02453984605091700, 31.36077145191429200, 30.33129479272292200 ) ) ;
#2591 = VECTOR ( 'NONE', #296, 1000.000000000000000 ) ;
#2592 = CARTESIAN_POINT ( 'NONE',  ( 11.07288202023781700, 31.24313358463096400, 30.43491521788757800 ) ) ;
#2593 = CARTESIAN_POINT ( 'NONE',  ( -6.078454586784033600, 52.36324920506385900, 20.00000000000000000 ) ) ;
#2594 = LINE ( 'NONE', #2740, #2589 ) ;
#2595 = CARTESIAN_POINT ( 'NONE',  ( -17.89999999999999900, 0.0000000000000000000, 0.0000000000000000000 ) ) ;
#2596 = CARTESIAN_POINT ( 'NONE',  ( 11.13749504415316400, 31.00962120926754700, 30.64940086429772800 ) ) ;
#2597 = CARTESIAN_POINT ( 'NONE',  ( 11.15415048457114500, 30.89395147493927100, 30.75995420719982900 ) ) ;
#2598 = CIRCLE ( 'NONE', #2078, 57.50000000000000000 ) ;
#2599 = CARTESIAN_POINT ( 'NONE',  ( 31.50000000000000000, 0.0000000000000000000, 0.0000000000000000000 ) ) ;
#2600 = DIRECTION ( 'NONE',  ( -1.000000000000000000, 0.0000000000000000000, 0.0000000000000000000 ) ) ;
#2601 = ORIENTED_EDGE ( 'NONE', *, *, #2235, .F. ) ;
#2602 = CARTESIAN_POINT ( 'NONE',  ( 25.04337567297405100, 29.42500000000000100, 2.500000000000000000 ) ) ;
#2603 = FACE_OUTER_BOUND ( 'NONE', #1284, .T. ) ;
#2604 = DIRECTION ( 'NONE',  ( -1.000000000000000000, 0.0000000000000000000, 0.0000000000000000000 ) ) ;
#2605 = EDGE_LOOP ( 'NONE', ( #950 ) ) ;
#2606 = ADVANCED_FACE ( 'E339', ( #1247 ), #1217, .T. ) ;
#2607 = ADVANCED_FACE ( 'E1160', ( #1264, #1211 ), #1200, .T. ) ;
#2608 = VECTOR ( 'NONE', #2660, 1000.000000000000100 ) ;
#2609 = CARTESIAN_POINT ( 'NONE',  ( 11.15627346502869300, 30.66477836899860400, 30.98765921380774200 ) ) ;
#2610 = CIRCLE ( 'NONE', #2082, 20.00000000000000400 ) ;
#2611 = CARTESIAN_POINT ( 'NONE',  ( 11.14123971752988900, 30.55094467673940200, 31.10528067468931500 ) ) ;
#2612 = DIRECTION ( 'NONE',  ( 0.0000000000000000000, 0.0000000000000000000, 1.000000000000000000 ) ) ;
#2613 = VECTOR ( 'NONE', #2693, 1000.000000000000000 ) ;
#2614 = B_SPLINE_CURVE_WITH_KNOTS ( 'NONE', 3,
 ( #2658, #2667, #2568, #2534 ),
 .UNSPECIFIED., .F., .F.,
 ( 4, 4 ),
 ( 0.1050285501194466700, 0.1052643801865857200 ),
 .UNSPECIFIED. ) ;
#2615 = CARTESIAN_POINT ( 'NONE',  ( 11.05047603061445500, 30.22778732189783600, 31.45268778439069700 ) ) ;
#2616 = EDGE_LOOP ( 'NONE', ( #2786 ) ) ;
#2617 = LINE ( 'NONE', #2715, #2608 ) ;
#2618 = EDGE_CURVE ( 'E952', #2642, #696, #1229, .T. ) ;
#2619 = ORIENTED_EDGE ( 'NONE', *, *, #1074, .T. ) ;
#2620 = ORIENTED_EDGE ( 'NONE', *, *, #879, .T. ) ;
#2621 = CIRCLE ( 'NONE', #2079, 54.71638738040070400 ) ;
#2622 = CARTESIAN_POINT ( 'NONE',  ( 10.92630825137994500, 30.02809690894916300, 31.68647403184774400 ) ) ;
#2623 = EDGE_LOOP ( 'NONE', ( #1088 ) ) ;
#2624 = CARTESIAN_POINT ( 'NONE',  ( 10.66350564027359100, 29.78071155140930800, 32.00663571962388700 ) ) ;
#2625 = LINE ( 'NONE', #2692, #2613 ) ;
#2626 = DIRECTION ( 'NONE',  ( 0.0000000000000000000, 0.0000000000000000000, 1.000000000000000000 ) ) ;
#2627 = EDGE_LOOP ( 'NONE', ( #1965 ) ) ;
#2628 = CIRCLE ( 'NONE', #2101, 56.06197346995339400 ) ;
#2629 = CIRCLE ( 'NONE', #2102, 25.00000000000000000 ) ;
#2630 = CARTESIAN_POINT ( 'NONE',  ( 10.56207053354916800, 29.70556358722207700, 32.10994393227054600 ) ) ;
#2631 = VECTOR ( 'NONE', #2482, 1000.000000000000000 ) ;
#2632 = DIRECTION ( 'NONE',  ( 1.000000000000000000, 0.0000000000000000000, 6.730369402342480500E-016 ) ) ;
#2633 = ADVANCED_FACE ( 'E707', ( #1204, #1208 ), #1479, .T. ) ;
#2634 = LINE ( 'NONE', #2368, #2631 ) ;
#2635 = CARTESIAN_POINT ( 'NONE',  ( 10.33683357578319600, 29.57460096469599600, 32.30354764927969300 ) ) ;
#2636 = CARTESIAN_POINT ( 'NONE',  ( -6.156909179115547000, 52.36819023564915900, 20.00000000000000000 ) ) ;
#2637 = CARTESIAN_POINT ( 'NONE',  ( -6.235363776989840000, 52.37313117759679700, 20.00000000000000000 ) ) ;
#2638 = CIRCLE ( 'NONE', #2096, 57.50000000000000000 ) ;
#2639 = ORIENTED_EDGE ( 'NONE', *, *, #2653, .F. ) ;
#2640 = LINE ( 'NONE', #2585, #2643 ) ;
#2641 = CARTESIAN_POINT ( 'NONE',  ( 10.21473040171429500, 29.51946606508310100, 32.39268989031744200 ) ) ;
#2642 = VERTEX_POINT ( 'NONE', #1450 ) ;
#2643 = VECTOR ( 'NONE', #2632, 1000.000000000000000 ) ;
#2644 = EDGE_LOOP ( 'NONE', ( #365, #1806, #1801, #1698 ) ) ;
#2645 = CARTESIAN_POINT ( 'NONE',  ( 9.952067165136412500, 29.42932198390914400, 32.55606424286555300 ) ) ;
#2646 = EDGE_CURVE ( 'E958', #696, #462, #1223, .T. ) ;
#2647 = CIRCLE ( 'NONE', #2118, 20.00000000000000000 ) ;
#2648 = CIRCLE ( 'NONE', #2121, 30.90000000000000200 ) ;
#2649 = ADVANCED_FACE ( 'E1107', ( #1260, #1197 ), #1153, .T. ) ;
#2650 = FACE_BOUND ( 'NONE', #2549, .T. ) ;
#2651 = DIRECTION ( 'NONE',  ( 0.0000000000000000000, -1.000000000000000000, 0.0000000000000000000 ) ) ;
#2652 = CIRCLE ( 'NONE', #2138, 9.500000000000000000 ) ;
#2653 = EDGE_CURVE ( 'E973', #247, #462, #1187, .T. ) ;
#2654 = EDGE_CURVE ( 'E979', #462, #2052, #1160, .T. ) ;
#2655 = ORIENTED_EDGE ( 'NONE', *, *, #2654, .F. ) ;
#2656 = CIRCLE ( 'NONE', #2153, 39.03172798364529700 ) ;
#2657 = FACE_OUTER_BOUND ( 'NONE', #2512, .T. ) ;
#2658 = CARTESIAN_POINT ( 'NONE',  ( -6.235363776989840000, 52.37313117759679700, -20.00000000000000000 ) ) ;
#2659 = CIRCLE ( 'NONE', #2148, 42.70074674683795000 ) ;
#2660 = DIRECTION ( 'NONE',  ( -2.925015176327334500E-017, 0.8785192178123141200, 0.4777070063694270300 ) ) ;
#2661 = ADVANCED_FACE ( 'E1062', ( #1177 ), #1356, .T. ) ;
#2662 = ADVANCED_FACE ( 'E1338', ( #1149, #1108 ), #1089, .F. ) ;
#2663 = CIRCLE ( 'NONE', #2182, 43.50574674683795000 ) ;
#2664 = DIRECTION ( 'NONE',  ( 0.0000000000000000000, 0.0000000000000000000, 1.000000000000000000 ) ) ;
#2665 = EDGE_LOOP ( 'NONE', ( #983 ) ) ;
#2666 = CIRCLE ( 'NONE', #2170, 30.90000000000000200 ) ;
#2667 = CARTESIAN_POINT ( 'NONE',  ( -6.156909179115567500, 52.36819023564915900, -20.00000000000000000 ) ) ;
#2668 = CIRCLE ( 'NONE', #2157, 43.54819874385989900 ) ;
#2669 = EDGE_LOOP ( 'NONE', ( #986 ) ) ;
#2670 = EDGE_CURVE ( 'E994', #218, #2052, #1111, .T. ) ;
#2671 = CIRCLE ( 'NONE', #2134, 50.00000000000000000 ) ;
#2672 = ADVANCED_FACE ( 'E1205', ( #1119 ), #1322, .T. ) ;
#2673 = EDGE_LOOP ( 'NONE', ( #978 ) ) ;
#2674 = ADVANCED_FACE ( 'E933', ( #1093, #1076 ), #1057, .T. ) ;
#2675 = CARTESIAN_POINT ( 'NONE',  ( 9.809910932960521600, 29.39420225959579000, 32.63085300761967700 ) ) ;
#2676 = SPHERICAL_SURFACE ( 'NONE', #2176, 45.00000000000000000 ) ;
#2677 = CARTESIAN_POINT ( 'NONE',  ( -6.235363776989840000, 0.0000000000000000000, 0.0000000000000000000 ) ) ;
#2678 = CARTESIAN_POINT ( 'NONE',  ( 18.00000000000000000, 88.05414012738860700, 17.57038435624629700 ) ) ;
#2679 = FACE_OUTER_BOUND ( 'NONE', #1735, .T. ) ;
#2680 = CIRCLE ( 'NONE', #2189, 39.03172798364529700 ) ;
#2681 = VECTOR ( 'NONE', #653, 1000.000000000000000 ) ;
#2682 = DIRECTION ( 'NONE',  ( -1.000000000000000000, 0.0000000000000000000, 0.0000000000000000000 ) ) ;
#2683 = CIRCLE ( 'NONE', #2198, 39.03172798364529700 ) ;
#2684 = LINE ( 'NONE', #1625, #2688 ) ;
#2685 = DIRECTION ( 'NONE',  ( -1.000000000000000000, 0.0000000000000000000, 0.0000000000000000000 ) ) ;
#2686 = CARTESIAN_POINT ( 'NONE',  ( 9.517586761838554600, 29.34725921642210300, 32.75942560104695600 ) ) ;
#2687 = DIRECTION ( 'NONE',  ( 0.0000000000000000000, 0.0000000000000000000, 1.000000000000000000 ) ) ;
#2688 = VECTOR ( 'NONE', #1636, 1000.000000000000000 ) ;
#2689 = EDGE_LOOP ( 'NONE', ( #972 ) ) ;
#2690 = FACE_OUTER_BOUND ( 'NONE', #2363, .T. ) ;
#2691 = CARTESIAN_POINT ( 'NONE',  ( 9.366755828303430700, 29.33493835307705000, 32.81389117937849400 ) ) ;
#2692 = CARTESIAN_POINT ( 'NONE',  ( 18.00000000000000000, 27.46815286624205000, -50.51485502420809600 ) ) ;
#2693 = DIRECTION ( 'NONE',  ( -1.000000000000000000, 0.0000000000000000000, -6.123031769111888800E-017 ) ) ;
#2694 = EDGE_LOOP ( 'NONE', ( #2325 ) ) ;
#2695 = VECTOR ( 'NONE', #1584, 1000.000000000000100 ) ;
#2696 = CARTESIAN_POINT ( 'NONE',  ( 9.055712127943520400, 29.33269755373873300, 32.90308662321344000 ) ) ;
#2697 = CARTESIAN_POINT ( 'NONE',  ( 8.895721052771687500, 29.34309199180083600, 32.93744069761317000 ) ) ;
#2698 = PRODUCT ( 'UCFL-210', 'UCFL-210', '', ( #208 ) ) ;
#2699 = ADVANCED_FACE ( 'E676', ( #1167 ), #1231, .T. ) ;
#2700 = CARTESIAN_POINT ( 'NONE',  ( -7.599999999999999600, 0.0000000000000000000, 0.0000000000000000000 ) ) ;
#2701 = ADVANCED_FACE ( 'E878', ( #1063 ), #1213, .T. ) ;
#2702 = ORIENTED_EDGE ( 'NONE', *, *, #2653, .T. ) ;
#2703 = FACE_BOUND ( 'NONE', #204, .T. ) ;
#2704 = DIRECTION ( 'NONE',  ( -1.000000000000000000, 0.0000000000000000000, 0.0000000000000000000 ) ) ;
#2705 = CARTESIAN_POINT ( 'NONE',  ( 8.579978046447237700, 29.38568093429628900, 32.98320228763446900 ) ) ;
#2706 = LINE ( 'NONE', #2184, #2695 ) ;
#2707 = EDGE_CURVE ( 'E43', #518, #2360, #120, .T. ) ;
#2708 = CARTESIAN_POINT ( 'NONE',  ( 22.15662432702595200, 30.90000000000000200, 2.500000000000000000 ) ) ;
#2709 = ORIENTED_EDGE ( 'NONE', *, *, #2418, .T. ) ;
#2710 = CIRCLE ( 'NONE', #2211, 30.90000000000000200 ) ;
#2711 = CARTESIAN_POINT ( 'NONE',  ( 6.036151711099328100, -38.80372450071738700, 21.97404533970243900 ) ) ;
#2712 = B_SPLINE_CURVE_WITH_KNOTS ( 'NONE', 3,
 ( #2837, #2855, #2836, #2834, #2833, #2831 ),
 .UNSPECIFIED., .F., .F.,
 ( 4, 2, 4 ),
 ( 0.0000000000000000000, 0.0004959513961904131700, 0.0009919027923808263400 ),
 .UNSPECIFIED. ) ;
#2713 = LINE ( 'NONE', #1624, #2681 ) ;
#2714 = DIRECTION ( 'NONE',  ( 0.0000000000000000000, 0.0000000000000000000, 1.000000000000000000 ) ) ;
#2715 = CARTESIAN_POINT ( 'NONE',  ( -22.00000000000000000, -88.05414012738860700, 17.57038435624629700 ) ) ;
#2716 = CARTESIAN_POINT ( 'NONE',  ( 8.422505102079828300, 29.41779958229102500, 32.99516667289455500 ) ) ;
#2717 = ORIENTED_EDGE ( 'NONE', *, *, #2618, .F. ) ;
#2718 = CIRCLE ( 'NONE', #2210, 39.03172798364529700 ) ;
#2719 = ORIENTED_EDGE ( 'NONE', *, *, #2646, .F. ) ;
#2720 = CIRCLE ( 'NONE', #2231, 25.00000000000000000 ) ;
#2721 = ORIENTED_EDGE ( 'NONE', *, *, #1929, .F. ) ;
#2722 = CARTESIAN_POINT ( 'NONE',  ( 8.108387611618976400, 29.50452651959747600, 32.99641667552109700 ) ) ;
#2723 = B_SPLINE_CURVE_WITH_KNOTS ( 'NONE', 3,
 ( #1761, #2040, #2054, #2058, #2062, #2065, #2066, #2074, #2080, #2087, #2088, #2093, #2094, #2095, #2100, #2108, #2109, #2120 ),
 .UNSPECIFIED., .T., .F.,
 ( 4, 2, 2, 2, 2, 2, 2, 2, 4 ),
 ( 0.0000000000000000000, 0.0004518193942304114000, 0.0009036387884608227900, 0.001355458182691234200, 0.001807277576921645600, 0.002259096971152057100, 0.002710916365382468500, 0.003162735759612879800, 0.003614555153843291200 ),
 .UNSPECIFIED. ) ;
#2724 = EDGE_CURVE ( 'E1000', #2052, #229, #1070, .T. ) ;
#2725 = EDGE_CURVE ( 'E1015', #32, #229, #1100, .T. ) ;
#2726 = ADVANCED_FACE ( 'E821', ( #1034, #1059 ), #1016, .F. ) ;
#2727 = CIRCLE ( 'NONE', #2218, 30.90000000000000200 ) ;
#2728 = CARTESIAN_POINT ( 'NONE',  ( 7.956111302166908300, 29.55798552279257800, 32.98562829535966800 ) ) ;
#2729 = ADVANCED_FACE ( 'E936', ( #1053 ), #1126, .T. ) ;
#2730 = CIRCLE ( 'NONE', #2247, 30.90000000000000200 ) ;
#2731 = CARTESIAN_POINT ( 'NONE',  ( 5.913384624272134200, -38.68143949631414100, 22.22163252276239500 ) ) ;
#2732 = EDGE_LOOP ( 'NONE', ( #156 ) ) ;
#2733 = CARTESIAN_POINT ( 'NONE',  ( 7.663050211438789300, 29.68361749334735200, 32.94216755502481000 ) ) ;
#2734 = CIRCLE ( 'NONE', #2240, 26.10000000000000100 ) ;
#2735 = ADVANCED_FACE ( 'E855', ( #1030, #1009 ), #1120, .F. ) ;
#2736 = EDGE_LOOP ( 'NONE', ( #1015 ) ) ;
#2737 = CARTESIAN_POINT ( 'NONE',  ( 7.520530254363871200, 29.75675933975217200, 32.90901335790491800 ) ) ;
#2738 = CIRCLE ( 'NONE', #2259, 30.90000000000000200 ) ;
#2739 = ADVANCED_FACE ( 'E360', ( #1011 ), #1065, .T. ) ;
#2740 = CARTESIAN_POINT ( 'NONE',  ( -7.599999999999999600, 96.60742682738690200, 20.00000000000000000 ) ) ;
#2741 = CARTESIAN_POINT ( 'NONE',  ( 7.253902919464129800, 29.91900573617516600, 32.82164301334112400 ) ) ;
#2742 = EDGE_LOOP ( 'NONE', ( #1008 ) ) ;
#2743 = CIRCLE ( 'NONE', #2273, 29.80000000000000100 ) ;
#2744 = CARTESIAN_POINT ( 'NONE',  ( 7.130548563881421700, 30.00733702095654800, 32.76798793485904300 ) ) ;
#2745 = ORIENTED_EDGE ( 'NONE', *, *, #1633, .F. ) ;
#2746 = ADVANCED_FACE ( 'E1367', ( #1027, #1006 ), #1003, .T. ) ;
#2747 = ADVANCED_FACE ( 'E381', ( #995 ), #984, .T. ) ;
#2748 = CARTESIAN_POINT ( 'NONE',  ( 6.903598057148774300, 30.19830452098910500, 32.64090637732277900 ) ) ;
#2749 = CIRCLE ( 'NONE', #2228, 43.50574674683795000 ) ;
#2750 = CIRCLE ( 'NONE', #2251, 29.80000000000000100 ) ;
#2751 = CARTESIAN_POINT ( 'NONE',  ( 5.909039332309481200, -38.60055438129362700, 22.36299557012150900 ) ) ;
#2752 = CIRCLE ( 'NONE', #2264, 26.10000000000000100 ) ;
#2753 = CARTESIAN_POINT ( 'NONE',  ( 6.799542903088410000, 30.30184086762894700, 32.56671064401714200 ) ) ;
#2754 = EDGE_LOOP ( 'NONE', ( #2891, #2901, #2854, #2866, #2858, #2832, #2811, #2838 ) ) ;
#2755 = VECTOR ( 'NONE', #939, 1000.000000000000000 ) ;
#2756 = LINE ( 'NONE', #918, #2755 ) ;
#2757 = CARTESIAN_POINT ( 'NONE',  ( 6.620426659188543900, 30.51500929798345800, 32.40416862416741100 ) ) ;
#2758 = LINE ( 'NONE', #944, #2801 ) ;
#2759 = CARTESIAN_POINT ( 'NONE',  ( -6.000000000000000000, -78.50000000000000000, 0.0000000000000000000 ) ) ;
#2760 = ORIENTED_EDGE ( 'NONE', *, *, #2618, .T. ) ;
#2761 = EDGE_CURVE ( 'E1021', #229, #679, #993, .T. ) ;
#2762 = CIRCLE ( 'NONE', #2220, 42.70074674683795000 ) ;
#2763 = ADVANCED_FACE ( 'E1411', ( #973 ), #1035, .F. ) ;
#2764 = CARTESIAN_POINT ( 'NONE',  ( 6.544114673276148200, 30.62547499015748200, 32.31534009451605300 ) ) ;
#2765 = VECTOR ( 'NONE', #902, 1000.000000000000000 ) ;
#2766 = ORIENTED_EDGE ( 'NONE', *, *, #2382, .T. ) ;
#2767 = DIRECTION ( 'NONE',  ( -1.000000000000000000, 0.0000000000000000000, 0.0000000000000000000 ) ) ;
#2768 = LINE ( 'NONE', #883, #2765 ) ;
#2769 = VECTOR ( 'NONE', #919, 1000.000000000000000 ) ;
#2770 = CARTESIAN_POINT ( 'NONE',  ( 6.418677930383601000, 30.85437787301474100, 32.12217770247234900 ) ) ;
#2771 = DIRECTION ( 'NONE',  ( 0.0000000000000000000, -1.000000000000000000, 0.0000000000000000000 ) ) ;
#2772 = VECTOR ( 'NONE', #834, 1000.000000000000000 ) ;
#2773 = LINE ( 'NONE', #928, #2769 ) ;
#2774 = EDGE_LOOP ( 'NONE', ( #1019 ) ) ;
#2775 = CARTESIAN_POINT ( 'NONE',  ( 6.370703985127388300, 30.97124827620259800, 32.01908478517587000 ) ) ;
#2776 = CARTESIAN_POINT ( 'NONE',  ( 22.15662432702595200, 29.42500000000000100, -2.500000000000000000 ) ) ;
#2777 = LINE ( 'NONE', #861, #2772 ) ;
#2778 = CARTESIAN_POINT ( 'NONE',  ( 6.306149873803013500, 31.20334081419810700, 31.80581511822504800 ) ) ;
#2779 = ORIENTED_EDGE ( 'NONE', *, *, #2423, .T. ) ;
#2780 = EDGE_CURVE ( 'E1036', #116, #679, #975, .T. ) ;
#2781 = CARTESIAN_POINT ( 'NONE',  ( 22.15662432702595200, 30.90000000000000200, 2.500000000000000000 ) ) ;
#2782 = EDGE_LOOP ( 'NONE', ( #332 ) ) ;
#2783 = CARTESIAN_POINT ( 'NONE',  ( 6.289019724206955400, 31.32039851631739000, 31.69396264603090100 ) ) ;
#2784 = EDGE_LOOP ( 'NONE', ( #504 ) ) ;
#2785 = VECTOR ( 'NONE', #813, 1000.000000000000000 ) ;
#2786 = ORIENTED_EDGE ( 'NONE', *, *, #1555, .F. ) ;
#2787 = LINE ( 'NONE', #794, #2785 ) ;
#2788 = EDGE_CURVE ( 'E1042', #679, #927, #964, .T. ) ;
#2789 = CARTESIAN_POINT ( 'NONE',  ( 6.286830819769416900, 31.55091959287695100, 31.46492700782594600 ) ) ;
#2790 = CIRCLE ( 'NONE', #2282, 57.50000000000000000 ) ;
#2791 = CARTESIAN_POINT ( 'NONE',  ( 6.301539128642888300, 31.66243224912440000, 31.34975186658884300 ) ) ;
#2792 = ORIENTED_EDGE ( 'NONE', *, *, #2577, .F. ) ;
#2793 = LINE ( 'NONE', #738, #2827 ) ;
#2794 = CARTESIAN_POINT ( 'NONE',  ( 16.63536377698985200, 0.0000000000000000000, 0.0000000000000000000 ) ) ;
#2795 = ORIENTED_EDGE ( 'NONE', *, *, #2563, .F. ) ;
#2796 = CIRCLE ( 'NONE', #2276, 56.04812597762710200 ) ;
#2797 = CARTESIAN_POINT ( 'NONE',  ( 6.361732357071008300, 31.87815718469574100, 31.11812027327047000 ) ) ;
#2798 = CIRCLE ( 'NONE', #2286, 56.04812597762710200 ) ;
#2799 = CARTESIAN_POINT ( 'NONE',  ( 6.408040098888522000, 31.98334117220064200, 31.00046709438280200 ) ) ;
#2800 = EDGE_LOOP ( 'NONE', ( #1050 ) ) ;
#2801 = VECTOR ( 'NONE', #932, 1000.000000000000000 ) ;
#2802 = ORIENTED_EDGE ( 'NONE', *, *, #2535, .T. ) ;
#2803 = CARTESIAN_POINT ( 'NONE',  ( 6.528634934487178600, 32.17804467486563900, 30.77298193725792400 ) ) ;
#2804 = CARTESIAN_POINT ( 'NONE',  ( 6.602786430424568000, 32.26832906880773800, 30.66242572484797400 ) ) ;
#2805 = CARTESIAN_POINT ( 'NONE',  ( 6.018972607138537400, -38.44515351965468900, 22.60011625739922500 ) ) ;
#2806 = ORIENTED_EDGE ( 'NONE', *, *, #1727, .T. ) ;
#2807 = DIRECTION ( 'NONE',  ( -1.000000000000000000, 0.0000000000000000000, 0.0000000000000000000 ) ) ;
#2808 = EDGE_CURVE ( 'NONE', #573, #573, #1001, .T. ) ;
#2809 = EDGE_LOOP ( 'NONE', ( #1047 ) ) ;
#2810 = CARTESIAN_POINT ( 'NONE',  ( 6.778917207130382000, 32.43469620786809300, 30.44770868674126500 ) ) ;
#2811 = ORIENTED_EDGE ( 'NONE', *, *, #2265, .T. ) ;
#2812 = EDGE_LOOP ( 'NONE', ( #411 ) ) ;
#2813 = VERTEX_POINT ( 'NONE', #323 ) ;
#2814 = EDGE_CURVE ( 'NONE', #572, #572, #934, .T. ) ;
#2815 = CARTESIAN_POINT ( 'NONE',  ( 6.880937092228375500, 32.51026591252980300, 30.34404736805759500 ) ) ;
#2816 = DIRECTION ( 'NONE',  ( 0.0000000000000000000, 0.0000000000000000000, 1.000000000000000000 ) ) ;
#2817 = CARTESIAN_POINT ( 'NONE',  ( 6.131469335961566200, -38.37282907091579900, 22.69259277616808700 ) ) ;
#2818 = CARTESIAN_POINT ( 'NONE',  ( 7.104142459370083700, 32.64049022231056800, 30.15220478853491300 ) ) ;
#2819 = VERTEX_POINT ( 'NONE', #328 ) ;
#2820 = CARTESIAN_POINT ( 'NONE',  ( 7.359263568919729400, 32.74190816958090300, 29.98013823859129400 ) ) ;
#2821 = DIRECTION ( 'NONE',  ( 0.0000000000000000000, -1.000000000000000000, 0.0000000000000000000 ) ) ;
#2822 = ORIENTED_EDGE ( 'NONE', *, *, #2413, .T. ) ;
#2823 = CIRCLE ( 'NONE', #2290, 5.000000000000000000 ) ;
#2824 = EDGE_LOOP ( 'NONE', ( #2795, #2792, #2779, #2760 ) ) ;
#2825 = DIRECTION ( 'NONE',  ( -0.4999999999999998900, 0.0000000000000000000, 0.8660254037844387100 ) ) ;
#2826 = VERTEX_POINT ( 'NONE', #925 ) ;
#2827 = VECTOR ( 'NONE', #719, 1000.000000000000100 ) ;
#2828 = ADVANCED_FACE ( 'E846', ( #921, #931 ), #914, .F. ) ;
#2829 = EDGE_CURVE ( 'NONE', #568, #568, #917, .T. ) ;
#2830 = CARTESIAN_POINT ( 'NONE',  ( -22.00000000000000000, -27.46815286624205000, -50.51485502420809600 ) ) ;
#2831 = CARTESIAN_POINT ( 'NONE',  ( 11.50000000000000000, 35.63728152427955100, 35.07113008671439800 ) ) ;
#2832 = ORIENTED_EDGE ( 'NONE', *, *, #1755, .T. ) ;
#2833 = CARTESIAN_POINT ( 'NONE',  ( 11.53396148821589800, 35.52209157843565600, 35.18817953789134400 ) ) ;
#2834 = CARTESIAN_POINT ( 'NONE',  ( 11.55080123688039100, 35.40423706195815600, 35.30676084428966300 ) ) ;
#2835 = ADVANCED_FACE ( 'E824', ( #954, #923 ), #898, .F. ) ;
#2836 = CARTESIAN_POINT ( 'NONE',  ( 11.55064190740048400, 35.16984905700136500, 35.54024592715894900 ) ) ;
#2837 = CARTESIAN_POINT ( 'NONE',  ( 11.50000000000000000, 34.93500656481139500, 35.77073267793915100 ) ) ;
#2838 = ORIENTED_EDGE ( 'NONE', *, *, #2006, .T. ) ;
#2839 = ORIENTED_EDGE ( 'NONE', *, *, #1532, .T. ) ;
#2840 = ADVANCED_FACE ( 'E830', ( #907, #909, #901 ), #871, .F. ) ;
#2841 = EDGE_LOOP ( 'NONE', ( #916 ) ) ;
#2842 = CARTESIAN_POINT ( 'NONE',  ( -7.599999999999999600, 78.50000000000000000, -20.00000000000000000 ) ) ;
#2843 = CIRCLE ( 'NONE', #2304, 20.00000000000000000 ) ;
#2844 = CARTESIAN_POINT ( 'NONE',  ( -7.599999999999999600, 53.90964663211959600, 20.00000000000000000 ) ) ;
#2845 = EDGE_LOOP ( 'NONE', ( #31 ) ) ;
#2846 = CARTESIAN_POINT ( 'NONE',  ( 11.50000000000000000, 34.93500656481139500, 35.77073267793915100 ) ) ;
#2847 = ADVANCED_FACE ( 'E827', ( #880, #868 ), #859, .F. ) ;
#2848 = ORIENTED_EDGE ( 'NONE', *, *, #2498, .F. ) ;
#2849 = EDGE_LOOP ( 'NONE', ( #1194 ) ) ;
#2850 = CARTESIAN_POINT ( 'NONE',  ( -7.599999999999999600, 0.0000000000000000000, 0.0000000000000000000 ) ) ;
#2851 = CARTESIAN_POINT ( 'NONE',  ( 11.50000000000000200, 34.39410783400076400, 34.76282924342127200 ) ) ;
#2852 = VERTEX_POINT ( 'NONE', #728 ) ;
#2853 = DIRECTION ( 'NONE',  ( -1.000000000000000000, 0.0000000000000000000, 0.0000000000000000000 ) ) ;
#2854 = ORIENTED_EDGE ( 'NONE', *, *, #2142, .T. ) ;
#2855 = CARTESIAN_POINT ( 'NONE',  ( 11.53396129761375700, 35.05249367243205000, 35.65599046919095400 ) ) ;
#2856 = EDGE_CURVE ( 'E1118', #151, #221, #877, .T. ) ;
#2857 = DIRECTION ( 'NONE',  ( 0.0000000000000000000, 0.0000000000000000000, 1.000000000000000000 ) ) ;
#2858 = ORIENTED_EDGE ( 'NONE', *, *, #1491, .T. ) ;
#2859 = DIRECTION ( 'NONE',  ( -0.06162841671621931800, -0.7044160264027589100, 0.7071067811865473500 ) ) ;
#2860 = CARTESIAN_POINT ( 'NONE',  ( -7.600000000000005900, -53.71966653264148300, -20.00000000000000400 ) ) ;
#2861 = ORIENTED_EDGE ( 'NONE', *, *, #652, .F. ) ;
#2862 = DIRECTION ( 'NONE',  ( 0.06162841671621927000, 0.7044160264027586900, 0.7071067811865476800 ) ) ;
#2863 = ADVANCED_FACE ( 'E203', ( #864 ), #835, .T. ) ;
#2864 = CARTESIAN_POINT ( 'NONE',  ( 9.395725761063690800, 38.81332305479199400, 38.96158364337875200 ) ) ;
#2865 = CARTESIAN_POINT ( 'NONE',  ( -7.599999999999999600, 0.0000000000000000000, 0.0000000000000000000 ) ) ;
#2866 = ORIENTED_EDGE ( 'NONE', *, *, #2129, .T. ) ;
#2867 = CARTESIAN_POINT ( 'NONE',  ( 25.40688623024484400, 30.49807343169071000, 4.968403486642782400 ) ) ;
#2868 = EDGE_LOOP ( 'NONE', ( #1066 ) ) ;
#2869 = CARTESIAN_POINT ( 'NONE',  ( 7.226254470188699500, 32.69611821503711000, 30.06279627978065200 ) ) ;
#2870 = ORIENTED_EDGE ( 'NONE', *, *, #1602, .F. ) ;
#2871 = ORIENTED_EDGE ( 'NONE', *, *, #2493, .F. ) ;
#2872 = ORIENTED_EDGE ( 'NONE', *, *, #1198, .T. ) ;
#2873 = EDGE_LOOP ( 'NONE', ( #314 ) ) ;
#2874 = ADVANCED_FACE ( 'E759', ( #852 ), #701, .T. ) ;
#2875 = ORIENTED_EDGE ( 'NONE', *, *, #2085, .T. ) ;
#2876 = CARTESIAN_POINT ( 'NONE',  ( -7.599999999999999600, 0.0000000000000000000, 0.0000000000000000000 ) ) ;
#2877 = EDGE_LOOP ( 'NONE', ( #2119 ) ) ;
#2878 = CARTESIAN_POINT ( 'NONE',  ( 24.71240187636009400, 30.46971373559310000, 5.139461170384701700 ) ) ;
#2879 = ORIENTED_EDGE ( 'NONE', *, *, #2006, .F. ) ;
#2880 = EDGE_CURVE ( 'E1125', #52, #151, #843, .T. ) ;
#2881 = BREP_WITH_VOIDS ( 'NONE', #1558, ( #970, #922 ) );
#2882 = CARTESIAN_POINT ( 'NONE',  ( 11.50000000000000000, 35.63728152427955100, 35.07113008671439800 ) ) ;
#2883 = CARTESIAN_POINT ( 'NONE',  ( 11.50000000000000200, 34.63144761410482900, 34.52639261283536600 ) ) ;
#2884 = VERTEX_POINT ( 'NONE', #673 ) ;
#2885 = CARTESIAN_POINT ( 'NONE',  ( 24.36076343839259200, 30.46039925903739500, 5.193712427441468500 ) ) ;
#2886 = ORIENTED_EDGE ( 'NONE', *, *, #1198, .F. ) ;
#2887 = EDGE_LOOP ( 'NONE', ( #1071 ) ) ;
#2888 = ORIENTED_EDGE ( 'NONE', *, *, #2310, .T. ) ;
#2889 = ORIENTED_EDGE ( 'NONE', *, *, #1616, .T. ) ;
#2890 = ORIENTED_EDGE ( 'NONE', *, *, #2443, .F. ) ;
#2891 = ORIENTED_EDGE ( 'NONE', *, *, #36, .T. ) ;
#2892 = ORIENTED_EDGE ( 'NONE', *, *, #2383, .F. ) ;
#2893 = ORIENTED_EDGE ( 'NONE', *, *, #1681, .T. ) ;
#2894 = CARTESIAN_POINT ( 'NONE',  ( 23.64883829592173100, 30.45232435355161400, 5.240850433375604700 ) ) ;
#2895 = CARTESIAN_POINT ( 'NONE',  ( 23.28563515513197800, 30.45369005865212500, 5.233003409086808100 ) ) ;
#2896 = LINE ( 'NONE', #733, #2908 ) ;
#2897 = ADVANCED_FACE ( 'E97', ( #822 ), #666, .T. ) ;
#2898 = CARTESIAN_POINT ( 'NONE',  ( 32.59999999999999400, 0.0000000000000000000, 0.0000000000000000000 ) ) ;
#2899 = ORIENTED_EDGE ( 'NONE', *, *, #1113, .T. ) ;
#2900 = CARTESIAN_POINT ( 'NONE',  ( 22.57643479786778300, 30.46698043707812100, 5.155062163995722800 ) ) ;
#2901 = ORIENTED_EDGE ( 'NONE', *, *, #1379, .F. ) ;
#2902 = ORIENTED_EDGE ( 'NONE', *, *, #1681, .F. ) ;
#2903 = CARTESIAN_POINT ( 'NONE',  ( 25.04337567297405100, -16.87756350946110100, -24.23279750635709800 ) ) ;
#2904 = ORIENTED_EDGE ( 'NONE', *, *, #2427, .F. ) ;
#2905 = ORIENTED_EDGE ( 'NONE', *, *, #2382, .F. ) ;
#2906 = DIRECTION ( 'NONE',  ( 6.033820786006285200E-017, 0.0000000000000000000, -1.000000000000000000 ) ) ;
#2907 = ADVANCED_FACE ( 'E1105', ( #819 ), #651, .T. ) ;
#2908 = VECTOR ( 'NONE', #730, 1000.000000000000000 ) ;
#2909 = DIRECTION ( 'NONE',  ( 1.000000000000000000, 0.0000000000000000000, 6.123031769111888800E-017 ) ) ;
#2910 = CARTESIAN_POINT ( 'NONE',  ( -6.000000000000000000, 52.35830808576570000, -20.00000000000000000 ) ) ;
#2911 = ORIENTED_EDGE ( 'NONE', *, *, #1876, .T. ) ;
#2912 = CARTESIAN_POINT ( 'NONE',  ( 22.22791119611898500, 30.47879257144549200, 5.085621970375189700 ) ) ;
#2913 = EDGE_CURVE ( 'NONE', #560, #560, #9, .T. ) ;
#2914 = CARTESIAN_POINT ( 'NONE',  ( -22.00000000000000000, 0.0000000000000000000, 0.0000000000000000000 ) ) ;
#2915 = EDGE_LOOP ( 'NONE', ( #327 ) ) ;
#2916 = EDGE_LOOP ( 'NONE', ( #1056 ) ) ;
#2917 = DIRECTION ( 'NONE',  ( 0.0000000000000000000, 0.0000000000000000000, 1.000000000000000000 ) ) ;
#2918 = ADVANCED_FACE ( 'E1110', ( #804, #800 ), #667, .T. ) ;
#2919 = CARTESIAN_POINT ( 'NONE',  ( 21.54316699583036500, 30.51161519860514900, 4.884842414143060200 ) ) ;
ENDSEC;
END-ISO-10303-21;
