ISO-10303-21;
HEADER;
FILE_DESCRIPTION (( 'STEP AP203' ),
    '1' );
FILE_NAME ('UCFL-204.STEP',
    '2019-03-08T12:13:31',
    ( '' ),
    ( '' ),
    'SwSTEP 2.0',
    'SolidWorks 2017',
    '' );
FILE_SCHEMA (( 'CONFIG_CONTROL_DESIGN' ));
ENDSEC;

DATA;
#1 = VERTEX_POINT ( 'NONE', #396 ) ;
#2 = DIRECTION ( 'NONE',  ( 0.0000000000000000000, -1.000000000000000000, 0.0000000000000000000 ) ) ;
#3 = VERTEX_POINT ( 'NONE', #398 ) ;
#4 = CARTESIAN_POINT ( 'NONE',  ( 6.826081999656643100, 21.63152040745745800, 18.33227639171561300 ) ) ;
#5 = CARTESIAN_POINT ( 'NONE',  ( 3.999952852421779300, -11.67035690955448000, -20.00161305099069900 ) ) ;
#6 = ADVANCED_FACE ( 'E360', ( #974 ), #685, .T. ) ;
#7 = VERTEX_POINT ( 'NONE', #401 ) ;
#8 = VERTEX_POINT ( 'NONE', #402 ) ;
#9 = CARTESIAN_POINT ( 'NONE',  ( 4.610496876211620100, 17.88240523248198200, 22.17502799108827500 ) ) ;
#10 = VERTEX_POINT ( 'NONE', #407 ) ;
#11 = VERTEX_POINT ( 'NONE', #409 ) ;
#12 = CARTESIAN_POINT ( 'NONE',  ( 6.326973545377623700, 21.85225850354582300, 18.11519531112686800 ) ) ;
#13 = CARTESIAN_POINT ( 'NONE',  ( 4.804790920111952500, 17.85940816791163900, 22.17860985440828600 ) ) ;
#14 = VERTEX_POINT ( 'NONE', #411 ) ;
#15 = VERTEX_POINT ( 'NONE', #417 ) ;
#16 = VERTEX_POINT ( 'NONE', #420 ) ;
#17 = VERTEX_POINT ( 'NONE', #421 ) ;
#18 = CARTESIAN_POINT ( 'NONE',  ( 4.224253522845944400, 17.95865567512192800, 22.14305341141457000 ) ) ;
#19 = DIRECTION ( 'NONE',  ( 0.0000000000000000000, 0.0000000000000000000, -1.000000000000000000 ) ) ;
#20 = CARTESIAN_POINT ( 'NONE',  ( -4.161812596680515100, 26.63472960422920000, -11.50000000000000000 ) ) ;
#21 = VERTEX_POINT ( 'NONE', #424 ) ;
#22 = VERTEX_POINT ( 'NONE', #428 ) ;
#23 = VERTEX_POINT ( 'NONE', #429 ) ;
#24 = CARTESIAN_POINT ( 'NONE',  ( 4.756628525024209100, -10.25901266260842300, -17.35099073952987700 ) ) ;
#25 = CARTESIAN_POINT ( 'NONE',  ( 4.609005865845222000, -10.38579883585957300, -17.27539877964816000 ) ) ;
#26 = VERTEX_POINT ( 'NONE', #436 ) ;
#27 = CARTESIAN_POINT ( 'NONE',  ( 12.32975477875757500, 14.19063078975408300, 2.979894569821455600 ) ) ;
#28 = VERTEX_POINT ( 'NONE', #442 ) ;
#29 = VERTEX_POINT ( 'NONE', #445 ) ;
#30 = CARTESIAN_POINT ( 'NONE',  ( 4.295864745409908800, -10.42290009410058500, -17.25288169746596600 ) ) ;
#31 = CARTESIAN_POINT ( 'NONE',  ( 6.329269675561077300, 18.03252961906484900, 21.92034700822167500 ) ) ;
#32 = VERTEX_POINT ( 'NONE', #450 ) ;
#33 = CARTESIAN_POINT ( 'NONE',  ( 6.830088977741136000, 18.25189599959658800, 21.69907229437012600 ) ) ;
#34 = VERTEX_POINT ( 'NONE', #453 ) ;
#35 = ADVANCED_FACE ( 'E1083', ( #972, #960 ), #945, .T. ) ;
#36 = CARTESIAN_POINT ( 'NONE',  ( 4.192010603054184200, -10.38661769408034300, -17.27491005072427700 ) ) ;
#37 = VERTEX_POINT ( 'NONE', #458 ) ;
#38 = VERTEX_POINT ( 'NONE', #462 ) ;
#39 = VERTEX_POINT ( 'NONE', #466 ) ;
#40 = VERTEX_POINT ( 'NONE', #468 ) ;
#41 = CARTESIAN_POINT ( 'NONE',  ( 4.035691230066398700, 18.01147738756446900, 22.11474137644459100 ) ) ;
#42 = VERTEX_POINT ( 'NONE', #476 ) ;
#43 = CARTESIAN_POINT ( 'NONE',  ( 5.195680885549887900, 17.84308264658992700, 22.16175873113013100 ) ) ;
#44 = VERTEX_POINT ( 'NONE', #481 ) ;
#45 = CARTESIAN_POINT ( 'NONE',  ( 4.042592670075574500, -10.25839783677826100, -17.35135782023931800 ) ) ;
#46 = VERTEX_POINT ( 'NONE', #485 ) ;
#47 = CARTESIAN_POINT ( 'NONE',  ( 5.394320094084109000, 17.85016034961195800, 22.14084145403786900 ) ) ;
#48 = VERTEX_POINT ( 'NONE', #489 ) ;
#49 = CARTESIAN_POINT ( 'NONE',  ( 4.000036992203247300, -10.16897704639762500, -17.40406797114978200 ) ) ;
#50 = CARTESIAN_POINT ( 'NONE',  ( 5.965868128645264600, 17.93067131827145000, 22.03175659723668300 ) ) ;
#51 = VERTEX_POINT ( 'NONE', #491 ) ;
#52 = CC_DESIGN_APPROVAL ( #470, ( #563 ) ) ;
#53 = VERTEX_POINT ( 'NONE', #492 ) ;
#54 = VERTEX_POINT ( 'NONE', #495 ) ;
#55 = VERTEX_POINT ( 'NONE', #499 ) ;
#56 = CARTESIAN_POINT ( 'NONE',  ( 6.980748552744021400, 21.54275475449637900, 18.42248331396535100 ) ) ;
#57 = CARTESIAN_POINT ( 'NONE',  ( 4.798967895810064600, 22.11046572280034200, 17.94425598950371600 ) ) ;
#58 = VERTEX_POINT ( 'NONE', #503 ) ;
#59 = CARTESIAN_POINT ( 'NONE',  ( 3.999963057932830700, -9.988122484657690600, -17.50848609520648900 ) ) ;
#60 = VERTEX_POINT ( 'NONE', #506 ) ;
#61 = VERTEX_POINT ( 'NONE', #508 ) ;
#62 = CARTESIAN_POINT ( 'NONE',  ( 7.258162539493674200, 21.34981680523489800, 18.62051999261691600 ) ) ;
#63 = VERTEX_POINT ( 'NONE', #511 ) ;
#64 = VERTEX_POINT ( 'NONE', #515 ) ;
#65 = CARTESIAN_POINT ( 'NONE',  ( 5.772852162556604000, 22.00860119634452200, 17.97721063649916600 ) ) ;
#66 = CARTESIAN_POINT ( 'NONE',  ( 5.778860624879446700, 17.89414130165105400, 22.07573239581124700 ) ) ;
#67 = VERTEX_POINT ( 'NONE', #517 ) ;
#68 = VERTEX_POINT ( 'NONE', #520 ) ;
#69 = CARTESIAN_POINT ( 'NONE',  ( 6.499453061865897200, 21.78589992208150900, 18.17902937051735200 ) ) ;
#70 = VERTEX_POINT ( 'NONE', #521 ) ;
#71 = CARTESIAN_POINT ( 'NONE',  ( 4.604202340132601100, 22.10635106164917100, 17.96783108290433600 ) ) ;
#72 = VERTEX_POINT ( 'NONE', #524 ) ;
#73 = CARTESIAN_POINT ( 'NONE',  ( 4.043193153579830200, -9.897184380551431500, -17.55989655299480000 ) ) ;
#74 = CARTESIAN_POINT ( 'NONE',  ( 4.221812220720075000, 22.07402861205717300, 18.04366097776694400 ) ) ;
#75 = VERTEX_POINT ( 'NONE', #525 ) ;
#76 = CARTESIAN_POINT ( 'NONE',  ( 3.498860207938185900, 21.91226749211636700, 18.30752184366865600 ) ) ;
#77 = VERTEX_POINT ( 'NONE', #529 ) ;
#78 = CARTESIAN_POINT ( 'NONE',  ( 3.670259741360357300, 21.96420669170650100, 18.22896791167627500 ) ) ;
#79 = VERTEX_POINT ( 'NONE', #531 ) ;
#80 = CARTESIAN_POINT ( 'NONE',  ( 3.174723816387689600, 21.78516534572526100, 18.48854121876599200 ) ) ;
#81 = VERTEX_POINT ( 'NONE', #534 ) ;
#82 = CARTESIAN_POINT ( 'NONE',  ( 4.032020929531134000, 22.04532835968532100, 18.09671907109312300 ) ) ;
#83 = VERTEX_POINT ( 'NONE', #535 ) ;
#84 = VERTEX_POINT ( 'NONE', #538 ) ;
#85 = VERTEX_POINT ( 'NONE', #559 ) ;
#86 = PLANE ( 'NONE',  #1857 ) ;
#87 = CARTESIAN_POINT ( 'NONE',  ( 14.46602540378444100, 14.50000000000000000, -1.500000000000000000 ) ) ;
#88 = CARTESIAN_POINT ( 'NONE',  ( 16.51793406794733000, 14.38732799682765200, 1.813512062392056000 ) ) ;
#89 = SHAPE_DEFINITION_REPRESENTATION ( #2574, #1409 ) ;
#90 = DIRECTION ( 'NONE',  ( 1.000000000000000000, 0.0000000000000000000, 0.0000000000000000000 ) ) ;
#91 = B_SPLINE_CURVE_WITH_KNOTS ( 'NONE', 3,
 ( #2845, #1462, #24, #25, #1546, #30, #36, #45, #49, #59, #73, #1413, #98, #99, #1590, #101, #111, #113 ),
 .UNSPECIFIED., .T., .F.,
 ( 4, 2, 2, 2, 2, 2, 2, 2, 4 ),
 ( 0.0000000000000000000, 0.0003126180540166154200, 0.0006252361080332308400, 0.0009378541620498463200, 0.001250472216066461700, 0.001563090270083077000, 0.001875708324099692600, 0.002188326378116307800, 0.002500944432132923400 ),
 .UNSPECIFIED. ) ;
#92 = VECTOR ( 'NONE', #541, 1000.000000000000000 ) ;
#93 = LINE ( 'NONE', #550, #92 ) ;
#94 = FACE_OUTER_BOUND ( 'NONE', #994, .T. ) ;
#95 = SPHERICAL_SURFACE ( 'NONE', #937, 23.50000000000000000 ) ;
#96 = CYLINDRICAL_SURFACE ( 'NONE', #950, 14.50000000000000000 ) ;
#97 = FACE_OUTER_BOUND ( 'NONE', #1861, .T. ) ;
#98 = CARTESIAN_POINT ( 'NONE',  ( 4.294085582409039100, -9.730126637580108100, -17.65285837657700400 ) ) ;
#99 = CARTESIAN_POINT ( 'NONE',  ( 4.505099651909913100, -9.729938388238476700, -17.65296213693084200 ) ) ;
#100 = CYLINDRICAL_SURFACE ( 'NONE', #954, 0.4000000000000001900 ) ;
#101 = CARTESIAN_POINT ( 'NONE',  ( 4.756533558403324600, -9.896718700891387500, -17.56015886976873100 ) ) ;
#102 = FACE_OUTER_BOUND ( 'NONE', #2369, .T. ) ;
#103 = FACE_OUTER_BOUND ( 'NONE', #1834, .T. ) ;
#104 = VERTEX_POINT ( 'NONE', #553 ) ;
#105 = FACE_OUTER_BOUND ( 'NONE', #1939, .T. ) ;
#106 = FACE_OUTER_BOUND ( 'NONE', #2239, .T. ) ;
#107 = CARTESIAN_POINT ( 'NONE',  ( 12.75307038384113200, 14.16487215680357400, 3.100027522422812900 ) ) ;
#108 = FACE_OUTER_BOUND ( 'NONE', #1829, .T. ) ;
#109 = CYLINDRICAL_SURFACE ( 'NONE', #1004, 14.50000000000000000 ) ;
#110 = FACE_BOUND ( 'NONE', #1041, .T. ) ;
#111 = CARTESIAN_POINT ( 'NONE',  ( 4.800000000000005200, -9.986882552947930600, -17.50920112361128700 ) ) ;
#112 = ADVANCED_FACE ( 'E642', ( #967, #969 ), #692, .T. ) ;
#113 = CARTESIAN_POINT ( 'NONE',  ( 4.800000000000000700, -10.07842712474620100, -17.45634784044069900 ) ) ;
#114 = FACE_OUTER_BOUND ( 'NONE', #1954, .T. ) ;
#115 = DIRECTION ( 'NONE',  ( 1.000000000000000000, 0.0000000000000000000, 0.0000000000000000000 ) ) ;
#116 = LINE ( 'NONE', #628, #119 ) ;
#117 = CARTESIAN_POINT ( 'NONE',  ( 4.800000000000000700, -17.45634784044069900, 10.07842712474620100 ) ) ;
#118 = FACE_OUTER_BOUND ( 'NONE', #2511, .T. ) ;
#119 = VECTOR ( 'NONE', #622, 1000.000000000000000 ) ;
#120 = FACE_OUTER_BOUND ( 'NONE', #2575, .T. ) ;
#121 = VERTEX_POINT ( 'NONE', #394 ) ;
#122 = VECTOR ( 'NONE', #686, 1000.000000000000000 ) ;
#123 = CARTESIAN_POINT ( 'NONE',  ( 4.756628525024207300, -17.35099073952987700, 10.25901266260842300 ) ) ;
#124 = LINE ( 'NONE', #697, #122 ) ;
#125 = ORIENTED_EDGE ( 'NONE', *, *, #2512, .T. ) ;
#126 = CARTESIAN_POINT ( 'NONE',  ( 4.609005865845222900, -17.27539877964816000, 10.38579883585957300 ) ) ;
#127 = CARTESIAN_POINT ( 'NONE',  ( 4.504560527202944100, -17.25293907482185700, 10.42280511757000000 ) ) ;
#128 = FACE_OUTER_BOUND ( 'NONE', #2303, .T. ) ;
#129 = CONICAL_SURFACE ( 'NONE', #1105, 28.19108188259160000, 0.05969997900349953400 ) ;
#130 = CARTESIAN_POINT ( 'NONE',  ( 12.96849174895326900, 14.15559901526093100, 3.141589805564920700 ) ) ;
#131 = FACE_BOUND ( 'NONE', #2242, .T. ) ;
#132 = CARTESIAN_POINT ( 'NONE',  ( 4.295864745409911500, -17.25288169746596600, 10.42290009410058500 ) ) ;
#133 = SPHERICAL_SURFACE ( 'NONE', #1088, 23.50000000000000000 ) ;
#134 = CARTESIAN_POINT ( 'NONE',  ( 11.86794919243111900, -6.687500000000000000, -11.58308977561686100 ) ) ;
#135 = TOROIDAL_SURFACE ( 'NONE', #1085, 27.20243864318455000, 0.9899999999999999900 ) ;
#136 = B_SPLINE_CURVE_WITH_KNOTS ( 'NONE', 3,
 ( #1919, #2054, #2085, #2086, #2098, #2112, #2254, #2262, #2267, #2271, #2292, #2459, #2464, #2468, #2471, #2484, #177, #181 ),
 .UNSPECIFIED., .T., .F.,
 ( 4, 2, 2, 2, 2, 2, 2, 2, 4 ),
 ( 0.0000000000000000000, 0.0003153718270059384500, 0.0006307436540118769000, 0.0009461154810178154000, 0.001261487308023753800, 0.001576859135029692200, 0.001892230962035630800, 0.002207602789041569000, 0.002522974616047507600 ),
 .UNSPECIFIED. ) ;
#137 = CONICAL_SURFACE ( 'NONE', #1100, 3.000000000000000000, 0.7853981633974490600 ) ;
#138 = FACE_OUTER_BOUND ( 'NONE', #1856, .T. ) ;
#139 = CARTESIAN_POINT ( 'NONE',  ( 18.30000000000000100, 0.0000000000000000000, 0.0000000000000000000 ) ) ;
#140 = FACE_BOUND ( 'NONE', #982, .T. ) ;
#141 = FACE_OUTER_BOUND ( 'NONE', #1486, .T. ) ;
#142 = ADVANCED_FACE ( 'E845', ( #964, #948 ), #710, .F. ) ;
#143 = ORIENTED_EDGE ( 'NONE', *, *, #2491, .T. ) ;
#144 = FACE_OUTER_BOUND ( 'NONE', #2320, .T. ) ;
#145 = CYLINDRICAL_SURFACE ( 'NONE', #1094, 2.458750000000000700 ) ;
#146 = FACE_BOUND ( 'NONE', #976, .T. ) ;
#147 = CARTESIAN_POINT ( 'NONE',  ( 4.192010603054184200, -17.27491005072428000, 10.38661769408034600 ) ) ;
#148 = FACE_OUTER_BOUND ( 'NONE', #1082, .T. ) ;
#149 = FACE_OUTER_BOUND ( 'NONE', #2538, .T. ) ;
#150 = CARTESIAN_POINT ( 'NONE',  ( 13.40680612669815000, 14.14517696887519800, 3.188187338675148000 ) ) ;
#151 = FACE_OUTER_BOUND ( 'NONE', #2451, .T. ) ;
#152 = CARTESIAN_POINT ( 'NONE',  ( 4.042592670075573700, -17.35135782023932200, 10.25839783677826300 ) ) ;
#153 = CARTESIAN_POINT ( 'NONE',  ( 4.000036992203247300, -17.40406797114978600, 10.16897704639762000 ) ) ;
#154 = LINE ( 'NONE', #800, #160 ) ;
#155 = FACE_OUTER_BOUND ( 'NONE', #2474, .T. ) ;
#156 = CARTESIAN_POINT ( 'NONE',  ( 12.12054001124419900, 14.20730464198879000, 2.900353221973619000 ) ) ;
#157 = FACE_OUTER_BOUND ( 'NONE', #2531, .T. ) ;
#158 = CARTESIAN_POINT ( 'NONE',  ( 11.72605709849544600, 14.24511432451744300, 2.708555313062087000 ) ) ;
#159 = CARTESIAN_POINT ( 'NONE',  ( 11.53887520679876600, 14.26632326814565500, 2.596042186389140700 ) ) ;
#160 = VECTOR ( 'NONE', #788, 1000.000000000000000 ) ;
#161 = B_SPLINE_CURVE_WITH_KNOTS ( 'NONE', 3,
 ( #2825, #2801, #2798, #2795, #2792, #2787, #2786, #2774 ),
 .UNSPECIFIED., .F., .F.,
 ( 4, 2, 2, 4 ),
 ( 0.005987745176690282200, 0.006377708769135983400, 0.006767672361581683600, 0.007547599546473085900 ),
 .UNSPECIFIED. ) ;
#162 = FACE_BOUND ( 'NONE', #2332, .T. ) ;
#163 = FACE_BOUND ( 'NONE', #2483, .T. ) ;
#164 = FACE_BOUND ( 'NONE', #2519, .T. ) ;
#165 = FACE_OUTER_BOUND ( 'NONE', #1819, .T. ) ;
#166 = VECTOR ( 'NONE', #857, 1000.000000000000000 ) ;
#167 = LINE ( 'NONE', #860, #166 ) ;
#168 = CARTESIAN_POINT ( 'NONE',  ( 11.18547865876862200, 14.31120939689198600, 2.335958095312669500 ) ) ;
#169 = CARTESIAN_POINT ( 'NONE',  ( 11.01878254909305900, 14.33501635140118300, 2.187174855892087600 ) ) ;
#170 = FACE_BOUND ( 'NONE', #2104, .T. ) ;
#171 = CARTESIAN_POINT ( 'NONE',  ( 10.72316555843623900, 14.38044966446030100, 1.865233254343678300 ) ) ;
#172 = FACE_BOUND ( 'NONE', #1077, .T. ) ;
#173 = ADVANCED_FACE ( 'E1202', ( #957 ), #703, .T. ) ;
#174 = SPHERICAL_SURFACE ( 'NONE', #1115, 23.50000000000000000 ) ;
#175 = VECTOR ( 'NONE', #890, 1000.000000000000000 ) ;
#176 = CARTESIAN_POINT ( 'NONE',  ( 10.59208473346291500, 14.40233653472948200, 1.690822944636281900 ) ) ;
#177 = CARTESIAN_POINT ( 'NONE',  ( 4.054400053918390900, -20.15936549462475500, 11.37643171909678800 ) ) ;
#178 = LINE ( 'NONE', #893, #175 ) ;
#179 = CARTESIAN_POINT ( 'NONE',  ( 10.36630236038312300, 14.44173326315598900, 1.312448187764417600 ) ) ;
#180 = CYLINDRICAL_SURFACE ( 'NONE', #1127, 0.4000000000000001900 ) ;
#181 = CARTESIAN_POINT ( 'NONE',  ( 4.133042648715864700, -20.18164978913790400, 11.30791626427210000 ) ) ;
#182 = FACE_BOUND ( 'NONE', #2427, .T. ) ;
#183 = TOROIDAL_SURFACE ( 'NONE', #1162, 30.00000000000000000, 0.9899999999999999900 ) ;
#184 = CARTESIAN_POINT ( 'NONE',  ( 10.27290842237302600, 14.45902046981624900, 1.109136101658777500 ) ) ;
#185 = DIRECTION ( 'NONE',  ( 0.0000000000000000000, 0.0000000000000000000, 1.000000000000000000 ) ) ;
#186 = FACE_OUTER_BOUND ( 'NONE', #1877, .T. ) ;
#187 = CARTESIAN_POINT ( 'NONE',  ( 10.13568316972534200, 14.48492934889464900, 0.6930206317985108100 ) ) ;
#188 = FACE_OUTER_BOUND ( 'NONE', #1062, .T. ) ;
#189 = CARTESIAN_POINT ( 'NONE',  ( 10.09007210956873200, 14.49386684777123200, 0.4765981035246410500 ) ) ;
#190 = VECTOR ( 'NONE', #940, 1000.000000000000000 ) ;
#191 = LINE ( 'NONE', #947, #190 ) ;
#192 = CARTESIAN_POINT ( 'NONE',  ( 10.05022904535517500, 14.50166424889578000, 0.03249562283275614400 ) ) ;
#193 = FACE_OUTER_BOUND ( 'NONE', #1791, .T. ) ;
#194 = FACE_OUTER_BOUND ( 'NONE', #1884, .T. ) ;
#195 = LINE ( 'NONE', #971, #201 ) ;
#196 = DIRECTION ( 'NONE',  ( 0.0000000000000000000, 1.000000000000000000, 0.0000000000000000000 ) ) ;
#197 = SPHERICAL_SURFACE ( 'NONE', #1138, 23.50000000000000000 ) ;
#198 = FACE_BOUND ( 'NONE', #1923, .T. ) ;
#199 = FACE_OUTER_BOUND ( 'NONE', #1030, .T. ) ;
#200 = CYLINDRICAL_SURFACE ( 'NONE', #1148, 0.4000000000000001900 ) ;
#201 = VECTOR ( 'NONE', #970, 1000.000000000000000 ) ;
#202 = FACE_OUTER_BOUND ( 'NONE', #1914, .T. ) ;
#203 = LINE ( 'NONE', #996, #205 ) ;
#204 = CARTESIAN_POINT ( 'NONE',  ( 10.05642362848667300, 14.50043148932155500, -0.1877141530610623200 ) ) ;
#205 = VECTOR ( 'NONE', #992, 1000.000000000000100 ) ;
#206 = FACE_OUTER_BOUND ( 'NONE', #2387, .T. ) ;
#207 = ADVANCED_FACE ( 'E1326', ( #938, #933 ), #920, .T. ) ;
#208 = FACE_OUTER_BOUND ( 'NONE', #2273, .T. ) ;
#209 = FACE_OUTER_BOUND ( 'NONE', #1925, .T. ) ;
#210 = CARTESIAN_POINT ( 'NONE',  ( 10.11926559857837100, 14.48819009521517200, -0.6245780533100217000 ) ) ;
#211 = FACE_OUTER_BOUND ( 'NONE', #1966, .T. ) ;
#212 = FACE_BOUND ( 'NONE', #2482, .T. ) ;
#213 = CARTESIAN_POINT ( 'NONE',  ( 10.17702519115687200, 14.47697798568116000, -0.8422786322755796400 ) ) ;
#214 = TOROIDAL_SURFACE ( 'NONE', #1174, 17.32842712474619900, 4.000000000000000000 ) ;
#215 = FACE_OUTER_BOUND ( 'NONE', #1909, .T. ) ;
#216 = CARTESIAN_POINT ( 'NONE',  ( 10.33675661999665100, 14.44725434215882500, -1.252663907541785100 ) ) ;
#217 = LINE ( 'NONE', #1192, #218 ) ;
#218 = VECTOR ( 'NONE', #1188, 1000.000000000000000 ) ;
#219 = CYLINDRICAL_SURFACE ( 'NONE', #1204, 20.15685424949240100 ) ;
#220 = B_SPLINE_CURVE_WITH_KNOTS ( 'NONE', 3,
 ( #1304, #1315, #1318, #1323, #1331, #1335, #1336, #1339, #1340, #1343, #1346, #1351, #1354, #1358, #1359, #1362, #1363, #1367 ),
 .UNSPECIFIED., .T., .F.,
 ( 4, 2, 2, 2, 2, 2, 2, 2, 4 ),
 ( 0.0000000000000000000, 0.0003126180540166148800, 0.0006252361080332297600, 0.0009378541620498445800, 0.001250472216066459500, 0.001563090270083074400, 0.001875708324099689200, 0.002188326378116304300, 0.002500944432132919000 ),
 .UNSPECIFIED. ) ;
#221 = CARTESIAN_POINT ( 'NONE',  ( 10.43976864546670500, 14.42855736436937500, -1.449535443117850400 ) ) ;
#222 = FACE_OUTER_BOUND ( 'NONE', #1934, .T. ) ;
#223 = FACE_OUTER_BOUND ( 'NONE', #2396, .T. ) ;
#224 = CARTESIAN_POINT ( 'NONE',  ( 10.68557781491905000, 14.38674622949852900, -1.818228133585662700 ) ) ;
#225 = FACE_OUTER_BOUND ( 'NONE', #2316, .T. ) ;
#226 = CARTESIAN_POINT ( 'NONE',  ( 10.82688255268830500, 14.36389290934810200, -1.988299168318068000 ) ) ;
#227 = CARTESIAN_POINT ( 'NONE',  ( 10.98450606922200200, 14.34063078029392100, -2.143900426564924600 ) ) ;
#228 = CIRCLE ( 'NONE', #1193, 3.000000000000000000 ) ;
#229 = CARTESIAN_POINT ( 'NONE',  ( 12.73397459621556000, -5.950961894323340200, -13.30736835487436000 ) ) ;
#230 = FACE_OUTER_BOUND ( 'NONE', #1864, .T. ) ;
#231 = PLANE ( 'NONE',  #1719 ) ;
#232 = FACE_BOUND ( 'NONE', #1871, .T. ) ;
#233 = DIRECTION ( 'NONE',  ( -1.000000000000000000, -5.551115123125780700E-016, 3.204937810639275000E-016 ) ) ;
#234 = CYLINDRICAL_SURFACE ( 'NONE', #1211, 27.00000000000000000 ) ;
#235 = FACE_BOUND ( 'NONE', #1905, .T. ) ;
#236 = CARTESIAN_POINT ( 'NONE',  ( 14.46602540378444100, 13.37500000000000000, 1.500000000000000000 ) ) ;
#237 = DIRECTION ( 'NONE',  ( 0.0000000000000000000, 0.0000000000000000000, 1.000000000000000000 ) ) ;
#238 = FACE_OUTER_BOUND ( 'NONE', #2579, .T. ) ;
#239 = LINE ( 'NONE', #1254, #251 ) ;
#240 = CYLINDRICAL_SURFACE ( 'NONE', #1222, 11.50000000000000000 ) ;
#241 = CARTESIAN_POINT ( 'NONE',  ( 4.294085582409040000, -17.65285837657701200, 9.730126637580108100 ) ) ;
#242 = FACE_OUTER_BOUND ( 'NONE', #1892, .T. ) ;
#243 = CARTESIAN_POINT ( 'NONE',  ( 8.000000000000000000, 0.0000000000000000000, 0.0000000000000000000 ) ) ;
#244 = FACE_OUTER_BOUND ( 'NONE', #2465, .T. ) ;
#245 = FACE_OUTER_BOUND ( 'NONE', #2581, .T. ) ;
#246 = FACE_OUTER_BOUND ( 'NONE', #2750, .T. ) ;
#247 = VECTOR ( 'NONE', #1393, 1000.000000000000000 ) ;
#248 = CARTESIAN_POINT ( 'NONE',  ( -15.00000000000000000, 49.72777777777780300, 10.48323028860620100 ) ) ;
#249 = CARTESIAN_POINT ( 'NONE',  ( 4.190572826904225500, -17.63193663301362000, 9.768266795286772100 ) ) ;
#250 = FACE_OUTER_BOUND ( 'NONE', #1852, .T. ) ;
#251 = VECTOR ( 'NONE', #1253, 1000.000000000000000 ) ;
#252 = FACE_OUTER_BOUND ( 'NONE', #1069, .T. ) ;
#253 = DIRECTION ( 'NONE',  ( 6.409875621278545100E-016, -0.8660254037844387100, 0.4999999999999998900 ) ) ;
#254 = CYLINDRICAL_SURFACE ( 'NONE', #1239, 0.4000000000000001900 ) ;
#255 = DIRECTION ( 'NONE',  ( 0.0000000000000000000, 0.0000000000000000000, 1.000000000000000000 ) ) ;
#256 = SPHERICAL_SURFACE ( 'NONE', #1236, 23.50000000000000000 ) ;
#257 = SPHERICAL_SURFACE ( 'NONE', #1255, 23.50000000000000000 ) ;
#258 = FACE_OUTER_BOUND ( 'NONE', #1816, .T. ) ;
#259 = FACE_OUTER_BOUND ( 'NONE', #1821, .T. ) ;
#260 = VECTOR ( 'NONE', #1480, 1000.000000000000000 ) ;
#261 = CARTESIAN_POINT ( 'NONE',  ( -12.69999999999999900, 0.0000000000000000000, 0.0000000000000000000 ) ) ;
#262 = LINE ( 'NONE', #1400, #247 ) ;
#263 = FACE_OUTER_BOUND ( 'NONE', #1962, .T. ) ;
#264 = LINE ( 'NONE', #1494, #273 ) ;
#265 = LINE ( 'NONE', #1485, #260 ) ;
#266 = CARTESIAN_POINT ( 'NONE',  ( 4.043193153579829300, -17.55989655299479300, 9.897184380551431500 ) ) ;
#267 = FACE_OUTER_BOUND ( 'NONE', #1843, .T. ) ;
#268 = LINE ( 'NONE', #1526, #277 ) ;
#269 = FACE_BOUND ( 'NONE', #1838, .T. ) ;
#270 = ADVANCED_FACE ( 'E856', ( #956, #943 ), #908, .T. ) ;
#271 = FACE_OUTER_BOUND ( 'NONE', #2612, .T. ) ;
#272 = DIRECTION ( 'NONE',  ( -1.000000000000000000, 0.0000000000000000000, 0.0000000000000000000 ) ) ;
#273 = VECTOR ( 'NONE', #1551, 1000.000000000000100 ) ;
#274 = ADVANCED_FACE ( 'E1392', ( #923, #926 ), #934, .T. ) ;
#275 = CARTESIAN_POINT ( 'NONE',  ( -8.000000000000000000, 0.0000000000000000000, 0.0000000000000000000 ) ) ;
#276 = FACE_BOUND ( 'NONE', #2613, .T. ) ;
#277 = VECTOR ( 'NONE', #1520, 1000.000000000000000 ) ;
#278 = CYLINDRICAL_SURFACE ( 'NONE', #1274, 14.50000000000000000 ) ;
#279 = DIRECTION ( 'NONE',  ( 1.000000000000000000, 0.0000000000000000000, 1.224606353822375800E-016 ) ) ;
#280 = SPHERICAL_SURFACE ( 'NONE', #1266, 23.50000000000000000 ) ;
#281 = FACE_OUTER_BOUND ( 'NONE', #2019, .T. ) ;
#282 = ADVANCED_FACE ( 'E339', ( #906 ), #901, .T. ) ;
#283 = CYLINDRICAL_SURFACE ( 'NONE', #1281, 20.15685424949240100 ) ;
#284 = FACE_BOUND ( 'NONE', #2189, .T. ) ;
#285 = DIRECTION ( 'NONE',  ( 8.242384167526236800E-017, 0.0000000000000000000, -1.000000000000000000 ) ) ;
#286 = FACE_OUTER_BOUND ( 'NONE', #2197, .T. ) ;
#287 = FACE_OUTER_BOUND ( 'NONE', #2011, .T. ) ;
#288 = FACE_OUTER_BOUND ( 'NONE', #2263, .T. ) ;
#289 = ADVANCED_FACE ( 'E97', ( #930 ), #789, .T. ) ;
#290 = FACE_OUTER_BOUND ( 'NONE', #1799, .T. ) ;
#291 = FACE_OUTER_BOUND ( 'NONE', #1824, .T. ) ;
#292 = FACE_BOUND ( 'NONE', #1827, .T. ) ;
#293 = APPROVAL_ROLE ( '' ) ;
#294 = CIRCLE ( 'NONE', #1324, 2.458750000000000200 ) ;
#295 = APPROVAL_STATUS ( 'not_yet_approved' ) ;
#296 = CYLINDRICAL_SURFACE ( 'NONE', #1290, 3.000000000000000000 ) ;
#297 = FACE_BOUND ( 'NONE', #1805, .T. ) ;
#298 = DATE_TIME_ROLE ( 'classification_date' ) ;
#299 = FACE_OUTER_BOUND ( 'NONE', #2247, .T. ) ;
#300 = LINE ( 'NONE', #1765, #304 ) ;
#301 = FACE_OUTER_BOUND ( 'NONE', #1001, .T. ) ;
#302 = B_SPLINE_CURVE_WITH_KNOTS ( 'NONE', 3,
 ( #1610, #1384, #1509, #2393, #2314, #2502, #2400, #2540, #2406, #2520 ),
 .UNSPECIFIED., .F., .F.,
 ( 4, 2, 2, 2, 4 ),
 ( 0.003843105856871917000, 0.004233771071890974800, 0.004624436286910033100, 0.005015101501929091300, 0.005405766716948149500 ),
 .UNSPECIFIED. ) ;
#303 = PERSON_AND_ORGANIZATION_ROLE ( 'classification_officer' ) ;
#304 = VECTOR ( 'NONE', #1764, 1000.000000000000000 ) ;
#305 = VECTOR ( 'NONE', #1878, 1000.000000000000000 ) ;
#306 = CARTESIAN_POINT ( 'NONE',  ( 3.999963057932830700, -17.50848609520648200, 9.988122484657690600 ) ) ;
#307 = CIRCLE ( 'NONE', #1297, 2.458750000000000200 ) ;
#308 = SECURITY_CLASSIFICATION_LEVEL ( 'unclassified' ) ;
#309 = PERSON_AND_ORGANIZATION_ROLE ( 'design_supplier' ) ;
#310 = PERSON_AND_ORGANIZATION_ROLE ( 'creator' ) ;
#311 = VECTOR ( 'NONE', #1833, 1000.000000000000100 ) ;
#312 = CARTESIAN_POINT ( 'NONE',  ( 13.63106624835955200, 14.14411847956685100, 3.192823682423634700 ) ) ;
#313 = FACE_OUTER_BOUND ( 'NONE', #2244, .T. ) ;
#314 = VECTOR ( 'NONE', #1836, 1000.000000000000100 ) ;
#315 = APPROVAL_ROLE ( '' ) ;
#316 = APPROVAL_STATUS ( 'not_yet_approved' ) ;
#317 = LINE ( 'NONE', #1839, #305 ) ;
#318 = DIRECTION ( 'NONE',  ( -1.000000000000000000, 0.0000000000000000000, 0.0000000000000000000 ) ) ;
#319 = DATE_TIME_ROLE ( 'creation_date' ) ;
#320 = VECTOR ( 'NONE', #1907, 1000.000000000000000 ) ;
#321 = DIRECTION ( 'NONE',  ( 0.0000000000000000000, 0.0000000000000000000, 1.000000000000000000 ) ) ;
#322 = PERSON_AND_ORGANIZATION_ROLE ( 'creator' ) ;
#323 = APPROVAL_ROLE ( '' ) ;
#324 = LINE ( 'NONE', #1889, #311 ) ;
#325 = ADVANCED_FACE ( 'E676', ( #918 ), #804, .T. ) ;
#326 = CYLINDRICAL_SURFACE ( 'NONE', #1311, 14.50000000000000000 ) ;
#327 = APPROVAL_STATUS ( 'not_yet_approved' ) ;
#328 = LINE ( 'NONE', #1844, #314 ) ;
#329 = VECTOR ( 'NONE', #1883, 1000.000000000000000 ) ;
#330 = DIRECTION ( 'NONE',  ( 0.0000000000000000000, 0.0000000000000000000, 1.000000000000000000 ) ) ;
#331 = LINE ( 'NONE', #1900, #320 ) ;
#332 = APPLICATION_PROTOCOL_DEFINITION ( 'international standard', 'config_control_design', 1994, #334 ) ;
#333 = LINE ( 'NONE', #1885, #329 ) ;
#334 = APPLICATION_CONTEXT ( 'configuration controlled 3d designs of mechanical parts and assemblies' ) ;
#335 = FACE_BOUND ( 'NONE', #2042, .T. ) ;
#336 = DIRECTION ( 'NONE',  ( 1.000000000000000000, -0.0000000000000000000, -0.0000000000000000000 ) ) ;
#337 = PERSON_AND_ORGANIZATION_ROLE ( 'design_owner' ) ;
#338 = CARTESIAN_POINT ( 'NONE',  ( -4.000000000000000000, -26.62419456546835100, -11.50000000000000000 ) ) ;
#339 = CARTESIAN_POINT ( 'NONE',  ( -12.10000000000000000, 0.0000000000000000000, 0.0000000000000000000 ) ) ;
#340 = MECHANICAL_CONTEXT ( 'NONE', #343, 'mechanical' ) ;
#341 = DIRECTION ( 'NONE',  ( 1.000000000000000000, 0.0000000000000000000, 0.0000000000000000000 ) ) ;
#342 = FACE_OUTER_BOUND ( 'NONE', #1983, .T. ) ;
#343 = APPLICATION_CONTEXT ( 'configuration controlled 3d designs of mechanical parts and assemblies' ) ;
#344 = VECTOR ( 'NONE', #1915, 1000.000000000000100 ) ;
#345 = CARTESIAN_POINT ( 'NONE',  ( -4.654727543532799500, -26.80006456054079700, -11.50000000000000400 ) ) ;
#346 = FACE_BOUND ( 'NONE', #2000, .T. ) ;
#347 = CARTESIAN_POINT ( 'NONE',  ( 12.73397459621556000, -8.549038105676659800, -11.80736835487436000 ) ) ;
#348 = VECTOR ( 'NONE', #1938, 1000.000000000000000 ) ;
#349 = CARTESIAN_POINT ( 'NONE',  ( -4.292685049633167400, -26.64220034638399100, -11.50000000000000400 ) ) ;
#350 = LINE ( 'NONE', #1931, #344 ) ;
#351 = APPLICATION_PROTOCOL_DEFINITION ( 'international standard', 'config_control_design', 1994, #343 ) ;
#352 = LINE ( 'NONE', #1951, #354 ) ;
#353 =( NAMED_UNIT ( * ) SI_UNIT ( $, .STERADIAN. ) SOLID_ANGLE_UNIT ( ) );
#354 = VECTOR ( 'NONE', #1944, 1000.000000000000000 ) ;
#355 = FACE_OUTER_BOUND ( 'NONE', #2058, .T. ) ;
#356 = CARTESIAN_POINT ( 'NONE',  ( 14.46602540378444100, -5.388461894323340200, -12.33308977561685900 ) ) ;
#357 =( NAMED_UNIT ( * ) PLANE_ANGLE_UNIT ( ) SI_UNIT ( $, .RADIAN. ) );
#358 =( LENGTH_UNIT ( ) NAMED_UNIT ( * ) SI_UNIT ( .MILLI., .METRE. ) );
#359 = CIRCLE ( 'NONE', #1356, 3.000000000000000900 ) ;
#360 = LINE ( 'NONE', #1999, #348 ) ;
#361 = VECTOR ( 'NONE', #2013, 1000.000000000000000 ) ;
#362 = FACE_OUTER_BOUND ( 'NONE', #2664, .T. ) ;
#363 = DIRECTION ( 'NONE',  ( 0.0000000000000000000, 0.0000000000000000000, 1.000000000000000000 ) ) ;
#364 = CARTESIAN_POINT ( 'NONE',  ( 13.60000000000000000, 13.95875000000000000, 3.000000000000000000 ) ) ;
#365 = CARTESIAN_POINT ( 'NONE',  ( 17.69999999999999900, 0.0000000000000000000, 0.0000000000000000000 ) ) ;
#366 = VECTOR ( 'NONE', #2023, 1000.000000000000100 ) ;
#367 = CARTESIAN_POINT ( 'NONE',  ( 13.60000000000000000, 14.50000000000000000, -2.458750000000000200 ) ) ;
#368 = FACE_OUTER_BOUND ( 'NONE', #1013, .T. ) ;
#369 = CARTESIAN_POINT ( 'NONE',  ( 13.60000000000000000, 10.00000000000000000, -2.458750000000000200 ) ) ;
#370 = CARTESIAN_POINT ( 'NONE',  ( 13.60000000000000000, -4.381298788646683200, -13.58863210507603900 ) ) ;
#371 = VECTOR ( 'NONE', #2033, 1000.000000000000100 ) ;
#372 = CARTESIAN_POINT ( 'NONE',  ( 13.60000000000000000, -9.379339961554988400, -11.32799335487436000 ) ) ;
#373 = LINE ( 'NONE', #2037, #361 ) ;
#374 = DIRECTION ( 'NONE',  ( -1.000000000000000000, 0.0000000000000000000, 0.0000000000000000000 ) ) ;
#375 = CARTESIAN_POINT ( 'NONE',  ( 13.60000000000000000, -2.672548788646683400, -10.62899028764272000 ) ) ;
#376 = VECTOR ( 'NONE', #2057, 1000.000000000000000 ) ;
#377 = CARTESIAN_POINT ( 'NONE',  ( 13.60000000000000000, -7.129339961554989300, -7.430879037844390700 ) ) ;
#378 = LINE ( 'NONE', #2047, #371 ) ;
#379 = CARTESIAN_POINT ( 'NONE',  ( 8.000000000000000000, -27.00000000000000000, 0.0000000000000000000 ) ) ;
#380 = CARTESIAN_POINT ( 'NONE',  ( -8.000000000000000000, 25.85000000000000100, 0.0000000000000000000 ) ) ;
#381 = LINE ( 'NONE', #2038, #366 ) ;
#382 = VECTOR ( 'NONE', #2062, 1000.000000000000100 ) ;
#383 = DIRECTION ( 'NONE',  ( -1.000000000000000000, 0.0000000000000000000, 0.0000000000000000000 ) ) ;
#384 = VECTOR ( 'NONE', #2046, 1000.000000000000100 ) ;
#385 = CIRCLE ( 'NONE', #1360, 2.458749999999999800 ) ;
#386 = CARTESIAN_POINT ( 'NONE',  ( -9.500000000000000000, 0.0000000000000000000, -25.85000000000000100 ) ) ;
#387 = DIRECTION ( 'NONE',  ( 0.0000000000000000000, 0.0000000000000000000, 1.000000000000000000 ) ) ;
#388 = CIRCLE ( 'NONE', #1365, 3.000000000000000400 ) ;
#389 = CARTESIAN_POINT ( 'NONE',  ( 4.812280363756165100, 17.85694626930991900, 21.40235449956382800 ) ) ;
#390 = CARTESIAN_POINT ( 'NONE',  ( 2.690106634585895100, 17.46332954639105100, 15.49340012549540000 ) ) ;
#391 = CIRCLE ( 'NONE', #1373, 2.458750000000000200 ) ;
#392 = DIRECTION ( 'NONE',  ( -1.000000000000000000, 0.0000000000000000000, -6.123031769111888800E-017 ) ) ;
#393 = LINE ( 'NONE', #2167, #382 ) ;
#394 = CARTESIAN_POINT ( 'NONE',  ( 4.812280363756161500, 17.85694626930992300, 22.16779759019829800 ) ) ;
#395 = FACE_OUTER_BOUND ( 'NONE', #2596, .T. ) ;
#396 = CARTESIAN_POINT ( 'NONE',  ( -4.000000000000000000, -45.00000000000000000, -6.000000000000000000 ) ) ;
#397 = CARTESIAN_POINT ( 'NONE',  ( 10.50000000000000000, -45.00000000000000000, -1.193991194976818000E-015 ) ) ;
#398 = CARTESIAN_POINT ( 'NONE',  ( -4.000000000000000000, 45.00000000000000000, -6.000000000000000000 ) ) ;
#399 = LINE ( 'NONE', #2128, #384 ) ;
#400 = CARTESIAN_POINT ( 'NONE',  ( 18.30000000000000100, 0.0000000000000000000, 0.0000000000000000000 ) ) ;
#401 = CARTESIAN_POINT ( 'NONE',  ( 10.50000000000000200, 0.0000000000000000000, -27.00000000000000000 ) ) ;
#402 = CARTESIAN_POINT ( 'NONE',  ( 10.50000000000000000, 0.0000000000000000000, 27.20243864318455000 ) ) ;
#403 = CIRCLE ( 'NONE', #1380, 27.00000000000000000 ) ;
#404 = DIRECTION ( 'NONE',  ( -1.000000000000000000, 0.0000000000000000000, 0.0000000000000000000 ) ) ;
#405 = DIRECTION ( 'NONE',  ( 0.0000000000000000000, 0.0000000000000000000, 1.000000000000000000 ) ) ;
#406 = CIRCLE ( 'NONE', #1396, 25.85000000000000100 ) ;
#407 = CARTESIAN_POINT ( 'NONE',  ( -14.99999999999999800, 0.0000000000000000000, -27.00000000000000000 ) ) ;
#408 = FACE_BOUND ( 'NONE', #2590, .T. ) ;
#409 = CARTESIAN_POINT ( 'NONE',  ( -7.609229083570220100, 0.0000000000000000000, 22.23397474033264800 ) ) ;
#410 = FACE_OUTER_BOUND ( 'NONE', #2065, .T. ) ;
#411 = CARTESIAN_POINT ( 'NONE',  ( -15.00000000000000000, 45.00000000000000000, -6.000000000000000000 ) ) ;
#412 = CYLINDRICAL_SURFACE ( 'NONE', #1415, 27.00000000000000000 ) ;
#413 = CARTESIAN_POINT ( 'NONE',  ( -4.756176713621004000, -26.88304017462337100, -11.49999999999999800 ) ) ;
#414 = FACE_OUTER_BOUND ( 'NONE', #2624, .T. ) ;
#415 = FACE_OUTER_BOUND ( 'NONE', #2640, .T. ) ;
#416 = CARTESIAN_POINT ( 'NONE',  ( -15.00000000000000000, -49.72777777777780300, -10.48323028860620100 ) ) ;
#417 = CARTESIAN_POINT ( 'NONE',  ( -15.00000000000000000, -45.00000000000000000, -6.000000000000000000 ) ) ;
#418 = CIRCLE ( 'NONE', #1421, 2.458750000000000700 ) ;
#419 = CIRCLE ( 'NONE', #1442, 25.85000000000000100 ) ;
#420 = CARTESIAN_POINT ( 'NONE',  ( 2.012830025463120200, 20.21172434082970100, 20.29450909635919900 ) ) ;
#421 = CARTESIAN_POINT ( 'NONE',  ( 7.609229083570222800, 0.0000000000000000000, -22.23397474033264800 ) ) ;
#422 = CARTESIAN_POINT ( 'NONE',  ( 17.69999999999999900, 0.0000000000000000000, 0.0000000000000000000 ) ) ;
#423 = FACE_BOUND ( 'NONE', #2069, .T. ) ;
#424 = CARTESIAN_POINT ( 'NONE',  ( 8.000000000000000000, 0.0000000000000000000, 22.09637979398435400 ) ) ;
#425 = DIRECTION ( 'NONE',  ( -1.000000000000000000, 0.0000000000000000000, 0.0000000000000000000 ) ) ;
#426 = CYLINDRICAL_SURFACE ( 'NONE', #1422, 30.00000000000000000 ) ;
#427 = LINE ( 'NONE', #2639, #441 ) ;
#428 = CARTESIAN_POINT ( 'NONE',  ( -8.000000000000000000, 0.0000000000000000000, -22.09637979398435400 ) ) ;
#429 = CARTESIAN_POINT ( 'NONE',  ( 9.561812596680519900, 0.0000000000000000000, 28.19108188259160000 ) ) ;
#430 = DIRECTION ( 'NONE',  ( 0.0000000000000000000, 0.0000000000000000000, 1.000000000000000000 ) ) ;
#431 = VECTOR ( 'NONE', #2739, 1000.000000000000000 ) ;
#432 = FACE_OUTER_BOUND ( 'NONE', #2433, .T. ) ;
#433 = PRODUCT_RELATED_PRODUCT_CATEGORY ( 'detail', '', ( #1417 ) ) ;
#434 = ADVANCED_FACE ( 'E996', ( #914 ), #813, .T. ) ;
#435 = CIRCLE ( 'NONE', #1427, 3.000000000000002200 ) ;
#436 = CARTESIAN_POINT ( 'NONE',  ( 18.30000000000000100, 0.0000000000000000000, 13.89999999999999900 ) ) ;
#437 = LINE ( 'NONE', #2737, #431 ) ;
#438 = DIRECTION ( 'NONE',  ( 0.0000000000000000000, 0.0000000000000000000, 1.000000000000000000 ) ) ;
#439 = PLANE ( 'NONE',  #1646 ) ;
#440 = CIRCLE ( 'NONE', #1447, 6.000000000000000000 ) ;
#441 = VECTOR ( 'NONE', #2636, 1000.000000000000000 ) ;
#442 = CARTESIAN_POINT ( 'NONE',  ( 17.69999999999999900, 0.0000000000000000000, 14.50000000000000000 ) ) ;
#443 = DIRECTION ( 'NONE',  ( -1.000000000000000000, 0.0000000000000000000, 0.0000000000000000000 ) ) ;
#444 = LINE ( 'NONE', #2773, #454 ) ;
#445 = CARTESIAN_POINT ( 'NONE',  ( 18.30000000000000100, 0.0000000000000000000, 10.60000000000000000 ) ) ;
#446 = CIRCLE ( 'NONE', #1459, 27.00000000000000000 ) ;
#447 = DIRECTION ( 'NONE',  ( -2.472715250257871200E-016, 0.0000000000000000000, 1.000000000000000000 ) ) ;
#448 = CARTESIAN_POINT ( 'NONE',  ( 12.73397459621556000, -8.549038105676659800, -11.80736835487436000 ) ) ;
#449 = LINE ( 'NONE', #2095, #376 ) ;
#450 = CARTESIAN_POINT ( 'NONE',  ( 17.69999999999999900, 0.0000000000000000000, 10.00000000000000000 ) ) ;
#451 = CIRCLE ( 'NONE', #1455, 6.000000000000000000 ) ;
#452 = DIRECTION ( 'NONE',  ( 0.0000000000000000000, -0.4999999999999998900, -0.8660254037844387100 ) ) ;
#453 = CARTESIAN_POINT ( 'NONE',  ( -12.10000000000000000, 0.0000000000000000000, 10.00000000000000000 ) ) ;
#454 = VECTOR ( 'NONE', #2743, 1000.000000000000000 ) ;
#455 = CARTESIAN_POINT ( 'NONE',  ( 11.14124999999999900, -7.250000000000000000, -12.55736835487436000 ) ) ;
#456 = PLANE ( 'NONE',  #1635 ) ;
#457 = VECTOR ( 'NONE', #764, 1000.000000000000100 ) ;
#458 = CARTESIAN_POINT ( 'NONE',  ( 7.999999999999994700, 0.0000000000000000000, 21.04637979398435000 ) ) ;
#459 = CIRCLE ( 'NONE', #1463, 27.20243864318455000 ) ;
#460 = ADVANCED_FACE ( 'E1335', ( #899, #892 ), #896, .T. ) ;
#461 = VECTOR ( 'NONE', #793, 1000.000000000000000 ) ;
#462 = CARTESIAN_POINT ( 'NONE',  ( -7.999999999999998200, 0.0000000000000000000, -21.04637979398435000 ) ) ;
#463 = DIRECTION ( 'NONE',  ( -1.000000000000000000, 0.0000000000000000000, -2.449212707644755000E-016 ) ) ;
#464 = DIRECTION ( 'NONE',  ( -1.000000000000000000, 0.0000000000000000000, 0.0000000000000000000 ) ) ;
#465 = LINE ( 'NONE', #675, #457 ) ;
#466 = CARTESIAN_POINT ( 'NONE',  ( 8.000000000000000000, 0.0000000000000000000, 14.50000000000000000 ) ) ;
#467 = CIRCLE ( 'NONE', #1465, 30.00000000000000000 ) ;
#468 = CARTESIAN_POINT ( 'NONE',  ( 10.98450606922200000, 14.34063078029391900, -2.143900426564924600 ) ) ;
#469 = VECTOR ( 'NONE', #765, 1000.000000000000000 ) ;
#470 = APPROVAL ( #295, 'UNSPECIFIED' ) ;
#471 = CIRCLE ( 'NONE', #1468, 11.50000000000000000 ) ;
#472 = DIRECTION ( 'NONE',  ( 0.0000000000000000000, 0.8660254037844387100, -0.4999999999999998900 ) ) ;
#473 = PLANE ( 'NONE',  #1620 ) ;
#474 = ADVANCED_FACE ( 'E842', ( #885, #902 ), #875, .F. ) ;
#475 = VECTOR ( 'NONE', #731, 1000.000000000000000 ) ;
#476 = CARTESIAN_POINT ( 'NONE',  ( -4.734394052218600100, 23.01710955659890000, -0.2195008379046050100 ) ) ;
#477 = LINE ( 'NONE', #783, #469 ) ;
#478 = VECTOR ( 'NONE', #905, 1000.000000000000100 ) ;
#479 = LINE ( 'NONE', #848, #475 ) ;
#480 = CARTESIAN_POINT ( 'NONE',  ( 8.000000000000000000, 0.0000000000000000000, 9.796850830579020000E-016 ) ) ;
#481 = CARTESIAN_POINT ( 'NONE',  ( -4.665330969550540300, -6.249814565742630300, -22.16809655424625100 ) ) ;
#482 = CARTESIAN_POINT ( 'NONE',  ( 10.50000000000000000, -49.72777777777780300, -10.48323028860620100 ) ) ;
#483 = VECTOR ( 'NONE', #944, 1000.000000000000100 ) ;
#484 = LINE ( 'NONE', #714, #461 ) ;
#485 = CARTESIAN_POINT ( 'NONE',  ( 7.750000000000000000, 0.0000000000000000000, 14.50000000000000000 ) ) ;
#486 = CIRCLE ( 'NONE', #1469, 30.00000000000000000 ) ;
#487 = DIRECTION ( 'NONE',  ( 0.8660254037844386000, 0.4330127018922195200, -0.2499999999999999400 ) ) ;
#488 = DIRECTION ( 'NONE',  ( -6.123031769111887500E-017, -0.4999999999999998900, -0.8660254037844387100 ) ) ;
#489 = CARTESIAN_POINT ( 'NONE',  ( 13.60000000000000000, -2.171619795731410300, -9.761355820929150400 ) ) ;
#490 = VECTOR ( 'NONE', #968, 1000.000000000000000 ) ;
#491 = CARTESIAN_POINT ( 'NONE',  ( -12.69999999999999900, 0.0000000000000000000, 13.89999999999999900 ) ) ;
#492 = CARTESIAN_POINT ( 'NONE',  ( 13.60000000000000000, 10.54125000000000000, 3.000000000000000000 ) ) ;
#493 = LINE ( 'NONE', #1267, #478 ) ;
#494 = CARTESIAN_POINT ( 'NONE',  ( -5.100000000000000500, -49.72777777777780300, -10.48323028860620100 ) ) ;
#495 = CARTESIAN_POINT ( 'NONE',  ( -4.000000000000000000, -5.216977769124310000, -19.47002609632924900 ) ) ;
#496 = CIRCLE ( 'NONE', #1477, 27.00000000000000000 ) ;
#497 = DIRECTION ( 'NONE',  ( 0.0000000000000000000, 0.8660254037844387100, -0.4999999999999997800 ) ) ;
#498 = DIRECTION ( 'NONE',  ( -5.581665400004504300E-017, 0.4111111111111107600, 0.9115852424874966200 ) ) ;
#499 = CARTESIAN_POINT ( 'NONE',  ( -7.750000000000000000, -20.15685424949240100, -9.490699242123421800E-016 ) ) ;
#500 = LINE ( 'NONE', #818, #483 ) ;
#501 = DIRECTION ( 'NONE',  ( -2.517246393968218200E-017, -0.9115852424874966200, 0.4111111111111107600 ) ) ;
#502 = LINE ( 'NONE', #2096, #490 ) ;
#503 = CARTESIAN_POINT ( 'NONE',  ( 13.60000000000000000, 9.539392014169459700, 3.000000000000000000 ) ) ;
#504 = CARTESIAN_POINT ( 'NONE',  ( 13.60000000000000000, -7.750000000000000000, -13.42339375865879900 ) ) ;
#505 = VECTOR ( 'NONE', #2310, 1000.000000000000000 ) ;
#506 = CARTESIAN_POINT ( 'NONE',  ( -2.828427124746189800, 0.0000000000000000000, -14.50000000000000000 ) ) ;
#507 = CIRCLE ( 'NONE', #1482, 22.23397474033264800 ) ;
#508 = CARTESIAN_POINT ( 'NONE',  ( 4.133042648715864700, -20.18164978913790000, 11.30791626427210000 ) ) ;
#509 = LINE ( 'NONE', #2161, #505 ) ;
#510 = CARTESIAN_POINT ( 'NONE',  ( -5.100000000000000500, 27.70830200499484900, 11.50000000000000000 ) ) ;
#511 = CARTESIAN_POINT ( 'NONE',  ( 4.799999999999999800, -17.45634784044069900, 10.07842712474620100 ) ) ;
#512 = VECTOR ( 'NONE', #2256, 1000.000000000000100 ) ;
#513 = DIRECTION ( 'NONE',  ( 0.0000000000000000000, 0.8660254037844388200, -0.4999999999999997200 ) ) ;
#514 = CARTESIAN_POINT ( 'NONE',  ( 13.60000000000000000, -6.979375000000000100, -12.08863210507604100 ) ) ;
#515 = CARTESIAN_POINT ( 'NONE',  ( 4.799999999999999800, -10.07842712474620100, -17.45634784044069900 ) ) ;
#516 = CIRCLE ( 'NONE', #1472, 11.49999999999999600 ) ;
#517 = CARTESIAN_POINT ( 'NONE',  ( 4.052587739197059900, -11.74523224478748100, -19.94683062871735000 ) ) ;
#518 = DIRECTION ( 'NONE',  ( -6.123031769111887500E-017, -0.4999999999999998900, -0.8660254037844387100 ) ) ;
#519 = VECTOR ( 'NONE', #2240, 1000.000000000000000 ) ;
#520 = CARTESIAN_POINT ( 'NONE',  ( -9.500000000000000000, -27.00000000000000000, 0.0000000000000000000 ) ) ;
#521 = CARTESIAN_POINT ( 'NONE',  ( 7.750000000000000000, -20.15685424949240100, 0.0000000000000000000 ) ) ;
#522 = LINE ( 'NONE', #2265, #519 ) ;
#523 = VECTOR ( 'NONE', #1722, 1000.000000000000100 ) ;
#524 = CARTESIAN_POINT ( 'NONE',  ( 2.828427124746195200, 0.0000000000000000000, 20.15685424949240100 ) ) ;
#525 = CARTESIAN_POINT ( 'NONE',  ( 2.828427124746189800, 0.0000000000000000000, 14.50000000000000000 ) ) ;
#526 = CARTESIAN_POINT ( 'NONE',  ( -5.100000000000013000, 27.44658266605985400, 11.50000000000000000 ) ) ;
#527 = CARTESIAN_POINT ( 'NONE',  ( 9.561812596680519900, 0.0000000000000000000, 0.0000000000000000000 ) ) ;
#528 = LINE ( 'NONE', #2325, #533 ) ;
#529 = CARTESIAN_POINT ( 'NONE',  ( -4.000000000000000000, 20.15685424949240100, 0.0000000000000000000 ) ) ;
#530 = CIRCLE ( 'NONE', #1492, 30.00000000000000000 ) ;
#531 = CARTESIAN_POINT ( 'NONE',  ( -7.749999999999998200, 0.0000000000000000000, -14.50000000000000000 ) ) ;
#532 = CARTESIAN_POINT ( 'NONE',  ( -15.00000000000000000, 0.0000000000000000000, 0.0000000000000000000 ) ) ;
#533 = VECTOR ( 'NONE', #2713, 1000.000000000000000 ) ;
#534 = CARTESIAN_POINT ( 'NONE',  ( -2.828427124746195200, 0.0000000000000000000, -20.15685424949240100 ) ) ;
#535 = CARTESIAN_POINT ( 'NONE',  ( -7.999999999999998200, 0.0000000000000000000, -14.50000000000000000 ) ) ;
#536 = VECTOR ( 'NONE', #1723, 1000.000000000000000 ) ;
#537 = DIRECTION ( 'NONE',  ( 1.000000000000000000, 0.0000000000000000000, 6.123031769111888800E-017 ) ) ;
#538 = CARTESIAN_POINT ( 'NONE',  ( -12.10000000000000000, 0.0000000000000000000, 14.50000000000000000 ) ) ;
#539 = LINE ( 'NONE', #2092, #512 ) ;
#540 = DIRECTION ( 'NONE',  ( 5.782411586589357400E-017, 0.0000000000000000000, -1.000000000000000000 ) ) ;
#541 = DIRECTION ( 'NONE',  ( 0.0000000000000000000, -1.000000000000000000, 0.0000000000000000000 ) ) ;
#542 = LINE ( 'NONE', #1617, #536 ) ;
#543 = LINE ( 'NONE', #1778, #523 ) ;
#544 = CIRCLE ( 'NONE', #1504, 6.000000000000000000 ) ;
#545 = CIRCLE ( 'NONE', #1511, 11.49999999999999600 ) ;
#546 = CARTESIAN_POINT ( 'NONE',  ( -4.420630225997697900, -26.67800072094227900, -11.50000000000000400 ) ) ;
#547 = CARTESIAN_POINT ( 'NONE',  ( -5.010916475904419800, -27.18631154828456400, -11.50000000000000000 ) ) ;
#548 = CC_DESIGN_DATE_AND_TIME_ASSIGNMENT ( #2802, #298, ( #563 ) ) ;
#549 = CARTESIAN_POINT ( 'NONE',  ( -4.757616936384425600, 26.88457696963972400, 11.50000000000000000 ) ) ;
#550 = CARTESIAN_POINT ( 'NONE',  ( 11.86794919243111900, 14.50000000000000000, -5.551115123125779700E-016 ) ) ;
#551 = FACE_OUTER_BOUND ( 'NONE', #2126, .T. ) ;
#552 = CARTESIAN_POINT ( 'NONE',  ( -4.653118362462578300, 26.79911961716534900, 11.50000000000000000 ) ) ;
#553 = CARTESIAN_POINT ( 'NONE',  ( 10.10854460649797900, -7.704636657938190000, -12.28367102983359900 ) ) ;
#554 = TOROIDAL_SURFACE ( 'NONE', #1508, 21.04637979398435000, 2.000000000000000000 ) ;
#555 = CARTESIAN_POINT ( 'NONE',  ( -4.421016967607276800, 26.67830881488017500, 11.50000000000000200 ) ) ;
#556 = CC_DESIGN_PERSON_AND_ORGANIZATION_ASSIGNMENT ( #2824, #303, ( #563 ) ) ;
#557 = VECTOR ( 'NONE', #2250, 1000.000000000000000 ) ;
#558 = CARTESIAN_POINT ( 'NONE',  ( -5.009815364849603500, 27.18535816919573700, 11.50000000000000000 ) ) ;
#559 = CARTESIAN_POINT ( 'NONE',  ( -12.69999999999999900, 0.0000000000000000000, 10.60000000000000000 ) ) ;
#560 = CIRCLE ( 'NONE', #1498, 6.000000000000000000 ) ;
#561 = VECTOR ( 'NONE', #2812, 1000.000000000000000 ) ;
#562 = CARTESIAN_POINT ( 'NONE',  ( -4.291777937565964200, 26.64214856466670900, 11.50000000000000400 ) ) ;
#563 = SECURITY_CLASSIFICATION ( '', '', #308 ) ;
#564 = DIRECTION ( 'NONE',  ( 1.000000000000000000, 0.0000000000000000000, 0.0000000000000000000 ) ) ;
#565 = CARTESIAN_POINT ( 'NONE',  ( 0.0000000000000000000, 0.0000000000000000000, 0.0000000000000000000 ) ) ;
#566 = LINE ( 'NONE', #2839, #557 ) ;
#567 = CARTESIAN_POINT ( 'NONE',  ( -4.161812596680515100, 26.63472960422920000, 11.50000000000000000 ) ) ;
#568 = VECTOR ( 'NONE', #2815, 1000.000000000000100 ) ;
#569 = FACE_OUTER_BOUND ( 'NONE', #2135, .T. ) ;
#570 = DIRECTION ( 'NONE',  ( -1.000000000000000000, 0.0000000000000000000, -6.409875621278550000E-016 ) ) ;
#571 = VECTOR ( 'NONE', #2631, 1000.000000000000100 ) ;
#572 = DIRECTION ( 'NONE',  ( 6.409875621278550000E-016, 0.0000000000000000000, -1.000000000000000000 ) ) ;
#573 = LINE ( 'NONE', #2780, #568 ) ;
#574 = CARTESIAN_POINT ( 'NONE',  ( 0.0000000000000000000, 0.0000000000000000000, 0.0000000000000000000 ) ) ;
#575 = LINE ( 'NONE', #2687, #561 ) ;
#576 = CARTESIAN_POINT ( 'NONE',  ( 10.50000000000000000, 49.72777777777780300, 10.48323028860620100 ) ) ;
#577 = DIRECTION ( 'NONE',  ( 0.0000000000000000000, 1.000000000000000000, 0.0000000000000000000 ) ) ;
#578 = CIRCLE ( 'NONE', #1518, 11.50000000000000000 ) ;
#579 = CARTESIAN_POINT ( 'NONE',  ( -5.100000000000008500, -27.44473793960798200, -11.50000000000000400 ) ) ;
#580 = CIRCLE ( 'NONE', #1523, 11.50000000000000000 ) ;
#581 = PLANE ( 'NONE',  #939 ) ;
#582 = DIRECTION ( 'NONE',  ( 0.0000000000000000000, 0.0000000000000000000, -1.000000000000000000 ) ) ;
#583 = VECTOR ( 'NONE', #1385, 1000.000000000000000 ) ;
#584 = CC_DESIGN_PERSON_AND_ORGANIZATION_ASSIGNMENT ( #2758, #309, ( #645 ) ) ;
#585 = DIRECTION ( 'NONE',  ( -1.000000000000000000, 0.0000000000000000000, 0.0000000000000000000 ) ) ;
#586 = LINE ( 'NONE', #2677, #571 ) ;
#587 = CIRCLE ( 'NONE', #1516, 30.00000000000000000 ) ;
#588 = CARTESIAN_POINT ( 'NONE',  ( 12.73397459621556000, 14.50000000000000000, 1.500000000000000000 ) ) ;
#589 = CARTESIAN_POINT ( 'NONE',  ( -5.100000000000000500, -45.00000000000000000, 0.0000000000000000000 ) ) ;
#590 = DIRECTION ( 'NONE',  ( 1.000000000000000000, 0.0000000000000000000, 0.0000000000000000000 ) ) ;
#591 = CIRCLE ( 'NONE', #1527, 11.50000000000000000 ) ;
#592 = DIRECTION ( 'NONE',  ( 0.0000000000000000000, 0.0000000000000000000, 1.000000000000000000 ) ) ;
#593 = DIRECTION ( 'NONE',  ( -1.000000000000000000, 0.0000000000000000000, 0.0000000000000000000 ) ) ;
#594 = DIRECTION ( 'NONE',  ( 0.0000000000000000000, 0.0000000000000000000, -1.000000000000000000 ) ) ;
#595 = CIRCLE ( 'NONE', #1538, 30.00000000000000000 ) ;
#596 = DIRECTION ( 'NONE',  ( -1.000000000000000000, 0.0000000000000000000, 0.0000000000000000000 ) ) ;
#597 = DIRECTION ( 'NONE',  ( 0.0000000000000000000, 0.0000000000000000000, 1.000000000000000000 ) ) ;
#598 = VECTOR ( 'NONE', #1730, 1000.000000000000100 ) ;
#599 = CARTESIAN_POINT ( 'NONE',  ( -5.100000000000000500, 0.0000000000000000000, 0.0000000000000000000 ) ) ;
#600 = CIRCLE ( 'NONE', #1532, 30.00000000000000000 ) ;
#601 = CIRCLE ( 'NONE', #1549, 22.09637979398435400 ) ;
#602 = LINE ( 'NONE', #1557, #583 ) ;
#603 = CIRCLE ( 'NONE', #1555, 22.09637979398435400 ) ;
#604 = CIRCLE ( 'NONE', #1544, 22.23397474033264800 ) ;
#605 = CARTESIAN_POINT ( 'NONE',  ( -12.69999999999999900, 0.0000000000000000000, 0.0000000000000000000 ) ) ;
#606 = CIRCLE ( 'NONE', #1562, 29.01135676059299900 ) ;
#607 = CIRCLE ( 'NONE', #1561, 29.00168505897395100 ) ;
#608 = DIRECTION ( 'NONE',  ( 0.0000000000000000000, 0.0000000000000000000, 1.000000000000000000 ) ) ;
#609 = VECTOR ( 'NONE', #638, 1000.000000000000000 ) ;
#610 = CIRCLE ( 'NONE', #1575, 29.00168505897395100 ) ;
#611 = CARTESIAN_POINT ( 'NONE',  ( 11.86794919243111900, -7.250000000000000000, -12.55736835487436000 ) ) ;
#612 = CARTESIAN_POINT ( 'NONE',  ( 4.400000000000000400, 0.0000000000000000000, 0.0000000000000000000 ) ) ;
#613 = LINE ( 'NONE', #721, #609 ) ;
#614 = DIRECTION ( 'NONE',  ( 0.0000000000000000000, 0.0000000000000000000, 1.000000000000000000 ) ) ;
#615 = CC_DESIGN_PERSON_AND_ORGANIZATION_ASSIGNMENT ( #2756, #310, ( #645 ) ) ;
#616 = DIRECTION ( 'NONE',  ( 1.000000000000000000, 0.0000000000000000000, 6.123031769111888800E-017 ) ) ;
#617 = LINE ( 'NONE', #1353, #598 ) ;
#618 = DIRECTION ( 'NONE',  ( -1.000000000000000000, 0.0000000000000000000, 0.0000000000000000000 ) ) ;
#619 = DIRECTION ( 'NONE',  ( 1.000000000000000000, 0.0000000000000000000, 0.0000000000000000000 ) ) ;
#620 = VECTOR ( 'NONE', #671, 1000.000000000000000 ) ;
#621 = LINE ( 'NONE', #677, #620 ) ;
#622 = DIRECTION ( 'NONE',  ( -0.4999999999999998900, 0.0000000000000000000, 0.8660254037844387100 ) ) ;
#623 = DIRECTION ( 'NONE',  ( 0.0000000000000000000, 0.0000000000000000000, 1.000000000000000000 ) ) ;
#624 = CIRCLE ( 'NONE', #1580, 29.01135676059299900 ) ;
#625 = DIRECTION ( 'NONE',  ( 0.5000000000000001100, -0.7500000000000001100, 0.4330127018922190800 ) ) ;
#626 = CC_DESIGN_APPROVAL ( #634, ( #645 ) ) ;
#627 = CIRCLE ( 'NONE', #1589, 11.50000000000000000 ) ;
#628 = CARTESIAN_POINT ( 'NONE',  ( 12.73397459621556000, 13.37500000000000000, -1.500000000000000000 ) ) ;
#629 = PLANE ( 'NONE',  #995 ) ;
#630 = TOROIDAL_SURFACE ( 'NONE', #1581, 30.00000000000000000, 0.9899999999999999900 ) ;
#631 = CONICAL_SURFACE ( 'NONE', #1614, 3.000000000000000900, 0.7853981633974476100 ) ;
#632 = ADVANCED_FACE ( 'E909', ( #897, #870 ), #863, .T. ) ;
#633 = CIRCLE ( 'NONE', #1599, 28.19108188259160000 ) ;
#634 = APPROVAL ( #316, 'UNSPECIFIED' ) ;
#635 = CIRCLE ( 'NONE', #1633, 30.00000000000000000 ) ;
#636 = LINE ( 'NONE', #576, #641 ) ;
#637 = CIRCLE ( 'NONE', #1593, 11.50000000000000000 ) ;
#638 = DIRECTION ( 'NONE',  ( 0.0000000000000000000, -1.000000000000000000, 0.0000000000000000000 ) ) ;
#639 = CYLINDRICAL_SURFACE ( 'NONE', #1608, 3.000000000000000400 ) ;
#640 = B_SPLINE_CURVE_WITH_KNOTS ( 'NONE', 3,
 ( #1146, #1137, #1513, #1563, #1568, #1583, #1478, #1739, #1666, #2493, #2446, #2119, #2131, #41, #18, #9, #13, #43, #47, #66, #50, #31, #2623, #33, #1781, #2615, #1828, #1830, #1664, #1904, #1933, #1927, #1953, #1997, #1991, #1967, #2002, #1992, #2117, #2129, #62, #56, #4, #69, #12, #2766, #65, #2701, #2781, #57, #71, #74, #82, #78, #76, #80, #1570, #2723, #2784, #1151, #1325, #1313, #1349, #1232 ),
 .UNSPECIFIED., .T., .F.,
 ( 4, 2, 2, 2, 2, 2, 2, 2, 2, 2, 2, 2, 2, 2, 2, 2, 2, 2, 2, 2, 2, 2, 2, 2, 2, 2, 2, 2, 2, 2, 2, 4 ),
 ( 0.0000000000000000000, 0.0005865474178180831700, 0.001173094835636166300, 0.001759642253454249400, 0.002346189671272332700, 0.002932737089090416000, 0.003519284506908498800, 0.004105831924726581700, 0.004692379342544665400, 0.005278926760362748200, 0.005865474178180831900, 0.006452021595998914800, 0.007038569013816997600, 0.007625116431635080500, 0.008211663849453163300, 0.008798211267271248800, 0.009384758685089332500, 0.009971306102907414500, 0.01055785352072550000, 0.01114440093854358200, 0.01173094835636166600, 0.01231749577417974800, 0.01290404319199783300, 0.01349059060981591500, 0.01407713802763399700, 0.01466368544545207900, 0.01525023286327015900, 0.01583678028108824100, 0.01642332769890632300, 0.01700987511672440200, 0.01759642253454248400, 0.01876951737017864400 ),
 .UNSPECIFIED. ) ;
#641 = VECTOR ( 'NONE', #1016, 1000.000000000000000 ) ;
#642 = DIRECTION ( 'NONE',  ( 0.0000000000000000000, -0.4999999999999998900, -0.8660254037844387100 ) ) ;
#643 = FACE_OUTER_BOUND ( 'NONE', #2269, .T. ) ;
#644 = CARTESIAN_POINT ( 'NONE',  ( -12.69999999999999900, 10.60000000000000000, 0.0000000000000000000 ) ) ;
#645 = PRODUCT_DEFINITION_FORMATION_WITH_SPECIFIED_SOURCE ( 'ANY', '', #1417, .NOT_KNOWN. ) ;
#646 = FACE_BOUND ( 'NONE', #2281, .T. ) ;
#647 = FACE_OUTER_BOUND ( 'NONE', #2276, .T. ) ;
#648 = FACE_OUTER_BOUND ( 'NONE', #1095, .T. ) ;
#649 = FACE_OUTER_BOUND ( 'NONE', #2448, .T. ) ;
#650 = CC_DESIGN_DATE_AND_TIME_ASSIGNMENT ( #2807, #319, ( #776 ) ) ;
#651 = CARTESIAN_POINT ( 'NONE',  ( -15.00000000000000000, -45.00000000000000000, -2.755364296100350000E-015 ) ) ;
#652 = CYLINDRICAL_SURFACE ( 'NONE', #1650, 11.50000000000000000 ) ;
#653 = B_SPLINE_CURVE_WITH_KNOTS ( 'NONE', 3,
 ( #117, #2840, #123, #126, #127, #132, #147, #152, #153, #306, #266, #249, #241, #2760, #2733, #2788, #2736, #2726 ),
 .UNSPECIFIED., .T., .F.,
 ( 4, 2, 2, 2, 2, 2, 2, 2, 4 ),
 ( 0.0000000000000000000, 0.0003126180540166143400, 0.0006252361080332286700, 0.0009378541620498430600, 0.001250472216066457300, 0.001563090270083071600, 0.001875708324099686100, 0.002188326378116300400, 0.002500944432132914700 ),
 .UNSPECIFIED. ) ;
#654 = FACE_OUTER_BOUND ( 'NONE', #2309, .T. ) ;
#655 = FACE_OUTER_BOUND ( 'NONE', #2666, .T. ) ;
#656 = FACE_BOUND ( 'NONE', #2630, .T. ) ;
#657 = CARTESIAN_POINT ( 'NONE',  ( -12.69999999999999900, 0.0000000000000000000, 0.0000000000000000000 ) ) ;
#658 = FACE_OUTER_BOUND ( 'NONE', #2501, .T. ) ;
#659 = CARTESIAN_POINT ( 'NONE',  ( -2.828427124746189800, 0.0000000000000000000, 0.0000000000000000000 ) ) ;
#660 = CIRCLE ( 'NONE', #1669, 13.89999999999999900 ) ;
#661 = CARTESIAN_POINT ( 'NONE',  ( 10.50000000000000000, 49.72777777777780300, -10.48323028860620100 ) ) ;
#662 = DIRECTION ( 'NONE',  ( -1.000000000000000000, 0.0000000000000000000, 0.0000000000000000000 ) ) ;
#663 = FACE_OUTER_BOUND ( 'NONE', #1017, .T. ) ;
#664 = DIRECTION ( 'NONE',  ( 0.0000000000000000000, 0.0000000000000000000, -1.000000000000000000 ) ) ;
#665 = CIRCLE ( 'NONE', #1690, 14.50000000000000000 ) ;
#666 = ADVANCED_FACE ( 'E182', ( #879 ), #867, .F. ) ;
#667 = DIRECTION ( 'NONE',  ( -2.517246393968218200E-017, 0.9115852424874966200, 0.4111111111111107600 ) ) ;
#668 = DIRECTION ( 'NONE',  ( 5.581665400004504300E-017, 0.4111111111111107600, -0.9115852424874966200 ) ) ;
#669 = CYLINDRICAL_SURFACE ( 'NONE', #1699, 10.00000000000000000 ) ;
#670 = CARTESIAN_POINT ( 'NONE',  ( 10.50000000000000000, 0.0000000000000000000, 1.561373101123529800E-015 ) ) ;
#671 = DIRECTION ( 'NONE',  ( -1.000000000000000000, 0.0000000000000000000, -6.123031769111888800E-017 ) ) ;
#672 = CIRCLE ( 'NONE', #1709, 21.04637979398435000 ) ;
#673 = CARTESIAN_POINT ( 'NONE',  ( -9.500000000000000000, 0.0000000000000000000, -11.50000000000000000 ) ) ;
#674 = B_SPLINE_CURVE_WITH_KNOTS ( 'NONE', 3,
 ( #2525, #2513, #2530, #2532, #2539, #2542, #2546, #2549, #2557, #2562, #2564, #2568, #2578, #2582, #2591, #2593, #2594, #2600, #2607, #2609, #2614, #2622, #2633, #2638, #2641, #2661, #2663, #2665, #2668, #2669, #2674, #88, #2676, #2679, #2682, #2686, #2692, #2694, #2695, #2700, #2702, #312, #150, #130, #107, #27, #156, #158, #159, #168, #169, #171, #176, #179, #184, #187, #189, #192, #204, #210, #213, #216, #221, #224, #226, #227 ),
 .UNSPECIFIED., .T., .F.,
 ( 4, 2, 2, 2, 2, 2, 2, 2, 2, 2, 2, 2, 2, 2, 2, 2, 2, 2, 2, 2, 2, 2, 2, 2, 2, 2, 2, 2, 2, 2, 2, 2, 4 ),
 ( 0.0000000000000000000, 0.0006612459774596918300, 0.001322491954919383700, 0.001983737932379075600, 0.002644983909838767300, 0.003306229887298459000, 0.003967475864758151200, 0.004628721842217842900, 0.005289967819677534600, 0.005951213797137226400, 0.006612459774596918100, 0.007273705752056609800, 0.007934951729516302400, 0.008596197706975993200, 0.009257443684435685800, 0.009918689661895376700, 0.01057993563935506900, 0.01124118161681476200, 0.01190242759427445300, 0.01256367357173414500, 0.01322491954919383600, 0.01388616552665352900, 0.01454741150411322000, 0.01520865748157291200, 0.01586990345903260500, 0.01653114943649229600, 0.01719239541395198600, 0.01785364139141168100, 0.01851488736887137200, 0.01917613334633106300, 0.01983737932379075300, 0.02049862530125044800, 0.02115987127871013900 ),
 .UNSPECIFIED. ) ;
#675 = CARTESIAN_POINT ( 'NONE',  ( -15.00000000000000000, -49.72777777777780300, -10.48323028860620100 ) ) ;
#676 = CIRCLE ( 'NONE', #1691, 10.60000000000000000 ) ;
#677 = CARTESIAN_POINT ( 'NONE',  ( 10.50000000000000000, -49.72777777777780300, -10.48323028860620100 ) ) ;
#678 = CARTESIAN_POINT ( 'NONE',  ( 13.60000000000000000, 10.00000000000000000, 0.0000000000000000000 ) ) ;
#679 = CIRCLE ( 'NONE', #1696, 10.00000000000000000 ) ;
#680 = DIRECTION ( 'NONE',  ( 0.0000000000000000000, 1.000000000000000000, 0.0000000000000000000 ) ) ;
#681 = CARTESIAN_POINT ( 'NONE',  ( 13.79943727625017800, 9.539392014169457900, 3.000000000000000400 ) ) ;
#682 = CIRCLE ( 'NONE', #1710, 10.00000000000000000 ) ;
#683 = FACE_BOUND ( 'NONE', #2136, .T. ) ;
#684 = FACE_BOUND ( 'NONE', #2099, .T. ) ;
#685 = PLANE ( 'NONE',  #2151 ) ;
#686 = DIRECTION ( 'NONE',  ( 0.0000000000000000000, -1.000000000000000000, 0.0000000000000000000 ) ) ;
#687 = FACE_OUTER_BOUND ( 'NONE', #2120, .T. ) ;
#688 = CARTESIAN_POINT ( 'NONE',  ( -4.053937525211350300, -26.62770635380516600, -11.50000000000000000 ) ) ;
#689 = FACE_OUTER_BOUND ( 'NONE', #2143, .T. ) ;
#690 = CIRCLE ( 'NONE', #1714, 21.04637979398435000 ) ;
#691 = CIRCLE ( 'NONE', #1727, 14.50000000000000000 ) ;
#692 = PLANE ( 'NONE',  #2145 ) ;
#693 = DIRECTION ( 'NONE',  ( 0.0000000000000000000, 0.0000000000000000000, 1.000000000000000000 ) ) ;
#694 = FACE_OUTER_BOUND ( 'NONE', #2651, .T. ) ;
#695 = DIRECTION ( 'NONE',  ( 1.000000000000000000, 0.0000000000000000000, 0.0000000000000000000 ) ) ;
#696 = FACE_OUTER_BOUND ( 'NONE', #2087, .T. ) ;
#697 = CARTESIAN_POINT ( 'NONE',  ( 12.73397459621556000, 14.50000000000000000, -1.500000000000000000 ) ) ;
#698 = CYLINDRICAL_SURFACE ( 'NONE', #1733, 5.999999999999998200 ) ;
#699 = DIRECTION ( 'NONE',  ( 1.000000000000000000, 0.0000000000000000000, 6.123031769111888800E-017 ) ) ;
#700 = LINE ( 'NONE', #2470, #704 ) ;
#701 = DIRECTION ( 'NONE',  ( 6.123031769111888800E-017, 0.0000000000000000000, -1.000000000000000000 ) ) ;
#702 = CARTESIAN_POINT ( 'NONE',  ( -8.000000000000000000, 0.0000000000000000000, 0.0000000000000000000 ) ) ;
#703 = PLANE ( 'NONE',  #2116 ) ;
#704 = VECTOR ( 'NONE', #2463, 1000.000000000000000 ) ;
#705 = DIRECTION ( 'NONE',  ( 1.000000000000000000, 0.0000000000000000000, 6.123031769111888800E-017 ) ) ;
#706 = ADVANCED_FACE ( 'E933', ( #866 ), #882, .T. ) ;
#707 = DIRECTION ( 'NONE',  ( 0.0000000000000000000, 0.0000000000000000000, -1.000000000000000000 ) ) ;
#708 = DIRECTION ( 'NONE',  ( 0.0000000000000000000, 0.0000000000000000000, 1.000000000000000000 ) ) ;
#709 = FACE_OUTER_BOUND ( 'NONE', #2091, .T. ) ;
#710 = PLANE ( 'NONE',  #2133 ) ;
#711 = CARTESIAN_POINT ( 'NONE',  ( -15.00000000000000000, 45.00000000000000000, -2.755364296100350000E-015 ) ) ;
#712 = FACE_OUTER_BOUND ( 'NONE', #2490, .T. ) ;
#713 = CARTESIAN_POINT ( 'NONE',  ( 12.73397459621556000, 14.50000000000000000, -1.500000000000000000 ) ) ;
#714 = CARTESIAN_POINT ( 'NONE',  ( 10.50000000000000000, -12.33333333333334100, -27.34755727462490100 ) ) ;
#715 = CC_DESIGN_PERSON_AND_ORGANIZATION_ASSIGNMENT ( #2569, #322, ( #776 ) ) ;
#716 = DIRECTION ( 'NONE',  ( 0.0000000000000000000, 0.0000000000000000000, -1.000000000000000000 ) ) ;
#717 = VECTOR ( 'NONE', #2382, 1000.000000000000000 ) ;
#718 = DIRECTION ( 'NONE',  ( -1.000000000000000000, 0.0000000000000000000, 0.0000000000000000000 ) ) ;
#719 = FACE_OUTER_BOUND ( 'NONE', #2515, .T. ) ;
#720 = DIRECTION ( 'NONE',  ( 0.0000000000000000000, 0.0000000000000000000, 1.000000000000000000 ) ) ;
#721 = CARTESIAN_POINT ( 'NONE',  ( -5.100000000000000500, 55.19885594382850500, 11.50000000000000000 ) ) ;
#722 = FACE_OUTER_BOUND ( 'NONE', #2312, .T. ) ;
#723 = DIRECTION ( 'NONE',  ( -1.000000000000000000, 0.0000000000000000000, 0.0000000000000000000 ) ) ;
#724 = TOROIDAL_SURFACE ( 'NONE', #1757, 21.04637979398435000, 2.000000000000000000 ) ;
#725 = FACE_OUTER_BOUND ( 'NONE', #2632, .T. ) ;
#726 = DIRECTION ( 'NONE',  ( 0.0000000000000000000, 0.0000000000000000000, 1.000000000000000000 ) ) ;
#727 = CARTESIAN_POINT ( 'NONE',  ( 9.509999999999999800, 0.0000000000000000000, 0.0000000000000000000 ) ) ;
#728 = CIRCLE ( 'NONE', #1810, 13.89999999999999900 ) ;
#729 = CONICAL_SURFACE ( 'NONE', #1814, 2.458750000000000700, 0.7853981633974476100 ) ;
#730 = DIRECTION ( 'NONE',  ( 0.8660254037844387100, 0.0000000000000000000, 0.4999999999999998900 ) ) ;
#731 = DIRECTION ( 'NONE',  ( -1.000000000000000000, 0.0000000000000000000, -6.123031769111888800E-017 ) ) ;
#732 = FACE_OUTER_BOUND ( 'NONE', #1488, .T. ) ;
#733 = DIRECTION ( 'NONE',  ( 0.0000000000000000000, 0.0000000000000000000, -1.000000000000000000 ) ) ;
#734 = PLANE ( 'NONE',  #1053 ) ;
#735 = VECTOR ( 'NONE', #1880, 1000.000000000000000 ) ;
#736 = DIRECTION ( 'NONE',  ( 1.000000000000000000, 0.0000000000000000000, 0.0000000000000000000 ) ) ;
#737 = DIRECTION ( 'NONE',  ( 0.4999999999999998900, 0.0000000000000000000, -0.8660254037844387100 ) ) ;
#738 = FACE_OUTER_BOUND ( 'NONE', #2318, .T. ) ;
#739 = CARTESIAN_POINT ( 'NONE',  ( -5.100000000000000500, -27.70830200499484900, -11.50000000000000000 ) ) ;
#740 = CARTESIAN_POINT ( 'NONE',  ( 17.69999999999999900, 0.0000000000000000000, 0.0000000000000000000 ) ) ;
#741 = LINE ( 'NONE', #2236, #717 ) ;
#742 = DIRECTION ( 'NONE',  ( -1.000000000000000000, 0.0000000000000000000, 0.0000000000000000000 ) ) ;
#743 = FACE_OUTER_BOUND ( 'NONE', #2554, .T. ) ;
#744 = CARTESIAN_POINT ( 'NONE',  ( -4.161812596680515100, 0.0000000000000000000, 0.0000000000000000000 ) ) ;
#745 = CC_DESIGN_APPROVAL ( #748, ( #776 ) ) ;
#746 = CARTESIAN_POINT ( 'NONE',  ( 0.0000000000000000000, 0.0000000000000000000, 0.0000000000000000000 ) ) ;
#747 = LINE ( 'NONE', #1879, #735 ) ;
#748 = APPROVAL ( #327, 'UNSPECIFIED' ) ;
#749 = CIRCLE ( 'NONE', #1826, 3.000000000000000000 ) ;
#750 = DIRECTION ( 'NONE',  ( -1.000000000000000000, 0.0000000000000000000, 0.0000000000000000000 ) ) ;
#751 = DIRECTION ( 'NONE',  ( 0.0000000000000000000, 1.000000000000000000, 0.0000000000000000000 ) ) ;
#752 = DIRECTION ( 'NONE',  ( 0.0000000000000000000, 0.8660254037844389300, -0.4999999999999998300 ) ) ;
#753 = CIRCLE ( 'NONE', #1772, 14.50000000000000000 ) ;
#754 = DIRECTION ( 'NONE',  ( -1.000000000000000000, 0.0000000000000000000, 0.0000000000000000000 ) ) ;
#755 = LINE ( 'NONE', #1777, #772 ) ;
#756 = CARTESIAN_POINT ( 'NONE',  ( 13.60000000000000000, -5.000000000000000000, -8.660254037844390900 ) ) ;
#757 = FACE_BOUND ( 'NONE', #2544, .T. ) ;
#758 = DIRECTION ( 'NONE',  ( 0.0000000000000000000, -0.4999999999999998900, -0.8660254037844387100 ) ) ;
#759 = VECTOR ( 'NONE', #1755, 1000.000000000000000 ) ;
#760 = FACE_OUTER_BOUND ( 'NONE', #2330, .T. ) ;
#761 = DIRECTION ( 'NONE',  ( 1.000000000000000000, 0.0000000000000000000, 0.0000000000000000000 ) ) ;
#762 = LINE ( 'NONE', #1762, #759 ) ;
#763 = VECTOR ( 'NONE', #1759, 1000.000000000000100 ) ;
#764 = DIRECTION ( 'NONE',  ( 2.517246393968220700E-017, 0.9115852424874963900, -0.4111111111111110900 ) ) ;
#765 = DIRECTION ( 'NONE',  ( -1.000000000000000000, 0.0000000000000000000, -6.123031769111888800E-017 ) ) ;
#766 = DIRECTION ( 'NONE',  ( -1.000000000000000000, 0.0000000000000000000, -6.123031769111888800E-017 ) ) ;
#767 = LINE ( 'NONE', #1742, #763 ) ;
#768 = CARTESIAN_POINT ( 'NONE',  ( 9.561812596680519900, 0.0000000000000000000, 0.0000000000000000000 ) ) ;
#769 = CIRCLE ( 'NONE', #1835, 20.15685424949240100 ) ;
#770 = CARTESIAN_POINT ( 'NONE',  ( 0.0000000000000000000, 0.0000000000000000000, 0.0000000000000000000 ) ) ;
#771 = DIRECTION ( 'NONE',  ( 0.0000000000000000000, 0.0000000000000000000, 1.000000000000000000 ) ) ;
#772 = VECTOR ( 'NONE', #1837, 1000.000000000000000 ) ;
#773 = DIRECTION ( 'NONE',  ( -5.782411586589357400E-017, 0.0000000000000000000, 1.000000000000000000 ) ) ;
#774 = DIRECTION ( 'NONE',  ( 0.0000000000000000000, -1.000000000000000000, 0.0000000000000000000 ) ) ;
#775 = DIRECTION ( 'NONE',  ( 0.0000000000000000000, -1.000000000000000000, 0.0000000000000000000 ) ) ;
#776 = PRODUCT_DEFINITION ( 'UNKNOWN', '', #645, #1186 ) ;
#777 = CYLINDRICAL_SURFACE ( 'NONE', #1847, 5.999999999999998200 ) ;
#778 = CARTESIAN_POINT ( 'NONE',  ( -5.100000000000000500, 55.19885594382850500, 0.0000000000000000000 ) ) ;
#779 = CARTESIAN_POINT ( 'NONE',  ( 13.60000000000000000, 13.95875000000000000, 0.0000000000000000000 ) ) ;
#780 = ADVANCED_FACE ( 'E1314', ( #889, #861 ), #851, .F. ) ;
#781 = LINE ( 'NONE', #2080, #839 ) ;
#782 = DIRECTION ( 'NONE',  ( 0.0000000000000000000, 0.0000000000000000000, -1.000000000000000000 ) ) ;
#783 = CARTESIAN_POINT ( 'NONE',  ( 10.50000000000000000, 12.33333333333332000, -27.34755727462490100 ) ) ;
#784 = CONICAL_SURFACE ( 'NONE', #1874, 13.89999999999999900, 0.7853981633974490600 ) ;
#785 = CARTESIAN_POINT ( 'NONE',  ( 10.50000000000000000, 0.0000000000000000000, 1.561373101123529800E-015 ) ) ;
#786 = CC_DESIGN_PERSON_AND_ORGANIZATION_ASSIGNMENT ( #2821, #337, ( #1417 ) ) ;
#787 = FACE_OUTER_BOUND ( 'NONE', #2431, .T. ) ;
#788 = DIRECTION ( 'NONE',  ( -1.000000000000000000, 0.0000000000000000000, -3.204937810639275000E-016 ) ) ;
#789 = PLANE ( 'NONE',  #2071 ) ;
#790 = CIRCLE ( 'NONE', #1850, 14.50000000000000000 ) ;
#791 = CARTESIAN_POINT ( 'NONE',  ( -9.500000000000000000, 0.0000000000000000000, -11.50000000000000000 ) ) ;
#792 = FACE_OUTER_BOUND ( 'NONE', #2363, .T. ) ;
#793 = DIRECTION ( 'NONE',  ( -1.000000000000000000, 0.0000000000000000000, -6.123031769111888800E-017 ) ) ;
#794 = CARTESIAN_POINT ( 'NONE',  ( 11.86794919243111900, -7.250000000000000000, -12.55736835487436000 ) ) ;
#795 = FACE_OUTER_BOUND ( 'NONE', #2357, .T. ) ;
#796 = CIRCLE ( 'NONE', #1859, 30.00000000000000000 ) ;
#797 = FACE_OUTER_BOUND ( 'NONE', #2222, .T. ) ;
#798 = DIRECTION ( 'NONE',  ( 1.000000000000000000, 0.0000000000000000000, 0.0000000000000000000 ) ) ;
#799 = DIRECTION ( 'NONE',  ( 0.0000000000000000000, 0.0000000000000000000, -1.000000000000000000 ) ) ;
#800 = CARTESIAN_POINT ( 'NONE',  ( 14.46602540378444100, 13.37500000000000000, -1.500000000000000000 ) ) ;
#801 = FACE_BOUND ( 'NONE', #2231, .T. ) ;
#802 = FACE_OUTER_BOUND ( 'NONE', #2184, .T. ) ;
#803 = AXIS2_PLACEMENT_3D ( 'NONE', #565, #363, #341 ) ;
#804 = PLANE ( 'NONE',  #2055 ) ;
#805 = TOROIDAL_SURFACE ( 'NONE', #1894, 10.60000000000000000, 0.5999999999999999800 ) ;
#806 = DIRECTION ( 'NONE',  ( 0.06162841671621927000, 0.7044160264027586900, 0.7071067811865476800 ) ) ;
#807 = DIRECTION ( 'NONE',  ( -1.000000000000000000, 0.0000000000000000000, 0.0000000000000000000 ) ) ;
#808 = FACE_OUTER_BOUND ( 'NONE', #2181, .T. ) ;
#809 = DIRECTION ( 'NONE',  ( 0.0000000000000000000, 0.0000000000000000000, -1.000000000000000000 ) ) ;
#810 = CIRCLE ( 'NONE', #1901, 27.00000000000000000 ) ;
#811 = DIRECTION ( 'NONE',  ( -1.000000000000000000, 0.0000000000000000000, 0.0000000000000000000 ) ) ;
#812 = VECTOR ( 'NONE', #1429, 1000.000000000000000 ) ;
#813 = PLANE ( 'NONE',  #2041 ) ;
#814 = CIRCLE ( 'NONE', #1940, 20.15685424949240100 ) ;
#815 = CARTESIAN_POINT ( 'NONE',  ( 5.058794030621039700, 20.67461037492094900, 20.75358402782515200 ) ) ;
#816 = CARTESIAN_POINT ( 'NONE',  ( -12.10000000000000000, 0.0000000000000000000, 0.0000000000000000000 ) ) ;
#817 = CIRCLE ( 'NONE', #1917, 20.15685424949240100 ) ;
#818 = CARTESIAN_POINT ( 'NONE',  ( -15.00000000000000000, -49.72777777777780300, 10.48323028860620100 ) ) ;
#819 = LINE ( 'NONE', #1402, #812 ) ;
#820 = CARTESIAN_POINT ( 'NONE',  ( 17.69999999999999900, 0.0000000000000000000, 0.0000000000000000000 ) ) ;
#821 = DIRECTION ( 'NONE',  ( 0.8660254037844387100, -0.4330127018922192400, 0.2500000000000001100 ) ) ;
#822 = DIRECTION ( 'NONE',  ( 0.0000000000000000000, 0.0000000000000000000, -1.000000000000000000 ) ) ;
#823 = FACE_OUTER_BOUND ( 'NONE', #2494, .T. ) ;
#824 = DIRECTION ( 'NONE',  ( -0.4999999999999999400, -0.7499999999999998900, 0.4330127018922194600 ) ) ;
#825 = CIRCLE ( 'NONE', #1903, 20.15685424949240100 ) ;
#826 = CARTESIAN_POINT ( 'NONE',  ( -4.107875057440959500, -26.63121803334915000, -11.50000000000000000 ) ) ;
#827 = CYLINDRICAL_SURFACE ( 'NONE', #1924, 3.000000000000002200 ) ;
#828 = CIRCLE ( 'NONE', #1921, 14.50000000000000000 ) ;
#829 = DIRECTION ( 'NONE',  ( 1.000000000000000000, 0.0000000000000000000, 0.0000000000000000000 ) ) ;
#830 = B_SPLINE_CURVE_WITH_KNOTS ( 'NONE', 3,
 ( #2524, #2306, #2556, #2606 ),
 .UNSPECIFIED., .F., .F.,
 ( 4, 4 ),
 ( 0.05430046085251529600, 0.05446261600729451800 ),
 .UNSPECIFIED. ) ;
#831 = CARTESIAN_POINT ( 'NONE',  ( -4.110000000000000300, 0.0000000000000000000, 0.0000000000000000000 ) ) ;
#832 = CIRCLE ( 'NONE', #1929, 14.50000000000000000 ) ;
#833 = CIRCLE ( 'NONE', #1920, 14.50000000000000000 ) ;
#834 = DIRECTION ( 'NONE',  ( -0.06162841671621946400, -0.7044160264027585800, 0.7071067811865476800 ) ) ;
#835 = CIRCLE ( 'NONE', #1946, 14.50000000000000000 ) ;
#836 = DIRECTION ( 'NONE',  ( 0.0000000000000000000, 1.000000000000000000, 0.0000000000000000000 ) ) ;
#837 = DIRECTION ( 'NONE',  ( 0.0000000000000000000, 0.0000000000000000000, 1.000000000000000000 ) ) ;
#838 = FACE_OUTER_BOUND ( 'NONE', #2523, .T. ) ;
#839 = VECTOR ( 'NONE', #196, 1000.000000000000000 ) ;
#840 = CARTESIAN_POINT ( 'NONE',  ( -4.161812596680515100, -26.63472960422920000, -11.50000000000000000 ) ) ;
#841 = CARTESIAN_POINT ( 'NONE',  ( -8.000000000000000000, 0.0000000000000000000, 0.0000000000000000000 ) ) ;
#842 = DIRECTION ( 'NONE',  ( 6.123031769111888800E-017, 0.0000000000000000000, -1.000000000000000000 ) ) ;
#843 = LINE ( 'NONE', #1169, #854 ) ;
#844 = DIRECTION ( 'NONE',  ( 1.000000000000000000, 0.0000000000000000000, 6.123031769111888800E-017 ) ) ;
#845 = EDGE_CURVE ( 'NONE', #104, #104, #2110, .T. ) ;
#846 = DIRECTION ( 'NONE',  ( -1.000000000000000000, 0.0000000000000000000, 0.0000000000000000000 ) ) ;
#847 = DIRECTION ( 'NONE',  ( 0.0000000000000000000, -0.8660254037844388200, 0.4999999999999997200 ) ) ;
#848 = CARTESIAN_POINT ( 'NONE',  ( 10.50000000000000000, 49.72777777777780300, -10.48323028860620100 ) ) ;
#849 = FACE_BOUND ( 'NONE', #2061, .T. ) ;
#850 = CARTESIAN_POINT ( 'NONE',  ( 13.60000000000000000, -6.979375000000000100, -12.08863210507601900 ) ) ;
#851 = CONICAL_SURFACE ( 'NONE', #2006, 3.000000000000000000, 0.7853981633974476100 ) ;
#852 = CARTESIAN_POINT ( 'NONE',  ( -4.000000000000000000, 26.62419456546835100, 11.50000000000000000 ) ) ;
#853 = ADVANCED_FACE ( 'E1086', ( #858, #865 ), #913, .T. ) ;
#854 = VECTOR ( 'NONE', #1172, 1000.000000000000000 ) ;
#855 = DIRECTION ( 'NONE',  ( 0.0000000000000000000, 0.4999999999999998900, 0.8660254037844387100 ) ) ;
#856 = FACE_OUTER_BOUND ( 'NONE', #2518, .T. ) ;
#857 = DIRECTION ( 'NONE',  ( 0.0000000000000000000, -1.000000000000000000, 0.0000000000000000000 ) ) ;
#858 = FACE_OUTER_BOUND ( 'NONE', #2341, .T. ) ;
#859 = CARTESIAN_POINT ( 'NONE',  ( 10.50000000000000000, 49.72777777777780300, 10.48323028860620100 ) ) ;
#860 = CARTESIAN_POINT ( 'NONE',  ( 14.46602540378444100, 14.50000000000000000, -1.500000000000000000 ) ) ;
#861 = FACE_BOUND ( 'NONE', #2259, .T. ) ;
#862 = CARTESIAN_POINT ( 'NONE',  ( -4.161812596680515100, -26.63472960422920000, 11.50000000000000000 ) ) ;
#863 = CONICAL_SURFACE ( 'NONE', #2034, 3.000000000000000900, 0.7853981633974490600 ) ;
#864 = PLANE ( 'NONE',  #1104 ) ;
#865 = FACE_BOUND ( 'NONE', #2370, .T. ) ;
#866 = FACE_OUTER_BOUND ( 'NONE', #2681, .T. ) ;
#867 = PLANE ( 'NONE',  #2012 ) ;
#868 = FACE_OUTER_BOUND ( 'NONE', #2060, .T. ) ;
#869 = CARTESIAN_POINT ( 'NONE',  ( 15.33205080756890100, -7.250000000000000000, -12.55736835487436000 ) ) ;
#870 = FACE_OUTER_BOUND ( 'NONE', #2671, .T. ) ;
#871 = DIRECTION ( 'NONE',  ( -1.000000000000000000, 0.0000000000000000000, 0.0000000000000000000 ) ) ;
#872 = DIRECTION ( 'NONE',  ( 0.0000000000000000000, 0.0000000000000000000, 1.000000000000000000 ) ) ;
#873 = DIRECTION ( 'NONE',  ( 2.517246393968220400E-017, 0.9115852424874963900, -0.4111111111111110900 ) ) ;
#874 = CARTESIAN_POINT ( 'NONE',  ( -5.100000000000000500, 0.0000000000000000000, 0.0000000000000000000 ) ) ;
#875 = CYLINDRICAL_SURFACE ( 'NONE', #2030, 25.85000000000000100 ) ;
#876 = CARTESIAN_POINT ( 'NONE',  ( -4.107875057440958600, -26.63121803334915000, 11.50000000000000000 ) ) ;
#877 = ADVANCED_FACE ( 'E1352', ( #868, #849 ), #1125, .T. ) ;
#878 = CARTESIAN_POINT ( 'NONE',  ( -4.000000000000000000, 0.0000000000000000000, -11.50000000000000000 ) ) ;
#879 = FACE_OUTER_BOUND ( 'NONE', #2558, .T. ) ;
#880 = DIRECTION ( 'NONE',  ( 1.000000000000000000, 0.0000000000000000000, 0.0000000000000000000 ) ) ;
#881 = CIRCLE ( 'NONE', #1964, 10.60000000000000000 ) ;
#882 = PLANE ( 'NONE',  #1995 ) ;
#883 = PLANE ( 'NONE',  #1110 ) ;
#884 = DIRECTION ( 'NONE',  ( 0.0000000000000000000, 0.0000000000000000000, 1.000000000000000000 ) ) ;
#885 = FACE_OUTER_BOUND ( 'NONE', #2602, .T. ) ;
#886 = EDGE_CURVE ( 'E1245', #1093, #1976, #843, .T. ) ;
#887 = DIRECTION ( 'NONE',  ( -6.123031769111888800E-017, 1.000000000000000000, 0.0000000000000000000 ) ) ;
#888 = CARTESIAN_POINT ( 'NONE',  ( -4.000000000000000000, -26.62419456546835100, 11.50000000000000000 ) ) ;
#889 = FACE_OUTER_BOUND ( 'NONE', #2255, .T. ) ;
#890 = DIRECTION ( 'NONE',  ( -0.4999999999999998900, 0.0000000000000000000, -0.8660254037844387100 ) ) ;
#891 = B_SPLINE_CURVE_WITH_KNOTS ( 'NONE', 3,
 ( #510, #526, #558, #549, #552, #555, #562, #567 ),
 .UNSPECIFIED., .F., .F.,
 ( 4, 2, 2, 4 ),
 ( 0.005349642644587489200, 0.006131216914038379800, 0.006522004048763824200, 0.006912791183489268600 ),
 .UNSPECIFIED. ) ;
#892 = FACE_OUTER_BOUND ( 'NONE', #2178, .T. ) ;
#893 = CARTESIAN_POINT ( 'NONE',  ( 15.33205080756890100, 13.37500000000000000, 1.060540212046012100E-016 ) ) ;
#894 = DIRECTION ( 'NONE',  ( -0.8660254037844387100, 0.4330127018922192400, -0.2500000000000001100 ) ) ;
#895 = DIRECTION ( 'NONE',  ( 0.4999999999999999400, 0.7499999999999998900, -0.4330127018922194600 ) ) ;
#896 = TOROIDAL_SURFACE ( 'NONE', #2039, 10.60000000000000000, 0.5999999999999999800 ) ;
#897 = FACE_BOUND ( 'NONE', #2678, .T. ) ;
#898 = CARTESIAN_POINT ( 'NONE',  ( 0.0000000000000000000, 0.0000000000000000000, 0.0000000000000000000 ) ) ;
#899 = FACE_OUTER_BOUND ( 'NONE', #2149, .T. ) ;
#900 = CARTESIAN_POINT ( 'NONE',  ( 13.60000000000000000, 13.95875000000000000, 0.0000000000000000000 ) ) ;
#901 = CYLINDRICAL_SURFACE ( 'NONE', #2081, 30.00000000000000000 ) ;
#902 = FACE_OUTER_BOUND ( 'NONE', #2599, .T. ) ;
#903 = CARTESIAN_POINT ( 'NONE',  ( 10.14996197269344200, -7.890404719467201600, -12.16715248963055800 ) ) ;
#904 = CARTESIAN_POINT ( 'NONE',  ( 11.14124999999999900, 14.50000000000000000, 0.0000000000000000000 ) ) ;
#905 = DIRECTION ( 'NONE',  ( 2.517246393968218500E-017, -0.9115852424874965100, -0.4111111111111107600 ) ) ;
#906 = FACE_OUTER_BOUND ( 'NONE', #2423, .T. ) ;
#907 = CARTESIAN_POINT ( 'NONE',  ( 10.10854460649798100, -7.704636657938190900, -12.28367102983360200 ) ) ;
#908 = CONICAL_SURFACE ( 'NONE', #2108, 2.458750000000000200, 0.7853981633974490600 ) ;
#909 = CARTESIAN_POINT ( 'NONE',  ( -15.00000000000000000, 0.0000000000000000000, 0.0000000000000000000 ) ) ;
#910 = CARTESIAN_POINT ( 'NONE',  ( -4.000000000000000000, 0.0000000000000000000, 0.0000000000000000000 ) ) ;
#911 = DIRECTION ( 'NONE',  ( 0.0000000000000000000, 0.0000000000000000000, 1.000000000000000000 ) ) ;
#912 = CC_DESIGN_SECURITY_CLASSIFICATION ( #563, ( #645 ) ) ;
#913 = PLANE ( 'NONE',  #1972 ) ;
#914 = FACE_OUTER_BOUND ( 'NONE', #2404, .T. ) ;
#915 = CARTESIAN_POINT ( 'NONE',  ( -4.000000000000000000, 45.00000000000000000, 0.0000000000000000000 ) ) ;
#916 = CARTESIAN_POINT ( 'NONE',  ( 10.21562628770269800, -8.065534695082590100, -12.05146170178573000 ) ) ;
#917 = CARTESIAN_POINT ( 'NONE',  ( 10.39110831496298800, -8.397209206562092000, -11.82275165130427100 ) ) ;
#918 = FACE_OUTER_BOUND ( 'NONE', #2461, .T. ) ;
#919 = DIRECTION ( 'NONE',  ( 0.0000000000000000000, 1.000000000000000000, 0.0000000000000000000 ) ) ;
#920 = CONICAL_SURFACE ( 'NONE', #2127, 14.50000000000000000, 0.7853981633974482800 ) ;
#921 = CARTESIAN_POINT ( 'NONE',  ( 10.50265150495369300, -8.555241527054333200, -11.70854477981316700 ) ) ;
#922 = CARTESIAN_POINT ( 'NONE',  ( 10.76022541146944500, -8.842278169337733500, -11.49331524074661300 ) ) ;
#923 = FACE_OUTER_BOUND ( 'NONE', #1845, .T. ) ;
#924 = DIRECTION ( 'NONE',  ( 1.000000000000000000, 0.0000000000000000000, 0.0000000000000000000 ) ) ;
#925 = UNCERTAINTY_MEASURE_WITH_UNIT (LENGTH_MEASURE( 1.000000000000000100E-005 ), #358, 'distance_accuracy_value', 'NONE');
#926 = FACE_OUTER_BOUND ( 'NONE', #1855, .T. ) ;
#927 = DIRECTION ( 'NONE',  ( 0.0000000000000000000, 0.0000000000000000000, -1.000000000000000000 ) ) ;
#928 = CARTESIAN_POINT ( 'NONE',  ( 10.90623205681138700, -8.972388903006901700, -11.39162829788356600 ) ) ;
#929 = CARTESIAN_POINT ( 'NONE',  ( -4.110000000000000300, 0.0000000000000000000, 0.0000000000000000000 ) ) ;
#930 = FACE_OUTER_BOUND ( 'NONE', #1049, .T. ) ;
#931 = CARTESIAN_POINT ( 'NONE',  ( 11.23124081071539700, -9.208478740626304700, -11.20164618202952800 ) ) ;
#932 = DIRECTION ( 'NONE',  ( -1.000000000000000000, 0.0000000000000000000, 0.0000000000000000000 ) ) ;
#933 = FACE_OUTER_BOUND ( 'NONE', #2209, .T. ) ;
#934 = TOROIDAL_SURFACE ( 'NONE', #2093, 17.32842712474619900, 4.000000000000000000 ) ;
#935 = CARTESIAN_POINT ( 'NONE',  ( -4.053937525211350300, 26.62770635380516600, 11.50000000000000000 ) ) ;
#936 = DIRECTION ( 'NONE',  ( 5.581665400004503000E-017, -0.4111111111111110900, -0.9115852424874963900 ) ) ;
#937 = AXIS2_PLACEMENT_3D ( 'NONE', #574, #577, #564 ) ;
#938 = FACE_BOUND ( 'NONE', #2205, .T. ) ;
#939 = AXIS2_PLACEMENT_3D ( 'NONE', #588, #572, #570 ) ;
#940 = DIRECTION ( 'NONE',  ( 0.0000000000000000000, -1.000000000000000000, 0.0000000000000000000 ) ) ;
#941 = CARTESIAN_POINT ( 'NONE',  ( 11.40727234114451400, -9.312079172180094800, -11.11525974340977500 ) ) ;
#942 = CARTESIAN_POINT ( 'NONE',  ( 11.77942210839007600, -9.491061795170523400, -10.96282644543235200 ) ) ;
#943 = FACE_BOUND ( 'NONE', #2646, .T. ) ;
#944 = DIRECTION ( 'NONE',  ( -2.517246393968220700E-017, 0.9115852424874963900, 0.4111111111111110900 ) ) ;
#945 = CONICAL_SURFACE ( 'NONE', #2157, 2.458750000000000200, 0.7853981633974490600 ) ;
#946 = CARTESIAN_POINT ( 'NONE',  ( 11.97815445509592900, -9.567481610537644300, -10.89587754530221500 ) ) ;
#947 = CARTESIAN_POINT ( 'NONE',  ( 15.33205080756890100, 14.50000000000000000, 1.060540212046012100E-016 ) ) ;
#948 = FACE_OUTER_BOUND ( 'NONE', #2608, .T. ) ;
#949 = CARTESIAN_POINT ( 'NONE',  ( 12.38860042010081800, -9.691256208141052000, -10.78593551614159000 ) ) ;
#950 = AXIS2_PLACEMENT_3D ( 'NONE', #605, #596, #608 ) ;
#951 = DIRECTION ( 'NONE',  ( 0.0000000000000000000, -0.2588190451025210700, -0.9659258262890682000 ) ) ;
#952 = CARTESIAN_POINT ( 'NONE',  ( 12.59896123184385200, -9.738537448915753500, -10.74304220134111900 ) ) ;
#953 = CARTESIAN_POINT ( 'NONE',  ( 13.02965158456949100, -9.805720432630209900, -10.68175613749112300 ) ) ;
#954 = AXIS2_PLACEMENT_3D ( 'NONE', #612, #642, #619 ) ;
#955 =( GEOMETRIC_REPRESENTATION_CONTEXT ( 3 ) GLOBAL_UNCERTAINTY_ASSIGNED_CONTEXT ( ( #925 ) ) GLOBAL_UNIT_ASSIGNED_CONTEXT ( ( #358, #357, #353 ) ) REPRESENTATION_CONTEXT ( 'NONE', 'WORKASPACE' ) );
#956 = FACE_OUTER_BOUND ( 'NONE', #2508, .T. ) ;
#957 = FACE_OUTER_BOUND ( 'NONE', #2376, .T. ) ;
#958 = CARTESIAN_POINT ( 'NONE',  ( -4.400000000000000400, 0.0000000000000000000, 0.0000000000000000000 ) ) ;
#959 = DIRECTION ( 'NONE',  ( 1.000000000000000000, 0.0000000000000000000, 0.0000000000000000000 ) ) ;
#960 = FACE_BOUND ( 'NONE', #2353, .T. ) ;
#961 = CARTESIAN_POINT ( 'NONE',  ( 13.25204579150231500, -9.825534995623916900, -10.66343831026457600 ) ) ;
#962 = CARTESIAN_POINT ( 'NONE',  ( 13.69277533181708500, -9.836392772060273500, -10.65342347702413900 ) ) ;
#963 = EDGE_CURVE ( 'NONE', #85, #85, #881, .T. ) ;
#964 = FACE_BOUND ( 'NONE', #2605, .T. ) ;
#965 = DIRECTION ( 'NONE',  ( 0.0000000000000000000, 1.000000000000000000, 0.0000000000000000000 ) ) ;
#966 = CARTESIAN_POINT ( 'NONE',  ( 13.91195652861346100, -9.827845231280894800, -10.66135064041815600 ) ) ;
#967 = FACE_BOUND ( 'NONE', #2458, .T. ) ;
#968 = DIRECTION ( 'NONE',  ( -1.000000000000000000, 0.0000000000000000000, 0.0000000000000000000 ) ) ;
#969 = FACE_OUTER_BOUND ( 'NONE', #2441, .T. ) ;
#970 = DIRECTION ( 'NONE',  ( 0.0000000000000000000, -1.000000000000000000, 0.0000000000000000000 ) ) ;
#971 = CARTESIAN_POINT ( 'NONE',  ( 14.46602540378444100, 14.50000000000000000, 1.500000000000000000 ) ) ;
#972 = FACE_OUTER_BOUND ( 'NONE', #2349, .T. ) ;
#973 = CARTESIAN_POINT ( 'NONE',  ( 14.34795814021495100, -9.782687143716309200, -10.70280204507786000 ) ) ;
#974 = FACE_OUTER_BOUND ( 'NONE', #1086, .T. ) ;
#975 = CARTESIAN_POINT ( 'NONE',  ( 14.56642077976835700, -9.745482547940891700, -10.73686275069559700 ) ) ;
#976 = EDGE_LOOP ( 'NONE', ( #1060 ) ) ;
#977 = ORIENTED_EDGE ( 'NONE', *, *, #2324, .F. ) ;
#978 = CARTESIAN_POINT ( 'NONE',  ( -4.053937525211347600, -26.62770635380516600, 11.50000000000000000 ) ) ;
#979 = DIRECTION ( 'NONE',  ( 1.000000000000000000, 0.0000000000000000000, 0.0000000000000000000 ) ) ;
#980 = CARTESIAN_POINT ( 'NONE',  ( 14.98503035683945100, -9.644046702291836600, -10.82806607956882900 ) ) ;
#981 = CARTESIAN_POINT ( 'NONE',  ( 0.0000000000000000000, 0.0000000000000000000, 0.0000000000000000000 ) ) ;
#982 = EDGE_LOOP ( 'NONE', ( #1003 ) ) ;
#983 = DIRECTION ( 'NONE',  ( 0.0000000000000000000, 0.0000000000000000000, -1.000000000000000000 ) ) ;
#984 = B_SPLINE_CURVE_WITH_KNOTS ( 'NONE', 3,
 ( #852, #935, #1552, #1534 ),
 .UNSPECIFIED., .F., .F.,
 ( 4, 4 ),
 ( 0.05495675382597337000, 0.05511890896803807400 ),
 .UNSPECIFIED. ) ;
#985 = CARTESIAN_POINT ( 'NONE',  ( 15.18683806706916600, -9.579873461924519200, -10.88516628477962400 ) ) ;
#986 = ORIENTED_EDGE ( 'NONE', *, *, #2352, .T. ) ;
#987 = DIRECTION ( 'NONE',  ( 1.224606353822375800E-016, 0.0000000000000000000, -1.000000000000000000 ) ) ;
#988 = CARTESIAN_POINT ( 'NONE',  ( 15.57509934662474100, -9.422716497289764300, -11.02148966362949900 ) ) ;
#989 = ORIENTED_EDGE ( 'NONE', *, *, #2199, .F. ) ;
#990 = DIRECTION ( 'NONE',  ( 1.000000000000000000, 0.0000000000000000000, 1.224606353822375800E-016 ) ) ;
#991 = VERTEX_POINT ( 'NONE', #1168 ) ;
#992 = DIRECTION ( 'NONE',  ( 0.5000000000000003300, 0.0000000000000000000, -0.8660254037844383700 ) ) ;
#993 = CARTESIAN_POINT ( 'NONE',  ( 15.76255724940138100, -9.328752459824784200, -11.10149878859009600 ) ) ;
#994 = EDGE_LOOP ( 'NONE', ( #1071 ) ) ;
#995 = AXIS2_PLACEMENT_3D ( 'NONE', #644, #618, #614 ) ;
#996 = CARTESIAN_POINT ( 'NONE',  ( 14.46602540378444100, 13.37500000000000000, 1.500000000000000000 ) ) ;
#997 = DIRECTION ( 'NONE',  ( 6.424901762877063500E-017, 0.0000000000000000000, -1.000000000000000000 ) ) ;
#998 = CARTESIAN_POINT ( 'NONE',  ( 16.10550060565281100, -9.116595879682124700, -11.27637252738296100 ) ) ;
#999 = PLANE ( 'NONE',  #1144 ) ;
#1000 = CARTESIAN_POINT ( 'NONE',  ( 16.26301937378190100, -8.997849369327600000, -11.37176339583946900 ) ) ;
#1001 = EDGE_LOOP ( 'NONE', ( #2026, #2024, #2021, #2016 ) ) ;
#1002 = DIRECTION ( 'NONE',  ( 1.000000000000000000, 0.0000000000000000000, 6.123031769111888800E-017 ) ) ;
#1003 = ORIENTED_EDGE ( 'NONE', *, *, #2237, .F. ) ;
#1004 = AXIS2_PLACEMENT_3D ( 'NONE', #657, #723, #708 ) ;
#1005 = CARTESIAN_POINT ( 'NONE',  ( -15.00000000000000000, 0.0000000000000000000, 0.0000000000000000000 ) ) ;
#1006 = ORIENTED_EDGE ( 'NONE', *, *, #2251, .F. ) ;
#1007 = CARTESIAN_POINT ( 'NONE',  ( 16.54824758679509200, -8.731616167652505900, -11.57744251140348800 ) ) ;
#1008 = VERTEX_POINT ( 'NONE', #1155 ) ;
#1009 = CARTESIAN_POINT ( 'NONE',  ( 16.67567018865855400, -8.583349091616874200, -11.68816884246031200 ) ) ;
#1010 = ORIENTED_EDGE ( 'NONE', *, *, #2264, .T. ) ;
#1011 = CARTESIAN_POINT ( 'NONE',  ( 16.88490562552118500, -8.269541955403408200, -11.91225622484015500 ) ) ;
#1012 = CARTESIAN_POINT ( 'NONE',  ( 16.96879443003488700, -8.102402819639520400, -12.02691649912585900 ) ) ;
#1013 = EDGE_LOOP ( 'NONE', ( #2643, #2626, #2655, #2653 ) ) ;
#1014 = VERTEX_POINT ( 'NONE', #1179 ) ;
#1015 = CARTESIAN_POINT ( 'NONE',  ( 17.09097797009391700, -7.744519399946504700, -12.26042703956516200 ) ) ;
#1016 = DIRECTION ( 'NONE',  ( -1.000000000000000000, 0.0000000000000000000, -6.123031769111888800E-017 ) ) ;
#1017 = EDGE_LOOP ( 'NONE', ( #2675, #2409, #2391, #2389, #2381, #2365, #2361, #2345 ) ) ;
#1018 = CARTESIAN_POINT ( 'NONE',  ( 17.12725675875142200, -7.558164660852943600, -12.37628024552914700 ) ) ;
#1019 = CARTESIAN_POINT ( 'NONE',  ( -7.750000000000000000, 0.0000000000000000000, -9.490699242123421800E-016 ) ) ;
#1020 = ORIENTED_EDGE ( 'NONE', *, *, #2270, .F. ) ;
#1021 = CARTESIAN_POINT ( 'NONE',  ( 17.14855238314210000, -7.180142100838088100, -12.59935415678969900 ) ) ;
#1022 = CARTESIAN_POINT ( 'NONE',  ( -4.161812596680515100, 0.0000000000000000000, 0.0000000000000000000 ) ) ;
#1023 = EDGE_CURVE ( 'NONE', #84, #84, #835, .T. ) ;
#1024 = ORIENTED_EDGE ( 'NONE', *, *, #2194, .F. ) ;
#1025 = DIRECTION ( 'NONE',  ( 0.0000000000000000000, 0.0000000000000000000, 1.000000000000000000 ) ) ;
#1026 = CARTESIAN_POINT ( 'NONE',  ( 17.13331158684149400, -6.984237768287407300, -12.70896037391660000 ) ) ;
#1027 = CARTESIAN_POINT ( 'NONE',  ( -4.400000000000000400, 0.0000000000000000000, 0.0000000000000000000 ) ) ;
#1028 = ORIENTED_EDGE ( 'NONE', *, *, #2201, .T. ) ;
#1029 = CARTESIAN_POINT ( 'NONE',  ( 17.05237312781676800, -6.600138795177342900, -12.91260697435454800 ) ) ;
#1030 = EDGE_LOOP ( 'NONE', ( #2443, #2479, #2498, #2505, #2527, #2529 ) ) ;
#1031 = CARTESIAN_POINT ( 'NONE',  ( 16.98758391636683400, -6.411783465087424400, -13.00694972122256500 ) ) ;
#1032 = DIRECTION ( 'NONE',  ( 0.0000000000000000000, 0.0000000000000000000, 1.000000000000000000 ) ) ;
#1033 = VERTEX_POINT ( 'NONE', #1190 ) ;
#1034 = DIRECTION ( 'NONE',  ( 0.0000000000000000000, 0.0000000000000000000, -1.000000000000000000 ) ) ;
#1035 = CARTESIAN_POINT ( 'NONE',  ( 16.81068228855229700, -6.042918680787036800, -13.18236860624733000 ) ) ;
#1036 = CARTESIAN_POINT ( 'NONE',  ( 16.70045938040197000, -5.866896146265402100, -13.26128774732729600 ) ) ;
#1037 = ADVANCED_FACE ( 'E827', ( #838, #856 ), #827, .F. ) ;
#1038 = ORIENTED_EDGE ( 'NONE', *, *, #2208, .T. ) ;
#1039 = DIRECTION ( 'NONE',  ( 0.0000000000000000000, -1.000000000000000000, 0.0000000000000000000 ) ) ;
#1040 = CARTESIAN_POINT ( 'NONE',  ( 16.44372251093963300, -5.536802647781686700, -13.40246393570953400 ) ) ;
#1041 = EDGE_LOOP ( 'NONE', ( #1073 ) ) ;
#1042 = DIRECTION ( 'NONE',  ( 0.0000000000000000000, 1.000000000000000000, 0.0000000000000000000 ) ) ;
#1043 = ORIENTED_EDGE ( 'NONE', *, *, #2211, .T. ) ;
#1044 = ORIENTED_EDGE ( 'NONE', *, *, #2440, .T. ) ;
#1045 = ORIENTED_EDGE ( 'NONE', *, *, #2217, .F. ) ;
#1046 = CARTESIAN_POINT ( 'NONE',  ( 16.29504910493799500, -5.380617853426535600, -13.46557408750267200 ) ) ;
#1047 = CARTESIAN_POINT ( 'NONE',  ( 15.97223962488828000, -5.099441671883345100, -13.57455077067729100 ) ) ;
#1048 = PLANE ( 'NONE',  #1160 ) ;
#1049 = EDGE_LOOP ( 'NONE', ( #989, #986, #977, #1020 ) ) ;
#1050 = ORIENTED_EDGE ( 'NONE', *, *, #2218, .T. ) ;
#1051 = CARTESIAN_POINT ( 'NONE',  ( 15.79753686698668800, -4.973181892786129800, -13.62099752944793500 ) ) ;
#1052 = DIRECTION ( 'NONE',  ( 0.0000000000000000000, -1.000000000000000000, 0.0000000000000000000 ) ) ;
#1053 = AXIS2_PLACEMENT_3D ( 'NONE', #673, #664, #662 ) ;
#1054 = CARTESIAN_POINT ( 'NONE',  ( 15.23473810018331200, -4.637427339077918400, -13.74047724857502800 ) ) ;
#1055 = CARTESIAN_POINT ( 'NONE',  ( 14.82168673984502000, -4.478983966546558700, -13.79119872926440800 ) ) ;
#1056 = ORIENTED_EDGE ( 'NONE', *, *, #2221, .T. ) ;
#1057 = DIRECTION ( 'NONE',  ( -1.000000000000000000, 0.0000000000000000000, 0.0000000000000000000 ) ) ;
#1058 = CARTESIAN_POINT ( 'NONE',  ( 14.16904584994158400, -4.347497619909622000, -13.83298157974425300 ) ) ;
#1059 = CARTESIAN_POINT ( 'NONE',  ( 13.95039945446912300, -4.322291761593656500, -13.84080383588694100 ) ) ;
#1060 = ORIENTED_EDGE ( 'NONE', *, *, #2171, .T. ) ;
#1061 = CARTESIAN_POINT ( 'NONE',  ( 13.51099178759782200, -4.307889390254034700, -13.84529327595410600 ) ) ;
#1062 = EDGE_LOOP ( 'NONE', ( #1080 ) ) ;
#1063 = EDGE_CURVE ( 'NONE', #83, #83, #832, .T. ) ;
#1064 = CARTESIAN_POINT ( 'NONE',  ( 13.28853349092865000, -4.318950948650165600, -13.84187919528275800 ) ) ;
#1065 = CARTESIAN_POINT ( 'NONE',  ( 12.84938608271721900, -4.377972596186182800, -13.82332495822516100 ) ) ;
#1066 = VERTEX_POINT ( 'NONE', #1215 ) ;
#1067 = DIRECTION ( 'NONE',  ( 0.0000000000000000000, 0.0000000000000000000, -1.000000000000000000 ) ) ;
#1068 = CARTESIAN_POINT ( 'NONE',  ( 12.63515626732371500, -4.425282685602708100, -13.80838490237923600 ) ) ;
#1069 = EDGE_LOOP ( 'NONE', ( #1006, #1595, #2414, #2447 ) ) ;
#1070 = CARTESIAN_POINT ( 'NONE',  ( -4.000000000000000000, 0.0000000000000000000, 0.0000000000000000000 ) ) ;
#1071 = ORIENTED_EDGE ( 'NONE', *, *, #2230, .F. ) ;
#1072 = DIRECTION ( 'NONE',  ( 1.000000000000000000, 0.0000000000000000000, 0.0000000000000000000 ) ) ;
#1073 = ORIENTED_EDGE ( 'NONE', *, *, #2228, .T. ) ;
#1074 = CARTESIAN_POINT ( 'NONE',  ( 12.21720443580717200, -4.554548883197631100, -13.76628871302330900 ) ) ;
#1075 = DIRECTION ( 'NONE',  ( -1.000000000000000000, 0.0000000000000000000, 0.0000000000000000000 ) ) ;
#1076 = CARTESIAN_POINT ( 'NONE',  ( 13.60000000000000000, 10.00000000000000000, 0.0000000000000000000 ) ) ;
#1077 = EDGE_LOOP ( 'NONE', ( #1078 ) ) ;
#1078 = ORIENTED_EDGE ( 'NONE', *, *, #2227, .F. ) ;
#1079 = CARTESIAN_POINT ( 'NONE',  ( 12.01158885794301100, -4.637511983447294200, -13.73879349648554700 ) ) ;
#1080 = ORIENTED_EDGE ( 'NONE', *, *, #2333, .F. ) ;
#1081 = CARTESIAN_POINT ( 'NONE',  ( 11.62148273342012500, -4.835443627077704100, -13.67038584184968800 ) ) ;
#1082 = EDGE_LOOP ( 'NONE', ( #1056, #1050, #1045, #1043, #1038, #1028, #1024, #1010 ) ) ;
#1083 = CARTESIAN_POINT ( 'NONE',  ( 11.43814052291947200, -4.949347916357714500, -13.62985052219841900 ) ) ;
#1084 = DIRECTION ( 'NONE',  ( 1.000000000000000000, 0.0000000000000000000, 0.0000000000000000000 ) ) ;
#1085 = AXIS2_PLACEMENT_3D ( 'NONE', #727, #742, #720 ) ;
#1086 = EDGE_LOOP ( 'NONE', ( #2229, #2225, #2216, #2203 ) ) ;
#1087 = CARTESIAN_POINT ( 'NONE',  ( 11.09526280729661400, -5.206686011168173400, -13.53363553653387200 ) ) ;
#1088 = AXIS2_PLACEMENT_3D ( 'NONE', #746, #751, #736 ) ;
#1089 = VERTEX_POINT ( 'NONE', #1242 ) ;
#1090 = CARTESIAN_POINT ( 'NONE',  ( 10.93400167601971300, -5.352141933647666300, -13.47713024834075000 ) ) ;
#1091 = CARTESIAN_POINT ( 'NONE',  ( 10.64873958061179400, -5.664267728135379300, -13.34895254739693700 ) ) ;
#1092 = DIRECTION ( 'NONE',  ( 1.000000000000000000, 0.0000000000000000000, 0.0000000000000000000 ) ) ;
#1093 = VERTEX_POINT ( 'NONE', #1229 ) ;
#1094 = AXIS2_PLACEMENT_3D ( 'NONE', #815, #806, #834 ) ;
#1095 = EDGE_LOOP ( 'NONE', ( #2326, #2323, #2299, #2289 ) ) ;
#1096 = CARTESIAN_POINT ( 'NONE',  ( 10.52448521384532200, -5.830281115901677900, -13.27762069984750900 ) ) ;
#1097 = ORIENTED_EDGE ( 'NONE', *, *, #2462, .F. ) ;
#1098 = DIRECTION ( 'NONE',  ( 0.0000000000000000000, 0.0000000000000000000, 1.000000000000000000 ) ) ;
#1099 = DIRECTION ( 'NONE',  ( 1.000000000000000000, 0.0000000000000000000, 6.123031769111888800E-017 ) ) ;
#1100 = AXIS2_PLACEMENT_3D ( 'NONE', #779, #774, #782 ) ;
#1101 = CARTESIAN_POINT ( 'NONE',  ( 10.31468352662895600, -6.182269532250040300, -13.11742858833512100 ) ) ;
#1102 = CARTESIAN_POINT ( 'NONE',  ( 10.22882439257028500, -6.370606091807245800, -13.02728867272201400 ) ) ;
#1103 = VERTEX_POINT ( 'NONE', #1218 ) ;
#1104 = AXIS2_PLACEMENT_3D ( 'NONE', #878, #829, #822 ) ;
#1105 = AXIS2_PLACEMENT_3D ( 'NONE', #768, #754, #771 ) ;
#1106 = VERTEX_POINT ( 'NONE', #1221 ) ;
#1107 = DIRECTION ( 'NONE',  ( 0.0000000000000000000, 1.000000000000000000, 0.0000000000000000000 ) ) ;
#1108 = VERTEX_POINT ( 'NONE', #1248 ) ;
#1109 = CARTESIAN_POINT ( 'NONE',  ( 10.10851243057856600, -6.748437419059677600, -12.83563261161826000 ) ) ;
#1110 = AXIS2_PLACEMENT_3D ( 'NONE', #909, #844, #842 ) ;
#1111 = VERTEX_POINT ( 'NONE', #1224 ) ;
#1112 = CARTESIAN_POINT ( 'NONE',  ( 10.07245336016966100, -6.939652052127155600, -12.73344421253621500 ) ) ;
#1113 = CARTESIAN_POINT ( 'NONE',  ( 10.05141665007584400, -7.326557237405200600, -12.51482845129688600 ) ) ;
#1114 = VERTEX_POINT ( 'NONE', #1256 ) ;
#1115 = AXIS2_PLACEMENT_3D ( 'NONE', #898, #919, #880 ) ;
#1116 = VERTEX_POINT ( 'NONE', #1262 ) ;
#1117 = EDGE_CURVE ( 'NONE', #81, #81, #814, .T. ) ;
#1118 = PLANE ( 'NONE',  #1165 ) ;
#1119 = VERTEX_POINT ( 'NONE', #1271 ) ;
#1120 = VERTEX_POINT ( 'NONE', #1275 ) ;
#1121 = CARTESIAN_POINT ( 'NONE',  ( 10.06712724030252200, -7.518868596409180100, -12.40018957003664300 ) ) ;
#1122 = CARTESIAN_POINT ( 'NONE',  ( 10.10854460649798100, -7.704636657938190900, -12.28367102983360200 ) ) ;
#1123 = VERTEX_POINT ( 'NONE', #1283 ) ;
#1124 = CARTESIAN_POINT ( 'NONE',  ( -4.000000000000000000, 0.0000000000000000000, -11.50000000000000000 ) ) ;
#1125 = PLANE ( 'NONE',  #1963 ) ;
#1126 = ORIENTED_EDGE ( 'NONE', *, *, #1328, .F. ) ;
#1127 = AXIS2_PLACEMENT_3D ( 'NONE', #958, #951, #979 ) ;
#1128 = DIRECTION ( 'NONE',  ( 0.0000000000000000000, -1.000000000000000000, 0.0000000000000000000 ) ) ;
#1129 = B_SPLINE_CURVE_WITH_KNOTS ( 'NONE', 3,
 ( #2394, #2395, #2398, #2403, #2405, #2410, #2417, #2422, #2642, #2635, #2597, #2587, #2552, #2428, #2434, #2435, #2438, #2439 ),
 .UNSPECIFIED., .T., .F.,
 ( 4, 2, 2, 2, 2, 2, 2, 2, 4 ),
 ( 0.0000000000000000000, 0.0003154946990409966200, 0.0006309893980819932400, 0.0009464840971229898100, 0.001261978796163986500, 0.001577473495204983200, 0.001892968194245979600, 0.002208462893286976500, 0.002523957592327973000 ),
 .UNSPECIFIED. ) ;
#1130 = ORIENTED_EDGE ( 'NONE', *, *, #1399, .F. ) ;
#1131 = EDGE_CURVE ( 'NONE', #79, #79, #828, .T. ) ;
#1132 = EDGE_CURVE ( 'NONE', #77, #77, #220, .T. ) ;
#1133 = ORIENTED_EDGE ( 'NONE', *, *, #1350, .F. ) ;
#1134 = CARTESIAN_POINT ( 'NONE',  ( 8.000000000000000000, 0.0000000000000000000, -94.00000000000000000 ) ) ;
#1135 = DIRECTION ( 'NONE',  ( 0.0000000000000000000, 1.000000000000000000, 0.0000000000000000000 ) ) ;
#1136 = CARTESIAN_POINT ( 'NONE',  ( -15.00000000000000000, 0.0000000000000000000, 0.0000000000000000000 ) ) ;
#1137 = CARTESIAN_POINT ( 'NONE',  ( 2.013088213838490700, 20.07117899100372700, 20.43445935786137100 ) ) ;
#1138 = AXIS2_PLACEMENT_3D ( 'NONE', #981, #965, #959 ) ;
#1139 = ORIENTED_EDGE ( 'NONE', *, *, #1399, .T. ) ;
#1140 = DIRECTION ( 'NONE',  ( 0.0000000000000000000, 0.0000000000000000000, 1.000000000000000000 ) ) ;
#1141 = DIRECTION ( 'NONE',  ( 0.0000000000000000000, 0.0000000000000000000, 1.000000000000000000 ) ) ;
#1142 = ORIENTED_EDGE ( 'NONE', *, *, #1178, .T. ) ;
#1143 = DIRECTION ( 'NONE',  ( -6.123031769111888800E-017, 1.000000000000000000, 0.0000000000000000000 ) ) ;
#1144 = AXIS2_PLACEMENT_3D ( 'NONE', #1019, #990, #987 ) ;
#1145 = ORIENTED_EDGE ( 'NONE', *, *, #1345, .T. ) ;
#1146 = CARTESIAN_POINT ( 'NONE',  ( 2.012830025463120600, 20.21172434082970800, 20.29450909635919900 ) ) ;
#1147 = ORIENTED_EDGE ( 'NONE', *, *, #1350, .T. ) ;
#1148 = AXIS2_PLACEMENT_3D ( 'NONE', #1027, #1042, #1092 ) ;
#1149 = CARTESIAN_POINT ( 'NONE',  ( -8.000000000000000000, 0.0000000000000000000, 0.0000000000000000000 ) ) ;
#1150 = ORIENTED_EDGE ( 'NONE', *, *, #1189, .T. ) ;
#1151 = CARTESIAN_POINT ( 'NONE',  ( 2.405915589004343300, 21.23521381631770000, 19.18667069985800600 ) ) ;
#1152 = CARTESIAN_POINT ( 'NONE',  ( 13.60000000000000000, 13.95875000000000000, 0.0000000000000000000 ) ) ;
#1153 = PERSON ( 'UNSPECIFIED', 'UNSPECIFIED', 'UNSPECIFIED', ('UNSPECIFIED'), ('UNSPECIFIED'), ('UNSPECIFIED') ) ;
#1154 = EDGE_CURVE ( 'NONE', #75, #75, #833, .T. ) ;
#1155 = CARTESIAN_POINT ( 'NONE',  ( -5.100000000000000500, -45.00000000000000000, -11.50000000000000000 ) ) ;
#1156 = ORIENTED_EDGE ( 'NONE', *, *, #1345, .F. ) ;
#1157 = CARTESIAN_POINT ( 'NONE',  ( 15.33205080756890100, 13.37500000000000000, 4.428471395355839400E-016 ) ) ;
#1158 = DIRECTION ( 'NONE',  ( 1.000000000000000000, 0.0000000000000000000, 0.0000000000000000000 ) ) ;
#1159 = DIRECTION ( 'NONE',  ( 0.0000000000000000000, 0.0000000000000000000, -1.000000000000000000 ) ) ;
#1160 = AXIS2_PLACEMENT_3D ( 'NONE', #1076, #1039, #1034 ) ;
#1161 = ORIENTED_EDGE ( 'NONE', *, *, #1328, .T. ) ;
#1162 = AXIS2_PLACEMENT_3D ( 'NONE', #929, #932, #911 ) ;
#1163 = DIRECTION ( 'NONE',  ( 0.06162841671621927000, 0.7044160264027586900, 0.7071067811865476800 ) ) ;
#1164 = ADVANCED_FACE ( 'E759', ( #823 ), #1376, .T. ) ;
#1165 = AXIS2_PLACEMENT_3D ( 'NONE', #1124, #1072, #1067 ) ;
#1166 = ORIENTED_EDGE ( 'NONE', *, *, #1189, .F. ) ;
#1167 = ORIENTED_EDGE ( 'NONE', *, *, #1863, .T. ) ;
#1168 = CARTESIAN_POINT ( 'NONE',  ( -5.100000000000000500, 27.70830200499484900, 11.50000000000000000 ) ) ;
#1169 = CARTESIAN_POINT ( 'NONE',  ( 12.73397459621556000, 13.37500000000000000, 1.500000000000000000 ) ) ;
#1170 = AXIS2_PLACEMENT_3D ( 'NONE', #1157, #1107, #1098 ) ;
#1171 = ORIENTED_EDGE ( 'NONE', *, *, #2472, .F. ) ;
#1172 = DIRECTION ( 'NONE',  ( 1.000000000000000000, 0.0000000000000000000, 6.409875621278550000E-016 ) ) ;
#1173 = VERTEX_POINT ( 'NONE', #1263 ) ;
#1174 = AXIS2_PLACEMENT_3D ( 'NONE', #1235, #1200, #1128 ) ;
#1175 = CARTESIAN_POINT ( 'NONE',  ( 5.058794030621039700, 20.67461037492094900, 20.75358402782515200 ) ) ;
#1176 = DIRECTION ( 'NONE',  ( 5.782411586589357400E-017, 0.0000000000000000000, -1.000000000000000000 ) ) ;
#1177 = ORIENTED_EDGE ( 'NONE', *, *, #1154, .F. ) ;
#1178 = EDGE_CURVE ( 'NONE', #72, #72, #817, .T. ) ;
#1179 = CARTESIAN_POINT ( 'NONE',  ( -15.00000000000000000, -12.33333333333334100, -27.34755727462490100 ) ) ;
#1180 = CARTESIAN_POINT ( 'NONE',  ( -12.69999999999999900, 0.0000000000000000000, 0.0000000000000000000 ) ) ;
#1181 = ORIENTED_EDGE ( 'NONE', *, *, #1154, .T. ) ;
#1182 = DIRECTION ( 'NONE',  ( -1.000000000000000000, 0.0000000000000000000, 0.0000000000000000000 ) ) ;
#1183 = AXIS2_PLACEMENT_3D ( 'NONE', #1243, #1216, #1213 ) ;
#1184 = DIRECTION ( 'NONE',  ( 0.0000000000000000000, 0.0000000000000000000, 1.000000000000000000 ) ) ;
#1185 = ORIENTED_EDGE ( 'NONE', *, *, #1888, .F. ) ;
#1186 = DESIGN_CONTEXT ( 'detailed design', #334, 'design' ) ;
#1187 = ORIENTED_EDGE ( 'NONE', *, *, #1868, .F. ) ;
#1188 = DIRECTION ( 'NONE',  ( -1.000000000000000000, 0.0000000000000000000, -3.204937810639275000E-016 ) ) ;
#1189 = EDGE_CURVE ( 'NONE', #70, #70, #825, .T. ) ;
#1190 = CARTESIAN_POINT ( 'NONE',  ( -15.00000000000000000, 12.33333333333332000, -27.34755727462490100 ) ) ;
#1191 = ORIENTED_EDGE ( 'NONE', *, *, #1587, .F. ) ;
#1192 = CARTESIAN_POINT ( 'NONE',  ( 14.46602540378444100, 14.50000000000000000, -1.500000000000000000 ) ) ;
#1193 = AXIS2_PLACEMENT_3D ( 'NONE', #1152, #1143, #1141 ) ;
#1194 = ORIENTED_EDGE ( 'NONE', *, *, #2534, .F. ) ;
#1195 = DIRECTION ( 'NONE',  ( -0.06162841671621927000, -0.7044160264027584700, 0.7071067811865480200 ) ) ;
#1196 = PLANE ( 'NONE',  #1170 ) ;
#1197 = ORIENTED_EDGE ( 'NONE', *, *, #1868, .T. ) ;
#1198 = EDGE_CURVE ( 'E670', #1688, #2637, #819, .T. ) ;
#1199 = AXIS2_PLACEMENT_3D ( 'NONE', #1268, #1226, #1225 ) ;
#1200 = DIRECTION ( 'NONE',  ( 1.000000000000000000, 0.0000000000000000000, 0.0000000000000000000 ) ) ;
#1201 = ORIENTED_EDGE ( 'NONE', *, *, #1117, .T. ) ;
#1202 = ORIENTED_EDGE ( 'NONE', *, *, #1132, .T. ) ;
#1203 = CARTESIAN_POINT ( 'NONE',  ( -12.10000000000000000, 0.0000000000000000000, 0.0000000000000000000 ) ) ;
#1204 = AXIS2_PLACEMENT_3D ( 'NONE', #1250, #1279, #1258 ) ;
#1205 = ORIENTED_EDGE ( 'NONE', *, *, #1587, .T. ) ;
#1206 = EDGE_CURVE ( 'NONE', #68, #68, #810, .T. ) ;
#1207 = ORIENTED_EDGE ( 'NONE', *, *, #1474, .T. ) ;
#1208 = DIRECTION ( 'NONE',  ( -1.000000000000000000, 0.0000000000000000000, 0.0000000000000000000 ) ) ;
#1209 = DIRECTION ( 'NONE',  ( 0.0000000000000000000, 0.0000000000000000000, 1.000000000000000000 ) ) ;
#1210 = VERTEX_POINT ( 'NONE', #1445 ) ;
#1211 = AXIS2_PLACEMENT_3D ( 'NONE', #1286, #1306, #1307 ) ;
#1212 = ORIENTED_EDGE ( 'NONE', *, *, #1132, .F. ) ;
#1213 = DIRECTION ( 'NONE',  ( 1.000000000000000000, 2.775557561562890400E-016, -1.602468905319635000E-016 ) ) ;
#1214 = ORIENTED_EDGE ( 'NONE', *, *, #1888, .T. ) ;
#1215 = CARTESIAN_POINT ( 'NONE',  ( -5.100000000000000500, 12.33333333333332000, -27.34755727462490100 ) ) ;
#1216 = DIRECTION ( 'NONE',  ( -3.204937810639271500E-016, 0.8660254037844387100, -0.4999999999999998900 ) ) ;
#1217 = ORIENTED_EDGE ( 'NONE', *, *, #1474, .F. ) ;
#1218 = CARTESIAN_POINT ( 'NONE',  ( 14.46602540378444100, -8.549038105676659800, -11.80736835487436000 ) ) ;
#1219 = AXIS2_PLACEMENT_3D ( 'NONE', #1407, #1301, #1299 ) ;
#1220 = PLANE ( 'NONE',  #1183 ) ;
#1221 = CARTESIAN_POINT ( 'NONE',  ( 15.33205080756890100, 13.37500000000000000, 1.060540212046012100E-016 ) ) ;
#1222 = AXIS2_PLACEMENT_3D ( 'NONE', #1332, #1338, #1389 ) ;
#1223 = ORIENTED_EDGE ( 'NONE', *, *, #1131, .T. ) ;
#1224 = CARTESIAN_POINT ( 'NONE',  ( 15.33205080756890100, 14.50000000000000000, 1.060540212046012100E-016 ) ) ;
#1225 = DIRECTION ( 'NONE',  ( -0.4999999999999998900, 0.0000000000000000000, -0.8660254037844387100 ) ) ;
#1226 = DIRECTION ( 'NONE',  ( 0.8660254037844387100, 0.0000000000000000000, -0.4999999999999998900 ) ) ;
#1227 = ORIENTED_EDGE ( 'NONE', *, *, #1117, .F. ) ;
#1228 = AXIS2_PLACEMENT_3D ( 'NONE', #1420, #1377, #1369 ) ;
#1229 = CARTESIAN_POINT ( 'NONE',  ( 12.73397459621556000, 13.37500000000000000, 1.500000000000000000 ) ) ;
#1230 = ADVANCED_FACE ( 'E1332', ( #808, #802 ), #805, .T. ) ;
#1231 = ORIENTED_EDGE ( 'NONE', *, *, #1431, .F. ) ;
#1232 = CARTESIAN_POINT ( 'NONE',  ( 2.012830025463120600, 20.21172434082970800, 20.29450909635919900 ) ) ;
#1233 = CARTESIAN_POINT ( 'NONE',  ( -8.000000000000000000, 0.0000000000000000000, 0.0000000000000000000 ) ) ;
#1234 = ORIENTED_EDGE ( 'NONE', *, *, #1431, .T. ) ;
#1235 = CARTESIAN_POINT ( 'NONE',  ( 0.0000000000000000000, 0.0000000000000000000, 0.0000000000000000000 ) ) ;
#1236 = AXIS2_PLACEMENT_3D ( 'NONE', #1426, #1416, #1412 ) ;
#1237 = DIRECTION ( 'NONE',  ( 1.000000000000000000, 0.0000000000000000000, 1.224606353822375800E-016 ) ) ;
#1238 = ORIENTED_EDGE ( 'NONE', *, *, #1131, .F. ) ;
#1239 = AXIS2_PLACEMENT_3D ( 'NONE', #1481, #1453, #1548 ) ;
#1240 = DIRECTION ( 'NONE',  ( 1.196361017915039500E-016, 0.0000000000000000000, -1.000000000000000000 ) ) ;
#1241 = ORIENTED_EDGE ( 'NONE', *, *, #2429, .T. ) ;
#1242 = CARTESIAN_POINT ( 'NONE',  ( -4.161812596680515100, 26.63472960422920000, 11.50000000000000000 ) ) ;
#1243 = CARTESIAN_POINT ( 'NONE',  ( 14.46602540378444100, -8.549038105676659800, -11.80736835487436000 ) ) ;
#1244 = PLANE ( 'NONE',  #1199 ) ;
#1245 = ORIENTED_EDGE ( 'NONE', *, *, #1063, .F. ) ;
#1246 = ORIENTED_EDGE ( 'NONE', *, *, #1023, .F. ) ;
#1247 = ORIENTED_EDGE ( 'NONE', *, *, #1984, .F. ) ;
#1248 = CARTESIAN_POINT ( 'NONE',  ( -15.00000000000000000, 49.72777777777780300, -10.48323028860620100 ) ) ;
#1249 = AXIS2_PLACEMENT_3D ( 'NONE', #1550, #1501, #1497 ) ;
#1250 = CARTESIAN_POINT ( 'NONE',  ( -47.00000000000000000, 0.0000000000000000000, 0.0000000000000000000 ) ) ;
#1251 = VERTEX_POINT ( 'NONE', #1473 ) ;
#1252 = ORIENTED_EDGE ( 'NONE', *, *, #1936, .T. ) ;
#1253 = DIRECTION ( 'NONE',  ( -0.4999999999999998900, 0.0000000000000000000, 0.8660254037844387100 ) ) ;
#1254 = CARTESIAN_POINT ( 'NONE',  ( 12.73397459621556000, 14.50000000000000000, -1.500000000000000000 ) ) ;
#1255 = AXIS2_PLACEMENT_3D ( 'NONE', #1448, #1460, #1435 ) ;
#1256 = CARTESIAN_POINT ( 'NONE',  ( 14.46602540378444100, -7.986538105676659800, -10.83308977561685900 ) ) ;
#1257 = ORIENTED_EDGE ( 'NONE', *, *, #2097, .T. ) ;
#1258 = DIRECTION ( 'NONE',  ( 0.0000000000000000000, -1.000000000000000000, 0.0000000000000000000 ) ) ;
#1259 = DIRECTION ( 'NONE',  ( 1.000000000000000000, 0.0000000000000000000, 0.0000000000000000000 ) ) ;
#1260 = AXIS2_PLACEMENT_3D ( 'NONE', #1661, #1574, #1565 ) ;
#1261 = ORIENTED_EDGE ( 'NONE', *, *, #845, .T. ) ;
#1262 = CARTESIAN_POINT ( 'NONE',  ( -5.100000000000000500, 45.00000000000000000, -11.50000000000000000 ) ) ;
#1263 = CARTESIAN_POINT ( 'NONE',  ( -4.000000000000000000, 26.62419456546835100, -11.50000000000000000 ) ) ;
#1264 = BREP_WITH_VOIDS ( 'NONE', #2570, ( #1896, #1891 ) );
#1265 = ORIENTED_EDGE ( 'NONE', *, *, #1984, .T. ) ;
#1266 = AXIS2_PLACEMENT_3D ( 'NONE', #1632, #1651, #1603 ) ;
#1267 = CARTESIAN_POINT ( 'NONE',  ( -15.00000000000000000, 49.72777777777780300, -10.48323028860620100 ) ) ;
#1268 = CARTESIAN_POINT ( 'NONE',  ( 11.86794919243111900, 14.50000000000000000, -3.181620636138040000E-016 ) ) ;
#1269 = DIRECTION ( 'NONE',  ( 0.0000000000000000000, 0.0000000000000000000, -1.000000000000000000 ) ) ;
#1270 = ORIENTED_EDGE ( 'NONE', *, *, #2020, .F. ) ;
#1271 = CARTESIAN_POINT ( 'NONE',  ( 12.73397459621556000, 13.37500000000000000, -1.500000000000000000 ) ) ;
#1272 = ADVANCED_FACE ( 'E1323', ( #797, #801 ), #784, .T. ) ;
#1273 = AXIS2_PLACEMENT_3D ( 'NONE', #1683, #1695, #1640 ) ;
#1274 = AXIS2_PLACEMENT_3D ( 'NONE', #1705, #1697, #1738 ) ;
#1275 = CARTESIAN_POINT ( 'NONE',  ( -5.100000000000000500, 49.72777777777780300, 10.48323028860620100 ) ) ;
#1276 = ORIENTED_EDGE ( 'NONE', *, *, #2313, .F. ) ;
#1277 = ORIENTED_EDGE ( 'NONE', *, *, #1063, .T. ) ;
#1278 = CARTESIAN_POINT ( 'NONE',  ( -9.500000000000000000, 0.0000000000000000000, 11.50000000000000000 ) ) ;
#1279 = DIRECTION ( 'NONE',  ( 1.000000000000000000, 0.0000000000000000000, 0.0000000000000000000 ) ) ;
#1280 = ORIENTED_EDGE ( 'NONE', *, *, #2001, .F. ) ;
#1281 = AXIS2_PLACEMENT_3D ( 'NONE', #1736, #1775, #1758 ) ;
#1282 = ORIENTED_EDGE ( 'NONE', *, *, #2001, .T. ) ;
#1283 = CARTESIAN_POINT ( 'NONE',  ( 12.73397459621556000, -5.388461894323340200, -12.33308977561685900 ) ) ;
#1284 = ORIENTED_EDGE ( 'NONE', *, *, #2333, .T. ) ;
#1285 = ORIENTED_EDGE ( 'NONE', *, *, #2020, .T. ) ;
#1286 = CARTESIAN_POINT ( 'NONE',  ( -16.00000000000000000, 0.0000000000000000000, 0.0000000000000000000 ) ) ;
#1287 = CARTESIAN_POINT ( 'NONE',  ( -2.828427124746195200, 0.0000000000000000000, 0.0000000000000000000 ) ) ;
#1288 = ORIENTED_EDGE ( 'NONE', *, *, #2230, .T. ) ;
#1289 = ORIENTED_EDGE ( 'NONE', *, *, #1679, .T. ) ;
#1290 = AXIS2_PLACEMENT_3D ( 'NONE', #1785, #1809, #1813 ) ;
#1291 = ORIENTED_EDGE ( 'NONE', *, *, #2048, .F. ) ;
#1292 = DIRECTION ( 'NONE',  ( 1.000000000000000000, 0.0000000000000000000, 0.0000000000000000000 ) ) ;
#1293 = DIRECTION ( 'NONE',  ( 0.0000000000000000000, 0.0000000000000000000, -1.000000000000000000 ) ) ;
#1294 = DIRECTION ( 'NONE',  ( -3.901064690943454100E-017, 0.0000000000000000000, 1.000000000000000000 ) ) ;
#1295 = VERTEX_POINT ( 'NONE', #87 ) ;
#1296 = DIRECTION ( 'NONE',  ( -1.000000000000000000, 0.0000000000000000000, -4.082021179407924800E-017 ) ) ;
#1297 = AXIS2_PLACEMENT_3D ( 'NONE', #1754, #1752, #1745 ) ;
#1298 = ORIENTED_EDGE ( 'NONE', *, *, #2028, .T. ) ;
#1299 = DIRECTION ( 'NONE',  ( 1.000000000000000000, 0.0000000000000000000, 0.0000000000000000000 ) ) ;
#1300 = ORIENTED_EDGE ( 'NONE', *, *, #1443, .T. ) ;
#1301 = DIRECTION ( 'NONE',  ( 0.0000000000000000000, 0.0000000000000000000, 1.000000000000000000 ) ) ;
#1302 = CARTESIAN_POINT ( 'NONE',  ( -7.609229083570220100, 0.0000000000000000000, 1.792321987479469900E-016 ) ) ;
#1303 = ORIENTED_EDGE ( 'NONE', *, *, #963, .T. ) ;
#1304 = CARTESIAN_POINT ( 'NONE',  ( -4.000000000000000000, 20.15685424949240100, 2.032879073410320800E-017 ) ) ;
#1305 = AXIS2_PLACEMENT_3D ( 'NONE', #1797, #1794, #1786 ) ;
#1306 = DIRECTION ( 'NONE',  ( 1.000000000000000000, 0.0000000000000000000, 0.0000000000000000000 ) ) ;
#1307 = DIRECTION ( 'NONE',  ( 0.0000000000000000000, -1.000000000000000000, 0.0000000000000000000 ) ) ;
#1308 = VERTEX_POINT ( 'NONE', #1487 ) ;
#1309 = CARTESIAN_POINT ( 'NONE',  ( -7.750000000000000000, 0.0000000000000000000, 0.0000000000000000000 ) ) ;
#1310 = DIRECTION ( 'NONE',  ( -1.000000000000000000, -0.0000000000000000000, -1.224606353822375800E-016 ) ) ;
#1311 = AXIS2_PLACEMENT_3D ( 'NONE', #1918, #1911, #1955 ) ;
#1312 = ORIENTED_EDGE ( 'NONE', *, *, #2028, .F. ) ;
#1313 = CARTESIAN_POINT ( 'NONE',  ( 2.090968318909430600, 20.76272049401580900, 19.72697662818662300 ) ) ;
#1314 = DIRECTION ( 'NONE',  ( 1.196361017915039500E-016, 0.0000000000000000000, -1.000000000000000000 ) ) ;
#1315 = CARTESIAN_POINT ( 'NONE',  ( -3.999999999999999100, 20.15685424949239700, -0.1057065663411612400 ) ) ;
#1316 = ORIENTED_EDGE ( 'NONE', *, *, #2048, .T. ) ;
#1317 = AXIS2_PLACEMENT_3D ( 'NONE', #1980, #1965, #1961 ) ;
#1318 = CARTESIAN_POINT ( 'NONE',  ( -4.043371474975785400, 20.15590509256562200, -0.2090702138001711000 ) ) ;
#1319 = ORIENTED_EDGE ( 'NONE', *, *, #2076, .F. ) ;
#1320 = PLANE ( 'NONE',  #1219 ) ;
#1321 = B_SPLINE_CURVE_WITH_KNOTS ( 'NONE', 3,
 ( #739, #579, #547, #413, #345, #546, #349, #2844 ),
 .UNSPECIFIED., .F., .F.,
 ( 4, 2, 2, 4 ),
 ( 0.001046371998570948500, 0.001828043101667293200, 0.002218878653215461400, 0.002609714204763630100 ),
 .UNSPECIFIED. ) ;
#1322 = ORIENTED_EDGE ( 'NONE', *, *, #2101, .F. ) ;
#1323 = CARTESIAN_POINT ( 'NONE',  ( -4.190994134154757400, 20.15383362161178500, -0.3566662406251527900 ) ) ;
#1324 = AXIS2_PLACEMENT_3D ( 'NONE', #1731, #1717, #1711 ) ;
#1325 = CARTESIAN_POINT ( 'NONE',  ( 2.313508505033567100, 21.12161792180515400, 19.31998102262319600 ) ) ;
#1326 = ORIENTED_EDGE ( 'NONE', *, *, #2097, .F. ) ;
#1327 = DIRECTION ( 'NONE',  ( -1.000000000000000000, -0.0000000000000000000, -0.0000000000000000000 ) ) ;
#1328 = EDGE_CURVE ( 'NONE', #67, #67, #2165, .T. ) ;
#1329 = ORIENTED_EDGE ( 'NONE', *, *, #2101, .T. ) ;
#1330 = ORIENTED_EDGE ( 'NONE', *, *, #1670, .F. ) ;
#1331 = CARTESIAN_POINT ( 'NONE',  ( -4.295439472797030900, 20.15288608752591800, -0.3999444730991453300 ) ) ;
#1332 = CARTESIAN_POINT ( 'NONE',  ( 10.50000000000000000, 45.00000000000000000, -1.193991194976818000E-015 ) ) ;
#1333 = ORIENTED_EDGE ( 'NONE', *, *, #1023, .T. ) ;
#1334 = AXIS2_PLACEMENT_3D ( 'NONE', #2005, #1998, #1994 ) ;
#1335 = CARTESIAN_POINT ( 'NONE',  ( -4.504135254590073200, 20.15288388554340000, -0.4000554138653494300 ) ) ;
#1336 = CARTESIAN_POINT ( 'NONE',  ( -4.607989396945798800, 20.15381979905852100, -0.3576197571084000500 ) ) ;
#1337 = ORIENTED_EDGE ( 'NONE', *, *, #963, .F. ) ;
#1338 = DIRECTION ( 'NONE',  ( -1.000000000000000000, 0.0000000000000000000, -6.123031769111888800E-017 ) ) ;
#1339 = CARTESIAN_POINT ( 'NONE',  ( -4.757407329924415500, 20.15591558087016500, -0.2083542186576668200 ) ) ;
#1340 = CARTESIAN_POINT ( 'NONE',  ( -4.799963007796749900, 20.15685351540561500, -0.1045584671063176800 ) ) ;
#1341 = ORIENTED_EDGE ( 'NONE', *, *, #1670, .T. ) ;
#1342 = ADVANCED_FACE ( 'E1038', ( #792 ), #86, .T. ) ;
#1343 = CARTESIAN_POINT ( 'NONE',  ( -4.800036942067174900, 20.15685498258427100, 0.1042752397791094900 ) ) ;
#1344 = VERTEX_POINT ( 'NONE', #20 ) ;
#1345 = EDGE_CURVE ( 'NONE', #64, #64, #91, .T. ) ;
#1346 = CARTESIAN_POINT ( 'NONE',  ( -4.756806846420180300, 20.15590869299601100, 0.2087351770012898200 ) ) ;
#1347 = CARTESIAN_POINT ( 'NONE',  ( 8.000000000000000000, 0.0000000000000000000, 0.0000000000000000000 ) ) ;
#1348 = ORIENTED_EDGE ( 'NONE', *, *, #1443, .F. ) ;
#1349 = CARTESIAN_POINT ( 'NONE',  ( 2.012313648712379200, 20.49281504048167000, 20.01460857335486000 ) ) ;
#1350 = EDGE_CURVE ( 'NONE', #63, #63, #653, .T. ) ;
#1351 = CARTESIAN_POINT ( 'NONE',  ( -4.609427173095790300, 20.15383843975063600, 0.3564011208444487500 ) ) ;
#1352 = ORIENTED_EDGE ( 'NONE', *, *, #1607, .F. ) ;
#1353 = CARTESIAN_POINT ( 'NONE',  ( -5.100000000000000500, 49.72777777777780300, -10.48323028860620100 ) ) ;
#1354 = CARTESIAN_POINT ( 'NONE',  ( -4.505914417590980200, 20.15288712231466700, 0.3998923381044587300 ) ) ;
#1355 = ORIENTED_EDGE ( 'NONE', *, *, #2711, .F. ) ;
#1356 = AXIS2_PLACEMENT_3D ( 'NONE', #1974, #1970, #1969 ) ;
#1357 = ORIENTED_EDGE ( 'NONE', *, *, #1936, .F. ) ;
#1358 = CARTESIAN_POINT ( 'NONE',  ( -4.294900348090112500, 20.15288285674618900, 0.4001072469934867600 ) ) ;
#1359 = CARTESIAN_POINT ( 'NONE',  ( -4.191299970026766400, 20.15383006587208900, 0.3568672751051973900 ) ) ;
#1360 = AXIS2_PLACEMENT_3D ( 'NONE', #2072, #2068, #2063 ) ;
#1361 = ORIENTED_EDGE ( 'NONE', *, *, #1679, .F. ) ;
#1362 = CARTESIAN_POINT ( 'NONE',  ( -4.043466441596684100, 20.15590302615604700, 0.2092696258039093100 ) ) ;
#1363 = CARTESIAN_POINT ( 'NONE',  ( -4.000000000000000900, 20.15685424949240500, 0.1057065663411612800 ) ) ;
#1364 = ORIENTED_EDGE ( 'NONE', *, *, #2467, .F. ) ;
#1365 = AXIS2_PLACEMENT_3D ( 'NONE', #2089, #2088, #2083 ) ;
#1366 = ORIENTED_EDGE ( 'NONE', *, *, #845, .F. ) ;
#1367 = CARTESIAN_POINT ( 'NONE',  ( -4.000000000000000000, 20.15685424949240100, 2.032879073410320800E-017 ) ) ;
#1368 = ORIENTED_EDGE ( 'NONE', *, *, #886, .T. ) ;
#1369 = DIRECTION ( 'NONE',  ( 0.0000000000000000000, 0.0000000000000000000, -1.000000000000000000 ) ) ;
#1370 = ORIENTED_EDGE ( 'NONE', *, *, #1556, .T. ) ;
#1371 = ORIENTED_EDGE ( 'NONE', *, *, #2814, .T. ) ;
#1372 = ORIENTED_EDGE ( 'NONE', *, *, #2771, .T. ) ;
#1373 = AXIS2_PLACEMENT_3D ( 'NONE', #2124, #2115, #2114 ) ;
#1374 = ORIENTED_EDGE ( 'NONE', *, *, #2755, .T. ) ;
#1375 = AXIS2_PLACEMENT_3D ( 'NONE', #2248, #2207, #2198 ) ;
#1376 = PLANE ( 'NONE',  #1912 ) ;
#1377 = DIRECTION ( 'NONE',  ( 1.000000000000000000, 0.0000000000000000000, 0.0000000000000000000 ) ) ;
#1378 = ORIENTED_EDGE ( 'NONE', *, *, #2727, .T. ) ;
#1379 = CARTESIAN_POINT ( 'NONE',  ( 2.828427124746189800, 0.0000000000000000000, 0.0000000000000000000 ) ) ;
#1380 = AXIS2_PLACEMENT_3D ( 'NONE', #2163, #2156, #2154 ) ;
#1381 = DIRECTION ( 'NONE',  ( 1.000000000000000000, -0.0000000000000000000, -0.0000000000000000000 ) ) ;
#1382 = ORIENTED_EDGE ( 'NONE', *, *, #2738, .T. ) ;
#1383 = ORIENTED_EDGE ( 'NONE', *, *, #2424, .F. ) ;
#1384 = CARTESIAN_POINT ( 'NONE',  ( -4.292423418778446000, -26.64218541141018500, 11.50000000000000000 ) ) ;
#1385 = DIRECTION ( 'NONE',  ( 0.0000000000000000000, 1.000000000000000000, 0.0000000000000000000 ) ) ;
#1386 = ORIENTED_EDGE ( 'NONE', *, *, #2657, .T. ) ;
#1387 = ADVANCED_FACE ( 'E824', ( #787, #795 ), #777, .F. ) ;
#1388 = DIRECTION ( 'NONE',  ( 0.0000000000000000000, 0.0000000000000000000, 1.000000000000000000 ) ) ;
#1389 = DIRECTION ( 'NONE',  ( 0.0000000000000000000, 0.0000000000000000000, 1.000000000000000000 ) ) ;
#1390 = DIRECTION ( 'NONE',  ( 0.0000000000000000000, 0.0000000000000000000, 1.000000000000000000 ) ) ;
#1391 = DIRECTION ( 'NONE',  ( 1.000000000000000000, 0.0000000000000000000, 0.0000000000000000000 ) ) ;
#1392 = ORIENTED_EDGE ( 'NONE', *, *, #1908, .F. ) ;
#1393 = DIRECTION ( 'NONE',  ( 0.4999999999999998900, 0.0000000000000000000, 0.8660254037844387100 ) ) ;
#1394 = B_SPLINE_CURVE_WITH_KNOTS ( 'NONE', 3,
 ( #2297, #2285, #2308, #2311, #2317, #2321, #2322, #2327, #2328, #2335, #2338, #2339, #2344, #2354, #2355, #2358, #2360, #2362 ),
 .UNSPECIFIED., .T., .F.,
 ( 4, 2, 2, 2, 2, 2, 2, 2, 4 ),
 ( 0.0000000000000000000, 0.0003154713365801051500, 0.0006309426731602103000, 0.0009464140097403154600, 0.001261885346320420600, 0.001577356682900525900, 0.001892828019480630900, 0.002208299356060736000, 0.002523770692640841200 ),
 .UNSPECIFIED. ) ;
#1395 = AXIS2_PLACEMENT_3D ( 'NONE', #2302, #2261, #2257 ) ;
#1396 = AXIS2_PLACEMENT_3D ( 'NONE', #2226, #2215, #2214 ) ;
#1397 = VERTEX_POINT ( 'NONE', #1945 ) ;
#1398 = ORIENTED_EDGE ( 'NONE', *, *, #886, .F. ) ;
#1399 = EDGE_CURVE ( 'NONE', #61, #61, #136, .T. ) ;
#1400 = CARTESIAN_POINT ( 'NONE',  ( 11.86794919243111900, 14.50000000000000000, -3.181620636138040000E-016 ) ) ;
#1401 = ORIENTED_EDGE ( 'NONE', *, *, #1908, .T. ) ;
#1402 = CARTESIAN_POINT ( 'NONE',  ( -4.000000000000000000, 0.0000000000000000000, 11.50000000000000000 ) ) ;
#1403 = ORIENTED_EDGE ( 'NONE', *, *, #2673, .T. ) ;
#1404 = PLANE ( 'NONE',  #1228 ) ;
#1405 = EDGE_CURVE ( 'E555', #1008, #2487, #781, .T. ) ;
#1406 = ORIENTED_EDGE ( 'NONE', *, *, #2843, .F. ) ;
#1407 = CARTESIAN_POINT ( 'NONE',  ( -9.500000000000000000, 0.0000000000000000000, 11.50000000000000000 ) ) ;
#1408 = ORIENTED_EDGE ( 'NONE', *, *, #1556, .F. ) ;
#1409 = ADVANCED_BREP_SHAPE_REPRESENTATION ( 'UCFL-204', ( #1264, #803 ), #955 ) ;
#1410 = ORIENTED_EDGE ( 'NONE', *, *, #2843, .T. ) ;
#1411 = ORIENTED_EDGE ( 'NONE', *, *, #2697, .T. ) ;
#1412 = DIRECTION ( 'NONE',  ( 1.000000000000000000, 0.0000000000000000000, 0.0000000000000000000 ) ) ;
#1413 = CARTESIAN_POINT ( 'NONE',  ( 4.190572826904224600, -9.768266795286772100, -17.63193663301362000 ) ) ;
#1414 = VERTEX_POINT ( 'NONE', #134 ) ;
#1415 = AXIS2_PLACEMENT_3D ( 'NONE', #2336, #2690, #2629 ) ;
#1416 = DIRECTION ( 'NONE',  ( 0.0000000000000000000, 1.000000000000000000, 0.0000000000000000000 ) ) ;
#1417 = PRODUCT ( 'UCFL-204', 'UCFL-204', '', ( #340 ) ) ;
#1418 = ORIENTED_EDGE ( 'NONE', *, *, #2796, .F. ) ;
#1419 = CARTESIAN_POINT ( 'NONE',  ( 2.828427124746195200, 0.0000000000000000000, 0.0000000000000000000 ) ) ;
#1420 = CARTESIAN_POINT ( 'NONE',  ( -5.100000000000000500, 55.19885594382850500, 0.0000000000000000000 ) ) ;
#1421 = AXIS2_PLACEMENT_3D ( 'NONE', #2301, #2291, #2290 ) ;
#1422 = AXIS2_PLACEMENT_3D ( 'NONE', #2693, #2699, #2696 ) ;
#1423 = ORIENTED_EDGE ( 'NONE', *, *, #2814, .F. ) ;
#1424 = DIRECTION ( 'NONE',  ( -1.000000000000000000, 0.0000000000000000000, 0.0000000000000000000 ) ) ;
#1425 = DIRECTION ( 'NONE',  ( 0.0000000000000000000, 0.0000000000000000000, 1.000000000000000000 ) ) ;
#1426 = CARTESIAN_POINT ( 'NONE',  ( 0.0000000000000000000, 0.0000000000000000000, 0.0000000000000000000 ) ) ;
#1427 = AXIS2_PLACEMENT_3D ( 'NONE', #2619, #2616, #2611 ) ;
#1428 = VERTEX_POINT ( 'NONE', #338 ) ;
#1429 = DIRECTION ( 'NONE',  ( 0.0000000000000000000, -1.000000000000000000, 0.0000000000000000000 ) ) ;
#1430 = ORIENTED_EDGE ( 'NONE', *, *, #2796, .T. ) ;
#1431 = EDGE_CURVE ( 'NONE', #60, #60, #790, .T. ) ;
#1432 = ORIENTED_EDGE ( 'NONE', *, *, #2710, .T. ) ;
#1433 = CARTESIAN_POINT ( 'NONE',  ( 7.750000000000000000, 0.0000000000000000000, 0.0000000000000000000 ) ) ;
#1434 = DIRECTION ( 'NONE',  ( 1.000000000000000000, 0.0000000000000000000, 0.0000000000000000000 ) ) ;
#1435 = DIRECTION ( 'NONE',  ( 1.000000000000000000, 0.0000000000000000000, 0.0000000000000000000 ) ) ;
#1436 = CARTESIAN_POINT ( 'NONE',  ( -5.100000000000000500, 0.0000000000000000000, 0.0000000000000000000 ) ) ;
#1437 = ORIENTED_EDGE ( 'NONE', *, *, #2759, .F. ) ;
#1438 = EDGE_CURVE ( 'E161', #2658, #991, #796, .T. ) ;
#1439 = DIRECTION ( 'NONE',  ( 0.0000000000000000000, -1.000000000000000000, 0.0000000000000000000 ) ) ;
#1440 = ORIENTED_EDGE ( 'NONE', *, *, #2771, .F. ) ;
#1441 = CARTESIAN_POINT ( 'NONE',  ( 14.46602540378444100, -5.950961894323340200, -13.30736835487436000 ) ) ;
#1442 = AXIS2_PLACEMENT_3D ( 'NONE', #2279, #2278, #2266 ) ;
#1443 = EDGE_CURVE ( 'NONE', #58, #58, #2838, .T. ) ;
#1444 = ORIENTED_EDGE ( 'NONE', *, *, #2759, .T. ) ;
#1445 = CARTESIAN_POINT ( 'NONE',  ( 14.46602540378444100, 14.50000000000000000, 1.500000000000000000 ) ) ;
#1446 = ORIENTED_EDGE ( 'NONE', *, *, #2650, .T. ) ;
#1447 = AXIS2_PLACEMENT_3D ( 'NONE', #2718, #2709, #2705 ) ;
#1448 = CARTESIAN_POINT ( 'NONE',  ( 0.0000000000000000000, 0.0000000000000000000, 0.0000000000000000000 ) ) ;
#1449 = ORIENTED_EDGE ( 'NONE', *, *, #2741, .F. ) ;
#1450 = CARTESIAN_POINT ( 'NONE',  ( -9.500000000000000000, 0.0000000000000000000, 0.0000000000000000000 ) ) ;
#1451 = ORIENTED_EDGE ( 'NONE', *, *, #2755, .F. ) ;
#1452 = DIRECTION ( 'NONE',  ( 0.0000000000000000000, 0.0000000000000000000, 1.000000000000000000 ) ) ;
#1453 = DIRECTION ( 'NONE',  ( 0.0000000000000000000, -0.8660254037844387100, 0.4999999999999998900 ) ) ;
#1454 = VERTEX_POINT ( 'NONE', #1729 ) ;
#1455 = AXIS2_PLACEMENT_3D ( 'NONE', #2729, #2724, #2720 ) ;
#1456 = DIRECTION ( 'NONE',  ( -1.000000000000000000, 0.0000000000000000000, 0.0000000000000000000 ) ) ;
#1457 = ORIENTED_EDGE ( 'NONE', *, *, #2741, .T. ) ;
#1458 = DIRECTION ( 'NONE',  ( -1.000000000000000000, 0.0000000000000000000, 0.0000000000000000000 ) ) ;
#1459 = AXIS2_PLACEMENT_3D ( 'NONE', #2753, #2751, #2748 ) ;
#1460 = DIRECTION ( 'NONE',  ( 0.0000000000000000000, 1.000000000000000000, 0.0000000000000000000 ) ) ;
#1461 = ORIENTED_EDGE ( 'NONE', *, *, #2656, .T. ) ;
#1462 = CARTESIAN_POINT ( 'NONE',  ( 4.799999999999995400, -10.16997169654446900, -17.40349455727011100 ) ) ;
#1463 = AXIS2_PLACEMENT_3D ( 'NONE', #2767, #2765, #2763 ) ;
#1464 = ORIENTED_EDGE ( 'NONE', *, *, #2738, .F. ) ;
#1465 = AXIS2_PLACEMENT_3D ( 'NONE', #599, #593, #592 ) ;
#1466 = CARTESIAN_POINT ( 'NONE',  ( -5.100000000000000500, 12.33333333333334100, 27.34755727462490100 ) ) ;
#1467 = CARTESIAN_POINT ( 'NONE',  ( -12.69999999999999900, 0.0000000000000000000, 0.0000000000000000000 ) ) ;
#1468 = AXIS2_PLACEMENT_3D ( 'NONE', #711, #616, #707 ) ;
#1469 = AXIS2_PLACEMENT_3D ( 'NONE', #874, #871, #884 ) ;
#1470 = ORIENTED_EDGE ( 'NONE', *, *, #2727, .F. ) ;
#1471 = DIRECTION ( 'NONE',  ( 0.0000000000000000000, -1.000000000000000000, 0.0000000000000000000 ) ) ;
#1472 = AXIS2_PLACEMENT_3D ( 'NONE', #915, #1057, #1052 ) ;
#1473 = CARTESIAN_POINT ( 'NONE',  ( -15.00000000000000000, 12.33333333333334100, 27.34755727462490100 ) ) ;
#1474 = EDGE_CURVE ( 'NONE', #55, #55, #769, .T. ) ;
#1475 = ORIENTED_EDGE ( 'NONE', *, *, #2711, .T. ) ;
#1476 = ORIENTED_EDGE ( 'NONE', *, *, #2625, .T. ) ;
#1477 = AXIS2_PLACEMENT_3D ( 'NONE', #1005, #1002, #997 ) ;
#1478 = CARTESIAN_POINT ( 'NONE',  ( 2.407982290227334200, 19.10290873298280400, 21.31042211660901500 ) ) ;
#1479 = VERTEX_POINT ( 'NONE', #1734 ) ;
#1480 = DIRECTION ( 'NONE',  ( 1.000000000000000000, 0.0000000000000000000, 6.409875621278550000E-016 ) ) ;
#1481 = CARTESIAN_POINT ( 'NONE',  ( 4.400000000000000400, 0.0000000000000000000, 0.0000000000000000000 ) ) ;
#1482 = AXIS2_PLACEMENT_3D ( 'NONE', #1302, #1296, #1294 ) ;
#1483 = ORIENTED_EDGE ( 'NONE', *, *, #2710, .F. ) ;
#1484 = CARTESIAN_POINT ( 'NONE',  ( 4.052587739197059100, -11.74523224478748100, -19.94683062871735400 ) ) ;
#1485 = CARTESIAN_POINT ( 'NONE',  ( 12.73397459621556000, 14.50000000000000000, 1.500000000000000000 ) ) ;
#1486 = EDGE_LOOP ( 'NONE', ( #1979 ) ) ;
#1487 = CARTESIAN_POINT ( 'NONE',  ( 12.73397459621556000, 14.50000000000000000, -1.500000000000000000 ) ) ;
#1488 = EDGE_LOOP ( 'NONE', ( #2049, #2044, #2032, #2029 ) ) ;
#1489 = ORIENTED_EDGE ( 'NONE', *, *, #2697, .F. ) ;
#1490 = CARTESIAN_POINT ( 'NONE',  ( -4.000000000000000000, -26.62419456546835100, -11.50000000000000000 ) ) ;
#1491 = ORIENTED_EDGE ( 'NONE', *, *, #2673, .F. ) ;
#1492 = AXIS2_PLACEMENT_3D ( 'NONE', #2138, #2204, #2109 ) ;
#1493 = ORIENTED_EDGE ( 'NONE', *, *, #2657, .F. ) ;
#1494 = CARTESIAN_POINT ( 'NONE',  ( 14.46602540378444100, 14.50000000000000000, 1.500000000000000000 ) ) ;
#1495 = DIRECTION ( 'NONE',  ( 1.000000000000000000, 0.0000000000000000000, 1.632808471763169700E-016 ) ) ;
#1496 = VERTEX_POINT ( 'NONE', #356 ) ;
#1497 = DIRECTION ( 'NONE',  ( 0.0000000000000000000, 0.0000000000000000000, 1.000000000000000000 ) ) ;
#1498 = AXIS2_PLACEMENT_3D ( 'NONE', #2077, #2052, #1981 ) ;
#1499 = ORIENTED_EDGE ( 'NONE', *, *, #2656, .F. ) ;
#1500 = CARTESIAN_POINT ( 'NONE',  ( -5.100000000000000500, 0.0000000000000000000, 0.0000000000000000000 ) ) ;
#1501 = DIRECTION ( 'NONE',  ( -1.000000000000000000, 0.0000000000000000000, 0.0000000000000000000 ) ) ;
#1502 = ORIENTED_EDGE ( 'NONE', *, *, #2650, .F. ) ;
#1503 = DIRECTION ( 'NONE',  ( -1.000000000000000000, 0.0000000000000000000, 0.0000000000000000000 ) ) ;
#1504 = AXIS2_PLACEMENT_3D ( 'NONE', #1788, #2826, #1771 ) ;
#1505 = ORIENTED_EDGE ( 'NONE', *, *, #1528, .F. ) ;
#1506 = CARTESIAN_POINT ( 'NONE',  ( 7.609229083570220100, 0.0000000000000000000, 7.525988295950640500E-016 ) ) ;
#1507 = DIRECTION ( 'NONE',  ( 0.0000000000000000000, 0.0000000000000000000, 1.000000000000000000 ) ) ;
#1508 = AXIS2_PLACEMENT_3D ( 'NONE', #2836, #1926, #1726 ) ;
#1509 = CARTESIAN_POINT ( 'NONE',  ( -4.421583268537041500, -26.67857114090899300, 11.50000000000000200 ) ) ;
#1510 = DIRECTION ( 'NONE',  ( 1.560425876377381700E-016, 0.0000000000000000000, -1.000000000000000000 ) ) ;
#1511 = AXIS2_PLACEMENT_3D ( 'NONE', #1704, #1641, #2191 ) ;
#1512 = ORIENTED_EDGE ( 'NONE', *, *, #2625, .F. ) ;
#1513 = CARTESIAN_POINT ( 'NONE',  ( 2.032656497666789800, 19.93075168712928800, 20.56975827281386400 ) ) ;
#1514 = CARTESIAN_POINT ( 'NONE',  ( -5.100000000000000500, 45.00000000000000000, 0.0000000000000000000 ) ) ;
#1515 = ORIENTED_EDGE ( 'NONE', *, *, #2595, .F. ) ;
#1516 = AXIS2_PLACEMENT_3D ( 'NONE', #2627, #2790, #2714 ) ;
#1517 = CARTESIAN_POINT ( 'NONE',  ( 13.60000000000000500, 9.539392014169457900, 3.000000000000000400 ) ) ;
#1518 = AXIS2_PLACEMENT_3D ( 'NONE', #2683, #2685, #2670 ) ;
#1519 = ORIENTED_EDGE ( 'NONE', *, *, #1607, .T. ) ;
#1520 = DIRECTION ( 'NONE',  ( -0.4999999999999998900, 0.0000000000000000000, -0.8660254037844387100 ) ) ;
#1521 = CARTESIAN_POINT ( 'NONE',  ( 13.99529700177251500, 9.545645899582416000, 2.980312597199706200 ) ) ;
#1522 = ORIENTED_EDGE ( 'NONE', *, *, #2595, .T. ) ;
#1523 = AXIS2_PLACEMENT_3D ( 'NONE', #2460, #2667, #2566 ) ;
#1524 = CARTESIAN_POINT ( 'NONE',  ( 14.38023429767686400, 9.569318757355485900, 2.903404439165560000 ) ) ;
#1525 = ORIENTED_EDGE ( 'NONE', *, *, #2585, .T. ) ;
#1526 = CARTESIAN_POINT ( 'NONE',  ( 15.33205080756890100, 14.50000000000000000, 1.060540212046012100E-016 ) ) ;
#1527 = AXIS2_PLACEMENT_3D ( 'NONE', #1514, #1594, #1566 ) ;
#1528 = EDGE_CURVE ( 'E913', #1496, #2418, #767, .T. ) ;
#1529 = ORIENTED_EDGE ( 'NONE', *, *, #2541, .T. ) ;
#1530 = CARTESIAN_POINT ( 'NONE',  ( 14.57135707907777100, 9.587028970844388100, 2.845179130300364200 ) ) ;
#1531 = ORIENTED_EDGE ( 'NONE', *, *, #2534, .T. ) ;
#1532 = AXIS2_PLACEMENT_3D ( 'NONE', #1436, #1539, #1543 ) ;
#1533 = ORIENTED_EDGE ( 'NONE', *, *, #2526, .T. ) ;
#1534 = CARTESIAN_POINT ( 'NONE',  ( -4.161812596680515100, 26.63472960422920000, 11.50000000000000000 ) ) ;
#1535 = CARTESIAN_POINT ( 'NONE',  ( 14.93403220595270000, 9.630536425311635900, 2.694241439079318100 ) ) ;
#1536 = ORIENTED_EDGE ( 'NONE', *, *, #2521, .T. ) ;
#1537 = CARTESIAN_POINT ( 'NONE',  ( 15.10586067706540400, 9.656187808886796700, 2.602049434701500200 ) ) ;
#1538 = AXIS2_PLACEMENT_3D ( 'NONE', #1136, #1099, #1176 ) ;
#1539 = DIRECTION ( 'NONE',  ( -1.000000000000000000, 0.0000000000000000000, 0.0000000000000000000 ) ) ;
#1540 = ORIENTED_EDGE ( 'NONE', *, *, #1528, .T. ) ;
#1541 = CARTESIAN_POINT ( 'NONE',  ( 15.43105682273350100, 9.712214768519121600, 2.384430445889197600 ) ) ;
#1542 = CARTESIAN_POINT ( 'NONE',  ( 15.58405599349566200, 9.742611005053104700, 2.258612142959346900 ) ) ;
#1543 = DIRECTION ( 'NONE',  ( 0.0000000000000000000, 0.0000000000000000000, 1.000000000000000000 ) ) ;
#1544 = AXIS2_PLACEMENT_3D ( 'NONE', #1506, #1495, #1510 ) ;
#1545 = CARTESIAN_POINT ( 'NONE',  ( 15.99648477176472700, 9.832146424007511600, 1.846100953170679100 ) ) ;
#1546 = CARTESIAN_POINT ( 'NONE',  ( 4.504560527202946800, -10.42280511757000000, -17.25293907482185700 ) ) ;
#1547 = ORIENTED_EDGE ( 'NONE', *, *, #2533, .T. ) ;
#1548 = DIRECTION ( 'NONE',  ( 1.000000000000000000, 0.0000000000000000000, 0.0000000000000000000 ) ) ;
#1549 = AXIS2_PLACEMENT_3D ( 'NONE', #1347, #336, #321 ) ;
#1550 = CARTESIAN_POINT ( 'NONE',  ( 7.750000000000000000, 0.0000000000000000000, 0.0000000000000000000 ) ) ;
#1551 = DIRECTION ( 'NONE',  ( 0.5000000000000003300, 0.0000000000000000000, -0.8660254037844383700 ) ) ;
#1552 = CARTESIAN_POINT ( 'NONE',  ( -4.107875057440959500, 26.63121803334915000, 11.50000000000000000 ) ) ;
#1553 = CARTESIAN_POINT ( 'NONE',  ( 16.21962696148490200, 9.891495189289580400, 1.513299485309174800 ) ) ;
#1554 = ORIENTED_EDGE ( 'NONE', *, *, #2503, .T. ) ;
#1555 = AXIS2_PLACEMENT_3D ( 'NONE', #1149, #1259, #1269 ) ;
#1556 = EDGE_CURVE ( 'E1224', #1848, #1093, #762, .T. ) ;
#1557 = CARTESIAN_POINT ( 'NONE',  ( -5.100000000000000500, 55.19885594382850500, -11.50000000000000000 ) ) ;
#1558 = CARTESIAN_POINT ( 'NONE',  ( 16.44472235321643100, 9.954258042792007500, 0.9724633260461268400 ) ) ;
#1559 = VERTEX_POINT ( 'NONE', #1766 ) ;
#1560 = CARTESIAN_POINT ( 'NONE',  ( 16.50298757121920100, 9.971256890741335300, 0.7821539755585095200 ) ) ;
#1561 = AXIS2_PLACEMENT_3D ( 'NONE', #1070, #1084, #983 ) ;
#1562 = AXIS2_PLACEMENT_3D ( 'NONE', #1022, #1075, #1032 ) ;
#1563 = CARTESIAN_POINT ( 'NONE',  ( 2.108823099658968300, 19.65027870263861900, 20.83160112555868400 ) ) ;
#1564 = ORIENTED_EDGE ( 'NONE', *, *, #1882, .F. ) ;
#1565 = DIRECTION ( 'NONE',  ( 0.0000000000000000000, 0.0000000000000000000, 1.000000000000000000 ) ) ;
#1566 = DIRECTION ( 'NONE',  ( 0.0000000000000000000, 0.0000000000000000000, -1.000000000000000000 ) ) ;
#1567 = ORIENTED_EDGE ( 'NONE', *, *, #2526, .F. ) ;
#1568 = CARTESIAN_POINT ( 'NONE',  ( 2.166351980315135400, 19.50871383432349000, 20.95944864383765300 ) ) ;
#1569 = CARTESIAN_POINT ( 'NONE',  ( 16.58053534074101900, 9.994109167900335300, 0.3943485295128291700 ) ) ;
#1570 = CARTESIAN_POINT ( 'NONE',  ( 3.021409941020783300, 21.70927107263882000, 18.59188456515559900 ) ) ;
#1571 = ORIENTED_EDGE ( 'NONE', *, *, #1882, .T. ) ;
#1572 = CARTESIAN_POINT ( 'NONE',  ( 16.59987102425926900, 9.999961307285238000, 0.1989125051250216200 ) ) ;
#1573 = CARTESIAN_POINT ( 'NONE',  ( 16.60012770196912900, 10.00003831058332100, -0.1950028686015724800 ) ) ;
#1574 = DIRECTION ( 'NONE',  ( -1.000000000000000000, 0.0000000000000000000, 0.0000000000000000000 ) ) ;
#1575 = AXIS2_PLACEMENT_3D ( 'NONE', #910, #924, #927 ) ;
#1576 = VERTEX_POINT ( 'NONE', #1767 ) ;
#1577 = CARTESIAN_POINT ( 'NONE',  ( 16.58036740911643000, 9.994059888671278800, -0.3950877471255597200 ) ) ;
#1578 = VERTEX_POINT ( 'NONE', #1773 ) ;
#1579 = ORIENTED_EDGE ( 'NONE', *, *, #2476, .T. ) ;
#1580 = AXIS2_PLACEMENT_3D ( 'NONE', #744, #750, #693 ) ;
#1581 = AXIS2_PLACEMENT_3D ( 'NONE', #831, #464, #597 ) ;
#1582 = CARTESIAN_POINT ( 'NONE',  ( 16.50327336082862900, 9.971340901439585700, -0.7808252131911132000 ) ) ;
#1583 = CARTESIAN_POINT ( 'NONE',  ( 2.316293747185053300, 19.23485146251156100, 21.19895617104312500 ) ) ;
#1584 = ORIENTED_EDGE ( 'NONE', *, *, #2516, .F. ) ;
#1585 = ORIENTED_EDGE ( 'NONE', *, *, #2521, .F. ) ;
#1586 = PLANE ( 'NONE',  #1249 ) ;
#1587 = EDGE_CURVE ( 'NONE', #54, #54, #1873, .T. ) ;
#1588 = CARTESIAN_POINT ( 'NONE',  ( 16.44624410474307300, 9.954687976451786800, -0.9684500206610628900 ) ) ;
#1589 = AXIS2_PLACEMENT_3D ( 'NONE', #651, #705, #733 ) ;
#1590 = CARTESIAN_POINT ( 'NONE',  ( 4.608700029973254800, -9.767858906915622100, -17.63216245815243600 ) ) ;
#1591 = ORIENTED_EDGE ( 'NONE', *, *, #2516, .T. ) ;
#1592 = CARTESIAN_POINT ( 'NONE',  ( 16.29472872309682400, 9.912430080248338300, -1.333205931287479800 ) ) ;
#1593 = AXIS2_PLACEMENT_3D ( 'NONE', #589, #590, #594 ) ;
#1594 = DIRECTION ( 'NONE',  ( 1.000000000000000000, 0.0000000000000000000, 0.0000000000000000000 ) ) ;
#1595 = ORIENTED_EDGE ( 'NONE', *, *, #2243, .T. ) ;
#1596 = CARTESIAN_POINT ( 'NONE',  ( 13.20776795348459800, 9.545472955078359700, -2.980872246994883400 ) ) ;
#1597 = CARTESIAN_POINT ( 'NONE',  ( 16.20139202385820500, 9.887175915250702800, -1.506888407684097400 ) ) ;
#1598 = PLANE ( 'NONE',  #1260 ) ;
#1599 = AXIS2_PLACEMENT_3D ( 'NONE', #527, #585, #1025 ) ;
#1600 = CARTESIAN_POINT ( 'NONE',  ( 15.98465549664864600, 9.832374532889655700, -1.830675093321907600 ) ) ;
#1601 = CARTESIAN_POINT ( 'NONE',  ( 15.85940539135264200, 9.802379373412238200, -1.983285750482772300 ) ) ;
#1602 = EDGE_CURVE ( 'E991', #2399, #1414, #755, .T. ) ;
#1603 = DIRECTION ( 'NONE',  ( 1.000000000000000000, 0.0000000000000000000, 0.0000000000000000000 ) ) ;
#1604 = ORIENTED_EDGE ( 'NONE', *, *, #2478, .T. ) ;
#1605 = ADVANCED_FACE ( 'E1160', ( #760 ), #1841, .T. ) ;
#1606 = CARTESIAN_POINT ( 'NONE',  ( 15.58246106230050500, 9.742272862189908600, -2.260129028839667600 ) ) ;
#1607 = EDGE_CURVE ( 'NONE', #53, #53, #749, .T. ) ;
#1608 = AXIS2_PLACEMENT_3D ( 'NONE', #504, #488, #497 ) ;
#1609 = ORIENTED_EDGE ( 'NONE', *, *, #2512, .F. ) ;
#1610 = CARTESIAN_POINT ( 'NONE',  ( -4.161812596680515100, -26.63472960422920000, 11.50000000000000000 ) ) ;
#1611 = CARTESIAN_POINT ( 'NONE',  ( 15.43225108545523700, 9.712449815929296900, -2.383461358211791800 ) ) ;
#1612 = CARTESIAN_POINT ( 'NONE',  ( 15.10825596633671700, 9.656571516163653600, -2.600614547804109800 ) ) ;
#1613 = ORIENTED_EDGE ( 'NONE', *, *, #2507, .T. ) ;
#1614 = AXIS2_PLACEMENT_3D ( 'NONE', #514, #518, #513 ) ;
#1615 = CARTESIAN_POINT ( 'NONE',  ( 14.93266772915728200, 9.630359031191128200, -2.694865902741659700 ) ) ;
#1616 = ORIENTED_EDGE ( 'NONE', *, *, #2472, .T. ) ;
#1617 = CARTESIAN_POINT ( 'NONE',  ( 10.50000000000000000, -12.33333333333332000, 27.34755727462490100 ) ) ;
#1618 = ORIENTED_EDGE ( 'NONE', *, *, #2503, .F. ) ;
#1619 = CARTESIAN_POINT ( 'NONE',  ( 14.57123952020278100, 9.587028632423660200, -2.845171225865523700 ) ) ;
#1620 = AXIS2_PLACEMENT_3D ( 'NONE', #482, #498, #501 ) ;
#1621 = ORIENTED_EDGE ( 'NONE', *, *, #2496, .F. ) ;
#1622 = CARTESIAN_POINT ( 'NONE',  ( 14.38419015845266300, 9.569618328465811200, -2.902423114009307500 ) ) ;
#1623 = ADVANCED_FACE ( 'E833', ( #743, #757 ), #729, .F. ) ;
#1624 = EDGE_CURVE ( 'E273', #1008, #1397, #747, .T. ) ;
#1625 = ORIENTED_EDGE ( 'NONE', *, *, #2491, .F. ) ;
#1626 = VERTEX_POINT ( 'NONE', #1887 ) ;
#1627 = CARTESIAN_POINT ( 'NONE',  ( 13.99687932372304500, 9.545687714643383600, -2.980184715709856700 ) ) ;
#1628 = B_SPLINE_CURVE_WITH_KNOTS ( 'NONE', 3,
 ( #1957, #1942, #1960, #1968, #1973, #1977, #1982, #1987, #1989, #1993, #2003, #2007, #2010, #2015, #2017, #2022, #2025, #2027, #2031, #2035, #2040, #2045, #2050, #2051, #2056, #2206, #2195, #2173, #2059, #2066, #2067, #2070, #2073, #2075, #2079, #2082, #2090, #2103, #2106, #2111, #2121, #2125, #2134, #2137, #2142, #2146, #2147, #2150, #2153, #2159, #2160, #2162, #2169, #2170, #2174, #2180, #2182, #2185, #2186, #2190, #2196, #2200 ),
 .UNSPECIFIED., .T., .F.,
 ( 4, 2, 2, 2, 2, 2, 2, 2, 2, 2, 2, 2, 2, 2, 2, 2, 2, 2, 2, 2, 2, 2, 2, 2, 2, 2, 2, 2, 2, 2, 4 ),
 ( 0.0000000000000000000, 0.0005895346012217096400, 0.001179069202443419300, 0.001768603803665128900, 0.002358138404886838500, 0.003537207607330256100, 0.004126742208551967400, 0.004716276809773677900, 0.005305811410995385800, 0.005895346012217094600, 0.006484880613438802500, 0.007074415214660511300, 0.007663949815882213100, 0.008253484417103914100, 0.008843019018325615900, 0.009432553619547316000, 0.01002208822076901800, 0.01061162282199071800, 0.01120115742321242000, 0.01179069202443412000, 0.01238022662565582200, 0.01296976122687752200, 0.01355929582809922400, 0.01414883042932092400, 0.01473836503054262600, 0.01532789963176432900, 0.01650696883420773100, 0.01709650343542943100, 0.01768603803665113500, 0.01827557263787283500, 0.01886510723909453500 ),
 .UNSPECIFIED. ) ;
#1629 = ORIENTED_EDGE ( 'NONE', *, *, #2478, .F. ) ;
#1630 = CARTESIAN_POINT ( 'NONE',  ( 13.79779166227632100, 9.539418735637676500, -2.999915031137818200 ) ) ;
#1631 = VERTEX_POINT ( 'NONE', #1870 ) ;
#1632 = CARTESIAN_POINT ( 'NONE',  ( 0.0000000000000000000, 0.0000000000000000000, 0.0000000000000000000 ) ) ;
#1633 = AXIS2_PLACEMENT_3D ( 'NONE', #532, #537, #540 ) ;
#1634 = CARTESIAN_POINT ( 'NONE',  ( 13.40479431602464500, 9.539365467955686700, -3.000084411588507900 ) ) ;
#1635 = AXIS2_PLACEMENT_3D ( 'NONE', #448, #487, #625 ) ;
#1636 = CARTESIAN_POINT ( 'NONE',  ( 12.81822903915666200, 9.569397775881022000, -2.903149926545316000 ) ) ;
#1637 = ORIENTED_EDGE ( 'NONE', *, *, #2476, .F. ) ;
#1638 = ORIENTED_EDGE ( 'NONE', *, *, #2076, .T. ) ;
#1639 = CARTESIAN_POINT ( 'NONE',  ( 12.63062572912477900, 9.586837535677691600, -2.845812723291397500 ) ) ;
#1640 = DIRECTION ( 'NONE',  ( 0.0000000000000000000, 0.0000000000000000000, -1.000000000000000000 ) ) ;
#1641 = DIRECTION ( 'NONE',  ( -1.000000000000000000, 0.0000000000000000000, 0.0000000000000000000 ) ) ;
#1642 = CARTESIAN_POINT ( 'NONE',  ( 12.26895656438155100, 9.630132090783952500, -2.695674295158655600 ) ) ;
#1643 = ORIENTED_EDGE ( 'NONE', *, *, #2467, .T. ) ;
#1644 = CARTESIAN_POINT ( 'NONE',  ( 12.09340719199725100, 9.656306971722964100, -2.601599921401823100 ) ) ;
#1645 = ORIENTED_EDGE ( 'NONE', *, *, #2462, .T. ) ;
#1646 = AXIS2_PLACEMENT_3D ( 'NONE', #455, #452, #472 ) ;
#1647 = ORIENTED_EDGE ( 'NONE', *, *, #2457, .F. ) ;
#1648 = CARTESIAN_POINT ( 'NONE',  ( 11.76881647565615600, 9.712243589554798700, -2.384305127355815100 ) ) ;
#1649 = CARTESIAN_POINT ( 'NONE',  ( 11.61846703029168800, 9.742083490254643200, -2.260940352206997100 ) ) ;
#1650 = AXIS2_PLACEMENT_3D ( 'NONE', #397, #392, #438 ) ;
#1651 = DIRECTION ( 'NONE',  ( 0.0000000000000000000, 1.000000000000000000, 0.0000000000000000000 ) ) ;
#1652 = VERTEX_POINT ( 'NONE', #1862 ) ;
#1653 = CARTESIAN_POINT ( 'NONE',  ( 11.34144605850052800, 9.802182600202559800, -1.984252574551981700 ) ) ;
#1654 = ADVANCED_FACE ( 'E554', ( #732 ), #1899, .T. ) ;
#1655 = VERTEX_POINT ( 'NONE', #1898 ) ;
#1656 = PLANE ( 'NONE',  #1273 ) ;
#1657 = VERTEX_POINT ( 'NONE', #1910 ) ;
#1658 = CARTESIAN_POINT ( 'NONE',  ( 11.21608132512735300, 9.832196256414315300, -1.831612271778817000 ) ) ;
#1659 = CARTESIAN_POINT ( 'NONE',  ( 10.99942660579531400, 9.886960956476276200, -1.508273776173293800 ) ) ;
#1660 = ORIENTED_EDGE ( 'NONE', *, *, #2408, .T. ) ;
#1661 = CARTESIAN_POINT ( 'NONE',  ( 8.000000000000000000, 0.0000000000000000000, 0.0000000000000000000 ) ) ;
#1662 = ORIENTED_EDGE ( 'NONE', *, *, #2228, .F. ) ;
#1663 = ORIENTED_EDGE ( 'NONE', *, *, #2457, .T. ) ;
#1664 = CARTESIAN_POINT ( 'NONE',  ( 7.698429766237933500, 19.01284046922742000, 20.96602126718380900 ) ) ;
#1665 = ORIENTED_EDGE ( 'NONE', *, *, #2453, .T. ) ;
#1666 = CARTESIAN_POINT ( 'NONE',  ( 2.750533541942917100, 18.72769758831622200, 21.61364537066538500 ) ) ;
#1667 = CARTESIAN_POINT ( 'NONE',  ( 10.90658301133292500, 9.912070850620407800, -1.335944258318672700 ) ) ;
#1668 = ORIENTED_EDGE ( 'NONE', *, *, #2227, .T. ) ;
#1669 = AXIS2_PLACEMENT_3D ( 'NONE', #139, #443, #185 ) ;
#1670 = EDGE_CURVE ( 'NONE', #51, #51, #728, .T. ) ;
#1671 = CARTESIAN_POINT ( 'NONE',  ( 10.75430446469773400, 9.954528444507936100, -0.9701850630347576000 ) ) ;
#1672 = ORIENTED_EDGE ( 'NONE', *, *, #2496, .T. ) ;
#1673 = CARTESIAN_POINT ( 'NONE',  ( 10.69722877993071100, 9.971194556723062900, -0.7825522304421405100 ) ) ;
#1674 = ORIENTED_EDGE ( 'NONE', *, *, #2533, .F. ) ;
#1675 = CARTESIAN_POINT ( 'NONE',  ( 10.62004965895098600, 9.993935369366720800, -0.3979506430631666900 ) ) ;
#1676 = CARTESIAN_POINT ( 'NONE',  ( 10.60005424840931500, 9.999983725477763500, -0.1985676222642804900 ) ) ;
#1677 = ORIENTED_EDGE ( 'NONE', *, *, #2560, .T. ) ;
#1678 = CARTESIAN_POINT ( 'NONE',  ( -4.000000000000000000, 26.62419456546835100, 11.50000000000000000 ) ) ;
#1679 = EDGE_CURVE ( 'NONE', #48, #48, #1628, .T. ) ;
#1680 = CARTESIAN_POINT ( 'NONE',  ( 10.59994597643220400, 10.00001620706978900, 0.1969250333843372600 ) ) ;
#1681 = CARTESIAN_POINT ( 'NONE',  ( 10.61925470352083100, 9.994172776302525200, 0.3924535715314114200 ) ) ;
#1682 = ORIENTED_EDGE ( 'NONE', *, *, #2585, .F. ) ;
#1683 = CARTESIAN_POINT ( 'NONE',  ( 18.30000000000000100, 13.89999999999999900, 0.0000000000000000000 ) ) ;
#1684 = B_SPLINE_CURVE_WITH_KNOTS ( 'NONE', 3,
 ( #2621, #2610, #2603, #2601, #2598, #2592, #2589, #2588, #2584, #2580, #2577, #2571, #2565, #2563, #2559, #2555, #2551, #2543, #2536, #2535, #2528, #2517, #2514, #2510, #2506, #2500, #2499, #2489, #2486, #2485, #2481, #2477, #2475, #2473, #2469, #2466, #2456, #2455, #2450, #2444, #2442, #2430, #2426, #2415, #2412, #2392, #2388, #2385, #2380, #2379, #2375, #2372, #2371, #2368, #2366, #2356, #2351, #2350, #2346, #2343, #2342, #2337 ),
 .UNSPECIFIED., .T., .F.,
 ( 4, 2, 2, 2, 2, 2, 2, 2, 2, 2, 2, 2, 2, 2, 2, 2, 2, 2, 2, 2, 2, 2, 2, 2, 2, 2, 2, 2, 2, 2, 4 ),
 ( 0.0000000000000000000, 0.0004827964735481827300, 0.0009655929470963654500, 0.001448389420644548100, 0.001931185894192730900, 0.002896778841289096100, 0.003379575314837274400, 0.003862371788385453100, 0.004345168261933631800, 0.004827964735481809700, 0.005310761209029988400, 0.005793557682578166300, 0.006276354156126345000, 0.006759150629674522800, 0.007241947103222701500, 0.007724743576770880200, 0.008207540050319057200, 0.008690336523867235900, 0.009173132997415416400, 0.009655929470963596800, 0.01013872594451177900, 0.01062152241805995900, 0.01110431889160814200, 0.01158711536515632200, 0.01206991183870450100, 0.01255270831225268300, 0.01303550478580086300, 0.01351830125934904400, 0.01400109773289722600, 0.01448389420644540800, 0.01544948715354177100 ),
 .UNSPECIFIED. ) ;
#1685 = ORIENTED_EDGE ( 'NONE', *, *, #2560, .F. ) ;
#1686 = CARTESIAN_POINT ( 'NONE',  ( 10.69624184031594900, 9.971482257419680200, 0.7791346984692423300 ) ) ;
#1687 = CARTESIAN_POINT ( 'NONE',  ( 10.75458250676009600, 9.954456085265535500, 0.9705256683793580500 ) ) ;
#1688 = VERTEX_POINT ( 'NONE', #1872 ) ;
#1689 = CARTESIAN_POINT ( 'NONE',  ( 10.97995625095183500, 9.891603015563452700, 1.512829761853274000 ) ) ;
#1690 = AXIS2_PLACEMENT_3D ( 'NONE', #422, #425, #430 ) ;
#1691 = AXIS2_PLACEMENT_3D ( 'NONE', #400, #404, #405 ) ;
#1692 = ORIENTED_EDGE ( 'NONE', *, *, #1602, .F. ) ;
#1693 = CARTESIAN_POINT ( 'NONE',  ( 11.20304134365231600, 9.832261929105330400, 1.845504790717743800 ) ) ;
#1694 = CARTESIAN_POINT ( 'NONE',  ( 11.61547500547789400, 9.742706524085413400, 2.258203983106398500 ) ) ;
#1695 = DIRECTION ( 'NONE',  ( 1.000000000000000000, 0.0000000000000000000, 0.0000000000000000000 ) ) ;
#1696 = AXIS2_PLACEMENT_3D ( 'NONE', #365, #374, #387 ) ;
#1697 = DIRECTION ( 'NONE',  ( -1.000000000000000000, 0.0000000000000000000, 0.0000000000000000000 ) ) ;
#1698 = ORIENTED_EDGE ( 'NONE', *, *, #2492, .T. ) ;
#1699 = AXIS2_PLACEMENT_3D ( 'NONE', #261, #272, #237 ) ;
#1700 = CARTESIAN_POINT ( 'NONE',  ( 11.76840395441652200, 9.712316241582334100, 2.384019909516575300 ) ) ;
#1701 = ORIENTED_EDGE ( 'NONE', *, *, #2541, .F. ) ;
#1702 = ADVANCED_FACE ( 'E854', ( #725 ), #1935, .T. ) ;
#1703 = ORIENTED_EDGE ( 'NONE', *, *, #1602, .T. ) ;
#1704 = CARTESIAN_POINT ( 'NONE',  ( -4.000000000000000000, -45.00000000000000000, 0.0000000000000000000 ) ) ;
#1705 = CARTESIAN_POINT ( 'NONE',  ( -12.69999999999999900, 0.0000000000000000000, 0.0000000000000000000 ) ) ;
#1706 = CARTESIAN_POINT ( 'NONE',  ( 12.09362798136862500, 9.656267361709831600, 2.601756780456788500 ) ) ;
#1707 = CARTESIAN_POINT ( 'NONE',  ( 12.26526446219281400, 9.630642786163646100, 2.693857903245462400 ) ) ;
#1708 = VERTEX_POINT ( 'NONE', #2202 ) ;
#1709 = AXIS2_PLACEMENT_3D ( 'NONE', #480, #463, #447 ) ;
#1710 = AXIS2_PLACEMENT_3D ( 'NONE', #339, #318, #330 ) ;
#1711 = DIRECTION ( 'NONE',  ( 0.0000000000000000000, 0.0000000000000000000, -1.000000000000000000 ) ) ;
#1712 = ORIENTED_EDGE ( 'NONE', *, *, #2453, .F. ) ;
#1713 = CARTESIAN_POINT ( 'NONE',  ( 12.62698349989661400, 9.587206195147459200, 2.844578747247129800 ) ) ;
#1714 = AXIS2_PLACEMENT_3D ( 'NONE', #275, #279, #285 ) ;
#1715 = ORIENTED_EDGE ( 'NONE', *, *, #1206, .T. ) ;
#1716 = CARTESIAN_POINT ( 'NONE',  ( 12.81850089670497900, 9.569412464569172300, 2.903097729927264700 ) ) ;
#1717 = DIRECTION ( 'NONE',  ( 0.0000000000000000000, -1.000000000000000000, 0.0000000000000000000 ) ) ;
#1718 = CARTESIAN_POINT ( 'NONE',  ( 13.20438741700864500, 9.545649448016725100, 2.980303333913960200 ) ) ;
#1719 = AXIS2_PLACEMENT_3D ( 'NONE', #229, #253, #233 ) ;
#1720 = ORIENTED_EDGE ( 'NONE', *, *, #2334, .F. ) ;
#1721 = CARTESIAN_POINT ( 'NONE',  ( 13.40056272374982900, 9.539392014169459700, 3.000000000000000400 ) ) ;
#1722 = DIRECTION ( 'NONE',  ( 0.0000000000000000000, 0.9115852424874965100, -0.4111111111111107600 ) ) ;
#1723 = DIRECTION ( 'NONE',  ( -1.000000000000000000, 0.0000000000000000000, -6.123031769111888800E-017 ) ) ;
#1724 = ORIENTED_EDGE ( 'NONE', *, *, #2440, .F. ) ;
#1725 = CARTESIAN_POINT ( 'NONE',  ( 13.60000000000000500, 9.539392014169457900, 3.000000000000000400 ) ) ;
#1726 = DIRECTION ( 'NONE',  ( -2.449212707644755000E-016, 0.0000000000000000000, 1.000000000000000000 ) ) ;
#1727 = AXIS2_PLACEMENT_3D ( 'NONE', #243, #383, #255 ) ;
#1728 = ORIENTED_EDGE ( 'NONE', *, *, #1206, .F. ) ;
#1729 = CARTESIAN_POINT ( 'NONE',  ( 14.46602540378444100, 13.37500000000000000, -1.500000000000000000 ) ) ;
#1730 = DIRECTION ( 'NONE',  ( 0.0000000000000000000, -0.9115852424874965100, -0.4111111111111107600 ) ) ;
#1731 = CARTESIAN_POINT ( 'NONE',  ( 13.60000000000000000, 14.50000000000000000, 0.0000000000000000000 ) ) ;
#1732 = ORIENTED_EDGE ( 'NONE', *, *, #2436, .F. ) ;
#1733 = AXIS2_PLACEMENT_3D ( 'NONE', #2452, #2445, #2377 ) ;
#1734 = CARTESIAN_POINT ( 'NONE',  ( -5.100000000000000500, -27.70830200499484900, 11.50000000000000000 ) ) ;
#1735 = ORIENTED_EDGE ( 'NONE', *, *, #2425, .T. ) ;
#1736 = CARTESIAN_POINT ( 'NONE',  ( -47.00000000000000000, 0.0000000000000000000, 0.0000000000000000000 ) ) ;
#1737 = ORIENTED_EDGE ( 'NONE', *, *, #2436, .T. ) ;
#1738 = DIRECTION ( 'NONE',  ( 0.0000000000000000000, 0.0000000000000000000, 1.000000000000000000 ) ) ;
#1739 = CARTESIAN_POINT ( 'NONE',  ( 2.624563611898017800, 18.84955718819756100, 21.51763510612700300 ) ) ;
#1740 = ORIENTED_EDGE ( 'NONE', *, *, #2429, .F. ) ;
#1741 = ORIENTED_EDGE ( 'NONE', *, *, #2237, .T. ) ;
#1742 = CARTESIAN_POINT ( 'NONE',  ( 14.46602540378444100, -5.388461894323340200, -12.33308977561685900 ) ) ;
#1743 = ORIENTED_EDGE ( 'NONE', *, *, #2425, .F. ) ;
#1744 = CARTESIAN_POINT ( 'NONE',  ( -7.750000000000000000, 0.0000000000000000000, -9.490699242123421800E-016 ) ) ;
#1745 = DIRECTION ( 'NONE',  ( 0.0000000000000000000, 0.0000000000000000000, -1.000000000000000000 ) ) ;
#1746 = ORIENTED_EDGE ( 'NONE', *, *, #2296, .F. ) ;
#1747 = AXIS2_PLACEMENT_3D ( 'NONE', #2249, #2274, #2280 ) ;
#1748 = ORIENTED_EDGE ( 'NONE', *, *, #2416, .T. ) ;
#1749 = DIRECTION ( 'NONE',  ( -1.000000000000000000, 0.0000000000000000000, -1.224606353822375800E-016 ) ) ;
#1750 = ORIENTED_EDGE ( 'NONE', *, *, #2304, .F. ) ;
#1751 = DIRECTION ( 'NONE',  ( 0.0000000000000000000, -1.000000000000000000, 0.0000000000000000000 ) ) ;
#1752 = DIRECTION ( 'NONE',  ( 0.0000000000000000000, -1.000000000000000000, 0.0000000000000000000 ) ) ;
#1753 = ORIENTED_EDGE ( 'NONE', *, *, #2413, .T. ) ;
#1754 = CARTESIAN_POINT ( 'NONE',  ( 13.60000000000000000, 10.00000000000000000, 0.0000000000000000000 ) ) ;
#1755 = DIRECTION ( 'NONE',  ( 0.4999999999999998900, 0.0000000000000000000, 0.8660254037844387100 ) ) ;
#1756 = VERTEX_POINT ( 'NONE', #2223 ) ;
#1757 = AXIS2_PLACEMENT_3D ( 'NONE', #2480, #2488, #2497 ) ;
#1758 = DIRECTION ( 'NONE',  ( 0.0000000000000000000, -1.000000000000000000, 0.0000000000000000000 ) ) ;
#1759 = DIRECTION ( 'NONE',  ( 0.5000000000000001100, -0.7500000000000001100, 0.4330127018922190800 ) ) ;
#1760 = ORIENTED_EDGE ( 'NONE', *, *, #2201, .F. ) ;
#1761 = AXIS2_PLACEMENT_3D ( 'NONE', #2407, #2348, #2234 ) ;
#1762 = CARTESIAN_POINT ( 'NONE',  ( 11.86794919243111900, 13.37500000000000000, -3.181620636138040000E-016 ) ) ;
#1763 = VERTEX_POINT ( 'NONE', #1941 ) ;
#1764 = DIRECTION ( 'NONE',  ( 1.000000000000000000, 5.551115123125780700E-016, -3.204937810639275000E-016 ) ) ;
#1765 = CARTESIAN_POINT ( 'NONE',  ( 12.73397459621556000, -5.388461894323340200, -12.33308977561685900 ) ) ;
#1766 = CARTESIAN_POINT ( 'NONE',  ( -5.100000000000000500, -49.72777777777780300, 10.48323028860620100 ) ) ;
#1767 = CARTESIAN_POINT ( 'NONE',  ( 12.73397459621556000, -5.950961894323340200, -13.30736835487436000 ) ) ;
#1768 = ORIENTED_EDGE ( 'NONE', *, *, #2397, .T. ) ;
#1769 = ORIENTED_EDGE ( 'NONE', *, *, #1405, .T. ) ;
#1770 = CARTESIAN_POINT ( 'NONE',  ( -3.999999999999998200, -5.319082471561575400, -19.44266722376776400 ) ) ;
#1771 = DIRECTION ( 'NONE',  ( 0.0000000000000000000, 0.0000000000000000000, -1.000000000000000000 ) ) ;
#1772 = AXIS2_PLACEMENT_3D ( 'NONE', #2252, #2260, #2268 ) ;
#1773 = CARTESIAN_POINT ( 'NONE',  ( 12.73397459621556000, -7.986538105676659800, -10.83308977561685900 ) ) ;
#1774 = VERTEX_POINT ( 'NONE', #2219 ) ;
#1775 = DIRECTION ( 'NONE',  ( 1.000000000000000000, 0.0000000000000000000, 0.0000000000000000000 ) ) ;
#1776 = ORIENTED_EDGE ( 'NONE', *, *, #1624, .F. ) ;
#1777 = CARTESIAN_POINT ( 'NONE',  ( 11.86794919243111900, -7.250000000000000000, -12.55736835487436000 ) ) ;
#1778 = CARTESIAN_POINT ( 'NONE',  ( -5.100000000000000500, -49.72777777777780300, -10.48323028860620100 ) ) ;
#1779 = ORIENTED_EDGE ( 'NONE', *, *, #2211, .F. ) ;
#1780 = AXIS2_PLACEMENT_3D ( 'NONE', #2210, #2212, #2213 ) ;
#1781 = CARTESIAN_POINT ( 'NONE',  ( 6.981789290906708500, 18.34071110792432800, 21.61234597677990300 ) ) ;
#1782 = VERTEX_POINT ( 'NONE', #2224 ) ;
#1783 = CARTESIAN_POINT ( 'NONE',  ( 15.33205080756890100, 14.50000000000000000, 1.060540212046012100E-016 ) ) ;
#1784 = ORIENTED_EDGE ( 'NONE', *, *, #2319, .F. ) ;
#1785 = CARTESIAN_POINT ( 'NONE',  ( 13.60000000000000000, 15.50000000000000000, 0.0000000000000000000 ) ) ;
#1786 = DIRECTION ( 'NONE',  ( 0.0000000000000000000, 0.0000000000000000000, -1.000000000000000000 ) ) ;
#1787 = ORIENTED_EDGE ( 'NONE', *, *, #2199, .T. ) ;
#1788 = CARTESIAN_POINT ( 'NONE',  ( -15.00000000000000000, -45.00000000000000000, 0.0000000000000000000 ) ) ;
#1789 = ORIENTED_EDGE ( 'NONE', *, *, #2253, .T. ) ;
#1790 = CARTESIAN_POINT ( 'NONE',  ( -4.000000000000000000, -5.216977769124310900, -19.47002609632925300 ) ) ;
#1791 = EDGE_LOOP ( 'NONE', ( #1130 ) ) ;
#1792 = CARTESIAN_POINT ( 'NONE',  ( -4.043371474975782800, -5.418678428252237100, -19.41499792804535200 ) ) ;
#1793 = CARTESIAN_POINT ( 'NONE',  ( -4.190994134154752100, -5.560709106285908200, -19.37479637802885800 ) ) ;
#1794 = DIRECTION ( 'NONE',  ( 1.000000000000000000, 0.0000000000000000000, 0.0000000000000000000 ) ) ;
#1795 = CARTESIAN_POINT ( 'NONE',  ( -4.295439472797030900, -5.602267428881377000, -19.36267989958138400 ) ) ;
#1796 = CARTESIAN_POINT ( 'NONE',  ( -4.504135254590067900, -5.602374019517631300, -19.36264905904642600 ) ) ;
#1797 = CARTESIAN_POINT ( 'NONE',  ( -5.100000000000000500, 55.19885594382850500, 0.0000000000000000000 ) ) ;
#1798 = AXIS2_PLACEMENT_3D ( 'NONE', #1876, #1902, #2220 ) ;
#1799 = EDGE_LOOP ( 'NONE', ( #1142 ) ) ;
#1800 = CARTESIAN_POINT ( 'NONE',  ( -4.607989396945792600, -5.561626554942839600, -19.37453623824199400 ) ) ;
#1801 = PLANE ( 'NONE',  #1305 ) ;
#1802 = ORIENTED_EDGE ( 'NONE', *, *, #2424, .T. ) ;
#1803 = CARTESIAN_POINT ( 'NONE',  ( -4.757407329924412000, -5.417989544625566400, -19.41519337214866400 ) ) ;
#1804 = CARTESIAN_POINT ( 'NONE',  ( -4.799963007796750800, -5.317973302863871200, -19.44296366464203600 ) ) ;
#1805 = EDGE_LOOP ( 'NONE', ( #1145 ) ) ;
#1806 = CARTESIAN_POINT ( 'NONE',  ( -4.800036942067174900, -5.116255811717334000, -19.49701522242909800 ) ) ;
#1807 = CARTESIAN_POINT ( 'NONE',  ( -4.756806846420183800, -5.015110342774269400, -19.52313739807996400 ) ) ;
#1808 = ORIENTED_EDGE ( 'NONE', *, *, #2293, .F. ) ;
#1809 = DIRECTION ( 'NONE',  ( -6.123031769111888800E-017, 1.000000000000000000, 0.0000000000000000000 ) ) ;
#1810 = AXIS2_PLACEMENT_3D ( 'NONE', #1947, #1950, #1956 ) ;
#1811 = CARTESIAN_POINT ( 'NONE',  ( -4.609427173095792100, -4.871940172984721200, -19.55935644558295300 ) ) ;
#1812 = ORIENTED_EDGE ( 'NONE', *, *, #2419, .T. ) ;
#1813 = DIRECTION ( 'NONE',  ( 0.0000000000000000000, 0.0000000000000000000, 1.000000000000000000 ) ) ;
#1814 = AXIS2_PLACEMENT_3D ( 'NONE', #1854, #1860, #1853 ) ;
#1815 = CARTESIAN_POINT ( 'NONE',  ( -4.505914417590985500, -4.829684663946159700, -19.56969389882413100 ) ) ;
#1816 = EDGE_LOOP ( 'NONE', ( #1139 ) ) ;
#1817 = CARTESIAN_POINT ( 'NONE',  ( -4.294900348090116000, -4.829475973889584500, -19.56974540111480100 ) ) ;
#1818 = CARTESIAN_POINT ( 'NONE',  ( -5.100000000000000500, 27.70830200499484900, -11.50000000000000000 ) ) ;
#1819 = EDGE_LOOP ( 'NONE', ( #2122, #2107, #2105, #2100, #2084, #2078, #2064, #2053 ) ) ;
#1820 = AXIS2_PLACEMENT_3D ( 'NONE', #1783, #1842, #1846 ) ;
#1821 = EDGE_LOOP ( 'NONE', ( #1133 ) ) ;
#1822 = CARTESIAN_POINT ( 'NONE',  ( -4.191299970026769900, -4.871487735225975300, -19.55946900663803600 ) ) ;
#1823 = CARTESIAN_POINT ( 'NONE',  ( -4.043466441596685000, -5.014592638186876200, -19.52327024986163600 ) ) ;
#1824 = EDGE_LOOP ( 'NONE', ( #1150 ) ) ;
#1825 = CARTESIAN_POINT ( 'NONE',  ( -4.000000000000002700, -5.114873066687044600, -19.49738496889073900 ) ) ;
#1826 = AXIS2_PLACEMENT_3D ( 'NONE', #1866, #1867, #1869 ) ;
#1827 = EDGE_LOOP ( 'NONE', ( #1147 ) ) ;
#1828 = CARTESIAN_POINT ( 'NONE',  ( 7.386624997132113200, 18.65165762916719700, 21.31258925290858400 ) ) ;
#1829 = EDGE_LOOP ( 'NONE', ( #1161 ) ) ;
#1830 = CARTESIAN_POINT ( 'NONE',  ( 7.604272440971050700, 18.88620155603826200, 21.08756729389491700 ) ) ;
#1831 = CARTESIAN_POINT ( 'NONE',  ( -4.000000000000000000, -5.216977769124310900, -19.47002609632925300 ) ) ;
#1832 = ORIENTED_EDGE ( 'NONE', *, *, #2208, .F. ) ;
#1833 = DIRECTION ( 'NONE',  ( 0.4999999999999999400, 0.7499999999999998900, -0.4330127018922194600 ) ) ;
#1834 = EDGE_LOOP ( 'NONE', ( #1156 ) ) ;
#1835 = AXIS2_PLACEMENT_3D ( 'NONE', #1744, #1749, #1751 ) ;
#1836 = DIRECTION ( 'NONE',  ( -0.5000000000000001100, 0.7500000000000001100, -0.4330127018922190800 ) ) ;
#1837 = DIRECTION ( 'NONE',  ( 0.0000000000000000000, 0.4999999999999998900, 0.8660254037844387100 ) ) ;
#1838 = EDGE_LOOP ( 'NONE', ( #1167 ) ) ;
#1839 = CARTESIAN_POINT ( 'NONE',  ( 12.73397459621556000, -5.950961894323340200, -13.30736835487436000 ) ) ;
#1840 = ORIENTED_EDGE ( 'NONE', *, *, #2416, .F. ) ;
#1841 = PLANE ( 'NONE',  #1820 ) ;
#1842 = DIRECTION ( 'NONE',  ( -0.8660254037844387100, 0.0000000000000000000, 0.4999999999999998900 ) ) ;
#1843 = EDGE_LOOP ( 'NONE', ( #1166 ) ) ;
#1844 = CARTESIAN_POINT ( 'NONE',  ( 12.73397459621556000, -7.986538105676659800, -10.83308977561685900 ) ) ;
#1845 = EDGE_LOOP ( 'NONE', ( #1177 ) ) ;
#1846 = DIRECTION ( 'NONE',  ( 0.4999999999999998900, 0.0000000000000000000, 0.8660254037844387100 ) ) ;
#1847 = AXIS2_PLACEMENT_3D ( 'NONE', #1913, #115, #2 ) ;
#1848 = VERTEX_POINT ( 'NONE', #2421 ) ;
#1849 = ADVANCED_FACE ( 'E1139', ( #738 ), #2374, .T. ) ;
#1850 = AXIS2_PLACEMENT_3D ( 'NONE', #659, #1327, #582 ) ;
#1851 = ORIENTED_EDGE ( 'NONE', *, *, #1198, .T. ) ;
#1852 = EDGE_LOOP ( 'NONE', ( #1126 ) ) ;
#1853 = DIRECTION ( 'NONE',  ( -0.06162841671621946400, -0.7044160264027585800, 0.7071067811865476800 ) ) ;
#1854 = CARTESIAN_POINT ( 'NONE',  ( 4.963809233357170400, 19.58892917422770500, 19.66375570132140300 ) ) ;
#1855 = EDGE_LOOP ( 'NONE', ( #2386 ) ) ;
#1856 = EDGE_LOOP ( 'NONE', ( #1187 ) ) ;
#1857 = AXIS2_PLACEMENT_3D ( 'NONE', #2827, #2829, #2834 ) ;
#1858 = ORIENTED_EDGE ( 'NONE', *, *, #2347, .F. ) ;
#1859 = AXIS2_PLACEMENT_3D ( 'NONE', #1500, #1503, #1507 ) ;
#1860 = DIRECTION ( 'NONE',  ( 0.06162841671621927000, 0.7044160264027586900, 0.7071067811865476800 ) ) ;
#1861 = EDGE_LOOP ( 'NONE', ( #1181 ) ) ;
#1862 = CARTESIAN_POINT ( 'NONE',  ( -5.100000000000000500, 45.00000000000000000, 11.50000000000000000 ) ) ;
#1863 = EDGE_CURVE ( 'NONE', #46, #46, #753, .T. ) ;
#1864 = EDGE_LOOP ( 'NONE', ( #1201 ) ) ;
#1865 = ADVANCED_FACE ( 'E1181', ( #722 ), #2246, .T. ) ;
#1866 = CARTESIAN_POINT ( 'NONE',  ( 13.60000000000000000, 10.54125000000000000, 0.0000000000000000000 ) ) ;
#1867 = DIRECTION ( 'NONE',  ( -0.0000000000000000000, -1.000000000000000000, -0.0000000000000000000 ) ) ;
#1868 = EDGE_CURVE ( 'NONE', #44, #44, #1394, .T. ) ;
#1869 = DIRECTION ( 'NONE',  ( 0.0000000000000000000, 0.0000000000000000000, 1.000000000000000000 ) ) ;
#1870 = CARTESIAN_POINT ( 'NONE',  ( -4.000000000000000000, 45.00000000000000000, -11.50000000000000000 ) ) ;
#1871 = EDGE_LOOP ( 'NONE', ( #1202 ) ) ;
#1872 = CARTESIAN_POINT ( 'NONE',  ( -4.000000000000000000, 45.00000000000000000, 11.50000000000000000 ) ) ;
#1873 = B_SPLINE_CURVE_WITH_KNOTS ( 'NONE', 3,
 ( #1790, #1770, #1792, #1793, #1795, #1796, #1800, #1803, #1804, #1806, #1807, #1811, #1815, #1817, #1822, #1823, #1825, #1831 ),
 .UNSPECIFIED., .T., .F.,
 ( 4, 2, 2, 2, 2, 2, 2, 2, 4 ),
 ( 0.0000000000000000000, 0.0003126180540166140100, 0.0006252361080332280200, 0.0009378541620498419800, 0.001250472216066456000, 0.001563090270083070100, 0.001875708324099684000, 0.002188326378116298200, 0.002500944432132912100 ),
 .UNSPECIFIED. ) ;
#1874 = AXIS2_PLACEMENT_3D ( 'NONE', #1467, #90, #19 ) ;
#1875 = ORIENTED_EDGE ( 'NONE', *, *, #2411, .T. ) ;
#1876 = CARTESIAN_POINT ( 'NONE',  ( -5.100000000000000500, 55.19885594382850500, 0.0000000000000000000 ) ) ;
#1877 = EDGE_LOOP ( 'NONE', ( #1197 ) ) ;
#1878 = DIRECTION ( 'NONE',  ( 0.0000000000000000000, 0.4999999999999998900, 0.8660254037844387100 ) ) ;
#1879 = CARTESIAN_POINT ( 'NONE',  ( -9.500000000000000000, -45.00000000000000000, -11.50000000000000000 ) ) ;
#1880 = DIRECTION ( 'NONE',  ( 1.000000000000000000, 0.0000000000000000000, 0.0000000000000000000 ) ) ;
#1881 = ORIENTED_EDGE ( 'NONE', *, *, #2221, .F. ) ;
#1882 = EDGE_CURVE ( 'E949', #1103, #1114, #741, .T. ) ;
#1883 = DIRECTION ( 'NONE',  ( -1.000000000000000000, -2.775557561562890400E-016, 1.602468905319635000E-016 ) ) ;
#1884 = EDGE_LOOP ( 'NONE', ( #1191 ) ) ;
#1885 = CARTESIAN_POINT ( 'NONE',  ( 14.46602540378444100, -7.986538105676659800, -10.83308977561685900 ) ) ;
#1886 = VERTEX_POINT ( 'NONE', #2295 ) ;
#1887 = CARTESIAN_POINT ( 'NONE',  ( -4.000000000000000000, -45.00000000000000000, 11.50000000000000000 ) ) ;
#1888 = EDGE_CURVE ( 'NONE', #42, #42, #1129, .T. ) ;
#1889 = CARTESIAN_POINT ( 'NONE',  ( 11.86794919243111900, -6.687500000000000000, -11.58308977561686100 ) ) ;
#1890 = ORIENTED_EDGE ( 'NONE', *, *, #2413, .F. ) ;
#1891 = ORIENTED_CLOSED_SHELL ( 'NONE', *, #2561, .F. );
#1892 = EDGE_LOOP ( 'NONE', ( #1207 ) ) ;
#1893 = VERTEX_POINT ( 'NONE', #2300 ) ;
#1894 = AXIS2_PLACEMENT_3D ( 'NONE', #820, #1458, #1452 ) ;
#1895 = ORIENTED_EDGE ( 'NONE', *, *, #2264, .F. ) ;
#1896 = ORIENTED_CLOSED_SHELL ( 'NONE', *, #2572, .F. );
#1897 = ADVANCED_FACE ( 'E821', ( #719, #712 ), #698, .F. ) ;
#1898 = CARTESIAN_POINT ( 'NONE',  ( -15.00000000000000000, -12.33333333333332000, 27.34755727462490100 ) ) ;
#1899 = PLANE ( 'NONE',  #1798 ) ;
#1900 = CARTESIAN_POINT ( 'NONE',  ( 12.73397459621556000, -8.549038105676659800, -11.80736835487436000 ) ) ;
#1901 = AXIS2_PLACEMENT_3D ( 'NONE', #1450, #1456, #1471 ) ;
#1902 = DIRECTION ( 'NONE',  ( 1.000000000000000000, 0.0000000000000000000, 0.0000000000000000000 ) ) ;
#1903 = AXIS2_PLACEMENT_3D ( 'NONE', #1433, #1434, #1439 ) ;
#1904 = CARTESIAN_POINT ( 'NONE',  ( 7.849223560391216400, 19.27435931012744100, 20.71354917244695000 ) ) ;
#1905 = EDGE_LOOP ( 'NONE', ( #1205 ) ) ;
#1906 = ORIENTED_EDGE ( 'NONE', *, *, #2411, .F. ) ;
#1907 = DIRECTION ( 'NONE',  ( 0.0000000000000000000, 0.4999999999999998900, 0.8660254037844387100 ) ) ;
#1908 = EDGE_CURVE ( 'E1239', #1952, #1093, #700, .T. ) ;
#1909 = EDGE_LOOP ( 'NONE', ( #1214 ) ) ;
#1910 = CARTESIAN_POINT ( 'NONE',  ( -5.100000000000000500, 49.72777777777780300, -10.48323028860620100 ) ) ;
#1911 = DIRECTION ( 'NONE',  ( -1.000000000000000000, 0.0000000000000000000, 0.0000000000000000000 ) ) ;
#1912 = AXIS2_PLACEMENT_3D ( 'NONE', #1278, #1390, #1391 ) ;
#1913 = CARTESIAN_POINT ( 'NONE',  ( -16.00000000000000000, -45.00000000000000000, 0.0000000000000000000 ) ) ;
#1914 = EDGE_LOOP ( 'NONE', ( #1212 ) ) ;
#1915 = DIRECTION ( 'NONE',  ( -0.5000000000000001100, -0.7500000000000001100, 0.4330127018922190800 ) ) ;
#1916 = ORIENTED_EDGE ( 'NONE', *, *, #2340, .F. ) ;
#1917 = AXIS2_PLACEMENT_3D ( 'NONE', #1419, #1424, #1425 ) ;
#1918 = CARTESIAN_POINT ( 'NONE',  ( -12.69999999999999900, 0.0000000000000000000, 0.0000000000000000000 ) ) ;
#1919 = CARTESIAN_POINT ( 'NONE',  ( 4.133042648715864700, -20.18164978913790400, 11.30791626427210000 ) ) ;
#1920 = AXIS2_PLACEMENT_3D ( 'NONE', #1379, #1381, #1388 ) ;
#1921 = AXIS2_PLACEMENT_3D ( 'NONE', #1309, #1310, #1314 ) ;
#1922 = ORIENTED_EDGE ( 'NONE', *, *, #2251, .T. ) ;
#1923 = EDGE_LOOP ( 'NONE', ( #1223 ) ) ;
#1924 = AXIS2_PLACEMENT_3D ( 'NONE', #1175, #1163, #1195 ) ;
#1925 = EDGE_LOOP ( 'NONE', ( #1217 ) ) ;
#1926 = DIRECTION ( 'NONE',  ( -1.000000000000000000, 0.0000000000000000000, -2.449212707644755000E-016 ) ) ;
#1927 = CARTESIAN_POINT ( 'NONE',  ( 7.982798534290434000, 19.68352687471456600, 20.31411041659894300 ) ) ;
#1928 = ADVANCED_FACE ( 'E1346', ( #696, #709 ), #724, .T. ) ;
#1929 = AXIS2_PLACEMENT_3D ( 'NONE', #1233, #1237, #1240 ) ;
#1930 = ORIENTED_EDGE ( 'NONE', *, *, #2401, .T. ) ;
#1931 = CARTESIAN_POINT ( 'NONE',  ( 15.33205080756890100, -6.687500000000000000, -11.58308977561686100 ) ) ;
#1932 = ORIENTED_EDGE ( 'NONE', *, *, #1198, .F. ) ;
#1933 = CARTESIAN_POINT ( 'NONE',  ( 7.906046738265485100, 19.40859777161916000, 20.58325015026004600 ) ) ;
#1934 = EDGE_LOOP ( 'NONE', ( #1231 ) ) ;
#1935 = PLANE ( 'NONE',  #1780 ) ;
#1936 = EDGE_CURVE ( 'NONE', #40, #40, #674, .T. ) ;
#1937 = ORIENTED_EDGE ( 'NONE', *, *, #2218, .F. ) ;
#1938 = DIRECTION ( 'NONE',  ( 0.0000000000000000000, 0.4999999999999998900, 0.8660254037844387100 ) ) ;
#1939 = EDGE_LOOP ( 'NONE', ( #2437 ) ) ;
#1940 = AXIS2_PLACEMENT_3D ( 'NONE', #1287, #1292, #1293 ) ;
#1941 = CARTESIAN_POINT ( 'NONE',  ( 15.33205080756890100, -7.250000000000000000, -12.55736835487436000 ) ) ;
#1942 = CARTESIAN_POINT ( 'NONE',  ( 13.79943727625017600, -2.171619795731410300, -9.761355820929145100 ) ) ;
#1943 = ORIENTED_EDGE ( 'NONE', *, *, #2419, .F. ) ;
#1944 = DIRECTION ( 'NONE',  ( 0.0000000000000000000, 0.4999999999999998900, 0.8660254037844387100 ) ) ;
#1945 = CARTESIAN_POINT ( 'NONE',  ( -4.000000000000000000, -45.00000000000000000, -11.50000000000000000 ) ) ;
#1946 = AXIS2_PLACEMENT_3D ( 'NONE', #1203, #1208, #1209 ) ;
#1947 = CARTESIAN_POINT ( 'NONE',  ( -12.69999999999999900, 0.0000000000000000000, 0.0000000000000000000 ) ) ;
#1948 = ADVANCED_FACE ( 'E1017', ( #694 ), #231, .T. ) ;
#1949 = ORIENTED_EDGE ( 'NONE', *, *, #2166, .T. ) ;
#1950 = DIRECTION ( 'NONE',  ( -1.000000000000000000, 0.0000000000000000000, 0.0000000000000000000 ) ) ;
#1951 = CARTESIAN_POINT ( 'NONE',  ( 14.46602540378444100, -5.950961894323340200, -13.30736835487436000 ) ) ;
#1952 = VERTEX_POINT ( 'NONE', #2495 ) ;
#1953 = CARTESIAN_POINT ( 'NONE',  ( 8.002333921776351400, 19.82512160230282900, 20.17434428020078100 ) ) ;
#1954 = EDGE_LOOP ( 'NONE', ( #1234 ) ) ;
#1955 = DIRECTION ( 'NONE',  ( 0.0000000000000000000, 0.0000000000000000000, 1.000000000000000000 ) ) ;
#1956 = DIRECTION ( 'NONE',  ( 0.0000000000000000000, 0.0000000000000000000, 1.000000000000000000 ) ) ;
#1957 = CARTESIAN_POINT ( 'NONE',  ( 13.60000000000000500, -2.171619795731410300, -9.761355820929148700 ) ) ;
#1958 = ORIENTED_EDGE ( 'NONE', *, *, #2331, .T. ) ;
#1959 = ORIENTED_EDGE ( 'NONE', *, *, #2287, .F. ) ;
#1960 = CARTESIAN_POINT ( 'NONE',  ( 13.99529700177251000, -2.191796529397483700, -9.756928143168988000 ) ) ;
#1961 = DIRECTION ( 'NONE',  ( -0.5000000000000001100, 0.7500000000000001100, -0.4330127018922190800 ) ) ;
#1962 = EDGE_LOOP ( 'NONE', ( #1241 ) ) ;
#1963 = AXIS2_PLACEMENT_3D ( 'NONE', #1134, #1158, #1159 ) ;
#1964 = AXIS2_PLACEMENT_3D ( 'NONE', #1180, #1182, #1184 ) ;
#1965 = DIRECTION ( 'NONE',  ( -0.8660254037844387100, -0.4330127018922196300, 0.2499999999999997500 ) ) ;
#1966 = EDGE_LOOP ( 'NONE', ( #1227 ) ) ;
#1967 = CARTESIAN_POINT ( 'NONE',  ( 7.905110820233738300, 20.51176143424289600, 19.48422751854422300 ) ) ;
#1968 = CARTESIAN_POINT ( 'NONE',  ( 14.38023429767685900, -2.270237376899859600, -9.738975360363571800 ) ) ;
#1969 = DIRECTION ( 'NONE',  ( 0.0000000000000000000, 0.8660254037844388200, -0.4999999999999997200 ) ) ;
#1970 = DIRECTION ( 'NONE',  ( -6.123031769111887500E-017, -0.4999999999999998900, -0.8660254037844387100 ) ) ;
#1971 = ORIENTED_EDGE ( 'NONE', *, *, #2402, .F. ) ;
#1972 = AXIS2_PLACEMENT_3D ( 'NONE', #904, #1135, #1140 ) ;
#1973 = CARTESIAN_POINT ( 'NONE',  ( 14.57135707907777600, -2.329517080264766000, -9.725200200718807900 ) ) ;
#1974 = CARTESIAN_POINT ( 'NONE',  ( 13.60000000000000000, -6.979375000000000100, -12.08863210507604100 ) ) ;
#1975 = ORIENTED_EDGE ( 'NONE', *, *, #2408, .F. ) ;
#1976 = VERTEX_POINT ( 'NONE', #236 ) ;
#1977 = CARTESIAN_POINT ( 'NONE',  ( 14.93403220595270000, -2.481986682484383700, -9.687409915930908600 ) ) ;
#1978 = ORIENTED_EDGE ( 'NONE', *, *, #2402, .T. ) ;
#1979 = ORIENTED_EDGE ( 'NONE', *, *, #2171, .F. ) ;
#1980 = CARTESIAN_POINT ( 'NONE',  ( 14.46602540378444100, -5.950961894323340200, -13.30736835487436000 ) ) ;
#1981 = DIRECTION ( 'NONE',  ( 0.0000000000000000000, 0.0000000000000000000, -1.000000000000000000 ) ) ;
#1982 = CARTESIAN_POINT ( 'NONE',  ( 15.10586067706540400, -2.574652992088962000, -9.663528663560311900 ) ) ;
#1983 = EDGE_LOOP ( 'NONE', ( #1247 ) ) ;
#1984 = EDGE_CURVE ( 'NONE', #39, #39, #691, .T. ) ;
#1985 = PLANE ( 'NONE',  #1317 ) ;
#1986 = ORIENTED_EDGE ( 'NONE', *, *, #2194, .T. ) ;
#1987 = CARTESIAN_POINT ( 'NONE',  ( 15.43105682273350100, -2.791130044562462100, -9.603239939492556900 ) ) ;
#1988 = ORIENTED_EDGE ( 'NONE', *, *, #2401, .F. ) ;
#1989 = CARTESIAN_POINT ( 'NONE',  ( 15.58405599349566000, -2.915290009427746700, -9.566654701045511200 ) ) ;
#1990 = ORIENTED_EDGE ( 'NONE', *, *, #2243, .F. ) ;
#1991 = CARTESIAN_POINT ( 'NONE',  ( 7.982695082243168400, 20.23991187613946300, 19.75983524926662900 ) ) ;
#1992 = CARTESIAN_POINT ( 'NONE',  ( 7.696587621386678200, 20.89584536713568900, 19.09009092521123900 ) ) ;
#1993 = CARTESIAN_POINT ( 'NONE',  ( 15.99648477176472000, -3.317302888607280000, -9.437939053504170100 ) ) ;
#1994 = DIRECTION ( 'NONE',  ( 2.517246393968220400E-017, -0.9115852424874963900, -0.4111111111111110900 ) ) ;
#1995 = AXIS2_PLACEMENT_3D ( 'NONE', #869, #894, #895 ) ;
#1996 = VERTEX_POINT ( 'NONE', #248 ) ;
#1997 = CARTESIAN_POINT ( 'NONE',  ( 8.001963341784721400, 20.10260419862769200, 19.89789363492295100 ) ) ;
#1998 = DIRECTION ( 'NONE',  ( -5.581665400004503000E-017, -0.4111111111111110900, 0.9115852424874963900 ) ) ;
#1999 = CARTESIAN_POINT ( 'NONE',  ( 15.33205080756890100, -7.250000000000000000, -12.55736835487436000 ) ) ;
#2000 = EDGE_LOOP ( 'NONE', ( #1252 ) ) ;
#2001 = EDGE_CURVE ( 'NONE', #38, #38, #690, .T. ) ;
#2002 = CARTESIAN_POINT ( 'NONE',  ( 7.847067895540600800, 20.64415383995673300, 19.34884470575992700 ) ) ;
#2003 = CARTESIAN_POINT ( 'NONE',  ( 16.21962696148490900, -3.635191796833132600, -9.322935857990934500 ) ) ;
#2004 = ORIENTED_EDGE ( 'NONE', *, *, #2390, .F. ) ;
#2005 = CARTESIAN_POINT ( 'NONE',  ( 10.50000000000000000, -49.72777777777780300, 10.48323028860620100 ) ) ;
#2006 = AXIS2_PLACEMENT_3D ( 'NONE', #900, #887, #872 ) ;
#2007 = CARTESIAN_POINT ( 'NONE',  ( 16.44472235321643100, -4.134951076791347500, -9.106872003906504500 ) ) ;
#2008 = ORIENTED_EDGE ( 'NONE', *, *, #2329, .F. ) ;
#2009 = PLANE ( 'NONE',  #1334 ) ;
#2010 = CARTESIAN_POINT ( 'NONE',  ( 16.50298757121918700, -4.308263232866003100, -9.026438762821886300 ) ) ;
#2011 = EDGE_LOOP ( 'NONE', ( #1246 ) ) ;
#2012 = AXIS2_PLACEMENT_3D ( 'NONE', #859, #936, #873 ) ;
#2013 = DIRECTION ( 'NONE',  ( -1.000000000000000000, -2.775557561562890400E-016, 1.602468905319635000E-016 ) ) ;
#2014 = ORIENTED_EDGE ( 'NONE', *, *, #2397, .F. ) ;
#2015 = CARTESIAN_POINT ( 'NONE',  ( 16.58053534074101900, -4.655538739447018200, -8.852326692353063500 ) ) ;
#2016 = ORIENTED_EDGE ( 'NONE', *, *, #1438, .T. ) ;
#2017 = CARTESIAN_POINT ( 'NONE',  ( 16.59987102425926900, -4.827717371073944700, -8.759676781532968800 ) ) ;
#2018 = ADVANCED_FACE ( 'E1338', ( #683, #689, #687, #684 ), #669, .F. ) ;
#2019 = EDGE_LOOP ( 'NONE', ( #1245 ) ) ;
#2020 = EDGE_CURVE ( 'NONE', #37, #37, #672, .T. ) ;
#2021 = ORIENTED_EDGE ( 'NONE', *, *, #2283, .T. ) ;
#2022 = CARTESIAN_POINT ( 'NONE',  ( 16.60012770196913600, -5.168896593311458800, -8.562785781481990100 ) ) ;
#2023 = DIRECTION ( 'NONE',  ( -0.5000000000000001100, 0.7500000000000001100, -0.4330127018922190800 ) ) ;
#2024 = ORIENTED_EDGE ( 'NONE', *, *, #2245, .F. ) ;
#2025 = CARTESIAN_POINT ( 'NONE',  ( 16.58036740911643700, -5.339185970070336600, -8.457565876969633600 ) ) ;
#2026 = ORIENTED_EDGE ( 'NONE', *, *, #2331, .F. ) ;
#2027 = CARTESIAN_POINT ( 'NONE',  ( 16.50327336082863300, -5.661884921258695700, -8.245021923845950300 ) ) ;
#2028 = EDGE_CURVE ( 'NONE', #34, #34, #682, .T. ) ;
#2029 = ORIENTED_EDGE ( 'NONE', *, *, #2329, .T. ) ;
#2030 = AXIS2_PLACEMENT_3D ( 'NONE', #841, #846, #836 ) ;
#2031 = CARTESIAN_POINT ( 'NONE',  ( 16.44624410474306900, -5.816046308413936200, -8.136787664024225800 ) ) ;
#2032 = ORIENTED_EDGE ( 'NONE', *, *, #2307, .T. ) ;
#2033 = DIRECTION ( 'NONE',  ( 0.4999999999999999400, 0.7499999999999998900, -0.4330127018922194600 ) ) ;
#2034 = AXIS2_PLACEMENT_3D ( 'NONE', #850, #855, #847 ) ;
#2035 = CARTESIAN_POINT ( 'NONE',  ( 16.29472872309681700, -6.110805245095215300, -7.917813297088341300 ) ) ;
#2036 = VERTEX_POINT ( 'NONE', #494 ) ;
#2037 = CARTESIAN_POINT ( 'NONE',  ( 14.46602540378444100, -8.549038105676659800, -11.80736835487436000 ) ) ;
#2038 = CARTESIAN_POINT ( 'NONE',  ( 12.73397459621556000, -8.549038105676659800, -11.80736835487436000 ) ) ;
#2039 = AXIS2_PLACEMENT_3D ( 'NONE', #816, #807, #837 ) ;
#2040 = CARTESIAN_POINT ( 'NONE',  ( 16.20139202385820500, -6.248591599348060300, -7.809101310450722100 ) ) ;
#2041 = AXIS2_PLACEMENT_3D ( 'NONE', #794, #821, #824 ) ;
#2042 = EDGE_LOOP ( 'NONE', ( #1261 ) ) ;
#2043 = CARTESIAN_POINT ( 'NONE',  ( -5.100000000000000500, -27.70830200499484900, -11.50000000000000000 ) ) ;
#2044 = ORIENTED_EDGE ( 'NONE', *, *, #2177, .F. ) ;
#2045 = CARTESIAN_POINT ( 'NONE',  ( 15.98465549664865300, -6.501598403337046900, -7.599748578344644100 ) ) ;
#2046 = DIRECTION ( 'NONE',  ( 0.5000000000000001100, -0.7500000000000001100, 0.4330127018922190800 ) ) ;
#2047 = CARTESIAN_POINT ( 'NONE',  ( 11.86794919243111900, -7.250000000000000000, -12.55736835487436000 ) ) ;
#2048 = EDGE_CURVE ( 'NONE', #32, #32, #679, .T. ) ;
#2049 = ORIENTED_EDGE ( 'NONE', *, *, #1405, .F. ) ;
#2050 = CARTESIAN_POINT ( 'NONE',  ( 15.85940539135264200, -6.618765529587880000, -7.497466679666201700 ) ) ;
#2051 = CARTESIAN_POINT ( 'NONE',  ( 15.58246106230050800, -6.828465585900759500, -7.306991274836363500 ) ) ;
#2052 = DIRECTION ( 'NONE',  ( 1.000000000000000000, 0.0000000000000000000, 6.123031769111888800E-017 ) ) ;
#2053 = ORIENTED_EDGE ( 'NONE', *, *, #2241, .F. ) ;
#2054 = CARTESIAN_POINT ( 'NONE',  ( 4.211685243513338500, -20.20393408365105300, 11.23940080944741200 ) ) ;
#2055 = AXIS2_PLACEMENT_3D ( 'NONE', #791, #809, #811 ) ;
#2056 = CARTESIAN_POINT ( 'NONE',  ( 15.43225108545523700, -6.920362993114618900, -7.219497594470363200 ) ) ;
#2057 = DIRECTION ( 'NONE',  ( 1.000000000000000000, 5.551115123125780700E-016, -3.204937810639275000E-016 ) ) ;
#2058 = EDGE_LOOP ( 'NONE', ( #1257 ) ) ;
#2059 = CARTESIAN_POINT ( 'NONE',  ( 14.38419015845267200, -7.298381313496102000, -6.836321019967914300 ) ) ;
#2060 = EDGE_LOOP ( 'NONE', ( #1270 ) ) ;
#2061 = EDGE_LOOP ( 'NONE', ( #1265 ) ) ;
#2062 = DIRECTION ( 'NONE',  ( -0.5000000000000001100, -0.7500000000000001100, 0.4330127018922190800 ) ) ;
#2063 = DIRECTION ( 'NONE',  ( 0.0000000000000000000, -0.8660254037844387100, 0.4999999999999998900 ) ) ;
#2064 = ORIENTED_EDGE ( 'NONE', *, *, #2364, .T. ) ;
#2065 = EDGE_LOOP ( 'NONE', ( #1280 ) ) ;
#2066 = CARTESIAN_POINT ( 'NONE',  ( 13.99687932372304100, -7.353759529096532100, -6.776715699619260600 ) ) ;
#2067 = CARTESIAN_POINT ( 'NONE',  ( 13.79779166227632300, -7.367711993978977200, -6.761421446830548000 ) ) ;
#2068 = DIRECTION ( 'NONE',  ( 0.0000000000000000000, 0.4999999999999998900, 0.8660254037844387100 ) ) ;
#2069 = EDGE_LOOP ( 'NONE', ( #1277 ) ) ;
#2070 = CARTESIAN_POINT ( 'NONE',  ( 13.40479431602464900, -7.367832047911179800, -6.761290625439401400 ) ) ;
#2071 = AXIS2_PLACEMENT_3D ( 'NONE', #778, #798, #799 ) ;
#2072 = CARTESIAN_POINT ( 'NONE',  ( 13.60000000000000000, -7.250000000000000000, -12.55736835487436000 ) ) ;
#2073 = CARTESIAN_POINT ( 'NONE',  ( 13.20776795348460900, -7.354247568872757800, -6.776185946737733400 ) ) ;
#2074 = PERSON_AND_ORGANIZATION ( #1153, #2785 ) ;
#2075 = CARTESIAN_POINT ( 'NONE',  ( 12.81822903915666400, -7.298900475323684100, -6.835766609558609400 ) ) ;
#2076 = EDGE_CURVE ( 'NONE', #29, #29, #676, .T. ) ;
#2077 = CARTESIAN_POINT ( 'NONE',  ( -15.00000000000000000, 45.00000000000000000, 0.0000000000000000000 ) ) ;
#2078 = ORIENTED_EDGE ( 'NONE', *, *, #2378, .F. ) ;
#2079 = CARTESIAN_POINT ( 'NONE',  ( 12.63062572912478900, -7.257964880622176400, -6.879538486205389900 ) ) ;
#2080 = CARTESIAN_POINT ( 'NONE',  ( -5.100000000000000500, 55.19885594382850500, -11.50000000000000000 ) ) ;
#2081 = AXIS2_PLACEMENT_3D ( 'NONE', #785, #766, #773 ) ;
#2082 = CARTESIAN_POINT ( 'NONE',  ( 12.26895656438156100, -7.149588465328083200, -6.992101884839324400 ) ) ;
#2083 = DIRECTION ( 'NONE',  ( 0.0000000000000000000, 0.8660254037844388200, -0.4999999999999997800 ) ) ;
#2084 = ORIENTED_EDGE ( 'NONE', *, *, #2282, .F. ) ;
#2085 = CARTESIAN_POINT ( 'NONE',  ( 4.316549574142457300, -20.20479633737068400, 11.19797798402719400 ) ) ;
#2086 = CARTESIAN_POINT ( 'NONE',  ( 4.523343133791904300, -20.16548806385822700, 11.18720538078136300 ) ) ;
#2087 = EDGE_LOOP ( 'NONE', ( #1284 ) ) ;
#2088 = DIRECTION ( 'NONE',  ( -0.0000000000000000000, 0.4999999999999998900, 0.8660254037844387100 ) ) ;
#2089 = CARTESIAN_POINT ( 'NONE',  ( 13.60000000000000000, -5.270624999999999900, -9.128990287642720200 ) ) ;
#2090 = CARTESIAN_POINT ( 'NONE',  ( 12.09340719199724900, -7.081205108279062800, -7.061807183551960200 ) ) ;
#2091 = EDGE_LOOP ( 'NONE', ( #1282 ) ) ;
#2092 = CARTESIAN_POINT ( 'NONE',  ( -5.100000000000000500, -49.72777777777780300, 10.48323028860620100 ) ) ;
#2093 = AXIS2_PLACEMENT_3D ( 'NONE', #770, #761, #775 ) ;
#2094 = VERTEX_POINT ( 'NONE', #347 ) ;
#2095 = CARTESIAN_POINT ( 'NONE',  ( 12.73397459621556000, -5.950961894323340200, -13.30736835487436000 ) ) ;
#2096 = CARTESIAN_POINT ( 'NONE',  ( -9.500000000000000000, 45.00000000000000000, -11.50000000000000000 ) ) ;
#2097 = EDGE_CURVE ( 'NONE', #28, #28, #665, .T. ) ;
#2098 = CARTESIAN_POINT ( 'NONE',  ( 4.624984296812733900, -20.12489616382809700, 11.21869531847247700 ) ) ;
#2099 = EDGE_LOOP ( 'NONE', ( #1289 ) ) ;
#2100 = ORIENTED_EDGE ( 'NONE', *, *, #2164, .F. ) ;
#2101 = EDGE_CURVE ( 'NONE', #26, #26, #660, .T. ) ;
#2102 = VERTEX_POINT ( 'NONE', #416 ) ;
#2103 = CARTESIAN_POINT ( 'NONE',  ( 11.76881647565615000, -6.920990605441024200, -7.218897112619108800 ) ) ;
#2104 = EDGE_LOOP ( 'NONE', ( #2130 ) ) ;
#2105 = ORIENTED_EDGE ( 'NONE', *, *, #2359, .T. ) ;
#2106 = CARTESIAN_POINT ( 'NONE',  ( 11.61846703029169300, -6.829073526579920300, -7.306421612245993700 ) ) ;
#2107 = ORIENTED_EDGE ( 'NONE', *, *, #2187, .F. ) ;
#2108 = AXIS2_PLACEMENT_3D ( 'NONE', #756, #758, #752 ) ;
#2109 = DIRECTION ( 'NONE',  ( 0.0000000000000000000, 0.0000000000000000000, 1.000000000000000000 ) ) ;
#2110 = B_SPLINE_CURVE_WITH_KNOTS ( 'NONE', 3,
 ( #907, #903, #916, #917, #921, #922, #928, #931, #941, #942, #946, #949, #952, #953, #961, #962, #966, #973, #975, #980, #985, #988, #993, #998, #1000, #1007, #1009, #1011, #1012, #1015, #1018, #1021, #1026, #1029, #1031, #1035, #1036, #1040, #1046, #1047, #1051, #1054, #1055, #1058, #1059, #1061, #1064, #1065, #1068, #1074, #1079, #1081, #1083, #1087, #1090, #1091, #1096, #1101, #1102, #1109, #1112, #1113, #1121, #1122 ),
 .UNSPECIFIED., .T., .F.,
 ( 4, 2, 2, 2, 2, 2, 2, 2, 2, 2, 2, 2, 2, 2, 2, 2, 2, 2, 2, 2, 2, 2, 2, 2, 2, 2, 2, 2, 2, 2, 2, 4 ),
 ( 0.0000000000000000000, 0.0006584623281970494600, 0.001316924656394098900, 0.001975386984591148200, 0.002633849312788197900, 0.003292311640985247500, 0.003950773969182296400, 0.004609236297379346000, 0.005267698625576395700, 0.005926160953773445400, 0.006584623281970495100, 0.007243085610167544800, 0.007901547938364592700, 0.008560010266561642400, 0.009218472594758692100, 0.009876934922955741800, 0.01053539725115279100, 0.01119385957934983800, 0.01185232190754688700, 0.01251078423574393400, 0.01316924656394098100, 0.01448617122033508100, 0.01514463354853212700, 0.01580309587672917200, 0.01646155820492622300, 0.01712002053312326700, 0.01777848286132031500, 0.01843694518951736300, 0.01909540751771441100, 0.01975386984591145600, 0.02041233217410850700, 0.02107079450230555200 ),
 .UNSPECIFIED. ) ;
#2111 = CARTESIAN_POINT ( 'NONE',  ( 11.34144605850053700, -6.619504437187976500, -7.496812857033233100 ) ) ;
#2112 = CARTESIAN_POINT ( 'NONE',  ( 4.765628306997511400, -20.02465096596481000, 11.33857092098345700 ) ) ;
#2113 = ORIENTED_EDGE ( 'NONE', *, *, #2507, .F. ) ;
#2114 = DIRECTION ( 'NONE',  ( 0.0000000000000000000, -0.8660254037844389300, 0.4999999999999998300 ) ) ;
#2115 = DIRECTION ( 'NONE',  ( 0.0000000000000000000, 0.4999999999999998900, 0.8660254037844387100 ) ) ;
#2116 = AXIS2_PLACEMENT_3D ( 'NONE', #713, #730, #737 ) ;
#2117 = CARTESIAN_POINT ( 'NONE',  ( 7.603025540508459000, 21.01707557573648400, 18.96473872996089600 ) ) ;
#2118 = ADVANCED_FACE ( 'E245', ( #663 ), #652, .T. ) ;
#2119 = CARTESIAN_POINT ( 'NONE',  ( 3.502384912713661300, 18.22204618832503800, 21.98312866641362400 ) ) ;
#2120 = EDGE_LOOP ( 'NONE', ( #1291 ) ) ;
#2121 = CARTESIAN_POINT ( 'NONE',  ( 11.21608132512734600, -6.502320885450938400, -7.599125597159635400 ) ) ;
#2122 = ORIENTED_EDGE ( 'NONE', *, *, #2384, .F. ) ;
#2123 = ADVANCED_FACE ( 'E859', ( #655, #656 ), #439, .T. ) ;
#2124 = CARTESIAN_POINT ( 'NONE',  ( 13.60000000000000000, -5.000000000000000000, -8.660254037844390900 ) ) ;
#2125 = CARTESIAN_POINT ( 'NONE',  ( 10.99942660579531900, -6.249683884266097800, -7.808222466446697900 ) ) ;
#2126 = EDGE_LOOP ( 'NONE', ( #1288 ) ) ;
#2127 = AXIS2_PLACEMENT_3D ( 'NONE', #740, #718, #726 ) ;
#2128 = CARTESIAN_POINT ( 'NONE',  ( 14.46602540378444100, -5.950961894323340200, -13.30736835487436000 ) ) ;
#2129 = CARTESIAN_POINT ( 'NONE',  ( 7.382771838632177000, 21.24494321192136300, 18.72903317831432100 ) ) ;
#2130 = ORIENTED_EDGE ( 'NONE', *, *, #2304, .T. ) ;
#2131 = CARTESIAN_POINT ( 'NONE',  ( 3.676088323992090500, 18.14268418229688600, 22.03507757798737600 ) ) ;
#2132 = ADVANCED_FACE ( 'E975', ( #658 ), #456, .T. ) ;
#2133 = AXIS2_PLACEMENT_3D ( 'NONE', #702, #695, #716 ) ;
#2134 = CARTESIAN_POINT ( 'NONE',  ( 10.90658301133292900, -6.112997091054138500, -7.916133031589164500 ) ) ;
#2135 = EDGE_LOOP ( 'NONE', ( #1285 ) ) ;
#2136 = EDGE_LOOP ( 'NONE', ( #1300 ) ) ;
#2137 = CARTESIAN_POINT ( 'NONE',  ( 10.75430446469773200, -5.817469133214277800, -8.135781984121285500 ) ) ;
#2138 = CARTESIAN_POINT ( 'NONE',  ( -5.100000000000000500, 0.0000000000000000000, 0.0000000000000000000 ) ) ;
#2139 = ORIENTED_EDGE ( 'NONE', *, *, #2296, .T. ) ;
#2140 = ADVANCED_FACE ( 'E318', ( #648 ), #473, .F. ) ;
#2141 = ADVANCED_FACE ( 'E1311', ( #647, #643 ), #639, .F. ) ;
#2142 = CARTESIAN_POINT ( 'NONE',  ( 10.69722877993071600, -5.663307389712605800, -8.244031676978213600 ) ) ;
#2143 = EDGE_LOOP ( 'NONE', ( #1298 ) ) ;
#2144 = ORIENTED_EDGE ( 'NONE', *, *, #2334, .T. ) ;
#2145 = AXIS2_PLACEMENT_3D ( 'NONE', #670, #699, #701 ) ;
#2146 = CARTESIAN_POINT ( 'NONE',  ( 10.62004965895098800, -5.341603051028422500, -8.456026592119810600 ) ) ;
#2147 = CARTESIAN_POINT ( 'NONE',  ( 10.60005424840931100, -5.171956467988823500, -8.560956132562550300 ) ) ;
#2148 = ORIENTED_EDGE ( 'NONE', *, *, #2492, .F. ) ;
#2149 = EDGE_LOOP ( 'NONE', ( #1312 ) ) ;
#2150 = CARTESIAN_POINT ( 'NONE',  ( 10.59994597643221000, -4.829466021982960400, -8.758730590270710400 ) ) ;
#2151 = AXIS2_PLACEMENT_3D ( 'NONE', #661, #668, #667 ) ;
#2152 = ADVANCED_FACE ( 'E1308', ( #654, #646 ), #631, .F. ) ;
#2153 = CARTESIAN_POINT ( 'NONE',  ( 10.61925470352082700, -4.657211625399131800, -8.851434299854540600 ) ) ;
#2154 = DIRECTION ( 'NONE',  ( 0.0000000000000000000, -1.000000000000000000, 0.0000000000000000000 ) ) ;
#2155 = ORIENTED_EDGE ( 'NONE', *, *, #2367, .T. ) ;
#2156 = DIRECTION ( 'NONE',  ( 1.000000000000000000, 0.0000000000000000000, 0.0000000000000000000 ) ) ;
#2157 = AXIS2_PLACEMENT_3D ( 'NONE', #678, #680, #623 ) ;
#2158 = ORIENTED_EDGE ( 'NONE', *, *, #2258, .T. ) ;
#2159 = CARTESIAN_POINT ( 'NONE',  ( 10.69624184031595100, -4.310990686865554100, -9.025124297545870500 ) ) ;
#2160 = CARTESIAN_POINT ( 'NONE',  ( 10.75458250676009600, -4.136728158791378900, -9.106074684886225500 ) ) ;
#2161 = CARTESIAN_POINT ( 'NONE',  ( -5.100000000000000500, 55.19885594382850500, 11.50000000000000000 ) ) ;
#2162 = CARTESIAN_POINT ( 'NONE',  ( 10.97995625095183800, -3.635652502415632500, -9.322794376555348700 ) ) ;
#2163 = CARTESIAN_POINT ( 'NONE',  ( 8.000000000000000000, 0.0000000000000000000, 0.0000000000000000000 ) ) ;
#2164 = EDGE_CURVE ( 'E214', #1251, #1655, #635, .T. ) ;
#2165 = B_SPLINE_CURVE_WITH_KNOTS ( 'NONE', 3,
 ( #1484, #5, #2706, #2707, #2708, #2712, #2717, #2730, #2746, #2762, #2775, #2783, #2791, #2797, #2803, #2804, #2808, #2819 ),
 .UNSPECIFIED., .T., .F.,
 ( 4, 2, 2, 2, 2, 2, 2, 2, 4 ),
 ( 0.0000000000000000000, 0.0003154967866247002900, 0.0006309935732494005800, 0.0009464903598741009200, 0.001261987146498801200, 0.001577483933123501400, 0.001892980719748201800, 0.002208477506372901900, 0.002523974292997602300 ),
 .UNSPECIFIED. ) ;
#2166 = EDGE_CURVE ( 'E154', #991, #1089, #891, .T. ) ;
#2167 = CARTESIAN_POINT ( 'NONE',  ( 15.33205080756890100, -7.250000000000000000, -12.55736835487436000 ) ) ;
#2168 = ORIENTED_EDGE ( 'NONE', *, *, #2340, .T. ) ;
#2169 = CARTESIAN_POINT ( 'NONE',  ( 11.20304134365232200, -3.317876932985219400, -9.437741002626680100 ) ) ;
#2170 = CARTESIAN_POINT ( 'NONE',  ( 11.61547500547788300, -2.915691245745363000, -9.566533343027547400 ) ) ;
#2171 = EDGE_CURVE ( 'NONE', #23, #23, #633, .T. ) ;
#2172 = ORIENTED_EDGE ( 'NONE', *, *, #2347, .T. ) ;
#2173 = CARTESIAN_POINT ( 'NONE',  ( 14.57123952020278200, -7.257504875927884000, -6.880024729554911300 ) ) ;
#2174 = CARTESIAN_POINT ( 'NONE',  ( 11.76840395441652900, -2.791536316021935100, -9.603122549556793800 ) ) ;
#2175 = ORIENTED_EDGE ( 'NONE', *, *, #2287, .T. ) ;
#2176 = EDGE_CURVE ( 'E188', #1120, #1996, #636, .T. ) ;
#2177 = EDGE_CURVE ( 'E264', #2036, #1008, #637, .T. ) ;
#2178 = EDGE_LOOP ( 'NONE', ( #1303 ) ) ;
#2179 = ADVANCED_FACE ( 'E596', ( #649 ), #630, .F. ) ;
#2180 = CARTESIAN_POINT ( 'NONE',  ( 12.09362798136862200, -2.574946214510927000, -9.663451231203650200 ) ) ;
#2181 = EDGE_LOOP ( 'NONE', ( #1319 ) ) ;
#2182 = CARTESIAN_POINT ( 'NONE',  ( 12.26526446219281000, -2.482372014685772400, -9.687310259213790100 ) ) ;
#2183 = EDGE_CURVE ( 'E255', #2036, #2102, #621, .T. ) ;
#2184 = EDGE_LOOP ( 'NONE', ( #1316 ) ) ;
#2185 = CARTESIAN_POINT ( 'NONE',  ( 12.62698349989661000, -2.330125639392404100, -9.725053489940814100 ) ) ;
#2186 = CARTESIAN_POINT ( 'NONE',  ( 12.81850089670498100, -2.270549848498639300, -9.738903158571991600 ) ) ;
#2187 = EDGE_CURVE ( 'E246', #1782, #2102, #627, .T. ) ;
#2188 = ORIENTED_EDGE ( 'NONE', *, *, #2245, .T. ) ;
#2189 = EDGE_LOOP ( 'NONE', ( #1638 ) ) ;
#2190 = CARTESIAN_POINT ( 'NONE',  ( 13.20438741700864900, -2.191806325855416600, -9.756926584560369900 ) ) ;
#2191 = DIRECTION ( 'NONE',  ( 0.0000000000000000000, -1.000000000000000000, 0.0000000000000000000 ) ) ;
#2192 = ORIENTED_EDGE ( 'NONE', *, *, #2176, .F. ) ;
#2193 = ORIENTED_EDGE ( 'NONE', *, *, #2378, .T. ) ;
#2194 = EDGE_CURVE ( 'E70', #1344, #1886, #624, .T. ) ;
#2195 = CARTESIAN_POINT ( 'NONE',  ( 14.93266772915728400, -7.149001847162328000, -6.992702617205583900 ) ) ;
#2196 = CARTESIAN_POINT ( 'NONE',  ( 13.40056272374983600, -2.171619795731410300, -9.761355820929152200 ) ) ;
#2197 = EDGE_LOOP ( 'NONE', ( #1322 ) ) ;
#2198 = DIRECTION ( 'NONE',  ( 0.0000000000000000000, 0.0000000000000000000, -1.000000000000000000 ) ) ;
#2199 = EDGE_CURVE ( 'E98', #1479, #2305, #613, .T. ) ;
#2200 = CARTESIAN_POINT ( 'NONE',  ( 13.60000000000000500, -2.171619795731410300, -9.761355820929148700 ) ) ;
#2201 = EDGE_CURVE ( 'E61', #1428, #1886, #2761, .T. ) ;
#2202 = CARTESIAN_POINT ( 'NONE',  ( -5.100000000000000500, -12.33333333333334100, -27.34755727462490100 ) ) ;
#2203 = ORIENTED_EDGE ( 'NONE', *, *, #2364, .F. ) ;
#2204 = DIRECTION ( 'NONE',  ( -1.000000000000000000, 0.0000000000000000000, 0.0000000000000000000 ) ) ;
#2205 = EDGE_LOOP ( 'NONE', ( #1329 ) ) ;
#2206 = CARTESIAN_POINT ( 'NONE',  ( 15.10825596633671900, -7.080484021931568800, -7.062528972556886100 ) ) ;
#2207 = DIRECTION ( 'NONE',  ( 1.000000000000000000, 0.0000000000000000000, 0.0000000000000000000 ) ) ;
#2208 = EDGE_CURVE ( 'E52', #2272, #1428, #610, .T. ) ;
#2209 = EDGE_LOOP ( 'NONE', ( #1326 ) ) ;
#2210 = CARTESIAN_POINT ( 'NONE',  ( 13.60000000000000000, -5.000000000000000000, -8.660254037844390900 ) ) ;
#2211 = EDGE_CURVE ( 'E43', #1774, #2272, #2294, .T. ) ;
#2212 = DIRECTION ( 'NONE',  ( 0.0000000000000000000, 0.4999999999999998900, 0.8660254037844387100 ) ) ;
#2213 = DIRECTION ( 'NONE',  ( 0.0000000000000000000, -0.8660254037844387100, 0.4999999999999998900 ) ) ;
#2214 = DIRECTION ( 'NONE',  ( 0.0000000000000000000, 1.000000000000000000, 0.0000000000000000000 ) ) ;
#2215 = DIRECTION ( 'NONE',  ( -1.000000000000000000, 0.0000000000000000000, 0.0000000000000000000 ) ) ;
#2216 = ORIENTED_EDGE ( 'NONE', *, *, #2373, .T. ) ;
#2217 = EDGE_CURVE ( 'E34', #1774, #1089, #606, .T. ) ;
#2218 = EDGE_CURVE ( 'E25', #2637, #1089, #984, .T. ) ;
#2219 = CARTESIAN_POINT ( 'NONE',  ( -4.161812596680515100, -26.63472960422920000, 11.50000000000000000 ) ) ;
#2220 = DIRECTION ( 'NONE',  ( 0.0000000000000000000, 0.0000000000000000000, -1.000000000000000000 ) ) ;
#2221 = EDGE_CURVE ( 'E16', #1173, #2637, #607, .T. ) ;
#2222 = EDGE_LOOP ( 'NONE', ( #1333 ) ) ;
#2223 = CARTESIAN_POINT ( 'NONE',  ( 11.86794919243111900, 14.50000000000000000, -5.551115123125779700E-016 ) ) ;
#2224 = CARTESIAN_POINT ( 'NONE',  ( -15.00000000000000000, -49.72777777777780300, 10.48323028860620100 ) ) ;
#2225 = ORIENTED_EDGE ( 'NONE', *, *, #2238, .T. ) ;
#2226 = CARTESIAN_POINT ( 'NONE',  ( -8.000000000000000000, 0.0000000000000000000, 0.0000000000000000000 ) ) ;
#2227 = EDGE_CURVE ( 'NONE', #22, #22, #603, .T. ) ;
#2228 = EDGE_CURVE ( 'NONE', #21, #21, #601, .T. ) ;
#2229 = ORIENTED_EDGE ( 'NONE', *, *, #2367, .F. ) ;
#2230 = EDGE_CURVE ( 'NONE', #17, #17, #604, .T. ) ;
#2231 = EDGE_LOOP ( 'NONE', ( #1330 ) ) ;
#2232 = PLANE ( 'NONE',  #1375 ) ;
#2233 = ORIENTED_EDGE ( 'NONE', *, *, #2373, .F. ) ;
#2234 = DIRECTION ( 'NONE',  ( -0.5000000000000003300, 0.0000000000000000000, 0.8660254037844384900 ) ) ;
#2235 = ORIENTED_EDGE ( 'NONE', *, *, #2241, .T. ) ;
#2236 = CARTESIAN_POINT ( 'NONE',  ( 14.46602540378444100, -8.549038105676659800, -11.80736835487436000 ) ) ;
#2237 = EDGE_CURVE ( 'NONE', #16, #16, #640, .T. ) ;
#2238 = EDGE_CURVE ( 'E129', #1657, #1066, #617, .T. ) ;
#2239 = EDGE_LOOP ( 'NONE', ( #1341 ) ) ;
#2240 = DIRECTION ( 'NONE',  ( -1.000000000000000000, 0.0000000000000000000, 0.0000000000000000000 ) ) ;
#2241 = EDGE_CURVE ( 'E350', #1014, #1033, #595, .T. ) ;
#2242 = EDGE_LOOP ( 'NONE', ( #1337 ) ) ;
#2243 = EDGE_CURVE ( 'E124', #2567, #1066, #600, .T. ) ;
#2244 = EDGE_LOOP ( 'NONE', ( #1352 ) ) ;
#2245 = EDGE_CURVE ( 'E400', #1120, #1652, #591, .T. ) ;
#2246 = PLANE ( 'NONE',  #1747 ) ;
#2247 = EDGE_LOOP ( 'NONE', ( #1348 ) ) ;
#2248 = CARTESIAN_POINT ( 'NONE',  ( -9.500000000000000000, 0.0000000000000000000, 0.0000000000000000000 ) ) ;
#2249 = CARTESIAN_POINT ( 'NONE',  ( 14.46602540378444100, 14.50000000000000000, -1.500000000000000000 ) ) ;
#2250 = DIRECTION ( 'NONE',  ( 1.000000000000000000, 0.0000000000000000000, 0.0000000000000000000 ) ) ;
#2251 = EDGE_CURVE ( 'E119', #2567, #1116, #602, .T. ) ;
#2252 = CARTESIAN_POINT ( 'NONE',  ( 7.750000000000000000, 0.0000000000000000000, 0.0000000000000000000 ) ) ;
#2253 = EDGE_CURVE ( 'E140', #1774, #1479, #302, .T. ) ;
#2254 = CARTESIAN_POINT ( 'NONE',  ( 4.804772639665046100, -19.96482112903233400, 11.42721928608179200 ) ) ;
#2255 = EDGE_LOOP ( 'NONE', ( #1357 ) ) ;
#2256 = DIRECTION ( 'NONE',  ( 0.0000000000000000000, 0.9115852424874963900, 0.4111111111111110900 ) ) ;
#2257 = DIRECTION ( 'NONE',  ( 0.0000000000000000000, 0.0000000000000000000, 1.000000000000000000 ) ) ;
#2258 = EDGE_CURVE ( 'E134', #1116, #1657, #580, .T. ) ;
#2259 = EDGE_LOOP ( 'NONE', ( #1355 ) ) ;
#2260 = DIRECTION ( 'NONE',  ( 1.000000000000000000, -0.0000000000000000000, -0.0000000000000000000 ) ) ;
#2261 = DIRECTION ( 'NONE',  ( -1.000000000000000000, 0.0000000000000000000, 0.0000000000000000000 ) ) ;
#2262 = CARTESIAN_POINT ( 'NONE',  ( 4.794242140151925300, -19.86057150324571600, 11.61181317931806400 ) ) ;
#2263 = EDGE_LOOP ( 'NONE', ( #1185 ) ) ;
#2264 = EDGE_CURVE ( 'E79', #1344, #1173, #830, .T. ) ;
#2265 = CARTESIAN_POINT ( 'NONE',  ( -9.500000000000000000, -45.00000000000000000, 11.50000000000000000 ) ) ;
#2266 = DIRECTION ( 'NONE',  ( 0.0000000000000000000, 0.0000000000000000000, -1.000000000000000000 ) ) ;
#2267 = CARTESIAN_POINT ( 'NONE',  ( 4.744823091690113500, -19.81766253672616800, 11.70504284561302900 ) ) ;
#2268 = DIRECTION ( 'NONE',  ( 0.0000000000000000000, 0.0000000000000000000, 1.000000000000000000 ) ) ;
#2269 = EDGE_LOOP ( 'NONE', ( #1361 ) ) ;
#2270 = EDGE_CURVE ( 'E113', #2305, #1559, #578, .T. ) ;
#2271 = CARTESIAN_POINT ( 'NONE',  ( 4.589375518737385900, -19.77366103007399500, 11.84065388500057000 ) ) ;
#2272 = VERTEX_POINT ( 'NONE', #2649 ) ;
#2273 = EDGE_LOOP ( 'NONE', ( #1378, #1374, #1372, #1371, #1370, #1368 ) ) ;
#2274 = DIRECTION ( 'NONE',  ( -3.204937810639275000E-016, 0.0000000000000000000, 1.000000000000000000 ) ) ;
#2275 = EDGE_CURVE ( 'E168', #1893, #2658, #587, .T. ) ;
#2276 = EDGE_LOOP ( 'NONE', ( #1364 ) ) ;
#2277 = ORIENTED_EDGE ( 'NONE', *, *, #2383, .T. ) ;
#2278 = DIRECTION ( 'NONE',  ( 1.000000000000000000, 0.0000000000000000000, 0.0000000000000000000 ) ) ;
#2279 = CARTESIAN_POINT ( 'NONE',  ( -9.500000000000000000, 0.0000000000000000000, 0.0000000000000000000 ) ) ;
#2280 = DIRECTION ( 'NONE',  ( 1.000000000000000000, 0.0000000000000000000, 3.204937810639275000E-016 ) ) ;
#2281 = EDGE_LOOP ( 'NONE', ( #2113 ) ) ;
#2282 = EDGE_CURVE ( 'E193', #1996, #1251, #586, .T. ) ;
#2283 = EDGE_CURVE ( 'E183', #1120, #2658, #573, .T. ) ;
#2284 = ORIENTED_EDGE ( 'NONE', *, *, #2390, .T. ) ;
#2285 = CARTESIAN_POINT ( 'NONE',  ( -4.744336082896538200, -6.178263152987090800, -22.17164210266086500 ) ) ;
#2286 = EDGE_CURVE ( 'E225', #1559, #1782, #575, .T. ) ;
#2287 = EDGE_CURVE ( 'E409', #1652, #1688, #566, .T. ) ;
#2288 = ADVANCED_FACE ( 'E1343', ( #551, #569 ), #554, .T. ) ;
#2289 = ORIENTED_EDGE ( 'NONE', *, *, #2383, .F. ) ;
#2290 = DIRECTION ( 'NONE',  ( -0.06162841671621946400, -0.7044160264027585800, 0.7071067811865476800 ) ) ;
#2291 = DIRECTION ( 'NONE',  ( 0.06162841671621927000, 0.7044160264027586900, 0.7071067811865476800 ) ) ;
#2292 = CARTESIAN_POINT ( 'NONE',  ( 4.483688036732809600, -19.77258608175105400, 11.88286362058275000 ) ) ;
#2293 = EDGE_CURVE ( 'E282', #1397, #1626, #545, .T. ) ;
#2294 = B_SPLINE_CURVE_WITH_KNOTS ( 'NONE', 3,
 ( #862, #876, #978, #888 ),
 .UNSPECIFIED., .F., .F.,
 ( 4, 4 ),
 ( 0.05430046085251529600, 0.05446261600729451800 ),
 .UNSPECIFIED. ) ;
#2295 = CARTESIAN_POINT ( 'NONE',  ( -4.161812596680515100, -26.63472960422920000, -11.50000000000000000 ) ) ;
#2296 = EDGE_CURVE ( 'NONE', #15, #15, #544, .T. ) ;
#2297 = CARTESIAN_POINT ( 'NONE',  ( -4.665330969550540300, -6.249814565742629400, -22.16809655424625100 ) ) ;
#2298 = EDGE_CURVE ( 'E219', #1893, #1655, #542, .T. ) ;
#2299 = ORIENTED_EDGE ( 'NONE', *, *, #2384, .T. ) ;
#2300 = CARTESIAN_POINT ( 'NONE',  ( -5.100000000000000500, -12.33333333333332000, 27.34755727462490100 ) ) ;
#2301 = CARTESIAN_POINT ( 'NONE',  ( 4.963809233357170400, 19.58892917422770500, 19.66375570132140300 ) ) ;
#2302 = CARTESIAN_POINT ( 'NONE',  ( -8.000000000000000000, 0.0000000000000000000, -94.00000000000000000 ) ) ;
#2303 = EDGE_LOOP ( 'NONE', ( #1238 ) ) ;
#2304 = EDGE_CURVE ( 'NONE', #14, #14, #560, .T. ) ;
#2305 = VERTEX_POINT ( 'NONE', #2806 ) ;
#2306 = CARTESIAN_POINT ( 'NONE',  ( -4.107875057440958600, 26.63121803334915000, -11.50000000000000000 ) ) ;
#2307 = EDGE_CURVE ( 'E319', #2036, #1708, #543, .T. ) ;
#2308 = CARTESIAN_POINT ( 'NONE',  ( -4.793460606888028300, -6.077551599347747100, -22.18889778017852500 ) ) ;
#2309 = EDGE_LOOP ( 'NONE', ( #1366 ) ) ;
#2310 = DIRECTION ( 'NONE',  ( 0.0000000000000000000, -1.000000000000000000, 0.0000000000000000000 ) ) ;
#2311 = CARTESIAN_POINT ( 'NONE',  ( -4.805278146899657300, -5.873924105882729000, -22.24111958200376200 ) ) ;
#2312 = EDGE_LOOP ( 'NONE', ( #1440, #1437, #1432, #1430 ) ) ;
#2313 = EDGE_CURVE ( 'E198', #2658, #1251, #528, .T. ) ;
#2314 = CARTESIAN_POINT ( 'NONE',  ( -4.756710014544278700, -26.88374128326167400, 11.50000000000000200 ) ) ;
#2315 = PLANE ( 'NONE',  #1395 ) ;
#2316 = EDGE_LOOP ( 'NONE', ( #1408, #1406, #1403, #1401 ) ) ;
#2317 = CARTESIAN_POINT ( 'NONE',  ( -4.767164162013984600, -5.772007424694130000, -22.27597830125476400 ) ) ;
#2318 = EDGE_LOOP ( 'NONE', ( #1470, #1464, #1461, #1457 ) ) ;
#2319 = EDGE_CURVE ( 'E291', #1626, #2305, #522, .T. ) ;
#2320 = EDGE_LOOP ( 'NONE', ( #1475 ) ) ;
#2321 = CARTESIAN_POINT ( 'NONE',  ( -4.626999012660133000, -5.628774282440871500, -22.34208838382082600 ) ) ;
#2322 = CARTESIAN_POINT ( 'NONE',  ( -4.526325480243276200, -5.587346142560249100, -22.37309166512647700 ) ) ;
#2323 = ORIENTED_EDGE ( 'NONE', *, *, #2183, .T. ) ;
#2324 = EDGE_CURVE ( 'E108', #1559, #1893, #539, .T. ) ;
#2325 = CARTESIAN_POINT ( 'NONE',  ( 10.50000000000000000, 12.33333333333334100, 27.34755727462490100 ) ) ;
#2326 = ORIENTED_EDGE ( 'NONE', *, *, #2307, .F. ) ;
#2327 = CARTESIAN_POINT ( 'NONE',  ( -4.317885771932140000, -5.586488597921141200, -22.41446625578839400 ) ) ;
#2328 = CARTESIAN_POINT ( 'NONE',  ( -4.212782566203838300, -5.627056242332821000, -22.42431222329881300 ) ) ;
#2329 = EDGE_CURVE ( 'E570', #1708, #2487, #530, .T. ) ;
#2330 = EDGE_LOOP ( 'NONE', ( #1451, #1449, #1446, #1444 ) ) ;
#2331 = EDGE_CURVE ( 'E576', #1652, #991, #509, .T. ) ;
#2332 = EDGE_LOOP ( 'NONE', ( #1476 ) ) ;
#2333 = EDGE_CURVE ( 'NONE', #11, #11, #507, .T. ) ;
#2334 = EDGE_CURVE ( 'NONE', #10, #10, #496, .T. ) ;
#2335 = CARTESIAN_POINT ( 'NONE',  ( -4.056780226529720100, -5.768205923747422600, -22.41721240938218800 ) ) ;
#2336 = CARTESIAN_POINT ( 'NONE',  ( 8.000000000000000000, 0.0000000000000000000, 0.0000000000000000000 ) ) ;
#2337 = CARTESIAN_POINT ( 'NONE',  ( 2.690106634585894600, 17.46332954639104800, 15.49340012549539700 ) ) ;
#2338 = CARTESIAN_POINT ( 'NONE',  ( -4.006694253391223100, -5.869475233370760500, -22.39992743743774300 ) ) ;
#2339 = CARTESIAN_POINT ( 'NONE',  ( -3.994621527586213800, -6.073141421552451300, -22.34773007898018400 ) ) ;
#2340 = EDGE_CURVE ( 'E427', #1631, #1116, #502, .T. ) ;
#2341 = EDGE_LOOP ( 'NONE', ( #1512 ) ) ;
#2342 = CARTESIAN_POINT ( 'NONE',  ( 2.878352580585910500, 17.62353708870385600, 15.28013778483865300 ) ) ;
#2343 = CARTESIAN_POINT ( 'NONE',  ( 3.117597422894327100, 17.74772160431885100, 15.08815721410269500 ) ) ;
#2344 = CARTESIAN_POINT ( 'NONE',  ( -4.032186752121367200, -6.174806538438157400, -22.31310275182075700 ) ) ;
#2345 = ORIENTED_EDGE ( 'NONE', *, *, #2286, .T. ) ;
#2346 = CARTESIAN_POINT ( 'NONE',  ( 3.521236215079237100, 17.86829086331842100, 14.85264145294521200 ) ) ;
#2347 = EDGE_CURVE ( 'E418', #1688, #1631, #516, .T. ) ;
#2348 = DIRECTION ( 'NONE',  ( -0.8660254037844384900, 0.0000000000000000000, -0.5000000000000003300 ) ) ;
#2349 = EDGE_LOOP ( 'NONE', ( #1519 ) ) ;
#2350 = CARTESIAN_POINT ( 'NONE',  ( 3.665013141540314700, 17.89815024344029100, 14.78175479601480200 ) ) ;
#2351 = CARTESIAN_POINT ( 'NONE',  ( 3.963653982926485900, 17.93507579259653900, 14.65942978875304400 ) ) ;
#2352 = EDGE_CURVE ( 'E103', #1479, #1893, #486, .T. ) ;
#2353 = EDGE_LOOP ( 'NONE', ( #1515 ) ) ;
#2354 = CARTESIAN_POINT ( 'NONE',  ( -4.173489425222159700, -6.319327651107692600, -22.24655938027130400 ) ) ;
#2355 = CARTESIAN_POINT ( 'NONE',  ( -4.274437143455813300, -6.360170047453651800, -22.21572635811965300 ) ) ;
#2356 = CARTESIAN_POINT ( 'NONE',  ( 4.116303211265614200, 17.94208197702616700, 14.60868610069835000 ) ) ;
#2357 = EDGE_LOOP ( 'NONE', ( #1746 ) ) ;
#2358 = CARTESIAN_POINT ( 'NONE',  ( -4.480865628023817500, -6.361144746788665900, -22.17473233837853600 ) ) ;
#2359 = EDGE_CURVE ( 'E240', #1782, #1655, #500, .T. ) ;
#2360 = CARTESIAN_POINT ( 'NONE',  ( -4.586325856204542400, -6.321365978498167900, -22.16455100583163700 ) ) ;
#2361 = ORIENTED_EDGE ( 'NONE', *, *, #2270, .T. ) ;
#2362 = CARTESIAN_POINT ( 'NONE',  ( -4.665330969550540300, -6.249814565742629400, -22.16809655424625100 ) ) ;
#2363 = EDGE_LOOP ( 'NONE', ( #1540, #1536, #1533, #1531, #1529, #1525 ) ) ;
#2364 = EDGE_CURVE ( 'E376', #1108, #1033, #493, .T. ) ;
#2365 = ORIENTED_EDGE ( 'NONE', *, *, #2319, .T. ) ;
#2366 = CARTESIAN_POINT ( 'NONE',  ( 4.428083598044724800, 17.93377259297243900, 14.52748579825216500 ) ) ;
#2367 = EDGE_CURVE ( 'E361', #1657, #1108, #479, .T. ) ;
#2368 = CARTESIAN_POINT ( 'NONE',  ( 4.588885412860070900, 17.91805503771053800, 14.49694871251991100 ) ) ;
#2369 = EDGE_LOOP ( 'NONE', ( #1398, #1392, #1386, #1382 ) ) ;
#2370 = EDGE_LOOP ( 'NONE', ( #1502, #1499, #1493, #1491, #1489, #1483 ) ) ;
#2371 = CARTESIAN_POINT ( 'NONE',  ( 4.905235511513830600, 17.86483337231759800, 14.45899307684070200 ) ) ;
#2372 = CARTESIAN_POINT ( 'NONE',  ( 5.061583404856143900, 17.82754692041695300, 14.45112921896237300 ) ) ;
#2373 = EDGE_CURVE ( 'E355', #1066, #1033, #477, .T. ) ;
#2374 = PLANE ( 'NONE',  #1761 ) ;
#2375 = CARTESIAN_POINT ( 'NONE',  ( 5.370599133459783100, 17.73147026613207100, 14.45779438974307000 ) ) ;
#2376 = EDGE_LOOP ( 'NONE', ( #1423, #1418, #1411, #1410 ) ) ;
#2377 = DIRECTION ( 'NONE',  ( 0.0000000000000000000, -1.000000000000000000, 0.0000000000000000000 ) ) ;
#2378 = EDGE_CURVE ( 'E382', #1108, #1996, #471, .T. ) ;
#2379 = CARTESIAN_POINT ( 'NONE',  ( 5.522970845566730300, 17.67245314461568700, 14.47263364860937100 ) ) ;
#2380 = CARTESIAN_POINT ( 'NONE',  ( 5.810922045536357500, 17.53758783484065700, 14.52384693366143300 ) ) ;
#2381 = ORIENTED_EDGE ( 'NONE', *, *, #2293, .T. ) ;
#2382 = DIRECTION ( 'NONE',  ( 0.0000000000000000000, 0.4999999999999998900, 0.8660254037844387100 ) ) ;
#2383 = EDGE_CURVE ( 'E334', #1708, #1014, #484, .T. ) ;
#2384 = EDGE_CURVE ( 'E329', #2102, #1014, #465, .T. ) ;
#2385 = CARTESIAN_POINT ( 'NONE',  ( 5.948245859541106700, 17.46126691905329400, 14.56018940024081400 ) ) ;
#2386 = ORIENTED_EDGE ( 'NONE', *, *, #1178, .F. ) ;
#2387 = EDGE_LOOP ( 'NONE', ( #1522 ) ) ;
#2388 = CARTESIAN_POINT ( 'NONE',  ( 6.209018622602092900, 17.29009230856176400, 14.65528513200789900 ) ) ;
#2389 = ORIENTED_EDGE ( 'NONE', *, *, #1624, .T. ) ;
#2390 = EDGE_CURVE ( 'E340', #1066, #1708, #467, .T. ) ;
#2391 = ORIENTED_EDGE ( 'NONE', *, *, #2177, .T. ) ;
#2392 = CARTESIAN_POINT ( 'NONE',  ( 6.328668884348625800, 17.19767596364332700, 14.71270920330001900 ) ) ;
#2393 = CARTESIAN_POINT ( 'NONE',  ( -4.652927254234148400, -26.79905263486177300, 11.49999999999999600 ) ) ;
#2394 = CARTESIAN_POINT ( 'NONE',  ( -4.734394052218600100, 23.01710955659889300, -0.2195008379046049800 ) ) ;
#2395 = CARTESIAN_POINT ( 'NONE',  ( -4.792606570145689000, 23.00598152689344300, -0.1308181706978991400 ) ) ;
#2396 = EDGE_LOOP ( 'NONE', ( #1567, #1564, #1554, #1547 ) ) ;
#2397 = EDGE_CURVE ( 'E597', #2487, #1886, #1321, .T. ) ;
#2398 = CARTESIAN_POINT ( 'NONE',  ( -4.813148328811901200, 23.00205017787566000, -0.01923811727755599100 ) ) ;
#2399 = VERTEX_POINT ( 'NONE', #611 ) ;
#2400 = CARTESIAN_POINT ( 'NONE',  ( -4.990254687761374300, -27.19959450382739900, 11.50000000000000200 ) ) ;
#2401 = EDGE_CURVE ( 'E625', #1344, #2567, #161, .T. ) ;
#2402 = EDGE_CURVE ( 'NONE', #8, #8, #459, .T. ) ;
#2403 = CARTESIAN_POINT ( 'NONE',  ( -4.769178704455851100, 23.01045947128918500, 0.1864637523293696000 ) ) ;
#2404 = EDGE_LOOP ( 'NONE', ( #1701, #1692, #1698, #1677 ) ) ;
#2405 = CARTESIAN_POINT ( 'NONE',  ( -4.704442573984995800, 23.02284050828012200, 0.2796018782644797400 ) ) ;
#2406 = CARTESIAN_POINT ( 'NONE',  ( -5.100000000000001400, -27.57673318222459400, 11.50000000000000200 ) ) ;
#2407 = CARTESIAN_POINT ( 'NONE',  ( 14.46602540378444100, 14.50000000000000000, 1.500000000000000000 ) ) ;
#2408 = EDGE_CURVE ( 'NONE', #7, #7, #446, .T. ) ;
#2409 = ORIENTED_EDGE ( 'NONE', *, *, #2183, .F. ) ;
#2410 = CARTESIAN_POINT ( 'NONE',  ( -4.529291034024421200, 23.05629021810223400, 0.3926147217114127600 ) ) ;
#2411 = EDGE_CURVE ( 'E695', #1173, #1631, #444, .T. ) ;
#2412 = CARTESIAN_POINT ( 'NONE',  ( 6.545755820681431900, 17.00073438104434600, 14.84601063384567400 ) ) ;
#2413 = EDGE_CURVE ( 'NONE', #3, #3, #451, .T. ) ;
#2414 = ORIENTED_EDGE ( 'NONE', *, *, #2238, .F. ) ;
#2415 = CARTESIAN_POINT ( 'NONE',  ( 6.644321630348909700, 16.89482731494747700, 14.92293701894250200 ) ) ;
#2416 = EDGE_CURVE ( 'NONE', #1, #1, #440, .T. ) ;
#2417 = CARTESIAN_POINT ( 'NONE',  ( -4.420157801041258800, 23.07710967618544400, 0.4129348463646556100 ) ) ;
#2418 = VERTEX_POINT ( 'NONE', #2735 ) ;
#2419 = EDGE_CURVE ( 'E744', #2272, #1626, #437, .T. ) ;
#2420 = ADVANCED_FACE ( 'E203', ( #432 ), #426, .T. ) ;
#2421 = CARTESIAN_POINT ( 'NONE',  ( 11.86794919243111900, 13.37500000000000000, -5.551115123125779700E-016 ) ) ;
#2422 = CARTESIAN_POINT ( 'NONE',  ( -4.215597987870840100, 23.11607919528289700, 0.3700235427749671300 ) ) ;
#2423 = EDGE_LOOP ( 'NONE', ( #2284, #2277, #2235, #2233 ) ) ;
#2424 = EDGE_CURVE ( 'E754', #1397, #1428, #427, .T. ) ;
#2425 = EDGE_CURVE ( 'NONE', #121, #121, #435, .T. ) ;
#2426 = CARTESIAN_POINT ( 'NONE',  ( 6.813357405948246500, 16.67601238422190900, 15.09188593320367200 ) ) ;
#2427 = EDGE_LOOP ( 'NONE', ( #2139 ) ) ;
#2428 = CARTESIAN_POINT ( 'NONE',  ( -4.271241971646462700, 23.10548316344015500, -0.3929849464985010200 ) ) ;
#2429 = EDGE_CURVE ( 'NONE', #2719, #2719, #1684, .T. ) ;
#2430 = CARTESIAN_POINT ( 'NONE',  ( 6.883750526127085000, 16.56375142804761700, 15.18328689848824300 ) ) ;
#2431 = EDGE_LOOP ( 'NONE', ( #1748 ) ) ;
#2432 = ADVANCED_FACE ( 'E851', ( #415, #414 ), #412, .F. ) ;
#2433 = EDGE_LOOP ( 'NONE', ( #2586, #2617, #2618, #2620 ) ) ;
#2434 = CARTESIAN_POINT ( 'NONE',  ( -4.380658299517265600, 23.08463948126088300, -0.4127043166268315500 ) ) ;
#2435 = CARTESIAN_POINT ( 'NONE',  ( -4.583146805837198000, 23.04601226078326800, -0.3703460568868198700 ) ) ;
#2436 = EDGE_CURVE ( 'NONE', #2768, #2768, #418, .T. ) ;
#2437 = ORIENTED_EDGE ( 'NONE', *, *, #1863, .F. ) ;
#2438 = CARTESIAN_POINT ( 'NONE',  ( -4.676181534291513000, 23.02823758630434600, -0.3081835051113108700 ) ) ;
#2439 = CARTESIAN_POINT ( 'NONE',  ( -4.734394052218600100, 23.01710955659889300, -0.2195008379046049800 ) ) ;
#2440 = EDGE_CURVE ( 'NONE', #2652, #2652, #419, .T. ) ;
#2441 = EDGE_LOOP ( 'NONE', ( #1971 ) ) ;
#2442 = CARTESIAN_POINT ( 'NONE',  ( 6.996424789650793000, 16.33356060920272400, 15.37988692111128600 ) ) ;
#2443 = ORIENTED_EDGE ( 'NONE', *, *, #2253, .F. ) ;
#2444 = CARTESIAN_POINT ( 'NONE',  ( 7.038532620270758300, 16.21493931364433300, 15.48582503905406000 ) ) ;
#2445 = DIRECTION ( 'NONE',  ( 1.000000000000000000, 0.0000000000000000000, 0.0000000000000000000 ) ) ;
#2446 = CARTESIAN_POINT ( 'NONE',  ( 3.175959395069454700, 18.40448809175364500, 21.85612739791106000 ) ) ;
#2447 = ORIENTED_EDGE ( 'NONE', *, *, #2258, .F. ) ;
#2448 = EDGE_LOOP ( 'NONE', ( #2014, #2008, #2004, #1990, #1988, #1986 ) ) ;
#2449 = ADVANCED_FACE ( 'E1349', ( #410, #423 ), #2315, .T. ) ;
#2450 = CARTESIAN_POINT ( 'NONE',  ( 7.090308541491047800, 15.98214848925232100, 15.70268862284186000 ) ) ;
#2451 = EDGE_LOOP ( 'NONE', ( #1978 ) ) ;
#2452 = CARTESIAN_POINT ( 'NONE',  ( -16.00000000000000000, 45.00000000000000000, 0.0000000000000000000 ) ) ;
#2453 = EDGE_CURVE ( 'NONE', #2553, #2553, #406, .T. ) ;
#2454 = ADVANCED_FACE ( 'E839', ( #408, #395 ), #2232, .F. ) ;
#2455 = CARTESIAN_POINT ( 'NONE',  ( 7.100755039369429900, 15.86676112705118200, 15.81460125843591200 ) ) ;
#2456 = CARTESIAN_POINT ( 'NONE',  ( 7.089902149898515300, 15.63806070629175000, 16.04558470753103800 ) ) ;
#2457 = EDGE_CURVE ( 'NONE', #2545, #2545, #403, .T. ) ;
#2458 = EDGE_LOOP ( 'NONE', ( #1975 ) ) ;
#2459 = CARTESIAN_POINT ( 'NONE',  ( 4.277250831621580900, -19.81170781954442700, 11.89379776155455600 ) ) ;
#2460 = CARTESIAN_POINT ( 'NONE',  ( -5.100000000000000500, 45.00000000000000000, 0.0000000000000000000 ) ) ;
#2461 = EDGE_LOOP ( 'NONE', ( #1930, #1922, #1916, #1906, #1895 ) ) ;
#2462 = EDGE_CURVE ( 'NONE', #2604, #2604, #391, .T. ) ;
#2463 = DIRECTION ( 'NONE',  ( 0.0000000000000000000, -1.000000000000000000, 0.0000000000000000000 ) ) ;
#2464 = CARTESIAN_POINT ( 'NONE',  ( 4.175832761826529600, -19.85188399640253100, 11.86281377929861800 ) ) ;
#2465 = EDGE_LOOP ( 'NONE', ( #1959, #1958, #1949, #1937, #1932 ) ) ;
#2466 = CARTESIAN_POINT ( 'NONE',  ( 7.068474153358636200, 15.52693677365276600, 16.16251206767422100 ) ) ;
#2467 = EDGE_CURVE ( 'NONE', #2689, #2689, #388, .T. ) ;
#2468 = CARTESIAN_POINT ( 'NONE',  ( 4.033939120933232500, -19.95279466025474600, 11.74199934585237400 ) ) ;
#2469 = CARTESIAN_POINT ( 'NONE',  ( 6.995582394253307100, 15.31572295873125400, 16.39409485101359500 ) ) ;
#2470 = CARTESIAN_POINT ( 'NONE',  ( 12.73397459621556000, 14.50000000000000000, 1.500000000000000000 ) ) ;
#2471 = CARTESIAN_POINT ( 'NONE',  ( 3.995245968324262300, -20.01255874648083500, 11.65318277316442600 ) ) ;
#2472 = EDGE_CURVE ( 'NONE', #2647, #2647, #385, .T. ) ;
#2473 = CARTESIAN_POINT ( 'NONE',  ( 6.943489741947322700, 15.21402243010128100, 16.51053740891463000 ) ) ;
#2474 = EDGE_LOOP ( 'NONE', ( #1881, #1875, #1858, #1851 ) ) ;
#2475 = CARTESIAN_POINT ( 'NONE',  ( 6.810223104162364600, 15.02441889168230900, 16.73810240350188000 ) ) ;
#2476 = EDGE_CURVE ( 'E867', #1763, #1103, #393, .T. ) ;
#2477 = CARTESIAN_POINT ( 'NONE',  ( 6.730256454366065500, 14.93772070381796600, 16.84767409180791000 ) ) ;
#2478 = EDGE_CURVE ( 'E874', #2662, #1763, #399, .T. ) ;
#2479 = ORIENTED_EDGE ( 'NONE', *, *, #2217, .T. ) ;
#2480 = CARTESIAN_POINT ( 'NONE',  ( -6.000000000000000000, 0.0000000000000000000, 2.449212707644755000E-016 ) ) ;
#2481 = CARTESIAN_POINT ( 'NONE',  ( 6.544390733774566400, 14.78007138604326100, 17.05861699604437800 ) ) ;
#2482 = EDGE_LOOP ( 'NONE', ( #1840 ) ) ;
#2483 = EDGE_LOOP ( 'NONE', ( #1890 ) ) ;
#2484 = CARTESIAN_POINT ( 'NONE',  ( 4.005741132000540700, -20.11636915067000300, 11.46938955877359400 ) ) ;
#2485 = CARTESIAN_POINT ( 'NONE',  ( 6.437140935774856100, 14.70860820819833000, 17.16088926596162900 ) ) ;
#2486 = CARTESIAN_POINT ( 'NONE',  ( 6.204488574858246800, 14.58734793828025800, 17.34905360242768100 ) ) ;
#2487 = VERTEX_POINT ( 'NONE', #2043 ) ;
#2488 = DIRECTION ( 'NONE',  ( 1.000000000000000000, 0.0000000000000000000, 1.224606353822375800E-016 ) ) ;
#2489 = CARTESIAN_POINT ( 'NONE',  ( 6.078716260062643400, 14.53685508063789000, 17.43574650603053700 ) ) ;
#2490 = EDGE_LOOP ( 'NONE', ( #1750 ) ) ;
#2491 = EDGE_CURVE ( 'E881', #1576, #2662, #449, .T. ) ;
#2492 = EDGE_CURVE ( 'E888', #2399, #1576, #378, .T. ) ;
#2493 = CARTESIAN_POINT ( 'NONE',  ( 3.025743642432793900, 18.50587673385172500, 21.78229242052584200 ) ) ;
#2494 = EDGE_LOOP ( 'NONE', ( #1789, #1787, #1784, #1943, #1779 ) ) ;
#2495 = CARTESIAN_POINT ( 'NONE',  ( 12.73397459621556000, 14.50000000000000000, 1.500000000000000000 ) ) ;
#2496 = EDGE_CURVE ( 'E895', #2094, #2399, #381, .T. ) ;
#2497 = DIRECTION ( 'NONE',  ( 1.224606353822375800E-016, 0.0000000000000000000, -1.000000000000000000 ) ) ;
#2498 = ORIENTED_EDGE ( 'NONE', *, *, #2166, .F. ) ;
#2499 = CARTESIAN_POINT ( 'NONE',  ( 5.808223523558050200, 14.45618706096468600, 17.59430016758715000 ) ) ;
#2500 = CARTESIAN_POINT ( 'NONE',  ( 5.663621607867120200, 14.42640728032112600, 17.66573163067890200 ) ) ;
#2501 = EDGE_LOOP ( 'NONE', ( #1194, #1674, #1672, #1703 ) ) ;
#2502 = CARTESIAN_POINT ( 'NONE',  ( -4.925029986037666100, -27.08399640580170600, 11.50000000000000200 ) ) ;
#2503 = EDGE_CURVE ( 'E902', #1103, #2094, #373, .T. ) ;
#2504 = ADVANCED_FACE ( 'E224', ( #368 ), #2009, .T. ) ;
#2505 = ORIENTED_EDGE ( 'NONE', *, *, #1438, .F. ) ;
#2506 = CARTESIAN_POINT ( 'NONE',  ( 5.367814600709649200, 14.38992209447923500, 17.78742868739598000 ) ) ;
#2507 = EDGE_CURVE ( 'NONE', #2576, #2576, #359, .T. ) ;
#2508 = EDGE_LOOP ( 'NONE', ( #1643 ) ) ;
#2509 = ADVANCED_FACE ( 'E912', ( #362 ), #1985, .T. ) ;
#2510 = CARTESIAN_POINT ( 'NONE',  ( 5.215129910066459700, 14.38270670773154200, 17.83863035009998700 ) ) ;
#2511 = EDGE_LOOP ( 'NONE', ( #1776, #1769, #1768, #1760, #1383 ) ) ;
#2512 = EDGE_CURVE ( 'E918', #2662, #1496, #352, .T. ) ;
#2513 = CARTESIAN_POINT ( 'NONE',  ( 11.14212958575569900, 14.31736865123974100, -2.299501684811781300 ) ) ;
#2514 = CARTESIAN_POINT ( 'NONE',  ( 4.899858320201556000, 14.39110358529625200, 17.92105161608070700 ) ) ;
#2515 = EDGE_LOOP ( 'NONE', ( #1753 ) ) ;
#2516 = EDGE_CURVE ( 'E928', #1763, #2418, #360, .T. ) ;
#2517 = CARTESIAN_POINT ( 'NONE',  ( 4.741614854409437600, 14.40665813234275000, 17.95107766603580400 ) ) ;
#2518 = EDGE_LOOP ( 'NONE', ( #1741 ) ) ;
#2519 = EDGE_LOOP ( 'NONE', ( #2144 ) ) ;
#2520 = CARTESIAN_POINT ( 'NONE',  ( -5.100000000000000500, -27.70830200499484900, 11.50000000000000000 ) ) ;
#2521 = EDGE_CURVE ( 'E934', #2418, #1114, #350, .T. ) ;
#2522 = ADVANCED_FACE ( 'E1355', ( #335, #355, #346, #342 ), #326, .T. ) ;
#2523 = EDGE_LOOP ( 'NONE', ( #1743 ) ) ;
#2524 = CARTESIAN_POINT ( 'NONE',  ( -4.161812596680515100, 26.63472960422920000, -11.50000000000000000 ) ) ;
#2525 = CARTESIAN_POINT ( 'NONE',  ( 10.98450606922200200, 14.34063078029392100, -2.143900426564924600 ) ) ;
#2526 = EDGE_CURVE ( 'E955', #1114, #1578, #333, .T. ) ;
#2527 = ORIENTED_EDGE ( 'NONE', *, *, #2275, .F. ) ;
#2528 = CARTESIAN_POINT ( 'NONE',  ( 4.426386956796368300, 14.45938098580369900, 17.98914393065676300 ) ) ;
#2529 = ORIENTED_EDGE ( 'NONE', *, *, #2352, .F. ) ;
#2530 = CARTESIAN_POINT ( 'NONE',  ( 11.31273522028722300, 14.29419439745960200, -2.437486307826781700 ) ) ;
#2531 = EDGE_LOOP ( 'NONE', ( #1737 ) ) ;
#2532 = CARTESIAN_POINT ( 'NONE',  ( 11.67799005359603400, 14.25048165997230100, -2.681250721585215900 ) ) ;
#2533 = EDGE_CURVE ( 'E970', #2094, #1578, #331, .T. ) ;
#2534 = EDGE_CURVE ( 'E976', #1578, #1414, #328, .T. ) ;
#2535 = CARTESIAN_POINT ( 'NONE',  ( 4.267474659067084500, 14.49706362577558000, 17.99722500003627300 ) ) ;
#2536 = CARTESIAN_POINT ( 'NONE',  ( 3.957735116064870200, 14.59308738866816700, 17.99039840179359800 ) ) ;
#2537 = ORIENTED_EDGE ( 'NONE', *, *, #2283, .F. ) ;
#2538 = EDGE_LOOP ( 'NONE', ( #1740 ) ) ;
#2539 = CARTESIAN_POINT ( 'NONE',  ( 11.87424520847048000, 14.22983452982906100, -2.787416151133446100 ) ) ;
#2540 = CARTESIAN_POINT ( 'NONE',  ( -5.077944800978603000, -27.44714197990170800, 11.50000000000000400 ) ) ;
#2541 = EDGE_CURVE ( 'E997', #1414, #1123, #324, .T. ) ;
#2542 = CARTESIAN_POINT ( 'NONE',  ( 12.27755226612067200, 14.19464098488845800, -2.961426490061773700 ) ) ;
#2543 = CARTESIAN_POINT ( 'NONE',  ( 3.808151554709668000, 14.65078854893059700, 17.97577267013883400 ) ) ;
#2544 = EDGE_LOOP ( 'NONE', ( #1732 ) ) ;
#2545 = VERTEX_POINT ( 'NONE', #379 ) ;
#2546 = CARTESIAN_POINT ( 'NONE',  ( 12.48572690894125400, 14.17991175280716300, -3.030319519845454200 ) ) ;
#2547 = ORIENTED_EDGE ( 'NONE', *, *, #2176, .T. ) ;
#2548 = VERTEX_POINT ( 'NONE', #369 ) ;
#2549 = CARTESIAN_POINT ( 'NONE',  ( 12.91501040566138800, 14.15768951944416400, -3.132500787035144000 ) ) ;
#2550 = ORIENTED_EDGE ( 'NONE', *, *, #2282, .T. ) ;
#2551 = CARTESIAN_POINT ( 'NONE',  ( 3.519430272558492900, 14.78534123396752300, 17.92437785836268200 ) ) ;
#2552 = CARTESIAN_POINT ( 'NONE',  ( -4.094882758158674600, 23.13904305053926400, -0.2791402277907332200 ) ) ;
#2553 = VERTEX_POINT ( 'NONE', #380 ) ;
#2554 = EDGE_LOOP ( 'NONE', ( #1735 ) ) ;
#2555 = CARTESIAN_POINT ( 'NONE',  ( 3.379305747318174900, 14.86304926962343500, 17.88703688126274100 ) ) ;
#2556 = CARTESIAN_POINT ( 'NONE',  ( -4.053937525211347600, 26.62770635380516600, -11.50000000000000000 ) ) ;
#2557 = CARTESIAN_POINT ( 'NONE',  ( 13.13598816363298000, 14.15030784475517900, -3.165278384861749000 ) ) ;
#2558 = EDGE_LOOP ( 'NONE', ( #2537, #2547, #2550, #1276 ) ) ;
#2559 = CARTESIAN_POINT ( 'NONE',  ( 3.121103588757011300, 15.03194141867272600, 17.79256808025767000 ) ) ;
#2560 = EDGE_CURVE ( 'E1012', #1576, #1123, #317, .T. ) ;
#2561 = CLOSED_SHELL ( 'NONE', ( #2823, #274, #2654, #2822, #2628, #2659, #2740, #2672 ) ) ;
#2562 = CARTESIAN_POINT ( 'NONE',  ( 13.57449732837968300, 14.14411666373352500, -3.192829960663184700 ) ) ;
#2563 = CARTESIAN_POINT ( 'NONE',  ( 3.001678361740504700, 15.12356077360792200, 17.73539287295563900 ) ) ;
#2564 = CARTESIAN_POINT ( 'NONE',  ( 13.79408890139560600, 14.14517712747914900, -3.188188013183662000 ) ) ;
#2565 = CARTESIAN_POINT ( 'NONE',  ( 2.782621746333866900, 15.32148405095426800, 17.60072346557444000 ) ) ;
#2566 = DIRECTION ( 'NONE',  ( 0.0000000000000000000, 0.0000000000000000000, -1.000000000000000000 ) ) ;
#2567 = VERTEX_POINT ( 'NONE', #1818 ) ;
#2568 = CARTESIAN_POINT ( 'NONE',  ( 14.23396086362610500, 14.15567861675434400, -3.141232508798284900 ) ) ;
#2569 = PERSON_AND_ORGANIZATION ( #1153, #2785 ) ;
#2570 = CLOSED_SHELL ( 'NONE', ( #2757, #2842, #2779, #289, #2680, #2752, #666, #2420, #2504, #2118, #2140, #282, #6, #2684, #2769, #1654, #2573, #2179, #2793, #112, #2688, #325, #2770, #2721, #1164, #2799, #1897, #1387, #1037, #2776, #1623, #2691, #2454, #474, #142, #2648, #2432, #1702, #270, #2123, #632, #2509, #706, #2704, #2132, #434, #1948, #1342, #2722, #35, #853, #2777, #1849, #1605, #1865, #173, #2703, #2831, #2716, #2152, #2141, #780, #2583, #2816, #1272, #207, #2644, #1230, #460, #2018, #2288, #1928, #2449, #877, #2522, #2634, #2660 ) ) ;
#2571 = CARTESIAN_POINT ( 'NONE',  ( 2.684326379118384700, 15.42693504287824300, 17.52369754209653200 ) ) ;
#2572 = CLOSED_SHELL ( 'NONE', ( #2805, #2715, #2732, #2725, #2698, #2745, #2789, #2645 ) ) ;
#2573 = ADVANCED_FACE ( 'E575', ( #301 ), #1801, .T. ) ;
#2574 = PRODUCT_DEFINITION_SHAPE ( 'NONE', 'NONE',  #776 ) ;
#2575 = EDGE_LOOP ( 'NONE', ( #1832, #1812, #1808, #1802 ) ) ;
#2576 = VERTEX_POINT ( 'NONE', #370 ) ;
#2577 = CARTESIAN_POINT ( 'NONE',  ( 2.431957681986904400, 15.75231237920845700, 17.27147562994092300 ) ) ;
#2578 = CARTESIAN_POINT ( 'NONE',  ( 14.45253303662003600, 14.16515831133900400, -3.098719769695185800 ) ) ;
#2579 = EDGE_LOOP ( 'NONE', ( #1720 ) ) ;
#2580 = CARTESIAN_POINT ( 'NONE',  ( 2.315915776854215100, 15.98831808488275100, 17.06938991696955900 ) ) ;
#2581 = EDGE_LOOP ( 'NONE', ( #1728 ) ) ;
#2582 = CARTESIAN_POINT ( 'NONE',  ( 14.87386345928739900, 14.19090698345300100, -2.978579054411833600 ) ) ;
#2583 = ADVANCED_FACE ( 'E1317', ( #313, #299 ), #296, .F. ) ;
#2584 = CARTESIAN_POINT ( 'NONE',  ( 2.237719627483192300, 16.33721118398806700, 16.74407671088958300 ) ) ;
#2585 = EDGE_CURVE ( 'E1018', #1123, #1496, #300, .T. ) ;
#2586 = ORIENTED_EDGE ( 'NONE', *, *, #2275, .T. ) ;
#2587 = CARTESIAN_POINT ( 'NONE',  ( -4.030628009566918900, 23.15125246754400100, -0.1861466762395475900 ) ) ;
#2588 = CARTESIAN_POINT ( 'NONE',  ( 2.227046177104760300, 16.45499572370737000, 16.62977693512860400 ) ) ;
#2589 = CARTESIAN_POINT ( 'NONE',  ( 2.237770673812014400, 16.68224641988940200, 16.40033952855349100 ) ) ;
#2590 = EDGE_LOOP ( 'NONE', ( #1044 ) ) ;
#2591 = CARTESIAN_POINT ( 'NONE',  ( 15.07859041575179900, 14.20721701798302100, -2.900804394093059900 ) ) ;
#2592 = CARTESIAN_POINT ( 'NONE',  ( 2.258681334871806400, 16.79227265831854900, 16.28478259217115500 ) ) ;
#2593 = CARTESIAN_POINT ( 'NONE',  ( 15.47558152374129200, 14.24527566725565300, -2.707730173549373300 ) ) ;
#2594 = CARTESIAN_POINT ( 'NONE',  ( 15.66506659412636500, 14.26679794266261300, -2.593399115589542200 ) ) ;
#2595 = EDGE_CURVE ( 'NONE', #2548, #2548, #307, .T. ) ;
#2596 = EDGE_LOOP ( 'NONE', ( #1715 ) ) ;
#2597 = CARTESIAN_POINT ( 'NONE',  ( -3.986850124247849800, 23.15957115766114800, 0.01983513442123282000 ) ) ;
#2598 = CARTESIAN_POINT ( 'NONE',  ( 2.331744350658547600, 17.00508981592156500, 16.05198103393172500 ) ) ;
#2599 = EDGE_LOOP ( 'NONE', ( #1724 ) ) ;
#2600 = CARTESIAN_POINT ( 'NONE',  ( 16.01601455366648700, 14.31142544799388400, -2.334597214942161400 ) ) ;
#2601 = CARTESIAN_POINT ( 'NONE',  ( 2.384238198052482300, 17.10748552317182500, 15.93503275324367700 ) ) ;
#2602 = EDGE_LOOP ( 'NONE', ( #1712 ) ) ;
#2603 = CARTESIAN_POINT ( 'NONE',  ( 2.516190385258525900, 17.29593081469035100, 15.70972580142989200 ) ) ;
#2604 = VERTEX_POINT ( 'NONE', #377 ) ;
#2605 = EDGE_LOOP ( 'NONE', ( #1668 ) ) ;
#2606 = CARTESIAN_POINT ( 'NONE',  ( -4.000000000000000000, 26.62419456546835100, -11.50000000000000000 ) ) ;
#2607 = CARTESIAN_POINT ( 'NONE',  ( 16.17910417694774600, 14.33469503041633600, -2.189413184518902900 ) ) ;
#2608 = EDGE_LOOP ( 'NONE', ( #1665 ) ) ;
#2609 = CARTESIAN_POINT ( 'NONE',  ( 16.47808433867479400, 14.38063830323851600, -1.863935003968015100 ) ) ;
#2610 = CARTESIAN_POINT ( 'NONE',  ( 2.595983661585886000, 17.38322577523463900, 15.60003129582376900 ) ) ;
#2611 = DIRECTION ( 'NONE',  ( -0.06162841671621927000, -0.7044160264027584700, 0.7071067811865480200 ) ) ;
#2612 = EDGE_LOOP ( 'NONE', ( #1663 ) ) ;
#2613 = EDGE_LOOP ( 'NONE', ( #1662 ) ) ;
#2614 = CARTESIAN_POINT ( 'NONE',  ( 16.61001085232612000, 14.40269721339317000, -1.687538535171622100 ) ) ;
#2615 = CARTESIAN_POINT ( 'NONE',  ( 7.262379114897437500, 18.54226493421119700, 21.41749540536002200 ) ) ;
#2616 = DIRECTION ( 'NONE',  ( 0.06162841671621927000, 0.7044160264027586900, 0.7071067811865476800 ) ) ;
#2617 = ORIENTED_EDGE ( 'NONE', *, *, #2313, .T. ) ;
#2618 = ORIENTED_EDGE ( 'NONE', *, *, #2164, .T. ) ;
#2619 = CARTESIAN_POINT ( 'NONE',  ( 4.997165613904820200, 19.97019434851820200, 20.04647724663865200 ) ) ;
#2620 = ORIENTED_EDGE ( 'NONE', *, *, #2298, .F. ) ;
#2621 = CARTESIAN_POINT ( 'NONE',  ( 2.690106634585894600, 17.46332954639104800, 15.49340012549539700 ) ) ;
#2622 = CARTESIAN_POINT ( 'NONE',  ( 16.83330750617684800, 14.44167020676625200, -1.312872791771058300 ) ) ;
#2623 = CARTESIAN_POINT ( 'NONE',  ( 6.504866006115342700, 18.09805983629857100, 21.85278951087016400 ) ) ;
#2624 = EDGE_LOOP ( 'NONE', ( #1647 ) ) ;
#2625 = EDGE_CURVE ( 'NONE', #2734, #2734, #294, .T. ) ;
#2626 = ORIENTED_EDGE ( 'NONE', *, *, #2324, .T. ) ;
#2627 = CARTESIAN_POINT ( 'NONE',  ( -5.100000000000000500, 0.0000000000000000000, 0.0000000000000000000 ) ) ;
#2628 = ADVANCED_FACE ( 'E1401', ( #291, #292, #297, #290 ), #283, .F. ) ;
#2629 = DIRECTION ( 'NONE',  ( 0.0000000000000000000, -1.000000000000000000, 0.0000000000000000000 ) ) ;
#2630 = EDGE_LOOP ( 'NONE', ( #1637, #1629, #1625, #2148, #1621, #1618 ) ) ;
#2631 = DIRECTION ( 'NONE',  ( -2.517246393968220700E-017, -0.9115852424874963900, 0.4111111111111110900 ) ) ;
#2632 = EDGE_LOOP ( 'NONE', ( #1645 ) ) ;
#2633 = CARTESIAN_POINT ( 'NONE',  ( 16.92612991380661200, 14.45883919643456700, -1.111989181773614700 ) ) ;
#2634 = ADVANCED_FACE ( 'E1360', ( #287, #281 ), #278, .T. ) ;
#2635 = CARTESIAN_POINT ( 'NONE',  ( -4.008199993760639400, 23.15551682627412700, 0.1321168904222901300 ) ) ;
#2636 = DIRECTION ( 'NONE',  ( 0.0000000000000000000, 1.000000000000000000, 0.0000000000000000000 ) ) ;
#2637 = VERTEX_POINT ( 'NONE', #1678 ) ;
#2638 = CARTESIAN_POINT ( 'NONE',  ( 17.06511472193556900, 14.48507970154213400, -0.6906640925271240200 ) ) ;
#2639 = CARTESIAN_POINT ( 'NONE',  ( -4.000000000000000000, 0.0000000000000000000, -11.50000000000000000 ) ) ;
#2640 = EDGE_LOOP ( 'NONE', ( #1660 ) ) ;
#2641 = CARTESIAN_POINT ( 'NONE',  ( 17.10982515626703900, 14.49384694559850900, -0.4758189398529915100 ) ) ;
#2642 = CARTESIAN_POINT ( 'NONE',  ( -4.123173067708137300, 23.13365938283709900, 0.3071302120956109800 ) ) ;
#2643 = ORIENTED_EDGE ( 'NONE', *, *, #2286, .F. ) ;
#2644 = ADVANCED_FACE ( 'E1329', ( #284, #286 ), #1656, .T. ) ;
#2645 = ADVANCED_FACE ( 'E1387', ( #288 ), #280, .F. ) ;
#2646 = EDGE_LOOP ( 'NONE', ( #1097 ) ) ;
#2647 = VERTEX_POINT ( 'NONE', #372 ) ;
#2648 = ADVANCED_FACE ( 'E848', ( #271, #276 ), #1598, .F. ) ;
#2649 = CARTESIAN_POINT ( 'NONE',  ( -4.000000000000000000, -26.62419456546835100, 11.50000000000000000 ) ) ;
#2650 = EDGE_CURVE ( 'E1094', #1111, #1295, #268, .T. ) ;
#2651 = EDGE_LOOP ( 'NONE', ( #1682, #1685, #143, #125 ) ) ;
#2652 = VERTEX_POINT ( 'NONE', #386 ) ;
#2653 = ORIENTED_EDGE ( 'NONE', *, *, #2359, .F. ) ;
#2654 = ADVANCED_FACE ( 'E1395', ( #269, #267 ), #1586, .T. ) ;
#2655 = ORIENTED_EDGE ( 'NONE', *, *, #2298, .T. ) ;
#2656 = EDGE_CURVE ( 'E1101', #1210, #1111, #264, .T. ) ;
#2657 = EDGE_CURVE ( 'E1108', #1952, #1210, #265, .T. ) ;
#2658 = VERTEX_POINT ( 'NONE', #1466 ) ;
#2659 = ADVANCED_FACE ( 'E1406', ( #258, #259 ), #254, .F. ) ;
#2660 = ADVANCED_FACE ( 'E1363', ( #263 ), #257, .T. ) ;
#2661 = CARTESIAN_POINT ( 'NONE',  ( 17.14947528860480100, 14.50160618504553700, -0.03769615109040700500 ) ) ;
#2662 = VERTEX_POINT ( 'NONE', #1441 ) ;
#2663 = CARTESIAN_POINT ( 'NONE',  ( 17.14353666910799800, 14.50042381654127300, 0.1878458560210902500 ) ) ;
#2664 = EDGE_LOOP ( 'NONE', ( #1505, #1609, #1604, #1591 ) ) ;
#2665 = CARTESIAN_POINT ( 'NONE',  ( 17.08085013509781200, 14.48821257869290900, 0.6239176224041216300 ) ) ;
#2666 = EDGE_LOOP ( 'NONE', ( #1171 ) ) ;
#2667 = DIRECTION ( 'NONE',  ( 1.000000000000000000, 0.0000000000000000000, 0.0000000000000000000 ) ) ;
#2668 = CARTESIAN_POINT ( 'NONE',  ( 17.02441281794109100, 14.47724934919502400, 0.8380691293608066900 ) ) ;
#2669 = CARTESIAN_POINT ( 'NONE',  ( 16.86360612611596800, 14.44731811440883700, 1.252241145079264100 ) ) ;
#2670 = DIRECTION ( 'NONE',  ( 0.0000000000000000000, 0.0000000000000000000, -1.000000000000000000 ) ) ;
#2671 = EDGE_LOOP ( 'NONE', ( #1613 ) ) ;
#2672 = ADVANCED_FACE ( 'E1411', ( #250 ), #256, .F. ) ;
#2673 = EDGE_CURVE ( 'E1115', #1756, #1952, #262, .T. ) ;
#2674 = CARTESIAN_POINT ( 'NONE',  ( 16.76161916663550100, 14.42880933177009900, 1.446891203983991400 ) ) ;
#2675 = ORIENTED_EDGE ( 'NONE', *, *, #2187, .T. ) ;
#2676 = CARTESIAN_POINT ( 'NONE',  ( 16.37547321449918100, 14.36427639135014200, 1.985423868095528300 ) ) ;
#2677 = CARTESIAN_POINT ( 'NONE',  ( -15.00000000000000000, 49.72777777777780300, 10.48323028860620100 ) ) ;
#2678 = EDGE_LOOP ( 'NONE', ( #1616 ) ) ;
#2679 = CARTESIAN_POINT ( 'NONE',  ( 16.06392498937451300, 14.31822730832864500, 2.294059922960674400 ) ) ;
#2680 = ADVANCED_FACE ( 'E118', ( #252 ), #1404, .T. ) ;
#2681 = EDGE_LOOP ( 'NONE', ( #1585, #1584, #1579, #1571 ) ) ;
#2682 = CARTESIAN_POINT ( 'NONE',  ( 15.89294939533023100, 14.29491998293653600, 2.433292156948577500 ) ) ;
#2683 = CARTESIAN_POINT ( 'NONE',  ( -5.100000000000000500, -45.00000000000000000, 0.0000000000000000000 ) ) ;
#2684 = ADVANCED_FACE ( 'E381', ( #246 ), #240, .T. ) ;
#2685 = DIRECTION ( 'NONE',  ( 1.000000000000000000, 0.0000000000000000000, 0.0000000000000000000 ) ) ;
#2686 = CARTESIAN_POINT ( 'NONE',  ( 15.52513287645860600, 14.25081120950501500, 2.679557409474894400 ) ) ;
#2687 = CARTESIAN_POINT ( 'NONE',  ( 10.50000000000000000, -49.72777777777780300, 10.48323028860620100 ) ) ;
#2688 = ADVANCED_FACE ( 'E645', ( #244 ), #1320, .T. ) ;
#2689 = VERTEX_POINT ( 'NONE', #375 ) ;
#2690 = DIRECTION ( 'NONE',  ( 1.000000000000000000, 0.0000000000000000000, 0.0000000000000000000 ) ) ;
#2691 = ADVANCED_FACE ( 'E836', ( #245, #238 ), #234, .F. ) ;
#2692 = CARTESIAN_POINT ( 'NONE',  ( 15.33220317393638700, 14.23047436595294200, 2.784159589953775000 ) ) ;
#2693 = CARTESIAN_POINT ( 'NONE',  ( 10.50000000000000000, 0.0000000000000000000, 1.561373101123529800E-015 ) ) ;
#2694 = CARTESIAN_POINT ( 'NONE',  ( 14.92936308379847300, 14.19516981740864200, 2.958901680912344300 ) ) ;
#2695 = CARTESIAN_POINT ( 'NONE',  ( 14.71735346267579600, 14.18010889657020700, 3.029400273918711100 ) ) ;
#2696 = DIRECTION ( 'NONE',  ( -5.782411586589357400E-017, 0.0000000000000000000, 1.000000000000000000 ) ) ;
#2697 = EDGE_CURVE ( 'E1122', #1308, #1756, #239, .T. ) ;
#2698 = ADVANCED_FACE ( 'E1377', ( #242, #235, #232, #230 ), #219, .F. ) ;
#2699 = DIRECTION ( 'NONE',  ( -1.000000000000000000, 0.0000000000000000000, -6.123031769111888800E-017 ) ) ;
#2700 = CARTESIAN_POINT ( 'NONE',  ( 14.28800064168242800, 14.15780823418038800, 3.131967487440165500 ) ) ;
#2701 = CARTESIAN_POINT ( 'NONE',  ( 5.389457440908535600, 22.07321337335373100, 17.93418055766673900 ) ) ;
#2702 = CARTESIAN_POINT ( 'NONE',  ( 14.07072721580944300, 14.15048156529225700, 3.164503452580451200 ) ) ;
#2703 = ADVANCED_FACE ( 'E1223', ( #225 ), #1244, .T. ) ;
#2704 = ADVANCED_FACE ( 'E954', ( #223 ), #1220, .T. ) ;
#2705 = DIRECTION ( 'NONE',  ( 0.0000000000000000000, 0.0000000000000000000, -1.000000000000000000 ) ) ;
#2706 = CARTESIAN_POINT ( 'NONE',  ( 3.986471996927482700, -11.57403001696887800, -20.06018318356124300 ) ) ;
#2707 = CARTESIAN_POINT ( 'NONE',  ( 4.043189140157872800, -11.39331912837631400, -20.15207135730468100 ) ) ;
#2708 = CARTESIAN_POINT ( 'NONE',  ( 4.113511447033770800, -11.30972884912854900, -20.18490025326094200 ) ) ;
#2709 = DIRECTION ( 'NONE',  ( 1.000000000000000000, 0.0000000000000000000, 0.0000000000000000000 ) ) ;
#2710 = EDGE_CURVE ( 'E1129', #1295, #1308, #217, .T. ) ;
#2711 = EDGE_CURVE ( 'NONE', #2782, #2782, #228, .T. ) ;
#2712 = CARTESIAN_POINT ( 'NONE',  ( 4.295148340214734800, -11.20421900128102500, -20.20589811432952100 ) ) ;
#2713 = DIRECTION ( 'NONE',  ( -1.000000000000000000, 0.0000000000000000000, -6.123031769111888800E-017 ) ) ;
#2714 = DIRECTION ( 'NONE',  ( 0.0000000000000000000, 0.0000000000000000000, 1.000000000000000000 ) ) ;
#2715 = ADVANCED_FACE ( 'E1368', ( #222, #211 ), #214, .T. ) ;
#2716 = ADVANCED_FACE ( 'E1265', ( #208 ), #1196, .T. ) ;
#2717 = CARTESIAN_POINT ( 'NONE',  ( 4.405235928884327000, -11.18195078711650200, -20.19453344721144800 ) ) ;
#2718 = CARTESIAN_POINT ( 'NONE',  ( -4.000000000000000000, -45.00000000000000000, 0.0000000000000000000 ) ) ;
#2719 = VERTEX_POINT ( 'NONE', #390 ) ;
#2720 = DIRECTION ( 'NONE',  ( 0.0000000000000000000, 0.0000000000000000000, -1.000000000000000000 ) ) ;
#2721 = ADVANCED_FACE ( 'E733', ( #212, #120 ), #1118, .T. ) ;
#2722 = ADVANCED_FACE ( 'E1081', ( #206 ), #1048, .T. ) ;
#2723 = CARTESIAN_POINT ( 'NONE',  ( 2.746701601481059000, 21.53935698754596100, 18.81344206366609800 ) ) ;
#2724 = DIRECTION ( 'NONE',  ( 1.000000000000000000, 0.0000000000000000000, 0.0000000000000000000 ) ) ;
#2725 = ADVANCED_FACE ( 'E1374', ( #215, #202 ), #200, .F. ) ;
#2726 = CARTESIAN_POINT ( 'NONE',  ( 4.800000000000000700, -17.45634784044069900, 10.07842712474620100 ) ) ;
#2727 = EDGE_CURVE ( 'E1140', #1976, #1106, #203, .T. ) ;
#2728 = COORDINATED_UNIVERSAL_TIME_OFFSET ( 3, 0, .BEHIND. ) ;
#2729 = CARTESIAN_POINT ( 'NONE',  ( -4.000000000000000000, 45.00000000000000000, 0.0000000000000000000 ) ) ;
#2730 = CARTESIAN_POINT ( 'NONE',  ( 4.606916199580604500, -11.21074854769906400, -20.13347332865034600 ) ) ;
#2731 = APPROVAL_PERSON_ORGANIZATION ( #2832, #748, #323 ) ;
#2732 = ADVANCED_FACE ( 'E1371', ( #198, #209 ), #999, .T. ) ;
#2733 = CARTESIAN_POINT ( 'NONE',  ( 4.608700029973254800, -17.63216245815243600, 9.767858906915622100 ) ) ;
#2734 = VERTEX_POINT ( 'NONE', #367 ) ;
#2735 = CARTESIAN_POINT ( 'NONE',  ( 15.33205080756890100, -6.687500000000000000, -11.58308977561686100 ) ) ;
#2736 = CARTESIAN_POINT ( 'NONE',  ( 4.800000000000005200, -17.50920112361128700, 9.986882552947930600 ) ) ;
#2737 = CARTESIAN_POINT ( 'NONE',  ( -4.000000000000000000, 0.0000000000000000000, 11.50000000000000000 ) ) ;
#2738 = EDGE_CURVE ( 'E1145', #1210, #1976, #195, .T. ) ;
#2739 = DIRECTION ( 'NONE',  ( 0.0000000000000000000, -1.000000000000000000, 0.0000000000000000000 ) ) ;
#2740 = ADVANCED_FACE ( 'E1409', ( #193 ), #197, .F. ) ;
#2741 = EDGE_CURVE ( 'E1155', #1111, #1106, #191, .T. ) ;
#2742 = LOCAL_TIME ( 9, 13, 31.00000000000000000, #2772 ) ;
#2743 = DIRECTION ( 'NONE',  ( 0.0000000000000000000, 1.000000000000000000, 0.0000000000000000000 ) ) ;
#2744 = CALENDAR_DATE ( 2019, 8, 3 ) ;
#2745 = ADVANCED_FACE ( 'E1382', ( #186, #194 ), #180, .F. ) ;
#2746 = CARTESIAN_POINT ( 'NONE',  ( 4.695364621535132300, -11.26166974958946700, -20.08455697843082200 ) ) ;
#2747 = DATE_AND_TIME ( #2833, #2837 ) ;
#2748 = DIRECTION ( 'NONE',  ( 6.424901762877063500E-017, 0.0000000000000000000, -1.000000000000000000 ) ) ;
#2749 = APPROVAL_PERSON_ORGANIZATION ( #2764, #470, #293 ) ;
#2750 = EDGE_LOOP ( 'NONE', ( #2193, #2192, #2188, #2175, #2172, #2168, #2158, #2155 ) ) ;
#2751 = DIRECTION ( 'NONE',  ( 1.000000000000000000, 0.0000000000000000000, 6.123031769111888800E-017 ) ) ;
#2752 = ADVANCED_FACE ( 'E139', ( #199 ), #183, .F. ) ;
#2753 = CARTESIAN_POINT ( 'NONE',  ( 10.50000000000000000, 0.0000000000000000000, 0.0000000000000000000 ) ) ;
#2754 = LOCAL_TIME ( 9, 13, 31.00000000000000000, #2794 ) ;
#2755 = EDGE_CURVE ( 'E1161', #1106, #1454, #178, .T. ) ;
#2756 = PERSON_AND_ORGANIZATION ( #1153, #2785 ) ;
#2757 = ADVANCED_FACE ( 'E0', ( #172, #188 ), #174, .F. ) ;
#2758 = PERSON_AND_ORGANIZATION ( #1153, #2785 ) ;
#2759 = EDGE_CURVE ( 'E1176', #1295, #1454, #167, .T. ) ;
#2760 = CARTESIAN_POINT ( 'NONE',  ( 4.505099651909914900, -17.65296213693083900, 9.729938388238476700 ) ) ;
#2761 = B_SPLINE_CURVE_WITH_KNOTS ( 'NONE', 3,
 ( #1490, #688, #826, #840 ),
 .UNSPECIFIED., .F., .F.,
 ( 4, 4 ),
 ( 0.05495675382597337000, 0.05511890896803807400 ),
 .UNSPECIFIED. ) ;
#2762 = CARTESIAN_POINT ( 'NONE',  ( 4.799321434576804700, -11.40936795412505600, -19.97633400183356800 ) ) ;
#2763 = DIRECTION ( 'NONE',  ( 0.0000000000000000000, 0.0000000000000000000, 1.000000000000000000 ) ) ;
#2764 = PERSON_AND_ORGANIZATION ( #1153, #2785 ) ;
#2765 = DIRECTION ( 'NONE',  ( -1.000000000000000000, 0.0000000000000000000, 0.0000000000000000000 ) ) ;
#2766 = CARTESIAN_POINT ( 'NONE',  ( 5.963541102294403400, 21.96383526269122700, 18.01402480171827500 ) ) ;
#2767 = CARTESIAN_POINT ( 'NONE',  ( 10.50000000000000000, 0.0000000000000000000, 0.0000000000000000000 ) ) ;
#2768 = VERTEX_POINT ( 'NONE', #389 ) ;
#2769 = ADVANCED_FACE ( 'E454', ( #164, #182, #170, #165 ), #883, .F. ) ;
#2770 = ADVANCED_FACE ( 'E707', ( #163, #155 ), #864, .T. ) ;
#2771 = EDGE_CURVE ( 'E1182', #1454, #1119, #154, .T. ) ;
#2772 = COORDINATED_UNIVERSAL_TIME_OFFSET ( 3, 0, .BEHIND. ) ;
#2773 = CARTESIAN_POINT ( 'NONE',  ( -4.000000000000000000, 0.0000000000000000000, -11.50000000000000000 ) ) ;
#2774 = CARTESIAN_POINT ( 'NONE',  ( -5.100000000000000500, 27.70830200499484900, -11.50000000000000000 ) ) ;
#2775 = CARTESIAN_POINT ( 'NONE',  ( 4.813569852656351100, -11.50625460096838600, -19.91724771703679100 ) ) ;
#2776 = ADVANCED_FACE ( 'E830', ( #149, #157 ), #145, .F. ) ;
#2777 = ADVANCED_FACE ( 'E1136', ( #162, #144 ), #137, .T. ) ;
#2778 = COORDINATED_UNIVERSAL_TIME_OFFSET ( 3, 0, .BEHIND. ) ;
#2779 = ADVANCED_FACE ( 'E6', ( #146, #148, #140 ), #129, .T. ) ;
#2780 = CARTESIAN_POINT ( 'NONE',  ( -5.100000000000000500, 49.72777777777780300, 10.48323028860620100 ) ) ;
#2781 = CARTESIAN_POINT ( 'NONE',  ( 5.194729505114475300, 22.09375189025902500, 17.92731190737859800 ) ) ;
#2782 = VERTEX_POINT ( 'NONE', #364 ) ;
#2783 = CARTESIAN_POINT ( 'NONE',  ( 4.757018687591504100, -11.68725431330956100, -19.82523558781704100 ) ) ;
#2784 = CARTESIAN_POINT ( 'NONE',  ( 2.623484602750701700, 21.44480973350541900, 18.93247493220305300 ) ) ;
#2785 = ORGANIZATION ( 'UNSPECIFIED', 'UNSPECIFIED', '' ) ;
#2786 = CARTESIAN_POINT ( 'NONE',  ( -5.100000000000007600, 27.44622973164153700, -11.50000000000000200 ) ) ;
#2787 = CARTESIAN_POINT ( 'NONE',  ( -5.010221668474582800, 27.18558212621187000, -11.50000000000000400 ) ) ;
#2788 = CARTESIAN_POINT ( 'NONE',  ( 4.756533558403324600, -17.56015886976873100, 9.896718700891387500 ) ) ;
#2789 = ADVANCED_FACE ( 'E1385', ( #138 ), #133, .F. ) ;
#2790 = DIRECTION ( 'NONE',  ( -1.000000000000000000, 0.0000000000000000000, 0.0000000000000000000 ) ) ;
#2791 = CARTESIAN_POINT ( 'NONE',  ( 4.687200340675843800, -11.77071301246529700, -19.79246737659519400 ) ) ;
#2792 = CARTESIAN_POINT ( 'NONE',  ( -4.756766747099882200, 26.88369381004801900, -11.50000000000000200 ) ) ;
#2793 = ADVANCED_FACE ( 'E639', ( #141, #151 ), #135, .T. ) ;
#2794 = COORDINATED_UNIVERSAL_TIME_OFFSET ( 3, 0, .BEHIND. ) ;
#2795 = CARTESIAN_POINT ( 'NONE',  ( -4.654865043521028600, 26.80020370274549200, -11.49999999999999800 ) ) ;
#2796 = EDGE_CURVE ( 'E1197', #1308, #1119, #124, .T. ) ;
#2797 = CARTESIAN_POINT ( 'NONE',  ( 4.504346484899804700, -11.87704778046265200, -19.77139083306012400 ) ) ;
#2798 = CARTESIAN_POINT ( 'NONE',  ( -4.421262515699830000, 26.67826318702997000, -11.50000000000000200 ) ) ;
#2799 = ADVANCED_FACE ( 'E790', ( #118 ), #734, .T. ) ;
#2800 = CALENDAR_DATE ( 2019, 8, 3 ) ;
#2801 = CARTESIAN_POINT ( 'NONE',  ( -4.293666432959938100, 26.64225636781267400, -11.50000000000000000 ) ) ;
#2802 = DATE_AND_TIME ( #2800, #2754 ) ;
#2803 = CARTESIAN_POINT ( 'NONE',  ( 4.393994418898285100, -11.89882886624543800, -19.78311799890730400 ) ) ;
#2804 = CARTESIAN_POINT ( 'NONE',  ( 4.194373962180291600, -11.87041737161069200, -19.84342439170573900 ) ) ;
#2805 = ADVANCED_FACE ( 'E1365', ( #128, #114 ), #109, .T. ) ;
#2806 = CARTESIAN_POINT ( 'NONE',  ( -5.100000000000000500, -45.00000000000000000, 11.50000000000000000 ) ) ;
#2807 = DATE_AND_TIME ( #2813, #2809 ) ;
#2808 = CARTESIAN_POINT ( 'NONE',  ( 4.105222625972339200, -11.82010758002048200, -19.89204820644400600 ) ) ;
#2809 = LOCAL_TIME ( 9, 13, 31.00000000000000000, #2778 ) ;
#2810 = LOCAL_TIME ( 9, 13, 31.00000000000000000, #2728 ) ;
#2811 = DATE_AND_TIME ( #2744, #2810 ) ;
#2812 = DIRECTION ( 'NONE',  ( -1.000000000000000000, 0.0000000000000000000, -6.123031769111888800E-017 ) ) ;
#2813 = CALENDAR_DATE ( 2019, 8, 3 ) ;
#2814 = EDGE_CURVE ( 'E1203', #1119, #1848, #116, .T. ) ;
#2815 = DIRECTION ( 'NONE',  ( 0.0000000000000000000, -0.9115852424874963900, 0.4111111111111110900 ) ) ;
#2816 = ADVANCED_FACE ( 'E1320', ( #106, #131 ), #629, .T. ) ;
#2817 = APPROVAL_DATE_TIME ( #2811, #634 ) ;
#2818 = DATE_AND_TIME ( #2835, #2742 ) ;
#2819 = CARTESIAN_POINT ( 'NONE',  ( 4.052587739197059100, -11.74523224478748100, -19.94683062871735400 ) ) ;
#2820 = COORDINATED_UNIVERSAL_TIME_OFFSET ( 3, 0, .BEHIND. ) ;
#2821 = PERSON_AND_ORGANIZATION ( #1153, #2785 ) ;
#2822 = ADVANCED_FACE ( 'E1398', ( #108, #103 ), #100, .F. ) ;
#2823 = ADVANCED_FACE ( 'E1389', ( #105, #97 ), #96, .T. ) ;
#2824 = PERSON_AND_ORGANIZATION ( #1153, #2785 ) ;
#2825 = CARTESIAN_POINT ( 'NONE',  ( -4.161812596680515100, 26.63472960422920000, -11.50000000000000000 ) ) ;
#2826 = DIRECTION ( 'NONE',  ( 1.000000000000000000, 0.0000000000000000000, 6.123031769111888800E-017 ) ) ;
#2827 = CARTESIAN_POINT ( 'NONE',  ( 15.33205080756890100, -6.687500000000000000, -11.58308977561686100 ) ) ;
#2828 = APPROVAL_PERSON_ORGANIZATION ( #2074, #634, #315 ) ;
#2829 = DIRECTION ( 'NONE',  ( 0.0000000000000000000, -0.4999999999999998900, -0.8660254037844387100 ) ) ;
#2830 = APPROVAL_DATE_TIME ( #2818, #470 ) ;
#2831 = ADVANCED_FACE ( 'E1244', ( #102 ), #581, .T. ) ;
#2832 = PERSON_AND_ORGANIZATION ( #1153, #2785 ) ;
#2833 = CALENDAR_DATE ( 2019, 8, 3 ) ;
#2834 = DIRECTION ( 'NONE',  ( 0.0000000000000000000, 0.8660254037844387100, -0.4999999999999998900 ) ) ;
#2835 = CALENDAR_DATE ( 2019, 8, 3 ) ;
#2836 = CARTESIAN_POINT ( 'NONE',  ( 6.000000000000000000, 0.0000000000000000000, 4.898425415289510000E-016 ) ) ;
#2837 = LOCAL_TIME ( 9, 13, 31.00000000000000000, #2820 ) ;
#2838 = B_SPLINE_CURVE_WITH_KNOTS ( 'NONE', 3,
 ( #1517, #681, #1521, #1524, #1530, #1535, #1537, #1541, #1542, #1545, #1553, #1558, #1560, #1569, #1572, #1573, #1577, #1582, #1588, #1592, #1597, #1600, #1601, #1606, #1611, #1612, #1615, #1619, #1622, #1627, #1630, #1634, #1596, #1636, #1639, #1642, #1644, #1648, #1649, #1653, #1658, #1659, #1667, #1671, #1673, #1675, #1676, #1680, #1681, #1686, #1687, #1689, #1693, #1694, #1700, #1706, #1707, #1713, #1716, #1718, #1721, #1725 ),
 .UNSPECIFIED., .T., .F.,
 ( 4, 2, 2, 2, 2, 2, 2, 2, 2, 2, 2, 2, 2, 2, 2, 2, 2, 2, 2, 2, 2, 2, 2, 2, 2, 2, 2, 2, 2, 2, 4 ),
 ( 0.0000000000000000000, 0.0005895346012217000900, 0.001179069202443400200, 0.001768603803665100300, 0.002358138404886800400, 0.003537207607330200100, 0.004126742208551901500, 0.004716276809773604200, 0.005305811410995306100, 0.005895346012217008700, 0.006484880613438710600, 0.007074415214660413300, 0.007663949815882117700, 0.008253484417103823900, 0.008843019018325529200, 0.009432553619547236200, 0.01002208822076894100, 0.01061162282199064700, 0.01120115742321235600, 0.01179069202443406100, 0.01238022662565576600, 0.01296976122687747300, 0.01355929582809918000, 0.01414883042932088700, 0.01473836503054259300, 0.01532789963176429800, 0.01650696883420771000, 0.01709650343542941000, 0.01768603803665111400, 0.01827557263787281700, 0.01886510723909452100 ),
 .UNSPECIFIED. ) ;
#2839 = CARTESIAN_POINT ( 'NONE',  ( -9.500000000000000000, 45.00000000000000000, 11.50000000000000000 ) ) ;
#2840 = CARTESIAN_POINT ( 'NONE',  ( 4.799999999999995400, -17.40349455727011100, 10.16997169654446900 ) ) ;
#2841 = APPROVAL_DATE_TIME ( #2747, #748 ) ;
#2842 = ADVANCED_FACE ( 'E3', ( #110, #94 ), #95, .F. ) ;
#2843 = EDGE_CURVE ( 'E1218', #1756, #1848, #93, .T. ) ;
#2844 = CARTESIAN_POINT ( 'NONE',  ( -4.161812596680515100, -26.63472960422920000, -11.50000000000000000 ) ) ;
#2845 = CARTESIAN_POINT ( 'NONE',  ( 4.800000000000000700, -10.07842712474620100, -17.45634784044069900 ) ) ;
ENDSEC;
END-ISO-10303-21;
