ISO-10303-21;
HEADER;
FILE_DESCRIPTION (( 'STEP AP203' ),
    '1' );
FILE_NAME ('UCFL-207.STEP',
    '2019-03-08T12:13:00',
    ( '' ),
    ( '' ),
    'SwSTEP 2.0',
    'SolidWorks 2017',
    '' );
FILE_SCHEMA (( 'CONFIG_CONTROL_DESIGN' ));
ENDSEC;

DATA;
#1 = FACE_OUTER_BOUND ( 'NONE', #2701, .T. ) ;
#2 = FACE_OUTER_BOUND ( 'NONE', #1957, .T. ) ;
#3 = APPROVAL ( #108, 'UNSPECIFIED' ) ;
#4 = VERTEX_POINT ( 'NONE', #230 ) ;
#5 = CARTESIAN_POINT ( 'NONE',  ( 10.62924757532550800, 30.48739174868252300, 30.04663654258384000 ) ) ;
#6 = DIRECTION ( 'NONE',  ( -1.000000000000000000, 0.0000000000000000000, 0.0000000000000000000 ) ) ;
#7 = TOROIDAL_SURFACE ( 'NONE', #1868, 27.53553390593274800, 5.000000000000000000 ) ;
#8 = FACE_OUTER_BOUND ( 'NONE', #2974, .T. ) ;
#9 = CARTESIAN_POINT ( 'NONE',  ( 10.64846705036741300, 30.34966764200521500, 30.18414614048584700 ) ) ;
#10 = FACE_OUTER_BOUND ( 'NONE', #1734, .T. ) ;
#11 = FACE_OUTER_BOUND ( 'NONE', #2668, .T. ) ;
#12 = CC_DESIGN_DATE_AND_TIME_ASSIGNMENT ( #2364, #112, ( #33 ) ) ;
#13 = CARTESIAN_POINT ( 'NONE',  ( 10.34562123051438800, 29.26716361085506400, 31.25935451837574800 ) ) ;
#14 = DIRECTION ( 'NONE',  ( 1.000000000000000000, 0.0000000000000000000, 0.0000000000000000000 ) ) ;
#15 = FACE_OUTER_BOUND ( 'NONE', #1934, .T. ) ;
#16 = SPHERICAL_SURFACE ( 'NONE', #1881, 36.00000000000000000 ) ;
#17 = CC_DESIGN_PERSON_AND_ORGANIZATION_ASSIGNMENT ( #1248, #179, ( #33 ) ) ;
#18 = CARTESIAN_POINT ( 'NONE',  ( 5.394337895750871900, 31.80038803366865700, 29.11379778562979200 ) ) ;
#19 = CARTESIAN_POINT ( 'NONE',  ( 10.64883728174018900, 30.07222849362950300, 30.46053515942938400 ) ) ;
#20 = LINE ( 'NONE', #186, #22 ) ;
#21 = CYLINDRICAL_SURFACE ( 'NONE', #1894, 24.00000000000000000 ) ;
#22 = VECTOR ( 'NONE', #1974, 1000.000000000000000 ) ;
#23 = CARTESIAN_POINT ( 'NONE',  ( 5.823361537981933000, 32.05395106784725100, 28.79629144951304900 ) ) ;
#24 = DIRECTION ( 'NONE',  ( 0.0000000000000000000, 0.0000000000000000000, -1.000000000000000000 ) ) ;
#25 = FACE_OUTER_BOUND ( 'NONE', #2613, .T. ) ;
#26 = CARTESIAN_POINT ( 'NONE',  ( 5.053088913809018500, 31.48924605374955000, 29.47973036622246200 ) ) ;
#27 = CARTESIAN_POINT ( 'NONE',  ( 10.25169387021192200, 29.14265734882855700, 31.38294122851136000 ) ) ;
#28 = FACE_OUTER_BOUND ( 'NONE', #1979, .T. ) ;
#29 = PLANE ( 'NONE',  #1966 ) ;
#30 = FACE_OUTER_BOUND ( 'NONE', #2796, .T. ) ;
#31 = VERTEX_POINT ( 'NONE', #233 ) ;
#32 = FACE_OUTER_BOUND ( 'NONE', #2778, .T. ) ;
#33 = SECURITY_CLASSIFICATION ( '', '', #60 ) ;
#34 = FACE_OUTER_BOUND ( 'NONE', #2758, .T. ) ;
#35 = FACE_BOUND ( 'NONE', #460, .T. ) ;
#36 = VERTEX_POINT ( 'NONE', #213 ) ;
#37 = CARTESIAN_POINT ( 'NONE',  ( 10.25062141636037600, 31.27310356353560300, 29.26059479560178300 ) ) ;
#38 = VERTEX_POINT ( 'NONE', #238 ) ;
#39 = FACE_OUTER_BOUND ( 'NONE', #1171, .T. ) ;
#40 = FACE_OUTER_BOUND ( 'NONE', #669, .T. ) ;
#41 = CARTESIAN_POINT ( 'NONE',  ( 22.74212401791280100, 23.97181739282997600, -1.183929179973547200 ) ) ;
#42 = TOROIDAL_SURFACE ( 'NONE', #1914, 45.00000000000000000, 1.260000000000000000 ) ;
#43 = CIRCLE ( 'NONE', #1942, 24.00000000000000000 ) ;
#44 = CARTESIAN_POINT ( 'NONE',  ( 17.74529946162074600, -10.26794919243112000, -21.78460969082655300 ) ) ;
#45 = VERTEX_POINT ( 'NONE', #241 ) ;
#46 = FACE_OUTER_BOUND ( 'NONE', #2772, .T. ) ;
#47 = CARTESIAN_POINT ( 'NONE',  ( 9.910156143830327800, 28.80536101216610900, 31.72001414058821200 ) ) ;
#48 = CIRCLE ( 'NONE', #1977, 43.72954061479075000 ) ;
#49 = FACE_OUTER_BOUND ( 'NONE', #2743, .T. ) ;
#50 = B_SPLINE_CURVE_WITH_KNOTS ( 'NONE', 3,
 ( #1040, #963, #1264, #1218 ),
 .UNSPECIFIED., .F., .F.,
 ( 4, 4 ),
 ( 0.08190287814821209400, 0.08210923335306209700 ),
 .UNSPECIFIED. ) ;
#51 = FACE_OUTER_BOUND ( 'NONE', #2763, .T. ) ;
#52 = CARTESIAN_POINT ( 'NONE',  ( 10.55282352387516900, 29.65822357733331000, 30.87163624330912600 ) ) ;
#53 = FACE_OUTER_BOUND ( 'NONE', #1792, .T. ) ;
#54 = CARTESIAN_POINT ( 'NONE',  ( -5.139999999999999700, 0.0000000000000000000, 0.0000000000000000000 ) ) ;
#55 = VERTEX_POINT ( 'NONE', #244 ) ;
#56 = VERTEX_POINT ( 'NONE', #246 ) ;
#57 = CARTESIAN_POINT ( 'NONE',  ( 10.62935178248066100, 29.93116508409779900, 30.60074861113930200 ) ) ;
#58 = DIRECTION ( 'NONE',  ( 1.000000000000000000, 0.0000000000000000000, 0.0000000000000000000 ) ) ;
#59 = VERTEX_POINT ( 'NONE', #250 ) ;
#60 = SECURITY_CLASSIFICATION_LEVEL ( 'unclassified' ) ;
#61 = FACE_OUTER_BOUND ( 'NONE', #1831, .T. ) ;
#62 = CARTESIAN_POINT ( 'NONE',  ( 10.00000000000000000, 0.0000000000000000000, 0.0000000000000000000 ) ) ;
#63 = CARTESIAN_POINT ( 'NONE',  ( 10.55192421645989100, 30.76091708465025200, 29.77312752734966500 ) ) ;
#64 = CYLINDRICAL_SURFACE ( 'NONE', #1989, 24.00000000000000000 ) ;
#65 = PERSON_AND_ORGANIZATION_ROLE ( 'design_supplier' ) ;
#66 = PERSON_AND_ORGANIZATION_ROLE ( 'creator' ) ;
#67 = TOROIDAL_SURFACE ( 'NONE', #1982, 27.53553390593274800, 5.000000000000000000 ) ;
#68 = CONICAL_SURFACE ( 'NONE', #2024, 2.458750000000000700, 0.7853981633974518300 ) ;
#69 = CARTESIAN_POINT ( 'NONE',  ( 5.669700992773991600, 31.97545815117408500, 28.89711464888771900 ) ) ;
#70 = FACE_OUTER_BOUND ( 'NONE', #1940, .T. ) ;
#71 = CARTESIAN_POINT ( 'NONE',  ( 10.49614952177891100, 29.52534734148165500, 31.00330984181791300 ) ) ;
#72 = VERTEX_POINT ( 'NONE', #251 ) ;
#73 = FACE_BOUND ( 'NONE', #2586, .T. ) ;
#74 = CARTESIAN_POINT ( 'NONE',  ( 5.270912720130774600, 31.70333378633240800, 29.23036045216025200 ) ) ;
#75 = FACE_OUTER_BOUND ( 'NONE', #2425, .T. ) ;
#76 = EDGE_CURVE ( 'NONE', #262, #262, #391, .T. ) ;
#77 = ADVANCED_FACE ( 'E1422', ( #2976, #2963 ), #376, .T. ) ;
#78 = VERTEX_POINT ( 'NONE', #256 ) ;
#79 = DIRECTION ( 'NONE',  ( -1.000000000000000000, 0.0000000000000000000, 0.0000000000000000000 ) ) ;
#80 = VERTEX_POINT ( 'NONE', #257 ) ;
#81 = DIRECTION ( 'NONE',  ( 0.0000000000000000000, 0.0000000000000000000, -1.000000000000000000 ) ) ;
#82 = FACE_BOUND ( 'NONE', #2841, .T. ) ;
#83 = CC_DESIGN_PERSON_AND_ORGANIZATION_ASSIGNMENT ( #1879, #65, ( #161 ) ) ;
#84 = DIRECTION ( 'NONE',  ( 0.4999999999999998900, 0.0000000000000000000, 0.8660254037844387100 ) ) ;
#85 = VERTEX_POINT ( 'NONE', #259 ) ;
#86 = PLANE ( 'NONE',  #1922 ) ;
#87 = FACE_OUTER_BOUND ( 'NONE', #731, .T. ) ;
#88 = DIRECTION ( 'NONE',  ( -1.000000000000000000, -0.0000000000000000000, -1.224606353822375800E-016 ) ) ;
#89 = VERTEX_POINT ( 'NONE', #263 ) ;
#90 = VERTEX_POINT ( 'NONE', #264 ) ;
#91 = VERTEX_POINT ( 'NONE', #267 ) ;
#92 = DIRECTION ( 'NONE',  ( -0.8660254037844387100, 0.0000000000000000000, 0.4999999999999998900 ) ) ;
#93 = FACE_OUTER_BOUND ( 'NONE', #1841, .T. ) ;
#94 = CARTESIAN_POINT ( 'NONE',  ( -9.750000000000000000, 0.0000000000000000000, 0.0000000000000000000 ) ) ;
#95 = CYLINDRICAL_SURFACE ( 'NONE', #2015, 15.50000000000000000 ) ;
#96 = VERTEX_POINT ( 'NONE', #271 ) ;
#97 = DIRECTION ( 'NONE',  ( -1.000000000000000000, 0.0000000000000000000, 0.0000000000000000000 ) ) ;
#98 = FACE_OUTER_BOUND ( 'NONE', #2851, .T. ) ;
#99 = CYLINDRICAL_SURFACE ( 'NONE', #2018, 39.60000000000000100 ) ;
#100 = VERTEX_POINT ( 'NONE', #204 ) ;
#101 = CARTESIAN_POINT ( 'NONE',  ( -19.00000000000000000, 0.0000000000000000000, 0.0000000000000000000 ) ) ;
#102 = FACE_OUTER_BOUND ( 'NONE', #2714, .T. ) ;
#103 = FACE_BOUND ( 'NONE', #2853, .T. ) ;
#104 = CC_DESIGN_PERSON_AND_ORGANIZATION_ASSIGNMENT ( #2800, #66, ( #161 ) ) ;
#105 = DIRECTION ( 'NONE',  ( 0.0000000000000000000, 0.0000000000000000000, 1.000000000000000000 ) ) ;
#106 = EDGE_LOOP ( 'NONE', ( #2283, #2460, #2511, #2473, #2469, #2243 ) ) ;
#107 = APPROVAL_ROLE ( '' ) ;
#108 = APPROVAL_STATUS ( 'not_yet_approved' ) ;
#109 = DIRECTION ( 'NONE',  ( 1.000000000000000000, 0.0000000000000000000, 6.123031769111888800E-017 ) ) ;
#110 = CARTESIAN_POINT ( 'NONE',  ( -12.00000000000000000, 0.0000000000000000000, 15.50000000000000000 ) ) ;
#111 = FACE_OUTER_BOUND ( 'NONE', #2856, .T. ) ;
#112 = DATE_TIME_ROLE ( 'classification_date' ) ;
#113 = FACE_OUTER_BOUND ( 'NONE', #2299, .T. ) ;
#114 = DIRECTION ( 'NONE',  ( 1.445602896647339200E-016, 0.0000000000000000000, -1.000000000000000000 ) ) ;
#115 = APPROVAL_ROLE ( '' ) ;
#116 = CONICAL_SURFACE ( 'NONE', #2059, 22.89999999999999900, 0.7853981633974497200 ) ;
#117 = APPROVAL_STATUS ( 'not_yet_approved' ) ;
#118 = FACE_BOUND ( 'NONE', #2761, .T. ) ;
#119 = DIRECTION ( 'NONE',  ( 0.0000000000000000000, 0.0000000000000000000, -1.000000000000000000 ) ) ;
#120 = DATE_TIME_ROLE ( 'creation_date' ) ;
#121 = FACE_BOUND ( 'NONE', #2857, .T. ) ;
#122 = PERSON_AND_ORGANIZATION_ROLE ( 'creator' ) ;
#123 = CARTESIAN_POINT ( 'NONE',  ( -12.00000000000000000, 0.0000000000000000000, -15.50000000000000000 ) ) ;
#124 = DIRECTION ( 'NONE',  ( 1.000000000000000000, 0.0000000000000000000, 0.0000000000000000000 ) ) ;
#125 = APPROVAL_ROLE ( '' ) ;
#126 = CONICAL_SURFACE ( 'NONE', #2051, 4.000000000000000000, 0.7853981633974547200 ) ;
#127 = APPROVAL_PERSON_ORGANIZATION ( #2419, #154, #115 ) ;
#128 = CARTESIAN_POINT ( 'NONE',  ( -5.000000000000000000, 0.0000000000000000000, 0.0000000000000000000 ) ) ;
#129 = FACE_BOUND ( 'NONE', #2241, .T. ) ;
#130 = APPROVAL_STATUS ( 'not_yet_approved' ) ;
#131 = DIRECTION ( 'NONE',  ( 0.0000000000000000000, 0.0000000000000000000, 1.000000000000000000 ) ) ;
#132 = FACE_OUTER_BOUND ( 'NONE', #2238, .T. ) ;
#133 = APPLICATION_PROTOCOL_DEFINITION ( 'international standard', 'config_control_design', 1994, #134 ) ;
#134 = APPLICATION_CONTEXT ( 'configuration controlled 3d designs of mechanical parts and assemblies' ) ;
#135 = FACE_OUTER_BOUND ( 'NONE', #2860, .T. ) ;
#136 = VERTEX_POINT ( 'NONE', #273 ) ;
#137 = CARTESIAN_POINT ( 'NONE',  ( 10.03440948535562400, 28.91252624655825800, 31.61250931805550100 ) ) ;
#138 = PERSON_AND_ORGANIZATION_ROLE ( 'design_owner' ) ;
#139 = FACE_OUTER_BOUND ( 'NONE', #2845, .T. ) ;
#140 = DIRECTION ( 'NONE',  ( 0.0000000000000000000, -1.000000000000000000, 0.0000000000000000000 ) ) ;
#141 = MECHANICAL_CONTEXT ( 'NONE', #210, 'mechanical' ) ;
#142 = DIRECTION ( 'NONE',  ( 1.000000000000000000, 0.0000000000000000000, 0.0000000000000000000 ) ) ;
#143 = VERTEX_POINT ( 'NONE', #274 ) ;
#144 = CARTESIAN_POINT ( 'NONE',  ( 18.89999999999999900, 17.50000000000000000, 0.0000000000000000000 ) ) ;
#145 = CC_DESIGN_APPROVAL ( #154, ( #161 ) ) ;
#146 = CYLINDRICAL_SURFACE ( 'NONE', #2048, 4.000000000000000900 ) ;
#147 = FACE_OUTER_BOUND ( 'NONE', #2392, .T. ) ;
#148 = APPLICATION_PROTOCOL_DEFINITION ( 'international standard', 'config_control_design', 1994, #210 ) ;
#149 = VERTEX_POINT ( 'NONE', #229 ) ;
#150 = FACE_BOUND ( 'NONE', #2418, .T. ) ;
#151 = FACE_OUTER_BOUND ( 'NONE', #2787, .T. ) ;
#152 =( NAMED_UNIT ( * ) SI_UNIT ( $, .STERADIAN. ) SOLID_ANGLE_UNIT ( ) );
#153 =( NAMED_UNIT ( * ) PLANE_ANGLE_UNIT ( ) SI_UNIT ( $, .RADIAN. ) );
#154 = APPROVAL ( #117, 'UNSPECIFIED' ) ;
#155 = FACE_OUTER_BOUND ( 'NONE', #2908, .T. ) ;
#156 = VERTEX_POINT ( 'NONE', #279 ) ;
#157 =( LENGTH_UNIT ( ) NAMED_UNIT ( * ) SI_UNIT ( .MILLI., .METRE. ) );
#158 = PLANE ( 'NONE',  #1906 ) ;
#159 = VERTEX_POINT ( 'NONE', #280 ) ;
#160 = CYLINDRICAL_SURFACE ( 'NONE', #2078, 4.000000000000000000 ) ;
#161 = PRODUCT_DEFINITION_FORMATION_WITH_SPECIFIED_SOURCE ( 'ANY', '', #2886, .NOT_KNOWN. ) ;
#162 = CARTESIAN_POINT ( 'NONE',  ( -17.50000000000000000, 0.0000000000000000000, 0.0000000000000000000 ) ) ;
#163 = FACE_OUTER_BOUND ( 'NONE', #2885, .T. ) ;
#164 = VERTEX_POINT ( 'NONE', #282 ) ;
#165 = FACE_OUTER_BOUND ( 'NONE', #2855, .T. ) ;
#166 = EDGE_CURVE ( 'E1219', #2565, #2749, #385, .T. ) ;
#167 = DIRECTION ( 'NONE',  ( 0.0000000000000000000, 0.0000000000000000000, 1.000000000000000000 ) ) ;
#168 = VERTEX_POINT ( 'NONE', #286 ) ;
#169 = CARTESIAN_POINT ( 'NONE',  ( 10.49398650130785000, 30.89482094079303600, 29.63902609732664900 ) ) ;
#170 = ADVANCED_FACE ( 'E1012', ( #2978 ), #851, .T. ) ;
#171 = VERTEX_POINT ( 'NONE', #291 ) ;
#172 = DIRECTION ( 'NONE',  ( -1.000000000000000000, 0.0000000000000000000, 0.0000000000000000000 ) ) ;
#173 = CYLINDRICAL_SURFACE ( 'NONE', #2084, 4.000000000000000000 ) ;
#174 = EDGE_CURVE ( 'NONE', #243, #243, #382, .T. ) ;
#175 = VERTEX_POINT ( 'NONE', #292 ) ;
#176 = VERTEX_POINT ( 'NONE', #295 ) ;
#177 = DIRECTION ( 'NONE',  ( 0.0000000000000000000, 0.0000000000000000000, 1.000000000000000000 ) ) ;
#178 = VERTEX_POINT ( 'NONE', #298 ) ;
#179 = PERSON_AND_ORGANIZATION_ROLE ( 'classification_officer' ) ;
#180 = CIRCLE ( 'NONE', #2090, 33.68323293158114500 ) ;
#181 = ADVANCED_FACE ( 'E1120', ( #2969, #365 ), #346, .T. ) ;
#182 = CARTESIAN_POINT ( 'NONE',  ( 18.89999999999999900, 17.50000000000000000, -3.958749999999999800 ) ) ;
#183 = VERTEX_POINT ( 'NONE', #299 ) ;
#184 = CARTESIAN_POINT ( 'NONE',  ( 18.89999999999999900, -5.054260903562650700, -16.75423667967949700 ) ) ;
#185 = EDGE_CURVE ( 'NONE', #242, #242, #349, .T. ) ;
#186 = CARTESIAN_POINT ( 'NONE',  ( -6.400000000000000400, 72.03461538461539200, -13.81174088920481900 ) ) ;
#187 = CARTESIAN_POINT ( 'NONE',  ( -17.50000000000000000, 0.0000000000000000000, 18.59999999999999800 ) ) ;
#188 = VERTEX_POINT ( 'NONE', #302 ) ;
#189 = FACE_OUTER_BOUND ( 'NONE', #2437, .T. ) ;
#190 = CARTESIAN_POINT ( 'NONE',  ( 24.29999999999999700, 0.0000000000000000000, 24.00000000000000000 ) ) ;
#191 = VERTEX_POINT ( 'NONE', #305 ) ;
#192 = CARTESIAN_POINT ( 'NONE',  ( 25.39999999999999900, 0.0000000000000000000, 18.59999999999999800 ) ) ;
#193 = FACE_BOUND ( 'NONE', #1763, .T. ) ;
#194 = CARTESIAN_POINT ( 'NONE',  ( 10.00000000000000000, 0.0000000000000000000, 0.0000000000000000000 ) ) ;
#195 = CARTESIAN_POINT ( 'NONE',  ( -16.40000000000000200, 0.0000000000000000000, 17.50000000000000000 ) ) ;
#196 = VERTEX_POINT ( 'NONE', #310 ) ;
#197 = VERTEX_POINT ( 'NONE', #312 ) ;
#198 = CARTESIAN_POINT ( 'NONE',  ( 18.89999999999999900, 24.00000000000000000, -3.958749999999999800 ) ) ;
#199 = VERTEX_POINT ( 'NONE', #315 ) ;
#200 = DIRECTION ( 'NONE',  ( 0.0000000000000000000, 0.0000000000000000000, -1.000000000000000000 ) ) ;
#201 = FACE_OUTER_BOUND ( 'NONE', #2210, .T. ) ;
#202 = CARTESIAN_POINT ( 'NONE',  ( 18.89999999999999900, 17.54125000000000200, 4.000000000000000000 ) ) ;
#203 = VERTEX_POINT ( 'NONE', #316 ) ;
#204 = CARTESIAN_POINT ( 'NONE',  ( 18.89999999999999900, -15.42837806723164600, -18.80523469082655200 ) ) ;
#205 = VERTEX_POINT ( 'NONE', #317 ) ;
#206 = DIRECTION ( 'NONE',  ( -1.000000000000000000, 0.0000000000000000000, 0.0000000000000000000 ) ) ;
#207 = CARTESIAN_POINT ( 'NONE',  ( 18.89999999999999900, -5.306523384862244600, -17.19116811413379900 ) ) ;
#208 = CC_DESIGN_DATE_AND_TIME_ASSIGNMENT ( #1564, #120, ( #634 ) ) ;
#209 = FACE_OUTER_BOUND ( 'NONE', #2561, .T. ) ;
#210 = APPLICATION_CONTEXT ( 'configuration controlled 3d designs of mechanical parts and assemblies' ) ;
#211 = FACE_OUTER_BOUND ( 'NONE', #639, .T. ) ;
#212 = VERTEX_POINT ( 'NONE', #318 ) ;
#213 = CARTESIAN_POINT ( 'NONE',  ( 18.89999999999999900, -12.17837806723164800, -13.17606956622770100 ) ) ;
#214 = VERTEX_POINT ( 'NONE', #319 ) ;
#215 = CYLINDRICAL_SURFACE ( 'NONE', #2140, 15.50000000000000000 ) ;
#216 = FACE_OUTER_BOUND ( 'NONE', #2371, .T. ) ;
#217 = CARTESIAN_POINT ( 'NONE',  ( 10.00000000000000000, -40.00000000000000000, 0.0000000000000000000 ) ) ;
#218 = DIRECTION ( 'NONE',  ( 0.0000000000000000000, 0.0000000000000000000, 1.000000000000000000 ) ) ;
#219 = FACE_OUTER_BOUND ( 'NONE', #2330, .T. ) ;
#220 = CONICAL_SURFACE ( 'NONE', #2173, 4.000000000000000000, 0.7853981633974715900 ) ;
#221 = CARTESIAN_POINT ( 'NONE',  ( 15.31074884049369800, 23.93476953829270900, 1.777106827773582400 ) ) ;
#222 = CARTESIAN_POINT ( 'NONE',  ( -10.00000000000000000, 39.60000000000000100, 0.0000000000000000000 ) ) ;
#223 = CARTESIAN_POINT ( 'NONE',  ( 0.0000000000000000000, 0.0000000000000000000, 0.0000000000000000000 ) ) ;
#224 = VERTEX_POINT ( 'NONE', #323 ) ;
#225 = CARTESIAN_POINT ( 'NONE',  ( -12.00000000000000000, -40.50000000000000000, 0.0000000000000000000 ) ) ;
#226 = CIRCLE ( 'NONE', #2178, 33.68323293158114500 ) ;
#227 = EDGE_CURVE ( 'NONE', #234, #234, #364, .T. ) ;
#228 = CC_DESIGN_PERSON_AND_ORGANIZATION_ASSIGNMENT ( #2370, #122, ( #634 ) ) ;
#229 = CARTESIAN_POINT ( 'NONE',  ( 6.100535677937390500, 26.55485372531359500, 23.52919905286645300 ) ) ;
#230 = CARTESIAN_POINT ( 'NONE',  ( 7.458973826977151900, 28.10619945347007200, 32.45620125646254200 ) ) ;
#231 = FACE_OUTER_BOUND ( 'NONE', #2847, .T. ) ;
#232 = VERTEX_POINT ( 'NONE', #326 ) ;
#233 = CARTESIAN_POINT ( 'NONE',  ( -5.000000000000000000, 65.00000000000000000, -8.000000000000000000 ) ) ;
#234 = VERTEX_POINT ( 'NONE', #333 ) ;
#235 = FACE_BOUND ( 'NONE', #2190, .T. ) ;
#236 = CYLINDRICAL_SURFACE ( 'NONE', #2169, 17.50000000000000000 ) ;
#237 = CARTESIAN_POINT ( 'NONE',  ( 15.00000000000000000, -20.42307692307695200, -40.09860258156239600 ) ) ;
#238 = CARTESIAN_POINT ( 'NONE',  ( 3.535533905932740000, 0.0000000000000000000, 24.00000000000000000 ) ) ;
#239 = FACE_BOUND ( 'NONE', #2889, .T. ) ;
#240 = ADVANCED_FACE ( 'E1442', ( #373, #342 ), #379, .T. ) ;
#241 = CARTESIAN_POINT ( 'NONE',  ( 15.00000000000000200, 0.0000000000000000000, -40.00000000000000000 ) ) ;
#242 = VERTEX_POINT ( 'NONE', #335 ) ;
#243 = VERTEX_POINT ( 'NONE', #377 ) ;
#244 = CARTESIAN_POINT ( 'NONE',  ( -9.747984829212281700, 0.0000000000000000000, 34.65511205824395100 ) ) ;
#245 = FACE_BOUND ( 'NONE', #2768, .T. ) ;
#246 = CARTESIAN_POINT ( 'NONE',  ( -18.99999999999999600, 0.0000000000000000000, -40.50000000000000000 ) ) ;
#247 = FACE_OUTER_BOUND ( 'NONE', #2688, .T. ) ;
#248 = FACE_OUTER_BOUND ( 'NONE', #2735, .T. ) ;
#249 = DIRECTION ( 'NONE',  ( 1.000000000000000000, 0.0000000000000000000, 0.0000000000000000000 ) ) ;
#250 = CARTESIAN_POINT ( 'NONE',  ( -19.00000000000000000, -65.00000000000000000, -8.000000000000000000 ) ) ;
#251 = CARTESIAN_POINT ( 'NONE',  ( -19.00000000000000000, 65.00000000000000000, -8.000000000000000000 ) ) ;
#252 = CONICAL_SURFACE ( 'NONE', #2202, 4.000000000000001800, 0.7853981633974715900 ) ;
#253 = EDGE_CURVE ( 'NONE', #232, #232, #357, .T. ) ;
#254 = DIRECTION ( 'NONE',  ( 0.0000000000000000000, 0.0000000000000000000, 1.000000000000000000 ) ) ;
#255 = CARTESIAN_POINT ( 'NONE',  ( 15.00000000000000000, -72.03461538461539200, -13.81174088920481900 ) ) ;
#256 = CARTESIAN_POINT ( 'NONE',  ( 4.659112989217580200, 30.45630247322409900, 30.57818659889095200 ) ) ;
#257 = CARTESIAN_POINT ( 'NONE',  ( 9.747984829212285300, 0.0000000000000000000, -34.65511205824395100 ) ) ;
#258 = DIRECTION ( 'NONE',  ( 0.0000000000000000000, 0.0000000000000000000, -1.000000000000000000 ) ) ;
#259 = CARTESIAN_POINT ( 'NONE',  ( 10.00000000000000000, 0.0000000000000000000, 34.58323293158114400 ) ) ;
#260 = PRODUCT_DEFINITION_SHAPE ( 'NONE', 'NONE',  #634 ) ;
#261 = DIRECTION ( 'NONE',  ( 0.0000000000000000000, 1.000000000000000000, 0.0000000000000000000 ) ) ;
#262 = VERTEX_POINT ( 'NONE', #419 ) ;
#263 = CARTESIAN_POINT ( 'NONE',  ( -10.00000000000000000, 0.0000000000000000000, -34.58323293158114400 ) ) ;
#264 = CARTESIAN_POINT ( 'NONE',  ( 13.80594330486610100, 0.0000000000000000000, 42.61674673713369500 ) ) ;
#265 = PLANE ( 'NONE',  #1869 ) ;
#266 = CIRCLE ( 'NONE', #2187, 2.458750000000000700 ) ;
#267 = CARTESIAN_POINT ( 'NONE',  ( -9.999999999999996400, 0.0000000000000000000, -24.00000000000000000 ) ) ;
#268 = LOCAL_TIME ( 9, 13, 0.0000000000000000000, #2086 ) ;
#269 = FACE_BOUND ( 'NONE', #2063, .T. ) ;
#270 = ADVANCED_FACE ( 'E139', ( #371 ), #331, .F. ) ;
#271 = CARTESIAN_POINT ( 'NONE',  ( -3.535533905932740000, 0.0000000000000000000, -24.00000000000000000 ) ) ;
#272 = CYLINDRICAL_SURFACE ( 'NONE', #895, 2.458750000000000700 ) ;
#273 = CARTESIAN_POINT ( 'NONE',  ( 18.89999999999999900, 17.03672503740079900, 4.000000000000000000 ) ) ;
#274 = CARTESIAN_POINT ( 'NONE',  ( 5.530453248759940300, -31.01522925124125200, 17.42038002448429900 ) ) ;
#275 = CIRCLE ( 'NONE', #958, 15.50000000000000000 ) ;
#276 = CARTESIAN_POINT ( 'NONE',  ( 0.0000000000000000000, 0.0000000000000000000, 0.0000000000000000000 ) ) ;
#277 = ADVANCED_FACE ( 'E1580', ( #306, #321 ), #289, .F. ) ;
#278 = EDGE_CURVE ( 'NONE', #224, #224, #293, .T. ) ;
#279 = CARTESIAN_POINT ( 'NONE',  ( 6.299999999999999800, -26.90833404778449600, 15.53553390593275200 ) ) ;
#280 = CARTESIAN_POINT ( 'NONE',  ( 6.299999999999999800, -15.53553390593275200, -26.90833404778449600 ) ) ;
#281 = DIRECTION ( 'NONE',  ( -5.456111500086630100E-017, 0.4538461538461540700, 0.8910800573680532900 ) ) ;
#282 = CARTESIAN_POINT ( 'NONE',  ( 9.750000000000000000, -31.07106781186550400, 0.0000000000000000000 ) ) ;
#283 = SHAPE_DEFINITION_REPRESENTATION ( #260, #596 ) ;
#284 = ADVANCED_FACE ( 'E1392', ( #327 ), #252, .F. ) ;
#285 = FACE_OUTER_BOUND ( 'NONE', #2467, .T. ) ;
#286 = CARTESIAN_POINT ( 'NONE',  ( 3.535533905932735100, 0.0000000000000000000, 31.07106781186550400 ) ) ;
#287 = DIRECTION ( 'NONE',  ( 1.000000000000000000, 0.0000000000000000000, 0.0000000000000000000 ) ) ;
#288 = FACE_OUTER_BOUND ( 'NONE', #2134, .T. ) ;
#289 = CYLINDRICAL_SURFACE ( 'NONE', #2193, 0.5000000000000004400 ) ;
#290 = EDGE_CURVE ( 'NONE', #214, #214, #266, .T. ) ;
#291 = CARTESIAN_POINT ( 'NONE',  ( 9.750000000000000000, 0.0000000000000000000, 24.00000000000000000 ) ) ;
#292 = CARTESIAN_POINT ( 'NONE',  ( -6.148399661207499800, -9.526533524407069500, -34.16785537042694900 ) ) ;
#293 = CIRCLE ( 'NONE', #2196, 8.000000000000000000 ) ;
#294 = DIRECTION ( 'NONE',  ( -1.000000000000000000, 0.0000000000000000000, 0.0000000000000000000 ) ) ;
#295 = CARTESIAN_POINT ( 'NONE',  ( -5.299999999999999800, 31.07106781186550400, 0.0000000000000000000 ) ) ;
#296 = ADVANCED_FACE ( 'E1434', ( #303, #288, #311, #269 ), #236, .F. ) ;
#297 = CIRCLE ( 'NONE', #1002, 43.72954061479075000 ) ;
#298 = CARTESIAN_POINT ( 'NONE',  ( -6.214277134634040000, 35.45848819730254300, -0.2799543814970790200 ) ) ;
#299 = CARTESIAN_POINT ( 'NONE',  ( -9.750000000000000000, -31.07106781186550400, -1.193991194976818000E-015 ) ) ;
#300 = LINE ( 'NONE', #445, #332 ) ;
#301 = CARTESIAN_POINT ( 'NONE',  ( 22.74214493141922200, 23.97182019380648300, 1.183881467963378900 ) ) ;
#302 = CARTESIAN_POINT ( 'NONE',  ( -3.535533905932735100, 0.0000000000000000000, -31.07106781186550400 ) ) ;
#303 = FACE_BOUND ( 'NONE', #2132, .T. ) ;
#304 = EDGE_CURVE ( 'E1386', #2680, #2722, #2432, .T. ) ;
#305 = CARTESIAN_POINT ( 'NONE',  ( 15.00000000000000000, 0.0000000000000000000, 41.35847352334289400 ) ) ;
#306 = FACE_OUTER_BOUND ( 'NONE', #1756, .T. ) ;
#307 = DIRECTION ( 'NONE',  ( 1.000000000000000000, 0.0000000000000000000, 0.0000000000000000000 ) ) ;
#308 = ADVANCED_FACE ( 'E1409', ( #285 ), #220, .F. ) ;
#309 = EDGE_CURVE ( 'NONE', #212, #212, #226, .T. ) ;
#310 = CARTESIAN_POINT ( 'NONE',  ( -9.749999999999996400, 0.0000000000000000000, -24.00000000000000000 ) ) ;
#311 = FACE_OUTER_BOUND ( 'NONE', #2064, .T. ) ;
#312 = CARTESIAN_POINT ( 'NONE',  ( 10.00000000000000000, 0.0000000000000000000, 24.00000000000000000 ) ) ;
#313 = DIRECTION ( 'NONE',  ( -2.778914418289240500E-017, -0.8910800573680532900, 0.4538461538461540700 ) ) ;
#314 = FACE_OUTER_BOUND ( 'NONE', #2822, .T. ) ;
#315 = CARTESIAN_POINT ( 'NONE',  ( 5.332668084290800100, -17.95515134498689800, -30.74370165100035000 ) ) ;
#316 = CARTESIAN_POINT ( 'NONE',  ( -5.299999999999999800, -8.041784101382699400, -30.01234684985984900 ) ) ;
#317 = CARTESIAN_POINT ( 'NONE',  ( -9.999999999999996400, 0.0000000000000000000, -33.68323293158114500 ) ) ;
#318 = CARTESIAN_POINT ( 'NONE',  ( 9.999999999999991100, 0.0000000000000000000, 33.68323293158114500 ) ) ;
#319 = CARTESIAN_POINT ( 'NONE',  ( 7.458973826977154600, 28.10619945347006500, 31.69075816582807200 ) ) ;
#320 = DIRECTION ( 'NONE',  ( 0.0000000000000000000, -0.8660254037844386000, 0.5000000000000002200 ) ) ;
#321 = FACE_OUTER_BOUND ( 'NONE', #1780, .T. ) ;
#322 = DIRECTION ( 'NONE',  ( 0.0000000000000000000, -1.000000000000000000, 0.0000000000000000000 ) ) ;
#323 = CARTESIAN_POINT ( 'NONE',  ( -5.000000000000000000, -65.00000000000000000, -8.000000000000000000 ) ) ;
#324 = FACE_OUTER_BOUND ( 'NONE', #2826, .T. ) ;
#325 = CARTESIAN_POINT ( 'NONE',  ( 18.89999999999999900, -11.97937500000000100, -20.74888614292039800 ) ) ;
#326 = CARTESIAN_POINT ( 'NONE',  ( 24.29999999999999700, 0.0000000000000000000, 17.50000000000000000 ) ) ;
#327 = FACE_OUTER_BOUND ( 'NONE', #1168, .T. ) ;
#328 = VECTOR ( 'NONE', #480, 1000.000000000000000 ) ;
#329 = DIRECTION ( 'NONE',  ( 0.0000000000000000000, 0.4999999999999998900, 0.8660254037844387100 ) ) ;
#330 = ADVANCED_FACE ( 'E733', ( #245, #248 ), #1143, .T. ) ;
#331 = TOROIDAL_SURFACE ( 'NONE', #2197, 45.00000000000000000, 1.260000000000000000 ) ;
#332 = VECTOR ( 'NONE', #443, 1000.000000000000000 ) ;
#333 = CARTESIAN_POINT ( 'NONE',  ( 25.39999999999999900, 0.0000000000000000000, 22.89999999999999900 ) ) ;
#334 = DIRECTION ( 'NONE',  ( -7.709882115452475700E-017, 0.0000000000000000000, 1.000000000000000000 ) ) ;
#335 = CARTESIAN_POINT ( 'NONE',  ( -16.40000000000000200, 0.0000000000000000000, 24.00000000000000000 ) ) ;
#336 = CIRCLE ( 'NONE', #1095, 45.00000000000000000 ) ;
#337 = DIRECTION ( 'NONE',  ( 0.0000000000000000000, -1.000000000000000000, 0.0000000000000000000 ) ) ;
#338 = CARTESIAN_POINT ( 'NONE',  ( 0.0000000000000000000, 0.0000000000000000000, 0.0000000000000000000 ) ) ;
#339 = VECTOR ( 'NONE', #498, 1000.000000000000000 ) ;
#340 = DIRECTION ( 'NONE',  ( -1.000000000000000000, 0.0000000000000000000, -6.123031769111888800E-017 ) ) ;
#341 = B_SPLINE_CURVE_WITH_KNOTS ( 'NONE', 3,
 ( #1362, #1331, #1372, #1374, #1380, #1384, #1386, #1391, #1395, #1399, #1401, #1406, #1410, #1419, #1422, #1426, #1427, #1433 ),
 .UNSPECIFIED., .T., .F.,
 ( 4, 2, 2, 2, 2, 2, 2, 2, 4 ),
 ( 0.0000000000000000000, 0.0003907693138654193400, 0.0007815386277308386900, 0.001172307941596258000, 0.001563077255461677400, 0.001953846569327096700, 0.002344615883192516100, 0.002735385197057935400, 0.003126154510923354800 ),
 .UNSPECIFIED. ) ;
#342 = FACE_OUTER_BOUND ( 'NONE', #2053, .T. ) ;
#343 = CARTESIAN_POINT ( 'NONE',  ( 22.64455625708840000, -10.76129297151215900, -21.45214612996289800 ) ) ;
#344 = CARTESIAN_POINT ( 'NONE',  ( 22.74197135178238600, -10.96028409711604600, -21.35232386563648900 ) ) ;
#345 = DIRECTION ( 'NONE',  ( 0.0000000000000000000, 0.8660254037844388200, -0.4999999999999997200 ) ) ;
#346 = CONICAL_SURFACE ( 'NONE', #2229, 3.958749999999999800, 0.7853981633974497200 ) ;
#347 = CARTESIAN_POINT ( 'NONE',  ( 22.81574352831665600, -11.16373946850688600, -21.24680084989836700 ) ) ;
#348 = DIRECTION ( 'NONE',  ( 0.0000000000000000000, -1.000000000000000000, 0.0000000000000000000 ) ) ;
#349 = CIRCLE ( 'NONE', #2226, 24.00000000000000000 ) ;
#350 = CARTESIAN_POINT ( 'NONE',  ( 22.64455625708840000, 23.95875000000000200, -1.406519974084989900 ) ) ;
#351 = CARTESIAN_POINT ( 'NONE',  ( 22.91566827302292400, -11.57913151734052600, -21.02330465412304500 ) ) ;
#352 = CARTESIAN_POINT ( 'NONE',  ( 17.74529946162074600, 22.37500000000000000, 2.000000000000000000 ) ) ;
#353 = LINE ( 'NONE', #497, #328 ) ;
#354 = ADVANCED_FACE ( 'E245', ( #231 ), #215, .T. ) ;
#355 = CARTESIAN_POINT ( 'NONE',  ( 22.94136297010842900, -11.79296283095125700, -20.90416145582222300 ) ) ;
#356 = CARTESIAN_POINT ( 'NONE',  ( 22.94113626282467800, -12.20985836668284800, -20.66342897896732100 ) ) ;
#357 = CIRCLE ( 'NONE', #2211, 17.50000000000000000 ) ;
#358 = ADVANCED_FACE ( 'E1255', ( #219 ), #1172, .T. ) ;
#359 = CARTESIAN_POINT ( 'NONE',  ( 22.81568593539701000, 23.98213122310560100, -0.9552581568983643500 ) ) ;
#360 = ADVANCED_FACE ( 'E182', ( #247 ), #1183, .F. ) ;
#361 = CIRCLE ( 'NONE', #1109, 3.958749999999999800 ) ;
#362 = CARTESIAN_POINT ( 'NONE',  ( 22.91531070307901500, 23.99623069921158300, -0.4858481025929840500 ) ) ;
#363 = CARTESIAN_POINT ( 'NONE',  ( 22.94117957650552600, 23.99998985070432800, -0.2420751932288276200 ) ) ;
#364 = CIRCLE ( 'NONE', #2220, 22.89999999999999900 ) ;
#365 = FACE_BOUND ( 'NONE', #2526, .T. ) ;
#366 = CARTESIAN_POINT ( 'NONE',  ( 22.91612725734437500, -12.41498563078548800, -20.54079952422096200 ) ) ;
#367 = DIRECTION ( 'NONE',  ( -1.000000000000000000, 0.0000000000000000000, 0.0000000000000000000 ) ) ;
#368 = CARTESIAN_POINT ( 'NONE',  ( 22.94132012954343100, 24.00001010693202000, 0.2400585350463951800 ) ) ;
#369 = ADVANCED_FACE ( 'E1425', ( #235, #201 ), #1184, .T. ) ;
#370 = CARTESIAN_POINT ( 'NONE',  ( 22.81574336066266500, -12.81872021297869000, -20.29129678971302700 ) ) ;
#371 = FACE_OUTER_BOUND ( 'NONE', #106, .T. ) ;
#372 = DIRECTION ( 'NONE',  ( 0.0000000000000000000, 0.0000000000000000000, 1.000000000000000000 ) ) ;
#373 = FACE_OUTER_BOUND ( 'NONE', #2028, .T. ) ;
#374 = ADVANCED_FACE ( 'E1075', ( #209 ), #1202, .T. ) ;
#375 = ADVANCED_FACE ( 'E1206', ( #216 ), #173, .T. ) ;
#376 = CONICAL_SURFACE ( 'NONE', #2256, 24.00000000000000000, 0.7853981633974482800 ) ;
#377 = CARTESIAN_POINT ( 'NONE',  ( -12.00000000000000000, 0.0000000000000000000, -39.60000000000000100 ) ) ;
#378 = CARTESIAN_POINT ( 'NONE',  ( 22.91641717976866500, 23.99638938916564600, 0.4786555559780610900 ) ) ;
#379 = TOROIDAL_SURFACE ( 'NONE', #2208, 33.68323293158114500, 2.000000000000000000 ) ;
#380 = PLANE ( 'NONE',  #1808 ) ;
#381 = DIRECTION ( 'NONE',  ( 0.0000000000000000000, 0.0000000000000000000, -1.000000000000000000 ) ) ;
#382 = CIRCLE ( 'NONE', #2248, 39.60000000000000100 ) ;
#383 = CARTESIAN_POINT ( 'NONE',  ( 22.81701033876721900, 23.98231661603593400, 0.9509493077641884000 ) ) ;
#384 = VECTOR ( 'NONE', #508, 1000.000000000000000 ) ;
#385 = LINE ( 'NONE', #857, #2973 ) ;
#386 = EDGE_CURVE ( 'NONE', #205, #205, #180, .T. ) ;
#387 = ADVANCED_FACE ( 'E1123', ( #189 ), #160, .T. ) ;
#388 = LINE ( 'NONE', #501, #339 ) ;
#389 = CARTESIAN_POINT ( 'NONE',  ( 22.64455625708840000, 23.95875000000000200, 1.406519974084989900 ) ) ;
#390 = CARTESIAN_POINT ( 'NONE',  ( -3.535533905932735100, 0.0000000000000000000, 0.0000000000000000000 ) ) ;
#391 = CIRCLE ( 'NONE', #2259, 22.89999999999999900 ) ;
#392 = DIRECTION ( 'NONE',  ( 1.000000000000000000, 0.0000000000000000000, 6.009258394948640100E-016 ) ) ;
#393 = VECTOR ( 'NONE', #509, 1000.000000000000000 ) ;
#394 = DIRECTION ( 'NONE',  ( 1.000000000000000000, 0.0000000000000000000, 0.0000000000000000000 ) ) ;
#395 = ORIENTED_EDGE ( 'NONE', *, *, #2738, .F. ) ;
#396 = CARTESIAN_POINT ( 'NONE',  ( -5.000000000000000000, 0.0000000000000000000, 0.0000000000000000000 ) ) ;
#397 = ORIENTED_EDGE ( 'NONE', *, *, #1074, .F. ) ;
#398 = ADVANCED_FACE ( 'E575', ( #211 ), #1274, .T. ) ;
#399 = ORIENTED_EDGE ( 'NONE', *, *, #2733, .F. ) ;
#400 = CARTESIAN_POINT ( 'NONE',  ( 22.74066474659126800, -13.01400687338973400, -20.16640440046603900 ) ) ;
#401 = ORIENTED_EDGE ( 'NONE', *, *, #2940, .F. ) ;
#402 = CARTESIAN_POINT ( 'NONE',  ( 22.64455625708840000, -13.19745702848781800, -20.04562615587795100 ) ) ;
#403 = ORIENTED_EDGE ( 'NONE', *, *, #2750, .F. ) ;
#404 = CARTESIAN_POINT ( 'NONE',  ( -20.00000000000000000, -65.00000000000000000, 0.0000000000000000000 ) ) ;
#405 = ORIENTED_EDGE ( 'NONE', *, *, #2728, .F. ) ;
#406 = ORIENTED_EDGE ( 'NONE', *, *, #2724, .F. ) ;
#407 = DIRECTION ( 'NONE',  ( 0.0000000000000000000, 0.0000000000000000000, -1.000000000000000000 ) ) ;
#408 = CARTESIAN_POINT ( 'NONE',  ( 18.89999999999999900, -8.750000000000000000, -15.15544456622770000 ) ) ;
#409 = CARTESIAN_POINT ( 'NONE',  ( 21.20940107675850300, 24.00000000000000000, 1.414053616061350100E-016 ) ) ;
#410 = LINE ( 'NONE', #521, #384 ) ;
#411 = DIRECTION ( 'NONE',  ( 1.000000000000000000, 0.0000000000000000000, 0.0000000000000000000 ) ) ;
#412 = VECTOR ( 'NONE', #563, 1000.000000000000000 ) ;
#413 = DIRECTION ( 'NONE',  ( 0.0000000000000000000, -0.4999999999999998900, -0.8660254037844387100 ) ) ;
#414 = ADVANCED_FACE ( 'E970', ( #155 ), #1293, .T. ) ;
#415 = ORIENTED_EDGE ( 'NONE', *, *, #1921, .F. ) ;
#416 = CARTESIAN_POINT ( 'NONE',  ( -6.400000000000000400, 65.00000000000000000, 0.0000000000000000000 ) ) ;
#417 = ORIENTED_EDGE ( 'NONE', *, *, #2716, .F. ) ;
#418 = CARTESIAN_POINT ( 'NONE',  ( 21.20940107675850300, -11.18750000000000000, -19.37731840967680000 ) ) ;
#419 = CARTESIAN_POINT ( 'NONE',  ( -17.50000000000000000, 0.0000000000000000000, 22.89999999999999900 ) ) ;
#420 = ORIENTED_EDGE ( 'NONE', *, *, #938, .T. ) ;
#421 = ADVANCED_FACE ( 'E949', ( #151 ), #1313, .T. ) ;
#422 = ORIENTED_EDGE ( 'NONE', *, *, #2711, .T. ) ;
#423 = DIRECTION ( 'NONE',  ( 0.0000000000000000000, 0.0000000000000000000, 1.000000000000000000 ) ) ;
#424 = CARTESIAN_POINT ( 'NONE',  ( -17.50000000000000000, 0.0000000000000000000, 0.0000000000000000000 ) ) ;
#425 = ORIENTED_EDGE ( 'NONE', *, *, #2750, .T. ) ;
#426 = CARTESIAN_POINT ( 'NONE',  ( 20.05470053837924700, -12.91955080756886100, -18.37731840967680000 ) ) ;
#427 = EDGE_LOOP ( 'NONE', ( #2888 ) ) ;
#428 = ADVANCED_FACE ( 'E859', ( #163 ), #146, .T. ) ;
#429 = LINE ( 'NONE', #546, #412 ) ;
#430 = CARTESIAN_POINT ( 'NONE',  ( -19.00000000000000000, 20.42307692307695200, 40.09860258156239600 ) ) ;
#431 = DIRECTION ( 'NONE',  ( 0.0000000000000000000, 0.0000000000000000000, 1.000000000000000000 ) ) ;
#432 = LINE ( 'NONE', #514, #393 ) ;
#433 = ORIENTED_EDGE ( 'NONE', *, *, #2942, .F. ) ;
#434 = DIRECTION ( 'NONE',  ( 0.0000000000000000000, 0.8660254037844387100, -0.4999999999999998900 ) ) ;
#435 = ORIENTED_EDGE ( 'NONE', *, *, #2710, .T. ) ;
#436 = ORIENTED_EDGE ( 'NONE', *, *, #2942, .T. ) ;
#437 = ORIENTED_EDGE ( 'NONE', *, *, #2694, .T. ) ;
#438 = ADVANCED_FACE ( 'E1180', ( #150, #147 ), #126, .T. ) ;
#439 = EDGE_CURVE ( 'NONE', #203, #203, #341, .T. ) ;
#440 = DIRECTION ( 'NONE',  ( 0.06162841671621927000, 0.7044160264027586900, 0.7071067811865476800 ) ) ;
#441 = ORIENTED_EDGE ( 'NONE', *, *, #2906, .T. ) ;
#442 = DIRECTION ( 'NONE',  ( -1.000000000000000000, 0.0000000000000000000, 0.0000000000000000000 ) ) ;
#443 = DIRECTION ( 'NONE',  ( 0.4999999999999998900, 0.0000000000000000000, 0.8660254037844387100 ) ) ;
#444 = ORIENTED_EDGE ( 'NONE', *, *, #2687, .T. ) ;
#445 = CARTESIAN_POINT ( 'NONE',  ( 16.59059892324150100, 22.37500000000000000, -4.242160848184054900E-016 ) ) ;
#446 = ORIENTED_EDGE ( 'NONE', *, *, #2344, .T. ) ;
#447 = PLANE ( 'NONE',  #1648 ) ;
#448 = VERTEX_POINT ( 'NONE', #1435 ) ;
#449 = VERTEX_POINT ( 'NONE', #182 ) ;
#450 = VERTEX_POINT ( 'NONE', #1356 ) ;
#451 = ADVANCED_FACE ( 'E1419', ( #132, #193 ), #116, .T. ) ;
#452 = CARTESIAN_POINT ( 'NONE',  ( 7.705487493842030100, 30.92386355908109900, 31.04198769408945300 ) ) ;
#453 = DIRECTION ( 'NONE',  ( -0.06162841671621946400, -0.7044160264027585800, 0.7071067811865476800 ) ) ;
#454 = FACE_OUTER_BOUND ( 'NONE', #2592, .T. ) ;
#455 = DIRECTION ( 'NONE',  ( -0.4999999999999998900, 0.0000000000000000000, 0.8660254037844387100 ) ) ;
#456 = DIRECTION ( 'NONE',  ( -0.8660254037844387100, 0.0000000000000000000, -0.4999999999999998900 ) ) ;
#457 = DIRECTION ( 'NONE',  ( 7.709882115452475700E-017, 0.0000000000000000000, -1.000000000000000000 ) ) ;
#458 = ORIENTED_EDGE ( 'NONE', *, *, #1904, .T. ) ;
#459 = PLANE ( 'NONE',  #1849 ) ;
#460 = EDGE_LOOP ( 'NONE', ( #2799 ) ) ;
#461 = DIRECTION ( 'NONE',  ( 1.000000000000000000, 0.0000000000000000000, 6.123031769111888800E-017 ) ) ;
#462 = ORIENTED_EDGE ( 'NONE', *, *, #2676, .T. ) ;
#463 = ADVANCED_FACE ( 'E845', ( #121, #135 ), #1457, .F. ) ;
#464 = LINE ( 'NONE', #536, #560 ) ;
#465 = VERTEX_POINT ( 'NONE', #1451 ) ;
#466 = CARTESIAN_POINT ( 'NONE',  ( -19.00000000000000000, 0.0000000000000000000, 0.0000000000000000000 ) ) ;
#467 = ORIENTED_EDGE ( 'NONE', *, *, #2664, .T. ) ;
#468 = DIRECTION ( 'NONE',  ( 0.8660254037844387100, 0.0000000000000000000, 0.4999999999999998900 ) ) ;
#469 = VERTEX_POINT ( 'NONE', #1471 ) ;
#470 = ADVANCED_FACE ( 'E1416', ( #113, #129 ), #1476, .T. ) ;
#471 = CARTESIAN_POINT ( 'NONE',  ( -10.00000000000000000, 0.0000000000000000000, 0.0000000000000000000 ) ) ;
#472 = ORIENTED_EDGE ( 'NONE', *, *, #2762, .F. ) ;
#473 = PLANE ( 'NONE',  #980 ) ;
#474 = DIRECTION ( 'NONE',  ( 1.000000000000000000, 0.0000000000000000000, 1.224606353822375800E-016 ) ) ;
#475 = LINE ( 'NONE', #885, #539 ) ;
#476 = CARTESIAN_POINT ( 'NONE',  ( 20.05470053837924700, 24.00000000000000000, 2.000000000000000000 ) ) ;
#477 = ORIENTED_EDGE ( 'NONE', *, *, #486, .F. ) ;
#478 = DIRECTION ( 'NONE',  ( 1.445602896647339200E-016, 0.0000000000000000000, -1.000000000000000000 ) ) ;
#479 = ADVANCED_FACE ( 'E842', ( #165, #111 ), #99, .F. ) ;
#480 = DIRECTION ( 'NONE',  ( -0.4999999999999998900, 0.0000000000000000000, 0.8660254037844387100 ) ) ;
#481 = DIRECTION ( 'NONE',  ( 0.0000000000000000000, 0.0000000000000000000, -1.000000000000000000 ) ) ;
#482 = VECTOR ( 'NONE', #575, 1000.000000000000000 ) ;
#483 = CARTESIAN_POINT ( 'NONE',  ( 21.20940107675850300, 24.00000000000000000, 1.414053616061350100E-016 ) ) ;
#484 = DIRECTION ( 'NONE',  ( 0.0000000000000000000, -1.000000000000000000, 0.0000000000000000000 ) ) ;
#485 = CIRCLE ( 'NONE', #1155, 18.59999999999999800 ) ;
#486 = EDGE_CURVE ( 'NONE', #199, #199, #2648, .T. ) ;
#487 = CARTESIAN_POINT ( 'NONE',  ( 18.89999999999999900, 17.50000000000000000, 0.0000000000000000000 ) ) ;
#488 = EDGE_LOOP ( 'NONE', ( #1951, #1920, #1911, #1880 ) ) ;
#489 = PERSON_AND_ORGANIZATION ( #2817, #1603 ) ;
#490 = ORIENTED_EDGE ( 'NONE', *, *, #2651, .T. ) ;
#491 = CARTESIAN_POINT ( 'NONE',  ( 14.94125000000000000, -12.00000000000000000, -20.78460969082655300 ) ) ;
#492 = ORIENTED_EDGE ( 'NONE', *, *, #486, .T. ) ;
#493 = COORDINATED_UNIVERSAL_TIME_OFFSET ( 3, 0, .BEHIND. ) ;
#494 = ADVANCED_FACE ( 'E381', ( #102 ), #95, .T. ) ;
#495 = ORIENTED_EDGE ( 'NONE', *, *, #2639, .T. ) ;
#496 = LOCAL_TIME ( 9, 13, 0.0000000000000000000, #635 ) ;
#497 = CARTESIAN_POINT ( 'NONE',  ( 17.74529946162074600, 22.37500000000000000, -2.000000000000000000 ) ) ;
#498 = DIRECTION ( 'NONE',  ( 0.4999999999999998900, 0.0000000000000000000, -0.8660254037844387100 ) ) ;
#499 = CARTESIAN_POINT ( 'NONE',  ( -6.400000000000000400, 0.0000000000000000000, 0.0000000000000000000 ) ) ;
#500 = ORIENTED_EDGE ( 'NONE', *, *, #2777, .F. ) ;
#501 = CARTESIAN_POINT ( 'NONE',  ( 20.05470053837924700, 24.00000000000000000, 2.000000000000000000 ) ) ;
#502 = ORIENTED_EDGE ( 'NONE', *, *, #2640, .T. ) ;
#503 = EDGE_LOOP ( 'NONE', ( #2529 ) ) ;
#504 = DIRECTION ( 'NONE',  ( -1.000000000000000000, 0.0000000000000000000, 0.0000000000000000000 ) ) ;
#505 = ORIENTED_EDGE ( 'NONE', *, *, #2611, .T. ) ;
#506 = ADVANCED_FACE ( 'E839', ( #103, #98 ), #1575, .F. ) ;
#507 = LINE ( 'NONE', #879, #482 ) ;
#508 = DIRECTION ( 'NONE',  ( -1.000000000000000000, 0.0000000000000000000, -2.403703357979454600E-016 ) ) ;
#509 = DIRECTION ( 'NONE',  ( 0.4999999999999998900, 0.0000000000000000000, 0.8660254037844387100 ) ) ;
#510 = FACE_OUTER_BOUND ( 'NONE', #528, .T. ) ;
#511 = ADVANCED_FACE ( 'E833', ( #139, #82 ), #68, .F. ) ;
#512 = ORIENTED_EDGE ( 'NONE', *, *, #2918, .T. ) ;
#513 = CARTESIAN_POINT ( 'NONE',  ( -5.000000000000000000, 65.00000000000000000, -15.50000000000000000 ) ) ;
#514 = CARTESIAN_POINT ( 'NONE',  ( 16.59059892324150100, 24.00000000000000000, -4.242160848184054900E-016 ) ) ;
#515 = DIRECTION ( 'NONE',  ( -5.005678449578527300E-017, 0.0000000000000000000, 1.000000000000000000 ) ) ;
#516 = CALENDAR_DATE ( 2019, 8, 3 ) ;
#517 = ORIENTED_EDGE ( 'NONE', *, *, #1355, .T. ) ;
#518 = ORIENTED_EDGE ( 'NONE', *, *, #2692, .F. ) ;
#519 = ADVANCED_FACE ( 'E118', ( #87 ), #1618, .T. ) ;
#520 = CC_DESIGN_APPROVAL ( #529, ( #634 ) ) ;
#521 = CARTESIAN_POINT ( 'NONE',  ( 20.05470053837924700, 22.37500000000000000, -2.000000000000000000 ) ) ;
#522 = ADVANCED_FACE ( 'E1571', ( #70, #93 ), #64, .T. ) ;
#523 = DIRECTION ( 'NONE',  ( -1.000000000000000000, 0.0000000000000000000, -6.123031769111888800E-017 ) ) ;
#524 = ORIENTED_EDGE ( 'NONE', *, *, #2694, .F. ) ;
#525 = DIRECTION ( 'NONE',  ( -1.000000000000000000, 0.0000000000000000000, -6.123031769111888800E-017 ) ) ;
#526 = ADVANCED_FACE ( 'E1130', ( #75, #73 ), #1637, .T. ) ;
#527 = DIRECTION ( 'NONE',  ( 0.0000000000000000000, -0.4999999999999998900, -0.8660254037844387100 ) ) ;
#528 = EDGE_LOOP ( 'NONE', ( #2435, #2429, #2421, #2402 ) ) ;
#529 = APPROVAL ( #130, 'UNSPECIFIED' ) ;
#530 = DATE_AND_TIME ( #2374, #496 ) ;
#531 = PLANE ( 'NONE',  #1604 ) ;
#532 = ORIENTED_EDGE ( 'NONE', *, *, #599, .F. ) ;
#533 = ORIENTED_EDGE ( 'NONE', *, *, #2940, .T. ) ;
#534 = ORIENTED_EDGE ( 'NONE', *, *, #2692, .T. ) ;
#535 = ADVANCED_FACE ( 'E1574', ( #53, #61 ), #67, .T. ) ;
#536 = CARTESIAN_POINT ( 'NONE',  ( 20.05470053837924700, 22.37500000000000000, 2.000000000000000000 ) ) ;
#537 = VERTEX_POINT ( 'NONE', #1652 ) ;
#538 = DIRECTION ( 'NONE',  ( 1.000000000000000000, 0.0000000000000000000, 0.0000000000000000000 ) ) ;
#539 = VECTOR ( 'NONE', #568, 1000.000000000000000 ) ;
#540 = CARTESIAN_POINT ( 'NONE',  ( -5.799999999999999800, 0.0000000000000000000, 0.0000000000000000000 ) ) ;
#541 = ADVANCED_FACE ( 'E759', ( #46 ), #29, .T. ) ;
#542 = EDGE_LOOP ( 'NONE', ( #2815 ) ) ;
#543 = DIRECTION ( 'NONE',  ( 0.4999999999999998900, 0.0000000000000000000, -0.8660254037844387100 ) ) ;
#544 = DIRECTION ( 'NONE',  ( 1.000000000000000000, 0.0000000000000000000, 0.0000000000000000000 ) ) ;
#545 = CIRCLE ( 'NONE', #1188, 24.00000000000000000 ) ;
#546 = CARTESIAN_POINT ( 'NONE',  ( 21.20940107675850300, 22.37500000000000000, 1.414053616061350100E-016 ) ) ;
#547 = ORIENTED_EDGE ( 'NONE', *, *, #1958, .F. ) ;
#548 = EDGE_CURVE ( 'E16', #761, #448, #48, .T. ) ;
#549 = DIRECTION ( 'NONE',  ( 0.0000000000000000000, -0.2588190451025210700, -0.9659258262890682000 ) ) ;
#550 = DIRECTION ( 'NONE',  ( 0.0000000000000000000, -1.000000000000000000, 0.0000000000000000000 ) ) ;
#551 = DIRECTION ( 'NONE',  ( -1.000000000000000000, 0.0000000000000000000, -4.592273826833919600E-017 ) ) ;
#552 = ORIENTED_EDGE ( 'NONE', *, *, #185, .F. ) ;
#553 = ADVANCED_FACE ( 'E707', ( #118, #51 ), #1650, .T. ) ;
#554 = CARTESIAN_POINT ( 'NONE',  ( 17.74529946162074600, 22.37500000000000000, -2.000000000000000000 ) ) ;
#555 = ORIENTED_EDGE ( 'NONE', *, *, #2615, .T. ) ;
#556 = ADVANCED_FACE ( 'E676', ( #49 ), #1657, .T. ) ;
#557 = CIRCLE ( 'NONE', #1249, 4.000000000000000000 ) ;
#558 = CARTESIAN_POINT ( 'NONE',  ( -9.747984829212279900, 0.0000000000000000000, 1.646490209555325200E-016 ) ) ;
#559 = EDGE_CURVE ( 'NONE', #197, #197, #43, .T. ) ;
#560 = VECTOR ( 'NONE', #543, 1000.000000000000000 ) ;
#561 = CARTESIAN_POINT ( 'NONE',  ( 15.00000000000000000, 72.03461538461539200, -13.81174088920481900 ) ) ;
#562 = VERTEX_POINT ( 'NONE', #44 ) ;
#563 = DIRECTION ( 'NONE',  ( -0.4999999999999998900, 0.0000000000000000000, -0.8660254037844387100 ) ) ;
#564 = FACE_OUTER_BOUND ( 'NONE', #2352, .T. ) ;
#565 = ADVANCED_FACE ( 'E645', ( #34 ), #86, .T. ) ;
#566 = ORIENTED_EDGE ( 'NONE', *, *, #2682, .F. ) ;
#567 = DIRECTION ( 'NONE',  ( -5.456111500086630100E-017, -0.4538461538461540700, 0.8910800573680532900 ) ) ;
#568 = DIRECTION ( 'NONE',  ( 0.0000000000000000000, -1.000000000000000000, 0.0000000000000000000 ) ) ;
#569 = ADVANCED_FACE ( 'E596', ( #39 ), #42, .F. ) ;
#570 = ADVANCED_FACE ( 'E790', ( #30 ), #158, .T. ) ;
#571 = ORIENTED_EDGE ( 'NONE', *, *, #2687, .F. ) ;
#572 = CARTESIAN_POINT ( 'NONE',  ( 15.00000000000000000, -72.03461538461539200, 13.81174088920481900 ) ) ;
#573 = ORIENTED_EDGE ( 'NONE', *, *, #2745, .F. ) ;
#574 = ADVANCED_FACE ( 'E1542', ( #32, #28 ), #21, .T. ) ;
#575 = DIRECTION ( 'NONE',  ( 0.0000000000000000000, -1.000000000000000000, 0.0000000000000000000 ) ) ;
#576 = ORIENTED_EDGE ( 'NONE', *, *, #2682, .T. ) ;
#577 = CARTESIAN_POINT ( 'NONE',  ( -5.000000000000000000, -65.00000000000000000, 15.50000000000000000 ) ) ;
#578 = DIRECTION ( 'NONE',  ( 0.0000000000000000000, 0.0000000000000000000, -1.000000000000000000 ) ) ;
#579 = CIRCLE ( 'NONE', #1262, 17.50000000000000000 ) ;
#580 = DIRECTION ( 'NONE',  ( -6.123031769111887500E-017, -0.4999999999999998900, -0.8660254037844387100 ) ) ;
#581 = DIRECTION ( 'NONE',  ( 1.000000000000000000, 0.0000000000000000000, 6.123031769111888800E-017 ) ) ;
#582 = DIRECTION ( 'NONE',  ( -1.000000000000000000, 0.0000000000000000000, -6.123031769111888800E-017 ) ) ;
#583 = ORIENTED_EDGE ( 'NONE', *, *, #2616, .T. ) ;
#584 = DIRECTION ( 'NONE',  ( 6.123031769111888800E-017, 0.0000000000000000000, -1.000000000000000000 ) ) ;
#585 = ADVANCED_FACE ( 'E1118', ( #25 ), #2130, .T. ) ;
#586 = VECTOR ( 'NONE', #1185, 1000.000000000000000 ) ;
#587 = DIRECTION ( 'NONE',  ( 1.000000000000000000, 0.0000000000000000000, 0.0000000000000000000 ) ) ;
#588 = EDGE_CURVE ( 'E129', #2367, #1224, #20, .T. ) ;
#589 = ADVANCED_FACE ( 'E0', ( #35, #40 ), #16, .F. ) ;
#590 = ADVANCED_FACE ( 'E318', ( #8 ), #265, .F. ) ;
#591 = CIRCLE ( 'NONE', #1271, 4.000000000000000000 ) ;
#592 = B_SPLINE_CURVE_WITH_KNOTS ( 'NONE', 3,
 ( #1826, #1834, #1839, #1840, #1844, #1846, #1848, #1852, #1857, #1866, #1871, #1874, #1882, #1887, #1892, #1895, #1896, #1902 ),
 .UNSPECIFIED., .T., .F.,
 ( 4, 2, 2, 2, 2, 2, 2, 2, 4 ),
 ( 0.0000000000000000000, 0.0003907693138654224900, 0.0007815386277308449800, 0.001172307941596267600, 0.001563077255461690000, 0.001953846569327112300, 0.002344615883192535100, 0.002735385197057957500, 0.003126154510923379900 ),
 .UNSPECIFIED. ) ;
#593 = ADVANCED_FACE ( 'E1550', ( #15, #2 ), #7, .T. ) ;
#594 = CARTESIAN_POINT ( 'NONE',  ( 13.80594330486610100, 0.0000000000000000000, 0.0000000000000000000 ) ) ;
#595 = VECTOR ( 'NONE', #1207, 1000.000000000000000 ) ;
#596 = ADVANCED_BREP_SHAPE_REPRESENTATION ( 'UCFL-207', ( #2207, #739 ), #870 ) ;
#597 = ADVANCED_FACE ( 'E916', ( #239, #11 ), #2685, .T. ) ;
#598 = ORIENTED_EDGE ( 'NONE', *, *, #2670, .F. ) ;
#599 = EDGE_CURVE ( 'NONE', #196, #196, #2695, .T. ) ;
#600 = LINE ( 'NONE', #1203, #586 ) ;
#601 = DIRECTION ( 'NONE',  ( 0.0000000000000000000, 1.000000000000000000, 0.0000000000000000000 ) ) ;
#602 = CARTESIAN_POINT ( 'NONE',  ( -19.00000000000000000, 20.42307692307690200, -40.09860258156239600 ) ) ;
#603 = ADVANCED_FACE ( 'E1234', ( #2705 ), #459, .T. ) ;
#604 = CIRCLE ( 'NONE', #1265, 4.000000000000000000 ) ;
#605 = ORIENTED_EDGE ( 'NONE', *, *, #2676, .F. ) ;
#606 = ADVANCED_FACE ( 'E203', ( #1 ), #2672, .T. ) ;
#607 = ORIENTED_EDGE ( 'NONE', *, *, #253, .F. ) ;
#608 = CARTESIAN_POINT ( 'NONE',  ( 18.90000000000000900, -5.054260903562651600, -16.75423667967950400 ) ) ;
#609 = LINE ( 'NONE', #1228, #612 ) ;
#610 = CARTESIAN_POINT ( 'NONE',  ( 18.63479776828476600, -5.054260903562654200, -16.75423667967950400 ) ) ;
#611 = ORIENTED_EDGE ( 'NONE', *, *, #2670, .T. ) ;
#612 = VECTOR ( 'NONE', #1221, 1000.000000000000000 ) ;
#613 = DIRECTION ( 'NONE',  ( 2.778914418289240500E-017, -0.8910800573680532900, -0.4538461538461540700 ) ) ;
#614 = ORIENTED_EDGE ( 'NONE', *, *, #2931, .T. ) ;
#615 = ORIENTED_EDGE ( 'NONE', *, *, #2623, .T. ) ;
#616 = CARTESIAN_POINT ( 'NONE',  ( 18.37326412514170200, -5.079975992701412800, -16.74654135538991900 ) ) ;
#617 = VECTOR ( 'NONE', #1282, 1000.000000000000000 ) ;
#618 = ADVANCED_FACE ( 'E639', ( #10, #2675 ), #2713, .T. ) ;
#619 = B_SPLINE_CURVE_WITH_KNOTS ( 'NONE', 3,
 ( #1858, #1855, #1818, #1812, #1809, #1805, #1798, #1797, #1793, #1786, #1782, #1774, #1767, #1762, #1755, #1754, #1749, #1741, #1733, #1729, #1724, #1723, #1718, #1714, #1708, #1703, #1699, #1693, #1682, #1677 ),
 .UNSPECIFIED., .F., .F.,
 ( 4, 2, 2, 2, 2, 2, 2, 2, 2, 2, 2, 2, 2, 2, 4 ),
 ( 0.007696585137268275500, 0.008300654350282758700, 0.008904723563297240300, 0.009508792776311721800, 0.01011286198932620500, 0.01132100041535517200, 0.01192506962836965800, 0.01252913884138414700, 0.01313320805439863400, 0.01373727726741312200, 0.01434134648042760900, 0.01494541569344209700, 0.01554948490645658600, 0.01615355411947107200, 0.01736169254550005600 ),
 .UNSPECIFIED. ) ;
#620 = CARTESIAN_POINT ( 'NONE',  ( 0.0000000000000000000, 0.0000000000000000000, 0.0000000000000000000 ) ) ;
#621 = DIRECTION ( 'NONE',  ( -1.000000000000000000, 0.0000000000000000000, -6.123031769111888800E-017 ) ) ;
#622 = LINE ( 'NONE', #1344, #617 ) ;
#623 = EDGE_LOOP ( 'NONE', ( #2880 ) ) ;
#624 = CARTESIAN_POINT ( 'NONE',  ( 17.85739776684140200, -5.181218071771976200, -16.71549528871194200 ) ) ;
#625 = LINE ( 'NONE', #1303, #595 ) ;
#626 = ORIENTED_EDGE ( 'NONE', *, *, #2655, .F. ) ;
#627 = LINE ( 'NONE', #1353, #636 ) ;
#628 = CARTESIAN_POINT ( 'NONE',  ( 15.00000000000000000, -72.03461538461539200, 13.81174088920481900 ) ) ;
#629 = CARTESIAN_POINT ( 'NONE',  ( 17.60300920660347800, -5.257464203524642200, -16.69190144086846000 ) ) ;
#630 = DIRECTION ( 'NONE',  ( 1.000000000000000000, 0.0000000000000000000, 0.0000000000000000000 ) ) ;
#631 = CIRCLE ( 'NONE', #1243, 18.59999999999999800 ) ;
#632 = CARTESIAN_POINT ( 'NONE',  ( 15.00000000000000000, 72.03461538461539200, 13.81174088920481900 ) ) ;
#633 = CIRCLE ( 'NONE', #1284, 4.000000000000000000 ) ;
#634 = PRODUCT_DEFINITION ( 'UNKNOWN', '', #161, #2040 ) ;
#635 = COORDINATED_UNIVERSAL_TIME_OFFSET ( 3, 0, .BEHIND. ) ;
#636 = VECTOR ( 'NONE', #1307, 1000.000000000000000 ) ;
#637 = VERTEX_POINT ( 'NONE', #2368 ) ;
#638 = ORIENTED_EDGE ( 'NONE', *, *, #2664, .F. ) ;
#639 = EDGE_LOOP ( 'NONE', ( #1298, #1297, #1294, #1280 ) ) ;
#640 = CARTESIAN_POINT ( 'NONE',  ( 17.12182596954750500, -5.452605573490205700, -16.62917905438969900 ) ) ;
#641 = CIRCLE ( 'NONE', #1281, 3.958749999999999800 ) ;
#642 = CARTESIAN_POINT ( 'NONE',  ( 0.0000000000000000000, 0.0000000000000000000, 0.0000000000000000000 ) ) ;
#643 = VERTEX_POINT ( 'NONE', #2395 ) ;
#644 = VECTOR ( 'NONE', #1515, 1000.000000000000000 ) ;
#645 = CARTESIAN_POINT ( 'NONE',  ( 16.89223452441119400, -5.571883205148395700, -16.58994653051853500 ) ) ;
#646 = DIRECTION ( 'NONE',  ( 0.0000000000000000000, 1.000000000000000000, 0.0000000000000000000 ) ) ;
#647 = CIRCLE ( 'NONE', #1285, 4.000000000000000000 ) ;
#648 = DIRECTION ( 'NONE',  ( 1.000000000000000000, 0.0000000000000000000, 0.0000000000000000000 ) ) ;
#649 = VECTOR ( 'NONE', #1539, 1000.000000000000000 ) ;
#650 = CARTESIAN_POINT ( 'NONE',  ( 16.45539992720073400, -5.853604431140750500, -16.49265059052084200 ) ) ;
#651 = CARTESIAN_POINT ( 'NONE',  ( 16.25327087200151500, -6.013017178624745700, -16.43558057071628700 ) ) ;
#652 = VERTEX_POINT ( 'NONE', #2326 ) ;
#653 = CARTESIAN_POINT ( 'NONE',  ( 15.88616871339603200, -6.361434702678286300, -16.30389011280754000 ) ) ;
#654 = APPROVAL_PERSON_ORGANIZATION ( #489, #3, #107 ) ;
#655 = LINE ( 'NONE', #1534, #644 ) ;
#656 = CARTESIAN_POINT ( 'NONE',  ( 15.71879303738483600, -6.553083433872120400, -16.22822807799280700 ) ) ;
#657 = VECTOR ( 'NONE', #1551, 1000.000000000000100 ) ;
#658 = CARTESIAN_POINT ( 'NONE',  ( 15.42774779608511100, -6.958508999007554200, -16.05856287322668400 ) ) ;
#659 = ORIENTED_EDGE ( 'NONE', *, *, #2655, .T. ) ;
#660 = CARTESIAN_POINT ( 'NONE',  ( 15.30505808400491900, -7.170051584626727400, -15.96556007596405100 ) ) ;
#661 = B_SPLINE_CURVE_WITH_KNOTS ( 'NONE', 3,
 ( #1907, #1816, #1913, #1923, #1926, #1927, #1932, #1933, #1937, #1938, #1943, #1953, #1956, #1959, #1961, #1964, #1965, #1968 ),
 .UNSPECIFIED., .T., .F.,
 ( 4, 2, 2, 2, 2, 2, 2, 2, 4 ),
 ( 0.0000000000000000000, 0.0003933966246392770000, 0.0007867932492785540000, 0.001180189873917831000, 0.001573586498557108000, 0.001966983123196384800, 0.002360379747835662000, 0.002753776372474939200, 0.003147172997114216000 ),
 .UNSPECIFIED. ) ;
#662 = ORIENTED_EDGE ( 'NONE', *, *, #1743, .T. ) ;
#663 = DIRECTION ( 'NONE',  ( 1.000000000000000000, 0.0000000000000000000, 0.0000000000000000000 ) ) ;
#664 = CARTESIAN_POINT ( 'NONE',  ( 15.10485834434404300, -7.609472306673165300, -15.76085909712409900 ) ) ;
#665 = ORIENTED_EDGE ( 'NONE', *, *, #2644, .F. ) ;
#666 = ORIENTED_EDGE ( 'NONE', *, *, #1115, .F. ) ;
#667 = CARTESIAN_POINT ( 'NONE',  ( 15.02741183796866800, -7.839160391011911400, -15.64811710617704300 ) ) ;
#668 = LINE ( 'NONE', #1550, #649 ) ;
#669 = EDGE_LOOP ( 'NONE', ( #2790 ) ) ;
#670 = CARTESIAN_POINT ( 'NONE',  ( 15.00000000000000000, 20.42307692307695200, 40.09860258156239600 ) ) ;
#671 = DIRECTION ( 'NONE',  ( 0.0000000000000000000, -1.000000000000000000, 0.0000000000000000000 ) ) ;
#672 = CARTESIAN_POINT ( 'NONE',  ( 14.92556130183112000, -8.295136106356721900, -15.41125308278524000 ) ) ;
#673 = ORIENTED_EDGE ( 'NONE', *, *, #2328, .F. ) ;
#674 = DIRECTION ( 'NONE',  ( 0.4999999999999998900, 0.0000000000000000000, -0.8660254037844387100 ) ) ;
#675 = CARTESIAN_POINT ( 'NONE',  ( 14.89984191912744300, -8.523495786774425700, -15.28625855722885200 ) ) ;
#676 = ORIENTED_EDGE ( 'NONE', *, *, #2580, .F. ) ;
#677 = CARTESIAN_POINT ( 'NONE',  ( 14.90015952854934200, -8.980672035292055700, -15.02222389994694200 ) ) ;
#678 = VERTEX_POINT ( 'NONE', #187 ) ;
#679 = VERTEX_POINT ( 'NONE', #2366 ) ;
#680 = ADVANCED_FACE ( 'E1389', ( #2666, #2709 ), #2624, .F. ) ;
#681 = VECTOR ( 'NONE', #1566, 1000.000000000000000 ) ;
#682 = CARTESIAN_POINT ( 'NONE',  ( 14.92664511522203900, -9.205652049774592200, -14.88528110105160900 ) ) ;
#683 = CARTESIAN_POINT ( 'NONE',  ( 15.02916393608912500, -9.637404528901932100, -14.60945095016044300 ) ) ;
#684 = LINE ( 'NONE', #1558, #657 ) ;
#685 = CARTESIAN_POINT ( 'NONE',  ( 15.10593155727564100, -9.847498278806192200, -14.46845820906307800 ) ) ;
#686 = VECTOR ( 'NONE', #1578, 1000.000000000000100 ) ;
#687 = CARTESIAN_POINT ( 'NONE',  ( 15.30819337042163800, -10.24695311575648100, -14.18835639325375200 ) ) ;
#688 = LINE ( 'NONE', #1573, #681 ) ;
#689 = CARTESIAN_POINT ( 'NONE',  ( 15.43148400844346000, -10.43288362580209000, -14.05177759077780000 ) ) ;
#690 = DIRECTION ( 'NONE',  ( -1.000000000000000000, 0.0000000000000000000, 0.0000000000000000000 ) ) ;
#691 = ORIENTED_EDGE ( 'NONE', *, *, #2636, .F. ) ;
#692 = CARTESIAN_POINT ( 'NONE',  ( 18.89999999999999900, -8.750000000000000000, -15.15544456622770000 ) ) ;
#693 = CARTESIAN_POINT ( 'NONE',  ( -5.000000000000000000, 65.00000000000000000, 0.0000000000000000000 ) ) ;
#694 = VECTOR ( 'NONE', #1589, 1000.000000000000000 ) ;
#695 = CARTESIAN_POINT ( 'NONE',  ( 15.72101353956153600, -10.77964647596296500, -13.78755729139407500 ) ) ;
#696 = ORIENTED_EDGE ( 'NONE', *, *, #2629, .T. ) ;
#697 = DIRECTION ( 'NONE',  ( 0.0000000000000000000, -1.000000000000000000, 0.0000000000000000000 ) ) ;
#698 = LINE ( 'NONE', #1584, #686 ) ;
#699 = CARTESIAN_POINT ( 'NONE',  ( 15.88943540243659800, -10.94188496552759700, -13.65869714042760700 ) ) ;
#700 = CARTESIAN_POINT ( 'NONE',  ( 15.00000000000000000, 20.42307692307690200, -40.09860258156239600 ) ) ;
#701 = EDGE_CURVE ( 'NONE', #191, #191, #2647, .T. ) ;
#702 = ORIENTED_EDGE ( 'NONE', *, *, #2588, .F. ) ;
#703 = ORIENTED_EDGE ( 'NONE', *, *, #2962, .F. ) ;
#704 = CARTESIAN_POINT ( 'NONE',  ( 16.25853163708140400, -11.23078771630271400, -13.42215561838366800 ) ) ;
#705 = VECTOR ( 'NONE', #1602, 1000.000000000000000 ) ;
#706 = LINE ( 'NONE', #1594, #694 ) ;
#707 = CARTESIAN_POINT ( 'NONE',  ( 16.45935537988003700, -11.35851054029227900, -13.31375808893919200 ) ) ;
#708 = EDGE_LOOP ( 'NONE', ( #1583, #1580, #1577, #1576 ) ) ;
#709 = EDGE_CURVE ( 'NONE', #188, #188, #2635, .T. ) ;
#710 = CARTESIAN_POINT ( 'NONE',  ( 16.89412324394250200, -11.58212397037442400, -13.11969208783509600 ) ) ;
#711 = CARTESIAN_POINT ( 'NONE',  ( -6.400000000000000400, 42.24630161327735300, 15.50000000000000000 ) ) ;
#712 = ORIENTED_EDGE ( 'NONE', *, *, #2633, .T. ) ;
#713 = CARTESIAN_POINT ( 'NONE',  ( -19.00000000000000000, 0.0000000000000000000, 0.0000000000000000000 ) ) ;
#714 = VECTOR ( 'NONE', #1606, 1000.000000000000000 ) ;
#715 = CC_DESIGN_PERSON_AND_ORGANIZATION_ASSIGNMENT ( #2223, #138, ( #2886 ) ) ;
#716 = DIRECTION ( 'NONE',  ( 1.000000000000000000, 0.0000000000000000000, 0.0000000000000000000 ) ) ;
#717 = FACE_OUTER_BOUND ( 'NONE', #2258, .T. ) ;
#718 = CARTESIAN_POINT ( 'NONE',  ( -12.00000000000000000, 65.00000000000000000, 15.50000000000000000 ) ) ;
#719 = VECTOR ( 'NONE', #1614, 1000.000000000000100 ) ;
#720 = CARTESIAN_POINT ( 'NONE',  ( 17.12796472380403800, -11.67730173796616500, -13.03460970876560800 ) ) ;
#721 = CARTESIAN_POINT ( 'NONE',  ( 17.60971329286213200, -11.82860937991932600, -12.89745813238556900 ) ) ;
#722 = CARTESIAN_POINT ( 'NONE',  ( 17.86048816208292000, -11.88614160667127000, -12.84415981145292000 ) ) ;
#723 = DATE_AND_TIME ( #1269, #875 ) ;
#724 = DIRECTION ( 'NONE',  ( -1.000000000000000000, 0.0000000000000000000, 0.0000000000000000000 ) ) ;
#725 = CARTESIAN_POINT ( 'NONE',  ( 18.37959850456521900, -11.96364675927400100, -12.77199905164796900 ) ) ;
#726 = DIRECTION ( 'NONE',  ( 0.0000000000000000000, 0.0000000000000000000, 1.000000000000000000 ) ) ;
#727 = CARTESIAN_POINT ( 'NONE',  ( 18.64015364130295200, -11.98254594727357900, -12.75415981686603200 ) ) ;
#728 = ORIENTED_EDGE ( 'NONE', *, *, #2629, .F. ) ;
#729 = CARTESIAN_POINT ( 'NONE',  ( 19.16320010735531200, -11.98238179413179500, -12.75431403691871100 ) ) ;
#730 = ORIENTED_EDGE ( 'NONE', *, *, #2625, .T. ) ;
#731 = EDGE_LOOP ( 'NONE', ( #2397, #2383, #2377, #2357 ) ) ;
#732 = ORIENTED_EDGE ( 'NONE', *, *, #2595, .T. ) ;
#733 = CARTESIAN_POINT ( 'NONE',  ( 19.42873925621849600, -11.96271053357182400, -12.77287578651947800 ) ) ;
#734 = ORIENTED_EDGE ( 'NONE', *, *, #771, .T. ) ;
#735 = CARTESIAN_POINT ( 'NONE',  ( 19.94329387122410700, -11.88526094607013700, -12.84497455862431000 ) ) ;
#736 = CARTESIAN_POINT ( 'NONE',  ( 10.00000000000000000, 0.0000000000000000000, 0.0000000000000000000 ) ) ;
#737 = CARTESIAN_POINT ( 'NONE',  ( 20.19261454936855000, -11.82805292205139300, -12.89797241372808600 ) ) ;
#738 = ORIENTED_EDGE ( 'NONE', *, *, #2623, .F. ) ;
#739 = AXIS2_PLACEMENT_3D ( 'NONE', #338, #177, #142 ) ;
#740 = DIRECTION ( 'NONE',  ( -1.000000000000000000, 0.0000000000000000000, -6.123031769111888800E-017 ) ) ;
#741 = LINE ( 'NONE', #1612, #714 ) ;
#742 = ORIENTED_EDGE ( 'NONE', *, *, #559, .F. ) ;
#743 = CARTESIAN_POINT ( 'NONE',  ( 20.67563023474065200, -11.67599580728787800, -13.03578345249472500 ) ) ;
#744 = ORIENTED_EDGE ( 'NONE', *, *, #1049, .F. ) ;
#745 = CARTESIAN_POINT ( 'NONE',  ( 20.90984262653020300, -11.58029066916059000, -13.12130398314322700 ) ) ;
#746 = CARTESIAN_POINT ( 'NONE',  ( 21.34219376825873500, -11.35750466152744700, -13.31460994786105100 ) ) ;
#747 = ORIENTED_EDGE ( 'NONE', *, *, #2745, .T. ) ;
#748 = CARTESIAN_POINT ( 'NONE',  ( -72.00000000000000000, 0.0000000000000000000, 0.0000000000000000000 ) ) ;
#749 = CARTESIAN_POINT ( 'NONE',  ( 21.54317234669130700, -11.22974307733599100, -13.42304847960096700 ) ) ;
#750 = ADVANCED_FACE ( 'E454', ( #2599, #2660, #2606, #2663 ), #380, .F. ) ;
#751 = ORIENTED_EDGE ( 'NONE', *, *, #2616, .F. ) ;
#752 = ORIENTED_EDGE ( 'NONE', *, *, #2615, .F. ) ;
#753 = ORIENTED_EDGE ( 'NONE', *, *, #2611, .F. ) ;
#754 = PLANE ( 'NONE',  #1630 ) ;
#755 = CARTESIAN_POINT ( 'NONE',  ( 21.91424081460951700, -10.93871413859364600, -13.66125517889278400 ) ) ;
#756 = VECTOR ( 'NONE', #1640, 1000.000000000000000 ) ;
#757 = VERTEX_POINT ( 'NONE', #2649 ) ;
#758 = CARTESIAN_POINT ( 'NONE',  ( 22.08059662123200800, -10.77796634546007600, -13.78887040624321100 ) ) ;
#759 = ORIENTED_EDGE ( 'NONE', *, *, #2805, .T. ) ;
#760 = CARTESIAN_POINT ( 'NONE',  ( 22.36970992539581400, -10.43120293772825500, -14.05302497314971600 ) ) ;
#761 = VERTEX_POINT ( 'NONE', #994 ) ;
#762 = LINE ( 'NONE', #1626, #719 ) ;
#763 = DIRECTION ( 'NONE',  ( 1.000000000000000000, 0.0000000000000000000, 0.0000000000000000000 ) ) ;
#764 = CARTESIAN_POINT ( 'NONE',  ( 22.49454027718281400, -10.24238950144071200, -14.19164601980564400 ) ) ;
#765 = PLANE ( 'NONE',  #1572 ) ;
#766 = ORIENTED_EDGE ( 'NONE', *, *, #2554, .T. ) ;
#767 = CARTESIAN_POINT ( 'NONE',  ( 22.69574204716711200, -9.843339372920246100, -14.47128292309310300 ) ) ;
#768 = CARTESIAN_POINT ( 'NONE',  ( 22.77153084000455200, -9.635441395849040800, -14.61076224695005100 ) ) ;
#769 = LINE ( 'NONE', #1661, #705 ) ;
#770 = CARTESIAN_POINT ( 'NONE',  ( 22.87397702327386600, -9.202056636917534500, -14.88752020924588000 ) ) ;
#771 = EDGE_CURVE ( 'NONE', #183, #183, #2536, .T. ) ;
#772 = CARTESIAN_POINT ( 'NONE',  ( 22.90015881317524600, -8.974667920774130900, -15.02577439749082800 ) ) ;
#773 = ORIENTED_EDGE ( 'NONE', *, *, #2711, .F. ) ;
#774 = CARTESIAN_POINT ( 'NONE',  ( 22.89983970153565100, -8.521110124589748500, -15.28755188959557300 ) ) ;
#775 = ORIENTED_EDGE ( 'NONE', *, *, #2605, .F. ) ;
#776 = CARTESIAN_POINT ( 'NONE',  ( 22.87421951818635800, -8.292886502163497700, -15.41249236515873700 ) ) ;
#777 = VECTOR ( 'NONE', #1654, 1000.000000000000100 ) ;
#778 = CARTESIAN_POINT ( 'NONE',  ( 22.77110572681746000, -7.833813179737718200, -15.65082293391659200 ) ) ;
#779 = ORIENTED_EDGE ( 'NONE', *, *, #1743, .F. ) ;
#780 = DIRECTION ( 'NONE',  ( 0.0000000000000000000, 1.000000000000000000, 0.0000000000000000000 ) ) ;
#781 = LINE ( 'NONE', #1837, #777 ) ;
#782 = EDGE_CURVE ( 'NONE', #178, #178, #2881, .T. ) ;
#783 = CARTESIAN_POINT ( 'NONE',  ( 22.69380566231840400, -7.606101689191507200, -15.76247098015464200 ) ) ;
#784 = CARTESIAN_POINT ( 'NONE',  ( 22.49399889175191400, -7.168424991751381400, -15.96627562846681200 ) ) ;
#785 = LINE ( 'NONE', #1665, #756 ) ;
#786 = VERTEX_POINT ( 'NONE', #1013 ) ;
#787 = B_SPLINE_CURVE_WITH_KNOTS ( 'NONE', 3,
 ( #2466, #2043, #2332, #2338, #2340, #2345, #2346, #2353, #2355, #2360 ),
 .UNSPECIFIED., .F., .F.,
 ( 4, 2, 2, 2, 4 ),
 ( 0.006546220706827881100, 0.007039151501828307600, 0.007532082296828734200, 0.008025013091829159800, 0.008517943886829587200 ),
 .UNSPECIFIED. ) ;
#788 = DIRECTION ( 'NONE',  ( 1.000000000000000000, 0.0000000000000000000, 0.0000000000000000000 ) ) ;
#789 = ORIENTED_EDGE ( 'NONE', *, *, #1958, .T. ) ;
#790 = ORIENTED_EDGE ( 'NONE', *, *, #309, .F. ) ;
#791 = CARTESIAN_POINT ( 'NONE',  ( 22.37029743379506300, -6.955287705104035800, -16.05996533314398500 ) ) ;
#792 = ORIENTED_EDGE ( 'NONE', *, *, #2595, .F. ) ;
#793 = DIRECTION ( 'NONE',  ( 0.0000000000000000000, 0.4999999999999998900, 0.8660254037844387100 ) ) ;
#794 = ORIENTED_EDGE ( 'NONE', *, *, #2594, .F. ) ;
#795 = ORIENTED_EDGE ( 'NONE', *, *, #2588, .T. ) ;
#796 = DIRECTION ( 'NONE',  ( 8.566535683836084200E-017, 0.0000000000000000000, -1.000000000000000000 ) ) ;
#797 = VECTOR ( 'NONE', #1888, 1000.000000000000000 ) ;
#798 = ORIENTED_EDGE ( 'NONE', *, *, #2755, .T. ) ;
#799 = CARTESIAN_POINT ( 'NONE',  ( 22.07782628095533900, -6.548881633971214800, -16.22993108139380400 ) ) ;
#800 = DIRECTION ( 'NONE',  ( 0.0000000000000000000, -0.8660254037844387100, 0.4999999999999998900 ) ) ;
#801 = ORIENTED_EDGE ( 'NONE', *, *, #439, .F. ) ;
#802 = CARTESIAN_POINT ( 'NONE',  ( 21.91255467155699300, -6.360044865359500800, -16.30443287449027400 ) ) ;
#803 = DIRECTION ( 'NONE',  ( 1.000000000000000000, 0.0000000000000000000, 0.0000000000000000000 ) ) ;
#804 = ORIENTED_EDGE ( 'NONE', *, *, #2917, .T. ) ;
#805 = EDGE_CURVE ( 'E273', #1671, #1128, #2522, .T. ) ;
#806 = ORIENTED_EDGE ( 'NONE', *, *, #709, .T. ) ;
#807 = ADVANCED_FACE ( 'E1577', ( #2552, #2583 ), #1779, .T. ) ;
#808 = CIRCLE ( 'NONE', #1290, 4.000000000000001800 ) ;
#809 = DIRECTION ( 'NONE',  ( 0.0000000000000000000, 0.0000000000000000000, 1.000000000000000000 ) ) ;
#810 = CARTESIAN_POINT ( 'NONE',  ( 21.54496925427911300, -6.011526555820452700, -16.43612638418219200 ) ) ;
#811 = VERTEX_POINT ( 'NONE', #1776 ) ;
#812 = CARTESIAN_POINT ( 'NONE',  ( 21.34013450386599300, -5.850452566220590200, -16.49375793065788200 ) ) ;
#813 = DIRECTION ( 'NONE',  ( -1.000000000000000000, 0.0000000000000000000, -6.123031769111888800E-017 ) ) ;
#814 = ORIENTED_EDGE ( 'NONE', *, *, #2644, .T. ) ;
#815 = CARTESIAN_POINT ( 'NONE',  ( 20.90601148506040000, -5.571027907723991900, -16.59022284226760000 ) ) ;
#816 = VERTEX_POINT ( 'NONE', #1802 ) ;
#817 = CARTESIAN_POINT ( 'NONE',  ( 17.74529946162074600, -13.73205080756885900, -19.78460969082654900 ) ) ;
#818 = CARTESIAN_POINT ( 'NONE',  ( 17.74529946162074600, 24.00000000000000000, -2.000000000000000000 ) ) ;
#819 = CARTESIAN_POINT ( 'NONE',  ( 20.67662464132985500, -5.451763145092300500, -16.62945747120837600 ) ) ;
#820 = ORIENTED_EDGE ( 'NONE', *, *, #1354, .F. ) ;
#821 = VERTEX_POINT ( 'NONE', #602 ) ;
#822 = ORIENTED_EDGE ( 'NONE', *, *, #2951, .F. ) ;
#823 = CARTESIAN_POINT ( 'NONE',  ( 20.19268492249255700, -5.255934667900999300, -16.69238532815700500 ) ) ;
#824 = ORIENTED_EDGE ( 'NONE', *, *, #2605, .T. ) ;
#825 = CARTESIAN_POINT ( 'NONE',  ( 19.93817723141774700, -5.180172525604116500, -16.71581762148425900 ) ) ;
#826 = DIRECTION ( 'NONE',  ( -1.000000000000000000, 0.0000000000000000000, 0.0000000000000000000 ) ) ;
#827 = ORIENTED_EDGE ( 'NONE', *, *, #2639, .F. ) ;
#828 = CARTESIAN_POINT ( 'NONE',  ( 15.00000000000000000, -72.03461538461539200, -13.81174088920481900 ) ) ;
#829 = CARTESIAN_POINT ( 'NONE',  ( 19.42579109344518100, -5.079969550517242600, -16.74654159865746900 ) ) ;
#830 = VERTEX_POINT ( 'NONE', #1807 ) ;
#831 = CARTESIAN_POINT ( 'NONE',  ( -6.400000000000000400, -65.00000000000000000, 0.0000000000000000000 ) ) ;
#832 = LINE ( 'NONE', #1649, #797 ) ;
#833 = CARTESIAN_POINT ( 'NONE',  ( 19.16520223171525200, -5.054260903562649800, -16.75423667967950100 ) ) ;
#834 = DIRECTION ( 'NONE',  ( 0.0000000000000000000, 0.0000000000000000000, 1.000000000000000000 ) ) ;
#835 = VECTOR ( 'NONE', #1930, 1000.000000000000000 ) ;
#836 = DIRECTION ( 'NONE',  ( -1.000000000000000000, 0.0000000000000000000, 0.0000000000000000000 ) ) ;
#837 = DIRECTION ( 'NONE',  ( 1.000000000000000000, 0.0000000000000000000, 0.0000000000000000000 ) ) ;
#838 = ORIENTED_EDGE ( 'NONE', *, *, #2575, .F. ) ;
#839 = DIRECTION ( 'NONE',  ( 1.000000000000000000, 0.0000000000000000000, 6.123031769111888800E-017 ) ) ;
#840 = CARTESIAN_POINT ( 'NONE',  ( -17.50000000000000000, 0.0000000000000000000, 0.0000000000000000000 ) ) ;
#841 = DIRECTION ( 'NONE',  ( 0.0000000000000000000, 0.0000000000000000000, 1.000000000000000000 ) ) ;
#842 = ORIENTED_EDGE ( 'NONE', *, *, #2580, .T. ) ;
#843 = VERTEX_POINT ( 'NONE', #1795 ) ;
#844 = DIRECTION ( 'NONE',  ( 0.0000000000000000000, 0.0000000000000000000, -1.000000000000000000 ) ) ;
#845 = CARTESIAN_POINT ( 'NONE',  ( 24.29999999999999700, 0.0000000000000000000, 0.0000000000000000000 ) ) ;
#846 = ORIENTED_EDGE ( 'NONE', *, *, #2777, .T. ) ;
#847 = CARTESIAN_POINT ( 'NONE',  ( -19.00000000000000000, -65.00000000000000000, 0.0000000000000000000 ) ) ;
#848 = ORIENTED_EDGE ( 'NONE', *, *, #2575, .T. ) ;
#849 = DIRECTION ( 'NONE',  ( -1.000000000000000000, 0.0000000000000000000, 0.0000000000000000000 ) ) ;
#850 = ORIENTED_EDGE ( 'NONE', *, *, #900, .F. ) ;
#851 = PLANE ( 'NONE',  #2240 ) ;
#852 = CIRCLE ( 'NONE', #1299, 4.000000000000001800 ) ;
#853 = ORIENTED_EDGE ( 'NONE', *, *, #2573, .F. ) ;
#854 = ORIENTED_EDGE ( 'NONE', *, *, #2516, .T. ) ;
#855 = CARTESIAN_POINT ( 'NONE',  ( 0.0000000000000000000, 0.0000000000000000000, 0.0000000000000000000 ) ) ;
#856 = CARTESIAN_POINT ( 'NONE',  ( -17.50000000000000000, 0.0000000000000000000, 0.0000000000000000000 ) ) ;
#857 = CARTESIAN_POINT ( 'NONE',  ( 20.05470053837924700, 24.00000000000000000, 2.000000000000000000 ) ) ;
#858 = ORIENTED_EDGE ( 'NONE', *, *, #2337, .F. ) ;
#859 = DIRECTION ( 'NONE',  ( 1.000000000000000000, 0.0000000000000000000, 0.0000000000000000000 ) ) ;
#860 = ORIENTED_EDGE ( 'NONE', *, *, #304, .T. ) ;
#861 = DIRECTION ( 'NONE',  ( 0.0000000000000000000, -1.000000000000000000, 0.0000000000000000000 ) ) ;
#862 = CARTESIAN_POINT ( 'NONE',  ( 18.90000000000000900, -5.054260903562651600, -16.75423667967950400 ) ) ;
#863 = ORIENTED_EDGE ( 'NONE', *, *, #2573, .T. ) ;
#864 = DIRECTION ( 'NONE',  ( 0.0000000000000000000, -1.000000000000000000, 0.0000000000000000000 ) ) ;
#865 = ORIENTED_EDGE ( 'NONE', *, *, #2568, .T. ) ;
#866 = CARTESIAN_POINT ( 'NONE',  ( -72.00000000000000000, 0.0000000000000000000, 0.0000000000000000000 ) ) ;
#867 = DIRECTION ( 'NONE',  ( 0.0000000000000000000, 1.000000000000000000, 0.0000000000000000000 ) ) ;
#868 = ORIENTED_EDGE ( 'NONE', *, *, #2331, .T. ) ;
#869 = DIRECTION ( 'NONE',  ( 0.0000000000000000000, 0.0000000000000000000, 1.000000000000000000 ) ) ;
#870 =( GEOMETRIC_REPRESENTATION_CONTEXT ( 3 ) GLOBAL_UNCERTAINTY_ASSIGNED_CONTEXT ( ( #876 ) ) GLOBAL_UNIT_ASSIGNED_CONTEXT ( ( #157, #153, #152 ) ) REPRESENTATION_CONTEXT ( 'NONE', 'WORKASPACE' ) );
#871 = CARTESIAN_POINT ( 'NONE',  ( -19.00000000000000000, -65.00000000000000000, -3.979970649922724500E-015 ) ) ;
#872 = ORIENTED_EDGE ( 'NONE', *, *, #1115, .T. ) ;
#873 = DIRECTION ( 'NONE',  ( -1.000000000000000000, 0.0000000000000000000, 0.0000000000000000000 ) ) ;
#874 = CARTESIAN_POINT ( 'NONE',  ( 24.29999999999999700, 0.0000000000000000000, 0.0000000000000000000 ) ) ;
#875 = LOCAL_TIME ( 9, 13, 0.0000000000000000000, #2423 ) ;
#876 = UNCERTAINTY_MEASURE_WITH_UNIT (LENGTH_MEASURE( 1.000000000000000100E-005 ), #157, 'distance_accuracy_value', 'NONE');
#877 = DIRECTION ( 'NONE',  ( 1.000000000000000000, 0.0000000000000000000, 6.123031769111888800E-017 ) ) ;
#878 = ORIENTED_EDGE ( 'NONE', *, *, #174, .F. ) ;
#879 = CARTESIAN_POINT ( 'NONE',  ( 17.74529946162074600, 24.00000000000000000, 2.000000000000000000 ) ) ;
#880 = DIRECTION ( 'NONE',  ( 0.0000000000000000000, 0.0000000000000000000, -1.000000000000000000 ) ) ;
#881 = CARTESIAN_POINT ( 'NONE',  ( 0.0000000000000000000, 0.0000000000000000000, 0.0000000000000000000 ) ) ;
#882 = ORIENTED_EDGE ( 'NONE', *, *, #2568, .F. ) ;
#883 = VECTOR ( 'NONE', #1929, 1000.000000000000100 ) ;
#884 = ORIENTED_EDGE ( 'NONE', *, *, #2560, .T. ) ;
#885 = CARTESIAN_POINT ( 'NONE',  ( 17.74529946162074600, 24.00000000000000000, -2.000000000000000000 ) ) ;
#886 = ORIENTED_EDGE ( 'NONE', *, *, #76, .F. ) ;
#887 = ORIENTED_EDGE ( 'NONE', *, *, #174, .T. ) ;
#888 = DIRECTION ( 'NONE',  ( 0.0000000000000000000, -1.000000000000000000, 0.0000000000000000000 ) ) ;
#889 = DIRECTION ( 'NONE',  ( 1.000000000000000000, 0.0000000000000000000, 6.123031769111888800E-017 ) ) ;
#890 = ORIENTED_EDGE ( 'NONE', *, *, #2468, .F. ) ;
#891 = DIRECTION ( 'NONE',  ( 0.8660254037844386000, 0.4330127018922195200, -0.2499999999999999400 ) ) ;
#892 = VERTEX_POINT ( 'NONE', #1815 ) ;
#893 = CARTESIAN_POINT ( 'NONE',  ( -5.000000000000000000, 65.00000000000000000, 15.50000000000000000 ) ) ;
#894 = CARTESIAN_POINT ( 'NONE',  ( -5.205943304866109700, -40.90340648698315100, -15.50000000000000000 ) ) ;
#895 = AXIS2_PLACEMENT_3D ( 'NONE', #452, #440, #453 ) ;
#896 = ORIENTED_EDGE ( 'NONE', *, *, #2560, .F. ) ;
#897 = DIRECTION ( 'NONE',  ( 0.0000000000000000000, 0.0000000000000000000, -1.000000000000000000 ) ) ;
#898 = CARTESIAN_POINT ( 'NONE',  ( -5.205943304866109700, 0.0000000000000000000, 0.0000000000000000000 ) ) ;
#899 = VERTEX_POINT ( 'NONE', #1770 ) ;
#900 = EDGE_CURVE ( 'NONE', #176, #176, #592, .T. ) ;
#901 = ORIENTED_EDGE ( 'NONE', *, *, #290, .F. ) ;
#902 = DIRECTION ( 'NONE',  ( 0.0000000000000000000, 0.0000000000000000000, -1.000000000000000000 ) ) ;
#903 = DIRECTION ( 'NONE',  ( 0.5000000000000001100, -0.7500000000000001100, 0.4330127018922190800 ) ) ;
#904 = CIRCLE ( 'NONE', #1292, 4.000000000000001800 ) ;
#905 = DIRECTION ( 'NONE',  ( 1.000000000000000000, 0.0000000000000000000, 0.0000000000000000000 ) ) ;
#906 = DIRECTION ( 'NONE',  ( -1.000000000000000000, 0.0000000000000000000, 0.0000000000000000000 ) ) ;
#907 = DIRECTION ( 'NONE',  ( 0.0000000000000000000, 0.0000000000000000000, 1.000000000000000000 ) ) ;
#908 = LINE ( 'NONE', #1915, #835 ) ;
#909 = CARTESIAN_POINT ( 'NONE',  ( 18.89999999999999900, 17.50000000000000000, 0.0000000000000000000 ) ) ;
#910 = VECTOR ( 'NONE', #1946, 1000.000000000000000 ) ;
#911 = ORIENTED_EDGE ( 'NONE', *, *, #2548, .T. ) ;
#912 = CARTESIAN_POINT ( 'NONE',  ( -19.00000000000000000, 65.00000000000000000, 0.0000000000000000000 ) ) ;
#913 = CARTESIAN_POINT ( 'NONE',  ( -6.400000000000000400, 78.84399847396360900, 0.0000000000000000000 ) ) ;
#914 = CARTESIAN_POINT ( 'NONE',  ( -6.400000000000000400, 78.84399847396360900, 15.50000000000000000 ) ) ;
#915 = ORIENTED_EDGE ( 'NONE', *, *, #290, .T. ) ;
#916 = DIRECTION ( 'NONE',  ( 1.000000000000000000, 0.0000000000000000000, 0.0000000000000000000 ) ) ;
#917 = ORIENTED_EDGE ( 'NONE', *, *, #2554, .F. ) ;
#918 = DIRECTION ( 'NONE',  ( 1.000000000000000000, 0.0000000000000000000, 6.123031769111888800E-017 ) ) ;
#919 = CARTESIAN_POINT ( 'NONE',  ( 22.64455625708840000, 23.95875000000000200, -1.406519974084989900 ) ) ;
#920 = ORIENTED_EDGE ( 'NONE', *, *, #2349, .T. ) ;
#921 = CARTESIAN_POINT ( 'NONE',  ( 22.50136990583878600, 23.93637114686695000, -1.787722770618500800 ) ) ;
#922 = DIRECTION ( 'NONE',  ( 0.0000000000000000000, 1.000000000000000000, 0.0000000000000000000 ) ) ;
#923 = LINE ( 'NONE', #1995, #910 ) ;
#924 = CARTESIAN_POINT ( 'NONE',  ( 22.30492441978199000, 23.90674606785121300, -2.137972505746271100 ) ) ;
#925 = CARTESIAN_POINT ( 'NONE',  ( 21.93116368445773300, 23.85734064379448700, -2.617853300504688500 ) ) ;
#926 = LINE ( 'NONE', #1939, #967 ) ;
#927 = DIRECTION ( 'NONE',  ( -1.000000000000000000, 0.0000000000000000000, 0.0000000000000000000 ) ) ;
#928 = CARTESIAN_POINT ( 'NONE',  ( -5.000000000000000000, -65.00000000000000000, 0.0000000000000000000 ) ) ;
#929 = ORIENTED_EDGE ( 'NONE', *, *, #2875, .T. ) ;
#930 = EDGE_CURVE ( 'NONE', #175, #175, #661, .T. ) ;
#931 = CARTESIAN_POINT ( 'NONE',  ( -12.00000000000000000, 0.0000000000000000000, 0.0000000000000000000 ) ) ;
#932 = CARTESIAN_POINT ( 'NONE',  ( 21.79430225893021200, 23.84021742696422700, -2.768278552881512600 ) ) ;
#933 = ORIENTED_EDGE ( 'NONE', *, *, #2548, .F. ) ;
#934 = CARTESIAN_POINT ( 'NONE',  ( 21.50239744208052900, 23.80654224883211300, -3.044319179364253400 ) ) ;
#935 = ORIENTED_EDGE ( 'NONE', *, *, #2461, .F. ) ;
#936 = CARTESIAN_POINT ( 'NONE',  ( 21.34655283880781300, 23.78987891899276600, -3.170989854817415100 ) ) ;
#937 = DIRECTION ( 'NONE',  ( 1.000000000000000000, 0.0000000000000000000, 0.0000000000000000000 ) ) ;
#938 = EDGE_CURVE ( 'NONE', #171, #171, #2500, .T. ) ;
#939 = LINE ( 'NONE', #1971, #952 ) ;
#940 = CARTESIAN_POINT ( 'NONE',  ( 21.01467814761416300, 23.75804246682068300, -3.401313538096221400 ) ) ;
#941 = DIRECTION ( 'NONE',  ( 0.0000000000000000000, 0.0000000000000000000, -1.000000000000000000 ) ) ;
#942 = CARTESIAN_POINT ( 'NONE',  ( -8.000000000000000000, 0.0000000000000000000, 2.449212707644755000E-016 ) ) ;
#943 = ORIENTED_EDGE ( 'NONE', *, *, #3013, .T. ) ;
#944 = DIRECTION ( 'NONE',  ( 1.000000000000000000, 0.0000000000000000000, 1.224606353822375800E-016 ) ) ;
#945 = FACE_OUTER_BOUND ( 'NONE', #2115, .T. ) ;
#946 = CARTESIAN_POINT ( 'NONE',  ( 20.83804610692512700, 23.74286061989745300, -3.504937103133330300 ) ) ;
#947 = CARTESIAN_POINT ( 'NONE',  ( 0.0000000000000000000, 0.0000000000000000000, 0.0000000000000000000 ) ) ;
#948 = DIRECTION ( 'NONE',  ( 1.000000000000000000, 0.0000000000000000000, 1.224606353822375800E-016 ) ) ;
#949 = ORIENTED_EDGE ( 'NONE', *, *, #386, .F. ) ;
#950 = PLANE ( 'NONE',  #1537 ) ;
#951 = ADVANCED_FACE ( 'E360', ( #2506 ), #1978, .T. ) ;
#952 = VECTOR ( 'NONE', #1962, 1000.000000000000100 ) ;
#953 = CARTESIAN_POINT ( 'NONE',  ( 20.47598551635388700, 23.71605232856149200, -3.681966385198414100 ) ) ;
#954 = ORIENTED_EDGE ( 'NONE', *, *, #278, .T. ) ;
#955 = ORIENTED_EDGE ( 'NONE', *, *, #771, .F. ) ;
#956 = LINE ( 'NONE', #1954, #883 ) ;
#957 = FACE_OUTER_BOUND ( 'NONE', #2121, .T. ) ;
#958 = AXIS2_PLACEMENT_3D ( 'NONE', #416, #411, #407 ) ;
#959 = CARTESIAN_POINT ( 'NONE',  ( 20.28920678016605500, 23.70428030660197600, -3.756439127195504200 ) ) ;
#960 = ORIENTED_EDGE ( 'NONE', *, *, #2456, .F. ) ;
#961 = CARTESIAN_POINT ( 'NONE',  ( -6.400000000000030600, -42.08200171863175100, 15.50000000000000400 ) ) ;
#962 = CARTESIAN_POINT ( 'NONE',  ( -16.40000000000000200, 0.0000000000000000000, 0.0000000000000000000 ) ) ;
#963 = CARTESIAN_POINT ( 'NONE',  ( -5.137295531137512600, -40.89906256008499200, 15.50000000000000000 ) ) ;
#964 = CARTESIAN_POINT ( 'NONE',  ( 19.90405637007974300, 23.68482929155700800, -3.877189858658836000 ) ) ;
#965 = TOROIDAL_SURFACE ( 'NONE', #1304, 33.68323293158114500, 2.000000000000000000 ) ;
#966 = DIRECTION ( 'NONE',  ( -1.000000000000000000, 0.0000000000000000000, 0.0000000000000000000 ) ) ;
#967 = VECTOR ( 'NONE', #1987, 1000.000000000000100 ) ;
#968 = CARTESIAN_POINT ( 'NONE',  ( 19.70400377430703300, 23.67712871124787500, -3.923587102082636500 ) ) ;
#969 = DIRECTION ( 'NONE',  ( 0.0000000000000000000, 0.0000000000000000000, 1.000000000000000000 ) ) ;
#970 = TOROIDAL_SURFACE ( 'NONE', #1305, 18.59999999999999800, 1.100000000000000100 ) ;
#971 = ORIENTED_EDGE ( 'NONE', *, *, #2535, .T. ) ;
#972 = CARTESIAN_POINT ( 'NONE',  ( 19.30388323122525300, 23.66692045037468600, -3.984700258772827700 ) ) ;
#973 = CARTESIAN_POINT ( 'NONE',  ( 25.39999999999999900, 0.0000000000000000000, 0.0000000000000000000 ) ) ;
#974 = FACE_OUTER_BOUND ( 'NONE', #2105, .T. ) ;
#975 = CARTESIAN_POINT ( 'NONE',  ( 19.10305458005477100, 23.66433166447374600, -3.999925859237660800 ) ) ;
#976 = CARTESIAN_POINT ( 'NONE',  ( 18.69987701906075000, 23.66430669111676700, -4.000073603620233300 ) ) ;
#977 = CYLINDRICAL_SURFACE ( 'NONE', #1310, 8.000000000000000000 ) ;
#978 = DIRECTION ( 'NONE',  ( -1.000000000000000000, 0.0000000000000000000, 0.0000000000000000000 ) ) ;
#979 = DIRECTION ( 'NONE',  ( 1.224606353822375800E-016, 0.0000000000000000000, -1.000000000000000000 ) ) ;
#980 = AXIS2_PLACEMENT_3D ( 'NONE', #476, #456, #455 ) ;
#981 = VERTEX_POINT ( 'NONE', #217 ) ;
#982 = CARTESIAN_POINT ( 'NONE',  ( -5.068647762847081000, -40.89471854664122900, -15.50000000000000000 ) ) ;
#983 = DIRECTION ( 'NONE',  ( 0.0000000000000000000, 0.0000000000000000000, 1.000000000000000000 ) ) ;
#984 = CIRCLE ( 'NONE', #1314, 4.000000000000001800 ) ;
#985 = DIRECTION ( 'NONE',  ( 1.224606353822375800E-016, 0.0000000000000000000, -1.000000000000000000 ) ) ;
#986 = FACE_OUTER_BOUND ( 'NONE', #2776, .T. ) ;
#987 = CARTESIAN_POINT ( 'NONE',  ( -6.400000000000000400, -42.24630161327735300, 15.50000000000000000 ) ) ;
#988 = CARTESIAN_POINT ( 'NONE',  ( -5.000000000000000000, -40.89037444656910500, -15.50000000000000000 ) ) ;
#989 = ORIENTED_EDGE ( 'NONE', *, *, #2931, .F. ) ;
#990 = CARTESIAN_POINT ( 'NONE',  ( -6.258950077603196300, -41.60683855194312700, 15.50000000000000000 ) ) ;
#991 = CARTESIAN_POINT ( 'NONE',  ( -6.371285903783137500, -41.91654931169767200, 15.50000000000000500 ) ) ;
#992 = ORIENTED_EDGE ( 'NONE', *, *, #2485, .T. ) ;
#993 = FACE_OUTER_BOUND ( 'NONE', #2166, .T. ) ;
#994 = CARTESIAN_POINT ( 'NONE',  ( -5.000000000000000000, 40.89037444656910500, -15.50000000000000000 ) ) ;
#995 = PLANE ( 'NONE',  #1470 ) ;
#996 = CARTESIAN_POINT ( 'NONE',  ( -5.139999999999999700, 0.0000000000000000000, 0.0000000000000000000 ) ) ;
#997 = ORIENTED_EDGE ( 'NONE', *, *, #2542, .F. ) ;
#998 = CARTESIAN_POINT ( 'NONE',  ( 18.49595499150873900, 23.66691678057750200, -3.984723351214450600 ) ) ;
#999 = CARTESIAN_POINT ( 'NONE',  ( 18.09431435251888600, 23.67717945390562000, -3.923282196330432300 ) ) ;
#1000 = CIRCLE ( 'NONE', #1318, 3.958749999999999300 ) ;
#1001 = B_SPLINE_CURVE_WITH_KNOTS ( 'NONE', 3,
 ( #2986, #2989, #2970, #2968, #2966, #2965, #2961, #2960, #2958, #2957, #2952, #2950 ),
 .UNSPECIFIED., .F., .F.,
 ( 4, 2, 2, 2, 2, 4 ),
 ( 0.001557762368338876600, 0.002050795207481631100, 0.002543828046624385100, 0.003036860885767139100, 0.003283377305338511500, 0.003529893724909883900 ),
 .UNSPECIFIED. ) ;
#1002 = AXIS2_PLACEMENT_3D ( 'NONE', #396, #394, #381 ) ;
#1003 = DIRECTION ( 'NONE',  ( 1.000000000000000000, 0.0000000000000000000, 0.0000000000000000000 ) ) ;
#1004 = LOCAL_TIME ( 9, 13, 0.0000000000000000000, #1725 ) ;
#1005 = ORIENTED_EDGE ( 'NONE', *, *, #2316, .F. ) ;
#1006 = DIRECTION ( 'NONE',  ( -1.000000000000000000, 0.0000000000000000000, 0.0000000000000000000 ) ) ;
#1007 = CARTESIAN_POINT ( 'NONE',  ( 17.89801634994464100, 23.68474677989929600, -3.877688226327057100 ) ) ;
#1008 = ORIENTED_EDGE ( 'NONE', *, *, #2505, .T. ) ;
#1009 = CARTESIAN_POINT ( 'NONE',  ( 24.29999999999999700, 0.0000000000000000000, 0.0000000000000000000 ) ) ;
#1010 = DIRECTION ( 'NONE',  ( -1.000000000000000000, 0.0000000000000000000, 0.0000000000000000000 ) ) ;
#1011 = CIRCLE ( 'NONE', #1328, 3.958750000000000200 ) ;
#1012 = CARTESIAN_POINT ( 'NONE',  ( 17.32224508678016100, 23.71375857467723600, -3.697626035188736400 ) ) ;
#1013 = CARTESIAN_POINT ( 'NONE',  ( 17.74529946162074600, -9.455449192431119700, -20.37731840967680000 ) ) ;
#1014 = FACE_OUTER_BOUND ( 'NONE', #2791, .T. ) ;
#1015 = DIRECTION ( 'NONE',  ( -1.000000000000000000, 0.0000000000000000000, -6.123031769111888800E-017 ) ) ;
#1016 = ORIENTED_EDGE ( 'NONE', *, *, #2451, .T. ) ;
#1017 = DIRECTION ( 'NONE',  ( 0.0000000000000000000, 0.0000000000000000000, -1.000000000000000000 ) ) ;
#1018 = DIRECTION ( 'NONE',  ( 0.0000000000000000000, 0.0000000000000000000, 1.000000000000000000 ) ) ;
#1019 = ORIENTED_EDGE ( 'NONE', *, *, #709, .F. ) ;
#1020 = DIRECTION ( 'NONE',  ( 0.0000000000000000000, 0.0000000000000000000, 1.000000000000000000 ) ) ;
#1021 = DIRECTION ( 'NONE',  ( 0.0000000000000000000, -1.000000000000000000, 0.0000000000000000000 ) ) ;
#1022 = ADVANCED_FACE ( 'E942', ( #2491 ), #2482, .T. ) ;
#1023 = ORIENTED_EDGE ( 'NONE', *, *, #805, .F. ) ;
#1024 = CARTESIAN_POINT ( 'NONE',  ( -5.137295531137517000, -40.89906256008499200, -15.50000000000000000 ) ) ;
#1025 = CARTESIAN_POINT ( 'NONE',  ( 5.799999999999999800, 0.0000000000000000000, 0.0000000000000000000 ) ) ;
#1026 = ORIENTED_EDGE ( 'NONE', *, *, #166, .T. ) ;
#1027 = ORIENTED_EDGE ( 'NONE', *, *, #1073, .F. ) ;
#1028 = DIRECTION ( 'NONE',  ( 0.0000000000000000000, -0.4999999999999998900, -0.8660254037844387100 ) ) ;
#1029 = CIRCLE ( 'NONE', #1329, 40.00000000000000000 ) ;
#1030 = ORIENTED_EDGE ( 'NONE', *, *, #2323, .F. ) ;
#1031 = CARTESIAN_POINT ( 'NONE',  ( 16.95154340320657800, 23.74212628576358600, -3.516355757511052900 ) ) ;
#1032 = CYLINDRICAL_SURFACE ( 'NONE', #1338, 4.000000000000000000 ) ;
#1033 = FACE_OUTER_BOUND ( 'NONE', #2782, .T. ) ;
#1034 = CARTESIAN_POINT ( 'NONE',  ( 15.00000000000000000, 0.0000000000000000000, 2.081830801498040200E-015 ) ) ;
#1035 = DIRECTION ( 'NONE',  ( -7.709882115452475700E-017, 0.0000000000000000000, 1.000000000000000000 ) ) ;
#1036 = VERTEX_POINT ( 'NONE', #1810 ) ;
#1037 = ADVANCED_FACE ( 'E1033', ( #2487 ), #2001, .T. ) ;
#1038 = CARTESIAN_POINT ( 'NONE',  ( 16.45649103154759600, 23.78957240985631600, -3.173259231741854900 ) ) ;
#1039 = ORIENTED_EDGE ( 'NONE', *, *, #2541, .F. ) ;
#1040 = CARTESIAN_POINT ( 'NONE',  ( -5.205943304866109700, -40.90340648698315100, 15.50000000000000000 ) ) ;
#1041 = CARTESIAN_POINT ( 'NONE',  ( 16.30033777877557800, 23.80623636080691300, -3.046753898576539200 ) ) ;
#1042 = ORIENTED_EDGE ( 'NONE', *, *, #1706, .F. ) ;
#1043 = CARTESIAN_POINT ( 'NONE',  ( 16.00611544210828200, 23.84015968563440100, -2.768823784307827800 ) ) ;
#1044 = CIRCLE ( 'NONE', #1349, 39.60000000000000100 ) ;
#1045 = CARTESIAN_POINT ( 'NONE',  ( 18.89999999999999900, -11.97937500000000100, -20.74888614292044800 ) ) ;
#1046 = CARTESIAN_POINT ( 'NONE',  ( 15.86894390535999500, 23.85733197893149400, -2.617846071328217200 ) ) ;
#1047 = FACE_OUTER_BOUND ( 'NONE', #2464, .T. ) ;
#1048 = CARTESIAN_POINT ( 'NONE',  ( 15.62173002199786600, 23.88999878930016500, -2.300731417039543200 ) ) ;
#1049 = EDGE_CURVE ( 'NONE', #168, #168, #2519, .T. ) ;
#1050 = ORIENTED_EDGE ( 'NONE', *, *, #2309, .T. ) ;
#1051 = CARTESIAN_POINT ( 'NONE',  ( 15.51046786601078300, 23.90563483117330900, -2.133500191195267300 ) ) ;
#1052 = CIRCLE ( 'NONE', #1345, 40.50000000000000000 ) ;
#1053 = CARTESIAN_POINT ( 'NONE',  ( 15.31289306285760400, 23.93444765965064700, -1.781408143767349700 ) ) ;
#1054 = ORIENTED_EDGE ( 'NONE', *, *, #2376, .F. ) ;
#1055 = CARTESIAN_POINT ( 'NONE',  ( -6.400000000000000400, -65.00000000000000000, 15.50000000000000000 ) ) ;
#1056 = DIRECTION ( 'NONE',  ( -6.123031769111887500E-017, -0.4999999999999998900, -0.8660254037844387100 ) ) ;
#1057 = ORIENTED_EDGE ( 'NONE', *, *, #2356, .T. ) ;
#1058 = ORIENTED_EDGE ( 'NONE', *, *, #2542, .T. ) ;
#1059 = ORIENTED_EDGE ( 'NONE', *, *, #2651, .F. ) ;
#1060 = DIRECTION ( 'NONE',  ( 0.0000000000000000000, 0.8660254037844386000, -0.5000000000000002200 ) ) ;
#1061 = CARTESIAN_POINT ( 'NONE',  ( 15.15544374291159900, 23.95875000000000200, -1.406519974084986100 ) ) ;
#1062 = FACE_OUTER_BOUND ( 'NONE', #2154, .T. ) ;
#1063 = CARTESIAN_POINT ( 'NONE',  ( -5.000000000000000000, -65.00000000000000000, 0.0000000000000000000 ) ) ;
#1064 = DIRECTION ( 'NONE',  ( 1.000000000000000000, 0.0000000000000000000, 0.0000000000000000000 ) ) ;
#1065 = DIRECTION ( 'NONE',  ( 0.0000000000000000000, 1.000000000000000000, 0.0000000000000000000 ) ) ;
#1066 = VERTEX_POINT ( 'NONE', #2029 ) ;
#1067 = DIRECTION ( 'NONE',  ( 0.0000000000000000000, 0.0000000000000000000, -1.000000000000000000 ) ) ;
#1068 = DIRECTION ( 'NONE',  ( -1.000000000000000000, 0.0000000000000000000, 0.0000000000000000000 ) ) ;
#1069 = ORIENTED_EDGE ( 'NONE', *, *, #2447, .F. ) ;
#1070 = PLANE ( 'NONE',  #1182 ) ;
#1071 = CALENDAR_DATE ( 2019, 8, 3 ) ;
#1072 = CIRCLE ( 'NONE', #1369, 3.000000000000000000 ) ;
#1073 = EDGE_CURVE ( 'NONE', #164, #164, #2503, .T. ) ;
#1074 = EDGE_CURVE ( 'NONE', #159, #159, #2747, .T. ) ;
#1075 = DIRECTION ( 'NONE',  ( 0.0000000000000000000, 0.0000000000000000000, 1.000000000000000000 ) ) ;
#1076 = ORIENTED_EDGE ( 'NONE', *, *, #2640, .F. ) ;
#1077 = CARTESIAN_POINT ( 'NONE',  ( -17.50000000000000000, 0.0000000000000000000, 0.0000000000000000000 ) ) ;
#1078 = VECTOR ( 'NONE', #2793, 1000.000000000000000 ) ;
#1079 = DIRECTION ( 'NONE',  ( -0.4999999999999998900, 0.0000000000000000000, -0.8660254037844387100 ) ) ;
#1080 = VECTOR ( 'NONE', #2838, 1000.000000000000000 ) ;
#1081 = CARTESIAN_POINT ( 'NONE',  ( 7.610502696578159900, 29.83818235838784700, 29.95215936758564700 ) ) ;
#1082 = DIRECTION ( 'NONE',  ( -0.06162841671621946400, -0.7044160264027585800, 0.7071067811865476800 ) ) ;
#1083 = ORIENTED_EDGE ( 'NONE', *, *, #2541, .T. ) ;
#1084 = CARTESIAN_POINT ( 'NONE',  ( 14.98369182297419000, -11.16577379289418900, -21.24571816772781900 ) ) ;
#1085 = ORIENTED_EDGE ( 'NONE', *, *, #2999, .F. ) ;
#1086 = CARTESIAN_POINT ( 'NONE',  ( 15.05852082605991900, -10.95927871881049900, -21.35282820540872700 ) ) ;
#1087 = CIRCLE ( 'NONE', #1377, 8.000000000000000000 ) ;
#1088 = DIRECTION ( 'NONE',  ( 0.8660254037844387100, 0.0000000000000000000, -0.4999999999999998900 ) ) ;
#1089 = CARTESIAN_POINT ( 'NONE',  ( 15.15544374291159900, -10.76129297151215900, -21.45214612996289800 ) ) ;
#1090 = DIRECTION ( 'NONE',  ( 0.0000000000000000000, 0.0000000000000000000, 1.000000000000000000 ) ) ;
#1091 = CIRCLE ( 'NONE', #1323, 4.000000000000000900 ) ;
#1092 = CARTESIAN_POINT ( 'NONE',  ( 18.89999999999999900, 23.95875000000000200, 0.0000000000000000000 ) ) ;
#1093 = CARTESIAN_POINT ( 'NONE',  ( 14.88444306848160200, -11.57898304472098300, -21.02337262445458400 ) ) ;
#1094 = EDGE_LOOP ( 'NONE', ( #1833 ) ) ;
#1095 = AXIS2_PLACEMENT_3D ( 'NONE', #466, #461, #457 ) ;
#1096 = ORIENTED_EDGE ( 'NONE', *, *, #278, .F. ) ;
#1097 = EDGE_CURVE ( 'NONE', #156, #156, #1891, .T. ) ;
#1098 = DIRECTION ( 'NONE',  ( -1.000000000000000000, 0.0000000000000000000, 0.0000000000000000000 ) ) ;
#1099 = CARTESIAN_POINT ( 'NONE',  ( 14.85880294048399900, -11.78851310583450400, -20.90670289610900300 ) ) ;
#1100 = ORIENTED_EDGE ( 'NONE', *, *, #2523, .T. ) ;
#1101 = CARTESIAN_POINT ( 'NONE',  ( 14.85869722257776500, -12.21018610963022500, -20.66326746671003200 ) ) ;
#1102 = LINE ( 'NONE', #2789, #1080 ) ;
#1103 = CARTESIAN_POINT ( 'NONE',  ( 25.39999999999999900, 0.0000000000000000000, 0.0000000000000000000 ) ) ;
#1104 = CARTESIAN_POINT ( 'NONE',  ( 14.88410437975300800, -12.41552747955385900, -20.54044938036226100 ) ) ;
#1105 = ORIENTED_EDGE ( 'NONE', *, *, #2862, .T. ) ;
#1106 = CARTESIAN_POINT ( 'NONE',  ( 16.59059892324150100, 24.00000000000000000, -4.242160848184054900E-016 ) ) ;
#1107 = CARTESIAN_POINT ( 'NONE',  ( 14.98346605843122800, -12.81592816037732200, -20.29303744467124600 ) ) ;
#1108 = ORIENTED_EDGE ( 'NONE', *, *, #2472, .F. ) ;
#1109 = AXIS2_PLACEMENT_3D ( 'NONE', #487, #484, #481 ) ;
#1110 = DIRECTION ( 'NONE',  ( 0.0000000000000000000, 0.0000000000000000000, -1.000000000000000000 ) ) ;
#1111 = PLANE ( 'NONE',  #1208 ) ;
#1112 = CARTESIAN_POINT ( 'NONE',  ( 15.05874727403391100, -13.01288454894094600, -20.16714330622881900 ) ) ;
#1113 = LINE ( 'NONE', #2840, #1078 ) ;
#1114 = CARTESIAN_POINT ( 'NONE',  ( 15.15544374291159900, -13.19745702848781800, -20.04562615587795100 ) ) ;
#1115 = EDGE_CURVE ( 'NONE', #143, #143, #2928, .T. ) ;
#1116 = EDGE_CURVE ( 'E154', #2477, #1645, #787, .T. ) ;
#1117 = DIRECTION ( 'NONE',  ( 0.0000000000000000000, 0.0000000000000000000, 1.000000000000000000 ) ) ;
#1118 = VERTEX_POINT ( 'NONE', #2381 ) ;
#1119 = DIRECTION ( 'NONE',  ( -6.123031769111888800E-017, 1.000000000000000000, 0.0000000000000000000 ) ) ;
#1120 = VECTOR ( 'NONE', #2890, 1000.000000000000000 ) ;
#1121 = DIRECTION ( 'NONE',  ( 0.0000000000000000000, 0.0000000000000000000, 1.000000000000000000 ) ) ;
#1122 = CARTESIAN_POINT ( 'NONE',  ( 18.89999999999999900, 23.95875000000000200, 0.0000000000000000000 ) ) ;
#1123 = ORIENTED_EDGE ( 'NONE', *, *, #2528, .T. ) ;
#1124 = DIRECTION ( 'NONE',  ( -6.123031769111888800E-017, 1.000000000000000000, 0.0000000000000000000 ) ) ;
#1125 = APPROVAL_DATE_TIME ( #1955, #3 ) ;
#1126 = DIRECTION ( 'NONE',  ( -1.000000000000000000, 0.0000000000000000000, 0.0000000000000000000 ) ) ;
#1127 = CARTESIAN_POINT ( 'NONE',  ( -5.000000000000000000, 0.0000000000000000000, -15.50000000000000000 ) ) ;
#1128 = VERTEX_POINT ( 'NONE', #2373 ) ;
#1129 = DIRECTION ( 'NONE',  ( 1.000000000000000000, 0.0000000000000000000, 0.0000000000000000000 ) ) ;
#1130 = B_SPLINE_CURVE_WITH_KNOTS ( 'NONE', 3,
 ( #2245, #2249, #2219, #2218, #2215, #2212, #2206, #2205, #2200, #2198, #2195, #2185, #2184, #2180, #2172, #2160, #2159, #2155, #2152, #2148, #2147, #2142, #2139, #2131, #2128, #2127, #2123, #2117 ),
 .UNSPECIFIED., .F., .F.,
 ( 4, 2, 2, 2, 2, 2, 2, 2, 2, 2, 2, 2, 2, 4 ),
 ( 0.02022280599803797900, 0.02143069226484916500, 0.02263857853166034700, 0.02324252166506593500, 0.02384646479847152600, 0.02445040793187711400, 0.02505435106528270500, 0.02626223733209387100, 0.02686618046549945500, 0.02747012359890503900, 0.02807406673231062400, 0.02867800986571620400, 0.02928195299912178200, 0.02988589613252735900 ),
 .UNSPECIFIED. ) ;
#1131 = VECTOR ( 'NONE', #2916, 1000.000000000000000 ) ;
#1132 = VERTEX_POINT ( 'NONE', #195 ) ;
#1133 = DIRECTION ( 'NONE',  ( 0.0000000000000000000, 0.0000000000000000000, 1.000000000000000000 ) ) ;
#1134 = CARTESIAN_POINT ( 'NONE',  ( 20.05470053837924700, 24.00000000000000000, -2.000000000000000000 ) ) ;
#1135 = ORIENTED_EDGE ( 'NONE', *, *, #548, .F. ) ;
#1136 = ORIENTED_EDGE ( 'NONE', *, *, #2535, .F. ) ;
#1137 = DIRECTION ( 'NONE',  ( -1.000000000000000000, 0.0000000000000000000, 0.0000000000000000000 ) ) ;
#1138 = ORIENTED_EDGE ( 'NONE', *, *, #2369, .F. ) ;
#1139 = ORIENTED_EDGE ( 'NONE', *, *, #2528, .F. ) ;
#1140 = DIRECTION ( 'NONE',  ( 0.06162841671621927000, 0.7044160264027586900, 0.7071067811865476800 ) ) ;
#1141 = ORIENTED_EDGE ( 'NONE', *, *, #2416, .F. ) ;
#1142 = CARTESIAN_POINT ( 'NONE',  ( -16.40000000000000200, 0.0000000000000000000, 0.0000000000000000000 ) ) ;
#1143 = PLANE ( 'NONE',  #2156 ) ;
#1144 = DIRECTION ( 'NONE',  ( -1.119176436114069100E-016, 0.0000000000000000000, 1.000000000000000000 ) ) ;
#1145 = CYLINDRICAL_SURFACE ( 'NONE', #1379, 0.5000000000000004400 ) ;
#1146 = CARTESIAN_POINT ( 'NONE',  ( 10.00000000000000000, 0.0000000000000000000, 1.224606353822375900E-015 ) ) ;
#1147 = DIRECTION ( 'NONE',  ( 0.0000000000000000000, 0.0000000000000000000, -1.000000000000000000 ) ) ;
#1148 = CONICAL_SURFACE ( 'NONE', #1394, 4.000000000000001800, 0.7853981633974715900 ) ;
#1149 = FACE_OUTER_BOUND ( 'NONE', #1692, .T. ) ;
#1150 = DIRECTION ( 'NONE',  ( 0.0000000000000000000, -1.000000000000000000, 0.0000000000000000000 ) ) ;
#1151 = CARTESIAN_POINT ( 'NONE',  ( 18.89999999999999900, 23.95875000000000200, 0.0000000000000000000 ) ) ;
#1152 = DIRECTION ( 'NONE',  ( -1.000000000000000000, 0.0000000000000000000, -2.449212707644755000E-016 ) ) ;
#1153 = DIRECTION ( 'NONE',  ( -2.575054893781207200E-016, 0.0000000000000000000, 1.000000000000000000 ) ) ;
#1154 = LINE ( 'NONE', #2921, #1120 ) ;
#1155 = AXIS2_PLACEMENT_3D ( 'NONE', #856, #849, #834 ) ;
#1156 = CARTESIAN_POINT ( 'NONE',  ( 15.22640761120607800, 23.94765892901135700, -1.595445977231295200 ) ) ;
#1157 = LINE ( 'NONE', #2879, #1131 ) ;
#1158 = DIRECTION ( 'NONE',  ( 1.000000000000000000, 0.0000000000000000000, 0.0000000000000000000 ) ) ;
#1159 = DIRECTION ( 'NONE',  ( 0.0000000000000000000, 0.0000000000000000000, 1.000000000000000000 ) ) ;
#1160 = DIRECTION ( 'NONE',  ( 0.0000000000000000000, 0.0000000000000000000, -1.000000000000000000 ) ) ;
#1161 = ORIENTED_EDGE ( 'NONE', *, *, #2363, .T. ) ;
#1162 = DIRECTION ( 'NONE',  ( -6.123031769111888800E-017, 1.000000000000000000, 0.0000000000000000000 ) ) ;
#1163 = VERTEX_POINT ( 'NONE', #2144 ) ;
#1164 = CARTESIAN_POINT ( 'NONE',  ( 18.89999999999999900, 23.95875000000000200, 0.0000000000000000000 ) ) ;
#1165 = FACE_OUTER_BOUND ( 'NONE', #2318, .T. ) ;
#1166 = DIRECTION ( 'NONE',  ( -1.000000000000000000, 0.0000000000000000000, -6.123031769111888800E-017 ) ) ;
#1167 = CARTESIAN_POINT ( 'NONE',  ( -5.370827317141020400, -40.92146193939333200, 15.50000000000000200 ) ) ;
#1168 = EDGE_LOOP ( 'NONE', ( #2261, #2732 ) ) ;
#1169 = CARTESIAN_POINT ( 'NONE',  ( 15.00000000000000000, -65.00000000000000000, -1.898139848424685100E-015 ) ) ;
#1170 = ORIENTED_EDGE ( 'NONE', *, *, #2404, .T. ) ;
#1171 = EDGE_LOOP ( 'NONE', ( #1270, #1253, #1247, #1239, #1230, #1223 ) ) ;
#1172 = PLANE ( 'NONE',  #2133 ) ;
#1173 = CIRCLE ( 'NONE', #1385, 40.00000000000000000 ) ;
#1174 = ADVANCED_FACE ( 'E1399', ( #2496 ), #2361, .F. ) ;
#1175 = ORIENTED_EDGE ( 'NONE', *, *, #2962, .T. ) ;
#1176 = CARTESIAN_POINT ( 'NONE',  ( 15.00000000000000000, 72.03461538461539200, 13.81174088920481900 ) ) ;
#1177 = CARTESIAN_POINT ( 'NONE',  ( 25.39999999999999900, 22.89999999999999900, 0.0000000000000000000 ) ) ;
#1178 = DIRECTION ( 'NONE',  ( -2.403703357979454600E-016, 0.0000000000000000000, 1.000000000000000000 ) ) ;
#1179 = VERTEX_POINT ( 'NONE', #2408 ) ;
#1180 = DIRECTION ( 'NONE',  ( 1.000000000000000000, 0.0000000000000000000, 2.403703357979454600E-016 ) ) ;
#1181 = ORIENTED_EDGE ( 'NONE', *, *, #2479, .F. ) ;
#1182 = AXIS2_PLACEMENT_3D ( 'NONE', #913, #905, #897 ) ;
#1183 = PLANE ( 'NONE',  #2107 ) ;
#1184 = PLANE ( 'NONE',  #2100 ) ;
#1185 = DIRECTION ( 'NONE',  ( 0.0000000000000000000, -1.000000000000000000, 0.0000000000000000000 ) ) ;
#1186 = ORIENTED_EDGE ( 'NONE', *, *, #2794, .T. ) ;
#1187 = DIRECTION ( 'NONE',  ( 5.456111500086630100E-017, -0.4538461538461540700, -0.8910800573680532900 ) ) ;
#1188 = AXIS2_PLACEMENT_3D ( 'NONE', #874, #873, #869 ) ;
#1189 = ORIENTED_EDGE ( 'NONE', *, *, #701, .F. ) ;
#1190 = DIRECTION ( 'NONE',  ( 2.778914418289240500E-017, 0.8910800573680532900, -0.4538461538461540700 ) ) ;
#1191 = DIRECTION ( 'NONE',  ( 0.0000000000000000000, 0.0000000000000000000, -1.000000000000000000 ) ) ;
#1192 = ADVANCED_FACE ( 'E827', ( #2400, #2365 ), #2347, .F. ) ;
#1193 = VECTOR ( 'NONE', #3001, 1000.000000000000000 ) ;
#1194 = CARTESIAN_POINT ( 'NONE',  ( 21.20940107675850300, -11.18750000000000000, -19.37731840967680000 ) ) ;
#1195 = ORIENTED_EDGE ( 'NONE', *, *, #2861, .F. ) ;
#1196 = CARTESIAN_POINT ( 'NONE',  ( -5.287962670578341600, -40.90800321289899000, 15.50000000000000000 ) ) ;
#1197 = DIRECTION ( 'NONE',  ( 1.000000000000000000, 0.0000000000000000000, 0.0000000000000000000 ) ) ;
#1198 = CARTESIAN_POINT ( 'NONE',  ( -5.137295531137512600, 40.89906256008499200, -15.50000000000000000 ) ) ;
#1199 = ORIENTED_EDGE ( 'NONE', *, *, #2516, .F. ) ;
#1200 = DIRECTION ( 'NONE',  ( 0.0000000000000000000, 0.0000000000000000000, -1.000000000000000000 ) ) ;
#1201 = CIRCLE ( 'NONE', #1387, 24.00000000000000000 ) ;
#1202 = PLANE ( 'NONE',  #2091 ) ;
#1203 = CARTESIAN_POINT ( 'NONE',  ( 20.05470053837924700, 24.00000000000000000, -2.000000000000000000 ) ) ;
#1204 = VECTOR ( 'NONE', #3009, 1000.000000000000000 ) ;
#1205 = ORIENTED_EDGE ( 'NONE', *, *, #701, .T. ) ;
#1206 = LINE ( 'NONE', #3004, #1193 ) ;
#1207 = DIRECTION ( 'NONE',  ( -1.000000000000000000, 0.0000000000000000000, -2.403703357979454600E-016 ) ) ;
#1208 = AXIS2_PLACEMENT_3D ( 'NONE', #1106, #1088, #1079 ) ;
#1209 = DIRECTION ( 'NONE',  ( 0.0000000000000000000, -0.4999999999999998900, -0.8660254037844387100 ) ) ;
#1210 = DIRECTION ( 'NONE',  ( 0.0000000000000000000, 0.8660254037844387100, -0.4999999999999998900 ) ) ;
#1211 = LINE ( 'NONE', #237, #1204 ) ;
#1212 = ORIENTED_EDGE ( 'NONE', *, *, #2274, .F. ) ;
#1213 = CARTESIAN_POINT ( 'NONE',  ( 20.05470053837924700, 22.37500000000000000, 2.000000000000000000 ) ) ;
#1214 = DIRECTION ( 'NONE',  ( 0.0000000000000000000, -1.000000000000000000, 0.0000000000000000000 ) ) ;
#1215 = VECTOR ( 'NONE', #523, 1000.000000000000000 ) ;
#1216 = CARTESIAN_POINT ( 'NONE',  ( 18.89999999999999900, 17.50000000000000000, 0.0000000000000000000 ) ) ;
#1217 = VERTEX_POINT ( 'NONE', #2426 ) ;
#1218 = CARTESIAN_POINT ( 'NONE',  ( -5.000000000000000000, -40.89037444656910500, 15.50000000000000000 ) ) ;
#1219 = CARTESIAN_POINT ( 'NONE',  ( 18.89999999999999900, 17.50000000000000000, 0.0000000000000000000 ) ) ;
#1220 = VECTOR ( 'NONE', #525, 1000.000000000000000 ) ;
#1221 = DIRECTION ( 'NONE',  ( -0.4999999999999998900, 0.0000000000000000000, 0.8660254037844387100 ) ) ;
#1222 = CARTESIAN_POINT ( 'NONE',  ( -6.400000000000000400, -42.24630161327735300, -15.50000000000000000 ) ) ;
#1223 = ORIENTED_EDGE ( 'NONE', *, *, #2303, .T. ) ;
#1224 = VERTEX_POINT ( 'NONE', #2440 ) ;
#1225 = CARTESIAN_POINT ( 'NONE',  ( -5.205943304866109700, -40.90340648698315100, 15.50000000000000000 ) ) ;
#1226 = LINE ( 'NONE', #561, #1215 ) ;
#1227 = DIRECTION ( 'NONE',  ( 0.0000000000000000000, -1.000000000000000000, 0.0000000000000000000 ) ) ;
#1228 = CARTESIAN_POINT ( 'NONE',  ( 17.74529946162074600, 24.00000000000000000, -2.000000000000000000 ) ) ;
#1229 = B_SPLINE_CURVE_WITH_KNOTS ( 'NONE', 3,
 ( #2980, #2983, #2944, #2941, #2939, #2937, #2932, #2929, #2927, #2925 ),
 .UNSPECIFIED., .F., .F.,
 ( 4, 2, 2, 2, 4 ),
 ( 0.007761580556137693800, 0.008253641037065190300, 0.008745701517992688500, 0.009237761998920186700, 0.009729822479847683200 ),
 .UNSPECIFIED. ) ;
#1230 = ORIENTED_EDGE ( 'NONE', *, *, #2509, .F. ) ;
#1231 = CARTESIAN_POINT ( 'NONE',  ( -17.50000000000000000, 0.0000000000000000000, 0.0000000000000000000 ) ) ;
#1232 = LINE ( 'NONE', #700, #1220 ) ;
#1233 = CARTESIAN_POINT ( 'NONE',  ( -5.068647762847081000, 40.89471854664122900, 15.50000000000000000 ) ) ;
#1234 = VECTOR ( 'NONE', #621, 1000.000000000000000 ) ;
#1235 = CIRCLE ( 'NONE', #1398, 34.65511205824395100 ) ;
#1236 = CARTESIAN_POINT ( 'NONE',  ( 24.29999999999999700, 0.0000000000000000000, 0.0000000000000000000 ) ) ;
#1237 = ORIENTED_EDGE ( 'NONE', *, *, #2636, .T. ) ;
#1238 = DIRECTION ( 'NONE',  ( 1.000000000000000000, 0.0000000000000000000, 0.0000000000000000000 ) ) ;
#1239 = ORIENTED_EDGE ( 'NONE', *, *, #2380, .F. ) ;
#1240 = DIRECTION ( 'NONE',  ( 0.0000000000000000000, 0.0000000000000000000, -1.000000000000000000 ) ) ;
#1241 = VERTEX_POINT ( 'NONE', #2411 ) ;
#1242 = ADVANCED_FACE ( 'E836', ( #2444, #2457 ), #2327, .F. ) ;
#1243 = AXIS2_PLACEMENT_3D ( 'NONE', #1103, #1098, #1090 ) ;
#1244 = CARTESIAN_POINT ( 'NONE',  ( -10.00000000000000000, 0.0000000000000000000, 0.0000000000000000000 ) ) ;
#1245 = ORIENTED_EDGE ( 'NONE', *, *, #2534, .T. ) ;
#1246 = CARTESIAN_POINT ( 'NONE',  ( -6.400000000000000400, 20.42307692307695200, 40.09860258156239600 ) ) ;
#1247 = ORIENTED_EDGE ( 'NONE', *, *, #2113, .F. ) ;
#1248 = PERSON_AND_ORGANIZATION ( #2817, #1603 ) ;
#1249 = AXIS2_PLACEMENT_3D ( 'NONE', #1122, #1119, #1117 ) ;
#1250 = CARTESIAN_POINT ( 'NONE',  ( -5.000000000000000000, 40.89037444656910500, 15.50000000000000000 ) ) ;
#1251 = ORIENTED_EDGE ( 'NONE', *, *, #2762, .T. ) ;
#1252 = CARTESIAN_POINT ( 'NONE',  ( -5.529837399970690900, -40.96466890411267100, 15.50000000000000200 ) ) ;
#1253 = ORIENTED_EDGE ( 'NONE', *, *, #2428, .F. ) ;
#1254 = PRODUCT_RELATED_PRODUCT_CATEGORY ( 'detail', '', ( #2886 ) ) ;
#1255 = DIRECTION ( 'NONE',  ( 1.000000000000000000, 0.0000000000000000000, 1.224606353822375800E-016 ) ) ;
#1256 = ORIENTED_EDGE ( 'NONE', *, *, #2724, .T. ) ;
#1257 = DIRECTION ( 'NONE',  ( 0.0000000000000000000, 0.0000000000000000000, 1.000000000000000000 ) ) ;
#1258 = DIRECTION ( 'NONE',  ( 1.030021957512483000E-016, 0.0000000000000000000, -1.000000000000000000 ) ) ;
#1259 = CARTESIAN_POINT ( 'NONE',  ( -6.400000000000000400, 78.84399847396360900, 0.0000000000000000000 ) ) ;
#1260 = VERTEX_POINT ( 'NONE', #2501 ) ;
#1261 = CC_DESIGN_SECURITY_CLASSIFICATION ( #33, ( #161 ) ) ;
#1262 = AXIS2_PLACEMENT_3D ( 'NONE', #1142, #1137, #1133 ) ;
#1263 = VECTOR ( 'NONE', #716, 1000.000000000000000 ) ;
#1264 = CARTESIAN_POINT ( 'NONE',  ( -5.068647762847075600, -40.89471854664122900, 15.50000000000000000 ) ) ;
#1265 = AXIS2_PLACEMENT_3D ( 'NONE', #1151, #1150, #1147 ) ;
#1266 = AXIS2_PLACEMENT_3D ( 'NONE', #1278, #1272, #1257 ) ;
#1267 = FACE_OUTER_BOUND ( 'NONE', #1684, .T. ) ;
#1268 = DIRECTION ( 'NONE',  ( -0.8660254037844387100, -0.4330127018922196300, 0.2499999999999997500 ) ) ;
#1269 = CALENDAR_DATE ( 2019, 8, 3 ) ;
#1270 = ORIENTED_EDGE ( 'NONE', *, *, #2505, .F. ) ;
#1271 = AXIS2_PLACEMENT_3D ( 'NONE', #1164, #1162, #1159 ) ;
#1272 = DIRECTION ( 'NONE',  ( 0.0000000000000000000, 1.000000000000000000, 0.0000000000000000000 ) ) ;
#1273 = ORIENTED_EDGE ( 'NONE', *, *, #227, .T. ) ;
#1274 = PLANE ( 'NONE',  #2072 ) ;
#1275 = DIRECTION ( 'NONE',  ( -0.8660254037844387100, 0.4330127018922192400, -0.2500000000000001100 ) ) ;
#1276 = VERTEX_POINT ( 'NONE', #2520 ) ;
#1277 = VERTEX_POINT ( 'NONE', #2513 ) ;
#1278 = CARTESIAN_POINT ( 'NONE',  ( 21.20940107675850300, 22.37500000000000000, 3.314998067369949900E-016 ) ) ;
#1279 = CARTESIAN_POINT ( 'NONE',  ( -5.205943304866109700, 0.0000000000000000000, 0.0000000000000000000 ) ) ;
#1280 = ORIENTED_EDGE ( 'NONE', *, *, #2394, .T. ) ;
#1281 = AXIS2_PLACEMENT_3D ( 'NONE', #1332, #1324, #1316 ) ;
#1282 = DIRECTION ( 'NONE',  ( 1.000000000000000000, 0.0000000000000000000, 6.009258394948640100E-016 ) ) ;
#1283 = LINE ( 'NONE', #628, #1234 ) ;
#1284 = AXIS2_PLACEMENT_3D ( 'NONE', #1474, #1469, #1465 ) ;
#1285 = AXIS2_PLACEMENT_3D ( 'NONE', #1493, #1485, #1482 ) ;
#1286 = DIRECTION ( 'NONE',  ( 0.0000000000000000000, 0.0000000000000000000, 1.000000000000000000 ) ) ;
#1287 = DIRECTION ( 'NONE',  ( 0.0000000000000000000, 0.0000000000000000000, -1.000000000000000000 ) ) ;
#1288 = LINE ( 'NONE', #718, #1263 ) ;
#1289 = PLANE ( 'NONE',  #1266 ) ;
#1290 = AXIS2_PLACEMENT_3D ( 'NONE', #1853, #1845, #1842 ) ;
#1291 = CIRCLE ( 'NONE', #1418, 40.50000000000000000 ) ;
#1292 = AXIS2_PLACEMENT_3D ( 'NONE', #1870, #1863, #1862 ) ;
#1293 = PLANE ( 'NONE',  #2066 ) ;
#1294 = ORIENTED_EDGE ( 'NONE', *, *, #2403, .T. ) ;
#1295 = CARTESIAN_POINT ( 'NONE',  ( 21.20940107675850300, -12.00000000000000000, -20.78460969082655300 ) ) ;
#1296 = AXIS2_PLACEMENT_3D ( 'NONE', #2049, #2009, #1998 ) ;
#1297 = ORIENTED_EDGE ( 'NONE', *, *, #2362, .F. ) ;
#1298 = ORIENTED_EDGE ( 'NONE', *, *, #2404, .F. ) ;
#1299 = AXIS2_PLACEMENT_3D ( 'NONE', #1883, #1877, #1876 ) ;
#1300 = DIRECTION ( 'NONE',  ( 0.4999999999999999400, 0.7499999999999998900, -0.4330127018922194600 ) ) ;
#1301 = ORIENTED_EDGE ( 'NONE', *, *, #2428, .T. ) ;
#1302 = CARTESIAN_POINT ( 'NONE',  ( -5.606486096906772700, -40.99424902170494500, 15.50000000000000200 ) ) ;
#1303 = CARTESIAN_POINT ( 'NONE',  ( 20.05470053837924700, 24.00000000000000000, -2.000000000000000000 ) ) ;
#1304 = AXIS2_PLACEMENT_3D ( 'NONE', #2052, #2071, #2225 ) ;
#1305 = AXIS2_PLACEMENT_3D ( 'NONE', #2098, #2255, #2076 ) ;
#1306 = ORIENTED_EDGE ( 'NONE', *, *, #2060, .T. ) ;
#1307 = DIRECTION ( 'NONE',  ( -0.4999999999999998900, 0.0000000000000000000, -0.8660254037844387100 ) ) ;
#1308 = CARTESIAN_POINT ( 'NONE',  ( 20.05470053837924700, -10.26794919243112000, -21.78460969082655300 ) ) ;
#1309 = SPHERICAL_SURFACE ( 'NONE', #1405, 36.00000000000000000 ) ;
#1310 = AXIS2_PLACEMENT_3D ( 'NONE', #2454, #2450, #2335 ) ;
#1311 = DIRECTION ( 'NONE',  ( 0.0000000000000000000, 0.0000000000000000000, 1.000000000000000000 ) ) ;
#1312 = ORIENTED_EDGE ( 'NONE', *, *, #2409, .T. ) ;
#1313 = PLANE ( 'NONE',  #2056 ) ;
#1314 = AXIS2_PLACEMENT_3D ( 'NONE', #2237, #2236, #2231 ) ;
#1315 = CIRCLE ( 'NONE', #1423, 8.000000000000000000 ) ;
#1316 = DIRECTION ( 'NONE',  ( 0.0000000000000000000, 0.0000000000000000000, -1.000000000000000000 ) ) ;
#1317 = FACE_OUTER_BOUND ( 'NONE', #1947, .T. ) ;
#1318 = AXIS2_PLACEMENT_3D ( 'NONE', #2085, #2082, #2077 ) ;
#1319 = VECTOR ( 'NONE', #2165, 1000.000000000000000 ) ;
#1320 = ORIENTED_EDGE ( 'NONE', *, *, #1116, .T. ) ;
#1321 = DIRECTION ( 'NONE',  ( -0.5000000000000001100, 0.7500000000000001100, -0.4330127018922190800 ) ) ;
#1322 = DIRECTION ( 'NONE',  ( 0.0000000000000000000, -0.8660254037844387100, 0.4999999999999998900 ) ) ;
#1323 = AXIS2_PLACEMENT_3D ( 'NONE', #2267, #2266, #2262 ) ;
#1324 = DIRECTION ( 'NONE',  ( 0.0000000000000000000, -1.000000000000000000, 0.0000000000000000000 ) ) ;
#1325 = LINE ( 'NONE', #2137, #1319 ) ;
#1326 = CARTESIAN_POINT ( 'NONE',  ( 18.89999999999999900, -8.750000000000000000, -15.15544456622770000 ) ) ;
#1327 = DIRECTION ( 'NONE',  ( 0.0000000000000000000, 0.4999999999999998900, 0.8660254037844387100 ) ) ;
#1328 = AXIS2_PLACEMENT_3D ( 'NONE', #2288, #2285, #2273 ) ;
#1329 = AXIS2_PLACEMENT_3D ( 'NONE', #2317, #2304, #2300 ) ;
#1330 = EDGE_LOOP ( 'NONE', ( #1205 ) ) ;
#1331 = CARTESIAN_POINT ( 'NONE',  ( -5.299999999999995400, -8.169413833290521500, -29.97814856626494500 ) ) ;
#1332 = CARTESIAN_POINT ( 'NONE',  ( 18.89999999999999900, 24.00000000000000000, 0.0000000000000000000 ) ) ;
#1333 = ORIENTED_EDGE ( 'NONE', *, *, #2523, .F. ) ;
#1334 = DIRECTION ( 'NONE',  ( 0.0000000000000000000, -1.000000000000000000, 0.0000000000000000000 ) ) ;
#1335 = CARTESIAN_POINT ( 'NONE',  ( -5.137295531137517000, 40.89906256008499200, 15.50000000000000000 ) ) ;
#1336 = ORIENTED_EDGE ( 'NONE', *, *, #1737, .F. ) ;
#1337 = DIRECTION ( 'NONE',  ( 0.0000000000000000000, 0.0000000000000000000, 1.000000000000000000 ) ) ;
#1338 = AXIS2_PLACEMENT_3D ( 'NONE', #2462, #2459, #2455 ) ;
#1339 = DIRECTION ( 'NONE',  ( 1.000000000000000000, 0.0000000000000000000, 0.0000000000000000000 ) ) ;
#1340 = ORIENTED_EDGE ( 'NONE', *, *, #2509, .T. ) ;
#1341 = CARTESIAN_POINT ( 'NONE',  ( -19.00000000000000000, 72.03461538461539200, 13.81174088920481900 ) ) ;
#1342 = VECTOR ( 'NONE', #2351, 1000.000000000000000 ) ;
#1343 = DIRECTION ( 'NONE',  ( 0.0000000000000000000, 0.0000000000000000000, -1.000000000000000000 ) ) ;
#1344 = CARTESIAN_POINT ( 'NONE',  ( 17.74529946162074600, 24.00000000000000000, 2.000000000000000000 ) ) ;
#1345 = AXIS2_PLACEMENT_3D ( 'NONE', #2401, #2393, #2390 ) ;
#1346 = CARTESIAN_POINT ( 'NONE',  ( 18.89999999999999900, 23.95875000000000200, 0.0000000000000000000 ) ) ;
#1347 = CIRCLE ( 'NONE', #1411, 15.50000000000000000 ) ;
#1348 = ORIENTED_EDGE ( 'NONE', *, *, #1097, .F. ) ;
#1349 = AXIS2_PLACEMENT_3D ( 'NONE', #2358, #2348, #2342 ) ;
#1350 = DIRECTION ( 'NONE',  ( -1.000000000000000000, 0.0000000000000000000, 0.0000000000000000000 ) ) ;
#1351 = CARTESIAN_POINT ( 'NONE',  ( -5.205943304866109700, 40.90340648698315100, 15.50000000000000000 ) ) ;
#1352 = ORIENTED_EDGE ( 'NONE', *, *, #253, .T. ) ;
#1353 = CARTESIAN_POINT ( 'NONE',  ( 21.20940107675850300, 24.00000000000000000, 1.414053616061350100E-016 ) ) ;
#1354 = EDGE_CURVE ( 'NONE', #136, #136, #1460, .T. ) ;
#1355 = EDGE_CURVE ( 'E1403', #1505, #2544, #2065, .T. ) ;
#1356 = CARTESIAN_POINT ( 'NONE',  ( 22.64455625708840000, 23.95875000000000200, 1.406519974084989900 ) ) ;
#1357 = CIRCLE ( 'NONE', #1430, 15.50000000000000000 ) ;
#1358 = VERTEX_POINT ( 'NONE', #2866 ) ;
#1359 = VECTOR ( 'NONE', #2430, 1000.000000000000000 ) ;
#1360 = CARTESIAN_POINT ( 'NONE',  ( 15.15544374291159900, 23.95875000000000200, 1.406519974084986100 ) ) ;
#1361 = CARTESIAN_POINT ( 'NONE',  ( 15.22615684204430400, 23.94769812217601400, 1.594778358391101000 ) ) ;
#1362 = CARTESIAN_POINT ( 'NONE',  ( -5.300000000000000700, -8.041784101382699400, -30.01234684985985300 ) ) ;
#1363 = LINE ( 'NONE', #2106, #1342 ) ;
#1364 = VECTOR ( 'NONE', #2512, 1000.000000000000000 ) ;
#1365 = CC_DESIGN_APPROVAL ( #3, ( #33 ) ) ;
#1366 = CARTESIAN_POINT ( 'NONE',  ( -5.959143113619000500, -41.21090243160647800, 15.50000000000000400 ) ) ;
#1367 = DIRECTION ( 'NONE',  ( 1.000000000000000000, 0.0000000000000000000, 0.0000000000000000000 ) ) ;
#1368 = LINE ( 'NONE', #1935, #1359 ) ;
#1369 = AXIS2_PLACEMENT_3D ( 'NONE', #2773, #2770, #2765 ) ;
#1370 = CARTESIAN_POINT ( 'NONE',  ( 15.50811554489977900, 23.90596890155088200, 2.129777548615413800 ) ) ;
#1371 = CARTESIAN_POINT ( 'NONE',  ( 15.62136750132425600, 23.89004815909793300, 2.300228056622605900 ) ) ;
#1372 = CARTESIAN_POINT ( 'NONE',  ( -5.354213381802380500, -8.293967032237171500, -29.94377859784192700 ) ) ;
#1373 = CIRCLE ( 'NONE', #1429, 8.000000000000000000 ) ;
#1374 = CARTESIAN_POINT ( 'NONE',  ( -5.538743514111343900, -8.471633914861122600, -29.89399914131574900 ) ) ;
#1375 = CARTESIAN_POINT ( 'NONE',  ( 15.86873094444516900, 23.85735865660341700, 2.617611141228260800 ) ) ;
#1376 = CARTESIAN_POINT ( 'NONE',  ( 16.00361796113471900, 23.84046893071248300, 2.766129508785431800 ) ) ;
#1377 = AXIS2_PLACEMENT_3D ( 'NONE', #2816, #2813, #2810 ) ;
#1378 = CIRCLE ( 'NONE', #1436, 45.00000000000000000 ) ;
#1379 = AXIS2_PLACEMENT_3D ( 'NONE', #2945, #2924, #2949 ) ;
#1380 = CARTESIAN_POINT ( 'NONE',  ( -5.669300648345464200, -8.523638981354373800, -29.87907015771886400 ) ) ;
#1381 = CARTESIAN_POINT ( 'NONE',  ( 16.29588270816486100, 23.80672923336678100, 3.042872738844026900 ) ) ;
#1382 = LINE ( 'NONE', #2463, #1364 ) ;
#1383 = CARTESIAN_POINT ( 'NONE',  ( 16.45470364273906200, 23.78975017981938200, 3.171950606688550300 ) ) ;
#1384 = CARTESIAN_POINT ( 'NONE',  ( -5.930167969527055000, -8.523772300814076900, -29.87903212519147200 ) ) ;
#1385 = AXIS2_PLACEMENT_3D ( 'NONE', #2898, #2896, #2894 ) ;
#1386 = CARTESIAN_POINT ( 'NONE',  ( -6.059986601293902100, -8.472780677158208800, -29.89367737196020900 ) ) ;
#1387 = AXIS2_PLACEMENT_3D ( 'NONE', #2830, #2828, #2825 ) ;
#1388 = VECTOR ( 'NONE', #2994, 1000.000000000000000 ) ;
#1389 = CARTESIAN_POINT ( 'NONE',  ( 16.78644803585108700, 23.75794269814919000, 3.402005734996310900 ) ) ;
#1390 = ADVANCED_FACE ( 'E1318', ( #2343 ), #2871, .T. ) ;
#1391 = CARTESIAN_POINT ( 'NONE',  ( -6.246758561879070200, -8.293107008512153700, -29.94402002683401400 ) ) ;
#1392 = VERTEX_POINT ( 'NONE', #2510 ) ;
#1393 = CARTESIAN_POINT ( 'NONE',  ( 16.95972146051666100, 23.74304602080509600, 3.503680067899750800 ) ) ;
#1394 = AXIS2_PLACEMENT_3D ( 'NONE', #3000, #580, #2997 ) ;
#1395 = CARTESIAN_POINT ( 'NONE',  ( -6.299953784641860300, -8.168027991900467900, -29.97851913140722100 ) ) ;
#1396 = ORIENTED_EDGE ( 'NONE', *, *, #2805, .F. ) ;
#1397 = CARTESIAN_POINT ( 'NONE',  ( 17.32097410944679100, 23.71625763686855500, 3.680642887586389500 ) ) ;
#1398 = AXIS2_PLACEMENT_3D ( 'NONE', #558, #551, #515 ) ;
#1399 = CARTESIAN_POINT ( 'NONE',  ( -6.300046152754991800, -7.915881998648536900, -30.04608298550894200 ) ) ;
#1400 = CIRCLE ( 'NONE', #1437, 15.50000000000000000 ) ;
#1401 = CARTESIAN_POINT ( 'NONE',  ( -6.246008796580038200, -7.789507904253270900, -30.07895178343635900 ) ) ;
#1402 = CARTESIAN_POINT ( 'NONE',  ( 17.51040157754265900, 23.70429395176164500, 3.756358264544590300 ) ) ;
#1403 = CARTESIAN_POINT ( 'NONE',  ( 18.09156296677213800, 23.67496235139572400, 3.938435515853887700 ) ) ;
#1404 = VERTEX_POINT ( 'NONE', #2887 ) ;
#1405 = AXIS2_PLACEMENT_3D ( 'NONE', #947, #1065, #587 ) ;
#1406 = CARTESIAN_POINT ( 'NONE',  ( -6.061783776651629400, -7.610671412921609800, -30.12469841218748500 ) ) ;
#1407 = CARTESIAN_POINT ( 'NONE',  ( 18.48939184697672300, 23.66435658178084700, 3.999778446432678000 ) ) ;
#1408 = LINE ( 'NONE', #2002, #1421 ) ;
#1409 = ORIENTED_EDGE ( 'NONE', *, *, #2281, .F. ) ;
#1410 = CARTESIAN_POINT ( 'NONE',  ( -5.932390042088417900, -7.557910538453593400, -30.13783740218184800 ) ) ;
#1411 = AXIS2_PLACEMENT_3D ( 'NONE', #693, #690, #671 ) ;
#1412 = ORIENTED_EDGE ( 'NONE', *, *, #2633, .F. ) ;
#1413 = CARTESIAN_POINT ( 'NONE',  ( 19.10205807818396900, 23.66430055612347500, 4.000109898741503600 ) ) ;
#1414 = CARTESIAN_POINT ( 'NONE',  ( 19.30441542397967300, 23.66692634777982100, 3.984666058990416400 ) ) ;
#1415 = ADVANCED_FACE ( 'E3', ( #2339, #2388 ), #2312, .F. ) ;
#1416 = CARTESIAN_POINT ( 'NONE',  ( 19.70529103198604700, 23.67716926835383300, 3.923343190523322900 ) ) ;
#1417 = CIRCLE ( 'NONE', #1450, 45.00000000000000000 ) ;
#1418 = AXIS2_PLACEMENT_3D ( 'NONE', #713, #839, #796 ) ;
#1419 = CARTESIAN_POINT ( 'NONE',  ( -5.668629246463449800, -7.557649730859312200, -30.13790280582345100 ) ) ;
#1420 = CARTESIAN_POINT ( 'NONE',  ( 19.90518489362051800, 23.68487459941592400, 3.876915938786644800 ) ) ;
#1421 = VECTOR ( 'NONE', #2092, 1000.000000000000000 ) ;
#1422 = CARTESIAN_POINT ( 'NONE',  ( -5.539126743864581900, -7.610104878849562700, -30.12484140888673400 ) ) ;
#1423 = AXIS2_PLACEMENT_3D ( 'NONE', #847, #889, #1017 ) ;
#1424 = FACE_OUTER_BOUND ( 'NONE', #2671, .T. ) ;
#1425 = CARTESIAN_POINT ( 'NONE',  ( 20.29096724208421400, 23.70438098724044800, 3.755806704055662900 ) ) ;
#1426 = CARTESIAN_POINT ( 'NONE',  ( -5.354331379237769400, -7.788862466992142700, -30.07911879772990100 ) ) ;
#1427 = CARTESIAN_POINT ( 'NONE',  ( -5.300000000000005200, -7.914154369474875500, -30.04654513345476400 ) ) ;
#1428 = ORIENTED_EDGE ( 'NONE', *, *, #2451, .F. ) ;
#1429 = AXIS2_PLACEMENT_3D ( 'NONE', #912, #918, #902 ) ;
#1430 = AXIS2_PLACEMENT_3D ( 'NONE', #928, #1126, #1021 ) ;
#1431 = CARTESIAN_POINT ( 'NONE',  ( 20.47763587319451900, 23.71616552598106200, 3.681233517514232600 ) ) ;
#1432 = CARTESIAN_POINT ( 'NONE',  ( 20.83878237683575600, 23.74292419673851000, 3.504502540180491000 ) ) ;
#1433 = CARTESIAN_POINT ( 'NONE',  ( -5.300000000000000700, -8.041784101382699400, -30.01234684985985300 ) ) ;
#1434 = VECTOR ( 'NONE', #1950, 1000.000000000000000 ) ;
#1435 = CARTESIAN_POINT ( 'NONE',  ( -5.000000000000000000, 40.89037444656910500, 15.50000000000000000 ) ) ;
#1436 = AXIS2_PLACEMENT_3D ( 'NONE', #2443, #2564, #2378 ) ;
#1437 = AXIS2_PLACEMENT_3D ( 'NONE', #2904, #2559, #2558 ) ;
#1438 = CARTESIAN_POINT ( 'NONE',  ( -17.50000000000000000, 0.0000000000000000000, 0.0000000000000000000 ) ) ;
#1439 = ORIENTED_EDGE ( 'NONE', *, *, #2350, .F. ) ;
#1440 = ORIENTED_EDGE ( 'NONE', *, *, #2436, .T. ) ;
#1441 = DIRECTION ( 'NONE',  ( 0.0000000000000000000, 0.0000000000000000000, -1.000000000000000000 ) ) ;
#1442 = AXIS2_PLACEMENT_3D ( 'NONE', #2101, #1917, #1925 ) ;
#1443 = CARTESIAN_POINT ( 'NONE',  ( 21.01439520986130900, 23.75801322522772800, 3.401532616454062500 ) ) ;
#1444 = ORIENTED_EDGE ( 'NONE', *, *, #2427, .F. ) ;
#1445 = ADVANCED_FACE ( 'E6', ( #2307, #2311, #2431 ), #2232, .T. ) ;
#1446 = CARTESIAN_POINT ( 'NONE',  ( -17.50000000000000000, 18.59999999999999800, 0.0000000000000000000 ) ) ;
#1447 = CARTESIAN_POINT ( 'NONE',  ( -10.00000000000000000, 0.0000000000000000000, 0.0000000000000000000 ) ) ;
#1448 = CARTESIAN_POINT ( 'NONE',  ( 21.51396450713375000, 23.80594278055372500, 3.054759324821812800 ) ) ;
#1449 = ORIENTED_EDGE ( 'NONE', *, *, #2398, .F. ) ;
#1450 = AXIS2_PLACEMENT_3D ( 'NONE', #2179, #2122, #2175 ) ;
#1451 = CARTESIAN_POINT ( 'NONE',  ( -5.205943304866109700, -40.90340648698315100, 15.50000000000000000 ) ) ;
#1452 = ORIENTED_EDGE ( 'NONE', *, *, #2953, .F. ) ;
#1453 = CARTESIAN_POINT ( 'NONE',  ( 21.80549183136174200, 23.84073233403725200, 2.779112907493920000 ) ) ;
#1454 = CARTESIAN_POINT ( 'NONE',  ( 22.30531418119970500, 23.90679401579767900, 2.137565592450751500 ) ) ;
#1455 = AXIS2_PLACEMENT_3D ( 'NONE', #2954, #2995, #2977 ) ;
#1456 = ORIENTED_EDGE ( 'NONE', *, *, #2441, .T. ) ;
#1457 = PLANE ( 'NONE',  #2031 ) ;
#1458 = ORIENTED_EDGE ( 'NONE', *, *, #900, .T. ) ;
#1459 = ORIENTED_EDGE ( 'NONE', *, *, #2293, .F. ) ;
#1460 = B_SPLINE_CURVE_WITH_KNOTS ( 'NONE', 3,
 ( #2533, #2433, #2543, #2547, #2551, #2555, #2562, #2563, #2567, #2571, #2577, #2587, #2804, #2792, #2771, #2759, #2715, #2591, #2598, #2602, #2608, #2609, #2612, #2617, #2622, #2643, #2650, #2652, #2653, #2659, #2662, #2665, #2673, #2678, #2679, #2683, #2686, #2696, #2698, #2702, #2703, #2707, #2712, #2721, #2725, #2736, #2742, #2748, #2752, #2764, #2767, #2769, #2775, #2779, #2780, #2783, #2784, #2786, #2795, #2803, #2807, #2993, #2984, #2955, #2935, #2913 ),
 .UNSPECIFIED., .T., .F.,
 ( 4, 2, 2, 2, 2, 2, 2, 2, 2, 2, 2, 2, 2, 2, 2, 2, 2, 2, 2, 2, 2, 2, 2, 2, 2, 2, 2, 2, 2, 2, 2, 2, 4 ),
 ( 0.0000000000000000000, 0.0007841035762795358900, 0.001568207152559071800, 0.002352310728838607300, 0.003136414305118143600, 0.003920517881397679800, 0.004704621457677214700, 0.005488725033956751300, 0.006272828610236287100, 0.007056932186515822000, 0.007841035762795359500, 0.008625139339074895300, 0.009409242915354429400, 0.01019334649163396700, 0.01097745006791350300, 0.01176155364419303800, 0.01254565722047257400, 0.01332976079675211200, 0.01411386437303164400, 0.01489796794931118200, 0.01568207152559071900, 0.01646617510187025100, 0.01725027867814979100, 0.01803438225442933000, 0.01881848583070886900, 0.01960258940698840800, 0.02038669298326794800, 0.02117079655954748700, 0.02195490013582702300, 0.02273900371210656200, 0.02352310728838610100, 0.02430721086466564000, 0.02509131444094517600 ),
 .UNSPECIFIED. ) ;
#1461 = AXIS2_PLACEMENT_3D ( 'NONE', #2891, #2975, #2922 ) ;
#1462 = DIRECTION ( 'NONE',  ( 0.0000000000000000000, 0.0000000000000000000, -1.000000000000000000 ) ) ;
#1463 = ORIENTED_EDGE ( 'NONE', *, *, #2498, .F. ) ;
#1464 = CARTESIAN_POINT ( 'NONE',  ( 5.285453687826684900, -17.85150402070373600, -30.81242408797732700 ) ) ;
#1465 = DIRECTION ( 'NONE',  ( 0.0000000000000000000, 0.0000000000000000000, -1.000000000000000000 ) ) ;
#1466 = CARTESIAN_POINT ( 'NONE',  ( -10.00000000000000000, 0.0000000000000000000, 0.0000000000000000000 ) ) ;
#1467 = FACE_BOUND ( 'NONE', #2839, .T. ) ;
#1468 = AXIS2_PLACEMENT_3D ( 'NONE', #2867, #2852, #2801 ) ;
#1469 = DIRECTION ( 'NONE',  ( 0.0000000000000000000, -1.000000000000000000, 0.0000000000000000000 ) ) ;
#1470 = AXIS2_PLACEMENT_3D ( 'NONE', #2579, #2518, #2504 ) ;
#1471 = CARTESIAN_POINT ( 'NONE',  ( 17.74529946162074600, 24.00000000000000000, 2.000000000000000000 ) ) ;
#1472 = VERTEX_POINT ( 'NONE', #2919 ) ;
#1473 = VERTEX_POINT ( 'NONE', #207 ) ;
#1474 = CARTESIAN_POINT ( 'NONE',  ( 18.89999999999999900, 23.95875000000000200, 0.0000000000000000000 ) ) ;
#1475 = VECTOR ( 'NONE', #2189, 1000.000000000000000 ) ;
#1476 = PLANE ( 'NONE',  #2026 ) ;
#1477 = ORIENTED_EDGE ( 'NONE', *, *, #2738, .T. ) ;
#1478 = DIRECTION ( 'NONE',  ( -1.000000000000000000, 0.0000000000000000000, 0.0000000000000000000 ) ) ;
#1479 = AXIS2_PLACEMENT_3D ( 'NONE', #2859, #2798, #2808 ) ;
#1480 = CARTESIAN_POINT ( 'NONE',  ( -5.827966080597105900, -41.10663184786768200, 15.49999999999999800 ) ) ;
#1481 = LINE ( 'NONE', #1919, #1388 ) ;
#1482 = DIRECTION ( 'NONE',  ( 0.0000000000000000000, 0.0000000000000000000, 1.000000000000000000 ) ) ;
#1483 = DIRECTION ( 'NONE',  ( 0.0000000000000000000, 0.0000000000000000000, 1.000000000000000000 ) ) ;
#1484 = ORIENTED_EDGE ( 'NONE', *, *, #2456, .T. ) ;
#1485 = DIRECTION ( 'NONE',  ( -0.0000000000000000000, -1.000000000000000000, -0.0000000000000000000 ) ) ;
#1486 = CARTESIAN_POINT ( 'NONE',  ( 15.00000000000000000, 65.00000000000000000, -1.898139848424685100E-015 ) ) ;
#1487 = DIRECTION ( 'NONE',  ( 0.0000000000000000000, 1.000000000000000000, 0.0000000000000000000 ) ) ;
#1488 = VECTOR ( 'NONE', #2991, 1000.000000000000000 ) ;
#1489 = AXIS2_PLACEMENT_3D ( 'NONE', #1727, #1129, #1110 ) ;
#1490 = AXIS2_PLACEMENT_3D ( 'NONE', #1622, #1750, #1898 ) ;
#1491 = DIRECTION ( 'NONE',  ( -1.000000000000000000, 0.0000000000000000000, 0.0000000000000000000 ) ) ;
#1492 = LINE ( 'NONE', #2405, #1475 ) ;
#1493 = CARTESIAN_POINT ( 'NONE',  ( 18.89999999999999900, 17.54125000000000200, 0.0000000000000000000 ) ) ;
#1494 = VECTOR ( 'NONE', #2948, 1000.000000000000000 ) ;
#1495 = CARTESIAN_POINT ( 'NONE',  ( 22.50193616147248200, 23.93645964798142200, 1.786215237049627100 ) ) ;
#1496 = ORIENTED_EDGE ( 'NONE', *, *, #2461, .T. ) ;
#1497 = AXIS2_PLACEMENT_3D ( 'NONE', #101, #109, #1819 ) ;
#1498 = LINE ( 'NONE', #2837, #1488 ) ;
#1499 = DIRECTION ( 'NONE',  ( -1.000000000000000000, 0.0000000000000000000, 0.0000000000000000000 ) ) ;
#1500 = VERTEX_POINT ( 'NONE', #2914 ) ;
#1501 = CARTESIAN_POINT ( 'NONE',  ( 15.15544374291159900, -13.19745702848781800, -20.04562615587795100 ) ) ;
#1502 = LINE ( 'NONE', #2899, #1434 ) ;
#1503 = AXIS2_PLACEMENT_3D ( 'NONE', #1705, #1910, #1821 ) ;
#1504 = DIRECTION ( 'NONE',  ( 1.000000000000000000, 0.0000000000000000000, 0.0000000000000000000 ) ) ;
#1505 = VERTEX_POINT ( 'NONE', #2882 ) ;
#1506 = B_SPLINE_CURVE_WITH_KNOTS ( 'NONE', 3,
 ( #2774, #2760, #2757, #2756, #2751, #2746, #2744, #2741, #2739, #2734, #2731, #2730, #2727, #2723, #2720, #2719, #2708, #2706, #2704, #2697, #2693, #2691, #2689, #2684, #2681, #2674, #2669, #2667, #2661, #2658, #2656, #2645, #2641, #2632, #2627, #2620, #2614, #2596, #2590, #2574, #2566, #2553, #2550, #2549, #2545, #2539, #2537, #2532, #2530, #2525, #2521, #2517, #2508, #2502, #2497, #2495, #2489, #2488, #2484, #2481, #2475, #2474 ),
 .UNSPECIFIED., .T., .F.,
 ( 4, 2, 2, 2, 2, 2, 2, 2, 2, 2, 2, 2, 2, 2, 2, 2, 2, 2, 2, 2, 2, 2, 2, 2, 2, 2, 2, 2, 2, 2, 4 ),
 ( 0.0000000000000000000, 0.0004827555144459440900, 0.0009655110288918881800, 0.001448266543337832300, 0.001931022057783776400, 0.002413777572229720400, 0.002896533086675664700, 0.003379288601121608900, 0.003862044115567552700, 0.004344799630013497000, 0.004827555144459440800, 0.005310310658905385500, 0.005793066173351329300, 0.006275821687797273100, 0.006758577202243217800, 0.007241332716689161600, 0.007724088231135108900, 0.008206843745581057100, 0.008689599260027004400, 0.009655110288918892000, 0.01013786580336483600, 0.01062062131781078100, 0.01110337683225672300, 0.01158613234670266900, 0.01206888786114861300, 0.01255164337559455700, 0.01303439889004050000, 0.01351715440448644400, 0.01399990991893239200, 0.01448266543337834100, 0.01544817646227023200 ),
 .UNSPECIFIED. ) ;
#1507 = AXIS2_PLACEMENT_3D ( 'NONE', #1761, #1830, #1864 ) ;
#1508 = CARTESIAN_POINT ( 'NONE',  ( 5.332668084290800100, -17.95515134498689800, -30.74370165100034700 ) ) ;
#1509 = CIRCLE ( 'NONE', #1455, 45.00000000000000000 ) ;
#1510 = CARTESIAN_POINT ( 'NONE',  ( -10.00000000000000000, 0.0000000000000000000, 0.0000000000000000000 ) ) ;
#1511 = LINE ( 'NONE', #2934, #1494 ) ;
#1512 = AXIS2_PLACEMENT_3D ( 'NONE', #1231, #1491, #1286 ) ;
#1513 = CARTESIAN_POINT ( 'NONE',  ( -9.750000000000000000, 0.0000000000000000000, -1.193991194976818000E-015 ) ) ;
#1514 = ORIENTED_EDGE ( 'NONE', *, *, #2468, .T. ) ;
#1515 = DIRECTION ( 'NONE',  ( 1.000000000000000000, 5.204170427930419300E-016, -3.004629197474320000E-016 ) ) ;
#1516 = AXIS2_PLACEMENT_3D ( 'NONE', #2228, #2135, #2061 ) ;
#1517 = DIRECTION ( 'NONE',  ( 1.000000000000000000, 0.0000000000000000000, 0.0000000000000000000 ) ) ;
#1518 = CIRCLE ( 'NONE', #1461, 45.00000000000000000 ) ;
#1519 = CARTESIAN_POINT ( 'NONE',  ( 5.290627394040988900, -17.72865606653674700, -30.88237765325083500 ) ) ;
#1520 = ORIENTED_EDGE ( 'NONE', *, *, #2486, .T. ) ;
#1521 = LINE ( 'NONE', #2607, #1552 ) ;
#1522 = CARTESIAN_POINT ( 'NONE',  ( 5.399055084052351500, -17.51330593482708400, -30.98631235075659900 ) ) ;
#1523 = CARTESIAN_POINT ( 'NONE',  ( 5.502437343564549700, -17.42162810231409500, -31.01978967205279900 ) ) ;
#1524 = AXIS2_PLACEMENT_3D ( 'NONE', #1034, #1015, #1035 ) ;
#1525 = CIRCLE ( 'NONE', #1468, 15.50000000000000000 ) ;
#1526 = CARTESIAN_POINT ( 'NONE',  ( 5.745820211771335700, -17.32257691258433900, -31.03113231828941900 ) ) ;
#1527 = CARTESIAN_POINT ( 'NONE',  ( 5.884641662345869100, -17.31451252927511300, -31.00961620007270300 ) ) ;
#1528 = FACE_BOUND ( 'NONE', #2022, .T. ) ;
#1529 = AXIS2_PLACEMENT_3D ( 'NONE', #1279, #1350, #1337 ) ;
#1530 = FACE_OUTER_BOUND ( 'NONE', #2019, .T. ) ;
#1531 = CARTESIAN_POINT ( 'NONE',  ( 6.124437078214933500, -17.38801882904446200, -30.92192943805791200 ) ) ;
#1532 = CARTESIAN_POINT ( 'NONE',  ( 6.220608811087450900, -17.46851618778411100, -30.85728791691365200 ) ) ;
#1533 = VECTOR ( 'NONE', #1885, 1000.000000000000000 ) ;
#1534 = CARTESIAN_POINT ( 'NONE',  ( 17.74529946162074600, -9.455449192431119700, -20.37731840967680000 ) ) ;
#1535 = VERTEX_POINT ( 'NONE', #2923 ) ;
#1536 = CARTESIAN_POINT ( 'NONE',  ( 6.313927727079445200, -17.67311307840521900, -30.72153381824999100 ) ) ;
#1537 = AXIS2_PLACEMENT_3D ( 'NONE', #1513, #948, #979 ) ;
#1538 = LINE ( 'NONE', #1658, #1533 ) ;
#1539 = DIRECTION ( 'NONE',  ( 0.0000000000000000000, 0.4999999999999998900, 0.8660254037844387100 ) ) ;
#1540 = ORIENTED_EDGE ( 'NONE', *, *, #2992, .T. ) ;
#1541 = AXIS2_PLACEMENT_3D ( 'NONE', #1510, #1517, #1591 ) ;
#1542 = CARTESIAN_POINT ( 'NONE',  ( 6.309517791445777800, -17.79684213690368100, -30.65093244756698400 ) ) ;
#1543 = ORIENTED_EDGE ( 'NONE', *, *, #2416, .T. ) ;
#1544 = CARTESIAN_POINT ( 'NONE',  ( 6.201257968774887900, -18.01250392175406400, -30.54687163663826500 ) ) ;
#1545 = ORIENTED_EDGE ( 'NONE', *, *, #2472, .T. ) ;
#1546 = AXIS2_PLACEMENT_3D ( 'NONE', #1236, #906, #1311 ) ;
#1547 = CARTESIAN_POINT ( 'NONE',  ( 6.098833071761789300, -18.10397677734512100, -30.51340492753629600 ) ) ;
#1548 = CARTESIAN_POINT ( 'NONE',  ( 5.853200518088108600, -18.20405147751416700, -30.50196999806290400 ) ) ;
#1549 = ORIENTED_EDGE ( 'NONE', *, *, #2479, .T. ) ;
#1550 = CARTESIAN_POINT ( 'NONE',  ( 17.74529946162074600, -10.26794919243112000, -21.78460969082655300 ) ) ;
#1551 = DIRECTION ( 'NONE',  ( 0.4999999999999999400, 0.7499999999999998900, -0.4330127018922194600 ) ) ;
#1552 = VECTOR ( 'NONE', #2584, 1000.000000000000000 ) ;
#1553 = CARTESIAN_POINT ( 'NONE',  ( 5.714211582420063900, -18.21126610379699100, -30.52400386799614300 ) ) ;
#1554 = AXIS2_PLACEMENT_3D ( 'NONE', #866, #788, #864 ) ;
#1555 = CARTESIAN_POINT ( 'NONE',  ( 5.477152681547546600, -18.13868195175876300, -30.61055789758443500 ) ) ;
#1556 = CARTESIAN_POINT ( 'NONE',  ( 5.379882480754914400, -18.05879866927006500, -30.67497921402336300 ) ) ;
#1557 = FACE_OUTER_BOUND ( 'NONE', #2012, .T. ) ;
#1558 = CARTESIAN_POINT ( 'NONE',  ( 16.59059892324150100, -11.18750000000000000, -19.37731840967680000 ) ) ;
#1559 = AXIS2_PLACEMENT_3D ( 'NONE', #898, #927, #1696 ) ;
#1560 = FACE_BOUND ( 'NONE', #2017, .T. ) ;
#1561 = AXIS2_PLACEMENT_3D ( 'NONE', #881, #867, #803 ) ;
#1562 = ORIENTED_EDGE ( 'NONE', *, *, #2362, .T. ) ;
#1563 = CARTESIAN_POINT ( 'NONE',  ( 5.332668084290800100, -17.95515134498689800, -30.74370165100034700 ) ) ;
#1564 = DATE_AND_TIME ( #2848, #2176 ) ;
#1565 = AXIS2_PLACEMENT_3D ( 'NONE', #855, #780, #859 ) ;
#1566 = DIRECTION ( 'NONE',  ( 0.0000000000000000000, 0.4999999999999998900, 0.8660254037844387100 ) ) ;
#1567 = ORIENTED_EDGE ( 'NONE', *, *, #2270, .F. ) ;
#1568 = DIRECTION ( 'NONE',  ( -1.119176436114069100E-016, 0.0000000000000000000, 1.000000000000000000 ) ) ;
#1569 = DIRECTION ( 'NONE',  ( -1.000000000000000000, 0.0000000000000000000, -6.123031769111888800E-017 ) ) ;
#1570 = ORIENTED_EDGE ( 'NONE', *, *, #2710, .F. ) ;
#1571 = AXIS2_PLACEMENT_3D ( 'NONE', #871, #877, #880 ) ;
#1572 = AXIS2_PLACEMENT_3D ( 'NONE', #692, #793, #800 ) ;
#1573 = CARTESIAN_POINT ( 'NONE',  ( 16.59059892324150100, -12.00000000000000000, -20.78460969082655300 ) ) ;
#1574 = ORIENTED_EDGE ( 'NONE', *, *, #2427, .T. ) ;
#1575 = PLANE ( 'NONE',  #2008 ) ;
#1576 = ORIENTED_EDGE ( 'NONE', *, *, #2436, .F. ) ;
#1577 = ORIENTED_EDGE ( 'NONE', *, *, #2492, .T. ) ;
#1578 = DIRECTION ( 'NONE',  ( -0.5000000000000001100, 0.7500000000000001100, -0.4330127018922190800 ) ) ;
#1579 = DIRECTION ( 'NONE',  ( -0.06162841671621946400, -0.7044160264027585800, 0.7071067811865476800 ) ) ;
#1580 = ORIENTED_EDGE ( 'NONE', *, *, #588, .T. ) ;
#1581 = AXIS2_PLACEMENT_3D ( 'NONE', #748, #663, #697 ) ;
#1582 = CARTESIAN_POINT ( 'NONE',  ( -12.00000000000000000, 0.0000000000000000000, 0.0000000000000000000 ) ) ;
#1583 = ORIENTED_EDGE ( 'NONE', *, *, #2486, .F. ) ;
#1584 = CARTESIAN_POINT ( 'NONE',  ( 17.74529946162074600, -12.91955080756886100, -18.37731840967680000 ) ) ;
#1585 = AXIS2_PLACEMENT_3D ( 'NONE', #831, #837, #844 ) ;
#1586 = DIRECTION ( 'NONE',  ( 0.06162841671621927000, 0.7044160264027586900, 0.7071067811865476800 ) ) ;
#1587 = DIRECTION ( 'NONE',  ( 0.0000000000000000000, 0.0000000000000000000, -1.000000000000000000 ) ) ;
#1588 = ORIENTED_EDGE ( 'NONE', *, *, #2917, .F. ) ;
#1589 = DIRECTION ( 'NONE',  ( 0.0000000000000000000, 0.4999999999999998900, 0.8660254037844387100 ) ) ;
#1590 = CIRCLE ( 'NONE', #1497, 45.00000000000000000 ) ;
#1591 = DIRECTION ( 'NONE',  ( 0.0000000000000000000, 0.0000000000000000000, -1.000000000000000000 ) ) ;
#1592 = ORIENTED_EDGE ( 'NONE', *, *, #2492, .F. ) ;
#1593 = CARTESIAN_POINT ( 'NONE',  ( 7.610502696578159900, 29.83818235838784700, 29.95215936758564700 ) ) ;
#1594 = CARTESIAN_POINT ( 'NONE',  ( 17.74529946162074600, -13.73205080756885900, -19.78460969082654900 ) ) ;
#1595 = AXIS2_PLACEMENT_3D ( 'NONE', #642, #646, #648 ) ;
#1596 = CIRCLE ( 'NONE', #1490, 15.50000000000000000 ) ;
#1597 = DIRECTION ( 'NONE',  ( 1.000000000000000000, 0.0000000000000000000, 0.0000000000000000000 ) ) ;
#1598 = ORIENTED_EDGE ( 'NONE', *, *, #2755, .F. ) ;
#1599 = AXIS2_PLACEMENT_3D ( 'NONE', #620, #601, #630 ) ;
#1600 = DIRECTION ( 'NONE',  ( 0.0000000000000000000, 0.0000000000000000000, 1.000000000000000000 ) ) ;
#1601 = ORIENTED_EDGE ( 'NONE', *, *, #2350, .T. ) ;
#1602 = DIRECTION ( 'NONE',  ( -1.000000000000000000, -2.081668171172169700E-016, 1.201851678989726100E-016 ) ) ;
#1603 = ORGANIZATION ( 'UNSPECIFIED', 'UNSPECIFIED', '' ) ;
#1604 = AXIS2_PLACEMENT_3D ( 'NONE', #572, #567, #613 ) ;
#1605 = ORIENTED_EDGE ( 'NONE', *, *, #2494, .T. ) ;
#1606 = DIRECTION ( 'NONE',  ( 0.0000000000000000000, 0.4999999999999998900, 0.8660254037844387100 ) ) ;
#1607 = CARTESIAN_POINT ( 'NONE',  ( -6.400000000000000400, 78.84399847396360900, 0.0000000000000000000 ) ) ;
#1608 = DIRECTION ( 'NONE',  ( -1.000000000000000000, 0.0000000000000000000, 0.0000000000000000000 ) ) ;
#1609 = CYLINDRICAL_SURFACE ( 'NONE', #1512, 24.00000000000000000 ) ;
#1610 = AXIS2_PLACEMENT_3D ( 'NONE', #736, #544, #550 ) ;
#1611 = CARTESIAN_POINT ( 'NONE',  ( 15.15544374291159900, -10.76129297151215900, -21.45214612996289800 ) ) ;
#1612 = CARTESIAN_POINT ( 'NONE',  ( 20.05470053837924700, -13.73205080756885900, -19.78460969082654900 ) ) ;
#1613 = ORIENTED_EDGE ( 'NONE', *, *, #439, .T. ) ;
#1614 = DIRECTION ( 'NONE',  ( -0.4999999999999999400, -0.7499999999999998900, 0.4330127018922194600 ) ) ;
#1615 = ORIENTED_EDGE ( 'NONE', *, *, #2113, .T. ) ;
#1616 = ORIENTED_EDGE ( 'NONE', *, *, #2494, .F. ) ;
#1617 = AXIS2_PLACEMENT_3D ( 'NONE', #540, #549, #538 ) ;
#1618 = PLANE ( 'NONE',  #1997 ) ;
#1619 = ORIENTED_EDGE ( 'NONE', *, *, #2498, .T. ) ;
#1620 = ORIENTED_EDGE ( 'NONE', *, *, #309, .T. ) ;
#1621 = DIRECTION ( 'NONE',  ( 0.0000000000000000000, 0.0000000000000000000, -1.000000000000000000 ) ) ;
#1622 = CARTESIAN_POINT ( 'NONE',  ( -6.400000000000000400, 65.00000000000000000, 0.0000000000000000000 ) ) ;
#1623 = VERTEX_POINT ( 'NONE', #2938 ) ;
#1624 = CARTESIAN_POINT ( 'NONE',  ( -17.50000000000000000, 0.0000000000000000000, 0.0000000000000000000 ) ) ;
#1625 = AXIS2_PLACEMENT_3D ( 'NONE', #594, #724, #726 ) ;
#1626 = CARTESIAN_POINT ( 'NONE',  ( 21.20940107675850300, -11.18750000000000000, -19.37731840967680000 ) ) ;
#1627 = B_SPLINE_CURVE_WITH_KNOTS ( 'NONE', 3,
 ( #988, #982, #1024, #894 ),
 .UNSPECIFIED., .F., .F.,
 ( 4, 4 ),
 ( 0.08295827851816221800, 0.08316463371477217400 ),
 .UNSPECIFIED. ) ;
#1628 = DIRECTION ( 'NONE',  ( 0.0000000000000000000, 1.000000000000000000, 0.0000000000000000000 ) ) ;
#1629 = CIRCLE ( 'NONE', #1516, 34.58323293158114400 ) ;
#1630 = AXIS2_PLACEMENT_3D ( 'NONE', #818, #468, #674 ) ;
#1631 = CARTESIAN_POINT ( 'NONE',  ( 14.94125000000000000, 24.00000000000000000, 0.0000000000000000000 ) ) ;
#1632 = FACE_OUTER_BOUND ( 'NONE', #1944, .T. ) ;
#1633 = DIRECTION ( 'NONE',  ( 1.000000000000000000, 0.0000000000000000000, 0.0000000000000000000 ) ) ;
#1634 = VERTEX_POINT ( 'NONE', #2930 ) ;
#1635 = ORIENTED_CLOSED_SHELL ( 'NONE', *, #3011, .F. );
#1636 = ORIENTED_EDGE ( 'NONE', *, *, #2287, .T. ) ;
#1637 = PLANE ( 'NONE',  #1983 ) ;
#1638 = ORIENTED_EDGE ( 'NONE', *, *, #2794, .F. ) ;
#1639 = CARTESIAN_POINT ( 'NONE',  ( -6.175356289548285600, -41.46188174665726200, 15.49999999999999800 ) ) ;
#1640 = DIRECTION ( 'NONE',  ( 0.0000000000000000000, 0.4999999999999998900, 0.8660254037844387100 ) ) ;
#1641 = ORIENTED_EDGE ( 'NONE', *, *, #2409, .F. ) ;
#1642 = DIRECTION ( 'NONE',  ( 0.0000000000000000000, -1.000000000000000000, 0.0000000000000000000 ) ) ;
#1643 = DIRECTION ( 'NONE',  ( 0.0000000000000000000, 0.0000000000000000000, 1.000000000000000000 ) ) ;
#1644 = CARTESIAN_POINT ( 'NONE',  ( 22.64455625708840000, 23.95875000000000200, 1.406519974084989900 ) ) ;
#1645 = VERTEX_POINT ( 'NONE', #2926 ) ;
#1646 = CARTESIAN_POINT ( 'NONE',  ( 0.0000000000000000000, 0.0000000000000000000, 0.0000000000000000000 ) ) ;
#1647 = EDGE_LOOP ( 'NONE', ( #666 ) ) ;
#1648 = AXIS2_PLACEMENT_3D ( 'NONE', #491, #527, #434 ) ;
#1649 = CARTESIAN_POINT ( 'NONE',  ( 20.05470053837924700, -10.26794919243112000, -21.78460969082655300 ) ) ;
#1650 = PLANE ( 'NONE',  #1945 ) ;
#1651 = CIRCLE ( 'NONE', #1507, 34.65511205824395100 ) ;
#1652 = CARTESIAN_POINT ( 'NONE',  ( -6.400000000000000400, 65.00000000000000000, -15.50000000000000000 ) ) ;
#1653 = ORIENTED_EDGE ( 'NONE', *, *, #2480, .T. ) ;
#1654 = DIRECTION ( 'NONE',  ( 0.5000000000000001100, -0.7500000000000001100, 0.4330127018922190800 ) ) ;
#1655 = ORIENTED_CLOSED_SHELL ( 'NONE', *, #2833, .F. );
#1656 = CIRCLE ( 'NONE', #1479, 45.00000000000000000 ) ;
#1657 = PLANE ( 'NONE',  #1941 ) ;
#1658 = CARTESIAN_POINT ( 'NONE',  ( -6.400000000000000400, 78.84399847396360900, -15.50000000000000000 ) ) ;
#1659 = CARTESIAN_POINT ( 'NONE',  ( -12.00000000000000000, 0.0000000000000000000, 15.50000000000000000 ) ) ;
#1660 = ORIENTED_EDGE ( 'NONE', *, *, #2385, .T. ) ;
#1661 = CARTESIAN_POINT ( 'NONE',  ( 20.05470053837924700, -12.91955080756886100, -18.37731840967680000 ) ) ;
#1662 = CYLINDRICAL_SURFACE ( 'NONE', #1524, 45.00000000000000000 ) ;
#1663 = DIRECTION ( 'NONE',  ( 0.0000000000000000000, 0.0000000000000000000, 1.000000000000000000 ) ) ;
#1664 = AXIS2_PLACEMENT_3D ( 'NONE', #424, #442, #423 ) ;
#1665 = CARTESIAN_POINT ( 'NONE',  ( 21.20940107675850300, -12.00000000000000000, -20.78460969082655300 ) ) ;
#1666 = EDGE_LOOP ( 'NONE', ( #2982 ) ) ;
#1667 = AXIS2_PLACEMENT_3D ( 'NONE', #471, #474, #478 ) ;
#1668 = EDGE_LOOP ( 'NONE', ( #2247 ) ) ;
#1669 = AXIS2_PLACEMENT_3D ( 'NONE', #404, #307, #348 ) ;
#1670 = CARTESIAN_POINT ( 'NONE',  ( -6.400000000000000400, 72.03461538461539200, -13.81174088920481900 ) ) ;
#1671 = VERTEX_POINT ( 'NONE', #2946 ) ;
#1672 = CARTESIAN_POINT ( 'NONE',  ( -5.000000000000000000, 0.0000000000000000000, -15.50000000000000000 ) ) ;
#1673 = AXIS2_PLACEMENT_3D ( 'NONE', #408, #413, #345 ) ;
#1674 = DIRECTION ( 'NONE',  ( 1.000000000000000000, 0.0000000000000000000, 0.0000000000000000000 ) ) ;
#1675 = AXIS2_PLACEMENT_3D ( 'NONE', #62, #294, #254 ) ;
#1676 = FACE_OUTER_BOUND ( 'NONE', #2628, .T. ) ;
#1677 = CARTESIAN_POINT ( 'NONE',  ( 22.64455625708840000, -13.19745702848781800, -20.04562615587795100 ) ) ;
#1678 = CARTESIAN_POINT ( 'NONE',  ( -12.00000000000000000, 0.0000000000000000000, -15.50000000000000000 ) ) ;
#1679 = FACE_OUTER_BOUND ( 'NONE', #1975, .T. ) ;
#1680 = DIRECTION ( 'NONE',  ( 0.0000000000000000000, 0.0000000000000000000, -1.000000000000000000 ) ) ;
#1681 = CIRCLE ( 'NONE', #1529, 43.74172678620924200 ) ;
#1682 = CARTESIAN_POINT ( 'NONE',  ( 22.50136990583878900, -13.51639890771298300, -19.83564410229038400 ) ) ;
#1683 = AXIS2_PLACEMENT_3D ( 'NONE', #2998, #3012, #2996 ) ;
#1684 = EDGE_LOOP ( 'NONE', ( #872 ) ) ;
#1685 = FACE_BOUND ( 'NONE', #1912, .T. ) ;
#1686 = AXIS2_PLACEMENT_3D ( 'NONE', #499, #504, #431 ) ;
#1687 = CARTESIAN_POINT ( 'NONE',  ( -6.288440838825058800, 35.44635712499301400, -0.1702067622535403400 ) ) ;
#1688 = FACE_OUTER_BOUND ( 'NONE', #2699, .T. ) ;
#1689 = CIRCLE ( 'NONE', #1541, 34.58323293158114400 ) ;
#1690 = CARTESIAN_POINT ( 'NONE',  ( -9.750000000000000000, 0.0000000000000000000, -1.193991194976818000E-015 ) ) ;
#1691 = AXIS2_PLACEMENT_3D ( 'NONE', #2979, #2981, #2988 ) ;
#1692 = EDGE_LOOP ( 'NONE', ( #1348 ) ) ;
#1693 = CARTESIAN_POINT ( 'NONE',  ( 22.30492441978199400, -13.80491153649454000, -19.63486316370975600 ) ) ;
#1694 = ORIENTED_EDGE ( 'NONE', *, *, #1073, .T. ) ;
#1695 = PLANE ( 'NONE',  #1503 ) ;
#1696 = DIRECTION ( 'NONE',  ( 0.0000000000000000000, 0.0000000000000000000, 1.000000000000000000 ) ) ;
#1697 = CARTESIAN_POINT ( 'NONE',  ( -5.205943304866109700, 40.90340648698315100, -15.50000000000000000 ) ) ;
#1698 = FACE_OUTER_BOUND ( 'NONE', #1928, .T. ) ;
#1699 = CARTESIAN_POINT ( 'NONE',  ( 21.93116368445775400, -14.19579778351523700, -19.35213641401268700 ) ) ;
#1700 = AXIS2_PLACEMENT_3D ( 'NONE', #3002, #3003, #24 ) ;
#1701 = DIRECTION ( 'NONE',  ( -1.000000000000000000, 0.0000000000000000000, -1.224606353822375800E-016 ) ) ;
#1702 = DIRECTION ( 'NONE',  ( 0.0000000000000000000, -1.000000000000000000, 0.0000000000000000000 ) ) ;
#1703 = CARTESIAN_POINT ( 'NONE',  ( 21.79430225893022300, -14.31750826502912600, -19.26209464705475600 ) ) ;
#1704 = TOROIDAL_SURFACE ( 'NONE', #1546, 18.59999999999999800, 1.100000000000000100 ) ;
#1705 = CARTESIAN_POINT ( 'NONE',  ( 20.05470053837924700, -13.73205080756885900, -19.78460969082654900 ) ) ;
#1706 = EDGE_CURVE ( 'E291', #2905, #2829, #2272, .T. ) ;
#1707 = VECTOR ( 'NONE', #888, 1000.000000000000000 ) ;
#1708 = CARTESIAN_POINT ( 'NONE',  ( 21.50239744208052900, -14.53972887097369200, -19.09491077407399500 ) ) ;
#1709 = CARTESIAN_POINT ( 'NONE',  ( -6.214277134634040000, 35.45848819730254300, -0.2799543814970789600 ) ) ;
#1710 = CARTESIAN_POINT ( 'NONE',  ( -6.315965968921710200, 35.44185113908402200, -0.03155649517333798700 ) ) ;
#1711 = ADVANCED_FACE ( 'E1054', ( #2252 ), #2933, .T. ) ;
#1712 = FACE_OUTER_BOUND ( 'NONE', #2186, .T. ) ;
#1713 = AXIS2_PLACEMENT_3D ( 'NONE', #2872, #2892, #2897 ) ;
#1714 = CARTESIAN_POINT ( 'NONE',  ( 21.34655283880782400, -14.64109722891098800, -19.01714456939491500 ) ) ;
#1715 = CARTESIAN_POINT ( 'NONE',  ( -6.264974197908361300, 35.45019487546923600, 0.2258665286234696500 ) ) ;
#1716 = EDGE_LOOP ( 'NONE', ( #1694 ) ) ;
#1717 = CARTESIAN_POINT ( 'NONE',  ( -6.185982039318592000, 35.46312059541708100, 0.3435179312997186900 ) ) ;
#1718 = CARTESIAN_POINT ( 'NONE',  ( 21.01467814761417300, -14.82464516363759400, -18.87441155140811200 ) ) ;
#1719 = AXIS2_PLACEMENT_3D ( 'NONE', #2864, #2876, #2878 ) ;
#1720 = AXIS2_PLACEMENT_3D ( 'NONE', #2452, #2465, #2442 ) ;
#1721 = CARTESIAN_POINT ( 'NONE',  ( -5.969173996517917600, 35.49856188159715500, 0.4882282895358829900 ) ) ;
#1722 = ORIENTED_EDGE ( 'NONE', *, *, #1706, .T. ) ;
#1723 = CARTESIAN_POINT ( 'NONE',  ( 20.83804610692514100, -14.90679487992883500, -18.80945190377767800 ) ) ;
#1724 = CARTESIAN_POINT ( 'NONE',  ( 20.47598551635389800, -15.04670258974293500, -18.69772060141613300 ) ) ;
#1725 = COORDINATED_UNIVERSAL_TIME_OFFSET ( 3, 0, .BEHIND. ) ;
#1726 = FACE_OUTER_BOUND ( 'NONE', #2168, .T. ) ;
#1727 = CARTESIAN_POINT ( 'NONE',  ( 10.00000000000000000, 0.0000000000000000000, -144.0000000000000000 ) ) ;
#1728 = CARTESIAN_POINT ( 'NONE',  ( -5.832809746302166900, 35.52083680612243200, 0.5158427778841503400 ) ) ;
#1729 = CARTESIAN_POINT ( 'NONE',  ( 20.28920678016606200, -15.10531186522214300, -18.65028936034674700 ) ) ;
#1730 = ORIENTED_EDGE ( 'NONE', *, *, #1921, .T. ) ;
#1731 = CARTESIAN_POINT ( 'NONE',  ( -5.575594288247067700, 35.56281128820694400, 0.4656311066502215600 ) ) ;
#1732 = CARTESIAN_POINT ( 'NONE',  ( -5.459072057340728500, 35.58180583679583700, 0.3884144235986943800 ) ) ;
#1733 = CARTESIAN_POINT ( 'NONE',  ( 19.90405637007975400, -15.20015955867245900, -18.57306892145673400 ) ) ;
#1734 = EDGE_LOOP ( 'NONE', ( #1212 ) ) ;
#1735 = VERTEX_POINT ( 'NONE', #198 ) ;
#1736 = CYLINDRICAL_SURFACE ( 'NONE', #1554, 31.07106781186550400 ) ;
#1737 = EDGE_CURVE ( 'NONE', #96, #96, #2280, .T. ) ;
#1738 = AXIS2_PLACEMENT_3D ( 'NONE', #2396, #2407, #2424 ) ;
#1739 = CARTESIAN_POINT ( 'NONE',  ( -5.312570814302185700, 35.60567821326652900, 0.1717859583183570000 ) ) ;
#1740 = CARTESIAN_POINT ( 'NONE',  ( -5.284054494888765800, 35.61032132585904000, 0.03222492527868164200 ) ) ;
#1741 = CARTESIAN_POINT ( 'NONE',  ( 19.70400377430704000, -15.23649045998846500, -18.54320140157324600 ) ) ;
#1742 = EDGE_LOOP ( 'NONE', ( #2785 ) ) ;
#1743 = EDGE_CURVE ( 'E874', #1358, #1277, #2269, .T. ) ;
#1744 = CARTESIAN_POINT ( 'NONE',  ( -5.334784526759002600, 35.60205775739986900, -0.2254168882556478200 ) ) ;
#1745 = CIRCLE ( 'NONE', #1559, 43.74172678620924200 ) ;
#1746 = AXIS2_PLACEMENT_3D ( 'NONE', #2901, #2903, #2911 ) ;
#1747 = CARTESIAN_POINT ( 'NONE',  ( -5.412938914960051300, 35.58932742544497800, -0.3427542807640355200 ) ) ;
#1748 = CARTESIAN_POINT ( 'NONE',  ( -5.631676728076997500, 35.55366180808064800, -0.4888394999010500800 ) ) ;
#1749 = CARTESIAN_POINT ( 'NONE',  ( 19.30388323122525700, -15.28431187575104000, -18.50380420998350700 ) ) ;
#1750 = DIRECTION ( 'NONE',  ( 1.000000000000000000, 0.0000000000000000000, 0.0000000000000000000 ) ) ;
#1751 = CARTESIAN_POINT ( 'NONE',  ( -5.768322750114872800, 35.53136484683960800, -0.5155534255206494200 ) ) ;
#1752 = ORIENTED_EDGE ( 'NONE', *, *, #386, .T. ) ;
#1753 = CARTESIAN_POINT ( 'NONE',  ( -6.022766260598821500, 35.48980618653214200, -0.4660192870098598900 ) ) ;
#1754 = CARTESIAN_POINT ( 'NONE',  ( 19.10305458005478100, -15.29620323959099800, -18.49394945539592400 ) ) ;
#1755 = CARTESIAN_POINT ( 'NONE',  ( 18.69987701906075000, -15.29631870330107500, -18.49385395564307200 ) ) ;
#1756 = EDGE_LOOP ( 'NONE', ( #492 ) ) ;
#1757 = AXIS2_PLACEMENT_3D ( 'NONE', #2391, #2524, #2386 ) ;
#1758 = CARTESIAN_POINT ( 'NONE',  ( -6.140113430443020300, 35.47061926961207900, -0.3897020007406176200 ) ) ;
#1759 = CARTESIAN_POINT ( 'NONE',  ( -6.214277134634040000, 35.45848819730254300, -0.2799543814970789600 ) ) ;
#1760 = SPHERICAL_SURFACE ( 'NONE', #1561, 36.00000000000000000 ) ;
#1761 = CARTESIAN_POINT ( 'NONE',  ( 9.747984829212279900, 0.0000000000000000000, 1.029095394926216000E-015 ) ) ;
#1762 = CARTESIAN_POINT ( 'NONE',  ( 18.49595499150872500, -15.28433003949353100, -18.50378948562509500 ) ) ;
#1763 = EDGE_LOOP ( 'NONE', ( #886 ) ) ;
#1764 = CARTESIAN_POINT ( 'NONE',  ( 9.750000000000000000, 0.0000000000000000000, 0.0000000000000000000 ) ) ;
#1765 = FACE_OUTER_BOUND ( 'NONE', #1836, .T. ) ;
#1766 = AXIS2_PLACEMENT_3D ( 'NONE', #2050, #2062, #2067 ) ;
#1767 = CARTESIAN_POINT ( 'NONE',  ( 18.09431435251887900, -15.23625177519018900, -18.54339779888002200 ) ) ;
#1768 = B_SPLINE_CURVE_WITH_KNOTS ( 'NONE', 3,
 ( #1832, #1878, #1851, #1835, #1918, #1899, #1948, #2014, #2036, #2054, #2074, #2081, #2089, #2044, #2094, #2088, #2183, #2188, #2233, #2246, #2260, #2458, #2448, #2493, #2483, #47, #137, #27, #13, #71, #52, #57, #19, #9, #5, #63, #169, #2470, #37, #2276, #2490, #2282, #2296, #2298, #2372, #2382, #2177, #2399, #2417, #2420, #2446, #2389, #2842, #2412, #2289, #23, #69, #18, #74, #26, #2593, #2985, #2909, #2843 ),
 .UNSPECIFIED., .T., .F.,
 ( 4, 2, 2, 2, 2, 2, 2, 2, 2, 2, 2, 2, 2, 2, 2, 2, 2, 2, 2, 2, 2, 2, 2, 2, 2, 2, 2, 2, 2, 2, 2, 4 ),
 ( 0.0000000000000000000, 0.0005863213885734394800, 0.001172642777146879000, 0.001758964165720318800, 0.002345285554293757900, 0.002931606942867197300, 0.003517928331440637500, 0.004104249720014076900, 0.004690571108587515900, 0.005276892497160955700, 0.005863213885734394600, 0.006449535274307834400, 0.007035856662881275100, 0.007622178051454714000, 0.008208499440028153800, 0.008794820828601593700, 0.009381142217175031700, 0.009967463605748473300, 0.01055378499432191100, 0.01114010638289535800, 0.01172642777146880300, 0.01231274916004225000, 0.01289907054861569300, 0.01348539193718914000, 0.01407171332576258500, 0.01465803471433603200, 0.01524435610290947800, 0.01583067749148292200, 0.01641699888005637000, 0.01700332026862981500, 0.01758964165720326000, 0.01876228443435016100 ),
 .UNSPECIFIED. ) ;
#1769 = CARTESIAN_POINT ( 'NONE',  ( -12.00000000000000000, -65.00000000000000000, -15.50000000000000000 ) ) ;
#1770 = CARTESIAN_POINT ( 'NONE',  ( 21.20940107675850300, 22.37500000000000000, 1.414053616061350100E-016 ) ) ;
#1771 = LINE ( 'NONE', #914, #1707 ) ;
#1772 = AXIS2_PLACEMENT_3D ( 'NONE', #2006, #2011, #2020 ) ;
#1773 = APPROVAL_PERSON_ORGANIZATION ( #2700, #529, #125 ) ;
#1774 = CARTESIAN_POINT ( 'NONE',  ( 17.89801634994463700, -15.20054990190471300, -18.57274828043094300 ) ) ;
#1775 = FACE_BOUND ( 'NONE', #1890, .T. ) ;
#1776 = CARTESIAN_POINT ( 'NONE',  ( -19.00000000000000000, -72.03461538461539200, 13.81174088920481900 ) ) ;
#1777 = AXIS2_PLACEMENT_3D ( 'NONE', #1999, #1800, #2004 ) ;
#1778 = VERTEX_POINT ( 'NONE', #3008 ) ;
#1779 = PLANE ( 'NONE',  #1799 ) ;
#1780 = EDGE_LOOP ( 'NONE', ( #397 ) ) ;
#1781 = FACE_OUTER_BOUND ( 'NONE', #1847, .T. ) ;
#1782 = CARTESIAN_POINT ( 'NONE',  ( 17.32224508678015700, -15.05911736750680200, -18.68790432728717100 ) ) ;
#1783 = EDGE_LOOP ( 'NONE', ( #420 ) ) ;
#1784 = EDGE_LOOP ( 'NONE', ( #1027 ) ) ;
#1785 = FACE_BOUND ( 'NONE', #1860, .T. ) ;
#1786 = CARTESIAN_POINT ( 'NONE',  ( 16.95154340320656800, -14.91631655763003300, -18.80310662457401300 ) ) ;
#1787 = AXIS2_PLACEMENT_3D ( 'NONE', #1972, #1991, #1993 ) ;
#1788 = DIRECTION ( 'NONE',  ( -1.000000000000000000, 0.0000000000000000000, 0.0000000000000000000 ) ) ;
#1789 = AXIS2_PLACEMENT_3D ( 'NONE', #2034, #2037, #2039 ) ;
#1790 = DIRECTION ( 'NONE',  ( 0.0000000000000000000, 0.0000000000000000000, 1.000000000000000000 ) ) ;
#1791 = ORIENTED_EDGE ( 'NONE', *, *, #2447, .T. ) ;
#1792 = EDGE_LOOP ( 'NONE', ( #2601 ) ) ;
#1793 = CARTESIAN_POINT ( 'NONE',  ( 16.45649103154758900, -14.64290931241009700, -19.01574443623403400 ) ) ;
#1794 = APPROVAL_DATE_TIME ( #530, #154 ) ;
#1795 = CARTESIAN_POINT ( 'NONE',  ( -6.400000000000000400, 72.03461538461539200, 13.81174088920481900 ) ) ;
#1796 = VERTEX_POINT ( 'NONE', #3007 ) ;
#1797 = CARTESIAN_POINT ( 'NONE',  ( 16.30033777877556400, -14.54168445565001000, -19.09342850766731600 ) ) ;
#1798 = CARTESIAN_POINT ( 'NONE',  ( 16.00611544210827500, -14.31795157863033600, -19.26177202588310400 ) ) ;
#1799 = AXIS2_PLACEMENT_3D ( 'NONE', #1764, #1788, #1790 ) ;
#1800 = DIRECTION ( 'NONE',  ( 0.0000000000000000000, 0.4999999999999998900, 0.8660254037844387100 ) ) ;
#1801 = CIRCLE ( 'NONE', #1571, 15.50000000000000000 ) ;
#1802 = CARTESIAN_POINT ( 'NONE',  ( 17.74529946162074600, 24.00000000000000000, -2.000000000000000000 ) ) ;
#1803 = ORIENTED_EDGE ( 'NONE', *, *, #185, .T. ) ;
#1804 = AXIS2_PLACEMENT_3D ( 'NONE', #1984, #1986, #1990 ) ;
#1805 = CARTESIAN_POINT ( 'NONE',  ( 15.86894390535997700, -14.19578719043326800, -19.35213252460944500 ) ) ;
#1806 = SPHERICAL_SURFACE ( 'NONE', #1565, 36.00000000000000000 ) ;
#1807 = CARTESIAN_POINT ( 'NONE',  ( 22.64455625708840000, 23.95875000000000200, -1.406519974084989900 ) ) ;
#1808 = AXIS2_PLACEMENT_3D ( 'NONE', #2849, #581, #584 ) ;
#1809 = CARTESIAN_POINT ( 'NONE',  ( 15.62173002199785000, -13.93749124909128800, -19.53898013939365800 ) ) ;
#1810 = CARTESIAN_POINT ( 'NONE',  ( 16.59059892324150100, 22.37500000000000000, -5.551115123125779700E-016 ) ) ;
#1811 = ORIENTED_EDGE ( 'NONE', *, *, #805, .T. ) ;
#1812 = CARTESIAN_POINT ( 'NONE',  ( 15.51046786601077100, -13.80048278014070100, -19.63613696179257700 ) ) ;
#1813 = AXIS2_PLACEMENT_3D ( 'NONE', #1690, #1701, #1702 ) ;
#1814 = EDGE_LOOP ( 'NONE', ( #477 ) ) ;
#1815 = CARTESIAN_POINT ( 'NONE',  ( -19.00000000000000000, -20.42307692307690200, 40.09860258156239600 ) ) ;
#1816 = CARTESIAN_POINT ( 'NONE',  ( -6.243146945415254800, -9.433616168654925400, -34.17671270522797000 ) ) ;
#1817 = VECTOR ( 'NONE', #813, 1000.000000000000000 ) ;
#1818 = CARTESIAN_POINT ( 'NONE',  ( 15.31289306285759200, -13.50996853683631500, -19.83713562692279100 ) ) ;
#1819 = DIRECTION ( 'NONE',  ( 7.709882115452475700E-017, 0.0000000000000000000, -1.000000000000000000 ) ) ;
#1820 = ORIENTED_EDGE ( 'NONE', *, *, #2281, .T. ) ;
#1821 = DIRECTION ( 'NONE',  ( 1.000000000000000000, 2.081668171172169700E-016, -1.201851678989726100E-016 ) ) ;
#1822 = AXIS2_PLACEMENT_3D ( 'NONE', #2619, #2359, #2634 ) ;
#1823 = FACE_OUTER_BOUND ( 'NONE', #1872, .T. ) ;
#1824 = CYLINDRICAL_SURFACE ( 'NONE', #1581, 31.07106781186550400 ) ;
#1825 = ORIENTED_EDGE ( 'NONE', *, *, #2287, .F. ) ;
#1826 = CARTESIAN_POINT ( 'NONE',  ( -5.299999999999999800, 31.07106781186550000, -1.355252715606880500E-017 ) ) ;
#1827 = PLANE ( 'NONE',  #1489 ) ;
#1828 = AXIS2_PLACEMENT_3D ( 'NONE', #2869, #367, #372 ) ;
#1829 = AXIS2_PLACEMENT_3D ( 'NONE', #2157, #340, #334 ) ;
#1830 = DIRECTION ( 'NONE',  ( 1.000000000000000000, 0.0000000000000000000, 1.683833736505770000E-016 ) ) ;
#1831 = EDGE_LOOP ( 'NONE', ( #744 ) ) ;
#1832 = CARTESIAN_POINT ( 'NONE',  ( 4.659112989217580200, 30.45630247322409900, 30.57818659889095900 ) ) ;
#1833 = ORIENTED_EDGE ( 'NONE', *, *, #782, .F. ) ;
#1834 = CARTESIAN_POINT ( 'NONE',  ( -5.299999999999998900, 31.07106781186549700, -0.1321320213562977000 ) ) ;
#1835 = CARTESIAN_POINT ( 'NONE',  ( 4.755246894127550300, 29.89744794369776700, 31.11752327774319900 ) ) ;
#1836 = EDGE_LOOP ( 'NONE', ( #2146 ) ) ;
#1837 = CARTESIAN_POINT ( 'NONE',  ( 20.05470053837924700, -9.455449192431119700, -20.37731840967680000 ) ) ;
#1838 = AXIS2_PLACEMENT_3D ( 'NONE', #390, #763, #578 ) ;
#1839 = CARTESIAN_POINT ( 'NONE',  ( -5.354213381802383200, 31.07010571173279000, -0.2613367753732346900 ) ) ;
#1840 = CARTESIAN_POINT ( 'NONE',  ( -5.538743514111351900, 31.06800602196260300, -0.4458336771797994900 ) ) ;
#1841 = EDGE_LOOP ( 'NONE', ( #1245 ) ) ;
#1842 = DIRECTION ( 'NONE',  ( 0.0000000000000000000, 0.8660254037844386000, -0.5000000000000002200 ) ) ;
#1843 = CIRCLE ( 'NONE', #1585, 15.50000000000000000 ) ;
#1844 = CARTESIAN_POINT ( 'NONE',  ( -5.669300648345470400, 31.06704563279639000, -0.4999306192824115000 ) ) ;
#1845 = DIRECTION ( 'NONE',  ( -6.123031769111887500E-017, -0.4999999999999998900, -0.8660254037844387100 ) ) ;
#1846 = CARTESIAN_POINT ( 'NONE',  ( -5.930167969527072800, 31.06704340181119800, -0.5000692395340957700 ) ) ;
#1847 = EDGE_LOOP ( 'NONE', ( #806 ) ) ;
#1848 = CARTESIAN_POINT ( 'NONE',  ( -6.059986601293911900, 31.06799202055465500, -0.4470246445365084800 ) ) ;
#1849 = AXIS2_PLACEMENT_3D ( 'NONE', #409, #92, #84 ) ;
#1850 = AXIS2_PLACEMENT_3D ( 'NONE', #2192, #2582, #2164 ) ;
#1851 = CARTESIAN_POINT ( 'NONE',  ( 4.678964881961158000, 30.17594408321181700, 30.85384301398206800 ) ) ;
#1852 = CARTESIAN_POINT ( 'NONE',  ( -6.246758561879080900, 31.07011632371218800, -0.2604435698248008800 ) ) ;
#1853 = CARTESIAN_POINT ( 'NONE',  ( 18.89999999999999900, -11.97937500000000100, -20.74888614292044800 ) ) ;
#1854 = LINE ( 'NONE', #828, #1817 ) ;
#1855 = CARTESIAN_POINT ( 'NONE',  ( 15.22640761120606900, -13.35552621115365400, -19.94155800507343900 ) ) ;
#1856 = AXIS2_PLACEMENT_3D ( 'NONE', #94, #88, #114 ) ;
#1857 = CARTESIAN_POINT ( 'NONE',  ( -6.299953784641863000, 31.07106706816150100, -0.1306974920502131100 ) ) ;
#1858 = CARTESIAN_POINT ( 'NONE',  ( 15.15544374291159900, -13.19745702848781800, -20.04562615587795100 ) ) ;
#1859 = FACE_OUTER_BOUND ( 'NONE', #2883, .T. ) ;
#1860 = EDGE_LOOP ( 'NONE', ( #1458 ) ) ;
#1861 = ORIENTED_EDGE ( 'NONE', *, *, #2293, .T. ) ;
#1862 = DIRECTION ( 'NONE',  ( 0.0000000000000000000, -0.8660254037844386000, 0.5000000000000002200 ) ) ;
#1863 = DIRECTION ( 'NONE',  ( 0.0000000000000000000, 0.4999999999999998900, 0.8660254037844387100 ) ) ;
#1864 = DIRECTION ( 'NONE',  ( 1.501703534873558300E-016, 0.0000000000000000000, -1.000000000000000000 ) ) ;
#1865 = EDGE_LOOP ( 'NONE', ( #2042 ) ) ;
#1866 = CARTESIAN_POINT ( 'NONE',  ( -6.300046152754986500, 31.07106855456209300, 0.1303436470291959600 ) ) ;
#1867 = EDGE_LOOP ( 'NONE', ( #801 ) ) ;
#1868 = AXIS2_PLACEMENT_3D ( 'NONE', #276, #249, #322 ) ;
#1869 = AXIS2_PLACEMENT_3D ( 'NONE', #255, #281, #313 ) ;
#1870 = CARTESIAN_POINT ( 'NONE',  ( 18.89999999999999900, -11.97937500000000100, -20.74888614292039800 ) ) ;
#1871 = CARTESIAN_POINT ( 'NONE',  ( -6.246008796580030200, 31.07010935292217400, 0.2609187194727152200 ) ) ;
#1872 = EDGE_LOOP ( 'NONE', ( #734 ) ) ;
#1873 = AXIS2_PLACEMENT_3D ( 'NONE', #325, #329, #320 ) ;
#1874 = CARTESIAN_POINT ( 'NONE',  ( -6.061783776651617800, 31.06801091318260100, 0.4455016039029083800 ) ) ;
#1875 = FACE_OUTER_BOUND ( 'NONE', #1094, .T. ) ;
#1876 = DIRECTION ( 'NONE',  ( 0.0000000000000000000, 0.8660254037844386000, -0.5000000000000002200 ) ) ;
#1877 = DIRECTION ( 'NONE',  ( -6.123031769111887500E-017, -0.4999999999999998900, -0.8660254037844387100 ) ) ;
#1878 = CARTESIAN_POINT ( 'NONE',  ( 4.659370102374303700, 30.31582207976176600, 30.71808556689052900 ) ) ;
#1879 = PERSON_AND_ORGANIZATION ( #2817, #1603 ) ;
#1880 = ORIENTED_EDGE ( 'NONE', *, *, #2441, .F. ) ;
#1881 = AXIS2_PLACEMENT_3D ( 'NONE', #223, #261, #287 ) ;
#1882 = CARTESIAN_POINT ( 'NONE',  ( -5.932390042088401900, 31.06704668380093900, 0.4998653160131125200 ) ) ;
#1883 = CARTESIAN_POINT ( 'NONE',  ( 18.89999999999999900, -11.97937500000000100, -20.74888614292044800 ) ) ;
#1884 = ADVANCED_FACE ( 'E1556', ( #2194, #2302 ), #2149, .F. ) ;
#1885 = DIRECTION ( 'NONE',  ( 0.0000000000000000000, 1.000000000000000000, 0.0000000000000000000 ) ) ;
#1886 = FACE_BOUND ( 'NONE', #1668, .T. ) ;
#1887 = CARTESIAN_POINT ( 'NONE',  ( -5.668629246463435600, 31.06704235689498000, 0.5001341645121768500 ) ) ;
#1888 = DIRECTION ( 'NONE',  ( 0.0000000000000000000, 0.4999999999999998900, 0.8660254037844387100 ) ) ;
#1889 = AXIS2_PLACEMENT_3D ( 'NONE', #144, #140, #258 ) ;
#1890 = EDGE_LOOP ( 'NONE', ( #1613 ) ) ;
#1891 = B_SPLINE_CURVE_WITH_KNOTS ( 'NONE', 3,
 ( #2569, #2032, #2150, #2153, #2161, #2167, #2170, #2174, #2181, #2199, #2203, #2209, #2214, #2221, #2222, #2230, #2242, #2244 ),
 .UNSPECIFIED., .T., .F.,
 ( 4, 2, 2, 2, 2, 2, 2, 2, 4 ),
 ( 0.0000000000000000000, 0.0003907693138654201600, 0.0007815386277308403100, 0.001172307941596260600, 0.001563077255461680600, 0.001953846569327105400, 0.002344615883192529900, 0.002735385197057954500, 0.003126154510923379500 ),
 .UNSPECIFIED. ) ;
#1892 = CARTESIAN_POINT ( 'NONE',  ( -5.539126743864567700, 31.06800240757994300, 0.4460858440637084900 ) ) ;
#1893 = VECTOR ( 'NONE', #740, 1000.000000000000000 ) ;
#1894 = AXIS2_PLACEMENT_3D ( 'NONE', #162, #172, #218 ) ;
#1895 = CARTESIAN_POINT ( 'NONE',  ( -5.354331379237759600, 31.07010362488606600, 0.2615853904724380600 ) ) ;
#1896 = CARTESIAN_POINT ( 'NONE',  ( -5.300000000000000700, 31.07106781186550700, 0.1321320213562976700 ) ) ;
#1897 = FACE_OUTER_BOUND ( 'NONE', #1666, .T. ) ;
#1898 = DIRECTION ( 'NONE',  ( 0.0000000000000000000, 0.0000000000000000000, -1.000000000000000000 ) ) ;
#1899 = CARTESIAN_POINT ( 'NONE',  ( 4.963080335625569700, 29.48698266778428200, 31.48984814487081600 ) ) ;
#1900 = EDGE_LOOP ( 'NONE', ( #2907 ) ) ;
#1901 = CARTESIAN_POINT ( 'NONE',  ( 16.59059892324150100, -11.18750000000000000, -19.37731840967680000 ) ) ;
#1902 = CARTESIAN_POINT ( 'NONE',  ( -5.299999999999999800, 31.07106781186550000, -1.355252715606880500E-017 ) ) ;
#1903 = LINE ( 'NONE', #670, #1893 ) ;
#1904 = EDGE_CURVE ( 'E1229', #1163, #899, #2213, .T. ) ;
#1905 = ORIENTED_EDGE ( 'NONE', *, *, #2862, .F. ) ;
#1906 = AXIS2_PLACEMENT_3D ( 'NONE', #123, #200, #206 ) ;
#1907 = CARTESIAN_POINT ( 'NONE',  ( -6.148399661207498900, -9.526533524407065900, -34.16785537042694900 ) ) ;
#1908 = ADVANCED_FACE ( 'E848', ( #2162, #2143 ), #3010, .F. ) ;
#1909 = EDGE_LOOP ( 'NONE', ( #850 ) ) ;
#1910 = DIRECTION ( 'NONE',  ( -2.403703357979455600E-016, 0.8660254037844387100, -0.4999999999999998900 ) ) ;
#1911 = ORIENTED_EDGE ( 'NONE', *, *, #2438, .T. ) ;
#1912 = EDGE_LOOP ( 'NONE', ( #2336 ) ) ;
#1913 = CARTESIAN_POINT ( 'NONE',  ( -6.298501074553462900, -9.305974233427029700, -34.20153454447383700 ) ) ;
#1914 = AXIS2_PLACEMENT_3D ( 'NONE', #54, #79, #167 ) ;
#1915 = CARTESIAN_POINT ( 'NONE',  ( 20.05470053837924700, -13.73205080756885900, -19.78460969082654900 ) ) ;
#1916 = FACE_BOUND ( 'NONE', #1742, .T. ) ;
#1917 = DIRECTION ( 'NONE',  ( 1.000000000000000000, 0.0000000000000000000, 6.123031769111888800E-017 ) ) ;
#1918 = CARTESIAN_POINT ( 'NONE',  ( 4.812860357669385400, 29.75733853138656200, 31.24676781057416300 ) ) ;
#1919 = CARTESIAN_POINT ( 'NONE',  ( -12.00000000000000000, 65.00000000000000000, -15.50000000000000000 ) ) ;
#1920 = ORIENTED_EDGE ( 'NONE', *, *, #2415, .T. ) ;
#1921 = EDGE_CURVE ( 'E1413', #830, #450, #2900, .T. ) ;
#1922 = AXIS2_PLACEMENT_3D ( 'NONE', #110, #131, #58 ) ;
#1923 = CARTESIAN_POINT ( 'NONE',  ( -6.301436440228429500, -9.052230793199932200, -34.26902761784465000 ) ) ;
#1924 = CIRCLE ( 'NONE', #1625, 42.61674673713369500 ) ;
#1925 = DIRECTION ( 'NONE',  ( 6.123031769111888800E-017, 0.0000000000000000000, -1.000000000000000000 ) ) ;
#1926 = CARTESIAN_POINT ( 'NONE',  ( -6.248097575801632600, -8.927227313468558000, -34.31156049266334000 ) ) ;
#1927 = CARTESIAN_POINT ( 'NONE',  ( -6.064873552501461900, -8.755028604166430000, -34.38872020295562500 ) ) ;
#1928 = EDGE_LOOP ( 'NONE', ( #955 ) ) ;
#1929 = DIRECTION ( 'NONE',  ( -0.5000000000000001100, 0.7500000000000001100, -0.4330127018922190800 ) ) ;
#1930 = DIRECTION ( 'NONE',  ( -1.000000000000000000, -2.081668171172169700E-016, 1.201851678989726100E-016 ) ) ;
#1931 = SPHERICAL_SURFACE ( 'NONE', #1595, 36.00000000000000000 ) ;
#1932 = CARTESIAN_POINT ( 'NONE',  ( -5.936545743998253000, -8.707575754629431200, -34.42314841865948000 ) ) ;
#1933 = CARTESIAN_POINT ( 'NONE',  ( -5.674714255884901500, -8.715791722262459000, -34.46520260660673100 ) ) ;
#1934 = EDGE_LOOP ( 'NONE', ( #1336 ) ) ;
#1935 = CARTESIAN_POINT ( 'NONE',  ( 15.00000000000000000, -20.42307692307690200, 40.09860258156239600 ) ) ;
#1936 = VECTOR ( 'NONE', #582, 1000.000000000000000 ) ;
#1937 = CARTESIAN_POINT ( 'NONE',  ( -5.545288601469703600, -8.771346623450828200, -34.47216977259073200 ) ) ;
#1938 = CARTESIAN_POINT ( 'NONE',  ( -5.358165067618416300, -8.954706924544725100, -34.45461546870456000 ) ) ;
#1939 = CARTESIAN_POINT ( 'NONE',  ( 16.59059892324150100, -12.00000000000000000, -20.78460969082655300 ) ) ;
#1940 = EDGE_LOOP ( 'NONE', ( #2531 ) ) ;
#1941 = AXIS2_PLACEMENT_3D ( 'NONE', #1678, #1680, #6 ) ;
#1942 = AXIS2_PLACEMENT_3D ( 'NONE', #194, #97, #105 ) ;
#1943 = CARTESIAN_POINT ( 'NONE',  ( -5.301658029673971500, -9.083104906075336200, -34.42973815156356900 ) ) ;
#1944 = EDGE_LOOP ( 'NONE', ( #2809 ) ) ;
#1945 = AXIS2_PLACEMENT_3D ( 'NONE', #1672, #14, #81 ) ;
#1946 = DIRECTION ( 'NONE',  ( 1.000000000000000000, 5.204170427930419300E-016, -3.004629197474320000E-016 ) ) ;
#1947 = EDGE_LOOP ( 'NONE', ( #766 ) ) ;
#1948 = CARTESIAN_POINT ( 'NONE',  ( 5.054944853658773800, 29.35711285189419700, 31.60343751319798900 ) ) ;
#1949 = FACE_OUTER_BOUND ( 'NONE', #1716, .T. ) ;
#1950 = DIRECTION ( 'NONE',  ( 0.0000000000000000000, 0.8910800573680532900, -0.4538461538461540700 ) ) ;
#1951 = ORIENTED_EDGE ( 'NONE', *, *, #2480, .F. ) ;
#1952 = EDGE_LOOP ( 'NONE', ( #742 ) ) ;
#1953 = CARTESIAN_POINT ( 'NONE',  ( -5.298418077116098200, -9.336889201457893300, -34.36228321435285000 ) ) ;
#1954 = CARTESIAN_POINT ( 'NONE',  ( 17.74529946162074600, -13.73205080756885900, -19.78460969082654900 ) ) ;
#1955 = DATE_AND_TIME ( #1071, #268 ) ;
#1956 = CARTESIAN_POINT ( 'NONE',  ( -5.350917208371298800, -9.461457737934821900, -34.32005444566246400 ) ) ;
#1957 = EDGE_LOOP ( 'NONE', ( #1019 ) ) ;
#1958 = EDGE_CURVE ( 'E1319', #1472, #2749, #2126, .T. ) ;
#1959 = CARTESIAN_POINT ( 'NONE',  ( -5.535882751345894800, -9.635437472450819400, -34.24222512525505400 ) ) ;
#1960 = FACE_OUTER_BOUND ( 'NONE', #1647, .T. ) ;
#1961 = CARTESIAN_POINT ( 'NONE',  ( -5.664552020186998300, -9.682028309900756500, -34.20801673656600200 ) ) ;
#1962 = DIRECTION ( 'NONE',  ( 0.5000000000000001100, -0.7500000000000001100, 0.4330127018922190800 ) ) ;
#1963 = CYLINDRICAL_SURFACE ( 'NONE', #1610, 40.00000000000000000 ) ;
#1964 = CARTESIAN_POINT ( 'NONE',  ( -5.923636809185797600, -9.674037072545724300, -34.16636891014573500 ) ) ;
#1965 = CARTESIAN_POINT ( 'NONE',  ( -6.053652376999743900, -9.619450880159210000, -34.15899803562592800 ) ) ;
#1966 = AXIS2_PLACEMENT_3D ( 'NONE', #1659, #1663, #1674 ) ;
#1967 = ORIENTED_EDGE ( 'NONE', *, *, #2438, .F. ) ;
#1968 = CARTESIAN_POINT ( 'NONE',  ( -6.148399661207498900, -9.526533524407065900, -34.16785537042694900 ) ) ;
#1969 = ADVANCED_FACE ( 'E824', ( #2138, #2118 ), #2093, .F. ) ;
#1970 = EDGE_LOOP ( 'NONE', ( #2291 ) ) ;
#1971 = CARTESIAN_POINT ( 'NONE',  ( 20.05470053837924700, -10.26794919243112000, -21.78460969082655300 ) ) ;
#1972 = CARTESIAN_POINT ( 'NONE',  ( 15.00000000000000000, 72.03461538461539200, -13.81174088920481900 ) ) ;
#1973 = SPHERICAL_SURFACE ( 'NONE', #1599, 36.00000000000000000 ) ;
#1974 = DIRECTION ( 'NONE',  ( 0.0000000000000000000, -0.8910800573680532900, -0.4538461538461540700 ) ) ;
#1975 = EDGE_LOOP ( 'NONE', ( #532 ) ) ;
#1976 = CARTESIAN_POINT ( 'NONE',  ( 20.05470053837924700, 22.37500000000000000, -2.000000000000000000 ) ) ;
#1977 = AXIS2_PLACEMENT_3D ( 'NONE', #128, #124, #119 ) ;
#1978 = PLANE ( 'NONE',  #1787 ) ;
#1979 = EDGE_LOOP ( 'NONE', ( #2578 ) ) ;
#1980 = ADVANCED_FACE ( 'E856', ( #2111, #2087 ), #2070, .T. ) ;
#1981 = PLANE ( 'NONE',  #1442 ) ;
#1982 = AXIS2_PLACEMENT_3D ( 'NONE', #1646, #1633, #1642 ) ;
#1983 = AXIS2_PLACEMENT_3D ( 'NONE', #1631, #1628, #1643 ) ;
#1984 = CARTESIAN_POINT ( 'NONE',  ( 9.750000000000000000, 0.0000000000000000000, 0.0000000000000000000 ) ) ;
#1985 = ORIENTED_EDGE ( 'NONE', *, *, #2953, .T. ) ;
#1986 = DIRECTION ( 'NONE',  ( 1.000000000000000000, -0.0000000000000000000, -0.0000000000000000000 ) ) ;
#1987 = DIRECTION ( 'NONE',  ( 0.4999999999999999400, 0.7499999999999998900, -0.4330127018922194600 ) ) ;
#1988 = EDGE_LOOP ( 'NONE', ( #1237, #943, #2321, #860 ) ) ;
#1989 = AXIS2_PLACEMENT_3D ( 'NONE', #1624, #1608, #1600 ) ;
#1990 = DIRECTION ( 'NONE',  ( 0.0000000000000000000, 0.0000000000000000000, 1.000000000000000000 ) ) ;
#1991 = DIRECTION ( 'NONE',  ( 5.456111500086630100E-017, 0.4538461538461540700, -0.8910800573680532900 ) ) ;
#1992 = ORIENTED_EDGE ( 'NONE', *, *, #2275, .T. ) ;
#1993 = DIRECTION ( 'NONE',  ( -2.778914418289240500E-017, 0.8910800573680532900, 0.4538461538461540700 ) ) ;
#1994 = VERTEX_POINT ( 'NONE', #426 ) ;
#1995 = CARTESIAN_POINT ( 'NONE',  ( 17.74529946162074600, -10.26794919243112000, -21.78460969082655300 ) ) ;
#1996 = VERTEX_POINT ( 'NONE', #430 ) ;
#1997 = AXIS2_PLACEMENT_3D ( 'NONE', #1607, #1597, #1621 ) ;
#1998 = DIRECTION ( 'NONE',  ( 0.0000000000000000000, 0.0000000000000000000, -1.000000000000000000 ) ) ;
#1999 = CARTESIAN_POINT ( 'NONE',  ( 18.89999999999999900, -8.750000000000000000, -15.15544456622770000 ) ) ;
#2000 = FACE_OUTER_BOUND ( 'NONE', #2865, .T. ) ;
#2001 = PLANE ( 'NONE',  #1772 ) ;
#2002 = CARTESIAN_POINT ( 'NONE',  ( -6.400000000000000400, -72.03461538461539200, 13.81174088920481900 ) ) ;
#2003 = CYLINDRICAL_SURFACE ( 'NONE', #1617, 0.5000000000000004400 ) ;
#2004 = DIRECTION ( 'NONE',  ( 0.0000000000000000000, -0.8660254037844387100, 0.4999999999999998900 ) ) ;
#2005 = EDGE_LOOP ( 'NONE', ( #759, #1730, #2726, #517 ) ) ;
#2006 = CARTESIAN_POINT ( 'NONE',  ( 16.59059892324150100, -12.00000000000000000, -20.78460969082655300 ) ) ;
#2007 = LINE ( 'NONE', #632, #1936 ) ;
#2008 = AXIS2_PLACEMENT_3D ( 'NONE', #1582, #1504, #1587 ) ;
#2009 = DIRECTION ( 'NONE',  ( 1.000000000000000000, 0.0000000000000000000, 0.0000000000000000000 ) ) ;
#2010 = FACE_OUTER_BOUND ( 'NONE', #488, .T. ) ;
#2011 = DIRECTION ( 'NONE',  ( 0.8660254037844387100, -0.4330127018922192400, 0.2500000000000001100 ) ) ;
#2012 = EDGE_LOOP ( 'NONE', ( #790 ) ) ;
#2013 = FACE_OUTER_BOUND ( 'NONE', #1814, .T. ) ;
#2014 = CARTESIAN_POINT ( 'NONE',  ( 5.271926820622773000, 29.10833338624882700, 31.81532319324621800 ) ) ;
#2015 = AXIS2_PLACEMENT_3D ( 'NONE', #1486, #1569, #1568 ) ;
#2016 = APPROVAL_DATE_TIME ( #723, #529 ) ;
#2017 = EDGE_LOOP ( 'NONE', ( #2158 ) ) ;
#2018 = AXIS2_PLACEMENT_3D ( 'NONE', #1466, #1499, #1487 ) ;
#2019 = EDGE_LOOP ( 'NONE', ( #949 ) ) ;
#2020 = DIRECTION ( 'NONE',  ( -0.4999999999999999400, -0.7499999999999998900, 0.4330127018922194600 ) ) ;
#2021 = FACE_OUTER_BOUND ( 'NONE', #2581, .T. ) ;
#2022 = EDGE_LOOP ( 'NONE', ( #1306 ) ) ;
#2023 = B_SPLINE_CURVE_WITH_KNOTS ( 'NONE', 3,
 ( #1225, #1196, #1167, #1252, #1302, #1480, #1366, #1639, #990, #991, #961, #987 ),
 .UNSPECIFIED., .F., .F.,
 ( 4, 2, 2, 2, 2, 4 ),
 ( 0.004613106134263415100, 0.004859304037449807200, 0.005105501940636199300, 0.005597897747008974800, 0.006090293553381749400, 0.006582689359754524000 ),
 .UNSPECIFIED. ) ;
#2024 = AXIS2_PLACEMENT_3D ( 'NONE', #1593, #1586, #1579 ) ;
#2025 = VERTEX_POINT ( 'NONE', #418 ) ;
#2026 = AXIS2_PLACEMENT_3D ( 'NONE', #1446, #1478, #1483 ) ;
#2027 = VERTEX_POINT ( 'NONE', #225 ) ;
#2028 = EDGE_LOOP ( 'NONE', ( #992 ) ) ;
#2029 = CARTESIAN_POINT ( 'NONE',  ( -5.000000000000000000, -40.89037444656910500, 15.50000000000000000 ) ) ;
#2030 = FACE_OUTER_BOUND ( 'NONE', #1865, .T. ) ;
#2031 = AXIS2_PLACEMENT_3D ( 'NONE', #1447, #1367, #1462 ) ;
#2032 = CARTESIAN_POINT ( 'NONE',  ( 6.299999999999999800, -26.84226803710634700, 15.64996359308069500 ) ) ;
#2033 = ORIENTED_EDGE ( 'NONE', *, *, #2728, .T. ) ;
#2034 = CARTESIAN_POINT ( 'NONE',  ( 3.535533905932735100, 0.0000000000000000000, 0.0000000000000000000 ) ) ;
#2035 = FACE_OUTER_BOUND ( 'NONE', #1867, .T. ) ;
#2036 = CARTESIAN_POINT ( 'NONE',  ( 5.398166999646846900, 28.98894518161997200, 31.91393629827855000 ) ) ;
#2037 = DIRECTION ( 'NONE',  ( -1.000000000000000000, 0.0000000000000000000, 0.0000000000000000000 ) ) ;
#2038 = FACE_BOUND ( 'NONE', #2884, .T. ) ;
#2039 = DIRECTION ( 'NONE',  ( 0.0000000000000000000, 0.0000000000000000000, 1.000000000000000000 ) ) ;
#2040 = DESIGN_CONTEXT ( 'detailed design', #134, 'design' ) ;
#2041 = ADVANCED_FACE ( 'E1451', ( #2083, #2097, #2095, #2075 ), #2045, .T. ) ;
#2042 = ORIENTED_EDGE ( 'NONE', *, *, #930, .T. ) ;
#2043 = CARTESIAN_POINT ( 'NONE',  ( -6.400000000000016300, 42.08154078390798200, 15.50000000000000200 ) ) ;
#2044 = CARTESIAN_POINT ( 'NONE',  ( 6.685246266229067500, 28.29068299820562200, 32.43332608173051300 ) ) ;
#2045 = CYLINDRICAL_SURFACE ( 'NONE', #1664, 24.00000000000000000 ) ;
#2046 = CARTESIAN_POINT ( 'NONE',  ( 6.300000000000001600, -15.53553390593275700, -26.90833404778450300 ) ) ;
#2047 = CIRCLE ( 'NONE', #1686, 45.00000000000000000 ) ;
#2048 = AXIS2_PLACEMENT_3D ( 'NONE', #1326, #1327, #1322 ) ;
#2049 = CARTESIAN_POINT ( 'NONE',  ( -6.400000000000000400, 78.84399847396360900, 0.0000000000000000000 ) ) ;
#2050 = CARTESIAN_POINT ( 'NONE',  ( 9.750000000000000000, 0.0000000000000000000, 0.0000000000000000000 ) ) ;
#2051 = AXIS2_PLACEMENT_3D ( 'NONE', #1346, #1334, #1343 ) ;
#2052 = CARTESIAN_POINT ( 'NONE',  ( 8.000000000000000000, 0.0000000000000000000, 7.347638122934259600E-016 ) ) ;
#2053 = EDGE_LOOP ( 'NONE', ( #1752 ) ) ;
#2054 = CARTESIAN_POINT ( 'NONE',  ( 5.673932339983832800, 28.77204652413123800, 32.08770521232904800 ) ) ;
#2055 = VERTEX_POINT ( 'NONE', #202 ) ;
#2056 = AXIS2_PLACEMENT_3D ( 'NONE', #1308, #1268, #1321 ) ;
#2057 = ORIENTED_EDGE ( 'NONE', *, *, #2387, .T. ) ;
#2058 = CIRCLE ( 'NONE', #1667, 24.00000000000000000 ) ;
#2059 = AXIS2_PLACEMENT_3D ( 'NONE', #1438, #1339, #1441 ) ;
#2060 = EDGE_CURVE ( 'NONE', #91, #91, #2058, .T. ) ;
#2061 = DIRECTION ( 'NONE',  ( 0.0000000000000000000, 0.0000000000000000000, 1.000000000000000000 ) ) ;
#2062 = DIRECTION ( 'NONE',  ( 1.000000000000000000, 0.0000000000000000000, 0.0000000000000000000 ) ) ;
#2063 = EDGE_LOOP ( 'NONE', ( #2104 ) ) ;
#2064 = EDGE_LOOP ( 'NONE', ( #607 ) ) ;
#2065 = B_SPLINE_CURVE_WITH_KNOTS ( 'NONE', 3,
 ( #2818, #2476, #2820, #2823, #2824, #2827, #2831, #2835, #2846, #2858 ),
 .UNSPECIFIED., .F., .F.,
 ( 4, 2, 2, 2, 4 ),
 ( 3.671475479798211900E-008, 0.0007196936343192431600, 0.001439350553883688300, 0.002159007473448133200, 0.002878664393012578200 ),
 .UNSPECIFIED. ) ;
#2066 = AXIS2_PLACEMENT_3D ( 'NONE', #1295, #1275, #1300 ) ;
#2067 = DIRECTION ( 'NONE',  ( 0.0000000000000000000, -1.000000000000000000, 0.0000000000000000000 ) ) ;
#2068 = CARTESIAN_POINT ( 'NONE',  ( 6.299999999999999800, -15.64996359308069500, -26.84226803710634700 ) ) ;
#2069 = ORIENTED_EDGE ( 'NONE', *, *, #2754, .T. ) ;
#2070 = CONICAL_SURFACE ( 'NONE', #1673, 3.958749999999999300, 0.7853981633974497200 ) ;
#2071 = DIRECTION ( 'NONE',  ( -1.000000000000000000, 0.0000000000000000000, -2.449212707644755000E-016 ) ) ;
#2072 = AXIS2_PLACEMENT_3D ( 'NONE', #1259, #1238, #1287 ) ;
#2073 = CARTESIAN_POINT ( 'NONE',  ( 6.245786618197610300, -15.76137714228271700, -26.77683245694197100 ) ) ;
#2074 = CARTESIAN_POINT ( 'NONE',  ( 5.824416920934711900, 28.67314253373437100, 32.16407664700998500 ) ) ;
#2075 = FACE_OUTER_BOUND ( 'NONE', #1952, .T. ) ;
#2076 = DIRECTION ( 'NONE',  ( 0.0000000000000000000, 0.0000000000000000000, 1.000000000000000000 ) ) ;
#2077 = DIRECTION ( 'NONE',  ( 0.0000000000000000000, -0.8660254037844388200, 0.4999999999999997200 ) ) ;
#2078 = AXIS2_PLACEMENT_3D ( 'NONE', #1219, #1227, #1240 ) ;
#2079 = CARTESIAN_POINT ( 'NONE',  ( 6.061256485888645100, -15.92010630128163800, -26.68276562135764600 ) ) ;
#2080 = FACE_OUTER_BOUND ( 'NONE', #2893, .T. ) ;
#2081 = CARTESIAN_POINT ( 'NONE',  ( 6.151281739026272200, 28.49543350150671400, 32.29583206829197200 ) ) ;
#2082 = DIRECTION ( 'NONE',  ( 0.0000000000000000000, 0.4999999999999998900, 0.8660254037844387100 ) ) ;
#2083 = FACE_BOUND ( 'NONE', #1988, .T. ) ;
#2084 = AXIS2_PLACEMENT_3D ( 'NONE', #1216, #1214, #1191 ) ;
#2085 = CARTESIAN_POINT ( 'NONE',  ( 18.89999999999999900, -12.00000000000000000, -20.78460969082655300 ) ) ;
#2086 = COORDINATED_UNIVERSAL_TIME_OFFSET ( 3, 0, .BEHIND. ) ;
#2087 = FACE_BOUND ( 'NONE', #2874, .T. ) ;
#2088 = CARTESIAN_POINT ( 'NONE',  ( 7.260241712607824900, 28.16528623170298200, 32.49720590872202300 ) ) ;
#2089 = CARTESIAN_POINT ( 'NONE',  ( 6.325290242415547900, 28.41821218539334700, 32.34999897092909300 ) ) ;
#2090 = AXIS2_PLACEMENT_3D ( 'NONE', #1244, #1255, #1258 ) ;
#2091 = AXIS2_PLACEMENT_3D ( 'NONE', #1194, #1209, #1210 ) ;
#2092 = DIRECTION ( 'NONE',  ( 0.0000000000000000000, 0.8910800573680532900, 0.4538461538461540700 ) ) ;
#2093 = CYLINDRICAL_SURFACE ( 'NONE', #1669, 8.000000000000007100 ) ;
#2094 = CARTESIAN_POINT ( 'NONE',  ( 6.873851910768748600, 28.23940594608034300, 32.46312790961157900 ) ) ;
#2095 = FACE_BOUND ( 'NONE', #2005, .T. ) ;
#2096 = CARTESIAN_POINT ( 'NONE',  ( 5.930699351654525700, -15.96647543282644600, -26.65488542889087500 ) ) ;
#2097 = FACE_OUTER_BOUND ( 'NONE', #1970, .T. ) ;
#2098 = CARTESIAN_POINT ( 'NONE',  ( -16.40000000000000200, 0.0000000000000000000, 0.0000000000000000000 ) ) ;
#2099 = CARTESIAN_POINT ( 'NONE',  ( 5.669832030472922400, -15.96659436599329100, -26.65481418667518900 ) ) ;
#2100 = AXIS2_PLACEMENT_3D ( 'NONE', #1177, #1197, #1200 ) ;
#2101 = CARTESIAN_POINT ( 'NONE',  ( 15.00000000000000000, 0.0000000000000000000, 2.081830801498040200E-015 ) ) ;
#2102 = CARTESIAN_POINT ( 'NONE',  ( 5.540013398706085100, -15.92113070856365000, -26.68215801210431300 ) ) ;
#2103 = CARTESIAN_POINT ( 'NONE',  ( 5.353241438120917900, -15.76060890957667700, -26.77728824995993100 ) ) ;
#2104 = ORIENTED_EDGE ( 'NONE', *, *, #2861, .T. ) ;
#2105 = EDGE_LOOP ( 'NONE', ( #446 ) ) ;
#2106 = CARTESIAN_POINT ( 'NONE',  ( -19.00000000000000000, -72.03461538461539200, 13.81174088920481900 ) ) ;
#2107 = AXIS2_PLACEMENT_3D ( 'NONE', #1176, #1187, #1190 ) ;
#2108 = CARTESIAN_POINT ( 'NONE',  ( 5.300046215358137600, -15.64872088240714200, -26.84298465769283100 ) ) ;
#2109 = CARTESIAN_POINT ( 'NONE',  ( 5.299953847245010500, -15.42265336773184700, -26.97350651449322700 ) ) ;
#2110 = PLANE ( 'NONE',  #1296 ) ;
#2111 = FACE_OUTER_BOUND ( 'NONE', #2788, .T. ) ;
#2112 = CARTESIAN_POINT ( 'NONE',  ( 5.353991203419968600, -15.30909243707479400, -27.03796335772744200 ) ) ;
#2113 = EDGE_CURVE ( 'E340', #1224, #1796, #2047, .T. ) ;
#2114 = CARTESIAN_POINT ( 'NONE',  ( 5.538216223348381800, -15.14818975018466000, -27.12843749781976000 ) ) ;
#2115 = EDGE_LOOP ( 'NONE', ( #1428, #1409, #1312, #1301 ) ) ;
#2116 = CARTESIAN_POINT ( 'NONE',  ( 5.667609957911601300, -15.10062727976236600, -27.15478430673526200 ) ) ;
#2117 = CARTESIAN_POINT ( 'NONE',  ( 15.15544374291159900, -10.76129297151215900, -21.45214612996289800 ) ) ;
#2118 = FACE_OUTER_BOUND ( 'NONE', #2718, .T. ) ;
#2119 = CARTESIAN_POINT ( 'NONE',  ( 5.931370753536557000, -15.10039228667943900, -27.15491498377432200 ) ) ;
#2120 = ADVANCED_FACE ( 'E866', ( #2080, #2038 ), #447, .T. ) ;
#2121 = EDGE_LOOP ( 'NONE', ( #1620 ) ) ;
#2122 = DIRECTION ( 'NONE',  ( -1.000000000000000000, 0.0000000000000000000, 0.0000000000000000000 ) ) ;
#2123 = CARTESIAN_POINT ( 'NONE',  ( 15.22615684204431100, -10.59273048931566500, -21.53670411516087000 ) ) ;
#2124 = CARTESIAN_POINT ( 'NONE',  ( 6.060873256135432800, -15.14767953056217600, -27.12872225183219800 ) ) ;
#2125 = CARTESIAN_POINT ( 'NONE',  ( 6.245668620762240900, -15.30851221903502500, -27.03829173260251700 ) ) ;
#2126 = LINE ( 'NONE', #352, #2204 ) ;
#2127 = CARTESIAN_POINT ( 'NONE',  ( 15.31074884049370900, -10.42836511105565500, -21.61667186777421500 ) ) ;
#2128 = CARTESIAN_POINT ( 'NONE',  ( 15.50811554489978600, -10.10854298926474500, -21.76806514513154100 ) ) ;
#2129 = FACE_OUTER_BOUND ( 'NONE', #2868, .T. ) ;
#2130 = PLANE ( 'NONE',  #1889 ) ;
#2131 = CARTESIAN_POINT ( 'NONE',  ( 15.62136750132425300, -9.952968148016076100, -21.83950263172376800 ) ) ;
#2132 = EDGE_LOOP ( 'NONE', ( #2406 ) ) ;
#2133 = AXIS2_PLACEMENT_3D ( 'NONE', #1134, #1178, #1180 ) ;
#2134 = EDGE_LOOP ( 'NONE', ( #1251 ) ) ;
#2135 = DIRECTION ( 'NONE',  ( 1.000000000000000000, -0.0000000000000000000, -0.0000000000000000000 ) ) ;
#2136 = CARTESIAN_POINT ( 'NONE',  ( 6.300000000000003400, -15.42110421878481400, -26.97440005846265600 ) ) ;
#2137 = CARTESIAN_POINT ( 'NONE',  ( -6.400000000000000400, 78.84399847396360900, -15.50000000000000000 ) ) ;
#2138 = FACE_OUTER_BOUND ( 'NONE', #2811, .T. ) ;
#2139 = CARTESIAN_POINT ( 'NONE',  ( 15.86873094444517600, -9.661761582768861000, -21.96988423442926900 ) ) ;
#2140 = AXIS2_PLACEMENT_3D ( 'NONE', #1169, #1166, #1144 ) ;
#2141 = CARTESIAN_POINT ( 'NONE',  ( 6.300000000000001600, -15.53553390593275700, -26.90833404778450300 ) ) ;
#2142 = CARTESIAN_POINT ( 'NONE',  ( 16.00361796113471900, -9.524696040590285400, -22.02951648652334900 ) ) ;
#2143 = FACE_BOUND ( 'NONE', #2870, .T. ) ;
#2144 = CARTESIAN_POINT ( 'NONE',  ( 21.20940107675850300, 24.00000000000000000, 1.414053616061350100E-016 ) ) ;
#2145 = ORIENTED_EDGE ( 'NONE', *, *, #2275, .F. ) ;
#2146 = ORIENTED_EDGE ( 'NONE', *, *, #930, .F. ) ;
#2147 = CARTESIAN_POINT ( 'NONE',  ( 16.29588270816485400, -9.268159524361331900, -22.13866866653527100 ) ) ;
#2148 = CARTESIAN_POINT ( 'NONE',  ( 16.45470364273905500, -9.147885284967946600, -22.18850330875325800 ) ) ;
#2149 = CYLINDRICAL_SURFACE ( 'NONE', #1683, 0.5000000000000004400 ) ;
#2150 = CARTESIAN_POINT ( 'NONE',  ( 6.245786618197612900, -26.77683245694197100, 15.76137714228271700 ) ) ;
#2151 = ORIENTED_EDGE ( 'NONE', *, *, #2398, .T. ) ;
#2152 = CARTESIAN_POINT ( 'NONE',  ( 16.78644803585108400, -8.932747958747441400, -22.27598478575034900 ) ) ;
#2153 = CARTESIAN_POINT ( 'NONE',  ( 6.061256485888645100, -26.68276562135764600, 15.92010630128163800 ) ) ;
#2154 = EDGE_LOOP ( 'NONE', ( #472 ) ) ;
#2155 = CARTESIAN_POINT ( 'NONE',  ( 16.95972146051666100, -8.837247064868185100, -22.31392105119012100 ) ) ;
#2156 = AXIS2_PLACEMENT_3D ( 'NONE', #1127, #1158, #1160 ) ;
#2157 = CARTESIAN_POINT ( 'NONE',  ( 15.00000000000000000, 0.0000000000000000000, 2.081830801498040200E-015 ) ) ;
#2158 = ORIENTED_EDGE ( 'NONE', *, *, #559, .T. ) ;
#2159 = CARTESIAN_POINT ( 'NONE',  ( 17.32097410944679100, -8.670598575525962900, -22.37920304001806200 ) ) ;
#2160 = CARTESIAN_POINT ( 'NONE',  ( 17.51040157754264800, -8.599045293069588400, -22.40669987327169100 ) ) ;
#2161 = CARTESIAN_POINT ( 'NONE',  ( 5.930699351654524800, -26.65488542889087500, 15.96647543282644600 ) ) ;
#2162 = FACE_OUTER_BOUND ( 'NONE', #2863, .T. ) ;
#2163 = VECTOR ( 'NONE', #337, 1000.000000000000000 ) ;
#2164 = DIRECTION ( 'NONE',  ( 0.0000000000000000000, 0.0000000000000000000, 1.000000000000000000 ) ) ;
#2165 = DIRECTION ( 'NONE',  ( 0.0000000000000000000, 1.000000000000000000, 0.0000000000000000000 ) ) ;
#2166 = EDGE_LOOP ( 'NONE', ( #2224 ) ) ;
#2167 = CARTESIAN_POINT ( 'NONE',  ( 5.669832030472922400, -26.65481418667518900, 15.96659436599328400 ) ) ;
#2168 = EDGE_LOOP ( 'NONE', ( #1638 ) ) ;
#2169 = AXIS2_PLACEMENT_3D ( 'NONE', #1077, #1068, #1075 ) ;
#2170 = CARTESIAN_POINT ( 'NONE',  ( 5.540013398706087800, -26.68215801210431300, 15.92113070856366100 ) ) ;
#2171 = ORIENTED_EDGE ( 'NONE', *, *, #2270, .T. ) ;
#2172 = CARTESIAN_POINT ( 'NONE',  ( 18.09156296677213800, -8.426695967801533600, -22.47233658787580200 ) ) ;
#2173 = AXIS2_PLACEMENT_3D ( 'NONE', #1092, #1124, #1121 ) ;
#2174 = CARTESIAN_POINT ( 'NONE',  ( 5.353241438120918800, -26.77728824995993100, 15.76060890957668000 ) ) ;
#2175 = DIRECTION ( 'NONE',  ( 0.0000000000000000000, 0.0000000000000000000, 1.000000000000000000 ) ) ;
#2176 = LOCAL_TIME ( 9, 13, 0.0000000000000000000, #493 ) ;
#2177 = CARTESIAN_POINT ( 'NONE',  ( 8.422128610279610700, 32.29028125262002600, 28.29807167471205900 ) ) ;
#2178 = AXIS2_PLACEMENT_3D ( 'NONE', #1146, #1152, #1153 ) ;
#2179 = CARTESIAN_POINT ( 'NONE',  ( -6.400000000000000400, 0.0000000000000000000, 0.0000000000000000000 ) ) ;
#2180 = CARTESIAN_POINT ( 'NONE',  ( 18.48939184697671900, -8.368268546770279300, -22.49382318725204000 ) ) ;
#2181 = CARTESIAN_POINT ( 'NONE',  ( 5.300046215358137600, -26.84298465769283100, 15.64872088240714200 ) ) ;
#2182 = ORIENTED_EDGE ( 'NONE', *, *, #2403, .F. ) ;
#2183 = CARTESIAN_POINT ( 'NONE',  ( 7.454536183062388400, 28.14289149174486200, 32.50137186297472900 ) ) ;
#2184 = CARTESIAN_POINT ( 'NONE',  ( 19.10205807818395800, -8.367953487822005000, -22.49394039376390000 ) ) ;
#2185 = CARTESIAN_POINT ( 'NONE',  ( 19.30441542397967300, -8.382641141206590900, -22.48849247616778900 ) ) ;
#2186 = EDGE_LOOP ( 'NONE', ( #1352 ) ) ;
#2187 = AXIS2_PLACEMENT_3D ( 'NONE', #1081, #1140, #1082 ) ;
#2188 = CARTESIAN_POINT ( 'NONE',  ( 7.845276831219980100, 28.12677871803428100, 32.48473946507561300 ) ) ;
#2189 = DIRECTION ( 'NONE',  ( 0.0000000000000000000, -1.000000000000000000, 0.0000000000000000000 ) ) ;
#2190 = EDGE_LOOP ( 'NONE', ( #1186 ) ) ;
#2191 = ORIENTED_EDGE ( 'NONE', *, *, #1904, .F. ) ;
#2192 = CARTESIAN_POINT ( 'NONE',  ( 13.74000000000000000, 0.0000000000000000000, 0.0000000000000000000 ) ) ;
#2193 = AXIS2_PLACEMENT_3D ( 'NONE', #1025, #1028, #1003 ) ;
#2194 = FACE_OUTER_BOUND ( 'NONE', #1900, .T. ) ;
#2195 = CARTESIAN_POINT ( 'NONE',  ( 19.70529103198604700, -8.440869763419032200, -22.46670167136029100 ) ) ;
#2196 = AXIS2_PLACEMENT_3D ( 'NONE', #1063, #1064, #1067 ) ;
#2197 = AXIS2_PLACEMENT_3D ( 'NONE', #996, #1006, #1020 ) ;
#2198 = CARTESIAN_POINT ( 'NONE',  ( 19.90518489362051500, -8.484929608381941400, -22.45016105793629500 ) ) ;
#2199 = CARTESIAN_POINT ( 'NONE',  ( 5.299953847245010500, -26.97350651449322700, 15.42265336773184700 ) ) ;
#2200 = CARTESIAN_POINT ( 'NONE',  ( 20.29096724208421100, -8.599566476204126200, -22.40649946796291300 ) ) ;
#2201 = VECTOR ( 'NONE', #3006, 1000.000000000000100 ) ;
#2202 = AXIS2_PLACEMENT_3D ( 'NONE', #1045, #1056, #1060 ) ;
#2203 = CARTESIAN_POINT ( 'NONE',  ( 5.353991203419968600, -27.03796335772744200, 15.30909243707479200 ) ) ;
#2204 = VECTOR ( 'NONE', #392, 1000.000000000000000 ) ;
#2205 = CARTESIAN_POINT ( 'NONE',  ( 20.47763587319449700, -8.670041019560461100, -22.37941858461344700 ) ) ;
#2206 = CARTESIAN_POINT ( 'NONE',  ( 20.83878237683574900, -8.836473870945857500, -22.31422678459403400 ) ) ;
#2207 = BREP_WITH_VOIDS ( 'NONE', #2836, ( #1655, #1635 ) );
#2208 = AXIS2_PLACEMENT_3D ( 'NONE', #942, #944, #985 ) ;
#2209 = CARTESIAN_POINT ( 'NONE',  ( 5.538216223348381800, -27.12843749781976000, 15.14818975018466000 ) ) ;
#2210 = EDGE_LOOP ( 'NONE', ( #2802 ) ) ;
#2211 = AXIS2_PLACEMENT_3D ( 'NONE', #1009, #1010, #1018 ) ;
#2212 = CARTESIAN_POINT ( 'NONE',  ( 21.01439520986129500, -8.933192954963296000, -22.27580930472090200 ) ) ;
#2213 = LINE ( 'NONE', #483, #2163 ) ;
#2214 = CARTESIAN_POINT ( 'NONE',  ( 5.667609957911601300, -27.15478430673526200, 15.10062727976236900 ) ) ;
#2215 = CARTESIAN_POINT ( 'NONE',  ( 21.51396450713375000, -9.257472212533777200, -22.14393087140919300 ) ) ;
#2216 = ADVANCED_FACE ( 'E1276', ( #2021 ), #754, .T. ) ;
#2217 = EDGE_LOOP ( 'NONE', ( #1273 ) ) ;
#2218 = CARTESIAN_POINT ( 'NONE',  ( 21.80549183136173500, -9.513583789143663000, -22.03623629984829400 ) ) ;
#2219 = CARTESIAN_POINT ( 'NONE',  ( 22.30531418119971200, -10.10221090258095500, -21.77267373694796500 ) ) ;
#2220 = AXIS2_PLACEMENT_3D ( 'NONE', #973, #978, #983 ) ;
#2221 = CARTESIAN_POINT ( 'NONE',  ( 5.931370753536565000, -27.15491498377432200, 15.10039228667943900 ) ) ;
#2222 = CARTESIAN_POINT ( 'NONE',  ( 6.060873256135432800, -27.12872225183219800, 15.14767953056217600 ) ) ;
#2223 = PERSON_AND_ORGANIZATION ( #2817, #1603 ) ;
#2224 = ORIENTED_EDGE ( 'NONE', *, *, #2854, .T. ) ;
#2225 = DIRECTION ( 'NONE',  ( -2.449212707644755000E-016, 0.0000000000000000000, 1.000000000000000000 ) ) ;
#2226 = AXIS2_PLACEMENT_3D ( 'NONE', #962, #966, #969 ) ;
#2227 = VERTEX_POINT ( 'NONE', #190 ) ;
#2228 = CARTESIAN_POINT ( 'NONE',  ( 10.00000000000000000, 0.0000000000000000000, 0.0000000000000000000 ) ) ;
#2229 = AXIS2_PLACEMENT_3D ( 'NONE', #909, #922, #907 ) ;
#2230 = CARTESIAN_POINT ( 'NONE',  ( 6.245668620762240900, -27.03829173260251700, 15.30851221903502500 ) ) ;
#2231 = DIRECTION ( 'NONE',  ( 0.0000000000000000000, -0.8660254037844386000, 0.5000000000000002200 ) ) ;
#2232 = CONICAL_SURFACE ( 'NONE', #1746, 42.61674673713369500, 0.05910354030254625500 ) ;
#2233 = CARTESIAN_POINT ( 'NONE',  ( 8.043781603827969900, 28.13344679283093100, 32.46344529881150700 ) ) ;
#2234 = ADVANCED_FACE ( 'E1564', ( #2030, #2035 ), #2003, .F. ) ;
#2235 = EDGE_LOOP ( 'NONE', ( #2570 ) ) ;
#2236 = DIRECTION ( 'NONE',  ( 0.0000000000000000000, 0.4999999999999998900, 0.8660254037844387100 ) ) ;
#2237 = CARTESIAN_POINT ( 'NONE',  ( 18.89999999999999900, -11.97937500000000100, -20.74888614292039800 ) ) ;
#2238 = EDGE_LOOP ( 'NONE', ( #1803 ) ) ;
#2239 = ADVANCED_FACE ( 'E851', ( #2129, #2000 ), #1963, .F. ) ;
#2240 = AXIS2_PLACEMENT_3D ( 'NONE', #817, #891, #903 ) ;
#2241 = EDGE_LOOP ( 'NONE', ( #2478 ) ) ;
#2242 = CARTESIAN_POINT ( 'NONE',  ( 6.300000000000003400, -26.97440005846265600, 15.42110421878481400 ) ) ;
#2243 = ORIENTED_EDGE ( 'NONE', *, *, #2422, .F. ) ;
#2244 = CARTESIAN_POINT ( 'NONE',  ( 6.300000000000001600, -26.90833404778450300, 15.53553390593275700 ) ) ;
#2245 = CARTESIAN_POINT ( 'NONE',  ( 22.64455625708840000, -10.76129297151215900, -21.45214612996289800 ) ) ;
#2246 = CARTESIAN_POINT ( 'NONE',  ( 8.428118873249530900, 28.17569076435853100, 32.39665372161940100 ) ) ;
#2247 = ORIENTED_EDGE ( 'NONE', *, *, #1074, .T. ) ;
#2248 = AXIS2_PLACEMENT_3D ( 'NONE', #931, #937, #941 ) ;
#2249 = CARTESIAN_POINT ( 'NONE',  ( 22.50193616147248200, -10.42132205207889100, -21.62268975033784800 ) ) ;
#2250 = CARTESIAN_POINT ( 'NONE',  ( 5.641427688671079500, -31.03507380386929900, 17.34981771188516600 ) ) ;
#2251 = ADVANCED_FACE ( 'E224', ( #2010 ), #531, .T. ) ;
#2252 = FACE_OUTER_BOUND ( 'NONE', #2631, .T. ) ;
#2253 = CARTESIAN_POINT ( 'NONE',  ( 5.530453248759940300, -31.01522925124124800, 17.42038002448430200 ) ) ;
#2254 = CARTESIAN_POINT ( 'NONE',  ( 5.778208258916341000, -31.02772010477603700, 17.31791454728137900 ) ) ;
#2255 = DIRECTION ( 'NONE',  ( -1.000000000000000000, 0.0000000000000000000, 0.0000000000000000000 ) ) ;
#2256 = AXIS2_PLACEMENT_3D ( 'NONE', #845, #826, #841 ) ;
#2257 = ADVANCED_FACE ( 'E1593', ( #2013 ), #1973, .F. ) ;
#2258 = EDGE_LOOP ( 'NONE', ( #804, #441, #614, #2873, #1175, #789 ) ) ;
#2259 = AXIS2_PLACEMENT_3D ( 'NONE', #840, #836, #809 ) ;
#2260 = CARTESIAN_POINT ( 'NONE',  ( 8.614978666583757800, 28.21090065868404300, 32.35139307323012000 ) ) ;
#2261 = ORIENTED_EDGE ( 'NONE', *, *, #2625, .F. ) ;
#2262 = DIRECTION ( 'NONE',  ( 0.0000000000000000000, 0.8660254037844387100, -0.4999999999999998900 ) ) ;
#2263 = CARTESIAN_POINT ( 'NONE',  ( 6.031952997464547800, -30.96455376965017700, 17.34442915559612400 ) ) ;
#2264 = CARTESIAN_POINT ( 'NONE',  ( 6.148156044394864000, -30.90826777164790300, 17.40391781982755100 ) ) ;
#2265 = EDGE_LOOP ( 'NONE', ( #1195 ) ) ;
#2266 = DIRECTION ( 'NONE',  ( -0.0000000000000000000, 0.4999999999999998900, 0.8660254037844387100 ) ) ;
#2267 = CARTESIAN_POINT ( 'NONE',  ( 18.89999999999999900, -8.770625000000000800, -15.19116811413379900 ) ) ;
#2268 = CARTESIAN_POINT ( 'NONE',  ( 6.290453197777495100, -30.77857769902754000, 17.58199500230060500 ) ) ;
#2269 = LINE ( 'NONE', #2972, #2201 ) ;
#2270 = EDGE_CURVE ( 'E188', #843, #2729, #2007, .T. ) ;
#2271 = ADVANCED_FACE ( 'E1591', ( #1960 ), #1931, .F. ) ;
#2272 = LINE ( 'NONE', #2959, #2277 ) ;
#2273 = DIRECTION ( 'NONE',  ( 0.0000000000000000000, -0.8660254037844386000, 0.5000000000000001100 ) ) ;
#2274 = EDGE_CURVE ( 'NONE', #90, #90, #1924, .T. ) ;
#2275 = EDGE_CURVE ( 'E198', #2740, #1996, #1903, .T. ) ;
#2276 = CARTESIAN_POINT ( 'NONE',  ( 10.03058457727144100, 31.50573715587706800, 29.02918081346345900 ) ) ;
#2277 = VECTOR ( 'NONE', #2964, 1000.000000000000000 ) ;
#2278 = ADVANCED_FACE ( 'E1583', ( #1949, #1916, #1886, #1897 ), #1824, .F. ) ;
#2279 = ADVANCED_FACE ( 'E854', ( #1859 ), #765, .T. ) ;
#2280 = CIRCLE ( 'NONE', #1700, 24.00000000000000000 ) ;
#2281 = EDGE_CURVE ( 'E264', #1392, #1671, #1843, .T. ) ;
#2282 = CARTESIAN_POINT ( 'NONE',  ( 9.629095622934180200, 31.81086032770588500, 28.72981423571293300 ) ) ;
#2283 = ORIENTED_EDGE ( 'NONE', *, *, #2356, .F. ) ;
#2284 = CARTESIAN_POINT ( 'NONE',  ( 6.316711433655441100, -30.70518626708577500, 17.70051572309017700 ) ) ;
#2285 = DIRECTION ( 'NONE',  ( 0.0000000000000000000, 0.4999999999999998900, 0.8660254037844387100 ) ) ;
#2286 = EDGE_LOOP ( 'NONE', ( #676 ) ) ;
#2287 = EDGE_CURVE ( 'E255', #1392, #643, #1854, .T. ) ;
#2288 = CARTESIAN_POINT ( 'NONE',  ( 18.89999999999999900, -8.750000000000000000, -15.15544456622770000 ) ) ;
#2289 = CARTESIAN_POINT ( 'NONE',  ( 6.147826435179312400, 32.18570200357296300, 28.62007280141965300 ) ) ;
#2290 = CARTESIAN_POINT ( 'NONE',  ( 6.260582107888671600, -30.58369830305517900, 17.92930767413936600 ) ) ;
#2291 = ORIENTED_EDGE ( 'NONE', *, *, #2834, .T. ) ;
#2292 = ADVANCED_FACE ( 'E1569', ( #1875 ), #1806, .F. ) ;
#2293 = EDGE_CURVE ( 'E246', #811, #643, #1801, .T. ) ;
#2294 = CARTESIAN_POINT ( 'NONE',  ( 6.179390138792109100, -30.53752241285344100, 18.03585722094718200 ) ) ;
#2295 = ADVANCED_FACE ( 'E1559', ( #1823, #1775, #1785, #1781 ), #1736, .F. ) ;
#2296 = CARTESIAN_POINT ( 'NONE',  ( 9.474639791009055400, 31.90207620773392300, 28.64204790626885700 ) ) ;
#2297 = ADVANCED_FACE ( 'E1567', ( #1765 ), #1760, .F. ) ;
#2298 = CARTESIAN_POINT ( 'NONE',  ( 9.148135813997107800, 32.06099240715635500, 28.49314183636574800 ) ) ;
#2299 = EDGE_LOOP ( 'NONE', ( #2597 ) ) ;
#2300 = DIRECTION ( 'NONE',  ( 0.0000000000000000000, -1.000000000000000000, 0.0000000000000000000 ) ) ;
#2301 = CARTESIAN_POINT ( 'NONE',  ( 5.960065497189284600, -30.49831292753883700, 18.17547279001153300 ) ) ;
#2302 = FACE_OUTER_BOUND ( 'NONE', #1909, .T. ) ;
#2303 = EDGE_CURVE ( 'E70', #1179, #1778, #1745, .T. ) ;
#2304 = DIRECTION ( 'NONE',  ( 1.000000000000000000, 0.0000000000000000000, 0.0000000000000000000 ) ) ;
#2305 = B_SPLINE_CURVE_WITH_KNOTS ( 'NONE', 3,
 ( #1697, #1198, #2576, #2507 ),
 .UNSPECIFIED., .F., .F.,
 ( 4, 4 ),
 ( 0.08190287814821209400, 0.08210923335306209700 ),
 .UNSPECIFIED. ) ;
#2306 = CARTESIAN_POINT ( 'NONE',  ( 5.822093940451488900, -30.50544514184752000, 18.20819170978261100 ) ) ;
#2307 = FACE_BOUND ( 'NONE', #427, .T. ) ;
#2308 = CARTESIAN_POINT ( 'NONE',  ( 5.568754328038445500, -30.56833931959984700, 18.18193644719023900 ) ) ;
#2309 = EDGE_CURVE ( 'E98', #1535, #2829, #1771, .T. ) ;
#2310 = CARTESIAN_POINT ( 'NONE',  ( 5.452719724823772700, -30.62410282556989600, 18.12318037998489800 ) ) ;
#2311 = FACE_OUTER_BOUND ( 'NONE', #2766, .T. ) ;
#2312 = SPHERICAL_SURFACE ( 'NONE', #1713, 36.00000000000000000 ) ;
#2313 = ADVANCED_FACE ( 'E1428', ( #1726, #1712 ), #1704, .T. ) ;
#2314 = CARTESIAN_POINT ( 'NONE',  ( 5.309040069336412600, -30.75481088485446400, 17.94361151867277100 ) ) ;
#2315 = ADVANCED_FACE ( 'E1553', ( #1685, #1698 ), #950, .T. ) ;
#2316 = EDGE_CURVE ( 'E61', #757, #1778, #1627, .T. ) ;
#2317 = CARTESIAN_POINT ( 'NONE',  ( 10.00000000000000000, 0.0000000000000000000, 0.0000000000000000000 ) ) ;
#2318 = EDGE_LOOP ( 'NONE', ( #1412, #2630 ) ) ;
#2319 = ADVANCED_FACE ( 'E339', ( #1688 ), #1662, .T. ) ;
#2320 = CARTESIAN_POINT ( 'NONE',  ( 5.283474822560374500, -30.82818788143101300, 17.82484386226853000 ) ) ;
#2321 = ORIENTED_EDGE ( 'NONE', *, *, #2594, .T. ) ;
#2322 = VERTEX_POINT ( 'NONE', #1222 ) ;
#2323 = EDGE_CURVE ( 'E43', #465, #1066, #50, .T. ) ;
#2324 = EDGE_CURVE ( 'E34', #465, #1645, #1681, .T. ) ;
#2325 = CARTESIAN_POINT ( 'NONE',  ( 5.339219399334981900, -30.94891434657426300, 17.59757852495243600 ) ) ;
#2326 = CARTESIAN_POINT ( 'NONE',  ( -19.00000000000000000, -20.42307692307695200, -40.09860258156239600 ) ) ;
#2327 = CYLINDRICAL_SURFACE ( 'NONE', #1720, 40.50000000000000000 ) ;
#2328 = EDGE_CURVE ( 'E25', #448, #1645, #2538, .T. ) ;
#2329 = CARTESIAN_POINT ( 'NONE',  ( 5.419478808848800200, -30.99538469861320100, 17.49094233708343900 ) ) ;
#2330 = EDGE_LOOP ( 'NONE', ( #989, #403, #747, #929 ) ) ;
#2331 = EDGE_CURVE ( 'NONE', #89, #89, #1689, .T. ) ;
#2332 = CARTESIAN_POINT ( 'NONE',  ( -6.371147475172386400, 41.91608958403119100, 15.50000000000000200 ) ) ;
#2333 = ADVANCED_FACE ( 'E1547', ( #1679, #1632 ), #1609, .T. ) ;
#2334 = EDGE_LOOP ( 'NONE', ( #547, #1905, #2657, #1026 ) ) ;
#2335 = DIRECTION ( 'NONE',  ( 0.0000000000000000000, -1.000000000000000000, 0.0000000000000000000 ) ) ;
#2336 = ORIENTED_EDGE ( 'NONE', *, *, #599, .T. ) ;
#2337 = EDGE_CURVE ( 'NONE', #85, #85, #1629, .T. ) ;
#2338 = CARTESIAN_POINT ( 'NONE',  ( -6.258933659082103400, 41.60687147268603800, 15.49999999999999800 ) ) ;
#2339 = FACE_BOUND ( 'NONE', #542, .T. ) ;
#2340 = CARTESIAN_POINT ( 'NONE',  ( -6.174647158519627000, 41.46111672773452000, 15.50000000000000000 ) ) ;
#2341 = ADVANCED_FACE ( 'E991', ( #1676 ), #1695, .T. ) ;
#2342 = DIRECTION ( 'NONE',  ( 0.0000000000000000000, 1.000000000000000000, 0.0000000000000000000 ) ) ;
#2343 = FACE_OUTER_BOUND ( 'NONE', #2334, .T. ) ;
#2344 = EDGE_CURVE ( 'NONE', #80, #80, #1651, .T. ) ;
#2345 = CARTESIAN_POINT ( 'NONE',  ( -5.960249513164302300, 41.21212870570930400, 15.50000000000000500 ) ) ;
#2346 = CARTESIAN_POINT ( 'NONE',  ( -5.828611273258634800, 41.10707965876677200, 15.50000000000000000 ) ) ;
#2347 = CYLINDRICAL_SURFACE ( 'NONE', #1738, 3.000000000000000000 ) ;
#2348 = DIRECTION ( 'NONE',  ( -1.000000000000000000, 0.0000000000000000000, 0.0000000000000000000 ) ) ;
#2349 = EDGE_CURVE ( 'NONE', #78, #78, #1768, .T. ) ;
#2350 = EDGE_CURVE ( 'E350', #652, #821, #1590, .T. ) ;
#2351 = DIRECTION ( 'NONE',  ( -2.778914418289240500E-017, 0.8910800573680532900, 0.4538461538461540700 ) ) ;
#2352 = EDGE_LOOP ( 'NONE', ( #703, #1054, #512, #1105 ) ) ;
#2353 = CARTESIAN_POINT ( 'NONE',  ( -5.533429370658882200, 40.95705890520561400, 15.50000000000000200 ) ) ;
#2354 = ADVANCED_FACE ( 'E1448', ( #1557, #1560 ), #1827, .T. ) ;
#2355 = CARTESIAN_POINT ( 'NONE',  ( -5.371853612011841900, 40.91270483014808700, 15.50000000000000000 ) ) ;
#2356 = EDGE_CURVE ( 'E140', #465, #1535, #2023, .T. ) ;
#2357 = ORIENTED_EDGE ( 'NONE', *, *, #2992, .F. ) ;
#2358 = CARTESIAN_POINT ( 'NONE',  ( -10.00000000000000000, 0.0000000000000000000, 0.0000000000000000000 ) ) ;
#2359 = DIRECTION ( 'NONE',  ( -6.123031769111887500E-017, -0.4999999999999998900, -0.8660254037844387100 ) ) ;
#2360 = CARTESIAN_POINT ( 'NONE',  ( -5.205943304866109700, 40.90340648698315100, 15.50000000000000000 ) ) ;
#2361 = CONICAL_SURFACE ( 'NONE', #1757, 4.000000000000000000, 0.7853981633974715900 ) ;
#2362 = EDGE_CURVE ( 'E400', #843, #1118, #1596, .T. ) ;
#2363 = EDGE_CURVE ( 'E119', #2384, #537, #1538, .T. ) ;
#2364 = DATE_AND_TIME ( #516, #1004 ) ;
#2365 = FACE_OUTER_BOUND ( 'NONE', #2806, .T. ) ;
#2366 = CARTESIAN_POINT ( 'NONE',  ( 16.59059892324150100, 24.00000000000000000, -5.551115123125779700E-016 ) ) ;
#2367 = VERTEX_POINT ( 'NONE', #1670 ) ;
#2368 = CARTESIAN_POINT ( 'NONE',  ( -6.400000000000000400, -72.03461538461539200, 13.81174088920481900 ) ) ;
#2369 = EDGE_CURVE ( 'E79', #1179, #761, #2305, .T. ) ;
#2370 = PERSON_AND_ORGANIZATION ( #2817, #1603 ) ;
#2371 = EDGE_LOOP ( 'NONE', ( #798, #1396 ) ) ;
#2372 = CARTESIAN_POINT ( 'NONE',  ( 8.975785260188983400, 32.12934137624274900, 28.43133072334967100 ) ) ;
#2373 = CARTESIAN_POINT ( 'NONE',  ( -5.000000000000000000, -65.00000000000000000, -15.50000000000000000 ) ) ;
#2374 = CALENDAR_DATE ( 2019, 8, 3 ) ;
#2375 = ADVANCED_FACE ( 'E1445', ( #1530, #1528 ), #995, .T. ) ;
#2376 = EDGE_CURVE ( 'E1292', #679, #1036, #1521, .T. ) ;
#2377 = ORIENTED_EDGE ( 'NONE', *, *, #588, .F. ) ;
#2378 = DIRECTION ( 'NONE',  ( 0.0000000000000000000, 0.0000000000000000000, 1.000000000000000000 ) ) ;
#2379 = ORIENTED_EDGE ( 'NONE', *, *, #166, .F. ) ;
#2380 = EDGE_CURVE ( 'E124', #2384, #1224, #1656, .T. ) ;
#2381 = CARTESIAN_POINT ( 'NONE',  ( -6.400000000000000400, 65.00000000000000000, 15.50000000000000000 ) ) ;
#2382 = CARTESIAN_POINT ( 'NONE',  ( 8.612816045177764200, 32.24417525040313800, 28.33357850979656300 ) ) ;
#2383 = ORIENTED_EDGE ( 'NONE', *, *, #2380, .T. ) ;
#2384 = VERTEX_POINT ( 'NONE', #2589 ) ;
#2385 = EDGE_CURVE ( 'E113', #2829, #637, #1525, .T. ) ;
#2386 = DIRECTION ( 'NONE',  ( 0.0000000000000000000, 0.0000000000000000000, 1.000000000000000000 ) ) ;
#2387 = EDGE_CURVE ( 'E168', #1276, #2740, #1518, .T. ) ;
#2388 = FACE_OUTER_BOUND ( 'NONE', #623, .T. ) ;
#2389 = CARTESIAN_POINT ( 'NONE',  ( 6.871485402547233600, 32.35481960741652300, 28.36364595811452500 ) ) ;
#2390 = DIRECTION ( 'NONE',  ( 0.0000000000000000000, -1.000000000000000000, 0.0000000000000000000 ) ) ;
#2391 = CARTESIAN_POINT ( 'NONE',  ( 18.89999999999999900, 23.95875000000000200, 0.0000000000000000000 ) ) ;
#2392 = EDGE_LOOP ( 'NONE', ( #2069, #1598, #846, #773 ) ) ;
#2393 = DIRECTION ( 'NONE',  ( -1.000000000000000000, 0.0000000000000000000, 0.0000000000000000000 ) ) ;
#2394 = EDGE_CURVE ( 'E161', #2740, #2477, #1509, .T. ) ;
#2395 = CARTESIAN_POINT ( 'NONE',  ( -19.00000000000000000, -72.03461538461539200, -13.81174088920481900 ) ) ;
#2396 = CARTESIAN_POINT ( 'NONE',  ( 7.705487493842030100, 30.92386355908109900, 31.04198769408945300 ) ) ;
#2397 = ORIENTED_EDGE ( 'NONE', *, *, #2363, .F. ) ;
#2398 = EDGE_CURVE ( 'E193', #2729, #1996, #1511, .T. ) ;
#2399 = CARTESIAN_POINT ( 'NONE',  ( 8.038896321651593600, 32.35655303996719600, 28.25675820947572300 ) ) ;
#2400 = FACE_OUTER_BOUND ( 'NONE', #2812, .T. ) ;
#2401 = CARTESIAN_POINT ( 'NONE',  ( -12.00000000000000000, 0.0000000000000000000, 0.0000000000000000000 ) ) ;
#2402 = ORIENTED_EDGE ( 'NONE', *, *, #2385, .F. ) ;
#2403 = EDGE_CURVE ( 'E183', #843, #2740, #1498, .T. ) ;
#2404 = EDGE_CURVE ( 'E576', #1118, #2477, #1492, .T. ) ;
#2405 = CARTESIAN_POINT ( 'NONE',  ( -6.400000000000000400, 78.84399847396360900, 15.50000000000000000 ) ) ;
#2406 = ORIENTED_EDGE ( 'NONE', *, *, #1354, .T. ) ;
#2407 = DIRECTION ( 'NONE',  ( 0.06162841671621927000, 0.7044160264027586900, 0.7071067811865476800 ) ) ;
#2408 = CARTESIAN_POINT ( 'NONE',  ( -5.205943304866109700, 40.90340648698315100, -15.50000000000000000 ) ) ;
#2409 = EDGE_CURVE ( 'E319', #1392, #1796, #1502, .T. ) ;
#2410 = EDGE_LOOP ( 'NONE', ( #2572, #2191, #2033, #425 ) ) ;
#2411 = CARTESIAN_POINT ( 'NONE',  ( 17.74529946162074600, -12.91955080756886100, -18.37731840967680000 ) ) ;
#2412 = CARTESIAN_POINT ( 'NONE',  ( 6.319450186463002200, 32.23981516229223100, 28.54367576331093700 ) ) ;
#2413 = ORIENTED_EDGE ( 'NONE', *, *, #2376, .T. ) ;
#2414 = ADVANCED_FACE ( 'E642', ( #1467, #1424 ), #1981, .T. ) ;
#2415 = EDGE_CURVE ( 'E108', #637, #1276, #1408, .T. ) ;
#2416 = EDGE_CURVE ( 'E427', #2936, #537, #1481, .T. ) ;
#2417 = CARTESIAN_POINT ( 'NONE',  ( 7.844319566799342200, 32.37744920925656100, 28.25030318607715400 ) ) ;
#2418 = EDGE_LOOP ( 'NONE', ( #1256 ) ) ;
#2419 = PERSON_AND_ORGANIZATION ( #2817, #1603 ) ;
#2420 = CARTESIAN_POINT ( 'NONE',  ( 7.449025425569013600, 32.39393132842384700, 28.26699075771110600 ) ) ;
#2421 = ORIENTED_EDGE ( 'NONE', *, *, #2415, .F. ) ;
#2422 = EDGE_CURVE ( 'E103', #1535, #1276, #1417, .T. ) ;
#2423 = COORDINATED_UNIVERSAL_TIME_OFFSET ( 3, 0, .BEHIND. ) ;
#2424 = DIRECTION ( 'NONE',  ( -0.06162841671621931800, -0.7044160264027589100, 0.7071067811865473500 ) ) ;
#2425 = EDGE_LOOP ( 'NONE', ( #406 ) ) ;
#2426 = CARTESIAN_POINT ( 'NONE',  ( 20.05470053837924700, 24.00000000000000000, -2.000000000000000000 ) ) ;
#2427 = EDGE_CURVE ( 'E382', #1404, #2729, #1400, .T. ) ;
#2428 = EDGE_CURVE ( 'E570', #1796, #2322, #1378, .T. ) ;
#2429 = ORIENTED_EDGE ( 'NONE', *, *, #2422, .T. ) ;
#2430 = DIRECTION ( 'NONE',  ( -1.000000000000000000, 0.0000000000000000000, -6.123031769111888800E-017 ) ) ;
#2431 = FACE_BOUND ( 'NONE', #503, .T. ) ;
#2432 = B_SPLINE_CURVE_WITH_KNOTS ( 'NONE', 3,
 ( #1089, #1086, #1084, #1093, #1099, #1101, #1104, #1107, #1112, #1114 ),
 .UNSPECIFIED., .F., .F.,
 ( 4, 2, 2, 2, 4 ),
 ( 0.01571535391065751900, 0.01643424286014529700, 0.01715313180963307800, 0.01787202075912085900, 0.01859090970860863600 ),
 .UNSPECIFIED. ) ;
#2433 = CARTESIAN_POINT ( 'NONE',  ( 19.16520223171524900, 17.03672503740079900, 3.999999999999999100 ) ) ;
#2434 = CARTESIAN_POINT ( 'NONE',  ( 16.59059892324150100, -12.00000000000000000, -20.78460969082655300 ) ) ;
#2435 = ORIENTED_EDGE ( 'NONE', *, *, #2309, .F. ) ;
#2436 = EDGE_CURVE ( 'E376', #1404, #821, #1382, .T. ) ;
#2437 = EDGE_LOOP ( 'NONE', ( #422, #417 ) ) ;
#2438 = EDGE_CURVE ( 'E219', #1276, #892, #1368, .T. ) ;
#2439 = VERTEX_POINT ( 'NONE', #2434 ) ;
#2440 = CARTESIAN_POINT ( 'NONE',  ( -6.400000000000000400, 20.42307692307690200, -40.09860258156239600 ) ) ;
#2441 = EDGE_CURVE ( 'E240', #811, #892, #1363, .T. ) ;
#2442 = DIRECTION ( 'NONE',  ( 0.0000000000000000000, -1.000000000000000000, 0.0000000000000000000 ) ) ;
#2443 = CARTESIAN_POINT ( 'NONE',  ( -6.400000000000000400, 0.0000000000000000000, 0.0000000000000000000 ) ) ;
#2444 = FACE_OUTER_BOUND ( 'NONE', #2850, .T. ) ;
#2445 = CARTESIAN_POINT ( 'NONE',  ( 20.05470053837924700, 24.00000000000000000, 2.000000000000000000 ) ) ;
#2446 = CARTESIAN_POINT ( 'NONE',  ( 7.253902572416050600, 32.38921821578999500, 28.28997238327090400 ) ) ;
#2447 = EDGE_CURVE ( 'E282', #1128, #2905, #1357, .T. ) ;
#2448 = CARTESIAN_POINT ( 'NONE',  ( 9.153540935652676700, 28.37285983891612400, 32.16705980632108500 ) ) ;
#2449 = EDGE_LOOP ( 'NONE', ( #435 ) ) ;
#2450 = DIRECTION ( 'NONE',  ( 1.000000000000000000, 0.0000000000000000000, 0.0000000000000000000 ) ) ;
#2451 = EDGE_CURVE ( 'E555', #1671, #2322, #1325, .T. ) ;
#2452 = CARTESIAN_POINT ( 'NONE',  ( -20.00000000000000000, 0.0000000000000000000, 0.0000000000000000000 ) ) ;
#2453 = EDGE_LOOP ( 'NONE', ( #500, #2753 ) ) ;
#2454 = CARTESIAN_POINT ( 'NONE',  ( -20.00000000000000000, 65.00000000000000000, 0.0000000000000000000 ) ) ;
#2455 = DIRECTION ( 'NONE',  ( 0.0000000000000000000, 0.0000000000000000000, 1.000000000000000000 ) ) ;
#2456 = EDGE_CURVE ( 'NONE', #72, #72, #1373, .T. ) ;
#2457 = FACE_OUTER_BOUND ( 'NONE', #2844, .T. ) ;
#2458 = CARTESIAN_POINT ( 'NONE',  ( 8.978000318945634100, 28.30935503249782700, 32.23669247730706600 ) ) ;
#2459 = DIRECTION ( 'NONE',  ( -6.123031769111888800E-017, 1.000000000000000000, 0.0000000000000000000 ) ) ;
#2460 = ORIENTED_EDGE ( 'NONE', *, *, #2324, .T. ) ;
#2461 = EDGE_CURVE ( 'NONE', #59, #59, #1315, .T. ) ;
#2462 = CARTESIAN_POINT ( 'NONE',  ( 18.89999999999999900, 25.00000000000000000, 0.0000000000000000000 ) ) ;
#2463 = CARTESIAN_POINT ( 'NONE',  ( -19.00000000000000000, 72.03461538461539200, -13.81174088920481900 ) ) ;
#2464 = EDGE_LOOP ( 'NONE', ( #820 ) ) ;
#2465 = DIRECTION ( 'NONE',  ( 1.000000000000000000, 0.0000000000000000000, 0.0000000000000000000 ) ) ;
#2466 = CARTESIAN_POINT ( 'NONE',  ( -6.400000000000000400, 42.24630161327735300, 15.50000000000000000 ) ) ;
#2467 = EDGE_LOOP ( 'NONE', ( #2621, #415 ) ) ;
#2468 = EDGE_CURVE ( 'NONE', #56, #56, #1291, .T. ) ;
#2469 = ORIENTED_EDGE ( 'NONE', *, *, #2387, .F. ) ;
#2470 = CARTESIAN_POINT ( 'NONE',  ( 10.34384684832362600, 31.14994887259531400, 29.38372510273816100 ) ) ;
#2471 = ADVANCED_FACE ( 'E1545', ( #1317 ), #1309, .T. ) ;
#2472 = EDGE_CURVE ( 'E418', #2832, #2936, #1347, .T. ) ;
#2473 = ORIENTED_EDGE ( 'NONE', *, *, #2394, .F. ) ;
#2474 = CARTESIAN_POINT ( 'NONE',  ( 6.100535677937389600, 26.55485372531358800, 23.52919905286645300 ) ) ;
#2475 = CARTESIAN_POINT ( 'NONE',  ( 6.388207657919066300, 26.61474797145454800, 23.38701673228826300 ) ) ;
#2476 = CARTESIAN_POINT ( 'NONE',  ( 15.05787598208719700, 23.97181739282997600, 1.183929179973544100 ) ) ;
#2477 = VERTEX_POINT ( 'NONE', #711 ) ;
#2478 = ORIENTED_EDGE ( 'NONE', *, *, #2854, .F. ) ;
#2479 = EDGE_CURVE ( 'E409', #1118, #2832, #1288, .T. ) ;
#2480 = EDGE_CURVE ( 'E225', #637, #811, #1283, .T. ) ;
#2481 = CARTESIAN_POINT ( 'NONE',  ( 6.701913977052980100, 26.62881357281963100, 23.28291644586797600 ) ) ;
#2482 = CYLINDRICAL_SURFACE ( 'NONE', #1777, 4.000000000000000900 ) ;
#2483 = CARTESIAN_POINT ( 'NONE',  ( 9.630000482742554300, 28.60872437098101900, 31.91974132011164800 ) ) ;
#2484 = CARTESIAN_POINT ( 'NONE',  ( 7.173952635795181700, 26.58271039140085200, 23.19309815862347400 ) ) ;
#2485 = EDGE_CURVE ( 'NONE', #55, #55, #1235, .T. ) ;
#2486 = EDGE_CURVE ( 'E361', #2367, #1404, #1226, .T. ) ;
#2487 = FACE_OUTER_BOUND ( 'NONE', #2646, .T. ) ;
#2488 = CARTESIAN_POINT ( 'NONE',  ( 7.333580331180861800, 26.55602275002574000, 23.17374905970231000 ) ) ;
#2489 = CARTESIAN_POINT ( 'NONE',  ( 7.649238613402292900, 26.48073516300714300, 23.15785404820002900 ) ) ;
#2490 = CARTESIAN_POINT ( 'NONE',  ( 9.906111309104829800, 31.61307695343138500, 28.92302665202968000 ) ) ;
#2491 = FACE_OUTER_BOUND ( 'NONE', #2654, .T. ) ;
#2492 = EDGE_CURVE ( 'E355', #1224, #821, #1232, .T. ) ;
#2493 = CARTESIAN_POINT ( 'NONE',  ( 9.478495699069698700, 28.52230266446848700, 32.00887446079092100 ) ) ;
#2494 = EDGE_CURVE ( 'E334', #1796, #652, #1211, .T. ) ;
#2495 = CARTESIAN_POINT ( 'NONE',  ( 7.802982653020655400, 26.43287212565845900, 23.16123300742651400 ) ) ;
#2496 = FACE_OUTER_BOUND ( 'NONE', #2453, .T. ) ;
#2497 = CARTESIAN_POINT ( 'NONE',  ( 8.102471496395372300, 26.31713624363606000, 23.19017630599332900 ) ) ;
#2498 = EDGE_CURVE ( 'E329', #643, #652, #1206, .T. ) ;
#2499 = ADVANCED_FACE ( 'E1382', ( #1165 ), #1148, .F. ) ;
#2500 = CIRCLE ( 'NONE', #1804, 24.00000000000000000 ) ;
#2501 = CARTESIAN_POINT ( 'NONE',  ( 22.64455625708840000, -10.76129297151215900, -21.45214612996289800 ) ) ;
#2502 = CARTESIAN_POINT ( 'NONE',  ( 8.249565760329771200, 26.24836818343042600, 23.21624253539585300 ) ) ;
#2503 = CIRCLE ( 'NONE', #1766, 31.07106781186550400 ) ;
#2504 = DIRECTION ( 'NONE',  ( 0.0000000000000000000, 0.0000000000000000000, 1.000000000000000000 ) ) ;
#2505 = EDGE_CURVE ( 'E597', #2322, #1778, #1001, .T. ) ;
#2506 = FACE_OUTER_BOUND ( 'NONE', #708, .T. ) ;
#2507 = CARTESIAN_POINT ( 'NONE',  ( -5.000000000000000000, 40.89037444656910500, -15.50000000000000000 ) ) ;
#2508 = CARTESIAN_POINT ( 'NONE',  ( 8.524477056189130800, 26.09532886797102000, 23.28933634048418700 ) ) ;
#2509 = EDGE_CURVE ( 'E625', #1179, #2384, #1229, .T. ) ;
#2510 = CARTESIAN_POINT ( 'NONE',  ( -6.400000000000000400, -72.03461538461539200, -13.81174088920481900 ) ) ;
#2511 = ORIENTED_EDGE ( 'NONE', *, *, #1116, .F. ) ;
#2512 = DIRECTION ( 'NONE',  ( 2.778914418289240500E-017, -0.8910800573680532900, -0.4538461538461540700 ) ) ;
#2513 = CARTESIAN_POINT ( 'NONE',  ( 20.05470053837924700, -13.73205080756885900, -19.78460969082654900 ) ) ;
#2514 = ADVANCED_FACE ( 'E1588', ( #1267, #1149 ), #1145, .F. ) ;
#2515 = ORIENTED_EDGE ( 'NONE', *, *, #2875, .F. ) ;
#2516 = EDGE_CURVE ( 'NONE', #45, #45, #1173, .T. ) ;
#2517 = CARTESIAN_POINT ( 'NONE',  ( 8.653273197602604900, 26.01092182401284300, 23.33621737348771700 ) ) ;
#2518 = DIRECTION ( 'NONE',  ( -1.000000000000000000, 0.0000000000000000000, 0.0000000000000000000 ) ) ;
#2519 = CIRCLE ( 'NONE', #1789, 31.07106781186550400 ) ;
#2520 = CARTESIAN_POINT ( 'NONE',  ( -6.400000000000000400, -20.42307692307690200, 40.09860258156239600 ) ) ;
#2521 = CARTESIAN_POINT ( 'NONE',  ( 8.893307446061975000, 25.82612128320900200, 23.45094400242181000 ) ) ;
#2522 = LINE ( 'NONE', #1769, #2540 ) ;
#2523 = EDGE_CURVE ( 'E670', #2832, #448, #1154, .T. ) ;
#2524 = DIRECTION ( 'NONE',  ( -6.123031769111888800E-017, 1.000000000000000000, 0.0000000000000000000 ) ) ;
#2525 = CARTESIAN_POINT ( 'NONE',  ( 9.003834343065358700, 25.72588105965194000, 23.51884213647425900 ) ) ;
#2526 = EDGE_LOOP ( 'NONE', ( #433 ) ) ;
#2527 = EDGE_LOOP ( 'NONE', ( #1463, #1459, #1456, #1452, #1449, #1444, #1440, #1439 ) ) ;
#2528 = EDGE_CURVE ( 'E695', #761, #2936, #1157, .T. ) ;
#2529 = ORIENTED_EDGE ( 'NONE', *, *, #2349, .F. ) ;
#2530 = CARTESIAN_POINT ( 'NONE',  ( 9.197468921050770500, 25.51776940961928700, 23.67014859304694200 ) ) ;
#2531 = ORIENTED_EDGE ( 'NONE', *, *, #938, .F. ) ;
#2532 = CARTESIAN_POINT ( 'NONE',  ( 9.282049272256637500, 25.40875629823633400, 23.75426857750060000 ) ) ;
#2533 = CARTESIAN_POINT ( 'NONE',  ( 18.90000000000000600, 17.03672503740079900, 4.000000000000000000 ) ) ;
#2534 = EDGE_CURVE ( 'NONE', #38, #38, #1201, .T. ) ;
#2535 = EDGE_CURVE ( 'NONE', #31, #31, #1087, .T. ) ;
#2536 = CIRCLE ( 'NONE', #1813, 31.07106781186550400 ) ;
#2537 = CARTESIAN_POINT ( 'NONE',  ( 9.424897518922126200, 25.18131396957949900, 23.93949340506337400 ) ) ;
#2538 = B_SPLINE_CURVE_WITH_KNOTS ( 'NONE', 3,
 ( #1250, #1233, #1335, #1351 ),
 .UNSPECIFIED., .F., .F.,
 ( 4, 4 ),
 ( 0.08295827851816221800, 0.08316463371477217400 ),
 .UNSPECIFIED. ) ;
#2539 = CARTESIAN_POINT ( 'NONE',  ( 9.481009647787807600, 25.06638633554007400, 24.03773421543089800 ) ) ;
#2540 = VECTOR ( 'NONE', #916, 1000.000000000000000 ) ;
#2541 = EDGE_CURVE ( 'E744', #1066, #2905, #1113, .T. ) ;
#2542 = EDGE_CURVE ( 'E754', #1128, #757, #1102, .T. ) ;
#2543 = CARTESIAN_POINT ( 'NONE',  ( 19.42579109344518100, 17.04291522522886000, 3.973888118129392600 ) ) ;
#2544 = VERTEX_POINT ( 'NONE', #2821 ) ;
#2545 = CARTESIAN_POINT ( 'NONE',  ( 9.563657362531605700, 24.83420635071043800, 24.24509407814541000 ) ) ;
#2546 = CARTESIAN_POINT ( 'NONE',  ( 5.530453248759940300, -31.01522925124124800, 17.42038002448430200 ) ) ;
#2547 = CARTESIAN_POINT ( 'NONE',  ( 19.93817723141774300, 17.06640896803499500, 3.871747807582775800 ) ) ;
#2548 = EDGE_CURVE ( 'NONE', #4, #4, #1072, .T. ) ;
#2549 = CARTESIAN_POINT ( 'NONE',  ( 9.590208453973279000, 24.71561683555573900, 24.35554067305870500 ) ) ;
#2550 = CARTESIAN_POINT ( 'NONE',  ( 9.610950871288556700, 24.48386584946095500, 24.58040096591106400 ) ) ;
#2551 = CARTESIAN_POINT ( 'NONE',  ( 20.19268492249256000, 17.08399707789310500, 3.794419721044919800 ) ) ;
#2552 = FACE_BOUND ( 'NONE', #1783, .T. ) ;
#2553 = CARTESIAN_POINT ( 'NONE',  ( 9.605604442377773100, 24.37070228945371400, 24.69468286886376900 ) ) ;
#2554 = EDGE_CURVE ( 'NONE', #149, #149, #1506, .T. ) ;
#2555 = CARTESIAN_POINT ( 'NONE',  ( 20.67662464132985900, 17.12741419376553500, 3.593363356538517000 ) ) ;
#2556 = VERTEX_POINT ( 'NONE', #2781 ) ;
#2557 = ADVANCED_FACE ( 'E1406', ( #1033, #1047 ), #1032, .F. ) ;
#2558 = DIRECTION ( 'NONE',  ( 0.0000000000000000000, 0.0000000000000000000, -1.000000000000000000 ) ) ;
#2559 = DIRECTION ( 'NONE',  ( 1.000000000000000000, 0.0000000000000000000, 6.123031769111888800E-017 ) ) ;
#2560 = EDGE_CURVE ( 'NONE', #2027, #2027, #1052, .T. ) ;
#2561 = EDGE_LOOP ( 'NONE', ( #495, #490, #467, #462, #444, #437 ) ) ;
#2562 = CARTESIAN_POINT ( 'NONE',  ( 20.90601148506038600, 17.15306838971060400, 3.470459727852759400 ) ) ;
#2563 = CARTESIAN_POINT ( 'NONE',  ( 21.34013450386600000, 17.20923965493107800, 3.180238419346062900 ) ) ;
#2564 = DIRECTION ( 'NONE',  ( -1.000000000000000000, 0.0000000000000000000, 0.0000000000000000000 ) ) ;
#2565 = VERTEX_POINT ( 'NONE', #2445 ) ;
#2566 = CARTESIAN_POINT ( 'NONE',  ( 9.563572235681919100, 24.14978185495336800, 24.92693826424388000 ) ) ;
#2567 = CARTESIAN_POINT ( 'NONE',  ( 21.54496925427911300, 17.23986626642368200, 3.011928479225826700 ) ) ;
#2568 = EDGE_CURVE ( 'NONE', #3005, #3005, #1044, .T. ) ;
#2569 = CARTESIAN_POINT ( 'NONE',  ( 6.300000000000001600, -26.90833404778450300, 15.53553390593275700 ) ) ;
#2570 = ORIENTED_EDGE ( 'NONE', *, *, #2834, .F. ) ;
#2571 = CARTESIAN_POINT ( 'NONE',  ( 21.91255467155698600, 17.30007549628646400, 2.644256014635042500 ) ) ;
#2572 = ORIENTED_EDGE ( 'NONE', *, *, #2906, .F. ) ;
#2573 = EDGE_CURVE ( 'NONE', #981, #981, #1029, .T. ) ;
#2574 = CARTESIAN_POINT ( 'NONE',  ( 9.526340495998187700, 24.04186695931005200, 25.04522726299362000 ) ) ;
#2575 = EDGE_CURVE ( 'NONE', #36, #36, #1011, .T. ) ;
#2576 = CARTESIAN_POINT ( 'NONE',  ( -5.068647762847075600, 40.89471854664122900, -15.50000000000000000 ) ) ;
#2577 = CARTESIAN_POINT ( 'NONE',  ( 22.07782628095533500, 17.32997343514328000, 2.443467679300499900 ) ) ;
#2578 = ORIENTED_EDGE ( 'NONE', *, *, #2060, .F. ) ;
#2579 = CARTESIAN_POINT ( 'NONE',  ( -10.00000000000000000, 0.0000000000000000000, -144.0000000000000000 ) ) ;
#2580 = EDGE_CURVE ( 'NONE', #1473, #1473, #1091, .T. ) ;
#2581 = EDGE_LOOP ( 'NONE', ( #822, #2515, #1477, #2413 ) ) ;
#2582 = DIRECTION ( 'NONE',  ( -1.000000000000000000, 0.0000000000000000000, 0.0000000000000000000 ) ) ;
#2583 = FACE_OUTER_BOUND ( 'NONE', #1784, .T. ) ;
#2584 = DIRECTION ( 'NONE',  ( 0.0000000000000000000, -1.000000000000000000, 0.0000000000000000000 ) ) ;
#2585 = ADVANCED_FACE ( 'E821', ( #1014, #986 ), #977, .F. ) ;
#2586 = EDGE_LOOP ( 'NONE', ( #405, #401, #399, #2990, #395, #573 ) ) ;
#2587 = CARTESIAN_POINT ( 'NONE',  ( 22.37029743379504900, 17.38598181495211000, 2.006526823322349000 ) ) ;
#2588 = EDGE_CURVE ( 'E860', #1260, #2680, #984, .T. ) ;
#2589 = CARTESIAN_POINT ( 'NONE',  ( -6.400000000000000400, 42.24630161327735300, -15.50000000000000000 ) ) ;
#2590 = CARTESIAN_POINT ( 'NONE',  ( 9.371832232000706100, 23.74069018485029000, 25.39000089250923900 ) ) ;
#2591 = CARTESIAN_POINT ( 'NONE',  ( 22.90015881317523800, 17.50003630014792900, -0.2594032111742384800 ) ) ;
#2592 = EDGE_LOOP ( 'NONE', ( #1588, #2379, #533, #458 ) ) ;
#2593 = CARTESIAN_POINT ( 'NONE',  ( 4.960303482222506100, 31.37330259326005700, 29.61118662481039000 ) ) ;
#2594 = EDGE_CURVE ( 'E863', #1260, #2680, #1130, .T. ) ;
#2595 = EDGE_CURVE ( 'NONE', #100, #100, #1000, .T. ) ;
#2596 = CARTESIAN_POINT ( 'NONE',  ( 9.207201509717167600, 23.56190290706238600, 25.61577050590142300 ) ) ;
#2597 = ORIENTED_EDGE ( 'NONE', *, *, #76, .T. ) ;
#2598 = CARTESIAN_POINT ( 'NONE',  ( 22.87397702327387000, 17.49399901901991300, -0.5254547100108309900 ) ) ;
#2599 = FACE_BOUND ( 'NONE', #2717, .T. ) ;
#2600 = ADVANCED_FACE ( 'E1431', ( #1062, #993 ), #970, .T. ) ;
#2601 = ORIENTED_EDGE ( 'NONE', *, *, #2534, .F. ) ;
#2602 = CARTESIAN_POINT ( 'NONE',  ( 22.77153084000455900, 17.47101197243787500, -1.039155902006422700 ) ) ;
#2603 = ADVANCED_FACE ( 'E1439', ( #974, #957 ), #965, .T. ) ;
#2604 = ADVANCED_FACE ( 'E554', ( #945 ), #2110, .T. ) ;
#2605 = EDGE_CURVE ( 'E881', #2556, #1358, #939, .T. ) ;
#2606 = FACE_BOUND ( 'NONE', #2819, .T. ) ;
#2607 = CARTESIAN_POINT ( 'NONE',  ( 16.59059892324150100, 24.00000000000000000, -5.551115123125779700E-016 ) ) ;
#2608 = CARTESIAN_POINT ( 'NONE',  ( 22.69574204716712300, 17.45416832321068400, -1.288940493473951900 ) ) ;
#2609 = CARTESIAN_POINT ( 'NONE',  ( 22.49454027718281400, 17.41152072538835700, -1.774346493799848100 ) ) ;
#2610 = VERTEX_POINT ( 'NONE', #1976 ) ;
#2611 = EDGE_CURVE ( 'E888', #562, #2556, #923, .T. ) ;
#2612 = CARTESIAN_POINT ( 'NONE',  ( 22.36970992539580600, 17.38587809562891100, -2.007174249528671500 ) ) ;
#2613 = EDGE_LOOP ( 'NONE', ( #436 ) ) ;
#2614 = CARTESIAN_POINT ( 'NONE',  ( 8.892732976696816400, 23.35204037331475400, 25.91577497049996700 ) ) ;
#2615 = EDGE_CURVE ( 'E895', #2439, #562, #926, .T. ) ;
#2616 = EDGE_CURVE ( 'E902', #1623, #2439, #956, .T. ) ;
#2617 = CARTESIAN_POINT ( 'NONE',  ( 22.08059662123200800, 17.33049523402811000, -2.439557453180537700 ) ) ;
#2618 = ORIENTED_EDGE ( 'NONE', *, *, #2369, .T. ) ;
#2619 = CARTESIAN_POINT ( 'NONE',  ( 18.89999999999999900, -12.50000000000000000, -21.65063509461095100 ) ) ;
#2620 = CARTESIAN_POINT ( 'NONE',  ( 8.775265453327026700, 23.29057547236971400, 26.01096243678484800 ) ) ;
#2621 = ORIENTED_EDGE ( 'NONE', *, *, #2754, .F. ) ;
#2622 = CARTESIAN_POINT ( 'NONE',  ( 21.91424081460951000, 17.30035110179969800, -2.642576739311706100 ) ) ;
#2623 = EDGE_CURVE ( 'E909', #1277, #1623, #908, .T. ) ;
#2624 = CYLINDRICAL_SURFACE ( 'NONE', #1822, 4.000000000000001800 ) ;
#2625 = EDGE_CURVE ( 'E922', #1260, #1634, #852, .T. ) ;
#2626 = ORIENTED_EDGE ( 'NONE', *, *, #2303, .F. ) ;
#2627 = CARTESIAN_POINT ( 'NONE',  ( 8.521426683549195900, 23.18860849402568600, 26.18587557990053900 ) ) ;
#2628 = EDGE_LOOP ( 'NONE', ( #638, #626, #615, #611 ) ) ;
#2629 = EDGE_CURVE ( 'E927', #2722, #1634, #904, .T. ) ;
#2630 = ORIENTED_EDGE ( 'NONE', *, *, #304, .F. ) ;
#2631 = EDGE_LOOP ( 'NONE', ( #524, #518, #505, #502 ) ) ;
#2632 = CARTESIAN_POINT ( 'NONE',  ( 8.386859394316427800, 23.14855593291573800, 26.26463250494864700 ) ) ;
#2633 = EDGE_CURVE ( 'E932', #2722, #2680, #808, .T. ) ;
#2634 = DIRECTION ( 'NONE',  ( 0.0000000000000000000, 0.8660254037844386000, -0.5000000000000002200 ) ) ;
#2635 = CIRCLE ( 'NONE', #1838, 31.07106781186550400 ) ;
#2636 = EDGE_CURVE ( 'E946', #2722, #1634, #619, .T. ) ;
#2637 = ORIENTED_EDGE ( 'NONE', *, *, #2316, .T. ) ;
#2638 = VERTEX_POINT ( 'NONE', #1901 ) ;
#2639 = EDGE_CURVE ( 'E950', #1500, #2025, #781, .T. ) ;
#2640 = EDGE_CURVE ( 'E955', #2556, #1500, #832, .T. ) ;
#2641 = CARTESIAN_POINT ( 'NONE',  ( 8.102835152688078000, 23.08972149526874100, 26.40520396926813300 ) ) ;
#2642 = ORIENTED_EDGE ( 'NONE', *, *, #2999, .T. ) ;
#2643 = CARTESIAN_POINT ( 'NONE',  ( 21.54317234669131400, 17.23957251823252100, -3.013718543144912500 ) ) ;
#2644 = EDGE_CURVE ( 'E965', #1358, #2025, #785, .T. ) ;
#2645 = CARTESIAN_POINT ( 'NONE',  ( 7.951741577987971400, 23.07100055354366900, 26.46742922077447700 ) ) ;
#2646 = EDGE_LOOP ( 'NONE', ( #571, #566, #555, #534 ) ) ;
#2647 = CIRCLE ( 'NONE', #1828, 41.35847352334289400 ) ;
#2648 = B_SPLINE_CURVE_WITH_KNOTS ( 'NONE', 3,
 ( #1508, #1464, #1519, #1522, #1523, #1526, #1527, #1531, #1532, #1536, #1542, #1544, #1547, #1548, #1553, #1555, #1556, #1563 ),
 .UNSPECIFIED., .T., .F.,
 ( 4, 2, 2, 2, 2, 2, 2, 2, 4 ),
 ( 0.0000000000000000000, 0.0003934165378006929200, 0.0007868330756013858500, 0.001180249613402078700, 0.001573666151202771700, 0.001967082689003464700, 0.002360499226804157300, 0.002753915764604850400, 0.003147332302405543400 ),
 .UNSPECIFIED. ) ;
#2649 = CARTESIAN_POINT ( 'NONE',  ( -5.000000000000000000, -40.89037444656910500, -15.50000000000000000 ) ) ;
#2650 = CARTESIAN_POINT ( 'NONE',  ( 21.34219376825874200, 17.20954278709239200, -3.178582586552415500 ) ) ;
#2651 = EDGE_CURVE ( 'E971', #2025, #1994, #762, .T. ) ;
#2652 = CARTESIAN_POINT ( 'NONE',  ( 20.90984262653019200, 17.15352791476026400, -3.468173911129345000 ) ) ;
#2653 = CARTESIAN_POINT ( 'NONE',  ( 20.67563023474063800, 17.12731753173718000, -3.593817257344516400 ) ) ;
#2654 = EDGE_LOOP ( 'NONE', ( #696, #691 ) ) ;
#2655 = EDGE_CURVE ( 'E986', #1277, #1994, #741, .T. ) ;
#2656 = CARTESIAN_POINT ( 'NONE',  ( 7.645794317824029700, 23.05677588840453000, 26.56977578194512900 ) ) ;
#2657 = ORIENTED_EDGE ( 'NONE', *, *, #2733, .T. ) ;
#2658 = CARTESIAN_POINT ( 'NONE',  ( 7.490185009512116700, 23.06086715740744400, 26.61051919557791800 ) ) ;
#2659 = CARTESIAN_POINT ( 'NONE',  ( 20.19261454936854600, 17.08399822862511600, -3.794408100939217200 ) ) ;
#2660 = FACE_BOUND ( 'NONE', #2690, .T. ) ;
#2661 = CARTESIAN_POINT ( 'NONE',  ( 7.173664682715015700, 23.09158019741656500, 26.67102653428961600 ) ) ;
#2662 = CARTESIAN_POINT ( 'NONE',  ( 19.94329387122411400, 17.06670475176853000, -3.870450630591650000 ) ) ;
#2663 = FACE_OUTER_BOUND ( 'NONE', #2527, .T. ) ;
#2664 = EDGE_CURVE ( 'E992', #1994, #1241, #769, .T. ) ;
#2665 = CARTESIAN_POINT ( 'NONE',  ( 19.42873925621849200, 17.04299017729491800, -3.973573326933149000 ) ) ;
#2666 = FACE_OUTER_BOUND ( 'NONE', #2286, .T. ) ;
#2667 = CARTESIAN_POINT ( 'NONE',  ( 7.013019043212186600, 23.11848239486428700, 26.69043386945809400 ) ) ;
#2668 = EDGE_LOOP ( 'NONE', ( #730, #728, #712, #702 ) ) ;
#2669 = CARTESIAN_POINT ( 'NONE',  ( 6.700103092226301600, 23.19284491927323400, 26.70630052227569400 ) ) ;
#2670 = EDGE_CURVE ( 'E1007', #1623, #1241, #706, .T. ) ;
#2671 = EDGE_LOOP ( 'NONE', ( #1189 ) ) ;
#2672 = CYLINDRICAL_SURFACE ( 'NONE', #1829, 45.00000000000000000 ) ;
#2673 = CARTESIAN_POINT ( 'NONE',  ( 19.16320010735531900, 17.03675086088197000, -3.999890013102928200 ) ) ;
#2674 = CARTESIAN_POINT ( 'NONE',  ( 6.546076164914982300, 23.24041245791609700, 26.70315879698926400 ) ) ;
#2675 = FACE_OUTER_BOUND ( 'NONE', #1330, .T. ) ;
#2676 = EDGE_CURVE ( 'E1013', #1241, #2638, #698, .T. ) ;
#2677 = VERTEX_POINT ( 'NONE', #184 ) ;
#2678 = CARTESIAN_POINT ( 'NONE',  ( 18.64015364130295900, 17.03669937896945200, -4.000109283920162200 ) ) ;
#2679 = CARTESIAN_POINT ( 'NONE',  ( 18.37959850456523400, 17.04269901547490600, -3.974822489610663200 ) ) ;
#2680 = VERTEX_POINT ( 'NONE', #1611 ) ;
#2681 = CARTESIAN_POINT ( 'NONE',  ( 6.243082407112782000, 23.35716509329803600, 26.67383240126123300 ) ) ;
#2682 = EDGE_CURVE ( 'E1028', #2439, #2638, #688, .T. ) ;
#2683 = CARTESIAN_POINT ( 'NONE',  ( 17.86048816208290900, 17.06643949032100200, -3.871620678630034900 ) ) ;
#2684 = CARTESIAN_POINT ( 'NONE',  ( 6.098380562548452800, 23.42476236107070200, 26.64800512435435600 ) ) ;
#2685 = CONICAL_SURFACE ( 'NONE', #1873, 4.000000000000001800, 0.7853981633974547200 ) ;
#2686 = CARTESIAN_POINT ( 'NONE',  ( 17.60971329286213600, 17.08383107685178400, -3.795147148260241000 ) ) ;
#2687 = EDGE_CURVE ( 'E1034', #2638, #786, #684, .T. ) ;
#2688 = EDGE_LOOP ( 'NONE', ( #2182, #2171, #2151, #2145 ) ) ;
#2689 = CARTESIAN_POINT ( 'NONE',  ( 5.824134036463657800, 23.57686023312906800, 26.57512066837555800 ) ) ;
#2690 = EDGE_LOOP ( 'NONE', ( #1496 ) ) ;
#2691 = CARTESIAN_POINT ( 'NONE',  ( 5.693010415347985500, 23.66248968327683500, 26.52739125285018300 ) ) ;
#2692 = EDGE_CURVE ( 'E1049', #562, #786, #668, .T. ) ;
#2693 = CARTESIAN_POINT ( 'NONE',  ( 5.452702300273345200, 23.84712863910078100, 26.41228436877447200 ) ) ;
#2694 = EDGE_CURVE ( 'E1055', #786, #1500, #655, .T. ) ;
#2695 = CIRCLE ( 'NONE', #1856, 24.00000000000000000 ) ;
#2696 = CARTESIAN_POINT ( 'NONE',  ( 17.12796472380403400, 17.12695400518938600, -3.595535098352063300 ) ) ;
#2697 = CARTESIAN_POINT ( 'NONE',  ( 5.344041871152911400, 23.94537527167511100, 26.34551733548631300 ) ) ;
#2698 = CARTESIAN_POINT ( 'NONE',  ( 16.89412324394249200, 17.15304862308209600, -3.470567544207376000 ) ) ;
#2699 = EDGE_LOOP ( 'NONE', ( #1615, #1605, #1601, #1592 ) ) ;
#2700 = PERSON_AND_ORGANIZATION ( #2817, #1603 ) ;
#2701 = EDGE_LOOP ( 'NONE', ( #2057, #1992, #1985, #1967 ) ) ;
#2702 = CARTESIAN_POINT ( 'NONE',  ( 16.45935537988003400, 17.20930799500803900, -3.179879632576815900 ) ) ;
#2703 = CARTESIAN_POINT ( 'NONE',  ( 16.25853163708140100, 17.23932159721965000, -3.015069657636528300 ) ) ;
#2704 = CARTESIAN_POINT ( 'NONE',  ( 5.149565590009806300, 24.15365645777384500, 26.19368088013638000 ) ) ;
#2705 = FACE_OUTER_BOUND ( 'NONE', #2410, .T. ) ;
#2706 = CARTESIAN_POINT ( 'NONE',  ( 5.063512938951262800, 24.26454677550204800, 26.10782645879138600 ) ) ;
#2707 = CARTESIAN_POINT ( 'NONE',  ( 15.88943540243658100, 17.29972118897197600, -2.646601775220100100 ) ) ;
#2708 = CARTESIAN_POINT ( 'NONE',  ( 4.922158854050340300, 24.48908553287226300, 25.92456437213519000 ) ) ;
#2709 = FACE_OUTER_BOUND ( 'NONE', #2265, .T. ) ;
#2710 = EDGE_CURVE ( 'NONE', #2055, #2055, #647, .T. ) ;
#2711 = EDGE_CURVE ( 'E1124', #450, #1505, #633, .T. ) ;
#2712 = CARTESIAN_POINT ( 'NONE',  ( 15.72101353956152700, 17.33019810846211300, -2.441669046302278100 ) ) ;
#2713 = TOROIDAL_SURFACE ( 'NONE', #1850, 41.35847352334289400, 1.260000000000000000 ) ;
#2714 = EDGE_LOOP ( 'NONE', ( #1574, #1567, #1562, #1549, #1545, #1543, #1540, #1520 ) ) ;
#2715 = CARTESIAN_POINT ( 'NONE',  ( 22.89983970153564700, 17.49996336035744400, 0.2642781084582953600 ) ) ;
#2716 = EDGE_CURVE ( 'E1127', #450, #1505, #2967, .T. ) ;
#2717 = EDGE_LOOP ( 'NONE', ( #1514 ) ) ;
#2718 = EDGE_LOOP ( 'NONE', ( #935 ) ) ;
#2719 = CARTESIAN_POINT ( 'NONE',  ( 4.865712552592468900, 24.60371921079997300, 25.82650288120642700 ) ) ;
#2720 = CARTESIAN_POINT ( 'NONE',  ( 4.782072131517823600, 24.83785195783156400, 25.61716816845905200 ) ) ;
#2721 = CARTESIAN_POINT ( 'NONE',  ( 15.43148400844344600, 17.38563817484351800, -2.009253459282399000 ) ) ;
#2722 = VERTEX_POINT ( 'NONE', #1501 ) ;
#2723 = CARTESIAN_POINT ( 'NONE',  ( 4.755807186930446100, 24.95548257142321800, 25.50749075593563100 ) ) ;
#2724 = EDGE_CURVE ( 'NONE', #1735, #1735, #641, .T. ) ;
#2725 = CARTESIAN_POINT ( 'NONE',  ( 15.30819337042163800, 17.41095363238334700, -1.779943513006321000 ) ) ;
#2726 = ORIENTED_EDGE ( 'NONE', *, *, #2716, .T. ) ;
#2727 = CARTESIAN_POINT ( 'NONE',  ( 4.734858251031537800, 25.18598901637090000, 25.28384803873594300 ) ) ;
#2728 = EDGE_CURVE ( 'E1138', #1163, #1217, #627, .T. ) ;
#2729 = VERTEX_POINT ( 'NONE', #1341 ) ;
#2730 = CARTESIAN_POINT ( 'NONE',  ( 4.740020701331483900, 25.30069614856964200, 25.16810229090282600 ) ) ;
#2731 = CARTESIAN_POINT ( 'NONE',  ( 4.782228348267132400, 25.52283174814020600, 24.93474977531965900 ) ) ;
#2732 = ORIENTED_EDGE ( 'NONE', *, *, #3013, .F. ) ;
#2733 = EDGE_CURVE ( 'E1152', #469, #2565, #622, .T. ) ;
#2734 = CARTESIAN_POINT ( 'NONE',  ( 4.818671573112199600, 25.62861550949688500, 24.81895345311413700 ) ) ;
#2735 = EDGE_LOOP ( 'NONE', ( #1085, #1083, #1069, #1058 ) ) ;
#2736 = CARTESIAN_POINT ( 'NONE',  ( 15.10593155727563700, 17.45380150204523400, -1.293954568638140200 ) ) ;
#2737 = ADVANCED_FACE ( 'E1339', ( #717 ), #1289, .T. ) ;
#2738 = EDGE_CURVE ( 'E1166', #816, #679, #609, .T. ) ;
#2739 = CARTESIAN_POINT ( 'NONE',  ( 4.921439471898629800, 25.82988553712028700, 24.58907126824218300 ) ) ;
#2740 = VERTEX_POINT ( 'NONE', #1246 ) ;
#2741 = CARTESIAN_POINT ( 'NONE',  ( 4.988776171387540300, 25.92618991597007400, 24.47388093390725700 ) ) ;
#2742 = CARTESIAN_POINT ( 'NONE',  ( 15.02916393608912100, 17.47085792263261100, -1.041511673496039700 ) ) ;
#2743 = EDGE_LOOP ( 'NONE', ( #1340, #1161, #1141, #1139, #1138 ) ) ;
#2744 = CARTESIAN_POINT ( 'NONE',  ( 5.148744697101325800, 26.10066009615123100, 24.25431981737421700 ) ) ;
#2745 = EDGE_CURVE ( 'E1173', #1217, #816, #625, .T. ) ;
#2746 = CARTESIAN_POINT ( 'NONE',  ( 5.241431633776454800, 26.17963025695754500, 24.14913211954142700 ) ) ;
#2747 = B_SPLINE_CURVE_WITH_KNOTS ( 'NONE', 3,
 ( #2046, #2068, #2073, #2079, #2096, #2099, #2102, #2103, #2108, #2109, #2112, #2114, #2116, #2119, #2124, #2125, #2136, #2141 ),
 .UNSPECIFIED., .T., .F.,
 ( 4, 2, 2, 2, 2, 2, 2, 2, 4 ),
 ( 0.0000000000000000000, 0.0003907693138654200500, 0.0007815386277308401000, 0.001172307941596260200, 0.001563077255461680200, 0.001953846569327104500, 0.002344615883192529500, 0.002735385197057954100, 0.003126154510923378600 ),
 .UNSPECIFIED. ) ;
#2748 = CARTESIAN_POINT ( 'NONE',  ( 14.92664511522203900, 17.49385760087039900, -0.5296879829792697800 ) ) ;
#2749 = VERTEX_POINT ( 'NONE', #1213 ) ;
#2750 = EDGE_CURVE ( 'E1250', #1217, #2610, #600, .T. ) ;
#2751 = CARTESIAN_POINT ( 'NONE',  ( 5.452319940823050700, 26.32096019627419600, 23.94797464711121300 ) ) ;
#2752 = CARTESIAN_POINT ( 'NONE',  ( 14.90015952854934900, 17.49996353633782000, -0.2663781756459336900 ) ) ;
#2753 = ORIENTED_EDGE ( 'NONE', *, *, #1355, .F. ) ;
#2754 = EDGE_CURVE ( 'E1186', #450, #830, #591, .T. ) ;
#2755 = EDGE_CURVE ( 'E1191', #2544, #830, #604, .T. ) ;
#2756 = CARTESIAN_POINT ( 'NONE',  ( 5.570407590863868400, 26.38279255201974400, 23.85256233625901200 ) ) ;
#2757 = CARTESIAN_POINT ( 'NONE',  ( 5.822037570567740500, 26.48435180729687800, 23.67929267209248300 ) ) ;
#2758 = EDGE_LOOP ( 'NONE', ( #1181, #1170, #1320, #673, #1333 ) ) ;
#2759 = CARTESIAN_POINT ( 'NONE',  ( 22.87421951818636500, 17.49405317494292000, 0.5243958010047156100 ) ) ;
#2760 = CARTESIAN_POINT ( 'NONE',  ( 5.956699687946551700, 26.52490660224310300, 23.60029021315554900 ) ) ;
#2761 = EDGE_LOOP ( 'NONE', ( #1136 ) ) ;
#2762 = EDGE_CURVE ( 'NONE', #1132, #1132, #579, .T. ) ;
#2763 = EDGE_LOOP ( 'NONE', ( #1135, #1123, #1108, #1100 ) ) ;
#2764 = CARTESIAN_POINT ( 'NONE',  ( 14.89984191912744100, 17.50003613276465600, 0.2615653982181563900 ) ) ;
#2765 = DIRECTION ( 'NONE',  ( -0.06162841671621931800, -0.7044160264027589100, 0.7071067811865473500 ) ) ;
#2766 = EDGE_LOOP ( 'NONE', ( #2895, #2915, #2920, #2912, #2642, #2637, #2626, #2618 ) ) ;
#2767 = CARTESIAN_POINT ( 'NONE',  ( 14.92556130183111800, 17.49410472702161800, 0.5218279454381737900 ) ) ;
#2768 = EDGE_LOOP ( 'NONE', ( #1096 ) ) ;
#2769 = CARTESIAN_POINT ( 'NONE',  ( 15.02741183796866800, 17.47124713084910400, 1.035146510131462700 ) ) ;
#2770 = DIRECTION ( 'NONE',  ( 0.06162841671621927000, 0.7044160264027586900, 0.7071067811865476800 ) ) ;
#2771 = CARTESIAN_POINT ( 'NONE',  ( 22.77110572681746000, 17.47091684077272700, 1.041130244804097100 ) ) ;
#2772 = EDGE_LOOP ( 'NONE', ( #1057, #1050, #1042, #1039, #1030 ) ) ;
#2773 = CARTESIAN_POINT ( 'NONE',  ( 7.643859077125810600, 30.21944753267834800, 30.33488091290290000 ) ) ;
#2774 = CARTESIAN_POINT ( 'NONE',  ( 6.100535677937389600, 26.55485372531358800, 23.52919905286645300 ) ) ;
#2775 = CARTESIAN_POINT ( 'NONE',  ( 15.10485834434403800, 17.45404051691312500, 1.290433221588935400 ) ) ;
#2776 = EDGE_LOOP ( 'NONE', ( #960 ) ) ;
#2777 = EDGE_CURVE ( 'E1196', #2544, #1505, #557, .T. ) ;
#2778 = EDGE_LOOP ( 'NONE', ( #552 ) ) ;
#2779 = CARTESIAN_POINT ( 'NONE',  ( 15.30505808400491600, 17.41160640374484100, 1.773333219250421600 ) ) ;
#2780 = CARTESIAN_POINT ( 'NONE',  ( 15.42774779608511300, 17.38637789598770000, 2.003035871010184500 ) ) ;
#2781 = CARTESIAN_POINT ( 'NONE',  ( 20.05470053837924700, -10.26794919243112000, -21.78460969082655300 ) ) ;
#2782 = EDGE_LOOP ( 'NONE', ( #1570 ) ) ;
#2783 = CARTESIAN_POINT ( 'NONE',  ( 15.71879303738482900, 17.33059949088574600, 2.438977312144198900 ) ) ;
#2784 = CARTESIAN_POINT ( 'NONE',  ( 15.88616871339603900, 17.30030036954040900, 2.642780999368477900 ) ) ;
#2785 = ORIENTED_EDGE ( 'NONE', *, *, #1097, .T. ) ;
#2786 = CARTESIAN_POINT ( 'NONE',  ( 16.25327087200152200, 17.24013888949861300, 3.010364655276893700 ) ) ;
#2787 = EDGE_LOOP ( 'NONE', ( #827, #1076, #824, #814 ) ) ;
#2788 = EDGE_LOOP ( 'NONE', ( #842 ) ) ;
#2789 = CARTESIAN_POINT ( 'NONE',  ( -5.000000000000000000, 0.0000000000000000000, -15.50000000000000000 ) ) ;
#2790 = ORIENTED_EDGE ( 'NONE', *, *, #2485, .F. ) ;
#2791 = EDGE_LOOP ( 'NONE', ( #971 ) ) ;
#2792 = CARTESIAN_POINT ( 'NONE',  ( 22.69380566231840000, 17.45375113982466400, 1.294158203469757400 ) ) ;
#2793 = DIRECTION ( 'NONE',  ( 0.0000000000000000000, -1.000000000000000000, 0.0000000000000000000 ) ) ;
#2794 = EDGE_CURVE ( 'NONE', #2971, #2971, #631, .T. ) ;
#2795 = CARTESIAN_POINT ( 'NONE',  ( 16.45539992720074800, 17.20985660270186200, 3.176955154187389500 ) ) ;
#2796 = EDGE_LOOP ( 'NONE', ( #1023, #1016, #1008, #1005, #997 ) ) ;
#2797 = ADVANCED_FACE ( 'E1297', ( #564 ), #1111, .T. ) ;
#2798 = DIRECTION ( 'NONE',  ( -1.000000000000000000, 0.0000000000000000000, 0.0000000000000000000 ) ) ;
#2799 = ORIENTED_EDGE ( 'NONE', *, *, #2331, .F. ) ;
#2800 = PERSON_AND_ORGANIZATION ( #2817, #1603 ) ;
#2801 = DIRECTION ( 'NONE',  ( 0.0000000000000000000, 0.0000000000000000000, -1.000000000000000000 ) ) ;
#2802 = ORIENTED_EDGE ( 'NONE', *, *, #227, .F. ) ;
#2803 = CARTESIAN_POINT ( 'NONE',  ( 16.89223452441119400, 17.15325674542875600, 3.469580862680903700 ) ) ;
#2804 = CARTESIAN_POINT ( 'NONE',  ( 22.49399889175191400, 17.41141279395230200, 1.775099666253465900 ) ) ;
#2805 = EDGE_CURVE ( 'E1210', #2544, #830, #2947, .T. ) ;
#2806 = EDGE_LOOP ( 'NONE', ( #920 ) ) ;
#2807 = CARTESIAN_POINT ( 'NONE',  ( 17.12182596954751200, 17.12759429192667000, 3.592494583735722300 ) ) ;
#2808 = DIRECTION ( 'NONE',  ( 0.0000000000000000000, 0.0000000000000000000, 1.000000000000000000 ) ) ;
#2809 = ORIENTED_EDGE ( 'NONE', *, *, #1737, .T. ) ;
#2810 = DIRECTION ( 'NONE',  ( 0.0000000000000000000, 0.0000000000000000000, -1.000000000000000000 ) ) ;
#2811 = EDGE_LOOP ( 'NONE', ( #954 ) ) ;
#2812 = EDGE_LOOP ( 'NONE', ( #933 ) ) ;
#2813 = DIRECTION ( 'NONE',  ( 1.000000000000000000, 0.0000000000000000000, 0.0000000000000000000 ) ) ;
#2814 = ADVANCED_FACE ( 'E97', ( #510 ), #1070, .T. ) ;
#2815 = ORIENTED_EDGE ( 'NONE', *, *, #2337, .T. ) ;
#2816 = CARTESIAN_POINT ( 'NONE',  ( -5.000000000000000000, 65.00000000000000000, 0.0000000000000000000 ) ) ;
#2817 = PERSON ( 'UNSPECIFIED', 'UNSPECIFIED', 'UNSPECIFIED', ('UNSPECIFIED'), ('UNSPECIFIED'), ('UNSPECIFIED') ) ;
#2818 = CARTESIAN_POINT ( 'NONE',  ( 15.15544374291159900, 23.95875000000000200, 1.406519974084986100 ) ) ;
#2819 = EDGE_LOOP ( 'NONE', ( #1484 ) ) ;
#2820 = CARTESIAN_POINT ( 'NONE',  ( 14.98431406460299400, 23.98213122310560100, 0.9552581568983621300 ) ) ;
#2821 = CARTESIAN_POINT ( 'NONE',  ( 15.15544374291159900, 23.95875000000000200, -1.406519974084986100 ) ) ;
#2822 = EDGE_LOOP ( 'NONE', ( #915 ) ) ;
#2823 = CARTESIAN_POINT ( 'NONE',  ( 14.88468929692098700, 23.99623069921158300, 0.4858481025929837200 ) ) ;
#2824 = CARTESIAN_POINT ( 'NONE',  ( 14.85882042349447300, 23.99998985070432800, 0.2420751932288248700 ) ) ;
#2825 = DIRECTION ( 'NONE',  ( 0.0000000000000000000, 0.0000000000000000000, 1.000000000000000000 ) ) ;
#2826 = EDGE_LOOP ( 'NONE', ( #917 ) ) ;
#2827 = CARTESIAN_POINT ( 'NONE',  ( 14.85867987045656200, 24.00001010693202000, -0.2400585350463946600 ) ) ;
#2828 = DIRECTION ( 'NONE',  ( 1.000000000000000000, -0.0000000000000000000, -0.0000000000000000000 ) ) ;
#2829 = VERTEX_POINT ( 'NONE', #1055 ) ;
#2830 = CARTESIAN_POINT ( 'NONE',  ( 3.535533905932740000, 0.0000000000000000000, 0.0000000000000000000 ) ) ;
#2831 = CARTESIAN_POINT ( 'NONE',  ( 14.88358282023133600, 23.99638938916564600, -0.4786555559780591400 ) ) ;
#2832 = VERTEX_POINT ( 'NONE', #893 ) ;
#2833 = CLOSED_SHELL ( 'NONE', ( #2333, #593, #2315, #1884, #2295, #2234, #2297, #2292 ) ) ;
#2834 = EDGE_CURVE ( 'NONE', #2227, #2227, #545, .T. ) ;
#2835 = CARTESIAN_POINT ( 'NONE',  ( 14.98298966123278400, 23.98231661603593400, -0.9509493077641826300 ) ) ;
#2836 = CLOSED_SHELL ( 'NONE', ( #589, #1415, #1445, #2814, #519, #270, #360, #606, #2251, #354, #590, #2319, #951, #494, #750, #2604, #398, #569, #618, #2414, #565, #556, #553, #330, #541, #570, #2585, #1969, #1192, #2987, #511, #1242, #506, #479, #463, #1908, #2239, #2279, #1980, #428, #2120, #597, #1022, #421, #414, #2341, #170, #1037, #1711, #374, #585, #181, #387, #526, #438, #375, #2956, #603, #358, #2216, #2797, #1390, #2737, #2499, #680, #284, #1174, #2557, #308, #470, #451, #77, #369, #2313, #2600, #296, #2603, #240, #2375, #2354, #2041, #574, #2471 ) ) ;
#2837 = CARTESIAN_POINT ( 'NONE',  ( -6.400000000000000400, 72.03461538461539200, 13.81174088920481900 ) ) ;
#2838 = DIRECTION ( 'NONE',  ( 0.0000000000000000000, 1.000000000000000000, 0.0000000000000000000 ) ) ;
#2839 = EDGE_LOOP ( 'NONE', ( #1199 ) ) ;
#2840 = CARTESIAN_POINT ( 'NONE',  ( -5.000000000000000000, 0.0000000000000000000, 15.50000000000000000 ) ) ;
#2841 = EDGE_LOOP ( 'NONE', ( #901 ) ) ;
#2842 = CARTESIAN_POINT ( 'NONE',  ( 6.681794266935108700, 32.32466428129355100, 28.41508713508552500 ) ) ;
#2843 = CARTESIAN_POINT ( 'NONE',  ( 4.659112989217580200, 30.45630247322409900, 30.57818659889095900 ) ) ;
#2844 = EDGE_LOOP ( 'NONE', ( #890 ) ) ;
#2845 = EDGE_LOOP ( 'NONE', ( #911 ) ) ;
#2846 = CARTESIAN_POINT ( 'NONE',  ( 15.05785506858078400, 23.97182019380648300, -1.183881467963376200 ) ) ;
#2847 = EDGE_LOOP ( 'NONE', ( #1861, #1825, #1820, #1811, #1791, #1722, #1660, #1653 ) ) ;
#2848 = CALENDAR_DATE ( 2019, 8, 3 ) ;
#2849 = CARTESIAN_POINT ( 'NONE',  ( -19.00000000000000000, 0.0000000000000000000, 0.0000000000000000000 ) ) ;
#2850 = EDGE_LOOP ( 'NONE', ( #896 ) ) ;
#2851 = EDGE_LOOP ( 'NONE', ( #884 ) ) ;
#2852 = DIRECTION ( 'NONE',  ( 1.000000000000000000, 0.0000000000000000000, 0.0000000000000000000 ) ) ;
#2853 = EDGE_LOOP ( 'NONE', ( #887 ) ) ;
#2854 = EDGE_CURVE ( 'NONE', #678, #678, #485, .T. ) ;
#2855 = EDGE_LOOP ( 'NONE', ( #882 ) ) ;
#2856 = EDGE_LOOP ( 'NONE', ( #878 ) ) ;
#2857 = EDGE_LOOP ( 'NONE', ( #868 ) ) ;
#2858 = CARTESIAN_POINT ( 'NONE',  ( 15.15544374291159900, 23.95875000000000200, -1.406519974084986100 ) ) ;
#2859 = CARTESIAN_POINT ( 'NONE',  ( -6.400000000000000400, 0.0000000000000000000, 0.0000000000000000000 ) ) ;
#2860 = EDGE_LOOP ( 'NONE', ( #865 ) ) ;
#2861 = EDGE_CURVE ( 'NONE', #2677, #2677, #2943, .T. ) ;
#2862 = EDGE_CURVE ( 'E1313', #469, #1472, #507, .T. ) ;
#2863 = EDGE_LOOP ( 'NONE', ( #863 ) ) ;
#2864 = CARTESIAN_POINT ( 'NONE',  ( 17.74529946162074600, 24.00000000000000000, 2.000000000000000000 ) ) ;
#2865 = EDGE_LOOP ( 'NONE', ( #853 ) ) ;
#2866 = CARTESIAN_POINT ( 'NONE',  ( 21.20940107675850300, -12.00000000000000000, -20.78460969082655300 ) ) ;
#2867 = CARTESIAN_POINT ( 'NONE',  ( -6.400000000000000400, -65.00000000000000000, 0.0000000000000000000 ) ) ;
#2868 = EDGE_LOOP ( 'NONE', ( #854 ) ) ;
#2869 = CARTESIAN_POINT ( 'NONE',  ( 15.00000000000000000, 0.0000000000000000000, 0.0000000000000000000 ) ) ;
#2870 = EDGE_LOOP ( 'NONE', ( #858 ) ) ;
#2871 = PLANE ( 'NONE',  #1719 ) ;
#2872 = CARTESIAN_POINT ( 'NONE',  ( 0.0000000000000000000, 0.0000000000000000000, 0.0000000000000000000 ) ) ;
#2873 = ORIENTED_EDGE ( 'NONE', *, *, #2951, .T. ) ;
#2874 = EDGE_LOOP ( 'NONE', ( #838 ) ) ;
#2875 = EDGE_CURVE ( 'E1271', #816, #2902, #475, .T. ) ;
#2876 = DIRECTION ( 'NONE',  ( 6.009258394948640100E-016, 0.0000000000000000000, -1.000000000000000000 ) ) ;
#2877 = EDGE_LOOP ( 'NONE', ( #605, #598, #583, #576 ) ) ;
#2878 = DIRECTION ( 'NONE',  ( -1.000000000000000000, 0.0000000000000000000, -6.009258394948640100E-016 ) ) ;
#2879 = CARTESIAN_POINT ( 'NONE',  ( -5.000000000000000000, 0.0000000000000000000, -15.50000000000000000 ) ) ;
#2880 = ORIENTED_EDGE ( 'NONE', *, *, #2344, .F. ) ;
#2881 = B_SPLINE_CURVE_WITH_KNOTS ( 'NONE', 3,
 ( #1709, #1687, #1710, #1715, #1717, #1721, #1728, #1731, #1732, #1739, #1740, #1744, #1747, #1748, #1751, #1753, #1758, #1759 ),
 .UNSPECIFIED., .T., .F.,
 ( 4, 2, 2, 2, 2, 2, 2, 2, 4 ),
 ( 0.0000000000000000000, 0.0003934123823992818800, 0.0007868247647985637700, 0.001180237147197845700, 0.001573649529597127500, 0.001967061911996409400, 0.002360474294395691400, 0.002753886676794973000, 0.003147299059194255100 ),
 .UNSPECIFIED. ) ;
#2882 = CARTESIAN_POINT ( 'NONE',  ( 15.15544374291159900, 23.95875000000000200, 1.406519974084986100 ) ) ;
#2883 = EDGE_LOOP ( 'NONE', ( #848 ) ) ;
#2884 = EDGE_LOOP ( 'NONE', ( #779, #775, #753, #752, #751, #738 ) ) ;
#2885 = EDGE_LOOP ( 'NONE', ( #795, #794 ) ) ;
#2886 = PRODUCT ( 'UCFL-207', 'UCFL-207', '', ( #141 ) ) ;
#2887 = CARTESIAN_POINT ( 'NONE',  ( -19.00000000000000000, 72.03461538461539200, -13.81174088920481900 ) ) ;
#2888 = ORIENTED_EDGE ( 'NONE', *, *, #2274, .T. ) ;
#2889 = EDGE_LOOP ( 'NONE', ( #732 ) ) ;
#2890 = DIRECTION ( 'NONE',  ( 0.0000000000000000000, -1.000000000000000000, 0.0000000000000000000 ) ) ;
#2891 = CARTESIAN_POINT ( 'NONE',  ( -6.400000000000000400, 0.0000000000000000000, 0.0000000000000000000 ) ) ;
#2892 = DIRECTION ( 'NONE',  ( 0.0000000000000000000, 1.000000000000000000, 0.0000000000000000000 ) ) ;
#2893 = EDGE_LOOP ( 'NONE', ( #792 ) ) ;
#2894 = DIRECTION ( 'NONE',  ( 4.336808689942017700E-017, 0.0000000000000000000, -1.000000000000000000 ) ) ;
#2895 = ORIENTED_EDGE ( 'NONE', *, *, #548, .T. ) ;
#2896 = DIRECTION ( 'NONE',  ( 1.000000000000000000, 0.0000000000000000000, 6.123031769111888800E-017 ) ) ;
#2897 = DIRECTION ( 'NONE',  ( 1.000000000000000000, 0.0000000000000000000, 0.0000000000000000000 ) ) ;
#2898 = CARTESIAN_POINT ( 'NONE',  ( 15.00000000000000000, 0.0000000000000000000, 0.0000000000000000000 ) ) ;
#2899 = CARTESIAN_POINT ( 'NONE',  ( -6.400000000000000400, -72.03461538461539200, -13.81174088920481900 ) ) ;
#2900 = B_SPLINE_CURVE_WITH_KNOTS ( 'NONE', 3,
 ( #350, #41, #359, #362, #363, #368, #378, #383, #301, #389 ),
 .UNSPECIFIED., .F., .F.,
 ( 4, 2, 2, 2, 4 ),
 ( 3.671475479230451700E-008, 0.0007196936343192402400, 0.001439350553883688300, 0.002159007473448135800, 0.002878664393012583800 ),
 .UNSPECIFIED. ) ;
#2901 = CARTESIAN_POINT ( 'NONE',  ( 13.80594330486610100, 0.0000000000000000000, 0.0000000000000000000 ) ) ;
#2902 = VERTEX_POINT ( 'NONE', #554 ) ;
#2903 = DIRECTION ( 'NONE',  ( -1.000000000000000000, 0.0000000000000000000, 0.0000000000000000000 ) ) ;
#2904 = CARTESIAN_POINT ( 'NONE',  ( -19.00000000000000000, 65.00000000000000000, -3.979970649922724500E-015 ) ) ;
#2905 = VERTEX_POINT ( 'NONE', #577 ) ;
#2906 = EDGE_CURVE ( 'E1235', #899, #2610, #429, .T. ) ;
#2907 = ORIENTED_EDGE ( 'NONE', *, *, #782, .T. ) ;
#2908 = EDGE_LOOP ( 'NONE', ( #1059, #665, #662, #659 ) ) ;
#2909 = CARTESIAN_POINT ( 'NONE',  ( 4.658598762904134100, 30.73726326014877600, 30.29838866289181400 ) ) ;
#2910 = B_SPLINE_CURVE_WITH_KNOTS ( 'NONE', 3,
 ( #402, #400, #370, #366, #356, #355, #351, #347, #344, #343 ),
 .UNSPECIFIED., .F., .F.,
 ( 4, 2, 2, 2, 4 ),
 ( 0.003533890349733847000, 0.004253786403554249800, 0.004973682457374653000, 0.005693578511195056300, 0.006413474565015459500 ),
 .UNSPECIFIED. ) ;
#2911 = DIRECTION ( 'NONE',  ( 0.0000000000000000000, 0.0000000000000000000, 1.000000000000000000 ) ) ;
#2912 = ORIENTED_EDGE ( 'NONE', *, *, #2323, .T. ) ;
#2913 = CARTESIAN_POINT ( 'NONE',  ( 18.90000000000000600, 17.03672503740079900, 4.000000000000000000 ) ) ;
#2914 = CARTESIAN_POINT ( 'NONE',  ( 20.05470053837924700, -9.455449192431119700, -20.37731840967680000 ) ) ;
#2915 = ORIENTED_EDGE ( 'NONE', *, *, #2328, .T. ) ;
#2916 = DIRECTION ( 'NONE',  ( 0.0000000000000000000, 1.000000000000000000, 0.0000000000000000000 ) ) ;
#2917 = EDGE_CURVE ( 'E1214', #2749, #899, #464, .T. ) ;
#2918 = EDGE_CURVE ( 'E1159', #679, #469, #432, .T. ) ;
#2919 = CARTESIAN_POINT ( 'NONE',  ( 17.74529946162074600, 22.37500000000000000, 2.000000000000000000 ) ) ;
#2920 = ORIENTED_EDGE ( 'NONE', *, *, #2324, .F. ) ;
#2921 = CARTESIAN_POINT ( 'NONE',  ( -5.000000000000000000, 0.0000000000000000000, 15.50000000000000000 ) ) ;
#2922 = DIRECTION ( 'NONE',  ( 0.0000000000000000000, 0.0000000000000000000, 1.000000000000000000 ) ) ;
#2923 = CARTESIAN_POINT ( 'NONE',  ( -6.400000000000000400, -42.24630161327735300, 15.50000000000000000 ) ) ;
#2924 = DIRECTION ( 'NONE',  ( 0.0000000000000000000, -0.8660254037844387100, 0.4999999999999998900 ) ) ;
#2925 = CARTESIAN_POINT ( 'NONE',  ( -6.400000000000000400, 42.24630161327735300, -15.50000000000000000 ) ) ;
#2926 = CARTESIAN_POINT ( 'NONE',  ( -5.205943304866109700, 40.90340648698315100, 15.50000000000000000 ) ) ;
#2927 = CARTESIAN_POINT ( 'NONE',  ( -6.400000000000001200, 42.08209166928550400, -15.50000000000000000 ) ) ;
#2928 = B_SPLINE_CURVE_WITH_KNOTS ( 'NONE', 3,
 ( #2253, #2250, #2254, #2263, #2264, #2268, #2284, #2290, #2294, #2301, #2306, #2308, #2310, #2314, #2320, #2325, #2329, #2546 ),
 .UNSPECIFIED., .T., .F.,
 ( 4, 2, 2, 2, 2, 2, 2, 2, 4 ),
 ( 0.0000000000000000000, 0.0003932893168524237000, 0.0007865786337048474000, 0.001179867950557271200, 0.001573157267409694800, 0.001966446584262118500, 0.002359735901114542300, 0.002753025217966965700, 0.003146314534819389600 ),
 .UNSPECIFIED. ) ;
#2929 = CARTESIAN_POINT ( 'NONE',  ( -6.371166084643294700, 41.91629280877305100, -15.50000000000000200 ) ) ;
#2930 = CARTESIAN_POINT ( 'NONE',  ( 22.64455625708840000, -13.19745702848781800, -20.04562615587795100 ) ) ;
#2931 = EDGE_CURVE ( 'E1256', #2610, #2902, #410, .T. ) ;
#2932 = CARTESIAN_POINT ( 'NONE',  ( -6.259216296143060600, 41.60749877564797600, -15.50000000000000000 ) ) ;
#2933 = PLANE ( 'NONE',  #1691 ) ;
#2934 = CARTESIAN_POINT ( 'NONE',  ( -19.00000000000000000, 72.03461538461539200, 13.81174088920481900 ) ) ;
#2935 = CARTESIAN_POINT ( 'NONE',  ( 18.63479776828476300, 17.03672503740080300, 4.000000000000000900 ) ) ;
#2936 = VERTEX_POINT ( 'NONE', #513 ) ;
#2937 = CARTESIAN_POINT ( 'NONE',  ( -6.174856634162424000, 41.46143943313764900, -15.50000000000000500 ) ) ;
#2938 = CARTESIAN_POINT ( 'NONE',  ( 17.74529946162074600, -13.73205080756885900, -19.78460969082654900 ) ) ;
#2939 = CARTESIAN_POINT ( 'NONE',  ( -5.960582470673840800, 41.21243614905484500, -15.50000000000000000 ) ) ;
#2940 = EDGE_CURVE ( 'E1145', #2565, #1163, #388, .T. ) ;
#2941 = CARTESIAN_POINT ( 'NONE',  ( -5.828669213444583400, 41.10729361814559700, -15.49999999999999800 ) ) ;
#2942 = EDGE_CURVE ( 'NONE', #449, #449, #361, .T. ) ;
#2943 = B_SPLINE_CURVE_WITH_KNOTS ( 'NONE', 3,
 ( #862, #833, #829, #825, #823, #819, #815, #812, #810, #802, #799, #791, #784, #783, #778, #776, #774, #772, #770, #768, #767, #764, #760, #758, #755, #749, #746, #745, #743, #737, #735, #733, #729, #727, #725, #722, #721, #720, #710, #707, #704, #699, #695, #689, #687, #685, #683, #682, #677, #675, #672, #667, #664, #660, #658, #656, #653, #651, #650, #645, #640, #629, #624, #616, #610, #608 ),
 .UNSPECIFIED., .T., .F.,
 ( 4, 2, 2, 2, 2, 2, 2, 2, 2, 2, 2, 2, 2, 2, 2, 2, 2, 2, 2, 2, 2, 2, 2, 2, 2, 2, 2, 2, 2, 2, 2, 2, 4 ),
 ( 0.0000000000000000000, 0.0007841035762795390300, 0.001568207152559078100, 0.002352310728838616900, 0.003136414305118156100, 0.003920517881397695400, 0.004704621457677233800, 0.005488725033956773000, 0.006272828610236312300, 0.007056932186515851500, 0.007841035762795390800, 0.008625139339074928300, 0.009409242915354467500, 0.01019334649163400700, 0.01097745006791354600, 0.01176155364419308500, 0.01254565722047262500, 0.01332976079675216400, 0.01411386437303170300, 0.01489796794931124200, 0.01568207152559078200, 0.01646617510187031700, 0.01725027867814985700, 0.01803438225442939600, 0.01881848583070893500, 0.01960258940698847400, 0.02038669298326801400, 0.02117079655954755300, 0.02195490013582709200, 0.02273900371210663500, 0.02352310728838617700, 0.02430721086466572000, 0.02509131444094525900 ),
 .UNSPECIFIED. ) ;
#2944 = CARTESIAN_POINT ( 'NONE',  ( -5.535549526444160800, 40.95795328857983700, -15.50000000000000200 ) ) ;
#2945 = CARTESIAN_POINT ( 'NONE',  ( 5.799999999999999800, 0.0000000000000000000, 0.0000000000000000000 ) ) ;
#2946 = CARTESIAN_POINT ( 'NONE',  ( -6.400000000000000400, -65.00000000000000000, -15.50000000000000000 ) ) ;
#2947 = B_SPLINE_CURVE_WITH_KNOTS ( 'NONE', 3,
 ( #1061, #1156, #1053, #1051, #1048, #1046, #1043, #1041, #1038, #1031, #1012, #1007, #999, #998, #976, #975, #972, #968, #964, #959, #953, #946, #940, #936, #934, #932, #925, #924, #921, #919 ),
 .UNSPECIFIED., .F., .F.,
 ( 4, 2, 2, 2, 2, 2, 2, 2, 2, 2, 2, 2, 2, 2, 4 ),
 ( 0.007696585137268285900, 0.008300654350282767400, 0.008904723563297248900, 0.009508792776311730500, 0.01011286198932621200, 0.01132100041535517500, 0.01192506962836965700, 0.01252913884138413800, 0.01313320805439862000, 0.01373727726741310100, 0.01434134648042758300, 0.01494541569344206400, 0.01554948490645654800, 0.01615355411947103100, 0.01736169254549999400 ),
 .UNSPECIFIED. ) ;
#2948 = DIRECTION ( 'NONE',  ( -2.778914418289240500E-017, -0.8910800573680532900, 0.4538461538461540700 ) ) ;
#2949 = DIRECTION ( 'NONE',  ( 1.000000000000000000, 0.0000000000000000000, 0.0000000000000000000 ) ) ;
#2950 = CARTESIAN_POINT ( 'NONE',  ( -5.205943304866109700, -40.90340648698315100, -15.50000000000000000 ) ) ;
#2951 = EDGE_CURVE ( 'E1277', #2902, #1036, #353, .T. ) ;
#2952 = CARTESIAN_POINT ( 'NONE',  ( -5.288727333159937600, -40.90804606795249000, -15.50000000000000000 ) ) ;
#2953 = EDGE_CURVE ( 'E214', #1996, #892, #336, .T. ) ;
#2954 = CARTESIAN_POINT ( 'NONE',  ( -6.400000000000000400, 0.0000000000000000000, 0.0000000000000000000 ) ) ;
#2955 = CARTESIAN_POINT ( 'NONE',  ( 18.37326412514169100, 17.04291823564506800, 3.973882417400473400 ) ) ;
#2956 = ADVANCED_FACE ( 'E1213', ( #454 ), #473, .T. ) ;
#2957 = CARTESIAN_POINT ( 'NONE',  ( -5.369844797092554200, -40.92126825240388400, -15.50000000000000400 ) ) ;
#2958 = CARTESIAN_POINT ( 'NONE',  ( -5.528853153174037700, -40.96432907301477400, -15.50000000000000000 ) ) ;
#2959 = CARTESIAN_POINT ( 'NONE',  ( -12.00000000000000000, -65.00000000000000000, 15.50000000000000000 ) ) ;
#2960 = CARTESIAN_POINT ( 'NONE',  ( -5.607389284145091900, -40.99466778573624000, -15.50000000000000000 ) ) ;
#2961 = CARTESIAN_POINT ( 'NONE',  ( -5.827568904562082400, -41.10650975246917200, -15.49999999999999800 ) ) ;
#2962 = EDGE_CURVE ( 'E1298', #1036, #1472, #300, .T. ) ;
#2963 = FACE_OUTER_BOUND ( 'NONE', #2235, .T. ) ;
#2964 = DIRECTION ( 'NONE',  ( -1.000000000000000000, 0.0000000000000000000, 0.0000000000000000000 ) ) ;
#2965 = CARTESIAN_POINT ( 'NONE',  ( -5.959821724897599500, -41.21174368139926300, -15.49999999999999800 ) ) ;
#2966 = CARTESIAN_POINT ( 'NONE',  ( -6.174311820224057000, -41.46061590165873400, -15.49999999999999800 ) ) ;
#2967 = B_SPLINE_CURVE_WITH_KNOTS ( 'NONE', 3,
 ( #1644, #1495, #1454, #1453, #1448, #1443, #1432, #1431, #1425, #1420, #1416, #1414, #1413, #1407, #1403, #1402, #1397, #1393, #1389, #1383, #1381, #1376, #1375, #1371, #1370, #221, #1361, #1360 ),
 .UNSPECIFIED., .F., .F.,
 ( 4, 2, 2, 2, 2, 2, 2, 2, 2, 2, 2, 2, 2, 4 ),
 ( 0.02022280599803793000, 0.02143069226484910900, 0.02263857853166028800, 0.02324252166506587600, 0.02384646479847146700, 0.02445040793187705500, 0.02505435106528264600, 0.02626223733209381500, 0.02686618046549939900, 0.02747012359890498700, 0.02807406673231056800, 0.02867800986571615600, 0.02928195299912174000, 0.02988589613252732500 ),
 .UNSPECIFIED. ) ;
#2968 = CARTESIAN_POINT ( 'NONE',  ( -6.258876501969943700, -41.60680621326864100, -15.50000000000000200 ) ) ;
#2969 = FACE_OUTER_BOUND ( 'NONE', #2449, .T. ) ;
#2970 = CARTESIAN_POINT ( 'NONE',  ( -6.371021593733841500, -41.91565061008557100, -15.50000000000000200 ) ) ;
#2971 = VERTEX_POINT ( 'NONE', #192 ) ;
#2972 = CARTESIAN_POINT ( 'NONE',  ( 21.20940107675850300, -12.00000000000000000, -20.78460969082655300 ) ) ;
#2973 = VECTOR ( 'NONE', #861, 1000.000000000000000 ) ;
#2974 = EDGE_LOOP ( 'NONE', ( #1641, #1636, #1619, #1616 ) ) ;
#2975 = DIRECTION ( 'NONE',  ( -1.000000000000000000, 0.0000000000000000000, 0.0000000000000000000 ) ) ;
#2976 = FACE_BOUND ( 'NONE', #2217, .T. ) ;
#2977 = DIRECTION ( 'NONE',  ( 0.0000000000000000000, 0.0000000000000000000, 1.000000000000000000 ) ) ;
#2978 = FACE_OUTER_BOUND ( 'NONE', #2877, .T. ) ;
#2979 = CARTESIAN_POINT ( 'NONE',  ( 17.74529946162074600, -10.26794919243112000, -21.78460969082655300 ) ) ;
#2980 = CARTESIAN_POINT ( 'NONE',  ( -5.205943304866109700, 40.90340648698315100, -15.50000000000000000 ) ) ;
#2981 = DIRECTION ( 'NONE',  ( 6.009258394948636100E-016, -0.8660254037844387100, 0.4999999999999998900 ) ) ;
#2982 = ORIENTED_EDGE ( 'NONE', *, *, #1049, .T. ) ;
#2983 = CARTESIAN_POINT ( 'NONE',  ( -5.369941620727908000, 40.91259767374899800, -15.50000000000000200 ) ) ;
#2984 = CARTESIAN_POINT ( 'NONE',  ( 17.85739776684140200, 17.06665259274962700, 3.870681171654426900 ) ) ;
#2985 = CARTESIAN_POINT ( 'NONE',  ( 4.737339218881124300, 31.00910964837995800, 30.01296504200561800 ) ) ;
#2986 = CARTESIAN_POINT ( 'NONE',  ( -6.400000000000000400, -42.24630161327735300, -15.50000000000000000 ) ) ;
#2987 = ADVANCED_FACE ( 'E830', ( #324, #314 ), #272, .F. ) ;
#2988 = DIRECTION ( 'NONE',  ( -1.000000000000000000, -5.204170427930419300E-016, 3.004629197474320000E-016 ) ) ;
#2989 = CARTESIAN_POINT ( 'NONE',  ( -6.400000000000001200, -42.08191081837506400, -15.50000000000000200 ) ) ;
#2990 = ORIENTED_EDGE ( 'NONE', *, *, #2918, .F. ) ;
#2991 = DIRECTION ( 'NONE',  ( 0.0000000000000000000, -0.8910800573680532900, 0.4538461538461540700 ) ) ;
#2992 = EDGE_CURVE ( 'E134', #537, #2367, #275, .T. ) ;
#2993 = CARTESIAN_POINT ( 'NONE',  ( 17.60300920660348500, 17.08434278702047500, 3.792853160694576300 ) ) ;
#2994 = DIRECTION ( 'NONE',  ( -1.000000000000000000, 0.0000000000000000000, 0.0000000000000000000 ) ) ;
#2995 = DIRECTION ( 'NONE',  ( -1.000000000000000000, 0.0000000000000000000, 0.0000000000000000000 ) ) ;
#2996 = DIRECTION ( 'NONE',  ( 1.000000000000000000, 0.0000000000000000000, 0.0000000000000000000 ) ) ;
#2997 = DIRECTION ( 'NONE',  ( 0.0000000000000000000, 0.8660254037844386000, -0.5000000000000002200 ) ) ;
#2998 = CARTESIAN_POINT ( 'NONE',  ( -5.799999999999999800, 0.0000000000000000000, 0.0000000000000000000 ) ) ;
#2999 = EDGE_CURVE ( 'E52', #1066, #757, #297, .T. ) ;
#3000 = CARTESIAN_POINT ( 'NONE',  ( 18.89999999999999900, -11.97937500000000100, -20.74888614292044800 ) ) ;
#3001 = DIRECTION ( 'NONE',  ( 2.778914418289240500E-017, 0.8910800573680532900, -0.4538461538461540700 ) ) ;
#3002 = CARTESIAN_POINT ( 'NONE',  ( -3.535533905932740000, 0.0000000000000000000, 0.0000000000000000000 ) ) ;
#3003 = DIRECTION ( 'NONE',  ( -1.000000000000000000, -0.0000000000000000000, -0.0000000000000000000 ) ) ;
#3004 = CARTESIAN_POINT ( 'NONE',  ( -19.00000000000000000, -72.03461538461539200, -13.81174088920484000 ) ) ;
#3005 = VERTEX_POINT ( 'NONE', #222 ) ;
#3006 = DIRECTION ( 'NONE',  ( -0.4999999999999999400, -0.7499999999999998900, 0.4330127018922194600 ) ) ;
#3007 = CARTESIAN_POINT ( 'NONE',  ( -6.400000000000000400, -20.42307692307695200, -40.09860258156239600 ) ) ;
#3008 = CARTESIAN_POINT ( 'NONE',  ( -5.205943304866109700, -40.90340648698315100, -15.50000000000000000 ) ) ;
#3009 = DIRECTION ( 'NONE',  ( -1.000000000000000000, 0.0000000000000000000, -6.123031769111888800E-017 ) ) ;
#3010 = PLANE ( 'NONE',  #1675 ) ;
#3011 = CLOSED_SHELL ( 'NONE', ( #522, #535, #807, #277, #2278, #2514, #2271, #2257 ) ) ;
#3012 = DIRECTION ( 'NONE',  ( 0.0000000000000000000, 1.000000000000000000, 0.0000000000000000000 ) ) ;
#3013 = EDGE_CURVE ( 'E1396', #1634, #1260, #2910, .T. ) ;
ENDSEC;
END-ISO-10303-21;
